"Eastern Date Hour","Zone Name","Zone PTID","TWI Actual Load"
"2022/01/01 00:00:00","DUNWOD","61760","544.2096"
"2022/01/01 01:00:00","DUNWOD","61760","556.8122"
"2022/01/01 02:00:00","DUNWOD","61760","536.215"
"2022/01/01 03:00:00","DUNWOD","61760","522.774"
"2022/01/01 04:00:00","DUNWOD","61760","529.6764"
"2022/01/01 05:00:00","DUNWOD","61760","519.9679"
"2022/01/01 06:00:00","DUNWOD","61760","508.3408"
"2022/01/01 07:00:00","DUNWOD","61760","520.2298"
"2022/01/01 08:00:00","DUNWOD","61760","550.5754"
"2022/01/01 09:00:00","DUNWOD","61760","609.0533"
"2022/01/01 10:00:00","DUNWOD","61760","584.1019"
"2022/01/01 11:00:00","DUNWOD","61760","561.9402"
"2022/01/01 12:00:00","DUNWOD","61760","574.4572"
"2022/01/01 13:00:00","DUNWOD","61760","577.7034"
"2022/01/01 14:00:00","DUNWOD","61760","576.0883"
"2022/01/01 15:00:00","DUNWOD","61760","587.8653"
"2022/01/01 16:00:00","DUNWOD","61760","613.4645"
"2022/01/01 17:00:00","DUNWOD","61760","649.6063"
"2022/01/01 18:00:00","DUNWOD","61760","647.724"
"2022/01/01 19:00:00","DUNWOD","61760","628.6611"
"2022/01/01 20:00:00","DUNWOD","61760","625.4937"
"2022/01/01 21:00:00","DUNWOD","61760","601.7233"
"2022/01/01 22:00:00","DUNWOD","61760","575.7431"
"2022/01/01 23:00:00","DUNWOD","61760","537.2802"
"2022/01/02 00:00:00","DUNWOD","61760","504.0451"
"2022/01/02 01:00:00","DUNWOD","61760","542.645"
"2022/01/02 02:00:00","DUNWOD","61760","531.3316"
"2022/01/02 03:00:00","DUNWOD","61760","519.6782"
"2022/01/02 04:00:00","DUNWOD","61760","513.6648"
"2022/01/02 05:00:00","DUNWOD","61760","532.5786"
"2022/01/02 06:00:00","DUNWOD","61760","481.5692"
"2022/01/02 07:00:00","DUNWOD","61760","498.9823"
"2022/01/02 08:00:00","DUNWOD","61760","516.9213"
"2022/01/02 09:00:00","DUNWOD","61760","530.4567"
"2022/01/02 10:00:00","DUNWOD","61760","562.021"
"2022/01/02 11:00:00","DUNWOD","61760","579.9914"
"2022/01/02 12:00:00","DUNWOD","61760","593.1022"
"2022/01/02 13:00:00","DUNWOD","61760","591.5824"
"2022/01/02 14:00:00","DUNWOD","61760","583.8906"
"2022/01/02 15:00:00","DUNWOD","61760","591.1443"
"2022/01/02 16:00:00","DUNWOD","61760","631.0162"
"2022/01/02 17:00:00","DUNWOD","61760","664.2714"
"2022/01/02 18:00:00","DUNWOD","61760","683.4639"
"2022/01/02 19:00:00","DUNWOD","61760","664.7607"
"2022/01/02 20:00:00","DUNWOD","61760","658.4705"
"2022/01/02 21:00:00","DUNWOD","61760","620.5743"
"2022/01/02 22:00:00","DUNWOD","61760","587.8702"
"2022/01/02 23:00:00","DUNWOD","61760","554.4078"
"2022/01/03 00:00:00","DUNWOD","61760","513.6581"
"2022/01/03 01:00:00","DUNWOD","61760","502.0882"
"2022/01/03 02:00:00","DUNWOD","61760","532.4182"
"2022/01/03 03:00:00","DUNWOD","61760","534.1432"
"2022/01/03 04:00:00","DUNWOD","61760","542.3891"
"2022/01/03 05:00:00","DUNWOD","61760","576.819"
"2022/01/03 06:00:00","DUNWOD","61760","589.4057"
"2022/01/03 07:00:00","DUNWOD","61760","634.7314"
"2022/01/03 08:00:00","DUNWOD","61760","674.1074"
"2022/01/03 09:00:00","DUNWOD","61760","699.1935"
"2022/01/03 10:00:00","DUNWOD","61760","714.0035"
"2022/01/03 11:00:00","DUNWOD","61760","726.9102"
"2022/01/03 12:00:00","DUNWOD","61760","729.5263"
"2022/01/03 13:00:00","DUNWOD","61760","730.2781"
"2022/01/03 14:00:00","DUNWOD","61760","736.2959"
"2022/01/03 15:00:00","DUNWOD","61760","749.4859"
"2022/01/03 16:00:00","DUNWOD","61760","764.0524"
"2022/01/03 17:00:00","DUNWOD","61760","802.0659"
"2022/01/03 18:00:00","DUNWOD","61760","798.5242"
"2022/01/03 19:00:00","DUNWOD","61760","775.3007"
"2022/01/03 20:00:00","DUNWOD","61760","752.9835"
"2022/01/03 21:00:00","DUNWOD","61760","715.4082"
"2022/01/03 22:00:00","DUNWOD","61760","668.5277"
"2022/01/03 23:00:00","DUNWOD","61760","620.7942"
"2022/01/04 00:00:00","DUNWOD","61760","589.4808"
"2022/01/04 01:00:00","DUNWOD","61760","568.0063"
"2022/01/04 02:00:00","DUNWOD","61760","552.454"
"2022/01/04 03:00:00","DUNWOD","61760","562.0529"
"2022/01/04 04:00:00","DUNWOD","61760","554.3939"
"2022/01/04 05:00:00","DUNWOD","61760","582.6888"
"2022/01/04 06:00:00","DUNWOD","61760","650.1956"
"2022/01/04 07:00:00","DUNWOD","61760","696.8775"
"2022/01/04 08:00:00","DUNWOD","61760","709.4781"
"2022/01/04 09:00:00","DUNWOD","61760","707.6169"
"2022/01/04 10:00:00","DUNWOD","61760","714.8763"
"2022/01/04 11:00:00","DUNWOD","61760","705.4084"
"2022/01/04 12:00:00","DUNWOD","61760","695.1796"
"2022/01/04 13:00:00","DUNWOD","61760","683.9689"
"2022/01/04 14:00:00","DUNWOD","61760","692.5478"
"2022/01/04 15:00:00","DUNWOD","61760","703.2907"
"2022/01/04 16:00:00","DUNWOD","61760","737.6218"
"2022/01/04 17:00:00","DUNWOD","61760","785.1022"
"2022/01/04 18:00:00","DUNWOD","61760","771.0815"
"2022/01/04 19:00:00","DUNWOD","61760","749.9665"
"2022/01/04 20:00:00","DUNWOD","61760","726.0413"
"2022/01/04 21:00:00","DUNWOD","61760","682.4871"
"2022/01/04 22:00:00","DUNWOD","61760","637.6998"
"2022/01/04 23:00:00","DUNWOD","61760","589.2319"
"2022/01/05 00:00:00","DUNWOD","61760","560.3985"
"2022/01/05 01:00:00","DUNWOD","61760","540.6245"
"2022/01/05 02:00:00","DUNWOD","61760","603.8297"
"2022/01/05 03:00:00","DUNWOD","61760","606.491"
"2022/01/05 04:00:00","DUNWOD","61760","575.9899"
"2022/01/05 05:00:00","DUNWOD","61760","587.6605"
"2022/01/05 06:00:00","DUNWOD","61760","620.17"
"2022/01/05 07:00:00","DUNWOD","61760","668.7173"
"2022/01/05 08:00:00","DUNWOD","61760","696.5179"
"2022/01/05 09:00:00","DUNWOD","61760","715.2061"
"2022/01/05 10:00:00","DUNWOD","61760","725.9471"
"2022/01/05 11:00:00","DUNWOD","61760","734.253"
"2022/01/05 12:00:00","DUNWOD","61760","739.4903"
"2022/01/05 13:00:00","DUNWOD","61760","729.7076"
"2022/01/05 14:00:00","DUNWOD","61760","720.2449"
"2022/01/05 15:00:00","DUNWOD","61760","720.3269"
"2022/01/05 16:00:00","DUNWOD","61760","740.9537"
"2022/01/05 17:00:00","DUNWOD","61760","760.8879"
"2022/01/05 18:00:00","DUNWOD","61760","746.7621"
"2022/01/05 19:00:00","DUNWOD","61760","730.2743"
"2022/01/05 20:00:00","DUNWOD","61760","695.6714"
"2022/01/05 21:00:00","DUNWOD","61760","660.4463"
"2022/01/05 22:00:00","DUNWOD","61760","620.3605"
"2022/01/05 23:00:00","DUNWOD","61760","582.9656"
"2022/01/06 00:00:00","DUNWOD","61760","542.0339"
"2022/01/06 01:00:00","DUNWOD","61760","521.1219"
"2022/01/06 02:00:00","DUNWOD","61760","541.9219"
"2022/01/06 03:00:00","DUNWOD","61760","567.1708"
"2022/01/06 04:00:00","DUNWOD","61760","591.4591"
"2022/01/06 05:00:00","DUNWOD","61760","551.6855"
"2022/01/06 06:00:00","DUNWOD","61760","608.2485"
"2022/01/06 07:00:00","DUNWOD","61760","664.6871"
"2022/01/06 08:00:00","DUNWOD","61760","685.4778"
"2022/01/06 09:00:00","DUNWOD","61760","699.7002"
"2022/01/06 10:00:00","DUNWOD","61760","705.8671"
"2022/01/06 11:00:00","DUNWOD","61760","705.0946"
"2022/01/06 12:00:00","DUNWOD","61760","712.265"
"2022/01/06 13:00:00","DUNWOD","61760","692.2219"
"2022/01/06 14:00:00","DUNWOD","61760","693.3017"
"2022/01/06 15:00:00","DUNWOD","61760","705.2351"
"2022/01/06 16:00:00","DUNWOD","61760","735.9998"
"2022/01/06 17:00:00","DUNWOD","61760","779.4471"
"2022/01/06 18:00:00","DUNWOD","61760","777.861"
"2022/01/06 19:00:00","DUNWOD","61760","759.9194"
"2022/01/06 20:00:00","DUNWOD","61760","735.1155"
"2022/01/06 21:00:00","DUNWOD","61760","703.2809"
"2022/01/06 22:00:00","DUNWOD","61760","662.2228"
"2022/01/06 23:00:00","DUNWOD","61760","618.9381"
"2022/01/07 00:00:00","DUNWOD","61760","592.1802"
"2022/01/07 01:00:00","DUNWOD","61760","578.191"
"2022/01/07 02:00:00","DUNWOD","61760","566.7228"
"2022/01/07 03:00:00","DUNWOD","61760","565.8634"
"2022/01/07 04:00:00","DUNWOD","61760","568.2628"
"2022/01/07 05:00:00","DUNWOD","61760","588.8637"
"2022/01/07 06:00:00","DUNWOD","61760","618.6182"
"2022/01/07 07:00:00","DUNWOD","61760","655.8173"
"2022/01/07 08:00:00","DUNWOD","61760","688.8495"
"2022/01/07 09:00:00","DUNWOD","61760","708.9471"
"2022/01/07 10:00:00","DUNWOD","61760","724.4575"
"2022/01/07 11:00:00","DUNWOD","61760","721.8133"
"2022/01/07 12:00:00","DUNWOD","61760","721.6916"
"2022/01/07 13:00:00","DUNWOD","61760","721.8548"
"2022/01/07 14:00:00","DUNWOD","61760","730.9143"
"2022/01/07 15:00:00","DUNWOD","61760","736.9331"
"2022/01/07 16:00:00","DUNWOD","61760","763.4165"
"2022/01/07 17:00:00","DUNWOD","61760","802.4193"
"2022/01/07 18:00:00","DUNWOD","61760","793.0095"
"2022/01/07 19:00:00","DUNWOD","61760","774.1312"
"2022/01/07 20:00:00","DUNWOD","61760","753.0419"
"2022/01/07 21:00:00","DUNWOD","61760","723.6337"
"2022/01/07 22:00:00","DUNWOD","61760","685.2363"
"2022/01/07 23:00:00","DUNWOD","61760","642.0805"
"2022/01/08 00:00:00","DUNWOD","61760","625.9159"
"2022/01/08 01:00:00","DUNWOD","61760","610.3943"
"2022/01/08 02:00:00","DUNWOD","61760","594.0312"
"2022/01/08 03:00:00","DUNWOD","61760","583.6349"
"2022/01/08 04:00:00","DUNWOD","61760","585.1352"
"2022/01/08 05:00:00","DUNWOD","61760","590.2428"
"2022/01/08 06:00:00","DUNWOD","61760","610.4228"
"2022/01/08 07:00:00","DUNWOD","61760","633.0323"
"2022/01/08 08:00:00","DUNWOD","61760","659.8871"
"2022/01/08 09:00:00","DUNWOD","61760","679.3493"
"2022/01/08 10:00:00","DUNWOD","61760","695.9706"
"2022/01/08 11:00:00","DUNWOD","61760","708.9201"
"2022/01/08 12:00:00","DUNWOD","61760","708.2199"
"2022/01/08 13:00:00","DUNWOD","61760","701.2482"
"2022/01/08 14:00:00","DUNWOD","61760","693.4676"
"2022/01/08 15:00:00","DUNWOD","61760","688.6823"
"2022/01/08 16:00:00","DUNWOD","61760","709.1096"
"2022/01/08 17:00:00","DUNWOD","61760","761.1456"
"2022/01/08 18:00:00","DUNWOD","61760","771.8871"
"2022/01/08 19:00:00","DUNWOD","61760","763.3474"
"2022/01/08 20:00:00","DUNWOD","61760","750.7061"
"2022/01/08 21:00:00","DUNWOD","61760","727.1557"
"2022/01/08 22:00:00","DUNWOD","61760","696.0015"
"2022/01/08 23:00:00","DUNWOD","61760","660.2243"
"2022/01/09 00:00:00","DUNWOD","61760","623.0701"
"2022/01/09 01:00:00","DUNWOD","61760","601.1415"
"2022/01/09 02:00:00","DUNWOD","61760","584.6114"
"2022/01/09 03:00:00","DUNWOD","61760","569.4309"
"2022/01/09 04:00:00","DUNWOD","61760","566.1899"
"2022/01/09 05:00:00","DUNWOD","61760","573.6527"
"2022/01/09 06:00:00","DUNWOD","61760","589.5087"
"2022/01/09 07:00:00","DUNWOD","61760","596.3621"
"2022/01/09 08:00:00","DUNWOD","61760","616.626"
"2022/01/09 09:00:00","DUNWOD","61760","645.0347"
"2022/01/09 10:00:00","DUNWOD","61760","667.9929"
"2022/01/09 11:00:00","DUNWOD","61760","684.2643"
"2022/01/09 12:00:00","DUNWOD","61760","692.4807"
"2022/01/09 13:00:00","DUNWOD","61760","698.9879"
"2022/01/09 14:00:00","DUNWOD","61760","698.3479"
"2022/01/09 15:00:00","DUNWOD","61760","701.9031"
"2022/01/09 16:00:00","DUNWOD","61760","727.9892"
"2022/01/09 17:00:00","DUNWOD","61760","757.2787"
"2022/01/09 18:00:00","DUNWOD","61760","760.1364"
"2022/01/09 19:00:00","DUNWOD","61760","737.6566"
"2022/01/09 20:00:00","DUNWOD","61760","709.9384"
"2022/01/09 21:00:00","DUNWOD","61760","681.2291"
"2022/01/09 22:00:00","DUNWOD","61760","642.239"
"2022/01/09 23:00:00","DUNWOD","61760","602.0823"
"2022/01/10 00:00:00","DUNWOD","61760","575.4207"
"2022/01/10 01:00:00","DUNWOD","61760","550.1608"
"2022/01/10 02:00:00","DUNWOD","61760","538.9966"
"2022/01/10 03:00:00","DUNWOD","61760","539.0837"
"2022/01/10 04:00:00","DUNWOD","61760","546.0841"
"2022/01/10 05:00:00","DUNWOD","61760","578.3946"
"2022/01/10 06:00:00","DUNWOD","61760","644.8271"
"2022/01/10 07:00:00","DUNWOD","61760","703.786"
"2022/01/10 08:00:00","DUNWOD","61760","724.2482"
"2022/01/10 09:00:00","DUNWOD","61760","726.2416"
"2022/01/10 10:00:00","DUNWOD","61760","727.7839"
"2022/01/10 11:00:00","DUNWOD","61760","732.2858"
"2022/01/10 12:00:00","DUNWOD","61760","729.0241"
"2022/01/10 13:00:00","DUNWOD","61760","725.66"
"2022/01/10 14:00:00","DUNWOD","61760","730.2392"
"2022/01/10 15:00:00","DUNWOD","61760","749.7657"
"2022/01/10 16:00:00","DUNWOD","61760","789.3842"
"2022/01/10 17:00:00","DUNWOD","61760","830.388"
"2022/01/10 18:00:00","DUNWOD","61760","835.8634"
"2022/01/10 19:00:00","DUNWOD","61760","814.9763"
"2022/01/10 20:00:00","DUNWOD","61760","788.5536"
"2022/01/10 21:00:00","DUNWOD","61760","751.3565"
"2022/01/10 22:00:00","DUNWOD","61760","704.6755"
"2022/01/10 23:00:00","DUNWOD","61760","660.336"
"2022/01/11 00:00:00","DUNWOD","61760","628.3955"
"2022/01/11 01:00:00","DUNWOD","61760","621.2339"
"2022/01/11 02:00:00","DUNWOD","61760","615.2526"
"2022/01/11 03:00:00","DUNWOD","61760","612.3954"
"2022/01/11 04:00:00","DUNWOD","61760","609.947"
"2022/01/11 05:00:00","DUNWOD","61760","633.8999"
"2022/01/11 06:00:00","DUNWOD","61760","691.7294"
"2022/01/11 07:00:00","DUNWOD","61760","746.7315"
"2022/01/11 08:00:00","DUNWOD","61760","778.2881"
"2022/01/11 09:00:00","DUNWOD","61760","787.6596"
"2022/01/11 10:00:00","DUNWOD","61760","784.9952"
"2022/01/11 11:00:00","DUNWOD","61760","779.6438"
"2022/01/11 12:00:00","DUNWOD","61760","776.8346"
"2022/01/11 13:00:00","DUNWOD","61760","774.5014"
"2022/01/11 14:00:00","DUNWOD","61760","774.7347"
"2022/01/11 15:00:00","DUNWOD","61760","789.1468"
"2022/01/11 16:00:00","DUNWOD","61760","818.9996"
"2022/01/11 17:00:00","DUNWOD","61760","860.4013"
"2022/01/11 18:00:00","DUNWOD","61760","860.0954"
"2022/01/11 19:00:00","DUNWOD","61760","845.9239"
"2022/01/11 20:00:00","DUNWOD","61760","819.6177"
"2022/01/11 21:00:00","DUNWOD","61760","779.1896"
"2022/01/11 22:00:00","DUNWOD","61760","730.4742"
"2022/01/11 23:00:00","DUNWOD","61760","683.0744"
"2022/01/12 00:00:00","DUNWOD","61760","653.2848"
"2022/01/12 01:00:00","DUNWOD","61760","632.5524"
"2022/01/12 02:00:00","DUNWOD","61760","622.0598"
"2022/01/12 03:00:00","DUNWOD","61760","616.0296"
"2022/01/12 04:00:00","DUNWOD","61760","619.1476"
"2022/01/12 05:00:00","DUNWOD","61760","647.6479"
"2022/01/12 06:00:00","DUNWOD","61760","700.8736"
"2022/01/12 07:00:00","DUNWOD","61760","750.2658"
"2022/01/12 08:00:00","DUNWOD","61760","762.9119"
"2022/01/12 09:00:00","DUNWOD","61760","760.1319"
"2022/01/12 10:00:00","DUNWOD","61760","753.3321"
"2022/01/12 11:00:00","DUNWOD","61760","732.9593"
"2022/01/12 12:00:00","DUNWOD","61760","738.154"
"2022/01/12 13:00:00","DUNWOD","61760","730.9813"
"2022/01/12 14:00:00","DUNWOD","61760","718.5082"
"2022/01/12 15:00:00","DUNWOD","61760","722.4295"
"2022/01/12 16:00:00","DUNWOD","61760","749.443"
"2022/01/12 17:00:00","DUNWOD","61760","791.4628"
"2022/01/12 18:00:00","DUNWOD","61760","798.3662"
"2022/01/12 19:00:00","DUNWOD","61760","782.5961"
"2022/01/12 20:00:00","DUNWOD","61760","758.4692"
"2022/01/12 21:00:00","DUNWOD","61760","724.5013"
"2022/01/12 22:00:00","DUNWOD","61760","675.6633"
"2022/01/12 23:00:00","DUNWOD","61760","632.9552"
"2022/01/13 00:00:00","DUNWOD","61760","593.8548"
"2022/01/13 01:00:00","DUNWOD","61760","567.9898"
"2022/01/13 02:00:00","DUNWOD","61760","554.26"
"2022/01/13 03:00:00","DUNWOD","61760","549.2136"
"2022/01/13 04:00:00","DUNWOD","61760","557.748"
"2022/01/13 05:00:00","DUNWOD","61760","586.4583"
"2022/01/13 06:00:00","DUNWOD","61760","646.3373"
"2022/01/13 07:00:00","DUNWOD","61760","699.9885"
"2022/01/13 08:00:00","DUNWOD","61760","720.2224"
"2022/01/13 09:00:00","DUNWOD","61760","717.8841"
"2022/01/13 10:00:00","DUNWOD","61760","713.2975"
"2022/01/13 11:00:00","DUNWOD","61760","700.0755"
"2022/01/13 12:00:00","DUNWOD","61760","684.7226"
"2022/01/13 13:00:00","DUNWOD","61760","691.3584"
"2022/01/13 14:00:00","DUNWOD","61760","690.3125"
"2022/01/13 15:00:00","DUNWOD","61760","688.4461"
"2022/01/13 16:00:00","DUNWOD","61760","715.539"
"2022/01/13 17:00:00","DUNWOD","61760","753.0874"
"2022/01/13 18:00:00","DUNWOD","61760","753.2538"
"2022/01/13 19:00:00","DUNWOD","61760","733.5241"
"2022/01/13 20:00:00","DUNWOD","61760","710.487"
"2022/01/13 21:00:00","DUNWOD","61760","674.0388"
"2022/01/13 22:00:00","DUNWOD","61760","622.3854"
"2022/01/13 23:00:00","DUNWOD","61760","579.3536"
"2022/01/14 00:00:00","DUNWOD","61760","552.3405"
"2022/01/14 01:00:00","DUNWOD","61760","529.294"
"2022/01/14 02:00:00","DUNWOD","61760","514.8599"
"2022/01/14 03:00:00","DUNWOD","61760","506.2149"
"2022/01/14 04:00:00","DUNWOD","61760","505.1936"
"2022/01/14 05:00:00","DUNWOD","61760","553.9387"
"2022/01/14 06:00:00","DUNWOD","61760","608.5175"
"2022/01/14 07:00:00","DUNWOD","61760","657.7982"
"2022/01/14 08:00:00","DUNWOD","61760","679.8178"
"2022/01/14 09:00:00","DUNWOD","61760","686.7767"
"2022/01/14 10:00:00","DUNWOD","61760","674.7106"
"2022/01/14 11:00:00","DUNWOD","61760","670.3467"
"2022/01/14 12:00:00","DUNWOD","61760","678.6157"
"2022/01/14 13:00:00","DUNWOD","61760","676.0238"
"2022/01/14 14:00:00","DUNWOD","61760","676.9645"
"2022/01/14 15:00:00","DUNWOD","61760","689.79"
"2022/01/14 16:00:00","DUNWOD","61760","718.7731"
"2022/01/14 17:00:00","DUNWOD","61760","766.1266"
"2022/01/14 18:00:00","DUNWOD","61760","771.076"
"2022/01/14 19:00:00","DUNWOD","61760","756.8989"
"2022/01/14 20:00:00","DUNWOD","61760","738.4346"
"2022/01/14 21:00:00","DUNWOD","61760","714.7753"
"2022/01/14 22:00:00","DUNWOD","61760","680.1913"
"2022/01/14 23:00:00","DUNWOD","61760","646.4538"
"2022/01/15 00:00:00","DUNWOD","61760","625.9572"
"2022/01/15 01:00:00","DUNWOD","61760","613.4473"
"2022/01/15 02:00:00","DUNWOD","61760","599.5253"
"2022/01/15 03:00:00","DUNWOD","61760","596.5718"
"2022/01/15 04:00:00","DUNWOD","61760","601.4404"
"2022/01/15 05:00:00","DUNWOD","61760","615.7775"
"2022/01/15 06:00:00","DUNWOD","61760","643.3994"
"2022/01/15 07:00:00","DUNWOD","61760","672.2944"
"2022/01/15 08:00:00","DUNWOD","61760","699.9775"
"2022/01/15 09:00:00","DUNWOD","61760","719.7369"
"2022/01/15 10:00:00","DUNWOD","61760","734.4316"
"2022/01/15 11:00:00","DUNWOD","61760","740.3659"
"2022/01/15 12:00:00","DUNWOD","61760","742.9574"
"2022/01/15 13:00:00","DUNWOD","61760","749.0147"
"2022/01/15 14:00:00","DUNWOD","61760","757.5536"
"2022/01/15 15:00:00","DUNWOD","61760","761.0144"
"2022/01/15 16:00:00","DUNWOD","61760","781.7099"
"2022/01/15 17:00:00","DUNWOD","61760","825.9752"
"2022/01/15 18:00:00","DUNWOD","61760","829.6731"
"2022/01/15 19:00:00","DUNWOD","61760","818.5547"
"2022/01/15 20:00:00","DUNWOD","61760","802.954"
"2022/01/15 21:00:00","DUNWOD","61760","778.0404"
"2022/01/15 22:00:00","DUNWOD","61760","747.5874"
"2022/01/15 23:00:00","DUNWOD","61760","709.4381"
"2022/01/16 00:00:00","DUNWOD","61760","679.0288"
"2022/01/16 01:00:00","DUNWOD","61760","659.321"
"2022/01/16 02:00:00","DUNWOD","61760","636.5407"
"2022/01/16 03:00:00","DUNWOD","61760","629.6791"
"2022/01/16 04:00:00","DUNWOD","61760","629.086"
"2022/01/16 05:00:00","DUNWOD","61760","635.2264"
"2022/01/16 06:00:00","DUNWOD","61760","650.1525"
"2022/01/16 07:00:00","DUNWOD","61760","675.9858"
"2022/01/16 08:00:00","DUNWOD","61760","694.0821"
"2022/01/16 09:00:00","DUNWOD","61760","707.4546"
"2022/01/16 10:00:00","DUNWOD","61760","718.059"
"2022/01/16 11:00:00","DUNWOD","61760","715.1456"
"2022/01/16 12:00:00","DUNWOD","61760","720.5831"
"2022/01/16 13:00:00","DUNWOD","61760","731.969"
"2022/01/16 14:00:00","DUNWOD","61760","738.442"
"2022/01/16 15:00:00","DUNWOD","61760","742.0052"
"2022/01/16 16:00:00","DUNWOD","61760","766.0463"
"2022/01/16 17:00:00","DUNWOD","61760","795.6952"
"2022/01/16 18:00:00","DUNWOD","61760","793.6713"
"2022/01/16 19:00:00","DUNWOD","61760","783.1673"
"2022/01/16 20:00:00","DUNWOD","61760","772.691"
"2022/01/16 21:00:00","DUNWOD","61760","747.9652"
"2022/01/16 22:00:00","DUNWOD","61760","701.134"
"2022/01/16 23:00:00","DUNWOD","61760","654.2368"
"2022/01/17 00:00:00","DUNWOD","61760","610.7483"
"2022/01/17 01:00:00","DUNWOD","61760","590.8786"
"2022/01/17 02:00:00","DUNWOD","61760","574.159"
"2022/01/17 03:00:00","DUNWOD","61760","560.2803"
"2022/01/17 04:00:00","DUNWOD","61760","562.2691"
"2022/01/17 05:00:00","DUNWOD","61760","570.3782"
"2022/01/17 06:00:00","DUNWOD","61760","592.043"
"2022/01/17 07:00:00","DUNWOD","61760","618.813"
"2022/01/17 08:00:00","DUNWOD","61760","649.0197"
"2022/01/17 09:00:00","DUNWOD","61760","685.3247"
"2022/01/17 10:00:00","DUNWOD","61760","681.3387"
"2022/01/17 11:00:00","DUNWOD","61760","716.7285"
"2022/01/17 12:00:00","DUNWOD","61760","742.4941"
"2022/01/17 13:00:00","DUNWOD","61760","751.2654"
"2022/01/17 14:00:00","DUNWOD","61760","752.736"
"2022/01/17 15:00:00","DUNWOD","61760","743.6531"
"2022/01/17 16:00:00","DUNWOD","61760","759.6228"
"2022/01/17 17:00:00","DUNWOD","61760","786.1669"
"2022/01/17 18:00:00","DUNWOD","61760","781.9804"
"2022/01/17 19:00:00","DUNWOD","61760","762.1567"
"2022/01/17 20:00:00","DUNWOD","61760","737.033"
"2022/01/17 21:00:00","DUNWOD","61760","702.7124"
"2022/01/17 22:00:00","DUNWOD","61760","655.3184"
"2022/01/17 23:00:00","DUNWOD","61760","619.4411"
"2022/01/18 00:00:00","DUNWOD","61760","592.9518"
"2022/01/18 01:00:00","DUNWOD","61760","567.5021"
"2022/01/18 02:00:00","DUNWOD","61760","557.9792"
"2022/01/18 03:00:00","DUNWOD","61760","559.6732"
"2022/01/18 04:00:00","DUNWOD","61760","568.1722"
"2022/01/18 05:00:00","DUNWOD","61760","607.02"
"2022/01/18 06:00:00","DUNWOD","61760","664.7971"
"2022/01/18 07:00:00","DUNWOD","61760","718.2959"
"2022/01/18 08:00:00","DUNWOD","61760","726.6823"
"2022/01/18 09:00:00","DUNWOD","61760","728.7809"
"2022/01/18 10:00:00","DUNWOD","61760","730.4345"
"2022/01/18 11:00:00","DUNWOD","61760","742.1109"
"2022/01/18 12:00:00","DUNWOD","61760","737.2233"
"2022/01/18 13:00:00","DUNWOD","61760","722.4786"
"2022/01/18 14:00:00","DUNWOD","61760","720.0382"
"2022/01/18 15:00:00","DUNWOD","61760","734.9061"
"2022/01/18 16:00:00","DUNWOD","61760","761.7656"
"2022/01/18 17:00:00","DUNWOD","61760","807.7918"
"2022/01/18 18:00:00","DUNWOD","61760","815.3665"
"2022/01/18 19:00:00","DUNWOD","61760","788.4554"
"2022/01/18 20:00:00","DUNWOD","61760","758.3887"
"2022/01/18 21:00:00","DUNWOD","61760","728.3841"
"2022/01/18 22:00:00","DUNWOD","61760","679.4044"
"2022/01/18 23:00:00","DUNWOD","61760","630.5235"
"2022/01/19 00:00:00","DUNWOD","61760","600.9711"
"2022/01/19 01:00:00","DUNWOD","61760","582.8913"
"2022/01/19 02:00:00","DUNWOD","61760","576.7897"
"2022/01/19 03:00:00","DUNWOD","61760","568.4895"
"2022/01/19 04:00:00","DUNWOD","61760","575.0749"
"2022/01/19 05:00:00","DUNWOD","61760","598.8666"
"2022/01/19 06:00:00","DUNWOD","61760","661.8367"
"2022/01/19 07:00:00","DUNWOD","61760","706.7028"
"2022/01/19 08:00:00","DUNWOD","61760","725.9257"
"2022/01/19 09:00:00","DUNWOD","61760","730.2587"
"2022/01/19 10:00:00","DUNWOD","61760","729.3183"
"2022/01/19 11:00:00","DUNWOD","61760","709.2545"
"2022/01/19 12:00:00","DUNWOD","61760","697.4744"
"2022/01/19 13:00:00","DUNWOD","61760","686.3119"
"2022/01/19 14:00:00","DUNWOD","61760","678.594"
"2022/01/19 15:00:00","DUNWOD","61760","690.2242"
"2022/01/19 16:00:00","DUNWOD","61760","715.7742"
"2022/01/19 17:00:00","DUNWOD","61760","759.8779"
"2022/01/19 18:00:00","DUNWOD","61760","764.4385"
"2022/01/19 19:00:00","DUNWOD","61760","746.9486"
"2022/01/19 20:00:00","DUNWOD","61760","719.0257"
"2022/01/19 21:00:00","DUNWOD","61760","677.4929"
"2022/01/19 22:00:00","DUNWOD","61760","633.3928"
"2022/01/19 23:00:00","DUNWOD","61760","592.3447"
"2022/01/20 00:00:00","DUNWOD","61760","560.2631"
"2022/01/20 01:00:00","DUNWOD","61760","531.2953"
"2022/01/20 02:00:00","DUNWOD","61760","515.1108"
"2022/01/20 03:00:00","DUNWOD","61760","517.0229"
"2022/01/20 04:00:00","DUNWOD","61760","515.9675"
"2022/01/20 05:00:00","DUNWOD","61760","558.9309"
"2022/01/20 06:00:00","DUNWOD","61760","602.7239"
"2022/01/20 07:00:00","DUNWOD","61760","654.4627"
"2022/01/20 08:00:00","DUNWOD","61760","696.5119"
"2022/01/20 09:00:00","DUNWOD","61760","727.7332"
"2022/01/20 10:00:00","DUNWOD","61760","744.296"
"2022/01/20 11:00:00","DUNWOD","61760","740.7091"
"2022/01/20 12:00:00","DUNWOD","61760","736.3638"
"2022/01/20 13:00:00","DUNWOD","61760","730.5265"
"2022/01/20 14:00:00","DUNWOD","61760","722.1696"
"2022/01/20 15:00:00","DUNWOD","61760","729.606"
"2022/01/20 16:00:00","DUNWOD","61760","743.4443"
"2022/01/20 17:00:00","DUNWOD","61760","784.454"
"2022/01/20 18:00:00","DUNWOD","61760","786.5279"
"2022/01/20 19:00:00","DUNWOD","61760","779.7653"
"2022/01/20 20:00:00","DUNWOD","61760","755.7756"
"2022/01/20 21:00:00","DUNWOD","61760","728.0089"
"2022/01/20 22:00:00","DUNWOD","61760","688.8686"
"2022/01/20 23:00:00","DUNWOD","61760","628.2876"
"2022/01/21 00:00:00","DUNWOD","61760","614.1598"
"2022/01/21 01:00:00","DUNWOD","61760","609.3546"
"2022/01/21 02:00:00","DUNWOD","61760","600.7334"
"2022/01/21 03:00:00","DUNWOD","61760","600.5862"
"2022/01/21 04:00:00","DUNWOD","61760","611.071"
"2022/01/21 05:00:00","DUNWOD","61760","636.0866"
"2022/01/21 06:00:00","DUNWOD","61760","703.6871"
"2022/01/21 07:00:00","DUNWOD","61760","764.0306"
"2022/01/21 08:00:00","DUNWOD","61760","786.2686"
"2022/01/21 09:00:00","DUNWOD","61760","798.7133"
"2022/01/21 10:00:00","DUNWOD","61760","796.1543"
"2022/01/21 11:00:00","DUNWOD","61760","785.4924"
"2022/01/21 12:00:00","DUNWOD","61760","770.024"
"2022/01/21 13:00:00","DUNWOD","61760","764.9575"
"2022/01/21 14:00:00","DUNWOD","61760","764.7165"
"2022/01/21 15:00:00","DUNWOD","61760","776.2711"
"2022/01/21 16:00:00","DUNWOD","61760","806.0705"
"2022/01/21 17:00:00","DUNWOD","61760","844.6545"
"2022/01/21 18:00:00","DUNWOD","61760","845.671"
"2022/01/21 19:00:00","DUNWOD","61760","828.1068"
"2022/01/21 20:00:00","DUNWOD","61760","806.1075"
"2022/01/21 21:00:00","DUNWOD","61760","779.5471"
"2022/01/21 22:00:00","DUNWOD","61760","732.2525"
"2022/01/21 23:00:00","DUNWOD","61760","688.5086"
"2022/01/22 00:00:00","DUNWOD","61760","654.3646"
"2022/01/22 01:00:00","DUNWOD","61760","634.553"
"2022/01/22 02:00:00","DUNWOD","61760","624.6778"
"2022/01/22 03:00:00","DUNWOD","61760","617.4717"
"2022/01/22 04:00:00","DUNWOD","61760","622.4687"
"2022/01/22 05:00:00","DUNWOD","61760","632.3417"
"2022/01/22 06:00:00","DUNWOD","61760","647.7897"
"2022/01/22 07:00:00","DUNWOD","61760","680.0798"
"2022/01/22 08:00:00","DUNWOD","61760","704.313"
"2022/01/22 09:00:00","DUNWOD","61760","712.1242"
"2022/01/22 10:00:00","DUNWOD","61760","719.8607"
"2022/01/22 11:00:00","DUNWOD","61760","712.3439"
"2022/01/22 12:00:00","DUNWOD","61760","704.0941"
"2022/01/22 13:00:00","DUNWOD","61760","693.3454"
"2022/01/22 14:00:00","DUNWOD","61760","691.2049"
"2022/01/22 15:00:00","DUNWOD","61760","694.7524"
"2022/01/22 16:00:00","DUNWOD","61760","714.6725"
"2022/01/22 17:00:00","DUNWOD","61760","762.595"
"2022/01/22 18:00:00","DUNWOD","61760","777.8929"
"2022/01/22 19:00:00","DUNWOD","61760","774.0044"
"2022/01/22 20:00:00","DUNWOD","61760","764.7925"
"2022/01/22 21:00:00","DUNWOD","61760","741.1279"
"2022/01/22 22:00:00","DUNWOD","61760","702.4892"
"2022/01/22 23:00:00","DUNWOD","61760","667.5953"
"2022/01/23 00:00:00","DUNWOD","61760","641.5088"
"2022/01/23 01:00:00","DUNWOD","61760","621.5184"
"2022/01/23 02:00:00","DUNWOD","61760","604.7479"
"2022/01/23 03:00:00","DUNWOD","61760","591.8386"
"2022/01/23 04:00:00","DUNWOD","61760","593.646"
"2022/01/23 05:00:00","DUNWOD","61760","602.1077"
"2022/01/23 06:00:00","DUNWOD","61760","619.2568"
"2022/01/23 07:00:00","DUNWOD","61760","635.5078"
"2022/01/23 08:00:00","DUNWOD","61760","659.2607"
"2022/01/23 09:00:00","DUNWOD","61760","684.5511"
"2022/01/23 10:00:00","DUNWOD","61760","676.0393"
"2022/01/23 11:00:00","DUNWOD","61760","659.5645"
"2022/01/23 12:00:00","DUNWOD","61760","654.7583"
"2022/01/23 13:00:00","DUNWOD","61760","650.5318"
"2022/01/23 14:00:00","DUNWOD","61760","660.2464"
"2022/01/23 15:00:00","DUNWOD","61760","672.3028"
"2022/01/23 16:00:00","DUNWOD","61760","710.0565"
"2022/01/23 17:00:00","DUNWOD","61760","751.7779"
"2022/01/23 18:00:00","DUNWOD","61760","760.4589"
"2022/01/23 19:00:00","DUNWOD","61760","750.6964"
"2022/01/23 20:00:00","DUNWOD","61760","737.6937"
"2022/01/23 21:00:00","DUNWOD","61760","709.3447"
"2022/01/23 22:00:00","DUNWOD","61760","663.5349"
"2022/01/23 23:00:00","DUNWOD","61760","618.9889"
"2022/01/24 00:00:00","DUNWOD","61760","583.138"
"2022/01/24 01:00:00","DUNWOD","61760","566.9405"
"2022/01/24 02:00:00","DUNWOD","61760","555.6936"
"2022/01/24 03:00:00","DUNWOD","61760","551.9143"
"2022/01/24 04:00:00","DUNWOD","61760","560.6155"
"2022/01/24 05:00:00","DUNWOD","61760","586.2276"
"2022/01/24 06:00:00","DUNWOD","61760","638.4657"
"2022/01/24 07:00:00","DUNWOD","61760","695.1593"
"2022/01/24 08:00:00","DUNWOD","61760","721.3034"
"2022/01/24 09:00:00","DUNWOD","61760","728.975"
"2022/01/24 10:00:00","DUNWOD","61760","721.1958"
"2022/01/24 11:00:00","DUNWOD","61760","712.7113"
"2022/01/24 12:00:00","DUNWOD","61760","711.6837"
"2022/01/24 13:00:00","DUNWOD","61760","702.5448"
"2022/01/24 14:00:00","DUNWOD","61760","713.9028"
"2022/01/24 15:00:00","DUNWOD","61760","720.979"
"2022/01/24 16:00:00","DUNWOD","61760","748.3056"
"2022/01/24 17:00:00","DUNWOD","61760","791.0998"
"2022/01/24 18:00:00","DUNWOD","61760","791.0052"
"2022/01/24 19:00:00","DUNWOD","61760","766.7673"
"2022/01/24 20:00:00","DUNWOD","61760","729.3592"
"2022/01/24 21:00:00","DUNWOD","61760","709.9683"
"2022/01/24 22:00:00","DUNWOD","61760","657.5168"
"2022/01/24 23:00:00","DUNWOD","61760","611.6327"
"2022/01/25 00:00:00","DUNWOD","61760","572.8455"
"2022/01/25 01:00:00","DUNWOD","61760","550.3884"
"2022/01/25 02:00:00","DUNWOD","61760","543.4994"
"2022/01/25 03:00:00","DUNWOD","61760","527.405"
"2022/01/25 04:00:00","DUNWOD","61760","529.5078"
"2022/01/25 05:00:00","DUNWOD","61760","559.037"
"2022/01/25 06:00:00","DUNWOD","61760","612.1697"
"2022/01/25 07:00:00","DUNWOD","61760","671.8148"
"2022/01/25 08:00:00","DUNWOD","61760","690.8168"
"2022/01/25 09:00:00","DUNWOD","61760","705.9049"
"2022/01/25 10:00:00","DUNWOD","61760","715.1101"
"2022/01/25 11:00:00","DUNWOD","61760","707.9887"
"2022/01/25 12:00:00","DUNWOD","61760","692.4215"
"2022/01/25 13:00:00","DUNWOD","61760","688.4079"
"2022/01/25 14:00:00","DUNWOD","61760","687.8534"
"2022/01/25 15:00:00","DUNWOD","61760","688.7379"
"2022/01/25 16:00:00","DUNWOD","61760","710.2653"
"2022/01/25 17:00:00","DUNWOD","61760","754.7428"
"2022/01/25 18:00:00","DUNWOD","61760","765.5033"
"2022/01/25 19:00:00","DUNWOD","61760","753.6694"
"2022/01/25 20:00:00","DUNWOD","61760","738.0432"
"2022/01/25 21:00:00","DUNWOD","61760","700.1396"
"2022/01/25 22:00:00","DUNWOD","61760","659.5107"
"2022/01/25 23:00:00","DUNWOD","61760","613.0894"
"2022/01/26 00:00:00","DUNWOD","61760","582.3927"
"2022/01/26 01:00:00","DUNWOD","61760","567.5801"
"2022/01/26 02:00:00","DUNWOD","61760","556.8231"
"2022/01/26 03:00:00","DUNWOD","61760","554.9218"
"2022/01/26 04:00:00","DUNWOD","61760","569.5968"
"2022/01/26 05:00:00","DUNWOD","61760","600.8971"
"2022/01/26 06:00:00","DUNWOD","61760","644.6681"
"2022/01/26 07:00:00","DUNWOD","61760","700.5735"
"2022/01/26 08:00:00","DUNWOD","61760","724.3656"
"2022/01/26 09:00:00","DUNWOD","61760","721.3267"
"2022/01/26 10:00:00","DUNWOD","61760","724.4473"
"2022/01/26 11:00:00","DUNWOD","61760","720.7849"
"2022/01/26 12:00:00","DUNWOD","61760","720.2578"
"2022/01/26 13:00:00","DUNWOD","61760","723.6587"
"2022/01/26 14:00:00","DUNWOD","61760","725.3258"
"2022/01/26 15:00:00","DUNWOD","61760","736.8424"
"2022/01/26 16:00:00","DUNWOD","61760","766.3111"
"2022/01/26 17:00:00","DUNWOD","61760","811.5878"
"2022/01/26 18:00:00","DUNWOD","61760","823.4618"
"2022/01/26 19:00:00","DUNWOD","61760","809.4525"
"2022/01/26 20:00:00","DUNWOD","61760","784.6483"
"2022/01/26 21:00:00","DUNWOD","61760","752.7845"
"2022/01/26 22:00:00","DUNWOD","61760","701.1083"
"2022/01/26 23:00:00","DUNWOD","61760","653.9764"
"2022/01/27 00:00:00","DUNWOD","61760","617.1376"
"2022/01/27 01:00:00","DUNWOD","61760","608.3901"
"2022/01/27 02:00:00","DUNWOD","61760","598.1198"
"2022/01/27 03:00:00","DUNWOD","61760","596.6292"
"2022/01/27 04:00:00","DUNWOD","61760","606.9199"
"2022/01/27 05:00:00","DUNWOD","61760","636.3343"
"2022/01/27 06:00:00","DUNWOD","61760","701.4471"
"2022/01/27 07:00:00","DUNWOD","61760","753.6582"
"2022/01/27 08:00:00","DUNWOD","61760","768.0761"
"2022/01/27 09:00:00","DUNWOD","61760","761.7111"
"2022/01/27 10:00:00","DUNWOD","61760","749.1462"
"2022/01/27 11:00:00","DUNWOD","61760","738.2008"
"2022/01/27 12:00:00","DUNWOD","61760","732.7503"
"2022/01/27 13:00:00","DUNWOD","61760","724.7861"
"2022/01/27 14:00:00","DUNWOD","61760","730.1226"
"2022/01/27 15:00:00","DUNWOD","61760","739.6831"
"2022/01/27 16:00:00","DUNWOD","61760","761.473"
"2022/01/27 17:00:00","DUNWOD","61760","801.6786"
"2022/01/27 18:00:00","DUNWOD","61760","811.8823"
"2022/01/27 19:00:00","DUNWOD","61760","796.301"
"2022/01/27 20:00:00","DUNWOD","61760","771.6525"
"2022/01/27 21:00:00","DUNWOD","61760","734.9811"
"2022/01/27 22:00:00","DUNWOD","61760","684.1394"
"2022/01/27 23:00:00","DUNWOD","61760","634.373"
"2022/01/28 00:00:00","DUNWOD","61760","601.781"
"2022/01/28 01:00:00","DUNWOD","61760","580.9365"
"2022/01/28 02:00:00","DUNWOD","61760","578.9085"
"2022/01/28 03:00:00","DUNWOD","61760","591.919"
"2022/01/28 04:00:00","DUNWOD","61760","587.7384"
"2022/01/28 05:00:00","DUNWOD","61760","600.5419"
"2022/01/28 06:00:00","DUNWOD","61760","653.7298"
"2022/01/28 07:00:00","DUNWOD","61760","712.0723"
"2022/01/28 08:00:00","DUNWOD","61760","723.9788"
"2022/01/28 09:00:00","DUNWOD","61760","726.6417"
"2022/01/28 10:00:00","DUNWOD","61760","723.0343"
"2022/01/28 11:00:00","DUNWOD","61760","724.511"
"2022/01/28 12:00:00","DUNWOD","61760","717.0801"
"2022/01/28 13:00:00","DUNWOD","61760","728.2664"
"2022/01/28 14:00:00","DUNWOD","61760","729.8153"
"2022/01/28 15:00:00","DUNWOD","61760","738.6969"
"2022/01/28 16:00:00","DUNWOD","61760","749.2662"
"2022/01/28 17:00:00","DUNWOD","61760","781.1944"
"2022/01/28 18:00:00","DUNWOD","61760","780.908"
"2022/01/28 19:00:00","DUNWOD","61760","771.0265"
"2022/01/28 20:00:00","DUNWOD","61760","740.6637"
"2022/01/28 21:00:00","DUNWOD","61760","710.9843"
"2022/01/28 22:00:00","DUNWOD","61760","671.359"
"2022/01/28 23:00:00","DUNWOD","61760","628.3276"
"2022/01/29 00:00:00","DUNWOD","61760","604.7577"
"2022/01/29 01:00:00","DUNWOD","61760","594.2658"
"2022/01/29 02:00:00","DUNWOD","61760","580.7412"
"2022/01/29 03:00:00","DUNWOD","61760","576.549"
"2022/01/29 04:00:00","DUNWOD","61760","575.5167"
"2022/01/29 05:00:00","DUNWOD","61760","588.6058"
"2022/01/29 06:00:00","DUNWOD","61760","623.3093"
"2022/01/29 07:00:00","DUNWOD","61760","649.3513"
"2022/01/29 08:00:00","DUNWOD","61760","679.2012"
"2022/01/29 09:00:00","DUNWOD","61760","717.3078"
"2022/01/29 10:00:00","DUNWOD","61760","735.5513"
"2022/01/29 11:00:00","DUNWOD","61760","757.1959"
"2022/01/29 12:00:00","DUNWOD","61760","781.2931"
"2022/01/29 13:00:00","DUNWOD","61760","779.5674"
"2022/01/29 14:00:00","DUNWOD","61760","773.504"
"2022/01/29 15:00:00","DUNWOD","61760","762.3694"
"2022/01/29 16:00:00","DUNWOD","61760","771.1396"
"2022/01/29 17:00:00","DUNWOD","61760","809.7456"
"2022/01/29 18:00:00","DUNWOD","61760","822.9871"
"2022/01/29 19:00:00","DUNWOD","61760","808.1758"
"2022/01/29 20:00:00","DUNWOD","61760","796.5915"
"2022/01/29 21:00:00","DUNWOD","61760","777.4905"
"2022/01/29 22:00:00","DUNWOD","61760","746.036"
"2022/01/29 23:00:00","DUNWOD","61760","697.2244"
"2022/01/30 00:00:00","DUNWOD","61760","676.5502"
"2022/01/30 01:00:00","DUNWOD","61760","653.4422"
"2022/01/30 02:00:00","DUNWOD","61760","647.0204"
"2022/01/30 03:00:00","DUNWOD","61760","641.3759"
"2022/01/30 04:00:00","DUNWOD","61760","631.1908"
"2022/01/30 05:00:00","DUNWOD","61760","641.9259"
"2022/01/30 06:00:00","DUNWOD","61760","646.5016"
"2022/01/30 07:00:00","DUNWOD","61760","675.9047"
"2022/01/30 08:00:00","DUNWOD","61760","687.139"
"2022/01/30 09:00:00","DUNWOD","61760","713.118"
"2022/01/30 10:00:00","DUNWOD","61760","731.1024"
"2022/01/30 11:00:00","DUNWOD","61760","733.2293"
"2022/01/30 12:00:00","DUNWOD","61760","729.1045"
"2022/01/30 13:00:00","DUNWOD","61760","725.6034"
"2022/01/30 14:00:00","DUNWOD","61760","718.2447"
"2022/01/30 15:00:00","DUNWOD","61760","711.5055"
"2022/01/30 16:00:00","DUNWOD","61760","733.5789"
"2022/01/30 17:00:00","DUNWOD","61760","785.4091"
"2022/01/30 18:00:00","DUNWOD","61760","805.5373"
"2022/01/30 19:00:00","DUNWOD","61760","806.4139"
"2022/01/30 20:00:00","DUNWOD","61760","780.588"
"2022/01/30 21:00:00","DUNWOD","61760","746.9365"
"2022/01/30 22:00:00","DUNWOD","61760","709.662"
"2022/01/30 23:00:00","DUNWOD","61760","661.6934"
"2022/01/31 00:00:00","DUNWOD","61760","631.3562"
"2022/01/31 01:00:00","DUNWOD","61760","615.6919"
"2022/01/31 02:00:00","DUNWOD","61760","605.4988"
"2022/01/31 03:00:00","DUNWOD","61760","603.5771"
"2022/01/31 04:00:00","DUNWOD","61760","611.6487"
"2022/01/31 05:00:00","DUNWOD","61760","649.9181"
"2022/01/31 06:00:00","DUNWOD","61760","711.7056"
"2022/01/31 07:00:00","DUNWOD","61760","756.9402"
"2022/01/31 08:00:00","DUNWOD","61760","773.5905"
"2022/01/31 09:00:00","DUNWOD","61760","781.8283"
"2022/01/31 10:00:00","DUNWOD","61760","777.4118"
"2022/01/31 11:00:00","DUNWOD","61760","767.7081"
"2022/01/31 12:00:00","DUNWOD","61760","758.1077"
"2022/01/31 13:00:00","DUNWOD","61760","749.5164"
"2022/01/31 14:00:00","DUNWOD","61760","744.8792"
"2022/01/31 15:00:00","DUNWOD","61760","745.9136"
"2022/01/31 16:00:00","DUNWOD","61760","767.8207"
"2022/01/31 17:00:00","DUNWOD","61760","817.9457"
"2022/01/31 18:00:00","DUNWOD","61760","835.0507"
"2022/01/31 19:00:00","DUNWOD","61760","823.028"
"2022/01/31 20:00:00","DUNWOD","61760","798.4799"
"2022/01/31 21:00:00","DUNWOD","61760","761.7302"
"2022/01/31 22:00:00","DUNWOD","61760","710.6246"
"2022/01/31 23:00:00","DUNWOD","61760","662.9194"
"2022/02/01 00:00:00","DUNWOD","61760","634.9497"
"2022/02/01 01:00:00","DUNWOD","61760","616.9746"
"2022/02/01 02:00:00","DUNWOD","61760","613.7554"
"2022/02/01 03:00:00","DUNWOD","61760","617.7245"
"2022/02/01 04:00:00","DUNWOD","61760","625.0003"
"2022/02/01 05:00:00","DUNWOD","61760","636.757"
"2022/02/01 06:00:00","DUNWOD","61760","700.7703"
"2022/02/01 07:00:00","DUNWOD","61760","744.247"
"2022/02/01 08:00:00","DUNWOD","61760","762.6298"
"2022/02/01 09:00:00","DUNWOD","61760","763.1322"
"2022/02/01 10:00:00","DUNWOD","61760","754.3731"
"2022/02/01 11:00:00","DUNWOD","61760","741.2688"
"2022/02/01 12:00:00","DUNWOD","61760","728.951"
"2022/02/01 13:00:00","DUNWOD","61760","718.0784"
"2022/02/01 14:00:00","DUNWOD","61760","708.4756"
"2022/02/01 15:00:00","DUNWOD","61760","718.7577"
"2022/02/01 16:00:00","DUNWOD","61760","741.7193"
"2022/02/01 17:00:00","DUNWOD","61760","785.1121"
"2022/02/01 18:00:00","DUNWOD","61760","798.6328"
"2022/02/01 19:00:00","DUNWOD","61760","780.0861"
"2022/02/01 20:00:00","DUNWOD","61760","756.0098"
"2022/02/01 21:00:00","DUNWOD","61760","719.4958"
"2022/02/01 22:00:00","DUNWOD","61760","668.9269"
"2022/02/01 23:00:00","DUNWOD","61760","624.7333"
"2022/02/02 00:00:00","DUNWOD","61760","587.9891"
"2022/02/02 01:00:00","DUNWOD","61760","558.6831"
"2022/02/02 02:00:00","DUNWOD","61760","554.5829"
"2022/02/02 03:00:00","DUNWOD","61760","541.9276"
"2022/02/02 04:00:00","DUNWOD","61760","551.5989"
"2022/02/02 05:00:00","DUNWOD","61760","581.8713"
"2022/02/02 06:00:00","DUNWOD","61760","637.5825"
"2022/02/02 07:00:00","DUNWOD","61760","694.8355"
"2022/02/02 08:00:00","DUNWOD","61760","710.7439"
"2022/02/02 09:00:00","DUNWOD","61760","711.9157"
"2022/02/02 10:00:00","DUNWOD","61760","707.6347"
"2022/02/02 11:00:00","DUNWOD","61760","707.0265"
"2022/02/02 12:00:00","DUNWOD","61760","693.3526"
"2022/02/02 13:00:00","DUNWOD","61760","680.3727"
"2022/02/02 14:00:00","DUNWOD","61760","673.5067"
"2022/02/02 15:00:00","DUNWOD","61760","680.3928"
"2022/02/02 16:00:00","DUNWOD","61760","700.1935"
"2022/02/02 17:00:00","DUNWOD","61760","731.9591"
"2022/02/02 18:00:00","DUNWOD","61760","733.7948"
"2022/02/02 19:00:00","DUNWOD","61760","717.3982"
"2022/02/02 20:00:00","DUNWOD","61760","690.4344"
"2022/02/02 21:00:00","DUNWOD","61760","670.068"
"2022/02/02 22:00:00","DUNWOD","61760","619.8548"
"2022/02/02 23:00:00","DUNWOD","61760","574.0802"
"2022/02/03 00:00:00","DUNWOD","61760","521.309"
"2022/02/03 01:00:00","DUNWOD","61760","517.9664"
"2022/02/03 02:00:00","DUNWOD","61760","506.2353"
"2022/02/03 03:00:00","DUNWOD","61760","502.6403"
"2022/02/03 04:00:00","DUNWOD","61760","508.4771"
"2022/02/03 05:00:00","DUNWOD","61760","535.9801"
"2022/02/03 06:00:00","DUNWOD","61760","603.0257"
"2022/02/03 07:00:00","DUNWOD","61760","660.9267"
"2022/02/03 08:00:00","DUNWOD","61760","679.7608"
"2022/02/03 09:00:00","DUNWOD","61760","690.831"
"2022/02/03 10:00:00","DUNWOD","61760","700.7286"
"2022/02/03 11:00:00","DUNWOD","61760","689.2936"
"2022/02/03 12:00:00","DUNWOD","61760","658.0898"
"2022/02/03 13:00:00","DUNWOD","61760","706.2252"
"2022/02/03 14:00:00","DUNWOD","61760","703.5313"
"2022/02/03 15:00:00","DUNWOD","61760","707.4103"
"2022/02/03 16:00:00","DUNWOD","61760","725.0824"
"2022/02/03 17:00:00","DUNWOD","61760","747.0767"
"2022/02/03 18:00:00","DUNWOD","61760","743.4001"
"2022/02/03 19:00:00","DUNWOD","61760","722.5648"
"2022/02/03 20:00:00","DUNWOD","61760","696.6499"
"2022/02/03 21:00:00","DUNWOD","61760","659.4262"
"2022/02/03 22:00:00","DUNWOD","61760","612.2628"
"2022/02/03 23:00:00","DUNWOD","61760","565.5016"
"2022/02/04 00:00:00","DUNWOD","61760","525.2906"
"2022/02/04 01:00:00","DUNWOD","61760","503.2775"
"2022/02/04 02:00:00","DUNWOD","61760","501.1572"
"2022/02/04 03:00:00","DUNWOD","61760","498.2872"
"2022/02/04 04:00:00","DUNWOD","61760","502.8637"
"2022/02/04 05:00:00","DUNWOD","61760","522.0204"
"2022/02/04 06:00:00","DUNWOD","61760","573.9103"
"2022/02/04 07:00:00","DUNWOD","61760","626.712"
"2022/02/04 08:00:00","DUNWOD","61760","671.3956"
"2022/02/04 09:00:00","DUNWOD","61760","692.3292"
"2022/02/04 10:00:00","DUNWOD","61760","699.2112"
"2022/02/04 11:00:00","DUNWOD","61760","708.6279"
"2022/02/04 12:00:00","DUNWOD","61760","718.6738"
"2022/02/04 13:00:00","DUNWOD","61760","728.8936"
"2022/02/04 14:00:00","DUNWOD","61760","730.787"
"2022/02/04 15:00:00","DUNWOD","61760","739.4626"
"2022/02/04 16:00:00","DUNWOD","61760","762.358"
"2022/02/04 17:00:00","DUNWOD","61760","776.5356"
"2022/02/04 18:00:00","DUNWOD","61760","774.2337"
"2022/02/04 19:00:00","DUNWOD","61760","753.9577"
"2022/02/04 20:00:00","DUNWOD","61760","733.4032"
"2022/02/04 21:00:00","DUNWOD","61760","700.5694"
"2022/02/04 22:00:00","DUNWOD","61760","663.229"
"2022/02/04 23:00:00","DUNWOD","61760","620.7992"
"2022/02/05 00:00:00","DUNWOD","61760","605.8136"
"2022/02/05 01:00:00","DUNWOD","61760","588.7903"
"2022/02/05 02:00:00","DUNWOD","61760","576.3382"
"2022/02/05 03:00:00","DUNWOD","61760","570.6737"
"2022/02/05 04:00:00","DUNWOD","61760","572.4263"
"2022/02/05 05:00:00","DUNWOD","61760","586.9161"
"2022/02/05 06:00:00","DUNWOD","61760","611.7368"
"2022/02/05 07:00:00","DUNWOD","61760","636.308"
"2022/02/05 08:00:00","DUNWOD","61760","657.5034"
"2022/02/05 09:00:00","DUNWOD","61760","675.1412"
"2022/02/05 10:00:00","DUNWOD","61760","681.4844"
"2022/02/05 11:00:00","DUNWOD","61760","691.403"
"2022/02/05 12:00:00","DUNWOD","61760","694.3857"
"2022/02/05 13:00:00","DUNWOD","61760","698.9606"
"2022/02/05 14:00:00","DUNWOD","61760","696.6531"
"2022/02/05 15:00:00","DUNWOD","61760","711.4605"
"2022/02/05 16:00:00","DUNWOD","61760","730.2436"
"2022/02/05 17:00:00","DUNWOD","61760","769.7262"
"2022/02/05 18:00:00","DUNWOD","61760","788.3914"
"2022/02/05 19:00:00","DUNWOD","61760","779.6573"
"2022/02/05 20:00:00","DUNWOD","61760","767.599"
"2022/02/05 21:00:00","DUNWOD","61760","746.6565"
"2022/02/05 22:00:00","DUNWOD","61760","717.2465"
"2022/02/05 23:00:00","DUNWOD","61760","676.5821"
"2022/02/06 00:00:00","DUNWOD","61760","651.7684"
"2022/02/06 01:00:00","DUNWOD","61760","633.3424"
"2022/02/06 02:00:00","DUNWOD","61760","617.8394"
"2022/02/06 03:00:00","DUNWOD","61760","608.5112"
"2022/02/06 04:00:00","DUNWOD","61760","607.3677"
"2022/02/06 05:00:00","DUNWOD","61760","621.7219"
"2022/02/06 06:00:00","DUNWOD","61760","638.394"
"2022/02/06 07:00:00","DUNWOD","61760","652.6032"
"2022/02/06 08:00:00","DUNWOD","61760","663.7348"
"2022/02/06 09:00:00","DUNWOD","61760","672.5488"
"2022/02/06 10:00:00","DUNWOD","61760","676.0213"
"2022/02/06 11:00:00","DUNWOD","61760","682.844"
"2022/02/06 12:00:00","DUNWOD","61760","674.2145"
"2022/02/06 13:00:00","DUNWOD","61760","669.618"
"2022/02/06 14:00:00","DUNWOD","61760","671.2844"
"2022/02/06 15:00:00","DUNWOD","61760","680.6218"
"2022/02/06 16:00:00","DUNWOD","61760","710.3491"
"2022/02/06 17:00:00","DUNWOD","61760","760.5657"
"2022/02/06 18:00:00","DUNWOD","61760","781.212"
"2022/02/06 19:00:00","DUNWOD","61760","771.9517"
"2022/02/06 20:00:00","DUNWOD","61760","757.3638"
"2022/02/06 21:00:00","DUNWOD","61760","729.1932"
"2022/02/06 22:00:00","DUNWOD","61760","686.6762"
"2022/02/06 23:00:00","DUNWOD","61760","640.7597"
"2022/02/07 00:00:00","DUNWOD","61760","606.1961"
"2022/02/07 01:00:00","DUNWOD","61760","592.626"
"2022/02/07 02:00:00","DUNWOD","61760","563.3665"
"2022/02/07 03:00:00","DUNWOD","61760","554.8253"
"2022/02/07 04:00:00","DUNWOD","61760","563.3808"
"2022/02/07 05:00:00","DUNWOD","61760","589.1412"
"2022/02/07 06:00:00","DUNWOD","61760","649.3519"
"2022/02/07 07:00:00","DUNWOD","61760","713.7543"
"2022/02/07 08:00:00","DUNWOD","61760","735.4466"
"2022/02/07 09:00:00","DUNWOD","61760","748.246"
"2022/02/07 10:00:00","DUNWOD","61760","754.6253"
"2022/02/07 11:00:00","DUNWOD","61760","750.9158"
"2022/02/07 12:00:00","DUNWOD","61760","749.3297"
"2022/02/07 13:00:00","DUNWOD","61760","744.6482"
"2022/02/07 14:00:00","DUNWOD","61760","739.2187"
"2022/02/07 15:00:00","DUNWOD","61760","744.8528"
"2022/02/07 16:00:00","DUNWOD","61760","756.7063"
"2022/02/07 17:00:00","DUNWOD","61760","781.9419"
"2022/02/07 18:00:00","DUNWOD","61760","786.2684"
"2022/02/07 19:00:00","DUNWOD","61760","766.5504"
"2022/02/07 20:00:00","DUNWOD","61760","740.2839"
"2022/02/07 21:00:00","DUNWOD","61760","701.6496"
"2022/02/07 22:00:00","DUNWOD","61760","649.2729"
"2022/02/07 23:00:00","DUNWOD","61760","593.2208"
"2022/02/08 00:00:00","DUNWOD","61760","566.0317"
"2022/02/08 01:00:00","DUNWOD","61760","557.7464"
"2022/02/08 02:00:00","DUNWOD","61760","545.8154"
"2022/02/08 03:00:00","DUNWOD","61760","534.411"
"2022/02/08 04:00:00","DUNWOD","61760","538.2013"
"2022/02/08 05:00:00","DUNWOD","61760","579.1052"
"2022/02/08 06:00:00","DUNWOD","61760","641.6798"
"2022/02/08 07:00:00","DUNWOD","61760","688.2126"
"2022/02/08 08:00:00","DUNWOD","61760","693.6891"
"2022/02/08 09:00:00","DUNWOD","61760","695.6758"
"2022/02/08 10:00:00","DUNWOD","61760","689.3579"
"2022/02/08 11:00:00","DUNWOD","61760","654.2728"
"2022/02/08 12:00:00","DUNWOD","61760","655.5836"
"2022/02/08 13:00:00","DUNWOD","61760","656.1045"
"2022/02/08 14:00:00","DUNWOD","61760","675.8503"
"2022/02/08 15:00:00","DUNWOD","61760","692.3799"
"2022/02/08 16:00:00","DUNWOD","61760","723.8103"
"2022/02/08 17:00:00","DUNWOD","61760","752.1618"
"2022/02/08 18:00:00","DUNWOD","61760","770.4774"
"2022/02/08 19:00:00","DUNWOD","61760","742.238"
"2022/02/08 20:00:00","DUNWOD","61760","731.5529"
"2022/02/08 21:00:00","DUNWOD","61760","702.5813"
"2022/02/08 22:00:00","DUNWOD","61760","658.761"
"2022/02/08 23:00:00","DUNWOD","61760","608.4952"
"2022/02/09 00:00:00","DUNWOD","61760","573.4794"
"2022/02/09 01:00:00","DUNWOD","61760","565.7783"
"2022/02/09 02:00:00","DUNWOD","61760","550.5033"
"2022/02/09 03:00:00","DUNWOD","61760","545.592"
"2022/02/09 04:00:00","DUNWOD","61760","554.2405"
"2022/02/09 05:00:00","DUNWOD","61760","583.8117"
"2022/02/09 06:00:00","DUNWOD","61760","653.041"
"2022/02/09 07:00:00","DUNWOD","61760","683.8628"
"2022/02/09 08:00:00","DUNWOD","61760","693.4972"
"2022/02/09 09:00:00","DUNWOD","61760","692.5693"
"2022/02/09 10:00:00","DUNWOD","61760","682.827"
"2022/02/09 11:00:00","DUNWOD","61760","665.7952"
"2022/02/09 12:00:00","DUNWOD","61760","649.9484"
"2022/02/09 13:00:00","DUNWOD","61760","646.9915"
"2022/02/09 14:00:00","DUNWOD","61760","649.1479"
"2022/02/09 15:00:00","DUNWOD","61760","660.6664"
"2022/02/09 16:00:00","DUNWOD","61760","682.5306"
"2022/02/09 17:00:00","DUNWOD","61760","723.921"
"2022/02/09 18:00:00","DUNWOD","61760","749.8933"
"2022/02/09 19:00:00","DUNWOD","61760","723.3864"
"2022/02/09 20:00:00","DUNWOD","61760","708.3662"
"2022/02/09 21:00:00","DUNWOD","61760","682.8279"
"2022/02/09 22:00:00","DUNWOD","61760","635.5789"
"2022/02/09 23:00:00","DUNWOD","61760","585.644"
"2022/02/10 00:00:00","DUNWOD","61760","577.2153"
"2022/02/10 01:00:00","DUNWOD","61760","548.5913"
"2022/02/10 02:00:00","DUNWOD","61760","539.3841"
"2022/02/10 03:00:00","DUNWOD","61760","533.1669"
"2022/02/10 04:00:00","DUNWOD","61760","542.1235"
"2022/02/10 05:00:00","DUNWOD","61760","570.755"
"2022/02/10 06:00:00","DUNWOD","61760","624.0114"
"2022/02/10 07:00:00","DUNWOD","61760","677.0836"
"2022/02/10 08:00:00","DUNWOD","61760","679.4091"
"2022/02/10 09:00:00","DUNWOD","61760","669.0476"
"2022/02/10 10:00:00","DUNWOD","61760","654.2767"
"2022/02/10 11:00:00","DUNWOD","61760","638.4695"
"2022/02/10 12:00:00","DUNWOD","61760","643.8663"
"2022/02/10 13:00:00","DUNWOD","61760","647.5722"
"2022/02/10 14:00:00","DUNWOD","61760","643.7576"
"2022/02/10 15:00:00","DUNWOD","61760","655.3992"
"2022/02/10 16:00:00","DUNWOD","61760","672.5646"
"2022/02/10 17:00:00","DUNWOD","61760","707.474"
"2022/02/10 18:00:00","DUNWOD","61760","725.6614"
"2022/02/10 19:00:00","DUNWOD","61760","714.6622"
"2022/02/10 20:00:00","DUNWOD","61760","692.8135"
"2022/02/10 21:00:00","DUNWOD","61760","661.7699"
"2022/02/10 22:00:00","DUNWOD","61760","620.4387"
"2022/02/10 23:00:00","DUNWOD","61760","578.7893"
"2022/02/11 00:00:00","DUNWOD","61760","552.0196"
"2022/02/11 01:00:00","DUNWOD","61760","549.2869"
"2022/02/11 02:00:00","DUNWOD","61760","521.6446"
"2022/02/11 03:00:00","DUNWOD","61760","512.1439"
"2022/02/11 04:00:00","DUNWOD","61760","526.668"
"2022/02/11 05:00:00","DUNWOD","61760","570.9399"
"2022/02/11 06:00:00","DUNWOD","61760","618.2639"
"2022/02/11 07:00:00","DUNWOD","61760","664.234"
"2022/02/11 08:00:00","DUNWOD","61760","662.7812"
"2022/02/11 09:00:00","DUNWOD","61760","659.2813"
"2022/02/11 10:00:00","DUNWOD","61760","644.9277"
"2022/02/11 11:00:00","DUNWOD","61760","629.7847"
"2022/02/11 12:00:00","DUNWOD","61760","617.8777"
"2022/02/11 13:00:00","DUNWOD","61760","614.2484"
"2022/02/11 14:00:00","DUNWOD","61760","613.6048"
"2022/02/11 15:00:00","DUNWOD","61760","623.417"
"2022/02/11 16:00:00","DUNWOD","61760","644.1441"
"2022/02/11 17:00:00","DUNWOD","61760","680.8997"
"2022/02/11 18:00:00","DUNWOD","61760","699.4067"
"2022/02/11 19:00:00","DUNWOD","61760","684.2937"
"2022/02/11 20:00:00","DUNWOD","61760","662.1091"
"2022/02/11 21:00:00","DUNWOD","61760","636.2567"
"2022/02/11 22:00:00","DUNWOD","61760","601.6052"
"2022/02/11 23:00:00","DUNWOD","61760","562.3652"
"2022/02/12 00:00:00","DUNWOD","61760","548.1442"
"2022/02/12 01:00:00","DUNWOD","61760","523.2767"
"2022/02/12 02:00:00","DUNWOD","61760","504.908"
"2022/02/12 03:00:00","DUNWOD","61760","494.9811"
"2022/02/12 04:00:00","DUNWOD","61760","491.1209"
"2022/02/12 05:00:00","DUNWOD","61760","502.1809"
"2022/02/12 06:00:00","DUNWOD","61760","524.9352"
"2022/02/12 07:00:00","DUNWOD","61760","539.3526"
"2022/02/12 08:00:00","DUNWOD","61760","567.3006"
"2022/02/12 09:00:00","DUNWOD","61760","575.6821"
"2022/02/12 10:00:00","DUNWOD","61760","565.5525"
"2022/02/12 11:00:00","DUNWOD","61760","557.5307"
"2022/02/12 12:00:00","DUNWOD","61760","570.8352"
"2022/02/12 13:00:00","DUNWOD","61760","564.3742"
"2022/02/12 14:00:00","DUNWOD","61760","559.8926"
"2022/02/12 15:00:00","DUNWOD","61760","562.9403"
"2022/02/12 16:00:00","DUNWOD","61760","589.5758"
"2022/02/12 17:00:00","DUNWOD","61760","627.4855"
"2022/02/12 18:00:00","DUNWOD","61760","655.6473"
"2022/02/12 19:00:00","DUNWOD","61760","646.2856"
"2022/02/12 20:00:00","DUNWOD","61760","635.7284"
"2022/02/12 21:00:00","DUNWOD","61760","616.2645"
"2022/02/12 22:00:00","DUNWOD","61760","590.3753"
"2022/02/12 23:00:00","DUNWOD","61760","562.2643"
"2022/02/13 00:00:00","DUNWOD","61760","545.3997"
"2022/02/13 01:00:00","DUNWOD","61760","529.7033"
"2022/02/13 02:00:00","DUNWOD","61760","517.7658"
"2022/02/13 03:00:00","DUNWOD","61760","514.7419"
"2022/02/13 04:00:00","DUNWOD","61760","524.0399"
"2022/02/13 05:00:00","DUNWOD","61760","536.0599"
"2022/02/13 06:00:00","DUNWOD","61760","551.862"
"2022/02/13 07:00:00","DUNWOD","61760","565.9084"
"2022/02/13 08:00:00","DUNWOD","61760","590.7265"
"2022/02/13 09:00:00","DUNWOD","61760","619.3454"
"2022/02/13 10:00:00","DUNWOD","61760","644.3444"
"2022/02/13 11:00:00","DUNWOD","61760","677.036"
"2022/02/13 12:00:00","DUNWOD","61760","674.5519"
"2022/02/13 13:00:00","DUNWOD","61760","678.8829"
"2022/02/13 14:00:00","DUNWOD","61760","695.2054"
"2022/02/13 15:00:00","DUNWOD","61760","688.8179"
"2022/02/13 16:00:00","DUNWOD","61760","702.0071"
"2022/02/13 17:00:00","DUNWOD","61760","725.9821"
"2022/02/13 18:00:00","DUNWOD","61760","736.4146"
"2022/02/13 19:00:00","DUNWOD","61760","718.6743"
"2022/02/13 20:00:00","DUNWOD","61760","721.5859"
"2022/02/13 21:00:00","DUNWOD","61760","688.1948"
"2022/02/13 22:00:00","DUNWOD","61760","654.3349"
"2022/02/13 23:00:00","DUNWOD","61760","619.9568"
"2022/02/14 00:00:00","DUNWOD","61760","593.439"
"2022/02/14 01:00:00","DUNWOD","61760","564.7649"
"2022/02/14 02:00:00","DUNWOD","61760","558.0462"
"2022/02/14 03:00:00","DUNWOD","61760","549.4186"
"2022/02/14 04:00:00","DUNWOD","61760","564.9546"
"2022/02/14 05:00:00","DUNWOD","61760","591.3784"
"2022/02/14 06:00:00","DUNWOD","61760","664.9094"
"2022/02/14 07:00:00","DUNWOD","61760","719.7699"
"2022/02/14 08:00:00","DUNWOD","61760","743.4439"
"2022/02/14 09:00:00","DUNWOD","61760","761.3984"
"2022/02/14 10:00:00","DUNWOD","61760","772.4019"
"2022/02/14 11:00:00","DUNWOD","61760","769.8355"
"2022/02/14 12:00:00","DUNWOD","61760","765.5955"
"2022/02/14 13:00:00","DUNWOD","61760","761.3449"
"2022/02/14 14:00:00","DUNWOD","61760","754.1872"
"2022/02/14 15:00:00","DUNWOD","61760","754.8407"
"2022/02/14 16:00:00","DUNWOD","61760","769.9323"
"2022/02/14 17:00:00","DUNWOD","61760","804.3543"
"2022/02/14 18:00:00","DUNWOD","61760","825.3141"
"2022/02/14 19:00:00","DUNWOD","61760","810.8112"
"2022/02/14 20:00:00","DUNWOD","61760","793.7675"
"2022/02/14 21:00:00","DUNWOD","61760","758.8701"
"2022/02/14 22:00:00","DUNWOD","61760","710.881"
"2022/02/14 23:00:00","DUNWOD","61760","665.0047"
"2022/02/15 00:00:00","DUNWOD","61760","639.0173"
"2022/02/15 01:00:00","DUNWOD","61760","621.8441"
"2022/02/15 02:00:00","DUNWOD","61760","608.5661"
"2022/02/15 03:00:00","DUNWOD","61760","603.2405"
"2022/02/15 04:00:00","DUNWOD","61760","612.8022"
"2022/02/15 05:00:00","DUNWOD","61760","641.561"
"2022/02/15 06:00:00","DUNWOD","61760","702.8983"
"2022/02/15 07:00:00","DUNWOD","61760","755.3643"
"2022/02/15 08:00:00","DUNWOD","61760","769.8532"
"2022/02/15 09:00:00","DUNWOD","61760","772.7126"
"2022/02/15 10:00:00","DUNWOD","61760","766.0183"
"2022/02/15 11:00:00","DUNWOD","61760","752.486"
"2022/02/15 12:00:00","DUNWOD","61760","740.7978"
"2022/02/15 13:00:00","DUNWOD","61760","731.1753"
"2022/02/15 14:00:00","DUNWOD","61760","725.4269"
"2022/02/15 15:00:00","DUNWOD","61760","729.6993"
"2022/02/15 16:00:00","DUNWOD","61760","748.3529"
"2022/02/15 17:00:00","DUNWOD","61760","779.9447"
"2022/02/15 18:00:00","DUNWOD","61760","803.5604"
"2022/02/15 19:00:00","DUNWOD","61760","792.5872"
"2022/02/15 20:00:00","DUNWOD","61760","770.0954"
"2022/02/15 21:00:00","DUNWOD","61760","729.9985"
"2022/02/15 22:00:00","DUNWOD","61760","681.7196"
"2022/02/15 23:00:00","DUNWOD","61760","635.4872"
"2022/02/16 00:00:00","DUNWOD","61760","621.4313"
"2022/02/16 01:00:00","DUNWOD","61760","601.3109"
"2022/02/16 02:00:00","DUNWOD","61760","590.4713"
"2022/02/16 03:00:00","DUNWOD","61760","585.8191"
"2022/02/16 04:00:00","DUNWOD","61760","593.1904"
"2022/02/16 05:00:00","DUNWOD","61760","618.8566"
"2022/02/16 06:00:00","DUNWOD","61760","679.7375"
"2022/02/16 07:00:00","DUNWOD","61760","720.2072"
"2022/02/16 08:00:00","DUNWOD","61760","731.8586"
"2022/02/16 09:00:00","DUNWOD","61760","724.7099"
"2022/02/16 10:00:00","DUNWOD","61760","707.8141"
"2022/02/16 11:00:00","DUNWOD","61760","686.2012"
"2022/02/16 12:00:00","DUNWOD","61760","664.1516"
"2022/02/16 13:00:00","DUNWOD","61760","683.6687"
"2022/02/16 14:00:00","DUNWOD","61760","696.9855"
"2022/02/16 15:00:00","DUNWOD","61760","701.5873"
"2022/02/16 16:00:00","DUNWOD","61760","708.6945"
"2022/02/16 17:00:00","DUNWOD","61760","743.9236"
"2022/02/16 18:00:00","DUNWOD","61760","757.957"
"2022/02/16 19:00:00","DUNWOD","61760","740.6794"
"2022/02/16 20:00:00","DUNWOD","61760","718.7039"
"2022/02/16 21:00:00","DUNWOD","61760","683.465"
"2022/02/16 22:00:00","DUNWOD","61760","636.2187"
"2022/02/16 23:00:00","DUNWOD","61760","582.0929"
"2022/02/17 00:00:00","DUNWOD","61760","554.3478"
"2022/02/17 01:00:00","DUNWOD","61760","540.3217"
"2022/02/17 02:00:00","DUNWOD","61760","524.2447"
"2022/02/17 03:00:00","DUNWOD","61760","514.9335"
"2022/02/17 04:00:00","DUNWOD","61760","518.546"
"2022/02/17 05:00:00","DUNWOD","61760","544.2084"
"2022/02/17 06:00:00","DUNWOD","61760","598.0247"
"2022/02/17 07:00:00","DUNWOD","61760","636.1746"
"2022/02/17 08:00:00","DUNWOD","61760","645.3196"
"2022/02/17 09:00:00","DUNWOD","61760","642.9902"
"2022/02/17 10:00:00","DUNWOD","61760","644.1163"
"2022/02/17 11:00:00","DUNWOD","61760","639.1617"
"2022/02/17 12:00:00","DUNWOD","61760","633.1856"
"2022/02/17 13:00:00","DUNWOD","61760","640.2474"
"2022/02/17 14:00:00","DUNWOD","61760","635.8261"
"2022/02/17 15:00:00","DUNWOD","61760","637.555"
"2022/02/17 16:00:00","DUNWOD","61760","649.7902"
"2022/02/17 17:00:00","DUNWOD","61760","683.7966"
"2022/02/17 18:00:00","DUNWOD","61760","697.1545"
"2022/02/17 19:00:00","DUNWOD","61760","678.6676"
"2022/02/17 20:00:00","DUNWOD","61760","655.7459"
"2022/02/17 21:00:00","DUNWOD","61760","628.2459"
"2022/02/17 22:00:00","DUNWOD","61760","592.1945"
"2022/02/17 23:00:00","DUNWOD","61760","551.7144"
"2022/02/18 00:00:00","DUNWOD","61760","527.1214"
"2022/02/18 01:00:00","DUNWOD","61760","506.6959"
"2022/02/18 02:00:00","DUNWOD","61760","493.0011"
"2022/02/18 03:00:00","DUNWOD","61760","483.2065"
"2022/02/18 04:00:00","DUNWOD","61760","488.5323"
"2022/02/18 05:00:00","DUNWOD","61760","515.4324"
"2022/02/18 06:00:00","DUNWOD","61760","571.7241"
"2022/02/18 07:00:00","DUNWOD","61760","615.9107"
"2022/02/18 08:00:00","DUNWOD","61760","630.3758"
"2022/02/18 09:00:00","DUNWOD","61760","636.5724"
"2022/02/18 10:00:00","DUNWOD","61760","629.733"
"2022/02/18 11:00:00","DUNWOD","61760","627.6563"
"2022/02/18 12:00:00","DUNWOD","61760","624.7123"
"2022/02/18 13:00:00","DUNWOD","61760","626.222"
"2022/02/18 14:00:00","DUNWOD","61760","636.1406"
"2022/02/18 15:00:00","DUNWOD","61760","646.3439"
"2022/02/18 16:00:00","DUNWOD","61760","671.1298"
"2022/02/18 17:00:00","DUNWOD","61760","704.2657"
"2022/02/18 18:00:00","DUNWOD","61760","729.9629"
"2022/02/18 19:00:00","DUNWOD","61760","719.2406"
"2022/02/18 20:00:00","DUNWOD","61760","701.9623"
"2022/02/18 21:00:00","DUNWOD","61760","676.8228"
"2022/02/18 22:00:00","DUNWOD","61760","645.075"
"2022/02/18 23:00:00","DUNWOD","61760","611.577"
"2022/02/19 00:00:00","DUNWOD","61760","590.8984"
"2022/02/19 01:00:00","DUNWOD","61760","576.998"
"2022/02/19 02:00:00","DUNWOD","61760","567.8975"
"2022/02/19 03:00:00","DUNWOD","61760","557.2619"
"2022/02/19 04:00:00","DUNWOD","61760","543.2839"
"2022/02/19 05:00:00","DUNWOD","61760","559.5276"
"2022/02/19 06:00:00","DUNWOD","61760","578.6621"
"2022/02/19 07:00:00","DUNWOD","61760","590.5453"
"2022/02/19 08:00:00","DUNWOD","61760","613.8985"
"2022/02/19 09:00:00","DUNWOD","61760","614.7502"
"2022/02/19 10:00:00","DUNWOD","61760","623.8852"
"2022/02/19 11:00:00","DUNWOD","61760","659.2834"
"2022/02/19 12:00:00","DUNWOD","61760","671.2976"
"2022/02/19 13:00:00","DUNWOD","61760","667.763"
"2022/02/19 14:00:00","DUNWOD","61760","611.766"
"2022/02/19 15:00:00","DUNWOD","61760","644.3626"
"2022/02/19 16:00:00","DUNWOD","61760","653.7233"
"2022/02/19 17:00:00","DUNWOD","61760","683.2309"
"2022/02/19 18:00:00","DUNWOD","61760","717.7859"
"2022/02/19 19:00:00","DUNWOD","61760","714.6263"
"2022/02/19 20:00:00","DUNWOD","61760","710.5501"
"2022/02/19 21:00:00","DUNWOD","61760","712.1181"
"2022/02/19 22:00:00","DUNWOD","61760","690.1877"
"2022/02/19 23:00:00","DUNWOD","61760","656.6461"
"2022/02/20 00:00:00","DUNWOD","61760","631.4446"
"2022/02/20 01:00:00","DUNWOD","61760","611.5582"
"2022/02/20 02:00:00","DUNWOD","61760","595.2929"
"2022/02/20 03:00:00","DUNWOD","61760","588.1478"
"2022/02/20 04:00:00","DUNWOD","61760","593.717"
"2022/02/20 05:00:00","DUNWOD","61760","603.5984"
"2022/02/20 06:00:00","DUNWOD","61760","617.1077"
"2022/02/20 07:00:00","DUNWOD","61760","620.5996"
"2022/02/20 08:00:00","DUNWOD","61760","625.1272"
"2022/02/20 09:00:00","DUNWOD","61760","629.9084"
"2022/02/20 10:00:00","DUNWOD","61760","627.1358"
"2022/02/20 11:00:00","DUNWOD","61760","628.6721"
"2022/02/20 12:00:00","DUNWOD","61760","627.3987"
"2022/02/20 13:00:00","DUNWOD","61760","613.6041"
"2022/02/20 14:00:00","DUNWOD","61760","613.361"
"2022/02/20 15:00:00","DUNWOD","61760","619.6522"
"2022/02/20 16:00:00","DUNWOD","61760","639.408"
"2022/02/20 17:00:00","DUNWOD","61760","672.6172"
"2022/02/20 18:00:00","DUNWOD","61760","705.3068"
"2022/02/20 19:00:00","DUNWOD","61760","696.5862"
"2022/02/20 20:00:00","DUNWOD","61760","684.6292"
"2022/02/20 21:00:00","DUNWOD","61760","665.8773"
"2022/02/20 22:00:00","DUNWOD","61760","639.3179"
"2022/02/20 23:00:00","DUNWOD","61760","604.656"
"2022/02/21 00:00:00","DUNWOD","61760","583.5137"
"2022/02/21 01:00:00","DUNWOD","61760","571.5018"
"2022/02/21 02:00:00","DUNWOD","61760","556.7657"
"2022/02/21 03:00:00","DUNWOD","61760","553.8273"
"2022/02/21 04:00:00","DUNWOD","61760","559.2451"
"2022/02/21 05:00:00","DUNWOD","61760","578.1941"
"2022/02/21 06:00:00","DUNWOD","61760","601.6641"
"2022/02/21 07:00:00","DUNWOD","61760","623.8091"
"2022/02/21 08:00:00","DUNWOD","61760","634.9545"
"2022/02/21 09:00:00","DUNWOD","61760","630.6873"
"2022/02/21 10:00:00","DUNWOD","61760","629.0182"
"2022/02/21 11:00:00","DUNWOD","61760","619.67"
"2022/02/21 12:00:00","DUNWOD","61760","618.5174"
"2022/02/21 13:00:00","DUNWOD","61760","607.057"
"2022/02/21 14:00:00","DUNWOD","61760","609.1663"
"2022/02/21 15:00:00","DUNWOD","61760","615.1421"
"2022/02/21 16:00:00","DUNWOD","61760","624.9626"
"2022/02/21 17:00:00","DUNWOD","61760","661.3396"
"2022/02/21 18:00:00","DUNWOD","61760","694.0469"
"2022/02/21 19:00:00","DUNWOD","61760","691.7196"
"2022/02/21 20:00:00","DUNWOD","61760","674.3477"
"2022/02/21 21:00:00","DUNWOD","61760","654.3943"
"2022/02/21 22:00:00","DUNWOD","61760","620.346"
"2022/02/21 23:00:00","DUNWOD","61760","582.8045"
"2022/02/22 00:00:00","DUNWOD","61760","556.8476"
"2022/02/22 01:00:00","DUNWOD","61760","540.4309"
"2022/02/22 02:00:00","DUNWOD","61760","525.5609"
"2022/02/22 03:00:00","DUNWOD","61760","518.1864"
"2022/02/22 04:00:00","DUNWOD","61760","526.0798"
"2022/02/22 05:00:00","DUNWOD","61760","554.784"
"2022/02/22 06:00:00","DUNWOD","61760","600.7447"
"2022/02/22 07:00:00","DUNWOD","61760","639.7544"
"2022/02/22 08:00:00","DUNWOD","61760","670.8001"
"2022/02/22 09:00:00","DUNWOD","61760","679.4443"
"2022/02/22 10:00:00","DUNWOD","61760","686.3412"
"2022/02/22 11:00:00","DUNWOD","61760","676.9868"
"2022/02/22 12:00:00","DUNWOD","61760","659.6181"
"2022/02/22 13:00:00","DUNWOD","61760","668.8541"
"2022/02/22 14:00:00","DUNWOD","61760","677.601"
"2022/02/22 15:00:00","DUNWOD","61760","685.9816"
"2022/02/22 16:00:00","DUNWOD","61760","690.8023"
"2022/02/22 17:00:00","DUNWOD","61760","706.9321"
"2022/02/22 18:00:00","DUNWOD","61760","707.6467"
"2022/02/22 19:00:00","DUNWOD","61760","685.7815"
"2022/02/22 20:00:00","DUNWOD","61760","656.2004"
"2022/02/22 21:00:00","DUNWOD","61760","619.9317"
"2022/02/22 22:00:00","DUNWOD","61760","579.8266"
"2022/02/22 23:00:00","DUNWOD","61760","549.7456"
"2022/02/23 00:00:00","DUNWOD","61760","523.2422"
"2022/02/23 01:00:00","DUNWOD","61760","500.9887"
"2022/02/23 02:00:00","DUNWOD","61760","488.8446"
"2022/02/23 03:00:00","DUNWOD","61760","481.469"
"2022/02/23 04:00:00","DUNWOD","61760","487.2143"
"2022/02/23 05:00:00","DUNWOD","61760","512.4144"
"2022/02/23 06:00:00","DUNWOD","61760","559.0121"
"2022/02/23 07:00:00","DUNWOD","61760","590.3466"
"2022/02/23 08:00:00","DUNWOD","61760","616.0331"
"2022/02/23 09:00:00","DUNWOD","61760","634.1747"
"2022/02/23 10:00:00","DUNWOD","61760","626.0714"
"2022/02/23 11:00:00","DUNWOD","61760","616.701"
"2022/02/23 12:00:00","DUNWOD","61760","602.3115"
"2022/02/23 13:00:00","DUNWOD","61760","591.8995"
"2022/02/23 14:00:00","DUNWOD","61760","583.7369"
"2022/02/23 15:00:00","DUNWOD","61760","589.3232"
"2022/02/23 16:00:00","DUNWOD","61760","597.917"
"2022/02/23 17:00:00","DUNWOD","61760","621.0201"
"2022/02/23 18:00:00","DUNWOD","61760","647.6532"
"2022/02/23 19:00:00","DUNWOD","61760","642.7397"
"2022/02/23 20:00:00","DUNWOD","61760","629.863"
"2022/02/23 21:00:00","DUNWOD","61760","611.9969"
"2022/02/23 22:00:00","DUNWOD","61760","580.0677"
"2022/02/23 23:00:00","DUNWOD","61760","544.2062"
"2022/02/24 00:00:00","DUNWOD","61760","539.1114"
"2022/02/24 01:00:00","DUNWOD","61760","525.8445"
"2022/02/24 02:00:00","DUNWOD","61760","514.5304"
"2022/02/24 03:00:00","DUNWOD","61760","512.8809"
"2022/02/24 04:00:00","DUNWOD","61760","524.3195"
"2022/02/24 05:00:00","DUNWOD","61760","553.8134"
"2022/02/24 06:00:00","DUNWOD","61760","594.4793"
"2022/02/24 07:00:00","DUNWOD","61760","626.0516"
"2022/02/24 08:00:00","DUNWOD","61760","657.7768"
"2022/02/24 09:00:00","DUNWOD","61760","670.756"
"2022/02/24 10:00:00","DUNWOD","61760","680.3649"
"2022/02/24 11:00:00","DUNWOD","61760","690.2701"
"2022/02/24 12:00:00","DUNWOD","61760","692.0433"
"2022/02/24 13:00:00","DUNWOD","61760","694.3437"
"2022/02/24 14:00:00","DUNWOD","61760","691.1172"
"2022/02/24 15:00:00","DUNWOD","61760","690.3104"
"2022/02/24 16:00:00","DUNWOD","61760","698.0565"
"2022/02/24 17:00:00","DUNWOD","61760","721.1592"
"2022/02/24 18:00:00","DUNWOD","61760","736.9384"
"2022/02/24 19:00:00","DUNWOD","61760","719.4392"
"2022/02/24 20:00:00","DUNWOD","61760","696.5568"
"2022/02/24 21:00:00","DUNWOD","61760","665.0956"
"2022/02/24 22:00:00","DUNWOD","61760","627.4937"
"2022/02/24 23:00:00","DUNWOD","61760","588.8531"
"2022/02/25 00:00:00","DUNWOD","61760","578.749"
"2022/02/25 01:00:00","DUNWOD","61760","566.0968"
"2022/02/25 02:00:00","DUNWOD","61760","555.6786"
"2022/02/25 03:00:00","DUNWOD","61760","552.9453"
"2022/02/25 04:00:00","DUNWOD","61760","557.8601"
"2022/02/25 05:00:00","DUNWOD","61760","583.1362"
"2022/02/25 06:00:00","DUNWOD","61760","609.9451"
"2022/02/25 07:00:00","DUNWOD","61760","643.0791"
"2022/02/25 08:00:00","DUNWOD","61760","680.0806"
"2022/02/25 09:00:00","DUNWOD","61760","707.3618"
"2022/02/25 10:00:00","DUNWOD","61760","717.4812"
"2022/02/25 11:00:00","DUNWOD","61760","724.3232"
"2022/02/25 12:00:00","DUNWOD","61760","719.9173"
"2022/02/25 13:00:00","DUNWOD","61760","696.8865"
"2022/02/25 14:00:00","DUNWOD","61760","682.2395"
"2022/02/25 15:00:00","DUNWOD","61760","680.7752"
"2022/02/25 16:00:00","DUNWOD","61760","689.3646"
"2022/02/25 17:00:00","DUNWOD","61760","707.5214"
"2022/02/25 18:00:00","DUNWOD","61760","724.5374"
"2022/02/25 19:00:00","DUNWOD","61760","721.5967"
"2022/02/25 20:00:00","DUNWOD","61760","695.4879"
"2022/02/25 21:00:00","DUNWOD","61760","673.4085"
"2022/02/25 22:00:00","DUNWOD","61760","642.3772"
"2022/02/25 23:00:00","DUNWOD","61760","612.8213"
"2022/02/26 00:00:00","DUNWOD","61760","593.975"
"2022/02/26 01:00:00","DUNWOD","61760","579.2664"
"2022/02/26 02:00:00","DUNWOD","61760","569.0822"
"2022/02/26 03:00:00","DUNWOD","61760","560.4351"
"2022/02/26 04:00:00","DUNWOD","61760","561.8341"
"2022/02/26 05:00:00","DUNWOD","61760","574.4273"
"2022/02/26 06:00:00","DUNWOD","61760","586.7316"
"2022/02/26 07:00:00","DUNWOD","61760","622.5745"
"2022/02/26 08:00:00","DUNWOD","61760","634.3367"
"2022/02/26 09:00:00","DUNWOD","61760","627.6835"
"2022/02/26 10:00:00","DUNWOD","61760","632.4811"
"2022/02/26 11:00:00","DUNWOD","61760","632.1573"
"2022/02/26 12:00:00","DUNWOD","61760","624.1681"
"2022/02/26 13:00:00","DUNWOD","61760","605.819"
"2022/02/26 14:00:00","DUNWOD","61760","600.3342"
"2022/02/26 15:00:00","DUNWOD","61760","606.0606"
"2022/02/26 16:00:00","DUNWOD","61760","624.4255"
"2022/02/26 17:00:00","DUNWOD","61760","655.3928"
"2022/02/26 18:00:00","DUNWOD","61760","691.4507"
"2022/02/26 19:00:00","DUNWOD","61760","684.0105"
"2022/02/26 20:00:00","DUNWOD","61760","672.8942"
"2022/02/26 21:00:00","DUNWOD","61760","661.0556"
"2022/02/26 22:00:00","DUNWOD","61760","632.4129"
"2022/02/26 23:00:00","DUNWOD","61760","606.8527"
"2022/02/27 00:00:00","DUNWOD","61760","582.6547"
"2022/02/27 01:00:00","DUNWOD","61760","564.2363"
"2022/02/27 02:00:00","DUNWOD","61760","548.9692"
"2022/02/27 03:00:00","DUNWOD","61760","539.9916"
"2022/02/27 04:00:00","DUNWOD","61760","547.6082"
"2022/02/27 05:00:00","DUNWOD","61760","567.7381"
"2022/02/27 06:00:00","DUNWOD","61760","575.4269"
"2022/02/27 07:00:00","DUNWOD","61760","581.6082"
"2022/02/27 08:00:00","DUNWOD","61760","584.6803"
"2022/02/27 09:00:00","DUNWOD","61760","587.8449"
"2022/02/27 10:00:00","DUNWOD","61760","588.0516"
"2022/02/27 11:00:00","DUNWOD","61760","584.9452"
"2022/02/27 12:00:00","DUNWOD","61760","581.4552"
"2022/02/27 13:00:00","DUNWOD","61760","576.8065"
"2022/02/27 14:00:00","DUNWOD","61760","578.9273"
"2022/02/27 15:00:00","DUNWOD","61760","585.7744"
"2022/02/27 16:00:00","DUNWOD","61760","606.3357"
"2022/02/27 17:00:00","DUNWOD","61760","644.0763"
"2022/02/27 18:00:00","DUNWOD","61760","683.7334"
"2022/02/27 19:00:00","DUNWOD","61760","677.9784"
"2022/02/27 20:00:00","DUNWOD","61760","675.0786"
"2022/02/27 21:00:00","DUNWOD","61760","661.0485"
"2022/02/27 22:00:00","DUNWOD","61760","614.7793"
"2022/02/27 23:00:00","DUNWOD","61760","581.9369"
"2022/02/28 00:00:00","DUNWOD","61760","566.8221"
"2022/02/28 01:00:00","DUNWOD","61760","551.4688"
"2022/02/28 02:00:00","DUNWOD","61760","542.7827"
"2022/02/28 03:00:00","DUNWOD","61760","541.9825"
"2022/02/28 04:00:00","DUNWOD","61760","551.5998"
"2022/02/28 05:00:00","DUNWOD","61760","584.9549"
"2022/02/28 06:00:00","DUNWOD","61760","631.9948"
"2022/02/28 07:00:00","DUNWOD","61760","670.3634"
"2022/02/28 08:00:00","DUNWOD","61760","676.7773"
"2022/02/28 09:00:00","DUNWOD","61760","675.2851"
"2022/02/28 10:00:00","DUNWOD","61760","671.2608"
"2022/02/28 11:00:00","DUNWOD","61760","661.6305"
"2022/02/28 12:00:00","DUNWOD","61760","655.1101"
"2022/02/28 13:00:00","DUNWOD","61760","651.2825"
"2022/02/28 14:00:00","DUNWOD","61760","653.2014"
"2022/02/28 15:00:00","DUNWOD","61760","660.1778"
"2022/02/28 16:00:00","DUNWOD","61760","680.415"
"2022/02/28 17:00:00","DUNWOD","61760","716.4723"
"2022/02/28 18:00:00","DUNWOD","61760","753.4276"
"2022/02/28 19:00:00","DUNWOD","61760","745.5747"
"2022/02/28 20:00:00","DUNWOD","61760","727.2685"
"2022/02/28 21:00:00","DUNWOD","61760","694.4958"
"2022/02/28 22:00:00","DUNWOD","61760","646.8185"
"2022/02/28 23:00:00","DUNWOD","61760","599.9778"
"2022/03/01 00:00:00","DUNWOD","61760","573.1578"
"2022/03/01 01:00:00","DUNWOD","61760","555.928"
"2022/03/01 02:00:00","DUNWOD","61760","542.977"
"2022/03/01 03:00:00","DUNWOD","61760","538.7751"
"2022/03/01 04:00:00","DUNWOD","61760","550.7281"
"2022/03/01 05:00:00","DUNWOD","61760","565.8056"
"2022/03/01 06:00:00","DUNWOD","61760","621.3109"
"2022/03/01 07:00:00","DUNWOD","61760","669.9632"
"2022/03/01 08:00:00","DUNWOD","61760","687.5566"
"2022/03/01 09:00:00","DUNWOD","61760","700.3275"
"2022/03/01 10:00:00","DUNWOD","61760","701.4383"
"2022/03/01 11:00:00","DUNWOD","61760","691.1753"
"2022/03/01 12:00:00","DUNWOD","61760","680.3554"
"2022/03/01 13:00:00","DUNWOD","61760","672.4469"
"2022/03/01 14:00:00","DUNWOD","61760","666.4806"
"2022/03/01 15:00:00","DUNWOD","61760","675.0998"
"2022/03/01 16:00:00","DUNWOD","61760","677.5671"
"2022/03/01 17:00:00","DUNWOD","61760","693.5103"
"2022/03/01 18:00:00","DUNWOD","61760","717.0818"
"2022/03/01 19:00:00","DUNWOD","61760","699.6727"
"2022/03/01 20:00:00","DUNWOD","61760","678.577"
"2022/03/01 21:00:00","DUNWOD","61760","644.101"
"2022/03/01 22:00:00","DUNWOD","61760","606.78"
"2022/03/01 23:00:00","DUNWOD","61760","561.0408"
"2022/03/02 00:00:00","DUNWOD","61760","532.7053"
"2022/03/02 01:00:00","DUNWOD","61760","514.5089"
"2022/03/02 02:00:00","DUNWOD","61760","505.6296"
"2022/03/02 03:00:00","DUNWOD","61760","501.6929"
"2022/03/02 04:00:00","DUNWOD","61760","509.7254"
"2022/03/02 05:00:00","DUNWOD","61760","539.2418"
"2022/03/02 06:00:00","DUNWOD","61760","597.1601"
"2022/03/02 07:00:00","DUNWOD","61760","626.683"
"2022/03/02 08:00:00","DUNWOD","61760","628.8642"
"2022/03/02 09:00:00","DUNWOD","61760","623.1288"
"2022/03/02 10:00:00","DUNWOD","61760","626.0573"
"2022/03/02 11:00:00","DUNWOD","61760","611.885"
"2022/03/02 12:00:00","DUNWOD","61760","603.1463"
"2022/03/02 13:00:00","DUNWOD","61760","601.3604"
"2022/03/02 14:00:00","DUNWOD","61760","602.0313"
"2022/03/02 15:00:00","DUNWOD","61760","609.0151"
"2022/03/02 16:00:00","DUNWOD","61760","626.1368"
"2022/03/02 17:00:00","DUNWOD","61760","655.9269"
"2022/03/02 18:00:00","DUNWOD","61760","690.2381"
"2022/03/02 19:00:00","DUNWOD","61760","685.0705"
"2022/03/02 20:00:00","DUNWOD","61760","663.4815"
"2022/03/02 21:00:00","DUNWOD","61760","632.8585"
"2022/03/02 22:00:00","DUNWOD","61760","595.4769"
"2022/03/02 23:00:00","DUNWOD","61760","554.2959"
"2022/03/03 00:00:00","DUNWOD","61760","527.4069"
"2022/03/03 01:00:00","DUNWOD","61760","508.7975"
"2022/03/03 02:00:00","DUNWOD","61760","504.074"
"2022/03/03 03:00:00","DUNWOD","61760","499.2405"
"2022/03/03 04:00:00","DUNWOD","61760","506.01"
"2022/03/03 05:00:00","DUNWOD","61760","539.41"
"2022/03/03 06:00:00","DUNWOD","61760","596.5745"
"2022/03/03 07:00:00","DUNWOD","61760","634.4332"
"2022/03/03 08:00:00","DUNWOD","61760","637.4704"
"2022/03/03 09:00:00","DUNWOD","61760","631.894"
"2022/03/03 10:00:00","DUNWOD","61760","631.6451"
"2022/03/03 11:00:00","DUNWOD","61760","622.0432"
"2022/03/03 12:00:00","DUNWOD","61760","618.2819"
"2022/03/03 13:00:00","DUNWOD","61760","617.6761"
"2022/03/03 14:00:00","DUNWOD","61760","622.6418"
"2022/03/03 15:00:00","DUNWOD","61760","636.5528"
"2022/03/03 16:00:00","DUNWOD","61760","658.0101"
"2022/03/03 17:00:00","DUNWOD","61760","691.0148"
"2022/03/03 18:00:00","DUNWOD","61760","732.6546"
"2022/03/03 19:00:00","DUNWOD","61760","731.9546"
"2022/03/03 20:00:00","DUNWOD","61760","715.1213"
"2022/03/03 21:00:00","DUNWOD","61760","686.2908"
"2022/03/03 22:00:00","DUNWOD","61760","644.6844"
"2022/03/03 23:00:00","DUNWOD","61760","604.1914"
"2022/03/04 00:00:00","DUNWOD","61760","581.3238"
"2022/03/04 01:00:00","DUNWOD","61760","571.6682"
"2022/03/04 02:00:00","DUNWOD","61760","561.1098"
"2022/03/04 03:00:00","DUNWOD","61760","556.8539"
"2022/03/04 04:00:00","DUNWOD","61760","567.17"
"2022/03/04 05:00:00","DUNWOD","61760","602.2954"
"2022/03/04 06:00:00","DUNWOD","61760","655.1836"
"2022/03/04 07:00:00","DUNWOD","61760","694.0555"
"2022/03/04 08:00:00","DUNWOD","61760","696.8585"
"2022/03/04 09:00:00","DUNWOD","61760","690.1849"
"2022/03/04 10:00:00","DUNWOD","61760","681.065"
"2022/03/04 11:00:00","DUNWOD","61760","667.4955"
"2022/03/04 12:00:00","DUNWOD","61760","660.3745"
"2022/03/04 13:00:00","DUNWOD","61760","655.7262"
"2022/03/04 14:00:00","DUNWOD","61760","655.0204"
"2022/03/04 15:00:00","DUNWOD","61760","663.6971"
"2022/03/04 16:00:00","DUNWOD","61760","680.636"
"2022/03/04 17:00:00","DUNWOD","61760","709.2668"
"2022/03/04 18:00:00","DUNWOD","61760","736.2802"
"2022/03/04 19:00:00","DUNWOD","61760","728.5038"
"2022/03/04 20:00:00","DUNWOD","61760","708.5473"
"2022/03/04 21:00:00","DUNWOD","61760","684.2134"
"2022/03/04 22:00:00","DUNWOD","61760","652.0531"
"2022/03/04 23:00:00","DUNWOD","61760","615.2871"
"2022/03/05 00:00:00","DUNWOD","61760","597.5322"
"2022/03/05 01:00:00","DUNWOD","61760","581.1675"
"2022/03/05 02:00:00","DUNWOD","61760","569.8228"
"2022/03/05 03:00:00","DUNWOD","61760","563.8014"
"2022/03/05 04:00:00","DUNWOD","61760","567.7403"
"2022/03/05 05:00:00","DUNWOD","61760","579.5795"
"2022/03/05 06:00:00","DUNWOD","61760","591.639"
"2022/03/05 07:00:00","DUNWOD","61760","610.9371"
"2022/03/05 08:00:00","DUNWOD","61760","613.7897"
"2022/03/05 09:00:00","DUNWOD","61760","622.0944"
"2022/03/05 10:00:00","DUNWOD","61760","620.5251"
"2022/03/05 11:00:00","DUNWOD","61760","614.2929"
"2022/03/05 12:00:00","DUNWOD","61760","620.7377"
"2022/03/05 13:00:00","DUNWOD","61760","609.8249"
"2022/03/05 14:00:00","DUNWOD","61760","610.7707"
"2022/03/05 15:00:00","DUNWOD","61760","613.3492"
"2022/03/05 16:00:00","DUNWOD","61760","624.2782"
"2022/03/05 17:00:00","DUNWOD","61760","651.7156"
"2022/03/05 18:00:00","DUNWOD","61760","685.5991"
"2022/03/05 19:00:00","DUNWOD","61760","681.4782"
"2022/03/05 20:00:00","DUNWOD","61760","669.8976"
"2022/03/05 21:00:00","DUNWOD","61760","652.1507"
"2022/03/05 22:00:00","DUNWOD","61760","629.383"
"2022/03/05 23:00:00","DUNWOD","61760","595.3387"
"2022/03/06 00:00:00","DUNWOD","61760","564.3824"
"2022/03/06 01:00:00","DUNWOD","61760","540.3442"
"2022/03/06 02:00:00","DUNWOD","61760","521.6209"
"2022/03/06 03:00:00","DUNWOD","61760","508.145"
"2022/03/06 04:00:00","DUNWOD","61760","507.635"
"2022/03/06 05:00:00","DUNWOD","61760","517.3415"
"2022/03/06 06:00:00","DUNWOD","61760","528.4896"
"2022/03/06 07:00:00","DUNWOD","61760","538.9763"
"2022/03/06 08:00:00","DUNWOD","61760","567.6456"
"2022/03/06 09:00:00","DUNWOD","61760","596.5418"
"2022/03/06 10:00:00","DUNWOD","61760","617.2353"
"2022/03/06 11:00:00","DUNWOD","61760","620.225"
"2022/03/06 12:00:00","DUNWOD","61760","613.1777"
"2022/03/06 13:00:00","DUNWOD","61760","600.4733"
"2022/03/06 14:00:00","DUNWOD","61760","583.084"
"2022/03/06 15:00:00","DUNWOD","61760","579.8569"
"2022/03/06 16:00:00","DUNWOD","61760","593.7914"
"2022/03/06 17:00:00","DUNWOD","61760","614.6258"
"2022/03/06 18:00:00","DUNWOD","61760","645.1686"
"2022/03/06 19:00:00","DUNWOD","61760","638.2901"
"2022/03/06 20:00:00","DUNWOD","61760","628.8171"
"2022/03/06 21:00:00","DUNWOD","61760","600.0521"
"2022/03/06 22:00:00","DUNWOD","61760","563.3514"
"2022/03/06 23:00:00","DUNWOD","61760","529.4219"
"2022/03/07 00:00:00","DUNWOD","61760","503.1616"
"2022/03/07 01:00:00","DUNWOD","61760","483.5514"
"2022/03/07 02:00:00","DUNWOD","61760","470.4109"
"2022/03/07 03:00:00","DUNWOD","61760","464.6928"
"2022/03/07 04:00:00","DUNWOD","61760","471.2278"
"2022/03/07 05:00:00","DUNWOD","61760","494.9158"
"2022/03/07 06:00:00","DUNWOD","61760","541.1675"
"2022/03/07 07:00:00","DUNWOD","61760","577.53"
"2022/03/07 08:00:00","DUNWOD","61760","583.9282"
"2022/03/07 09:00:00","DUNWOD","61760","600.1734"
"2022/03/07 10:00:00","DUNWOD","61760","605.2027"
"2022/03/07 11:00:00","DUNWOD","61760","592.512"
"2022/03/07 12:00:00","DUNWOD","61760","598.5635"
"2022/03/07 13:00:00","DUNWOD","61760","606.319"
"2022/03/07 14:00:00","DUNWOD","61760","609.1632"
"2022/03/07 15:00:00","DUNWOD","61760","627.2434"
"2022/03/07 16:00:00","DUNWOD","61760","652.343"
"2022/03/07 17:00:00","DUNWOD","61760","659.373"
"2022/03/07 18:00:00","DUNWOD","61760","675.6389"
"2022/03/07 19:00:00","DUNWOD","61760","654.8518"
"2022/03/07 20:00:00","DUNWOD","61760","627.9067"
"2022/03/07 21:00:00","DUNWOD","61760","593.7457"
"2022/03/07 22:00:00","DUNWOD","61760","551.8183"
"2022/03/07 23:00:00","DUNWOD","61760","523.0764"
"2022/03/08 00:00:00","DUNWOD","61760","498.5347"
"2022/03/08 01:00:00","DUNWOD","61760","482.932"
"2022/03/08 02:00:00","DUNWOD","61760","473.8919"
"2022/03/08 03:00:00","DUNWOD","61760","471.1715"
"2022/03/08 04:00:00","DUNWOD","61760","480.4203"
"2022/03/08 05:00:00","DUNWOD","61760","510.701"
"2022/03/08 06:00:00","DUNWOD","61760","566.4476"
"2022/03/08 07:00:00","DUNWOD","61760","606.0494"
"2022/03/08 08:00:00","DUNWOD","61760","610.1456"
"2022/03/08 09:00:00","DUNWOD","61760","611.8578"
"2022/03/08 10:00:00","DUNWOD","61760","607.3121"
"2022/03/08 11:00:00","DUNWOD","61760","599.0543"
"2022/03/08 12:00:00","DUNWOD","61760","604.1902"
"2022/03/08 13:00:00","DUNWOD","61760","601.9792"
"2022/03/08 14:00:00","DUNWOD","61760","602.1648"
"2022/03/08 15:00:00","DUNWOD","61760","615.6088"
"2022/03/08 16:00:00","DUNWOD","61760","634.3061"
"2022/03/08 17:00:00","DUNWOD","61760","664.9672"
"2022/03/08 18:00:00","DUNWOD","61760","696.5597"
"2022/03/08 19:00:00","DUNWOD","61760","695.9033"
"2022/03/08 20:00:00","DUNWOD","61760","671.2364"
"2022/03/08 21:00:00","DUNWOD","61760","636.0862"
"2022/03/08 22:00:00","DUNWOD","61760","591.1307"
"2022/03/08 23:00:00","DUNWOD","61760","547.6658"
"2022/03/09 00:00:00","DUNWOD","61760","526.4575"
"2022/03/09 01:00:00","DUNWOD","61760","506.423"
"2022/03/09 02:00:00","DUNWOD","61760","499.1459"
"2022/03/09 03:00:00","DUNWOD","61760","510.1094"
"2022/03/09 04:00:00","DUNWOD","61760","513.5574"
"2022/03/09 05:00:00","DUNWOD","61760","546.5842"
"2022/03/09 06:00:00","DUNWOD","61760","590.1983"
"2022/03/09 07:00:00","DUNWOD","61760","632.0421"
"2022/03/09 08:00:00","DUNWOD","61760","662.494"
"2022/03/09 09:00:00","DUNWOD","61760","690.9688"
"2022/03/09 10:00:00","DUNWOD","61760","711.6113"
"2022/03/09 11:00:00","DUNWOD","61760","717.2437"
"2022/03/09 12:00:00","DUNWOD","61760","722.8602"
"2022/03/09 13:00:00","DUNWOD","61760","724.5987"
"2022/03/09 14:00:00","DUNWOD","61760","719.5566"
"2022/03/09 15:00:00","DUNWOD","61760","722.4888"
"2022/03/09 16:00:00","DUNWOD","61760","727.9118"
"2022/03/09 17:00:00","DUNWOD","61760","743.9158"
"2022/03/09 18:00:00","DUNWOD","61760","760.5385"
"2022/03/09 19:00:00","DUNWOD","61760","746.7565"
"2022/03/09 20:00:00","DUNWOD","61760","714.6784"
"2022/03/09 21:00:00","DUNWOD","61760","677.3007"
"2022/03/09 22:00:00","DUNWOD","61760","623.1702"
"2022/03/09 23:00:00","DUNWOD","61760","582.0362"
"2022/03/10 00:00:00","DUNWOD","61760","553.6309"
"2022/03/10 01:00:00","DUNWOD","61760","537.0693"
"2022/03/10 02:00:00","DUNWOD","61760","532.0354"
"2022/03/10 03:00:00","DUNWOD","61760","519.6484"
"2022/03/10 04:00:00","DUNWOD","61760","528.5189"
"2022/03/10 05:00:00","DUNWOD","61760","561.7914"
"2022/03/10 06:00:00","DUNWOD","61760","613.3412"
"2022/03/10 07:00:00","DUNWOD","61760","659.2602"
"2022/03/10 08:00:00","DUNWOD","61760","679.1699"
"2022/03/10 09:00:00","DUNWOD","61760","677.8152"
"2022/03/10 10:00:00","DUNWOD","61760","666.3535"
"2022/03/10 11:00:00","DUNWOD","61760","649.669"
"2022/03/10 12:00:00","DUNWOD","61760","640.9371"
"2022/03/10 13:00:00","DUNWOD","61760","627.0613"
"2022/03/10 14:00:00","DUNWOD","61760","627.8785"
"2022/03/10 15:00:00","DUNWOD","61760","640.0048"
"2022/03/10 16:00:00","DUNWOD","61760","654.1736"
"2022/03/10 17:00:00","DUNWOD","61760","675.2835"
"2022/03/10 18:00:00","DUNWOD","61760","705.6142"
"2022/03/10 19:00:00","DUNWOD","61760","697.5592"
"2022/03/10 20:00:00","DUNWOD","61760","675.9411"
"2022/03/10 21:00:00","DUNWOD","61760","645.9538"
"2022/03/10 22:00:00","DUNWOD","61760","603.6026"
"2022/03/10 23:00:00","DUNWOD","61760","562.3466"
"2022/03/11 00:00:00","DUNWOD","61760","546.9097"
"2022/03/11 01:00:00","DUNWOD","61760","533.9598"
"2022/03/11 02:00:00","DUNWOD","61760","522.3811"
"2022/03/11 03:00:00","DUNWOD","61760","516.1343"
"2022/03/11 04:00:00","DUNWOD","61760","524.5448"
"2022/03/11 05:00:00","DUNWOD","61760","556.1918"
"2022/03/11 06:00:00","DUNWOD","61760","590.7714"
"2022/03/11 07:00:00","DUNWOD","61760","622.8388"
"2022/03/11 08:00:00","DUNWOD","61760","626.0964"
"2022/03/11 09:00:00","DUNWOD","61760","622.1961"
"2022/03/11 10:00:00","DUNWOD","61760","599.8636"
"2022/03/11 11:00:00","DUNWOD","61760","591.9087"
"2022/03/11 12:00:00","DUNWOD","61760","589.5215"
"2022/03/11 13:00:00","DUNWOD","61760","584.8677"
"2022/03/11 14:00:00","DUNWOD","61760","584.8462"
"2022/03/11 15:00:00","DUNWOD","61760","593.4686"
"2022/03/11 16:00:00","DUNWOD","61760","609.1287"
"2022/03/11 17:00:00","DUNWOD","61760","619.4795"
"2022/03/11 18:00:00","DUNWOD","61760","655.5615"
"2022/03/11 19:00:00","DUNWOD","61760","652.0962"
"2022/03/11 20:00:00","DUNWOD","61760","630.6328"
"2022/03/11 21:00:00","DUNWOD","61760","610.4132"
"2022/03/11 22:00:00","DUNWOD","61760","581.7926"
"2022/03/11 23:00:00","DUNWOD","61760","547.188"
"2022/03/12 00:00:00","DUNWOD","61760","522.0353"
"2022/03/12 01:00:00","DUNWOD","61760","499.2336"
"2022/03/12 02:00:00","DUNWOD","61760","483.4787"
"2022/03/12 03:00:00","DUNWOD","61760","476.5313"
"2022/03/12 04:00:00","DUNWOD","61760","474.0867"
"2022/03/12 05:00:00","DUNWOD","61760","487.1186"
"2022/03/12 06:00:00","DUNWOD","61760","505.7119"
"2022/03/12 07:00:00","DUNWOD","61760","524.1339"
"2022/03/12 08:00:00","DUNWOD","61760","559.3353"
"2022/03/12 09:00:00","DUNWOD","61760","595.5042"
"2022/03/12 10:00:00","DUNWOD","61760","636.5529"
"2022/03/12 11:00:00","DUNWOD","61760","661.5029"
"2022/03/12 12:00:00","DUNWOD","61760","670.7711"
"2022/03/12 13:00:00","DUNWOD","61760","662.6184"
"2022/03/12 14:00:00","DUNWOD","61760","651.9633"
"2022/03/12 15:00:00","DUNWOD","61760","657.4178"
"2022/03/12 16:00:00","DUNWOD","61760","680.9991"
"2022/03/12 17:00:00","DUNWOD","61760","698.3468"
"2022/03/12 18:00:00","DUNWOD","61760","726.5107"
"2022/03/12 19:00:00","DUNWOD","61760","715.3944"
"2022/03/12 20:00:00","DUNWOD","61760","701.7947"
"2022/03/12 21:00:00","DUNWOD","61760","681.771"
"2022/03/12 22:00:00","DUNWOD","61760","651.2679"
"2022/03/12 23:00:00","DUNWOD","61760","620.6788"
"2022/03/13 00:00:00","DUNWOD","61760","593.2699"
"2022/03/13 01:00:00","DUNWOD","61760","589.0548"
"2022/03/13 03:00:00","DUNWOD","61760","587.6989"
"2022/03/13 04:00:00","DUNWOD","61760","582.5608"
"2022/03/13 05:00:00","DUNWOD","61760","584.0965"
"2022/03/13 06:00:00","DUNWOD","61760","591.2439"
"2022/03/13 07:00:00","DUNWOD","61760","597.1272"
"2022/03/13 08:00:00","DUNWOD","61760","587.8579"
"2022/03/13 09:00:00","DUNWOD","61760","616.4663"
"2022/03/13 10:00:00","DUNWOD","61760","625.8284"
"2022/03/13 11:00:00","DUNWOD","61760","628.1208"
"2022/03/13 12:00:00","DUNWOD","61760","626.3603"
"2022/03/13 13:00:00","DUNWOD","61760","627.7117"
"2022/03/13 14:00:00","DUNWOD","61760","606.7578"
"2022/03/13 15:00:00","DUNWOD","61760","606.9517"
"2022/03/13 16:00:00","DUNWOD","61760","625.1703"
"2022/03/13 17:00:00","DUNWOD","61760","666.485"
"2022/03/13 18:00:00","DUNWOD","61760","692.6225"
"2022/03/13 19:00:00","DUNWOD","61760","714.8251"
"2022/03/13 20:00:00","DUNWOD","61760","709.3097"
"2022/03/13 21:00:00","DUNWOD","61760","682.7912"
"2022/03/13 22:00:00","DUNWOD","61760","643.0195"
"2022/03/13 23:00:00","DUNWOD","61760","601.8904"
"2022/03/14 00:00:00","DUNWOD","61760","575.8027"
"2022/03/14 01:00:00","DUNWOD","61760","575.6573"
"2022/03/14 02:00:00","DUNWOD","61760","549.7201"
"2022/03/14 03:00:00","DUNWOD","61760","519.9333"
"2022/03/14 04:00:00","DUNWOD","61760","524.938"
"2022/03/14 05:00:00","DUNWOD","61760","552.931"
"2022/03/14 06:00:00","DUNWOD","61760","615.0233"
"2022/03/14 07:00:00","DUNWOD","61760","675.2721"
"2022/03/14 08:00:00","DUNWOD","61760","671.1268"
"2022/03/14 09:00:00","DUNWOD","61760","665.1179"
"2022/03/14 10:00:00","DUNWOD","61760","647.0235"
"2022/03/14 11:00:00","DUNWOD","61760","630.6477"
"2022/03/14 12:00:00","DUNWOD","61760","616.9409"
"2022/03/14 13:00:00","DUNWOD","61760","606.3676"
"2022/03/14 14:00:00","DUNWOD","61760","597.0771"
"2022/03/14 15:00:00","DUNWOD","61760","597.581"
"2022/03/14 16:00:00","DUNWOD","61760","610.3841"
"2022/03/14 17:00:00","DUNWOD","61760","620.4247"
"2022/03/14 18:00:00","DUNWOD","61760","642.988"
"2022/03/14 19:00:00","DUNWOD","61760","668.0262"
"2022/03/14 20:00:00","DUNWOD","61760","657.6292"
"2022/03/14 21:00:00","DUNWOD","61760","631.4235"
"2022/03/14 22:00:00","DUNWOD","61760","591.9395"
"2022/03/14 23:00:00","DUNWOD","61760","554.8297"
"2022/03/15 00:00:00","DUNWOD","61760","530.3179"
"2022/03/15 01:00:00","DUNWOD","61760","511.8924"
"2022/03/15 02:00:00","DUNWOD","61760","498.5819"
"2022/03/15 03:00:00","DUNWOD","61760","491.8153"
"2022/03/15 04:00:00","DUNWOD","61760","497.8481"
"2022/03/15 05:00:00","DUNWOD","61760","528.0239"
"2022/03/15 06:00:00","DUNWOD","61760","585.5769"
"2022/03/15 07:00:00","DUNWOD","61760","626.1195"
"2022/03/15 08:00:00","DUNWOD","61760","625.6715"
"2022/03/15 09:00:00","DUNWOD","61760","613.8835"
"2022/03/15 10:00:00","DUNWOD","61760","608.2994"
"2022/03/15 11:00:00","DUNWOD","61760","593.8099"
"2022/03/15 12:00:00","DUNWOD","61760","583.6654"
"2022/03/15 13:00:00","DUNWOD","61760","579.0779"
"2022/03/15 14:00:00","DUNWOD","61760","579.2991"
"2022/03/15 15:00:00","DUNWOD","61760","579.5533"
"2022/03/15 16:00:00","DUNWOD","61760","586.1886"
"2022/03/15 17:00:00","DUNWOD","61760","597.8419"
"2022/03/15 18:00:00","DUNWOD","61760","603.6973"
"2022/03/15 19:00:00","DUNWOD","61760","640.9423"
"2022/03/15 20:00:00","DUNWOD","61760","632.5837"
"2022/03/15 21:00:00","DUNWOD","61760","603.3462"
"2022/03/15 22:00:00","DUNWOD","61760","562.308"
"2022/03/15 23:00:00","DUNWOD","61760","517.6624"
"2022/03/16 00:00:00","DUNWOD","61760","483.9989"
"2022/03/16 01:00:00","DUNWOD","61760","464.6287"
"2022/03/16 02:00:00","DUNWOD","61760","452.263"
"2022/03/16 03:00:00","DUNWOD","61760","448.9369"
"2022/03/16 04:00:00","DUNWOD","61760","453.9693"
"2022/03/16 05:00:00","DUNWOD","61760","484.1018"
"2022/03/16 06:00:00","DUNWOD","61760","548.19"
"2022/03/16 07:00:00","DUNWOD","61760","594.4589"
"2022/03/16 08:00:00","DUNWOD","61760","596.2908"
"2022/03/16 09:00:00","DUNWOD","61760","584.1458"
"2022/03/16 10:00:00","DUNWOD","61760","576.7632"
"2022/03/16 11:00:00","DUNWOD","61760","565.67"
"2022/03/16 12:00:00","DUNWOD","61760","557.5831"
"2022/03/16 13:00:00","DUNWOD","61760","554.1292"
"2022/03/16 14:00:00","DUNWOD","61760","554.6032"
"2022/03/16 15:00:00","DUNWOD","61760","559.7471"
"2022/03/16 16:00:00","DUNWOD","61760","567.6233"
"2022/03/16 17:00:00","DUNWOD","61760","583.3726"
"2022/03/16 18:00:00","DUNWOD","61760","605.4193"
"2022/03/16 19:00:00","DUNWOD","61760","623.9645"
"2022/03/16 20:00:00","DUNWOD","61760","619.904"
"2022/03/16 21:00:00","DUNWOD","61760","591.8815"
"2022/03/16 22:00:00","DUNWOD","61760","550.9453"
"2022/03/16 23:00:00","DUNWOD","61760","514.7677"
"2022/03/17 00:00:00","DUNWOD","61760","490.9578"
"2022/03/17 01:00:00","DUNWOD","61760","472.615"
"2022/03/17 02:00:00","DUNWOD","61760","458.2901"
"2022/03/17 03:00:00","DUNWOD","61760","450.4286"
"2022/03/17 04:00:00","DUNWOD","61760","460.5074"
"2022/03/17 05:00:00","DUNWOD","61760","490.6581"
"2022/03/17 06:00:00","DUNWOD","61760","548.7036"
"2022/03/17 07:00:00","DUNWOD","61760","596.7675"
"2022/03/17 08:00:00","DUNWOD","61760","622.6866"
"2022/03/17 09:00:00","DUNWOD","61760","648.5531"
"2022/03/17 10:00:00","DUNWOD","61760","657.7465"
"2022/03/17 11:00:00","DUNWOD","61760","649.6592"
"2022/03/17 12:00:00","DUNWOD","61760","653.5936"
"2022/03/17 13:00:00","DUNWOD","61760","649.6424"
"2022/03/17 14:00:00","DUNWOD","61760","645.1971"
"2022/03/17 15:00:00","DUNWOD","61760","649.6239"
"2022/03/17 16:00:00","DUNWOD","61760","649.4953"
"2022/03/17 17:00:00","DUNWOD","61760","654.0945"
"2022/03/17 18:00:00","DUNWOD","61760","658.5084"
"2022/03/17 19:00:00","DUNWOD","61760","661.1892"
"2022/03/17 20:00:00","DUNWOD","61760","638.0984"
"2022/03/17 21:00:00","DUNWOD","61760","604.9887"
"2022/03/17 22:00:00","DUNWOD","61760","564.3229"
"2022/03/17 23:00:00","DUNWOD","61760","522.5504"
"2022/03/18 00:00:00","DUNWOD","61760","495.5325"
"2022/03/18 01:00:00","DUNWOD","61760","476.8214"
"2022/03/18 02:00:00","DUNWOD","61760","462.5355"
"2022/03/18 03:00:00","DUNWOD","61760","454.6403"
"2022/03/18 04:00:00","DUNWOD","61760","458.3638"
"2022/03/18 05:00:00","DUNWOD","61760","485.3534"
"2022/03/18 06:00:00","DUNWOD","61760","541.4216"
"2022/03/18 07:00:00","DUNWOD","61760","583.289"
"2022/03/18 08:00:00","DUNWOD","61760","598.369"
"2022/03/18 09:00:00","DUNWOD","61760","604.5777"
"2022/03/18 10:00:00","DUNWOD","61760","589.3456"
"2022/03/18 11:00:00","DUNWOD","61760","578.5277"
"2022/03/18 12:00:00","DUNWOD","61760","571.5074"
"2022/03/18 13:00:00","DUNWOD","61760","568.2438"
"2022/03/18 14:00:00","DUNWOD","61760","570.2957"
"2022/03/18 15:00:00","DUNWOD","61760","574.0213"
"2022/03/18 16:00:00","DUNWOD","61760","587.2898"
"2022/03/18 17:00:00","DUNWOD","61760","595.2163"
"2022/03/18 18:00:00","DUNWOD","61760","589.9412"
"2022/03/18 19:00:00","DUNWOD","61760","604.5288"
"2022/03/18 20:00:00","DUNWOD","61760","597.0573"
"2022/03/18 21:00:00","DUNWOD","61760","574.2338"
"2022/03/18 22:00:00","DUNWOD","61760","543.053"
"2022/03/18 23:00:00","DUNWOD","61760","523.116"
"2022/03/19 00:00:00","DUNWOD","61760","494.0094"
"2022/03/19 01:00:00","DUNWOD","61760","471.8733"
"2022/03/19 02:00:00","DUNWOD","61760","456.1317"
"2022/03/19 03:00:00","DUNWOD","61760","445.9584"
"2022/03/19 04:00:00","DUNWOD","61760","443.9686"
"2022/03/19 05:00:00","DUNWOD","61760","453.461"
"2022/03/19 06:00:00","DUNWOD","61760","475.2824"
"2022/03/19 07:00:00","DUNWOD","61760","499.6916"
"2022/03/19 08:00:00","DUNWOD","61760","524.1057"
"2022/03/19 09:00:00","DUNWOD","61760","548.8611"
"2022/03/19 10:00:00","DUNWOD","61760","550.0828"
"2022/03/19 11:00:00","DUNWOD","61760","555.1984"
"2022/03/19 12:00:00","DUNWOD","61760","544.5801"
"2022/03/19 13:00:00","DUNWOD","61760","536.8954"
"2022/03/19 14:00:00","DUNWOD","61760","532.6923"
"2022/03/19 15:00:00","DUNWOD","61760","521.1519"
"2022/03/19 16:00:00","DUNWOD","61760","529.7997"
"2022/03/19 17:00:00","DUNWOD","61760","543.6616"
"2022/03/19 18:00:00","DUNWOD","61760","561.136"
"2022/03/19 19:00:00","DUNWOD","61760","585.101"
"2022/03/19 20:00:00","DUNWOD","61760","585.9984"
"2022/03/19 21:00:00","DUNWOD","61760","569.9416"
"2022/03/19 22:00:00","DUNWOD","61760","544.5153"
"2022/03/19 23:00:00","DUNWOD","61760","502.1567"
"2022/03/20 00:00:00","DUNWOD","61760","467.0636"
"2022/03/20 01:00:00","DUNWOD","61760","440.8453"
"2022/03/20 02:00:00","DUNWOD","61760","421.6393"
"2022/03/20 03:00:00","DUNWOD","61760","410.194"
"2022/03/20 04:00:00","DUNWOD","61760","409.7413"
"2022/03/20 05:00:00","DUNWOD","61760","420.2592"
"2022/03/20 06:00:00","DUNWOD","61760","438.9986"
"2022/03/20 07:00:00","DUNWOD","61760","448.8971"
"2022/03/20 08:00:00","DUNWOD","61760","463.943"
"2022/03/20 09:00:00","DUNWOD","61760","490.7858"
"2022/03/20 10:00:00","DUNWOD","61760","512.7977"
"2022/03/20 11:00:00","DUNWOD","61760","533.4499"
"2022/03/20 12:00:00","DUNWOD","61760","550.2223"
"2022/03/20 13:00:00","DUNWOD","61760","559.8063"
"2022/03/20 14:00:00","DUNWOD","61760","551.4786"
"2022/03/20 15:00:00","DUNWOD","61760","553.4919"
"2022/03/20 16:00:00","DUNWOD","61760","563.19"
"2022/03/20 17:00:00","DUNWOD","61760","574.2154"
"2022/03/20 18:00:00","DUNWOD","61760","592.4551"
"2022/03/20 19:00:00","DUNWOD","61760","614.6695"
"2022/03/20 20:00:00","DUNWOD","61760","616.358"
"2022/03/20 21:00:00","DUNWOD","61760","598.7326"
"2022/03/20 22:00:00","DUNWOD","61760","555.3292"
"2022/03/20 23:00:00","DUNWOD","61760","500.1147"
"2022/03/21 00:00:00","DUNWOD","61760","489.9434"
"2022/03/21 01:00:00","DUNWOD","61760","477.0326"
"2022/03/21 02:00:00","DUNWOD","61760","465.689"
"2022/03/21 03:00:00","DUNWOD","61760","460.7515"
"2022/03/21 04:00:00","DUNWOD","61760","470.7187"
"2022/03/21 05:00:00","DUNWOD","61760","502.6715"
"2022/03/21 06:00:00","DUNWOD","61760","566.6866"
"2022/03/21 07:00:00","DUNWOD","61760","610.2134"
"2022/03/21 08:00:00","DUNWOD","61760","622.8778"
"2022/03/21 09:00:00","DUNWOD","61760","611.8886"
"2022/03/21 10:00:00","DUNWOD","61760","600.5974"
"2022/03/21 11:00:00","DUNWOD","61760","589.7882"
"2022/03/21 12:00:00","DUNWOD","61760","577.8345"
"2022/03/21 13:00:00","DUNWOD","61760","570.2285"
"2022/03/21 14:00:00","DUNWOD","61760","563.1563"
"2022/03/21 15:00:00","DUNWOD","61760","567.2149"
"2022/03/21 16:00:00","DUNWOD","61760","575.5912"
"2022/03/21 17:00:00","DUNWOD","61760","589.6417"
"2022/03/21 18:00:00","DUNWOD","61760","601.2587"
"2022/03/21 19:00:00","DUNWOD","61760","624.2296"
"2022/03/21 20:00:00","DUNWOD","61760","619.6477"
"2022/03/21 21:00:00","DUNWOD","61760","590.44"
"2022/03/21 22:00:00","DUNWOD","61760","543.6293"
"2022/03/21 23:00:00","DUNWOD","61760","515.4855"
"2022/03/22 00:00:00","DUNWOD","61760","490.3529"
"2022/03/22 01:00:00","DUNWOD","61760","472.0439"
"2022/03/22 02:00:00","DUNWOD","61760","459.1442"
"2022/03/22 03:00:00","DUNWOD","61760","453.7864"
"2022/03/22 04:00:00","DUNWOD","61760","460.4591"
"2022/03/22 05:00:00","DUNWOD","61760","491.6848"
"2022/03/22 06:00:00","DUNWOD","61760","549.4862"
"2022/03/22 07:00:00","DUNWOD","61760","593.5075"
"2022/03/22 08:00:00","DUNWOD","61760","600.243"
"2022/03/22 09:00:00","DUNWOD","61760","595.5257"
"2022/03/22 10:00:00","DUNWOD","61760","585.0719"
"2022/03/22 11:00:00","DUNWOD","61760","573.7398"
"2022/03/22 12:00:00","DUNWOD","61760","564.495"
"2022/03/22 13:00:00","DUNWOD","61760","557.6273"
"2022/03/22 14:00:00","DUNWOD","61760","557.2765"
"2022/03/22 15:00:00","DUNWOD","61760","567.9685"
"2022/03/22 16:00:00","DUNWOD","61760","592.991"
"2022/03/22 17:00:00","DUNWOD","61760","610.0283"
"2022/03/22 18:00:00","DUNWOD","61760","623.7591"
"2022/03/22 19:00:00","DUNWOD","61760","642.3622"
"2022/03/22 20:00:00","DUNWOD","61760","635.9794"
"2022/03/22 21:00:00","DUNWOD","61760","611.4586"
"2022/03/22 22:00:00","DUNWOD","61760","567.3418"
"2022/03/22 23:00:00","DUNWOD","61760","527.623"
"2022/03/23 00:00:00","DUNWOD","61760","507.353"
"2022/03/23 01:00:00","DUNWOD","61760","490.2686"
"2022/03/23 02:00:00","DUNWOD","61760","477.0539"
"2022/03/23 03:00:00","DUNWOD","61760","474.4623"
"2022/03/23 04:00:00","DUNWOD","61760","483.4851"
"2022/03/23 05:00:00","DUNWOD","61760","512.7849"
"2022/03/23 06:00:00","DUNWOD","61760","573.5337"
"2022/03/23 07:00:00","DUNWOD","61760","621.8652"
"2022/03/23 08:00:00","DUNWOD","61760","619.5921"
"2022/03/23 09:00:00","DUNWOD","61760","619.334"
"2022/03/23 10:00:00","DUNWOD","61760","624.4693"
"2022/03/23 11:00:00","DUNWOD","61760","632.5847"
"2022/03/23 12:00:00","DUNWOD","61760","605.1851"
"2022/03/23 13:00:00","DUNWOD","61760","610.8556"
"2022/03/23 14:00:00","DUNWOD","61760","622.2395"
"2022/03/23 15:00:00","DUNWOD","61760","639.2386"
"2022/03/23 16:00:00","DUNWOD","61760","651.3144"
"2022/03/23 17:00:00","DUNWOD","61760","659.7792"
"2022/03/23 18:00:00","DUNWOD","61760","666.8606"
"2022/03/23 19:00:00","DUNWOD","61760","680.5978"
"2022/03/23 20:00:00","DUNWOD","61760","670.157"
"2022/03/23 21:00:00","DUNWOD","61760","638.3463"
"2022/03/23 22:00:00","DUNWOD","61760","595.8532"
"2022/03/23 23:00:00","DUNWOD","61760","549.4449"
"2022/03/24 00:00:00","DUNWOD","61760","528.1424"
"2022/03/24 01:00:00","DUNWOD","61760","514.831"
"2022/03/24 02:00:00","DUNWOD","61760","500.4162"
"2022/03/24 03:00:00","DUNWOD","61760","497.4"
"2022/03/24 04:00:00","DUNWOD","61760","502.8623"
"2022/03/24 05:00:00","DUNWOD","61760","530.2693"
"2022/03/24 06:00:00","DUNWOD","61760","586.1443"
"2022/03/24 07:00:00","DUNWOD","61760","641.9965"
"2022/03/24 08:00:00","DUNWOD","61760","669.4962"
"2022/03/24 09:00:00","DUNWOD","61760","694.0251"
"2022/03/24 10:00:00","DUNWOD","61760","710.4883"
"2022/03/24 11:00:00","DUNWOD","61760","709.7849"
"2022/03/24 12:00:00","DUNWOD","61760","711.1819"
"2022/03/24 13:00:00","DUNWOD","61760","701.4068"
"2022/03/24 14:00:00","DUNWOD","61760","692.5401"
"2022/03/24 15:00:00","DUNWOD","61760","693.1479"
"2022/03/24 16:00:00","DUNWOD","61760","699.303"
"2022/03/24 17:00:00","DUNWOD","61760","699.2305"
"2022/03/24 18:00:00","DUNWOD","61760","701.9933"
"2022/03/24 19:00:00","DUNWOD","61760","707.2729"
"2022/03/24 20:00:00","DUNWOD","61760","688.4138"
"2022/03/24 21:00:00","DUNWOD","61760","652.2223"
"2022/03/24 22:00:00","DUNWOD","61760","605.8591"
"2022/03/24 23:00:00","DUNWOD","61760","562.9418"
"2022/03/25 00:00:00","DUNWOD","61760","533.0468"
"2022/03/25 01:00:00","DUNWOD","61760","514.5024"
"2022/03/25 02:00:00","DUNWOD","61760","501.6602"
"2022/03/25 03:00:00","DUNWOD","61760","500.1151"
"2022/03/25 04:00:00","DUNWOD","61760","501.7405"
"2022/03/25 05:00:00","DUNWOD","61760","526.4387"
"2022/03/25 06:00:00","DUNWOD","61760","573.2002"
"2022/03/25 07:00:00","DUNWOD","61760","618.2842"
"2022/03/25 08:00:00","DUNWOD","61760","641.2839"
"2022/03/25 09:00:00","DUNWOD","61760","633.3748"
"2022/03/25 10:00:00","DUNWOD","61760","616.4635"
"2022/03/25 11:00:00","DUNWOD","61760","607.8487"
"2022/03/25 12:00:00","DUNWOD","61760","605.7566"
"2022/03/25 13:00:00","DUNWOD","61760","606.7935"
"2022/03/25 14:00:00","DUNWOD","61760","615.6508"
"2022/03/25 15:00:00","DUNWOD","61760","624.6772"
"2022/03/25 16:00:00","DUNWOD","61760","627.6676"
"2022/03/25 17:00:00","DUNWOD","61760","636.6827"
"2022/03/25 18:00:00","DUNWOD","61760","625.6814"
"2022/03/25 19:00:00","DUNWOD","61760","642.6049"
"2022/03/25 20:00:00","DUNWOD","61760","634.5022"
"2022/03/25 21:00:00","DUNWOD","61760","610.0272"
"2022/03/25 22:00:00","DUNWOD","61760","574.0989"
"2022/03/25 23:00:00","DUNWOD","61760","532.2506"
"2022/03/26 00:00:00","DUNWOD","61760","510.0513"
"2022/03/26 01:00:00","DUNWOD","61760","488.6936"
"2022/03/26 02:00:00","DUNWOD","61760","475.1211"
"2022/03/26 03:00:00","DUNWOD","61760","479.4374"
"2022/03/26 04:00:00","DUNWOD","61760","482.9253"
"2022/03/26 05:00:00","DUNWOD","61760","492.6673"
"2022/03/26 06:00:00","DUNWOD","61760","505.8447"
"2022/03/26 07:00:00","DUNWOD","61760","524.1645"
"2022/03/26 08:00:00","DUNWOD","61760","552.052"
"2022/03/26 09:00:00","DUNWOD","61760","552.1332"
"2022/03/26 10:00:00","DUNWOD","61760","567.6487"
"2022/03/26 11:00:00","DUNWOD","61760","587.0539"
"2022/03/26 12:00:00","DUNWOD","61760","588.633"
"2022/03/26 13:00:00","DUNWOD","61760","555.0849"
"2022/03/26 14:00:00","DUNWOD","61760","559.4776"
"2022/03/26 15:00:00","DUNWOD","61760","559.3558"
"2022/03/26 16:00:00","DUNWOD","61760","588.9486"
"2022/03/26 17:00:00","DUNWOD","61760","593.6128"
"2022/03/26 18:00:00","DUNWOD","61760","589.4649"
"2022/03/26 19:00:00","DUNWOD","61760","615.4081"
"2022/03/26 20:00:00","DUNWOD","61760","617.1512"
"2022/03/26 21:00:00","DUNWOD","61760","602.0211"
"2022/03/26 22:00:00","DUNWOD","61760","575.8963"
"2022/03/26 23:00:00","DUNWOD","61760","543.3287"
"2022/03/27 00:00:00","DUNWOD","61760","516.3855"
"2022/03/27 01:00:00","DUNWOD","61760","497.4173"
"2022/03/27 02:00:00","DUNWOD","61760","492.3336"
"2022/03/27 03:00:00","DUNWOD","61760","483.1227"
"2022/03/27 04:00:00","DUNWOD","61760","483.394"
"2022/03/27 05:00:00","DUNWOD","61760","493.6387"
"2022/03/27 06:00:00","DUNWOD","61760","511.4151"
"2022/03/27 07:00:00","DUNWOD","61760","520.599"
"2022/03/27 08:00:00","DUNWOD","61760","541.5696"
"2022/03/27 09:00:00","DUNWOD","61760","549.1218"
"2022/03/27 10:00:00","DUNWOD","61760","563.1684"
"2022/03/27 11:00:00","DUNWOD","61760","575.5443"
"2022/03/27 12:00:00","DUNWOD","61760","579.5528"
"2022/03/27 13:00:00","DUNWOD","61760","585.8345"
"2022/03/27 14:00:00","DUNWOD","61760","577.4386"
"2022/03/27 15:00:00","DUNWOD","61760","584.7423"
"2022/03/27 16:00:00","DUNWOD","61760","604.7626"
"2022/03/27 17:00:00","DUNWOD","61760","623.0503"
"2022/03/27 18:00:00","DUNWOD","61760","638.1124"
"2022/03/27 19:00:00","DUNWOD","61760","663.756"
"2022/03/27 20:00:00","DUNWOD","61760","670.2489"
"2022/03/27 21:00:00","DUNWOD","61760","647.7426"
"2022/03/27 22:00:00","DUNWOD","61760","612.7367"
"2022/03/27 23:00:00","DUNWOD","61760","583.5014"
"2022/03/28 00:00:00","DUNWOD","61760","558.7445"
"2022/03/28 01:00:00","DUNWOD","61760","546.2825"
"2022/03/28 02:00:00","DUNWOD","61760","535.7033"
"2022/03/28 03:00:00","DUNWOD","61760","530.407"
"2022/03/28 04:00:00","DUNWOD","61760","544.4416"
"2022/03/28 05:00:00","DUNWOD","61760","578.0356"
"2022/03/28 06:00:00","DUNWOD","61760","637.855"
"2022/03/28 07:00:00","DUNWOD","61760","689.2532"
"2022/03/28 08:00:00","DUNWOD","61760","693.8779"
"2022/03/28 09:00:00","DUNWOD","61760","696.0697"
"2022/03/28 10:00:00","DUNWOD","61760","690.0184"
"2022/03/28 11:00:00","DUNWOD","61760","690.1247"
"2022/03/28 12:00:00","DUNWOD","61760","697.2516"
"2022/03/28 13:00:00","DUNWOD","61760","703.343"
"2022/03/28 14:00:00","DUNWOD","61760","700.0713"
"2022/03/28 15:00:00","DUNWOD","61760","689.8637"
"2022/03/28 16:00:00","DUNWOD","61760","697.8791"
"2022/03/28 17:00:00","DUNWOD","61760","718.6289"
"2022/03/28 18:00:00","DUNWOD","61760","747.5507"
"2022/03/28 19:00:00","DUNWOD","61760","766.3749"
"2022/03/28 20:00:00","DUNWOD","61760","765.7292"
"2022/03/28 21:00:00","DUNWOD","61760","725.4115"
"2022/03/28 22:00:00","DUNWOD","61760","675.8501"
"2022/03/28 23:00:00","DUNWOD","61760","629.7495"
"2022/03/29 00:00:00","DUNWOD","61760","603.2222"
"2022/03/29 01:00:00","DUNWOD","61760","589.6265"
"2022/03/29 02:00:00","DUNWOD","61760","574.0561"
"2022/03/29 03:00:00","DUNWOD","61760","565.7405"
"2022/03/29 04:00:00","DUNWOD","61760","572.8246"
"2022/03/29 05:00:00","DUNWOD","61760","603.3506"
"2022/03/29 06:00:00","DUNWOD","61760","655.7569"
"2022/03/29 07:00:00","DUNWOD","61760","696.2755"
"2022/03/29 08:00:00","DUNWOD","61760","693.3842"
"2022/03/29 09:00:00","DUNWOD","61760","687.3789"
"2022/03/29 10:00:00","DUNWOD","61760","681.7664"
"2022/03/29 11:00:00","DUNWOD","61760","664.9921"
"2022/03/29 12:00:00","DUNWOD","61760","653.1438"
"2022/03/29 13:00:00","DUNWOD","61760","659.35"
"2022/03/29 14:00:00","DUNWOD","61760","661.0519"
"2022/03/29 15:00:00","DUNWOD","61760","672.5555"
"2022/03/29 16:00:00","DUNWOD","61760","669.4092"
"2022/03/29 17:00:00","DUNWOD","61760","686.3358"
"2022/03/29 18:00:00","DUNWOD","61760","697.9483"
"2022/03/29 19:00:00","DUNWOD","61760","726.9599"
"2022/03/29 20:00:00","DUNWOD","61760","714.6344"
"2022/03/29 21:00:00","DUNWOD","61760","685.1489"
"2022/03/29 22:00:00","DUNWOD","61760","645.7543"
"2022/03/29 23:00:00","DUNWOD","61760","602.7831"
"2022/03/30 00:00:00","DUNWOD","61760","577.0519"
"2022/03/30 01:00:00","DUNWOD","61760","564.3342"
"2022/03/30 02:00:00","DUNWOD","61760","553.0202"
"2022/03/30 03:00:00","DUNWOD","61760","551.7363"
"2022/03/30 04:00:00","DUNWOD","61760","561.3326"
"2022/03/30 05:00:00","DUNWOD","61760","584.6878"
"2022/03/30 06:00:00","DUNWOD","61760","637.7316"
"2022/03/30 07:00:00","DUNWOD","61760","680.2271"
"2022/03/30 08:00:00","DUNWOD","61760","685.347"
"2022/03/30 09:00:00","DUNWOD","61760","679.566"
"2022/03/30 10:00:00","DUNWOD","61760","676.1225"
"2022/03/30 11:00:00","DUNWOD","61760","674.0065"
"2022/03/30 12:00:00","DUNWOD","61760","671.057"
"2022/03/30 13:00:00","DUNWOD","61760","661.1123"
"2022/03/30 14:00:00","DUNWOD","61760","667.4361"
"2022/03/30 15:00:00","DUNWOD","61760","665.5396"
"2022/03/30 16:00:00","DUNWOD","61760","665.1917"
"2022/03/30 17:00:00","DUNWOD","61760","680.5924"
"2022/03/30 18:00:00","DUNWOD","61760","688.3351"
"2022/03/30 19:00:00","DUNWOD","61760","706.6999"
"2022/03/30 20:00:00","DUNWOD","61760","695.7461"
"2022/03/30 21:00:00","DUNWOD","61760","665.6271"
"2022/03/30 22:00:00","DUNWOD","61760","617.4179"
"2022/03/30 23:00:00","DUNWOD","61760","578.6295"
"2022/03/31 00:00:00","DUNWOD","61760","549.0333"
"2022/03/31 01:00:00","DUNWOD","61760","527.9904"
"2022/03/31 02:00:00","DUNWOD","61760","510.9665"
"2022/03/31 03:00:00","DUNWOD","61760","502.1629"
"2022/03/31 04:00:00","DUNWOD","61760","506.5043"
"2022/03/31 05:00:00","DUNWOD","61760","530.259"
"2022/03/31 06:00:00","DUNWOD","61760","590.0176"
"2022/03/31 07:00:00","DUNWOD","61760","651.6906"
"2022/03/31 08:00:00","DUNWOD","61760","665.5027"
"2022/03/31 09:00:00","DUNWOD","61760","662.9528"
"2022/03/31 10:00:00","DUNWOD","61760","656.1063"
"2022/03/31 11:00:00","DUNWOD","61760","648.0678"
"2022/03/31 12:00:00","DUNWOD","61760","647.2337"
"2022/03/31 13:00:00","DUNWOD","61760","649.2344"
"2022/03/31 14:00:00","DUNWOD","61760","636.0799"
"2022/03/31 15:00:00","DUNWOD","61760","629.2423"
"2022/03/31 16:00:00","DUNWOD","61760","640.6828"
"2022/03/31 17:00:00","DUNWOD","61760","653.4286"
"2022/03/31 18:00:00","DUNWOD","61760","661.4381"
"2022/03/31 19:00:00","DUNWOD","61760","661.45"
"2022/03/31 20:00:00","DUNWOD","61760","649.4281"
"2022/03/31 21:00:00","DUNWOD","61760","621.238"
"2022/03/31 22:00:00","DUNWOD","61760","582.5452"
"2022/03/31 23:00:00","DUNWOD","61760","544.2501"
"2022/04/01 00:00:00","DUNWOD","61760","513.177"
"2022/04/01 01:00:00","DUNWOD","61760","496.8672"
"2022/04/01 02:00:00","DUNWOD","61760","483.6204"
"2022/04/01 03:00:00","DUNWOD","61760","476.5138"
"2022/04/01 04:00:00","DUNWOD","61760","479.7725"
"2022/04/01 05:00:00","DUNWOD","61760","504.3698"
"2022/04/01 06:00:00","DUNWOD","61760","552.4874"
"2022/04/01 07:00:00","DUNWOD","61760","604.9006"
"2022/04/01 08:00:00","DUNWOD","61760","623.0783"
"2022/04/01 09:00:00","DUNWOD","61760","631.0049"
"2022/04/01 10:00:00","DUNWOD","61760","635.5283"
"2022/04/01 11:00:00","DUNWOD","61760","632.4913"
"2022/04/01 12:00:00","DUNWOD","61760","624.5335"
"2022/04/01 13:00:00","DUNWOD","61760","615.8295"
"2022/04/01 14:00:00","DUNWOD","61760","597.1531"
"2022/04/01 15:00:00","DUNWOD","61760","635.913"
"2022/04/01 16:00:00","DUNWOD","61760","623.1978"
"2022/04/01 17:00:00","DUNWOD","61760","636.8772"
"2022/04/01 18:00:00","DUNWOD","61760","647.9752"
"2022/04/01 19:00:00","DUNWOD","61760","654.9193"
"2022/04/01 20:00:00","DUNWOD","61760","650.8284"
"2022/04/01 21:00:00","DUNWOD","61760","633.1647"
"2022/04/01 22:00:00","DUNWOD","61760","599.9244"
"2022/04/01 23:00:00","DUNWOD","61760","561.6836"
"2022/04/02 00:00:00","DUNWOD","61760","534.2418"
"2022/04/02 01:00:00","DUNWOD","61760","520.1332"
"2022/04/02 02:00:00","DUNWOD","61760","506.4916"
"2022/04/02 03:00:00","DUNWOD","61760","497.8609"
"2022/04/02 04:00:00","DUNWOD","61760","499.4548"
"2022/04/02 05:00:00","DUNWOD","61760","512.4059"
"2022/04/02 06:00:00","DUNWOD","61760","533.4975"
"2022/04/02 07:00:00","DUNWOD","61760","555.0364"
"2022/04/02 08:00:00","DUNWOD","61760","568.4538"
"2022/04/02 09:00:00","DUNWOD","61760","571.2805"
"2022/04/02 10:00:00","DUNWOD","61760","566.6261"
"2022/04/02 11:00:00","DUNWOD","61760","557.3773"
"2022/04/02 12:00:00","DUNWOD","61760","548.9845"
"2022/04/02 13:00:00","DUNWOD","61760","537.8686"
"2022/04/02 14:00:00","DUNWOD","61760","531.0792"
"2022/04/02 15:00:00","DUNWOD","61760","529.7756"
"2022/04/02 16:00:00","DUNWOD","61760","532.8914"
"2022/04/02 17:00:00","DUNWOD","61760","552.9005"
"2022/04/02 18:00:00","DUNWOD","61760","573.0941"
"2022/04/02 19:00:00","DUNWOD","61760","600.2521"
"2022/04/02 20:00:00","DUNWOD","61760","611.8718"
"2022/04/02 21:00:00","DUNWOD","61760","601.9534"
"2022/04/02 22:00:00","DUNWOD","61760","579.6493"
"2022/04/02 23:00:00","DUNWOD","61760","549.3012"
"2022/04/03 00:00:00","DUNWOD","61760","524.8619"
"2022/04/03 01:00:00","DUNWOD","61760","508.3438"
"2022/04/03 02:00:00","DUNWOD","61760","494.2005"
"2022/04/03 03:00:00","DUNWOD","61760","484.5877"
"2022/04/03 04:00:00","DUNWOD","61760","484.109"
"2022/04/03 05:00:00","DUNWOD","61760","492.6878"
"2022/04/03 06:00:00","DUNWOD","61760","503.7613"
"2022/04/03 07:00:00","DUNWOD","61760","515.1485"
"2022/04/03 08:00:00","DUNWOD","61760","524.9149"
"2022/04/03 09:00:00","DUNWOD","61760","557.89"
"2022/04/03 10:00:00","DUNWOD","61760","588.7161"
"2022/04/03 11:00:00","DUNWOD","61760","613.6372"
"2022/04/03 12:00:00","DUNWOD","61760","619.1744"
"2022/04/03 13:00:00","DUNWOD","61760","618.7504"
"2022/04/03 14:00:00","DUNWOD","61760","619.6282"
"2022/04/03 15:00:00","DUNWOD","61760","615.7137"
"2022/04/03 16:00:00","DUNWOD","61760","626.9118"
"2022/04/03 17:00:00","DUNWOD","61760","638.422"
"2022/04/03 18:00:00","DUNWOD","61760","629.8105"
"2022/04/03 19:00:00","DUNWOD","61760","638.8894"
"2022/04/03 20:00:00","DUNWOD","61760","641.9929"
"2022/04/03 21:00:00","DUNWOD","61760","621.7106"
"2022/04/03 22:00:00","DUNWOD","61760","586.5673"
"2022/04/03 23:00:00","DUNWOD","61760","549.4026"
"2022/04/04 00:00:00","DUNWOD","61760","523.8209"
"2022/04/04 01:00:00","DUNWOD","61760","510.9203"
"2022/04/04 02:00:00","DUNWOD","61760","497.4463"
"2022/04/04 03:00:00","DUNWOD","61760","489.3365"
"2022/04/04 04:00:00","DUNWOD","61760","496.7509"
"2022/04/04 05:00:00","DUNWOD","61760","525.2058"
"2022/04/04 06:00:00","DUNWOD","61760","589.259"
"2022/04/04 07:00:00","DUNWOD","61760","631.855"
"2022/04/04 08:00:00","DUNWOD","61760","632.4265"
"2022/04/04 09:00:00","DUNWOD","61760","626.6459"
"2022/04/04 10:00:00","DUNWOD","61760","618.2175"
"2022/04/04 11:00:00","DUNWOD","61760","603.4373"
"2022/04/04 12:00:00","DUNWOD","61760","592.508"
"2022/04/04 13:00:00","DUNWOD","61760","592.7888"
"2022/04/04 14:00:00","DUNWOD","61760","593.943"
"2022/04/04 15:00:00","DUNWOD","61760","592.8869"
"2022/04/04 16:00:00","DUNWOD","61760","607.8966"
"2022/04/04 17:00:00","DUNWOD","61760","626.7977"
"2022/04/04 18:00:00","DUNWOD","61760","635.1677"
"2022/04/04 19:00:00","DUNWOD","61760","657.1481"
"2022/04/04 20:00:00","DUNWOD","61760","650.5244"
"2022/04/04 21:00:00","DUNWOD","61760","619.215"
"2022/04/04 22:00:00","DUNWOD","61760","580.9568"
"2022/04/04 23:00:00","DUNWOD","61760","534.7094"
"2022/04/05 00:00:00","DUNWOD","61760","507.3739"
"2022/04/05 01:00:00","DUNWOD","61760","486.2868"
"2022/04/05 02:00:00","DUNWOD","61760","468.7144"
"2022/04/05 03:00:00","DUNWOD","61760","462.9232"
"2022/04/05 04:00:00","DUNWOD","61760","473.7303"
"2022/04/05 05:00:00","DUNWOD","61760","507.6368"
"2022/04/05 06:00:00","DUNWOD","61760","557.0849"
"2022/04/05 07:00:00","DUNWOD","61760","607.4205"
"2022/04/05 08:00:00","DUNWOD","61760","621.2299"
"2022/04/05 09:00:00","DUNWOD","61760","632.2994"
"2022/04/05 10:00:00","DUNWOD","61760","630.4377"
"2022/04/05 11:00:00","DUNWOD","61760","632.6735"
"2022/04/05 12:00:00","DUNWOD","61760","619.0725"
"2022/04/05 13:00:00","DUNWOD","61760","616.9161"
"2022/04/05 14:00:00","DUNWOD","61760","604.9567"
"2022/04/05 15:00:00","DUNWOD","61760","603.4286"
"2022/04/05 16:00:00","DUNWOD","61760","616.6713"
"2022/04/05 17:00:00","DUNWOD","61760","638.2084"
"2022/04/05 18:00:00","DUNWOD","61760","653.0551"
"2022/04/05 19:00:00","DUNWOD","61760","656.9049"
"2022/04/05 20:00:00","DUNWOD","61760","641.867"
"2022/04/05 21:00:00","DUNWOD","61760","610.7689"
"2022/04/05 22:00:00","DUNWOD","61760","567.7006"
"2022/04/05 23:00:00","DUNWOD","61760","527.9803"
"2022/04/06 00:00:00","DUNWOD","61760","513.3175"
"2022/04/06 01:00:00","DUNWOD","61760","503.4998"
"2022/04/06 02:00:00","DUNWOD","61760","497.9625"
"2022/04/06 03:00:00","DUNWOD","61760","492.865"
"2022/04/06 04:00:00","DUNWOD","61760","505.4192"
"2022/04/06 05:00:00","DUNWOD","61760","532.7854"
"2022/04/06 06:00:00","DUNWOD","61760","586.6416"
"2022/04/06 07:00:00","DUNWOD","61760","641.8079"
"2022/04/06 08:00:00","DUNWOD","61760","666.6173"
"2022/04/06 09:00:00","DUNWOD","61760","679.4698"
"2022/04/06 10:00:00","DUNWOD","61760","683.9214"
"2022/04/06 11:00:00","DUNWOD","61760","674.5586"
"2022/04/06 12:00:00","DUNWOD","61760","668.7063"
"2022/04/06 13:00:00","DUNWOD","61760","676.698"
"2022/04/06 14:00:00","DUNWOD","61760","676.5882"
"2022/04/06 15:00:00","DUNWOD","61760","670.9932"
"2022/04/06 16:00:00","DUNWOD","61760","667.9894"
"2022/04/06 17:00:00","DUNWOD","61760","677.6756"
"2022/04/06 18:00:00","DUNWOD","61760","681.5532"
"2022/04/06 19:00:00","DUNWOD","61760","682.9873"
"2022/04/06 20:00:00","DUNWOD","61760","665.7552"
"2022/04/06 21:00:00","DUNWOD","61760","631.9587"
"2022/04/06 22:00:00","DUNWOD","61760","587.0017"
"2022/04/06 23:00:00","DUNWOD","61760","539.101"
"2022/04/07 00:00:00","DUNWOD","61760","516.2144"
"2022/04/07 01:00:00","DUNWOD","61760","499.1157"
"2022/04/07 02:00:00","DUNWOD","61760","485.1831"
"2022/04/07 03:00:00","DUNWOD","61760","478.9677"
"2022/04/07 04:00:00","DUNWOD","61760","485.4008"
"2022/04/07 05:00:00","DUNWOD","61760","519.2498"
"2022/04/07 06:00:00","DUNWOD","61760","577.8493"
"2022/04/07 07:00:00","DUNWOD","61760","626.3877"
"2022/04/07 08:00:00","DUNWOD","61760","649.4779"
"2022/04/07 09:00:00","DUNWOD","61760","667.7513"
"2022/04/07 10:00:00","DUNWOD","61760","673.5179"
"2022/04/07 11:00:00","DUNWOD","61760","684.2543"
"2022/04/07 12:00:00","DUNWOD","61760","683.9914"
"2022/04/07 13:00:00","DUNWOD","61760","687.2199"
"2022/04/07 14:00:00","DUNWOD","61760","682.25"
"2022/04/07 15:00:00","DUNWOD","61760","686.7395"
"2022/04/07 16:00:00","DUNWOD","61760","691.2253"
"2022/04/07 17:00:00","DUNWOD","61760","704.1322"
"2022/04/07 18:00:00","DUNWOD","61760","704.614"
"2022/04/07 19:00:00","DUNWOD","61760","697.8295"
"2022/04/07 20:00:00","DUNWOD","61760","670.9401"
"2022/04/07 21:00:00","DUNWOD","61760","641.2479"
"2022/04/07 22:00:00","DUNWOD","61760","592.1287"
"2022/04/07 23:00:00","DUNWOD","61760","547.1472"
"2022/04/08 00:00:00","DUNWOD","61760","513.1413"
"2022/04/08 01:00:00","DUNWOD","61760","492.2681"
"2022/04/08 02:00:00","DUNWOD","61760","479.1059"
"2022/04/08 03:00:00","DUNWOD","61760","466.6702"
"2022/04/08 04:00:00","DUNWOD","61760","472.2772"
"2022/04/08 05:00:00","DUNWOD","61760","500.234"
"2022/04/08 06:00:00","DUNWOD","61760","553.8271"
"2022/04/08 07:00:00","DUNWOD","61760","599.341"
"2022/04/08 08:00:00","DUNWOD","61760","606.4777"
"2022/04/08 09:00:00","DUNWOD","61760","592.2398"
"2022/04/08 10:00:00","DUNWOD","61760","585.0071"
"2022/04/08 11:00:00","DUNWOD","61760","575.6817"
"2022/04/08 12:00:00","DUNWOD","61760","576.3085"
"2022/04/08 13:00:00","DUNWOD","61760","573.998"
"2022/04/08 14:00:00","DUNWOD","61760","561.7468"
"2022/04/08 15:00:00","DUNWOD","61760","562.8233"
"2022/04/08 16:00:00","DUNWOD","61760","564.2785"
"2022/04/08 17:00:00","DUNWOD","61760","577.3445"
"2022/04/08 18:00:00","DUNWOD","61760","588.6431"
"2022/04/08 19:00:00","DUNWOD","61760","614.9044"
"2022/04/08 20:00:00","DUNWOD","61760","606.5426"
"2022/04/08 21:00:00","DUNWOD","61760","582.4102"
"2022/04/08 22:00:00","DUNWOD","61760","548.2074"
"2022/04/08 23:00:00","DUNWOD","61760","515.4958"
"2022/04/09 00:00:00","DUNWOD","61760","499.7047"
"2022/04/09 01:00:00","DUNWOD","61760","480.6102"
"2022/04/09 02:00:00","DUNWOD","61760","463.7298"
"2022/04/09 03:00:00","DUNWOD","61760","455.2411"
"2022/04/09 04:00:00","DUNWOD","61760","454.4561"
"2022/04/09 05:00:00","DUNWOD","61760","463.3742"
"2022/04/09 06:00:00","DUNWOD","61760","483.07"
"2022/04/09 07:00:00","DUNWOD","61760","494.6808"
"2022/04/09 08:00:00","DUNWOD","61760","512.6654"
"2022/04/09 09:00:00","DUNWOD","61760","525.2167"
"2022/04/09 10:00:00","DUNWOD","61760","543.7161"
"2022/04/09 11:00:00","DUNWOD","61760","566.4575"
"2022/04/09 12:00:00","DUNWOD","61760","549.4826"
"2022/04/09 13:00:00","DUNWOD","61760","554.5413"
"2022/04/09 14:00:00","DUNWOD","61760","550.779"
"2022/04/09 15:00:00","DUNWOD","61760","539.0024"
"2022/04/09 16:00:00","DUNWOD","61760","537.1268"
"2022/04/09 17:00:00","DUNWOD","61760","550.1311"
"2022/04/09 18:00:00","DUNWOD","61760","558.8002"
"2022/04/09 19:00:00","DUNWOD","61760","577.8136"
"2022/04/09 20:00:00","DUNWOD","61760","591.1502"
"2022/04/09 21:00:00","DUNWOD","61760","578.6242"
"2022/04/09 22:00:00","DUNWOD","61760","556.1367"
"2022/04/09 23:00:00","DUNWOD","61760","533.6432"
"2022/04/10 00:00:00","DUNWOD","61760","512.9787"
"2022/04/10 01:00:00","DUNWOD","61760","491.4929"
"2022/04/10 02:00:00","DUNWOD","61760","473.1874"
"2022/04/10 03:00:00","DUNWOD","61760","464.3254"
"2022/04/10 04:00:00","DUNWOD","61760","464.5904"
"2022/04/10 05:00:00","DUNWOD","61760","475.1388"
"2022/04/10 06:00:00","DUNWOD","61760","483.2088"
"2022/04/10 07:00:00","DUNWOD","61760","496.7318"
"2022/04/10 08:00:00","DUNWOD","61760","506.8657"
"2022/04/10 09:00:00","DUNWOD","61760","507.1801"
"2022/04/10 10:00:00","DUNWOD","61760","519.2029"
"2022/04/10 11:00:00","DUNWOD","61760","542.7216"
"2022/04/10 12:00:00","DUNWOD","61760","559.9546"
"2022/04/10 13:00:00","DUNWOD","61760","548.2259"
"2022/04/10 14:00:00","DUNWOD","61760","560.6429"
"2022/04/10 15:00:00","DUNWOD","61760","561.6183"
"2022/04/10 16:00:00","DUNWOD","61760","569.0912"
"2022/04/10 17:00:00","DUNWOD","61760","588.2793"
"2022/04/10 18:00:00","DUNWOD","61760","592.3693"
"2022/04/10 19:00:00","DUNWOD","61760","614.2482"
"2022/04/10 20:00:00","DUNWOD","61760","623.8626"
"2022/04/10 21:00:00","DUNWOD","61760","603.3574"
"2022/04/10 22:00:00","DUNWOD","61760","576.0613"
"2022/04/10 23:00:00","DUNWOD","61760","537.0896"
"2022/04/11 00:00:00","DUNWOD","61760","511.9258"
"2022/04/11 01:00:00","DUNWOD","61760","493.1696"
"2022/04/11 02:00:00","DUNWOD","61760","479.9381"
"2022/04/11 03:00:00","DUNWOD","61760","468.5957"
"2022/04/11 04:00:00","DUNWOD","61760","479.7238"
"2022/04/11 05:00:00","DUNWOD","61760","507.2806"
"2022/04/11 06:00:00","DUNWOD","61760","539.6101"
"2022/04/11 07:00:00","DUNWOD","61760","577.7454"
"2022/04/11 08:00:00","DUNWOD","61760","582.1866"
"2022/04/11 09:00:00","DUNWOD","61760","569.5393"
"2022/04/11 10:00:00","DUNWOD","61760","568.9348"
"2022/04/11 11:00:00","DUNWOD","61760","568.6277"
"2022/04/11 12:00:00","DUNWOD","61760","553.1706"
"2022/04/11 13:00:00","DUNWOD","61760","546.876"
"2022/04/11 14:00:00","DUNWOD","61760","544.7805"
"2022/04/11 15:00:00","DUNWOD","61760","547.279"
"2022/04/11 16:00:00","DUNWOD","61760","556.5585"
"2022/04/11 17:00:00","DUNWOD","61760","579.4826"
"2022/04/11 18:00:00","DUNWOD","61760","582.6764"
"2022/04/11 19:00:00","DUNWOD","61760","602.732"
"2022/04/11 20:00:00","DUNWOD","61760","605.8064"
"2022/04/11 21:00:00","DUNWOD","61760","579.8814"
"2022/04/11 22:00:00","DUNWOD","61760","542.031"
"2022/04/11 23:00:00","DUNWOD","61760","502.0277"
"2022/04/12 00:00:00","DUNWOD","61760","473.6638"
"2022/04/12 01:00:00","DUNWOD","61760","458.2124"
"2022/04/12 02:00:00","DUNWOD","61760","443.7837"
"2022/04/12 03:00:00","DUNWOD","61760","437.3989"
"2022/04/12 04:00:00","DUNWOD","61760","442.9093"
"2022/04/12 05:00:00","DUNWOD","61760","465.3469"
"2022/04/12 06:00:00","DUNWOD","61760","514.7536"
"2022/04/12 07:00:00","DUNWOD","61760","557.9262"
"2022/04/12 08:00:00","DUNWOD","61760","586.5642"
"2022/04/12 09:00:00","DUNWOD","61760","605.3467"
"2022/04/12 10:00:00","DUNWOD","61760","610.4268"
"2022/04/12 11:00:00","DUNWOD","61760","564.2592"
"2022/04/12 12:00:00","DUNWOD","61760","545.7197"
"2022/04/12 13:00:00","DUNWOD","61760","550.0976"
"2022/04/12 14:00:00","DUNWOD","61760","559.9001"
"2022/04/12 15:00:00","DUNWOD","61760","563.5329"
"2022/04/12 16:00:00","DUNWOD","61760","566.7814"
"2022/04/12 17:00:00","DUNWOD","61760","581.0232"
"2022/04/12 18:00:00","DUNWOD","61760","587.766"
"2022/04/12 19:00:00","DUNWOD","61760","593.4651"
"2022/04/12 20:00:00","DUNWOD","61760","593.0271"
"2022/04/12 21:00:00","DUNWOD","61760","564.3116"
"2022/04/12 22:00:00","DUNWOD","61760","526.6683"
"2022/04/12 23:00:00","DUNWOD","61760","492.1809"
"2022/04/13 00:00:00","DUNWOD","61760","462.318"
"2022/04/13 01:00:00","DUNWOD","61760","443.9716"
"2022/04/13 02:00:00","DUNWOD","61760","431.0916"
"2022/04/13 03:00:00","DUNWOD","61760","426.3565"
"2022/04/13 04:00:00","DUNWOD","61760","432.6541"
"2022/04/13 05:00:00","DUNWOD","61760","458.0187"
"2022/04/13 06:00:00","DUNWOD","61760","508.0698"
"2022/04/13 07:00:00","DUNWOD","61760","544.0022"
"2022/04/13 08:00:00","DUNWOD","61760","557.7034"
"2022/04/13 09:00:00","DUNWOD","61760","559.6518"
"2022/04/13 10:00:00","DUNWOD","61760","550.8805"
"2022/04/13 11:00:00","DUNWOD","61760","553.3053"
"2022/04/13 12:00:00","DUNWOD","61760","552.0204"
"2022/04/13 13:00:00","DUNWOD","61760","554.5433"
"2022/04/13 14:00:00","DUNWOD","61760","561.6664"
"2022/04/13 15:00:00","DUNWOD","61760","571.7812"
"2022/04/13 16:00:00","DUNWOD","61760","588.3093"
"2022/04/13 17:00:00","DUNWOD","61760","595.7335"
"2022/04/13 18:00:00","DUNWOD","61760","588.7225"
"2022/04/13 19:00:00","DUNWOD","61760","592.5993"
"2022/04/13 20:00:00","DUNWOD","61760","586.0935"
"2022/04/13 21:00:00","DUNWOD","61760","557.7726"
"2022/04/13 22:00:00","DUNWOD","61760","528.9035"
"2022/04/13 23:00:00","DUNWOD","61760","497.492"
"2022/04/14 00:00:00","DUNWOD","61760","467.1893"
"2022/04/14 01:00:00","DUNWOD","61760","445.3304"
"2022/04/14 02:00:00","DUNWOD","61760","428.5784"
"2022/04/14 03:00:00","DUNWOD","61760","421.5217"
"2022/04/14 04:00:00","DUNWOD","61760","426.9782"
"2022/04/14 05:00:00","DUNWOD","61760","446.7321"
"2022/04/14 06:00:00","DUNWOD","61760","479.8034"
"2022/04/14 07:00:00","DUNWOD","61760","519.6551"
"2022/04/14 08:00:00","DUNWOD","61760","545.404"
"2022/04/14 09:00:00","DUNWOD","61760","554.2563"
"2022/04/14 10:00:00","DUNWOD","61760","552.4807"
"2022/04/14 11:00:00","DUNWOD","61760","555.9708"
"2022/04/14 12:00:00","DUNWOD","61760","559.7167"
"2022/04/14 13:00:00","DUNWOD","61760","562.5331"
"2022/04/14 14:00:00","DUNWOD","61760","571.5212"
"2022/04/14 15:00:00","DUNWOD","61760","588.885"
"2022/04/14 16:00:00","DUNWOD","61760","597.7198"
"2022/04/14 17:00:00","DUNWOD","61760","629.4579"
"2022/04/14 18:00:00","DUNWOD","61760","626.2063"
"2022/04/14 19:00:00","DUNWOD","61760","612.4551"
"2022/04/14 20:00:00","DUNWOD","61760","592.4307"
"2022/04/14 21:00:00","DUNWOD","61760","564.884"
"2022/04/14 22:00:00","DUNWOD","61760","526.4406"
"2022/04/14 23:00:00","DUNWOD","61760","487.4543"
"2022/04/15 00:00:00","DUNWOD","61760","456.8478"
"2022/04/15 01:00:00","DUNWOD","61760","438.8044"
"2022/04/15 02:00:00","DUNWOD","61760","422.5279"
"2022/04/15 03:00:00","DUNWOD","61760","407.7555"
"2022/04/15 04:00:00","DUNWOD","61760","415.2531"
"2022/04/15 05:00:00","DUNWOD","61760","434.0464"
"2022/04/15 06:00:00","DUNWOD","61760","468.9256"
"2022/04/15 07:00:00","DUNWOD","61760","505.9648"
"2022/04/15 08:00:00","DUNWOD","61760","523.707"
"2022/04/15 09:00:00","DUNWOD","61760","530.5112"
"2022/04/15 10:00:00","DUNWOD","61760","537.2079"
"2022/04/15 11:00:00","DUNWOD","61760","535.6162"
"2022/04/15 12:00:00","DUNWOD","61760","533.6396"
"2022/04/15 13:00:00","DUNWOD","61760","535.6977"
"2022/04/15 14:00:00","DUNWOD","61760","538.1664"
"2022/04/15 15:00:00","DUNWOD","61760","546.7733"
"2022/04/15 16:00:00","DUNWOD","61760","555.8638"
"2022/04/15 17:00:00","DUNWOD","61760","570.7211"
"2022/04/15 18:00:00","DUNWOD","61760","575.4768"
"2022/04/15 19:00:00","DUNWOD","61760","578.3809"
"2022/04/15 20:00:00","DUNWOD","61760","580.187"
"2022/04/15 21:00:00","DUNWOD","61760","561.4414"
"2022/04/15 22:00:00","DUNWOD","61760","536.3481"
"2022/04/15 23:00:00","DUNWOD","61760","501.3782"
"2022/04/16 00:00:00","DUNWOD","61760","475.5687"
"2022/04/16 01:00:00","DUNWOD","61760","460.532"
"2022/04/16 02:00:00","DUNWOD","61760","450.3397"
"2022/04/16 03:00:00","DUNWOD","61760","440.6758"
"2022/04/16 04:00:00","DUNWOD","61760","440.0129"
"2022/04/16 05:00:00","DUNWOD","61760","449.3899"
"2022/04/16 06:00:00","DUNWOD","61760","462.5202"
"2022/04/16 07:00:00","DUNWOD","61760","476.6112"
"2022/04/16 08:00:00","DUNWOD","61760","501.6743"
"2022/04/16 09:00:00","DUNWOD","61760","529.2226"
"2022/04/16 10:00:00","DUNWOD","61760","518.2067"
"2022/04/16 11:00:00","DUNWOD","61760","521.8542"
"2022/04/16 12:00:00","DUNWOD","61760","515.5467"
"2022/04/16 13:00:00","DUNWOD","61760","513.8999"
"2022/04/16 14:00:00","DUNWOD","61760","525.9578"
"2022/04/16 15:00:00","DUNWOD","61760","526.1663"
"2022/04/16 16:00:00","DUNWOD","61760","527.9012"
"2022/04/16 17:00:00","DUNWOD","61760","546.4185"
"2022/04/16 18:00:00","DUNWOD","61760","561.0075"
"2022/04/16 19:00:00","DUNWOD","61760","570.7005"
"2022/04/16 20:00:00","DUNWOD","61760","573.8066"
"2022/04/16 21:00:00","DUNWOD","61760","568.2329"
"2022/04/16 22:00:00","DUNWOD","61760","550.3392"
"2022/04/16 23:00:00","DUNWOD","61760","523.1977"
"2022/04/17 00:00:00","DUNWOD","61760","491.3636"
"2022/04/17 01:00:00","DUNWOD","61760","472.8301"
"2022/04/17 02:00:00","DUNWOD","61760","453.1067"
"2022/04/17 03:00:00","DUNWOD","61760","443.5528"
"2022/04/17 04:00:00","DUNWOD","61760","442.7497"
"2022/04/17 05:00:00","DUNWOD","61760","453.0139"
"2022/04/17 06:00:00","DUNWOD","61760","462.5953"
"2022/04/17 07:00:00","DUNWOD","61760","470.4312"
"2022/04/17 08:00:00","DUNWOD","61760","478.7593"
"2022/04/17 09:00:00","DUNWOD","61760","485.8472"
"2022/04/17 10:00:00","DUNWOD","61760","497.8321"
"2022/04/17 11:00:00","DUNWOD","61760","506.3101"
"2022/04/17 12:00:00","DUNWOD","61760","524.7328"
"2022/04/17 13:00:00","DUNWOD","61760","517.6935"
"2022/04/17 14:00:00","DUNWOD","61760","514.164"
"2022/04/17 15:00:00","DUNWOD","61760","507.7062"
"2022/04/17 16:00:00","DUNWOD","61760","510.1548"
"2022/04/17 17:00:00","DUNWOD","61760","514.5388"
"2022/04/17 18:00:00","DUNWOD","61760","536.804"
"2022/04/17 19:00:00","DUNWOD","61760","570.7839"
"2022/04/17 20:00:00","DUNWOD","61760","598.6491"
"2022/04/17 21:00:00","DUNWOD","61760","585.7747"
"2022/04/17 22:00:00","DUNWOD","61760","556.8488"
"2022/04/17 23:00:00","DUNWOD","61760","520.8664"
"2022/04/18 00:00:00","DUNWOD","61760","502.1414"
"2022/04/18 01:00:00","DUNWOD","61760","490.1939"
"2022/04/18 02:00:00","DUNWOD","61760","481.3889"
"2022/04/18 03:00:00","DUNWOD","61760","481.3694"
"2022/04/18 04:00:00","DUNWOD","61760","490.6879"
"2022/04/18 05:00:00","DUNWOD","61760","520.1351"
"2022/04/18 06:00:00","DUNWOD","61760","554.3352"
"2022/04/18 07:00:00","DUNWOD","61760","591.1266"
"2022/04/18 08:00:00","DUNWOD","61760","592.4288"
"2022/04/18 09:00:00","DUNWOD","61760","592.3678"
"2022/04/18 10:00:00","DUNWOD","61760","603.5843"
"2022/04/18 11:00:00","DUNWOD","61760","597.7543"
"2022/04/18 12:00:00","DUNWOD","61760","584.8631"
"2022/04/18 13:00:00","DUNWOD","61760","603.1511"
"2022/04/18 14:00:00","DUNWOD","61760","615.586"
"2022/04/18 15:00:00","DUNWOD","61760","627.9757"
"2022/04/18 16:00:00","DUNWOD","61760","635.7172"
"2022/04/18 17:00:00","DUNWOD","61760","653.8437"
"2022/04/18 18:00:00","DUNWOD","61760","668.0583"
"2022/04/18 19:00:00","DUNWOD","61760","668.7228"
"2022/04/18 20:00:00","DUNWOD","61760","646.4541"
"2022/04/18 21:00:00","DUNWOD","61760","629.2753"
"2022/04/18 22:00:00","DUNWOD","61760","596.1912"
"2022/04/18 23:00:00","DUNWOD","61760","563.1461"
"2022/04/19 00:00:00","DUNWOD","61760","534.9577"
"2022/04/19 01:00:00","DUNWOD","61760","519.5718"
"2022/04/19 02:00:00","DUNWOD","61760","506.374"
"2022/04/19 03:00:00","DUNWOD","61760","497.0633"
"2022/04/19 04:00:00","DUNWOD","61760","501.0396"
"2022/04/19 05:00:00","DUNWOD","61760","523.5866"
"2022/04/19 06:00:00","DUNWOD","61760","563.4128"
"2022/04/19 07:00:00","DUNWOD","61760","604.3469"
"2022/04/19 08:00:00","DUNWOD","61760","622.7413"
"2022/04/19 09:00:00","DUNWOD","61760","630.5856"
"2022/04/19 10:00:00","DUNWOD","61760","626.0018"
"2022/04/19 11:00:00","DUNWOD","61760","641.8784"
"2022/04/19 12:00:00","DUNWOD","61760","649.5623"
"2022/04/19 13:00:00","DUNWOD","61760","646.6145"
"2022/04/19 14:00:00","DUNWOD","61760","634.7591"
"2022/04/19 15:00:00","DUNWOD","61760","644.6474"
"2022/04/19 16:00:00","DUNWOD","61760","646.2498"
"2022/04/19 17:00:00","DUNWOD","61760","632.9191"
"2022/04/19 18:00:00","DUNWOD","61760","637.5291"
"2022/04/19 19:00:00","DUNWOD","61760","654.1236"
"2022/04/19 20:00:00","DUNWOD","61760","653.6182"
"2022/04/19 21:00:00","DUNWOD","61760","620.3898"
"2022/04/19 22:00:00","DUNWOD","61760","586.4417"
"2022/04/19 23:00:00","DUNWOD","61760","534.4845"
"2022/04/20 00:00:00","DUNWOD","61760","508.9457"
"2022/04/20 01:00:00","DUNWOD","61760","488.9233"
"2022/04/20 02:00:00","DUNWOD","61760","477.1998"
"2022/04/20 03:00:00","DUNWOD","61760","471.0471"
"2022/04/20 04:00:00","DUNWOD","61760","485.0225"
"2022/04/20 05:00:00","DUNWOD","61760","516.7029"
"2022/04/20 06:00:00","DUNWOD","61760","563.2772"
"2022/04/20 07:00:00","DUNWOD","61760","595.8233"
"2022/04/20 08:00:00","DUNWOD","61760","597.8453"
"2022/04/20 09:00:00","DUNWOD","61760","602.8744"
"2022/04/20 10:00:00","DUNWOD","61760","590.0448"
"2022/04/20 11:00:00","DUNWOD","61760","588.4626"
"2022/04/20 12:00:00","DUNWOD","61760","577.2748"
"2022/04/20 13:00:00","DUNWOD","61760","572.2635"
"2022/04/20 14:00:00","DUNWOD","61760","569.1396"
"2022/04/20 15:00:00","DUNWOD","61760","571.1713"
"2022/04/20 16:00:00","DUNWOD","61760","574.5784"
"2022/04/20 17:00:00","DUNWOD","61760","591.2812"
"2022/04/20 18:00:00","DUNWOD","61760","602.5376"
"2022/04/20 19:00:00","DUNWOD","61760","598.9054"
"2022/04/20 20:00:00","DUNWOD","61760","608.5226"
"2022/04/20 21:00:00","DUNWOD","61760","593.0739"
"2022/04/20 22:00:00","DUNWOD","61760","555.7314"
"2022/04/20 23:00:00","DUNWOD","61760","514.945"
"2022/04/21 00:00:00","DUNWOD","61760","481.6908"
"2022/04/21 01:00:00","DUNWOD","61760","468.5662"
"2022/04/21 02:00:00","DUNWOD","61760","471.7356"
"2022/04/21 03:00:00","DUNWOD","61760","472.0358"
"2022/04/21 04:00:00","DUNWOD","61760","477.5664"
"2022/04/21 05:00:00","DUNWOD","61760","493.1026"
"2022/04/21 06:00:00","DUNWOD","61760","538.7412"
"2022/04/21 07:00:00","DUNWOD","61760","580.5426"
"2022/04/21 08:00:00","DUNWOD","61760","585.9587"
"2022/04/21 09:00:00","DUNWOD","61760","584.1821"
"2022/04/21 10:00:00","DUNWOD","61760","583.7761"
"2022/04/21 11:00:00","DUNWOD","61760","580.7201"
"2022/04/21 12:00:00","DUNWOD","61760","583.1001"
"2022/04/21 13:00:00","DUNWOD","61760","566.449"
"2022/04/21 14:00:00","DUNWOD","61760","577.0359"
"2022/04/21 15:00:00","DUNWOD","61760","589.5591"
"2022/04/21 16:00:00","DUNWOD","61760","596.8386"
"2022/04/21 17:00:00","DUNWOD","61760","610.8647"
"2022/04/21 18:00:00","DUNWOD","61760","620.3491"
"2022/04/21 19:00:00","DUNWOD","61760","621.9655"
"2022/04/21 20:00:00","DUNWOD","61760","613.7313"
"2022/04/21 21:00:00","DUNWOD","61760","587.8051"
"2022/04/21 22:00:00","DUNWOD","61760","554.104"
"2022/04/21 23:00:00","DUNWOD","61760","511.8667"
"2022/04/22 00:00:00","DUNWOD","61760","486.7928"
"2022/04/22 01:00:00","DUNWOD","61760","471.4836"
"2022/04/22 02:00:00","DUNWOD","61760","460.0629"
"2022/04/22 03:00:00","DUNWOD","61760","453.0009"
"2022/04/22 04:00:00","DUNWOD","61760","458.9398"
"2022/04/22 05:00:00","DUNWOD","61760","487.7922"
"2022/04/22 06:00:00","DUNWOD","61760","521.7247"
"2022/04/22 07:00:00","DUNWOD","61760","561.693"
"2022/04/22 08:00:00","DUNWOD","61760","570.6225"
"2022/04/22 09:00:00","DUNWOD","61760","568.4597"
"2022/04/22 10:00:00","DUNWOD","61760","571.2586"
"2022/04/22 11:00:00","DUNWOD","61760","566.2254"
"2022/04/22 12:00:00","DUNWOD","61760","555.2572"
"2022/04/22 13:00:00","DUNWOD","61760","550.0247"
"2022/04/22 14:00:00","DUNWOD","61760","548.5152"
"2022/04/22 15:00:00","DUNWOD","61760","555.0391"
"2022/04/22 16:00:00","DUNWOD","61760","568.8149"
"2022/04/22 17:00:00","DUNWOD","61760","585.7241"
"2022/04/22 18:00:00","DUNWOD","61760","580.4252"
"2022/04/22 19:00:00","DUNWOD","61760","579.4294"
"2022/04/22 20:00:00","DUNWOD","61760","583.244"
"2022/04/22 21:00:00","DUNWOD","61760","564.9949"
"2022/04/22 22:00:00","DUNWOD","61760","530.4632"
"2022/04/22 23:00:00","DUNWOD","61760","507.5955"
"2022/04/23 00:00:00","DUNWOD","61760","488.9347"
"2022/04/23 01:00:00","DUNWOD","61760","467.7339"
"2022/04/23 02:00:00","DUNWOD","61760","455.0914"
"2022/04/23 03:00:00","DUNWOD","61760","449.286"
"2022/04/23 04:00:00","DUNWOD","61760","451.0175"
"2022/04/23 05:00:00","DUNWOD","61760","457.8446"
"2022/04/23 06:00:00","DUNWOD","61760","464.8781"
"2022/04/23 07:00:00","DUNWOD","61760","489.3813"
"2022/04/23 08:00:00","DUNWOD","61760","511.4764"
"2022/04/23 09:00:00","DUNWOD","61760","512.9636"
"2022/04/23 10:00:00","DUNWOD","61760","528.5274"
"2022/04/23 11:00:00","DUNWOD","61760","524.9154"
"2022/04/23 12:00:00","DUNWOD","61760","524.6319"
"2022/04/23 13:00:00","DUNWOD","61760","516.943"
"2022/04/23 14:00:00","DUNWOD","61760","495.317"
"2022/04/23 15:00:00","DUNWOD","61760","504.8372"
"2022/04/23 16:00:00","DUNWOD","61760","519.2468"
"2022/04/23 17:00:00","DUNWOD","61760","539.4294"
"2022/04/23 18:00:00","DUNWOD","61760","556.8327"
"2022/04/23 19:00:00","DUNWOD","61760","570.8641"
"2022/04/23 20:00:00","DUNWOD","61760","581.5474"
"2022/04/23 21:00:00","DUNWOD","61760","565.0269"
"2022/04/23 22:00:00","DUNWOD","61760","541.8252"
"2022/04/23 23:00:00","DUNWOD","61760","515.1329"
"2022/04/24 00:00:00","DUNWOD","61760","491.4481"
"2022/04/24 01:00:00","DUNWOD","61760","468.2764"
"2022/04/24 02:00:00","DUNWOD","61760","453.812"
"2022/04/24 03:00:00","DUNWOD","61760","445.8629"
"2022/04/24 04:00:00","DUNWOD","61760","444.537"
"2022/04/24 05:00:00","DUNWOD","61760","448.9531"
"2022/04/24 06:00:00","DUNWOD","61760","456.2746"
"2022/04/24 07:00:00","DUNWOD","61760","459.5917"
"2022/04/24 08:00:00","DUNWOD","61760","475.288"
"2022/04/24 09:00:00","DUNWOD","61760","478.6372"
"2022/04/24 10:00:00","DUNWOD","61760","491.7569"
"2022/04/24 11:00:00","DUNWOD","61760","498.2739"
"2022/04/24 12:00:00","DUNWOD","61760","496.8314"
"2022/04/24 13:00:00","DUNWOD","61760","493.3634"
"2022/04/24 14:00:00","DUNWOD","61760","485.2617"
"2022/04/24 15:00:00","DUNWOD","61760","489.5917"
"2022/04/24 16:00:00","DUNWOD","61760","503.4934"
"2022/04/24 17:00:00","DUNWOD","61760","528.1888"
"2022/04/24 18:00:00","DUNWOD","61760","544.1648"
"2022/04/24 19:00:00","DUNWOD","61760","561.2678"
"2022/04/24 20:00:00","DUNWOD","61760","584.6325"
"2022/04/24 21:00:00","DUNWOD","61760","566.9099"
"2022/04/24 22:00:00","DUNWOD","61760","533.2335"
"2022/04/24 23:00:00","DUNWOD","61760","504.1029"
"2022/04/25 00:00:00","DUNWOD","61760","480.015"
"2022/04/25 01:00:00","DUNWOD","61760","464.5729"
"2022/04/25 02:00:00","DUNWOD","61760","454.1718"
"2022/04/25 03:00:00","DUNWOD","61760","448.1962"
"2022/04/25 04:00:00","DUNWOD","61760","456.4984"
"2022/04/25 05:00:00","DUNWOD","61760","486.3061"
"2022/04/25 06:00:00","DUNWOD","61760","536.2575"
"2022/04/25 07:00:00","DUNWOD","61760","575.9298"
"2022/04/25 08:00:00","DUNWOD","61760","588.2931"
"2022/04/25 09:00:00","DUNWOD","61760","589.567"
"2022/04/25 10:00:00","DUNWOD","61760","597.4654"
"2022/04/25 11:00:00","DUNWOD","61760","601.3511"
"2022/04/25 12:00:00","DUNWOD","61760","594.7485"
"2022/04/25 13:00:00","DUNWOD","61760","600.4372"
"2022/04/25 14:00:00","DUNWOD","61760","594.7682"
"2022/04/25 15:00:00","DUNWOD","61760","590.001"
"2022/04/25 16:00:00","DUNWOD","61760","602.9309"
"2022/04/25 17:00:00","DUNWOD","61760","619.385"
"2022/04/25 18:00:00","DUNWOD","61760","621.7857"
"2022/04/25 19:00:00","DUNWOD","61760","627.9698"
"2022/04/25 20:00:00","DUNWOD","61760","619.82"
"2022/04/25 21:00:00","DUNWOD","61760","590.306"
"2022/04/25 22:00:00","DUNWOD","61760","555.0437"
"2022/04/25 23:00:00","DUNWOD","61760","511.5062"
"2022/04/26 00:00:00","DUNWOD","61760","482.9936"
"2022/04/26 01:00:00","DUNWOD","61760","467.1379"
"2022/04/26 02:00:00","DUNWOD","61760","455.7936"
"2022/04/26 03:00:00","DUNWOD","61760","450.4692"
"2022/04/26 04:00:00","DUNWOD","61760","455.0774"
"2022/04/26 05:00:00","DUNWOD","61760","484.5881"
"2022/04/26 06:00:00","DUNWOD","61760","541.2412"
"2022/04/26 07:00:00","DUNWOD","61760","596.7184"
"2022/04/26 08:00:00","DUNWOD","61760","610.7699"
"2022/04/26 09:00:00","DUNWOD","61760","620.976"
"2022/04/26 10:00:00","DUNWOD","61760","622.5484"
"2022/04/26 11:00:00","DUNWOD","61760","625.7274"
"2022/04/26 12:00:00","DUNWOD","61760","620.4471"
"2022/04/26 13:00:00","DUNWOD","61760","621.229"
"2022/04/26 14:00:00","DUNWOD","61760","617.9876"
"2022/04/26 15:00:00","DUNWOD","61760","624.0333"
"2022/04/26 16:00:00","DUNWOD","61760","615.9771"
"2022/04/26 17:00:00","DUNWOD","61760","624.9012"
"2022/04/26 18:00:00","DUNWOD","61760","622.041"
"2022/04/26 19:00:00","DUNWOD","61760","632.7851"
"2022/04/26 20:00:00","DUNWOD","61760","629.795"
"2022/04/26 21:00:00","DUNWOD","61760","603.1595"
"2022/04/26 22:00:00","DUNWOD","61760","562.8344"
"2022/04/26 23:00:00","DUNWOD","61760","517.2435"
"2022/04/27 00:00:00","DUNWOD","61760","482.5815"
"2022/04/27 01:00:00","DUNWOD","61760","467.7046"
"2022/04/27 02:00:00","DUNWOD","61760","452.1601"
"2022/04/27 03:00:00","DUNWOD","61760","446.5315"
"2022/04/27 04:00:00","DUNWOD","61760","455.7391"
"2022/04/27 05:00:00","DUNWOD","61760","479.2934"
"2022/04/27 06:00:00","DUNWOD","61760","534.348"
"2022/04/27 07:00:00","DUNWOD","61760","572.2587"
"2022/04/27 08:00:00","DUNWOD","61760","582.4777"
"2022/04/27 09:00:00","DUNWOD","61760","581.3656"
"2022/04/27 10:00:00","DUNWOD","61760","577.9516"
"2022/04/27 11:00:00","DUNWOD","61760","589.2939"
"2022/04/27 12:00:00","DUNWOD","61760","590.4115"
"2022/04/27 13:00:00","DUNWOD","61760","587.6048"
"2022/04/27 14:00:00","DUNWOD","61760","573.5292"
"2022/04/27 15:00:00","DUNWOD","61760","567.0112"
"2022/04/27 16:00:00","DUNWOD","61760","578.1909"
"2022/04/27 17:00:00","DUNWOD","61760","596.6493"
"2022/04/27 18:00:00","DUNWOD","61760","613.518"
"2022/04/27 19:00:00","DUNWOD","61760","630.4759"
"2022/04/27 20:00:00","DUNWOD","61760","636.8838"
"2022/04/27 21:00:00","DUNWOD","61760","613.9126"
"2022/04/27 22:00:00","DUNWOD","61760","575.5415"
"2022/04/27 23:00:00","DUNWOD","61760","538.2619"
"2022/04/28 00:00:00","DUNWOD","61760","511.2897"
"2022/04/28 01:00:00","DUNWOD","61760","490.7785"
"2022/04/28 02:00:00","DUNWOD","61760","475.7657"
"2022/04/28 03:00:00","DUNWOD","61760","472.1322"
"2022/04/28 04:00:00","DUNWOD","61760","475.2664"
"2022/04/28 05:00:00","DUNWOD","61760","499.0583"
"2022/04/28 06:00:00","DUNWOD","61760","552.4067"
"2022/04/28 07:00:00","DUNWOD","61760","602.0902"
"2022/04/28 08:00:00","DUNWOD","61760","609.1219"
"2022/04/28 09:00:00","DUNWOD","61760","605.4822"
"2022/04/28 10:00:00","DUNWOD","61760","597.2693"
"2022/04/28 11:00:00","DUNWOD","61760","587.251"
"2022/04/28 12:00:00","DUNWOD","61760","580.2954"
"2022/04/28 13:00:00","DUNWOD","61760","571.8343"
"2022/04/28 14:00:00","DUNWOD","61760","562.384"
"2022/04/28 15:00:00","DUNWOD","61760","565.5749"
"2022/04/28 16:00:00","DUNWOD","61760","575.9985"
"2022/04/28 17:00:00","DUNWOD","61760","590.0819"
"2022/04/28 18:00:00","DUNWOD","61760","600.5393"
"2022/04/28 19:00:00","DUNWOD","61760","615.7201"
"2022/04/28 20:00:00","DUNWOD","61760","630.9192"
"2022/04/28 21:00:00","DUNWOD","61760","605.3609"
"2022/04/28 22:00:00","DUNWOD","61760","571.1166"
"2022/04/28 23:00:00","DUNWOD","61760","536.1338"
"2022/04/29 00:00:00","DUNWOD","61760","506.2865"
"2022/04/29 01:00:00","DUNWOD","61760","490.2736"
"2022/04/29 02:00:00","DUNWOD","61760","475.4776"
"2022/04/29 03:00:00","DUNWOD","61760","471.5895"
"2022/04/29 04:00:00","DUNWOD","61760","478.5816"
"2022/04/29 05:00:00","DUNWOD","61760","509.9748"
"2022/04/29 06:00:00","DUNWOD","61760","551.0792"
"2022/04/29 07:00:00","DUNWOD","61760","589.6636"
"2022/04/29 08:00:00","DUNWOD","61760","595.9674"
"2022/04/29 09:00:00","DUNWOD","61760","590.7258"
"2022/04/29 10:00:00","DUNWOD","61760","587.7531"
"2022/04/29 11:00:00","DUNWOD","61760","579.4811"
"2022/04/29 12:00:00","DUNWOD","61760","570.8437"
"2022/04/29 13:00:00","DUNWOD","61760","565.8822"
"2022/04/29 14:00:00","DUNWOD","61760","557.5117"
"2022/04/29 15:00:00","DUNWOD","61760","561.5869"
"2022/04/29 16:00:00","DUNWOD","61760","571.7177"
"2022/04/29 17:00:00","DUNWOD","61760","586.6873"
"2022/04/29 18:00:00","DUNWOD","61760","588.5707"
"2022/04/29 19:00:00","DUNWOD","61760","596.0928"
"2022/04/29 20:00:00","DUNWOD","61760","601.3871"
"2022/04/29 21:00:00","DUNWOD","61760","584.2118"
"2022/04/29 22:00:00","DUNWOD","61760","556.0512"
"2022/04/29 23:00:00","DUNWOD","61760","518.9534"
"2022/04/30 00:00:00","DUNWOD","61760","490.8293"
"2022/04/30 01:00:00","DUNWOD","61760","470.5358"
"2022/04/30 02:00:00","DUNWOD","61760","459.7872"
"2022/04/30 03:00:00","DUNWOD","61760","453.166"
"2022/04/30 04:00:00","DUNWOD","61760","453.8036"
"2022/04/30 05:00:00","DUNWOD","61760","464.2618"
"2022/04/30 06:00:00","DUNWOD","61760","476.1853"
"2022/04/30 07:00:00","DUNWOD","61760","492.9156"
"2022/04/30 08:00:00","DUNWOD","61760","503.6992"
"2022/04/30 09:00:00","DUNWOD","61760","508.8619"
"2022/04/30 10:00:00","DUNWOD","61760","512.463"
"2022/04/30 11:00:00","DUNWOD","61760","504.1167"
"2022/04/30 12:00:00","DUNWOD","61760","499.2895"
"2022/04/30 13:00:00","DUNWOD","61760","493.1802"
"2022/04/30 14:00:00","DUNWOD","61760","489.8197"
"2022/04/30 15:00:00","DUNWOD","61760","495.0394"
"2022/04/30 16:00:00","DUNWOD","61760","504.4426"
"2022/04/30 17:00:00","DUNWOD","61760","532.0473"
"2022/04/30 18:00:00","DUNWOD","61760","549.8158"
"2022/04/30 19:00:00","DUNWOD","61760","561.2969"
"2022/04/30 20:00:00","DUNWOD","61760","579.1733"
"2022/04/30 21:00:00","DUNWOD","61760","564.0447"
"2022/04/30 22:00:00","DUNWOD","61760","543.5646"
"2022/04/30 23:00:00","DUNWOD","61760","515.5163"
"2022/05/01 00:00:00","DUNWOD","61760","487.1557"
"2022/05/01 01:00:00","DUNWOD","61760","467.916"
"2022/05/01 02:00:00","DUNWOD","61760","455.4262"
"2022/05/01 03:00:00","DUNWOD","61760","447.5632"
"2022/05/01 04:00:00","DUNWOD","61760","447.565"
"2022/05/01 05:00:00","DUNWOD","61760","452.7762"
"2022/05/01 06:00:00","DUNWOD","61760","453.0294"
"2022/05/01 07:00:00","DUNWOD","61760","456.2411"
"2022/05/01 08:00:00","DUNWOD","61760","467.0808"
"2022/05/01 09:00:00","DUNWOD","61760","465.9079"
"2022/05/01 10:00:00","DUNWOD","61760","476.6181"
"2022/05/01 11:00:00","DUNWOD","61760","473.169"
"2022/05/01 12:00:00","DUNWOD","61760","477.8995"
"2022/05/01 13:00:00","DUNWOD","61760","480.1431"
"2022/05/01 14:00:00","DUNWOD","61760","485.7694"
"2022/05/01 15:00:00","DUNWOD","61760","494.2588"
"2022/05/01 16:00:00","DUNWOD","61760","518.615"
"2022/05/01 17:00:00","DUNWOD","61760","533.4873"
"2022/05/01 18:00:00","DUNWOD","61760","530.8218"
"2022/05/01 19:00:00","DUNWOD","61760","548.5245"
"2022/05/01 20:00:00","DUNWOD","61760","563.8637"
"2022/05/01 21:00:00","DUNWOD","61760","543.9173"
"2022/05/01 22:00:00","DUNWOD","61760","518.0122"
"2022/05/01 23:00:00","DUNWOD","61760","479.9849"
"2022/05/02 00:00:00","DUNWOD","61760","460.4084"
"2022/05/02 01:00:00","DUNWOD","61760","444.2665"
"2022/05/02 02:00:00","DUNWOD","61760","432.4186"
"2022/05/02 03:00:00","DUNWOD","61760","424.865"
"2022/05/02 04:00:00","DUNWOD","61760","431.7782"
"2022/05/02 05:00:00","DUNWOD","61760","455.0097"
"2022/05/02 06:00:00","DUNWOD","61760","505.694"
"2022/05/02 07:00:00","DUNWOD","61760","564.0384"
"2022/05/02 08:00:00","DUNWOD","61760","597.4897"
"2022/05/02 09:00:00","DUNWOD","61760","609.0104"
"2022/05/02 10:00:00","DUNWOD","61760","607.6167"
"2022/05/02 11:00:00","DUNWOD","61760","605.9354"
"2022/05/02 12:00:00","DUNWOD","61760","608.073"
"2022/05/02 13:00:00","DUNWOD","61760","614.1567"
"2022/05/02 14:00:00","DUNWOD","61760","609.0125"
"2022/05/02 15:00:00","DUNWOD","61760","611.6411"
"2022/05/02 16:00:00","DUNWOD","61760","623.2187"
"2022/05/02 17:00:00","DUNWOD","61760","624.8564"
"2022/05/02 18:00:00","DUNWOD","61760","615.8051"
"2022/05/02 19:00:00","DUNWOD","61760","608.2269"
"2022/05/02 20:00:00","DUNWOD","61760","603.1408"
"2022/05/02 21:00:00","DUNWOD","61760","581.7"
"2022/05/02 22:00:00","DUNWOD","61760","544.376"
"2022/05/02 23:00:00","DUNWOD","61760","500.6676"
"2022/05/03 00:00:00","DUNWOD","61760","475.6022"
"2022/05/03 01:00:00","DUNWOD","61760","458.7019"
"2022/05/03 02:00:00","DUNWOD","61760","442.3925"
"2022/05/03 03:00:00","DUNWOD","61760","438.0751"
"2022/05/03 04:00:00","DUNWOD","61760","442.0773"
"2022/05/03 05:00:00","DUNWOD","61760","471.8934"
"2022/05/03 06:00:00","DUNWOD","61760","517.3146"
"2022/05/03 07:00:00","DUNWOD","61760","559.3188"
"2022/05/03 08:00:00","DUNWOD","61760","573.9842"
"2022/05/03 09:00:00","DUNWOD","61760","579.1089"
"2022/05/03 10:00:00","DUNWOD","61760","567.4691"
"2022/05/03 11:00:00","DUNWOD","61760","568.6619"
"2022/05/03 12:00:00","DUNWOD","61760","559.5934"
"2022/05/03 13:00:00","DUNWOD","61760","556.6519"
"2022/05/03 14:00:00","DUNWOD","61760","556.1654"
"2022/05/03 15:00:00","DUNWOD","61760","567.6954"
"2022/05/03 16:00:00","DUNWOD","61760","581.8884"
"2022/05/03 17:00:00","DUNWOD","61760","584.5319"
"2022/05/03 18:00:00","DUNWOD","61760","592.9851"
"2022/05/03 19:00:00","DUNWOD","61760","596.5094"
"2022/05/03 20:00:00","DUNWOD","61760","602.0614"
"2022/05/03 21:00:00","DUNWOD","61760","583.1642"
"2022/05/03 22:00:00","DUNWOD","61760","543.9206"
"2022/05/03 23:00:00","DUNWOD","61760","500.679"
"2022/05/04 00:00:00","DUNWOD","61760","470.9356"
"2022/05/04 01:00:00","DUNWOD","61760","451.8627"
"2022/05/04 02:00:00","DUNWOD","61760","443.3414"
"2022/05/04 03:00:00","DUNWOD","61760","437.9173"
"2022/05/04 04:00:00","DUNWOD","61760","450.1795"
"2022/05/04 05:00:00","DUNWOD","61760","473.4375"
"2022/05/04 06:00:00","DUNWOD","61760","522.4452"
"2022/05/04 07:00:00","DUNWOD","61760","571.7847"
"2022/05/04 08:00:00","DUNWOD","61760","597.6483"
"2022/05/04 09:00:00","DUNWOD","61760","616.5007"
"2022/05/04 10:00:00","DUNWOD","61760","616.2461"
"2022/05/04 11:00:00","DUNWOD","61760","612.6484"
"2022/05/04 12:00:00","DUNWOD","61760","602.0644"
"2022/05/04 13:00:00","DUNWOD","61760","589.2778"
"2022/05/04 14:00:00","DUNWOD","61760","584.6024"
"2022/05/04 15:00:00","DUNWOD","61760","589.1007"
"2022/05/04 16:00:00","DUNWOD","61760","588.051"
"2022/05/04 17:00:00","DUNWOD","61760","588.5644"
"2022/05/04 18:00:00","DUNWOD","61760","594.4247"
"2022/05/04 19:00:00","DUNWOD","61760","601.7585"
"2022/05/04 20:00:00","DUNWOD","61760","604.1667"
"2022/05/04 21:00:00","DUNWOD","61760","584.4726"
"2022/05/04 22:00:00","DUNWOD","61760","543.2902"
"2022/05/04 23:00:00","DUNWOD","61760","500.8594"
"2022/05/05 00:00:00","DUNWOD","61760","476.0064"
"2022/05/05 01:00:00","DUNWOD","61760","459.5572"
"2022/05/05 02:00:00","DUNWOD","61760","460.3639"
"2022/05/05 03:00:00","DUNWOD","61760","455.085"
"2022/05/05 04:00:00","DUNWOD","61760","443.2743"
"2022/05/05 05:00:00","DUNWOD","61760","461.279"
"2022/05/05 06:00:00","DUNWOD","61760","502.7613"
"2022/05/05 07:00:00","DUNWOD","61760","546.1527"
"2022/05/05 08:00:00","DUNWOD","61760","559.2464"
"2022/05/05 09:00:00","DUNWOD","61760","564.131"
"2022/05/05 10:00:00","DUNWOD","61760","564.9881"
"2022/05/05 11:00:00","DUNWOD","61760","561.6611"
"2022/05/05 12:00:00","DUNWOD","61760","564.2539"
"2022/05/05 13:00:00","DUNWOD","61760","569.2158"
"2022/05/05 14:00:00","DUNWOD","61760","576.2927"
"2022/05/05 15:00:00","DUNWOD","61760","598.5493"
"2022/05/05 16:00:00","DUNWOD","61760","594.447"
"2022/05/05 17:00:00","DUNWOD","61760","608.4972"
"2022/05/05 18:00:00","DUNWOD","61760","608.0907"
"2022/05/05 19:00:00","DUNWOD","61760","606.6496"
"2022/05/05 20:00:00","DUNWOD","61760","604.1021"
"2022/05/05 21:00:00","DUNWOD","61760","577.5986"
"2022/05/05 22:00:00","DUNWOD","61760","540.057"
"2022/05/05 23:00:00","DUNWOD","61760","498.6917"
"2022/05/06 00:00:00","DUNWOD","61760","469.0089"
"2022/05/06 01:00:00","DUNWOD","61760","449.211"
"2022/05/06 02:00:00","DUNWOD","61760","437.2919"
"2022/05/06 03:00:00","DUNWOD","61760","432.6747"
"2022/05/06 04:00:00","DUNWOD","61760","436.0837"
"2022/05/06 05:00:00","DUNWOD","61760","459.3227"
"2022/05/06 06:00:00","DUNWOD","61760","496.3297"
"2022/05/06 07:00:00","DUNWOD","61760","551.3585"
"2022/05/06 08:00:00","DUNWOD","61760","580.8872"
"2022/05/06 09:00:00","DUNWOD","61760","593.6828"
"2022/05/06 10:00:00","DUNWOD","61760","604.8229"
"2022/05/06 11:00:00","DUNWOD","61760","612.1549"
"2022/05/06 12:00:00","DUNWOD","61760","609.906"
"2022/05/06 13:00:00","DUNWOD","61760","604.7399"
"2022/05/06 14:00:00","DUNWOD","61760","603.9572"
"2022/05/06 15:00:00","DUNWOD","61760","609.9236"
"2022/05/06 16:00:00","DUNWOD","61760","611.0135"
"2022/05/06 17:00:00","DUNWOD","61760","615.446"
"2022/05/06 18:00:00","DUNWOD","61760","611.9747"
"2022/05/06 19:00:00","DUNWOD","61760","608.7016"
"2022/05/06 20:00:00","DUNWOD","61760","600.806"
"2022/05/06 21:00:00","DUNWOD","61760","578.6801"
"2022/05/06 22:00:00","DUNWOD","61760","543.3092"
"2022/05/06 23:00:00","DUNWOD","61760","507.4621"
"2022/05/07 00:00:00","DUNWOD","61760","478.1679"
"2022/05/07 01:00:00","DUNWOD","61760","459.395"
"2022/05/07 02:00:00","DUNWOD","61760","443.8688"
"2022/05/07 03:00:00","DUNWOD","61760","436.6102"
"2022/05/07 04:00:00","DUNWOD","61760","435.1333"
"2022/05/07 05:00:00","DUNWOD","61760","446.4172"
"2022/05/07 06:00:00","DUNWOD","61760","462.9181"
"2022/05/07 07:00:00","DUNWOD","61760","491.2058"
"2022/05/07 08:00:00","DUNWOD","61760","526.6515"
"2022/05/07 09:00:00","DUNWOD","61760","563.2459"
"2022/05/07 10:00:00","DUNWOD","61760","582.6327"
"2022/05/07 11:00:00","DUNWOD","61760","587.5144"
"2022/05/07 12:00:00","DUNWOD","61760","590.2346"
"2022/05/07 13:00:00","DUNWOD","61760","596.4778"
"2022/05/07 14:00:00","DUNWOD","61760","598.4988"
"2022/05/07 15:00:00","DUNWOD","61760","588.8924"
"2022/05/07 16:00:00","DUNWOD","61760","580.9056"
"2022/05/07 17:00:00","DUNWOD","61760","586.9719"
"2022/05/07 18:00:00","DUNWOD","61760","590.2021"
"2022/05/07 19:00:00","DUNWOD","61760","595.4066"
"2022/05/07 20:00:00","DUNWOD","61760","599.9715"
"2022/05/07 21:00:00","DUNWOD","61760","582.8161"
"2022/05/07 22:00:00","DUNWOD","61760","553.8244"
"2022/05/07 23:00:00","DUNWOD","61760","520.5769"
"2022/05/08 00:00:00","DUNWOD","61760","491.844"
"2022/05/08 01:00:00","DUNWOD","61760","475.0749"
"2022/05/08 02:00:00","DUNWOD","61760","450.505"
"2022/05/08 03:00:00","DUNWOD","61760","436.5062"
"2022/05/08 04:00:00","DUNWOD","61760","440.2234"
"2022/05/08 05:00:00","DUNWOD","61760","433.9587"
"2022/05/08 06:00:00","DUNWOD","61760","444.9121"
"2022/05/08 07:00:00","DUNWOD","61760","472.7906"
"2022/05/08 08:00:00","DUNWOD","61760","488.4011"
"2022/05/08 09:00:00","DUNWOD","61760","494.6856"
"2022/05/08 10:00:00","DUNWOD","61760","518.3194"
"2022/05/08 11:00:00","DUNWOD","61760","526.3"
"2022/05/08 12:00:00","DUNWOD","61760","514.743"
"2022/05/08 13:00:00","DUNWOD","61760","506.2358"
"2022/05/08 14:00:00","DUNWOD","61760","508.0378"
"2022/05/08 15:00:00","DUNWOD","61760","507.4103"
"2022/05/08 16:00:00","DUNWOD","61760","518.9716"
"2022/05/08 17:00:00","DUNWOD","61760","536.2917"
"2022/05/08 18:00:00","DUNWOD","61760","548.6045"
"2022/05/08 19:00:00","DUNWOD","61760","561.1207"
"2022/05/08 20:00:00","DUNWOD","61760","577.4664"
"2022/05/08 21:00:00","DUNWOD","61760","565.3194"
"2022/05/08 22:00:00","DUNWOD","61760","526.3758"
"2022/05/08 23:00:00","DUNWOD","61760","490.0535"
"2022/05/09 00:00:00","DUNWOD","61760","471.1704"
"2022/05/09 01:00:00","DUNWOD","61760","459.4712"
"2022/05/09 02:00:00","DUNWOD","61760","453.3576"
"2022/05/09 03:00:00","DUNWOD","61760","449.8614"
"2022/05/09 04:00:00","DUNWOD","61760","451.8897"
"2022/05/09 05:00:00","DUNWOD","61760","476.5072"
"2022/05/09 06:00:00","DUNWOD","61760","512.7486"
"2022/05/09 07:00:00","DUNWOD","61760","556.7008"
"2022/05/09 08:00:00","DUNWOD","61760","569.7163"
"2022/05/09 09:00:00","DUNWOD","61760","570.1048"
"2022/05/09 10:00:00","DUNWOD","61760","569.1147"
"2022/05/09 11:00:00","DUNWOD","61760","566.47"
"2022/05/09 12:00:00","DUNWOD","61760","557.452"
"2022/05/09 13:00:00","DUNWOD","61760","551.9463"
"2022/05/09 14:00:00","DUNWOD","61760","558.2643"
"2022/05/09 15:00:00","DUNWOD","61760","567.2478"
"2022/05/09 16:00:00","DUNWOD","61760","581.0188"
"2022/05/09 17:00:00","DUNWOD","61760","599.5379"
"2022/05/09 18:00:00","DUNWOD","61760","604.228"
"2022/05/09 19:00:00","DUNWOD","61760","601.8822"
"2022/05/09 20:00:00","DUNWOD","61760","601.1855"
"2022/05/09 21:00:00","DUNWOD","61760","581.5721"
"2022/05/09 22:00:00","DUNWOD","61760","541.7959"
"2022/05/09 23:00:00","DUNWOD","61760","497.1479"
"2022/05/10 00:00:00","DUNWOD","61760","467.6111"
"2022/05/10 01:00:00","DUNWOD","61760","451.1971"
"2022/05/10 02:00:00","DUNWOD","61760","440.4457"
"2022/05/10 03:00:00","DUNWOD","61760","435.0202"
"2022/05/10 04:00:00","DUNWOD","61760","438.0733"
"2022/05/10 05:00:00","DUNWOD","61760","464.5927"
"2022/05/10 06:00:00","DUNWOD","61760","512.1293"
"2022/05/10 07:00:00","DUNWOD","61760","556.2531"
"2022/05/10 08:00:00","DUNWOD","61760","563.1464"
"2022/05/10 09:00:00","DUNWOD","61760","563.7855"
"2022/05/10 10:00:00","DUNWOD","61760","564.0397"
"2022/05/10 11:00:00","DUNWOD","61760","564.4164"
"2022/05/10 12:00:00","DUNWOD","61760","565.3738"
"2022/05/10 13:00:00","DUNWOD","61760","568.4232"
"2022/05/10 14:00:00","DUNWOD","61760","572.2735"
"2022/05/10 15:00:00","DUNWOD","61760","585.5933"
"2022/05/10 16:00:00","DUNWOD","61760","602.9639"
"2022/05/10 17:00:00","DUNWOD","61760","611.6876"
"2022/05/10 18:00:00","DUNWOD","61760","604.7357"
"2022/05/10 19:00:00","DUNWOD","61760","594.3025"
"2022/05/10 20:00:00","DUNWOD","61760","598.2821"
"2022/05/10 21:00:00","DUNWOD","61760","577.2375"
"2022/05/10 22:00:00","DUNWOD","61760","538.1245"
"2022/05/10 23:00:00","DUNWOD","61760","496.0095"
"2022/05/11 00:00:00","DUNWOD","61760","466.4656"
"2022/05/11 01:00:00","DUNWOD","61760","456.2109"
"2022/05/11 02:00:00","DUNWOD","61760","442.9929"
"2022/05/11 03:00:00","DUNWOD","61760","438.4808"
"2022/05/11 04:00:00","DUNWOD","61760","442.8433"
"2022/05/11 05:00:00","DUNWOD","61760","466.1547"
"2022/05/11 06:00:00","DUNWOD","61760","503.7598"
"2022/05/11 07:00:00","DUNWOD","61760","553.6097"
"2022/05/11 08:00:00","DUNWOD","61760","571.7988"
"2022/05/11 09:00:00","DUNWOD","61760","582.2552"
"2022/05/11 10:00:00","DUNWOD","61760","593.849"
"2022/05/11 11:00:00","DUNWOD","61760","592.8098"
"2022/05/11 12:00:00","DUNWOD","61760","589.3946"
"2022/05/11 13:00:00","DUNWOD","61760","576.2783"
"2022/05/11 14:00:00","DUNWOD","61760","584.3987"
"2022/05/11 15:00:00","DUNWOD","61760","598.6168"
"2022/05/11 16:00:00","DUNWOD","61760","605.3132"
"2022/05/11 17:00:00","DUNWOD","61760","628.5581"
"2022/05/11 18:00:00","DUNWOD","61760","626.813"
"2022/05/11 19:00:00","DUNWOD","61760","622.52"
"2022/05/11 20:00:00","DUNWOD","61760","618.8528"
"2022/05/11 21:00:00","DUNWOD","61760","607.4276"
"2022/05/11 22:00:00","DUNWOD","61760","566.0933"
"2022/05/11 23:00:00","DUNWOD","61760","523.0308"
"2022/05/12 00:00:00","DUNWOD","61760","491.3203"
"2022/05/12 01:00:00","DUNWOD","61760","473.2873"
"2022/05/12 02:00:00","DUNWOD","61760","456.9744"
"2022/05/12 03:00:00","DUNWOD","61760","448.3532"
"2022/05/12 04:00:00","DUNWOD","61760","448.8921"
"2022/05/12 05:00:00","DUNWOD","61760","461.5993"
"2022/05/12 06:00:00","DUNWOD","61760","497.0682"
"2022/05/12 07:00:00","DUNWOD","61760","549.4896"
"2022/05/12 08:00:00","DUNWOD","61760","581.382"
"2022/05/12 09:00:00","DUNWOD","61760","601.8072"
"2022/05/12 10:00:00","DUNWOD","61760","611.0979"
"2022/05/12 11:00:00","DUNWOD","61760","617.3978"
"2022/05/12 12:00:00","DUNWOD","61760","602.2837"
"2022/05/12 13:00:00","DUNWOD","61760","606.2352"
"2022/05/12 14:00:00","DUNWOD","61760","611.9415"
"2022/05/12 15:00:00","DUNWOD","61760","633.3848"
"2022/05/12 16:00:00","DUNWOD","61760","654.2528"
"2022/05/12 17:00:00","DUNWOD","61760","665.9747"
"2022/05/12 18:00:00","DUNWOD","61760","661.1694"
"2022/05/12 19:00:00","DUNWOD","61760","651.4676"
"2022/05/12 20:00:00","DUNWOD","61760","646.6434"
"2022/05/12 21:00:00","DUNWOD","61760","619.5143"
"2022/05/12 22:00:00","DUNWOD","61760","574.8865"
"2022/05/12 23:00:00","DUNWOD","61760","524.2846"
"2022/05/13 00:00:00","DUNWOD","61760","499.2985"
"2022/05/13 01:00:00","DUNWOD","61760","483.1664"
"2022/05/13 02:00:00","DUNWOD","61760","465.0288"
"2022/05/13 03:00:00","DUNWOD","61760","454.7258"
"2022/05/13 04:00:00","DUNWOD","61760","454.1056"
"2022/05/13 05:00:00","DUNWOD","61760","471.1642"
"2022/05/13 06:00:00","DUNWOD","61760","517.3172"
"2022/05/13 07:00:00","DUNWOD","61760","572.6466"
"2022/05/13 08:00:00","DUNWOD","61760","601.0743"
"2022/05/13 09:00:00","DUNWOD","61760","621.852"
"2022/05/13 10:00:00","DUNWOD","61760","642.7429"
"2022/05/13 11:00:00","DUNWOD","61760","643.8708"
"2022/05/13 12:00:00","DUNWOD","61760","637.46"
"2022/05/13 13:00:00","DUNWOD","61760","640.6192"
"2022/05/13 14:00:00","DUNWOD","61760","657.9502"
"2022/05/13 15:00:00","DUNWOD","61760","667.3594"
"2022/05/13 16:00:00","DUNWOD","61760","674.9866"
"2022/05/13 17:00:00","DUNWOD","61760","671.4124"
"2022/05/13 18:00:00","DUNWOD","61760","665.1114"
"2022/05/13 19:00:00","DUNWOD","61760","660.7045"
"2022/05/13 20:00:00","DUNWOD","61760","649.784"
"2022/05/13 21:00:00","DUNWOD","61760","623.7688"
"2022/05/13 22:00:00","DUNWOD","61760","587.1951"
"2022/05/13 23:00:00","DUNWOD","61760","551.1231"
"2022/05/14 00:00:00","DUNWOD","61760","513.4554"
"2022/05/14 01:00:00","DUNWOD","61760","488.5373"
"2022/05/14 02:00:00","DUNWOD","61760","478.4995"
"2022/05/14 03:00:00","DUNWOD","61760","468.6786"
"2022/05/14 04:00:00","DUNWOD","61760","467.0576"
"2022/05/14 05:00:00","DUNWOD","61760","471.0705"
"2022/05/14 06:00:00","DUNWOD","61760","482.3118"
"2022/05/14 07:00:00","DUNWOD","61760","500.3714"
"2022/05/14 08:00:00","DUNWOD","61760","533.2027"
"2022/05/14 09:00:00","DUNWOD","61760","564.1506"
"2022/05/14 10:00:00","DUNWOD","61760","581.3313"
"2022/05/14 11:00:00","DUNWOD","61760","599.219"
"2022/05/14 12:00:00","DUNWOD","61760","624.2815"
"2022/05/14 13:00:00","DUNWOD","61760","626.9955"
"2022/05/14 14:00:00","DUNWOD","61760","638.9563"
"2022/05/14 15:00:00","DUNWOD","61760","638.4754"
"2022/05/14 16:00:00","DUNWOD","61760","638.7835"
"2022/05/14 17:00:00","DUNWOD","61760","632.9968"
"2022/05/14 18:00:00","DUNWOD","61760","636.8179"
"2022/05/14 19:00:00","DUNWOD","61760","628.9135"
"2022/05/14 20:00:00","DUNWOD","61760","633.3257"
"2022/05/14 21:00:00","DUNWOD","61760","612.8879"
"2022/05/14 22:00:00","DUNWOD","61760","583.701"
"2022/05/14 23:00:00","DUNWOD","61760","552.9259"
"2022/05/15 00:00:00","DUNWOD","61760","524.6996"
"2022/05/15 01:00:00","DUNWOD","61760","501.2342"
"2022/05/15 02:00:00","DUNWOD","61760","482.7182"
"2022/05/15 03:00:00","DUNWOD","61760","468.8204"
"2022/05/15 04:00:00","DUNWOD","61760","463.5932"
"2022/05/15 05:00:00","DUNWOD","61760","461.4037"
"2022/05/15 06:00:00","DUNWOD","61760","467.7629"
"2022/05/15 07:00:00","DUNWOD","61760","484.4355"
"2022/05/15 08:00:00","DUNWOD","61760","509.4101"
"2022/05/15 09:00:00","DUNWOD","61760","529.5637"
"2022/05/15 10:00:00","DUNWOD","61760","556.3921"
"2022/05/15 11:00:00","DUNWOD","61760","573.3587"
"2022/05/15 12:00:00","DUNWOD","61760","585.8185"
"2022/05/15 13:00:00","DUNWOD","61760","593.1256"
"2022/05/15 14:00:00","DUNWOD","61760","608.2048"
"2022/05/15 15:00:00","DUNWOD","61760","632.1647"
"2022/05/15 16:00:00","DUNWOD","61760","653.8751"
"2022/05/15 17:00:00","DUNWOD","61760","672.0134"
"2022/05/15 18:00:00","DUNWOD","61760","660.8945"
"2022/05/15 19:00:00","DUNWOD","61760","643.5824"
"2022/05/15 20:00:00","DUNWOD","61760","657.4911"
"2022/05/15 21:00:00","DUNWOD","61760","653.5707"
"2022/05/15 22:00:00","DUNWOD","61760","605.8826"
"2022/05/15 23:00:00","DUNWOD","61760","557.507"
"2022/05/16 00:00:00","DUNWOD","61760","527.9241"
"2022/05/16 01:00:00","DUNWOD","61760","516.1683"
"2022/05/16 02:00:00","DUNWOD","61760","484.6761"
"2022/05/16 03:00:00","DUNWOD","61760","467.3437"
"2022/05/16 04:00:00","DUNWOD","61760","467.1307"
"2022/05/16 05:00:00","DUNWOD","61760","491.9044"
"2022/05/16 06:00:00","DUNWOD","61760","543.8254"
"2022/05/16 07:00:00","DUNWOD","61760","610.319"
"2022/05/16 08:00:00","DUNWOD","61760","650.0379"
"2022/05/16 09:00:00","DUNWOD","61760","684.5296"
"2022/05/16 10:00:00","DUNWOD","61760","703.8251"
"2022/05/16 11:00:00","DUNWOD","61760","727.8769"
"2022/05/16 12:00:00","DUNWOD","61760","724.2797"
"2022/05/16 13:00:00","DUNWOD","61760","746.1596"
"2022/05/16 14:00:00","DUNWOD","61760","724.5638"
"2022/05/16 15:00:00","DUNWOD","61760","739.613"
"2022/05/16 16:00:00","DUNWOD","61760","746.7135"
"2022/05/16 17:00:00","DUNWOD","61760","751.786"
"2022/05/16 18:00:00","DUNWOD","61760","737.7122"
"2022/05/16 19:00:00","DUNWOD","61760","722.0259"
"2022/05/16 20:00:00","DUNWOD","61760","705.2719"
"2022/05/16 21:00:00","DUNWOD","61760","670.908"
"2022/05/16 22:00:00","DUNWOD","61760","617.3642"
"2022/05/16 23:00:00","DUNWOD","61760","558.6691"
"2022/05/17 00:00:00","DUNWOD","61760","517.2397"
"2022/05/17 01:00:00","DUNWOD","61760","481.7556"
"2022/05/17 02:00:00","DUNWOD","61760","453.9984"
"2022/05/17 03:00:00","DUNWOD","61760","434.1844"
"2022/05/17 04:00:00","DUNWOD","61760","439.4263"
"2022/05/17 05:00:00","DUNWOD","61760","467.0363"
"2022/05/17 06:00:00","DUNWOD","61760","514.758"
"2022/05/17 07:00:00","DUNWOD","61760","567.915"
"2022/05/17 08:00:00","DUNWOD","61760","596.7178"
"2022/05/17 09:00:00","DUNWOD","61760","615.6696"
"2022/05/17 10:00:00","DUNWOD","61760","633.6616"
"2022/05/17 11:00:00","DUNWOD","61760","642.8806"
"2022/05/17 12:00:00","DUNWOD","61760","659.0754"
"2022/05/17 13:00:00","DUNWOD","61760","666.7303"
"2022/05/17 14:00:00","DUNWOD","61760","672.4268"
"2022/05/17 15:00:00","DUNWOD","61760","680.3859"
"2022/05/17 16:00:00","DUNWOD","61760","678.3253"
"2022/05/17 17:00:00","DUNWOD","61760","694.3363"
"2022/05/17 18:00:00","DUNWOD","61760","687.9151"
"2022/05/17 19:00:00","DUNWOD","61760","663.1652"
"2022/05/17 20:00:00","DUNWOD","61760","651.0422"
"2022/05/17 21:00:00","DUNWOD","61760","627.9378"
"2022/05/17 22:00:00","DUNWOD","61760","574.1917"
"2022/05/17 23:00:00","DUNWOD","61760","527.905"
"2022/05/18 00:00:00","DUNWOD","61760","487.0431"
"2022/05/18 01:00:00","DUNWOD","61760","463.8653"
"2022/05/18 02:00:00","DUNWOD","61760","444.7331"
"2022/05/18 03:00:00","DUNWOD","61760","434.1842"
"2022/05/18 04:00:00","DUNWOD","61760","436.6678"
"2022/05/18 05:00:00","DUNWOD","61760","452.7453"
"2022/05/18 06:00:00","DUNWOD","61760","494.7167"
"2022/05/18 07:00:00","DUNWOD","61760","538.6733"
"2022/05/18 08:00:00","DUNWOD","61760","563.5689"
"2022/05/18 09:00:00","DUNWOD","61760","576.1266"
"2022/05/18 10:00:00","DUNWOD","61760","584.6813"
"2022/05/18 11:00:00","DUNWOD","61760","587.881"
"2022/05/18 12:00:00","DUNWOD","61760","598.6967"
"2022/05/18 13:00:00","DUNWOD","61760","605.4042"
"2022/05/18 14:00:00","DUNWOD","61760","614.6447"
"2022/05/18 15:00:00","DUNWOD","61760","639.8868"
"2022/05/18 16:00:00","DUNWOD","61760","652.7149"
"2022/05/18 17:00:00","DUNWOD","61760","672.5729"
"2022/05/18 18:00:00","DUNWOD","61760","670.8917"
"2022/05/18 19:00:00","DUNWOD","61760","650.8206"
"2022/05/18 20:00:00","DUNWOD","61760","639.2515"
"2022/05/18 21:00:00","DUNWOD","61760","613.3437"
"2022/05/18 22:00:00","DUNWOD","61760","572.3253"
"2022/05/18 23:00:00","DUNWOD","61760","527.6694"
"2022/05/19 00:00:00","DUNWOD","61760","493.072"
"2022/05/19 01:00:00","DUNWOD","61760","470.6445"
"2022/05/19 02:00:00","DUNWOD","61760","453.1844"
"2022/05/19 03:00:00","DUNWOD","61760","444.9865"
"2022/05/19 04:00:00","DUNWOD","61760","446.1464"
"2022/05/19 05:00:00","DUNWOD","61760","465.533"
"2022/05/19 06:00:00","DUNWOD","61760","515.4988"
"2022/05/19 07:00:00","DUNWOD","61760","571.9053"
"2022/05/19 08:00:00","DUNWOD","61760","596.978"
"2022/05/19 09:00:00","DUNWOD","61760","613.7951"
"2022/05/19 10:00:00","DUNWOD","61760","619.9745"
"2022/05/19 11:00:00","DUNWOD","61760","622.0306"
"2022/05/19 12:00:00","DUNWOD","61760","623.2824"
"2022/05/19 13:00:00","DUNWOD","61760","618.8591"
"2022/05/19 14:00:00","DUNWOD","61760","613.3649"
"2022/05/19 15:00:00","DUNWOD","61760","610.2332"
"2022/05/19 16:00:00","DUNWOD","61760","611.1945"
"2022/05/19 17:00:00","DUNWOD","61760","624.1657"
"2022/05/19 18:00:00","DUNWOD","61760","628.6931"
"2022/05/19 19:00:00","DUNWOD","61760","621.2132"
"2022/05/19 20:00:00","DUNWOD","61760","615.6922"
"2022/05/19 21:00:00","DUNWOD","61760","596.4008"
"2022/05/19 22:00:00","DUNWOD","61760","556.7052"
"2022/05/19 23:00:00","DUNWOD","61760","510.8778"
"2022/05/20 00:00:00","DUNWOD","61760","478.1567"
"2022/05/20 01:00:00","DUNWOD","61760","454.6802"
"2022/05/20 02:00:00","DUNWOD","61760","437.2906"
"2022/05/20 03:00:00","DUNWOD","61760","428.8325"
"2022/05/20 04:00:00","DUNWOD","61760","430.9126"
"2022/05/20 05:00:00","DUNWOD","61760","453.9499"
"2022/05/20 06:00:00","DUNWOD","61760","493.7772"
"2022/05/20 07:00:00","DUNWOD","61760","550.4554"
"2022/05/20 08:00:00","DUNWOD","61760","576.0852"
"2022/05/20 09:00:00","DUNWOD","61760","592.3527"
"2022/05/20 10:00:00","DUNWOD","61760","606.8797"
"2022/05/20 11:00:00","DUNWOD","61760","622.0209"
"2022/05/20 12:00:00","DUNWOD","61760","633.8983"
"2022/05/20 13:00:00","DUNWOD","61760","614.6303"
"2022/05/20 14:00:00","DUNWOD","61760","599.1746"
"2022/05/20 15:00:00","DUNWOD","61760","622.9756"
"2022/05/20 16:00:00","DUNWOD","61760","632.1554"
"2022/05/20 17:00:00","DUNWOD","61760","640.5677"
"2022/05/20 18:00:00","DUNWOD","61760","642.7987"
"2022/05/20 19:00:00","DUNWOD","61760","630.5459"
"2022/05/20 20:00:00","DUNWOD","61760","618.297"
"2022/05/20 21:00:00","DUNWOD","61760","604.8115"
"2022/05/20 22:00:00","DUNWOD","61760","577.8363"
"2022/05/20 23:00:00","DUNWOD","61760","535.338"
"2022/05/21 00:00:00","DUNWOD","61760","506.5159"
"2022/05/21 01:00:00","DUNWOD","61760","484.4353"
"2022/05/21 02:00:00","DUNWOD","61760","467.3771"
"2022/05/21 03:00:00","DUNWOD","61760","456.6062"
"2022/05/21 04:00:00","DUNWOD","61760","453.4648"
"2022/05/21 05:00:00","DUNWOD","61760","459.5326"
"2022/05/21 06:00:00","DUNWOD","61760","473.4631"
"2022/05/21 07:00:00","DUNWOD","61760","505.4992"
"2022/05/21 08:00:00","DUNWOD","61760","539.9535"
"2022/05/21 09:00:00","DUNWOD","61760","564.0765"
"2022/05/21 10:00:00","DUNWOD","61760","606.4354"
"2022/05/21 11:00:00","DUNWOD","61760","647.2249"
"2022/05/21 12:00:00","DUNWOD","61760","688.0767"
"2022/05/21 13:00:00","DUNWOD","61760","723.0395"
"2022/05/21 14:00:00","DUNWOD","61760","764.1301"
"2022/05/21 15:00:00","DUNWOD","61760","809.9576"
"2022/05/21 16:00:00","DUNWOD","61760","844.4164"
"2022/05/21 17:00:00","DUNWOD","61760","871.1391"
"2022/05/21 18:00:00","DUNWOD","61760","875.4402"
"2022/05/21 19:00:00","DUNWOD","61760","842.7012"
"2022/05/21 20:00:00","DUNWOD","61760","822.5107"
"2022/05/21 21:00:00","DUNWOD","61760","796.9378"
"2022/05/21 22:00:00","DUNWOD","61760","757.0844"
"2022/05/21 23:00:00","DUNWOD","61760","709.3872"
"2022/05/22 00:00:00","DUNWOD","61760","659.2338"
"2022/05/22 01:00:00","DUNWOD","61760","620.7943"
"2022/05/22 02:00:00","DUNWOD","61760","599.7483"
"2022/05/22 03:00:00","DUNWOD","61760","585.8852"
"2022/05/22 04:00:00","DUNWOD","61760","570.5835"
"2022/05/22 05:00:00","DUNWOD","61760","554.5736"
"2022/05/22 06:00:00","DUNWOD","61760","560.1977"
"2022/05/22 07:00:00","DUNWOD","61760","593.2357"
"2022/05/22 08:00:00","DUNWOD","61760","656.929"
"2022/05/22 09:00:00","DUNWOD","61760","727.3349"
"2022/05/22 10:00:00","DUNWOD","61760","801.9445"
"2022/05/22 11:00:00","DUNWOD","61760","842.0455"
"2022/05/22 12:00:00","DUNWOD","61760","843.0018"
"2022/05/22 13:00:00","DUNWOD","61760","884.5345"
"2022/05/22 14:00:00","DUNWOD","61760","921.3688"
"2022/05/22 15:00:00","DUNWOD","61760","954.3781"
"2022/05/22 16:00:00","DUNWOD","61760","972.9837"
"2022/05/22 17:00:00","DUNWOD","61760","977.4061"
"2022/05/22 18:00:00","DUNWOD","61760","960.4104"
"2022/05/22 19:00:00","DUNWOD","61760","931.4856"
"2022/05/22 20:00:00","DUNWOD","61760","905.0449"
"2022/05/22 21:00:00","DUNWOD","61760","876.386"
"2022/05/22 22:00:00","DUNWOD","61760","816.049"
"2022/05/22 23:00:00","DUNWOD","61760","749.4574"
"2022/05/23 00:00:00","DUNWOD","61760","698.2311"
"2022/05/23 01:00:00","DUNWOD","61760","657.9338"
"2022/05/23 02:00:00","DUNWOD","61760","614.5952"
"2022/05/23 03:00:00","DUNWOD","61760","584.4646"
"2022/05/23 04:00:00","DUNWOD","61760","569.8244"
"2022/05/23 05:00:00","DUNWOD","61760","573.9979"
"2022/05/23 06:00:00","DUNWOD","61760","607.4602"
"2022/05/23 07:00:00","DUNWOD","61760","637.4063"
"2022/05/23 08:00:00","DUNWOD","61760","661.0437"
"2022/05/23 09:00:00","DUNWOD","61760","672.4462"
"2022/05/23 10:00:00","DUNWOD","61760","673.8434"
"2022/05/23 11:00:00","DUNWOD","61760","675.7536"
"2022/05/23 12:00:00","DUNWOD","61760","678.6912"
"2022/05/23 13:00:00","DUNWOD","61760","681.3002"
"2022/05/23 14:00:00","DUNWOD","61760","700.4946"
"2022/05/23 15:00:00","DUNWOD","61760","722.0642"
"2022/05/23 16:00:00","DUNWOD","61760","743.1105"
"2022/05/23 17:00:00","DUNWOD","61760","753.5681"
"2022/05/23 18:00:00","DUNWOD","61760","736.8952"
"2022/05/23 19:00:00","DUNWOD","61760","721.0531"
"2022/05/23 20:00:00","DUNWOD","61760","710.1565"
"2022/05/23 21:00:00","DUNWOD","61760","681.8546"
"2022/05/23 22:00:00","DUNWOD","61760","635.5317"
"2022/05/23 23:00:00","DUNWOD","61760","585.2862"
"2022/05/24 00:00:00","DUNWOD","61760","547.1966"
"2022/05/24 01:00:00","DUNWOD","61760","521.6325"
"2022/05/24 02:00:00","DUNWOD","61760","501.2585"
"2022/05/24 03:00:00","DUNWOD","61760","488.7798"
"2022/05/24 04:00:00","DUNWOD","61760","485.5429"
"2022/05/24 05:00:00","DUNWOD","61760","501.9638"
"2022/05/24 06:00:00","DUNWOD","61760","539.7845"
"2022/05/24 07:00:00","DUNWOD","61760","595.738"
"2022/05/24 08:00:00","DUNWOD","61760","617.6905"
"2022/05/24 09:00:00","DUNWOD","61760","630.0712"
"2022/05/24 10:00:00","DUNWOD","61760","634.4092"
"2022/05/24 11:00:00","DUNWOD","61760","631.0667"
"2022/05/24 12:00:00","DUNWOD","61760","637.7871"
"2022/05/24 13:00:00","DUNWOD","61760","646.4804"
"2022/05/24 14:00:00","DUNWOD","61760","648.3573"
"2022/05/24 15:00:00","DUNWOD","61760","656.8128"
"2022/05/24 16:00:00","DUNWOD","61760","669.7719"
"2022/05/24 17:00:00","DUNWOD","61760","677.8927"
"2022/05/24 18:00:00","DUNWOD","61760","662.8204"
"2022/05/24 19:00:00","DUNWOD","61760","644.6039"
"2022/05/24 20:00:00","DUNWOD","61760","635.9154"
"2022/05/24 21:00:00","DUNWOD","61760","621.3418"
"2022/05/24 22:00:00","DUNWOD","61760","578.759"
"2022/05/24 23:00:00","DUNWOD","61760","536.1402"
"2022/05/25 00:00:00","DUNWOD","61760","492.2699"
"2022/05/25 01:00:00","DUNWOD","61760","472.5027"
"2022/05/25 02:00:00","DUNWOD","61760","455.0396"
"2022/05/25 03:00:00","DUNWOD","61760","438.1341"
"2022/05/25 04:00:00","DUNWOD","61760","438.2749"
"2022/05/25 05:00:00","DUNWOD","61760","455.4059"
"2022/05/25 06:00:00","DUNWOD","61760","498.8608"
"2022/05/25 07:00:00","DUNWOD","61760","549.6285"
"2022/05/25 08:00:00","DUNWOD","61760","572.11"
"2022/05/25 09:00:00","DUNWOD","61760","585.8425"
"2022/05/25 10:00:00","DUNWOD","61760","590.1701"
"2022/05/25 11:00:00","DUNWOD","61760","605.5812"
"2022/05/25 12:00:00","DUNWOD","61760","617.183"
"2022/05/25 13:00:00","DUNWOD","61760","617.1767"
"2022/05/25 14:00:00","DUNWOD","61760","623.1998"
"2022/05/25 15:00:00","DUNWOD","61760","644.3527"
"2022/05/25 16:00:00","DUNWOD","61760","663.9106"
"2022/05/25 17:00:00","DUNWOD","61760","670.4083"
"2022/05/25 18:00:00","DUNWOD","61760","643.2092"
"2022/05/25 19:00:00","DUNWOD","61760","624.107"
"2022/05/25 20:00:00","DUNWOD","61760","613.4939"
"2022/05/25 21:00:00","DUNWOD","61760","599.8832"
"2022/05/25 22:00:00","DUNWOD","61760","553.3396"
"2022/05/25 23:00:00","DUNWOD","61760","501.2111"
"2022/05/26 00:00:00","DUNWOD","61760","478.767"
"2022/05/26 01:00:00","DUNWOD","61760","454.5134"
"2022/05/26 02:00:00","DUNWOD","61760","438.6933"
"2022/05/26 03:00:00","DUNWOD","61760","431.6193"
"2022/05/26 04:00:00","DUNWOD","61760","434.2924"
"2022/05/26 05:00:00","DUNWOD","61760","455.9206"
"2022/05/26 06:00:00","DUNWOD","61760","497.277"
"2022/05/26 07:00:00","DUNWOD","61760","545.0388"
"2022/05/26 08:00:00","DUNWOD","61760","564.3833"
"2022/05/26 09:00:00","DUNWOD","61760","589.5494"
"2022/05/26 10:00:00","DUNWOD","61760","603.3122"
"2022/05/26 11:00:00","DUNWOD","61760","605.4626"
"2022/05/26 12:00:00","DUNWOD","61760","603.4264"
"2022/05/26 13:00:00","DUNWOD","61760","608.7962"
"2022/05/26 14:00:00","DUNWOD","61760","624.4764"
"2022/05/26 15:00:00","DUNWOD","61760","640.9415"
"2022/05/26 16:00:00","DUNWOD","61760","661.3356"
"2022/05/26 17:00:00","DUNWOD","61760","671.2085"
"2022/05/26 18:00:00","DUNWOD","61760","667.5339"
"2022/05/26 19:00:00","DUNWOD","61760","642.9593"
"2022/05/26 20:00:00","DUNWOD","61760","639.4687"
"2022/05/26 21:00:00","DUNWOD","61760","617.8812"
"2022/05/26 22:00:00","DUNWOD","61760","586.269"
"2022/05/26 23:00:00","DUNWOD","61760","539.9371"
"2022/05/27 00:00:00","DUNWOD","61760","507.9743"
"2022/05/27 01:00:00","DUNWOD","61760","494.1939"
"2022/05/27 02:00:00","DUNWOD","61760","477.1349"
"2022/05/27 03:00:00","DUNWOD","61760","466.4666"
"2022/05/27 04:00:00","DUNWOD","61760","471.9552"
"2022/05/27 05:00:00","DUNWOD","61760","485.3985"
"2022/05/27 06:00:00","DUNWOD","61760","537.7469"
"2022/05/27 07:00:00","DUNWOD","61760","603.6532"
"2022/05/27 08:00:00","DUNWOD","61760","628.6938"
"2022/05/27 09:00:00","DUNWOD","61760","648.1821"
"2022/05/27 10:00:00","DUNWOD","61760","669.1772"
"2022/05/27 11:00:00","DUNWOD","61760","682.5994"
"2022/05/27 12:00:00","DUNWOD","61760","717.7747"
"2022/05/27 13:00:00","DUNWOD","61760","749.2006"
"2022/05/27 14:00:00","DUNWOD","61760","775.7434"
"2022/05/27 15:00:00","DUNWOD","61760","808.8377"
"2022/05/27 16:00:00","DUNWOD","61760","815.4459"
"2022/05/27 17:00:00","DUNWOD","61760","808.1291"
"2022/05/27 18:00:00","DUNWOD","61760","763.6076"
"2022/05/27 19:00:00","DUNWOD","61760","734.16"
"2022/05/27 20:00:00","DUNWOD","61760","706.0647"
"2022/05/27 21:00:00","DUNWOD","61760","676.8115"
"2022/05/27 22:00:00","DUNWOD","61760","643.782"
"2022/05/27 23:00:00","DUNWOD","61760","600.73"
"2022/05/28 00:00:00","DUNWOD","61760","561.49"
"2022/05/28 01:00:00","DUNWOD","61760","538.5678"
"2022/05/28 02:00:00","DUNWOD","61760","516.1194"
"2022/05/28 03:00:00","DUNWOD","61760","501.6275"
"2022/05/28 04:00:00","DUNWOD","61760","496.8545"
"2022/05/28 05:00:00","DUNWOD","61760","513.9728"
"2022/05/28 06:00:00","DUNWOD","61760","523.0584"
"2022/05/28 07:00:00","DUNWOD","61760","546.8179"
"2022/05/28 08:00:00","DUNWOD","61760","582.6235"
"2022/05/28 09:00:00","DUNWOD","61760","612.3964"
"2022/05/28 10:00:00","DUNWOD","61760","629.6861"
"2022/05/28 11:00:00","DUNWOD","61760","661.0954"
"2022/05/28 12:00:00","DUNWOD","61760","687.3007"
"2022/05/28 13:00:00","DUNWOD","61760","666.7228"
"2022/05/28 14:00:00","DUNWOD","61760","632.8106"
"2022/05/28 15:00:00","DUNWOD","61760","639.1335"
"2022/05/28 16:00:00","DUNWOD","61760","635.3709"
"2022/05/28 17:00:00","DUNWOD","61760","630.3816"
"2022/05/28 18:00:00","DUNWOD","61760","642.2362"
"2022/05/28 19:00:00","DUNWOD","61760","643.7825"
"2022/05/28 20:00:00","DUNWOD","61760","644.0794"
"2022/05/28 21:00:00","DUNWOD","61760","631.6122"
"2022/05/28 22:00:00","DUNWOD","61760","601.4598"
"2022/05/28 23:00:00","DUNWOD","61760","566.9042"
"2022/05/29 00:00:00","DUNWOD","61760","531.7478"
"2022/05/29 01:00:00","DUNWOD","61760","500.4277"
"2022/05/29 02:00:00","DUNWOD","61760","471.3674"
"2022/05/29 03:00:00","DUNWOD","61760","453.4444"
"2022/05/29 04:00:00","DUNWOD","61760","443.9471"
"2022/05/29 05:00:00","DUNWOD","61760","439.1877"
"2022/05/29 06:00:00","DUNWOD","61760","449.3198"
"2022/05/29 07:00:00","DUNWOD","61760","468.4958"
"2022/05/29 08:00:00","DUNWOD","61760","489.8429"
"2022/05/29 09:00:00","DUNWOD","61760","513.6981"
"2022/05/29 10:00:00","DUNWOD","61760","542.4958"
"2022/05/29 11:00:00","DUNWOD","61760","564.2245"
"2022/05/29 12:00:00","DUNWOD","61760","571.18"
"2022/05/29 13:00:00","DUNWOD","61760","576.1704"
"2022/05/29 14:00:00","DUNWOD","61760","589.7935"
"2022/05/29 15:00:00","DUNWOD","61760","610.3414"
"2022/05/29 16:00:00","DUNWOD","61760","635.6537"
"2022/05/29 17:00:00","DUNWOD","61760","659.2975"
"2022/05/29 18:00:00","DUNWOD","61760","661.934"
"2022/05/29 19:00:00","DUNWOD","61760","641.8173"
"2022/05/29 20:00:00","DUNWOD","61760","631.1742"
"2022/05/29 21:00:00","DUNWOD","61760","624.7295"
"2022/05/29 22:00:00","DUNWOD","61760","595.1823"
"2022/05/29 23:00:00","DUNWOD","61760","559.7565"
"2022/05/30 00:00:00","DUNWOD","61760","523.7802"
"2022/05/30 01:00:00","DUNWOD","61760","497.8091"
"2022/05/30 02:00:00","DUNWOD","61760","490.6094"
"2022/05/30 03:00:00","DUNWOD","61760","477.8289"
"2022/05/30 04:00:00","DUNWOD","61760","469.9389"
"2022/05/30 05:00:00","DUNWOD","61760","471.3765"
"2022/05/30 06:00:00","DUNWOD","61760","486.2554"
"2022/05/30 07:00:00","DUNWOD","61760","504.7582"
"2022/05/30 08:00:00","DUNWOD","61760","537.163"
"2022/05/30 09:00:00","DUNWOD","61760","577.1967"
"2022/05/30 10:00:00","DUNWOD","61760","620.2901"
"2022/05/30 11:00:00","DUNWOD","61760","662.8156"
"2022/05/30 12:00:00","DUNWOD","61760","699.1075"
"2022/05/30 13:00:00","DUNWOD","61760","738.556"
"2022/05/30 14:00:00","DUNWOD","61760","774.6879"
"2022/05/30 15:00:00","DUNWOD","61760","803.4758"
"2022/05/30 16:00:00","DUNWOD","61760","833.4103"
"2022/05/30 17:00:00","DUNWOD","61760","855.3721"
"2022/05/30 18:00:00","DUNWOD","61760","851.5299"
"2022/05/30 19:00:00","DUNWOD","61760","832.696"
"2022/05/30 20:00:00","DUNWOD","61760","816.6305"
"2022/05/30 21:00:00","DUNWOD","61760","794.3813"
"2022/05/30 22:00:00","DUNWOD","61760","739.6599"
"2022/05/30 23:00:00","DUNWOD","61760","679.9159"
"2022/05/31 00:00:00","DUNWOD","61760","634.8823"
"2022/05/31 01:00:00","DUNWOD","61760","608.6982"
"2022/05/31 02:00:00","DUNWOD","61760","591.3116"
"2022/05/31 03:00:00","DUNWOD","61760","579.5587"
"2022/05/31 04:00:00","DUNWOD","61760","577.3777"
"2022/05/31 05:00:00","DUNWOD","61760","600.678"
"2022/05/31 06:00:00","DUNWOD","61760","662.3679"
"2022/05/31 07:00:00","DUNWOD","61760","741.7481"
"2022/05/31 08:00:00","DUNWOD","61760","801.8313"
"2022/05/31 09:00:00","DUNWOD","61760","862.0272"
"2022/05/31 10:00:00","DUNWOD","61760","910.4447"
"2022/05/31 11:00:00","DUNWOD","61760","950.0323"
"2022/05/31 12:00:00","DUNWOD","61760","993.664"
"2022/05/31 13:00:00","DUNWOD","61760","1039.5935"
"2022/05/31 14:00:00","DUNWOD","61760","1085.545"
"2022/05/31 15:00:00","DUNWOD","61760","1125.501"
"2022/05/31 16:00:00","DUNWOD","61760","1163.3292"
"2022/05/31 17:00:00","DUNWOD","61760","1200.8736"
"2022/05/31 18:00:00","DUNWOD","61760","1172.1999"
"2022/05/31 19:00:00","DUNWOD","61760","1121.0182"
"2022/05/31 20:00:00","DUNWOD","61760","1020.1399"
"2022/05/31 21:00:00","DUNWOD","61760","934.6692"
"2022/05/31 22:00:00","DUNWOD","61760","830.5772"
"2022/05/31 23:00:00","DUNWOD","61760","720.5299"
"2022/06/01 00:00:00","DUNWOD","61760","654.1863"
"2022/06/01 01:00:00","DUNWOD","61760","605.2646"
"2022/06/01 02:00:00","DUNWOD","61760","566.3791"
"2022/06/01 03:00:00","DUNWOD","61760","544.5389"
"2022/06/01 04:00:00","DUNWOD","61760","534.6988"
"2022/06/01 05:00:00","DUNWOD","61760","544.2398"
"2022/06/01 06:00:00","DUNWOD","61760","581.8435"
"2022/06/01 07:00:00","DUNWOD","61760","625.1999"
"2022/06/01 08:00:00","DUNWOD","61760","649.402"
"2022/06/01 09:00:00","DUNWOD","61760","660.7843"
"2022/06/01 10:00:00","DUNWOD","61760","674.3748"
"2022/06/01 11:00:00","DUNWOD","61760","683.6584"
"2022/06/01 12:00:00","DUNWOD","61760","693.926"
"2022/06/01 13:00:00","DUNWOD","61760","705.9114"
"2022/06/01 14:00:00","DUNWOD","61760","710.3677"
"2022/06/01 15:00:00","DUNWOD","61760","712.47"
"2022/06/01 16:00:00","DUNWOD","61760","706.7633"
"2022/06/01 17:00:00","DUNWOD","61760","697.7491"
"2022/06/01 18:00:00","DUNWOD","61760","687.8681"
"2022/06/01 19:00:00","DUNWOD","61760","692.5105"
"2022/06/01 20:00:00","DUNWOD","61760","674.3728"
"2022/06/01 21:00:00","DUNWOD","61760","649.1752"
"2022/06/01 22:00:00","DUNWOD","61760","611.5686"
"2022/06/01 23:00:00","DUNWOD","61760","566.4442"
"2022/06/02 00:00:00","DUNWOD","61760","530.868"
"2022/06/02 01:00:00","DUNWOD","61760","509.3876"
"2022/06/02 02:00:00","DUNWOD","61760","494.3873"
"2022/06/02 03:00:00","DUNWOD","61760","483.1737"
"2022/06/02 04:00:00","DUNWOD","61760","485.547"
"2022/06/02 05:00:00","DUNWOD","61760","507.8578"
"2022/06/02 06:00:00","DUNWOD","61760","560.9138"
"2022/06/02 07:00:00","DUNWOD","61760","627.09"
"2022/06/02 08:00:00","DUNWOD","61760","664.5091"
"2022/06/02 09:00:00","DUNWOD","61760","692.5379"
"2022/06/02 10:00:00","DUNWOD","61760","721.8118"
"2022/06/02 11:00:00","DUNWOD","61760","751.1128"
"2022/06/02 12:00:00","DUNWOD","61760","776.1187"
"2022/06/02 13:00:00","DUNWOD","61760","811.7222"
"2022/06/02 14:00:00","DUNWOD","61760","808.1342"
"2022/06/02 15:00:00","DUNWOD","61760","824.5117"
"2022/06/02 16:00:00","DUNWOD","61760","821.4355"
"2022/06/02 17:00:00","DUNWOD","61760","803.2102"
"2022/06/02 18:00:00","DUNWOD","61760","778.764"
"2022/06/02 19:00:00","DUNWOD","61760","758.9144"
"2022/06/02 20:00:00","DUNWOD","61760","742.7611"
"2022/06/02 21:00:00","DUNWOD","61760","716.4373"
"2022/06/02 22:00:00","DUNWOD","61760","672.2156"
"2022/06/02 23:00:00","DUNWOD","61760","624.9886"
"2022/06/03 00:00:00","DUNWOD","61760","586.0881"
"2022/06/03 01:00:00","DUNWOD","61760","558.5998"
"2022/06/03 02:00:00","DUNWOD","61760","532.482"
"2022/06/03 03:00:00","DUNWOD","61760","513.826"
"2022/06/03 04:00:00","DUNWOD","61760","514.255"
"2022/06/03 05:00:00","DUNWOD","61760","529.5877"
"2022/06/03 06:00:00","DUNWOD","61760","573.2181"
"2022/06/03 07:00:00","DUNWOD","61760","627.9277"
"2022/06/03 08:00:00","DUNWOD","61760","651.1223"
"2022/06/03 09:00:00","DUNWOD","61760","678.634"
"2022/06/03 10:00:00","DUNWOD","61760","691.4783"
"2022/06/03 11:00:00","DUNWOD","61760","692.8829"
"2022/06/03 12:00:00","DUNWOD","61760","694.4281"
"2022/06/03 13:00:00","DUNWOD","61760","709.4604"
"2022/06/03 14:00:00","DUNWOD","61760","741.596"
"2022/06/03 15:00:00","DUNWOD","61760","774.098"
"2022/06/03 16:00:00","DUNWOD","61760","797.2498"
"2022/06/03 17:00:00","DUNWOD","61760","802.3864"
"2022/06/03 18:00:00","DUNWOD","61760","770.7828"
"2022/06/03 19:00:00","DUNWOD","61760","747.6537"
"2022/06/03 20:00:00","DUNWOD","61760","723.0278"
"2022/06/03 21:00:00","DUNWOD","61760","695.6649"
"2022/06/03 22:00:00","DUNWOD","61760","650.7867"
"2022/06/03 23:00:00","DUNWOD","61760","599.7773"
"2022/06/04 00:00:00","DUNWOD","61760","559.3505"
"2022/06/04 01:00:00","DUNWOD","61760","518.2022"
"2022/06/04 02:00:00","DUNWOD","61760","492.6005"
"2022/06/04 03:00:00","DUNWOD","61760","479.6297"
"2022/06/04 04:00:00","DUNWOD","61760","469.2638"
"2022/06/04 05:00:00","DUNWOD","61760","458.6558"
"2022/06/04 06:00:00","DUNWOD","61760","479.9857"
"2022/06/04 07:00:00","DUNWOD","61760","662.9819"
"2022/06/04 08:00:00","DUNWOD","61760","796.0336"
"2022/06/04 09:00:00","DUNWOD","61760","862.7354"
"2022/06/04 10:00:00","DUNWOD","61760","894.323"
"2022/06/04 11:00:00","DUNWOD","61760","645.7665"
"2022/06/04 12:00:00","DUNWOD","61760","672.6554"
"2022/06/04 13:00:00","DUNWOD","61760","703.2845"
"2022/06/04 14:00:00","DUNWOD","61760","725.9888"
"2022/06/04 15:00:00","DUNWOD","61760","740.5973"
"2022/06/04 16:00:00","DUNWOD","61760","752.8771"
"2022/06/04 17:00:00","DUNWOD","61760","769.4995"
"2022/06/04 18:00:00","DUNWOD","61760","765.4975"
"2022/06/04 19:00:00","DUNWOD","61760","738.4656"
"2022/06/04 20:00:00","DUNWOD","61760","714.5034"
"2022/06/04 21:00:00","DUNWOD","61760","703.3695"
"2022/06/04 22:00:00","DUNWOD","61760","666.2295"
"2022/06/04 23:00:00","DUNWOD","61760","615.8244"
"2022/06/05 00:00:00","DUNWOD","61760","575.0547"
"2022/06/05 01:00:00","DUNWOD","61760","547.9671"
"2022/06/05 02:00:00","DUNWOD","61760","517.7332"
"2022/06/05 03:00:00","DUNWOD","61760","497.188"
"2022/06/05 04:00:00","DUNWOD","61760","483.4498"
"2022/06/05 05:00:00","DUNWOD","61760","480.1056"
"2022/06/05 06:00:00","DUNWOD","61760","480.8837"
"2022/06/05 07:00:00","DUNWOD","61760","494.1702"
"2022/06/05 08:00:00","DUNWOD","61760","517.5904"
"2022/06/05 09:00:00","DUNWOD","61760","548.2544"
"2022/06/05 10:00:00","DUNWOD","61760","562.7478"
"2022/06/05 11:00:00","DUNWOD","61760","572.7383"
"2022/06/05 12:00:00","DUNWOD","61760","576.6921"
"2022/06/05 13:00:00","DUNWOD","61760","590.585"
"2022/06/05 14:00:00","DUNWOD","61760","616.9012"
"2022/06/05 15:00:00","DUNWOD","61760","649.8844"
"2022/06/05 16:00:00","DUNWOD","61760","677.496"
"2022/06/05 17:00:00","DUNWOD","61760","700.6134"
"2022/06/05 18:00:00","DUNWOD","61760","703.3938"
"2022/06/05 19:00:00","DUNWOD","61760","691.4731"
"2022/06/05 20:00:00","DUNWOD","61760","680.4603"
"2022/06/05 21:00:00","DUNWOD","61760","666.0274"
"2022/06/05 22:00:00","DUNWOD","61760","632.1074"
"2022/06/05 23:00:00","DUNWOD","61760","580.3259"
"2022/06/06 00:00:00","DUNWOD","61760","547.305"
"2022/06/06 01:00:00","DUNWOD","61760","514.5051"
"2022/06/06 02:00:00","DUNWOD","61760","488.4043"
"2022/06/06 03:00:00","DUNWOD","61760","475.6596"
"2022/06/06 04:00:00","DUNWOD","61760","466.8941"
"2022/06/06 05:00:00","DUNWOD","61760","487.1422"
"2022/06/06 06:00:00","DUNWOD","61760","541.6979"
"2022/06/06 07:00:00","DUNWOD","61760","611.4854"
"2022/06/06 08:00:00","DUNWOD","61760","655.4073"
"2022/06/06 09:00:00","DUNWOD","61760","687.9506"
"2022/06/06 10:00:00","DUNWOD","61760","710.2838"
"2022/06/06 11:00:00","DUNWOD","61760","725.8048"
"2022/06/06 12:00:00","DUNWOD","61760","740.9392"
"2022/06/06 13:00:00","DUNWOD","61760","760.8119"
"2022/06/06 14:00:00","DUNWOD","61760","786.1592"
"2022/06/06 15:00:00","DUNWOD","61760","817.4728"
"2022/06/06 16:00:00","DUNWOD","61760","847.1744"
"2022/06/06 17:00:00","DUNWOD","61760","856.4816"
"2022/06/06 18:00:00","DUNWOD","61760","822.5718"
"2022/06/06 19:00:00","DUNWOD","61760","781.8034"
"2022/06/06 20:00:00","DUNWOD","61760","755.7752"
"2022/06/06 21:00:00","DUNWOD","61760","728.6216"
"2022/06/06 22:00:00","DUNWOD","61760","680.5132"
"2022/06/06 23:00:00","DUNWOD","61760","620.3826"
"2022/06/07 00:00:00","DUNWOD","61760","572.4161"
"2022/06/07 01:00:00","DUNWOD","61760","555.7763"
"2022/06/07 02:00:00","DUNWOD","61760","529.8872"
"2022/06/07 03:00:00","DUNWOD","61760","510.9943"
"2022/06/07 04:00:00","DUNWOD","61760","506.4814"
"2022/06/07 05:00:00","DUNWOD","61760","515.8148"
"2022/06/07 06:00:00","DUNWOD","61760","559.4398"
"2022/06/07 07:00:00","DUNWOD","61760","627.3724"
"2022/06/07 08:00:00","DUNWOD","61760","675.9545"
"2022/06/07 09:00:00","DUNWOD","61760","714.7309"
"2022/06/07 10:00:00","DUNWOD","61760","739.0693"
"2022/06/07 11:00:00","DUNWOD","61760","756.5918"
"2022/06/07 12:00:00","DUNWOD","61760","767.5092"
"2022/06/07 13:00:00","DUNWOD","61760","777.2032"
"2022/06/07 14:00:00","DUNWOD","61760","804.2403"
"2022/06/07 15:00:00","DUNWOD","61760","810.1932"
"2022/06/07 16:00:00","DUNWOD","61760","797.9149"
"2022/06/07 17:00:00","DUNWOD","61760","791.0708"
"2022/06/07 18:00:00","DUNWOD","61760","778.9109"
"2022/06/07 19:00:00","DUNWOD","61760","764.8241"
"2022/06/07 20:00:00","DUNWOD","61760","751.7444"
"2022/06/07 21:00:00","DUNWOD","61760","725.6717"
"2022/06/07 22:00:00","DUNWOD","61760","681.4611"
"2022/06/07 23:00:00","DUNWOD","61760","638.2136"
"2022/06/08 00:00:00","DUNWOD","61760","599.4922"
"2022/06/08 01:00:00","DUNWOD","61760","574.7786"
"2022/06/08 02:00:00","DUNWOD","61760","558.7024"
"2022/06/08 03:00:00","DUNWOD","61760","548.0671"
"2022/06/08 04:00:00","DUNWOD","61760","549.2658"
"2022/06/08 05:00:00","DUNWOD","61760","575.9385"
"2022/06/08 06:00:00","DUNWOD","61760","642.2936"
"2022/06/08 07:00:00","DUNWOD","61760","712.3027"
"2022/06/08 08:00:00","DUNWOD","61760","764.3262"
"2022/06/08 09:00:00","DUNWOD","61760","801.4899"
"2022/06/08 10:00:00","DUNWOD","61760","822.7826"
"2022/06/08 11:00:00","DUNWOD","61760","835.3467"
"2022/06/08 12:00:00","DUNWOD","61760","857.4983"
"2022/06/08 13:00:00","DUNWOD","61760","878.4194"
"2022/06/08 14:00:00","DUNWOD","61760","900.9918"
"2022/06/08 15:00:00","DUNWOD","61760","931.8999"
"2022/06/08 16:00:00","DUNWOD","61760","959.274"
"2022/06/08 17:00:00","DUNWOD","61760","974.4603"
"2022/06/08 18:00:00","DUNWOD","61760","956.4942"
"2022/06/08 19:00:00","DUNWOD","61760","913.6274"
"2022/06/08 20:00:00","DUNWOD","61760","872.6831"
"2022/06/08 21:00:00","DUNWOD","61760","843.1693"
"2022/06/08 22:00:00","DUNWOD","61760","782.0446"
"2022/06/08 23:00:00","DUNWOD","61760","714.3747"
"2022/06/09 00:00:00","DUNWOD","61760","671.1423"
"2022/06/09 01:00:00","DUNWOD","61760","650.003"
"2022/06/09 02:00:00","DUNWOD","61760","620.2678"
"2022/06/09 03:00:00","DUNWOD","61760","602.5292"
"2022/06/09 04:00:00","DUNWOD","61760","601.8009"
"2022/06/09 05:00:00","DUNWOD","61760","628.7384"
"2022/06/09 06:00:00","DUNWOD","61760","686.2648"
"2022/06/09 07:00:00","DUNWOD","61760","754.2074"
"2022/06/09 08:00:00","DUNWOD","61760","778.9158"
"2022/06/09 09:00:00","DUNWOD","61760","821.3063"
"2022/06/09 10:00:00","DUNWOD","61760","845.2561"
"2022/06/09 11:00:00","DUNWOD","61760","873.9165"
"2022/06/09 12:00:00","DUNWOD","61760","886.2744"
"2022/06/09 13:00:00","DUNWOD","61760","899.0667"
"2022/06/09 14:00:00","DUNWOD","61760","908.053"
"2022/06/09 15:00:00","DUNWOD","61760","913.3179"
"2022/06/09 16:00:00","DUNWOD","61760","929.9425"
"2022/06/09 17:00:00","DUNWOD","61760","930.5732"
"2022/06/09 18:00:00","DUNWOD","61760","897.0686"
"2022/06/09 19:00:00","DUNWOD","61760","853.1167"
"2022/06/09 20:00:00","DUNWOD","61760","809.8268"
"2022/06/09 21:00:00","DUNWOD","61760","777.9667"
"2022/06/09 22:00:00","DUNWOD","61760","721.8601"
"2022/06/09 23:00:00","DUNWOD","61760","653.7098"
"2022/06/10 00:00:00","DUNWOD","61760","594.4936"
"2022/06/10 01:00:00","DUNWOD","61760","554.1938"
"2022/06/10 02:00:00","DUNWOD","61760","518.0354"
"2022/06/10 03:00:00","DUNWOD","61760","494.5895"
"2022/06/10 04:00:00","DUNWOD","61760","489.8607"
"2022/06/10 05:00:00","DUNWOD","61760","502.9044"
"2022/06/10 06:00:00","DUNWOD","61760","554.4889"
"2022/06/10 07:00:00","DUNWOD","61760","617.5256"
"2022/06/10 08:00:00","DUNWOD","61760","657.5298"
"2022/06/10 09:00:00","DUNWOD","61760","675.291"
"2022/06/10 10:00:00","DUNWOD","61760","699.3822"
"2022/06/10 11:00:00","DUNWOD","61760","716.5341"
"2022/06/10 12:00:00","DUNWOD","61760","734.0266"
"2022/06/10 13:00:00","DUNWOD","61760","752.5287"
"2022/06/10 14:00:00","DUNWOD","61760","772.1958"
"2022/06/10 15:00:00","DUNWOD","61760","799.7249"
"2022/06/10 16:00:00","DUNWOD","61760","817.1735"
"2022/06/10 17:00:00","DUNWOD","61760","825.7778"
"2022/06/10 18:00:00","DUNWOD","61760","789.3022"
"2022/06/10 19:00:00","DUNWOD","61760","755.9592"
"2022/06/10 20:00:00","DUNWOD","61760","735.343"
"2022/06/10 21:00:00","DUNWOD","61760","720.2287"
"2022/06/10 22:00:00","DUNWOD","61760","686.4191"
"2022/06/10 23:00:00","DUNWOD","61760","643.2194"
"2022/06/11 00:00:00","DUNWOD","61760","601.2136"
"2022/06/11 01:00:00","DUNWOD","61760","560.2498"
"2022/06/11 02:00:00","DUNWOD","61760","530.3411"
"2022/06/11 03:00:00","DUNWOD","61760","511.0702"
"2022/06/11 04:00:00","DUNWOD","61760","495.3067"
"2022/06/11 05:00:00","DUNWOD","61760","493.9759"
"2022/06/11 06:00:00","DUNWOD","61760","505.0055"
"2022/06/11 07:00:00","DUNWOD","61760","539.9981"
"2022/06/11 08:00:00","DUNWOD","61760","585.567"
"2022/06/11 09:00:00","DUNWOD","61760","624.1266"
"2022/06/11 10:00:00","DUNWOD","61760","654.5901"
"2022/06/11 11:00:00","DUNWOD","61760","674.222"
"2022/06/11 12:00:00","DUNWOD","61760","681.4851"
"2022/06/11 13:00:00","DUNWOD","61760","674.6545"
"2022/06/11 14:00:00","DUNWOD","61760","679.1194"
"2022/06/11 15:00:00","DUNWOD","61760","663.5802"
"2022/06/11 16:00:00","DUNWOD","61760","665.4699"
"2022/06/11 17:00:00","DUNWOD","61760","677.1425"
"2022/06/11 18:00:00","DUNWOD","61760","672.5296"
"2022/06/11 19:00:00","DUNWOD","61760","669.0467"
"2022/06/11 20:00:00","DUNWOD","61760","663.0704"
"2022/06/11 21:00:00","DUNWOD","61760","660.4675"
"2022/06/11 22:00:00","DUNWOD","61760","634.5889"
"2022/06/11 23:00:00","DUNWOD","61760","595.3497"
"2022/06/12 00:00:00","DUNWOD","61760","551.6269"
"2022/06/12 01:00:00","DUNWOD","61760","520.7548"
"2022/06/12 02:00:00","DUNWOD","61760","493.2429"
"2022/06/12 03:00:00","DUNWOD","61760","477.0541"
"2022/06/12 04:00:00","DUNWOD","61760","459.5206"
"2022/06/12 05:00:00","DUNWOD","61760","462.1639"
"2022/06/12 06:00:00","DUNWOD","61760","470.7914"
"2022/06/12 07:00:00","DUNWOD","61760","496.4494"
"2022/06/12 08:00:00","DUNWOD","61760","531.2483"
"2022/06/12 09:00:00","DUNWOD","61760","561.7203"
"2022/06/12 10:00:00","DUNWOD","61760","594.2254"
"2022/06/12 11:00:00","DUNWOD","61760","611.2714"
"2022/06/12 12:00:00","DUNWOD","61760","619.095"
"2022/06/12 13:00:00","DUNWOD","61760","625.03"
"2022/06/12 14:00:00","DUNWOD","61760","624.2497"
"2022/06/12 15:00:00","DUNWOD","61760","635.1586"
"2022/06/12 16:00:00","DUNWOD","61760","650.4629"
"2022/06/12 17:00:00","DUNWOD","61760","663.039"
"2022/06/12 18:00:00","DUNWOD","61760","672.8264"
"2022/06/12 19:00:00","DUNWOD","61760","671.9323"
"2022/06/12 20:00:00","DUNWOD","61760","680.2626"
"2022/06/12 21:00:00","DUNWOD","61760","678.8529"
"2022/06/12 22:00:00","DUNWOD","61760","650.9355"
"2022/06/12 23:00:00","DUNWOD","61760","603.5698"
"2022/06/13 00:00:00","DUNWOD","61760","566.3068"
"2022/06/13 01:00:00","DUNWOD","61760","541.6898"
"2022/06/13 02:00:00","DUNWOD","61760","520.8949"
"2022/06/13 03:00:00","DUNWOD","61760","510.2877"
"2022/06/13 04:00:00","DUNWOD","61760","505.6822"
"2022/06/13 05:00:00","DUNWOD","61760","532.3337"
"2022/06/13 06:00:00","DUNWOD","61760","599.5642"
"2022/06/13 07:00:00","DUNWOD","61760","678.2883"
"2022/06/13 08:00:00","DUNWOD","61760","728.9074"
"2022/06/13 09:00:00","DUNWOD","61760","772.5143"
"2022/06/13 10:00:00","DUNWOD","61760","807.0961"
"2022/06/13 11:00:00","DUNWOD","61760","836.2176"
"2022/06/13 12:00:00","DUNWOD","61760","876.675"
"2022/06/13 13:00:00","DUNWOD","61760","904.1929"
"2022/06/13 14:00:00","DUNWOD","61760","926.0755"
"2022/06/13 15:00:00","DUNWOD","61760","963.2796"
"2022/06/13 16:00:00","DUNWOD","61760","996.0139"
"2022/06/13 17:00:00","DUNWOD","61760","1009.2875"
"2022/06/13 18:00:00","DUNWOD","61760","992.26"
"2022/06/13 19:00:00","DUNWOD","61760","953.9146"
"2022/06/13 20:00:00","DUNWOD","61760","908.6384"
"2022/06/13 21:00:00","DUNWOD","61760","863.98"
"2022/06/13 22:00:00","DUNWOD","61760","787.9665"
"2022/06/13 23:00:00","DUNWOD","61760","699.101"
"2022/06/14 00:00:00","DUNWOD","61760","629.086"
"2022/06/14 01:00:00","DUNWOD","61760","587.0808"
"2022/06/14 02:00:00","DUNWOD","61760","553.2779"
"2022/06/14 03:00:00","DUNWOD","61760","532.9607"
"2022/06/14 04:00:00","DUNWOD","61760","523.2132"
"2022/06/14 05:00:00","DUNWOD","61760","536.1898"
"2022/06/14 06:00:00","DUNWOD","61760","591.075"
"2022/06/14 07:00:00","DUNWOD","61760","648.1044"
"2022/06/14 08:00:00","DUNWOD","61760","679.1278"
"2022/06/14 09:00:00","DUNWOD","61760","699.8914"
"2022/06/14 10:00:00","DUNWOD","61760","706.7603"
"2022/06/14 11:00:00","DUNWOD","61760","729.5936"
"2022/06/14 12:00:00","DUNWOD","61760","754.0485"
"2022/06/14 13:00:00","DUNWOD","61760","785.8924"
"2022/06/14 14:00:00","DUNWOD","61760","814.3862"
"2022/06/14 15:00:00","DUNWOD","61760","858.3248"
"2022/06/14 16:00:00","DUNWOD","61760","904.8977"
"2022/06/14 17:00:00","DUNWOD","61760","931.399"
"2022/06/14 18:00:00","DUNWOD","61760","926.4192"
"2022/06/14 19:00:00","DUNWOD","61760","891.7266"
"2022/06/14 20:00:00","DUNWOD","61760","850.3175"
"2022/06/14 21:00:00","DUNWOD","61760","818.7902"
"2022/06/14 22:00:00","DUNWOD","61760","761.2388"
"2022/06/14 23:00:00","DUNWOD","61760","696.3365"
"2022/06/15 00:00:00","DUNWOD","61760","639.4626"
"2022/06/15 01:00:00","DUNWOD","61760","594.7024"
"2022/06/15 02:00:00","DUNWOD","61760","560.7427"
"2022/06/15 03:00:00","DUNWOD","61760","540.7658"
"2022/06/15 04:00:00","DUNWOD","61760","532.5678"
"2022/06/15 05:00:00","DUNWOD","61760","545.1512"
"2022/06/15 06:00:00","DUNWOD","61760","610.8111"
"2022/06/15 07:00:00","DUNWOD","61760","685.1908"
"2022/06/15 08:00:00","DUNWOD","61760","728.8149"
"2022/06/15 09:00:00","DUNWOD","61760","757.1487"
"2022/06/15 10:00:00","DUNWOD","61760","771.5633"
"2022/06/15 11:00:00","DUNWOD","61760","786.5827"
"2022/06/15 12:00:00","DUNWOD","61760","799.8107"
"2022/06/15 13:00:00","DUNWOD","61760","830.8441"
"2022/06/15 14:00:00","DUNWOD","61760","863.9031"
"2022/06/15 15:00:00","DUNWOD","61760","907.9068"
"2022/06/15 16:00:00","DUNWOD","61760","930.4117"
"2022/06/15 17:00:00","DUNWOD","61760","928.5057"
"2022/06/15 18:00:00","DUNWOD","61760","890.3549"
"2022/06/15 19:00:00","DUNWOD","61760","837.9241"
"2022/06/15 20:00:00","DUNWOD","61760","805.0094"
"2022/06/15 21:00:00","DUNWOD","61760","777.0895"
"2022/06/15 22:00:00","DUNWOD","61760","721.9138"
"2022/06/15 23:00:00","DUNWOD","61760","657.8988"
"2022/06/16 00:00:00","DUNWOD","61760","611.1261"
"2022/06/16 01:00:00","DUNWOD","61760","573.5325"
"2022/06/16 02:00:00","DUNWOD","61760","548.3364"
"2022/06/16 03:00:00","DUNWOD","61760","538.0003"
"2022/06/16 04:00:00","DUNWOD","61760","530.8699"
"2022/06/16 05:00:00","DUNWOD","61760","548.0609"
"2022/06/16 06:00:00","DUNWOD","61760","612.1498"
"2022/06/16 07:00:00","DUNWOD","61760","673.7589"
"2022/06/16 08:00:00","DUNWOD","61760","690.8242"
"2022/06/16 09:00:00","DUNWOD","61760","694.3121"
"2022/06/16 10:00:00","DUNWOD","61760","705.4673"
"2022/06/16 11:00:00","DUNWOD","61760","731.7956"
"2022/06/16 12:00:00","DUNWOD","61760","736.3922"
"2022/06/16 13:00:00","DUNWOD","61760","745.2409"
"2022/06/16 14:00:00","DUNWOD","61760","743.1084"
"2022/06/16 15:00:00","DUNWOD","61760","746.6739"
"2022/06/16 16:00:00","DUNWOD","61760","751.1616"
"2022/06/16 17:00:00","DUNWOD","61760","750.0377"
"2022/06/16 18:00:00","DUNWOD","61760","734.5237"
"2022/06/16 19:00:00","DUNWOD","61760","723.5246"
"2022/06/16 20:00:00","DUNWOD","61760","715.4505"
"2022/06/16 21:00:00","DUNWOD","61760","701.2188"
"2022/06/16 22:00:00","DUNWOD","61760","663.979"
"2022/06/16 23:00:00","DUNWOD","61760","619.9862"
"2022/06/17 00:00:00","DUNWOD","61760","585.4509"
"2022/06/17 01:00:00","DUNWOD","61760","557.9987"
"2022/06/17 02:00:00","DUNWOD","61760","535.5799"
"2022/06/17 03:00:00","DUNWOD","61760","524.1655"
"2022/06/17 04:00:00","DUNWOD","61760","523.2563"
"2022/06/17 05:00:00","DUNWOD","61760","545.599"
"2022/06/17 06:00:00","DUNWOD","61760","607.3625"
"2022/06/17 07:00:00","DUNWOD","61760","685.2521"
"2022/06/17 08:00:00","DUNWOD","61760","736.7922"
"2022/06/17 09:00:00","DUNWOD","61760","777.5743"
"2022/06/17 10:00:00","DUNWOD","61760","821.6668"
"2022/06/17 11:00:00","DUNWOD","61760","888.3848"
"2022/06/17 12:00:00","DUNWOD","61760","954.5308"
"2022/06/17 13:00:00","DUNWOD","61760","944.8869"
"2022/06/17 14:00:00","DUNWOD","61760","957.2271"
"2022/06/17 15:00:00","DUNWOD","61760","986.4292"
"2022/06/17 16:00:00","DUNWOD","61760","994.6851"
"2022/06/17 17:00:00","DUNWOD","61760","1012.555"
"2022/06/17 18:00:00","DUNWOD","61760","992.3447"
"2022/06/17 19:00:00","DUNWOD","61760","940.6648"
"2022/06/17 20:00:00","DUNWOD","61760","878.1544"
"2022/06/17 21:00:00","DUNWOD","61760","840.9969"
"2022/06/17 22:00:00","DUNWOD","61760","784.9672"
"2022/06/17 23:00:00","DUNWOD","61760","717.8667"
"2022/06/18 00:00:00","DUNWOD","61760","660.8119"
"2022/06/18 01:00:00","DUNWOD","61760","619.1613"
"2022/06/18 02:00:00","DUNWOD","61760","585.2269"
"2022/06/18 03:00:00","DUNWOD","61760","560.1432"
"2022/06/18 04:00:00","DUNWOD","61760","545.7732"
"2022/06/18 05:00:00","DUNWOD","61760","527.8273"
"2022/06/18 06:00:00","DUNWOD","61760","532.0129"
"2022/06/18 07:00:00","DUNWOD","61760","562.1868"
"2022/06/18 08:00:00","DUNWOD","61760","592.7707"
"2022/06/18 09:00:00","DUNWOD","61760","599.3185"
"2022/06/18 10:00:00","DUNWOD","61760","602.7846"
"2022/06/18 11:00:00","DUNWOD","61760","600.3323"
"2022/06/18 12:00:00","DUNWOD","61760","599.2052"
"2022/06/18 13:00:00","DUNWOD","61760","606.4979"
"2022/06/18 14:00:00","DUNWOD","61760","619.937"
"2022/06/18 15:00:00","DUNWOD","61760","611.5069"
"2022/06/18 16:00:00","DUNWOD","61760","608.6844"
"2022/06/18 17:00:00","DUNWOD","61760","596.9803"
"2022/06/18 18:00:00","DUNWOD","61760","586.2784"
"2022/06/18 19:00:00","DUNWOD","61760","576.1658"
"2022/06/18 20:00:00","DUNWOD","61760","575.4824"
"2022/06/18 21:00:00","DUNWOD","61760","585.5917"
"2022/06/18 22:00:00","DUNWOD","61760","557.0469"
"2022/06/18 23:00:00","DUNWOD","61760","523.4158"
"2022/06/19 00:00:00","DUNWOD","61760","491.2112"
"2022/06/19 01:00:00","DUNWOD","61760","469.6195"
"2022/06/19 02:00:00","DUNWOD","61760","459.3148"
"2022/06/19 03:00:00","DUNWOD","61760","447.537"
"2022/06/19 04:00:00","DUNWOD","61760","444.3064"
"2022/06/19 05:00:00","DUNWOD","61760","444.2023"
"2022/06/19 06:00:00","DUNWOD","61760","450.6365"
"2022/06/19 07:00:00","DUNWOD","61760","465.0661"
"2022/06/19 08:00:00","DUNWOD","61760","485.4535"
"2022/06/19 09:00:00","DUNWOD","61760","503.1376"
"2022/06/19 10:00:00","DUNWOD","61760","519.0805"
"2022/06/19 11:00:00","DUNWOD","61760","529.3305"
"2022/06/19 12:00:00","DUNWOD","61760","538.2173"
"2022/06/19 13:00:00","DUNWOD","61760","544.0652"
"2022/06/19 14:00:00","DUNWOD","61760","555.961"
"2022/06/19 15:00:00","DUNWOD","61760","565.3834"
"2022/06/19 16:00:00","DUNWOD","61760","584.3102"
"2022/06/19 17:00:00","DUNWOD","61760","603.9828"
"2022/06/19 18:00:00","DUNWOD","61760","612.5184"
"2022/06/19 19:00:00","DUNWOD","61760","610.7416"
"2022/06/19 20:00:00","DUNWOD","61760","616.4424"
"2022/06/19 21:00:00","DUNWOD","61760","613.6307"
"2022/06/19 22:00:00","DUNWOD","61760","582.7841"
"2022/06/19 23:00:00","DUNWOD","61760","540.2743"
"2022/06/20 00:00:00","DUNWOD","61760","507.1463"
"2022/06/20 01:00:00","DUNWOD","61760","483.2"
"2022/06/20 02:00:00","DUNWOD","61760","466.9373"
"2022/06/20 03:00:00","DUNWOD","61760","457.498"
"2022/06/20 04:00:00","DUNWOD","61760","456.9929"
"2022/06/20 05:00:00","DUNWOD","61760","468.6163"
"2022/06/20 06:00:00","DUNWOD","61760","497.5441"
"2022/06/20 07:00:00","DUNWOD","61760","537.9442"
"2022/06/20 08:00:00","DUNWOD","61760","567.822"
"2022/06/20 09:00:00","DUNWOD","61760","593.4036"
"2022/06/20 10:00:00","DUNWOD","61760","613.4452"
"2022/06/20 11:00:00","DUNWOD","61760","621.2423"
"2022/06/20 12:00:00","DUNWOD","61760","629.7728"
"2022/06/20 13:00:00","DUNWOD","61760","639.7908"
"2022/06/20 14:00:00","DUNWOD","61760","662.9059"
"2022/06/20 15:00:00","DUNWOD","61760","694.1652"
"2022/06/20 16:00:00","DUNWOD","61760","729.0895"
"2022/06/20 17:00:00","DUNWOD","61760","758.5551"
"2022/06/20 18:00:00","DUNWOD","61760","760.3117"
"2022/06/20 19:00:00","DUNWOD","61760","753.0087"
"2022/06/20 20:00:00","DUNWOD","61760","735.7861"
"2022/06/20 21:00:00","DUNWOD","61760","721.4806"
"2022/06/20 22:00:00","DUNWOD","61760","672.8604"
"2022/06/20 23:00:00","DUNWOD","61760","615.6597"
"2022/06/21 00:00:00","DUNWOD","61760","567.4108"
"2022/06/21 01:00:00","DUNWOD","61760","523.4812"
"2022/06/21 02:00:00","DUNWOD","61760","511.8398"
"2022/06/21 03:00:00","DUNWOD","61760","501.5838"
"2022/06/21 04:00:00","DUNWOD","61760","496.3174"
"2022/06/21 05:00:00","DUNWOD","61760","505.9628"
"2022/06/21 06:00:00","DUNWOD","61760","561.5889"
"2022/06/21 07:00:00","DUNWOD","61760","625.6819"
"2022/06/21 08:00:00","DUNWOD","61760","661.4982"
"2022/06/21 09:00:00","DUNWOD","61760","692.7424"
"2022/06/21 10:00:00","DUNWOD","61760","709.5233"
"2022/06/21 11:00:00","DUNWOD","61760","723.6294"
"2022/06/21 12:00:00","DUNWOD","61760","739.0461"
"2022/06/21 13:00:00","DUNWOD","61760","746.7823"
"2022/06/21 14:00:00","DUNWOD","61760","759.2514"
"2022/06/21 15:00:00","DUNWOD","61760","774.5747"
"2022/06/21 16:00:00","DUNWOD","61760","780.9262"
"2022/06/21 17:00:00","DUNWOD","61760","762.9932"
"2022/06/21 18:00:00","DUNWOD","61760","742.6749"
"2022/06/21 19:00:00","DUNWOD","61760","711.4327"
"2022/06/21 20:00:00","DUNWOD","61760","693.1493"
"2022/06/21 21:00:00","DUNWOD","61760","675.5129"
"2022/06/21 22:00:00","DUNWOD","61760","637.4776"
"2022/06/21 23:00:00","DUNWOD","61760","589.3604"
"2022/06/22 00:00:00","DUNWOD","61760","562.6338"
"2022/06/22 01:00:00","DUNWOD","61760","537.6441"
"2022/06/22 02:00:00","DUNWOD","61760","528.8711"
"2022/06/22 03:00:00","DUNWOD","61760","517.8731"
"2022/06/22 04:00:00","DUNWOD","61760","519.3507"
"2022/06/22 05:00:00","DUNWOD","61760","539.1298"
"2022/06/22 06:00:00","DUNWOD","61760","588.0305"
"2022/06/22 07:00:00","DUNWOD","61760","633.8612"
"2022/06/22 08:00:00","DUNWOD","61760","661.054"
"2022/06/22 09:00:00","DUNWOD","61760","676.7313"
"2022/06/22 10:00:00","DUNWOD","61760","684.197"
"2022/06/22 11:00:00","DUNWOD","61760","687.0551"
"2022/06/22 12:00:00","DUNWOD","61760","685.7096"
"2022/06/22 13:00:00","DUNWOD","61760","686.1239"
"2022/06/22 14:00:00","DUNWOD","61760","677.7987"
"2022/06/22 15:00:00","DUNWOD","61760","672.406"
"2022/06/22 16:00:00","DUNWOD","61760","667.6723"
"2022/06/22 17:00:00","DUNWOD","61760","665.3115"
"2022/06/22 18:00:00","DUNWOD","61760","660.2227"
"2022/06/22 19:00:00","DUNWOD","61760","643.9372"
"2022/06/22 20:00:00","DUNWOD","61760","632.7736"
"2022/06/22 21:00:00","DUNWOD","61760","620.6233"
"2022/06/22 22:00:00","DUNWOD","61760","594.4363"
"2022/06/22 23:00:00","DUNWOD","61760","552.0688"
"2022/06/23 00:00:00","DUNWOD","61760","517.1326"
"2022/06/23 01:00:00","DUNWOD","61760","496.4681"
"2022/06/23 02:00:00","DUNWOD","61760","480.8636"
"2022/06/23 03:00:00","DUNWOD","61760","472.1155"
"2022/06/23 04:00:00","DUNWOD","61760","472.1953"
"2022/06/23 05:00:00","DUNWOD","61760","488.9728"
"2022/06/23 06:00:00","DUNWOD","61760","538.1577"
"2022/06/23 07:00:00","DUNWOD","61760","592.6952"
"2022/06/23 08:00:00","DUNWOD","61760","623.2109"
"2022/06/23 09:00:00","DUNWOD","61760","650.2597"
"2022/06/23 10:00:00","DUNWOD","61760","672.8534"
"2022/06/23 11:00:00","DUNWOD","61760","690.2155"
"2022/06/23 12:00:00","DUNWOD","61760","705.8292"
"2022/06/23 13:00:00","DUNWOD","61760","710.7164"
"2022/06/23 14:00:00","DUNWOD","61760","713.5776"
"2022/06/23 15:00:00","DUNWOD","61760","720.2696"
"2022/06/23 16:00:00","DUNWOD","61760","737.3421"
"2022/06/23 17:00:00","DUNWOD","61760","736.4031"
"2022/06/23 18:00:00","DUNWOD","61760","723.5283"
"2022/06/23 19:00:00","DUNWOD","61760","703.2579"
"2022/06/23 20:00:00","DUNWOD","61760","691.0908"
"2022/06/23 21:00:00","DUNWOD","61760","676.8975"
"2022/06/23 22:00:00","DUNWOD","61760","642.6976"
"2022/06/23 23:00:00","DUNWOD","61760","591.0401"
"2022/06/24 00:00:00","DUNWOD","61760","551.526"
"2022/06/24 01:00:00","DUNWOD","61760","522.9"
"2022/06/24 02:00:00","DUNWOD","61760","500.9067"
"2022/06/24 03:00:00","DUNWOD","61760","487.1689"
"2022/06/24 04:00:00","DUNWOD","61760","485.4462"
"2022/06/24 05:00:00","DUNWOD","61760","496.3763"
"2022/06/24 06:00:00","DUNWOD","61760","547.3962"
"2022/06/24 07:00:00","DUNWOD","61760","610.8162"
"2022/06/24 08:00:00","DUNWOD","61760","645.9759"
"2022/06/24 09:00:00","DUNWOD","61760","676.1467"
"2022/06/24 10:00:00","DUNWOD","61760","703.3064"
"2022/06/24 11:00:00","DUNWOD","61760","729.1843"
"2022/06/24 12:00:00","DUNWOD","61760","753.6437"
"2022/06/24 13:00:00","DUNWOD","61760","780.6637"
"2022/06/24 14:00:00","DUNWOD","61760","812.9433"
"2022/06/24 15:00:00","DUNWOD","61760","852.569"
"2022/06/24 16:00:00","DUNWOD","61760","874.4562"
"2022/06/24 17:00:00","DUNWOD","61760","877.375"
"2022/06/24 18:00:00","DUNWOD","61760","837.0431"
"2022/06/24 19:00:00","DUNWOD","61760","798.8617"
"2022/06/24 20:00:00","DUNWOD","61760","765.9474"
"2022/06/24 21:00:00","DUNWOD","61760","750.8825"
"2022/06/24 22:00:00","DUNWOD","61760","721.8894"
"2022/06/24 23:00:00","DUNWOD","61760","673.1563"
"2022/06/25 00:00:00","DUNWOD","61760","627.6944"
"2022/06/25 01:00:00","DUNWOD","61760","590.6459"
"2022/06/25 02:00:00","DUNWOD","61760","559.435"
"2022/06/25 03:00:00","DUNWOD","61760","536.7877"
"2022/06/25 04:00:00","DUNWOD","61760","527.2783"
"2022/06/25 05:00:00","DUNWOD","61760","523.1772"
"2022/06/25 06:00:00","DUNWOD","61760","544.9195"
"2022/06/25 07:00:00","DUNWOD","61760","595.5557"
"2022/06/25 08:00:00","DUNWOD","61760","656.9911"
"2022/06/25 09:00:00","DUNWOD","61760","711.43"
"2022/06/25 10:00:00","DUNWOD","61760","761.2109"
"2022/06/25 11:00:00","DUNWOD","61760","797.2514"
"2022/06/25 12:00:00","DUNWOD","61760","829.7283"
"2022/06/25 13:00:00","DUNWOD","61760","849.8622"
"2022/06/25 14:00:00","DUNWOD","61760","878.7917"
"2022/06/25 15:00:00","DUNWOD","61760","912.0964"
"2022/06/25 16:00:00","DUNWOD","61760","942.8284"
"2022/06/25 17:00:00","DUNWOD","61760","966.0776"
"2022/06/25 18:00:00","DUNWOD","61760","962.1272"
"2022/06/25 19:00:00","DUNWOD","61760","930.7419"
"2022/06/25 20:00:00","DUNWOD","61760","892.7116"
"2022/06/25 21:00:00","DUNWOD","61760","870.7932"
"2022/06/25 22:00:00","DUNWOD","61760","824.5069"
"2022/06/25 23:00:00","DUNWOD","61760","767.6798"
"2022/06/26 00:00:00","DUNWOD","61760","722.0028"
"2022/06/26 01:00:00","DUNWOD","61760","676.7005"
"2022/06/26 02:00:00","DUNWOD","61760","632.0042"
"2022/06/26 03:00:00","DUNWOD","61760","601.8916"
"2022/06/26 04:00:00","DUNWOD","61760","583.9112"
"2022/06/26 05:00:00","DUNWOD","61760","570.7388"
"2022/06/26 06:00:00","DUNWOD","61760","579.9246"
"2022/06/26 07:00:00","DUNWOD","61760","623.2031"
"2022/06/26 08:00:00","DUNWOD","61760","679.2884"
"2022/06/26 09:00:00","DUNWOD","61760","740.3418"
"2022/06/26 10:00:00","DUNWOD","61760","802.1795"
"2022/06/26 11:00:00","DUNWOD","61760","855.2716"
"2022/06/26 12:00:00","DUNWOD","61760","897.4444"
"2022/06/26 13:00:00","DUNWOD","61760","912.4447"
"2022/06/26 14:00:00","DUNWOD","61760","945.9437"
"2022/06/26 15:00:00","DUNWOD","61760","968.8099"
"2022/06/26 16:00:00","DUNWOD","61760","986.418"
"2022/06/26 17:00:00","DUNWOD","61760","984.5723"
"2022/06/26 18:00:00","DUNWOD","61760","968.1159"
"2022/06/26 19:00:00","DUNWOD","61760","918.5981"
"2022/06/26 20:00:00","DUNWOD","61760","892.4947"
"2022/06/26 21:00:00","DUNWOD","61760","881.6236"
"2022/06/26 22:00:00","DUNWOD","61760","833.3534"
"2022/06/26 23:00:00","DUNWOD","61760","772.6786"
"2022/06/27 00:00:00","DUNWOD","61760","724.4077"
"2022/06/27 01:00:00","DUNWOD","61760","689.9861"
"2022/06/27 02:00:00","DUNWOD","61760","663.2251"
"2022/06/27 03:00:00","DUNWOD","61760","648.1775"
"2022/06/27 04:00:00","DUNWOD","61760","645.4521"
"2022/06/27 05:00:00","DUNWOD","61760","661.272"
"2022/06/27 06:00:00","DUNWOD","61760","712.5894"
"2022/06/27 07:00:00","DUNWOD","61760","771.5681"
"2022/06/27 08:00:00","DUNWOD","61760","800.5713"
"2022/06/27 09:00:00","DUNWOD","61760","822.8411"
"2022/06/27 10:00:00","DUNWOD","61760","840.9507"
"2022/06/27 11:00:00","DUNWOD","61760","862.7838"
"2022/06/27 12:00:00","DUNWOD","61760","875.3942"
"2022/06/27 13:00:00","DUNWOD","61760","898.3083"
"2022/06/27 14:00:00","DUNWOD","61760","916.8925"
"2022/06/27 15:00:00","DUNWOD","61760","882.0245"
"2022/06/27 16:00:00","DUNWOD","61760","871.1788"
"2022/06/27 17:00:00","DUNWOD","61760","874.3486"
"2022/06/27 18:00:00","DUNWOD","61760","863.44"
"2022/06/27 19:00:00","DUNWOD","61760","844.7082"
"2022/06/27 20:00:00","DUNWOD","61760","814.2032"
"2022/06/27 21:00:00","DUNWOD","61760","793.7929"
"2022/06/27 22:00:00","DUNWOD","61760","744.0516"
"2022/06/27 23:00:00","DUNWOD","61760","673.4538"
"2022/06/28 00:00:00","DUNWOD","61760","619.2736"
"2022/06/28 01:00:00","DUNWOD","61760","576.8135"
"2022/06/28 02:00:00","DUNWOD","61760","552.4731"
"2022/06/28 03:00:00","DUNWOD","61760","529.7385"
"2022/06/28 04:00:00","DUNWOD","61760","529.8463"
"2022/06/28 05:00:00","DUNWOD","61760","545.5847"
"2022/06/28 06:00:00","DUNWOD","61760","584.9288"
"2022/06/28 07:00:00","DUNWOD","61760","641.1078"
"2022/06/28 08:00:00","DUNWOD","61760","676.551"
"2022/06/28 09:00:00","DUNWOD","61760","700.3512"
"2022/06/28 10:00:00","DUNWOD","61760","719.3339"
"2022/06/28 11:00:00","DUNWOD","61760","740.9593"
"2022/06/28 12:00:00","DUNWOD","61760","757.0095"
"2022/06/28 13:00:00","DUNWOD","61760","773.7282"
"2022/06/28 14:00:00","DUNWOD","61760","795.5576"
"2022/06/28 15:00:00","DUNWOD","61760","816.8476"
"2022/06/28 16:00:00","DUNWOD","61760","842.1752"
"2022/06/28 17:00:00","DUNWOD","61760","864.0144"
"2022/06/28 18:00:00","DUNWOD","61760","854.9223"
"2022/06/28 19:00:00","DUNWOD","61760","820.3194"
"2022/06/28 20:00:00","DUNWOD","61760","779.2613"
"2022/06/28 21:00:00","DUNWOD","61760","760.3156"
"2022/06/28 22:00:00","DUNWOD","61760","717.3558"
"2022/06/28 23:00:00","DUNWOD","61760","657.5351"
"2022/06/29 00:00:00","DUNWOD","61760","606.8793"
"2022/06/29 01:00:00","DUNWOD","61760","576.6567"
"2022/06/29 02:00:00","DUNWOD","61760","543.949"
"2022/06/29 03:00:00","DUNWOD","61760","525.0228"
"2022/06/29 04:00:00","DUNWOD","61760","522.4745"
"2022/06/29 05:00:00","DUNWOD","61760","535.2426"
"2022/06/29 06:00:00","DUNWOD","61760","585.3408"
"2022/06/29 07:00:00","DUNWOD","61760","653.0854"
"2022/06/29 08:00:00","DUNWOD","61760","701.6445"
"2022/06/29 09:00:00","DUNWOD","61760","736.3498"
"2022/06/29 10:00:00","DUNWOD","61760","767.5295"
"2022/06/29 11:00:00","DUNWOD","61760","786.3952"
"2022/06/29 12:00:00","DUNWOD","61760","811.0218"
"2022/06/29 13:00:00","DUNWOD","61760","841.5477"
"2022/06/29 14:00:00","DUNWOD","61760","877.1483"
"2022/06/29 15:00:00","DUNWOD","61760","918.1036"
"2022/06/29 16:00:00","DUNWOD","61760","943.6951"
"2022/06/29 17:00:00","DUNWOD","61760","950.1348"
"2022/06/29 18:00:00","DUNWOD","61760","917.4617"
"2022/06/29 19:00:00","DUNWOD","61760","876.8683"
"2022/06/29 20:00:00","DUNWOD","61760","836.4256"
"2022/06/29 21:00:00","DUNWOD","61760","815.1039"
"2022/06/29 22:00:00","DUNWOD","61760","771.235"
"2022/06/29 23:00:00","DUNWOD","61760","713.5027"
"2022/06/30 00:00:00","DUNWOD","61760","664.2274"
"2022/06/30 01:00:00","DUNWOD","61760","626.9385"
"2022/06/30 02:00:00","DUNWOD","61760","589.3227"
"2022/06/30 03:00:00","DUNWOD","61760","566.709"
"2022/06/30 04:00:00","DUNWOD","61760","558.6789"
"2022/06/30 05:00:00","DUNWOD","61760","568.9752"
"2022/06/30 06:00:00","DUNWOD","61760","621.2473"
"2022/06/30 07:00:00","DUNWOD","61760","686.4846"
"2022/06/30 08:00:00","DUNWOD","61760","729.7261"
"2022/06/30 09:00:00","DUNWOD","61760","761.9798"
"2022/06/30 10:00:00","DUNWOD","61760","797.5087"
"2022/06/30 11:00:00","DUNWOD","61760","826.3654"
"2022/06/30 12:00:00","DUNWOD","61760","856.1075"
"2022/06/30 13:00:00","DUNWOD","61760","888.6659"
"2022/06/30 14:00:00","DUNWOD","61760","921.8536"
"2022/06/30 15:00:00","DUNWOD","61760","966.8392"
"2022/06/30 16:00:00","DUNWOD","61760","1001.5889"
"2022/06/30 17:00:00","DUNWOD","61760","1023.1589"
"2022/06/30 18:00:00","DUNWOD","61760","1002.0385"
"2022/06/30 19:00:00","DUNWOD","61760","956.8699"
"2022/06/30 20:00:00","DUNWOD","61760","908.1935"
"2022/06/30 21:00:00","DUNWOD","61760","878.561"
"2022/06/30 22:00:00","DUNWOD","61760","828.352"
"2022/06/30 23:00:00","DUNWOD","61760","760.828"
"2022/07/01 00:00:00","DUNWOD","61760","711.9715"
"2022/07/01 01:00:00","DUNWOD","61760","670.1283"
"2022/07/01 02:00:00","DUNWOD","61760","631.7539"
"2022/07/01 03:00:00","DUNWOD","61760","604.7949"
"2022/07/01 04:00:00","DUNWOD","61760","593.5456"
"2022/07/01 05:00:00","DUNWOD","61760","602.8576"
"2022/07/01 06:00:00","DUNWOD","61760","658.696"
"2022/07/01 07:00:00","DUNWOD","61760","747.1354"
"2022/07/01 08:00:00","DUNWOD","61760","817.3504"
"2022/07/01 09:00:00","DUNWOD","61760","875.9742"
"2022/07/01 10:00:00","DUNWOD","61760","944.3658"
"2022/07/01 11:00:00","DUNWOD","61760","1003.3044"
"2022/07/01 12:00:00","DUNWOD","61760","1052.4607"
"2022/07/01 13:00:00","DUNWOD","61760","1089.7353"
"2022/07/01 14:00:00","DUNWOD","61760","1113.6429"
"2022/07/01 15:00:00","DUNWOD","61760","1142.6892"
"2022/07/01 16:00:00","DUNWOD","61760","1163.6926"
"2022/07/01 17:00:00","DUNWOD","61760","1176.1821"
"2022/07/01 18:00:00","DUNWOD","61760","1151.331"
"2022/07/01 19:00:00","DUNWOD","61760","1099.3033"
"2022/07/01 20:00:00","DUNWOD","61760","1061.577"
"2022/07/01 21:00:00","DUNWOD","61760","1035.8019"
"2022/07/01 22:00:00","DUNWOD","61760","992.922"
"2022/07/01 23:00:00","DUNWOD","61760","929.0755"
"2022/07/02 00:00:00","DUNWOD","61760","873.5288"
"2022/07/02 01:00:00","DUNWOD","61760","822.7475"
"2022/07/02 02:00:00","DUNWOD","61760","788.3692"
"2022/07/02 03:00:00","DUNWOD","61760","758.4301"
"2022/07/02 04:00:00","DUNWOD","61760","740.677"
"2022/07/02 05:00:00","DUNWOD","61760","732.8798"
"2022/07/02 06:00:00","DUNWOD","61760","733.4726"
"2022/07/02 07:00:00","DUNWOD","61760","753.9655"
"2022/07/02 08:00:00","DUNWOD","61760","797.1376"
"2022/07/02 09:00:00","DUNWOD","61760","847.1261"
"2022/07/02 10:00:00","DUNWOD","61760","889.0373"
"2022/07/02 11:00:00","DUNWOD","61760","940.8635"
"2022/07/02 12:00:00","DUNWOD","61760","974.201"
"2022/07/02 13:00:00","DUNWOD","61760","992.0811"
"2022/07/02 14:00:00","DUNWOD","61760","1014.4072"
"2022/07/02 15:00:00","DUNWOD","61760","1036.2716"
"2022/07/02 16:00:00","DUNWOD","61760","1069.1399"
"2022/07/02 17:00:00","DUNWOD","61760","1062.1875"
"2022/07/02 18:00:00","DUNWOD","61760","1040.9902"
"2022/07/02 19:00:00","DUNWOD","61760","1009.2803"
"2022/07/02 20:00:00","DUNWOD","61760","972.1937"
"2022/07/02 21:00:00","DUNWOD","61760","959.4805"
"2022/07/02 22:00:00","DUNWOD","61760","920.579"
"2022/07/02 23:00:00","DUNWOD","61760","859.3512"
"2022/07/03 00:00:00","DUNWOD","61760","810.8102"
"2022/07/03 01:00:00","DUNWOD","61760","767.4538"
"2022/07/03 02:00:00","DUNWOD","61760","730.2198"
"2022/07/03 03:00:00","DUNWOD","61760","700.574"
"2022/07/03 04:00:00","DUNWOD","61760","680.2961"
"2022/07/03 05:00:00","DUNWOD","61760","665.3778"
"2022/07/03 06:00:00","DUNWOD","61760","661.3841"
"2022/07/03 07:00:00","DUNWOD","61760","675.4009"
"2022/07/03 08:00:00","DUNWOD","61760","704.3707"
"2022/07/03 09:00:00","DUNWOD","61760","716.5466"
"2022/07/03 10:00:00","DUNWOD","61760","749.0292"
"2022/07/03 11:00:00","DUNWOD","61760","780.2421"
"2022/07/03 12:00:00","DUNWOD","61760","808.3353"
"2022/07/03 13:00:00","DUNWOD","61760","842.1387"
"2022/07/03 14:00:00","DUNWOD","61760","868.7643"
"2022/07/03 15:00:00","DUNWOD","61760","894.207"
"2022/07/03 16:00:00","DUNWOD","61760","917.4435"
"2022/07/03 17:00:00","DUNWOD","61760","938.2286"
"2022/07/03 18:00:00","DUNWOD","61760","924.8678"
"2022/07/03 19:00:00","DUNWOD","61760","895.9299"
"2022/07/03 20:00:00","DUNWOD","61760","851.4062"
"2022/07/03 21:00:00","DUNWOD","61760","824.1233"
"2022/07/03 22:00:00","DUNWOD","61760","781.2998"
"2022/07/03 23:00:00","DUNWOD","61760","729.1767"
"2022/07/04 00:00:00","DUNWOD","61760","681.6774"
"2022/07/04 01:00:00","DUNWOD","61760","635.8377"
"2022/07/04 02:00:00","DUNWOD","61760","593.157"
"2022/07/04 03:00:00","DUNWOD","61760","566.5763"
"2022/07/04 04:00:00","DUNWOD","61760","551.2952"
"2022/07/04 05:00:00","DUNWOD","61760","543.1288"
"2022/07/04 06:00:00","DUNWOD","61760","554.4276"
"2022/07/04 07:00:00","DUNWOD","61760","583.2374"
"2022/07/04 08:00:00","DUNWOD","61760","614.8884"
"2022/07/04 09:00:00","DUNWOD","61760","648.2476"
"2022/07/04 10:00:00","DUNWOD","61760","690.9981"
"2022/07/04 11:00:00","DUNWOD","61760","724.6851"
"2022/07/04 12:00:00","DUNWOD","61760","749.7554"
"2022/07/04 13:00:00","DUNWOD","61760","773.8083"
"2022/07/04 14:00:00","DUNWOD","61760","804.6292"
"2022/07/04 15:00:00","DUNWOD","61760","839.1452"
"2022/07/04 16:00:00","DUNWOD","61760","873.6554"
"2022/07/04 17:00:00","DUNWOD","61760","902.106"
"2022/07/04 18:00:00","DUNWOD","61760","900.1745"
"2022/07/04 19:00:00","DUNWOD","61760","869.6013"
"2022/07/04 20:00:00","DUNWOD","61760","832.7162"
"2022/07/04 21:00:00","DUNWOD","61760","806.7187"
"2022/07/04 22:00:00","DUNWOD","61760","782.3289"
"2022/07/04 23:00:00","DUNWOD","61760","736.4526"
"2022/07/05 00:00:00","DUNWOD","61760","699.0154"
"2022/07/05 01:00:00","DUNWOD","61760","663.2105"
"2022/07/05 02:00:00","DUNWOD","61760","632.6363"
"2022/07/05 03:00:00","DUNWOD","61760","608.5455"
"2022/07/05 04:00:00","DUNWOD","61760","602.7434"
"2022/07/05 05:00:00","DUNWOD","61760","618.5569"
"2022/07/05 06:00:00","DUNWOD","61760","662.6764"
"2022/07/05 07:00:00","DUNWOD","61760","723.8318"
"2022/07/05 08:00:00","DUNWOD","61760","760.9039"
"2022/07/05 09:00:00","DUNWOD","61760","808.2484"
"2022/07/05 10:00:00","DUNWOD","61760","860.0243"
"2022/07/05 11:00:00","DUNWOD","61760","908.332"
"2022/07/05 12:00:00","DUNWOD","61760","944.2503"
"2022/07/05 13:00:00","DUNWOD","61760","954.4104"
"2022/07/05 14:00:00","DUNWOD","61760","947.032"
"2022/07/05 15:00:00","DUNWOD","61760","928.1786"
"2022/07/05 16:00:00","DUNWOD","61760","909.394"
"2022/07/05 17:00:00","DUNWOD","61760","900.5657"
"2022/07/05 18:00:00","DUNWOD","61760","876.5114"
"2022/07/05 19:00:00","DUNWOD","61760","855.6634"
"2022/07/05 20:00:00","DUNWOD","61760","843.118"
"2022/07/05 21:00:00","DUNWOD","61760","834.8052"
"2022/07/05 22:00:00","DUNWOD","61760","803.7639"
"2022/07/05 23:00:00","DUNWOD","61760","757.2003"
"2022/07/06 00:00:00","DUNWOD","61760","715.5101"
"2022/07/06 01:00:00","DUNWOD","61760","685.3539"
"2022/07/06 02:00:00","DUNWOD","61760","662.8336"
"2022/07/06 03:00:00","DUNWOD","61760","650.4255"
"2022/07/06 04:00:00","DUNWOD","61760","650.7745"
"2022/07/06 05:00:00","DUNWOD","61760","676.4152"
"2022/07/06 06:00:00","DUNWOD","61760","739.8975"
"2022/07/06 07:00:00","DUNWOD","61760","814.8135"
"2022/07/06 08:00:00","DUNWOD","61760","875.1716"
"2022/07/06 09:00:00","DUNWOD","61760","894.6611"
"2022/07/06 10:00:00","DUNWOD","61760","928.5189"
"2022/07/06 11:00:00","DUNWOD","61760","952.674"
"2022/07/06 12:00:00","DUNWOD","61760","974.0793"
"2022/07/06 13:00:00","DUNWOD","61760","1005.1561"
"2022/07/06 14:00:00","DUNWOD","61760","998.7265"
"2022/07/06 15:00:00","DUNWOD","61760","997.1543"
"2022/07/06 16:00:00","DUNWOD","61760","1020.1845"
"2022/07/06 17:00:00","DUNWOD","61760","1030.6658"
"2022/07/06 18:00:00","DUNWOD","61760","1006.8116"
"2022/07/06 19:00:00","DUNWOD","61760","978.6449"
"2022/07/06 20:00:00","DUNWOD","61760","931.6991"
"2022/07/06 21:00:00","DUNWOD","61760","900.5018"
"2022/07/06 22:00:00","DUNWOD","61760","850.4091"
"2022/07/06 23:00:00","DUNWOD","61760","788.0138"
"2022/07/07 00:00:00","DUNWOD","61760","736.6425"
"2022/07/07 01:00:00","DUNWOD","61760","687.1081"
"2022/07/07 02:00:00","DUNWOD","61760","651.9877"
"2022/07/07 03:00:00","DUNWOD","61760","628.9032"
"2022/07/07 04:00:00","DUNWOD","61760","626.4856"
"2022/07/07 05:00:00","DUNWOD","61760","639.4027"
"2022/07/07 06:00:00","DUNWOD","61760","683.8448"
"2022/07/07 07:00:00","DUNWOD","61760","745.1928"
"2022/07/07 08:00:00","DUNWOD","61760","786.2444"
"2022/07/07 09:00:00","DUNWOD","61760","804.9259"
"2022/07/07 10:00:00","DUNWOD","61760","838.2138"
"2022/07/07 11:00:00","DUNWOD","61760","847.4283"
"2022/07/07 12:00:00","DUNWOD","61760","865.1232"
"2022/07/07 13:00:00","DUNWOD","61760","893.9748"
"2022/07/07 14:00:00","DUNWOD","61760","920.2419"
"2022/07/07 15:00:00","DUNWOD","61760","955.6039"
"2022/07/07 16:00:00","DUNWOD","61760","974.1002"
"2022/07/07 17:00:00","DUNWOD","61760","971.3945"
"2022/07/07 18:00:00","DUNWOD","61760","943.6312"
"2022/07/07 19:00:00","DUNWOD","61760","899.1218"
"2022/07/07 20:00:00","DUNWOD","61760","865.1235"
"2022/07/07 21:00:00","DUNWOD","61760","844.4364"
"2022/07/07 22:00:00","DUNWOD","61760","791.8663"
"2022/07/07 23:00:00","DUNWOD","61760","728.5487"
"2022/07/08 00:00:00","DUNWOD","61760","679.6043"
"2022/07/08 01:00:00","DUNWOD","61760","638.1996"
"2022/07/08 02:00:00","DUNWOD","61760","606.4891"
"2022/07/08 03:00:00","DUNWOD","61760","583.4275"
"2022/07/08 04:00:00","DUNWOD","61760","575.826"
"2022/07/08 05:00:00","DUNWOD","61760","587.625"
"2022/07/08 06:00:00","DUNWOD","61760","635.1861"
"2022/07/08 07:00:00","DUNWOD","61760","700.3971"
"2022/07/08 08:00:00","DUNWOD","61760","742.6907"
"2022/07/08 09:00:00","DUNWOD","61760","792.0807"
"2022/07/08 10:00:00","DUNWOD","61760","829.7334"
"2022/07/08 11:00:00","DUNWOD","61760","861.6474"
"2022/07/08 12:00:00","DUNWOD","61760","907.5111"
"2022/07/08 13:00:00","DUNWOD","61760","936.7155"
"2022/07/08 14:00:00","DUNWOD","61760","976.2241"
"2022/07/08 15:00:00","DUNWOD","61760","962.7293"
"2022/07/08 16:00:00","DUNWOD","61760","970.5489"
"2022/07/08 17:00:00","DUNWOD","61760","979.2656"
"2022/07/08 18:00:00","DUNWOD","61760","947.7167"
"2022/07/08 19:00:00","DUNWOD","61760","903.4323"
"2022/07/08 20:00:00","DUNWOD","61760","867.004"
"2022/07/08 21:00:00","DUNWOD","61760","842.526"
"2022/07/08 22:00:00","DUNWOD","61760","797.0339"
"2022/07/08 23:00:00","DUNWOD","61760","742.7947"
"2022/07/09 00:00:00","DUNWOD","61760","697.6588"
"2022/07/09 01:00:00","DUNWOD","61760","662.9439"
"2022/07/09 02:00:00","DUNWOD","61760","631.2704"
"2022/07/09 03:00:00","DUNWOD","61760","608.3991"
"2022/07/09 04:00:00","DUNWOD","61760","588.5506"
"2022/07/09 05:00:00","DUNWOD","61760","582.8915"
"2022/07/09 06:00:00","DUNWOD","61760","589.1908"
"2022/07/09 07:00:00","DUNWOD","61760","630.4334"
"2022/07/09 08:00:00","DUNWOD","61760","685.5164"
"2022/07/09 09:00:00","DUNWOD","61760","727.2271"
"2022/07/09 10:00:00","DUNWOD","61760","766.6346"
"2022/07/09 11:00:00","DUNWOD","61760","801.0574"
"2022/07/09 12:00:00","DUNWOD","61760","828.0303"
"2022/07/09 13:00:00","DUNWOD","61760","847.1301"
"2022/07/09 14:00:00","DUNWOD","61760","870.3116"
"2022/07/09 15:00:00","DUNWOD","61760","888.1288"
"2022/07/09 16:00:00","DUNWOD","61760","907.1384"
"2022/07/09 17:00:00","DUNWOD","61760","912.7103"
"2022/07/09 18:00:00","DUNWOD","61760","905.6538"
"2022/07/09 19:00:00","DUNWOD","61760","870.0458"
"2022/07/09 20:00:00","DUNWOD","61760","829.7946"
"2022/07/09 21:00:00","DUNWOD","61760","811.0574"
"2022/07/09 22:00:00","DUNWOD","61760","769.9042"
"2022/07/09 23:00:00","DUNWOD","61760","717.1867"
"2022/07/10 00:00:00","DUNWOD","61760","668.3303"
"2022/07/10 01:00:00","DUNWOD","61760","622.5819"
"2022/07/10 02:00:00","DUNWOD","61760","585.3096"
"2022/07/10 03:00:00","DUNWOD","61760","555.9147"
"2022/07/10 04:00:00","DUNWOD","61760","541.1797"
"2022/07/10 05:00:00","DUNWOD","61760","526.9328"
"2022/07/10 06:00:00","DUNWOD","61760","523.6351"
"2022/07/10 07:00:00","DUNWOD","61760","546.6354"
"2022/07/10 08:00:00","DUNWOD","61760","580.1664"
"2022/07/10 09:00:00","DUNWOD","61760","616.4505"
"2022/07/10 10:00:00","DUNWOD","61760","646.8493"
"2022/07/10 11:00:00","DUNWOD","61760","671.2909"
"2022/07/10 12:00:00","DUNWOD","61760","696.3348"
"2022/07/10 13:00:00","DUNWOD","61760","725.7442"
"2022/07/10 14:00:00","DUNWOD","61760","752.3023"
"2022/07/10 15:00:00","DUNWOD","61760","781.5786"
"2022/07/10 16:00:00","DUNWOD","61760","818.4002"
"2022/07/10 17:00:00","DUNWOD","61760","847.0621"
"2022/07/10 18:00:00","DUNWOD","61760","848.2991"
"2022/07/10 19:00:00","DUNWOD","61760","824.1276"
"2022/07/10 20:00:00","DUNWOD","61760","797.7826"
"2022/07/10 21:00:00","DUNWOD","61760","785.8438"
"2022/07/10 22:00:00","DUNWOD","61760","745.0129"
"2022/07/10 23:00:00","DUNWOD","61760","689.3993"
"2022/07/11 00:00:00","DUNWOD","61760","646.0247"
"2022/07/11 01:00:00","DUNWOD","61760","613.8359"
"2022/07/11 02:00:00","DUNWOD","61760","581.4839"
"2022/07/11 03:00:00","DUNWOD","61760","563.4474"
"2022/07/11 04:00:00","DUNWOD","61760","558.8289"
"2022/07/11 05:00:00","DUNWOD","61760","574.9011"
"2022/07/11 06:00:00","DUNWOD","61760","624.7803"
"2022/07/11 07:00:00","DUNWOD","61760","694.9855"
"2022/07/11 08:00:00","DUNWOD","61760","743.5738"
"2022/07/11 09:00:00","DUNWOD","61760","776.0191"
"2022/07/11 10:00:00","DUNWOD","61760","808.3329"
"2022/07/11 11:00:00","DUNWOD","61760","846.0227"
"2022/07/11 12:00:00","DUNWOD","61760","881.8266"
"2022/07/11 13:00:00","DUNWOD","61760","923.2411"
"2022/07/11 14:00:00","DUNWOD","61760","947.1538"
"2022/07/11 15:00:00","DUNWOD","61760","978.6878"
"2022/07/11 16:00:00","DUNWOD","61760","1001.0743"
"2022/07/11 17:00:00","DUNWOD","61760","1002.015"
"2022/07/11 18:00:00","DUNWOD","61760","966.2853"
"2022/07/11 19:00:00","DUNWOD","61760","901.4646"
"2022/07/11 20:00:00","DUNWOD","61760","854.5832"
"2022/07/11 21:00:00","DUNWOD","61760","902.8739"
"2022/07/11 22:00:00","DUNWOD","61760","874.456"
"2022/07/11 23:00:00","DUNWOD","61760","784.3587"
"2022/07/12 00:00:00","DUNWOD","61760","698.1309"
"2022/07/12 01:00:00","DUNWOD","61760","670.5895"
"2022/07/12 02:00:00","DUNWOD","61760","628.7087"
"2022/07/12 03:00:00","DUNWOD","61760","640"
"2022/07/12 04:00:00","DUNWOD","61760","642.1558"
"2022/07/12 05:00:00","DUNWOD","61760","689.1718"
"2022/07/12 06:00:00","DUNWOD","61760","830.0969"
"2022/07/12 07:00:00","DUNWOD","61760","972.0775"
"2022/07/12 08:00:00","DUNWOD","61760","1077.6985"
"2022/07/12 09:00:00","DUNWOD","61760","1038.3058"
"2022/07/12 10:00:00","DUNWOD","61760","886.9106"
"2022/07/12 11:00:00","DUNWOD","61760","939.6478"
"2022/07/12 12:00:00","DUNWOD","61760","994.1316"
"2022/07/12 13:00:00","DUNWOD","61760","1042.426"
"2022/07/12 14:00:00","DUNWOD","61760","1087.3877"
"2022/07/12 15:00:00","DUNWOD","61760","1122.3467"
"2022/07/12 16:00:00","DUNWOD","61760","1144.7517"
"2022/07/12 17:00:00","DUNWOD","61760","1135.8444"
"2022/07/12 18:00:00","DUNWOD","61760","1102.1251"
"2022/07/12 19:00:00","DUNWOD","61760","1083.708"
"2022/07/12 20:00:00","DUNWOD","61760","1059.706"
"2022/07/12 21:00:00","DUNWOD","61760","1026.3542"
"2022/07/12 22:00:00","DUNWOD","61760","968.2598"
"2022/07/12 23:00:00","DUNWOD","61760","901.3168"
"2022/07/13 00:00:00","DUNWOD","61760","849.8737"
"2022/07/13 01:00:00","DUNWOD","61760","799.9465"
"2022/07/13 02:00:00","DUNWOD","61760","753.41"
"2022/07/13 03:00:00","DUNWOD","61760","719.5594"
"2022/07/13 04:00:00","DUNWOD","61760","701.8016"
"2022/07/13 05:00:00","DUNWOD","61760","698.6341"
"2022/07/13 06:00:00","DUNWOD","61760","742.7241"
"2022/07/13 07:00:00","DUNWOD","61760","820.6397"
"2022/07/13 08:00:00","DUNWOD","61760","870.6413"
"2022/07/13 09:00:00","DUNWOD","61760","911.8955"
"2022/07/13 10:00:00","DUNWOD","61760","957.5804"
"2022/07/13 11:00:00","DUNWOD","61760","989.506"
"2022/07/13 12:00:00","DUNWOD","61760","1020.3546"
"2022/07/13 13:00:00","DUNWOD","61760","1064.5605"
"2022/07/13 14:00:00","DUNWOD","61760","1104.3745"
"2022/07/13 15:00:00","DUNWOD","61760","1141.3852"
"2022/07/13 16:00:00","DUNWOD","61760","1172.6049"
"2022/07/13 17:00:00","DUNWOD","61760","1190.1544"
"2022/07/13 18:00:00","DUNWOD","61760","1167.4492"
"2022/07/13 19:00:00","DUNWOD","61760","1123.0467"
"2022/07/13 20:00:00","DUNWOD","61760","1067.4505"
"2022/07/13 21:00:00","DUNWOD","61760","1024.5829"
"2022/07/13 22:00:00","DUNWOD","61760","959.6726"
"2022/07/13 23:00:00","DUNWOD","61760","880.2965"
"2022/07/14 00:00:00","DUNWOD","61760","841.6927"
"2022/07/14 01:00:00","DUNWOD","61760","798.6523"
"2022/07/14 02:00:00","DUNWOD","61760","746.3122"
"2022/07/14 03:00:00","DUNWOD","61760","710.3685"
"2022/07/14 04:00:00","DUNWOD","61760","697.7037"
"2022/07/14 05:00:00","DUNWOD","61760","702.2222"
"2022/07/14 06:00:00","DUNWOD","61760","744.5931"
"2022/07/14 07:00:00","DUNWOD","61760","819.4963"
"2022/07/14 08:00:00","DUNWOD","61760","872.6345"
"2022/07/14 09:00:00","DUNWOD","61760","913.823"
"2022/07/14 10:00:00","DUNWOD","61760","943.6907"
"2022/07/14 11:00:00","DUNWOD","61760","988.5713"
"2022/07/14 12:00:00","DUNWOD","61760","1011.0482"
"2022/07/14 13:00:00","DUNWOD","61760","1052.0275"
"2022/07/14 14:00:00","DUNWOD","61760","1091.9548"
"2022/07/14 15:00:00","DUNWOD","61760","1128.6479"
"2022/07/14 16:00:00","DUNWOD","61760","1144.485"
"2022/07/14 17:00:00","DUNWOD","61760","1157.4171"
"2022/07/14 18:00:00","DUNWOD","61760","1121.7651"
"2022/07/14 19:00:00","DUNWOD","61760","1071.0552"
"2022/07/14 20:00:00","DUNWOD","61760","1025.2715"
"2022/07/14 21:00:00","DUNWOD","61760","990.0993"
"2022/07/14 22:00:00","DUNWOD","61760","929.134"
"2022/07/14 23:00:00","DUNWOD","61760","858.8519"
"2022/07/15 00:00:00","DUNWOD","61760","793.6228"
"2022/07/15 01:00:00","DUNWOD","61760","747.3001"
"2022/07/15 02:00:00","DUNWOD","61760","707.9115"
"2022/07/15 03:00:00","DUNWOD","61760","672.1261"
"2022/07/15 04:00:00","DUNWOD","61760","654.541"
"2022/07/15 05:00:00","DUNWOD","61760","661.031"
"2022/07/15 06:00:00","DUNWOD","61760","705.7993"
"2022/07/15 07:00:00","DUNWOD","61760","757.7562"
"2022/07/15 08:00:00","DUNWOD","61760","796.6581"
"2022/07/15 09:00:00","DUNWOD","61760","839.7093"
"2022/07/15 10:00:00","DUNWOD","61760","891.1692"
"2022/07/15 11:00:00","DUNWOD","61760","933.6534"
"2022/07/15 12:00:00","DUNWOD","61760","955.7188"
"2022/07/15 13:00:00","DUNWOD","61760","979.5902"
"2022/07/15 14:00:00","DUNWOD","61760","991.2136"
"2022/07/15 15:00:00","DUNWOD","61760","1023.5121"
"2022/07/15 16:00:00","DUNWOD","61760","1036.4564"
"2022/07/15 17:00:00","DUNWOD","61760","1031.0046"
"2022/07/15 18:00:00","DUNWOD","61760","995.4911"
"2022/07/15 19:00:00","DUNWOD","61760","955.4951"
"2022/07/15 20:00:00","DUNWOD","61760","910.879"
"2022/07/15 21:00:00","DUNWOD","61760","889.9588"
"2022/07/15 22:00:00","DUNWOD","61760","846.2995"
"2022/07/15 23:00:00","DUNWOD","61760","790.9602"
"2022/07/16 00:00:00","DUNWOD","61760","744.3109"
"2022/07/16 01:00:00","DUNWOD","61760","701.2141"
"2022/07/16 02:00:00","DUNWOD","61760","666.0728"
"2022/07/16 03:00:00","DUNWOD","61760","641.818"
"2022/07/16 04:00:00","DUNWOD","61760","629.3945"
"2022/07/16 05:00:00","DUNWOD","61760","627.6051"
"2022/07/16 06:00:00","DUNWOD","61760","636.9872"
"2022/07/16 07:00:00","DUNWOD","61760","672.2665"
"2022/07/16 08:00:00","DUNWOD","61760","712.3345"
"2022/07/16 09:00:00","DUNWOD","61760","757.2418"
"2022/07/16 10:00:00","DUNWOD","61760","797.9509"
"2022/07/16 11:00:00","DUNWOD","61760","837.5807"
"2022/07/16 12:00:00","DUNWOD","61760","855.2024"
"2022/07/16 13:00:00","DUNWOD","61760","876.36"
"2022/07/16 14:00:00","DUNWOD","61760","881.1959"
"2022/07/16 15:00:00","DUNWOD","61760","862.893"
"2022/07/16 16:00:00","DUNWOD","61760","866.8247"
"2022/07/16 17:00:00","DUNWOD","61760","865.68"
"2022/07/16 18:00:00","DUNWOD","61760","852.9437"
"2022/07/16 19:00:00","DUNWOD","61760","834.8042"
"2022/07/16 20:00:00","DUNWOD","61760","832.0658"
"2022/07/16 21:00:00","DUNWOD","61760","837.9138"
"2022/07/16 22:00:00","DUNWOD","61760","816.7145"
"2022/07/16 23:00:00","DUNWOD","61760","786.5129"
"2022/07/17 00:00:00","DUNWOD","61760","747.7583"
"2022/07/17 01:00:00","DUNWOD","61760","714.9923"
"2022/07/17 02:00:00","DUNWOD","61760","680.7507"
"2022/07/17 03:00:00","DUNWOD","61760","657.8529"
"2022/07/17 04:00:00","DUNWOD","61760","642.7813"
"2022/07/17 05:00:00","DUNWOD","61760","632.5158"
"2022/07/17 06:00:00","DUNWOD","61760","629.6986"
"2022/07/17 07:00:00","DUNWOD","61760","659.3417"
"2022/07/17 08:00:00","DUNWOD","61760","698.6827"
"2022/07/17 09:00:00","DUNWOD","61760","736.5278"
"2022/07/17 10:00:00","DUNWOD","61760","784.1701"
"2022/07/17 11:00:00","DUNWOD","61760","830.7108"
"2022/07/17 12:00:00","DUNWOD","61760","864.0155"
"2022/07/17 13:00:00","DUNWOD","61760","896.9195"
"2022/07/17 14:00:00","DUNWOD","61760","914.9376"
"2022/07/17 15:00:00","DUNWOD","61760","934.5959"
"2022/07/17 16:00:00","DUNWOD","61760","938.0489"
"2022/07/17 17:00:00","DUNWOD","61760","940.4304"
"2022/07/17 18:00:00","DUNWOD","61760","937.5188"
"2022/07/17 19:00:00","DUNWOD","61760","914.1647"
"2022/07/17 20:00:00","DUNWOD","61760","918.6002"
"2022/07/17 21:00:00","DUNWOD","61760","910.2299"
"2022/07/17 22:00:00","DUNWOD","61760","866.0041"
"2022/07/17 23:00:00","DUNWOD","61760","812.2676"
"2022/07/18 00:00:00","DUNWOD","61760","771.3888"
"2022/07/18 01:00:00","DUNWOD","61760","734.0934"
"2022/07/18 02:00:00","DUNWOD","61760","706.3131"
"2022/07/18 03:00:00","DUNWOD","61760","688.5959"
"2022/07/18 04:00:00","DUNWOD","61760","687.247"
"2022/07/18 05:00:00","DUNWOD","61760","713.5942"
"2022/07/18 06:00:00","DUNWOD","61760","769.9976"
"2022/07/18 07:00:00","DUNWOD","61760","829.3531"
"2022/07/18 08:00:00","DUNWOD","61760","845.4734"
"2022/07/18 09:00:00","DUNWOD","61760","867.8495"
"2022/07/18 10:00:00","DUNWOD","61760","882.2089"
"2022/07/18 11:00:00","DUNWOD","61760","893.8643"
"2022/07/18 12:00:00","DUNWOD","61760","903.0664"
"2022/07/18 13:00:00","DUNWOD","61760","932.4116"
"2022/07/18 14:00:00","DUNWOD","61760","944.284"
"2022/07/18 15:00:00","DUNWOD","61760","891.9799"
"2022/07/18 16:00:00","DUNWOD","61760","879.2124"
"2022/07/18 17:00:00","DUNWOD","61760","883.4837"
"2022/07/18 18:00:00","DUNWOD","61760","881.517"
"2022/07/18 19:00:00","DUNWOD","61760","887.3111"
"2022/07/18 20:00:00","DUNWOD","61760","897.4297"
"2022/07/18 21:00:00","DUNWOD","61760","881.5252"
"2022/07/18 22:00:00","DUNWOD","61760","846.3307"
"2022/07/18 23:00:00","DUNWOD","61760","785.8115"
"2022/07/19 00:00:00","DUNWOD","61760","729.3234"
"2022/07/19 01:00:00","DUNWOD","61760","690.5449"
"2022/07/19 02:00:00","DUNWOD","61760","657.4152"
"2022/07/19 03:00:00","DUNWOD","61760","640.446"
"2022/07/19 04:00:00","DUNWOD","61760","635.2118"
"2022/07/19 05:00:00","DUNWOD","61760","648.4089"
"2022/07/19 06:00:00","DUNWOD","61760","704.0305"
"2022/07/19 07:00:00","DUNWOD","61760","778.7963"
"2022/07/19 08:00:00","DUNWOD","61760","830.8071"
"2022/07/19 09:00:00","DUNWOD","61760","876.3181"
"2022/07/19 10:00:00","DUNWOD","61760","929.5793"
"2022/07/19 11:00:00","DUNWOD","61760","967.355"
"2022/07/19 12:00:00","DUNWOD","61760","1000.7207"
"2022/07/19 13:00:00","DUNWOD","61760","1038.2096"
"2022/07/19 14:00:00","DUNWOD","61760","1074.4633"
"2022/07/19 15:00:00","DUNWOD","61760","1120.8662"
"2022/07/19 16:00:00","DUNWOD","61760","1167.5636"
"2022/07/19 17:00:00","DUNWOD","61760","1193.22"
"2022/07/19 18:00:00","DUNWOD","61760","1186.4982"
"2022/07/19 19:00:00","DUNWOD","61760","1143.5636"
"2022/07/19 20:00:00","DUNWOD","61760","1101.901"
"2022/07/19 21:00:00","DUNWOD","61760","1054.3341"
"2022/07/19 22:00:00","DUNWOD","61760","997.331"
"2022/07/19 23:00:00","DUNWOD","61760","929.4648"
"2022/07/20 00:00:00","DUNWOD","61760","873.392"
"2022/07/20 01:00:00","DUNWOD","61760","822.307"
"2022/07/20 02:00:00","DUNWOD","61760","771.7059"
"2022/07/20 03:00:00","DUNWOD","61760","739.975"
"2022/07/20 04:00:00","DUNWOD","61760","723.8217"
"2022/07/20 05:00:00","DUNWOD","61760","736.5629"
"2022/07/20 06:00:00","DUNWOD","61760","794.7772"
"2022/07/20 07:00:00","DUNWOD","61760","876.7332"
"2022/07/20 08:00:00","DUNWOD","61760","940.4287"
"2022/07/20 09:00:00","DUNWOD","61760","1005.8247"
"2022/07/20 10:00:00","DUNWOD","61760","1066.821"
"2022/07/20 11:00:00","DUNWOD","61760","1119.7102"
"2022/07/20 12:00:00","DUNWOD","61760","1169.5617"
"2022/07/20 13:00:00","DUNWOD","61760","1212.5264"
"2022/07/20 14:00:00","DUNWOD","61760","1228.8872"
"2022/07/20 15:00:00","DUNWOD","61760","1268.1065"
"2022/07/20 16:00:00","DUNWOD","61760","1290.3145"
"2022/07/20 17:00:00","DUNWOD","61760","1300.7223"
"2022/07/20 18:00:00","DUNWOD","61760","1284.037"
"2022/07/20 19:00:00","DUNWOD","61760","1227.1012"
"2022/07/20 20:00:00","DUNWOD","61760","1178.2117"
"2022/07/20 21:00:00","DUNWOD","61760","1138.5294"
"2022/07/20 22:00:00","DUNWOD","61760","1071.7087"
"2022/07/20 23:00:00","DUNWOD","61760","994.6824"
"2022/07/21 00:00:00","DUNWOD","61760","935.2347"
"2022/07/21 01:00:00","DUNWOD","61760","886.3954"
"2022/07/21 02:00:00","DUNWOD","61760","839.5208"
"2022/07/21 03:00:00","DUNWOD","61760","807.9585"
"2022/07/21 04:00:00","DUNWOD","61760","787.608"
"2022/07/21 05:00:00","DUNWOD","61760","784.6373"
"2022/07/21 06:00:00","DUNWOD","61760","826.6151"
"2022/07/21 07:00:00","DUNWOD","61760","911.6819"
"2022/07/21 08:00:00","DUNWOD","61760","980.9504"
"2022/07/21 09:00:00","DUNWOD","61760","1053.3756"
"2022/07/21 10:00:00","DUNWOD","61760","1114.2186"
"2022/07/21 11:00:00","DUNWOD","61760","1174.5423"
"2022/07/21 12:00:00","DUNWOD","61760","1222.9555"
"2022/07/21 13:00:00","DUNWOD","61760","1163.7566"
"2022/07/21 14:00:00","DUNWOD","61760","1086.0259"
"2022/07/21 15:00:00","DUNWOD","61760","1106.1487"
"2022/07/21 16:00:00","DUNWOD","61760","1147.9375"
"2022/07/21 17:00:00","DUNWOD","61760","1191.9814"
"2022/07/21 18:00:00","DUNWOD","61760","1209.7954"
"2022/07/21 19:00:00","DUNWOD","61760","1180.2966"
"2022/07/21 20:00:00","DUNWOD","61760","1134.2505"
"2022/07/21 21:00:00","DUNWOD","61760","1086.2407"
"2022/07/21 22:00:00","DUNWOD","61760","1021.8962"
"2022/07/21 23:00:00","DUNWOD","61760","948.4598"
"2022/07/22 00:00:00","DUNWOD","61760","885.5824"
"2022/07/22 01:00:00","DUNWOD","61760","841.3383"
"2022/07/22 02:00:00","DUNWOD","61760","800.7362"
"2022/07/22 03:00:00","DUNWOD","61760","765.0553"
"2022/07/22 04:00:00","DUNWOD","61760","746.4242"
"2022/07/22 05:00:00","DUNWOD","61760","755.7033"
"2022/07/22 06:00:00","DUNWOD","61760","795.8863"
"2022/07/22 07:00:00","DUNWOD","61760","870.2487"
"2022/07/22 08:00:00","DUNWOD","61760","926.7631"
"2022/07/22 09:00:00","DUNWOD","61760","986.8748"
"2022/07/22 10:00:00","DUNWOD","61760","1043.4768"
"2022/07/22 11:00:00","DUNWOD","61760","1080.7752"
"2022/07/22 12:00:00","DUNWOD","61760","1124.2822"
"2022/07/22 13:00:00","DUNWOD","61760","1154.2137"
"2022/07/22 14:00:00","DUNWOD","61760","1185.2026"
"2022/07/22 15:00:00","DUNWOD","61760","1227.6438"
"2022/07/22 16:00:00","DUNWOD","61760","1252.7719"
"2022/07/22 17:00:00","DUNWOD","61760","1227.8159"
"2022/07/22 18:00:00","DUNWOD","61760","1145.3235"
"2022/07/22 19:00:00","DUNWOD","61760","1074.8055"
"2022/07/22 20:00:00","DUNWOD","61760","1034.1396"
"2022/07/22 21:00:00","DUNWOD","61760","1002.4903"
"2022/07/22 22:00:00","DUNWOD","61760","949.1406"
"2022/07/22 23:00:00","DUNWOD","61760","897.7855"
"2022/07/23 00:00:00","DUNWOD","61760","842.3196"
"2022/07/23 01:00:00","DUNWOD","61760","799.4508"
"2022/07/23 02:00:00","DUNWOD","61760","761.2023"
"2022/07/23 03:00:00","DUNWOD","61760","731.8187"
"2022/07/23 04:00:00","DUNWOD","61760","714.7379"
"2022/07/23 05:00:00","DUNWOD","61760","707.74"
"2022/07/23 06:00:00","DUNWOD","61760","711.9339"
"2022/07/23 07:00:00","DUNWOD","61760","769.0083"
"2022/07/23 08:00:00","DUNWOD","61760","840.8598"
"2022/07/23 09:00:00","DUNWOD","61760","902.4377"
"2022/07/23 10:00:00","DUNWOD","61760","955.3829"
"2022/07/23 11:00:00","DUNWOD","61760","993.2026"
"2022/07/23 12:00:00","DUNWOD","61760","1032.1176"
"2022/07/23 13:00:00","DUNWOD","61760","1063.671"
"2022/07/23 14:00:00","DUNWOD","61760","1097.3881"
"2022/07/23 15:00:00","DUNWOD","61760","1134.9041"
"2022/07/23 16:00:00","DUNWOD","61760","1160.0716"
"2022/07/23 17:00:00","DUNWOD","61760","1174.0536"
"2022/07/23 18:00:00","DUNWOD","61760","1148.2655"
"2022/07/23 19:00:00","DUNWOD","61760","1101.5546"
"2022/07/23 20:00:00","DUNWOD","61760","1068.0074"
"2022/07/23 21:00:00","DUNWOD","61760","1051.889"
"2022/07/23 22:00:00","DUNWOD","61760","1022.2549"
"2022/07/23 23:00:00","DUNWOD","61760","960.8509"
"2022/07/24 00:00:00","DUNWOD","61760","899.8753"
"2022/07/24 01:00:00","DUNWOD","61760","851.3659"
"2022/07/24 02:00:00","DUNWOD","61760","806.1054"
"2022/07/24 03:00:00","DUNWOD","61760","782.8158"
"2022/07/24 04:00:00","DUNWOD","61760","764.3681"
"2022/07/24 05:00:00","DUNWOD","61760","752.9899"
"2022/07/24 06:00:00","DUNWOD","61760","754.5516"
"2022/07/24 07:00:00","DUNWOD","61760","800.3115"
"2022/07/24 08:00:00","DUNWOD","61760","851.3646"
"2022/07/24 09:00:00","DUNWOD","61760","903.8816"
"2022/07/24 10:00:00","DUNWOD","61760","968.0855"
"2022/07/24 11:00:00","DUNWOD","61760","1021.7668"
"2022/07/24 12:00:00","DUNWOD","61760","1065.6759"
"2022/07/24 13:00:00","DUNWOD","61760","1107.1284"
"2022/07/24 14:00:00","DUNWOD","61760","1148.3786"
"2022/07/24 15:00:00","DUNWOD","61760","1187.7625"
"2022/07/24 16:00:00","DUNWOD","61760","1205.5847"
"2022/07/24 17:00:00","DUNWOD","61760","1214.9024"
"2022/07/24 18:00:00","DUNWOD","61760","1207.0899"
"2022/07/24 19:00:00","DUNWOD","61760","1177.2046"
"2022/07/24 20:00:00","DUNWOD","61760","1164.5564"
"2022/07/24 21:00:00","DUNWOD","61760","1142.7521"
"2022/07/24 22:00:00","DUNWOD","61760","1068.777"
"2022/07/24 23:00:00","DUNWOD","61760","1001.6099"
"2022/07/25 00:00:00","DUNWOD","61760","947.9656"
"2022/07/25 01:00:00","DUNWOD","61760","920.4229"
"2022/07/25 02:00:00","DUNWOD","61760","899.8235"
"2022/07/25 03:00:00","DUNWOD","61760","887.825"
"2022/07/25 04:00:00","DUNWOD","61760","890.9301"
"2022/07/25 05:00:00","DUNWOD","61760","912.0756"
"2022/07/25 06:00:00","DUNWOD","61760","961.3848"
"2022/07/25 07:00:00","DUNWOD","61760","1024.8112"
"2022/07/25 08:00:00","DUNWOD","61760","1073.5975"
"2022/07/25 09:00:00","DUNWOD","61760","1121.8194"
"2022/07/25 10:00:00","DUNWOD","61760","1150.5252"
"2022/07/25 11:00:00","DUNWOD","61760","1135.1067"
"2022/07/25 12:00:00","DUNWOD","61760","1121.6268"
"2022/07/25 13:00:00","DUNWOD","61760","1058.451"
"2022/07/25 14:00:00","DUNWOD","61760","1056.7053"
"2022/07/25 15:00:00","DUNWOD","61760","1096.1597"
"2022/07/25 16:00:00","DUNWOD","61760","1131.4935"
"2022/07/25 17:00:00","DUNWOD","61760","1163.7077"
"2022/07/25 18:00:00","DUNWOD","61760","1170.0204"
"2022/07/25 19:00:00","DUNWOD","61760","1137.4126"
"2022/07/25 20:00:00","DUNWOD","61760","1100.7964"
"2022/07/25 21:00:00","DUNWOD","61760","1070.8781"
"2022/07/25 22:00:00","DUNWOD","61760","1010.7881"
"2022/07/25 23:00:00","DUNWOD","61760","938.0358"
"2022/07/26 00:00:00","DUNWOD","61760","878.0843"
"2022/07/26 01:00:00","DUNWOD","61760","814.9422"
"2022/07/26 02:00:00","DUNWOD","61760","757.9979"
"2022/07/26 03:00:00","DUNWOD","61760","722.6034"
"2022/07/26 04:00:00","DUNWOD","61760","707.094"
"2022/07/26 05:00:00","DUNWOD","61760","709.4157"
"2022/07/26 06:00:00","DUNWOD","61760","741.0236"
"2022/07/26 07:00:00","DUNWOD","61760","799.5075"
"2022/07/26 08:00:00","DUNWOD","61760","827.532"
"2022/07/26 09:00:00","DUNWOD","61760","853.3299"
"2022/07/26 10:00:00","DUNWOD","61760","888.089"
"2022/07/26 11:00:00","DUNWOD","61760","917.9963"
"2022/07/26 12:00:00","DUNWOD","61760","932.8738"
"2022/07/26 13:00:00","DUNWOD","61760","936.1339"
"2022/07/26 14:00:00","DUNWOD","61760","937.9712"
"2022/07/26 15:00:00","DUNWOD","61760","946.9372"
"2022/07/26 16:00:00","DUNWOD","61760","959.6047"
"2022/07/26 17:00:00","DUNWOD","61760","973.3328"
"2022/07/26 18:00:00","DUNWOD","61760","960.67"
"2022/07/26 19:00:00","DUNWOD","61760","928.384"
"2022/07/26 20:00:00","DUNWOD","61760","907.9727"
"2022/07/26 21:00:00","DUNWOD","61760","890.2816"
"2022/07/26 22:00:00","DUNWOD","61760","829.2517"
"2022/07/26 23:00:00","DUNWOD","61760","760.2922"
"2022/07/27 00:00:00","DUNWOD","61760","709.1526"
"2022/07/27 01:00:00","DUNWOD","61760","662.02"
"2022/07/27 02:00:00","DUNWOD","61760","631.0773"
"2022/07/27 03:00:00","DUNWOD","61760","608.2738"
"2022/07/27 04:00:00","DUNWOD","61760","601.4126"
"2022/07/27 05:00:00","DUNWOD","61760","619.1616"
"2022/07/27 06:00:00","DUNWOD","61760","665.8651"
"2022/07/27 07:00:00","DUNWOD","61760","739.5206"
"2022/07/27 08:00:00","DUNWOD","61760","785.0946"
"2022/07/27 09:00:00","DUNWOD","61760","821.9086"
"2022/07/27 10:00:00","DUNWOD","61760","858.3411"
"2022/07/27 11:00:00","DUNWOD","61760","893.8709"
"2022/07/27 12:00:00","DUNWOD","61760","928.12"
"2022/07/27 13:00:00","DUNWOD","61760","967.1613"
"2022/07/27 14:00:00","DUNWOD","61760","1003.0099"
"2022/07/27 15:00:00","DUNWOD","61760","1042.7194"
"2022/07/27 16:00:00","DUNWOD","61760","1043.7366"
"2022/07/27 17:00:00","DUNWOD","61760","1027.0208"
"2022/07/27 18:00:00","DUNWOD","61760","992.9869"
"2022/07/27 19:00:00","DUNWOD","61760","959.9556"
"2022/07/27 20:00:00","DUNWOD","61760","939.3005"
"2022/07/27 21:00:00","DUNWOD","61760","914.6965"
"2022/07/27 22:00:00","DUNWOD","61760","866.6078"
"2022/07/27 23:00:00","DUNWOD","61760","811.4094"
"2022/07/28 00:00:00","DUNWOD","61760","762.7201"
"2022/07/28 01:00:00","DUNWOD","61760","723.2983"
"2022/07/28 02:00:00","DUNWOD","61760","698.8205"
"2022/07/28 03:00:00","DUNWOD","61760","684.4599"
"2022/07/28 04:00:00","DUNWOD","61760","680.2097"
"2022/07/28 05:00:00","DUNWOD","61760","703.0859"
"2022/07/28 06:00:00","DUNWOD","61760","752.4585"
"2022/07/28 07:00:00","DUNWOD","61760","826.9754"
"2022/07/28 08:00:00","DUNWOD","61760","877.1514"
"2022/07/28 09:00:00","DUNWOD","61760","931.7781"
"2022/07/28 10:00:00","DUNWOD","61760","988.0105"
"2022/07/28 11:00:00","DUNWOD","61760","1039.4585"
"2022/07/28 12:00:00","DUNWOD","61760","1091.8728"
"2022/07/28 13:00:00","DUNWOD","61760","1123.4935"
"2022/07/28 14:00:00","DUNWOD","61760","1158.4532"
"2022/07/28 15:00:00","DUNWOD","61760","1195.0035"
"2022/07/28 16:00:00","DUNWOD","61760","1227.3757"
"2022/07/28 17:00:00","DUNWOD","61760","1226.916"
"2022/07/28 18:00:00","DUNWOD","61760","1148.4887"
"2022/07/28 19:00:00","DUNWOD","61760","1111.8751"
"2022/07/28 20:00:00","DUNWOD","61760","1099.2583"
"2022/07/28 21:00:00","DUNWOD","61760","1071.5676"
"2022/07/28 22:00:00","DUNWOD","61760","1006.4465"
"2022/07/28 23:00:00","DUNWOD","61760","942.4771"
"2022/07/29 00:00:00","DUNWOD","61760","882.1304"
"2022/07/29 01:00:00","DUNWOD","61760","848.2213"
"2022/07/29 02:00:00","DUNWOD","61760","801.0586"
"2022/07/29 03:00:00","DUNWOD","61760","770.2272"
"2022/07/29 04:00:00","DUNWOD","61760","754.512"
"2022/07/29 05:00:00","DUNWOD","61760","767.6011"
"2022/07/29 06:00:00","DUNWOD","61760","807.3732"
"2022/07/29 07:00:00","DUNWOD","61760","872.247"
"2022/07/29 08:00:00","DUNWOD","61760","904.4661"
"2022/07/29 09:00:00","DUNWOD","61760","951.2304"
"2022/07/29 10:00:00","DUNWOD","61760","1017.6095"
"2022/07/29 11:00:00","DUNWOD","61760","1039.9955"
"2022/07/29 12:00:00","DUNWOD","61760","1044.5111"
"2022/07/29 13:00:00","DUNWOD","61760","1070.8384"
"2022/07/29 14:00:00","DUNWOD","61760","1073.9535"
"2022/07/29 15:00:00","DUNWOD","61760","1086.067"
"2022/07/29 16:00:00","DUNWOD","61760","1098.7579"
"2022/07/29 17:00:00","DUNWOD","61760","1090.1247"
"2022/07/29 18:00:00","DUNWOD","61760","1049.3408"
"2022/07/29 19:00:00","DUNWOD","61760","1010.0749"
"2022/07/29 20:00:00","DUNWOD","61760","982.9732"
"2022/07/29 21:00:00","DUNWOD","61760","963.6087"
"2022/07/29 22:00:00","DUNWOD","61760","914.5912"
"2022/07/29 23:00:00","DUNWOD","61760","868.2561"
"2022/07/30 00:00:00","DUNWOD","61760","820.946"
"2022/07/30 01:00:00","DUNWOD","61760","779.2195"
"2022/07/30 02:00:00","DUNWOD","61760","748.0065"
"2022/07/30 03:00:00","DUNWOD","61760","723.657"
"2022/07/30 04:00:00","DUNWOD","61760","702.2802"
"2022/07/30 05:00:00","DUNWOD","61760","699.0394"
"2022/07/30 06:00:00","DUNWOD","61760","694.399"
"2022/07/30 07:00:00","DUNWOD","61760","731.3462"
"2022/07/30 08:00:00","DUNWOD","61760","777.6426"
"2022/07/30 09:00:00","DUNWOD","61760","825.0833"
"2022/07/30 10:00:00","DUNWOD","61760","868.539"
"2022/07/30 11:00:00","DUNWOD","61760","892.4568"
"2022/07/30 12:00:00","DUNWOD","61760","913.7424"
"2022/07/30 13:00:00","DUNWOD","61760","936.0604"
"2022/07/30 14:00:00","DUNWOD","61760","956.3225"
"2022/07/30 15:00:00","DUNWOD","61760","977.1394"
"2022/07/30 16:00:00","DUNWOD","61760","1015.3718"
"2022/07/30 17:00:00","DUNWOD","61760","1033.7242"
"2022/07/30 18:00:00","DUNWOD","61760","1022.5553"
"2022/07/30 19:00:00","DUNWOD","61760","984.7088"
"2022/07/30 20:00:00","DUNWOD","61760","950.1796"
"2022/07/30 21:00:00","DUNWOD","61760","921.8015"
"2022/07/30 22:00:00","DUNWOD","61760","881.0687"
"2022/07/30 23:00:00","DUNWOD","61760","821.1326"
"2022/07/31 00:00:00","DUNWOD","61760","765.3576"
"2022/07/31 01:00:00","DUNWOD","61760","723.1431"
"2022/07/31 02:00:00","DUNWOD","61760","684.7511"
"2022/07/31 03:00:00","DUNWOD","61760","650.2421"
"2022/07/31 04:00:00","DUNWOD","61760","626.7464"
"2022/07/31 05:00:00","DUNWOD","61760","614.7216"
"2022/07/31 06:00:00","DUNWOD","61760","606.3013"
"2022/07/31 07:00:00","DUNWOD","61760","641.5149"
"2022/07/31 08:00:00","DUNWOD","61760","694.1622"
"2022/07/31 09:00:00","DUNWOD","61760","746.8838"
"2022/07/31 10:00:00","DUNWOD","61760","798.966"
"2022/07/31 11:00:00","DUNWOD","61760","839.8524"
"2022/07/31 12:00:00","DUNWOD","61760","864.2962"
"2022/07/31 13:00:00","DUNWOD","61760","889.0168"
"2022/07/31 14:00:00","DUNWOD","61760","935.9987"
"2022/07/31 15:00:00","DUNWOD","61760","962.182"
"2022/07/31 16:00:00","DUNWOD","61760","976.5508"
"2022/07/31 17:00:00","DUNWOD","61760","985.7056"
"2022/07/31 18:00:00","DUNWOD","61760","960.8417"
"2022/07/31 19:00:00","DUNWOD","61760","941.9947"
"2022/07/31 20:00:00","DUNWOD","61760","952.3145"
"2022/07/31 21:00:00","DUNWOD","61760","945.8637"
"2022/07/31 22:00:00","DUNWOD","61760","907.9546"
"2022/07/31 23:00:00","DUNWOD","61760","845.3175"
"2022/08/01 00:00:00","DUNWOD","61760","791.3421"
"2022/08/01 01:00:00","DUNWOD","61760","754.104"
"2022/08/01 02:00:00","DUNWOD","61760","717.0103"
"2022/08/01 03:00:00","DUNWOD","61760","688.7654"
"2022/08/01 04:00:00","DUNWOD","61760","680.1084"
"2022/08/01 05:00:00","DUNWOD","61760","694.1628"
"2022/08/01 06:00:00","DUNWOD","61760","720.1273"
"2022/08/01 07:00:00","DUNWOD","61760","764.172"
"2022/08/01 08:00:00","DUNWOD","61760","793.4898"
"2022/08/01 09:00:00","DUNWOD","61760","815.954"
"2022/08/01 10:00:00","DUNWOD","61760","832.3654"
"2022/08/01 11:00:00","DUNWOD","61760","833.1663"
"2022/08/01 12:00:00","DUNWOD","61760","821.8862"
"2022/08/01 13:00:00","DUNWOD","61760","817.0306"
"2022/08/01 14:00:00","DUNWOD","61760","818.6513"
"2022/08/01 15:00:00","DUNWOD","61760","837.7354"
"2022/08/01 16:00:00","DUNWOD","61760","847.0516"
"2022/08/01 17:00:00","DUNWOD","61760","852.4782"
"2022/08/01 18:00:00","DUNWOD","61760","847.8253"
"2022/08/01 19:00:00","DUNWOD","61760","839.8315"
"2022/08/01 20:00:00","DUNWOD","61760","824.3833"
"2022/08/01 21:00:00","DUNWOD","61760","799.9223"
"2022/08/01 22:00:00","DUNWOD","61760","755.2259"
"2022/08/01 23:00:00","DUNWOD","61760","701.8578"
"2022/08/02 00:00:00","DUNWOD","61760","657.9472"
"2022/08/02 01:00:00","DUNWOD","61760","627.4933"
"2022/08/02 02:00:00","DUNWOD","61760","601.8315"
"2022/08/02 03:00:00","DUNWOD","61760","586.9783"
"2022/08/02 04:00:00","DUNWOD","61760","588.1214"
"2022/08/02 05:00:00","DUNWOD","61760","613.9984"
"2022/08/02 06:00:00","DUNWOD","61760","661.3512"
"2022/08/02 07:00:00","DUNWOD","61760","733.7145"
"2022/08/02 08:00:00","DUNWOD","61760","794.6811"
"2022/08/02 09:00:00","DUNWOD","61760","849.6055"
"2022/08/02 10:00:00","DUNWOD","61760","911.4855"
"2022/08/02 11:00:00","DUNWOD","61760","971.4247"
"2022/08/02 12:00:00","DUNWOD","61760","1021.809"
"2022/08/02 13:00:00","DUNWOD","61760","1051.373"
"2022/08/02 14:00:00","DUNWOD","61760","1069.5797"
"2022/08/02 15:00:00","DUNWOD","61760","1129.1353"
"2022/08/02 16:00:00","DUNWOD","61760","1180.2798"
"2022/08/02 17:00:00","DUNWOD","61760","1205.9601"
"2022/08/02 18:00:00","DUNWOD","61760","1175.2052"
"2022/08/02 19:00:00","DUNWOD","61760","1121.9334"
"2022/08/02 20:00:00","DUNWOD","61760","1077.9979"
"2022/08/02 21:00:00","DUNWOD","61760","1027.4815"
"2022/08/02 22:00:00","DUNWOD","61760","955.4298"
"2022/08/02 23:00:00","DUNWOD","61760","883.7146"
"2022/08/03 00:00:00","DUNWOD","61760","829.2494"
"2022/08/03 01:00:00","DUNWOD","61760","772.7237"
"2022/08/03 02:00:00","DUNWOD","61760","731.445"
"2022/08/03 03:00:00","DUNWOD","61760","696.988"
"2022/08/03 04:00:00","DUNWOD","61760","680.7065"
"2022/08/03 05:00:00","DUNWOD","61760","687.853"
"2022/08/03 06:00:00","DUNWOD","61760","723.0691"
"2022/08/03 07:00:00","DUNWOD","61760","787.3925"
"2022/08/03 08:00:00","DUNWOD","61760","841.6649"
"2022/08/03 09:00:00","DUNWOD","61760","887.3084"
"2022/08/03 10:00:00","DUNWOD","61760","930.7938"
"2022/08/03 11:00:00","DUNWOD","61760","966.9359"
"2022/08/03 12:00:00","DUNWOD","61760","1003.1889"
"2022/08/03 13:00:00","DUNWOD","61760","1040.4442"
"2022/08/03 14:00:00","DUNWOD","61760","1080.9089"
"2022/08/03 15:00:00","DUNWOD","61760","1122.5743"
"2022/08/03 16:00:00","DUNWOD","61760","1162.0011"
"2022/08/03 17:00:00","DUNWOD","61760","1182.7797"
"2022/08/03 18:00:00","DUNWOD","61760","1157.1345"
"2022/08/03 19:00:00","DUNWOD","61760","1107.7579"
"2022/08/03 20:00:00","DUNWOD","61760","1061.3494"
"2022/08/03 21:00:00","DUNWOD","61760","1018.7036"
"2022/08/03 22:00:00","DUNWOD","61760","955.4312"
"2022/08/03 23:00:00","DUNWOD","61760","886.6174"
"2022/08/04 00:00:00","DUNWOD","61760","824.036"
"2022/08/04 01:00:00","DUNWOD","61760","778.9601"
"2022/08/04 02:00:00","DUNWOD","61760","740.791"
"2022/08/04 03:00:00","DUNWOD","61760","711.1659"
"2022/08/04 04:00:00","DUNWOD","61760","695.9518"
"2022/08/04 05:00:00","DUNWOD","61760","708.5579"
"2022/08/04 06:00:00","DUNWOD","61760","748.0695"
"2022/08/04 07:00:00","DUNWOD","61760","825.2267"
"2022/08/04 08:00:00","DUNWOD","61760","892.0003"
"2022/08/04 09:00:00","DUNWOD","61760","950.6868"
"2022/08/04 10:00:00","DUNWOD","61760","1021.3388"
"2022/08/04 11:00:00","DUNWOD","61760","1083.855"
"2022/08/04 12:00:00","DUNWOD","61760","1149.1221"
"2022/08/04 13:00:00","DUNWOD","61760","1194.9767"
"2022/08/04 14:00:00","DUNWOD","61760","1226.1002"
"2022/08/04 15:00:00","DUNWOD","61760","1253.4822"
"2022/08/04 16:00:00","DUNWOD","61760","1255.203"
"2022/08/04 17:00:00","DUNWOD","61760","1260.6642"
"2022/08/04 18:00:00","DUNWOD","61760","1239.4683"
"2022/08/04 19:00:00","DUNWOD","61760","1188.7618"
"2022/08/04 20:00:00","DUNWOD","61760","1154.85"
"2022/08/04 21:00:00","DUNWOD","61760","1112.7998"
"2022/08/04 22:00:00","DUNWOD","61760","1032.4734"
"2022/08/04 23:00:00","DUNWOD","61760","964.362"
"2022/08/05 00:00:00","DUNWOD","61760","901.9511"
"2022/08/05 01:00:00","DUNWOD","61760","849.7397"
"2022/08/05 02:00:00","DUNWOD","61760","812.4456"
"2022/08/05 03:00:00","DUNWOD","61760","783.1902"
"2022/08/05 04:00:00","DUNWOD","61760","767.8026"
"2022/08/05 05:00:00","DUNWOD","61760","783.1828"
"2022/08/05 06:00:00","DUNWOD","61760","823.442"
"2022/08/05 07:00:00","DUNWOD","61760","868.1517"
"2022/08/05 08:00:00","DUNWOD","61760","905.5557"
"2022/08/05 09:00:00","DUNWOD","61760","961.0063"
"2022/08/05 10:00:00","DUNWOD","61760","1007.1239"
"2022/08/05 11:00:00","DUNWOD","61760","1053.3548"
"2022/08/05 12:00:00","DUNWOD","61760","1102.6295"
"2022/08/05 13:00:00","DUNWOD","61760","1127.3996"
"2022/08/05 14:00:00","DUNWOD","61760","1168.3188"
"2022/08/05 15:00:00","DUNWOD","61760","1209.4244"
"2022/08/05 16:00:00","DUNWOD","61760","1229.4239"
"2022/08/05 17:00:00","DUNWOD","61760","1200.6997"
"2022/08/05 18:00:00","DUNWOD","61760","1168.0536"
"2022/08/05 19:00:00","DUNWOD","61760","1126.8141"
"2022/08/05 20:00:00","DUNWOD","61760","1096.3207"
"2022/08/05 21:00:00","DUNWOD","61760","1051.5057"
"2022/08/05 22:00:00","DUNWOD","61760","992.2583"
"2022/08/05 23:00:00","DUNWOD","61760","935.9654"
"2022/08/06 00:00:00","DUNWOD","61760","891.4939"
"2022/08/06 01:00:00","DUNWOD","61760","846.6168"
"2022/08/06 02:00:00","DUNWOD","61760","804.2032"
"2022/08/06 03:00:00","DUNWOD","61760","769.4053"
"2022/08/06 04:00:00","DUNWOD","61760","748.4389"
"2022/08/06 05:00:00","DUNWOD","61760","744.0153"
"2022/08/06 06:00:00","DUNWOD","61760","749.0188"
"2022/08/06 07:00:00","DUNWOD","61760","795.0432"
"2022/08/06 08:00:00","DUNWOD","61760","853.6329"
"2022/08/06 09:00:00","DUNWOD","61760","915.4223"
"2022/08/06 10:00:00","DUNWOD","61760","980.888"
"2022/08/06 11:00:00","DUNWOD","61760","1033.4214"
"2022/08/06 12:00:00","DUNWOD","61760","1078.5675"
"2022/08/06 13:00:00","DUNWOD","61760","1107.1744"
"2022/08/06 14:00:00","DUNWOD","61760","1143.7731"
"2022/08/06 15:00:00","DUNWOD","61760","1150.3012"
"2022/08/06 16:00:00","DUNWOD","61760","1171.9397"
"2022/08/06 17:00:00","DUNWOD","61760","1174.5616"
"2022/08/06 18:00:00","DUNWOD","61760","1143.912"
"2022/08/06 19:00:00","DUNWOD","61760","1103.7085"
"2022/08/06 20:00:00","DUNWOD","61760","1083.889"
"2022/08/06 21:00:00","DUNWOD","61760","1053.1961"
"2022/08/06 22:00:00","DUNWOD","61760","1004.9481"
"2022/08/06 23:00:00","DUNWOD","61760","959.0352"
"2022/08/07 00:00:00","DUNWOD","61760","917.0538"
"2022/08/07 01:00:00","DUNWOD","61760","872.4842"
"2022/08/07 02:00:00","DUNWOD","61760","844.4239"
"2022/08/07 03:00:00","DUNWOD","61760","826.5133"
"2022/08/07 04:00:00","DUNWOD","61760","815.5125"
"2022/08/07 05:00:00","DUNWOD","61760","804.7855"
"2022/08/07 06:00:00","DUNWOD","61760","801.9247"
"2022/08/07 07:00:00","DUNWOD","61760","825.9251"
"2022/08/07 08:00:00","DUNWOD","61760","864.1289"
"2022/08/07 09:00:00","DUNWOD","61760","921.2931"
"2022/08/07 10:00:00","DUNWOD","61760","981.8937"
"2022/08/07 11:00:00","DUNWOD","61760","1035.6051"
"2022/08/07 12:00:00","DUNWOD","61760","1095.9403"
"2022/08/07 13:00:00","DUNWOD","61760","1126.183"
"2022/08/07 14:00:00","DUNWOD","61760","1135.2103"
"2022/08/07 15:00:00","DUNWOD","61760","1108.4542"
"2022/08/07 16:00:00","DUNWOD","61760","1125.392"
"2022/08/07 17:00:00","DUNWOD","61760","1183.9526"
"2022/08/07 18:00:00","DUNWOD","61760","1168.4043"
"2022/08/07 19:00:00","DUNWOD","61760","1133.7524"
"2022/08/07 20:00:00","DUNWOD","61760","1127.7013"
"2022/08/07 21:00:00","DUNWOD","61760","1091.0168"
"2022/08/07 22:00:00","DUNWOD","61760","1038.4352"
"2022/08/07 23:00:00","DUNWOD","61760","971.3223"
"2022/08/08 00:00:00","DUNWOD","61760","927.703"
"2022/08/08 01:00:00","DUNWOD","61760","888.1457"
"2022/08/08 02:00:00","DUNWOD","61760","856.1937"
"2022/08/08 03:00:00","DUNWOD","61760","839.1227"
"2022/08/08 04:00:00","DUNWOD","61760","837.3494"
"2022/08/08 05:00:00","DUNWOD","61760","860.4497"
"2022/08/08 06:00:00","DUNWOD","61760","898.113"
"2022/08/08 07:00:00","DUNWOD","61760","966.0081"
"2022/08/08 08:00:00","DUNWOD","61760","1002.1583"
"2022/08/08 09:00:00","DUNWOD","61760","1057.7707"
"2022/08/08 10:00:00","DUNWOD","61760","1113.0117"
"2022/08/08 11:00:00","DUNWOD","61760","1178.4379"
"2022/08/08 12:00:00","DUNWOD","61760","1227.1784"
"2022/08/08 13:00:00","DUNWOD","61760","1274.1895"
"2022/08/08 14:00:00","DUNWOD","61760","1297.8247"
"2022/08/08 15:00:00","DUNWOD","61760","1315.0004"
"2022/08/08 16:00:00","DUNWOD","61760","1317.5022"
"2022/08/08 17:00:00","DUNWOD","61760","1328.5281"
"2022/08/08 18:00:00","DUNWOD","61760","1306.7449"
"2022/08/08 19:00:00","DUNWOD","61760","1254.5948"
"2022/08/08 20:00:00","DUNWOD","61760","1218.5291"
"2022/08/08 21:00:00","DUNWOD","61760","1167.3318"
"2022/08/08 22:00:00","DUNWOD","61760","1099.123"
"2022/08/08 23:00:00","DUNWOD","61760","1033.8085"
"2022/08/09 00:00:00","DUNWOD","61760","989.46"
"2022/08/09 01:00:00","DUNWOD","61760","950.7178"
"2022/08/09 02:00:00","DUNWOD","61760","920.2022"
"2022/08/09 03:00:00","DUNWOD","61760","897.6267"
"2022/08/09 04:00:00","DUNWOD","61760","891.8071"
"2022/08/09 05:00:00","DUNWOD","61760","911.2454"
"2022/08/09 06:00:00","DUNWOD","61760","951.2685"
"2022/08/09 07:00:00","DUNWOD","61760","1016.951"
"2022/08/09 08:00:00","DUNWOD","61760","1071.0306"
"2022/08/09 09:00:00","DUNWOD","61760","1139.022"
"2022/08/09 10:00:00","DUNWOD","61760","1213.1825"
"2022/08/09 11:00:00","DUNWOD","61760","1271.1179"
"2022/08/09 12:00:00","DUNWOD","61760","1329.7596"
"2022/08/09 13:00:00","DUNWOD","61760","1352.9428"
"2022/08/09 14:00:00","DUNWOD","61760","1342.0904"
"2022/08/09 15:00:00","DUNWOD","61760","1367.8321"
"2022/08/09 16:00:00","DUNWOD","61760","1371.5521"
"2022/08/09 17:00:00","DUNWOD","61760","1385.3865"
"2022/08/09 18:00:00","DUNWOD","61760","1364.6736"
"2022/08/09 19:00:00","DUNWOD","61760","1292.7209"
"2022/08/09 20:00:00","DUNWOD","61760","1253.4947"
"2022/08/09 21:00:00","DUNWOD","61760","1201.8165"
"2022/08/09 22:00:00","DUNWOD","61760","1131.9521"
"2022/08/09 23:00:00","DUNWOD","61760","1042.221"
"2022/08/10 00:00:00","DUNWOD","61760","968.7623"
"2022/08/10 01:00:00","DUNWOD","61760","904.6365"
"2022/08/10 02:00:00","DUNWOD","61760","849.9585"
"2022/08/10 03:00:00","DUNWOD","61760","815.3437"
"2022/08/10 04:00:00","DUNWOD","61760","797.7627"
"2022/08/10 05:00:00","DUNWOD","61760","807.2166"
"2022/08/10 06:00:00","DUNWOD","61760","839.9834"
"2022/08/10 07:00:00","DUNWOD","61760","889.9196"
"2022/08/10 08:00:00","DUNWOD","61760","906.8475"
"2022/08/10 09:00:00","DUNWOD","61760","956.6127"
"2022/08/10 10:00:00","DUNWOD","61760","970.8986"
"2022/08/10 11:00:00","DUNWOD","61760","990.8984"
"2022/08/10 12:00:00","DUNWOD","61760","1016.9803"
"2022/08/10 13:00:00","DUNWOD","61760","1050.839"
"2022/08/10 14:00:00","DUNWOD","61760","1089.1748"
"2022/08/10 15:00:00","DUNWOD","61760","1127.073"
"2022/08/10 16:00:00","DUNWOD","61760","1158.3577"
"2022/08/10 17:00:00","DUNWOD","61760","1173.3087"
"2022/08/10 18:00:00","DUNWOD","61760","1138.3138"
"2022/08/10 19:00:00","DUNWOD","61760","1100.2791"
"2022/08/10 20:00:00","DUNWOD","61760","1064.8184"
"2022/08/10 21:00:00","DUNWOD","61760","1019.1874"
"2022/08/10 22:00:00","DUNWOD","61760","953.7183"
"2022/08/10 23:00:00","DUNWOD","61760","892.2461"
"2022/08/11 00:00:00","DUNWOD","61760","836.0561"
"2022/08/11 01:00:00","DUNWOD","61760","793.2631"
"2022/08/11 02:00:00","DUNWOD","61760","761.898"
"2022/08/11 03:00:00","DUNWOD","61760","743.1264"
"2022/08/11 04:00:00","DUNWOD","61760","735.989"
"2022/08/11 05:00:00","DUNWOD","61760","755.4817"
"2022/08/11 06:00:00","DUNWOD","61760","798.5275"
"2022/08/11 07:00:00","DUNWOD","61760","845.7652"
"2022/08/11 08:00:00","DUNWOD","61760","869.7622"
"2022/08/11 09:00:00","DUNWOD","61760","893.3254"
"2022/08/11 10:00:00","DUNWOD","61760","945.0472"
"2022/08/11 11:00:00","DUNWOD","61760","966.5678"
"2022/08/11 12:00:00","DUNWOD","61760","984.9832"
"2022/08/11 13:00:00","DUNWOD","61760","1026.8997"
"2022/08/11 14:00:00","DUNWOD","61760","1069.4842"
"2022/08/11 15:00:00","DUNWOD","61760","1116.6482"
"2022/08/11 16:00:00","DUNWOD","61760","1148.8462"
"2022/08/11 17:00:00","DUNWOD","61760","1155.5568"
"2022/08/11 18:00:00","DUNWOD","61760","1123.2871"
"2022/08/11 19:00:00","DUNWOD","61760","1072.0995"
"2022/08/11 20:00:00","DUNWOD","61760","1041.1922"
"2022/08/11 21:00:00","DUNWOD","61760","994.7294"
"2022/08/11 22:00:00","DUNWOD","61760","932.6629"
"2022/08/11 23:00:00","DUNWOD","61760","861.4661"
"2022/08/12 00:00:00","DUNWOD","61760","804.0027"
"2022/08/12 01:00:00","DUNWOD","61760","746.9304"
"2022/08/12 02:00:00","DUNWOD","61760","699.7326"
"2022/08/12 03:00:00","DUNWOD","61760","677.0612"
"2022/08/12 04:00:00","DUNWOD","61760","667.739"
"2022/08/12 05:00:00","DUNWOD","61760","681.2182"
"2022/08/12 06:00:00","DUNWOD","61760","707.5347"
"2022/08/12 07:00:00","DUNWOD","61760","752.3268"
"2022/08/12 08:00:00","DUNWOD","61760","784.0126"
"2022/08/12 09:00:00","DUNWOD","61760","804.3437"
"2022/08/12 10:00:00","DUNWOD","61760","827.6677"
"2022/08/12 11:00:00","DUNWOD","61760","847.0796"
"2022/08/12 12:00:00","DUNWOD","61760","869.1222"
"2022/08/12 13:00:00","DUNWOD","61760","892.2903"
"2022/08/12 14:00:00","DUNWOD","61760","914.6707"
"2022/08/12 15:00:00","DUNWOD","61760","938.8672"
"2022/08/12 16:00:00","DUNWOD","61760","962.0573"
"2022/08/12 17:00:00","DUNWOD","61760","978.8331"
"2022/08/12 18:00:00","DUNWOD","61760","945.7369"
"2022/08/12 19:00:00","DUNWOD","61760","899.5595"
"2022/08/12 20:00:00","DUNWOD","61760","877.6623"
"2022/08/12 21:00:00","DUNWOD","61760","831.5925"
"2022/08/12 22:00:00","DUNWOD","61760","772.0894"
"2022/08/12 23:00:00","DUNWOD","61760","707.9912"
"2022/08/13 00:00:00","DUNWOD","61760","659.5214"
"2022/08/13 01:00:00","DUNWOD","61760","621.4489"
"2022/08/13 02:00:00","DUNWOD","61760","588.172"
"2022/08/13 03:00:00","DUNWOD","61760","563.9858"
"2022/08/13 04:00:00","DUNWOD","61760","549.4583"
"2022/08/13 05:00:00","DUNWOD","61760","546.2042"
"2022/08/13 06:00:00","DUNWOD","61760","551.1667"
"2022/08/13 07:00:00","DUNWOD","61760","581.1153"
"2022/08/13 08:00:00","DUNWOD","61760","613.6776"
"2022/08/13 09:00:00","DUNWOD","61760","634.8602"
"2022/08/13 10:00:00","DUNWOD","61760","660.172"
"2022/08/13 11:00:00","DUNWOD","61760","682.3612"
"2022/08/13 12:00:00","DUNWOD","61760","693.8033"
"2022/08/13 13:00:00","DUNWOD","61760","694.0936"
"2022/08/13 14:00:00","DUNWOD","61760","700.7258"
"2022/08/13 15:00:00","DUNWOD","61760","723.3772"
"2022/08/13 16:00:00","DUNWOD","61760","751.9521"
"2022/08/13 17:00:00","DUNWOD","61760","776.5253"
"2022/08/13 18:00:00","DUNWOD","61760","776.3331"
"2022/08/13 19:00:00","DUNWOD","61760","751.5113"
"2022/08/13 20:00:00","DUNWOD","61760","736.1749"
"2022/08/13 21:00:00","DUNWOD","61760","712.9102"
"2022/08/13 22:00:00","DUNWOD","61760","687.3681"
"2022/08/13 23:00:00","DUNWOD","61760","650.6782"
"2022/08/14 00:00:00","DUNWOD","61760","617.9971"
"2022/08/14 01:00:00","DUNWOD","61760","585.3148"
"2022/08/14 02:00:00","DUNWOD","61760","559.2342"
"2022/08/14 03:00:00","DUNWOD","61760","538.4379"
"2022/08/14 04:00:00","DUNWOD","61760","527.8955"
"2022/08/14 05:00:00","DUNWOD","61760","522.7835"
"2022/08/14 06:00:00","DUNWOD","61760","523.6303"
"2022/08/14 07:00:00","DUNWOD","61760","546.2939"
"2022/08/14 08:00:00","DUNWOD","61760","578.528"
"2022/08/14 09:00:00","DUNWOD","61760","612.2491"
"2022/08/14 10:00:00","DUNWOD","61760","647.0697"
"2022/08/14 11:00:00","DUNWOD","61760","675.4895"
"2022/08/14 12:00:00","DUNWOD","61760","705.8366"
"2022/08/14 13:00:00","DUNWOD","61760","722.3639"
"2022/08/14 14:00:00","DUNWOD","61760","742.5626"
"2022/08/14 15:00:00","DUNWOD","61760","767.5505"
"2022/08/14 16:00:00","DUNWOD","61760","796.5825"
"2022/08/14 17:00:00","DUNWOD","61760","813.3629"
"2022/08/14 18:00:00","DUNWOD","61760","804.9849"
"2022/08/14 19:00:00","DUNWOD","61760","785.6204"
"2022/08/14 20:00:00","DUNWOD","61760","788.0697"
"2022/08/14 21:00:00","DUNWOD","61760","770.0611"
"2022/08/14 22:00:00","DUNWOD","61760","724.9469"
"2022/08/14 23:00:00","DUNWOD","61760","677.6309"
"2022/08/15 00:00:00","DUNWOD","61760","636.8293"
"2022/08/15 01:00:00","DUNWOD","61760","606.6052"
"2022/08/15 02:00:00","DUNWOD","61760","579.9688"
"2022/08/15 03:00:00","DUNWOD","61760","560.6158"
"2022/08/15 04:00:00","DUNWOD","61760","558.4884"
"2022/08/15 05:00:00","DUNWOD","61760","577.3867"
"2022/08/15 06:00:00","DUNWOD","61760","605.8641"
"2022/08/15 07:00:00","DUNWOD","61760","664.8873"
"2022/08/15 08:00:00","DUNWOD","61760","712.409"
"2022/08/15 09:00:00","DUNWOD","61760","736.8225"
"2022/08/15 10:00:00","DUNWOD","61760","769.4051"
"2022/08/15 11:00:00","DUNWOD","61760","796.3765"
"2022/08/15 12:00:00","DUNWOD","61760","823.8878"
"2022/08/15 13:00:00","DUNWOD","61760","854.442"
"2022/08/15 14:00:00","DUNWOD","61760","877.48"
"2022/08/15 15:00:00","DUNWOD","61760","907.1226"
"2022/08/15 16:00:00","DUNWOD","61760","932.0294"
"2022/08/15 17:00:00","DUNWOD","61760","940.2137"
"2022/08/15 18:00:00","DUNWOD","61760","916.5349"
"2022/08/15 19:00:00","DUNWOD","61760","874.1202"
"2022/08/15 20:00:00","DUNWOD","61760","857.0364"
"2022/08/15 21:00:00","DUNWOD","61760","819.4865"
"2022/08/15 22:00:00","DUNWOD","61760","763.5122"
"2022/08/15 23:00:00","DUNWOD","61760","695.9388"
"2022/08/16 00:00:00","DUNWOD","61760","650.2604"
"2022/08/16 01:00:00","DUNWOD","61760","613.021"
"2022/08/16 02:00:00","DUNWOD","61760","584.498"
"2022/08/16 03:00:00","DUNWOD","61760","562.9287"
"2022/08/16 04:00:00","DUNWOD","61760","557.4318"
"2022/08/16 05:00:00","DUNWOD","61760","571.2542"
"2022/08/16 06:00:00","DUNWOD","61760","596.7237"
"2022/08/16 07:00:00","DUNWOD","61760","662.6472"
"2022/08/16 08:00:00","DUNWOD","61760","699.0228"
"2022/08/16 09:00:00","DUNWOD","61760","728.4385"
"2022/08/16 10:00:00","DUNWOD","61760","755.3754"
"2022/08/16 11:00:00","DUNWOD","61760","777.4594"
"2022/08/16 12:00:00","DUNWOD","61760","800.8072"
"2022/08/16 13:00:00","DUNWOD","61760","828.0352"
"2022/08/16 14:00:00","DUNWOD","61760","861.8968"
"2022/08/16 15:00:00","DUNWOD","61760","899.8955"
"2022/08/16 16:00:00","DUNWOD","61760","927.7424"
"2022/08/16 17:00:00","DUNWOD","61760","947.6604"
"2022/08/16 18:00:00","DUNWOD","61760","926.0393"
"2022/08/16 19:00:00","DUNWOD","61760","879.9394"
"2022/08/16 20:00:00","DUNWOD","61760","863.4052"
"2022/08/16 21:00:00","DUNWOD","61760","828.3092"
"2022/08/16 22:00:00","DUNWOD","61760","780.3782"
"2022/08/16 23:00:00","DUNWOD","61760","723.8768"
"2022/08/17 00:00:00","DUNWOD","61760","674.2622"
"2022/08/17 01:00:00","DUNWOD","61760","632.0417"
"2022/08/17 02:00:00","DUNWOD","61760","594.8626"
"2022/08/17 03:00:00","DUNWOD","61760","570.8416"
"2022/08/17 04:00:00","DUNWOD","61760","562.2003"
"2022/08/17 05:00:00","DUNWOD","61760","576.9394"
"2022/08/17 06:00:00","DUNWOD","61760","616.3445"
"2022/08/17 07:00:00","DUNWOD","61760","664.5668"
"2022/08/17 08:00:00","DUNWOD","61760","702.4071"
"2022/08/17 09:00:00","DUNWOD","61760","728.8583"
"2022/08/17 10:00:00","DUNWOD","61760","744.8002"
"2022/08/17 11:00:00","DUNWOD","61760","753.8792"
"2022/08/17 12:00:00","DUNWOD","61760","778.5647"
"2022/08/17 13:00:00","DUNWOD","61760","805.1682"
"2022/08/17 14:00:00","DUNWOD","61760","797.6478"
"2022/08/17 15:00:00","DUNWOD","61760","806.7833"
"2022/08/17 16:00:00","DUNWOD","61760","807.6667"
"2022/08/17 17:00:00","DUNWOD","61760","824.1042"
"2022/08/17 18:00:00","DUNWOD","61760","811.9155"
"2022/08/17 19:00:00","DUNWOD","61760","798.3009"
"2022/08/17 20:00:00","DUNWOD","61760","784.2524"
"2022/08/17 21:00:00","DUNWOD","61760","750.6566"
"2022/08/17 22:00:00","DUNWOD","61760","702.3183"
"2022/08/17 23:00:00","DUNWOD","61760","654.3163"
"2022/08/18 00:00:00","DUNWOD","61760","622.6901"
"2022/08/18 01:00:00","DUNWOD","61760","589.2114"
"2022/08/18 02:00:00","DUNWOD","61760","560.2284"
"2022/08/18 03:00:00","DUNWOD","61760","542.0148"
"2022/08/18 04:00:00","DUNWOD","61760","537.1404"
"2022/08/18 05:00:00","DUNWOD","61760","553.9446"
"2022/08/18 06:00:00","DUNWOD","61760","590.4823"
"2022/08/18 07:00:00","DUNWOD","61760","644.784"
"2022/08/18 08:00:00","DUNWOD","61760","689.5452"
"2022/08/18 09:00:00","DUNWOD","61760","726.1191"
"2022/08/18 10:00:00","DUNWOD","61760","779.9015"
"2022/08/18 11:00:00","DUNWOD","61760","810.7395"
"2022/08/18 12:00:00","DUNWOD","61760","846.7997"
"2022/08/18 13:00:00","DUNWOD","61760","859.3903"
"2022/08/18 14:00:00","DUNWOD","61760","894.0227"
"2022/08/18 15:00:00","DUNWOD","61760","905.7618"
"2022/08/18 16:00:00","DUNWOD","61760","905.0752"
"2022/08/18 17:00:00","DUNWOD","61760","909.4469"
"2022/08/18 18:00:00","DUNWOD","61760","887.5549"
"2022/08/18 19:00:00","DUNWOD","61760","850.869"
"2022/08/18 20:00:00","DUNWOD","61760","823.2135"
"2022/08/18 21:00:00","DUNWOD","61760","787.1031"
"2022/08/18 22:00:00","DUNWOD","61760","738.8391"
"2022/08/18 23:00:00","DUNWOD","61760","685.7214"
"2022/08/19 00:00:00","DUNWOD","61760","644.795"
"2022/08/19 01:00:00","DUNWOD","61760","608.9767"
"2022/08/19 02:00:00","DUNWOD","61760","580.7791"
"2022/08/19 03:00:00","DUNWOD","61760","562.2574"
"2022/08/19 04:00:00","DUNWOD","61760","556.0039"
"2022/08/19 05:00:00","DUNWOD","61760","568.0014"
"2022/08/19 06:00:00","DUNWOD","61760","605.9994"
"2022/08/19 07:00:00","DUNWOD","61760","661.8967"
"2022/08/19 08:00:00","DUNWOD","61760","714.3113"
"2022/08/19 09:00:00","DUNWOD","61760","760.552"
"2022/08/19 10:00:00","DUNWOD","61760","809.9757"
"2022/08/19 11:00:00","DUNWOD","61760","848.9324"
"2022/08/19 12:00:00","DUNWOD","61760","891.6357"
"2022/08/19 13:00:00","DUNWOD","61760","939.935"
"2022/08/19 14:00:00","DUNWOD","61760","985.1238"
"2022/08/19 15:00:00","DUNWOD","61760","1009.9553"
"2022/08/19 16:00:00","DUNWOD","61760","1022.4624"
"2022/08/19 17:00:00","DUNWOD","61760","1025.0895"
"2022/08/19 18:00:00","DUNWOD","61760","972.3113"
"2022/08/19 19:00:00","DUNWOD","61760","913.8933"
"2022/08/19 20:00:00","DUNWOD","61760","889.9952"
"2022/08/19 21:00:00","DUNWOD","61760","868.0959"
"2022/08/19 22:00:00","DUNWOD","61760","828.0298"
"2022/08/19 23:00:00","DUNWOD","61760","781.1864"
"2022/08/20 00:00:00","DUNWOD","61760","731.0932"
"2022/08/20 01:00:00","DUNWOD","61760","695.6947"
"2022/08/20 02:00:00","DUNWOD","61760","662.3728"
"2022/08/20 03:00:00","DUNWOD","61760","642.1791"
"2022/08/20 04:00:00","DUNWOD","61760","623.2153"
"2022/08/20 05:00:00","DUNWOD","61760","621.8504"
"2022/08/20 06:00:00","DUNWOD","61760","626.604"
"2022/08/20 07:00:00","DUNWOD","61760","648.6559"
"2022/08/20 08:00:00","DUNWOD","61760","695.543"
"2022/08/20 09:00:00","DUNWOD","61760","767.9283"
"2022/08/20 10:00:00","DUNWOD","61760","846.3174"
"2022/08/20 11:00:00","DUNWOD","61760","898.3408"
"2022/08/20 12:00:00","DUNWOD","61760","929.9451"
"2022/08/20 13:00:00","DUNWOD","61760","971.3027"
"2022/08/20 14:00:00","DUNWOD","61760","971.2456"
"2022/08/20 15:00:00","DUNWOD","61760","962.4423"
"2022/08/20 16:00:00","DUNWOD","61760","988.2522"
"2022/08/20 17:00:00","DUNWOD","61760","985.559"
"2022/08/20 18:00:00","DUNWOD","61760","944.2478"
"2022/08/20 19:00:00","DUNWOD","61760","916.5183"
"2022/08/20 20:00:00","DUNWOD","61760","903.1255"
"2022/08/20 21:00:00","DUNWOD","61760","875.5909"
"2022/08/20 22:00:00","DUNWOD","61760","829.985"
"2022/08/20 23:00:00","DUNWOD","61760","778.4142"
"2022/08/21 00:00:00","DUNWOD","61760","732.4572"
"2022/08/21 01:00:00","DUNWOD","61760","684.155"
"2022/08/21 02:00:00","DUNWOD","61760","653.1941"
"2022/08/21 03:00:00","DUNWOD","61760","629.8449"
"2022/08/21 04:00:00","DUNWOD","61760","617.9527"
"2022/08/21 05:00:00","DUNWOD","61760","611.4825"
"2022/08/21 06:00:00","DUNWOD","61760","609.4594"
"2022/08/21 07:00:00","DUNWOD","61760","633.8284"
"2022/08/21 08:00:00","DUNWOD","61760","675.4165"
"2022/08/21 09:00:00","DUNWOD","61760","726.9796"
"2022/08/21 10:00:00","DUNWOD","61760","782.3378"
"2022/08/21 11:00:00","DUNWOD","61760","825.0359"
"2022/08/21 12:00:00","DUNWOD","61760","849.6499"
"2022/08/21 13:00:00","DUNWOD","61760","860.6047"
"2022/08/21 14:00:00","DUNWOD","61760","874.0288"
"2022/08/21 15:00:00","DUNWOD","61760","898.2758"
"2022/08/21 16:00:00","DUNWOD","61760","913.3885"
"2022/08/21 17:00:00","DUNWOD","61760","907.6033"
"2022/08/21 18:00:00","DUNWOD","61760","884.6482"
"2022/08/21 19:00:00","DUNWOD","61760","870.6677"
"2022/08/21 20:00:00","DUNWOD","61760","875.9756"
"2022/08/21 21:00:00","DUNWOD","61760","857.9047"
"2022/08/21 22:00:00","DUNWOD","61760","818.4068"
"2022/08/21 23:00:00","DUNWOD","61760","769.2435"
"2022/08/22 00:00:00","DUNWOD","61760","726.8438"
"2022/08/22 01:00:00","DUNWOD","61760","693.881"
"2022/08/22 02:00:00","DUNWOD","61760","668.7636"
"2022/08/22 03:00:00","DUNWOD","61760","653.702"
"2022/08/22 04:00:00","DUNWOD","61760","653.1967"
"2022/08/22 05:00:00","DUNWOD","61760","683.5632"
"2022/08/22 06:00:00","DUNWOD","61760","732.8179"
"2022/08/22 07:00:00","DUNWOD","61760","782.107"
"2022/08/22 08:00:00","DUNWOD","61760","824.2409"
"2022/08/22 09:00:00","DUNWOD","61760","853.3967"
"2022/08/22 10:00:00","DUNWOD","61760","875.463"
"2022/08/22 11:00:00","DUNWOD","61760","883.7135"
"2022/08/22 12:00:00","DUNWOD","61760","892.1498"
"2022/08/22 13:00:00","DUNWOD","61760","876.2241"
"2022/08/22 14:00:00","DUNWOD","61760","874.513"
"2022/08/22 15:00:00","DUNWOD","61760","885.3757"
"2022/08/22 16:00:00","DUNWOD","61760","891.5657"
"2022/08/22 17:00:00","DUNWOD","61760","890.4436"
"2022/08/22 18:00:00","DUNWOD","61760","896.206"
"2022/08/22 19:00:00","DUNWOD","61760","879.1082"
"2022/08/22 20:00:00","DUNWOD","61760","862.0619"
"2022/08/22 21:00:00","DUNWOD","61760","832.1983"
"2022/08/22 22:00:00","DUNWOD","61760","794.0248"
"2022/08/22 23:00:00","DUNWOD","61760","744.3749"
"2022/08/23 00:00:00","DUNWOD","61760","701.5217"
"2022/08/23 01:00:00","DUNWOD","61760","666.3559"
"2022/08/23 02:00:00","DUNWOD","61760","640.0535"
"2022/08/23 03:00:00","DUNWOD","61760","628.6162"
"2022/08/23 04:00:00","DUNWOD","61760","624.6092"
"2022/08/23 05:00:00","DUNWOD","61760","649.5019"
"2022/08/23 06:00:00","DUNWOD","61760","700.3708"
"2022/08/23 07:00:00","DUNWOD","61760","752.7165"
"2022/08/23 08:00:00","DUNWOD","61760","801.2734"
"2022/08/23 09:00:00","DUNWOD","61760","848.1207"
"2022/08/23 10:00:00","DUNWOD","61760","881.2421"
"2022/08/23 11:00:00","DUNWOD","61760","916.6486"
"2022/08/23 12:00:00","DUNWOD","61760","963.6745"
"2022/08/23 13:00:00","DUNWOD","61760","1000.9135"
"2022/08/23 14:00:00","DUNWOD","61760","1013.2627"
"2022/08/23 15:00:00","DUNWOD","61760","1043.4231"
"2022/08/23 16:00:00","DUNWOD","61760","1070.2549"
"2022/08/23 17:00:00","DUNWOD","61760","1080.9959"
"2022/08/23 18:00:00","DUNWOD","61760","1045.6105"
"2022/08/23 19:00:00","DUNWOD","61760","990.5574"
"2022/08/23 20:00:00","DUNWOD","61760","951.4864"
"2022/08/23 21:00:00","DUNWOD","61760","903.1807"
"2022/08/23 22:00:00","DUNWOD","61760","842.5787"
"2022/08/23 23:00:00","DUNWOD","61760","775.5604"
"2022/08/24 00:00:00","DUNWOD","61760","719.6308"
"2022/08/24 01:00:00","DUNWOD","61760","676.4104"
"2022/08/24 02:00:00","DUNWOD","61760","648.2959"
"2022/08/24 03:00:00","DUNWOD","61760","629.6539"
"2022/08/24 04:00:00","DUNWOD","61760","622.978"
"2022/08/24 05:00:00","DUNWOD","61760","640.2971"
"2022/08/24 06:00:00","DUNWOD","61760","683.4766"
"2022/08/24 07:00:00","DUNWOD","61760","746.1846"
"2022/08/24 08:00:00","DUNWOD","61760","794.8707"
"2022/08/24 09:00:00","DUNWOD","61760","834.9779"
"2022/08/24 10:00:00","DUNWOD","61760","877.9329"
"2022/08/24 11:00:00","DUNWOD","61760","913.5484"
"2022/08/24 12:00:00","DUNWOD","61760","950.2989"
"2022/08/24 13:00:00","DUNWOD","61760","990.8456"
"2022/08/24 14:00:00","DUNWOD","61760","1034.6596"
"2022/08/24 15:00:00","DUNWOD","61760","1067.4687"
"2022/08/24 16:00:00","DUNWOD","61760","1074.138"
"2022/08/24 17:00:00","DUNWOD","61760","1089.5593"
"2022/08/24 18:00:00","DUNWOD","61760","1058.6851"
"2022/08/24 19:00:00","DUNWOD","61760","1009.6741"
"2022/08/24 20:00:00","DUNWOD","61760","979.8973"
"2022/08/24 21:00:00","DUNWOD","61760","939.9138"
"2022/08/24 22:00:00","DUNWOD","61760","876.3472"
"2022/08/24 23:00:00","DUNWOD","61760","808.496"
"2022/08/25 00:00:00","DUNWOD","61760","749.2121"
"2022/08/25 01:00:00","DUNWOD","61760","701.9191"
"2022/08/25 02:00:00","DUNWOD","61760","663.3993"
"2022/08/25 03:00:00","DUNWOD","61760","642.1343"
"2022/08/25 04:00:00","DUNWOD","61760","632.8973"
"2022/08/25 05:00:00","DUNWOD","61760","644.2018"
"2022/08/25 06:00:00","DUNWOD","61760","681.6349"
"2022/08/25 07:00:00","DUNWOD","61760","739.8511"
"2022/08/25 08:00:00","DUNWOD","61760","797.1984"
"2022/08/25 09:00:00","DUNWOD","61760","848.1448"
"2022/08/25 10:00:00","DUNWOD","61760","892.4164"
"2022/08/25 11:00:00","DUNWOD","61760","933.844"
"2022/08/25 12:00:00","DUNWOD","61760","974.6622"
"2022/08/25 13:00:00","DUNWOD","61760","1013.8038"
"2022/08/25 14:00:00","DUNWOD","61760","1054.2487"
"2022/08/25 15:00:00","DUNWOD","61760","1092.4408"
"2022/08/25 16:00:00","DUNWOD","61760","1115.3798"
"2022/08/25 17:00:00","DUNWOD","61760","1117.0195"
"2022/08/25 18:00:00","DUNWOD","61760","1068.191"
"2022/08/25 19:00:00","DUNWOD","61760","1013.3611"
"2022/08/25 20:00:00","DUNWOD","61760","983.272"
"2022/08/25 21:00:00","DUNWOD","61760","942.7721"
"2022/08/25 22:00:00","DUNWOD","61760","879.723"
"2022/08/25 23:00:00","DUNWOD","61760","816.2634"
"2022/08/26 00:00:00","DUNWOD","61760","761.5259"
"2022/08/26 01:00:00","DUNWOD","61760","720.1154"
"2022/08/26 02:00:00","DUNWOD","61760","683.3941"
"2022/08/26 03:00:00","DUNWOD","61760","659.7877"
"2022/08/26 04:00:00","DUNWOD","61760","645.5975"
"2022/08/26 05:00:00","DUNWOD","61760","661.1165"
"2022/08/26 06:00:00","DUNWOD","61760","700.6997"
"2022/08/26 07:00:00","DUNWOD","61760","762.4615"
"2022/08/26 08:00:00","DUNWOD","61760","827.7778"
"2022/08/26 09:00:00","DUNWOD","61760","891.5861"
"2022/08/26 10:00:00","DUNWOD","61760","947.8606"
"2022/08/26 11:00:00","DUNWOD","61760","988.2363"
"2022/08/26 12:00:00","DUNWOD","61760","1030.1053"
"2022/08/26 13:00:00","DUNWOD","61760","1054.5076"
"2022/08/26 14:00:00","DUNWOD","61760","1047.8698"
"2022/08/26 15:00:00","DUNWOD","61760","1063.1034"
"2022/08/26 16:00:00","DUNWOD","61760","1067.4039"
"2022/08/26 17:00:00","DUNWOD","61760","1057.6679"
"2022/08/26 18:00:00","DUNWOD","61760","1028.3664"
"2022/08/26 19:00:00","DUNWOD","61760","1004.3538"
"2022/08/26 20:00:00","DUNWOD","61760","975.3944"
"2022/08/26 21:00:00","DUNWOD","61760","936.1296"
"2022/08/26 22:00:00","DUNWOD","61760","886.8876"
"2022/08/26 23:00:00","DUNWOD","61760","826.7068"
"2022/08/27 00:00:00","DUNWOD","61760","781.229"
"2022/08/27 01:00:00","DUNWOD","61760","741.9231"
"2022/08/27 02:00:00","DUNWOD","61760","704.0162"
"2022/08/27 03:00:00","DUNWOD","61760","683.4405"
"2022/08/27 04:00:00","DUNWOD","61760","667.2208"
"2022/08/27 05:00:00","DUNWOD","61760","664.3915"
"2022/08/27 06:00:00","DUNWOD","61760","666.4073"
"2022/08/27 07:00:00","DUNWOD","61760","700.9556"
"2022/08/27 08:00:00","DUNWOD","61760","753.3763"
"2022/08/27 09:00:00","DUNWOD","61760","807.1244"
"2022/08/27 10:00:00","DUNWOD","61760","860.5745"
"2022/08/27 11:00:00","DUNWOD","61760","903.2465"
"2022/08/27 12:00:00","DUNWOD","61760","939.0569"
"2022/08/27 13:00:00","DUNWOD","61760","966.5147"
"2022/08/27 14:00:00","DUNWOD","61760","986.0766"
"2022/08/27 15:00:00","DUNWOD","61760","1001.5745"
"2022/08/27 16:00:00","DUNWOD","61760","1017.9569"
"2022/08/27 17:00:00","DUNWOD","61760","1020.9101"
"2022/08/27 18:00:00","DUNWOD","61760","996.7697"
"2022/08/27 19:00:00","DUNWOD","61760","966.0233"
"2022/08/27 20:00:00","DUNWOD","61760","950.9874"
"2022/08/27 21:00:00","DUNWOD","61760","921.769"
"2022/08/27 22:00:00","DUNWOD","61760","874.5582"
"2022/08/27 23:00:00","DUNWOD","61760","822.2846"
"2022/08/28 00:00:00","DUNWOD","61760","777.5274"
"2022/08/28 01:00:00","DUNWOD","61760","740.7212"
"2022/08/28 02:00:00","DUNWOD","61760","709.1311"
"2022/08/28 03:00:00","DUNWOD","61760","689.9068"
"2022/08/28 04:00:00","DUNWOD","61760","676.3743"
"2022/08/28 05:00:00","DUNWOD","61760","672.2623"
"2022/08/28 06:00:00","DUNWOD","61760","671.6433"
"2022/08/28 07:00:00","DUNWOD","61760","679.7801"
"2022/08/28 08:00:00","DUNWOD","61760","704.7493"
"2022/08/28 09:00:00","DUNWOD","61760","726.8378"
"2022/08/28 10:00:00","DUNWOD","61760","754.1487"
"2022/08/28 11:00:00","DUNWOD","61760","786.7651"
"2022/08/28 12:00:00","DUNWOD","61760","816.9137"
"2022/08/28 13:00:00","DUNWOD","61760","843.797"
"2022/08/28 14:00:00","DUNWOD","61760","861.8276"
"2022/08/28 15:00:00","DUNWOD","61760","878.9269"
"2022/08/28 16:00:00","DUNWOD","61760","905.1376"
"2022/08/28 17:00:00","DUNWOD","61760","915.7423"
"2022/08/28 18:00:00","DUNWOD","61760","896.7446"
"2022/08/28 19:00:00","DUNWOD","61760","880.104"
"2022/08/28 20:00:00","DUNWOD","61760","878.4612"
"2022/08/28 21:00:00","DUNWOD","61760","845.4347"
"2022/08/28 22:00:00","DUNWOD","61760","798.7613"
"2022/08/28 23:00:00","DUNWOD","61760","753.6709"
"2022/08/29 00:00:00","DUNWOD","61760","716.9535"
"2022/08/29 01:00:00","DUNWOD","61760","688.8972"
"2022/08/29 02:00:00","DUNWOD","61760","664.1086"
"2022/08/29 03:00:00","DUNWOD","61760","652.854"
"2022/08/29 04:00:00","DUNWOD","61760","653.7829"
"2022/08/29 05:00:00","DUNWOD","61760","682.727"
"2022/08/29 06:00:00","DUNWOD","61760","735.0722"
"2022/08/29 07:00:00","DUNWOD","61760","788.0127"
"2022/08/29 08:00:00","DUNWOD","61760","839.0326"
"2022/08/29 09:00:00","DUNWOD","61760","880.6465"
"2022/08/29 10:00:00","DUNWOD","61760","925.6767"
"2022/08/29 11:00:00","DUNWOD","61760","973.5727"
"2022/08/29 12:00:00","DUNWOD","61760","1013.5704"
"2022/08/29 13:00:00","DUNWOD","61760","1053.1224"
"2022/08/29 14:00:00","DUNWOD","61760","1098.0858"
"2022/08/29 15:00:00","DUNWOD","61760","1136.139"
"2022/08/29 16:00:00","DUNWOD","61760","1156.594"
"2022/08/29 17:00:00","DUNWOD","61760","1151.2617"
"2022/08/29 18:00:00","DUNWOD","61760","1102.9677"
"2022/08/29 19:00:00","DUNWOD","61760","1042.437"
"2022/08/29 20:00:00","DUNWOD","61760","1010.243"
"2022/08/29 21:00:00","DUNWOD","61760","965.5068"
"2022/08/29 22:00:00","DUNWOD","61760","904.2922"
"2022/08/29 23:00:00","DUNWOD","61760","841.3951"
"2022/08/30 00:00:00","DUNWOD","61760","784.3852"
"2022/08/30 01:00:00","DUNWOD","61760","732.8382"
"2022/08/30 02:00:00","DUNWOD","61760","701.48"
"2022/08/30 03:00:00","DUNWOD","61760","677.8686"
"2022/08/30 04:00:00","DUNWOD","61760","674.073"
"2022/08/30 05:00:00","DUNWOD","61760","706.7362"
"2022/08/30 06:00:00","DUNWOD","61760","768.6063"
"2022/08/30 07:00:00","DUNWOD","61760","826.5525"
"2022/08/30 08:00:00","DUNWOD","61760","874.1989"
"2022/08/30 09:00:00","DUNWOD","61760","923.6507"
"2022/08/30 10:00:00","DUNWOD","61760","972.6987"
"2022/08/30 11:00:00","DUNWOD","61760","1029.7711"
"2022/08/30 12:00:00","DUNWOD","61760","1084.5697"
"2022/08/30 13:00:00","DUNWOD","61760","1135.9373"
"2022/08/30 14:00:00","DUNWOD","61760","1171.7807"
"2022/08/30 15:00:00","DUNWOD","61760","1194.5721"
"2022/08/30 16:00:00","DUNWOD","61760","1197.1171"
"2022/08/30 17:00:00","DUNWOD","61760","1181.0858"
"2022/08/30 18:00:00","DUNWOD","61760","1118.8031"
"2022/08/30 19:00:00","DUNWOD","61760","1080.8516"
"2022/08/30 20:00:00","DUNWOD","61760","1050.0539"
"2022/08/30 21:00:00","DUNWOD","61760","1007.61"
"2022/08/30 22:00:00","DUNWOD","61760","919.9278"
"2022/08/30 23:00:00","DUNWOD","61760","844.6397"
"2022/08/31 00:00:00","DUNWOD","61760","793.485"
"2022/08/31 01:00:00","DUNWOD","61760","748.7068"
"2022/08/31 02:00:00","DUNWOD","61760","714.1596"
"2022/08/31 03:00:00","DUNWOD","61760","688.4218"
"2022/08/31 04:00:00","DUNWOD","61760","677.138"
"2022/08/31 05:00:00","DUNWOD","61760","686.3702"
"2022/08/31 06:00:00","DUNWOD","61760","721.3163"
"2022/08/31 07:00:00","DUNWOD","61760","767.9401"
"2022/08/31 08:00:00","DUNWOD","61760","817.4647"
"2022/08/31 09:00:00","DUNWOD","61760","852.0971"
"2022/08/31 10:00:00","DUNWOD","61760","885.155"
"2022/08/31 11:00:00","DUNWOD","61760","906.7919"
"2022/08/31 12:00:00","DUNWOD","61760","929.1913"
"2022/08/31 13:00:00","DUNWOD","61760","939.6635"
"2022/08/31 14:00:00","DUNWOD","61760","951.9137"
"2022/08/31 15:00:00","DUNWOD","61760","976.8181"
"2022/08/31 16:00:00","DUNWOD","61760","990.8388"
"2022/08/31 17:00:00","DUNWOD","61760","988.3031"
"2022/08/31 18:00:00","DUNWOD","61760","947.8025"
"2022/08/31 19:00:00","DUNWOD","61760","895.4119"
"2022/08/31 20:00:00","DUNWOD","61760","857.6031"
"2022/08/31 21:00:00","DUNWOD","61760","810.8388"
"2022/08/31 22:00:00","DUNWOD","61760","758.1985"
"2022/08/31 23:00:00","DUNWOD","61760","705.35"
"2022/09/01 00:00:00","DUNWOD","61760","662.8585"
"2022/09/01 01:00:00","DUNWOD","61760","625.1079"
"2022/09/01 02:00:00","DUNWOD","61760","592.4541"
"2022/09/01 03:00:00","DUNWOD","61760","575.4966"
"2022/09/01 04:00:00","DUNWOD","61760","570.5257"
"2022/09/01 05:00:00","DUNWOD","61760","587.1051"
"2022/09/01 06:00:00","DUNWOD","61760","632.33"
"2022/09/01 07:00:00","DUNWOD","61760","685.6853"
"2022/09/01 08:00:00","DUNWOD","61760","732.773"
"2022/09/01 09:00:00","DUNWOD","61760","770.8728"
"2022/09/01 10:00:00","DUNWOD","61760","804.6745"
"2022/09/01 11:00:00","DUNWOD","61760","830.3144"
"2022/09/01 12:00:00","DUNWOD","61760","854.6476"
"2022/09/01 13:00:00","DUNWOD","61760","880.3374"
"2022/09/01 14:00:00","DUNWOD","61760","909.426"
"2022/09/01 15:00:00","DUNWOD","61760","940.9138"
"2022/09/01 16:00:00","DUNWOD","61760","962.2153"
"2022/09/01 17:00:00","DUNWOD","61760","963.7437"
"2022/09/01 18:00:00","DUNWOD","61760","926.383"
"2022/09/01 19:00:00","DUNWOD","61760","884.1411"
"2022/09/01 20:00:00","DUNWOD","61760","853.6624"
"2022/09/01 21:00:00","DUNWOD","61760","810.9441"
"2022/09/01 22:00:00","DUNWOD","61760","751.8814"
"2022/09/01 23:00:00","DUNWOD","61760","690.7131"
"2022/09/02 00:00:00","DUNWOD","61760","640.3336"
"2022/09/02 01:00:00","DUNWOD","61760","597.6261"
"2022/09/02 02:00:00","DUNWOD","61760","563.7762"
"2022/09/02 03:00:00","DUNWOD","61760","543.803"
"2022/09/02 04:00:00","DUNWOD","61760","536.9394"
"2022/09/02 05:00:00","DUNWOD","61760","549.2053"
"2022/09/02 06:00:00","DUNWOD","61760","582.7392"
"2022/09/02 07:00:00","DUNWOD","61760","621.9971"
"2022/09/02 08:00:00","DUNWOD","61760","660.3861"
"2022/09/02 09:00:00","DUNWOD","61760","682.858"
"2022/09/02 10:00:00","DUNWOD","61760","705.7668"
"2022/09/02 11:00:00","DUNWOD","61760","718.264"
"2022/09/02 12:00:00","DUNWOD","61760","732.9143"
"2022/09/02 13:00:00","DUNWOD","61760","750.3556"
"2022/09/02 14:00:00","DUNWOD","61760","774.1661"
"2022/09/02 15:00:00","DUNWOD","61760","804.0415"
"2022/09/02 16:00:00","DUNWOD","61760","828.6074"
"2022/09/02 17:00:00","DUNWOD","61760","843.0461"
"2022/09/02 18:00:00","DUNWOD","61760","816.2361"
"2022/09/02 19:00:00","DUNWOD","61760","782.4981"
"2022/09/02 20:00:00","DUNWOD","61760","758.4173"
"2022/09/02 21:00:00","DUNWOD","61760","735.2825"
"2022/09/02 22:00:00","DUNWOD","61760","702.7781"
"2022/09/02 23:00:00","DUNWOD","61760","653.63"
"2022/09/03 00:00:00","DUNWOD","61760","609.3043"
"2022/09/03 01:00:00","DUNWOD","61760","574.0555"
"2022/09/03 02:00:00","DUNWOD","61760","549.0023"
"2022/09/03 03:00:00","DUNWOD","61760","521.2392"
"2022/09/03 04:00:00","DUNWOD","61760","513.8951"
"2022/09/03 05:00:00","DUNWOD","61760","517.1495"
"2022/09/03 06:00:00","DUNWOD","61760","524.7552"
"2022/09/03 07:00:00","DUNWOD","61760","545.5037"
"2022/09/03 08:00:00","DUNWOD","61760","587.6894"
"2022/09/03 09:00:00","DUNWOD","61760","626.4981"
"2022/09/03 10:00:00","DUNWOD","61760","651.0776"
"2022/09/03 11:00:00","DUNWOD","61760","665.5711"
"2022/09/03 12:00:00","DUNWOD","61760","690.489"
"2022/09/03 13:00:00","DUNWOD","61760","716.1296"
"2022/09/03 14:00:00","DUNWOD","61760","745.7049"
"2022/09/03 15:00:00","DUNWOD","61760","764.7507"
"2022/09/03 16:00:00","DUNWOD","61760","767.4831"
"2022/09/03 17:00:00","DUNWOD","61760","781.1026"
"2022/09/03 18:00:00","DUNWOD","61760","764.7298"
"2022/09/03 19:00:00","DUNWOD","61760","754.7318"
"2022/09/03 20:00:00","DUNWOD","61760","747.0844"
"2022/09/03 21:00:00","DUNWOD","61760","728.0569"
"2022/09/03 22:00:00","DUNWOD","61760","697.9738"
"2022/09/03 23:00:00","DUNWOD","61760","659.6309"
"2022/09/04 00:00:00","DUNWOD","61760","628.3769"
"2022/09/04 01:00:00","DUNWOD","61760","601.7534"
"2022/09/04 02:00:00","DUNWOD","61760","578.2691"
"2022/09/04 03:00:00","DUNWOD","61760","564.602"
"2022/09/04 04:00:00","DUNWOD","61760","559.5555"
"2022/09/04 05:00:00","DUNWOD","61760","560.7426"
"2022/09/04 06:00:00","DUNWOD","61760","566.5242"
"2022/09/04 07:00:00","DUNWOD","61760","573.7027"
"2022/09/04 08:00:00","DUNWOD","61760","608.0151"
"2022/09/04 09:00:00","DUNWOD","61760","644.9353"
"2022/09/04 10:00:00","DUNWOD","61760","701.7968"
"2022/09/04 11:00:00","DUNWOD","61760","749.0517"
"2022/09/04 12:00:00","DUNWOD","61760","800.8064"
"2022/09/04 13:00:00","DUNWOD","61760","860.6156"
"2022/09/04 14:00:00","DUNWOD","61760","900.8372"
"2022/09/04 15:00:00","DUNWOD","61760","905.8783"
"2022/09/04 16:00:00","DUNWOD","61760","875.3533"
"2022/09/04 17:00:00","DUNWOD","61760","871.8538"
"2022/09/04 18:00:00","DUNWOD","61760","866.0649"
"2022/09/04 19:00:00","DUNWOD","61760","865.1992"
"2022/09/04 20:00:00","DUNWOD","61760","859.2404"
"2022/09/04 21:00:00","DUNWOD","61760","834.0617"
"2022/09/04 22:00:00","DUNWOD","61760","792.1839"
"2022/09/04 23:00:00","DUNWOD","61760","739.9802"
"2022/09/05 00:00:00","DUNWOD","61760","706.493"
"2022/09/05 01:00:00","DUNWOD","61760","672.0493"
"2022/09/05 02:00:00","DUNWOD","61760","644.0213"
"2022/09/05 03:00:00","DUNWOD","61760","628.7652"
"2022/09/05 04:00:00","DUNWOD","61760","625.3994"
"2022/09/05 05:00:00","DUNWOD","61760","632.0398"
"2022/09/05 06:00:00","DUNWOD","61760","639.8587"
"2022/09/05 07:00:00","DUNWOD","61760","652.831"
"2022/09/05 08:00:00","DUNWOD","61760","677.0139"
"2022/09/05 09:00:00","DUNWOD","61760","718.4999"
"2022/09/05 10:00:00","DUNWOD","61760","769.5595"
"2022/09/05 11:00:00","DUNWOD","61760","820.316"
"2022/09/05 12:00:00","DUNWOD","61760","872.3098"
"2022/09/05 13:00:00","DUNWOD","61760","909.4202"
"2022/09/05 14:00:00","DUNWOD","61760","938.0885"
"2022/09/05 15:00:00","DUNWOD","61760","961.0469"
"2022/09/05 16:00:00","DUNWOD","61760","965.7892"
"2022/09/05 17:00:00","DUNWOD","61760","957.4088"
"2022/09/05 18:00:00","DUNWOD","61760","932.1395"
"2022/09/05 19:00:00","DUNWOD","61760","927.765"
"2022/09/05 20:00:00","DUNWOD","61760","917.8766"
"2022/09/05 21:00:00","DUNWOD","61760","878.115"
"2022/09/05 22:00:00","DUNWOD","61760","823.7454"
"2022/09/05 23:00:00","DUNWOD","61760","762.5128"
"2022/09/06 00:00:00","DUNWOD","61760","713.7687"
"2022/09/06 01:00:00","DUNWOD","61760","680.436"
"2022/09/06 02:00:00","DUNWOD","61760","650.5331"
"2022/09/06 03:00:00","DUNWOD","61760","637.5991"
"2022/09/06 04:00:00","DUNWOD","61760","639.4787"
"2022/09/06 05:00:00","DUNWOD","61760","666.7569"
"2022/09/06 06:00:00","DUNWOD","61760","731.701"
"2022/09/06 07:00:00","DUNWOD","61760","787.5107"
"2022/09/06 08:00:00","DUNWOD","61760","816.5669"
"2022/09/06 09:00:00","DUNWOD","61760","833.434"
"2022/09/06 10:00:00","DUNWOD","61760","826.4189"
"2022/09/06 11:00:00","DUNWOD","61760","825.4137"
"2022/09/06 12:00:00","DUNWOD","61760","830.0935"
"2022/09/06 13:00:00","DUNWOD","61760","820.9978"
"2022/09/06 14:00:00","DUNWOD","61760","806.0539"
"2022/09/06 15:00:00","DUNWOD","61760","795.2531"
"2022/09/06 16:00:00","DUNWOD","61760","789.6132"
"2022/09/06 17:00:00","DUNWOD","61760","790.7431"
"2022/09/06 18:00:00","DUNWOD","61760","788.4683"
"2022/09/06 19:00:00","DUNWOD","61760","786.3068"
"2022/09/06 20:00:00","DUNWOD","61760","765.6524"
"2022/09/06 21:00:00","DUNWOD","61760","727.7988"
"2022/09/06 22:00:00","DUNWOD","61760","680.8368"
"2022/09/06 23:00:00","DUNWOD","61760","625.6332"
"2022/09/07 00:00:00","DUNWOD","61760","583.02"
"2022/09/07 01:00:00","DUNWOD","61760","549.3227"
"2022/09/07 02:00:00","DUNWOD","61760","526.0329"
"2022/09/07 03:00:00","DUNWOD","61760","512.1294"
"2022/09/07 04:00:00","DUNWOD","61760","515.1276"
"2022/09/07 05:00:00","DUNWOD","61760","538.5919"
"2022/09/07 06:00:00","DUNWOD","61760","600.9386"
"2022/09/07 07:00:00","DUNWOD","61760","650.4001"
"2022/09/07 08:00:00","DUNWOD","61760","671.8847"
"2022/09/07 09:00:00","DUNWOD","61760","683.2767"
"2022/09/07 10:00:00","DUNWOD","61760","699.3541"
"2022/09/07 11:00:00","DUNWOD","61760","706.6599"
"2022/09/07 12:00:00","DUNWOD","61760","714.5011"
"2022/09/07 13:00:00","DUNWOD","61760","715.4171"
"2022/09/07 14:00:00","DUNWOD","61760","715.5921"
"2022/09/07 15:00:00","DUNWOD","61760","718.291"
"2022/09/07 16:00:00","DUNWOD","61760","710.1317"
"2022/09/07 17:00:00","DUNWOD","61760","723.0178"
"2022/09/07 18:00:00","DUNWOD","61760","718.3178"
"2022/09/07 19:00:00","DUNWOD","61760","716.9804"
"2022/09/07 20:00:00","DUNWOD","61760","705.6824"
"2022/09/07 21:00:00","DUNWOD","61760","674.9809"
"2022/09/07 22:00:00","DUNWOD","61760","635.8899"
"2022/09/07 23:00:00","DUNWOD","61760","585.5214"
"2022/09/08 00:00:00","DUNWOD","61760","558.6996"
"2022/09/08 01:00:00","DUNWOD","61760","527.4903"
"2022/09/08 02:00:00","DUNWOD","61760","505.2817"
"2022/09/08 03:00:00","DUNWOD","61760","491.4166"
"2022/09/08 04:00:00","DUNWOD","61760","489.7157"
"2022/09/08 05:00:00","DUNWOD","61760","511.8397"
"2022/09/08 06:00:00","DUNWOD","61760","560.7374"
"2022/09/08 07:00:00","DUNWOD","61760","610.2684"
"2022/09/08 08:00:00","DUNWOD","61760","641.5148"
"2022/09/08 09:00:00","DUNWOD","61760","663.8253"
"2022/09/08 10:00:00","DUNWOD","61760","686.7355"
"2022/09/08 11:00:00","DUNWOD","61760","694.0182"
"2022/09/08 12:00:00","DUNWOD","61760","705.4495"
"2022/09/08 13:00:00","DUNWOD","61760","723.1044"
"2022/09/08 14:00:00","DUNWOD","61760","742.5402"
"2022/09/08 15:00:00","DUNWOD","61760","767.6577"
"2022/09/08 16:00:00","DUNWOD","61760","786.8368"
"2022/09/08 17:00:00","DUNWOD","61760","802.4923"
"2022/09/08 18:00:00","DUNWOD","61760","776.6879"
"2022/09/08 19:00:00","DUNWOD","61760","761.2439"
"2022/09/08 20:00:00","DUNWOD","61760","739.9574"
"2022/09/08 21:00:00","DUNWOD","61760","698.1544"
"2022/09/08 22:00:00","DUNWOD","61760","648.06"
"2022/09/08 23:00:00","DUNWOD","61760","592.0629"
"2022/09/09 00:00:00","DUNWOD","61760","548.0019"
"2022/09/09 01:00:00","DUNWOD","61760","519.0032"
"2022/09/09 02:00:00","DUNWOD","61760","497.3824"
"2022/09/09 03:00:00","DUNWOD","61760","483.9767"
"2022/09/09 04:00:00","DUNWOD","61760","480.2946"
"2022/09/09 05:00:00","DUNWOD","61760","498.5419"
"2022/09/09 06:00:00","DUNWOD","61760","538.2884"
"2022/09/09 07:00:00","DUNWOD","61760","587.2617"
"2022/09/09 08:00:00","DUNWOD","61760","621.0796"
"2022/09/09 09:00:00","DUNWOD","61760","644.733"
"2022/09/09 10:00:00","DUNWOD","61760","665.1515"
"2022/09/09 11:00:00","DUNWOD","61760","676.8954"
"2022/09/09 12:00:00","DUNWOD","61760","693.0166"
"2022/09/09 13:00:00","DUNWOD","61760","715.4833"
"2022/09/09 14:00:00","DUNWOD","61760","733.8176"
"2022/09/09 15:00:00","DUNWOD","61760","764.997"
"2022/09/09 16:00:00","DUNWOD","61760","783.4594"
"2022/09/09 17:00:00","DUNWOD","61760","788.5957"
"2022/09/09 18:00:00","DUNWOD","61760","757.669"
"2022/09/09 19:00:00","DUNWOD","61760","733.8932"
"2022/09/09 20:00:00","DUNWOD","61760","706.6786"
"2022/09/09 21:00:00","DUNWOD","61760","672.9441"
"2022/09/09 22:00:00","DUNWOD","61760","634.7844"
"2022/09/09 23:00:00","DUNWOD","61760","593.4603"
"2022/09/10 00:00:00","DUNWOD","61760","553.647"
"2022/09/10 01:00:00","DUNWOD","61760","522.4098"
"2022/09/10 02:00:00","DUNWOD","61760","498.1615"
"2022/09/10 03:00:00","DUNWOD","61760","484.7138"
"2022/09/10 04:00:00","DUNWOD","61760","476.9782"
"2022/09/10 05:00:00","DUNWOD","61760","476.0542"
"2022/09/10 06:00:00","DUNWOD","61760","486.0398"
"2022/09/10 07:00:00","DUNWOD","61760","508.3221"
"2022/09/10 08:00:00","DUNWOD","61760","554.2956"
"2022/09/10 09:00:00","DUNWOD","61760","592.9085"
"2022/09/10 10:00:00","DUNWOD","61760","630.806"
"2022/09/10 11:00:00","DUNWOD","61760","659.7492"
"2022/09/10 12:00:00","DUNWOD","61760","688.8691"
"2022/09/10 13:00:00","DUNWOD","61760","711.4696"
"2022/09/10 14:00:00","DUNWOD","61760","744.7237"
"2022/09/10 15:00:00","DUNWOD","61760","769.233"
"2022/09/10 16:00:00","DUNWOD","61760","794.0711"
"2022/09/10 17:00:00","DUNWOD","61760","798.0831"
"2022/09/10 18:00:00","DUNWOD","61760","774.3696"
"2022/09/10 19:00:00","DUNWOD","61760","756.8238"
"2022/09/10 20:00:00","DUNWOD","61760","736.3402"
"2022/09/10 21:00:00","DUNWOD","61760","708.3954"
"2022/09/10 22:00:00","DUNWOD","61760","675.6998"
"2022/09/10 23:00:00","DUNWOD","61760","639.9243"
"2022/09/11 00:00:00","DUNWOD","61760","600.903"
"2022/09/11 01:00:00","DUNWOD","61760","569.3808"
"2022/09/11 02:00:00","DUNWOD","61760","547.2027"
"2022/09/11 03:00:00","DUNWOD","61760","530.41"
"2022/09/11 04:00:00","DUNWOD","61760","518.647"
"2022/09/11 05:00:00","DUNWOD","61760","518.6389"
"2022/09/11 06:00:00","DUNWOD","61760","524.1284"
"2022/09/11 07:00:00","DUNWOD","61760","533.4183"
"2022/09/11 08:00:00","DUNWOD","61760","567.9416"
"2022/09/11 09:00:00","DUNWOD","61760","603.9139"
"2022/09/11 10:00:00","DUNWOD","61760","629.1565"
"2022/09/11 11:00:00","DUNWOD","61760","649.3523"
"2022/09/11 12:00:00","DUNWOD","61760","667.6929"
"2022/09/11 13:00:00","DUNWOD","61760","684.7152"
"2022/09/11 14:00:00","DUNWOD","61760","695.5765"
"2022/09/11 15:00:00","DUNWOD","61760","684.3784"
"2022/09/11 16:00:00","DUNWOD","61760","687.7132"
"2022/09/11 17:00:00","DUNWOD","61760","694.598"
"2022/09/11 18:00:00","DUNWOD","61760","705.8248"
"2022/09/11 19:00:00","DUNWOD","61760","714.5242"
"2022/09/11 20:00:00","DUNWOD","61760","708.2701"
"2022/09/11 21:00:00","DUNWOD","61760","679.3325"
"2022/09/11 22:00:00","DUNWOD","61760","640.1985"
"2022/09/11 23:00:00","DUNWOD","61760","596.2969"
"2022/09/12 00:00:00","DUNWOD","61760","566.9912"
"2022/09/12 01:00:00","DUNWOD","61760","547.2541"
"2022/09/12 02:00:00","DUNWOD","61760","526.0504"
"2022/09/12 03:00:00","DUNWOD","61760","512.8407"
"2022/09/12 04:00:00","DUNWOD","61760","515.4623"
"2022/09/12 05:00:00","DUNWOD","61760","542.3566"
"2022/09/12 06:00:00","DUNWOD","61760","602.7661"
"2022/09/12 07:00:00","DUNWOD","61760","659.1039"
"2022/09/12 08:00:00","DUNWOD","61760","685.4658"
"2022/09/12 09:00:00","DUNWOD","61760","701.8351"
"2022/09/12 10:00:00","DUNWOD","61760","728.0818"
"2022/09/12 11:00:00","DUNWOD","61760","746.0567"
"2022/09/12 12:00:00","DUNWOD","61760","757.3952"
"2022/09/12 13:00:00","DUNWOD","61760","771.945"
"2022/09/12 14:00:00","DUNWOD","61760","799.6417"
"2022/09/12 15:00:00","DUNWOD","61760","855.1757"
"2022/09/12 16:00:00","DUNWOD","61760","881.9105"
"2022/09/12 17:00:00","DUNWOD","61760","895.8525"
"2022/09/12 18:00:00","DUNWOD","61760","882.3905"
"2022/09/12 19:00:00","DUNWOD","61760","872.874"
"2022/09/12 20:00:00","DUNWOD","61760","843.7024"
"2022/09/12 21:00:00","DUNWOD","61760","803.2683"
"2022/09/12 22:00:00","DUNWOD","61760","753.2975"
"2022/09/12 23:00:00","DUNWOD","61760","700.4187"
"2022/09/13 00:00:00","DUNWOD","61760","657.3936"
"2022/09/13 01:00:00","DUNWOD","61760","622.3274"
"2022/09/13 02:00:00","DUNWOD","61760","598.3575"
"2022/09/13 03:00:00","DUNWOD","61760","585.7937"
"2022/09/13 04:00:00","DUNWOD","61760","578.973"
"2022/09/13 05:00:00","DUNWOD","61760","600.9064"
"2022/09/13 06:00:00","DUNWOD","61760","657.2237"
"2022/09/13 07:00:00","DUNWOD","61760","718.1359"
"2022/09/13 08:00:00","DUNWOD","61760","744.4599"
"2022/09/13 09:00:00","DUNWOD","61760","768.2132"
"2022/09/13 10:00:00","DUNWOD","61760","788.2196"
"2022/09/13 11:00:00","DUNWOD","61760","820.8548"
"2022/09/13 12:00:00","DUNWOD","61760","856.3768"
"2022/09/13 13:00:00","DUNWOD","61760","876.9465"
"2022/09/13 14:00:00","DUNWOD","61760","896.3005"
"2022/09/13 15:00:00","DUNWOD","61760","932.3346"
"2022/09/13 16:00:00","DUNWOD","61760","942.8961"
"2022/09/13 17:00:00","DUNWOD","61760","946.6973"
"2022/09/13 18:00:00","DUNWOD","61760","922.4822"
"2022/09/13 19:00:00","DUNWOD","61760","888.5724"
"2022/09/13 20:00:00","DUNWOD","61760","837.7943"
"2022/09/13 21:00:00","DUNWOD","61760","779.1477"
"2022/09/13 22:00:00","DUNWOD","61760","709.1723"
"2022/09/13 23:00:00","DUNWOD","61760","640.5152"
"2022/09/14 00:00:00","DUNWOD","61760","581.5398"
"2022/09/14 01:00:00","DUNWOD","61760","545.7337"
"2022/09/14 02:00:00","DUNWOD","61760","520.1653"
"2022/09/14 03:00:00","DUNWOD","61760","496.9243"
"2022/09/14 04:00:00","DUNWOD","61760","490.0569"
"2022/09/14 05:00:00","DUNWOD","61760","507.3036"
"2022/09/14 06:00:00","DUNWOD","61760","563.5867"
"2022/09/14 07:00:00","DUNWOD","61760","613.267"
"2022/09/14 08:00:00","DUNWOD","61760","641.8245"
"2022/09/14 09:00:00","DUNWOD","61760","661.0311"
"2022/09/14 10:00:00","DUNWOD","61760","679.2781"
"2022/09/14 11:00:00","DUNWOD","61760","697.7094"
"2022/09/14 12:00:00","DUNWOD","61760","712.196"
"2022/09/14 13:00:00","DUNWOD","61760","741.1646"
"2022/09/14 14:00:00","DUNWOD","61760","771.0925"
"2022/09/14 15:00:00","DUNWOD","61760","802.1605"
"2022/09/14 16:00:00","DUNWOD","61760","830.749"
"2022/09/14 17:00:00","DUNWOD","61760","834.9954"
"2022/09/14 18:00:00","DUNWOD","61760","809.4668"
"2022/09/14 19:00:00","DUNWOD","61760","796.5212"
"2022/09/14 20:00:00","DUNWOD","61760","766.6306"
"2022/09/14 21:00:00","DUNWOD","61760","726.6708"
"2022/09/14 22:00:00","DUNWOD","61760","678.4018"
"2022/09/14 23:00:00","DUNWOD","61760","629.5783"
"2022/09/15 00:00:00","DUNWOD","61760","586.6997"
"2022/09/15 01:00:00","DUNWOD","61760","555.0931"
"2022/09/15 02:00:00","DUNWOD","61760","530.4979"
"2022/09/15 03:00:00","DUNWOD","61760","512.121"
"2022/09/15 04:00:00","DUNWOD","61760","503.4477"
"2022/09/15 05:00:00","DUNWOD","61760","521.9475"
"2022/09/15 06:00:00","DUNWOD","61760","562.5567"
"2022/09/15 07:00:00","DUNWOD","61760","600.5895"
"2022/09/15 08:00:00","DUNWOD","61760","619.9784"
"2022/09/15 09:00:00","DUNWOD","61760","632.7022"
"2022/09/15 10:00:00","DUNWOD","61760","637.1878"
"2022/09/15 11:00:00","DUNWOD","61760","640.6519"
"2022/09/15 12:00:00","DUNWOD","61760","639.8707"
"2022/09/15 13:00:00","DUNWOD","61760","649.8271"
"2022/09/15 14:00:00","DUNWOD","61760","660.2383"
"2022/09/15 15:00:00","DUNWOD","61760","684.4676"
"2022/09/15 16:00:00","DUNWOD","61760","705.5087"
"2022/09/15 17:00:00","DUNWOD","61760","722.5487"
"2022/09/15 18:00:00","DUNWOD","61760","709.5474"
"2022/09/15 19:00:00","DUNWOD","61760","697.1485"
"2022/09/15 20:00:00","DUNWOD","61760","669.2413"
"2022/09/15 21:00:00","DUNWOD","61760","625.619"
"2022/09/15 22:00:00","DUNWOD","61760","583.1585"
"2022/09/15 23:00:00","DUNWOD","61760","531.2577"
"2022/09/16 00:00:00","DUNWOD","61760","494.7802"
"2022/09/16 01:00:00","DUNWOD","61760","464.8046"
"2022/09/16 02:00:00","DUNWOD","61760","446.6289"
"2022/09/16 03:00:00","DUNWOD","61760","437.6316"
"2022/09/16 04:00:00","DUNWOD","61760","440.1368"
"2022/09/16 05:00:00","DUNWOD","61760","466.0953"
"2022/09/16 06:00:00","DUNWOD","61760","511.9428"
"2022/09/16 07:00:00","DUNWOD","61760","550.9399"
"2022/09/16 08:00:00","DUNWOD","61760","572.8894"
"2022/09/16 09:00:00","DUNWOD","61760","584.3203"
"2022/09/16 10:00:00","DUNWOD","61760","591.9641"
"2022/09/16 11:00:00","DUNWOD","61760","600.3319"
"2022/09/16 12:00:00","DUNWOD","61760","604.9486"
"2022/09/16 13:00:00","DUNWOD","61760","616.3878"
"2022/09/16 14:00:00","DUNWOD","61760","630.9078"
"2022/09/16 15:00:00","DUNWOD","61760","652.5417"
"2022/09/16 16:00:00","DUNWOD","61760","670.3888"
"2022/09/16 17:00:00","DUNWOD","61760","680.8823"
"2022/09/16 18:00:00","DUNWOD","61760","673.3435"
"2022/09/16 19:00:00","DUNWOD","61760","662.591"
"2022/09/16 20:00:00","DUNWOD","61760","642.615"
"2022/09/16 21:00:00","DUNWOD","61760","611.7952"
"2022/09/16 22:00:00","DUNWOD","61760","576.5128"
"2022/09/16 23:00:00","DUNWOD","61760","547.4959"
"2022/09/17 00:00:00","DUNWOD","61760","522.7423"
"2022/09/17 01:00:00","DUNWOD","61760","495.2697"
"2022/09/17 02:00:00","DUNWOD","61760","476.62"
"2022/09/17 03:00:00","DUNWOD","61760","465.1231"
"2022/09/17 04:00:00","DUNWOD","61760","456.4156"
"2022/09/17 05:00:00","DUNWOD","61760","468.8644"
"2022/09/17 06:00:00","DUNWOD","61760","462.1738"
"2022/09/17 07:00:00","DUNWOD","61760","482.5285"
"2022/09/17 08:00:00","DUNWOD","61760","511.1865"
"2022/09/17 09:00:00","DUNWOD","61760","531.2572"
"2022/09/17 10:00:00","DUNWOD","61760","549.2889"
"2022/09/17 11:00:00","DUNWOD","61760","555.1628"
"2022/09/17 12:00:00","DUNWOD","61760","552.8412"
"2022/09/17 13:00:00","DUNWOD","61760","564.7718"
"2022/09/17 14:00:00","DUNWOD","61760","586.323"
"2022/09/17 15:00:00","DUNWOD","61760","601.3621"
"2022/09/17 16:00:00","DUNWOD","61760","619.3454"
"2022/09/17 17:00:00","DUNWOD","61760","625.295"
"2022/09/17 18:00:00","DUNWOD","61760","623.3102"
"2022/09/17 19:00:00","DUNWOD","61760","630.6554"
"2022/09/17 20:00:00","DUNWOD","61760","623.2354"
"2022/09/17 21:00:00","DUNWOD","61760","605.3957"
"2022/09/17 22:00:00","DUNWOD","61760","579.7932"
"2022/09/17 23:00:00","DUNWOD","61760","551.2051"
"2022/09/18 00:00:00","DUNWOD","61760","523.1533"
"2022/09/18 01:00:00","DUNWOD","61760","500.6625"
"2022/09/18 02:00:00","DUNWOD","61760","479.0567"
"2022/09/18 03:00:00","DUNWOD","61760","464.361"
"2022/09/18 04:00:00","DUNWOD","61760","458.6467"
"2022/09/18 05:00:00","DUNWOD","61760","460.2095"
"2022/09/18 06:00:00","DUNWOD","61760","470.7193"
"2022/09/18 07:00:00","DUNWOD","61760","484.0379"
"2022/09/18 08:00:00","DUNWOD","61760","517.8102"
"2022/09/18 09:00:00","DUNWOD","61760","545.3444"
"2022/09/18 10:00:00","DUNWOD","61760","565.9031"
"2022/09/18 11:00:00","DUNWOD","61760","589.081"
"2022/09/18 12:00:00","DUNWOD","61760","623.7761"
"2022/09/18 13:00:00","DUNWOD","61760","662.519"
"2022/09/18 14:00:00","DUNWOD","61760","705.4797"
"2022/09/18 15:00:00","DUNWOD","61760","742.6125"
"2022/09/18 16:00:00","DUNWOD","61760","776.8477"
"2022/09/18 17:00:00","DUNWOD","61760","780.2828"
"2022/09/18 18:00:00","DUNWOD","61760","774.0785"
"2022/09/18 19:00:00","DUNWOD","61760","803.3575"
"2022/09/18 20:00:00","DUNWOD","61760","794.7778"
"2022/09/18 21:00:00","DUNWOD","61760","762.7621"
"2022/09/18 22:00:00","DUNWOD","61760","720.2454"
"2022/09/18 23:00:00","DUNWOD","61760","668.4009"
"2022/09/19 00:00:00","DUNWOD","61760","628.6644"
"2022/09/19 01:00:00","DUNWOD","61760","591.4214"
"2022/09/19 02:00:00","DUNWOD","61760","565.9763"
"2022/09/19 03:00:00","DUNWOD","61760","549.0085"
"2022/09/19 04:00:00","DUNWOD","61760","546.2681"
"2022/09/19 05:00:00","DUNWOD","61760","567.1417"
"2022/09/19 06:00:00","DUNWOD","61760","632.3296"
"2022/09/19 07:00:00","DUNWOD","61760","689.1916"
"2022/09/19 08:00:00","DUNWOD","61760","718.0657"
"2022/09/19 09:00:00","DUNWOD","61760","750.2948"
"2022/09/19 10:00:00","DUNWOD","61760","787.2477"
"2022/09/19 11:00:00","DUNWOD","61760","823.2136"
"2022/09/19 12:00:00","DUNWOD","61760","864.2205"
"2022/09/19 13:00:00","DUNWOD","61760","894.6233"
"2022/09/19 14:00:00","DUNWOD","61760","902.9738"
"2022/09/19 15:00:00","DUNWOD","61760","909.7711"
"2022/09/19 16:00:00","DUNWOD","61760","922.6588"
"2022/09/19 17:00:00","DUNWOD","61760","897.129"
"2022/09/19 18:00:00","DUNWOD","61760","844.6113"
"2022/09/19 19:00:00","DUNWOD","61760","833.2137"
"2022/09/19 20:00:00","DUNWOD","61760","801.9633"
"2022/09/19 21:00:00","DUNWOD","61760","752.5868"
"2022/09/19 22:00:00","DUNWOD","61760","693.9441"
"2022/09/19 23:00:00","DUNWOD","61760","636.2582"
"2022/09/20 00:00:00","DUNWOD","61760","593.431"
"2022/09/20 01:00:00","DUNWOD","61760","567.4831"
"2022/09/20 02:00:00","DUNWOD","61760","545.6356"
"2022/09/20 03:00:00","DUNWOD","61760","531.3036"
"2022/09/20 04:00:00","DUNWOD","61760","527.056"
"2022/09/20 05:00:00","DUNWOD","61760","553.3536"
"2022/09/20 06:00:00","DUNWOD","61760","609.0335"
"2022/09/20 07:00:00","DUNWOD","61760","660.0082"
"2022/09/20 08:00:00","DUNWOD","61760","691.5246"
"2022/09/20 09:00:00","DUNWOD","61760","719.8726"
"2022/09/20 10:00:00","DUNWOD","61760","730.7751"
"2022/09/20 11:00:00","DUNWOD","61760","737.0968"
"2022/09/20 12:00:00","DUNWOD","61760","753.0836"
"2022/09/20 13:00:00","DUNWOD","61760","778.399"
"2022/09/20 14:00:00","DUNWOD","61760","792.2167"
"2022/09/20 15:00:00","DUNWOD","61760","808.3"
"2022/09/20 16:00:00","DUNWOD","61760","823.9209"
"2022/09/20 17:00:00","DUNWOD","61760","816.4872"
"2022/09/20 18:00:00","DUNWOD","61760","800.2449"
"2022/09/20 19:00:00","DUNWOD","61760","797.7384"
"2022/09/20 20:00:00","DUNWOD","61760","764.9864"
"2022/09/20 21:00:00","DUNWOD","61760","724.0493"
"2022/09/20 22:00:00","DUNWOD","61760","672.2899"
"2022/09/20 23:00:00","DUNWOD","61760","614.2213"
"2022/09/21 00:00:00","DUNWOD","61760","566.0319"
"2022/09/21 01:00:00","DUNWOD","61760","536.8526"
"2022/09/21 02:00:00","DUNWOD","61760","511.3094"
"2022/09/21 03:00:00","DUNWOD","61760","498.4742"
"2022/09/21 04:00:00","DUNWOD","61760","493.4624"
"2022/09/21 05:00:00","DUNWOD","61760","511.7984"
"2022/09/21 06:00:00","DUNWOD","61760","564.5365"
"2022/09/21 07:00:00","DUNWOD","61760","607.9993"
"2022/09/21 08:00:00","DUNWOD","61760","646.0701"
"2022/09/21 09:00:00","DUNWOD","61760","671.0754"
"2022/09/21 10:00:00","DUNWOD","61760","686.6731"
"2022/09/21 11:00:00","DUNWOD","61760","696.6888"
"2022/09/21 12:00:00","DUNWOD","61760","714.8402"
"2022/09/21 13:00:00","DUNWOD","61760","740.7314"
"2022/09/21 14:00:00","DUNWOD","61760","772.0154"
"2022/09/21 15:00:00","DUNWOD","61760","809.8393"
"2022/09/21 16:00:00","DUNWOD","61760","842.5198"
"2022/09/21 17:00:00","DUNWOD","61760","841.836"
"2022/09/21 18:00:00","DUNWOD","61760","811.5645"
"2022/09/21 19:00:00","DUNWOD","61760","808.1558"
"2022/09/21 20:00:00","DUNWOD","61760","783.4296"
"2022/09/21 21:00:00","DUNWOD","61760","746.3446"
"2022/09/21 22:00:00","DUNWOD","61760","698.3798"
"2022/09/21 23:00:00","DUNWOD","61760","629.3982"
"2022/09/22 00:00:00","DUNWOD","61760","587.3203"
"2022/09/22 01:00:00","DUNWOD","61760","559.0995"
"2022/09/22 02:00:00","DUNWOD","61760","539.476"
"2022/09/22 03:00:00","DUNWOD","61760","529.7524"
"2022/09/22 04:00:00","DUNWOD","61760","521.1598"
"2022/09/22 05:00:00","DUNWOD","61760","557.7595"
"2022/09/22 06:00:00","DUNWOD","61760","624.0762"
"2022/09/22 07:00:00","DUNWOD","61760","684.9539"
"2022/09/22 08:00:00","DUNWOD","61760","703.3936"
"2022/09/22 09:00:00","DUNWOD","61760","727.7195"
"2022/09/22 10:00:00","DUNWOD","61760","745.4252"
"2022/09/22 11:00:00","DUNWOD","61760","771.6582"
"2022/09/22 12:00:00","DUNWOD","61760","749.9451"
"2022/09/22 13:00:00","DUNWOD","61760","712.497"
"2022/09/22 14:00:00","DUNWOD","61760","680.8089"
"2022/09/22 15:00:00","DUNWOD","61760","662.8152"
"2022/09/22 16:00:00","DUNWOD","61760","692.4756"
"2022/09/22 17:00:00","DUNWOD","61760","706.9143"
"2022/09/22 18:00:00","DUNWOD","61760","684.6041"
"2022/09/22 19:00:00","DUNWOD","61760","675.4498"
"2022/09/22 20:00:00","DUNWOD","61760","642.1253"
"2022/09/22 21:00:00","DUNWOD","61760","604.1897"
"2022/09/22 22:00:00","DUNWOD","61760","556.6191"
"2022/09/22 23:00:00","DUNWOD","61760","508.9401"
"2022/09/23 00:00:00","DUNWOD","61760","479.4311"
"2022/09/23 01:00:00","DUNWOD","61760","457.6072"
"2022/09/23 02:00:00","DUNWOD","61760","440.1943"
"2022/09/23 03:00:00","DUNWOD","61760","429.5306"
"2022/09/23 04:00:00","DUNWOD","61760","430.2295"
"2022/09/23 05:00:00","DUNWOD","61760","451.1312"
"2022/09/23 06:00:00","DUNWOD","61760","503.0878"
"2022/09/23 07:00:00","DUNWOD","61760","545.9816"
"2022/09/23 08:00:00","DUNWOD","61760","567.1181"
"2022/09/23 09:00:00","DUNWOD","61760","567.2178"
"2022/09/23 10:00:00","DUNWOD","61760","563.3285"
"2022/09/23 11:00:00","DUNWOD","61760","557.45"
"2022/09/23 12:00:00","DUNWOD","61760","552.2226"
"2022/09/23 13:00:00","DUNWOD","61760","554.9099"
"2022/09/23 14:00:00","DUNWOD","61760","557.9"
"2022/09/23 15:00:00","DUNWOD","61760","570.658"
"2022/09/23 16:00:00","DUNWOD","61760","583.7943"
"2022/09/23 17:00:00","DUNWOD","61760","595.9718"
"2022/09/23 18:00:00","DUNWOD","61760","597.8526"
"2022/09/23 19:00:00","DUNWOD","61760","604.1769"
"2022/09/23 20:00:00","DUNWOD","61760","584.7136"
"2022/09/23 21:00:00","DUNWOD","61760","557.0157"
"2022/09/23 22:00:00","DUNWOD","61760","515.2476"
"2022/09/23 23:00:00","DUNWOD","61760","488.054"
"2022/09/24 00:00:00","DUNWOD","61760","462.6668"
"2022/09/24 01:00:00","DUNWOD","61760","446.5434"
"2022/09/24 02:00:00","DUNWOD","61760","434.8466"
"2022/09/24 03:00:00","DUNWOD","61760","424.0289"
"2022/09/24 04:00:00","DUNWOD","61760","420.0302"
"2022/09/24 05:00:00","DUNWOD","61760","430.1947"
"2022/09/24 06:00:00","DUNWOD","61760","449.0379"
"2022/09/24 07:00:00","DUNWOD","61760","465.9467"
"2022/09/24 08:00:00","DUNWOD","61760","489.8639"
"2022/09/24 09:00:00","DUNWOD","61760","509.4037"
"2022/09/24 10:00:00","DUNWOD","61760","516.0611"
"2022/09/24 11:00:00","DUNWOD","61760","508.7767"
"2022/09/24 12:00:00","DUNWOD","61760","511.1467"
"2022/09/24 13:00:00","DUNWOD","61760","510.2783"
"2022/09/24 14:00:00","DUNWOD","61760","511.5177"
"2022/09/24 15:00:00","DUNWOD","61760","521.9979"
"2022/09/24 16:00:00","DUNWOD","61760","539.4335"
"2022/09/24 17:00:00","DUNWOD","61760","562.4551"
"2022/09/24 18:00:00","DUNWOD","61760","573.4819"
"2022/09/24 19:00:00","DUNWOD","61760","585.2703"
"2022/09/24 20:00:00","DUNWOD","61760","577.0875"
"2022/09/24 21:00:00","DUNWOD","61760","554.5955"
"2022/09/24 22:00:00","DUNWOD","61760","525.17"
"2022/09/24 23:00:00","DUNWOD","61760","496.4554"
"2022/09/25 00:00:00","DUNWOD","61760","468.1767"
"2022/09/25 01:00:00","DUNWOD","61760","447.437"
"2022/09/25 02:00:00","DUNWOD","61760","434.3871"
"2022/09/25 03:00:00","DUNWOD","61760","423.8801"
"2022/09/25 04:00:00","DUNWOD","61760","420.3244"
"2022/09/25 05:00:00","DUNWOD","61760","426.4058"
"2022/09/25 06:00:00","DUNWOD","61760","437.8298"
"2022/09/25 07:00:00","DUNWOD","61760","458.7751"
"2022/09/25 08:00:00","DUNWOD","61760","481.3016"
"2022/09/25 09:00:00","DUNWOD","61760","505.3204"
"2022/09/25 10:00:00","DUNWOD","61760","524.9975"
"2022/09/25 11:00:00","DUNWOD","61760","535.1741"
"2022/09/25 12:00:00","DUNWOD","61760","553.3395"
"2022/09/25 13:00:00","DUNWOD","61760","552.427"
"2022/09/25 14:00:00","DUNWOD","61760","554.5665"
"2022/09/25 15:00:00","DUNWOD","61760","567.2044"
"2022/09/25 16:00:00","DUNWOD","61760","584.7157"
"2022/09/25 17:00:00","DUNWOD","61760","598.1025"
"2022/09/25 18:00:00","DUNWOD","61760","600.9496"
"2022/09/25 19:00:00","DUNWOD","61760","614.2306"
"2022/09/25 20:00:00","DUNWOD","61760","603.2108"
"2022/09/25 21:00:00","DUNWOD","61760","579.6456"
"2022/09/25 22:00:00","DUNWOD","61760","546.8376"
"2022/09/25 23:00:00","DUNWOD","61760","510.2895"
"2022/09/26 00:00:00","DUNWOD","61760","487.0705"
"2022/09/26 01:00:00","DUNWOD","61760","463.9449"
"2022/09/26 02:00:00","DUNWOD","61760","452.271"
"2022/09/26 03:00:00","DUNWOD","61760","442.0352"
"2022/09/26 04:00:00","DUNWOD","61760","444.1486"
"2022/09/26 05:00:00","DUNWOD","61760","468.467"
"2022/09/26 06:00:00","DUNWOD","61760","513.2837"
"2022/09/26 07:00:00","DUNWOD","61760","557.5385"
"2022/09/26 08:00:00","DUNWOD","61760","580.8996"
"2022/09/26 09:00:00","DUNWOD","61760","599.2272"
"2022/09/26 10:00:00","DUNWOD","61760","607.8475"
"2022/09/26 11:00:00","DUNWOD","61760","621.0247"
"2022/09/26 12:00:00","DUNWOD","61760","620.1216"
"2022/09/26 13:00:00","DUNWOD","61760","640.0178"
"2022/09/26 14:00:00","DUNWOD","61760","643.6972"
"2022/09/26 15:00:00","DUNWOD","61760","652.9635"
"2022/09/26 16:00:00","DUNWOD","61760","676.0966"
"2022/09/26 17:00:00","DUNWOD","61760","680.6332"
"2022/09/26 18:00:00","DUNWOD","61760","677.0927"
"2022/09/26 19:00:00","DUNWOD","61760","677.6964"
"2022/09/26 20:00:00","DUNWOD","61760","649.02"
"2022/09/26 21:00:00","DUNWOD","61760","616.6751"
"2022/09/26 22:00:00","DUNWOD","61760","572.2311"
"2022/09/26 23:00:00","DUNWOD","61760","527.3665"
"2022/09/27 00:00:00","DUNWOD","61760","496.7932"
"2022/09/27 01:00:00","DUNWOD","61760","476.9436"
"2022/09/27 02:00:00","DUNWOD","61760","456.8103"
"2022/09/27 03:00:00","DUNWOD","61760","445.1017"
"2022/09/27 04:00:00","DUNWOD","61760","445.5489"
"2022/09/27 05:00:00","DUNWOD","61760","461.9809"
"2022/09/27 06:00:00","DUNWOD","61760","511.4125"
"2022/09/27 07:00:00","DUNWOD","61760","553.4223"
"2022/09/27 08:00:00","DUNWOD","61760","575.5719"
"2022/09/27 09:00:00","DUNWOD","61760","589.0321"
"2022/09/27 10:00:00","DUNWOD","61760","594.554"
"2022/09/27 11:00:00","DUNWOD","61760","600.9302"
"2022/09/27 12:00:00","DUNWOD","61760","605.3672"
"2022/09/27 13:00:00","DUNWOD","61760","621.8641"
"2022/09/27 14:00:00","DUNWOD","61760","636.2599"
"2022/09/27 15:00:00","DUNWOD","61760","641.0713"
"2022/09/27 16:00:00","DUNWOD","61760","642.7"
"2022/09/27 17:00:00","DUNWOD","61760","652.8829"
"2022/09/27 18:00:00","DUNWOD","61760","654.9877"
"2022/09/27 19:00:00","DUNWOD","61760","656.7583"
"2022/09/27 20:00:00","DUNWOD","61760","625.7033"
"2022/09/27 21:00:00","DUNWOD","61760","592.2118"
"2022/09/27 22:00:00","DUNWOD","61760","546.5008"
"2022/09/27 23:00:00","DUNWOD","61760","503.875"
"2022/09/28 00:00:00","DUNWOD","61760","474.1018"
"2022/09/28 01:00:00","DUNWOD","61760","458.3315"
"2022/09/28 02:00:00","DUNWOD","61760","451.7577"
"2022/09/28 03:00:00","DUNWOD","61760","444.4413"
"2022/09/28 04:00:00","DUNWOD","61760","447.6625"
"2022/09/28 05:00:00","DUNWOD","61760","470.9509"
"2022/09/28 06:00:00","DUNWOD","61760","515.628"
"2022/09/28 07:00:00","DUNWOD","61760","559.4438"
"2022/09/28 08:00:00","DUNWOD","61760","578.7491"
"2022/09/28 09:00:00","DUNWOD","61760","581.169"
"2022/09/28 10:00:00","DUNWOD","61760","584.0499"
"2022/09/28 11:00:00","DUNWOD","61760","586.5769"
"2022/09/28 12:00:00","DUNWOD","61760","588.8562"
"2022/09/28 13:00:00","DUNWOD","61760","605.0461"
"2022/09/28 14:00:00","DUNWOD","61760","609.5365"
"2022/09/28 15:00:00","DUNWOD","61760","626.9572"
"2022/09/28 16:00:00","DUNWOD","61760","641.1258"
"2022/09/28 17:00:00","DUNWOD","61760","654.1753"
"2022/09/28 18:00:00","DUNWOD","61760","656.54"
"2022/09/28 19:00:00","DUNWOD","61760","667.1636"
"2022/09/28 20:00:00","DUNWOD","61760","636.7559"
"2022/09/28 21:00:00","DUNWOD","61760","603.5136"
"2022/09/28 22:00:00","DUNWOD","61760","559.9252"
"2022/09/28 23:00:00","DUNWOD","61760","506.2112"
"2022/09/29 00:00:00","DUNWOD","61760","474.9605"
"2022/09/29 01:00:00","DUNWOD","61760","456.7666"
"2022/09/29 02:00:00","DUNWOD","61760","459.3514"
"2022/09/29 03:00:00","DUNWOD","61760","452.0725"
"2022/09/29 04:00:00","DUNWOD","61760","455.56"
"2022/09/29 05:00:00","DUNWOD","61760","470.5672"
"2022/09/29 06:00:00","DUNWOD","61760","530.8781"
"2022/09/29 07:00:00","DUNWOD","61760","565.654"
"2022/09/29 08:00:00","DUNWOD","61760","578.6926"
"2022/09/29 09:00:00","DUNWOD","61760","584.3644"
"2022/09/29 10:00:00","DUNWOD","61760","586.8507"
"2022/09/29 11:00:00","DUNWOD","61760","585.0856"
"2022/09/29 12:00:00","DUNWOD","61760","581.8157"
"2022/09/29 13:00:00","DUNWOD","61760","587.1111"
"2022/09/29 14:00:00","DUNWOD","61760","595.2231"
"2022/09/29 15:00:00","DUNWOD","61760","611.6762"
"2022/09/29 16:00:00","DUNWOD","61760","625.2221"
"2022/09/29 17:00:00","DUNWOD","61760","635.0248"
"2022/09/29 18:00:00","DUNWOD","61760","640.1376"
"2022/09/29 19:00:00","DUNWOD","61760","643.785"
"2022/09/29 20:00:00","DUNWOD","61760","621.7732"
"2022/09/29 21:00:00","DUNWOD","61760","587.1344"
"2022/09/29 22:00:00","DUNWOD","61760","543.1126"
"2022/09/29 23:00:00","DUNWOD","61760","502.3496"
"2022/09/30 00:00:00","DUNWOD","61760","469.6435"
"2022/09/30 01:00:00","DUNWOD","61760","459.6331"
"2022/09/30 02:00:00","DUNWOD","61760","449.86"
"2022/09/30 03:00:00","DUNWOD","61760","442.1411"
"2022/09/30 04:00:00","DUNWOD","61760","445.6164"
"2022/09/30 05:00:00","DUNWOD","61760","469.0282"
"2022/09/30 06:00:00","DUNWOD","61760","528.1732"
"2022/09/30 07:00:00","DUNWOD","61760","573.5115"
"2022/09/30 08:00:00","DUNWOD","61760","578.4419"
"2022/09/30 09:00:00","DUNWOD","61760","595.9082"
"2022/09/30 10:00:00","DUNWOD","61760","596.8431"
"2022/09/30 11:00:00","DUNWOD","61760","593.1078"
"2022/09/30 12:00:00","DUNWOD","61760","589.7292"
"2022/09/30 13:00:00","DUNWOD","61760","586.8385"
"2022/09/30 14:00:00","DUNWOD","61760","594.7556"
"2022/09/30 15:00:00","DUNWOD","61760","597.5627"
"2022/09/30 16:00:00","DUNWOD","61760","606.6016"
"2022/09/30 17:00:00","DUNWOD","61760","617.7787"
"2022/09/30 18:00:00","DUNWOD","61760","631.1804"
"2022/09/30 19:00:00","DUNWOD","61760","628.7323"
"2022/09/30 20:00:00","DUNWOD","61760","603.2164"
"2022/09/30 21:00:00","DUNWOD","61760","575.8472"
"2022/09/30 22:00:00","DUNWOD","61760","538.1325"
"2022/09/30 23:00:00","DUNWOD","61760","503.8805"
"2022/10/01 00:00:00","DUNWOD","61760","470.5158"
"2022/10/01 01:00:00","DUNWOD","61760","454.8148"
"2022/10/01 02:00:00","DUNWOD","61760","437.3548"
"2022/10/01 03:00:00","DUNWOD","61760","429.4852"
"2022/10/01 04:00:00","DUNWOD","61760","432.5036"
"2022/10/01 05:00:00","DUNWOD","61760","443.8953"
"2022/10/01 06:00:00","DUNWOD","61760","467.7021"
"2022/10/01 07:00:00","DUNWOD","61760","494.4667"
"2022/10/01 08:00:00","DUNWOD","61760","527.9943"
"2022/10/01 09:00:00","DUNWOD","61760","550.9326"
"2022/10/01 10:00:00","DUNWOD","61760","568.0695"
"2022/10/01 11:00:00","DUNWOD","61760","588.3459"
"2022/10/01 12:00:00","DUNWOD","61760","585.4363"
"2022/10/01 13:00:00","DUNWOD","61760","589.1127"
"2022/10/01 14:00:00","DUNWOD","61760","591.3887"
"2022/10/01 15:00:00","DUNWOD","61760","582.764"
"2022/10/01 16:00:00","DUNWOD","61760","583.703"
"2022/10/01 17:00:00","DUNWOD","61760","596.0256"
"2022/10/01 18:00:00","DUNWOD","61760","603.5515"
"2022/10/01 19:00:00","DUNWOD","61760","606.0081"
"2022/10/01 20:00:00","DUNWOD","61760","587.4864"
"2022/10/01 21:00:00","DUNWOD","61760","568.2718"
"2022/10/01 22:00:00","DUNWOD","61760","540.212"
"2022/10/01 23:00:00","DUNWOD","61760","508.5398"
"2022/10/02 00:00:00","DUNWOD","61760","477.6618"
"2022/10/02 01:00:00","DUNWOD","61760","454.5014"
"2022/10/02 02:00:00","DUNWOD","61760","439.7042"
"2022/10/02 03:00:00","DUNWOD","61760","431.7311"
"2022/10/02 04:00:00","DUNWOD","61760","432.0708"
"2022/10/02 05:00:00","DUNWOD","61760","436.9916"
"2022/10/02 06:00:00","DUNWOD","61760","453.8473"
"2022/10/02 07:00:00","DUNWOD","61760","471.311"
"2022/10/02 08:00:00","DUNWOD","61760","500.3155"
"2022/10/02 09:00:00","DUNWOD","61760","516.8323"
"2022/10/02 10:00:00","DUNWOD","61760","540.4452"
"2022/10/02 11:00:00","DUNWOD","61760","559.3422"
"2022/10/02 12:00:00","DUNWOD","61760","558.8485"
"2022/10/02 13:00:00","DUNWOD","61760","558.1277"
"2022/10/02 14:00:00","DUNWOD","61760","563.6532"
"2022/10/02 15:00:00","DUNWOD","61760","556.7639"
"2022/10/02 16:00:00","DUNWOD","61760","561.5712"
"2022/10/02 17:00:00","DUNWOD","61760","574.6517"
"2022/10/02 18:00:00","DUNWOD","61760","598.2371"
"2022/10/02 19:00:00","DUNWOD","61760","605.9664"
"2022/10/02 20:00:00","DUNWOD","61760","591.5653"
"2022/10/02 21:00:00","DUNWOD","61760","565.9897"
"2022/10/02 22:00:00","DUNWOD","61760","532.5539"
"2022/10/02 23:00:00","DUNWOD","61760","492.2573"
"2022/10/03 00:00:00","DUNWOD","61760","464.6173"
"2022/10/03 01:00:00","DUNWOD","61760","447.9701"
"2022/10/03 02:00:00","DUNWOD","61760","439.0223"
"2022/10/03 03:00:00","DUNWOD","61760","432.1081"
"2022/10/03 04:00:00","DUNWOD","61760","438.951"
"2022/10/03 05:00:00","DUNWOD","61760","467.9469"
"2022/10/03 06:00:00","DUNWOD","61760","528.8663"
"2022/10/03 07:00:00","DUNWOD","61760","586.0022"
"2022/10/03 08:00:00","DUNWOD","61760","610.4339"
"2022/10/03 09:00:00","DUNWOD","61760","632.704"
"2022/10/03 10:00:00","DUNWOD","61760","637.1595"
"2022/10/03 11:00:00","DUNWOD","61760","643.5707"
"2022/10/03 12:00:00","DUNWOD","61760","647.1042"
"2022/10/03 13:00:00","DUNWOD","61760","648.4082"
"2022/10/03 14:00:00","DUNWOD","61760","638.7265"
"2022/10/03 15:00:00","DUNWOD","61760","639.8518"
"2022/10/03 16:00:00","DUNWOD","61760","649.2786"
"2022/10/03 17:00:00","DUNWOD","61760","662.067"
"2022/10/03 18:00:00","DUNWOD","61760","680.7602"
"2022/10/03 19:00:00","DUNWOD","61760","672.5869"
"2022/10/03 20:00:00","DUNWOD","61760","647.3422"
"2022/10/03 21:00:00","DUNWOD","61760","612.6605"
"2022/10/03 22:00:00","DUNWOD","61760","566.7572"
"2022/10/03 23:00:00","DUNWOD","61760","519.2215"
"2022/10/04 00:00:00","DUNWOD","61760","486.9877"
"2022/10/04 01:00:00","DUNWOD","61760","467.9654"
"2022/10/04 02:00:00","DUNWOD","61760","457.5903"
"2022/10/04 03:00:00","DUNWOD","61760","452.8592"
"2022/10/04 04:00:00","DUNWOD","61760","457.1018"
"2022/10/04 05:00:00","DUNWOD","61760","484.8264"
"2022/10/04 06:00:00","DUNWOD","61760","552.4135"
"2022/10/04 07:00:00","DUNWOD","61760","602.3786"
"2022/10/04 08:00:00","DUNWOD","61760","631.0915"
"2022/10/04 09:00:00","DUNWOD","61760","649.72"
"2022/10/04 10:00:00","DUNWOD","61760","654.7659"
"2022/10/04 11:00:00","DUNWOD","61760","664.6441"
"2022/10/04 12:00:00","DUNWOD","61760","672.3819"
"2022/10/04 13:00:00","DUNWOD","61760","664.4787"
"2022/10/04 14:00:00","DUNWOD","61760","662.237"
"2022/10/04 15:00:00","DUNWOD","61760","660.7781"
"2022/10/04 16:00:00","DUNWOD","61760","665.5359"
"2022/10/04 17:00:00","DUNWOD","61760","675.4605"
"2022/10/04 18:00:00","DUNWOD","61760","681.951"
"2022/10/04 19:00:00","DUNWOD","61760","663.6471"
"2022/10/04 20:00:00","DUNWOD","61760","637.7473"
"2022/10/04 21:00:00","DUNWOD","61760","606.2151"
"2022/10/04 22:00:00","DUNWOD","61760","562.4539"
"2022/10/04 23:00:00","DUNWOD","61760","518.014"
"2022/10/05 00:00:00","DUNWOD","61760","491.4127"
"2022/10/05 01:00:00","DUNWOD","61760","473.1335"
"2022/10/05 02:00:00","DUNWOD","61760","457.1375"
"2022/10/05 03:00:00","DUNWOD","61760","450.7783"
"2022/10/05 04:00:00","DUNWOD","61760","451.8454"
"2022/10/05 05:00:00","DUNWOD","61760","473.3928"
"2022/10/05 06:00:00","DUNWOD","61760","520.9945"
"2022/10/05 07:00:00","DUNWOD","61760","564.3869"
"2022/10/05 08:00:00","DUNWOD","61760","598.601"
"2022/10/05 09:00:00","DUNWOD","61760","624.3266"
"2022/10/05 10:00:00","DUNWOD","61760","636.6086"
"2022/10/05 11:00:00","DUNWOD","61760","635.5427"
"2022/10/05 12:00:00","DUNWOD","61760","630.0618"
"2022/10/05 13:00:00","DUNWOD","61760","626.4346"
"2022/10/05 14:00:00","DUNWOD","61760","634.2352"
"2022/10/05 15:00:00","DUNWOD","61760","631.8688"
"2022/10/05 16:00:00","DUNWOD","61760","635.5858"
"2022/10/05 17:00:00","DUNWOD","61760","639.4071"
"2022/10/05 18:00:00","DUNWOD","61760","650.031"
"2022/10/05 19:00:00","DUNWOD","61760","647.2149"
"2022/10/05 20:00:00","DUNWOD","61760","623.7806"
"2022/10/05 21:00:00","DUNWOD","61760","593.2761"
"2022/10/05 22:00:00","DUNWOD","61760","552.3775"
"2022/10/05 23:00:00","DUNWOD","61760","507.1315"
"2022/10/06 00:00:00","DUNWOD","61760","478.8643"
"2022/10/06 01:00:00","DUNWOD","61760","457.2762"
"2022/10/06 02:00:00","DUNWOD","61760","444.6026"
"2022/10/06 03:00:00","DUNWOD","61760","439.033"
"2022/10/06 04:00:00","DUNWOD","61760","440.796"
"2022/10/06 05:00:00","DUNWOD","61760","467.0494"
"2022/10/06 06:00:00","DUNWOD","61760","529.764"
"2022/10/06 07:00:00","DUNWOD","61760","568.9686"
"2022/10/06 08:00:00","DUNWOD","61760","582.9456"
"2022/10/06 09:00:00","DUNWOD","61760","578.0738"
"2022/10/06 10:00:00","DUNWOD","61760","579.2499"
"2022/10/06 11:00:00","DUNWOD","61760","580.4767"
"2022/10/06 12:00:00","DUNWOD","61760","579.4779"
"2022/10/06 13:00:00","DUNWOD","61760","585.3124"
"2022/10/06 14:00:00","DUNWOD","61760","594.2073"
"2022/10/06 15:00:00","DUNWOD","61760","613.4132"
"2022/10/06 16:00:00","DUNWOD","61760","629.3014"
"2022/10/06 17:00:00","DUNWOD","61760","639.2443"
"2022/10/06 18:00:00","DUNWOD","61760","644.7552"
"2022/10/06 19:00:00","DUNWOD","61760","642.7561"
"2022/10/06 20:00:00","DUNWOD","61760","618.1991"
"2022/10/06 21:00:00","DUNWOD","61760","590.6423"
"2022/10/06 22:00:00","DUNWOD","61760","547.1721"
"2022/10/06 23:00:00","DUNWOD","61760","500.7254"
"2022/10/07 00:00:00","DUNWOD","61760","472.9826"
"2022/10/07 01:00:00","DUNWOD","61760","450.5323"
"2022/10/07 02:00:00","DUNWOD","61760","436.3976"
"2022/10/07 03:00:00","DUNWOD","61760","430.4795"
"2022/10/07 04:00:00","DUNWOD","61760","432.9163"
"2022/10/07 05:00:00","DUNWOD","61760","458.6004"
"2022/10/07 06:00:00","DUNWOD","61760","522.4136"
"2022/10/07 07:00:00","DUNWOD","61760","570.2156"
"2022/10/07 08:00:00","DUNWOD","61760","587.1042"
"2022/10/07 09:00:00","DUNWOD","61760","597.7104"
"2022/10/07 10:00:00","DUNWOD","61760","606.5831"
"2022/10/07 11:00:00","DUNWOD","61760","607.603"
"2022/10/07 12:00:00","DUNWOD","61760","608.408"
"2022/10/07 13:00:00","DUNWOD","61760","614.8071"
"2022/10/07 14:00:00","DUNWOD","61760","628.8739"
"2022/10/07 15:00:00","DUNWOD","61760","642.0489"
"2022/10/07 16:00:00","DUNWOD","61760","648.1668"
"2022/10/07 17:00:00","DUNWOD","61760","650.5328"
"2022/10/07 18:00:00","DUNWOD","61760","655.3711"
"2022/10/07 19:00:00","DUNWOD","61760","646.2822"
"2022/10/07 20:00:00","DUNWOD","61760","619.6562"
"2022/10/07 21:00:00","DUNWOD","61760","591.092"
"2022/10/07 22:00:00","DUNWOD","61760","552.0495"
"2022/10/07 23:00:00","DUNWOD","61760","513.6717"
"2022/10/08 00:00:00","DUNWOD","61760","488.8465"
"2022/10/08 01:00:00","DUNWOD","61760","462.4514"
"2022/10/08 02:00:00","DUNWOD","61760","440.188"
"2022/10/08 03:00:00","DUNWOD","61760","429.8334"
"2022/10/08 04:00:00","DUNWOD","61760","426.8593"
"2022/10/08 05:00:00","DUNWOD","61760","439.2189"
"2022/10/08 06:00:00","DUNWOD","61760","462.9124"
"2022/10/08 07:00:00","DUNWOD","61760","477.5769"
"2022/10/08 08:00:00","DUNWOD","61760","500.385"
"2022/10/08 09:00:00","DUNWOD","61760","518.9922"
"2022/10/08 10:00:00","DUNWOD","61760","536.9031"
"2022/10/08 11:00:00","DUNWOD","61760","539.2249"
"2022/10/08 12:00:00","DUNWOD","61760","529.9601"
"2022/10/08 13:00:00","DUNWOD","61760","520.5356"
"2022/10/08 14:00:00","DUNWOD","61760","513.9911"
"2022/10/08 15:00:00","DUNWOD","61760","521.2872"
"2022/10/08 16:00:00","DUNWOD","61760","534.9349"
"2022/10/08 17:00:00","DUNWOD","61760","555.1861"
"2022/10/08 18:00:00","DUNWOD","61760","560.2897"
"2022/10/08 19:00:00","DUNWOD","61760","576.0931"
"2022/10/08 20:00:00","DUNWOD","61760","577.9947"
"2022/10/08 21:00:00","DUNWOD","61760","569.0967"
"2022/10/08 22:00:00","DUNWOD","61760","549.087"
"2022/10/08 23:00:00","DUNWOD","61760","518.9319"
"2022/10/09 00:00:00","DUNWOD","61760","491.3348"
"2022/10/09 01:00:00","DUNWOD","61760","473.6179"
"2022/10/09 02:00:00","DUNWOD","61760","452.3159"
"2022/10/09 03:00:00","DUNWOD","61760","444.5233"
"2022/10/09 04:00:00","DUNWOD","61760","443.0477"
"2022/10/09 05:00:00","DUNWOD","61760","454.8815"
"2022/10/09 06:00:00","DUNWOD","61760","471.6239"
"2022/10/09 07:00:00","DUNWOD","61760","490.3767"
"2022/10/09 08:00:00","DUNWOD","61760","503.2234"
"2022/10/09 09:00:00","DUNWOD","61760","510.561"
"2022/10/09 10:00:00","DUNWOD","61760","515.5503"
"2022/10/09 11:00:00","DUNWOD","61760","507.9453"
"2022/10/09 12:00:00","DUNWOD","61760","505.987"
"2022/10/09 13:00:00","DUNWOD","61760","503.3892"
"2022/10/09 14:00:00","DUNWOD","61760","506.8706"
"2022/10/09 15:00:00","DUNWOD","61760","514.9449"
"2022/10/09 16:00:00","DUNWOD","61760","531.9342"
"2022/10/09 17:00:00","DUNWOD","61760","552.6675"
"2022/10/09 18:00:00","DUNWOD","61760","573.0067"
"2022/10/09 19:00:00","DUNWOD","61760","581.6832"
"2022/10/09 20:00:00","DUNWOD","61760","583.3834"
"2022/10/09 21:00:00","DUNWOD","61760","566.5338"
"2022/10/09 22:00:00","DUNWOD","61760","537.7298"
"2022/10/09 23:00:00","DUNWOD","61760","504.616"
"2022/10/10 00:00:00","DUNWOD","61760","475.3821"
"2022/10/10 01:00:00","DUNWOD","61760","457.9521"
"2022/10/10 02:00:00","DUNWOD","61760","444.2846"
"2022/10/10 03:00:00","DUNWOD","61760","437.806"
"2022/10/10 04:00:00","DUNWOD","61760","442.0867"
"2022/10/10 05:00:00","DUNWOD","61760","464.6074"
"2022/10/10 06:00:00","DUNWOD","61760","503.8353"
"2022/10/10 07:00:00","DUNWOD","61760","525.6103"
"2022/10/10 08:00:00","DUNWOD","61760","547.0013"
"2022/10/10 09:00:00","DUNWOD","61760","558.0983"
"2022/10/10 10:00:00","DUNWOD","61760","562.4686"
"2022/10/10 11:00:00","DUNWOD","61760","556.9712"
"2022/10/10 12:00:00","DUNWOD","61760","564.9344"
"2022/10/10 13:00:00","DUNWOD","61760","561.5136"
"2022/10/10 14:00:00","DUNWOD","61760","566.8799"
"2022/10/10 15:00:00","DUNWOD","61760","581.2278"
"2022/10/10 16:00:00","DUNWOD","61760","594.6369"
"2022/10/10 17:00:00","DUNWOD","61760","600.7336"
"2022/10/10 18:00:00","DUNWOD","61760","623.0643"
"2022/10/10 19:00:00","DUNWOD","61760","619.1251"
"2022/10/10 20:00:00","DUNWOD","61760","596.3253"
"2022/10/10 21:00:00","DUNWOD","61760","567.7745"
"2022/10/10 22:00:00","DUNWOD","61760","531.6496"
"2022/10/10 23:00:00","DUNWOD","61760","495.4511"
"2022/10/11 00:00:00","DUNWOD","61760","465.8722"
"2022/10/11 01:00:00","DUNWOD","61760","448.7206"
"2022/10/11 02:00:00","DUNWOD","61760","437.952"
"2022/10/11 03:00:00","DUNWOD","61760","430.9749"
"2022/10/11 04:00:00","DUNWOD","61760","436.9674"
"2022/10/11 05:00:00","DUNWOD","61760","466.9518"
"2022/10/11 06:00:00","DUNWOD","61760","526.2973"
"2022/10/11 07:00:00","DUNWOD","61760","570.3171"
"2022/10/11 08:00:00","DUNWOD","61760","579.0936"
"2022/10/11 09:00:00","DUNWOD","61760","584.7771"
"2022/10/11 10:00:00","DUNWOD","61760","586.1803"
"2022/10/11 11:00:00","DUNWOD","61760","583.1523"
"2022/10/11 12:00:00","DUNWOD","61760","576.4195"
"2022/10/11 13:00:00","DUNWOD","61760","580.4658"
"2022/10/11 14:00:00","DUNWOD","61760","585.3833"
"2022/10/11 15:00:00","DUNWOD","61760","600.5602"
"2022/10/11 16:00:00","DUNWOD","61760","620.0694"
"2022/10/11 17:00:00","DUNWOD","61760","622.2972"
"2022/10/11 18:00:00","DUNWOD","61760","633.2313"
"2022/10/11 19:00:00","DUNWOD","61760","631.2014"
"2022/10/11 20:00:00","DUNWOD","61760","607.5974"
"2022/10/11 21:00:00","DUNWOD","61760","580.9065"
"2022/10/11 22:00:00","DUNWOD","61760","538.6092"
"2022/10/11 23:00:00","DUNWOD","61760","496.1057"
"2022/10/12 00:00:00","DUNWOD","61760","466.1104"
"2022/10/12 01:00:00","DUNWOD","61760","446.4636"
"2022/10/12 02:00:00","DUNWOD","61760","429.5303"
"2022/10/12 03:00:00","DUNWOD","61760","427.3463"
"2022/10/12 04:00:00","DUNWOD","61760","432.8161"
"2022/10/12 05:00:00","DUNWOD","61760","456.3745"
"2022/10/12 06:00:00","DUNWOD","61760","514.1862"
"2022/10/12 07:00:00","DUNWOD","61760","563.1862"
"2022/10/12 08:00:00","DUNWOD","61760","569.9407"
"2022/10/12 09:00:00","DUNWOD","61760","586.5481"
"2022/10/12 10:00:00","DUNWOD","61760","587.1145"
"2022/10/12 11:00:00","DUNWOD","61760","576.5293"
"2022/10/12 12:00:00","DUNWOD","61760","575.1818"
"2022/10/12 13:00:00","DUNWOD","61760","584.2724"
"2022/10/12 14:00:00","DUNWOD","61760","592.158"
"2022/10/12 15:00:00","DUNWOD","61760","603.6944"
"2022/10/12 16:00:00","DUNWOD","61760","615.7432"
"2022/10/12 17:00:00","DUNWOD","61760","621.2668"
"2022/10/12 18:00:00","DUNWOD","61760","634.8748"
"2022/10/12 19:00:00","DUNWOD","61760","624.2402"
"2022/10/12 20:00:00","DUNWOD","61760","605.0451"
"2022/10/12 21:00:00","DUNWOD","61760","578.527"
"2022/10/12 22:00:00","DUNWOD","61760","539.429"
"2022/10/12 23:00:00","DUNWOD","61760","496.4856"
"2022/10/13 00:00:00","DUNWOD","61760","468.5847"
"2022/10/13 01:00:00","DUNWOD","61760","450.4698"
"2022/10/13 02:00:00","DUNWOD","61760","437.2208"
"2022/10/13 03:00:00","DUNWOD","61760","431.3888"
"2022/10/13 04:00:00","DUNWOD","61760","437.1196"
"2022/10/13 05:00:00","DUNWOD","61760","463.1465"
"2022/10/13 06:00:00","DUNWOD","61760","529.2851"
"2022/10/13 07:00:00","DUNWOD","61760","583.0797"
"2022/10/13 08:00:00","DUNWOD","61760","602.355"
"2022/10/13 09:00:00","DUNWOD","61760","619.7555"
"2022/10/13 10:00:00","DUNWOD","61760","635.5739"
"2022/10/13 11:00:00","DUNWOD","61760","642.6979"
"2022/10/13 12:00:00","DUNWOD","61760","645.6825"
"2022/10/13 13:00:00","DUNWOD","61760","643.4367"
"2022/10/13 14:00:00","DUNWOD","61760","638.2767"
"2022/10/13 15:00:00","DUNWOD","61760","647.9929"
"2022/10/13 16:00:00","DUNWOD","61760","649.0243"
"2022/10/13 17:00:00","DUNWOD","61760","660.8289"
"2022/10/13 18:00:00","DUNWOD","61760","677.5969"
"2022/10/13 19:00:00","DUNWOD","61760","662.6066"
"2022/10/13 20:00:00","DUNWOD","61760","634.4762"
"2022/10/13 21:00:00","DUNWOD","61760","601.969"
"2022/10/13 22:00:00","DUNWOD","61760","558.1765"
"2022/10/13 23:00:00","DUNWOD","61760","505.4661"
"2022/10/14 00:00:00","DUNWOD","61760","472.8302"
"2022/10/14 01:00:00","DUNWOD","61760","449.8818"
"2022/10/14 02:00:00","DUNWOD","61760","436.7607"
"2022/10/14 03:00:00","DUNWOD","61760","427.82"
"2022/10/14 04:00:00","DUNWOD","61760","432.4653"
"2022/10/14 05:00:00","DUNWOD","61760","458.8945"
"2022/10/14 06:00:00","DUNWOD","61760","517.0797"
"2022/10/14 07:00:00","DUNWOD","61760","565.2718"
"2022/10/14 08:00:00","DUNWOD","61760","585.6973"
"2022/10/14 09:00:00","DUNWOD","61760","587.8538"
"2022/10/14 10:00:00","DUNWOD","61760","599.0853"
"2022/10/14 11:00:00","DUNWOD","61760","592.1822"
"2022/10/14 12:00:00","DUNWOD","61760","570.4902"
"2022/10/14 13:00:00","DUNWOD","61760","575.3506"
"2022/10/14 14:00:00","DUNWOD","61760","584.9642"
"2022/10/14 15:00:00","DUNWOD","61760","597.2233"
"2022/10/14 16:00:00","DUNWOD","61760","609.4633"
"2022/10/14 17:00:00","DUNWOD","61760","620.1979"
"2022/10/14 18:00:00","DUNWOD","61760","626.127"
"2022/10/14 19:00:00","DUNWOD","61760","621.9216"
"2022/10/14 20:00:00","DUNWOD","61760","599.0705"
"2022/10/14 21:00:00","DUNWOD","61760","575.9421"
"2022/10/14 22:00:00","DUNWOD","61760","542.1627"
"2022/10/14 23:00:00","DUNWOD","61760","507.8613"
"2022/10/15 00:00:00","DUNWOD","61760","477.9144"
"2022/10/15 01:00:00","DUNWOD","61760","455.9128"
"2022/10/15 02:00:00","DUNWOD","61760","441.7416"
"2022/10/15 03:00:00","DUNWOD","61760","434.8448"
"2022/10/15 04:00:00","DUNWOD","61760","435.7661"
"2022/10/15 05:00:00","DUNWOD","61760","444.11"
"2022/10/15 06:00:00","DUNWOD","61760","469.6555"
"2022/10/15 07:00:00","DUNWOD","61760","491.6131"
"2022/10/15 08:00:00","DUNWOD","61760","512.9327"
"2022/10/15 09:00:00","DUNWOD","61760","521.4634"
"2022/10/15 10:00:00","DUNWOD","61760","535.8096"
"2022/10/15 11:00:00","DUNWOD","61760","534.7677"
"2022/10/15 12:00:00","DUNWOD","61760","534.4691"
"2022/10/15 13:00:00","DUNWOD","61760","527.182"
"2022/10/15 14:00:00","DUNWOD","61760","528.8779"
"2022/10/15 15:00:00","DUNWOD","61760","538.0905"
"2022/10/15 16:00:00","DUNWOD","61760","547.1339"
"2022/10/15 17:00:00","DUNWOD","61760","561.9912"
"2022/10/15 18:00:00","DUNWOD","61760","582.5392"
"2022/10/15 19:00:00","DUNWOD","61760","590.4371"
"2022/10/15 20:00:00","DUNWOD","61760","577.5167"
"2022/10/15 21:00:00","DUNWOD","61760","559.1291"
"2022/10/15 22:00:00","DUNWOD","61760","535.8279"
"2022/10/15 23:00:00","DUNWOD","61760","503.0668"
"2022/10/16 00:00:00","DUNWOD","61760","474.7093"
"2022/10/16 01:00:00","DUNWOD","61760","455.314"
"2022/10/16 02:00:00","DUNWOD","61760","437.7613"
"2022/10/16 03:00:00","DUNWOD","61760","426.7675"
"2022/10/16 04:00:00","DUNWOD","61760","424.6072"
"2022/10/16 05:00:00","DUNWOD","61760","431.1941"
"2022/10/16 06:00:00","DUNWOD","61760","449.3455"
"2022/10/16 07:00:00","DUNWOD","61760","463.1213"
"2022/10/16 08:00:00","DUNWOD","61760","483.9373"
"2022/10/16 09:00:00","DUNWOD","61760","492.4227"
"2022/10/16 10:00:00","DUNWOD","61760","517.0569"
"2022/10/16 11:00:00","DUNWOD","61760","509.0831"
"2022/10/16 12:00:00","DUNWOD","61760","511.1674"
"2022/10/16 13:00:00","DUNWOD","61760","533.4516"
"2022/10/16 14:00:00","DUNWOD","61760","529.9816"
"2022/10/16 15:00:00","DUNWOD","61760","523.9701"
"2022/10/16 16:00:00","DUNWOD","61760","535.5901"
"2022/10/16 17:00:00","DUNWOD","61760","553.454"
"2022/10/16 18:00:00","DUNWOD","61760","571.3994"
"2022/10/16 19:00:00","DUNWOD","61760","574.6467"
"2022/10/16 20:00:00","DUNWOD","61760","569.882"
"2022/10/16 21:00:00","DUNWOD","61760","554.7559"
"2022/10/16 22:00:00","DUNWOD","61760","514.9839"
"2022/10/16 23:00:00","DUNWOD","61760","479.7434"
"2022/10/17 00:00:00","DUNWOD","61760","458.6975"
"2022/10/17 01:00:00","DUNWOD","61760","440.3727"
"2022/10/17 02:00:00","DUNWOD","61760","426.6415"
"2022/10/17 03:00:00","DUNWOD","61760","420.1774"
"2022/10/17 04:00:00","DUNWOD","61760","424.7618"
"2022/10/17 05:00:00","DUNWOD","61760","447.1221"
"2022/10/17 06:00:00","DUNWOD","61760","509.6636"
"2022/10/17 07:00:00","DUNWOD","61760","571.2529"
"2022/10/17 08:00:00","DUNWOD","61760","590.0069"
"2022/10/17 09:00:00","DUNWOD","61760","603.4053"
"2022/10/17 10:00:00","DUNWOD","61760","599.4424"
"2022/10/17 11:00:00","DUNWOD","61760","598.289"
"2022/10/17 12:00:00","DUNWOD","61760","606.3379"
"2022/10/17 13:00:00","DUNWOD","61760","597.8173"
"2022/10/17 14:00:00","DUNWOD","61760","589.6323"
"2022/10/17 15:00:00","DUNWOD","61760","595.294"
"2022/10/17 16:00:00","DUNWOD","61760","609.0652"
"2022/10/17 17:00:00","DUNWOD","61760","621.3096"
"2022/10/17 18:00:00","DUNWOD","61760","641.5143"
"2022/10/17 19:00:00","DUNWOD","61760","627.1707"
"2022/10/17 20:00:00","DUNWOD","61760","601.2481"
"2022/10/17 21:00:00","DUNWOD","61760","570.7838"
"2022/10/17 22:00:00","DUNWOD","61760","532.0774"
"2022/10/17 23:00:00","DUNWOD","61760","489.0219"
"2022/10/18 00:00:00","DUNWOD","61760","459.2709"
"2022/10/18 01:00:00","DUNWOD","61760","440.9905"
"2022/10/18 02:00:00","DUNWOD","61760","432.3054"
"2022/10/18 03:00:00","DUNWOD","61760","434.17"
"2022/10/18 04:00:00","DUNWOD","61760","438.2923"
"2022/10/18 05:00:00","DUNWOD","61760","465.8754"
"2022/10/18 06:00:00","DUNWOD","61760","524.8277"
"2022/10/18 07:00:00","DUNWOD","61760","574.1324"
"2022/10/18 08:00:00","DUNWOD","61760","582.1464"
"2022/10/18 09:00:00","DUNWOD","61760","576.4288"
"2022/10/18 10:00:00","DUNWOD","61760","576.6068"
"2022/10/18 11:00:00","DUNWOD","61760","582.593"
"2022/10/18 12:00:00","DUNWOD","61760","579.3339"
"2022/10/18 13:00:00","DUNWOD","61760","567.1573"
"2022/10/18 14:00:00","DUNWOD","61760","562.8605"
"2022/10/18 15:00:00","DUNWOD","61760","572.7918"
"2022/10/18 16:00:00","DUNWOD","61760","588.0264"
"2022/10/18 17:00:00","DUNWOD","61760","604.8168"
"2022/10/18 18:00:00","DUNWOD","61760","632.5061"
"2022/10/18 19:00:00","DUNWOD","61760","635.6301"
"2022/10/18 20:00:00","DUNWOD","61760","614.2427"
"2022/10/18 21:00:00","DUNWOD","61760","587.2597"
"2022/10/18 22:00:00","DUNWOD","61760","543.4691"
"2022/10/18 23:00:00","DUNWOD","61760","497.3992"
"2022/10/19 00:00:00","DUNWOD","61760","482.002"
"2022/10/19 01:00:00","DUNWOD","61760","469.3891"
"2022/10/19 02:00:00","DUNWOD","61760","455.7671"
"2022/10/19 03:00:00","DUNWOD","61760","449.9773"
"2022/10/19 04:00:00","DUNWOD","61760","456.0035"
"2022/10/19 05:00:00","DUNWOD","61760","485.7981"
"2022/10/19 06:00:00","DUNWOD","61760","553.2777"
"2022/10/19 07:00:00","DUNWOD","61760","604.4671"
"2022/10/19 08:00:00","DUNWOD","61760","608.9214"
"2022/10/19 09:00:00","DUNWOD","61760","604.4679"
"2022/10/19 10:00:00","DUNWOD","61760","596.4256"
"2022/10/19 11:00:00","DUNWOD","61760","598.3125"
"2022/10/19 12:00:00","DUNWOD","61760","586.7796"
"2022/10/19 13:00:00","DUNWOD","61760","588.3783"
"2022/10/19 14:00:00","DUNWOD","61760","587.7965"
"2022/10/19 15:00:00","DUNWOD","61760","607.2769"
"2022/10/19 16:00:00","DUNWOD","61760","626.2491"
"2022/10/19 17:00:00","DUNWOD","61760","645.2166"
"2022/10/19 18:00:00","DUNWOD","61760","667.4121"
"2022/10/19 19:00:00","DUNWOD","61760","667.0803"
"2022/10/19 20:00:00","DUNWOD","61760","642.9965"
"2022/10/19 21:00:00","DUNWOD","61760","613.4389"
"2022/10/19 22:00:00","DUNWOD","61760","572.6008"
"2022/10/19 23:00:00","DUNWOD","61760","531.0838"
"2022/10/20 00:00:00","DUNWOD","61760","500.6552"
"2022/10/20 01:00:00","DUNWOD","61760","482.5138"
"2022/10/20 02:00:00","DUNWOD","61760","469.2842"
"2022/10/20 03:00:00","DUNWOD","61760","462.0473"
"2022/10/20 04:00:00","DUNWOD","61760","469.0275"
"2022/10/20 05:00:00","DUNWOD","61760","496.0396"
"2022/10/20 06:00:00","DUNWOD","61760","555.8729"
"2022/10/20 07:00:00","DUNWOD","61760","609.8239"
"2022/10/20 08:00:00","DUNWOD","61760","615.9993"
"2022/10/20 09:00:00","DUNWOD","61760","613.0403"
"2022/10/20 10:00:00","DUNWOD","61760","607.5075"
"2022/10/20 11:00:00","DUNWOD","61760","598.9389"
"2022/10/20 12:00:00","DUNWOD","61760","589.4321"
"2022/10/20 13:00:00","DUNWOD","61760","585.9669"
"2022/10/20 14:00:00","DUNWOD","61760","587.2884"
"2022/10/20 15:00:00","DUNWOD","61760","599.5488"
"2022/10/20 16:00:00","DUNWOD","61760","614.2189"
"2022/10/20 17:00:00","DUNWOD","61760","635.855"
"2022/10/20 18:00:00","DUNWOD","61760","660.983"
"2022/10/20 19:00:00","DUNWOD","61760","658.9744"
"2022/10/20 20:00:00","DUNWOD","61760","639.1127"
"2022/10/20 21:00:00","DUNWOD","61760","607.7794"
"2022/10/20 22:00:00","DUNWOD","61760","570.211"
"2022/10/20 23:00:00","DUNWOD","61760","527.4898"
"2022/10/21 00:00:00","DUNWOD","61760","503.3663"
"2022/10/21 01:00:00","DUNWOD","61760","486.5793"
"2022/10/21 02:00:00","DUNWOD","61760","472.049"
"2022/10/21 03:00:00","DUNWOD","61760","466.1288"
"2022/10/21 04:00:00","DUNWOD","61760","468.8813"
"2022/10/21 05:00:00","DUNWOD","61760","497.4912"
"2022/10/21 06:00:00","DUNWOD","61760","561.6565"
"2022/10/21 07:00:00","DUNWOD","61760","612.7174"
"2022/10/21 08:00:00","DUNWOD","61760","619.2281"
"2022/10/21 09:00:00","DUNWOD","61760","620.1984"
"2022/10/21 10:00:00","DUNWOD","61760","608.1642"
"2022/10/21 11:00:00","DUNWOD","61760","599.2347"
"2022/10/21 12:00:00","DUNWOD","61760","586.8139"
"2022/10/21 13:00:00","DUNWOD","61760","587.2026"
"2022/10/21 14:00:00","DUNWOD","61760","591.3315"
"2022/10/21 15:00:00","DUNWOD","61760","599.3223"
"2022/10/21 16:00:00","DUNWOD","61760","611.6904"
"2022/10/21 17:00:00","DUNWOD","61760","622.7613"
"2022/10/21 18:00:00","DUNWOD","61760","637.0943"
"2022/10/21 19:00:00","DUNWOD","61760","636.0476"
"2022/10/21 20:00:00","DUNWOD","61760","613.8952"
"2022/10/21 21:00:00","DUNWOD","61760","595.5148"
"2022/10/21 22:00:00","DUNWOD","61760","569.4148"
"2022/10/21 23:00:00","DUNWOD","61760","528.9238"
"2022/10/22 00:00:00","DUNWOD","61760","495.6923"
"2022/10/22 01:00:00","DUNWOD","61760","475.0406"
"2022/10/22 02:00:00","DUNWOD","61760","464.6308"
"2022/10/22 03:00:00","DUNWOD","61760","457.6787"
"2022/10/22 04:00:00","DUNWOD","61760","458.5353"
"2022/10/22 05:00:00","DUNWOD","61760","471.5991"
"2022/10/22 06:00:00","DUNWOD","61760","495.1516"
"2022/10/22 07:00:00","DUNWOD","61760","518.9086"
"2022/10/22 08:00:00","DUNWOD","61760","542.0214"
"2022/10/22 09:00:00","DUNWOD","61760","550.3883"
"2022/10/22 10:00:00","DUNWOD","61760","549.9404"
"2022/10/22 11:00:00","DUNWOD","61760","541.7411"
"2022/10/22 12:00:00","DUNWOD","61760","531.4421"
"2022/10/22 13:00:00","DUNWOD","61760","525.9859"
"2022/10/22 14:00:00","DUNWOD","61760","533.9078"
"2022/10/22 15:00:00","DUNWOD","61760","540.1336"
"2022/10/22 16:00:00","DUNWOD","61760","549.4558"
"2022/10/22 17:00:00","DUNWOD","61760","568.7133"
"2022/10/22 18:00:00","DUNWOD","61760","589.8389"
"2022/10/22 19:00:00","DUNWOD","61760","593.7997"
"2022/10/22 20:00:00","DUNWOD","61760","585.6405"
"2022/10/22 21:00:00","DUNWOD","61760","572.1552"
"2022/10/22 22:00:00","DUNWOD","61760","542.3446"
"2022/10/22 23:00:00","DUNWOD","61760","514.1067"
"2022/10/23 00:00:00","DUNWOD","61760","490.2069"
"2022/10/23 01:00:00","DUNWOD","61760","470.1024"
"2022/10/23 02:00:00","DUNWOD","61760","454.0616"
"2022/10/23 03:00:00","DUNWOD","61760","444.6607"
"2022/10/23 04:00:00","DUNWOD","61760","442.3833"
"2022/10/23 05:00:00","DUNWOD","61760","444.9925"
"2022/10/23 06:00:00","DUNWOD","61760","458.8691"
"2022/10/23 07:00:00","DUNWOD","61760","477.5175"
"2022/10/23 08:00:00","DUNWOD","61760","504.2812"
"2022/10/23 09:00:00","DUNWOD","61760","530.2698"
"2022/10/23 10:00:00","DUNWOD","61760","543.6134"
"2022/10/23 11:00:00","DUNWOD","61760","557.3886"
"2022/10/23 12:00:00","DUNWOD","61760","569.0324"
"2022/10/23 13:00:00","DUNWOD","61760","572.1214"
"2022/10/23 14:00:00","DUNWOD","61760","565.23"
"2022/10/23 15:00:00","DUNWOD","61760","563.305"
"2022/10/23 16:00:00","DUNWOD","61760","567.9365"
"2022/10/23 17:00:00","DUNWOD","61760","588.9209"
"2022/10/23 18:00:00","DUNWOD","61760","613.2444"
"2022/10/23 19:00:00","DUNWOD","61760","609.8203"
"2022/10/23 20:00:00","DUNWOD","61760","598.4572"
"2022/10/23 21:00:00","DUNWOD","61760","571.5856"
"2022/10/23 22:00:00","DUNWOD","61760","535.2266"
"2022/10/23 23:00:00","DUNWOD","61760","501.1447"
"2022/10/24 00:00:00","DUNWOD","61760","470.8376"
"2022/10/24 01:00:00","DUNWOD","61760","454.142"
"2022/10/24 02:00:00","DUNWOD","61760","442.3434"
"2022/10/24 03:00:00","DUNWOD","61760","438.6264"
"2022/10/24 04:00:00","DUNWOD","61760","444.4053"
"2022/10/24 05:00:00","DUNWOD","61760","471.9302"
"2022/10/24 06:00:00","DUNWOD","61760","535.7709"
"2022/10/24 07:00:00","DUNWOD","61760","598.1749"
"2022/10/24 08:00:00","DUNWOD","61760","623.1478"
"2022/10/24 09:00:00","DUNWOD","61760","636.4003"
"2022/10/24 10:00:00","DUNWOD","61760","641.2945"
"2022/10/24 11:00:00","DUNWOD","61760","640.6319"
"2022/10/24 12:00:00","DUNWOD","61760","640.2167"
"2022/10/24 13:00:00","DUNWOD","61760","642.8446"
"2022/10/24 14:00:00","DUNWOD","61760","634.5631"
"2022/10/24 15:00:00","DUNWOD","61760","636.887"
"2022/10/24 16:00:00","DUNWOD","61760","642.7432"
"2022/10/24 17:00:00","DUNWOD","61760","664.3265"
"2022/10/24 18:00:00","DUNWOD","61760","681.847"
"2022/10/24 19:00:00","DUNWOD","61760","668.0052"
"2022/10/24 20:00:00","DUNWOD","61760","639.2612"
"2022/10/24 21:00:00","DUNWOD","61760","606.1161"
"2022/10/24 22:00:00","DUNWOD","61760","565.0869"
"2022/10/24 23:00:00","DUNWOD","61760","522.6662"
"2022/10/25 00:00:00","DUNWOD","61760","495.3562"
"2022/10/25 01:00:00","DUNWOD","61760","474.5393"
"2022/10/25 02:00:00","DUNWOD","61760","458.9716"
"2022/10/25 03:00:00","DUNWOD","61760","450.2287"
"2022/10/25 04:00:00","DUNWOD","61760","456.3529"
"2022/10/25 05:00:00","DUNWOD","61760","480.532"
"2022/10/25 06:00:00","DUNWOD","61760","545.2136"
"2022/10/25 07:00:00","DUNWOD","61760","605.3973"
"2022/10/25 08:00:00","DUNWOD","61760","633.5132"
"2022/10/25 09:00:00","DUNWOD","61760","646.5026"
"2022/10/25 10:00:00","DUNWOD","61760","649.0681"
"2022/10/25 11:00:00","DUNWOD","61760","651.1285"
"2022/10/25 12:00:00","DUNWOD","61760","649.6323"
"2022/10/25 13:00:00","DUNWOD","61760","651.2597"
"2022/10/25 14:00:00","DUNWOD","61760","655.7063"
"2022/10/25 15:00:00","DUNWOD","61760","659.9019"
"2022/10/25 16:00:00","DUNWOD","61760","672.1848"
"2022/10/25 17:00:00","DUNWOD","61760","676.999"
"2022/10/25 18:00:00","DUNWOD","61760","695.0201"
"2022/10/25 19:00:00","DUNWOD","61760","682.6707"
"2022/10/25 20:00:00","DUNWOD","61760","656.6126"
"2022/10/25 21:00:00","DUNWOD","61760","623.5863"
"2022/10/25 22:00:00","DUNWOD","61760","580.3384"
"2022/10/25 23:00:00","DUNWOD","61760","538.759"
"2022/10/26 00:00:00","DUNWOD","61760","506.6422"
"2022/10/26 01:00:00","DUNWOD","61760","484.6186"
"2022/10/26 02:00:00","DUNWOD","61760","466.7678"
"2022/10/26 03:00:00","DUNWOD","61760","458.8497"
"2022/10/26 04:00:00","DUNWOD","61760","460.1476"
"2022/10/26 05:00:00","DUNWOD","61760","483.9746"
"2022/10/26 06:00:00","DUNWOD","61760","542.5816"
"2022/10/26 07:00:00","DUNWOD","61760","596.6333"
"2022/10/26 08:00:00","DUNWOD","61760","617.8595"
"2022/10/26 09:00:00","DUNWOD","61760","636.8801"
"2022/10/26 10:00:00","DUNWOD","61760","646.3535"
"2022/10/26 11:00:00","DUNWOD","61760","653.4684"
"2022/10/26 12:00:00","DUNWOD","61760","648.1078"
"2022/10/26 13:00:00","DUNWOD","61760","648.5251"
"2022/10/26 14:00:00","DUNWOD","61760","643.8744"
"2022/10/26 15:00:00","DUNWOD","61760","662.9407"
"2022/10/26 16:00:00","DUNWOD","61760","671.6487"
"2022/10/26 17:00:00","DUNWOD","61760","686.9592"
"2022/10/26 18:00:00","DUNWOD","61760","703.5016"
"2022/10/26 19:00:00","DUNWOD","61760","689.7549"
"2022/10/26 20:00:00","DUNWOD","61760","658.0515"
"2022/10/26 21:00:00","DUNWOD","61760","621.0778"
"2022/10/26 22:00:00","DUNWOD","61760","570.5734"
"2022/10/26 23:00:00","DUNWOD","61760","524.5958"
"2022/10/27 00:00:00","DUNWOD","61760","493.534"
"2022/10/27 01:00:00","DUNWOD","61760","471.8811"
"2022/10/27 02:00:00","DUNWOD","61760","453.6977"
"2022/10/27 03:00:00","DUNWOD","61760","447.2196"
"2022/10/27 04:00:00","DUNWOD","61760","450.3091"
"2022/10/27 05:00:00","DUNWOD","61760","476.2134"
"2022/10/27 06:00:00","DUNWOD","61760","537.0651"
"2022/10/27 07:00:00","DUNWOD","61760","584.5856"
"2022/10/27 08:00:00","DUNWOD","61760","595.8236"
"2022/10/27 09:00:00","DUNWOD","61760","600.9651"
"2022/10/27 10:00:00","DUNWOD","61760","596.8418"
"2022/10/27 11:00:00","DUNWOD","61760","590.6126"
"2022/10/27 12:00:00","DUNWOD","61760","589.3688"
"2022/10/27 13:00:00","DUNWOD","61760","590.8343"
"2022/10/27 14:00:00","DUNWOD","61760","597.0376"
"2022/10/27 15:00:00","DUNWOD","61760","608.623"
"2022/10/27 16:00:00","DUNWOD","61760","622.8419"
"2022/10/27 17:00:00","DUNWOD","61760","639.1589"
"2022/10/27 18:00:00","DUNWOD","61760","657.6235"
"2022/10/27 19:00:00","DUNWOD","61760","644.1905"
"2022/10/27 20:00:00","DUNWOD","61760","618.6895"
"2022/10/27 21:00:00","DUNWOD","61760","591.5892"
"2022/10/27 22:00:00","DUNWOD","61760","552.8238"
"2022/10/27 23:00:00","DUNWOD","61760","511.2595"
"2022/10/28 00:00:00","DUNWOD","61760","484.6452"
"2022/10/28 01:00:00","DUNWOD","61760","464.0236"
"2022/10/28 02:00:00","DUNWOD","61760","449.4227"
"2022/10/28 03:00:00","DUNWOD","61760","445.655"
"2022/10/28 04:00:00","DUNWOD","61760","449.9104"
"2022/10/28 05:00:00","DUNWOD","61760","476.7145"
"2022/10/28 06:00:00","DUNWOD","61760","541.7054"
"2022/10/28 07:00:00","DUNWOD","61760","598.2852"
"2022/10/28 08:00:00","DUNWOD","61760","608.9935"
"2022/10/28 09:00:00","DUNWOD","61760","611.4891"
"2022/10/28 10:00:00","DUNWOD","61760","610.2447"
"2022/10/28 11:00:00","DUNWOD","61760","607.3342"
"2022/10/28 12:00:00","DUNWOD","61760","600.7744"
"2022/10/28 13:00:00","DUNWOD","61760","597.8606"
"2022/10/28 14:00:00","DUNWOD","61760","599.1689"
"2022/10/28 15:00:00","DUNWOD","61760","608.4631"
"2022/10/28 16:00:00","DUNWOD","61760","620.1027"
"2022/10/28 17:00:00","DUNWOD","61760","632.2279"
"2022/10/28 18:00:00","DUNWOD","61760","648.8603"
"2022/10/28 19:00:00","DUNWOD","61760","648.524"
"2022/10/28 20:00:00","DUNWOD","61760","632.4004"
"2022/10/28 21:00:00","DUNWOD","61760","609.5895"
"2022/10/28 22:00:00","DUNWOD","61760","579.4373"
"2022/10/28 23:00:00","DUNWOD","61760","539.1749"
"2022/10/29 00:00:00","DUNWOD","61760","506.2265"
"2022/10/29 01:00:00","DUNWOD","61760","490.7233"
"2022/10/29 02:00:00","DUNWOD","61760","477.4181"
"2022/10/29 03:00:00","DUNWOD","61760","467.698"
"2022/10/29 04:00:00","DUNWOD","61760","466.4042"
"2022/10/29 05:00:00","DUNWOD","61760","475.0877"
"2022/10/29 06:00:00","DUNWOD","61760","496.2735"
"2022/10/29 07:00:00","DUNWOD","61760","520.058"
"2022/10/29 08:00:00","DUNWOD","61760","543.3785"
"2022/10/29 09:00:00","DUNWOD","61760","557.485"
"2022/10/29 10:00:00","DUNWOD","61760","557.6758"
"2022/10/29 11:00:00","DUNWOD","61760","549.923"
"2022/10/29 12:00:00","DUNWOD","61760","541.1346"
"2022/10/29 13:00:00","DUNWOD","61760","534.338"
"2022/10/29 14:00:00","DUNWOD","61760","532.826"
"2022/10/29 15:00:00","DUNWOD","61760","535.7339"
"2022/10/29 16:00:00","DUNWOD","61760","556.3853"
"2022/10/29 17:00:00","DUNWOD","61760","576.6152"
"2022/10/29 18:00:00","DUNWOD","61760","606.1047"
"2022/10/29 19:00:00","DUNWOD","61760","606.2115"
"2022/10/29 20:00:00","DUNWOD","61760","601.1777"
"2022/10/29 21:00:00","DUNWOD","61760","582.7747"
"2022/10/29 22:00:00","DUNWOD","61760","557.5026"
"2022/10/29 23:00:00","DUNWOD","61760","527.7558"
"2022/10/30 00:00:00","DUNWOD","61760","502.0726"
"2022/10/30 01:00:00","DUNWOD","61760","479.7378"
"2022/10/30 02:00:00","DUNWOD","61760","464.3499"
"2022/10/30 03:00:00","DUNWOD","61760","456.5025"
"2022/10/30 04:00:00","DUNWOD","61760","457.2098"
"2022/10/30 05:00:00","DUNWOD","61760","462.5737"
"2022/10/30 06:00:00","DUNWOD","61760","483.7945"
"2022/10/30 07:00:00","DUNWOD","61760","499.1812"
"2022/10/30 08:00:00","DUNWOD","61760","519.7494"
"2022/10/30 09:00:00","DUNWOD","61760","526.4084"
"2022/10/30 10:00:00","DUNWOD","61760","525.9102"
"2022/10/30 11:00:00","DUNWOD","61760","517.2207"
"2022/10/30 12:00:00","DUNWOD","61760","523.3985"
"2022/10/30 13:00:00","DUNWOD","61760","520.7294"
"2022/10/30 14:00:00","DUNWOD","61760","525.4756"
"2022/10/30 15:00:00","DUNWOD","61760","534.8973"
"2022/10/30 16:00:00","DUNWOD","61760","553.8027"
"2022/10/30 17:00:00","DUNWOD","61760","576.358"
"2022/10/30 18:00:00","DUNWOD","61760","613.2293"
"2022/10/30 19:00:00","DUNWOD","61760","610.2201"
"2022/10/30 20:00:00","DUNWOD","61760","602.8055"
"2022/10/30 21:00:00","DUNWOD","61760","579.8146"
"2022/10/30 22:00:00","DUNWOD","61760","549.6264"
"2022/10/30 23:00:00","DUNWOD","61760","508.3312"
"2022/10/31 00:00:00","DUNWOD","61760","482.7963"
"2022/10/31 01:00:00","DUNWOD","61760","464.3934"
"2022/10/31 02:00:00","DUNWOD","61760","451.3413"
"2022/10/31 03:00:00","DUNWOD","61760","444.998"
"2022/10/31 04:00:00","DUNWOD","61760","452.6854"
"2022/10/31 05:00:00","DUNWOD","61760","479.5873"
"2022/10/31 06:00:00","DUNWOD","61760","546.9999"
"2022/10/31 07:00:00","DUNWOD","61760","605.2528"
"2022/10/31 08:00:00","DUNWOD","61760","604.227"
"2022/10/31 09:00:00","DUNWOD","61760","598.0945"
"2022/10/31 10:00:00","DUNWOD","61760","613.8798"
"2022/10/31 11:00:00","DUNWOD","61760","606.504"
"2022/10/31 12:00:00","DUNWOD","61760","602.286"
"2022/10/31 13:00:00","DUNWOD","61760","610.1779"
"2022/10/31 14:00:00","DUNWOD","61760","606.2549"
"2022/10/31 15:00:00","DUNWOD","61760","619.7543"
"2022/10/31 16:00:00","DUNWOD","61760","623.2905"
"2022/10/31 17:00:00","DUNWOD","61760","636.8398"
"2022/10/31 18:00:00","DUNWOD","61760","654.2457"
"2022/10/31 19:00:00","DUNWOD","61760","644.4555"
"2022/10/31 20:00:00","DUNWOD","61760","619.6762"
"2022/10/31 21:00:00","DUNWOD","61760","589.3438"
"2022/10/31 22:00:00","DUNWOD","61760","547.7173"
"2022/10/31 23:00:00","DUNWOD","61760","502.1191"
"2022/11/01 00:00:00","DUNWOD","61760","475.0279"
"2022/11/01 01:00:00","DUNWOD","61760","449.4033"
"2022/11/01 02:00:00","DUNWOD","61760","431.0827"
"2022/11/01 03:00:00","DUNWOD","61760","427.2503"
"2022/11/01 04:00:00","DUNWOD","61760","431.6943"
"2022/11/01 05:00:00","DUNWOD","61760","456.8708"
"2022/11/01 06:00:00","DUNWOD","61760","525.136"
"2022/11/01 07:00:00","DUNWOD","61760","580.463"
"2022/11/01 08:00:00","DUNWOD","61760","600.4463"
"2022/11/01 09:00:00","DUNWOD","61760","613.2885"
"2022/11/01 10:00:00","DUNWOD","61760","608.1163"
"2022/11/01 11:00:00","DUNWOD","61760","608.1347"
"2022/11/01 12:00:00","DUNWOD","61760","608.515"
"2022/11/01 13:00:00","DUNWOD","61760","621.4062"
"2022/11/01 14:00:00","DUNWOD","61760","612.0931"
"2022/11/01 15:00:00","DUNWOD","61760","615.1082"
"2022/11/01 16:00:00","DUNWOD","61760","621.3476"
"2022/11/01 17:00:00","DUNWOD","61760","636.8114"
"2022/11/01 18:00:00","DUNWOD","61760","661.5131"
"2022/11/01 19:00:00","DUNWOD","61760","644.7828"
"2022/11/01 20:00:00","DUNWOD","61760","617.5356"
"2022/11/01 21:00:00","DUNWOD","61760","585.7045"
"2022/11/01 22:00:00","DUNWOD","61760","545.0886"
"2022/11/01 23:00:00","DUNWOD","61760","496.883"
"2022/11/02 00:00:00","DUNWOD","61760","462.4432"
"2022/11/02 01:00:00","DUNWOD","61760","443.0302"
"2022/11/02 02:00:00","DUNWOD","61760","428.6347"
"2022/11/02 03:00:00","DUNWOD","61760","422.6075"
"2022/11/02 04:00:00","DUNWOD","61760","429.1939"
"2022/11/02 05:00:00","DUNWOD","61760","458.7242"
"2022/11/02 06:00:00","DUNWOD","61760","521.8616"
"2022/11/02 07:00:00","DUNWOD","61760","574.0734"
"2022/11/02 08:00:00","DUNWOD","61760","590.7996"
"2022/11/02 09:00:00","DUNWOD","61760","593.7442"
"2022/11/02 10:00:00","DUNWOD","61760","597.1955"
"2022/11/02 11:00:00","DUNWOD","61760","590.0394"
"2022/11/02 12:00:00","DUNWOD","61760","598.9117"
"2022/11/02 13:00:00","DUNWOD","61760","605.4585"
"2022/11/02 14:00:00","DUNWOD","61760","603.9408"
"2022/11/02 15:00:00","DUNWOD","61760","617.7501"
"2022/11/02 16:00:00","DUNWOD","61760","630.0369"
"2022/11/02 17:00:00","DUNWOD","61760","641.0767"
"2022/11/02 18:00:00","DUNWOD","61760","660.5209"
"2022/11/02 19:00:00","DUNWOD","61760","640.8282"
"2022/11/02 20:00:00","DUNWOD","61760","615.1675"
"2022/11/02 21:00:00","DUNWOD","61760","581.84"
"2022/11/02 22:00:00","DUNWOD","61760","535.3891"
"2022/11/02 23:00:00","DUNWOD","61760","494.7474"
"2022/11/03 00:00:00","DUNWOD","61760","470.5325"
"2022/11/03 01:00:00","DUNWOD","61760","454.5615"
"2022/11/03 02:00:00","DUNWOD","61760","445.5166"
"2022/11/03 03:00:00","DUNWOD","61760","436.8432"
"2022/11/03 04:00:00","DUNWOD","61760","443.434"
"2022/11/03 05:00:00","DUNWOD","61760","466.0522"
"2022/11/03 06:00:00","DUNWOD","61760","529.1682"
"2022/11/03 07:00:00","DUNWOD","61760","583.143"
"2022/11/03 08:00:00","DUNWOD","61760","593.0089"
"2022/11/03 09:00:00","DUNWOD","61760","597.4834"
"2022/11/03 10:00:00","DUNWOD","61760","594.689"
"2022/11/03 11:00:00","DUNWOD","61760","589.436"
"2022/11/03 12:00:00","DUNWOD","61760","587.0601"
"2022/11/03 13:00:00","DUNWOD","61760","593.7434"
"2022/11/03 14:00:00","DUNWOD","61760","598.3389"
"2022/11/03 15:00:00","DUNWOD","61760","606.6719"
"2022/11/03 16:00:00","DUNWOD","61760","615.0822"
"2022/11/03 17:00:00","DUNWOD","61760","629.1223"
"2022/11/03 18:00:00","DUNWOD","61760","651.0534"
"2022/11/03 19:00:00","DUNWOD","61760","635.3467"
"2022/11/03 20:00:00","DUNWOD","61760","617.6643"
"2022/11/03 21:00:00","DUNWOD","61760","588.3867"
"2022/11/03 22:00:00","DUNWOD","61760","550.4"
"2022/11/03 23:00:00","DUNWOD","61760","508.2727"
"2022/11/04 00:00:00","DUNWOD","61760","479.9795"
"2022/11/04 01:00:00","DUNWOD","61760","463.9711"
"2022/11/04 02:00:00","DUNWOD","61760","450.5152"
"2022/11/04 03:00:00","DUNWOD","61760","444.0901"
"2022/11/04 04:00:00","DUNWOD","61760","447.6956"
"2022/11/04 05:00:00","DUNWOD","61760","470.3441"
"2022/11/04 06:00:00","DUNWOD","61760","532.4621"
"2022/11/04 07:00:00","DUNWOD","61760","584.6941"
"2022/11/04 08:00:00","DUNWOD","61760","606.9643"
"2022/11/04 09:00:00","DUNWOD","61760","609.8728"
"2022/11/04 10:00:00","DUNWOD","61760","602.5157"
"2022/11/04 11:00:00","DUNWOD","61760","598.1011"
"2022/11/04 12:00:00","DUNWOD","61760","594.8181"
"2022/11/04 13:00:00","DUNWOD","61760","601.701"
"2022/11/04 14:00:00","DUNWOD","61760","608.4544"
"2022/11/04 15:00:00","DUNWOD","61760","619.4336"
"2022/11/04 16:00:00","DUNWOD","61760","619.8211"
"2022/11/04 17:00:00","DUNWOD","61760","632.6418"
"2022/11/04 18:00:00","DUNWOD","61760","648.7635"
"2022/11/04 19:00:00","DUNWOD","61760","637.3271"
"2022/11/04 20:00:00","DUNWOD","61760","617.3"
"2022/11/04 21:00:00","DUNWOD","61760","588.0057"
"2022/11/04 22:00:00","DUNWOD","61760","554.288"
"2022/11/04 23:00:00","DUNWOD","61760","511.8826"
"2022/11/05 00:00:00","DUNWOD","61760","491.4855"
"2022/11/05 01:00:00","DUNWOD","61760","473.6638"
"2022/11/05 02:00:00","DUNWOD","61760","453.9685"
"2022/11/05 03:00:00","DUNWOD","61760","445.8265"
"2022/11/05 04:00:00","DUNWOD","61760","446.0282"
"2022/11/05 05:00:00","DUNWOD","61760","453.4289"
"2022/11/05 06:00:00","DUNWOD","61760","475.5295"
"2022/11/05 07:00:00","DUNWOD","61760","507.7006"
"2022/11/05 08:00:00","DUNWOD","61760","537.6027"
"2022/11/05 09:00:00","DUNWOD","61760","556.027"
"2022/11/05 10:00:00","DUNWOD","61760","569.8961"
"2022/11/05 11:00:00","DUNWOD","61760","581.3681"
"2022/11/05 12:00:00","DUNWOD","61760","584.6358"
"2022/11/05 13:00:00","DUNWOD","61760","585.7317"
"2022/11/05 14:00:00","DUNWOD","61760","585.5671"
"2022/11/05 15:00:00","DUNWOD","61760","590.4622"
"2022/11/05 16:00:00","DUNWOD","61760","600.8202"
"2022/11/05 17:00:00","DUNWOD","61760","612.0276"
"2022/11/05 18:00:00","DUNWOD","61760","630.8224"
"2022/11/05 19:00:00","DUNWOD","61760","621.5243"
"2022/11/05 20:00:00","DUNWOD","61760","606.8186"
"2022/11/05 21:00:00","DUNWOD","61760","587.8733"
"2022/11/05 22:00:00","DUNWOD","61760","565.3915"
"2022/11/05 23:00:00","DUNWOD","61760","536.6485"
"2022/11/06 00:00:00","DUNWOD","61760","500.5865"
"2022/11/06 01:00:00","DUNWOD","61760","476.4256"
"2022/11/06 01:00:00","DUNWOD","61760","456.2631"
"2022/11/06 02:00:00","DUNWOD","61760","444.0642"
"2022/11/06 03:00:00","DUNWOD","61760","440.6817"
"2022/11/06 04:00:00","DUNWOD","61760","440.4922"
"2022/11/06 05:00:00","DUNWOD","61760","440.447"
"2022/11/06 06:00:00","DUNWOD","61760","458.861"
"2022/11/06 07:00:00","DUNWOD","61760","487.6208"
"2022/11/06 08:00:00","DUNWOD","61760","518.7367"
"2022/11/06 09:00:00","DUNWOD","61760","542.0369"
"2022/11/06 10:00:00","DUNWOD","61760","557.0901"
"2022/11/06 11:00:00","DUNWOD","61760","575.5519"
"2022/11/06 12:00:00","DUNWOD","61760","596.0291"
"2022/11/06 13:00:00","DUNWOD","61760","596.5754"
"2022/11/06 14:00:00","DUNWOD","61760","595.7147"
"2022/11/06 15:00:00","DUNWOD","61760","592.7808"
"2022/11/06 16:00:00","DUNWOD","61760","603.2195"
"2022/11/06 17:00:00","DUNWOD","61760","639.1796"
"2022/11/06 18:00:00","DUNWOD","61760","645.0347"
"2022/11/06 19:00:00","DUNWOD","61760","627.6703"
"2022/11/06 20:00:00","DUNWOD","61760","616.5112"
"2022/11/06 21:00:00","DUNWOD","61760","584.8636"
"2022/11/06 22:00:00","DUNWOD","61760","555.4355"
"2022/11/06 23:00:00","DUNWOD","61760","518.6342"
"2022/11/07 00:00:00","DUNWOD","61760","488.2896"
"2022/11/07 01:00:00","DUNWOD","61760","472.0069"
"2022/11/07 02:00:00","DUNWOD","61760","455.9182"
"2022/11/07 03:00:00","DUNWOD","61760","450.2294"
"2022/11/07 04:00:00","DUNWOD","61760","452.6025"
"2022/11/07 05:00:00","DUNWOD","61760","481.5979"
"2022/11/07 06:00:00","DUNWOD","61760","543.1681"
"2022/11/07 07:00:00","DUNWOD","61760","589.9939"
"2022/11/07 08:00:00","DUNWOD","61760","619.3144"
"2022/11/07 09:00:00","DUNWOD","61760","641.6237"
"2022/11/07 10:00:00","DUNWOD","61760","655.2805"
"2022/11/07 11:00:00","DUNWOD","61760","646.6771"
"2022/11/07 12:00:00","DUNWOD","61760","651.2408"
"2022/11/07 13:00:00","DUNWOD","61760","655.8037"
"2022/11/07 14:00:00","DUNWOD","61760","664.0031"
"2022/11/07 15:00:00","DUNWOD","61760","662.5679"
"2022/11/07 16:00:00","DUNWOD","61760","666.1775"
"2022/11/07 17:00:00","DUNWOD","61760","685.0525"
"2022/11/07 18:00:00","DUNWOD","61760","670.3639"
"2022/11/07 19:00:00","DUNWOD","61760","655.1026"
"2022/11/07 20:00:00","DUNWOD","61760","617.4758"
"2022/11/07 21:00:00","DUNWOD","61760","580.6355"
"2022/11/07 22:00:00","DUNWOD","61760","532.369"
"2022/11/07 23:00:00","DUNWOD","61760","485.2137"
"2022/11/08 00:00:00","DUNWOD","61760","445.6877"
"2022/11/08 01:00:00","DUNWOD","61760","440.8127"
"2022/11/08 02:00:00","DUNWOD","61760","432.8714"
"2022/11/08 03:00:00","DUNWOD","61760","425.6467"
"2022/11/08 04:00:00","DUNWOD","61760","435.7848"
"2022/11/08 05:00:00","DUNWOD","61760","461.133"
"2022/11/08 06:00:00","DUNWOD","61760","520.1526"
"2022/11/08 07:00:00","DUNWOD","61760","558.6951"
"2022/11/08 08:00:00","DUNWOD","61760","580.0856"
"2022/11/08 09:00:00","DUNWOD","61760","581.5538"
"2022/11/08 10:00:00","DUNWOD","61760","575.5271"
"2022/11/08 11:00:00","DUNWOD","61760","572.948"
"2022/11/08 12:00:00","DUNWOD","61760","574.9639"
"2022/11/08 13:00:00","DUNWOD","61760","577.9013"
"2022/11/08 14:00:00","DUNWOD","61760","590.3034"
"2022/11/08 15:00:00","DUNWOD","61760","604.1359"
"2022/11/08 16:00:00","DUNWOD","61760","626.2584"
"2022/11/08 17:00:00","DUNWOD","61760","665.2722"
"2022/11/08 18:00:00","DUNWOD","61760","665.7206"
"2022/11/08 19:00:00","DUNWOD","61760","642.5322"
"2022/11/08 20:00:00","DUNWOD","61760","616.7077"
"2022/11/08 21:00:00","DUNWOD","61760","580.0437"
"2022/11/08 22:00:00","DUNWOD","61760","535.1754"
"2022/11/08 23:00:00","DUNWOD","61760","510.4924"
"2022/11/09 00:00:00","DUNWOD","61760","490.3164"
"2022/11/09 01:00:00","DUNWOD","61760","459.8002"
"2022/11/09 02:00:00","DUNWOD","61760","454.0939"
"2022/11/09 03:00:00","DUNWOD","61760","453.8662"
"2022/11/09 04:00:00","DUNWOD","61760","463.2115"
"2022/11/09 05:00:00","DUNWOD","61760","490.4601"
"2022/11/09 06:00:00","DUNWOD","61760","549.0091"
"2022/11/09 07:00:00","DUNWOD","61760","594.2091"
"2022/11/09 08:00:00","DUNWOD","61760","604.389"
"2022/11/09 09:00:00","DUNWOD","61760","604.3352"
"2022/11/09 10:00:00","DUNWOD","61760","592.0674"
"2022/11/09 11:00:00","DUNWOD","61760","585.1441"
"2022/11/09 12:00:00","DUNWOD","61760","581.4728"
"2022/11/09 13:00:00","DUNWOD","61760","585.9158"
"2022/11/09 14:00:00","DUNWOD","61760","595.3531"
"2022/11/09 15:00:00","DUNWOD","61760","612.5469"
"2022/11/09 16:00:00","DUNWOD","61760","636.3218"
"2022/11/09 17:00:00","DUNWOD","61760","676.7625"
"2022/11/09 18:00:00","DUNWOD","61760","677.6203"
"2022/11/09 19:00:00","DUNWOD","61760","660.2793"
"2022/11/09 20:00:00","DUNWOD","61760","633.6741"
"2022/11/09 21:00:00","DUNWOD","61760","598.2625"
"2022/11/09 22:00:00","DUNWOD","61760","555.3343"
"2022/11/09 23:00:00","DUNWOD","61760","518.064"
"2022/11/10 00:00:00","DUNWOD","61760","495.584"
"2022/11/10 01:00:00","DUNWOD","61760","480.1434"
"2022/11/10 02:00:00","DUNWOD","61760","468.4796"
"2022/11/10 03:00:00","DUNWOD","61760","462.7687"
"2022/11/10 04:00:00","DUNWOD","61760","469.7167"
"2022/11/10 05:00:00","DUNWOD","61760","494.9882"
"2022/11/10 06:00:00","DUNWOD","61760","551.2956"
"2022/11/10 07:00:00","DUNWOD","61760","596.2667"
"2022/11/10 08:00:00","DUNWOD","61760","604.8972"
"2022/11/10 09:00:00","DUNWOD","61760","601.3234"
"2022/11/10 10:00:00","DUNWOD","61760","595.6937"
"2022/11/10 11:00:00","DUNWOD","61760","588.9297"
"2022/11/10 12:00:00","DUNWOD","61760","587.9713"
"2022/11/10 13:00:00","DUNWOD","61760","593.6081"
"2022/11/10 14:00:00","DUNWOD","61760","601.0567"
"2022/11/10 15:00:00","DUNWOD","61760","616.4889"
"2022/11/10 16:00:00","DUNWOD","61760","633.3601"
"2022/11/10 17:00:00","DUNWOD","61760","671.6241"
"2022/11/10 18:00:00","DUNWOD","61760","664.8071"
"2022/11/10 19:00:00","DUNWOD","61760","650.2787"
"2022/11/10 20:00:00","DUNWOD","61760","620.9324"
"2022/11/10 21:00:00","DUNWOD","61760","589.9973"
"2022/11/10 22:00:00","DUNWOD","61760","550.1001"
"2022/11/10 23:00:00","DUNWOD","61760","514.1862"
"2022/11/11 00:00:00","DUNWOD","61760","483.5709"
"2022/11/11 01:00:00","DUNWOD","61760","459.228"
"2022/11/11 02:00:00","DUNWOD","61760","446.8894"
"2022/11/11 03:00:00","DUNWOD","61760","439.108"
"2022/11/11 04:00:00","DUNWOD","61760","446.6072"
"2022/11/11 05:00:00","DUNWOD","61760","466.5441"
"2022/11/11 06:00:00","DUNWOD","61760","512.5937"
"2022/11/11 07:00:00","DUNWOD","61760","553.3668"
"2022/11/11 08:00:00","DUNWOD","61760","579.0437"
"2022/11/11 09:00:00","DUNWOD","61760","599.3109"
"2022/11/11 10:00:00","DUNWOD","61760","607.0535"
"2022/11/11 11:00:00","DUNWOD","61760","622.5843"
"2022/11/11 12:00:00","DUNWOD","61760","628.1456"
"2022/11/11 13:00:00","DUNWOD","61760","632.6726"
"2022/11/11 14:00:00","DUNWOD","61760","636.7447"
"2022/11/11 15:00:00","DUNWOD","61760","647.579"
"2022/11/11 16:00:00","DUNWOD","61760","668.001"
"2022/11/11 17:00:00","DUNWOD","61760","691.8438"
"2022/11/11 18:00:00","DUNWOD","61760","680.6187"
"2022/11/11 19:00:00","DUNWOD","61760","658.1335"
"2022/11/11 20:00:00","DUNWOD","61760","625.11"
"2022/11/11 21:00:00","DUNWOD","61760","596.9651"
"2022/11/11 22:00:00","DUNWOD","61760","565.3005"
"2022/11/11 23:00:00","DUNWOD","61760","533.4933"
"2022/11/12 00:00:00","DUNWOD","61760","503.8551"
"2022/11/12 01:00:00","DUNWOD","61760","480.9749"
"2022/11/12 02:00:00","DUNWOD","61760","463.1386"
"2022/11/12 03:00:00","DUNWOD","61760","454.8244"
"2022/11/12 04:00:00","DUNWOD","61760","453.1967"
"2022/11/12 05:00:00","DUNWOD","61760","462.1542"
"2022/11/12 06:00:00","DUNWOD","61760","478.9499"
"2022/11/12 07:00:00","DUNWOD","61760","503.2629"
"2022/11/12 08:00:00","DUNWOD","61760","529.8836"
"2022/11/12 09:00:00","DUNWOD","61760","544.8021"
"2022/11/12 10:00:00","DUNWOD","61760","551.8185"
"2022/11/12 11:00:00","DUNWOD","61760","551.7024"
"2022/11/12 12:00:00","DUNWOD","61760","545.5334"
"2022/11/12 13:00:00","DUNWOD","61760","550.9382"
"2022/11/12 14:00:00","DUNWOD","61760","556.7592"
"2022/11/12 15:00:00","DUNWOD","61760","554.9797"
"2022/11/12 16:00:00","DUNWOD","61760","571.977"
"2022/11/12 17:00:00","DUNWOD","61760","606.8173"
"2022/11/12 18:00:00","DUNWOD","61760","598.9805"
"2022/11/12 19:00:00","DUNWOD","61760","587.5041"
"2022/11/12 20:00:00","DUNWOD","61760","573.1095"
"2022/11/12 21:00:00","DUNWOD","61760","552.9313"
"2022/11/12 22:00:00","DUNWOD","61760","529.4788"
"2022/11/12 23:00:00","DUNWOD","61760","499.923"
"2022/11/13 00:00:00","DUNWOD","61760","467.4202"
"2022/11/13 01:00:00","DUNWOD","61760","446.1691"
"2022/11/13 02:00:00","DUNWOD","61760","430.9871"
"2022/11/13 03:00:00","DUNWOD","61760","422.5032"
"2022/11/13 04:00:00","DUNWOD","61760","423.2242"
"2022/11/13 05:00:00","DUNWOD","61760","428.3766"
"2022/11/13 06:00:00","DUNWOD","61760","438.0357"
"2022/11/13 07:00:00","DUNWOD","61760","449.398"
"2022/11/13 08:00:00","DUNWOD","61760","482.2691"
"2022/11/13 09:00:00","DUNWOD","61760","513.9389"
"2022/11/13 10:00:00","DUNWOD","61760","535.6298"
"2022/11/13 11:00:00","DUNWOD","61760","533.0106"
"2022/11/13 12:00:00","DUNWOD","61760","512.523"
"2022/11/13 13:00:00","DUNWOD","61760","525.0497"
"2022/11/13 14:00:00","DUNWOD","61760","541.0884"
"2022/11/13 15:00:00","DUNWOD","61760","547.4155"
"2022/11/13 16:00:00","DUNWOD","61760","585.3816"
"2022/11/13 17:00:00","DUNWOD","61760","627.2689"
"2022/11/13 18:00:00","DUNWOD","61760","626.7471"
"2022/11/13 19:00:00","DUNWOD","61760","617.6323"
"2022/11/13 20:00:00","DUNWOD","61760","603.7115"
"2022/11/13 21:00:00","DUNWOD","61760","576.472"
"2022/11/13 22:00:00","DUNWOD","61760","544.7801"
"2022/11/13 23:00:00","DUNWOD","61760","502.8888"
"2022/11/14 00:00:00","DUNWOD","61760","482.8556"
"2022/11/14 01:00:00","DUNWOD","61760","468.2844"
"2022/11/14 02:00:00","DUNWOD","61760","461.2473"
"2022/11/14 03:00:00","DUNWOD","61760","453.0037"
"2022/11/14 04:00:00","DUNWOD","61760","462.8358"
"2022/11/14 05:00:00","DUNWOD","61760","495.2126"
"2022/11/14 06:00:00","DUNWOD","61760","553.7919"
"2022/11/14 07:00:00","DUNWOD","61760","604.4237"
"2022/11/14 08:00:00","DUNWOD","61760","608.3501"
"2022/11/14 09:00:00","DUNWOD","61760","603.261"
"2022/11/14 10:00:00","DUNWOD","61760","605.8476"
"2022/11/14 11:00:00","DUNWOD","61760","601.9302"
"2022/11/14 12:00:00","DUNWOD","61760","600.3443"
"2022/11/14 13:00:00","DUNWOD","61760","605.1803"
"2022/11/14 14:00:00","DUNWOD","61760","610.5751"
"2022/11/14 15:00:00","DUNWOD","61760","627.0574"
"2022/11/14 16:00:00","DUNWOD","61760","657.3063"
"2022/11/14 17:00:00","DUNWOD","61760","703.9983"
"2022/11/14 18:00:00","DUNWOD","61760","703.2246"
"2022/11/14 19:00:00","DUNWOD","61760","688.9853"
"2022/11/14 20:00:00","DUNWOD","61760","667.2459"
"2022/11/14 21:00:00","DUNWOD","61760","629.6864"
"2022/11/14 22:00:00","DUNWOD","61760","572.9307"
"2022/11/14 23:00:00","DUNWOD","61760","528.0532"
"2022/11/15 00:00:00","DUNWOD","61760","506.0438"
"2022/11/15 01:00:00","DUNWOD","61760","493.5154"
"2022/11/15 02:00:00","DUNWOD","61760","481.5853"
"2022/11/15 03:00:00","DUNWOD","61760","477.4636"
"2022/11/15 04:00:00","DUNWOD","61760","487.5135"
"2022/11/15 05:00:00","DUNWOD","61760","519.2184"
"2022/11/15 06:00:00","DUNWOD","61760","585.6441"
"2022/11/15 07:00:00","DUNWOD","61760","626.8198"
"2022/11/15 08:00:00","DUNWOD","61760","641.8171"
"2022/11/15 09:00:00","DUNWOD","61760","650.2947"
"2022/11/15 10:00:00","DUNWOD","61760","652.3754"
"2022/11/15 11:00:00","DUNWOD","61760","640.0833"
"2022/11/15 12:00:00","DUNWOD","61760","644.2613"
"2022/11/15 13:00:00","DUNWOD","61760","648.568"
"2022/11/15 14:00:00","DUNWOD","61760","649.1639"
"2022/11/15 15:00:00","DUNWOD","61760","664.5084"
"2022/11/15 16:00:00","DUNWOD","61760","687.2226"
"2022/11/15 17:00:00","DUNWOD","61760","715.7127"
"2022/11/15 18:00:00","DUNWOD","61760","708.3175"
"2022/11/15 19:00:00","DUNWOD","61760","685.2266"
"2022/11/15 20:00:00","DUNWOD","61760","662.7386"
"2022/11/15 21:00:00","DUNWOD","61760","638.0328"
"2022/11/15 22:00:00","DUNWOD","61760","589.8255"
"2022/11/15 23:00:00","DUNWOD","61760","541.6013"
"2022/11/16 00:00:00","DUNWOD","61760","519.6214"
"2022/11/16 01:00:00","DUNWOD","61760","504.3024"
"2022/11/16 02:00:00","DUNWOD","61760","492.1069"
"2022/11/16 03:00:00","DUNWOD","61760","487.1545"
"2022/11/16 04:00:00","DUNWOD","61760","487.217"
"2022/11/16 05:00:00","DUNWOD","61760","511.5474"
"2022/11/16 06:00:00","DUNWOD","61760","574.6732"
"2022/11/16 07:00:00","DUNWOD","61760","624.9149"
"2022/11/16 08:00:00","DUNWOD","61760","641.2288"
"2022/11/16 09:00:00","DUNWOD","61760","643.0468"
"2022/11/16 10:00:00","DUNWOD","61760","630.456"
"2022/11/16 11:00:00","DUNWOD","61760","632.2033"
"2022/11/16 12:00:00","DUNWOD","61760","627.2468"
"2022/11/16 13:00:00","DUNWOD","61760","632.7951"
"2022/11/16 14:00:00","DUNWOD","61760","637.1235"
"2022/11/16 15:00:00","DUNWOD","61760","650.5053"
"2022/11/16 16:00:00","DUNWOD","61760","682.6235"
"2022/11/16 17:00:00","DUNWOD","61760","714.7988"
"2022/11/16 18:00:00","DUNWOD","61760","711.4922"
"2022/11/16 19:00:00","DUNWOD","61760","690.5258"
"2022/11/16 20:00:00","DUNWOD","61760","661.1915"
"2022/11/16 21:00:00","DUNWOD","61760","632.4276"
"2022/11/16 22:00:00","DUNWOD","61760","591.4823"
"2022/11/16 23:00:00","DUNWOD","61760","554.6976"
"2022/11/17 00:00:00","DUNWOD","61760","528.8704"
"2022/11/17 01:00:00","DUNWOD","61760","512.4142"
"2022/11/17 02:00:00","DUNWOD","61760","498.4557"
"2022/11/17 03:00:00","DUNWOD","61760","491.4488"
"2022/11/17 04:00:00","DUNWOD","61760","495.1107"
"2022/11/17 05:00:00","DUNWOD","61760","522.1266"
"2022/11/17 06:00:00","DUNWOD","61760","585.6943"
"2022/11/17 07:00:00","DUNWOD","61760","625.148"
"2022/11/17 08:00:00","DUNWOD","61760","625.5613"
"2022/11/17 09:00:00","DUNWOD","61760","623.8802"
"2022/11/17 10:00:00","DUNWOD","61760","617.2336"
"2022/11/17 11:00:00","DUNWOD","61760","613.1618"
"2022/11/17 12:00:00","DUNWOD","61760","622.6972"
"2022/11/17 13:00:00","DUNWOD","61760","634.5774"
"2022/11/17 14:00:00","DUNWOD","61760","638.9568"
"2022/11/17 15:00:00","DUNWOD","61760","660.767"
"2022/11/17 16:00:00","DUNWOD","61760","695.397"
"2022/11/17 17:00:00","DUNWOD","61760","731.272"
"2022/11/17 18:00:00","DUNWOD","61760","731.2646"
"2022/11/17 19:00:00","DUNWOD","61760","705.2064"
"2022/11/17 20:00:00","DUNWOD","61760","678.4457"
"2022/11/17 21:00:00","DUNWOD","61760","650.6071"
"2022/11/17 22:00:00","DUNWOD","61760","608.7909"
"2022/11/17 23:00:00","DUNWOD","61760","562.6079"
"2022/11/18 00:00:00","DUNWOD","61760","533.6107"
"2022/11/18 01:00:00","DUNWOD","61760","517.7959"
"2022/11/18 02:00:00","DUNWOD","61760","508.3987"
"2022/11/18 03:00:00","DUNWOD","61760","503.7986"
"2022/11/18 04:00:00","DUNWOD","61760","510.9598"
"2022/11/18 05:00:00","DUNWOD","61760","539.1271"
"2022/11/18 06:00:00","DUNWOD","61760","594.8195"
"2022/11/18 07:00:00","DUNWOD","61760","633.3894"
"2022/11/18 08:00:00","DUNWOD","61760","645.7082"
"2022/11/18 09:00:00","DUNWOD","61760","647.2452"
"2022/11/18 10:00:00","DUNWOD","61760","640.1518"
"2022/11/18 11:00:00","DUNWOD","61760","633.5614"
"2022/11/18 12:00:00","DUNWOD","61760","638.0516"
"2022/11/18 13:00:00","DUNWOD","61760","635.398"
"2022/11/18 14:00:00","DUNWOD","61760","639.4879"
"2022/11/18 15:00:00","DUNWOD","61760","647.785"
"2022/11/18 16:00:00","DUNWOD","61760","681.0334"
"2022/11/18 17:00:00","DUNWOD","61760","718.6654"
"2022/11/18 18:00:00","DUNWOD","61760","714.2547"
"2022/11/18 19:00:00","DUNWOD","61760","696.4862"
"2022/11/18 20:00:00","DUNWOD","61760","677.7517"
"2022/11/18 21:00:00","DUNWOD","61760","650.77"
"2022/11/18 22:00:00","DUNWOD","61760","611.2093"
"2022/11/18 23:00:00","DUNWOD","61760","570.9824"
"2022/11/19 00:00:00","DUNWOD","61760","546.024"
"2022/11/19 01:00:00","DUNWOD","61760","530.158"
"2022/11/19 02:00:00","DUNWOD","61760","514.0467"
"2022/11/19 03:00:00","DUNWOD","61760","508.1837"
"2022/11/19 04:00:00","DUNWOD","61760","510.4393"
"2022/11/19 05:00:00","DUNWOD","61760","527.8888"
"2022/11/19 06:00:00","DUNWOD","61760","553.1176"
"2022/11/19 07:00:00","DUNWOD","61760","572.5203"
"2022/11/19 08:00:00","DUNWOD","61760","591.599"
"2022/11/19 09:00:00","DUNWOD","61760","602.0683"
"2022/11/19 10:00:00","DUNWOD","61760","598.3863"
"2022/11/19 11:00:00","DUNWOD","61760","600.4265"
"2022/11/19 12:00:00","DUNWOD","61760","595.6799"
"2022/11/19 13:00:00","DUNWOD","61760","595.7075"
"2022/11/19 14:00:00","DUNWOD","61760","600.6971"
"2022/11/19 15:00:00","DUNWOD","61760","617.6811"
"2022/11/19 16:00:00","DUNWOD","61760","652.7187"
"2022/11/19 17:00:00","DUNWOD","61760","693.901"
"2022/11/19 18:00:00","DUNWOD","61760","693.4092"
"2022/11/19 19:00:00","DUNWOD","61760","680.7921"
"2022/11/19 20:00:00","DUNWOD","61760","668.5014"
"2022/11/19 21:00:00","DUNWOD","61760","645.7016"
"2022/11/19 22:00:00","DUNWOD","61760","617.7414"
"2022/11/19 23:00:00","DUNWOD","61760","584.2363"
"2022/11/20 00:00:00","DUNWOD","61760","551.346"
"2022/11/20 01:00:00","DUNWOD","61760","532.4529"
"2022/11/20 02:00:00","DUNWOD","61760","514.0741"
"2022/11/20 03:00:00","DUNWOD","61760","506.5526"
"2022/11/20 04:00:00","DUNWOD","61760","508.2506"
"2022/11/20 05:00:00","DUNWOD","61760","524.0704"
"2022/11/20 06:00:00","DUNWOD","61760","542.7929"
"2022/11/20 07:00:00","DUNWOD","61760","557.1333"
"2022/11/20 08:00:00","DUNWOD","61760","575.0533"
"2022/11/20 09:00:00","DUNWOD","61760","580.0312"
"2022/11/20 10:00:00","DUNWOD","61760","594.7859"
"2022/11/20 11:00:00","DUNWOD","61760","597.8677"
"2022/11/20 12:00:00","DUNWOD","61760","602.7683"
"2022/11/20 13:00:00","DUNWOD","61760","606.9667"
"2022/11/20 14:00:00","DUNWOD","61760","616.1608"
"2022/11/20 15:00:00","DUNWOD","61760","634.6058"
"2022/11/20 16:00:00","DUNWOD","61760","671.3634"
"2022/11/20 17:00:00","DUNWOD","61760","708.2795"
"2022/11/20 18:00:00","DUNWOD","61760","716.5545"
"2022/11/20 19:00:00","DUNWOD","61760","708.0889"
"2022/11/20 20:00:00","DUNWOD","61760","696.2728"
"2022/11/20 21:00:00","DUNWOD","61760","656.2761"
"2022/11/20 22:00:00","DUNWOD","61760","637.2525"
"2022/11/20 23:00:00","DUNWOD","61760","587.4232"
"2022/11/21 00:00:00","DUNWOD","61760","560.2638"
"2022/11/21 01:00:00","DUNWOD","61760","542.8798"
"2022/11/21 02:00:00","DUNWOD","61760","530.0387"
"2022/11/21 03:00:00","DUNWOD","61760","528.1558"
"2022/11/21 04:00:00","DUNWOD","61760","531.7641"
"2022/11/21 05:00:00","DUNWOD","61760","562.8869"
"2022/11/21 06:00:00","DUNWOD","61760","629.1116"
"2022/11/21 07:00:00","DUNWOD","61760","674.8967"
"2022/11/21 08:00:00","DUNWOD","61760","683.8488"
"2022/11/21 09:00:00","DUNWOD","61760","681.6181"
"2022/11/21 10:00:00","DUNWOD","61760","672.2251"
"2022/11/21 11:00:00","DUNWOD","61760","666.7545"
"2022/11/21 12:00:00","DUNWOD","61760","660.3001"
"2022/11/21 13:00:00","DUNWOD","61760","657.545"
"2022/11/21 14:00:00","DUNWOD","61760","664.2399"
"2022/11/21 15:00:00","DUNWOD","61760","682.6795"
"2022/11/21 16:00:00","DUNWOD","61760","720.2728"
"2022/11/21 17:00:00","DUNWOD","61760","762.7352"
"2022/11/21 18:00:00","DUNWOD","61760","762.6417"
"2022/11/21 19:00:00","DUNWOD","61760","733.1753"
"2022/11/21 20:00:00","DUNWOD","61760","695.4309"
"2022/11/21 21:00:00","DUNWOD","61760","660.7891"
"2022/11/21 22:00:00","DUNWOD","61760","605.0544"
"2022/11/21 23:00:00","DUNWOD","61760","579.4953"
"2022/11/22 00:00:00","DUNWOD","61760","526.1622"
"2022/11/22 01:00:00","DUNWOD","61760","530.8111"
"2022/11/22 02:00:00","DUNWOD","61760","520.8928"
"2022/11/22 03:00:00","DUNWOD","61760","518.1987"
"2022/11/22 04:00:00","DUNWOD","61760","528.5673"
"2022/11/22 05:00:00","DUNWOD","61760","556.6434"
"2022/11/22 06:00:00","DUNWOD","61760","616.6377"
"2022/11/22 07:00:00","DUNWOD","61760","659.7181"
"2022/11/22 08:00:00","DUNWOD","61760","666.3774"
"2022/11/22 09:00:00","DUNWOD","61760","659.2508"
"2022/11/22 10:00:00","DUNWOD","61760","650.7857"
"2022/11/22 11:00:00","DUNWOD","61760","646.2916"
"2022/11/22 12:00:00","DUNWOD","61760","642.7357"
"2022/11/22 13:00:00","DUNWOD","61760","644.733"
"2022/11/22 14:00:00","DUNWOD","61760","653.0063"
"2022/11/22 15:00:00","DUNWOD","61760","668.0681"
"2022/11/22 16:00:00","DUNWOD","61760","698.3103"
"2022/11/22 17:00:00","DUNWOD","61760","737.2862"
"2022/11/22 18:00:00","DUNWOD","61760","733.1716"
"2022/11/22 19:00:00","DUNWOD","61760","717.8897"
"2022/11/22 20:00:00","DUNWOD","61760","693.0972"
"2022/11/22 21:00:00","DUNWOD","61760","659.2003"
"2022/11/22 22:00:00","DUNWOD","61760","614.6239"
"2022/11/22 23:00:00","DUNWOD","61760","574.3399"
"2022/11/23 00:00:00","DUNWOD","61760","554.0027"
"2022/11/23 01:00:00","DUNWOD","61760","540.272"
"2022/11/23 02:00:00","DUNWOD","61760","513.988"
"2022/11/23 03:00:00","DUNWOD","61760","504.9134"
"2022/11/23 04:00:00","DUNWOD","61760","490.4755"
"2022/11/23 05:00:00","DUNWOD","61760","555.2846"
"2022/11/23 06:00:00","DUNWOD","61760","607.1362"
"2022/11/23 07:00:00","DUNWOD","61760","643.8174"
"2022/11/23 08:00:00","DUNWOD","61760","649.3594"
"2022/11/23 09:00:00","DUNWOD","61760","646.5361"
"2022/11/23 10:00:00","DUNWOD","61760","642.4479"
"2022/11/23 11:00:00","DUNWOD","61760","631.5849"
"2022/11/23 12:00:00","DUNWOD","61760","626.0741"
"2022/11/23 13:00:00","DUNWOD","61760","627.9272"
"2022/11/23 14:00:00","DUNWOD","61760","634.9672"
"2022/11/23 15:00:00","DUNWOD","61760","641.1027"
"2022/11/23 16:00:00","DUNWOD","61760","671.0444"
"2022/11/23 17:00:00","DUNWOD","61760","712.325"
"2022/11/23 18:00:00","DUNWOD","61760","709.1426"
"2022/11/23 19:00:00","DUNWOD","61760","693.4078"
"2022/11/23 20:00:00","DUNWOD","61760","667.5002"
"2022/11/23 21:00:00","DUNWOD","61760","641.6962"
"2022/11/23 22:00:00","DUNWOD","61760","607.6002"
"2022/11/23 23:00:00","DUNWOD","61760","572.4023"
"2022/11/24 00:00:00","DUNWOD","61760","551.5695"
"2022/11/24 01:00:00","DUNWOD","61760","532.3368"
"2022/11/24 02:00:00","DUNWOD","61760","519.1473"
"2022/11/24 03:00:00","DUNWOD","61760","511.2424"
"2022/11/24 04:00:00","DUNWOD","61760","515.0691"
"2022/11/24 05:00:00","DUNWOD","61760","533.4177"
"2022/11/24 06:00:00","DUNWOD","61760","553.908"
"2022/11/24 07:00:00","DUNWOD","61760","569.6854"
"2022/11/24 08:00:00","DUNWOD","61760","583.729"
"2022/11/24 09:00:00","DUNWOD","61760","584.9282"
"2022/11/24 10:00:00","DUNWOD","61760","591.6726"
"2022/11/24 11:00:00","DUNWOD","61760","598.6765"
"2022/11/24 12:00:00","DUNWOD","61760","597.8275"
"2022/11/24 13:00:00","DUNWOD","61760","601.7749"
"2022/11/24 14:00:00","DUNWOD","61760","600.9184"
"2022/11/24 15:00:00","DUNWOD","61760","597.6839"
"2022/11/24 16:00:00","DUNWOD","61760","610.6922"
"2022/11/24 17:00:00","DUNWOD","61760","616.0662"
"2022/11/24 18:00:00","DUNWOD","61760","603.0579"
"2022/11/24 19:00:00","DUNWOD","61760","593.2622"
"2022/11/24 20:00:00","DUNWOD","61760","591.7166"
"2022/11/24 21:00:00","DUNWOD","61760","584.3354"
"2022/11/24 22:00:00","DUNWOD","61760","570.7147"
"2022/11/24 23:00:00","DUNWOD","61760","548.6709"
"2022/11/25 00:00:00","DUNWOD","61760","524.8178"
"2022/11/25 01:00:00","DUNWOD","61760","507.1022"
"2022/11/25 02:00:00","DUNWOD","61760","491.369"
"2022/11/25 03:00:00","DUNWOD","61760","482.5141"
"2022/11/25 04:00:00","DUNWOD","61760","487.2712"
"2022/11/25 05:00:00","DUNWOD","61760","506.1315"
"2022/11/25 06:00:00","DUNWOD","61760","534.8285"
"2022/11/25 07:00:00","DUNWOD","61760","552.6214"
"2022/11/25 08:00:00","DUNWOD","61760","578.3304"
"2022/11/25 09:00:00","DUNWOD","61760","611.7643"
"2022/11/25 10:00:00","DUNWOD","61760","621.8399"
"2022/11/25 11:00:00","DUNWOD","61760","644.7391"
"2022/11/25 12:00:00","DUNWOD","61760","640.8069"
"2022/11/25 13:00:00","DUNWOD","61760","608.4676"
"2022/11/25 14:00:00","DUNWOD","61760","604.5005"
"2022/11/25 15:00:00","DUNWOD","61760","621.9004"
"2022/11/25 16:00:00","DUNWOD","61760","650.2139"
"2022/11/25 17:00:00","DUNWOD","61760","680.3682"
"2022/11/25 18:00:00","DUNWOD","61760","671.6438"
"2022/11/25 19:00:00","DUNWOD","61760","660.5217"
"2022/11/25 20:00:00","DUNWOD","61760","645.1501"
"2022/11/25 21:00:00","DUNWOD","61760","623.0379"
"2022/11/25 22:00:00","DUNWOD","61760","596.5509"
"2022/11/25 23:00:00","DUNWOD","61760","563.8062"
"2022/11/26 00:00:00","DUNWOD","61760","535.4647"
"2022/11/26 01:00:00","DUNWOD","61760","513.9922"
"2022/11/26 02:00:00","DUNWOD","61760","500.2383"
"2022/11/26 03:00:00","DUNWOD","61760","490.8363"
"2022/11/26 04:00:00","DUNWOD","61760","492.2318"
"2022/11/26 05:00:00","DUNWOD","61760","500.6255"
"2022/11/26 06:00:00","DUNWOD","61760","514.7528"
"2022/11/26 07:00:00","DUNWOD","61760","531.7293"
"2022/11/26 08:00:00","DUNWOD","61760","550.7721"
"2022/11/26 09:00:00","DUNWOD","61760","560.2202"
"2022/11/26 10:00:00","DUNWOD","61760","567.903"
"2022/11/26 11:00:00","DUNWOD","61760","566.7694"
"2022/11/26 12:00:00","DUNWOD","61760","566.7536"
"2022/11/26 13:00:00","DUNWOD","61760","569.2169"
"2022/11/26 14:00:00","DUNWOD","61760","574.1511"
"2022/11/26 15:00:00","DUNWOD","61760","582.8214"
"2022/11/26 16:00:00","DUNWOD","61760","605.6767"
"2022/11/26 17:00:00","DUNWOD","61760","642.56"
"2022/11/26 18:00:00","DUNWOD","61760","644.0379"
"2022/11/26 19:00:00","DUNWOD","61760","636.4637"
"2022/11/26 20:00:00","DUNWOD","61760","626.3747"
"2022/11/26 21:00:00","DUNWOD","61760","607.1691"
"2022/11/26 22:00:00","DUNWOD","61760","581.2161"
"2022/11/26 23:00:00","DUNWOD","61760","555.1768"
"2022/11/27 00:00:00","DUNWOD","61760","526.7808"
"2022/11/27 01:00:00","DUNWOD","61760","513.0455"
"2022/11/27 02:00:00","DUNWOD","61760","496.3607"
"2022/11/27 03:00:00","DUNWOD","61760","486.367"
"2022/11/27 04:00:00","DUNWOD","61760","484.687"
"2022/11/27 05:00:00","DUNWOD","61760","488.3381"
"2022/11/27 06:00:00","DUNWOD","61760","503.0447"
"2022/11/27 07:00:00","DUNWOD","61760","518.5549"
"2022/11/27 08:00:00","DUNWOD","61760","537.1578"
"2022/11/27 09:00:00","DUNWOD","61760","552.0512"
"2022/11/27 10:00:00","DUNWOD","61760","572.8063"
"2022/11/27 11:00:00","DUNWOD","61760","587.3132"
"2022/11/27 12:00:00","DUNWOD","61760","601.5728"
"2022/11/27 13:00:00","DUNWOD","61760","615.297"
"2022/11/27 14:00:00","DUNWOD","61760","625.8779"
"2022/11/27 15:00:00","DUNWOD","61760","636.2863"
"2022/11/27 16:00:00","DUNWOD","61760","652.5456"
"2022/11/27 17:00:00","DUNWOD","61760","673.2142"
"2022/11/27 18:00:00","DUNWOD","61760","669.2162"
"2022/11/27 19:00:00","DUNWOD","61760","650.3947"
"2022/11/27 20:00:00","DUNWOD","61760","633.6391"
"2022/11/27 21:00:00","DUNWOD","61760","607.4368"
"2022/11/27 22:00:00","DUNWOD","61760","568.4983"
"2022/11/27 23:00:00","DUNWOD","61760","533.052"
"2022/11/28 00:00:00","DUNWOD","61760","506.799"
"2022/11/28 01:00:00","DUNWOD","61760","487.0932"
"2022/11/28 02:00:00","DUNWOD","61760","474.0158"
"2022/11/28 03:00:00","DUNWOD","61760","469.8285"
"2022/11/28 04:00:00","DUNWOD","61760","475.5272"
"2022/11/28 05:00:00","DUNWOD","61760","503.5378"
"2022/11/28 06:00:00","DUNWOD","61760","561.7605"
"2022/11/28 07:00:00","DUNWOD","61760","610.0543"
"2022/11/28 08:00:00","DUNWOD","61760","625.5121"
"2022/11/28 09:00:00","DUNWOD","61760","624.3454"
"2022/11/28 10:00:00","DUNWOD","61760","620.9412"
"2022/11/28 11:00:00","DUNWOD","61760","631.8277"
"2022/11/28 12:00:00","DUNWOD","61760","623.5911"
"2022/11/28 13:00:00","DUNWOD","61760","619.7843"
"2022/11/28 14:00:00","DUNWOD","61760","620.2953"
"2022/11/28 15:00:00","DUNWOD","61760","634.5904"
"2022/11/28 16:00:00","DUNWOD","61760","677.9076"
"2022/11/28 17:00:00","DUNWOD","61760","718.4895"
"2022/11/28 18:00:00","DUNWOD","61760","716.87"
"2022/11/28 19:00:00","DUNWOD","61760","695.47"
"2022/11/28 20:00:00","DUNWOD","61760","671.5581"
"2022/11/28 21:00:00","DUNWOD","61760","639.3079"
"2022/11/28 22:00:00","DUNWOD","61760","596.3207"
"2022/11/28 23:00:00","DUNWOD","61760","553.1773"
"2022/11/29 00:00:00","DUNWOD","61760","523.3736"
"2022/11/29 01:00:00","DUNWOD","61760","516.4569"
"2022/11/29 02:00:00","DUNWOD","61760","505.0258"
"2022/11/29 03:00:00","DUNWOD","61760","503.2981"
"2022/11/29 04:00:00","DUNWOD","61760","515.5607"
"2022/11/29 05:00:00","DUNWOD","61760","543.3431"
"2022/11/29 06:00:00","DUNWOD","61760","602.9617"
"2022/11/29 07:00:00","DUNWOD","61760","656.1408"
"2022/11/29 08:00:00","DUNWOD","61760","668.8212"
"2022/11/29 09:00:00","DUNWOD","61760","680.4543"
"2022/11/29 10:00:00","DUNWOD","61760","675.4393"
"2022/11/29 11:00:00","DUNWOD","61760","674.9073"
"2022/11/29 12:00:00","DUNWOD","61760","682.4228"
"2022/11/29 13:00:00","DUNWOD","61760","677.54"
"2022/11/29 14:00:00","DUNWOD","61760","679.3604"
"2022/11/29 15:00:00","DUNWOD","61760","693.192"
"2022/11/29 16:00:00","DUNWOD","61760","715.7374"
"2022/11/29 17:00:00","DUNWOD","61760","749.4489"
"2022/11/29 18:00:00","DUNWOD","61760","751.88"
"2022/11/29 19:00:00","DUNWOD","61760","740.9972"
"2022/11/29 20:00:00","DUNWOD","61760","715.8916"
"2022/11/29 21:00:00","DUNWOD","61760","682.8881"
"2022/11/29 22:00:00","DUNWOD","61760","633.6326"
"2022/11/29 23:00:00","DUNWOD","61760","586.9434"
"2022/11/30 00:00:00","DUNWOD","61760","560.627"
"2022/11/30 01:00:00","DUNWOD","61760","541.1935"
"2022/11/30 02:00:00","DUNWOD","61760","524.8778"
"2022/11/30 03:00:00","DUNWOD","61760","516.7617"
"2022/11/30 04:00:00","DUNWOD","61760","520.6321"
"2022/11/30 05:00:00","DUNWOD","61760","543.9184"
"2022/11/30 06:00:00","DUNWOD","61760","603.5661"
"2022/11/30 07:00:00","DUNWOD","61760","656.2343"
"2022/11/30 08:00:00","DUNWOD","61760","669.6104"
"2022/11/30 09:00:00","DUNWOD","61760","683.3105"
"2022/11/30 10:00:00","DUNWOD","61760","693.6722"
"2022/11/30 11:00:00","DUNWOD","61760","706.5871"
"2022/11/30 12:00:00","DUNWOD","61760","712.5951"
"2022/11/30 13:00:00","DUNWOD","61760","714.0502"
"2022/11/30 14:00:00","DUNWOD","61760","698.5681"
"2022/11/30 15:00:00","DUNWOD","61760","697.9417"
"2022/11/30 16:00:00","DUNWOD","61760","717.6501"
"2022/11/30 17:00:00","DUNWOD","61760","732.1209"
"2022/11/30 18:00:00","DUNWOD","61760","727.8554"
"2022/11/30 19:00:00","DUNWOD","61760","707.6541"
"2022/11/30 20:00:00","DUNWOD","61760","680.799"
"2022/11/30 21:00:00","DUNWOD","61760","648.4525"
"2022/11/30 22:00:00","DUNWOD","61760","614.8649"
"2022/11/30 23:00:00","DUNWOD","61760","569.8003"
"2022/12/01 00:00:00","DUNWOD","61760","546.1679"
"2022/12/01 01:00:00","DUNWOD","61760","522.2329"
"2022/12/01 02:00:00","DUNWOD","61760","506.4446"
"2022/12/01 03:00:00","DUNWOD","61760","503.6348"
"2022/12/01 04:00:00","DUNWOD","61760","511.1867"
"2022/12/01 05:00:00","DUNWOD","61760","539.5542"
"2022/12/01 06:00:00","DUNWOD","61760","602.7894"
"2022/12/01 07:00:00","DUNWOD","61760","652.0056"
"2022/12/01 08:00:00","DUNWOD","61760","661.7916"
"2022/12/01 09:00:00","DUNWOD","61760","677.789"
"2022/12/01 10:00:00","DUNWOD","61760","680.2896"
"2022/12/01 11:00:00","DUNWOD","61760","664.4891"
"2022/12/01 12:00:00","DUNWOD","61760","655.9767"
"2022/12/01 13:00:00","DUNWOD","61760","650.2177"
"2022/12/01 14:00:00","DUNWOD","61760","651.3257"
"2022/12/01 15:00:00","DUNWOD","61760","674.1243"
"2022/12/01 16:00:00","DUNWOD","61760","715.0648"
"2022/12/01 17:00:00","DUNWOD","61760","753.9091"
"2022/12/01 18:00:00","DUNWOD","61760","752.986"
"2022/12/01 19:00:00","DUNWOD","61760","740.7563"
"2022/12/01 20:00:00","DUNWOD","61760","709.9009"
"2022/12/01 21:00:00","DUNWOD","61760","676.5748"
"2022/12/01 22:00:00","DUNWOD","61760","629.2225"
"2022/12/01 23:00:00","DUNWOD","61760","582.5026"
"2022/12/02 00:00:00","DUNWOD","61760","554.7414"
"2022/12/02 01:00:00","DUNWOD","61760","534.5671"
"2022/12/02 02:00:00","DUNWOD","61760","523.3134"
"2022/12/02 03:00:00","DUNWOD","61760","519.6467"
"2022/12/02 04:00:00","DUNWOD","61760","526.1304"
"2022/12/02 05:00:00","DUNWOD","61760","556.5035"
"2022/12/02 06:00:00","DUNWOD","61760","619.06"
"2022/12/02 07:00:00","DUNWOD","61760","667.7938"
"2022/12/02 08:00:00","DUNWOD","61760","670.9213"
"2022/12/02 09:00:00","DUNWOD","61760","664.9932"
"2022/12/02 10:00:00","DUNWOD","61760","656.5553"
"2022/12/02 11:00:00","DUNWOD","61760","645.7871"
"2022/12/02 12:00:00","DUNWOD","61760","639.8892"
"2022/12/02 13:00:00","DUNWOD","61760","640.1971"
"2022/12/02 14:00:00","DUNWOD","61760","644.0369"
"2022/12/02 15:00:00","DUNWOD","61760","660.1121"
"2022/12/02 16:00:00","DUNWOD","61760","699.3644"
"2022/12/02 17:00:00","DUNWOD","61760","733.2324"
"2022/12/02 18:00:00","DUNWOD","61760","732.1423"
"2022/12/02 19:00:00","DUNWOD","61760","714.0924"
"2022/12/02 20:00:00","DUNWOD","61760","686.3255"
"2022/12/02 21:00:00","DUNWOD","61760","655.4726"
"2022/12/02 22:00:00","DUNWOD","61760","617.3996"
"2022/12/02 23:00:00","DUNWOD","61760","576.4087"
"2022/12/03 00:00:00","DUNWOD","61760","546.2524"
"2022/12/03 01:00:00","DUNWOD","61760","519.1162"
"2022/12/03 02:00:00","DUNWOD","61760","499.4702"
"2022/12/03 03:00:00","DUNWOD","61760","486.9361"
"2022/12/03 04:00:00","DUNWOD","61760","483.1083"
"2022/12/03 05:00:00","DUNWOD","61760","493.8565"
"2022/12/03 06:00:00","DUNWOD","61760","514.4883"
"2022/12/03 07:00:00","DUNWOD","61760","541.0146"
"2022/12/03 08:00:00","DUNWOD","61760","578.4238"
"2022/12/03 09:00:00","DUNWOD","61760","608.2335"
"2022/12/03 10:00:00","DUNWOD","61760","629.431"
"2022/12/03 11:00:00","DUNWOD","61760","639.4139"
"2022/12/03 12:00:00","DUNWOD","61760","644.1088"
"2022/12/03 13:00:00","DUNWOD","61760","646.1115"
"2022/12/03 14:00:00","DUNWOD","61760","634.8378"
"2022/12/03 15:00:00","DUNWOD","61760","626.1015"
"2022/12/03 16:00:00","DUNWOD","61760","641.5804"
"2022/12/03 17:00:00","DUNWOD","61760","662.0905"
"2022/12/03 18:00:00","DUNWOD","61760","655.4926"
"2022/12/03 19:00:00","DUNWOD","61760","638.9243"
"2022/12/03 20:00:00","DUNWOD","61760","626.6312"
"2022/12/03 21:00:00","DUNWOD","61760","610.3857"
"2022/12/03 22:00:00","DUNWOD","61760","586.262"
"2022/12/03 23:00:00","DUNWOD","61760","553.1051"
"2022/12/04 00:00:00","DUNWOD","61760","527.3409"
"2022/12/04 01:00:00","DUNWOD","61760","506.7361"
"2022/12/04 02:00:00","DUNWOD","61760","496.651"
"2022/12/04 03:00:00","DUNWOD","61760","488.6312"
"2022/12/04 04:00:00","DUNWOD","61760","490.263"
"2022/12/04 05:00:00","DUNWOD","61760","500.9701"
"2022/12/04 06:00:00","DUNWOD","61760","524.9897"
"2022/12/04 07:00:00","DUNWOD","61760","544.5417"
"2022/12/04 08:00:00","DUNWOD","61760","549.8485"
"2022/12/04 09:00:00","DUNWOD","61760","559.6188"
"2022/12/04 10:00:00","DUNWOD","61760","569.9347"
"2022/12/04 11:00:00","DUNWOD","61760","568.1989"
"2022/12/04 12:00:00","DUNWOD","61760","569.4698"
"2022/12/04 13:00:00","DUNWOD","61760","576.6224"
"2022/12/04 14:00:00","DUNWOD","61760","589.1416"
"2022/12/04 15:00:00","DUNWOD","61760","609.5968"
"2022/12/04 16:00:00","DUNWOD","61760","653.4071"
"2022/12/04 17:00:00","DUNWOD","61760","693.6564"
"2022/12/04 18:00:00","DUNWOD","61760","700.79"
"2022/12/04 19:00:00","DUNWOD","61760","695.677"
"2022/12/04 20:00:00","DUNWOD","61760","686.2526"
"2022/12/04 21:00:00","DUNWOD","61760","659.3658"
"2022/12/04 22:00:00","DUNWOD","61760","620.545"
"2022/12/04 23:00:00","DUNWOD","61760","575.8088"
"2022/12/05 00:00:00","DUNWOD","61760","547.2231"
"2022/12/05 01:00:00","DUNWOD","61760","529.8789"
"2022/12/05 02:00:00","DUNWOD","61760","518.9963"
"2022/12/05 03:00:00","DUNWOD","61760","517.114"
"2022/12/05 04:00:00","DUNWOD","61760","528.1827"
"2022/12/05 05:00:00","DUNWOD","61760","564.5848"
"2022/12/05 06:00:00","DUNWOD","61760","630.7839"
"2022/12/05 07:00:00","DUNWOD","61760","681.9023"
"2022/12/05 08:00:00","DUNWOD","61760","680.6429"
"2022/12/05 09:00:00","DUNWOD","61760","670.7636"
"2022/12/05 10:00:00","DUNWOD","61760","661.7316"
"2022/12/05 11:00:00","DUNWOD","61760","649.8087"
"2022/12/05 12:00:00","DUNWOD","61760","647.9638"
"2022/12/05 13:00:00","DUNWOD","61760","660.283"
"2022/12/05 14:00:00","DUNWOD","61760","649.8565"
"2022/12/05 15:00:00","DUNWOD","61760","660.6085"
"2022/12/05 16:00:00","DUNWOD","61760","702.8096"
"2022/12/05 17:00:00","DUNWOD","61760","750.6614"
"2022/12/05 18:00:00","DUNWOD","61760","748.079"
"2022/12/05 19:00:00","DUNWOD","61760","733.3014"
"2022/12/05 20:00:00","DUNWOD","61760","711.791"
"2022/12/05 21:00:00","DUNWOD","61760","679.7676"
"2022/12/05 22:00:00","DUNWOD","61760","627.0161"
"2022/12/05 23:00:00","DUNWOD","61760","577.0114"
"2022/12/06 00:00:00","DUNWOD","61760","547.5181"
"2022/12/06 01:00:00","DUNWOD","61760","527.4965"
"2022/12/06 02:00:00","DUNWOD","61760","512.8461"
"2022/12/06 03:00:00","DUNWOD","61760","509.1932"
"2022/12/06 04:00:00","DUNWOD","61760","513.9052"
"2022/12/06 05:00:00","DUNWOD","61760","540.4117"
"2022/12/06 06:00:00","DUNWOD","61760","595.8761"
"2022/12/06 07:00:00","DUNWOD","61760","650.5953"
"2022/12/06 08:00:00","DUNWOD","61760","665.6206"
"2022/12/06 09:00:00","DUNWOD","61760","669.1503"
"2022/12/06 10:00:00","DUNWOD","61760","675.2469"
"2022/12/06 11:00:00","DUNWOD","61760","675.2831"
"2022/12/06 12:00:00","DUNWOD","61760","673.347"
"2022/12/06 13:00:00","DUNWOD","61760","672.4192"
"2022/12/06 14:00:00","DUNWOD","61760","671.0204"
"2022/12/06 15:00:00","DUNWOD","61760","676.974"
"2022/12/06 16:00:00","DUNWOD","61760","705.9319"
"2022/12/06 17:00:00","DUNWOD","61760","728.6988"
"2022/12/06 18:00:00","DUNWOD","61760","725.3121"
"2022/12/06 19:00:00","DUNWOD","61760","704.8388"
"2022/12/06 20:00:00","DUNWOD","61760","673.5814"
"2022/12/06 21:00:00","DUNWOD","61760","636.8808"
"2022/12/06 22:00:00","DUNWOD","61760","598.6544"
"2022/12/06 23:00:00","DUNWOD","61760","546.5181"
"2022/12/07 00:00:00","DUNWOD","61760","512.983"
"2022/12/07 01:00:00","DUNWOD","61760","492.5072"
"2022/12/07 02:00:00","DUNWOD","61760","476.2007"
"2022/12/07 03:00:00","DUNWOD","61760","466.8711"
"2022/12/07 04:00:00","DUNWOD","61760","476.1189"
"2022/12/07 05:00:00","DUNWOD","61760","502.5617"
"2022/12/07 06:00:00","DUNWOD","61760","552.8692"
"2022/12/07 07:00:00","DUNWOD","61760","603.3089"
"2022/12/07 08:00:00","DUNWOD","61760","631.017"
"2022/12/07 09:00:00","DUNWOD","61760","645.645"
"2022/12/07 10:00:00","DUNWOD","61760","650.3893"
"2022/12/07 11:00:00","DUNWOD","61760","655.6269"
"2022/12/07 12:00:00","DUNWOD","61760","656.4443"
"2022/12/07 13:00:00","DUNWOD","61760","656.0362"
"2022/12/07 14:00:00","DUNWOD","61760","648.8189"
"2022/12/07 15:00:00","DUNWOD","61760","656.0939"
"2022/12/07 16:00:00","DUNWOD","61760","682.4216"
"2022/12/07 17:00:00","DUNWOD","61760","702.6114"
"2022/12/07 18:00:00","DUNWOD","61760","695.5613"
"2022/12/07 19:00:00","DUNWOD","61760","676.1487"
"2022/12/07 20:00:00","DUNWOD","61760","651.5377"
"2022/12/07 21:00:00","DUNWOD","61760","617.9725"
"2022/12/07 22:00:00","DUNWOD","61760","574.9756"
"2022/12/07 23:00:00","DUNWOD","61760","528.6828"
"2022/12/08 00:00:00","DUNWOD","61760","498.414"
"2022/12/08 01:00:00","DUNWOD","61760","478.5948"
"2022/12/08 02:00:00","DUNWOD","61760","465.9156"
"2022/12/08 03:00:00","DUNWOD","61760","459.2723"
"2022/12/08 04:00:00","DUNWOD","61760","462.6724"
"2022/12/08 05:00:00","DUNWOD","61760","495.2331"
"2022/12/08 06:00:00","DUNWOD","61760","558.4381"
"2022/12/08 07:00:00","DUNWOD","61760","602.721"
"2022/12/08 08:00:00","DUNWOD","61760","611.3303"
"2022/12/08 09:00:00","DUNWOD","61760","619.8599"
"2022/12/08 10:00:00","DUNWOD","61760","623.9527"
"2022/12/08 11:00:00","DUNWOD","61760","628.0547"
"2022/12/08 12:00:00","DUNWOD","61760","626.6425"
"2022/12/08 13:00:00","DUNWOD","61760","621.7607"
"2022/12/08 14:00:00","DUNWOD","61760","629.4371"
"2022/12/08 15:00:00","DUNWOD","61760","643.1222"
"2022/12/08 16:00:00","DUNWOD","61760","681.2792"
"2022/12/08 17:00:00","DUNWOD","61760","716.8499"
"2022/12/08 18:00:00","DUNWOD","61760","712.23"
"2022/12/08 19:00:00","DUNWOD","61760","697.5856"
"2022/12/08 20:00:00","DUNWOD","61760","675.8984"
"2022/12/08 21:00:00","DUNWOD","61760","647.0761"
"2022/12/08 22:00:00","DUNWOD","61760","599.9038"
"2022/12/08 23:00:00","DUNWOD","61760","556.7265"
"2022/12/09 00:00:00","DUNWOD","61760","530.2848"
"2022/12/09 01:00:00","DUNWOD","61760","521.6769"
"2022/12/09 02:00:00","DUNWOD","61760","514.3313"
"2022/12/09 03:00:00","DUNWOD","61760","510.0087"
"2022/12/09 04:00:00","DUNWOD","61760","517.7734"
"2022/12/09 05:00:00","DUNWOD","61760","544.669"
"2022/12/09 06:00:00","DUNWOD","61760","605.1277"
"2022/12/09 07:00:00","DUNWOD","61760","648.9059"
"2022/12/09 08:00:00","DUNWOD","61760","659.2518"
"2022/12/09 09:00:00","DUNWOD","61760","658.8137"
"2022/12/09 10:00:00","DUNWOD","61760","650.5222"
"2022/12/09 11:00:00","DUNWOD","61760","640.7553"
"2022/12/09 12:00:00","DUNWOD","61760","634.7479"
"2022/12/09 13:00:00","DUNWOD","61760","636.7582"
"2022/12/09 14:00:00","DUNWOD","61760","640.2858"
"2022/12/09 15:00:00","DUNWOD","61760","659.9915"
"2022/12/09 16:00:00","DUNWOD","61760","695.7532"
"2022/12/09 17:00:00","DUNWOD","61760","742.3963"
"2022/12/09 18:00:00","DUNWOD","61760","739.781"
"2022/12/09 19:00:00","DUNWOD","61760","719.6403"
"2022/12/09 20:00:00","DUNWOD","61760","698.3048"
"2022/12/09 21:00:00","DUNWOD","61760","673.2958"
"2022/12/09 22:00:00","DUNWOD","61760","637.6481"
"2022/12/09 23:00:00","DUNWOD","61760","595.055"
"2022/12/10 00:00:00","DUNWOD","61760","570.9125"
"2022/12/10 01:00:00","DUNWOD","61760","549.9761"
"2022/12/10 02:00:00","DUNWOD","61760","528.847"
"2022/12/10 03:00:00","DUNWOD","61760","526.4476"
"2022/12/10 04:00:00","DUNWOD","61760","532.8607"
"2022/12/10 05:00:00","DUNWOD","61760","544.927"
"2022/12/10 06:00:00","DUNWOD","61760","567.3317"
"2022/12/10 07:00:00","DUNWOD","61760","594.9764"
"2022/12/10 08:00:00","DUNWOD","61760","610.3386"
"2022/12/10 09:00:00","DUNWOD","61760","616.9374"
"2022/12/10 10:00:00","DUNWOD","61760","621.7897"
"2022/12/10 11:00:00","DUNWOD","61760","622.7778"
"2022/12/10 12:00:00","DUNWOD","61760","611.8689"
"2022/12/10 13:00:00","DUNWOD","61760","602.1486"
"2022/12/10 14:00:00","DUNWOD","61760","606.5947"
"2022/12/10 15:00:00","DUNWOD","61760","627.9458"
"2022/12/10 16:00:00","DUNWOD","61760","662.3092"
"2022/12/10 17:00:00","DUNWOD","61760","691.2091"
"2022/12/10 18:00:00","DUNWOD","61760","693.5953"
"2022/12/10 19:00:00","DUNWOD","61760","699.3206"
"2022/12/10 20:00:00","DUNWOD","61760","695.2053"
"2022/12/10 21:00:00","DUNWOD","61760","652.6579"
"2022/12/10 22:00:00","DUNWOD","61760","621.1794"
"2022/12/10 23:00:00","DUNWOD","61760","578.3674"
"2022/12/11 00:00:00","DUNWOD","61760","551.4457"
"2022/12/11 01:00:00","DUNWOD","61760","534.5922"
"2022/12/11 02:00:00","DUNWOD","61760","526.1469"
"2022/12/11 03:00:00","DUNWOD","61760","511.41"
"2022/12/11 04:00:00","DUNWOD","61760","509.7143"
"2022/12/11 05:00:00","DUNWOD","61760","510.5813"
"2022/12/11 06:00:00","DUNWOD","61760","525.8532"
"2022/12/11 07:00:00","DUNWOD","61760","543.7322"
"2022/12/11 08:00:00","DUNWOD","61760","566.9473"
"2022/12/11 09:00:00","DUNWOD","61760","598.8272"
"2022/12/11 10:00:00","DUNWOD","61760","614.7089"
"2022/12/11 11:00:00","DUNWOD","61760","629.0621"
"2022/12/11 12:00:00","DUNWOD","61760","642.5974"
"2022/12/11 13:00:00","DUNWOD","61760","652.2927"
"2022/12/11 14:00:00","DUNWOD","61760","655.9918"
"2022/12/11 15:00:00","DUNWOD","61760","673.0171"
"2022/12/11 16:00:00","DUNWOD","61760","693.7519"
"2022/12/11 17:00:00","DUNWOD","61760","722.5375"
"2022/12/11 18:00:00","DUNWOD","61760","726.9561"
"2022/12/11 19:00:00","DUNWOD","61760","721.3046"
"2022/12/11 20:00:00","DUNWOD","61760","709.9922"
"2022/12/11 21:00:00","DUNWOD","61760","672.6384"
"2022/12/11 22:00:00","DUNWOD","61760","629.3431"
"2022/12/11 23:00:00","DUNWOD","61760","596.814"
"2022/12/12 00:00:00","DUNWOD","61760","568.8251"
"2022/12/12 01:00:00","DUNWOD","61760","542.0142"
"2022/12/12 02:00:00","DUNWOD","61760","527.9493"
"2022/12/12 03:00:00","DUNWOD","61760","524.2944"
"2022/12/12 04:00:00","DUNWOD","61760","531.299"
"2022/12/12 05:00:00","DUNWOD","61760","564.2412"
"2022/12/12 06:00:00","DUNWOD","61760","627.278"
"2022/12/12 07:00:00","DUNWOD","61760","672.3258"
"2022/12/12 08:00:00","DUNWOD","61760","690.7244"
"2022/12/12 09:00:00","DUNWOD","61760","697.9587"
"2022/12/12 10:00:00","DUNWOD","61760","702.7767"
"2022/12/12 11:00:00","DUNWOD","61760","695.1325"
"2022/12/12 12:00:00","DUNWOD","61760","689.0641"
"2022/12/12 13:00:00","DUNWOD","61760","692.3584"
"2022/12/12 14:00:00","DUNWOD","61760","691.2827"
"2022/12/12 15:00:00","DUNWOD","61760","720.8097"
"2022/12/12 16:00:00","DUNWOD","61760","748.602"
"2022/12/12 17:00:00","DUNWOD","61760","796.3224"
"2022/12/12 18:00:00","DUNWOD","61760","802.8692"
"2022/12/12 19:00:00","DUNWOD","61760","785.5266"
"2022/12/12 20:00:00","DUNWOD","61760","745.5659"
"2022/12/12 21:00:00","DUNWOD","61760","708.9843"
"2022/12/12 22:00:00","DUNWOD","61760","671.8243"
"2022/12/12 23:00:00","DUNWOD","61760","603.8461"
"2022/12/13 00:00:00","DUNWOD","61760","577.2301"
"2022/12/13 01:00:00","DUNWOD","61760","570.3239"
"2022/12/13 02:00:00","DUNWOD","61760","557.3483"
"2022/12/13 03:00:00","DUNWOD","61760","557.6678"
"2022/12/13 04:00:00","DUNWOD","61760","558.0628"
"2022/12/13 05:00:00","DUNWOD","61760","605.4444"
"2022/12/13 06:00:00","DUNWOD","61760","656.283"
"2022/12/13 07:00:00","DUNWOD","61760","715.2949"
"2022/12/13 08:00:00","DUNWOD","61760","717.9524"
"2022/12/13 09:00:00","DUNWOD","61760","719.1883"
"2022/12/13 10:00:00","DUNWOD","61760","713.9262"
"2022/12/13 11:00:00","DUNWOD","61760","701.7256"
"2022/12/13 12:00:00","DUNWOD","61760","690.7725"
"2022/12/13 13:00:00","DUNWOD","61760","684.4551"
"2022/12/13 14:00:00","DUNWOD","61760","689.2436"
"2022/12/13 15:00:00","DUNWOD","61760","708.9464"
"2022/12/13 16:00:00","DUNWOD","61760","745.3873"
"2022/12/13 17:00:00","DUNWOD","61760","792.5593"
"2022/12/13 18:00:00","DUNWOD","61760","792.5622"
"2022/12/13 19:00:00","DUNWOD","61760","774.8758"
"2022/12/13 20:00:00","DUNWOD","61760","748.788"
"2022/12/13 21:00:00","DUNWOD","61760","711.9241"
"2022/12/13 22:00:00","DUNWOD","61760","660.3683"
"2022/12/13 23:00:00","DUNWOD","61760","612.0657"
"2022/12/14 00:00:00","DUNWOD","61760","593.5263"
"2022/12/14 01:00:00","DUNWOD","61760","581.6244"
"2022/12/14 02:00:00","DUNWOD","61760","568.5175"
"2022/12/14 03:00:00","DUNWOD","61760","565.6905"
"2022/12/14 04:00:00","DUNWOD","61760","562.2106"
"2022/12/14 05:00:00","DUNWOD","61760","585.6271"
"2022/12/14 06:00:00","DUNWOD","61760","641.9693"
"2022/12/14 07:00:00","DUNWOD","61760","692.024"
"2022/12/14 08:00:00","DUNWOD","61760","711.2651"
"2022/12/14 09:00:00","DUNWOD","61760","696.0785"
"2022/12/14 10:00:00","DUNWOD","61760","698.8564"
"2022/12/14 11:00:00","DUNWOD","61760","692.0761"
"2022/12/14 12:00:00","DUNWOD","61760","683.9733"
"2022/12/14 13:00:00","DUNWOD","61760","688.5495"
"2022/12/14 14:00:00","DUNWOD","61760","696.6747"
"2022/12/14 15:00:00","DUNWOD","61760","716.0751"
"2022/12/14 16:00:00","DUNWOD","61760","757.1492"
"2022/12/14 17:00:00","DUNWOD","61760","793.7295"
"2022/12/14 18:00:00","DUNWOD","61760","798.0977"
"2022/12/14 19:00:00","DUNWOD","61760","781.7752"
"2022/12/14 20:00:00","DUNWOD","61760","757.4096"
"2022/12/14 21:00:00","DUNWOD","61760","718.9477"
"2022/12/14 22:00:00","DUNWOD","61760","670.1904"
"2022/12/14 23:00:00","DUNWOD","61760","616.4258"
"2022/12/15 00:00:00","DUNWOD","61760","579.5868"
"2022/12/15 01:00:00","DUNWOD","61760","545.7593"
"2022/12/15 02:00:00","DUNWOD","61760","542.3623"
"2022/12/15 03:00:00","DUNWOD","61760","537.0285"
"2022/12/15 04:00:00","DUNWOD","61760","537.6873"
"2022/12/15 05:00:00","DUNWOD","61760","576.4302"
"2022/12/15 06:00:00","DUNWOD","61760","642.6866"
"2022/12/15 07:00:00","DUNWOD","61760","696.8419"
"2022/12/15 08:00:00","DUNWOD","61760","713.451"
"2022/12/15 09:00:00","DUNWOD","61760","721.4755"
"2022/12/15 10:00:00","DUNWOD","61760","730.8007"
"2022/12/15 11:00:00","DUNWOD","61760","739.9179"
"2022/12/15 12:00:00","DUNWOD","61760","745.7512"
"2022/12/15 13:00:00","DUNWOD","61760","743.4502"
"2022/12/15 14:00:00","DUNWOD","61760","746.2592"
"2022/12/15 15:00:00","DUNWOD","61760","752.5149"
"2022/12/15 16:00:00","DUNWOD","61760","779.8319"
"2022/12/15 17:00:00","DUNWOD","61760","804.6677"
"2022/12/15 18:00:00","DUNWOD","61760","798.2367"
"2022/12/15 19:00:00","DUNWOD","61760","777.3326"
"2022/12/15 20:00:00","DUNWOD","61760","745.0239"
"2022/12/15 21:00:00","DUNWOD","61760","711.6234"
"2022/12/15 22:00:00","DUNWOD","61760","661.8316"
"2022/12/15 23:00:00","DUNWOD","61760","606.3922"
"2022/12/16 00:00:00","DUNWOD","61760","567.0161"
"2022/12/16 01:00:00","DUNWOD","61760","543.7644"
"2022/12/16 02:00:00","DUNWOD","61760","526.8079"
"2022/12/16 03:00:00","DUNWOD","61760","520.1419"
"2022/12/16 04:00:00","DUNWOD","61760","524.2632"
"2022/12/16 05:00:00","DUNWOD","61760","549.2912"
"2022/12/16 06:00:00","DUNWOD","61760","612.3029"
"2022/12/16 07:00:00","DUNWOD","61760","664.5103"
"2022/12/16 08:00:00","DUNWOD","61760","687.9639"
"2022/12/16 09:00:00","DUNWOD","61760","703.1444"
"2022/12/16 10:00:00","DUNWOD","61760","718.5883"
"2022/12/16 11:00:00","DUNWOD","61760","720.3566"
"2022/12/16 12:00:00","DUNWOD","61760","721.7925"
"2022/12/16 13:00:00","DUNWOD","61760","721.9592"
"2022/12/16 14:00:00","DUNWOD","61760","720.5392"
"2022/12/16 15:00:00","DUNWOD","61760","726.2097"
"2022/12/16 16:00:00","DUNWOD","61760","754.0468"
"2022/12/16 17:00:00","DUNWOD","61760","783.3698"
"2022/12/16 18:00:00","DUNWOD","61760","773.1311"
"2022/12/16 19:00:00","DUNWOD","61760","751.4071"
"2022/12/16 20:00:00","DUNWOD","61760","725.2758"
"2022/12/16 21:00:00","DUNWOD","61760","693.8458"
"2022/12/16 22:00:00","DUNWOD","61760","650.5886"
"2022/12/16 23:00:00","DUNWOD","61760","605.8556"
"2022/12/17 00:00:00","DUNWOD","61760","572.2787"
"2022/12/17 01:00:00","DUNWOD","61760","548.4323"
"2022/12/17 02:00:00","DUNWOD","61760","530.5545"
"2022/12/17 03:00:00","DUNWOD","61760","520.5741"
"2022/12/17 04:00:00","DUNWOD","61760","522.0854"
"2022/12/17 05:00:00","DUNWOD","61760","532.0449"
"2022/12/17 06:00:00","DUNWOD","61760","552.7704"
"2022/12/17 07:00:00","DUNWOD","61760","577.0994"
"2022/12/17 08:00:00","DUNWOD","61760","602.5892"
"2022/12/17 09:00:00","DUNWOD","61760","604.7458"
"2022/12/17 10:00:00","DUNWOD","61760","608.8441"
"2022/12/17 11:00:00","DUNWOD","61760","606.6753"
"2022/12/17 12:00:00","DUNWOD","61760","621.6492"
"2022/12/17 13:00:00","DUNWOD","61760","629.7212"
"2022/12/17 14:00:00","DUNWOD","61760","638.2649"
"2022/12/17 15:00:00","DUNWOD","61760","650.8222"
"2022/12/17 16:00:00","DUNWOD","61760","679.8052"
"2022/12/17 17:00:00","DUNWOD","61760","711.8606"
"2022/12/17 18:00:00","DUNWOD","61760","713.1321"
"2022/12/17 19:00:00","DUNWOD","61760","700.5626"
"2022/12/17 20:00:00","DUNWOD","61760","683.8885"
"2022/12/17 21:00:00","DUNWOD","61760","667.0247"
"2022/12/17 22:00:00","DUNWOD","61760","637.3014"
"2022/12/17 23:00:00","DUNWOD","61760","604.0391"
"2022/12/18 00:00:00","DUNWOD","61760","580.1979"
"2022/12/18 01:00:00","DUNWOD","61760","556.2234"
"2022/12/18 02:00:00","DUNWOD","61760","533.9624"
"2022/12/18 03:00:00","DUNWOD","61760","526.2724"
"2022/12/18 04:00:00","DUNWOD","61760","528.6439"
"2022/12/18 05:00:00","DUNWOD","61760","536.8389"
"2022/12/18 06:00:00","DUNWOD","61760","555.1138"
"2022/12/18 07:00:00","DUNWOD","61760","570.0932"
"2022/12/18 08:00:00","DUNWOD","61760","583.9492"
"2022/12/18 09:00:00","DUNWOD","61760","597.4311"
"2022/12/18 10:00:00","DUNWOD","61760","617.0823"
"2022/12/18 11:00:00","DUNWOD","61760","618.4984"
"2022/12/18 12:00:00","DUNWOD","61760","607.8946"
"2022/12/18 13:00:00","DUNWOD","61760","612.6063"
"2022/12/18 14:00:00","DUNWOD","61760","629.8934"
"2022/12/18 15:00:00","DUNWOD","61760","649.0795"
"2022/12/18 16:00:00","DUNWOD","61760","688.9814"
"2022/12/18 17:00:00","DUNWOD","61760","735.8129"
"2022/12/18 18:00:00","DUNWOD","61760","738.1912"
"2022/12/18 19:00:00","DUNWOD","61760","731.5305"
"2022/12/18 20:00:00","DUNWOD","61760","720.2195"
"2022/12/18 21:00:00","DUNWOD","61760","691.5339"
"2022/12/18 22:00:00","DUNWOD","61760","649.164"
"2022/12/18 23:00:00","DUNWOD","61760","608.7234"
"2022/12/19 00:00:00","DUNWOD","61760","578.6741"
"2022/12/19 01:00:00","DUNWOD","61760","558.5866"
"2022/12/19 02:00:00","DUNWOD","61760","548.2748"
"2022/12/19 03:00:00","DUNWOD","61760","542.3738"
"2022/12/19 04:00:00","DUNWOD","61760","549.0621"
"2022/12/19 05:00:00","DUNWOD","61760","579.1119"
"2022/12/19 06:00:00","DUNWOD","61760","636.9191"
"2022/12/19 07:00:00","DUNWOD","61760","684.9364"
"2022/12/19 08:00:00","DUNWOD","61760","693.0212"
"2022/12/19 09:00:00","DUNWOD","61760","687.57"
"2022/12/19 10:00:00","DUNWOD","61760","686.1218"
"2022/12/19 11:00:00","DUNWOD","61760","686.5371"
"2022/12/19 12:00:00","DUNWOD","61760","681.1062"
"2022/12/19 13:00:00","DUNWOD","61760","690.875"
"2022/12/19 14:00:00","DUNWOD","61760","712.0497"
"2022/12/19 15:00:00","DUNWOD","61760","738.0711"
"2022/12/19 16:00:00","DUNWOD","61760","767.4338"
"2022/12/19 17:00:00","DUNWOD","61760","803.228"
"2022/12/19 18:00:00","DUNWOD","61760","802.878"
"2022/12/19 19:00:00","DUNWOD","61760","791.7346"
"2022/12/19 20:00:00","DUNWOD","61760","766.4946"
"2022/12/19 21:00:00","DUNWOD","61760","730.9099"
"2022/12/19 22:00:00","DUNWOD","61760","682.4513"
"2022/12/19 23:00:00","DUNWOD","61760","628.1624"
"2022/12/20 00:00:00","DUNWOD","61760","595.8158"
"2022/12/20 01:00:00","DUNWOD","61760","573.743"
"2022/12/20 02:00:00","DUNWOD","61760","560.2077"
"2022/12/20 03:00:00","DUNWOD","61760","552.2835"
"2022/12/20 04:00:00","DUNWOD","61760","560.5014"
"2022/12/20 05:00:00","DUNWOD","61760","591.1158"
"2022/12/20 06:00:00","DUNWOD","61760","648.5984"
"2022/12/20 07:00:00","DUNWOD","61760","698.1599"
"2022/12/20 08:00:00","DUNWOD","61760","702.2694"
"2022/12/20 09:00:00","DUNWOD","61760","697.9315"
"2022/12/20 10:00:00","DUNWOD","61760","689.6439"
"2022/12/20 11:00:00","DUNWOD","61760","683.3407"
"2022/12/20 12:00:00","DUNWOD","61760","678.0783"
"2022/12/20 13:00:00","DUNWOD","61760","678.0457"
"2022/12/20 14:00:00","DUNWOD","61760","684.3594"
"2022/12/20 15:00:00","DUNWOD","61760","701.1712"
"2022/12/20 16:00:00","DUNWOD","61760","745.4802"
"2022/12/20 17:00:00","DUNWOD","61760","784.6125"
"2022/12/20 18:00:00","DUNWOD","61760","780.6067"
"2022/12/20 19:00:00","DUNWOD","61760","769.0581"
"2022/12/20 20:00:00","DUNWOD","61760","744.4789"
"2022/12/20 21:00:00","DUNWOD","61760","718.7169"
"2022/12/20 22:00:00","DUNWOD","61760","670.7608"
"2022/12/20 23:00:00","DUNWOD","61760","624.5417"
"2022/12/21 00:00:00","DUNWOD","61760","601.258"
"2022/12/21 01:00:00","DUNWOD","61760","581.992"
"2022/12/21 02:00:00","DUNWOD","61760","566.4775"
"2022/12/21 03:00:00","DUNWOD","61760","561.9228"
"2022/12/21 04:00:00","DUNWOD","61760","568.7049"
"2022/12/21 05:00:00","DUNWOD","61760","600.359"
"2022/12/21 06:00:00","DUNWOD","61760","657.7375"
"2022/12/21 07:00:00","DUNWOD","61760","711.7138"
"2022/12/21 08:00:00","DUNWOD","61760","719.2709"
"2022/12/21 09:00:00","DUNWOD","61760","712.3935"
"2022/12/21 10:00:00","DUNWOD","61760","707.0168"
"2022/12/21 11:00:00","DUNWOD","61760","692.4231"
"2022/12/21 12:00:00","DUNWOD","61760","681.3496"
"2022/12/21 13:00:00","DUNWOD","61760","684.8589"
"2022/12/21 14:00:00","DUNWOD","61760","687.894"
"2022/12/21 15:00:00","DUNWOD","61760","701.3036"
"2022/12/21 16:00:00","DUNWOD","61760","735.2714"
"2022/12/21 17:00:00","DUNWOD","61760","779.4888"
"2022/12/21 18:00:00","DUNWOD","61760","780.6967"
"2022/12/21 19:00:00","DUNWOD","61760","767.6951"
"2022/12/21 20:00:00","DUNWOD","61760","746.6872"
"2022/12/21 21:00:00","DUNWOD","61760","715.3558"
"2022/12/21 22:00:00","DUNWOD","61760","673.6541"
"2022/12/21 23:00:00","DUNWOD","61760","623.2625"
"2022/12/22 00:00:00","DUNWOD","61760","594.5873"
"2022/12/22 01:00:00","DUNWOD","61760","576.4612"
"2022/12/22 02:00:00","DUNWOD","61760","561.1049"
"2022/12/22 03:00:00","DUNWOD","61760","551.3673"
"2022/12/22 04:00:00","DUNWOD","61760","557.3736"
"2022/12/22 05:00:00","DUNWOD","61760","587.3672"
"2022/12/22 06:00:00","DUNWOD","61760","642.5051"
"2022/12/22 07:00:00","DUNWOD","61760","691.382"
"2022/12/22 08:00:00","DUNWOD","61760","701.775"
"2022/12/22 09:00:00","DUNWOD","61760","701.8534"
"2022/12/22 10:00:00","DUNWOD","61760","715.6068"
"2022/12/22 11:00:00","DUNWOD","61760","736.9886"
"2022/12/22 12:00:00","DUNWOD","61760","739.9808"
"2022/12/22 13:00:00","DUNWOD","61760","740.1019"
"2022/12/22 14:00:00","DUNWOD","61760","736.6687"
"2022/12/22 15:00:00","DUNWOD","61760","745.565"
"2022/12/22 16:00:00","DUNWOD","61760","775.6575"
"2022/12/22 17:00:00","DUNWOD","61760","793.5932"
"2022/12/22 18:00:00","DUNWOD","61760","786.8522"
"2022/12/22 19:00:00","DUNWOD","61760","763.1173"
"2022/12/22 20:00:00","DUNWOD","61760","735.2802"
"2022/12/22 21:00:00","DUNWOD","61760","699.978"
"2022/12/22 22:00:00","DUNWOD","61760","656.2886"
"2022/12/22 23:00:00","DUNWOD","61760","603.9454"
"2022/12/23 00:00:00","DUNWOD","61760","562.6764"
"2022/12/23 01:00:00","DUNWOD","61760","537.6866"
"2022/12/23 02:00:00","DUNWOD","61760","516.9805"
"2022/12/23 03:00:00","DUNWOD","61760","504.8826"
"2022/12/23 04:00:00","DUNWOD","61760","506.5209"
"2022/12/23 05:00:00","DUNWOD","61760","524.4324"
"2022/12/23 06:00:00","DUNWOD","61760","571.858"
"2022/12/23 07:00:00","DUNWOD","61760","619.954"
"2022/12/23 08:00:00","DUNWOD","61760","647.1149"
"2022/12/23 09:00:00","DUNWOD","61760","673.4997"
"2022/12/23 10:00:00","DUNWOD","61760","684.0928"
"2022/12/23 11:00:00","DUNWOD","61760","688.5339"
"2022/12/23 12:00:00","DUNWOD","61760","679.1141"
"2022/12/23 13:00:00","DUNWOD","61760","685.6649"
"2022/12/23 14:00:00","DUNWOD","61760","694.5518"
"2022/12/23 15:00:00","DUNWOD","61760","720.6627"
"2022/12/23 16:00:00","DUNWOD","61760","772.5728"
"2022/12/23 17:00:00","DUNWOD","61760","808.4088"
"2022/12/23 18:00:00","DUNWOD","61760","817.4411"
"2022/12/23 19:00:00","DUNWOD","61760","817.727"
"2022/12/23 20:00:00","DUNWOD","61760","792.795"
"2022/12/23 21:00:00","DUNWOD","61760","772.5655"
"2022/12/23 22:00:00","DUNWOD","61760","740.6463"
"2022/12/23 23:00:00","DUNWOD","61760","701.6613"
"2022/12/24 00:00:00","DUNWOD","61760","677.0728"
"2022/12/24 01:00:00","DUNWOD","61760","652.3387"
"2022/12/24 02:00:00","DUNWOD","61760","636.703"
"2022/12/24 03:00:00","DUNWOD","61760","628.2295"
"2022/12/24 04:00:00","DUNWOD","61760","633.8078"
"2022/12/24 05:00:00","DUNWOD","61760","642.2187"
"2022/12/24 06:00:00","DUNWOD","61760","662.7105"
"2022/12/24 07:00:00","DUNWOD","61760","698.5539"
"2022/12/24 08:00:00","DUNWOD","61760","727.2056"
"2022/12/24 09:00:00","DUNWOD","61760","746.3525"
"2022/12/24 10:00:00","DUNWOD","61760","748.2438"
"2022/12/24 11:00:00","DUNWOD","61760","740.8259"
"2022/12/24 12:00:00","DUNWOD","61760","743.2746"
"2022/12/24 13:00:00","DUNWOD","61760","759.7376"
"2022/12/24 14:00:00","DUNWOD","61760","758.5167"
"2022/12/24 15:00:00","DUNWOD","61760","776.4284"
"2022/12/24 16:00:00","DUNWOD","61760","809.4562"
"2022/12/24 17:00:00","DUNWOD","61760","840.4521"
"2022/12/24 18:00:00","DUNWOD","61760","831.1054"
"2022/12/24 19:00:00","DUNWOD","61760","809.7276"
"2022/12/24 20:00:00","DUNWOD","61760","799.5559"
"2022/12/24 21:00:00","DUNWOD","61760","792.2123"
"2022/12/24 22:00:00","DUNWOD","61760","759.0815"
"2022/12/24 23:00:00","DUNWOD","61760","724.092"
"2022/12/25 00:00:00","DUNWOD","61760","693.323"
"2022/12/25 01:00:00","DUNWOD","61760","664.5362"
"2022/12/25 02:00:00","DUNWOD","61760","650.202"
"2022/12/25 03:00:00","DUNWOD","61760","635.9092"
"2022/12/25 04:00:00","DUNWOD","61760","629.0766"
"2022/12/25 05:00:00","DUNWOD","61760","633.1667"
"2022/12/25 06:00:00","DUNWOD","61760","651.4826"
"2022/12/25 07:00:00","DUNWOD","61760","670.8277"
"2022/12/25 08:00:00","DUNWOD","61760","680.6064"
"2022/12/25 09:00:00","DUNWOD","61760","681.8318"
"2022/12/25 10:00:00","DUNWOD","61760","679.9002"
"2022/12/25 11:00:00","DUNWOD","61760","673.8758"
"2022/12/25 12:00:00","DUNWOD","61760","675.6832"
"2022/12/25 13:00:00","DUNWOD","61760","678.345"
"2022/12/25 14:00:00","DUNWOD","61760","687.8849"
"2022/12/25 15:00:00","DUNWOD","61760","695.6343"
"2022/12/25 16:00:00","DUNWOD","61760","724.9932"
"2022/12/25 17:00:00","DUNWOD","61760","757.0128"
"2022/12/25 18:00:00","DUNWOD","61760","755.7052"
"2022/12/25 19:00:00","DUNWOD","61760","754.2277"
"2022/12/25 20:00:00","DUNWOD","61760","753.0254"
"2022/12/25 21:00:00","DUNWOD","61760","738.3512"
"2022/12/25 22:00:00","DUNWOD","61760","715.8379"
"2022/12/25 23:00:00","DUNWOD","61760","681.2404"
"2022/12/26 00:00:00","DUNWOD","61760","651.3102"
"2022/12/26 01:00:00","DUNWOD","61760","626.6017"
"2022/12/26 02:00:00","DUNWOD","61760","606.5646"
"2022/12/26 03:00:00","DUNWOD","61760","593.2152"
"2022/12/26 04:00:00","DUNWOD","61760","597.9653"
"2022/12/26 05:00:00","DUNWOD","61760","618.8613"
"2022/12/26 06:00:00","DUNWOD","61760","643.9416"
"2022/12/26 07:00:00","DUNWOD","61760","659.168"
"2022/12/26 08:00:00","DUNWOD","61760","664.5663"
"2022/12/26 09:00:00","DUNWOD","61760","673.628"
"2022/12/26 10:00:00","DUNWOD","61760","688.0199"
"2022/12/26 11:00:00","DUNWOD","61760","685.7629"
"2022/12/26 12:00:00","DUNWOD","61760","689.1898"
"2022/12/26 13:00:00","DUNWOD","61760","686.8296"
"2022/12/26 14:00:00","DUNWOD","61760","695.3913"
"2022/12/26 15:00:00","DUNWOD","61760","718.0667"
"2022/12/26 16:00:00","DUNWOD","61760","747.6759"
"2022/12/26 17:00:00","DUNWOD","61760","775.8919"
"2022/12/26 18:00:00","DUNWOD","61760","788.4526"
"2022/12/26 19:00:00","DUNWOD","61760","776.5108"
"2022/12/26 20:00:00","DUNWOD","61760","763.1817"
"2022/12/26 21:00:00","DUNWOD","61760","735.6931"
"2022/12/26 22:00:00","DUNWOD","61760","692.7745"
"2022/12/26 23:00:00","DUNWOD","61760","648.323"
"2022/12/27 00:00:00","DUNWOD","61760","605.8444"
"2022/12/27 01:00:00","DUNWOD","61760","580.9518"
"2022/12/27 02:00:00","DUNWOD","61760","562.406"
"2022/12/27 03:00:00","DUNWOD","61760","557.2694"
"2022/12/27 04:00:00","DUNWOD","61760","562.8894"
"2022/12/27 05:00:00","DUNWOD","61760","589.1447"
"2022/12/27 06:00:00","DUNWOD","61760","633.6296"
"2022/12/27 07:00:00","DUNWOD","61760","673.2455"
"2022/12/27 08:00:00","DUNWOD","61760","693.121"
"2022/12/27 09:00:00","DUNWOD","61760","707.3609"
"2022/12/27 10:00:00","DUNWOD","61760","710.5314"
"2022/12/27 11:00:00","DUNWOD","61760","718.1276"
"2022/12/27 12:00:00","DUNWOD","61760","714.5022"
"2022/12/27 13:00:00","DUNWOD","61760","719.0401"
"2022/12/27 14:00:00","DUNWOD","61760","715.2392"
"2022/12/27 15:00:00","DUNWOD","61760","724.2611"
"2022/12/27 16:00:00","DUNWOD","61760","756.0304"
"2022/12/27 17:00:00","DUNWOD","61760","791.4397"
"2022/12/27 18:00:00","DUNWOD","61760","782.4405"
"2022/12/27 19:00:00","DUNWOD","61760","757.9886"
"2022/12/27 20:00:00","DUNWOD","61760","732.7387"
"2022/12/27 21:00:00","DUNWOD","61760","702.5042"
"2022/12/27 22:00:00","DUNWOD","61760","657.202"
"2022/12/27 23:00:00","DUNWOD","61760","612.916"
"2022/12/28 00:00:00","DUNWOD","61760","580.0543"
"2022/12/28 01:00:00","DUNWOD","61760","551.761"
"2022/12/28 02:00:00","DUNWOD","61760","536.1971"
"2022/12/28 03:00:00","DUNWOD","61760","528.7973"
"2022/12/28 04:00:00","DUNWOD","61760","531.8294"
"2022/12/28 05:00:00","DUNWOD","61760","558.7305"
"2022/12/28 06:00:00","DUNWOD","61760","606.2788"
"2022/12/28 07:00:00","DUNWOD","61760","643.2482"
"2022/12/28 08:00:00","DUNWOD","61760","663.1043"
"2022/12/28 09:00:00","DUNWOD","61760","664.1194"
"2022/12/28 10:00:00","DUNWOD","61760","653.9604"
"2022/12/28 11:00:00","DUNWOD","61760","655.5171"
"2022/12/28 12:00:00","DUNWOD","61760","653.6573"
"2022/12/28 13:00:00","DUNWOD","61760","645.1326"
"2022/12/28 14:00:00","DUNWOD","61760","654.2332"
"2022/12/28 15:00:00","DUNWOD","61760","667.8542"
"2022/12/28 16:00:00","DUNWOD","61760","686.9573"
"2022/12/28 17:00:00","DUNWOD","61760","731.0743"
"2022/12/28 18:00:00","DUNWOD","61760","730.198"
"2022/12/28 19:00:00","DUNWOD","61760","704.6099"
"2022/12/28 20:00:00","DUNWOD","61760","673.8425"
"2022/12/28 21:00:00","DUNWOD","61760","662.5065"
"2022/12/28 22:00:00","DUNWOD","61760","614.1466"
"2022/12/28 23:00:00","DUNWOD","61760","578.491"
"2022/12/29 00:00:00","DUNWOD","61760","554.5921"
"2022/12/29 01:00:00","DUNWOD","61760","527.1114"
"2022/12/29 02:00:00","DUNWOD","61760","507.9653"
"2022/12/29 03:00:00","DUNWOD","61760","510.2144"
"2022/12/29 04:00:00","DUNWOD","61760","518.7272"
"2022/12/29 05:00:00","DUNWOD","61760","543.3675"
"2022/12/29 06:00:00","DUNWOD","61760","586.6891"
"2022/12/29 07:00:00","DUNWOD","61760","618.374"
"2022/12/29 08:00:00","DUNWOD","61760","629.4357"
"2022/12/29 09:00:00","DUNWOD","61760","633.797"
"2022/12/29 10:00:00","DUNWOD","61760","642.568"
"2022/12/29 11:00:00","DUNWOD","61760","634.5319"
"2022/12/29 12:00:00","DUNWOD","61760","628.231"
"2022/12/29 13:00:00","DUNWOD","61760","619.1137"
"2022/12/29 14:00:00","DUNWOD","61760","624.501"
"2022/12/29 15:00:00","DUNWOD","61760","634.0048"
"2022/12/29 16:00:00","DUNWOD","61760","664.0177"
"2022/12/29 17:00:00","DUNWOD","61760","699.925"
"2022/12/29 18:00:00","DUNWOD","61760","701.6938"
"2022/12/29 19:00:00","DUNWOD","61760","689.6998"
"2022/12/29 20:00:00","DUNWOD","61760","673.5929"
"2022/12/29 21:00:00","DUNWOD","61760","649.7437"
"2022/12/29 22:00:00","DUNWOD","61760","610.147"
"2022/12/29 23:00:00","DUNWOD","61760","573.6306"
"2022/12/30 00:00:00","DUNWOD","61760","546.4966"
"2022/12/30 01:00:00","DUNWOD","61760","530.8561"
"2022/12/30 02:00:00","DUNWOD","61760","510.6069"
"2022/12/30 03:00:00","DUNWOD","61760","498.8059"
"2022/12/30 04:00:00","DUNWOD","61760","503.7355"
"2022/12/30 05:00:00","DUNWOD","61760","529.3489"
"2022/12/30 06:00:00","DUNWOD","61760","569.358"
"2022/12/30 07:00:00","DUNWOD","61760","601.0526"
"2022/12/30 08:00:00","DUNWOD","61760","611.4274"
"2022/12/30 09:00:00","DUNWOD","61760","610.6117"
"2022/12/30 10:00:00","DUNWOD","61760","608.5132"
"2022/12/30 11:00:00","DUNWOD","61760","602.3579"
"2022/12/30 12:00:00","DUNWOD","61760","594.6242"
"2022/12/30 13:00:00","DUNWOD","61760","596.4021"
"2022/12/30 14:00:00","DUNWOD","61760","597.3299"
"2022/12/30 15:00:00","DUNWOD","61760","609.217"
"2022/12/30 16:00:00","DUNWOD","61760","635.7074"
"2022/12/30 17:00:00","DUNWOD","61760","677.2971"
"2022/12/30 18:00:00","DUNWOD","61760","683.5381"
"2022/12/30 19:00:00","DUNWOD","61760","670.7543"
"2022/12/30 20:00:00","DUNWOD","61760","649.3583"
"2022/12/30 21:00:00","DUNWOD","61760","631.2577"
"2022/12/30 22:00:00","DUNWOD","61760","602.3055"
"2022/12/30 23:00:00","DUNWOD","61760","569.7023"
"2022/12/31 00:00:00","DUNWOD","61760","540.5581"
"2022/12/31 01:00:00","DUNWOD","61760","518.6467"
"2022/12/31 02:00:00","DUNWOD","61760","504.678"
"2022/12/31 03:00:00","DUNWOD","61760","495.149"
"2022/12/31 04:00:00","DUNWOD","61760","488.7597"
"2022/12/31 05:00:00","DUNWOD","61760","499.6486"
"2022/12/31 06:00:00","DUNWOD","61760","514.9988"
"2022/12/31 07:00:00","DUNWOD","61760","534.9684"
"2022/12/31 08:00:00","DUNWOD","61760","553.5754"
"2022/12/31 09:00:00","DUNWOD","61760","578.0742"
"2022/12/31 10:00:00","DUNWOD","61760","604.3317"
"2022/12/31 11:00:00","DUNWOD","61760","619.4239"
"2022/12/31 12:00:00","DUNWOD","61760","619.6001"
"2022/12/31 13:00:00","DUNWOD","61760","619.7131"
"2022/12/31 14:00:00","DUNWOD","61760","625.0652"
"2022/12/31 15:00:00","DUNWOD","61760","630.5497"
"2022/12/31 16:00:00","DUNWOD","61760","655.1473"
"2022/12/31 17:00:00","DUNWOD","61760","677.5237"
"2022/12/31 18:00:00","DUNWOD","61760","671.1023"
"2022/12/31 19:00:00","DUNWOD","61760","654.0662"
"2022/12/31 20:00:00","DUNWOD","61760","635.5815"
"2022/12/31 21:00:00","DUNWOD","61760","614.4276"
"2022/12/31 22:00:00","DUNWOD","61760","592.419"
"2022/12/31 23:00:00","DUNWOD","61760","565.431"
