DeliveryDate,HourEnding,Coast,East,FarWest,North,NorthCentral,SouthCentral,Southern,West,SystemTotal,Model,InUseFlag,DSTFlag
10/27/2019,1:00,8514.5869,1136.9668,3411.7358,752.2159,8746.5439,4820.9014,2314.5635,1120.6333,30818.1475,A3,N,N
10/27/2019,1:00,8369.9834,1165.3625,3475.0847,724.28,8668.2822,4675.2397,2347.7087,1099.2828,30525.224,A6,N,N
10/27/2019,1:00,8363.3799,1076.87,3347.8401,804.258,8704.0303,4656.3999,2271.9099,1234.29,30458.9781,E,N,N
10/27/2019,1:00,8482.6904,1155.8101,3323.6399,802.757,8768.1602,4668.3901,2290.04,1221.04,30712.5277,E1,N,N
10/27/2019,1:00,8360.1396,1099.09,3346.71,796.775,8703.8398,4662.5801,2271.9099,1232.6899,30473.7343,E2,N,N
10/27/2019,1:00,8488.3799,1155.79,3321.3401,771.597,8750.8701,4661.27,2292.9299,1228.39,30670.567,E3,N,N
10/27/2019,1:00,8423.6475,1121.89,3334.8823,793.8467,8731.7256,4662.1602,2281.6975,1229.1025,30578.9523,M,Y,N
10/27/2019,2:00,8167.2246,1109.2452,3382.9233,784.1044,8405.4043,4543.8237,2182.9424,1198.486,29774.1539,A3,N,N
10/27/2019,2:00,8174.0205,1109.8978,3416.3499,781.9603,8386.6563,4580.0645,2195.6211,1120.0991,29764.6695,A6,N,N
10/27/2019,2:00,8176.1499,1119.9301,3400.05,784.776,8388.5195,4496.3501,2183.98,1201.03,29750.7856,E,N,N
10/27/2019,2:00,8236.6104,1097.4399,3342.8501,789.636,8379.3701,4476.1899,2203.23,1190.33,29715.6564,E1,N,N
10/27/2019,2:00,8174.4502,1123.1899,3399.02,785.801,8389.5,4495.9102,2183.98,1192.83,29744.6813,E2,N,N
10/27/2019,2:00,8233.2598,1090.79,3343.4199,817.789,8387.7998,4483.4502,2196.6899,1194.21,29747.4086,E3,N,N
10/27/2019,2:00,8205.1172,1107.8375,3371.335,794.5005,8386.2979,4487.9751,2191.97,1194.6,29739.6332,M,Y,N
10/27/2019,3:00,8028.5532,1081.9785,3416.6042,779.2864,8284.0156,4480.7559,2162.5967,1168.6523,29402.4428,A3,N,N
10/27/2019,3:00,8020.2568,1081.0127,3397.7073,771.2773,8277.9561,4427.4717,2065.7041,1149.554,29190.94,A6,N,N
10/27/2019,3:00,8025.2998,1088.85,3393.73,772.173,8262.04,4423.3101,2145.52,1170.27,29281.1929,E,N,N
10/27/2019,3:00,8031.5601,1069.1,3364.1799,781.328,8354.4199,4427.4702,2136.1399,1157.1801,29321.3781,E1,N,N
10/27/2019,3:00,8027.2998,1104.55,3392.78,772.884,8258.0098,4426.7798,2145.52,1165.52,29293.3434,E2,N,N
10/27/2019,3:00,8030.5098,1071.84,3366.4099,797.582,8322.71,4417.0601,2136.8701,1142.8,29285.7819,E3,N,N
10/27/2019,3:00,8028.6675,1083.585,3379.2751,780.9918,8299.2949,4423.6553,2141.0127,1158.9426,29295.4249,M,Y,N
10/27/2019,4:00,7905.2705,1073.707,3428.2026,786.3192,8305.8203,4459.6387,2127.7676,1145.4218,29232.1477,A3,N,N
10/27/2019,4:00,7885.3452,1053.2805,3414.8911,786.9478,8317.0342,4476.3267,2044.5972,1125.459,29103.8817,A6,N,N
10/27/2019,4:00,7980.7798,1070.49,3422.4399,785.87,8239.0996,4352.98,2131.46,1168.25,29151.3693,E,N,N
10/27/2019,4:00,8034.1299,1031.29,3381.8401,805.548,8327.5898,4341.3999,2164.6101,1171.03,29257.4378,E1,N,N
10/27/2019,4:00,7983.1699,1093.4301,3422.9399,785.58,8236.1504,4351.6401,2131.46,1158.1801,29162.5505,E2,N,N
10/27/2019,4:00,7991.9199,1037.27,3385.1001,800.321,8305.0801,4357.9399,2143.9199,1159.73,29181.2809,E3,N,N
10/27/2019,4:00,7997.5,1058.12,3403.0801,794.3298,8276.9805,4350.9897,2142.8625,1164.2975,29188.1601,M,Y,N
10/27/2019,5:00,7951.1621,1033.4703,3434.8708,789.7227,8338.2539,4458.9468,2131.8013,1162.1914,29300.4193,A3,N,N
10/27/2019,5:00,7989.4658,1016.541,3441.8367,794.8918,8365.0674,4475.8184,2067.0264,1121.0912,29271.7387,A6,N,N
10/27/2019,5:00,7966.77,990.199,3412.51,809.168,8302.9199,4410.23,2142.73,1158.15,29192.6769,E,N,N
10/27/2019,5:00,7958.1499,985.511,3400.4399,783.299,8318.1504,4493.21,2166.3799,1179.97,29285.1101,E1,N,N
10/27/2019,5:00,7967.9199,1008.74,3413.6399,809.975,8302.3398,4407.1201,2142.73,1166.3,29218.7647,E2,N,N
10/27/2019,5:00,7955.54,998.821,3403.71,796.879,8372.1699,4467.8198,2161.6699,1177.98,29334.5896,E3,N,N
10/27/2019,5:00,7962.0947,995.8177,3407.575,799.8302,8323.8945,4444.5947,2153.3774,1170.6001,29257.7843,M,Y,N
10/27/2019,6:00,8069.3286,1074.1334,3434.2078,796.5731,8543.3027,4665.5068,2201.4438,1204.629,29989.1252,A3,N,N
10/27/2019,6:00,8063.5078,1079.4539,3446.2151,776.6713,8581.3008,4716.5454,2251.3677,1192.1393,30107.2013,A6,N,N
10/27/2019,6:00,8098.1299,1065.61,3440.5701,758.673,8540.8203,4561.52,2199.1399,1220.74,29885.2032,E,N,N
10/27/2019,6:00,8129.9102,1099.6899,3414.95,760.034,8552.1299,4534.0298,2212.02,1218.84,29921.6038,E1,N,N
10/27/2019,6:00,8097.5498,1077.78,3441.9399,759.195,8529.7002,4565.6899,2199.1399,1219.65,29890.6447,E2,N,N
10/27/2019,6:00,8121.3398,1065.35,3418.8201,773.785,8546.8701,4548.1699,2221.52,1213.98,29909.8349,E3,N,N
10/27/2019,6:00,8111.7324,1077.1074,3429.0701,762.9218,8542.3799,4552.3525,2207.9551,1218.3025,29901.8217,M,Y,N
10/27/2019,7:00,8282.6523,1145.5433,3447.6519,823.1915,8974.3047,4916.4385,2304.179,1242.1156,31136.0768,A3,N,N
10/27/2019,7:00,8312.6328,1173.7604,3452.4119,807.299,9004.8506,4897.6694,2359.2327,1213.7118,31221.5686,A6,N,N
10/27/2019,7:00,8217.4199,1058.4399,3454.8,819.131,8950.5703,4776.9399,2256.52,1225.77,30759.591,E,N,N
10/27/2019,7:00,8173.4502,1149.42,3442.8999,820.501,8895.5996,4806.0298,2224.3101,1187.16,30699.3706,E1,N,N
10/27/2019,7:00,8215.2402,1093.4,3465.8301,818.377,8996.6699,4790.9902,2256.52,1206.98,30844.0074,E2,N,N
10/27/2019,7:00,8189.29,1145.62,3442.1101,828.683,8909.7695,4814.6602,2244.4299,1201.1899,30775.7526,E3,N,N
10/27/2019,7:00,8198.8506,1111.72,3451.4102,821.673,8938.1523,4797.1553,2245.4451,1205.275,30769.6815,M,Y,N
10/27/2019,8:00,8498.0029,1233.5789,3488.8018,858.2874,9589.8047,5212.4717,2310.3442,1267.2819,32458.5735,A3,N,N
10/27/2019,8:00,8708.0635,1214.7931,3482.8435,844.3497,9759.3887,5142.54,2352.2107,1249.7963,32753.9855,A6,N,N
10/27/2019,8:00,8432.9502,1146.0601,3489.05,845.588,9437.8896,5090.3398,2307.6699,1260.5601,32010.1077,E,N,N
10/27/2019,8:00,8459.9902,1187.38,3485.8201,861.294,9506.1504,5150.3799,2325.76,1309.67,32286.4446,E1,N,N
10/27/2019,8:00,8433.4297,1150.89,3501.28,854.737,9492.6299,5034.6699,2307.6699,1244.87,32020.1764,E2,N,N
10/27/2019,8:00,8430.5996,1197.53,3481.25,852.607,9440.9697,5112.75,2326.52,1287.76,32129.9863,E3,N,N
10/27/2019,8:00,8439.2422,1170.4651,3489.3501,853.5565,9469.4092,5097.0352,2316.9048,1275.7151,32111.6782,M,Y,N
10/27/2019,9:00,8730.4746,1305.985,3482.8503,893.606,10292.3555,5561.3701,2370.5632,1319.2163,33956.421,A3,N,N
10/27/2019,9:00,8872.8594,1285.2939,3473.0815,878.6728,10597.6416,5612.623,2369.9836,1283.9797,34374.1355,A6,N,N
10/27/2019,9:00,8639.9004,1344.28,3516.8301,903.391,9941.3701,5384.8599,2377.4399,1330.37,33438.4414,E,N,N
10/27/2019,9:00,8647.7402,1335.21,3494.21,902.795,10066.7002,5441.02,2379.8999,1344.61,33612.1853,E1,N,N
10/27/2019,9:00,8626.3496,1306.49,3523.97,892.34,9903.7695,5377.4199,2377.4399,1336.39,33344.1689,E2,N,N
10/27/2019,9:00,8646.6904,1302.5699,3488.0601,894.129,10031.2002,5409.9902,2358.8999,1328.23,33459.7697,E3,N,N
10/27/2019,9:00,8640.1699,1322.1375,3505.7676,898.1638,9985.7598,5403.3223,2373.4199,1334.9,33463.6408,M,Y,N
10/27/2019,10:00,8853.3789,1296.2419,3478.687,911.522,9966.2021,5373.0527,2459.1011,1298.3846,33636.5703,A3,N,N
10/27/2019,10:00,8705.1914,1286.3541,3486.0598,915.5615,9714.2715,5273.2588,2123.957,1272.1499,32776.804,A6,N,N
10/27/2019,10:00,8974.8096,1367.5,3499.1799,944.428,10105.2002,5424.48,2460.3201,1317.04,34092.9578,E,N,N
10/27/2019,10:00,9173.0498,1320.3,3507.99,973.47,10402.5,5583.1001,2566.26,1334.14,34860.8099,E1,N,N
10/27/2019,10:00,8969.1104,1352.58,3498.98,946.147,10160.2998,5363.8398,2460.3201,1301.9,34053.1771,E2,N,N
10/27/2019,10:00,9189.2305,1328.95,3498.9199,979.644,10477.4004,5560.7002,2553.3601,1342.4,34930.6051,E3,N,N
10/27/2019,10:00,9076.5498,1342.3325,3501.2676,960.9222,10286.3496,5483.0303,2510.0652,1323.87,34484.3872,M,Y,N
10/27/2019,11:00,9109.7529,1317.1246,3422.593,919.8636,10019.042,5112.2114,2562.7366,1224.4855,33687.8096,A3,N,N
10/27/2019,11:00,9301.4268,1304.0481,3478.2776,923.8134,10113.9844,4878.1558,2631.4121,1210.8002,33841.9184,A6,N,N
10/27/2019,11:00,9145.8398,1367.9399,3488.46,980.023,10142.2002,5306.6699,2500.77,1184.95,34116.8528,E,N,N
10/27/2019,11:00,9035.8203,1325.02,3510.95,957.731,10080,5295.3901,2429.4199,1211.78,33846.1113,E1,N,N
10/27/2019,11:00,9123.3398,1335.17,3489.27,979.783,10098.5996,5302.0098,2500.77,1192.53,34021.4722,E2,N,N
10/27/2019,11:00,9186.5,1345.5699,3495.97,971.349,10209.0996,5389.9102,2488.8899,1252.97,34340.2586,E3,N,N
10/27/2019,11:00,9122.875,1343.4249,3496.1624,972.2216,10132.4746,5323.4951,2479.9624,1210.5575,34081.1735,M,Y,N
10/27/2019,12:00,9516.6777,1276.9786,3462.7178,928.444,10067.3428,5168.3335,2662.6621,1179.0675,34262.224,A3,N,N
10/27/2019,12:00,9521.4648,1288.2887,3403.6509,941.8082,10061.752,5353.415,2772.6531,1219.411,34562.4437,A6,N,N
10/27/2019,12:00,9500.1201,1309.3,3481.3,967.438,10151.7998,5184.2998,2591.23,1158.42,34343.9077,E,N,N
10/27/2019,12:00,9433.8896,1256.98,3513.5,982.687,10173.2998,5195.2598,2561.27,1071.9399,34188.8261,E1,N,N
10/27/2019,12:00,9503.3799,1295.6,3481.04,967.214,10105.5,5236.2402,2591.23,1161.11,34341.3141,E2,N,N
10/27/2019,12:00,9428.6504,1283.23,3504.3601,978.558,10172,5218.1802,2547.22,1119.66,34251.8587,E3,N,N
10/27/2019,12:00,9466.5098,1286.2775,3495.05,973.9742,10150.6504,5208.4951,2572.7375,1127.7825,34281.477,M,Y,N
10/27/2019,13:00,9754.0811,1258.6954,3524.0527,947.2086,10341.6162,5237.6401,2780.9907,1155.7571,35000.0419,A3,N,N
10/27/2019,13:00,9803.8418,1263.3917,3487.2998,953.1444,10337.5537,5204.9014,2756.8542,1197.4955,35004.4825,A6,N,N
10/27/2019,13:00,9710.6699,1302.74,3493.3101,967.352,10299.7998,5270.8701,2680.6799,1150.14,34875.5618,E,N,N
10/27/2019,13:00,9593.3896,1253.88,3522.28,950.888,10101.2002,5167.21,2634.3301,1177.08,34400.2579,E1,N,N
10/27/2019,13:00,9711.6396,1297.36,3491.8701,968.809,10221.2998,5260.4302,2680.6799,1158.8,34790.8886,E2,N,N
10/27/2019,13:00,9560.2803,1261.6,3510.29,956.677,10074.5,5146.7402,2611.26,1134.41,34255.7575,E3,N,N
10/27/2019,13:00,9643.9951,1278.895,3504.4375,960.9315,10174.2002,5211.3125,2651.7373,1155.1075,34580.6166,M,Y,N
10/27/2019,14:00,10101.0605,1288.6132,3532.8796,954.6147,10307.2998,5290.8379,2826.5952,1167.425,35469.3259,A3,N,N
10/27/2019,14:00,10078.1641,1293.4879,3503.9788,961.5261,10371.6924,5298.0117,2784.4624,1189.6913,35481.0147,A6,N,N
10/27/2019,14:00,9870.5996,1301.1,3512.51,962.079,10174.0996,5259.1099,2793.6399,1142.48,35015.618,E,N,N
10/27/2019,14:00,9736.6201,1278.29,3541.24,948.35,10089.7998,5165.71,2729.1699,1098.84,34588.0198,E1,N,N
10/27/2019,14:00,9856.9297,1288.04,3511.5601,963.016,10179.4004,5305.3198,2793.6399,1143.21,35041.1159,E2,N,N
10/27/2019,14:00,9736.8604,1281.3,3530.3301,961.67,10071.4004,5165.9302,2734.75,1120.52,34602.7611,E3,N,N
10/27/2019,14:00,9800.252,1287.1826,3523.9102,958.7787,10128.6748,5224.0176,2762.7998,1126.2625,34811.8782,M,Y,N
10/27/2019,15:00,10236.1211,1321.2867,3498.0825,956.2571,10564.1367,5389.3203,2913.4885,1208.5392,36087.2321,A3,N,N
10/27/2019,15:00,10215.4893,1296.1781,3499.4199,952.186,10589.1094,5375.0117,2908.6265,1207.3242,36043.3451,A6,N,N
10/27/2019,15:00,10016.4004,1296.03,3496.29,949.138,10296.5996,5318.25,2925.9199,1186.34,35484.9679,E,N,N
10/27/2019,15:00,9964.2598,1265.52,3536.22,939.607,10172,5268.5,2954.97,1187.8101,35288.8869,E1,N,N
10/27/2019,15:00,10035.0996,1307.5601,3497.3999,949.981,10205.2002,5348.1499,2925.9199,1179.02,35448.3306,E2,N,N
10/27/2019,15:00,9942.4697,1260.29,3526.8,934.842,10193,5262.71,2923.8101,1173.3101,35217.2319,E3,N,N
10/27/2019,15:00,9989.5576,1282.3501,3514.1775,943.392,10216.7002,5299.4023,2932.6548,1181.62,35359.8545,M,Y,N
10/27/2019,16:00,10697.4932,1385.6754,3553.8735,949.7377,10978.4453,5625.7456,3115.4895,1265.5728,37572.033,A3,N,N
10/27/2019,16:00,10741.1436,1339.6871,3550.6028,943.7164,11012.8271,5608.4902,3068.5549,1239.9565,37504.9786,A6,N,N
10/27/2019,16:00,10299.0996,1307.62,3528.0801,958.622,10536.9004,5514.9302,3048.1299,1216.78,36410.1622,E,N,N
10/27/2019,16:00,10356.0996,1311.08,3546.22,943.574,10430.7998,5510.1802,3112.3,1229.4,36439.6536,E1,N,N
10/27/2019,16:00,10310.2998,1311.45,3529.95,959.323,10426.4004,5541.8999,3048.1299,1209.5,36336.953,E2,N,N
10/27/2019,16:00,10350.7002,1305.9399,3503.3301,948.172,10428.5996,5463.6899,3085.8799,1224.12,36310.4316,E3,N,N
10/27/2019,16:00,10329.0498,1309.0225,3526.895,952.4227,10455.6748,5507.6748,3073.6099,1219.9501,36374.2996,M,Y,N
10/27/2019,17:00,10874.9346,1431.0848,3568.0452,951.3386,11279.9004,5843.311,3204.1587,1316.4994,38469.2727,A3,N,N
10/27/2019,17:00,11077.5518,1377.9215,3568.8132,944.6376,11290.7168,5858.6226,3144.8035,1287.2802,38550.3472,A6,N,N
10/27/2019,17:00,10361,1332.13,3542.6001,960.489,10648,5718.3901,3111.52,1246.22,36920.3492,E,N,N
10/27/2019,17:00,10621.5,1368.39,3540.0901,948.634,10683.2998,5737.6401,3229.28,1277.24,37406.074,E1,N,N
10/27/2019,17:00,10461.9004,1319.04,3544.0901,960.89,10680,5723.6099,3111.52,1238.48,37039.5304,E2,N,N
10/27/2019,17:00,10618.4004,1378.14,3455.01,956.422,10752.4004,5624.4702,3208.25,1255.13,37248.223,E3,N,N
10/27/2019,17:00,10515.7002,1349.425,3520.4475,956.6088,10690.9258,5701.0278,3165.1426,1254.2675,37153.5452,M,Y,N
10/27/2019,18:00,10736.5898,1430.7533,3550.5928,914.6656,11342.8721,6053.7549,3299.2063,1383.6088,38712.0436,A3,N,N
10/27/2019,18:00,10930.5791,1367.7194,3561.3003,909.9805,11341.4873,6141.8975,3220.1194,1366.7643,38839.8478,A6,N,N
10/27/2019,18:00,10409,1341.5601,3537.74,923.333,10780.7002,5749.3101,3118.3301,1300.87,37160.8435,E,N,N
10/27/2019,18:00,10588.2002,1369.03,3506.3799,911.695,10747.2002,5987.1001,3337.0701,1293.1801,37739.8556,E1,N,N
10/27/2019,18:00,10538.9004,1361.3,3517.3501,913.324,10973.5996,5681.6899,3121.8501,1321.55,37429.5641,E2,N,N
10/27/2019,18:00,10541.2998,1384.72,3395.48,921.041,10647.0996,5985.1899,3286.6201,1295.3,37456.7504,E3,N,N
10/27/2019,18:00,10519.3496,1364.1526,3489.2378,917.3483,10787.1504,5850.8223,3215.9675,1302.7251,37446.7536,M,Y,N
10/27/2019,19:00,10491.21,1433.156,3565.6453,874.8935,11212.3418,6089.271,3269.7722,1365.0597,38301.3495,A3,N,N
10/27/2019,19:00,10729.751,1388.7212,3562.0696,890.9997,11261.6309,6184.4219,3187.0522,1370.2365,38574.883,A6,N,N
10/27/2019,19:00,10472.4004,1351.83,3510.01,866.898,10917,5753.21,3130.8899,1336.02,37338.2583,E,N,N
10/27/2019,19:00,10344.9004,1393.53,3472.8201,904.542,10614.2002,5823.6802,3285.24,1326.55,37165.4629,E1,N,N
10/27/2019,19:00,10389.5,1394.33,3480.8501,857.318,10910.4004,5591.27,3092.6799,1390.92,37107.2684,E2,N,N
10/27/2019,19:00,10454.4004,1395.1801,3344.4299,864.602,10709.2002,5911.4902,3303.9399,1257.46,37240.7027,E3,N,N
10/27/2019,19:00,10415.3008,1383.7175,3452.0273,873.34,10787.7002,5769.9126,3203.1875,1327.7375,37212.9234,M,Y,N
10/27/2019,20:00,10529.5469,1466.2542,3575.8308,878.2734,11305.3877,6215.1128,3289.395,1342.3049,38602.1057,A3,N,N
10/27/2019,20:00,10751.1963,1424.2184,3568.6541,897.3759,11298.293,6325.3999,3207.5537,1382.2954,38854.9867,A6,N,N
10/27/2019,20:00,10586.5996,1393.66,3485.4099,878.474,11156.2002,5952.9902,3169.8101,1358.49,37981.634,E,N,N
10/27/2019,20:00,10676.5,1438.21,3466.3999,891.226,11049.9004,6133.27,3372.77,1343.26,38371.5363,E1,N,N
10/27/2019,20:00,10566.5,1427.03,3471,869.332,11179.2998,5831.75,3165.52,1405.1,37915.5318,E2,N,N
10/27/2019,20:00,10680.7998,1464.8,3367.76,893.689,11116.7002,6073.9399,3428.0601,1315.3199,38341.0689,E3,N,N
10/27/2019,20:00,10627.5996,1430.925,3447.6423,883.1802,11125.5254,5997.9873,3284.04,1355.5425,38152.4423,M,Y,N
10/27/2019,21:00,10259.5186,1448.6049,3537.999,862.4098,11082.7471,6116.5581,3247.6211,1344.2894,37899.748,A3,N,N
10/27/2019,21:00,10514.125,1404.0784,3540.979,886.8032,10976.6572,6030.9028,3165.3955,1402.3925,37921.3336,A6,N,N
10/27/2019,21:00,10457.0996,1382.66,3471.27,868.986,11027.0996,5884.3701,3128.5701,1382.14,37602.1954,E,N,N
10/27/2019,21:00,10469,1402.64,3456.27,877.399,10999.0996,5995.7598,3180.29,1300.04,37680.4984,E1,N,N
10/27/2019,21:00,10432.5996,1396.8101,3450.49,839.694,11075.2002,5803.6099,3145.0701,1377.9,37521.3739,E2,N,N
10/27/2019,21:00,10505.7002,1423.3,3359.1299,880.505,10917.9004,5843.9399,3346.0701,1295.87,37572.4155,E3,N,N
10/27/2019,21:00,10466.0996,1401.3525,3434.29,866.646,11004.8242,5881.9199,3200.0002,1338.9875,37594.1199,M,Y,N
10/27/2019,22:00,9819.7139,1382.777,3475.5432,824.5476,10453.4717,5818.0513,3163.739,1298.7388,36236.5825,A3,N,N
10/27/2019,22:00,10121.0996,1363.8506,3504.1399,847.0684,10365.707,5855.3101,3077.7061,1362.4734,36497.3551,A6,N,N
10/27/2019,22:00,10125.2002,1348.76,3407.3,827.662,10552.7002,5579.3501,3052.6899,1310.8101,36204.4725,E,N,N
10/27/2019,22:00,10160.9004,1332.08,3394.48,838.499,10482.2998,5715.9199,3118.6299,1253.89,36296.699,E1,N,N
10/27/2019,22:00,10050.7998,1327.36,3380.03,805.995,10575.5996,5608.7002,3037.97,1306.36,36092.8146,E2,N,N
10/27/2019,22:00,10180.9004,1368.27,3340.0601,832.973,10542,5750.6099,3266.55,1265.73,36547.0934,E3,N,N
10/27/2019,22:00,10129.4512,1344.1174,3380.4678,826.2822,10538.1504,5663.6445,3118.96,1284.1975,36285.271,M,Y,N
10/27/2019,23:00,9332.8994,1291.5956,3422.427,769.325,9800.2344,5351.3994,2995.6824,1225.1908,34188.754,A3,N,N
10/27/2019,23:00,9548.082,1285.6254,3445.3931,797.7401,9715.7021,5420.2339,2921.6934,1299.1307,34433.6007,A6,N,N
10/27/2019,23:00,9598.46,1281.54,3312.96,779.196,9794.7598,5176.21,2938.27,1243.72,34125.1158,E,N,N
10/27/2019,23:00,9647.7998,1229.64,3312.24,781.424,9616.8604,5242.2402,2988.0601,1243.12,34061.3845,E1,N,N
10/27/2019,23:00,9484.1904,1234.74,3300.0701,759.807,9814.9902,5243.1401,2854.6599,1230.59,33922.1877,E2,N,N
10/27/2019,23:00,9621.25,1257.85,3258.8701,779.802,9758.8701,5310.04,3021.1101,1222.03,34229.8223,E3,N,N
10/27/2019,23:00,9587.9248,1250.9425,3296.0352,775.0573,9746.3701,5242.9072,2950.5251,1234.865,34084.6272,M,Y,N
10/27/2019,24:00,8784,1181.3224,3366.9727,731.4159,9002.0371,4921.6816,2792.3567,1155.111,31934.8974,A3,N,N
10/27/2019,24:00,8954.7217,1197.7216,3373.7373,751.1271,8967.626,4963.7734,2728.0857,1252.4591,32189.2519,A6,N,N
10/27/2019,24:00,9015.3701,1207.33,3257.8701,737.407,8975.4102,4685.3198,2784.47,1169.3101,31832.4873,E,N,N
10/27/2019,24:00,9071.6504,1149.3101,3256.0701,737.356,8921.4697,4861.29,2710.1201,1146.58,31853.8464,E1,N,N
10/27/2019,24:00,8862.8896,1144.13,3251.25,716.539,9103.54,4763.8999,2646.3701,1140.96,31629.5786,E2,N,N
10/27/2019,24:00,9098.2695,1177.14,3218.21,731.122,9042.7598,4879.25,2780.6299,1122.27,32049.6512,E3,N,N
10/27/2019,24:00,9012.0449,1169.4775,3245.8501,730.606,9010.7949,4797.4399,2730.3975,1144.78,31841.3908,M,Y,N
10/28/2019,1:00,8573.2031,1142.3834,3399.2729,693.939,8296.835,4644.627,2663.2668,1090.5239,30504.0511,A3,N,N
10/28/2019,1:00,8616.8369,1158.2231,3437.0806,678.0624,8351.0127,4631.0288,2597.0518,1102.595,30571.8913,A6,N,N
10/28/2019,1:00,8672.5098,1125.1899,3310.1599,711.507,8774.2695,4445.3799,2619.76,1119.88,30778.656,E,N,N
10/28/2019,1:00,8682.8701,1088.11,3256.5801,700.602,8671.1201,4556.1099,2501.05,1080.9,30537.3422,E1,N,N
10/28/2019,1:00,8852.3398,1105.86,3306.0901,679.289,9245.8896,4397.7202,2622.71,1090.78,31300.6787,E2,N,N
10/28/2019,1:00,8715.2598,1121.73,3232.8799,702.78,8563.0195,4634.0698,2565.96,1031.8199,30567.5189,E3,N,N
10/28/2019,1:00,8730.7441,1110.2224,3276.4275,698.5445,8813.5752,4508.3203,2577.3701,1080.845,30796.0491,M,Y,N
10/28/2019,2:00,8269.2881,1093.4602,3383.0313,678.145,7903.5132,4383.2646,2506.6104,1067.5696,29284.8824,A3,N,N
10/28/2019,2:00,8327.0596,1107.6581,3453.7559,660.0082,7925.6816,4274.2256,2470.3315,1002.7832,29221.5037,A6,N,N
10/28/2019,2:00,8371.54,1081.5699,3284.23,695.743,8412.8604,4301.1899,2489.95,1123.55,29760.6332,E,N,N
10/28/2019,2:00,8412.0898,1033.24,3243.8799,673.055,8236.5898,4300.73,2341.1799,1047.8101,29288.5745,E1,N,N
10/28/2019,2:00,8516.2803,1065.05,3283.28,660.266,8919.5195,4096.73,2501.52,1064.83,30107.4758,E2,N,N
10/28/2019,2:00,8405.3203,1078.36,3210.21,684.224,8229.29,4345.4399,2377.8,1004.38,29335.0242,E3,N,N
10/28/2019,2:00,8426.3076,1064.5551,3255.3999,678.322,8449.5645,4261.0225,2427.6125,1060.1425,29622.9266,M,Y,N
10/28/2019,3:00,8150.6577,1064.6075,3373.1121,692.1084,7804.3091,4284.7153,2430.7104,1046.2057,28846.4262,A3,N,N
10/28/2019,3:00,8202.5479,1071.7672,3417.8896,660.3298,7816.6143,4109.6846,2301.6279,972.0502,28552.5115,A6,N,N
10/28/2019,3:00,8205.21,1060.72,3255.4399,691.77,8211.9805,4260.1802,2411.24,1057.27,29153.8106,E,N,N
10/28/2019,3:00,8288.7402,1041.91,3217.3701,678.302,8109.6899,4164.1802,2256.3501,1042.86,28799.4025,E1,N,N
10/28/2019,3:00,8328.5898,1040.29,3262.29,651.055,8684.0498,3969.5701,2406,1055.03,29396.8747,E2,N,N
10/28/2019,3:00,8298.7002,1051,3218.3999,681.353,8000.5698,4373.8301,2322.0701,970.65,28916.5731,E3,N,N
10/28/2019,3:00,8280.3096,1048.48,3238.375,675.62,8251.5723,4191.9404,2348.915,1031.4525,29066.6648,M,Y,N
10/28/2019,4:00,8083.2671,1066.6561,3378.8357,696.0006,7840.6074,4201.6523,2397.4785,1029.0262,28693.5239,A3,N,N
10/28/2019,4:00,8099.8306,1076.5533,3412.304,669.4797,7817.959,3982.7571,2198.6934,948.0029,28205.58,A6,N,N
10/28/2019,4:00,8200.29,1058.49,3255.28,693.043,8205.9102,4247.5601,2346.95,1069.8101,29077.3334,E,N,N
10/28/2019,4:00,8190.6499,1042.98,3206.46,652.641,8103.5601,4139.8101,2218.8,1019.84,28574.7411,E1,N,N
10/28/2019,4:00,8292.25,1039.61,3268.1799,653.688,8619.2305,3896.8,2351.3601,1053.46,29174.5785,E2,N,N
10/28/2019,4:00,8227.7402,1071.51,3250.8701,682,8022.5801,4199.9902,2265.3401,937.225,28657.2557,E3,N,N
10/28/2019,4:00,8227.7324,1053.1475,3245.1975,670.343,8237.8203,4121.04,2295.6125,1020.0837,28870.9769,M,Y,N
10/28/2019,5:00,8180.5273,1082.0652,3382.8325,712.4201,8019.6812,4314.3633,2400.9585,1044.4396,29137.2877,A3,N,N
10/28/2019,5:00,8278.9971,1074.7314,3428.4773,693.3108,8051.9917,4039.5156,2153.4417,930.827,28651.2926,A6,N,N
10/28/2019,5:00,8405.3701,1080.64,3282.27,707.873,8496.4297,4360.5601,2321.5901,1068.9301,29723.6631,E,N,N
10/28/2019,5:00,8379.8701,1047.27,3206.8601,689.929,8318.21,4203.48,2229.9399,1030.09,29105.6491,E1,N,N
10/28/2019,5:00,8457.1396,1059.58,3287.23,668.285,8832.5303,3939.3999,2348.46,1077.9,29670.5248,E2,N,N
10/28/2019,5:00,8469.6797,1077.21,3229.8401,696.845,8296.5098,4275.52,2246.1399,986.192,29277.9365,E3,N,N
10/28/2019,5:00,8428.0146,1066.175,3251.5498,690.733,8485.9199,4194.7397,2286.5325,1040.778,29444.4425,M,Y,N
10/28/2019,6:00,8547.2129,1148.4576,3396.9412,756.9802,8668.2715,4627.5127,2514.4285,1100.2657,30760.0703,A3,N,N
10/28/2019,6:00,8681.3428,1146.7866,3453.0684,732.9349,8706.4648,4309.4878,2240.0137,983.2387,30253.3377,A6,N,N
10/28/2019,6:00,8943.8096,1164.8199,3337.9099,755.894,9291.71,4734.1001,2421.6201,1121.29,31771.1536,E,N,N
10/28/2019,6:00,8931.96,1130.51,3223.6499,725.931,8985.0898,4537.3301,2337.95,1077.79,30950.2108,E1,N,N
10/28/2019,6:00,8962.04,1141.33,3328.1599,711.988,9496.9004,4262.1001,2461.05,1133.23,31496.7984,E2,N,N
10/28/2019,6:00,8944.2402,1169.28,3244.48,751.078,9017.5801,4584.7202,2336.4099,1012.06,31059.8484,E3,N,N
10/28/2019,6:00,8945.5117,1151.4851,3283.5498,736.2228,9197.8203,4529.5625,2389.2576,1086.0925,31319.5023,M,Y,N
10/28/2019,7:00,9143.4775,1279.6462,3430.1897,839.6447,9726.8252,5142.1987,2768.8706,1219.7367,33550.5893,A3,N,N
10/28/2019,7:00,9294.5938,1281.7485,3485.4517,829.6071,9725.4102,4759.3975,2491.2397,1082.226,32949.6745,A6,N,N
10/28/2019,7:00,9689.3496,1309.99,3416.98,836.366,10559.2002,5318.6001,2646.0801,1243.1,35019.666,E,N,N
10/28/2019,7:00,9691.8799,1302.16,3267.9299,803.73,10270.7998,5156.1699,2612,1174.05,34278.7195,E1,N,N
10/28/2019,7:00,9715.2803,1288.86,3399.0601,798.721,10613.5,4869.25,2740.79,1242.91,34668.3714,E2,N,N
10/28/2019,7:00,9712.7695,1349.88,3253.0801,855.067,10243.7998,5138.52,2593.8999,1153.89,34300.9063,E3,N,N
10/28/2019,7:00,9702.3203,1312.7224,3334.2627,823.4709,10421.8252,5120.6348,2648.1924,1203.4875,34566.9162,M,Y,N
10/28/2019,8:00,9549.793,1348.589,3475.7,882.666,10386.3447,5514.8086,2858.4922,1289.449,35305.8425,A3,N,N
10/28/2019,8:00,9690.2832,1366.1743,3512.0002,863.605,10378.6113,5049.0776,2561.7009,1160.9807,34582.4332,A6,N,N
10/28/2019,8:00,10035.2002,1375.61,3484.6799,877.748,11259.5996,5626.2202,2756.3201,1286.36,36701.738,E,N,N
10/28/2019,8:00,9958.8496,1348.47,3340.8601,840.042,10912.4004,5516.4702,2761.6699,1231.1,35909.8622,E1,N,N
10/28/2019,8:00,9974.9404,1342.78,3459.5901,841.083,11193.2998,5205.8301,2833.0601,1297.47,36148.0535,E2,N,N
10/28/2019,8:00,10025.0996,1371.0601,3302,904.335,10930.2998,5455.7798,2711.95,1221.05,35921.5743,E3,N,N
10/28/2019,8:00,9998.5234,1359.48,3396.7825,865.802,11073.9004,5451.0752,2765.7502,1258.995,36170.3087,M,Y,N
10/28/2019,9:00,9713.2842,1363.2278,3443.7952,909.7883,10619.0566,5508.4731,2912.5625,1284.8958,35755.0835,A3,N,N
10/28/2019,9:00,9823.8877,1390.7535,3485.5374,875.5258,10553.7139,5058.5151,2484.7976,1186.5941,34859.3251,A6,N,N
10/28/2019,9:00,10124.2002,1381.89,3459.6001,885.888,11227.5996,5630.3999,2773.4299,1240.27,36723.2777,E,N,N
10/28/2019,9:00,10059.9004,1346.62,3341.1699,864.559,10818,5497.8198,2788.72,1192.0601,35908.8492,E1,N,N
10/28/2019,9:00,10002.2998,1350.4399,3438.3101,840.372,11127,5284.4102,2821.9099,1266.5699,36131.3118,E2,N,N
10/28/2019,9:00,10150.7998,1376.97,3290.54,910.259,10757.5,5508.6201,2729.3899,1199.55,35923.6288,E3,N,N
10/28/2019,9:00,10084.3008,1363.98,3382.405,875.2695,10982.5254,5480.3125,2778.3623,1224.6125,36171.768,M,Y,N
10/28/2019,10:00,10061.8545,1380.0415,3419.5566,925.1497,10785.8027,5517.1743,3049.5063,1248.5564,36387.642,A3,N,N
10/28/2019,10:00,10090.3965,1408.1285,3434.0457,900.8564,10649.668,5127.9312,2600.9961,1133.8484,35345.8708,A6,N,N
10/28/2019,10:00,10449,1392.4399,3456.1599,926.13,11259.2998,5698.1899,2931.4199,1208.91,37321.5494,E,N,N
10/28/2019,10:00,10457,1390.49,3336.3601,916.135,11028.0996,5626.9902,2951.75,1148.49,36855.3149,E1,N,N
10/28/2019,10:00,10370.9004,1380.26,3445.6699,876.931,11213,5367.7998,3006.5,1239.1,36900.1611,E2,N,N
10/28/2019,10:00,10458.5,1418.6899,3290.9099,961.851,11004.2002,5583.1699,2899.78,1174.76,36791.8609,E3,N,N
10/28/2019,10:00,10433.8496,1395.47,3382.2749,920.2618,11126.1494,5569.0376,2947.3625,1192.8149,36967.2207,M,Y,N
10/28/2019,11:00,10374.833,1400.0297,3401.0017,939.8513,10936.5459,5599.4814,3255.3765,1214.052,37121.1715,A3,N,N
10/28/2019,11:00,10493.792,1426.4958,3460.6899,904.5547,10891.1367,5401.8833,2847.3809,1102.8213,36528.7546,A6,N,N
10/28/2019,11:00,10827.9004,1404.3101,3461.2,952.497,11355.5996,5827.52,3140.53,1205.24,38174.7971,E,N,N
10/28/2019,11:00,10803.4004,1420.59,3352.78,947.103,11171.7002,5767.7002,3157.1399,1122.0601,37742.4738,E1,N,N
10/28/2019,11:00,10813.5996,1408.86,3472.01,900.036,11351.7998,5515.3701,3234.25,1224.47,37920.3955,E2,N,N
10/28/2019,11:00,10890.7998,1482.17,3318.77,1001.96,11143.5,5695.6602,3123.0601,1118.83,37774.7501,E3,N,N
10/28/2019,11:00,10833.9248,1428.9824,3401.1899,950.399,11255.6504,5701.5625,3163.7451,1167.65,37903.1041,M,Y,N
10/28/2019,12:00,10833.9697,1405.5345,3386.3545,930.9191,10916.2988,5731.8062,3475.8223,1204.5538,37885.2589,A3,N,N
10/28/2019,12:00,10872.5635,1419.2721,3391.9333,907.166,10882.2383,5786.5181,3198.906,1167.2086,37625.8059,A6,N,N
10/28/2019,12:00,11166.0996,1424.8101,3461.6599,954.616,11401.5996,5974.0498,3354.75,1192.41,38929.995,E,N,N
10/28/2019,12:00,11206.7998,1449.22,3350.27,957.34,11186.7998,5974.5698,3398.0901,1149.24,38672.3295,E1,N,N
10/28/2019,12:00,11246.2998,1444.49,3470.21,899.687,11414.2002,5677.8398,3472.1799,1214.22,38839.1267,E2,N,N
10/28/2019,12:00,11245.4004,1475.39,3291.05,1003.16,11238.7002,6041.6201,3351.6899,1101.5601,38748.5707,E3,N,N
10/28/2019,12:00,11216.1504,1448.4775,3393.2974,953.7007,11310.3242,5917.0195,3394.1772,1164.3574,38797.5043,M,Y,N
10/28/2019,13:00,11326.4297,1403.8308,3409.0754,913.8459,10987.8193,5898.6157,3637.6775,1201.9661,38779.2604,A3,N,N
10/28/2019,13:00,11231.1084,1413.7822,3392.8562,898.8342,10952.1533,5971.4893,3385.0315,1209.9709,38455.226,A6,N,N
10/28/2019,13:00,11483.2002,1445.95,3451.6599,950.831,11437.2998,6147.5898,3550.96,1150.12,39617.6107,E,N,N
10/28/2019,13:00,11631.2002,1476.27,3377.8799,941.17,11230.4004,6139.3999,3634.96,1127.1801,39558.4605,E1,N,N
10/28/2019,13:00,11638.2002,1483.9,3472.52,897.711,11468.5996,5870,3685.9099,1206.95,39723.7907,E2,N,N
10/28/2019,13:00,11652.5996,1513.6,3358.1299,1001.37,11289.2002,6262.8198,3536.25,1125.61,39739.5795,E3,N,N
10/28/2019,13:00,11601.3008,1479.9301,3415.0476,947.7705,11356.374,6104.9526,3602.02,1152.465,39659.8606,M,Y,N
10/28/2019,14:00,11738.6045,1454.8162,3432.457,912.3145,11069.6846,6168.5508,3822.9976,1206.0737,39805.4989,A3,N,N
10/28/2019,14:00,11695.5195,1443.7561,3395.2742,908.84,11070.7451,6311.77,3547.512,1251.3639,39624.7808,A6,N,N
10/28/2019,14:00,11866.5,1476.34,3475.71,950.052,11531.2998,6359.9199,3737.5901,1159.66,40557.0718,E,N,N
10/28/2019,14:00,12005.7998,1502.24,3398.2,967.777,11405,6415.46,3835.4399,1128.9399,40658.8566,E1,N,N
10/28/2019,14:00,12068.2998,1538.87,3496.48,905.63,11590.5,6141.8501,3881.99,1212.8101,40836.43,E2,N,N
10/28/2019,14:00,12110.4004,1566.9301,3367.49,1003.48,11498,6493.4902,3808.24,1147.17,40995.2007,E3,N,N
10/28/2019,14:00,12012.75,1521.0951,3434.4702,956.7347,11506.2002,6352.6802,3815.8152,1162.145,40761.8906,M,Y,N
10/28/2019,15:00,12160.833,1494.1229,3448.3564,907.0996,11203.4824,6430.8511,3994.6667,1235.9033,40875.3154,A3,N,N
10/28/2019,15:00,12103.7471,1454.4043,3400.9019,915.9893,11249.7246,6632.7256,3704.5098,1290.0388,40752.0414,A6,N,N
10/28/2019,15:00,12179.0996,1505.4301,3507.27,947.773,11616.4004,6589.77,3901.7,1156.91,41404.3531,E,N,N
10/28/2019,15:00,12418,1538.23,3426.9199,957.846,11483.5,6714.2202,4023,1129.66,41691.3761,E1,N,N
10/28/2019,15:00,12408.0996,1581.6,3528.8501,912.12,11728.7998,6445.96,4040.25,1226.95,41872.6295,E2,N,N
10/28/2019,15:00,12421.7998,1601.85,3353.76,1003.33,11602.2002,6774.3799,3983.49,1140.86,41881.6699,E3,N,N
10/28/2019,15:00,12356.75,1556.7776,3454.2,955.2673,11607.7246,6631.082,3987.1101,1163.595,41712.5066,M,Y,N
10/28/2019,16:00,12473.5703,1539.1885,3473.2297,903.9426,11396.9932,6700.751,4132.2954,1265.0931,41885.0638,A3,N,N
10/28/2019,16:00,12518.9707,1491.7375,3421.2329,912.1791,11419.373,6853.4854,3814.3279,1309.7145,41741.021,A6,N,N
10/28/2019,16:00,12427.5996,1536.99,3531.6599,947.29,11688.2002,6819.1401,4019.3501,1163.65,42133.8799,E,N,N
10/28/2019,16:00,12632,1564.63,3459.74,960.706,11675.5,6953.9399,4145.75,1142.96,42535.2259,E1,N,N
10/28/2019,16:00,12686.5996,1599.36,3552.98,924.092,11864,6781.2202,4135.1699,1253.61,42797.0317,E2,N,N
10/28/2019,16:00,12649.5,1611.3,3388.25,1003.65,11635.7998,7125.5,4125.5601,1156.99,42696.5499,E3,N,N
10/28/2019,16:00,12598.9248,1578.0701,3483.1575,958.9344,11715.875,6919.9502,4106.4575,1179.3025,42540.672,M,Y,N
10/28/2019,17:00,12523.4219,1552.0026,3495.3745,902.6601,11526.957,6932.0981,4161.8511,1286.1547,42380.52,A3,N,N
10/28/2019,17:00,12563.7666,1503.3464,3438.8423,913.2825,11582.8936,7143.4453,3887.3538,1317.9139,42350.8444,A6,N,N
10/28/2019,17:00,12534.0996,1556.65,3555.8701,945.668,11795.2998,7026.6001,4057.3101,1210.59,42682.0877,E,N,N
10/28/2019,17:00,12761.2002,1645.63,3484.8601,955.701,11667.5,7127.3799,4172.1699,1149.67,42964.1111,E1,N,N
10/28/2019,17:00,12787.2998,1629.01,3572.04,927.06,12026.2998,7134.79,4185.2798,1282.8199,43544.5993,E2,N,N
10/28/2019,17:00,12796.7998,1666.25,3394.49,1003.67,11843,7426.2002,4165.1899,1160.6899,43456.2898,E3,N,N
10/28/2019,17:00,12719.8506,1624.385,3501.8152,958.0247,11833.0254,7178.7422,4144.9873,1200.9425,43161.7729,M,Y,N
10/28/2019,18:00,12274.4316,1538.3248,3492.0166,878.3336,11625.2197,7089.856,4106.9551,1312.832,42317.9694,A3,N,N
10/28/2019,18:00,12373.8906,1494.3485,3435.8418,885.5184,11684.124,7353.5693,3884.1707,1345.5013,42456.9646,A6,N,N
10/28/2019,18:00,12383.9004,1560.85,3552.29,913.169,11877.2002,7130.9199,3995.0801,1244.45,42657.8596,E,N,N
10/28/2019,18:00,12470.5996,1590.64,3466.1101,907.45,11595.5996,7304.25,4068.97,1235.42,42639.0393,E1,N,N
10/28/2019,18:00,12607.5996,1621.27,3566.5,893.355,12154.9004,7425.7402,4105.9399,1310.03,43685.3351,E2,N,N
10/28/2019,18:00,12500.2998,1602.37,3362.3799,958.026,11668.5996,7576.0601,4122.6099,1215.87,43006.2153,E3,N,N
10/28/2019,18:00,12490.6006,1593.7825,3486.8201,918,11824.0762,7359.2427,4073.1499,1251.4425,42997.1145,M,Y,N
10/28/2019,19:00,11860.9414,1545.0049,3496.1182,863.8142,11648.1045,7114.1875,3948.4685,1308.2164,41784.8556,A3,N,N
10/28/2019,19:00,11889.7158,1513.2098,3430.1641,880.1851,11734.0801,7396.6821,3772.7793,1349.9617,41966.778,A6,N,N
10/28/2019,19:00,12108.2998,1573.65,3539.3999,884.054,11937.5,7115.5801,3873.55,1284.26,42316.2938,E,N,N
10/28/2019,19:00,12125,1571.13,3446.8899,943.148,11694.5996,7248.3501,3879.0701,1282.66,42190.8477,E1,N,N
10/28/2019,19:00,12200.9004,1619.3101,3550.1299,872.146,12160,7545.1401,3952.23,1333.85,43233.7065,E2,N,N
10/28/2019,19:00,12152.5996,1572.89,3275.6201,916.872,11624.7998,7571.6602,3929.6499,1207.87,42251.9616,E3,N,N
10/28/2019,19:00,12146.7012,1584.245,3453.01,904.0551,11854.2256,7370.1826,3908.625,1277.16,42498.2045,M,Y,N
10/28/2019,20:00,11977.1123,1586.4832,3508.6536,888.6375,11849.2959,7274.8979,3951.5234,1321.2004,42357.8042,A3,N,N
10/28/2019,20:00,11892.9482,1540.9827,3444.1699,902.7401,11903.999,7501.7422,3775.1741,1399.4469,42361.2031,A6,N,N
10/28/2019,20:00,12094.2002,1578.05,3547.27,904.688,12167.7998,7139.54,3838.74,1306.85,42577.138,E,N,N
10/28/2019,20:00,12250.7002,1604.37,3461.1899,917.798,12079.7998,7309.6699,3873.4299,1288.39,42785.3477,E1,N,N
10/28/2019,20:00,12209.7002,1626.65,3551.0701,898.019,12349.0996,7552.1499,3939.9299,1351.24,43477.8587,E2,N,N
10/28/2019,20:00,12317,1639.38,3393.8899,942.17,12133.2998,7605.04,3905.29,1264.39,43200.4597,E3,N,N
10/28/2019,20:00,12217.9004,1612.1124,3488.355,915.6687,12182.5,7401.5996,3889.3474,1302.7175,43010.201,M,Y,N
10/28/2019,21:00,11676.7793,1568.2521,3523.198,897.9296,11581.2773,7154.2749,3889.7461,1345.0072,41636.4645,A3,N,N
10/28/2019,21:00,11610.7061,1511.4303,3468.1265,910.0338,11607.5322,7269.8623,3711.2693,1441.8887,41530.8492,A6,N,N
10/28/2019,21:00,11830.2998,1550.02,3542.8701,894.739,12019,6995.8301,3770.01,1295.87,41898.639,E,N,N
10/28/2019,21:00,12047.4004,1554.52,3468.6201,901.469,11806,7192.5,3823.72,1297.04,42091.2695,E1,N,N
10/28/2019,21:00,11935.2002,1581.71,3540.73,876.047,12167.9004,7232.4302,3846.8,1351.27,42532.0878,E2,N,N
10/28/2019,21:00,12049.5996,1582.03,3379.1399,925.71,11883.2998,7402.6802,3834.55,1242.11,42299.1195,E3,N,N
10/28/2019,21:00,11965.625,1567.0701,3482.8401,899.4912,11969.0498,7205.8599,3818.77,1296.5725,42205.2786,M,Y,N
10/28/2019,22:00,11126.4082,1505.1133,3516.9773,877.0198,10994.1699,6860.4468,3756.0542,1303.6411,39939.8306,A3,N,N
10/28/2019,22:00,11076.665,1459.2637,3491.4167,880.6387,11031.6396,7061.2495,3606.4038,1393.812,40001.089,A6,N,N
10/28/2019,22:00,11298.4004,1478.02,3483.0701,856.528,11429.2998,6627.0898,3609.1399,1254.42,40035.968,E,N,N
10/28/2019,22:00,11425.2002,1464.33,3432.3201,855.075,11402,6829.2202,3640.04,1244.6,40292.7855,E1,N,N
10/28/2019,22:00,11373.4004,1495.84,3484.24,836.974,11522.0996,6697.2798,3669.45,1289.61,40368.8938,E2,N,N
10/28/2019,22:00,11550.2998,1511.17,3405.3899,875.326,11365.9004,6918.2402,3681.96,1205.76,40514.0463,E3,N,N
10/28/2019,22:00,11411.8252,1487.34,3451.2549,855.9758,11429.8242,6767.9575,3650.1475,1248.5974,40302.9225,M,Y,N
10/28/2019,23:00,10384.9336,1393.4988,3457.3821,832.6021,10119.9219,6257.7231,3499.0793,1240.1534,37185.2943,A3,N,N
10/28/2019,23:00,10336.4775,1358.8267,3446.6597,836.5972,10173.4961,6425.1938,3380.5947,1329.8881,37287.7338,A6,N,N
10/28/2019,23:00,10539.2002,1377.66,3405.9399,817.77,10531.4004,6112.6802,3380.95,1219.66,37385.2607,E,N,N
10/28/2019,23:00,10779.5,1346.0601,3363.6201,843.204,10275.4004,6240.21,3398.1101,1202.46,37448.5647,E1,N,N
10/28/2019,23:00,10601.5,1376.08,3419.45,784.743,10581.5,6083.9902,3395.04,1221.28,37463.5832,E2,N,N
10/28/2019,23:00,10827.0996,1393.45,3346.97,824.305,10498.7998,6329.6401,3402.8601,1109.4,37732.5246,E3,N,N
10/28/2019,23:00,10686.8242,1373.3125,3383.9949,817.5055,10471.7754,6191.6304,3394.24,1188.2001,37507.483,M,Y,N
10/28/2019,24:00,9788.4004,1279.796,3419.0032,793.8063,9217.2793,5638.5581,3249.8333,1168.384,34555.0606,A3,N,N
10/28/2019,24:00,9675.8809,1257.9265,3399.6782,793.4764,9290.0713,5770.8833,3148.5229,1269.9438,34606.3833,A6,N,N
10/28/2019,24:00,9814.2695,1276.8101,3339.1299,778.42,9623.3701,5569.2998,3144.3,1137.8101,34683.4095,E,N,N
10/28/2019,24:00,10068.5996,1260.92,3299.1899,778.576,9402.9805,5692.2402,3131.3301,1129.97,34763.8063,E1,N,N
10/28/2019,24:00,9822.54,1263.35,3365.8301,735.742,9757.8896,5467.73,3125.6399,1147.49,34686.2116,E2,N,N
10/28/2019,24:00,10131.9004,1298.37,3279.3201,767.859,9615.4297,5721.6499,3135.6101,1084.1801,35034.3193,E3,N,N
10/28/2019,24:00,9959.3281,1274.8625,3320.8677,765.1493,9599.918,5612.73,3134.22,1124.8625,34791.9381,M,Y,N
10/29/2019,1:00,9337.8682,1190.7098,3396.9263,763.9608,8521.3359,5213.2349,3046.481,1104.6528,32575.1697,A3,N,N
10/29/2019,1:00,9170.1162,1194.6519,3459.8013,727.3392,8552.8154,5359.0049,2988.3171,1126.1595,32578.2055,A6,N,N
10/29/2019,1:00,9665.75,1200.85,3289.6201,759.387,9047.3096,5144.5601,2998.4299,1074.9,33180.8067,E,N,N
10/29/2019,1:00,9560.5498,1195.77,3248.7,738.744,9175.2305,5257.8999,2940.49,1086.4,33203.7842,E1,N,N
10/29/2019,1:00,9836.1602,1165.77,3313.54,743.986,9655.96,4954.8198,3071.01,1093.91,33835.156,E2,N,N
10/29/2019,1:00,9617.8799,1220.89,3212.6001,737.627,9032.4199,5276.8901,2935.6699,1068.5699,33102.5468,E3,N,N
10/29/2019,1:00,9670.085,1195.8201,3266.1152,744.936,9227.7305,5158.5425,2986.3999,1080.9449,33330.5741,M,Y,N
10/29/2019,2:00,8962.1172,1129.4702,3383.9236,751.5537,8120.5874,4903.854,2902.8875,1083.1626,31237.5562,A3,N,N
10/29/2019,2:00,8817.9619,1142.8264,3475.9561,709.9481,8131.998,4938.3789,2855.3782,1027.0436,31099.4912,A6,N,N
10/29/2019,2:00,9308.0303,1146.16,3272.75,748.974,8669.2803,4856.98,2867.0801,1026.3199,31895.5746,E,N,N
10/29/2019,2:00,9201.8301,1143.5,3252.76,708.875,8888.2695,4946.4102,2798.5801,1063.5699,32003.7948,E1,N,N
10/29/2019,2:00,9469.9697,1110.9,3291.4299,731.901,9307.2998,4621.3101,2950.8,1060.4,32544.0105,E2,N,N
10/29/2019,2:00,9229.21,1159.0601,3221.6499,723.793,8680.8496,4911,2767.5,1020.9,31713.9626,E3,N,N
10/29/2019,2:00,9302.2598,1139.905,3259.6475,728.3857,8886.4258,4833.9253,2845.99,1042.7975,32039.3366,M,Y,N
10/29/2019,3:00,8719.291,1093.3624,3376.5439,754.235,7920.0708,4757.1382,2815.6155,1073.0388,30509.2956,A3,N,N
10/29/2019,3:00,8610.3213,1101.7251,3437.0183,701.9651,7942.8359,4669.4102,2665.9849,1006.8039,30136.0647,A6,N,N
10/29/2019,3:00,9046.1201,1111.52,3271.98,744.834,8462.29,4682.04,2779.95,1023.45,31122.1841,E,N,N
10/29/2019,3:00,9029.0596,1124.64,3245.9199,710.858,8580.1104,4781.9902,2680.8899,1035.77,31189.238,E1,N,N
10/29/2019,3:00,9223.5596,1080.41,3284.4399,719.235,9040.9697,4463.3901,2853.1599,1038.86,31704.0242,E2,N,N
10/29/2019,3:00,9019.0596,1126.36,3269.1201,715.378,8328.3096,4860.3901,2667,998.767,30984.3844,E3,N,N
10/29/2019,3:00,9079.4492,1110.7325,3267.865,722.5762,8602.9199,4696.9526,2745.25,1024.2118,31249.9572,M,Y,N
10/29/2019,4:00,8593.585,1086.1754,3385.6409,762.2896,7893.6885,4667.9595,2773.8071,1063.2333,30226.3793,A3,N,N
10/29/2019,4:00,8479.6416,1110.889,3428.0623,711.3834,7889.209,4519.5718,2548.6438,991.2617,29678.6626,A6,N,N
10/29/2019,4:00,8950.4102,1102.54,3286.5801,744.869,8430.3701,4621.3101,2697.72,1022.12,30855.9195,E,N,N
10/29/2019,4:00,8936.9902,1114.65,3257.05,723.444,8526.04,4690.0298,2648.8701,1026.8101,30923.8842,E1,N,N
10/29/2019,4:00,9131.8301,1074.13,3296.0801,723.289,8965.4502,4364.3799,2795.48,1036.12,31386.7593,E2,N,N
10/29/2019,4:00,8980.7998,1128.84,3280.6399,715.631,8361.96,4650.2002,2576.8701,980.2,30675.141,E3,N,N
10/29/2019,4:00,9000.0078,1105.0399,3280.0874,726.8082,8570.9551,4581.48,2679.7349,1016.3126,30960.4259,M,Y,N
10/29/2019,5:00,8688.9883,1094.5059,3392.2903,795.239,8111.2495,4704.582,2752.1436,1079.7896,30618.7882,A3,N,N
10/29/2019,5:00,8643.1816,1113.7341,3446.3745,738.1929,8043.0825,4474.416,2489.8638,976.5494,29925.3948,A6,N,N
10/29/2019,5:00,9084.7803,1119.77,3305.21,759.865,8657.5898,4691.54,2648.6101,1038.03,31305.3952,E,N,N
10/29/2019,5:00,9075.0801,1117.9301,3283.0801,748.801,8704.25,4714.9199,2629.78,1042.58,31316.4212,E1,N,N
10/29/2019,5:00,9249.54,1092.1801,3313.3501,736.192,9155.1904,4367.6401,2788.28,1054.2,31756.5727,E2,N,N
10/29/2019,5:00,9061.3301,1123.95,3265.21,730.501,8513.2695,4660.79,2560.6899,1017.89,30933.6305,E3,N,N
10/29/2019,5:00,9117.6816,1113.4575,3291.7126,743.8397,8757.5752,4608.7227,2656.8398,1038.1749,31328.004,M,Y,N
10/29/2019,6:00,9107.5068,1155.351,3409.2661,845.9809,8795.1377,4991.7524,2891.9419,1137.2738,32334.2106,A3,N,N
10/29/2019,6:00,9111.3535,1184.198,3480.4946,779.9611,8699.9512,4728.4629,2597.01,1032.082,31613.5133,A6,N,N
10/29/2019,6:00,9599.1904,1201.41,3351.3799,803.843,9339.4004,5027.8999,2736.6499,1069.09,33128.8635,E,N,N
10/29/2019,6:00,9512,1180.13,3336.6201,778.086,9349.0303,4982.7798,2714.1499,1065.36,32918.1561,E1,N,N
10/29/2019,6:00,9756.9199,1167.02,3367.1699,780.334,9816.9502,4632.71,2897.3799,1100.58,33519.0639,E2,N,N
10/29/2019,6:00,9600.9902,1208.77,3261.26,779.447,9186.3301,4881.9302,2631.1799,1039.61,32589.5174,E3,N,N
10/29/2019,6:00,9617.2754,1189.3325,3329.1074,785.4275,9422.9277,4881.3301,2744.8398,1068.6599,33038.9003,M,Y,N
10/29/2019,7:00,9708.2158,1282.8278,3445.1387,919.5501,9937.2822,5540.603,3188.9119,1255.4784,35278.0079,A3,N,N
10/29/2019,7:00,9756.2344,1317.207,3517.4502,840.4059,9730.5303,5138.0039,2827.0356,1133.4707,34260.338,A6,N,N
10/29/2019,7:00,10360.0996,1347.9,3414.0901,879.903,10459.9004,5606.7598,2955.8401,1167.51,36192.003,E,N,N
10/29/2019,7:00,10353.5996,1345.87,3402.72,878.816,10623.5,5602.3198,3035.4299,1172.66,36414.9153,E1,N,N
10/29/2019,7:00,10541.7998,1308.21,3449.45,857.271,10970.7998,5219.02,3186.29,1200.58,36733.4206,E2,N,N
10/29/2019,7:00,10405.2002,1340.4399,3285.5,870.897,10451.5,5426.3198,2902.01,1161.05,35842.9169,E3,N,N
10/29/2019,7:00,10415.1748,1335.605,3387.9399,871.7217,10626.4248,5463.605,3019.8926,1175.45,36295.8138,M,Y,N
10/29/2019,8:00,9963.8096,1348.359,3490.0437,955.9636,10651.8242,5822.2744,3297.0034,1322.2898,36851.5677,A3,N,N
10/29/2019,8:00,10113.7383,1381.3959,3520.6892,877.7181,10434.542,5420.9917,2906.5762,1209.9794,35865.6308,A6,N,N
10/29/2019,8:00,10712,1410.12,3447.8301,917.178,11127,5930.3599,3059.76,1201.9,37806.148,E,N,N
10/29/2019,8:00,10566.5996,1386.51,3455.77,923.492,11294.7002,5885.3901,3151.78,1226.72,37890.9619,E1,N,N
10/29/2019,8:00,10830.5,1356.97,3496.8201,892.628,11602.9004,5597.79,3266.74,1257.95,38302.2985,E2,N,N
10/29/2019,8:00,10640,1394.34,3345.8799,914.866,11288.0996,5700.1201,3025.3101,1221.66,37530.2757,E3,N,N
10/29/2019,8:00,10687.2754,1386.9849,3436.575,912.041,11328.1758,5778.415,3125.8975,1227.0575,37882.4221,M,Y,N
10/29/2019,9:00,10173.9385,1361.8868,3460.4749,958.6898,10806.8154,5809.5151,3281.1755,1313.0693,37165.5653,A3,N,N
10/29/2019,9:00,10324.8027,1409.0704,3472.3538,892.2722,10659.5967,5426.3599,2834.5811,1195.0715,36214.1083,A6,N,N
10/29/2019,9:00,10770.0996,1412.72,3387.77,922.199,11182.2998,5926.7402,3084.9199,1192.99,37879.7385,E,N,N
10/29/2019,9:00,10618.9004,1357.08,3408.1799,892.682,11320.4004,5843.4702,3139.6399,1223.03,37803.3828,E1,N,N
10/29/2019,9:00,10830.7998,1359.25,3431.76,876.006,11627.5996,5687.77,3237.8501,1238.84,38289.8755,E2,N,N
10/29/2019,9:00,10786.5,1399.34,3352.29,916.939,11216,5803.6699,3041.6799,1265.33,37781.7488,E3,N,N
10/29/2019,9:00,10751.5752,1382.0974,3395,901.9565,11336.5742,5815.4126,3126.0225,1230.0475,37938.6859,M,Y,N
10/29/2019,10:00,10562.0996,1383.2864,3440.0225,990.8243,11004.6943,5826.314,3422.0586,1277.4902,37906.7899,A3,N,N
10/29/2019,10:00,10604.6621,1430.5985,3463.9722,922.0433,10843.4385,5479.7095,2955.0901,1138.0316,36837.5458,A6,N,N
10/29/2019,10:00,11059.4004,1425.9,3384.5701,946.634,11302.0996,5976.77,3266.72,1196.1,38558.1941,E,N,N
10/29/2019,10:00,10943.0996,1398.04,3408.55,915.85,11337.2998,5902.8101,3336.77,1205.8101,38448.2296,E1,N,N
10/29/2019,10:00,11149.2998,1378.78,3439.9399,881.581,11802.5,5765.3901,3423.1599,1236.8101,39077.4608,E2,N,N
10/29/2019,10:00,11046.0996,1426.9,3339.8899,949.557,11227.4004,5832.0601,3221.27,1205.36,38248.537,E3,N,N
10/29/2019,10:00,11049.4746,1407.4049,3393.2375,923.4055,11417.3242,5869.2578,3311.98,1211.02,38583.1045,M,Y,N
10/29/2019,11:00,10929.4248,1410.6544,3427.8787,1006.8447,11193.0303,5893.8647,3629.155,1250.4988,38741.3514,A3,N,N
10/29/2019,11:00,10972.4355,1450.8123,3498.512,933.4279,11146.3047,5718.8877,3193.2803,1100.8757,38014.5361,A6,N,N
10/29/2019,11:00,11419.7002,1449.2,3369.04,972.144,11447.7998,6078.02,3524.49,1187.17,39447.564,E,N,N
10/29/2019,11:00,11262.2998,1430.9301,3411.1799,931.803,11582.7002,6048.0801,3553.1101,1173.8199,39393.9231,E1,N,N
10/29/2019,11:00,11529.7002,1416.4301,3461.23,892.083,11994.4004,5874.21,3658.8501,1230.1,40057.0038,E2,N,N
10/29/2019,11:00,11312.5996,1449.45,3339.3899,980.517,11421.7998,5859.29,3487.6101,1223.61,39074.2664,E3,N,N
10/29/2019,11:00,11381.0742,1436.5024,3395.2097,944.1368,11611.6748,5964.8994,3556.0151,1203.6749,39493.1873,M,Y,N
10/29/2019,12:00,11352.8877,1417.8718,3414.4688,989.3763,11093.5791,5916.373,3839.7434,1237.6105,39261.9106,A3,N,N
10/29/2019,12:00,11403.373,1449.1428,3434.8301,944.0258,11080.6016,5965.335,3551.6003,1158.3895,38987.2981,A6,N,N
10/29/2019,12:00,11761,1474.92,3359.74,973.831,11513.5,6157.6401,3775.05,1196.96,40212.6411,E,N,N
10/29/2019,12:00,11557.4004,1471.83,3402.9399,943.93,11551.7998,6108.0898,3791.29,1181.28,40008.5599,E1,N,N
10/29/2019,12:00,11886.7998,1454.05,3430.1499,882.484,12040.7998,5943.5098,3888.5,1225.1,40751.3933,E2,N,N
10/29/2019,12:00,11695.2002,1477.15,3312.4399,982.467,11547.2998,6173.4199,3726.45,1181.24,40095.6668,E3,N,N
10/29/2019,12:00,11725.0996,1469.4874,3376.3174,945.678,11663.3506,6095.665,3795.3225,1196.145,40267.0655,M,Y,N
10/29/2019,13:00,11628.4072,1420.816,3432.5691,951.2352,10979.3115,5954.041,3998.8423,1209.1665,39574.3888,A3,N,N
10/29/2019,13:00,11691.2617,1444.6793,3435.7722,934.6221,10971.6924,6048.7002,3727.0444,1191.3496,39445.1219,A6,N,N
10/29/2019,13:00,12034.2002,1491.62,3346.96,968.35,11525.2998,6211.3901,3992.6399,1197.0601,40767.5201,E,N,N
10/29/2019,13:00,11859.5996,1486.04,3403.6001,933.869,11452.7998,6197.6299,4039.8601,1183.22,40556.6185,E1,N,N
10/29/2019,13:00,12127.7002,1488.87,3430.05,876.724,11993.5,5973.5601,4094.3301,1213.5601,41198.2945,E2,N,N
10/29/2019,13:00,11988,1524.35,3359.5901,977.034,11438.2998,6243.52,3909.4399,1198.96,40639.1938,E3,N,N
10/29/2019,13:00,12002.375,1497.7201,3385.05,938.9942,11602.4756,6156.5249,4009.0674,1198.2,40790.4072,M,Y,N
10/29/2019,14:00,11910.3975,1452.2174,3444.5205,930.6443,10776.5127,5984.5029,4153.4517,1198.3575,39850.6045,A3,N,N
10/29/2019,14:00,12011.6113,1470.9408,3430.6233,938.6816,10780.2979,6165.5503,3884.585,1218.2731,39900.5633,A6,N,N
10/29/2019,14:00,12304.2002,1510.83,3352.6399,969.108,11550.7998,6270.3599,4183.1099,1182.6801,41323.7278,E,N,N
10/29/2019,14:00,12228.7998,1517.23,3410.6201,958.448,11420,6283.48,4190.46,1158.96,41167.9979,E1,N,N
10/29/2019,14:00,12332.2002,1535.4399,3448.3701,879.017,11956.5,6025.7798,4272.5801,1213.1,41662.9871,E2,N,N
10/29/2019,14:00,12271.7998,1558.0601,3368.1599,980.771,11369,6279.3301,4138.7798,1157.55,41123.4507,E3,N,N
10/29/2019,14:00,12284.25,1530.39,3394.9475,946.836,11574.0752,6214.7373,4196.2324,1178.0725,41319.5409,M,Y,N
10/29/2019,15:00,12195.0664,1476.0729,3440.5859,910.0198,10649.6807,6027.5938,4333.688,1205.4438,40238.1513,A3,N,N
10/29/2019,15:00,12349.7529,1481.1675,3417.0735,940.9409,10636.458,6215.9951,4048.0439,1241.5892,40331.021,A6,N,N
10/29/2019,15:00,12498.5,1528.29,3350.75,965.788,11513.9004,6320.75,4324.6201,1151.97,41654.5685,E,N,N
10/29/2019,15:00,12481.0996,1536.6,3400.6499,896.24,11286.5,6293.3999,4349.1001,1143.09,41386.6795,E1,N,N
10/29/2019,15:00,12452.5,1570.46,3452.9199,871.92,11855,6057.3701,4405.4702,1204.92,41870.5602,E2,N,N
10/29/2019,15:00,12603.7998,1568.3,3345.99,977.855,11186.4004,6292.8501,4289.7798,1192.66,41457.6351,E3,N,N
10/29/2019,15:00,12508.9756,1550.9126,3387.5776,927.9507,11460.4492,6241.0923,4342.2427,1173.16,41592.3607,M,Y,N
10/29/2019,16:00,12487.6689,1507.8486,3441.7366,891.7562,10638.4893,6088.79,4463.5049,1212.6636,40732.4581,A3,N,N
10/29/2019,16:00,12705.4453,1517.0795,3408.5928,930.0381,10537.7227,6252.998,4181.8979,1246.364,40780.1383,A6,N,N
10/29/2019,16:00,12621.9004,1549.22,3340.8,970.733,11462.2002,6375.8501,4405.6099,1174.26,41900.5736,E,N,N
10/29/2019,16:00,12581,1562.38,3396.1499,938.9,10968.7998,6398.8198,4408.9399,1182.4301,41437.4195,E1,N,N
10/29/2019,16:00,12569.2002,1588.53,3452.3601,877.099,11754.5,6111.7402,4465.1899,1213.9399,42032.5593,E2,N,N
10/29/2019,16:00,12651.9004,1602.0699,3350.52,984.622,11001.0996,6562.0601,4403.96,1204.46,41760.692,E3,N,N
10/29/2019,16:00,12606,1575.5499,3384.9575,942.8385,11296.6504,6362.1177,4420.9248,1193.7725,41782.8113,M,Y,N
10/29/2019,17:00,12484.5459,1518.2961,3444.252,881.4232,10695.4053,6177.0874,4471.2051,1212.444,40884.659,A3,N,N
10/29/2019,17:00,12698.248,1526.6194,3395.3835,926.3995,10568.1064,6352.4873,4233.1084,1241.0311,40941.3836,A6,N,N
10/29/2019,17:00,12648.9004,1571.29,3342.51,974.786,11475.7002,6449.9199,4409.77,1188.47,42061.3465,E,N,N
10/29/2019,17:00,12680.5996,1610.64,3402.6299,958.365,11182.5,6543.79,4481.6099,1198.42,42058.5544,E1,N,N
10/29/2019,17:00,12599.5,1621.17,3460.1101,871.925,11739.2998,6229.3901,4494.73,1222.26,42238.385,E2,N,N
10/29/2019,17:00,12796.7002,1649.97,3338.8301,991.382,11240.7998,6693.4902,4432.4399,1202.04,42345.6522,E3,N,N
10/29/2019,17:00,12681.4248,1613.2676,3386.02,949.1145,11409.5752,6479.1475,4454.6372,1202.7976,42175.9844,M,Y,N
10/29/2019,18:00,12243.8633,1500.6069,3426.9626,855.6028,10786.0674,6236.0854,4369.8174,1228.0933,40647.0991,A3,N,N
10/29/2019,18:00,12469.8945,1521.0121,3364.7788,895.8993,10640.2891,6437.1851,4200.2749,1259.0677,40788.4015,A6,N,N
10/29/2019,18:00,12478.7998,1570.85,3333.1201,948.975,11511.7998,6478.1401,4308.6802,1210.86,41841.225,E,N,N
10/29/2019,18:00,12341.9004,1581.17,3390.5801,920.483,11267.9004,6493.6699,4336.8501,1214.14,41546.6939,E1,N,N
10/29/2019,18:00,12408.7002,1614.41,3453.21,842.393,11821.5,6354.9102,4391.0098,1231.09,42117.2232,E2,N,N
10/29/2019,18:00,12494.7002,1586.35,3306.8799,961.34,11269,6558.3599,4305.8999,1187.73,41670.2599,E3,N,N
10/29/2019,18:00,12431.0244,1588.1951,3370.9475,918.2978,11467.5498,6471.27,4335.6099,1210.955,41793.8495,M,Y,N
10/29/2019,19:00,11890.373,1510.4701,3430.7395,848.2607,10935.4639,6253.1626,4185.5024,1221.8118,40275.784,A3,N,N
10/29/2019,19:00,12082.6006,1538.2798,3343.7786,892.424,10803.833,6466.2271,4067.894,1260.4491,40455.4862,A6,N,N
10/29/2019,19:00,12263.5996,1585.79,3335.25,928.778,11591.7002,6490.8799,4159.4502,1234.24,41589.6879,E,N,N
10/29/2019,19:00,12057.0996,1569.84,3381.01,902.488,11510.0996,6442.0898,4134.0098,1231.1801,41227.8169,E1,N,N
10/29/2019,19:00,12137,1617.66,3452.75,836.968,11879.4004,6491.1699,4225.6201,1256.9,41897.4684,E2,N,N
10/29/2019,19:00,12161.7998,1567.7,3344.1699,936.592,11404.4004,6654.5801,4114.73,1240.77,41424.7422,E3,N,N
10/29/2019,19:00,12154.875,1585.2476,3378.2949,901.2065,11596.4004,6519.6802,4158.4526,1240.7725,41534.9297,M,Y,N
10/29/2019,20:00,11964.2598,1558.6648,3455.4656,884.1167,11356.3955,6515.251,4185.998,1249.151,41169.3024,A3,N,N
10/29/2019,20:00,12090.0557,1568.5571,3358.689,918.9726,11190.1475,6711.2148,4046.7551,1315.0225,41199.4143,A6,N,N
10/29/2019,20:00,12367,1602.5,3366.1599,955.956,11866.2002,6615.0601,4109.5,1262.1,42144.4762,E,N,N
10/29/2019,20:00,12228.9004,1613.25,3409.4199,932.932,11966.9004,6691.54,4118.9902,1255.53,42217.4629,E1,N,N
10/29/2019,20:00,12321.4004,1632.27,3478.1201,878.869,12150.7002,6696.02,4217.77,1298.5601,42673.7098,E2,N,N
10/29/2019,20:00,12417.9004,1627.27,3395.23,970.3,11937.9004,6866.48,4102.1899,1289.09,42606.3607,E3,N,N
10/29/2019,20:00,12333.8008,1618.8225,3412.2324,934.5142,11980.4258,6717.2749,4137.1123,1276.3199,42410.5028,M,Y,N
10/29/2019,21:00,11763.6279,1558.3477,3490.7219,903.537,11268.3428,6599.5244,4109.0518,1293.0223,40986.1758,A3,N,N
10/29/2019,21:00,11803.9336,1542.28,3399.2368,930.3072,11112.4023,6656.7998,3976.0784,1369.3169,40790.355,A6,N,N
10/29/2019,21:00,12162.4004,1576.76,3388.0701,946.245,11737.7998,6558.6001,4029.45,1298.5601,41697.8855,E,N,N
10/29/2019,21:00,12116.2002,1567.23,3426.3,927.205,11726.2998,6640.0801,4059.53,1277.01,41739.8551,E1,N,N
10/29/2019,21:00,12147.0996,1589.46,3489.45,860.18,12042.5,6556.6001,4121.6299,1313.75,42120.6696,E2,N,N
10/29/2019,21:00,12220.5996,1552.15,3372.6299,955.569,11795.5,6761.9702,4047.6699,1307.16,42013.2486,E3,N,N
10/29/2019,21:00,12161.5762,1571.4,3419.1125,922.2997,11825.5254,6629.3125,4064.5698,1299.12,41892.9161,M,Y,N
10/29/2019,22:00,11322.4189,1503.9803,3502.4065,889.8418,10847.751,6455.3301,3954.3635,1273.5605,39749.6526,A3,N,N
10/29/2019,22:00,11448.4766,1493.6769,3444.3977,905.3605,10730.249,6571.7285,3838.0278,1333.5679,39765.4849,A6,N,N
10/29/2019,22:00,11677.4004,1508.73,3359.5801,905.435,11200.7998,6271.1699,3857,1269.75,40049.8652,E,N,N
10/29/2019,22:00,11597.5996,1539.14,3398.47,876.375,11147.2002,6320.0898,3873.9099,1290.05,40042.8345,E1,N,N
10/29/2019,22:00,11679.4004,1509.08,3443.1599,825.78,11461.9004,6195.2798,3942.99,1266.01,40323.6005,E2,N,N
10/29/2019,22:00,11692.2002,1543.0601,3394.1201,905.913,11147.5996,6391.21,3883.5601,1217.48,40175.1431,E3,N,N
10/29/2019,22:00,11661.6494,1525.0026,3398.8325,878.3758,11239.375,6294.4375,3889.3652,1260.8225,40147.8605,M,Y,N
10/29/2019,23:00,10593.0342,1398.1158,3457.5439,849.035,10105.2021,5963.7344,3687.2361,1225.2236,37279.1251,A3,N,N
10/29/2019,23:00,10719.6953,1390.6143,3422.0857,863.4312,10036.8564,6062.1973,3606.5217,1279.7542,37381.1561,A6,N,N
10/29/2019,23:00,10960.5,1410.2,3307.6101,854.932,10407.0996,5845.0601,3603.9299,1193.2,37582.5317,E,N,N
10/29/2019,23:00,11030.7998,1403.65,3339.6299,846.734,10397.5996,5848.5498,3593.95,1200.7,37661.6131,E1,N,N
10/29/2019,23:00,10995.2998,1392.4301,3386.8401,778.55,10609.2002,5738.5801,3670.77,1192.38,37764.0503,E2,N,N
10/29/2019,23:00,11104.0996,1403.88,3345.9299,848.683,10515.5996,5907.7798,3563.76,1192.11,37881.8419,E3,N,N
10/29/2019,23:00,11022.6758,1402.54,3345.0024,832.2247,10482.375,5834.9922,3608.1025,1194.5974,37722.51,M,Y,N
10/29/2019,24:00,9973.084,1295.4612,3429.5354,810.3128,9285.8975,5424.1895,3426.824,1165.2435,34810.5479,A3,N,N
10/29/2019,24:00,10061.1982,1291.0748,3394.8643,819.6775,9274.4873,5468.354,3352.2212,1230.9631,34892.8404,A6,N,N
10/29/2019,24:00,10285.7998,1316.79,3263.3999,812.607,9695,5409.75,3352.1899,1141.67,35277.2066,E,N,N
10/29/2019,24:00,10447.2998,1312.13,3294.5701,781.787,9637.54,5432.73,3347.5901,1129.59,35383.237,E1,N,N
10/29/2019,24:00,10287.4004,1282.8199,3351.01,739.178,9899.0498,5262.54,3383.0601,1130.03,35335.0882,E2,N,N
10/29/2019,24:00,10530,1339.87,3265.53,797.305,9685.0098,5388.4102,3316.8201,1105.27,35428.2151,E3,N,N
10/29/2019,24:00,10387.625,1312.9025,3293.6274,782.7192,9729.1504,5373.3574,3349.915,1126.64,35355.9369,M,Y,N
10/30/2019,1:00,9546.9033,1211.9188,3412.2312,777.3934,8628.0938,5049.5547,3207.3042,1108.3888,32941.7882,A3,N,N
10/30/2019,1:00,9549.9443,1227.8708,3469.4238,751.1663,8603.8945,5096.6572,3169.8445,1095.5627,32964.3641,A6,N,N
10/30/2019,1:00,10209.2998,1251.34,3224.1599,785.838,9379.0596,5044.96,3178.9099,1098.66,34172.2272,E,N,N
10/30/2019,1:00,10018.9004,1244.99,3254.05,741.423,9073.3604,5131.4502,3149.3601,1081.5,33695.0341,E1,N,N
10/30/2019,1:00,10399.5,1221.54,3322.76,744.798,9957.9004,5225.4199,3232.1399,1088.5699,35192.6281,E2,N,N
10/30/2019,1:00,10076,1273.97,3182.75,765.671,9070.7402,5032.98,3113.2,1063.88,33579.1912,E3,N,N
10/30/2019,1:00,10175.9248,1247.96,3245.9299,759.4325,9370.2656,5108.7026,3168.4026,1083.1525,34159.7705,M,Y,N
10/30/2019,2:00,9235.1289,1161.3179,3402.0088,760.9413,8252.8076,4798.7104,3045.8403,1090.3601,31747.1153,A3,N,N
10/30/2019,2:00,9251.001,1177.9475,3495.7446,731.3828,8218.5166,4760.0249,3026.6326,1003.2723,31664.5223,A6,N,N
10/30/2019,2:00,9832.2998,1198.77,3200.5801,769.415,9009.04,4754.1001,3022.76,1050.37,32837.335,E,N,N
10/30/2019,2:00,9620.0801,1181.48,3251.6101,707.051,8746.9902,4898.5698,2985.22,1060.37,32451.3712,E1,N,N
10/30/2019,2:00,10021.9004,1170.51,3304.6101,729.214,9593.6396,4889.1201,3094.9299,1065.01,33868.9341,E2,N,N
10/30/2019,2:00,9631.7197,1208.5,3180.0901,749.111,8636.1504,4753.6602,2912.0801,1030.0601,32101.3716,E3,N,N
10/30/2019,2:00,9776.5,1189.8149,3234.2227,738.6978,8996.4551,4823.8623,3003.7476,1051.4525,32814.7529,M,Y,N
10/30/2019,3:00,9029.3076,1125.2279,3393.8752,758.4208,8074.0864,4679.9473,2940.1265,1082.5724,31083.5641,A3,N,N
10/30/2019,3:00,9053.4082,1136.4106,3462.0588,720.7678,8050.3477,4560.2954,2829.4111,986.9922,30799.6918,A6,N,N
10/30/2019,3:00,9543.6504,1158.89,3182.47,758.112,8784.2598,4571.48,2909.8101,1056.77,31965.4423,E,N,N
10/30/2019,3:00,9405.6299,1143.28,3237.8601,720.992,8501.6904,4761.1699,2863.22,1048.76,31682.6023,E1,N,N
10/30/2019,3:00,9761.4297,1134.4301,3279.8401,709.988,9287.0801,4707.46,2989.6201,1054.35,32924.1981,E2,N,N
10/30/2019,3:00,9431.3604,1172.99,3238.1699,733.617,8489.6396,4711.5698,2794.99,1028.16,31600.4967,E3,N,N
10/30/2019,3:00,9535.5176,1152.3975,3234.585,730.6772,8765.667,4687.9199,2889.4102,1047.01,32043.1844,M,Y,N
10/30/2019,4:00,8964.5742,1123.3136,3398.7275,759.9789,8066.4795,4620.5386,2878.6846,1073.375,30885.6719,A3,N,N
10/30/2019,4:00,8932.4082,1145.6946,3453.4131,726.755,8006.2764,4441.019,2705.2207,975.603,30386.39,A6,N,N
10/30/2019,4:00,9424.1699,1142.79,3188.3799,754.854,8726.71,4496.1699,2814.1599,1075.78,31623.0136,E,N,N
10/30/2019,4:00,9318.4199,1125.99,3232.1599,714.875,8457.1104,4643.1499,2798.0901,1030.38,31320.1752,E1,N,N
10/30/2019,4:00,9663.3604,1125.67,3270.8401,711.971,9174.5703,4585.0601,2924.0901,1049.47,32505.032,E2,N,N
10/30/2019,4:00,9313.0195,1167.09,3216.4299,729.282,8448.6504,4476.79,2694.1299,1005.09,31050.4817,E3,N,N
10/30/2019,4:00,9429.7422,1140.385,3226.9524,727.7455,8701.7598,4550.293,2807.6174,1040.1801,31624.6754,M,Y,N
10/30/2019,5:00,9037.9229,1131.2411,3402.2444,774.2767,8265.1592,4670.7188,2845.582,1089.8059,31216.951,A3,N,N
10/30/2019,5:00,9111.2178,1149.3788,3469.5764,748.561,8136.5522,4414.7627,2640.4343,964.8647,30635.3479,A6,N,N
10/30/2019,5:00,9531.8701,1149.86,3206.4099,765.112,8917.71,4569.0601,2753.9199,1060.6899,31954.6319,E,N,N
10/30/2019,5:00,9398.3398,1110.37,3247.9399,715.7,8730,4678.73,2778.1899,1084.08,31743.3496,E1,N,N
10/30/2019,5:00,9774.0596,1130.9,3280.1499,722.24,9338.3398,4578.9702,2911.8999,1056.38,32792.9394,E2,N,N
10/30/2019,5:00,9515.8398,1155.05,3204.3799,738.032,8668.2402,4558.7402,2664.72,1004.38,31509.3821,E3,N,N
10/30/2019,5:00,9555.0273,1136.5449,3234.72,735.271,8913.5723,4596.375,2777.1824,1051.3824,32000.0753,M,Y,N
10/30/2019,6:00,9451.7012,1195.4149,3411.24,811.1077,8936.1973,4992.959,2991.4514,1147.4857,32937.5572,A3,N,N
10/30/2019,6:00,9532.5479,1221.2957,3496.155,788.8325,8771.3926,4702.2334,2744.2512,1023.5168,32280.2251,A6,N,N
10/30/2019,6:00,10021.7002,1228.21,3263.4199,801.022,9527.5801,4934.5298,2838.78,1107.6899,33722.9319,E,N,N
10/30/2019,6:00,10018.7998,1165.14,3301.24,755.133,9379.8301,4949.2798,2875.6399,1100.87,33545.9326,E1,N,N
10/30/2019,6:00,10282.7002,1195.96,3332.77,758.948,9944.2998,4858.5298,3016.28,1093.98,34483.4678,E2,N,N
10/30/2019,6:00,10109,1229.24,3202.25,775.708,9380.46,4830.3599,2732.47,1070.77,33330.2579,E3,N,N
10/30/2019,6:00,10108.0498,1204.6375,3274.9199,772.7028,9558.043,4893.1748,2865.7925,1093.3275,33770.6478,M,Y,N
10/30/2019,7:00,10204.1572,1326.208,3439.0183,868.6524,10053.2734,5576.4819,3308.4768,1264.2587,36040.5267,A3,N,N
10/30/2019,7:00,10319.4453,1358.8802,3522.9341,843.4415,9767.5,5166.6294,2991.1792,1127.5416,35097.5513,A6,N,N
10/30/2019,7:00,10746.9004,1375.86,3333.6001,870.058,10553.9004,5556.9902,3056.3701,1208.45,36702.1292,E,N,N
10/30/2019,7:00,10909.7998,1317.61,3369.7,860.919,10741.5996,5550.8198,3198.8401,1199.97,37149.2583,E1,N,N
10/30/2019,7:00,11069.2002,1335.8199,3406.01,833.364,11030,5438.02,3296.53,1179.86,37588.8041,E2,N,N
10/30/2019,7:00,10841.7998,1377.03,3248.46,853.713,10642.5,5413.1401,3018.4299,1182.86,36577.9328,E3,N,N
10/30/2019,7:00,10891.9248,1351.5801,3339.4424,854.5135,10742,5489.7427,3142.5425,1192.7849,37004.5309,M,Y,N
10/30/2019,8:00,10578.4746,1386.4811,3477.8625,893.6204,10706.5957,5855.1201,3398.365,1327.8311,37624.3505,A3,N,N
10/30/2019,8:00,10716.9707,1425.4637,3515.4207,873.1713,10409.8838,5432.0723,3063.5217,1206.954,36643.4582,A6,N,N
10/30/2019,8:00,11067.4004,1433.84,3370.8101,906.886,11160.0996,5910.1499,3156.6599,1240.75,38246.5959,E,N,N
10/30/2019,8:00,11269.7998,1352.1801,3421.75,881.898,11420.2998,5895.3101,3263.9099,1242.63,38747.7777,E1,N,N
10/30/2019,8:00,11329.7002,1380.29,3450.7,867.99,11641.5996,5786.5,3370.1299,1227.21,39054.1197,E2,N,N
10/30/2019,8:00,11337.7998,1418.78,3311.54,894.942,11332.2998,5627.3701,3123.0701,1238.23,38284.0318,E3,N,N
10/30/2019,8:00,11251.1748,1396.2725,3388.7,887.929,11388.5752,5804.833,3228.4424,1237.205,38583.1319,M,Y,N
10/30/2019,9:00,10792.2148,1406.4427,3438.8154,893.3965,10804.6387,5895.9497,3397.3416,1313.0583,37941.8577,A3,N,N
10/30/2019,9:00,10842.208,1454.6218,3453.2881,883.2968,10569.4229,5488.9326,3015.8933,1197.5992,36905.2627,A6,N,N
10/30/2019,9:00,11179.9004,1437.54,3325.72,919.28,11170.7002,5916.8901,3202.0801,1231.16,38383.2708,E,N,N
10/30/2019,9:00,11374.0996,1325.74,3381.48,884.202,11301.0996,5882.73,3295.47,1213.6801,38658.5013,E1,N,N
10/30/2019,9:00,11352.4004,1378,3407.76,851.187,11641.4004,5863.9399,3347.55,1215.1,39057.3377,E2,N,N
10/30/2019,9:00,11388.7998,1411.73,3280.6101,904.04,11283,5739.7002,3142.1299,1224.02,38374.03,E3,N,N
10/30/2019,9:00,11323.7998,1388.2526,3348.8926,889.6772,11349.0508,5850.8154,3246.8074,1220.99,38618.2858,M,Y,N
10/30/2019,10:00,11315.0098,1430.4589,3413.5842,923.2728,10931.9014,5938.6045,3542.0054,1270.7433,38765.5803,A3,N,N
10/30/2019,10:00,11223.3496,1478.6671,3433.6001,911.2747,10684.1465,5567.0005,3138.4678,1144.9191,37581.4254,A6,N,N
10/30/2019,10:00,11633,1461.9399,3288.0601,956.583,11253.7002,5985.7402,3406.3999,1224.49,39209.9133,E,N,N
10/30/2019,10:00,11783.7998,1374.55,3341.96,897.581,11273.2002,5967.4502,3498.0801,1234.78,39371.4013,E1,N,N
10/30/2019,10:00,11805.2998,1406.4399,3383.8401,865.365,11795.2002,5942.04,3547.29,1199.54,39945.015,E2,N,N
10/30/2019,10:00,11860,1446.13,3256.02,943.695,11355.7002,5906.71,3351.1499,1252.02,39371.4251,E3,N,N
10/30/2019,10:00,11770.5254,1422.2649,3317.4702,915.806,11419.4502,5950.4854,3450.73,1227.7075,39474.4396,M,Y,N
10/30/2019,11:00,11803.583,1463.4265,3401.8708,947.4225,11096.1963,6026.3877,3791.0828,1240.7089,39770.6785,A3,N,N
10/30/2019,11:00,11674.6309,1501.5902,3462.1594,920.5542,10962.9551,5843.7231,3427.9397,1112.0416,38905.5942,A6,N,N
10/30/2019,11:00,12228,1494.0601,3278.0901,985.372,11359,6132.8599,3680.5701,1235.9301,40393.8823,E,N,N
10/30/2019,11:00,12354,1391.8199,3346.48,958.663,11483.7998,6122.5898,3739.9099,1180.55,40577.8124,E1,N,N
10/30/2019,11:00,12354.0996,1447.26,3406.28,875.731,11952.2998,6065.1001,3794.6899,1193.25,41088.7104,E2,N,N
10/30/2019,11:00,12476.2002,1470.92,3298.98,978.709,11518.7998,5991.04,3664.8701,1221.99,40621.5091,E3,N,N
10/30/2019,11:00,12353.0752,1451.0149,3332.4575,949.6188,11578.4756,6077.8975,3720.01,1207.9299,40670.4794,M,Y,N
10/30/2019,12:00,12096.4922,1477.933,3392.7158,945.2371,10976.1055,6115.8003,4001.469,1227.7604,40233.5133,A3,N,N
10/30/2019,12:00,12009.9258,1501.7222,3398.8762,930.0496,10904,6177.6514,3788.0847,1170.7976,39881.1075,A6,N,N
10/30/2019,12:00,12814.9004,1532.3,3265.3401,993.787,11390,6297.8101,3944.8999,1242.73,41481.7675,E,N,N
10/30/2019,12:00,12763.5996,1413.8,3328.6799,995.845,11590.5996,6214.75,3946.5701,1228.96,41482.8042,E1,N,N
10/30/2019,12:00,12860.9004,1485.45,3377.6799,870.74,11970,6184.3301,4030.5901,1184.5,41964.1905,E2,N,N
10/30/2019,12:00,12940.7002,1517.5,3278.24,987.299,11539.9004,6246.7202,3881.3999,1185.77,41577.5297,E3,N,N
10/30/2019,12:00,12845.0244,1487.2625,3312.4851,961.9178,11622.625,6235.9028,3950.8647,1210.49,41626.5723,M,Y,N
10/30/2019,13:00,12356.6621,1475.2075,3415.3152,927.5267,10874.0537,6206.1787,4183.7197,1201.7156,40640.3792,A3,N,N
10/30/2019,13:00,12301.5098,1491.6204,3403.2664,923.0219,10829.9287,6304.3145,3983.3357,1205.0015,40441.9989,A6,N,N
10/30/2019,13:00,13369.9004,1559.58,3238.28,994.607,11371.5996,6465.0601,4168.5298,1228.24,42395.7969,E,N,N
10/30/2019,13:00,13343.5996,1422.6,3310.8201,989.057,11532.2002,6248.3901,4225.4399,1206.97,42279.0769,E1,N,N
10/30/2019,13:00,13258.9004,1517.45,3364.73,865.003,11884.7998,6268.3301,4247.4102,1174.74,42581.3635,E2,N,N
10/30/2019,13:00,13563.2998,1550.75,3316.46,987.49,11563.2998,6423.6099,4109.98,1194.8,42709.6895,E3,N,N
10/30/2019,13:00,13383.9248,1512.595,3307.5725,959.0392,11587.9756,6351.3477,4187.8398,1201.1875,42491.4821,M,Y,N
10/30/2019,14:00,12683.9551,1484.1869,3431.4558,916.6838,10723.6943,6332.8037,4371.0366,1193.171,41136.9872,A3,N,N
10/30/2019,14:00,12778.584,1515.9563,3403.4812,929.9171,10705.8066,6534.2544,4169.3643,1232.2621,41269.626,A6,N,N
10/30/2019,14:00,13901.2002,1583.65,3243.5601,998.581,11382.7998,6638.6699,4363.54,1225.46,43337.461,E,N,N
10/30/2019,14:00,13853.0996,1490.62,3318.1499,980.295,11453.2002,6500.6602,4382.9199,1212.5699,43191.5147,E1,N,N
10/30/2019,14:00,13631.7998,1555.72,3380.4099,863.2,11824.7002,6352.52,4438.96,1174.27,43221.5799,E2,N,N
10/30/2019,14:00,14012.2998,1585.65,3327.04,991.433,11466.5,6536.3999,4299.0601,1179.1,43397.4828,E3,N,N
10/30/2019,14:00,13849.6006,1553.91,3317.29,958.3772,11531.7998,6507.0625,4371.1201,1197.85,43287.0102,M,Y,N
10/30/2019,15:00,12886.1406,1490.0269,3431.8696,900.0705,10632.4766,6438.1484,4511.9287,1202.7703,41493.4316,A3,N,N
10/30/2019,15:00,13061.2803,1520.6356,3396.5945,932.3775,10599.4697,6640.3149,4303.3398,1253.6772,41707.6895,A6,N,N
10/30/2019,15:00,14243.0996,1597.37,3249.5,1001.25,11346,6775.6299,4503.27,1187.61,43903.7295,E,N,N
10/30/2019,15:00,14104.9004,1455.33,3314.1201,934.533,11353.5,6501,4540.5698,1178.41,43382.3633,E1,N,N
10/30/2019,15:00,13850.9004,1574.66,3387.5901,858.727,11719.5,6389.6201,4578.1299,1165.0601,43524.1876,E2,N,N
10/30/2019,15:00,14285.2002,1563.89,3294.3401,994.431,11376.9004,6606.6299,4459.7798,1193.16,43774.3314,E3,N,N
10/30/2019,15:00,14121.0244,1547.8125,3311.3875,947.2352,11448.9746,6568.2197,4520.4375,1181.0601,43646.1515,M,Y,N
10/30/2019,16:00,13042.4873,1505.1647,3436.9087,886.7845,10635.8428,6542.7715,4659.3076,1211.7999,41921.067,A3,N,N
10/30/2019,16:00,13268.2744,1554.0204,3395.2141,924.902,10519.6494,6725.4668,4429.6279,1258.347,42075.502,A6,N,N
10/30/2019,16:00,14381.4004,1604.62,3244.1499,1006.56,11326.5996,6853.54,4583.1099,1278.01,44277.9898,E,N,N
10/30/2019,16:00,14280,1450.6899,3305.8999,958.437,11218.2002,6451.1499,4610.79,1247.71,43522.8769,E1,N,N
10/30/2019,16:00,13994.5996,1569.8,3383.51,862.492,11641.5996,6397.2002,4641.79,1176.9301,43667.9215,E2,N,N
10/30/2019,16:00,14642.5996,1578.97,3323.8899,998.745,11260.7998,6773.4702,4578.6802,1253.05,44410.2047,E3,N,N
10/30/2019,16:00,14324.6504,1551.02,3314.3623,956.5585,11361.7998,6618.8403,4603.5928,1238.925,43969.7491,M,Y,N
10/30/2019,17:00,12979.8672,1498.4851,3441.7612,879.4554,10692.1836,6602.7378,4674.7451,1212.7234,41981.9588,A3,N,N
10/30/2019,17:00,13191.5791,1559.5385,3387.408,923.4084,10554.2285,6817.6069,4468.0366,1250.6846,42152.4906,A6,N,N
10/30/2019,17:00,14316.2998,1614.45,3255.8701,1016.45,11401.5996,6890.1802,4574.73,1307.02,44376.5997,E,N,N
10/30/2019,17:00,14181,1499.53,3322.78,988.207,11421.9004,6454.0601,4637.5098,1271.0601,43776.0474,E1,N,N
10/30/2019,17:00,13977.0996,1581.63,3396.24,865.716,11690.7002,6438.1899,4659.96,1190.83,43800.3657,E2,N,N
10/30/2019,17:00,14374.5996,1599.76,3366.99,1012.87,11492.2998,6800.25,4576.3198,1255.9399,44479.0291,E3,N,N
10/30/2019,17:00,14212.25,1573.8425,3335.4702,970.8108,11501.625,6645.6699,4612.1299,1256.2125,44108.0108,M,Y,N
10/30/2019,18:00,12647.334,1478.4136,3425.7815,855.9708,10800.499,6622.4673,4570.7656,1229.2573,41630.4891,A3,N,N
10/30/2019,18:00,12739.001,1547.7346,3360.6062,896.332,10634.5098,6833.8013,4427.71,1265.7798,41705.4747,A6,N,N
10/30/2019,18:00,13967.2002,1599.24,3257.79,994.034,11524.7002,6825.4399,4458.1299,1250.47,43877.0042,E,N,N
10/30/2019,18:00,13776.4004,1474.63,3323.3999,1008.8,11417,6483.2798,4530.75,1286.85,43301.1101,E1,N,N
10/30/2019,18:00,13658.9004,1560.97,3399.8401,847.887,11889.2002,6469.73,4550.3301,1206.12,43582.9778,E2,N,N
10/30/2019,18:00,13960.7998,1567.74,3354.9099,989.809,11522.5996,6788.5,4505,1233.73,43923.0883,E3,N,N
10/30/2019,18:00,13840.8252,1550.645,3333.9851,960.1325,11588.375,6641.7373,4511.0527,1244.2925,43671.0453,M,Y,N
10/30/2019,19:00,12258.4482,1483.7693,3430.0173,849.9775,10994.1025,6551.3535,4378.6963,1224.2592,41170.6238,A3,N,N
10/30/2019,19:00,12253.0664,1565.9342,3341.3423,894.3281,10818.1816,6780.668,4286.0249,1263.6124,41203.1579,A6,N,N
10/30/2019,19:00,13498.7002,1604.75,3265.6699,976.225,11673.0996,6751.9399,4291.6802,1277.0699,43339.1347,E,N,N
10/30/2019,19:00,13303.2002,1486.01,3325.9299,924.758,11629.0996,6435.0601,4312.5898,1341.96,42758.6076,E1,N,N
10/30/2019,19:00,13148.0996,1558.15,3409.3899,857.117,12051.5996,6551,4363.3301,1233.16,43171.8462,E2,N,N
10/30/2019,19:00,13274.7998,1555.03,3402.27,972.126,11645.2002,6776.0098,4308.7798,1246.76,43180.9756,E3,N,N
10/30/2019,19:00,13306.2002,1550.9851,3350.8149,932.5565,11749.749,6628.5024,4319.0947,1274.7375,43112.6403,M,Y,N
10/30/2019,20:00,12386.168,1526.9114,3455.8816,890.3224,11470.208,6681.5605,4358.8511,1253.9824,42023.8854,A3,N,N
10/30/2019,20:00,12324.5801,1591.7804,3356.9868,926.3105,11233.8867,6854.25,4265.4551,1313.9492,41867.1988,A6,N,N
10/30/2019,20:00,13389.5996,1615.5,3312.9399,997.67,11963.5,6789.9302,4218.7998,1313.73,43601.6695,E,N,N
10/30/2019,20:00,13275.2998,1545.79,3379.1499,1031.77,12136.5,6547.1802,4252.5698,1307.12,43475.3797,E1,N,N
10/30/2019,20:00,13122.7002,1577.14,3449.1201,906.792,12396.7998,6663.1401,4328.96,1274.29,43718.9422,E2,N,N
10/30/2019,20:00,13472.2002,1635.42,3379.1599,1000.89,12040.5,6817.1602,4211.9702,1285.74,43843.0405,E3,N,N
10/30/2019,20:00,13314.9492,1593.4625,3380.0925,984.2805,12134.3252,6704.3525,4253.0747,1295.22,43659.7571,M,Y,N
10/30/2019,21:00,12185.3643,1512.0771,3498.8933,921.508,11581.7734,6552.5405,4234.2808,1308.6965,41795.1339,A3,N,N
10/30/2019,21:00,12137.0234,1557.6677,3401.5515,950.4385,11289,6580.3286,4161.3496,1355.542,41432.9013,A6,N,N
10/30/2019,21:00,13020.5,1580.17,3356.6299,989.391,11887,6657,4125.04,1337.01,42952.7409,E,N,N
10/30/2019,21:00,12801.2002,1475.58,3439.3,964.047,12073,6338.4502,4140.0498,1341.09,42572.7172,E1,N,N
10/30/2019,21:00,12809.7998,1531.16,3479.46,898.191,12357.2002,6427.8999,4213.8599,1303.83,43021.4008,E2,N,N
10/30/2019,21:00,12971.2998,1538.05,3379.8201,988.727,12047.5996,6623.8198,4119.6602,1314.58,42983.5565,E3,N,N
10/30/2019,21:00,12900.7002,1531.24,3413.8025,960.089,12091.1992,6511.7925,4149.6523,1324.1276,42882.6033,M,Y,N
10/30/2019,22:00,11681.0342,1443.6563,3522.2537,934.2776,11273.1563,6249.0293,4037.626,1301.0131,40442.0465,A3,N,N
10/30/2019,22:00,11686.3682,1505.2552,3455.7271,935.6461,11026.4014,6325.1724,3996.3066,1313.2953,40244.1723,A6,N,N
10/30/2019,22:00,12419.7002,1499.2,3335.8201,954.358,11451.9004,6309.5,3940.1599,1301.59,41212.2286,E,N,N
10/30/2019,22:00,12302.2002,1385.21,3408.4299,922.073,11588.2002,6029.1299,3941.23,1406.48,40982.9532,E1,N,N
10/30/2019,22:00,12238.7002,1449.4301,3436.6499,869.03,11891,6021.5,4022.6599,1272.97,41201.9401,E2,N,N
10/30/2019,22:00,12470.7002,1508.1,3430.26,948.336,11604.2002,6072.9902,3932.6599,1238.4399,41205.6864,E3,N,N
10/30/2019,22:00,12357.8252,1460.485,3402.79,923.4492,11633.8252,6108.2798,3959.1775,1304.8699,41150.7018,M,Y,N
10/30/2019,23:00,10918.9473,1332.3955,3489.9958,917.7458,10632.3213,5694.8989,3747.2617,1270.2898,38003.8561,A3,N,N
10/30/2019,23:00,11025.208,1399.8654,3446.7852,906.5488,10453.0664,5749.6084,3731.6716,1255.554,37968.3078,A6,N,N
10/30/2019,23:00,11636.7998,1392.17,3295.1201,908.722,10767.4004,5869.9199,3662.8501,1329.39,38862.3723,E,N,N
10/30/2019,23:00,11454.5996,1284.14,3355.26,857.694,10849.2002,5565.9502,3645.5601,1145.95,38158.3541,E1,N,N
10/30/2019,23:00,11480.2002,1335.47,3384.8501,829.057,11140,5561.3701,3743.6101,1231.16,38705.7175,E2,N,N
10/30/2019,23:00,11588.5996,1415.5,3397.75,902.183,11139.0996,5716,3582.1899,1277.55,39018.8721,E3,N,N
10/30/2019,23:00,11540.0488,1356.8201,3358.2451,874.4141,10973.9258,5678.3101,3658.5527,1246.0125,38686.3292,M,Y,N
10/30/2019,24:00,10106.5771,1219.6395,3479.3279,895.309,9967.4141,5136.5845,3429.7234,1226.1563,35460.7318,A3,N,N
10/30/2019,24:00,10272.2158,1292.757,3439.1594,872.0917,9947.6504,5122.9404,3424.4016,1205.2269,35576.4432,A6,N,N
10/30/2019,24:00,10786.4004,1292.38,3267.8201,867.753,10166.5996,5409.0801,3362.3101,1238.37,36390.7133,E,N,N
10/30/2019,24:00,10496.5996,1224.83,3328.4199,821.166,10250.5,5136.9102,3297.3,1212,35767.7257,E1,N,N
10/30/2019,24:00,10683.2998,1216.05,3358.1001,794.641,10446.7998,5092.0801,3397.49,1188.6,36177.0608,E2,N,N
10/30/2019,24:00,10684,1290.97,3379.5701,862.271,10516.5,5220.7798,3265.0701,1190.7,36409.861,E3,N,N
10/30/2019,24:00,10662.5752,1256.0575,3333.4775,836.4578,10345.0996,5214.7124,3330.5427,1207.4175,36186.3402,M,Y,N
10/31/2019,1:00,9586.1406,1140.7384,3479.3821,880.9553,9412.1934,4730.9673,3183.5007,1184.7659,33598.6437,A3,N,N
10/31/2019,1:00,9735.2285,1231.5736,3537.0981,817.0728,9589.5137,4704.5854,3221.3135,1070.781,33907.1666,A6,N,N
10/31/2019,1:00,9823.9199,1229.95,3262.53,837.754,10475.5996,5082.7598,3133.26,1216.51,35062.2833,E,N,N
10/31/2019,1:00,9748.29,1188.72,3314.73,791.832,10450.7998,4967.6499,3009.27,1248.5601,34719.8518,E1,N,N
10/31/2019,1:00,9396.0498,1074.5601,3348.25,771.056,10230.2002,4728.1201,2943.4099,1168.04,33659.6861,E2,N,N
10/31/2019,1:00,9997.0703,1219.74,3337.0901,838.931,10217.2998,5020.3701,3001.53,1160.04,34792.0713,E3,N,N
10/31/2019,1:00,9741.333,1178.2424,3315.6499,809.8933,10343.4746,4949.7251,3021.8677,1198.2876,34558.4736,M,Y,N
10/31/2019,2:00,9116.5664,1091.3098,3456.5342,879.0038,9179.7158,4460.4204,2992.2625,1183.2526,32359.0655,A3,N,N
10/31/2019,2:00,9340.54,1174.1765,3566.8931,807.322,9503.4883,4344.0889,3034.553,980.4811,32751.5429,A6,N,N
10/31/2019,2:00,9425.1797,1191.22,3254.45,822.136,10144,4852,2917.9299,1215.66,33822.5756,E,N,N
10/31/2019,2:00,9337.79,1127.48,3315.53,758.284,10218,4977.5498,2804.9399,1233.5601,33773.1338,E1,N,N
10/31/2019,2:00,9017.1396,1026.1801,3337.1499,756.622,10015.5996,4490.3999,2750.9399,1156.75,32550.781,E2,N,N
10/31/2019,2:00,9606.8701,1156.21,3336.1599,832.796,9943.1104,4900.6699,2731.27,1102.4399,33609.5262,E3,N,N
10/31/2019,2:00,9346.7451,1125.2725,3310.8225,792.4595,10080.1777,4805.1548,2801.27,1177.1025,33439.0046,M,Y,N
10/31/2019,3:00,8780.834,1063.2407,3438.2947,894.0926,9375.9619,4346.4512,2875.1863,1189.2981,31963.3595,A3,N,N
10/31/2019,3:00,9112.4199,1126.2815,3416.2512,810.3891,9913.0693,4140.04,2806.6382,1021.4948,32346.584,A6,N,N
10/31/2019,3:00,9192.29,1172.65,3255.6201,809.943,9947.1104,4706.3198,2762.75,1201.46,33048.1433,E,N,N
10/31/2019,3:00,9101.0195,1188.6899,3319.1299,774.522,10228.4004,4827.1201,2619.0801,1255.92,33313.8819,E1,N,N
10/31/2019,3:00,8783.8799,1007.46,3334.8799,747.26,9925.7197,4408.8701,2655.76,1159.05,32022.8796,E2,N,N
10/31/2019,3:00,9300.8301,1156.17,3413.03,823.027,10112,4753.9502,2589.0901,1116.95,33265.0474,E3,N,N
10/31/2019,3:00,9094.5039,1131.2424,3330.665,788.688,10053.3076,4674.0649,2656.6699,1183.345,32912.4867,M,Y,N
10/31/2019,4:00,8463.6572,1067.3268,3434.2463,914.8523,9619.1094,4292.1152,2791.6653,1197.0331,31780.0056,A3,N,N
10/31/2019,4:00,8899.5234,1129.1515,3423.7556,830.3292,10275.6563,4037.8108,2645.0764,1122.3042,32363.6074,A6,N,N
10/31/2019,4:00,9091.0195,1165.61,3273.0801,810.144,10001.0996,4635.4502,2651.1899,1205.65,32833.2433,E,N,N
10/31/2019,4:00,8882,1144.8101,3332.3701,795.412,10395.5996,4858.27,2547.97,1267.9,33224.3318,E1,N,N
10/31/2019,4:00,8680.6201,1013.3,3343.8501,756.506,10045.0996,4370.1201,2598.3799,1166.12,31973.9958,E2,N,N
10/31/2019,4:00,9073.9297,1187.8,3363.5,822.774,10165.0996,4702.3501,2490.6201,1146.64,32952.7135,E3,N,N
10/31/2019,4:00,8931.8926,1127.88,3328.2002,796.209,10151.7246,4641.5479,2572.04,1196.5775,32746.0718,M,Y,N
10/31/2019,5:00,8411.7373,1096.5568,3427.3979,947.0712,10333.7744,4372.1196,2730.759,1233.069,32552.4852,A3,N,N
10/31/2019,5:00,8907.8643,1125.6362,3453.5613,868.1732,10761.3662,4083.125,2536.5208,1150.5276,32886.7746,A6,N,N
10/31/2019,5:00,9189.4102,1179.21,3303.6001,838.862,10431,4713.98,2594.22,1272.66,33522.9423,E,N,N
10/31/2019,5:00,8822.0098,1169.4399,3353.0801,808.545,10780.4004,4899.0801,2585.3401,1243.9301,33661.8255,E1,N,N
10/31/2019,5:00,8776.2305,1040.54,3363.9199,777.228,10453.5996,4455.9199,2588.99,1194.02,32650.4479,E2,N,N
10/31/2019,5:00,9220.6699,1177.36,3360.1399,850.816,10615.9004,4663.6802,2372.71,1190.03,33451.3064,E3,N,N
10/31/2019,5:00,9002.0801,1141.6375,3345.1848,818.8627,10570.2246,4683.165,2535.3149,1225.16,33321.6296,M,Y,N
10/31/2019,6:00,8792.2305,1181.5848,3429.1763,1011.0746,11605.2939,4697.8643,2813.1565,1311.5597,34841.9406,A3,N,N
10/31/2019,6:00,9207.0928,1189.8689,3492.9863,929.5494,11852.1152,4409.1929,2586.4204,1249.1508,34916.3767,A6,N,N
10/31/2019,6:00,9630.5898,1242.6899,3373.76,903.706,11478.2002,5087.25,2726.26,1313,35755.4559,E,N,N
10/31/2019,6:00,9143.0703,1212.2,3407.3301,897.858,12102.0996,5355.4702,2589.71,1317.46,36025.1982,E1,N,N
10/31/2019,6:00,9251.5,1131.97,3424.1599,832.41,11375.0996,4830.4502,2704.1599,1267.11,34816.8596,E2,N,N
10/31/2019,6:00,9633.7598,1277.25,3387.8201,917.322,11604.9004,5021.8599,2490.8701,1256.85,35590.6323,E3,N,N
10/31/2019,6:00,9414.7305,1216.0275,3398.2676,887.824,11640.0742,5073.7578,2627.75,1288.605,35547.0366,M,Y,N
10/31/2019,7:00,9334.1133,1341.2842,3449.5032,1091.5635,13335.8955,5293.5435,3048.8215,1456.0684,38350.7931,A3,N,N
10/31/2019,7:00,9674.7061,1314.5605,3531.2942,1002.4585,13363.2109,4840.999,2773.0332,1400.2518,37900.5142,A6,N,N
10/31/2019,7:00,10312.7002,1367.13,3470.75,1015.48,13096.5,5734.1401,3039.74,1433.27,39469.7103,E,N,N
10/31/2019,7:00,10092.0996,1390.97,3483.3999,954.352,13324.7998,5958.0601,2885.6799,1433.5601,39522.9214,E1,N,N
10/31/2019,7:00,10026.5996,1303.05,3513.55,920.953,12798.5,5541.6201,3017.01,1400.0601,38521.3428,E2,N,N
10/31/2019,7:00,10250.7002,1400.1899,3378.8799,1037.96,13083.2998,5646.3198,2778.22,1371.45,38947.0196,E3,N,N
10/31/2019,7:00,10170.5254,1365.335,3461.645,982.1863,13075.7754,5720.0352,2930.1624,1409.585,39115.2497,M,Y,N
10/31/2019,8:00,9572.4746,1446.2689,3485.53,1134.299,14536.998,5649.5215,3081.4653,1540.2968,40446.8541,A3,N,N
10/31/2019,8:00,9918.6572,1372.0255,3533.6487,1053.547,14400.5947,5338.3394,2787.6941,1517.6542,39922.1608,A6,N,N
10/31/2019,8:00,10660.2002,1428.2,3508.9299,1072.26,14031,6080.71,3178.3799,1446.52,41406.2,E,N,N
10/31/2019,8:00,10211.2998,1446.1,3534.3899,1013.26,14223.4004,6344.3101,3107.1399,1492.99,41372.8901,E1,N,N
10/31/2019,8:00,10356.7002,1373.29,3555.6599,963.909,13597.7998,5976.29,3127.48,1451.14,40402.2689,E2,N,N
10/31/2019,8:00,10472.0996,1499.99,3520.6799,1094.41,14052,6100.1802,2877.03,1393.67,41010.0597,E3,N,N
10/31/2019,8:00,10425.0742,1436.895,3529.9148,1035.9597,13976.0498,6125.3721,3072.5076,1446.08,41047.8532,M,Y,N
10/31/2019,9:00,9604.54,1508.3114,3448.531,1145.4235,14931.6836,5720.7441,2985.677,1539.2126,40884.1232,A3,N,N
10/31/2019,9:00,9885.5898,1393.6467,3479.7888,1080.0493,14819.001,5818.0454,2643.7407,1528.9565,40648.8182,A6,N,N
10/31/2019,9:00,10641.2002,1451.66,3367.01,1079.62,13960.0996,6055.5,3126.28,1417.8199,41099.1897,E,N,N
10/31/2019,9:00,10331.2998,1475.88,3368.8301,986.636,14162.0996,6566.4502,2940.96,1446.63,41278.7857,E1,N,N
10/31/2019,9:00,10325.9004,1400.23,3411.23,952.15,13486.7002,6090.4302,3058.2,1287.73,40012.5708,E2,N,N
10/31/2019,9:00,10501.0996,1539.1,3454.1699,1088.76,13820,6271.5098,2800.99,1412.39,40888.0193,E3,N,N
10/31/2019,9:00,10449.875,1466.7175,3400.3101,1026.7915,13857.2246,6245.9727,2981.6077,1391.1425,40819.6416,M,Y,N
10/31/2019,10:00,9791.0469,1568.7318,3431.4412,1189.9771,15165.0166,5799.7139,3003.0146,1499.6675,41448.6096,A3,N,N
10/31/2019,10:00,10008.8047,1406.2961,3466.8953,1125.5752,15054.96,6088.0073,2661.1504,1486.1627,41297.8517,A6,N,N
10/31/2019,10:00,10745.2998,1472.99,3394.24,1111.9399,13896.5,6058.3901,3207.9099,1396.8,41284.0697,E,N,N
10/31/2019,10:00,10415.2998,1505.42,3434.97,985.383,14101,6529.7402,3030.6001,1489.28,41491.6931,E1,N,N
10/31/2019,10:00,10543.4004,1442.28,3452.99,965.975,13468.4004,6148.6699,3150.8501,1316.66,40489.2258,E2,N,N
10/31/2019,10:00,10580.5996,1550.04,3428.22,1133.4,14035.5,6417.4199,2876.49,1363.21,41384.8795,E3,N,N
10/31/2019,10:00,10571.1504,1492.6826,3427.605,1049.1744,13875.3496,6288.5552,3066.4624,1391.4875,41162.4671,M,Y,N
10/31/2019,11:00,9895.9541,1618.4417,3433.6458,1202.0212,15233.4863,5906.4326,3032.625,1454.4597,41777.0664,A3,N,N
10/31/2019,11:00,10139.9512,1420.2107,3493.3794,1132.9896,15281.9629,6489.5044,2763.7612,1447.0776,42168.837,A6,N,N
10/31/2019,11:00,10836.4004,1499.77,3360.5801,1137.37,13845.9004,6070.7798,3316.6899,1333.86,41401.3506,E,N,N
10/31/2019,11:00,10565,1570.5601,3387.9399,1017.05,14081,6443.98,3123.0601,1386.51,41575.1001,E1,N,N
10/31/2019,11:00,10733.7998,1488.23,3448.3301,980.208,13449.5,6189.8799,3254.23,1262.51,40806.6878,E2,N,N
10/31/2019,11:00,10696.7002,1559.6899,3437.6201,1145.47,13882,6288.6401,3029.8601,1310.26,41350.2404,E3,N,N
10/31/2019,11:00,10707.9746,1529.5625,3408.6174,1070.0244,13814.5996,6248.3203,3180.9602,1323.285,41283.344,M,Y,N
10/31/2019,12:00,9836.6484,1654.0405,3441.8982,1168.7599,14574.7539,5877.5278,3041.3186,1415.7386,41010.6859,A3,N,N
10/31/2019,12:00,10099.9844,1403.4213,3421.6738,1129.0192,14967.6396,6699.5771,2956.9417,1484.8928,42163.1499,A6,N,N
10/31/2019,12:00,10845.0996,1515.71,3336.46,1134.14,13689.7998,6054.98,3393.05,1276.26,41245.4994,E,N,N
10/31/2019,12:00,10538.7002,1561.9,3354.9199,1023.11,13703.5,6512.5698,3093.24,1332.79,41120.7299,E1,N,N
10/31/2019,12:00,10827.5996,1522.39,3390.99,969.079,13312,6170.1001,3326.1001,1224.88,40743.1388,E2,N,N
10/31/2019,12:00,10650.5996,1629.48,3386.9199,1140.66,13619.7002,6441,3012.4399,1319.13,41199.9296,E3,N,N
10/31/2019,12:00,10715.5,1557.37,3367.3225,1066.7473,13581.25,6294.6626,3206.2075,1288.265,41077.3249,M,Y,N
10/31/2019,13:00,9743.2949,1648.5728,3481.6296,1114.088,13715.7646,5813.5381,3006.1758,1358.7534,39881.8172,A3,N,N
10/31/2019,13:00,9944.6338,1379.0939,3411.6716,1100.2948,14386.5801,6694.3462,2965.0337,1487.5021,41369.1562,A6,N,N
10/31/2019,13:00,10747.4004,1519.45,3321.49,1104.85,13480.5996,6042.1699,3412.6201,1190.37,40818.95,E,N,N
10/31/2019,13:00,10464.2998,1539.6,3342.3501,945.364,13419.5,6422.3101,3070,1252.52,40455.944,E1,N,N
10/31/2019,13:00,10820.2002,1560.9,3386.1599,956.252,13133.0996,6083.7798,3343.46,1200.52,40484.3715,E2,N,N
10/31/2019,13:00,10678.5996,1576.26,3415.8201,1104.52,13158.0996,6442.9399,2979.8,1189.58,40545.6192,E3,N,N
10/31/2019,13:00,10677.625,1549.0525,3366.4551,1027.7465,13297.8242,6247.7998,3201.47,1208.2476,40576.2207,M,Y,N
10/31/2019,14:00,9751.4531,1634.8647,3512.5625,1069.7905,12992.877,5715.8184,2986.3269,1320.1943,38983.8874,A3,N,N
10/31/2019,14:00,9906.624,1379.088,3392.1589,1088.4069,13770.4463,6328.2886,2962.3506,1476.7753,40304.1386,A6,N,N
10/31/2019,14:00,10644.5,1515.3101,3344.8401,1087.5,13347.5996,6024.1299,3402.78,1236.62,40603.2797,E,N,N
10/31/2019,14:00,10442,1551.1899,3356.78,979.132,13165.5996,6257.48,3057.05,1253.42,40062.6515,E1,N,N
10/31/2019,14:00,10824.5996,1596.12,3418.3,952.189,13066.7998,6014.0898,3332.78,1204.5699,40409.4481,E2,N,N
10/31/2019,14:00,10720.9004,1513.49,3377.4099,1083.95,12948.7002,6293.1699,2936.3701,1184.8101,40058.8006,E3,N,N
10/31/2019,14:00,10658,1544.0276,3374.3325,1025.6927,13132.1748,6147.2173,3182.2451,1219.855,40283.545,M,Y,N
10/31/2019,15:00,9734.8779,1596.7139,3498.4211,1027.17,12611.3125,5631.3296,2979.2957,1301.1173,38380.238,A3,N,N
10/31/2019,15:00,9786.8467,1367.3257,3411.6743,1077.8914,13201.9648,6127.1064,2955.1565,1451.4818,39379.4476,A6,N,N
10/31/2019,15:00,10514.0996,1511.27,3367.3101,1075.11,13245.5996,6028.0601,3354.6599,1197.8,40293.9093,E,N,N
10/31/2019,15:00,10489.2998,1504.35,3365,980.721,13240.7998,6273.2202,3090.8601,1253.7,40197.9509,E1,N,N
10/31/2019,15:00,10752.2002,1622.91,3444.54,947.569,13001,5958.1201,3283.73,1204.76,40214.8293,E2,N,N
10/31/2019,15:00,10590.5996,1538.51,3415.2,1067.6899,12661,6295.3901,2983.03,1130.91,39682.3296,E3,N,N
10/31/2019,15:00,10586.5488,1544.26,3398.0125,1017.7725,13037.0996,6138.6978,3178.0701,1196.7925,40097.2538,M,Y,N
10/31/2019,16:00,9794.7246,1563.8738,3485.5078,994.2355,12309.7764,5582.1934,2984.5386,1285.4628,38000.3129,A3,N,N
10/31/2019,16:00,9774.9082,1384.7916,3501.2222,1058.205,12625.0449,5905.0952,2960.4453,1407.3936,38617.106,A6,N,N
10/31/2019,16:00,10388.4004,1519.46,3383.0901,1080.7,13227.5,6074.96,3290.46,1193.7,40158.2705,E,N,N
10/31/2019,16:00,10294.4004,1485.1801,3372.3899,1020.99,12930.9004,6086.5801,3059.5801,1215.95,39465.971,E1,N,N
10/31/2019,16:00,10708.5996,1642.0601,3456.8201,959.18,13014.0996,5969.5498,3208.1399,1221.35,40179.7991,E2,N,N
10/31/2019,16:00,10617.5996,1504.42,3365.55,1073.28,12871.0996,6244.8799,2946.77,1143.1801,39766.7792,E3,N,N
10/31/2019,16:00,10502.25,1537.78,3394.4624,1033.5375,13010.9004,6093.9922,3126.2373,1193.545,39892.7048,M,Y,N
10/31/2019,17:00,9786.6006,1528.2852,3479.2192,974.5583,12084.418,5569.2114,2934.9871,1268.3998,37625.6796,A3,N,N
10/31/2019,17:00,9725.6855,1389.3502,3467.5007,1046.0802,12115.3389,5795.6841,2934.5295,1239.1643,37713.3334,A6,N,N
10/31/2019,17:00,10322.9004,1548.8,3402.97,1095.1899,13469.5996,6215.0298,3225.03,1197.12,40476.6397,E,N,N
10/31/2019,17:00,10273.2002,1555.52,3396.73,1012.94,13371.0996,6058.4702,3058.46,1223.29,39949.71,E1,N,N
10/31/2019,17:00,10717.7002,1683.74,3479.3601,966.755,13198.7002,6134.5898,3182.8,1253.2,40616.8453,E2,N,N
10/31/2019,17:00,10591.7998,1586.63,3402.1899,1091.29,12889.0996,6550.1299,2996.0701,1127.89,40235.0993,E3,N,N
10/31/2019,17:00,10476.4004,1593.6725,3420.3125,1041.5437,13232.125,6239.5547,3115.5901,1200.375,40319.5739,M,Y,N
10/31/2019,18:00,9702.8184,1491.8441,3456.7053,949.2467,12116.1582,5562.3813,2866.3391,1273.8567,37419.3498,A3,N,N
10/31/2019,18:00,9581.6221,1387.6726,3422.1213,1013.0643,12007.6611,5701.4375,2894.1084,1211.5428,37219.2301,A6,N,N
10/31/2019,18:00,10242.5996,1570.2,3405.5901,1086.92,13779.7998,6394.3301,3161.8701,1270.0699,40911.3796,E,N,N
10/31/2019,18:00,10163.5,1532.59,3402.76,917.578,13350.0996,6078.96,3114.1299,1231.02,39790.6375,E1,N,N
10/31/2019,18:00,10659.5,1695.12,3484.6001,954.526,13426.2998,6392.2598,3155.9199,1285.27,41053.4956,E2,N,N
10/31/2019,18:00,10518,1630.11,3388.6399,1081.33,13023.5,6902.3599,2984.9299,1165.79,40694.6597,E3,N,N
10/31/2019,18:00,10395.9004,1607.005,3420.3975,1010.0885,13394.9248,6441.9775,3104.2124,1238.0375,40612.5436,M,Y,N
10/31/2019,19:00,9666.8018,1508.4028,3457.5195,945.3414,12516.1602,5585.3442,2762.0613,1263.1794,37704.8106,A3,N,N
10/31/2019,19:00,9490.9297,1460.2905,3390.9785,1006.5161,12525.2695,5685.0732,2801.1289,1213.1602,37573.3466,A6,N,N
10/31/2019,19:00,10237,1605.1899,3393.1499,1071.54,14104.2998,6542.0698,3140.26,1344.74,41438.2494,E,N,N
10/31/2019,19:00,10345.5996,1560.99,3378.96,935.015,13280.7002,6414.6499,3029.54,1365.79,40311.2447,E1,N,N
10/31/2019,19:00,10551.5,1710.55,3470.1399,954.619,13558.2002,6647.3501,3138.1599,1327.77,41358.2891,E2,N,N
10/31/2019,19:00,10529.4004,1635.8,3345.75,1064.75,13210.5,6801.8701,3036.8999,1219.54,40844.5104,E3,N,N
10/31/2019,19:00,10415.875,1628.1326,3397,1006.481,13538.4248,6601.4854,3086.2148,1314.46,40988.0736,M,Y,N
10/31/2019,20:00,10200.5234,1568.9742,3485.9727,1004.9142,13140.6084,5922.7793,2816.1592,1298.308,39438.2394,A3,N,N
10/31/2019,20:00,9931.7861,1550.2935,3403.8474,1042.6545,13225.1279,6033.7246,2841.4177,1269.592,39298.4437,A6,N,N
10/31/2019,20:00,10504,1633.9399,3420.3501,1105.6,14536.7002,6733.7998,3261.8701,1404.01,42600.2701,E,N,N
10/31/2019,20:00,10712.5996,1659,3410.53,973.282,13957.9004,6668.7002,3237.1899,1403.85,42023.0521,E1,N,N
10/31/2019,20:00,10816.5,1733.04,3490.25,995.862,13870.2002,6864.77,3272.54,1379.05,42422.2122,E2,N,N
10/31/2019,20:00,10974.7998,1689.3101,3421.4399,1111.84,13887.7002,7073.7002,3079.1399,1230.29,42468.2201,E3,N,N
10/31/2019,20:00,10751.9746,1678.8225,3435.6426,1046.646,14063.125,6835.2422,3212.6848,1354.3,42378.4377,M,Y,N
10/31/2019,21:00,10305.3672,1618.3744,3531.9231,1056.9512,13400.7451,6110.9663,2820.0974,1357.1735,40201.5982,A3,N,N
10/31/2019,21:00,10027.1396,1562.1683,3450.7007,1070.4493,13608.8213,6182.6348,2826.9148,1326.0234,40054.8522,A6,N,N
10/31/2019,21:00,10468.7998,1634.52,3459.02,1110.74,14531.5,6713.2202,3295.1101,1420.03,42632.9401,E,N,N
10/31/2019,21:00,10586.5,1652.91,3461.0901,976.72,13888.2002,6697.27,3223.3,1414.36,41900.3503,E1,N,N
10/31/2019,21:00,10732.5,1711.54,3506.55,986.873,13902.5,6755.1802,3291.0901,1410.97,42297.2033,E2,N,N
10/31/2019,21:00,10818.7002,1675.64,3415.4299,1116.73,13589,7168.3999,3148.45,1334.01,42266.36,E3,N,N
10/31/2019,21:00,10651.625,1668.6526,3460.5225,1047.7657,13977.7998,6833.5176,3239.4875,1394.8425,42274.2132,M,Y,N
10/31/2019,22:00,10096.4688,1614.328,3558.2874,1069.7766,13411.625,6117.917,2761.9045,1357.799,39988.1063,A3,N,N
10/31/2019,22:00,10008.5439,1547.6566,3508.1506,1057.5547,13666.5449,6319.1802,2757.1799,1392.9634,40257.7742,A6,N,N
10/31/2019,22:00,10178.5996,1582.73,3435.6101,1064.61,13922.7002,6449.9199,3198.29,1432.66,41265.1198,E,N,N
10/31/2019,22:00,10445.4004,1584.1899,3434.4199,987.446,13474.9004,6457.7798,3154.3501,1403.53,40942.0165,E1,N,N
10/31/2019,22:00,10363.4004,1631.5,3466.6799,961.278,13413.9004,6403.5698,3223.95,1381.9399,40846.2184,E2,N,N
10/31/2019,22:00,10583.5,1595.54,3478.8501,1066.5,13267.2998,6727.8398,3094,1275.38,41088.9097,E3,N,N
10/31/2019,22:00,10392.7246,1598.49,3453.8901,1019.9585,13519.7002,6509.7773,3167.6475,1373.3774,41035.5656,M,Y,N
10/31/2019,23:00,9605.0068,1555.3115,3530.7825,1053.9688,13033.9434,5821.6875,2597.9919,1329.486,38528.1784,A3,N,N
10/31/2019,23:00,9707.8838,1471.3818,3503.1475,1028.0999,13264.9619,6229.417,2596.5105,1431.387,39232.7894,A6,N,N
10/31/2019,23:00,9716.8301,1510.4399,3379.01,999.122,12909.0996,6103.5801,3001.27,1298.1,38917.4517,E,N,N
10/31/2019,23:00,10034.7998,1518.1,3386.0701,971.127,12642.4004,6235.4199,2963.48,1408.65,39160.0472,E1,N,N
10/31/2019,23:00,9824.7695,1512.91,3408.6899,917.885,12588.2998,5945.3101,3058.54,1326.65,38583.0543,E2,N,N
10/31/2019,23:00,10129.5996,1583.27,3427.95,993.364,12926.2002,6377.02,2821,1257.46,39515.8638,E3,N,N
10/31/2019,23:00,9926.5,1531.1801,3400.4299,970.3745,12766.5,6165.3325,2961.0725,1322.715,39044.1045,M,Y,N
10/31/2019,24:00,9143.9492,1488.7803,3493.1479,1028.655,12413.4854,5458.3628,2430.6248,1286.7429,36743.7483,A3,N,N
10/31/2019,24:00,9460.0537,1390.0774,3487.1411,990.2152,12546.1943,5904.8623,2424.209,1410.0149,37612.7679,A6,N,N
10/31/2019,24:00,9249.5303,1444.66,3335.1101,947.436,11968.0996,5764.2202,2778.01,1327.72,36814.7862,E,N,N
10/31/2019,24:00,9494.8398,1488.0699,3363.04,923.222,12064.7998,5922.3301,2740,1339.66,37335.9616,E1,N,N
10/31/2019,24:00,9301.21,1412.95,3372.1101,877.361,11768.2002,5499.54,2853.1799,1248.7,36333.2512,E2,N,N
10/31/2019,24:00,9711.5498,1493.0699,3394.48,936.22,12354.2998,6049.29,2687.54,1184.12,37810.5695,E3,N,N
10/31/2019,24:00,9439.2832,1459.6874,3366.1851,921.0598,12038.8496,5808.8447,2764.6824,1275.0499,37073.6421,M,Y,N
11/01/2019,1:00,8829.1768,1447.2981,3480.8113,1013.2013,12009.6377,5192.958,2304.177,1250.0844,35527.3446,A3,N,N
11/01/2019,1:00,9119.2109,1343.4736,3439.7017,929.5021,12018.8779,5687.7476,2323.9109,1302.3988,36164.8235,A6,N,N
11/01/2019,1:00,8982.3701,1408.15,3313.4399,921.419,11843.2002,5585.7402,2661.8701,1312.89,36029.0795,E,N,N
11/01/2019,1:00,9110.8398,1505.4301,3346.5,931.914,12345.7002,5732.7998,2554.6599,1297.35,36825.1938,E1,N,N
11/01/2019,1:00,9163.71,1382.55,3357.29,828.386,11177,4974.54,2657.8301,1193.97,34735.2761,E2,N,N
11/01/2019,1:00,9364.1797,1455.7,3329.3601,903.085,12154.5,5862.77,2535.01,1163.29,36767.8948,E3,N,N
11/01/2019,1:00,9155.2754,1437.9575,3336.6477,896.201,11880.0996,5538.9624,2602.3425,1241.875,36089.3611,M,Y,N
11/01/2019,2:00,8676.0986,1426.0769,3472.4822,1014.5302,11950.0293,5058.9009,2207.4355,1255.3684,35060.922,A3,N,N
11/01/2019,2:00,9076.7764,1318.3695,3472.1545,919.4386,11837.9648,5547.874,2229.5088,1240.9398,35643.0264,A6,N,N
11/01/2019,2:00,8722.3701,1381.65,3297.3799,912.682,11625.5,5461.2002,2556.46,1248.62,35205.8622,E,N,N
11/01/2019,2:00,8813.2002,1504.4,3347.4199,950.943,11929.0996,5646.71,2444.3899,1243.41,35879.5726,E1,N,N
11/01/2019,2:00,8933.4404,1370.05,3340.1201,817.164,10995.7998,4763.3999,2552.54,1170.49,33943.0042,E2,N,N
11/01/2019,2:00,9032.6699,1430.71,3321.8401,893.054,12078,5663.7598,2355.8501,1128.6801,35904.564,E3,N,N
11/01/2019,2:00,8875.4199,1421.7025,3326.6899,893.4608,11657.0996,5383.7676,2477.3101,1197.8,35233.2504,M,Y,N
11/01/2019,3:00,8585.5938,1424.4105,3454.5217,1027.4718,12025.9121,5033.5181,2175.5945,1270.2489,34997.2714,A3,N,N
11/01/2019,3:00,9065.2764,1294.0629,3455.0813,917.418,11881.2236,5429.4019,2190.9985,1251.5702,35485.0328,A6,N,N
11/01/2019,3:00,8565.2402,1378.21,3292.4299,921.214,11574.2002,5428.5098,2485.3899,1274.53,34919.724,E,N,N
11/01/2019,3:00,8831.8799,1537,3348.77,983.514,12185.5996,5556.2798,2403.51,1318.49,36165.0433,E1,N,N
11/01/2019,3:00,8818.9004,1363.77,3335.0601,829.744,11016.0996,4721.5801,2500.3401,1168.83,33754.3243,E2,N,N
11/01/2019,3:00,9115.9697,1447.29,3381.8,902.566,12208.5,5704.73,2297.3799,1144.67,36202.9056,E3,N,N
11/01/2019,3:00,8832.998,1431.5675,3339.5149,909.2595,11746.0996,5352.7749,2421.655,1226.63,35260.4994,M,Y,N
11/01/2019,4:00,8568.0986,1456.5181,3453.3279,1047.0377,12200.5459,5093.2998,2160.9473,1280.645,35260.4203,A3,N,N
11/01/2019,4:00,9121.7461,1322.3057,3462.0481,934.8693,12069.3398,5472.5654,2174.5847,1265.6483,35823.1074,A6,N,N
11/01/2019,4:00,8561.6396,1391.9399,3301.7,939.351,11742.9004,5460.7402,2422.04,1285,35105.3111,E,N,N
11/01/2019,4:00,8747.4697,1558.14,3356.6499,976.119,12305.7002,5645.27,2371.9099,1300.55,36261.8087,E1,N,N
11/01/2019,4:00,8833.6504,1375.7,3350.0601,843.753,11192.2998,4735.6201,2478.24,1181.48,33990.8034,E2,N,N
11/01/2019,4:00,9122.8896,1446.05,3436.6399,922.305,12401.5996,5657.8901,2267.8999,1193.96,36449.2341,E3,N,N
11/01/2019,4:00,8816.4121,1442.9575,3361.2625,920.382,11910.625,5374.8799,2385.0225,1240.2476,35451.7891,M,Y,N
11/01/2019,5:00,8794.5889,1510.4081,3467.2478,1084.1443,12631.5635,5282.4839,2174.7803,1322.9746,36268.1914,A3,N,N
11/01/2019,5:00,9477.5,1349.0726,3493.5576,971.3247,12458.2686,5638.8223,2183.739,1280.0581,36852.3429,A6,N,N
11/01/2019,5:00,8778.4805,1439.28,3319.1599,970.672,12273.5,5659.1602,2393.0801,1356.95,36190.2827,E,N,N
11/01/2019,5:00,9086.54,1588.72,3368.22,1029.12,12556.2002,5865.4102,2512.22,1360.5,37366.9304,E1,N,N
11/01/2019,5:00,9037.2002,1422.4301,3370.29,868.085,11597.7002,4878.3101,2498.8101,1233.7,34906.5257,E2,N,N
11/01/2019,5:00,9318.6699,1492.26,3424.79,956.743,12898.5,5780.4302,2231.26,1178.74,37281.3931,E3,N,N
11/01/2019,5:00,9055.2227,1485.6726,3370.615,956.155,12331.4746,5545.8276,2408.8425,1282.4724,36436.2824,M,Y,N
11/01/2019,6:00,9429.6494,1632.2035,3515.8494,1147.0391,13806.0391,5763.7158,2317.5979,1408.63,39020.7242,A3,N,N
11/01/2019,6:00,10169.8057,1454.0264,3535.967,1014.4507,13579.6094,6144.3984,2366.0085,1369.8715,39634.1376,A6,N,N
11/01/2019,6:00,9384.9805,1569.34,3353.1499,1050.23,13363.0996,6182.0601,2530.8,1408.97,38842.6301,E,N,N
11/01/2019,6:00,9687.9902,1709.38,3391.8401,1058.64,13514.7998,6401.8501,2606.4199,1416.8101,39787.7302,E1,N,N
11/01/2019,6:00,9613.1299,1518.49,3410.7,934.016,12520.5,5271.1099,2625.28,1343.92,37237.1458,E2,N,N
11/01/2019,6:00,9873.1201,1626.79,3439.3401,1049.52,13861,6233.4502,2356.8,1247.77,39687.7904,E3,N,N
11/01/2019,6:00,9639.8057,1606,3398.7576,1023.1016,13314.8496,6022.1172,2529.825,1354.3676,38888.8243,M,Y,N
11/01/2019,7:00,10246.376,1839.3019,3556.2549,1237.4789,15540.0313,6540.2202,2593.6187,1557.7662,43111.0481,A3,N,N
11/01/2019,7:00,11125.334,1627.4072,3575.1116,1093.4407,15147.3125,6893.7871,2627.3782,1517.9335,43607.7048,A6,N,N
11/01/2019,7:00,10250.2002,1779.61,3400.8799,1164.47,14907.5996,6955.29,2822.4399,1517.85,42798.3396,E,N,N
11/01/2019,7:00,10520.5,1849.89,3423.77,1154.55,14994.2998,7138.1401,2869.8999,1516.96,43468.0098,E1,N,N
11/01/2019,7:00,10431.4004,1683.79,3467.5901,1013.62,14053.4004,5967.2598,2918.24,1525.89,41061.1907,E2,N,N
11/01/2019,7:00,10855.0996,1792.76,3410.6699,1205.55,15178.7002,6970.04,2664.8,1387.13,43464.7497,E3,N,N
11/01/2019,7:00,10514.2998,1776.5125,3425.7275,1134.5476,14783.499,6757.6826,2818.845,1486.9575,42698.0715,M,Y,N
11/01/2019,8:00,10633.5654,1951.5974,3599.2527,1279.2919,16493.0332,6954.2925,2683.8335,1637.7689,45232.6355,A3,N,N
11/01/2019,8:00,11626.7227,1725.0253,3652.7041,1135.6534,16070.1494,7335.0762,2722.7327,1624.3921,45892.4559,A6,N,N
11/01/2019,8:00,10693.5996,1866.73,3420.25,1208.4399,15686.5996,7326.75,2950.8101,1567.37,44720.5492,E,N,N
11/01/2019,8:00,11023.7998,1929.84,3444.1499,1218.64,15852.2002,7481.79,3019.01,1558.16,45527.5899,E1,N,N
11/01/2019,8:00,10892.2002,1767.58,3494.5901,1064.42,14815.0996,6432.71,3046.6299,1612.2,43125.4298,E2,N,N
11/01/2019,8:00,11048.2998,1900.28,3466.1299,1264.78,15838.0996,7425.0601,2770.5901,1449.6801,45162.9196,E3,N,N
11/01/2019,8:00,10914.4746,1866.1074,3456.28,1189.0701,15548,7166.5776,2946.76,1546.8525,44634.1222,M,Y,N
11/01/2019,9:00,10823.1006,1997.7664,3561.5884,1272.5022,16492.6523,6988.1563,2644.4077,1614.0771,45394.251,A3,N,N
11/01/2019,9:00,11831.8105,1766.3848,3598.8311,1148.2583,16192.666,7406.0337,2654.5059,1611.5337,46210.024,A6,N,N
11/01/2019,9:00,10684.2998,1842.97,3347.8701,1190.13,15313.9004,7169.3701,2865.98,1523.17,43937.6904,E,N,N
11/01/2019,9:00,11081.7998,1928.9399,3377.99,1184.77,15008.5,7269.71,2923.29,1514.83,44289.8297,E1,N,N
11/01/2019,9:00,10889.5996,1757.91,3406.72,1063.67,14419.2998,6483.6802,2923.72,1422.33,42366.9296,E2,N,N
11/01/2019,9:00,11213,1823.79,3432.6201,1241.7,15313.9004,7194.5298,2687.4399,1424.8101,44331.7903,E3,N,N
11/01/2019,9:00,10967.1748,1838.4025,3391.3,1170.0674,15013.9004,7029.3223,2850.1074,1471.285,43731.5598,M,Y,N
11/01/2019,10:00,10893.6006,2013.1935,3531.9163,1289.2734,16320.1074,6874.6895,2671.8359,1533.0435,45127.6601,A3,N,N
11/01/2019,10:00,11904.3516,1779.3826,3575.7434,1161.9792,15998.2002,7375.5352,2695.8315,1532.3094,46023.3331,A6,N,N
11/01/2019,10:00,10745.7998,1796.71,3345.1499,1203.0601,14821.5,6968.0498,2860.0901,1428.28,43168.6397,E,N,N
11/01/2019,10:00,11187.5,1857.8,3389.9199,1206.88,14652.2998,7082.6899,2959.96,1460.1,43797.1496,E1,N,N
11/01/2019,10:00,10944,1731.53,3416.3,1073.48,13978.9004,6328.7998,2916.96,1369.4,41759.3702,E2,N,N
11/01/2019,10:00,11194.4004,1818.6899,3393.3899,1286.02,14934.0996,6997.4702,2720.27,1325.55,43669.89,E3,N,N
11/01/2019,10:00,11017.9258,1801.1825,3386.1899,1192.36,14596.7012,6844.2524,2864.3198,1395.8325,43098.7641,M,Y,N
11/01/2019,11:00,10833.9307,1999.1923,3519.9924,1266.0613,15528.8711,6721.9858,2714.5649,1446.9753,44031.5738,A3,N,N
11/01/2019,11:00,11779.8564,1782.5349,3585.5173,1140.7404,15640.2813,7391.7451,2746.7734,1454.7002,45522.149,A6,N,N
11/01/2019,11:00,10738.7002,1746.29,3316.4299,1187.96,14309.2998,6779.3701,2867.9099,1352.83,42298.7899,E,N,N
11/01/2019,11:00,11223.2002,1877.78,3363.0601,1191.55,14177.5996,6954.48,2934.29,1348.42,43070.3799,E1,N,N
11/01/2019,11:00,10928.7998,1684.3101,3410.6599,1063.53,13473.2002,6146.96,2904,1291.5601,40903.0201,E2,N,N
11/01/2019,11:00,11344.7002,1830.79,3402.8501,1277.91,14341.9004,6715.0601,2759.01,1278.85,42951.0708,E3,N,N
11/01/2019,11:00,11058.8496,1784.7925,3373.25,1180.2375,14075.5,6648.9673,2866.3025,1317.915,42305.8144,M,Y,N
11/01/2019,12:00,10598.9248,1946.3984,3505.9648,1197.6654,14063.9609,6448.1563,2737.0889,1375.0835,41873.243,A3,N,N
11/01/2019,12:00,11466.4482,1726.6635,3481.0681,1111.0759,14665.0439,7312.1372,2708.2319,1452.348,43923.0167,A6,N,N
11/01/2019,12:00,10590.9004,1679.47,3286.9099,1148.6801,13718.4004,6547.7002,2837.54,1292.5,41102.101,E,N,N
11/01/2019,12:00,10955.2002,1818.42,3335,1156.87,13529.7002,6722.0601,2912.71,1284.41,41714.3705,E1,N,N
11/01/2019,12:00,10793,1629.39,3354.8999,1021.75,12919.2998,5940.6299,2861.29,1243.77,39764.0296,E2,N,N
11/01/2019,12:00,11047.7002,1754.1801,3311.6399,1241.12,13637.9004,6788.2002,2720.3201,1203.9399,41705.0008,E3,N,N
11/01/2019,12:00,10846.7002,1720.3651,3322.1125,1142.105,13451.3262,6499.6475,2832.9651,1256.155,41071.3766,M,Y,N
11/01/2019,13:00,10278.4639,1837.8885,3532.5569,1103.9003,12984.9551,6165.709,2734.7788,1296.5369,39934.7894,A3,N,N
11/01/2019,13:00,10906.1982,1643.8575,3429.8494,1056.5914,13694.6113,6712.105,2705.4841,1418.7111,41567.408,A6,N,N
11/01/2019,13:00,10384.2998,1613.4399,3259.98,1094.41,13145.7998,6309.5801,2786.23,1279.36,39873.0996,E,N,N
11/01/2019,13:00,10774.5,1738.05,3316.54,1063.0699,12983.0996,6308.6602,2856,1289.2,40329.1197,E1,N,N
11/01/2019,13:00,10592.0996,1575.38,3335.1499,975.927,12385.9004,5704.0698,2817.8501,1216.59,38602.9668,E2,N,N
11/01/2019,13:00,10826.2998,1675.04,3336.6001,1184.15,13132.2998,6436.1201,2701.99,1169.29,40461.7898,E3,N,N
11/01/2019,13:00,10644.2998,1650.4775,3312.0674,1079.3893,12911.7744,6189.6074,2790.5176,1238.61,39816.7434,M,Y,N
11/01/2019,14:00,10121.958,1733.7073,3506.9697,1033.4105,12039.2256,5915.1826,2798.8,1248.1859,38397.4396,A3,N,N
11/01/2019,14:00,10415.04,1578.1753,3501.5945,1027.8635,12234.2285,6351.0811,2747.4705,1338.4525,39193.9059,A6,N,N
11/01/2019,14:00,10267.9004,1568.08,3256.8,1053.4301,12715.5,6127.46,2751.6799,1251.5601,38992.4105,E,N,N
11/01/2019,14:00,10676.5996,1627.4301,3310.4199,1035.03,12529.7998,6128.8701,2874.6799,1263.3101,39446.1395,E1,N,N
11/01/2019,14:00,10527.5996,1532.85,3339.73,938.562,12002.5996,5554.4302,2796.78,1205.83,37898.3814,E2,N,N
11/01/2019,14:00,10629,1646.04,3309.9399,1147.4,12532.2002,6259.6499,2691.6499,1158.72,39374.5999,E3,N,N
11/01/2019,14:00,10525.2754,1593.6,3304.2222,1043.6055,12445.0244,6017.6025,2778.6973,1219.855,38927.8823,M,Y,N
11/01/2019,15:00,9986.9004,1586.9299,3483.9153,967.2802,11611.2773,5701.4146,2812.9114,1233.2584,37383.8875,A3,N,N
11/01/2019,15:00,9819.6748,1529.9894,3491.7803,985.769,11348.1582,5908.2607,2777.9736,1231.5905,37093.1965,A6,N,N
11/01/2019,15:00,10208,1529.03,3251.6399,1026.89,12386.9004,6005.98,2729.0701,1211.45,38348.9604,E,N,N
11/01/2019,15:00,10454.5,1640.5601,3297.8101,1015.45,11929.2998,6062.6699,2879.4399,1249.4,38529.1298,E1,N,N
11/01/2019,15:00,10481.2002,1488.4399,3336,906.175,11692.2998,5470.9302,2792.24,1197.05,37364.3351,E2,N,N
11/01/2019,15:00,10529.2998,1575.1,3247.6599,1126.61,12241.2998,6160,2668.24,1146.29,38694.4995,E3,N,N
11/01/2019,15:00,10418.25,1558.2826,3283.2776,1018.7813,12062.4502,5924.895,2767.2476,1201.0476,38234.2319,M,Y,N
11/01/2019,16:00,9935.665,1515.2037,3469.8967,894.4774,11311.7002,5588.6953,2827.9604,1226.45,36770.0487,A3,N,N
11/01/2019,16:00,9735.2197,1492.4502,3454.488,950.3702,10990.7783,5604.6226,2818.1572,1222.7323,36268.8185,A6,N,N
11/01/2019,16:00,10242.7002,1520.45,3245.7,1014.28,12215.7002,5979.5,2722.4199,1200.6899,38141.4402,E,N,N
11/01/2019,16:00,10396.7002,1590.25,3288.3,976.062,11929.0996,6053.9102,2896.72,1214.34,38345.382,E1,N,N
11/01/2019,16:00,10507.2998,1468.99,3326.3899,889.85,11486.5,5463.9902,2809.8401,1204.63,37157.49,E2,N,N
11/01/2019,16:00,10487.7002,1568.97,3295.4099,1121.63,12190.5,6243.2998,2702.9199,1146.4301,38756.8599,E3,N,N
11/01/2019,16:00,10408.5996,1537.165,3288.95,1000.4554,11955.4502,5935.1748,2782.9749,1191.5225,38100.2924,M,Y,N
11/01/2019,17:00,9888.2021,1473.7358,3459.5068,878.7279,11211.7119,5538.7285,2824.6541,1219.3691,36494.6362,A3,N,N
11/01/2019,17:00,9582.0566,1484.8678,3420.613,939.4051,10875.3281,5545.8711,2837.5481,1206.2721,35891.9619,A6,N,N
11/01/2019,17:00,10339.2002,1545.73,3246.6201,1012.94,12338.7998,6086.4102,2726.47,1218.67,38514.8403,E,N,N
11/01/2019,17:00,10379.2998,1619.46,3289.6399,1041.64,11936.9004,6159.3701,2843.3401,1214.86,38484.5103,E1,N,N
11/01/2019,17:00,10570.2998,1501.52,3327.6101,895.159,11594.5,5596.77,2860.8601,1241.1,37587.819,E2,N,N
11/01/2019,17:00,10366.2002,1574.1899,3169.3101,1124.91,12165.0996,6436.9199,2660.95,1161.67,38659.2497,E3,N,N
11/01/2019,17:00,10413.75,1560.225,3258.2949,1018.6622,12008.8242,6069.8677,2772.905,1209.075,38311.604,M,Y,N
11/01/2019,18:00,9779.5664,1425.4679,3434.2871,856.0159,11273.1689,5554.3877,2791.2686,1232.2683,36346.4308,A3,N,N
11/01/2019,18:00,9478.2656,1486.4684,3378.843,912.9908,10885.3555,5614.771,2821.5288,1213.5646,35791.7877,A6,N,N
11/01/2019,18:00,10344.5,1577.91,3241.23,991.733,12576.9004,6232.5098,2726.3601,1291.39,38982.5333,E,N,N
11/01/2019,18:00,10230.2002,1619.89,3284.28,1015.35,11975.5,6217.4399,2857.73,1281.26,38481.6501,E1,N,N
11/01/2019,18:00,10650.5,1528.04,3321.3899,883.914,11863.4004,5864.9902,2863,1292.23,38267.4645,E2,N,N
11/01/2019,18:00,10273.7998,1568.6,3273.99,1098.8199,12357.5,6462.1201,2671.21,1183.26,38889.2998,E3,N,N
11/01/2019,18:00,10374.75,1573.61,3280.2224,997.4542,12193.3252,6194.2646,2779.575,1262.0349,38655.2363,M,Y,N
11/01/2019,19:00,9543.8525,1441.6222,3406.7993,854.4266,11479.3252,5593.0654,2718.2593,1227.0721,36264.4226,A3,N,N
11/01/2019,19:00,9389.4863,1521.0967,3328.751,916.45,11064.8193,5616.1006,2741.21,1209.2288,35787.1427,A6,N,N
11/01/2019,19:00,10259.5,1618.3101,3242.0901,972.992,12780.2998,6324.8799,2726.8401,1304.42,39229.332,E,N,N
11/01/2019,19:00,10158,1629.3199,3283.6399,1034.26,12186.0996,6189.0898,2734.5801,1322.5699,38537.5592,E1,N,N
11/01/2019,19:00,10471.7998,1572.49,3324.28,878.048,12024.7998,6123.3799,2837.6499,1370.27,38602.7174,E2,N,N
11/01/2019,19:00,10194.9004,1627.73,3051.3799,1061.47,12305.4004,6563.75,2659.1899,1229.71,38693.5306,E3,N,N
11/01/2019,19:00,10271.0508,1611.9625,3225.3474,986.6924,12324.1504,6300.2749,2739.5649,1306.7424,38765.7857,M,Y,N
11/01/2019,20:00,9993.7031,1491.9514,3446.1184,910.318,12009.709,5842.061,2781.7234,1257.5626,37733.1469,A3,N,N
11/01/2019,20:00,9776.4053,1613.4771,3359.3489,953.4169,11665.9541,5831.8896,2778.376,1261.3816,37240.2495,A6,N,N
11/01/2019,20:00,10430.9004,1661.15,3269.1201,1009.11,13096.7998,6459.6201,2822.1899,1408.03,40156.9203,E,N,N
11/01/2019,20:00,10529.2998,1735.35,3311.6899,1042.7,12817,6512.1602,2912.5,1338.27,40198.9699,E1,N,N
11/01/2019,20:00,10316.2998,1598.65,3357.02,918.725,12120.0996,6071.3901,2937.9299,1425.1,38745.2144,E2,N,N
11/01/2019,20:00,10654.9004,1696.9399,3296.1201,1096.53,13105,6777.21,2741.75,1280.8101,40649.2605,E3,N,N
11/01/2019,20:00,10482.8496,1673.0225,3308.4875,1016.7663,12784.7246,6455.0947,2853.5925,1363.0525,39937.5902,M,Y,N
11/01/2019,21:00,10092.0049,1525.8361,3503.3794,962.4714,12163.0557,5997.3911,2777.729,1310.1761,38332.0437,A3,N,N
11/01/2019,21:00,9854.4727,1632.521,3417.6301,986.3691,12115.0781,5750.0337,2754.6213,1305.8704,37816.5964,A6,N,N
11/01/2019,21:00,10337.2998,1661.95,3298.3201,1016.75,13118.9004,6423.2002,2835.1399,1366.46,40058.0204,E,N,N
11/01/2019,21:00,10382.4004,1744.42,3339.8799,1036.72,12847.2002,6558.9502,2949.5701,1386.23,40245.3708,E1,N,N
11/01/2019,21:00,10324.7002,1603.76,3383.4399,937.197,12435.0996,6052.0498,2922.8201,1465.14,39124.2066,E2,N,N
11/01/2019,21:00,10614.2002,1692.47,3299.3999,1090.76,12953.5996,6829.3599,2795.8401,1319.21,40594.8397,E3,N,N
11/01/2019,21:00,10414.6494,1675.6499,3330.2603,1020.3568,12838.7012,6465.8896,2875.8425,1384.26,40005.6097,M,Y,N
11/01/2019,22:00,9930.5469,1522.9346,3521.7754,962.6864,12054.0498,6007.043,2733.2268,1299.4731,38031.736,A3,N,N
11/01/2019,22:00,9879.875,1638.1068,3463.1003,965.0961,12325.6006,5922.2041,2698.0581,1283.4304,38175.4714,A6,N,N
11/01/2019,22:00,10025.2002,1607.52,3297.54,981.959,12758.7998,6196.29,2779.3301,1418.36,39064.9991,E,N,N
11/01/2019,22:00,10269.2002,1680.59,3336.53,1036.52,12705.9004,6354.21,2889.3601,1387.83,39660.1407,E1,N,N
11/01/2019,22:00,10062.5996,1558.59,3367.3201,911.92,12218.7002,5857.2598,2840.1899,1428.3199,38244.8995,E2,N,N
11/01/2019,22:00,10305.9004,1644.8199,3407.1399,1040.86,12605.4004,6456.73,2748.52,1273.12,39482.4906,E3,N,N
11/01/2019,22:00,10165.7246,1622.8799,3352.1326,992.8147,12572.1992,6216.1226,2814.3501,1376.9075,39113.1312,M,Y,N
11/01/2019,23:00,9589.1074,1478.9431,3525.8838,949.2763,11672.4717,5806.6143,2625.4714,1259.6782,36907.4462,A3,N,N
11/01/2019,23:00,9846.5352,1581.1151,3473.061,944.9521,12160.9678,5897.7246,2592.2241,1238.834,37735.4139,A6,N,N
11/01/2019,23:00,9601.25,1538.86,3284.3799,935.963,12164.5996,6033.0898,2735.8301,1374.97,37668.9424,E,N,N
11/01/2019,23:00,9899.6504,1609.9301,3306.77,999.911,12094.5,6078.4502,2769.3601,1450.08,38208.6518,E1,N,N
11/01/2019,23:00,9687.1201,1497.39,3344.4399,884.107,11782.0996,5607.4199,2740.6001,1366.4301,36909.6067,E2,N,N
11/01/2019,23:00,10002.4004,1552.59,3268.3601,980.224,12262.4004,6163.21,2669.0701,1191.36,38089.615,E3,N,N
11/01/2019,23:00,9797.6055,1549.6925,3300.9875,950.0513,12075.9004,5970.543,2728.7153,1345.71,37719.2055,M,Y,N
11/01/2019,24:00,9205.1064,1436.5613,3520.0256,944.8397,11092.9561,5543.2256,2508.6272,1209.4564,35460.7983,A3,N,N
11/01/2019,24:00,9646.8506,1506.4072,3459.6782,930.9514,11756.583,5612.564,2464.7864,1216.6217,36594.4425,A6,N,N
11/01/2019,24:00,9228.7598,1472.87,3258.3,890.371,11590.2998,5886.4302,2681.8999,1335.0699,36344.0006,E,N,N
11/01/2019,24:00,9591.9199,1564.37,3288.95,958.518,11633,5824.9199,2656.8501,1322.45,36840.9779,E1,N,N
11/01/2019,24:00,9273.3496,1422.79,3321.5601,848.036,11238.7002,5323.0801,2625.71,1292.62,35345.846,E2,N,N
11/01/2019,24:00,9639.5195,1500.6,3303.25,913.873,11859,5903.1001,2549.4099,1173.3101,36842.0626,E3,N,N
11/01/2019,24:00,9433.3867,1490.1576,3293.0151,902.6995,11580.25,5734.3823,2628.4675,1280.8625,36343.2212,M,Y,N
11/02/2019,1:00,8889.5996,1402.9659,3507.5525,940.4091,10546.0654,5323.7871,2399.9983,1182.124,34192.5019,A3,N,N
11/02/2019,1:00,9291.3574,1459.8185,3538.2473,885.7811,11269.252,5456.332,2382.4033,1098.7288,35381.9204,A6,N,N
11/02/2019,1:00,9648.8203,1442.21,3131.1399,849.359,11762.5996,5896.9702,2651.1799,1303.78,36686.0589,E,N,N
11/02/2019,1:00,9376.6602,1505.55,3242.6499,940.142,11375.7002,5604.2002,2549.5801,1261.03,35855.5126,E1,N,N
11/02/2019,1:00,9297.5303,1305.13,3190.76,788.159,10692.7002,5372.98,2546.1599,1246.29,34439.7094,E2,N,N
11/02/2019,1:00,9405.8799,1447.8,3277.2,862.232,11516.4004,5673.1602,2422.95,1172.48,35778.1025,E3,N,N
11/02/2019,1:00,9432.2227,1425.1726,3210.4375,859.973,11336.8496,5636.8276,2542.4675,1245.895,35689.8455,M,Y,N
11/02/2019,2:00,8647.3291,1361.3234,3515.9209,928.5443,10349.0566,5122.0698,2290.4741,1167.3438,33382.062,A3,N,N
11/02/2019,2:00,9066.1104,1401.4374,3594.8604,869.1848,11037.7383,5175.6426,2279.3359,1026.6074,34450.9172,A6,N,N
11/02/2019,2:00,9377.9004,1408.63,3088.1399,824.678,11405.7998,5811.8198,2578.1201,1270.0699,35765.1579,E,N,N
11/02/2019,2:00,9136.5596,1443.77,3167.25,928.558,11002.5,5442.04,2454.8999,1261.04,34836.6175,E1,N,N
11/02/2019,2:00,9018.6602,1267.27,3138.71,771.714,10394.2998,5180.1802,2435.8301,1219.98,33426.6443,E2,N,N
11/02/2019,2:00,9162.6104,1404.71,3230.0801,835.325,11159.4004,5448.6802,2317.78,1183.0699,34741.656,E3,N,N
11/02/2019,2:00,9173.9326,1381.095,3156.0449,840.0687,10990.5,5470.6797,2446.6575,1233.5399,34692.5183,M,Y,N
11/02/2019,3:00,8528.2539,1334.9801,3509.6531,935.9745,10213.8242,5021.0776,2238.0459,1165.5648,32947.3741,A3,N,N
11/02/2019,3:00,8983.2275,1355.3951,3585.2988,873.4175,10881.8389,5079.7466,2119.9233,1098.5067,33977.3544,A6,N,N
11/02/2019,3:00,9122.04,1396.72,3075.5701,820.331,11162.7002,5797.1001,2541.8999,1245.39,35161.7513,E,N,N
11/02/2019,3:00,9171.0703,1441.99,3137.1001,943.601,10935.7002,5291.3701,2402.1699,1218.1899,34541.1915,E1,N,N
11/02/2019,3:00,8842.6904,1252.83,3134.04,782.784,10258.7002,5058.1802,2357.8899,1213.04,32900.1547,E2,N,N
11/02/2019,3:00,9115.4502,1381.8199,3203.1399,832.848,11040.7002,5383.79,2282.0701,1203.28,34443.0983,E3,N,N
11/02/2019,3:00,9062.8125,1368.34,3137.4624,844.891,10849.4502,5382.6104,2396.0076,1219.9751,34261.5492,M,Y,N
11/02/2019,4:00,8409.4863,1359.156,3499.1733,949.5555,10484.123,4965.9663,2201.4685,1168.1248,33037.0537,A3,N,N
11/02/2019,4:00,8842.7227,1363.5914,3526.6504,887.9639,10870.5723,5021.4888,2005.186,1128.8485,33647.024,A6,N,N
11/02/2019,4:00,8982.8799,1398.95,3083.79,829.582,11110.2998,5733.6201,2497.4099,1236.13,34872.6617,E,N,N
11/02/2019,4:00,9034.6104,1422.67,3141.27,940.516,10988.5,5309.5801,2349.9199,1212.16,34399.2264,E1,N,N
11/02/2019,4:00,8757.9102,1255.4399,3145.53,790.141,10263.0996,5022.7798,2306.5,1212.33,32753.7305,E2,N,N
11/02/2019,4:00,9107.9805,1360.15,3199.25,839.006,11061.9004,5362.5601,2262.6499,1182.42,34375.9169,E3,N,N
11/02/2019,4:00,8970.8457,1359.3025,3142.46,849.8112,10855.9502,5357.1353,2354.1201,1210.76,34100.385,M,Y,N
11/02/2019,5:00,8426.9121,1370.1931,3484.7744,969.7756,10730.085,5044.4189,2183.0671,1198.2229,33407.4491,A3,N,N
11/02/2019,5:00,8969.1318,1373.0898,3437.0154,907.7264,10901.1709,5087.9873,1935.4323,1138.0238,33749.5777,A6,N,N
11/02/2019,5:00,8967.3604,1409.63,3110.8201,848.749,11264.0996,5754.0098,2502.46,1268.9399,35126.0688,E,N,N
11/02/2019,5:00,9053.1797,1430.29,3178.96,956.271,11082.9004,5343.52,2356.7,1214.77,34616.5911,E1,N,N
11/02/2019,5:00,8776.3096,1281.05,3172.1799,803.961,10400.5,5075.7202,2285.2,1232,33026.9207,E2,N,N
11/02/2019,5:00,9034.9102,1381.29,3334.99,857.044,11298.5996,5355.3999,2271.8799,1180.59,34714.7036,E3,N,N
11/02/2019,5:00,8957.9395,1375.5649,3199.2375,866.5062,11011.5254,5382.1626,2354.0601,1224.075,34371.0712,M,Y,N
11/02/2019,6:00,8607.2998,1418.1827,3476.552,996.9226,11268.7813,5150.6016,2250.3137,1247.2727,34415.9264,A3,N,N
11/02/2019,6:00,9191.9502,1413.9618,3458.0515,932.446,11359.8125,5215.1455,1967.2188,1195.9449,34734.5312,A6,N,N
11/02/2019,6:00,9106.7002,1451.9399,3161.6399,894.837,11653.0996,5904.8701,2584.26,1272.22,36029.5667,E,N,N
11/02/2019,6:00,9171.7695,1476.14,3254.21,972.143,11372,5499.5898,2435.8899,1226.59,35408.3322,E1,N,N
11/02/2019,6:00,8918.6201,1325.09,3234.1599,843.003,10787.5,5208.6099,2310.01,1272.05,33899.0429,E2,N,N
11/02/2019,6:00,9172.96,1426.85,3260.5801,908.503,11780.5,5459.2798,2285.99,1199.95,35494.6129,E3,N,N
11/02/2019,6:00,9092.5127,1420.005,3227.6475,904.6215,11398.2754,5518.0874,2404.0376,1242.7025,35207.8896,M,Y,N
11/02/2019,7:00,8924.3223,1497.1667,3461.1638,1031.9486,12087.5283,5478.8882,2376.6958,1332.026,36189.7397,A3,N,N
11/02/2019,7:00,9590.6523,1496.9109,3458.4192,966.9137,12024.8555,5554.5283,2055.2385,1274.5852,36422.1036,A6,N,N
11/02/2019,7:00,9406.4502,1525.3199,3212.9199,962.434,12287.2998,6181.52,2728.1699,1341.73,37645.8437,E,N,N
11/02/2019,7:00,9413.4805,1565.53,3319.72,1024.5601,12117.5,5843.0098,2469.72,1305.02,37058.5404,E1,N,N
11/02/2019,7:00,9189.8896,1396.46,3306.98,878.308,11485.2002,5431.5,2370.23,1346.65,35405.2178,E2,N,N
11/02/2019,7:00,9428.1904,1534.34,3276.3799,997.778,12246.4004,5645.5698,2399.0901,1267.38,36795.1286,E3,N,N
11/02/2019,7:00,9359.5029,1505.4125,3278.9998,965.7701,12034.0996,5775.3999,2491.8025,1315.1949,36726.1822,M,Y,N
11/02/2019,8:00,9278.1084,1560.3326,3474.5557,1065.8938,12847.4727,5796.6675,2452.9502,1396.444,37872.4249,A3,N,N
11/02/2019,8:00,10015.1641,1558.1931,3458.915,1004.4065,12719.9463,5845.0562,2102.6216,1361.6975,38066.0003,A6,N,N
11/02/2019,8:00,9763.1699,1604.1,3267.49,1018.29,13008.0996,6498.7202,2864.6499,1413.76,39438.2796,E,N,N
11/02/2019,8:00,9814.5303,1615,3440.6499,1094.33,12886.7998,6124.7002,2589.9399,1367.5,38933.4501,E1,N,N
11/02/2019,8:00,9616.3301,1481.73,3396.3601,929.518,12212.5,5844.54,2473.3401,1427.64,37381.9583,E2,N,N
11/02/2019,8:00,9800.6797,1599.9,3264.6201,1067.41,13123.9004,6223.2202,2562.1201,1345.79,38987.6405,E3,N,N
11/02/2019,8:00,9748.6777,1575.1825,3342.28,1027.387,12807.8242,6172.7954,2622.5125,1388.6725,38685.3318,M,Y,N
11/02/2019,9:00,9577.1865,1623.4844,3447.6235,1071.1422,13384.5078,5966.4253,2490.3555,1415.0408,38975.766,A3,N,N
11/02/2019,9:00,10319.877,1629.8531,3421.4736,1024.4501,13299.2305,6083.4077,2070.9578,1397.0795,39246.3293,A6,N,N
11/02/2019,9:00,9933.3701,1649.0699,3184.3401,1037,13364.9004,6638.6099,2917.8799,1425.36,40150.5303,E,N,N
11/02/2019,9:00,10109.7002,1657.28,3286.8601,1074.58,12953.7002,6316.9399,2617.01,1346.45,39362.5204,E1,N,N
11/02/2019,9:00,9801.2598,1526.92,3284.4099,952.907,12534.5,6087.4702,2527.3,1383.39,38098.1569,E2,N,N
11/02/2019,9:00,10222,1607.29,3252.96,1084.88,13247.4004,6263.5601,2556.3301,1368.3199,39602.7405,E3,N,N
11/02/2019,9:00,10016.582,1610.14,3252.1426,1037.3418,13025.125,6326.645,2654.6299,1380.88,39303.4863,M,Y,N
11/02/2019,10:00,9777.7617,1668.5673,3421.4382,1105.0258,13257.1309,6004.7964,2571.9724,1383.9564,39190.6491,A3,N,N
11/02/2019,10:00,10452.6992,1654.8512,3394.0247,1066.4518,13578.6387,6148.0508,2163.0491,1357.7218,39815.4873,A6,N,N
11/02/2019,10:00,10099.9004,1645.3101,3208.6201,1077.49,13384.7002,6634.02,2959.95,1379.1899,40389.1807,E,N,N
11/02/2019,10:00,10366.7002,1628.11,3367.6299,1095.41,13065.5996,6322.52,2744.3501,1372.1,39962.4198,E1,N,N
11/02/2019,10:00,9934.1299,1526.05,3337.7,976.998,12611.2002,6114.29,2622.23,1375.28,38497.8781,E2,N,N
11/02/2019,10:00,10285.4004,1617.76,3256.8601,1175.12,13317.7998,6276.04,2582.28,1345,39856.2603,E3,N,N
11/02/2019,10:00,10171.5332,1604.3074,3292.7026,1081.2545,13094.8252,6336.7178,2727.2024,1367.8926,39676.4357,M,Y,N
11/02/2019,11:00,9796.5215,1656.8888,3411.8367,1099.2278,12677.6729,5916.6621,2649.8784,1324.588,38533.2762,A3,N,N
11/02/2019,11:00,10419.0791,1650.1622,3409.4961,1064.1205,13589.6904,6051.0581,2335.6719,1294.0813,39813.3596,A6,N,N
11/02/2019,11:00,10142.5,1601.95,3190.4399,1075.33,13108.2002,6521.6099,2962.55,1342.64,39945.22,E,N,N
11/02/2019,11:00,10569.7002,1655.73,3376.8101,1117.65,12936.5996,6283.79,2803.26,1275.84,40019.3799,E1,N,N
11/02/2019,11:00,9969.0498,1493.05,3319.54,976.979,12414.0996,5948.2402,2684.77,1312.42,38118.1486,E2,N,N
11/02/2019,11:00,10595.0996,1612.61,3245.48,1178.34,13049.0996,6114.8501,2676.9199,1289.87,39762.2692,E3,N,N
11/02/2019,11:00,10319.0879,1590.835,3283.0674,1087.0747,12877,6217.1226,2781.875,1305.1925,39461.2551,M,Y,N
11/02/2019,12:00,9673.7441,1575.4531,3420.8069,1056.7094,12080.1016,5751.3193,2671.8442,1281.6971,37511.6757,A3,N,N
11/02/2019,12:00,9927.2803,1575.5573,3313.9653,1038.3508,12753.4834,5989.188,2593.1357,1313.829,38504.7898,A6,N,N
11/02/2019,12:00,10028.5,1534.34,3149.8101,1035.2,12602.9004,6324.4302,2907.48,1274.3,38856.9607,E,N,N
11/02/2019,12:00,10374.9004,1605.12,3363.49,1084.2,12554.9004,6076.4902,2835.1699,1230.6801,39124.951,E1,N,N
11/02/2019,12:00,9887.0996,1448.01,3301.01,934.279,12034.7002,5660.48,2715.04,1262.71,37243.3288,E2,N,N
11/02/2019,12:00,10443.7002,1570.75,3217.8301,1139.34,12614.4004,5871.3999,2651.24,1225.95,38734.6106,E3,N,N
11/02/2019,12:00,10183.5498,1539.5549,3258.0349,1048.2548,12451.7246,5983.2002,2777.2324,1248.4099,38489.9615,M,Y,N
11/02/2019,13:00,9507.6758,1452.8926,3433.8137,978.3359,11245.333,5556.0313,2678.9585,1229.7499,36082.7907,A3,N,N
11/02/2019,13:00,9551.0586,1506.7013,3450.627,988.6157,11390.624,5599.8179,2657.5598,1158.7917,36303.796,A6,N,N
11/02/2019,13:00,9851.1699,1469.72,3106.8,984.968,11980.5996,6106.6602,2824.3101,1247.38,37571.6078,E,N,N
11/02/2019,13:00,10268.4004,1523.86,3356.9099,990.091,11939.7002,5864.9702,2811.9399,1227.36,37983.2316,E1,N,N
11/02/2019,13:00,9742.9805,1402.77,3284.51,893.135,11563.5996,5405.48,2731.3501,1227.1899,36251.0151,E2,N,N
11/02/2019,13:00,10379.2998,1521.03,3201.9399,1096.1,12015.9004,5700.6299,2693.52,1201.46,37809.88,E3,N,N
11/02/2019,13:00,10060.4629,1479.345,3237.54,991.0735,11874.9492,5769.4355,2765.2798,1225.8474,37403.9333,M,Y,N
11/02/2019,14:00,9459.0869,1401.715,3409.978,917.9293,10718.8643,5361.6563,2677.1997,1195.7349,35142.1644,A3,N,N
11/02/2019,14:00,9416.2334,1477.7673,3430.4739,966.1024,10679.7236,5310.8213,2681.0132,1171.5602,35133.6953,A6,N,N
11/02/2019,14:00,9668.8701,1430.0601,3082.75,935.417,11414.7002,5901.8198,2726.6399,1235.33,36395.5871,E,N,N
11/02/2019,14:00,10139.5996,1476.1801,3340.9099,1014.28,11405.4004,5717.21,2835.1799,1235.04,37163.7999,E1,N,N
11/02/2019,14:00,9602.7695,1358.86,3270.6001,854.958,11092.4004,5239.52,2741.8799,1205.98,35366.9679,E2,N,N
11/02/2019,14:00,10116.9004,1504.73,3141.2,1049.49,11558.7998,5492.5298,2638.1399,1146.87,36648.6599,E3,N,N
11/02/2019,14:00,9882.0352,1442.4575,3208.865,963.5363,11367.8252,5587.7695,2735.4597,1205.8051,36393.7535,M,Y,N
11/02/2019,15:00,9335.5459,1344.2549,3393.5222,877.4592,10390.1572,5206.1416,2699.7417,1187.3966,34434.2193,A3,N,N
11/02/2019,15:00,9285.7871,1421.3694,3401.9382,935.8531,10323.0469,5264.5923,2702.9265,1186.8606,34522.3741,A6,N,N
11/02/2019,15:00,9552.1104,1391.29,3066.9399,909.239,11069,5754.1299,2647.3701,1208.7,35598.7793,E,N,N
11/02/2019,15:00,9983.8203,1477.96,3322.2,969.927,11009.2998,5623.3701,2828.6001,1154.16,36369.3373,E1,N,N
11/02/2019,15:00,9494.3896,1315.98,3262.1499,823.41,10746.2998,5154.8799,2748.45,1179.6,34725.1592,E2,N,N
11/02/2019,15:00,9995,1421.3101,3053.0801,1030.49,11239.2002,5414.1401,2617.8799,1136.98,35908.0804,E3,N,N
11/02/2019,15:00,9756.3301,1401.635,3176.0923,933.2665,11015.9502,5486.6299,2710.575,1169.86,35650.339,M,Y,N
11/02/2019,16:00,9328.5439,1321.8881,3401.8457,853.0104,10241.9316,5111.9424,2749.5925,1178.9581,34187.7127,A3,N,N
11/02/2019,16:00,9240.7344,1409.5032,3395.4878,917.9836,10105.5176,5164.2539,2746.2964,1178.0916,34157.8685,A6,N,N
11/02/2019,16:00,9535.5098,1386.9301,3070.05,904,10935.0996,5695.9199,2614.21,1201.33,35343.0494,E,N,N
11/02/2019,16:00,9965.2998,1454.8,3355.7,939.251,11002.0996,5589.6499,2862.05,1165.95,36334.8003,E1,N,N
11/02/2019,16:00,9470.4297,1305.11,3279.9199,812.919,10539.7998,5114.3301,2764.51,1187.21,34474.2285,E2,N,N
11/02/2019,16:00,10123.2998,1442.62,3070.3701,1032.51,11031,5415.9302,2689.6101,1158.74,35964.0802,E3,N,N
11/02/2019,16:00,9773.6348,1397.365,3194.01,922.17,10877,5453.9575,2732.595,1178.3074,35529.0397,M,Y,N
11/02/2019,17:00,9290.8994,1305.7963,3399.6682,839.6486,10197.2441,5099.436,2747.8682,1174.8026,34055.3634,A3,N,N
11/02/2019,17:00,9164.375,1402.2546,3378.6921,909.0823,10047.415,5160.1929,2761.6545,1168.0812,33991.7476,A6,N,N
11/02/2019,17:00,9630.7002,1401.22,3081.3799,903.654,11076.4004,5774.29,2633.9099,1246.24,35747.7944,E,N,N
11/02/2019,17:00,10008.5,1486.09,3373.9099,982.229,11044.7002,5649.5601,2836.3401,1211.3101,36592.6394,E1,N,N
11/02/2019,17:00,9530.8701,1335.17,3299.0801,812.423,10595,5190.6201,2790.6101,1227.63,34781.4034,E2,N,N
11/02/2019,17:00,10043.7998,1453.75,3084.3,1032.54,11172.7998,5414.1499,2679.3799,1182.09,36062.8094,E3,N,N
11/02/2019,17:00,9803.4678,1419.0575,3209.6675,932.7115,10972.2256,5507.1548,2735.0601,1216.8175,35796.1623,M,Y,N
11/02/2019,18:00,9180.7129,1287.9115,3394.4341,807.0663,10291.2715,5106.0156,2720.8406,1191.7361,33979.9886,A3,N,N
11/02/2019,18:00,9038.124,1398.0967,3358.3994,876.5815,10115.4629,5197.1147,2750.2397,1184.7688,33918.7877,A6,N,N
11/02/2019,18:00,9709.8203,1423.83,3074.8,890.742,11310.5996,5907.1401,2688.99,1266.6899,36272.6119,E,N,N
11/02/2019,18:00,9962.8604,1484.27,3347.49,970.433,11053.2998,5757.27,2839.46,1214.46,36629.5432,E1,N,N
11/02/2019,18:00,9706.5703,1363.27,3282.1399,802.925,10849.2998,5369.3701,2780.6499,1288.92,35443.145,E2,N,N
11/02/2019,18:00,9999.6201,1438.98,3060.3501,1010.39,11229.5996,5716.8999,2690.29,1238.7,36384.8297,E3,N,N
11/02/2019,18:00,9844.7178,1427.5875,3191.1948,918.6226,11110.6992,5687.6704,2749.8474,1252.1924,36182.5321,M,Y,N
11/02/2019,19:00,9168.3223,1290.6851,3379.0918,809.1019,10454.4502,5140.833,2652.6401,1193.451,34088.5754,A3,N,N
11/02/2019,19:00,9007.2227,1443.9358,3316.5991,887.9468,10297.959,5252.4922,2685.9797,1195.3329,34087.4682,A6,N,N
11/02/2019,19:00,9785.4297,1454.91,3069.02,873.587,11535.2998,5998.73,2717.8899,1300.24,36735.1064,E,N,N
11/02/2019,19:00,9974.9404,1504.29,3298.6599,965.391,11127.7998,5689.5098,2726,1301.28,36587.8709,E1,N,N
11/02/2019,19:00,9753.2305,1412.1801,3267.55,801.988,10991.5996,5553.9702,2744.3301,1358.4301,35883.2786,E2,N,N
11/02/2019,19:00,9977.5996,1476.0699,3088.0901,971.105,11212,5704.4399,2747.4399,1286.85,36463.5944,E3,N,N
11/02/2019,19:00,9872.8008,1461.8625,3180.8298,903.0178,11216.6748,5736.6626,2733.915,1311.7001,36417.4634,M,Y,N
11/02/2019,20:00,9657.7119,1366.9786,3410.9885,854.9379,11025.6982,5424.6265,2723.6787,1228.9034,35693.5237,A3,N,N
11/02/2019,20:00,9426.501,1539.3507,3335.1948,927.7161,10817.25,5548.2412,2746.0093,1253.8281,35594.0912,A6,N,N
11/02/2019,20:00,10041,1519.72,3118.8501,916.646,11930,6161.75,2859.6201,1419.76,37967.3462,E,N,N
11/02/2019,20:00,10364.5996,1597.3199,3345.3799,983.857,11680.9004,6049.0298,2885.1499,1377.91,38284.1465,E1,N,N
11/02/2019,20:00,9719.3799,1445.88,3330.26,848.284,11155.5,5593.9199,2847.1001,1445.08,36385.4039,E2,N,N
11/02/2019,20:00,10495.5,1578.12,3149.46,1011.44,11873.2998,6076.2598,2905.9199,1332.52,38422.5195,E3,N,N
11/02/2019,20:00,10155.1201,1535.26,3235.9875,940.0567,11659.9248,5970.2397,2874.4475,1393.8175,37764.8538,M,Y,N
11/02/2019,21:00,9676.8262,1373.1407,3451.1606,904.1513,11214.6777,5567.394,2716.5845,1280.2537,36184.1887,A3,N,N
11/02/2019,21:00,9456.7979,1556.6945,3379.5854,961.9564,10969.749,5501.7529,2714.4927,1303.1912,35844.22,A6,N,N
11/02/2019,21:00,9985.0303,1525.55,3190.3799,925.366,11977.5996,6128.1899,2864.8999,1423.0601,38020.0757,E,N,N
11/02/2019,21:00,10266.2002,1593.79,3431.73,966.869,11706.7998,6125.0698,2894.1201,1373.1801,38357.759,E1,N,N
11/02/2019,21:00,9800.1504,1452.4301,3383.54,867.382,11508.7002,5694.2202,2811.8201,1494.17,37012.413,E2,N,N
11/02/2019,21:00,10415.2998,1561.11,3167.1299,1010.25,11996.7002,6069.5698,2815.8201,1390.04,38425.9198,E3,N,N
11/02/2019,21:00,10116.6699,1533.22,3293.1951,942.4668,11797.4492,6004.2627,2846.665,1420.1125,37954.0412,M,Y,N
11/02/2019,22:00,9468.2764,1395.1584,3469.5276,928.3134,11066.9023,5597.1709,2681.9651,1284.7286,35892.0427,A3,N,N
11/02/2019,22:00,9311.8594,1561.5535,3429.4419,953.9199,11089.0313,5544.5586,2657.0896,1285.2684,35832.7226,A6,N,N
11/02/2019,22:00,9758.8096,1511.67,3181.73,893.313,11685.4004,5948.1401,2798.8,1413.63,37191.4931,E,N,N
11/02/2019,22:00,10155.0996,1534.67,3404.01,976.912,11737.9004,5947.8198,2885.55,1343.09,37985.0518,E1,N,N
11/02/2019,22:00,9629.21,1414.15,3324.75,848.648,11392.9004,5650.21,2724.53,1473.27,36457.6684,E2,N,N
11/02/2019,22:00,10119.5996,1526.87,3147,964.494,11725.9004,5982.3501,2809.78,1344.6899,37620.684,E3,N,N
11/02/2019,22:00,9915.6797,1496.8401,3264.3726,920.8418,11635.5254,5882.1299,2804.665,1393.67,37313.7245,M,Y,N
11/02/2019,23:00,9238.1143,1351.4351,3480.2769,936.7122,10693,5437.8491,2569.2441,1258.439,34965.0707,A3,N,N
11/02/2019,23:00,9068.751,1513.7029,3453.6055,943.8833,11003.7432,5304.4634,2550.9534,1243.7039,35082.8066,A6,N,N
11/02/2019,23:00,9439.1396,1477.8199,3137.47,859.501,11221.9004,5771.4302,2723.8,1401.6801,36032.7412,E,N,N
11/02/2019,23:00,9826.8096,1484.1801,3309.6299,943.53,11300.2998,5737.6602,2735.4099,1365.27,36702.7895,E1,N,N
11/02/2019,23:00,9353.7803,1367.92,3243.6499,827.536,11118.7002,5522.5498,2632.6101,1423.38,35490.1263,E2,N,N
11/02/2019,23:00,9846.5996,1462.47,3191.1399,923.182,11439.7998,5787.0098,2691.5801,1271.88,36613.6612,E3,N,N
11/02/2019,23:00,9616.582,1448.0974,3220.4724,888.4373,11270.1748,5704.6626,2695.8501,1365.5525,36209.8291,M,Y,N
11/02/2019,24:00,8886.5488,1292.0658,3477.5344,937.0136,10216.9863,5138.6685,2465.2209,1226.0984,33640.1367,A3,N,N
11/02/2019,24:00,8745.6523,1444.3793,3454.6936,922.2903,10693.6338,4992.6318,2438.1086,1215.7806,33907.1703,A6,N,N
11/02/2019,24:00,9110.0098,1431.64,3118.95,822.595,10816.9004,5568.8999,2629.3301,1358.13,34856.4552,E,N,N
11/02/2019,24:00,9462.96,1427.54,3284.6101,914.179,10932.7998,5450.1099,2632.3799,1290.63,35395.2087,E1,N,N
11/02/2019,24:00,8994.2305,1314.45,3202.5701,803.969,10789,5310.1099,2522.49,1362.42,34299.2395,E2,N,N
11/02/2019,24:00,9483.2695,1396.61,3182.46,867.446,11086,5548.6001,2538.46,1252.51,35355.3556,E3,N,N
11/02/2019,24:00,9262.6172,1392.5599,3197.1475,852.0472,10906.1748,5469.4297,2580.665,1315.9226,34976.5639,M,Y,N
11/03/2019,1:00,8656.3594,1246.493,3478.5969,901.4863,9817.123,4947.8638,2361.0845,1184.7788,32593.7857,A3,N,N
11/03/2019,1:00,8625.5283,1415.8241,3533.4768,853.7848,10403.8516,4818.0063,2363.5903,1086.0522,33100.1144,A6,N,N
11/03/2019,1:00,9128.0596,1388.14,3119.9099,802.779,11651.9004,5413.8398,2515.72,1340.28,35360.6287,E,N,N
11/03/2019,1:00,9122.2695,1390.89,3283.3899,905.396,10630.7998,5238.9199,2510.8201,1275.34,34357.8252,E1,N,N
11/03/2019,1:00,8908.6504,1292.46,3176.98,788.554,10841,5209.02,2428.8799,1325.39,33970.9343,E2,N,N
11/03/2019,1:00,9217.4404,1351,3254.8601,846.028,10908.2002,5293.8901,2328.3301,1233.6899,34433.4388,E3,N,N
11/03/2019,1:00,9094.1045,1355.6226,3208.7849,835.6893,11007.9746,5288.9175,2445.9375,1293.675,34530.7059,M,Y,N
11/03/2019,2:00,8420.7402,1235.9672,3475.2083,909.502,9625.4463,4778.6841,2243.769,1193.463,31882.7801,A3,N,N
11/03/2019,2:00,8743.0029,1382.5911,3574.0527,848.7776,10363.3613,4761.9658,2259.574,1059.1321,32992.4575,A6,N,N
11/03/2019,2:00,8856.6299,1366.11,3117.28,798.504,11421.5996,5174.8101,2442.3899,1342.23,34519.5535,E,N,N
11/03/2019,2:00,8839.5996,1375.84,3262.72,906.391,10465.4004,5135.4902,2398.1001,1319.3,33702.8413,E1,N,N
11/03/2019,2:00,8660.4805,1276.13,3155.98,783.656,10695.4004,5050.1099,2333.0601,1301.53,33256.3469,E2,N,N
11/03/2019,2:00,9005.0098,1327.14,3201.49,843.991,10933,5142.4902,2193.22,1273.92,33920.261,E3,N,N
11/03/2019,2:00,8840.4297,1336.3051,3184.3677,833.1355,10878.8496,5125.7251,2341.6926,1309.245,33849.7503,M,Y,N
11/03/2019,2:00,8450.4639,1265.5276,3471.5093,926.9124,9691.1729,4829.769,2236.9009,1203.558,32075.814,A3,N,Y
11/03/2019,2:00,8841.2529,1390.5228,3593.4651,858.3134,10555.4102,4850.9033,2254.2581,1146.1744,33490.3002,A6,N,Y
11/03/2019,2:00,8856.6299,1366.11,3117.28,798.504,11421.5996,5174.8101,2442.3899,1342.23,34519.5535,E,N,Y
11/03/2019,2:00,8839.5996,1375.84,3262.72,906.391,10465.4004,5135.4902,2398.1001,1319.3,33702.8413,E1,N,Y
11/03/2019,2:00,8660.4805,1276.13,3155.98,783.656,10695.4004,5050.1099,2333.0601,1301.53,33256.3469,E2,N,Y
11/03/2019,2:00,9005.0098,1327.14,3201.49,843.991,10933,5142.4902,2193.22,1273.92,33920.261,E3,N,Y
11/03/2019,2:00,8840.4297,1336.3051,3184.3677,833.1355,10878.8496,5125.7251,2341.6926,1309.245,33849.7503,M,Y,Y
11/03/2019,3:00,8296.8535,1290.8633,3462.0549,934.6453,9664.5791,4769.9609,2189.2019,1199.275,31807.4339,A3,N,N
11/03/2019,3:00,8702.9727,1353.0532,3498.9407,855.8973,10554.3643,4783.0674,2107.9233,1163.272,33019.4909,A6,N,N
11/03/2019,3:00,8662.8096,1362.61,3111.3401,806.666,11249.5,5059.8799,2406.46,1327.6,33986.8656,E,N,N
11/03/2019,3:00,8797.4297,1355.0601,3249.6799,925.222,10667.2002,4977.3301,2349.3701,1300.0699,33621.362,E1,N,N
11/03/2019,3:00,8509.7305,1269.54,3145.8401,791.398,10616.7002,4962.4902,2264.3301,1296.5699,32856.599,E2,N,N
11/03/2019,3:00,8809.2402,1320.16,3163.23,857.402,10845.9004,5074.6699,2167.6499,1266.6899,33504.9423,E3,N,N
11/03/2019,3:00,8694.8027,1326.8425,3167.5225,845.172,10844.8242,5018.5928,2296.9526,1297.7324,33492.4417,M,Y,N
11/03/2019,4:00,8188.2036,1321.8499,3468.9336,948.7037,9826.4463,4744.894,2149.1189,1191.2526,31839.4026,A3,N,N
11/03/2019,4:00,8714.8027,1366.0547,3429.3667,875.1642,10542.6465,4793.0459,1997.6211,1163.1151,32881.8169,A6,N,N
11/03/2019,4:00,8561.6396,1366.35,3111.6699,820.018,11217.7002,4991.3301,2390.6599,1322.45,33781.8177,E,N,N
11/03/2019,4:00,8759.3604,1349.86,3250.6201,926.217,10675.5,5001.5098,2324.25,1272.42,33559.7373,E1,N,N
11/03/2019,4:00,8430.8799,1267.96,3148.04,802.69,10638.5996,4932.4399,2219.8701,1307.29,32747.7695,E2,N,N
11/03/2019,4:00,8837.4004,1318.9301,3132.2,865.061,10934,5049.0098,2123.27,1303.16,33563.0313,E3,N,N
11/03/2019,4:00,8647.3203,1325.775,3160.6326,853.4965,10866.4492,4993.5723,2264.5127,1301.3301,33413.0887,M,Y,N
11/03/2019,5:00,8196.0264,1350.5958,3469.7148,965.3232,10155.5781,4830.6328,2125.2388,1208.8358,32301.9457,A3,N,N
11/03/2019,5:00,8810.71,1375.1232,3455.1243,899.2922,10714.4482,4948.396,1926.4166,1160.4023,33289.9128,A6,N,N
11/03/2019,5:00,8557.6904,1393.64,3134.3,839.829,11360.0996,5059.73,2400.47,1356.12,34101.879,E,N,N
11/03/2019,5:00,8724.7402,1392.97,3262.03,938.461,10914.9004,4985.4302,2292.25,1282.29,33793.0718,E1,N,N
11/03/2019,5:00,8444.4102,1293.6899,3163.8401,816.033,10806.2002,4988.4302,2164.0801,1331.6899,33008.3736,E2,N,N
11/03/2019,5:00,8883.6104,1354.39,3259.98,880.332,11064.2002,5055.3398,2140.5801,1328.5601,33966.9926,E3,N,N
11/03/2019,5:00,8652.6123,1358.6725,3205.0376,868.6638,11036.3496,5022.2324,2249.345,1324.665,33717.5782,M,Y,N
11/03/2019,6:00,8360.1191,1361.9181,3469.1118,983.8289,10541.2637,4963.6748,2169.1838,1235.7694,33084.8696,A3,N,N
11/03/2019,6:00,9026.9814,1391.7208,3473.03,910.7241,11059.5801,5075.8623,1943.0803,1199.3295,34080.3085,A6,N,N
11/03/2019,6:00,8638.2402,1434.5,3169.3799,873.837,11692.2998,5282.2798,2439.05,1374.21,34903.7967,E,N,N
11/03/2019,6:00,8822.2002,1460.28,3292.4099,952.959,11151.7002,5219.8301,2342.1899,1283.4301,34524.9994,E1,N,N
11/03/2019,6:00,8561.25,1334.8199,3188.1699,842.083,11158.5,5111.1802,2168.23,1372.86,33737.093,E2,N,N
11/03/2019,6:00,8871.75,1408.45,3144.4399,914.138,11466.4004,5175.9502,2160.54,1312.4301,34454.0986,E3,N,N
11/03/2019,6:00,8723.3604,1409.5125,3198.6001,895.7542,11367.2246,5197.3096,2277.5024,1335.7325,34404.9963,M,Y,N
11/03/2019,7:00,8569.4629,1418.9257,3458.623,1002.4721,10981.1357,5217.9312,2282.7354,1301.2308,34232.5168,A3,N,N
11/03/2019,7:00,9346.8047,1458.937,3467.7156,930.4059,11457.1162,5273.3828,2041.8879,1258.0999,35234.35,A6,N,N
11/03/2019,7:00,8752.0596,1486.83,3188.6399,920.426,12125,5593.7402,2476.51,1388.02,35931.2257,E,N,N
11/03/2019,7:00,8949.1602,1508.1801,3302.6699,990.458,11592.2002,5460.2998,2330.6499,1312.26,35445.8781,E1,N,N
11/03/2019,7:00,8710.5596,1398.05,3209.3899,876.402,11554.0996,5290.0298,2239.3501,1427.89,34705.771,E2,N,N
11/03/2019,7:00,9200.3701,1492.15,3194.8,968.648,11740,5385.0298,2176.74,1286.4301,35444.168,E3,N,N
11/03/2019,7:00,8903.0371,1471.3025,3223.8748,938.9835,11752.8242,5432.2749,2305.8125,1353.65,35381.7595,M,Y,N
11/03/2019,8:00,8765.8105,1495.2772,3479.7112,1018.3401,11338.1533,5417.4478,2333.2383,1330.4391,35178.4175,A3,N,N
11/03/2019,8:00,9621.0352,1517.5439,3463.2864,951.8898,11871.6221,5480.2808,2085.7429,1312.3254,36303.7265,A6,N,N
11/03/2019,8:00,8882.7598,1548.02,3172.3301,960.422,12547.5,5846.79,2503.45,1419.9399,36881.2118,E,N,N
11/03/2019,8:00,9246.4102,1542.51,3290.6599,1013.38,11890.5996,5602.6299,2386.76,1330.4399,36303.3895,E1,N,N
11/03/2019,8:00,8812.8301,1454.09,3202.5,900.268,11910.5,5510.8398,2354.3501,1454.26,35599.638,E2,N,N
11/03/2019,8:00,9214.7695,1513.8101,3163.8301,1007.98,12321.7002,5655.3999,2238.05,1340.54,36456.0798,E3,N,N
11/03/2019,8:00,9039.1924,1514.6075,3207.3301,970.5125,12167.5752,5653.915,2370.6526,1386.2949,36310.0802,M,Y,N
11/03/2019,9:00,8930.9736,1533.1042,3461.5642,1026.2173,11411.998,5482.5757,2386.2617,1329.1453,35561.84,A3,N,N
11/03/2019,9:00,9698.2793,1565.236,3406.7415,977.6123,12260.1855,5456.2114,2017.7834,1322.537,36704.5864,A6,N,N
11/03/2019,9:00,9255.29,1606.59,3131.22,1018.72,13010.4004,6134.5801,2660.4299,1415.96,38233.1904,E,N,N
11/03/2019,9:00,9478.3203,1592.8101,3266.8899,1031.65,11973.7002,5774.0801,2507.54,1300.7,36925.6906,E1,N,N
11/03/2019,9:00,9219.5703,1509.3199,3176.95,935.346,12250.5,5792.71,2550.99,1418.8199,36854.2061,E2,N,N
11/03/2019,9:00,9615.1699,1572.72,3173.3701,1075.14,12234.5,5814.9302,2427.3501,1280.08,37193.2603,E3,N,N
11/03/2019,9:00,9392.0879,1570.3599,3187.1074,1015.214,12367.2754,5879.0752,2536.5776,1353.89,37301.5874,M,Y,N
11/03/2019,10:00,9108.9434,1529.3634,3472.1084,1031.1699,11282.2256,5482.1606,2497.469,1277.3605,35680.8008,A3,N,N
11/03/2019,10:00,9658.7676,1569.1284,3372.8677,1004.9653,12159.75,5366.1338,2122.4326,1250.217,36504.2624,A6,N,N
11/03/2019,10:00,9480.3398,1585.0699,3162.4099,1050.14,12947.2998,6169.8901,2747.1599,1354.47,38496.7794,E,N,N
11/03/2019,10:00,9737.2402,1541.17,3290.8,1049.58,11816.9004,5676.27,2643.98,1282.15,37038.0906,E1,N,N
11/03/2019,10:00,9493.7402,1495.74,3214.75,943.948,12188.7002,5870.3799,2581.04,1353.45,37141.7483,E2,N,N
11/03/2019,10:00,9763.6904,1554.91,3154.1201,1127.14,12142.2998,5677.8999,2465.24,1257.84,37143.1402,E3,N,N
11/03/2019,10:00,9618.7529,1544.2225,3205.52,1042.702,12273.7998,5848.6099,2609.355,1311.9775,37454.9396,M,Y,N
11/03/2019,11:00,9201.0811,1465.5472,3419.9399,1002.2718,10990.874,5431.2051,2602.2427,1212.0619,35325.2237,A3,N,N
11/03/2019,11:00,9292.9639,1545.0339,3534.0266,985.2776,11604.1865,5359.9067,2293.3057,1033.5886,35648.2895,A6,N,N
11/03/2019,11:00,9514.4004,1512.48,3134.1299,1017.97,12477.0996,5978.7402,2757.8999,1306.62,37699.34,E,N,N
11/03/2019,11:00,9927.6904,1519.42,3268.1001,1053.48,11638.0996,5694.2002,2763.5901,1213.52,37078.1004,E1,N,N
11/03/2019,11:00,9562.6797,1431.11,3204.97,915.326,11852.5,5764.5298,2648.3899,1280.8199,36660.3253,E2,N,N
11/03/2019,11:00,9984.25,1482.6899,3107,1096.75,11742.5,5627.9902,2542.6001,1260.6899,36844.4701,E3,N,N
11/03/2019,11:00,9747.2549,1486.4249,3178.55,1020.8815,11927.5498,5766.3652,2678.1201,1265.4125,37070.5589,M,Y,N
11/03/2019,12:00,9239.6719,1423.4713,3408.2092,925.1362,10478.0068,5345.2495,2673.8579,1172.0498,34665.6526,A3,N,N
11/03/2019,12:00,9305.4834,1493.9183,3449.1274,948.8644,10640.5381,5263.5288,2554.0964,1088.6044,34744.1612,A6,N,N
11/03/2019,12:00,9491.8604,1433.35,3094.6001,967.85,11883.9004,5701.8398,2735.27,1268.98,36577.6507,E,N,N
11/03/2019,12:00,9785.7998,1462.29,3238.48,1005.54,11294.5,5548.6602,2807.6599,1194.29,36337.2199,E1,N,N
11/03/2019,12:00,9521.4199,1366.22,3188.48,872.907,11426.7002,5566,2685.0801,1217.17,35843.9772,E2,N,N
11/03/2019,12:00,9871.5303,1443.76,3119.5901,1046.45,11217.7998,5414.0498,2591.03,1190.72,35894.93,E3,N,N
11/03/2019,12:00,9667.6523,1426.405,3160.2876,973.1867,11455.7256,5557.6377,2704.76,1217.79,36163.4449,M,Y,N
11/03/2019,13:00,9327.2656,1367.2993,3439.4973,873.5606,10167.6416,5231.1299,2717.1604,1138.9932,34262.5479,A3,N,N
11/03/2019,13:00,9301.7295,1438.7483,3444.4568,915.0842,10292.9619,5254.1396,2644.2549,1129.6354,34421.0106,A6,N,N
11/03/2019,13:00,9433.54,1366.9,3070.4099,931.074,11303.4004,5447.5898,2703.77,1238.7,35495.3841,E,N,N
11/03/2019,13:00,9786.29,1425.0699,3236.1599,949.895,10931.9004,5407.0601,2835.24,1188.05,35759.6653,E1,N,N
11/03/2019,13:00,9403.6504,1311.0699,3187.79,845.38,11009.4004,5407.6699,2719.22,1180.3199,35064.5005,E2,N,N
11/03/2019,13:00,9892.79,1398.49,3128.6399,1017.21,10947.5,5296.1499,2660.55,1170.49,35511.8198,E3,N,N
11/03/2019,13:00,9629.0674,1375.3826,3155.7498,935.8898,11048.0508,5389.6177,2729.6948,1194.3899,35457.8428,M,Y,N
11/03/2019,14:00,9359.4414,1341.5143,3448.3682,841.3597,9957.4326,5126.29,2756.0532,1144.9548,33975.4142,A3,N,N
11/03/2019,14:00,9355.9795,1428.3472,3419.5173,898.434,10041.0605,5202.8955,2684.6748,1174.8126,34205.7214,A6,N,N
11/03/2019,14:00,9372.7197,1329.53,3059.2,890.726,10768.5996,5213.2998,2685.3999,1231.78,34551.255,E,N,N
11/03/2019,14:00,9841.5,1410.05,3222.6201,982.796,10493.0996,5297.71,2890.04,1196.54,35334.3557,E1,N,N
11/03/2019,14:00,9287.9805,1268.76,3180.3301,815.153,10595.5996,5320.9702,2761.8101,1165.72,34396.3235,E2,N,N
11/03/2019,14:00,9882.9297,1396.42,3143.1699,975.703,10559.2998,5216.8501,2663.1399,1133.51,34971.0224,E3,N,N
11/03/2019,14:00,9596.2822,1351.1901,3151.3301,916.0945,10604.1494,5262.2075,2750.0974,1181.8875,34813.2387,M,Y,N
11/03/2019,15:00,9420.5801,1317.2057,3434.2468,829.3931,9970.0244,5111.9849,2780.5654,1162.5458,34026.5462,A3,N,N
11/03/2019,15:00,9419.2402,1400.8846,3393.4421,894.2505,9977.7119,5184.0547,2727.446,1203.8663,34200.8963,A6,N,N
11/03/2019,15:00,9304.8604,1300.45,3053.5,866.974,10442,5052.3999,2676.3701,1246.74,33943.2944,E,N,N
11/03/2019,15:00,9713.3701,1414.17,3210.72,943.945,10142.5,5313.48,2920.3301,1158.99,34817.5052,E1,N,N
11/03/2019,15:00,9215.0596,1234.72,3178.4099,791.442,10309.2002,5260.0298,2795.53,1164.4,33948.7915,E2,N,N
11/03/2019,15:00,9841.54,1368.45,3062.3401,956.344,10270.2002,5165.4199,2683.3799,1173.04,34520.7141,E3,N,N
11/03/2019,15:00,9518.707,1329.4475,3126.2424,889.6762,10290.9746,5197.8325,2768.9026,1185.7925,34307.5753,M,Y,N
11/03/2019,16:00,9458.1738,1316.7838,3460.2329,810.8767,10065.585,5122.0093,2840.4692,1172.9224,34247.0531,A3,N,N
11/03/2019,16:00,9465.7803,1414.9171,3403.0664,881.4225,9975.0947,5181.0015,2791.0063,1206.2603,34318.5491,A6,N,N
11/03/2019,16:00,9302.3701,1287.12,3048.1699,843.88,10300.4004,5026.9399,2674.3201,1219.12,33702.3204,E,N,N
11/03/2019,16:00,9739.5498,1393.96,3209.23,928.301,10272.7002,5298.3999,2907.4299,1139.36,34888.9308,E1,N,N
11/03/2019,16:00,9212.1104,1225.0601,3181.8601,777.737,10170,5231.96,2836.7,1195.03,33830.4576,E2,N,N
11/03/2019,16:00,9889.6504,1361.76,3088.26,934.382,10364,5246.23,2716.78,1138.29,34739.3524,E3,N,N
11/03/2019,16:00,9535.9199,1316.9751,3131.8799,871.075,10276.7754,5200.8823,2783.8076,1172.95,34290.2652,M,Y,N
11/03/2019,17:00,9407.6904,1310.9482,3455.3354,803.4031,10159.9834,5124.7778,2838.2925,1179.9628,34280.3936,A3,N,N
11/03/2019,17:00,9401.0137,1459.1731,3388.7278,882.088,9996.6768,5191.9985,2811.9399,1204.1195,34335.7373,A6,N,N
11/03/2019,17:00,9366.5898,1303.03,3062.5901,821.973,10510.5,5208.3799,2680.52,1287.22,34240.8028,E,N,N
11/03/2019,17:00,9753.8398,1413.55,3223.04,915.316,10282.4004,5303.23,2917.04,1211.5,35019.9162,E1,N,N
11/03/2019,17:00,9239.1602,1253.73,3198.6299,760.66,10263.7002,5299.2998,2837.6201,1263.73,34116.5302,E2,N,N
11/03/2019,17:00,9868.21,1412.0699,3110.51,901.126,10693.5996,5343.3599,2700.0901,1193.34,35222.3055,E3,N,N
11/03/2019,17:00,9556.9502,1345.595,3148.6924,849.7687,10437.5508,5288.5674,2783.8174,1238.9475,34649.8894,M,Y,N
11/03/2019,18:00,9338.6426,1294.7645,3429.0815,778.4401,10327.4141,5162.0933,2838.9626,1216.3109,34385.7096,A3,N,N
11/03/2019,18:00,9266.7666,1476.8555,3359.0925,858.5842,10106.3369,5264.2617,2819.405,1234.5592,34385.8616,A6,N,N
11/03/2019,18:00,9760.7305,1385.26,3107.53,868.61,11367.5,5750.1201,2762.95,1338.61,36341.3106,E,N,N
11/03/2019,18:00,10139,1484.3101,3245.48,933.672,11081.7998,5585.04,2955.6299,1233.62,36658.5518,E1,N,N
11/03/2019,18:00,9559.2197,1342.25,3229.76,788.722,10899.4004,5562.5,2860.74,1358.66,35601.2521,E2,N,N
11/03/2019,18:00,10264.2002,1467.5699,3105.75,948.761,11141.0996,5776.77,2764.6599,1235.2,36704.0106,E3,N,N
11/03/2019,18:00,9930.7871,1419.8475,3172.1299,884.9412,11122.4512,5668.6074,2835.9951,1291.5225,36326.2819,M,Y,N
11/03/2019,19:00,9379.5186,1304.9144,3440.0496,772.5637,10476.6211,5231.3794,2791.9912,1203.4939,34600.5319,A3,N,N
11/03/2019,19:00,9255.001,1540.2985,3344.9604,862.4064,10314.624,5318.1606,2764.3887,1229.1393,34628.9789,A6,N,N
11/03/2019,19:00,10139.5,1463.66,3206.53,922.192,12236,6425.8301,2932.6899,1398.23,38724.632,E,N,N
11/03/2019,19:00,10429.7002,1583.6899,3338.6699,972.101,11431.0996,6024.3999,3012.1101,1322.77,38114.5406,E1,N,N
11/03/2019,19:00,9945.8604,1439.88,3318.5,838.408,11560.7002,5954.8999,2987.29,1464.36,37509.8985,E2,N,N
11/03/2019,19:00,10474.2002,1521.86,3141.4199,998.351,11596.2002,6110.7598,2969.46,1265.34,38077.5911,E3,N,N
11/03/2019,19:00,10247.3145,1502.2725,3251.28,932.763,11706,6128.9727,2975.3875,1362.6749,38106.6651,M,Y,N
11/03/2019,20:00,9871.0664,1373.7911,3469.679,820.1148,11054.2842,5571.3252,2864.8015,1213.316,36238.3782,A3,N,N
11/03/2019,20:00,9634.1738,1640.6677,3363.01,904.4483,10847.7031,5651.7402,2820.1816,1265.0183,36126.943,A6,N,N
11/03/2019,20:00,10140.0996,1498.6899,3223.9299,935.093,12412.9004,6568.1699,2927.46,1414.71,39121.0527,E,N,N
11/03/2019,20:00,10434.5,1575.11,3353.76,978.671,11414,6107.8101,3135.1201,1335.55,38334.5212,E1,N,N
11/03/2019,20:00,9938.5195,1475.72,3330.6799,865.661,11755.2998,6041.1099,2971.8401,1499.8,37878.6302,E2,N,N
11/03/2019,20:00,10561.2002,1555.9301,3171.78,999.633,11496.4004,6183.1099,3088.3401,1308.23,38364.6237,E3,N,N
11/03/2019,20:00,10268.5801,1526.3624,3270.0376,944.7645,11769.6504,6225.0498,3030.6899,1389.5725,38424.7072,M,Y,N
11/03/2019,21:00,9946.0166,1398.6703,3467.3682,843.5942,11228.5176,5770.8223,2864.6794,1258.0448,36777.7134,A3,N,N
11/03/2019,21:00,9671.4727,1653.8625,3369.8586,919.3789,10979.2656,5641.146,2803.9629,1313.9841,36352.9313,A6,N,N
11/03/2019,21:00,10046.4004,1507.63,3220.98,928.206,12339.7998,6461.9102,2874.9199,1422.26,38802.1063,E,N,N
11/03/2019,21:00,10410.7998,1563.08,3340.6699,948.543,11496.5996,6028.1499,3032.1399,1333.33,38153.3121,E1,N,N
11/03/2019,21:00,9862.4805,1481.84,3303.74,862.534,11709.2998,5915.2798,2911.95,1503.3199,37550.444,E2,N,N
11/03/2019,21:00,10418.0996,1534.91,3136.6299,989.995,11717.2002,6117.5601,2918.99,1306.6899,38140.0747,E3,N,N
11/03/2019,21:00,10184.4453,1521.865,3250.5049,932.3195,11815.7246,6130.7251,2934.5,1391.3999,38161.4843,M,Y,N
11/03/2019,22:00,9713.3877,1380.7358,3438.3486,846.2014,10933.9697,5734.4087,2825.4011,1246.5054,36118.9584,A3,N,N
11/03/2019,22:00,9557.335,1629.4097,3377.8665,899.9307,10771.1426,5658.8711,2750.1711,1284.1073,35928.834,A6,N,N
11/03/2019,22:00,9847.1904,1492.1899,3196.3999,898.542,12065.5,6199.6899,2836.3,1380.26,37916.0721,E,N,N
11/03/2019,22:00,10044.2002,1520.66,3313.4199,946.991,11476.0996,5814.5098,2997.02,1287.3101,37400.2106,E1,N,N
11/03/2019,22:00,9713.0498,1462.5,3257.1101,847.289,11583.7998,5820.7798,2824.9099,1470.05,36979.4884,E2,N,N
11/03/2019,22:00,10149.7998,1503.41,3156.3201,957.843,11530.2002,5976.8799,2885.55,1294.65,37454.653,E3,N,N
11/03/2019,22:00,9938.5605,1494.6901,3230.8125,912.6663,11663.8994,5952.9648,2885.9451,1358.0675,37437.6062,M,Y,N
11/03/2019,23:00,9310.8242,1336.1069,3409.052,827.9423,10523.9473,5440.4692,2676.781,1207.5519,34732.6748,A3,N,N
11/03/2019,23:00,9275.5791,1558.6089,3362.239,866.9434,10613.3721,5322.9063,2614.2371,1235.5271,34849.413,A6,N,N
11/03/2019,23:00,9451.1396,1441.66,3127.25,850.241,11394.7002,5761.1299,2745.25,1390.52,36161.8907,E,N,N
11/03/2019,23:00,9583.3203,1477.97,3251.3101,901.923,10789.0996,5526.4702,2790.1499,1259.91,35580.1531,E1,N,N
11/03/2019,23:00,9345.9199,1405.59,3193.76,815.798,11132.4004,5555.75,2679.8301,1379.47,35508.5184,E2,N,N
11/03/2019,23:00,9691.4297,1447.1899,3140.2,900.558,11028.5,5689.5601,2704.3799,1317.22,35919.0376,E3,N,N
11/03/2019,23:00,9517.9531,1443.1024,3178.1301,867.13,11086.1758,5633.2275,2729.9026,1336.78,35792.4015,M,Y,N
11/03/2019,24:00,8849.9541,1270.5077,3371.4263,817.2691,9895.5664,5105.6978,2517.3113,1163.6017,32991.3344,A3,N,N
11/03/2019,24:00,9154.7158,1474.131,3328.2195,833.0101,10239.3701,4903.707,2457.2739,1201.4492,33591.8766,A6,N,N
11/03/2019,24:00,8993.2598,1383.11,3076.8,811.067,10637.5,5238.4902,2616.71,1343.9399,34100.8769,E,N,N
11/03/2019,24:00,9196.8096,1420.3101,3203.9299,864.824,10274.2998,5173.4902,2592.24,1223.59,33949.4936,E1,N,N
11/03/2019,24:00,8886.96,1339.66,3151.5901,783.117,10540.2002,5214.0801,2505.28,1286.86,33707.7474,E2,N,N
11/03/2019,24:00,9287.6201,1383.3101,3102.98,846.511,10483,5310.3999,2492.02,1232.3,34138.1411,E3,N,N
11/03/2019,24:00,9091.1631,1381.5975,3133.8252,826.3798,10483.75,5234.1152,2551.5625,1271.6724,33974.0657,M,Y,N
