DeliveryDate,HourEnding,Coast,East,FarWest,North,NorthCentral,SouthCentral,Southern,West,SystemTotal,Model,InUseFlag,DSTFlag
01/26/2021,1:00,9455.0391,1313.0657,3888.6912,840.2824,10423.0303,5308.7705,2653.6589,1269.7025,35152.2406,A3,N,N
01/26/2021,1:00,9446.7305,1286.9536,3924.8132,778.7158,10656.4863,5312.8306,2647.0901,1152.2634,35205.8835,A6,N,N
01/26/2021,1:00,9506.4697,1246.85,3851.3101,746.493,9982.1904,4896.7998,2579.28,1177.85,33987.243,E,N,N
01/26/2021,1:00,9522.0498,1271.39,3818.3,752.163,10011.4004,4914.5098,2573.49,1175.3101,34038.6131,E1,N,N
01/26/2021,1:00,9516.6201,1261.27,3820.25,750.789,10011.7002,4906.6699,2574.04,1171.1899,34012.5291,E2,Y,N
01/26/2021,1:00,9519.5703,1268.9399,3719.6101,760.162,10012.9004,4918.6201,2575.45,1168.15,33943.4028,E3,N,N
01/26/2021,1:00,9513.3525,1263.6436,3810.5188,763.0298,10067.3086,4958.96,2584.5046,1187.2601,34148.578,M,N,N
01/26/2021,2:00,9210.665,1275.9078,3856.2024,768.5232,10220.7842,4893.3057,2434.667,1176.1345,33836.1898,A3,N,N
01/26/2021,2:00,9250.2803,1250.1082,3849.2617,750.8074,9927.167,4983.0576,2439.5637,1172.7081,33622.954,A6,N,N
01/26/2021,2:00,9228.7197,1253.62,3855.54,757.543,9874.75,4766.1699,2432.8799,1149.74,33318.9625,E,N,N
01/26/2021,2:00,9223.4404,1309.98,3865.8799,764.976,9860.1201,4725.6899,2436.7,1148.96,33335.7463,E1,N,N
01/26/2021,2:00,9223,1300.6801,3900.76,764.178,9840.25,4718.5298,2435.6599,1150.66,33333.7178,E2,Y,N
01/26/2021,2:00,9209.0596,1300.76,3800.26,756.331,9848.1904,4711.5,2431.6399,1150.38,33208.1209,E3,N,N
01/26/2021,2:00,9218.1484,1288.5105,3854.2429,761.579,9864.7412,4748.9053,2433.9658,1152.7166,33322.8097,M,N,N
01/26/2021,3:00,9058.5938,1276.5161,3845.6714,789.8962,9959.7207,4759.2568,2358.877,1199.8218,33248.3538,A3,N,N
01/26/2021,3:00,9085.9209,1253.7072,3852.9072,765.2979,10147.3516,4918.5791,2348.7917,1150.024,33522.5796,A6,N,N
01/26/2021,3:00,9063.1396,1307.6899,3846.46,785.057,9931.21,4732.1001,2357.4199,1187.88,33210.9565,E,N,N
01/26/2021,3:00,9043.5596,1282.12,3822.9199,798.066,9938.1904,4705.0298,2346.8301,1224.85,33161.5658,E1,N,N
01/26/2021,3:00,9045.0801,1277.25,3793.55,795.578,9928.6797,4700.5601,2346.6299,1221,33108.3278,E2,Y,N
01/26/2021,3:00,9053.3496,1286.9399,3835.54,791.987,9943.8203,4710.4102,2347.1101,1233.38,33202.5371,E3,N,N
01/26/2021,3:00,9051.7969,1288.225,3827.8599,792.0258,9944.0508,4716.0352,2350.6824,1213.4822,33184.1582,M,N,N
01/26/2021,4:00,9070.9209,1415.7587,3849.0547,816.5656,10318.0967,4833.2656,2294.3235,1088.4119,33686.3976,A3,N,N
01/26/2021,4:00,9113.957,1359.6813,3836.2507,804.2977,10424.1465,4876.2671,2289.7146,1125.8033,33830.1182,A6,N,N
01/26/2021,4:00,9007,1392.1,3838.8301,802.593,10209.9004,4797.4502,2307.6001,1009.73,33365.2038,E,N,N
01/26/2021,4:00,8999.7803,1429.55,3865.79,809.863,10315.5,4807.3999,2288.28,875.023,33391.1862,E1,N,N
01/26/2021,4:00,9001.5098,1426.85,3889.27,809.524,10317.2002,4805.6899,2288.8,873.405,33412.2489,E2,Y,N
01/26/2021,4:00,8993.0801,1428.15,3853.75,813.738,10320.7998,4804.1201,2289.3301,883.868,33386.8361,E3,N,N
01/26/2021,4:00,9008.2246,1412.512,3860.2168,809.3684,10288.3564,4799.167,2294.0874,937.3897,33409.3223,M,N,N
01/26/2021,5:00,9150.9033,1387.0521,3832.1367,875.7473,10704.5498,5117.4209,2284.625,1108.5916,34461.0267,A3,N,N
01/26/2021,5:00,9122.168,1387.093,3810.2527,882.1392,10645.2334,5194.9033,2259.385,1168.5062,34469.6808,A6,N,N
01/26/2021,5:00,9166.3301,1434.17,3852.8501,856.316,10792.4004,5011.0601,2304.6101,1080.09,34497.8268,E,N,N
01/26/2021,5:00,9120.8301,1407.16,3845.0601,867.138,10778.5,4995.3501,2284.2,1069.86,34368.0983,E1,N,N
01/26/2021,5:00,9118.8799,1404.83,3813.1001,866.067,10777,4990.4199,2283.4399,1071.14,34324.8768,E2,Y,N
01/26/2021,5:00,9135.5898,1400.0699,3862.46,870.037,10784.2002,4998.7798,2287.6101,1051.4,34390.1468,E3,N,N
01/26/2021,5:00,9146.2764,1411.3936,3841.5095,866.7822,10773.7813,5005.4644,2290.6953,1070.3627,34406.2654,M,N,N
01/26/2021,6:00,9612.1836,1515.5277,3836.3347,939.1523,11798.7969,5419.6377,2362.4382,1307.7881,36791.8592,A3,N,N
01/26/2021,6:00,9609.3955,1511.7736,3828.4995,929.4761,11939.418,5435.7334,2334.3018,1319.047,36907.6449,A6,N,N
01/26/2021,6:00,9686.2695,1533.8101,3832.2,930.516,11913.7998,5506.4399,2397.1299,1330.67,37130.8352,E,N,N
01/26/2021,6:00,9652.4004,1505.1,3832.7,940.726,11820.2998,5441.9102,2333.76,1502.17,37029.0664,E1,N,N
01/26/2021,6:00,9654.3799,1500.23,3799.2,939.964,11819.0996,5440.6001,2333.6899,1501.71,36988.8735,E2,Y,N
01/26/2021,6:00,9642.3203,1517.52,3876.49,943.925,11792.7998,5435.1602,2331.29,1506.86,37046.3653,E3,N,N
01/26/2021,6:00,9651.9961,1518.4895,3836.3352,938.5861,11830.8965,5454.0967,2351.7056,1435.2535,37017.3592,M,N,N
01/26/2021,7:00,10193.7168,1711.976,3892.4941,1022.0776,13295.0986,6169.6396,2544.6306,1527.8846,40357.5179,A3,N,N
01/26/2021,7:00,10148.96,1669.3525,3881.4043,1017.0145,13269.2881,6224.8696,2512.9739,1516.0658,40239.9287,A6,N,N
01/26/2021,7:00,10358.2002,1743.78,3836.9399,1014.38,13350.2002,6194.2598,2650.5901,1588.0601,40736.4103,E,N,N
01/26/2021,7:00,10166.0996,1719.03,3833.48,1019.95,13255.4004,6130.9199,2570.55,1634.41,40329.8399,E1,N,N
01/26/2021,7:00,10162.7002,1715.22,3800.95,1018.29,13257.5996,6123.2002,2572.23,1632.67,40282.86,E2,Y,N
01/26/2021,7:00,10174,1723.67,3891.5701,1011.21,13243.2998,6138.4302,2574.0601,1638.61,40394.8502,E3,N,N
01/26/2021,7:00,10228.3047,1722.6616,3847.0483,1016.6815,13281.0947,6149.1177,2587.2532,1608.9629,40441.1246,M,N,N
01/26/2021,8:00,10618.2949,1808.071,3932.7273,1068.4105,14682.1572,6549.5864,2671.3491,1704.3795,43034.9759,A3,N,N
01/26/2021,8:00,10694.417,1795.3755,3936.876,1060.4303,14691.7227,6675.8936,2670.6838,1668.9419,43194.3408,A6,N,N
01/26/2021,8:00,10590.2002,1782.25,3920.76,1044.3199,14059.5996,6484.8301,2598.5,1645.02,42125.4798,E,N,N
01/26/2021,8:00,10677.5,1833.09,3901.8899,1034.8,14518,6676.8799,2648.78,1678.9301,42969.8699,E1,N,N
01/26/2021,8:00,10675.2998,1828.16,3927.9299,1033.24,14491,6657.5498,2645.8999,1678.59,42937.6694,E2,Y,N
01/26/2021,8:00,10644.0996,1825.23,3898.49,1033.37,14472.2002,6647.0098,2634.29,1679.79,42834.4796,E3,N,N
01/26/2021,8:00,10642.2598,1818.3629,3915.1001,1041.1049,14380.4209,6601.6694,2633.9985,1669.2809,42702.1974,M,N,N
01/26/2021,9:00,10875.2686,1882.8811,3897.0386,1103.1462,14964.752,6850.415,2662.0403,1643.2385,43878.7803,A3,N,N
01/26/2021,9:00,10894.1006,1760.2781,3917.3218,1095.4114,15029.5527,7037.7319,2693.646,1637.9871,44066.0296,A6,N,N
01/26/2021,9:00,10815.4004,1752.05,3939.77,1065.77,14371.0996,6522.3198,2713.02,1501.52,42680.9498,E,N,N
01/26/2021,9:00,10827.9004,1865.34,3896.8501,1087.15,14906.9004,6929.0601,2756.52,1500.51,43770.231,E1,N,N
01/26/2021,9:00,10836.5,1864.34,3923.22,1089.02,14940.0996,6932.8701,2755.8201,1499.74,43841.6098,E2,Y,N
01/26/2021,9:00,10814.9004,1854.41,3869.9299,1093.22,15012,6955.8198,2753.6399,1490.03,43843.95,E3,N,N
01/26/2021,9:00,10828.3828,1835.4342,3907.3813,1085.3185,14816.0508,6817.376,2732.1838,1511.1301,43533.2575,M,N,N
01/26/2021,10:00,10920.6582,1808.2905,3866.3079,1098.7811,14375.3887,6379.3423,2841.8147,1515.3126,42805.896,A3,N,N
01/26/2021,10:00,10929.957,1767.261,3876.9143,1108.594,14647.3047,6479.8525,2841.4839,1501.3165,43152.6839,A6,N,N
01/26/2021,10:00,10984,1763.3199,3824.3799,1052.5699,13985.5996,6349.5,2795.3799,1478.04,42232.7892,E,N,N
01/26/2021,10:00,11053.7998,1725.45,3859.74,1054.65,14209,6267.2798,2839.4199,1507.9399,42517.2794,E1,N,N
01/26/2021,10:00,11055.2998,1729.96,3870.51,1050.98,14188.7998,6274.0898,2840.1001,1501.6899,42511.4294,E2,Y,N
01/26/2021,10:00,11124.2002,1751.67,3845.8201,1054.74,14277.2002,6362.6201,2853.98,1550.3,42820.5306,E3,N,N
01/26/2021,10:00,11044.3633,1751.9974,3852.312,1060.6947,14206.292,6336.7656,2832.0532,1511.6943,42596.1725,M,N,N
01/26/2021,11:00,11261.5303,1700.8123,3741.6802,1087.7397,13995.5254,6083.3818,2893.0828,1359.8562,42123.6087,A3,N,N
01/26/2021,11:00,11135.2021,1744.501,3770.0134,1083.249,13959.3242,6040.3154,2899.687,1346.403,41978.6951,A6,N,N
01/26/2021,11:00,11079,1696.9399,3745.25,1032.9,13560.9004,6102.8501,2847.6299,1371.74,41437.2103,E,N,N
01/26/2021,11:00,11099.7002,1710.58,3716.48,1090.41,13695.2002,6146.27,2810.6101,1345.5699,41614.8204,E1,N,N
01/26/2021,11:00,11096.4004,1704.88,3629.78,1089,13698.0996,6141.5298,2813.1599,1351.88,41524.7297,E2,Y,N
01/26/2021,11:00,11107.7998,1677.87,3785.8701,1085.79,13625.2998,6043.3999,2811.03,1353.35,41490.4096,E3,N,N
01/26/2021,11:00,11108.7295,1698.442,3722.4236,1074.1912,13695.1865,6113.3789,2829.9912,1356.5828,41598.9257,M,N,N
01/26/2021,12:00,11514.7773,1593.6777,3663.1506,1037.1984,13246.6826,5903.2344,3022.999,1268.1124,41249.8324,A3,N,N
01/26/2021,12:00,11410.5684,1638.5201,3677.3394,1028.958,13063.1611,5967.9995,3034.2258,1332.1069,41152.8792,A6,N,N
01/26/2021,12:00,11165.4004,1611.34,3693.3999,1002.18,13029.0996,5843.25,2964.6201,1257.11,40566.4,E,N,N
01/26/2021,12:00,11164.9004,1604.85,3652.6899,990.167,13106.2998,5779.02,3075.97,1242.27,40616.1671,E1,N,N
01/26/2021,12:00,11164.5,1605.6801,3639.8401,987.428,13092.7998,5784.02,3075.1599,1231.95,40581.3779,E2,Y,N
01/26/2021,12:00,11151.7998,1614.4399,3709.0701,993,13137.4004,5827.5698,3067.29,1211.55,40712.12,E3,N,N
01/26/2021,12:00,11181.3857,1609.132,3674.9858,999.582,13108.3652,5830.6919,3037.8037,1238.1672,40680.1135,M,N,N
01/26/2021,13:00,11341.1064,1557.6366,3654.6819,993.7549,12928.2412,5849.7598,3196.8938,1162.406,40684.4806,A3,N,N
01/26/2021,13:00,11359.7041,1599.1929,3659.293,999.1767,12798.1182,5903.8267,3216.3464,1189.9697,40725.6277,A6,N,N
01/26/2021,13:00,11360.9004,1560.8199,3712.8201,980.665,12446.4004,5767.6299,3174.45,1170.48,40174.1657,E,N,N
01/26/2021,13:00,11545.2002,1552.65,3670.1899,988.367,12550.9004,5853.3398,3238.1599,1129.04,40527.8472,E1,N,N
01/26/2021,13:00,11539.9004,1551.5,3716.21,986.73,12555.7998,5846.2002,3245.1101,1128.6,40570.0505,E2,Y,N
01/26/2021,13:00,11517.2002,1555.36,3661.46,992.506,12515,5815.21,3239.46,1134.59,40430.7862,E3,N,N
01/26/2021,13:00,11482.9561,1556.0487,3688.8472,986.7836,12533.1709,5819.5732,3214.459,1145.6119,40427.4506,M,N,N
01/26/2021,14:00,11504.5146,1532.7891,3675.3806,967.5972,12174.8145,5764.6934,3414.0242,1081.458,40115.2716,A3,N,N
01/26/2021,14:00,11706.7656,1555.5027,3660.2793,973.1446,12531.6387,5830.9209,3476.4971,1091.6982,40826.4471,A6,N,N
01/26/2021,14:00,11453.7998,1520.63,3712.5801,955.976,11916,5671.8301,3240.25,1136,39607.066,E,N,N
01/26/2021,14:00,11639.0996,1507.6,3656.5,965.179,11985.7998,5772.8198,3332.5601,1097.1801,39956.7384,E1,N,N
01/26/2021,14:00,11677.2002,1504.86,3709.3501,970.018,12100.2002,5834.3701,3357,1094.9,40247.8986,E2,Y,N
01/26/2021,14:00,11639.5,1497.62,3650.6399,982.393,11991.0996,5729.1802,3342.3401,1131.61,39964.3828,E3,N,N
01/26/2021,14:00,11594.4824,1511.8995,3685.4622,968.6938,12021.9023,5751.0342,3322.6372,1114.6263,39970.7379,M,N,N
01/26/2021,15:00,11399.2314,1492.269,3699.2747,908.4156,11736.1523,5730.644,3473.2432,1055.7936,39495.0238,A3,N,N
01/26/2021,15:00,11533.4814,1496.4359,3691.7109,879.7609,11680.1445,5731.2036,3497.54,1069.887,39580.1642,A6,N,N
01/26/2021,15:00,11549.2002,1518.9399,3715.45,930.881,11648.5,5707.8198,3555.0801,1040.27,39666.141,E,N,N
01/26/2021,15:00,11280,1474.03,3730.9299,914.556,11600.2002,5740.54,3595.73,1002.39,39338.3761,E1,N,N
01/26/2021,15:00,11279.0996,1473.4399,3767.47,914.609,11593.5996,5733.8701,3596.6899,1003.05,39361.8281,E2,Y,N
01/26/2021,15:00,11209.9004,1479.1,3686.4299,914.168,11569.7998,5730.04,3590.3799,1031.2,39211.018,E3,N,N
01/26/2021,15:00,11344.4531,1488.6573,3721.113,917.7859,11620.0186,5726.8301,3569.1589,1025.903,39413.9199,M,N,N
01/26/2021,16:00,11294.0459,1465.1563,3689.9746,855.3017,11562.8223,5779.2144,3446.7495,1080.328,39173.5927,A3,N,N
01/26/2021,16:00,11342.1006,1473.7708,3686.9172,786.5261,11499.3379,5782.9131,3502.8577,1098.8359,39173.2593,A6,N,N
01/26/2021,16:00,11531.7998,1496.34,3716.75,899.094,11343.7998,5709.5801,3580.21,1041.53,39319.1037,E,N,N
01/26/2021,16:00,11165.4004,1447.42,3731.3401,889.852,11277.9004,5755.5801,3602.1001,1025.85,38895.4431,E1,N,N
01/26/2021,16:00,11154.7002,1447.0601,3790.8401,897.757,11391.2998,5792.7002,3603.75,1028.15,39106.2574,E2,Y,N
01/26/2021,16:00,11080.7002,1449.9399,3678.5801,873.916,11229.2002,5706.5698,3600.5901,1087.79,38707.2863,E3,N,N
01/26/2021,16:00,11249.2305,1462.407,3724.2068,885.836,11346.165,5744.062,3577.2437,1052.6398,39041.7908,M,N,N
01/26/2021,17:00,11242.0156,1500.0784,3710.5361,888.4946,11722.3789,5914.8564,3361.7588,1107.2745,39447.3933,A3,N,N
01/26/2021,17:00,11311.0195,1504.4408,3711.3992,890.5487,11633.958,5928.8647,3427.3438,1131.147,39538.7217,A6,N,N
01/26/2021,17:00,11457.0996,1480.1899,3721.0601,885.778,11346.7998,5793.29,3585.1699,1086.8101,39356.1974,E,N,N
01/26/2021,17:00,11196.5,1446.03,3738.3799,873.348,11211.7002,5735.6299,3548.1499,1083.96,38833.6979,E1,N,N
01/26/2021,17:00,11084,1451.63,3820.8999,893.139,11550.0996,5866.3398,3540.8701,1102.01,39308.9884,E2,Y,N
01/26/2021,17:00,11032.0996,1474.51,3685.74,898.421,11239.5996,5787.1802,3544.4199,1173.54,38835.5103,E3,N,N
01/26/2021,17:00,11198.1152,1469.8459,3738.0396,889.5648,11400.8848,5818.0132,3531.3535,1114.4944,39160.3114,M,N,N
01/26/2021,18:00,11270.0967,1555.2185,3740.2188,899.3932,12181.5488,6093.8491,3261.2014,1155.8116,40157.3381,A3,N,N
01/26/2021,18:00,11342.9639,1537.8141,3735.0886,887.052,12039.1504,6078.022,3303.2925,1185.792,40109.1755,A6,N,N
01/26/2021,18:00,11474.2002,1447.96,3796.76,884.046,11750.7002,5958.0801,3534.71,1196.61,40043.0665,E,N,N
01/26/2021,18:00,11134.2998,1496.05,3812.6599,857.695,11516.7002,5802.98,3398.6001,1163.84,39182.825,E1,N,N
01/26/2021,18:00,11102.9004,1492.04,3858.7,916.72,12114.5,6004.1099,3399.95,1166.6801,40055.6004,E2,Y,N
01/26/2021,18:00,11170.5,1538.08,3717.27,911.51,11601.2998,5893.27,3373.01,1291.85,39496.7898,E3,N,N
01/26/2021,18:00,11237.4492,1500.9286,3787.2925,897.705,11828.9063,5950.9688,3409.3926,1203.7415,39816.3845,M,N,N
01/26/2021,19:00,11518.9189,1643.917,3827.6458,955.9965,12788.5947,6422.7505,3311.4761,1259.6427,41728.9422,A3,N,N
01/26/2021,19:00,11533.4238,1639.2136,3833.2668,934.0829,12645.0928,6418.314,3331.2295,1290.2393,41624.8627,A6,N,N
01/26/2021,19:00,11738.0996,1508.0601,3954.3899,945.289,12457,6227.6899,3572.5,1338.95,41741.9785,E,N,N
01/26/2021,19:00,11409.2002,1558.72,3820.28,911.29,12388.2998,6100.48,3429.8101,1270.9,40888.9801,E1,N,N
01/26/2021,19:00,11277.5996,1575.45,4054.5,955.93,12894.7998,6328.27,3471.28,1237.9399,41795.7693,E2,Y,N
01/26/2021,19:00,11562.5996,1651.89,3748.6101,959.872,12442,6133.46,3419.25,1436.16,41353.8417,E3,N,N
01/26/2021,19:00,11510.5898,1584.1796,3895.366,948.6836,12595.5615,6237.7588,3458.4185,1319.5803,41550.1381,M,N,N
01/26/2021,20:00,11378.4863,1650.3909,3831.5396,964.736,12838.6436,6407.4771,3278.7676,1304.2695,41654.3106,A3,N,N
01/26/2021,20:00,11348.1982,1654.9967,3821.823,932.5178,12672.9785,6405.2305,3306.2014,1362.4624,41504.4085,A6,N,N
01/26/2021,20:00,11622,1535.85,3914.8501,949.286,12670.0996,6208.8999,3491.98,1432.52,41825.4856,E,N,N
01/26/2021,20:00,11176.0996,1560.91,3917.1499,929.108,12800.5,6166.71,3441.7,1289.21,41281.3875,E1,N,N
01/26/2021,20:00,11175.4004,1562.1,3954.23,942.305,12983.2002,6311.77,3473.72,1270.47,41673.1956,E2,Y,N
01/26/2021,20:00,11533.5996,1646.86,3808.8301,954.917,12978.7998,6247.77,3330.24,1506.26,42007.2765,E3,N,N
01/26/2021,20:00,11402.0742,1587.6151,3888.064,948.3575,12862.918,6263.8833,3414.0435,1376.4974,41743.453,M,N,N
01/26/2021,21:00,11085.2129,1647.8025,3820.4504,963.2544,12860.1074,6232.3965,3157.1064,1323.1844,41089.5149,A3,N,N
01/26/2021,21:00,11109.2422,1667.6405,3793.7275,923.7058,12718.4883,6244.6465,3183.1111,1366.2338,41006.7957,A6,N,N
01/26/2021,21:00,11311.0996,1549.33,3813.0801,936.914,12459.2998,6015.3398,3337.51,1428.64,40851.2133,E,N,N
01/26/2021,21:00,10976.7998,1539.8101,3980.46,933.944,12827.4004,6012.6602,3304.5901,1289.67,40865.3346,E1,N,N
01/26/2021,21:00,10876.7002,1552.13,4018.1899,942.05,13024.0996,6133.8999,3339.5601,1276.45,41163.0797,E2,Y,N
01/26/2021,21:00,11301.2998,1657.91,3648.6899,937.371,12846.2998,6160.1802,3250.3,1522.41,41324.4607,E3,N,N
01/26/2021,21:00,11130.0273,1588.2941,3845.1035,941.2335,12793.3643,6107.9868,3289.5544,1383.4818,41079.0457,M,N,N
01/26/2021,22:00,10680.8936,1599.8983,3846.8303,943.1146,12554.998,5981.3442,3035.9121,1302.0208,39945.0119,A3,N,N
01/26/2021,22:00,10719.833,1627.6799,3813.3645,900.821,12441.9531,5953.4771,3046.9058,1330.6007,39834.6351,A6,N,N
01/26/2021,22:00,10903.2002,1526.7,3744.74,912.122,12218.9004,5812.4102,3163.1299,1401.12,39682.3227,E,N,N
01/26/2021,22:00,10406.7998,1500.4399,3922.1201,906.832,12629.4004,5834.73,3168.0801,1277.24,39645.6423,E1,N,N
01/26/2021,22:00,10415.2998,1497.1801,3969.6101,917.226,12757.7998,5960.1499,3202.3101,1278.77,39998.3458,E2,Y,N
01/26/2021,22:00,10837.7998,1634.0601,3725.04,908.492,12564.7002,5951.8101,3141.1799,1489.46,40252.5421,E3,N,N
01/26/2021,22:00,10675.0371,1552.0273,3830.9663,915.7033,12533.3994,5908.1021,3152.1538,1364.7451,39932.1344,M,N,N
01/26/2021,23:00,10181.4717,1528.7734,3852.9116,902.4641,11813.9922,5614.458,2840.2131,1241.2439,37975.528,A3,N,N
01/26/2021,23:00,10274.0332,1526.125,3846.5576,861.589,11531.0586,5562.9854,2836.6265,1205.2015,37644.1768,A6,N,N
01/26/2021,23:00,10352.7002,1481.27,3707.8,871.955,11675.7002,5521.3999,2952.3999,1364.0601,37927.2853,E,N,N
01/26/2021,23:00,10142.2002,1474.9,3934.4299,894.641,12344.7002,5729.3501,3041.76,1235.88,38797.8614,E1,N,N
01/26/2021,23:00,9930.6201,1433.17,3919.8501,883.83,11891.5,5581.21,3017.45,1277.52,37935.1502,E2,Y,N
01/26/2021,23:00,10345.5996,1649.6801,4219.73,880.715,11946.5996,5588.8799,2883.6599,1479.03,38993.8941,E3,N,N
01/26/2021,23:00,10197.6895,1516.4893,3935.2627,883.7632,11898.2871,5590.8486,2948.624,1339.793,38310.7574,M,N,N
01/26/2021,24:00,9708.9766,1420.783,3849.5623,872.923,11137.8281,5243.543,2663.3296,1178.6458,36075.5914,A3,N,N
01/26/2021,24:00,9761.5811,1393.0531,3860.5576,824.3958,10789.2822,5172.0283,2658.5144,1120.0541,35579.4666,A6,N,N
01/26/2021,24:00,9810.9297,1393.33,3723.48,840.619,11125.9004,5281.3301,2740.0701,1309.6899,36225.3492,E,N,N
01/26/2021,24:00,9877.4404,1449.3101,3946.74,882.452,12060,5623.98,2915.47,1194.5,37949.8925,E1,N,N
01/26/2021,24:00,9452.8604,1362.99,3900.01,850.773,11355,5233.6602,2774.1799,1194.04,36123.5135,E2,Y,N
01/26/2021,24:00,9806.8203,1471.2,3901.73,850.521,11307.2002,5220.5601,2686.01,1354.17,36598.2116,E3,N,N
01/26/2021,24:00,9715.9551,1415.6416,3855.8428,854.9001,11346.7529,5292.3281,2747.4148,1261.1182,36489.9536,M,N,N
01/27/2021,1:00,9390.9639,1332.0203,3893.6013,883.9627,11073.5732,5160.4604,2516.5171,1198.7313,35449.8302,A3,N,N
01/27/2021,1:00,9437.5439,1322.8756,3932.384,826.7966,10958.2168,5187.5015,2522.2505,1107.6577,35295.2266,A6,N,N
01/27/2021,1:00,9301.0303,1333.6899,3924.54,816.009,10890.7998,5142.6802,2576.95,1179.96,35165.6592,E,Y,N
01/27/2021,1:00,9354.8799,1395.96,3959.3101,852.438,11425.2998,5347.4102,2654.1201,1150.67,36140.0881,E1,N,N
01/27/2021,1:00,9059.4404,1314.96,3914.3101,839.958,10934.2998,5012.8901,2555.0801,1122.0699,34753.0084,E2,N,N
01/27/2021,1:00,9244.4902,1294.5601,3849.4199,830.31,10966.2998,4888.3398,2498.3799,1153.61,34725.4097,E3,N,N
01/27/2021,1:00,9244.4707,1326.8,3903.6816,838.6194,11010.209,5074.4614,2553.9321,1157.5851,35109.7593,M,N,N
01/27/2021,2:00,9198.0537,1303.3718,3886.3701,867.5618,10802.6787,5021.4204,2396.769,1197.4462,34673.6717,A3,N,N
01/27/2021,2:00,9229.9121,1277.5934,3910.262,806.2356,10777.4678,5038.4575,2400.054,1112.5603,34552.5427,A6,N,N
01/27/2021,2:00,9043.7305,1305.6801,3914.8501,813.742,10621.9004,5090.1499,2445.05,1201.99,34437.093,E,Y,N
01/27/2021,2:00,9042.29,1368.3,4000.72,841.563,10962.2002,5095.8501,2482.1201,1186.59,34979.6334,E1,N,N
01/27/2021,2:00,8764.71,1285.51,3927.02,853.137,10664.7998,4845.7598,2395.8201,1098.28,33835.0367,E2,N,N
01/27/2021,2:00,8986.7402,1260.3,3866.4299,816.828,10766.5,4794.0801,2350.55,1166.78,34008.2082,E3,N,N
01/27/2021,2:00,8978.8379,1296.8315,3912.9612,834.5674,10733.9102,4947.1563,2407.7161,1164.7671,34276.7477,M,N,N
01/27/2021,3:00,9111.9131,1295.8701,3890.4714,862.4351,10637.6279,4956.9336,2335.6953,1201.6072,34292.5537,A3,N,N
01/27/2021,3:00,9123.2998,1278.2759,3915.2578,791.3644,10625.1406,4971.9604,2322.9004,1107.4073,34135.6066,A6,N,N
01/27/2021,3:00,8929.29,1305.9,3904.4399,825.082,10492.4004,5116.1602,2360.3201,1264.74,34198.3326,E,Y,N
01/27/2021,3:00,8960.4297,1322.91,3977.25,834.416,10698.0996,4902.8599,2339.3,1172.55,34207.8152,E1,N,N
01/27/2021,3:00,8663.79,1274.14,3971.54,838.058,10592,4783.04,2343.6699,1065.9,33532.1379,E2,N,N
01/27/2021,3:00,8920.1396,1266.16,3821.1299,815.641,10810.7998,4809.0698,2279.0801,1176.86,33898.8802,E3,N,N
01/27/2021,3:00,8887.3477,1288.8976,3907.7427,831.8016,10640.7666,4909.5415,2330.1421,1173.6447,33969.8845,M,N,N
01/27/2021,4:00,9156.1299,1328.8647,3890.8643,877.8179,10710.2852,4953.9521,2305.3557,1228.3568,34451.6266,A3,N,N
01/27/2021,4:00,9139.2236,1312.4469,3892.0571,804.553,10647.708,4924.229,2278.6218,1181.6405,34180.4799,A6,N,N
01/27/2021,4:00,8942.9902,1326.92,3851.3601,842.507,10590.7002,5156.3799,2328.3301,1266.64,34305.8275,E,Y,N
01/27/2021,4:00,8592.1797,1322.1801,3975.0701,852.482,10795.5996,4894.8398,2319.3,1145.45,33897.1013,E1,N,N
01/27/2021,4:00,8651.1201,1277.29,3980.52,862.677,10772,4816.25,2350.96,1108.16,33818.9771,E2,N,N
01/27/2021,4:00,8954.7998,1294.75,3835.25,839.564,10853.5,4924.3799,2281.1001,1190.92,34174.2638,E3,N,N
01/27/2021,4:00,8855.7666,1306.1206,3900.0244,852.4745,10742.2852,4955.3516,2318.1794,1188.1559,34118.3582,M,N,N
01/27/2021,5:00,9364.3389,1369.0618,3880.3484,924.6786,11148.3926,5125.5566,2319.8235,1282.9716,35415.172,A3,N,N
01/27/2021,5:00,9333.7041,1345.8125,3858.5608,864.5457,10902.627,5047.5474,2263.738,1264.6256,34881.1611,A6,N,N
01/27/2021,5:00,9159.8301,1374.4,3804.4099,884.701,11036.5996,5353.0801,2352.1201,1342.6899,35307.8307,E,Y,N
01/27/2021,5:00,8992.6396,1411.13,3980.5701,909.763,11439,5118.8301,2391.3301,1251.28,35494.5429,E1,N,N
01/27/2021,5:00,8855.0195,1320.58,3975.8501,884.477,11150.7998,5102.1401,2343.8999,1102.54,34735.3064,E2,N,N
01/27/2021,5:00,9098.4502,1306.53,3861.3401,894.079,11214.7002,5108.4399,2314.04,1250.9399,35048.5193,E3,N,N
01/27/2021,5:00,9072.9473,1347.9014,3893.0146,895.1194,11173.9492,5171.4634,2341.4092,1240.824,35136.6285,M,N,N
01/27/2021,6:00,9839.5635,1485.1823,3907.8928,987.7421,12122.4258,5471.1211,2424.9583,1367.7007,37606.5866,A3,N,N
01/27/2021,6:00,9789.877,1473.9604,3872.8821,940.3918,11966.4551,5428.9668,2332.8901,1384.9176,37190.3409,A6,N,N
01/27/2021,6:00,9679.3896,1501.49,3852.6299,945.76,12331.2002,5811.79,2491.1699,1417.58,38031.0096,E,Y,N
01/27/2021,6:00,9421.4805,1514.4301,4037.8101,970.002,12596.7002,5590.1499,2468.6001,1310.42,37909.5929,E1,N,N
01/27/2021,6:00,9460.1904,1442.8101,4000.8601,944.278,12299.9004,5648.6001,2560.76,1193.14,37550.5391,E2,N,N
01/27/2021,6:00,9504.1104,1456.63,3885.73,970.656,12280.2002,5504.1201,2446.1599,1328.0699,37375.6765,E3,N,N
01/27/2021,6:00,9568.5527,1475.1841,3928.0181,959.8915,12317.7158,5623.7861,2486.2173,1319.4625,37678.8281,M,N,N
01/27/2021,7:00,10569.4326,1639.4999,3986.4556,1078.3456,13592.335,6112.4956,2635.741,1470.6313,41084.9366,A3,N,N
01/27/2021,7:00,10529.9307,1636.9723,3947.7837,1033.0372,13471.7246,6075.3555,2491.6704,1497.6904,40684.1648,A6,N,N
01/27/2021,7:00,10472.7002,1656.9301,3937.05,1018.75,13738.0996,6439.73,2711.02,1597.3199,41571.5998,E,Y,N
01/27/2021,7:00,10274.2998,1683.3101,4097.48,1040.8199,13869.9004,6235.1201,2780.6201,1399.23,41380.7804,E1,N,N
01/27/2021,7:00,10317.2998,1642.91,4056.72,1031.96,13760.2002,6540.3398,3035.23,1337.0699,41721.7297,E2,N,N
01/27/2021,7:00,10217,1658.3,3950.96,1045.85,14047.2998,6275.7798,2717,1452.83,41365.0196,E3,N,N
01/27/2021,7:00,10357.2168,1654.8862,3996.6743,1039.0356,13819.1797,6357.4141,2792.8577,1455.5377,41472.8021,M,N,N
01/27/2021,8:00,10942.3164,1733.6022,4036.894,1121.6327,14559.835,6517.1782,2771.0176,1541.451,43223.9271,A3,N,N
01/27/2021,8:00,11001.9434,1701.7871,4011.4517,1074.5608,14493.4395,6804.9756,2616.168,1581.4574,43285.7835,A6,N,N
01/27/2021,8:00,10929.0996,1735.65,3975.46,1062.03,14656.5,6889.0098,2848.95,1656.97,43753.6694,E,Y,N
01/27/2021,8:00,10765.5996,1734.52,4066.6799,1077.9301,14564.9004,6567.6099,2863.8799,1488.91,43130.0298,E1,N,N
01/27/2021,8:00,10696.4004,1699.64,4092.95,1076.4,14651.9004,6842.7998,3037.5701,1404.12,43501.7807,E2,N,N
01/27/2021,8:00,10803.5,1713.5,3974.73,1083.0601,14701.0996,6622.79,2852.76,1540.42,43291.8597,E3,N,N
01/27/2021,8:00,10820.7402,1720.7128,4023.7319,1080.3179,14642.9668,6724.248,2889.1821,1529.1726,43431.0723,M,N,N
01/27/2021,9:00,11105.3926,1767.7589,3994.6899,1133.0631,14910.4316,6645.1792,2761.8838,1541.2235,43859.6226,A3,N,N
01/27/2021,9:00,11129.5029,1710.5027,3991.7139,1100.2101,14858.7539,7098.8306,2653.2231,1582.9143,44125.6515,A6,N,N
01/27/2021,9:00,11150.7998,1735.79,3872.1001,1071.1801,14881.2002,6791.6401,2923.77,1610.13,44036.6103,E,Y,N
01/27/2021,9:00,10779.4004,1698.6899,4028.01,1034.6801,14541.0996,6524.8198,2811.29,1434.5,42852.4898,E1,N,N
01/27/2021,9:00,10656.9004,1681.62,4081.4299,1048.71,14471.2998,6741.21,2991.8401,1347.5601,43020.5703,E2,N,N
01/27/2021,9:00,10892.5,1722.65,3898.1399,1097.96,14418.7002,6705.5,2822.8401,1504.61,43062.9002,E3,N,N
01/27/2021,9:00,10910.6484,1718.321,3965.7549,1075.4304,14624.2412,6705.8374,2881.2593,1487.5404,43369.033,M,N,N
01/27/2021,10:00,11202.1514,1773.1848,3962.615,1161.9207,14823.1992,6549.7646,2828.4683,1501.941,43803.245,A3,N,N
01/27/2021,10:00,11228.8525,1680.8218,3960.7202,1147.3193,14950.6992,6752.0068,2736.2092,1530.7443,43987.3733,A6,N,N
01/27/2021,10:00,11304.5,1673.72,3895.78,1082.42,14535.2998,6487.7998,2886.24,1502.79,43368.5496,E,Y,N
01/27/2021,10:00,10844.5,1696.8,3943.48,1088.8101,14350.5996,6291.02,2866.8101,1321.11,42403.1298,E1,N,N
01/27/2021,10:00,10722.5,1639.67,4030.1899,1065.51,14163.2002,6354.02,2937.9299,1314.11,42227.13,E2,N,N
01/27/2021,10:00,10983.7002,1634.89,3883.6599,1145.13,14282.0996,6293.3701,2846.4399,1472,42541.2897,E3,N,N
01/27/2021,10:00,11008.5068,1670.8181,3940.6694,1104.6063,14391.875,6388.8955,2879.562,1425.1063,42810.0394,M,N,N
01/27/2021,11:00,11259.4238,1750.7256,3930.4082,1165.0529,14871.9658,6455.0161,2873.8528,1453.958,43760.4032,A3,N,N
01/27/2021,11:00,11272.957,1659.611,3946.5364,1151.749,14962.0967,6593.688,2801.7988,1466.3014,43854.7383,A6,N,N
01/27/2021,11:00,11343.2002,1612.9301,3848.3201,1056.52,14208,6239,2902.1799,1446.7,42656.8503,E,Y,N
01/27/2021,11:00,10874.0996,1642.48,3967.3101,1050.75,14081.7002,6168.9199,2927.5,1282.61,41995.3698,E1,N,N
01/27/2021,11:00,10818.5,1601.37,3983.6799,1055.85,13920.4004,6160.5601,2997.6101,1234.6801,41772.6506,E2,N,N
01/27/2021,11:00,11070,1653.03,3826.98,1136.71,14078,6089.3101,2866.3899,1373.47,42093.89,E3,N,N
01/27/2021,11:00,11074.6152,1640.9832,3901.96,1089.2454,14170.8086,6200.2095,2916.7141,1355.7834,42350.3194,M,N,N
01/27/2021,12:00,11253.04,1692.8698,3888.1929,1143.6632,14587.9121,6341.7852,2918.9446,1424.6736,43251.0814,A3,N,N
01/27/2021,12:00,11327.4814,1625.2783,3904.7847,1140.842,14507.3242,6450.6035,2862.4248,1434.1589,43252.8978,A6,N,N
01/27/2021,12:00,11390.0996,1562.01,3764.8401,1021.88,13763,6072.96,2923.1799,1378.5601,41876.5297,E,Y,N
01/27/2021,12:00,10864.2002,1609.27,3917.3701,1044.9,13654.2002,5941.3198,2940.22,1219.86,41191.3403,E1,N,N
01/27/2021,12:00,10843.9004,1564.02,3925.1699,1037.27,13597.0996,6002.3701,2958.1599,1189.84,41117.8299,E2,N,N
01/27/2021,12:00,11115.7002,1576.12,3740.4299,1092.65,13641.7002,5959.1602,2872.25,1377,41375.0105,E3,N,N
01/27/2021,12:00,11102.0791,1588.3049,3833.3052,1061.5204,13780.7139,6044.0107,2920.793,1316.9167,41647.6439,M,N,N
01/27/2021,13:00,11138.9141,1668.036,3830.7837,1098.6001,14291.8447,6260.9463,2958.6768,1394.1434,42641.9451,A3,N,N
01/27/2021,13:00,11255.3428,1630.6987,3850.9949,1109.2437,14059.2119,6406.0635,2924.5281,1455.4128,42691.4964,A6,N,N
01/27/2021,13:00,11368.2002,1524.33,3705.3,969.416,13128.5996,5958.4399,2972.8701,1361.49,40988.6458,E,Y,N
01/27/2021,13:00,10781,1549.91,3845.7,987.597,13185.4004,5794.98,2906.95,1164.8199,40216.3573,E1,N,N
01/27/2021,13:00,10776.7998,1537.88,3884.3501,1028.45,13455,5883.5601,2957.97,1170.08,40694.09,E2,N,N
01/27/2021,13:00,11081.5996,1608.58,3687.6899,1030.47,13201.4004,5814.7202,2851.1201,1339.22,40614.8002,E3,N,N
01/27/2021,13:00,11046.6387,1569.9408,3778.8955,1017.8586,13380.9063,5921.1709,2928.6934,1287.5679,40931.6721,M,N,N
01/27/2021,14:00,11166.6914,1642.5602,3797.501,1071.1576,13989.1348,6163.2847,3005.2166,1350.0258,42185.5721,A3,N,N
01/27/2021,14:00,11306.9238,1620.7363,3823.1575,1086.5646,13551.0059,6290.4395,3015.439,1394.6875,42088.9541,A6,N,N
01/27/2021,14:00,11380.2998,1489.38,3676.29,950.355,12623.2998,5810.7998,2979.6299,1304.95,40215.0043,E,Y,N
01/27/2021,14:00,10831.7002,1533.62,3838.6499,978.03,12784.7002,5647.0801,2881.9199,1145.84,39641.5403,E1,N,N
01/27/2021,14:00,10738.7002,1521.96,3851.1599,1001.25,13178,5876.5601,2963.78,1149.21,40280.6202,E2,N,N
01/27/2021,14:00,11022.7002,1569.73,3699.45,1012.8,12796,5662.8301,2897.3999,1300.78,39961.6902,E3,N,N
01/27/2021,14:00,11035.2236,1542.29,3761.2439,997.2497,12996.0547,5813.8433,2946.0947,1250.7183,40342.7182,M,N,N
01/27/2021,15:00,11113.2705,1615.7466,3766.2529,1018.7127,13687.8906,6082.9619,3015.3369,1324.8169,41624.989,A3,N,N
01/27/2021,15:00,11234.7266,1602.6484,3786.8774,1013.2947,13379.7168,6172.1899,3048.9438,1357.6215,41596.0191,A6,N,N
01/27/2021,15:00,11323.2998,1488.5699,3664.52,902.24,12272.9004,5702.27,2981.6101,1244.74,39580.1502,E,Y,N
01/27/2021,15:00,10762.2002,1508.22,3801.3899,951.57,12426.4004,5605.2798,2917.97,1112.61,39085.6403,E1,N,N
01/27/2021,15:00,10667.5,1516.36,3840.97,998.547,12825.0996,5796.7402,2949.76,1191.36,39786.3368,E2,N,N
01/27/2021,15:00,11006.0996,1556.91,3703.1799,938.352,12372.0996,5476.27,2826.97,1272.11,39151.9911,E3,N,N
01/27/2021,15:00,10983.6582,1530.9558,3748.1228,956.0701,12631.8125,5704.8501,2931.2483,1231.7308,39718.4486,M,N,N
01/27/2021,16:00,10970.2646,1590.8892,3747.8577,962.1113,13548.1826,6074.0132,2991.2136,1329.7866,41214.3188,A3,N,N
01/27/2021,16:00,11000.0908,1577.1312,3769.5667,920.6826,13304.1113,6143.105,3042.0303,1341.0383,41097.7562,A6,N,N
01/27/2021,16:00,11230.5,1497.23,3689.23,855.935,12178.7002,5687.1699,2977.6399,1225.77,39342.175,E,Y,N
01/27/2021,16:00,10705.5,1485.58,3816.6699,893.909,12141,5635.3901,2879.47,1134.6899,38692.2089,E1,N,N
01/27/2021,16:00,10519.2002,1525.1899,3834.77,981.27,12751.2998,5748.7202,2955.3601,1211.15,39526.9602,E2,N,N
01/27/2021,16:00,10689.2002,1541.77,3650.22,868.44,12317.5,5491.5,2829.6499,1254.05,38642.3301,E3,N,N
01/27/2021,16:00,10819.1953,1525.6061,3739.1208,908.4138,12523.0225,5695.5229,2924.498,1230.802,39366.1814,M,N,N
01/27/2021,17:00,10914.1709,1617.9973,3757.7314,998.4827,13692.5869,6165.8403,2935.9724,1336.3311,41419.113,A3,N,N
01/27/2021,17:00,10911.4902,1608.6838,3779.1599,1021.5472,13398.0752,6225.1221,2971.1675,1332.0243,41247.2702,A6,N,N
01/27/2021,17:00,11180,1566.6,3723.05,883.778,12471.5,5800.71,2974.3,1280.36,39880.298,E,Y,N
01/27/2021,17:00,10592.7998,1542.26,3800.95,917.31,12507.0996,5693.6401,2874.71,1146.1,39074.8695,E1,N,N
01/27/2021,17:00,10482.2002,1548.03,3838.4399,967.406,12985.5996,5841.5698,2916.53,1241.74,39821.5155,E2,N,N
01/27/2021,17:00,10980.2002,1601.62,3659.1899,984.258,12599.7998,5867.29,2771.9299,1297.42,39761.7078,E3,N,N
01/27/2021,17:00,10848.9717,1574.0947,3750.0054,948.3347,12789.1865,5859.8271,2892.0251,1265.1838,39927.629,M,N,N
01/27/2021,18:00,10944.498,1700.3284,3777.1504,1011.3432,14180.3945,6340.8799,2890.9626,1361.6062,42207.1632,A3,N,N
01/27/2021,18:00,10985.3867,1644.2281,3787.2925,1012.7845,13700.959,6362.9536,2882.6382,1355.6395,41731.8821,A6,N,N
01/27/2021,18:00,11098.2998,1608.61,3771.27,908.007,13348.5,6121.27,2955.6201,1361.67,41173.2469,E,Y,N
01/27/2021,18:00,10631,1671.24,3811.1899,919.115,13246.7002,6057.6699,2905.9299,1263.59,40506.4349,E1,N,N
01/27/2021,18:00,10564.7998,1638.02,3864.76,989.683,13564,6092.8799,2929.04,1330.87,40974.0527,E2,N,N
01/27/2021,18:00,10905.7998,1710.76,3648.8701,980.121,13388.5996,6018.75,2795.0701,1389.41,40837.3806,E3,N,N
01/27/2021,18:00,10839.1621,1660.7935,3769.7676,960.76,13503.6621,6108.0439,2894.5442,1348.6371,41085.3705,M,N,N
01/27/2021,19:00,11356.5508,1812.1692,3863.0715,1077.8075,15054.3027,6740.3545,3003.9111,1455.142,44363.3093,A3,N,N
01/27/2021,19:00,11319.2793,1773.3673,3878.5767,1064.8497,14639.3525,6774.6235,2951.04,1447.6299,43848.7189,A6,N,N
01/27/2021,19:00,11504.2998,1750.7,3866.1201,983.357,14378.5,6627.6499,3072.4099,1492.89,43675.9267,E,Y,N
01/27/2021,19:00,10999.0996,1755.96,3943.6699,991.327,14112.2998,6535.6099,3107.26,1369.8199,42815.0461,E1,N,N
01/27/2021,19:00,10921.7002,1743.3,3955.72,1018.43,14339.2002,6565.3398,3094.03,1378.21,43015.9302,E2,N,N
01/27/2021,19:00,11213.4004,1880.08,3759.25,1079.35,14199.9004,6429.27,3029.8799,1522.14,43113.2707,E3,N,N
01/27/2021,19:00,11204.3066,1789.5361,3871.1152,1028.926,14375.2266,6565.0605,3062.9763,1451.4303,43348.5776,M,N,N
01/27/2021,20:00,11401.4873,1836.8269,3871,1085.5778,14974.5713,6845.9321,3064.3396,1513.2083,44592.9433,A3,N,N
01/27/2021,20:00,11352.917,1807.4836,3865.793,1058.5487,14893.5908,6857.8423,2997.7542,1534.8643,44368.7939,A6,N,N
01/27/2021,20:00,11534.2998,1817.96,3844.0601,997.268,14712.5,6778.3101,3112.1499,1569.83,44366.3779,E,Y,N
01/27/2021,20:00,10970.2002,1763.77,3985.49,1003.63,14475.7002,6635.23,3170.96,1375.48,43380.4604,E1,N,N
01/27/2021,20:00,10939.5996,1756.17,4025.1299,1025.54,14486.2002,6642.04,3195.6201,1366.0601,43436.3599,E2,N,N
01/27/2021,20:00,11335.2002,1857.62,3748,1048.4,14462.5,6669.0498,3010.99,1599.54,43731.3,E3,N,N
01/27/2021,20:00,11248.7354,1808.0122,3886.3589,1028.953,14596.584,6707.4951,3109.1025,1494.9436,43880.1847,M,N,N
01/27/2021,21:00,11278.7959,1867.8578,3865.0493,1085.6448,14868.084,6805.1689,3018.4336,1535.8611,44324.8954,A3,N,N
01/27/2021,21:00,11291.7949,1874.5297,3838.5278,1054.9534,14973.5996,6752.1104,2933.3591,1556.2594,44275.1343,A6,N,N
01/27/2021,21:00,11361.2002,1857.91,3777.22,994.816,14573.5,6769.3101,3048.02,1626.3,44008.2763,E,Y,N
01/27/2021,21:00,10924.7998,1784.23,4041.6799,1022.49,14441.0996,6637.8901,3188.51,1378.01,43418.7094,E1,N,N
01/27/2021,21:00,10887.2998,1769.99,4096.1699,1023.16,14450.5,6705.3501,3242.95,1362.1899,43537.6097,E2,N,N
01/27/2021,21:00,11185.2002,1909.89,3643.0601,1033.8101,14554.7998,6746.9702,3019.1699,1582.0601,43674.9604,E3,N,N
01/27/2021,21:00,11133.874,1840.9585,3867.4536,1026.4634,14558.3486,6735.79,3103.4028,1506.8713,43773.1622,M,N,N
01/27/2021,22:00,11059.7451,1846.9481,3900.1123,1069.3059,14565.333,6673.0781,2967.9341,1518.2573,43600.7139,A3,N,N
01/27/2021,22:00,11112.291,1855.4636,3866.2371,1023.1116,14795.1982,6819.5107,2860.0942,1530.0548,43861.9612,A6,N,N
01/27/2021,22:00,11070.7002,1846.9,3777.1201,979.531,14396.7002,6636.2402,2988.8501,1569.73,43265.7718,E,Y,N
01/27/2021,22:00,10582.7002,1752.37,4035.8201,996.807,14207.0996,6521.2998,3144.23,1352.3101,42592.6368,E1,N,N
01/27/2021,22:00,10556.5996,1720.2,4069.8501,999.441,14230.7998,6673.48,3246.8,1359.11,42856.2805,E2,N,N
01/27/2021,22:00,10894.9004,1883.42,3718.25,1013.92,14365.5,6586.77,2959,1570.73,42992.4904,E3,N,N
01/27/2021,22:00,10835.8555,1812.5447,3883.2966,1006.4871,14344.8047,6623.4199,3062.6831,1483.7134,43052.805,M,N,N
01/27/2021,23:00,10670.5205,1798.3823,3906.4468,1031.4821,13867.6484,6405.6953,2838.1289,1465.9128,41984.2171,A3,N,N
01/27/2021,23:00,10813.4004,1772.2031,3903.8301,977.9468,14039.5098,6604.9878,2712.5054,1363.2542,42187.6376,A6,N,N
01/27/2021,23:00,10634.7002,1780.48,3788.3,960.677,13928.7998,6358.0601,2861.1699,1502.28,41814.467,E,Y,N
01/27/2021,23:00,10455.7002,1725.5,4022.76,991.463,14067,6418.8701,3048.49,1332.8199,42062.6032,E1,N,N
01/27/2021,23:00,10274.7998,1669.37,4028.1299,990.517,13736.5,6497.2598,3159.8701,1348.36,41704.8066,E2,N,N
01/27/2021,23:00,10492.5,1904.5699,3842.3701,994.219,13840.7002,6365.1699,2854.76,1544.3101,41838.5992,E3,N,N
01/27/2021,23:00,10491.2773,1779.0902,3905.8508,989.2214,13868.3311,6408.1934,2954.7773,1448.5791,41845.3206,M,N,N
01/27/2021,24:00,10301.3174,1722.0802,3899.4707,1001.416,13263.0518,6132.2349,2711.0942,1427.7323,40458.3975,A3,N,N
01/27/2021,24:00,10322.7793,1652.9456,3909.6704,942.5118,13428.251,6404.3457,2585.6494,1301.8759,40548.0291,A6,N,N
01/27/2021,24:00,10202.2998,1680.15,3806.6699,960.535,13478.7002,6050.3301,2736.5801,1487.26,40402.5251,E,Y,N
01/27/2021,24:00,10328.5996,1698.6,4009.72,986.128,13927,6316.4102,2952.78,1313.3199,41532.5577,E1,N,N
01/27/2021,24:00,9804.7402,1627.35,4002.3701,969.847,13273.5,6156.2798,2865.6399,1304.76,40004.487,E2,N,N
01/27/2021,24:00,10034.9004,1753.91,3824.51,971.149,13376.7998,6092.73,2715.9299,1474.78,40244.7091,E3,N,N
01/27/2021,24:00,10089.2246,1692.9376,3897.0361,973.8257,13431.0068,6130.9155,2787.5217,1409.3315,40411.7995,M,N,N
01/28/2021,1:00,10017.8379,1635.7524,3934.1353,1012.0434,13106.9287,6067.3418,2636.6453,1448.5125,39859.1973,A3,N,N
01/28/2021,1:00,10117.4092,1549.5869,3959.1443,937.6229,13440.9121,6406.3828,2510.1333,1288.3782,40209.5697,A6,N,N
01/28/2021,1:00,9949.8301,1590.96,3972.99,964.946,13071.2998,5839.1899,2661.4099,1352.78,39403.4057,E,N,N
01/28/2021,1:00,10022.4004,1647.4301,3957.6799,981.861,13681.0996,6163.27,2796.5801,1297.62,40547.9411,E1,N,N
01/28/2021,1:00,9552.9102,1599.9301,3986.3899,974.704,12967.7002,6029.6401,2698.04,1275.3199,39084.6344,E2,Y,N
01/28/2021,1:00,9580.6299,1592.85,3932.5701,956.757,13179.9004,5868.52,2619.1001,1328.28,39058.6075,E3,N,N
01/28/2021,1:00,9775.8721,1606.3329,3959.4644,973.3398,13153.2285,5963.1641,2673.7905,1332.3616,39437.5539,M,N,N
01/28/2021,2:00,9942.0332,1613.4238,3925.7837,1005.8902,12949.918,6022.665,2570.0857,1456.6868,39486.4864,A3,N,N
01/28/2021,2:00,10163.9404,1514.3082,3932.1877,923.2757,13276.6113,6362.7402,2427.6226,1298.9281,39899.6142,A6,N,N
01/28/2021,2:00,9798.1602,1570.0699,3940.9199,982.404,12967,5829.4102,2604.0601,1360.77,39052.7943,E,N,N
01/28/2021,2:00,9793,1624.35,3887.8799,995.626,13648,6120.98,2739.4199,1335.04,40144.2958,E1,N,N
01/28/2021,2:00,9409.8896,1569.99,3987.9199,984.805,12869.9004,6010.9302,2656.9099,1253.9,38744.245,E2,Y,N
01/28/2021,2:00,9441.2803,1567.5699,3929.3301,962.794,13148.5996,5861.25,2577.1299,1350.28,38838.2338,E3,N,N
01/28/2021,2:00,9629.2119,1581.6292,3941.2505,982.6902,13071.1152,5943.353,2623.2131,1340.2034,39112.6665,M,N,N
01/28/2021,3:00,9955.7676,1620.3337,3929.3389,1006.3998,12900.4736,6096.8096,2573.342,1475.8529,39558.3181,A3,N,N
01/28/2021,3:00,10220.4102,1503.1454,3936.9014,917.7695,13175.9883,6491.8452,2438.1897,1318.524,40002.7737,A6,N,N
01/28/2021,3:00,9749.4697,1585.24,3912.73,1009.8,12953,5923.7402,2589.96,1434.27,39158.2099,E,N,N
01/28/2021,3:00,9350.4902,1606.97,3985.97,1000.24,13319.2002,5989.9102,2657.51,1343.36,39253.6506,E1,N,N
01/28/2021,3:00,9478.1504,1604.79,4011.1899,1011.74,12862.5996,6100.3301,2663.53,1286.85,39019.18,E2,Y,N
01/28/2021,3:00,9388.1299,1590.9301,3885.3701,945.7,13059.2002,6040.23,2594.6499,1402.54,38906.7502,E3,N,N
01/28/2021,3:00,9567.2197,1598.653,3941.7361,992.64,12996.1592,6026.915,2615.8916,1383.3167,39122.5313,M,N,N
01/28/2021,4:00,10146.7646,1668.0365,3927.5776,1022.8137,13263.1855,6239.0425,2623.3254,1506.2286,40396.9744,A3,N,N
01/28/2021,4:00,10452.0273,1553.0754,3912.832,934.8739,13404.9658,6592.5884,2511.8162,1403.0367,40765.2157,A6,N,N
01/28/2021,4:00,9838.7803,1645.35,3878.1201,1030.99,13189.7002,6084.21,2608.8501,1457.61,39733.6107,E,N,N
01/28/2021,4:00,9768.5703,1666.37,3963.79,1022.41,13483.2002,6057.3398,2775.05,1353.02,40089.7503,E1,N,N
01/28/2021,4:00,9571.0703,1625.49,4038.1499,1022.78,13088.7002,6155.5898,2717.8101,1262.25,39481.8403,E2,Y,N
01/28/2021,4:00,9553.0801,1667.5,3935.9099,990.708,13442.9004,6279.8198,2653.23,1442.03,39965.1782,E3,N,N
01/28/2021,4:00,9730.1494,1651.3857,3949.4661,1016.7725,13273.623,6166.9531,2669.7695,1397.8787,39855.998,M,N,N
01/28/2021,5:00,10478.0996,1738.0383,3912.1963,1070.7788,13921.8291,6561.3105,2717.3108,1564.6173,41964.1807,A3,N,N
01/28/2021,5:00,10811.0254,1598.8698,3877.8875,998.1164,13769.1973,6872.7222,2606.5659,1521.8937,42056.2782,A6,N,N
01/28/2021,5:00,10141,1718.87,3829.04,1073.58,13689.2998,6418.4102,2686.49,1513.52,41070.21,E,N,N
01/28/2021,5:00,10031.2002,1735.58,4003.47,1041.45,14158,6300.7202,2769.5,1406.6899,41446.6103,E1,N,N
01/28/2021,5:00,9943.4004,1694.65,3980.4199,1074.5,13603.7002,6483.3501,2850.73,1351.58,40982.3306,E2,Y,N
01/28/2021,5:00,9840.3096,1760.5601,3929.1899,1075.75,13941.4004,6569.9199,2715.73,1528.2,41361.0599,E3,N,N
01/28/2021,5:00,10044.8398,1727.7223,3924.1206,1069.9861,13818.5781,6475.6738,2749.0889,1469.7383,41279.7479,M,N,N
01/28/2021,6:00,11049.5391,1891.7325,3927.9219,1140.0583,14989.7686,7120.6367,2894.584,1659.5082,44673.7493,A3,N,N
01/28/2021,6:00,11368.0029,1736.3789,3888.6418,1080.6952,14869.4512,7430.7104,2775.1082,1643.9491,44792.9377,A6,N,N
01/28/2021,6:00,10718.2002,1869.97,3892.1299,1122.09,14643.5,6989.96,2880.47,1640.8,43757.1201,E,N,N
01/28/2021,6:00,10547.7998,1858,4034.29,1114.22,15051.2002,6904.0898,2949.6699,1470.92,43930.1897,E1,N,N
01/28/2021,6:00,10649.0996,1815.9399,4018.77,1131.83,14763.9004,7166.6001,2956.9299,1425.51,43928.5799,E2,Y,N
01/28/2021,6:00,10456.7002,1864.67,3954.6399,1149.54,14891.5,7017.27,2936.3701,1644.12,43914.8102,E3,N,N
01/28/2021,6:00,10655.667,1856.3616,3961.6614,1132.6498,14829.8457,7046.5483,2923.9741,1568.9111,43975.619,M,N,N
01/28/2021,7:00,12108.5957,2096.8252,3996.3501,1233.7477,16709.6582,7929.1626,3192.4729,1776.0358,49042.8482,A3,N,N
01/28/2021,7:00,12190.6895,1933.0211,3960.2012,1184.6971,16468.1484,8167.9438,3025.5535,1763.5806,48693.8352,A6,N,N
01/28/2021,7:00,11484.7998,2024.33,4022.6001,1166.39,15794.7002,7695.1699,3121.1101,1704.35,47013.4501,E,N,N
01/28/2021,7:00,11429.7002,2028.88,4084.1899,1205.3199,16627.5,7710.52,3359.3,1555.51,48000.92,E1,N,N
01/28/2021,7:00,11764.2002,2039.66,4119.79,1212.01,16276.2002,8111.2798,3455.8201,1530.4399,48509.4002,E2,Y,N
01/28/2021,7:00,11345.2002,2048.4399,4031.6101,1232.48,16691.4004,7741.4199,3281.8701,1696.67,48069.0906,E3,N,N
01/28/2021,7:00,11590.8369,2043.8207,4053.5676,1207.6035,16357.7207,7841.9277,3283.6716,1649.3082,48028.4569,M,N,N
01/28/2021,8:00,12536.0068,2187.6218,4038.7493,1266.3309,17661.7715,8336.4756,3343.76,1845.965,51216.6809,A3,N,N
01/28/2021,8:00,12716.54,2009.3837,4018.8003,1226.2827,17430.8613,8663.0576,3187.4207,1835.0237,51087.37,A6,N,N
01/28/2021,8:00,11928.2998,2086.5801,4049.9299,1180.95,16479.8008,8139.54,3261.8899,1754.78,48881.7705,E,N,N
01/28/2021,8:00,11874.4004,2047.35,4080.8601,1203.59,17028.5996,7921.6299,3413.1299,1661.6,49231.1599,E1,N,N
01/28/2021,8:00,12035,2079.1499,4123.29,1242.88,17008,8325.7998,3609.8799,1638.95,50062.9496,E2,Y,N
01/28/2021,8:00,11785.7002,2129.46,4034.6599,1265.97,17291.6992,8193.0801,3326.3401,1694.64,49721.5495,E3,N,N
01/28/2021,8:00,11988.5508,2103.1689,4066.9214,1231.1902,17031.1719,8196.8672,3394.1387,1710.5382,49722.5473,M,N,N
01/28/2021,9:00,12416.7607,2219.1189,3993.2683,1262.5424,17534.9688,8412.6953,3296.9719,1809.1481,50945.4744,A3,N,N
01/28/2021,9:00,12812.3926,2021.3705,3992.6301,1247.2722,17389.2578,8869.8613,3227.6475,1811.7329,51372.1649,A6,N,N
01/28/2021,9:00,12077.2002,2070.51,3892.9399,1170.78,16466.3008,8039.0698,3219.7,1741.0601,48677.5608,E,N,N
01/28/2021,9:00,11767.5996,2020.98,4044.6399,1172.66,16443.4004,7792.8198,3310.77,1594.38,48147.2497,E1,N,N
01/28/2021,9:00,11833.5996,2002.84,4074.9299,1218.21,16412.9004,8101.6802,3531.3799,1590.5601,48766.1001,E2,Y,N
01/28/2021,9:00,11709.0996,2049.05,3965.24,1240.5601,16319.9004,8114.8799,3207.52,1723.1899,48329.4399,E3,N,N
01/28/2021,9:00,11928.0195,2060.6123,3988.0161,1211.7878,16547.0703,8089.5967,3315.6177,1689.1434,48829.8638,M,N,N
01/28/2021,10:00,12349.0928,2208.6091,3956.4419,1267.8082,17013.541,8137.8672,3262.0269,1721.7899,49917.177,A3,N,N
01/28/2021,10:00,12711.7373,2003.7161,3958.9966,1275.8032,17134.8027,8714.0859,3210.3477,1735.6904,50745.1799,A6,N,N
01/28/2021,10:00,12047,1973.79,3932.27,1148.3101,15878.4004,7639.7002,3118.52,1645.04,47383.0307,E,N,N
01/28/2021,10:00,11797.7998,1968.8199,3965.21,1169.12,15838.2002,7545.7798,3249.46,1485.62,47020.0097,E1,N,N
01/28/2021,10:00,11733.2002,1909.41,4081.53,1186.65,15680.7002,7521.77,3306.3301,1423.78,46843.3705,E2,Y,N
01/28/2021,10:00,11674.4004,1949.85,3939.01,1238.96,15779.7002,7599.54,3141.8301,1602.3199,46925.6106,E3,N,N
01/28/2021,10:00,11882.0117,1980.4412,3978.4089,1198.0961,15941.168,7650.708,3205.606,1568.7113,47405.1512,M,N,N
01/28/2021,11:00,12256.1035,2161.7651,3921.6677,1247.1707,16506.9531,7825.3745,3175.4697,1620.0977,48714.602,A3,N,N
01/28/2021,11:00,12480.6807,1973.9944,3942.5229,1255.6477,16678.1348,8446.5342,3136.2634,1639.2024,49552.9805,A6,N,N
01/28/2021,11:00,11925.2998,1866.78,3894.3601,1103.89,15328.4004,7216.4902,2974.1399,1541.36,45850.7204,E,N,N
01/28/2021,11:00,11671.7002,1890.3,3991,1143.87,15200.7002,7221.0801,3179.3301,1410.77,45708.7506,E1,N,N
01/28/2021,11:00,11571,1825.28,3983.2,1145.6,14934.5996,7122.6899,3206.1499,1343.2,45131.7194,E2,Y,N
01/28/2021,11:00,11535.5,1886.84,3906.0601,1204.26,15123.5,7249.8999,3039.48,1533.78,45479.32,E3,N,N
01/28/2021,11:00,11748.9258,1901.2332,3934.9883,1162.3176,15310.082,7278.0771,3099.2925,1483.4434,45918.3599,M,N,N
01/28/2021,12:00,12116.7246,2107.5559,3887.4888,1196.5314,15900.2529,7448.0239,3103.3091,1544.3077,47304.1943,A3,N,N
01/28/2021,12:00,12263.248,1931.5648,3902.4417,1210.2686,16023.1865,7863.334,2995.8547,1586.177,47776.0753,A6,N,N
01/28/2021,12:00,11780.7998,1757.88,3833.78,1059.02,14683,6768.0601,2834.51,1455.5699,44172.6198,E,N,N
01/28/2021,12:00,11405.2002,1799.3199,3975.3201,1108.3199,14472.2998,6792.5698,3074.6299,1361.0699,43988.7295,E1,N,N
01/28/2021,12:00,11345.4004,1743.74,3927.3501,1103.74,14305.4004,6738.04,3050.6201,1316.48,43530.771,E2,Y,N
01/28/2021,12:00,11271.2002,1772.35,3833.52,1135.35,14234.7002,6788.5801,2928.2,1502.24,43466.1405,E3,N,N
01/28/2021,12:00,11539.5908,1806.8519,3881.5137,1112.6339,14602.3447,6853.7446,2975.575,1431.7446,44203.9992,M,N,N
01/28/2021,13:00,11826.3115,2034.8105,3836.176,1126.74,15384.1572,7136.9375,3061.0659,1461.3811,45867.5797,A3,N,N
01/28/2021,13:00,11834.5693,1885.5134,3851.0125,1153.0963,15410.7061,7502.3047,2988.7449,1520.1129,46146.0601,A6,N,N
01/28/2021,13:00,11459.9004,1652.62,3773.6899,998.604,13897.2998,6531.2402,2807.8601,1442.33,42563.5444,E,N,N
01/28/2021,13:00,11181.5996,1712.55,3929.74,1065.09,13564.2002,6489.8198,2932.1599,1286.17,42161.3295,E1,N,N
01/28/2021,13:00,11144.7002,1659.3,3898.5,1048.38,13766.4004,6412.8799,3037.99,1253.73,42221.8805,E2,Y,N
01/28/2021,13:00,11025.7998,1732.46,3784.8999,1057.0699,13485.0996,6460.1401,2811.23,1426.78,41783.4793,E3,N,N
01/28/2021,13:00,11283.5889,1729.5151,3835.0122,1049.9922,13905.7441,6554.4102,2913.4233,1374.1538,42645.8398,M,N,N
01/28/2021,14:00,11619.1846,1929.5708,3797.9678,1081.067,14707.3691,6847.9741,3049.0688,1382.7667,44414.9689,A3,N,N
01/28/2021,14:00,11798.3281,1835.0507,3822.3398,1129.1289,14510.792,7131.0518,3032.6548,1441.2438,44700.5899,A6,N,N
01/28/2021,14:00,11235.2998,1583.25,3754.5701,965.78,13116.2998,6246.3501,2789.1499,1374.1801,41064.8798,E,N,N
01/28/2021,14:00,11074.7002,1644.8,3871.74,1027.4399,12823.0996,6132.6401,2849.22,1219.1899,40642.8297,E1,N,N
01/28/2021,14:00,10954.2998,1599.21,3845.02,1035.3,13267,6270.6602,2947.4399,1239.9,41158.8299,E2,Y,N
01/28/2021,14:00,10749.4004,1655.28,3778.9299,1030.6,12744,6167.3301,2780.96,1312.5699,40219.0703,E3,N,N
01/28/2021,14:00,11071.4863,1656.2314,3803.3433,1021.4834,13223.1338,6293.6616,2866.6736,1306.9071,41242.9205,M,N,N
01/28/2021,15:00,11372.5439,1817.4644,3765.4507,1011.5019,14278.5645,6627.7822,3022.8835,1335.2336,43231.4247,A3,N,N
01/28/2021,15:00,11481.4229,1780.8693,3784.0813,1047.0164,13866.2666,6731.2822,3035.8018,1407.1827,43133.9232,A6,N,N
01/28/2021,15:00,11060.2998,1552.01,3767.1201,906.373,12649.5,6002.7202,2746.28,1283.98,39968.2831,E,N,N
01/28/2021,15:00,10936.5996,1591.75,3877.4199,965.405,12270.5,6058.0898,2761.25,1217.88,39678.8943,E1,N,N
01/28/2021,15:00,10872.7998,1582.39,3873.1001,1001.68,12905.2998,6083.7798,2895.5,1211.85,40426.3995,E2,Y,N
01/28/2021,15:00,10711.5996,1601.5601,3778.55,944.103,12321.5996,5837.6802,2733.26,1345.52,39273.8725,E3,N,N
01/28/2021,15:00,10949.8184,1610.1418,3810.0515,960.1523,12787.7324,6066.7788,2816.7766,1279.4767,40280.9285,M,N,N
01/28/2021,16:00,11184.6563,1750.7915,3746.7876,945.7396,13905.5762,6509.127,2976.3213,1326.3418,42345.3413,A3,N,N
01/28/2021,16:00,11157.3984,1742.9818,3766.3396,946.0389,13317.7451,6476.6265,3006.6855,1372.9417,41786.7575,A6,N,N
01/28/2021,16:00,11015.7998,1530.86,3788.29,862.194,12425.5996,5927.0698,2698.9299,1286.39,39535.1331,E,N,N
01/28/2021,16:00,10878.2998,1557.73,3854.6001,918.179,12110.0996,5957.6802,2798.54,1212.42,39287.5487,E1,N,N
01/28/2021,16:00,10689.2998,1548.47,3926.3401,968.467,12688.2002,5973.77,2896.47,1216,39907.0171,E2,Y,N
01/28/2021,16:00,10410.2002,1560.87,3732.28,868.041,11864.5996,5765.75,2750.3,1322.77,38274.8108,E3,N,N
01/28/2021,16:00,10786.6943,1573.6152,3811.9009,907.6653,12496.5586,5974.998,2808.2827,1273.6353,39633.3503,M,N,N
01/28/2021,17:00,11159.6592,1747.0112,3754.0352,976.6948,13936.0635,6548.4004,2919.9734,1319.1946,42361.0323,A3,N,N
01/28/2021,17:00,11060.3594,1765.0967,3774.0723,1041.3469,13406.6045,6538.1177,2933.4009,1345.9583,41864.9567,A6,N,N
01/28/2021,17:00,11102.5,1592.92,3818.1499,902.364,12615.5996,6041.4102,2695.3601,1325.67,40093.9738,E,N,N
01/28/2021,17:00,10848.4004,1610.65,3789.6201,964.632,12545.7002,6109.3398,2806.3501,1256.3101,39931.0027,E1,N,N
01/28/2021,17:00,10667.0996,1578.78,3883.9199,969.332,12827.5996,6095.3398,2863.05,1240.83,40125.9509,E2,Y,N
01/28/2021,17:00,10701.5996,1646.26,3782.8701,945.043,11986.9004,6262,2749.0601,1355.17,39428.9032,E3,N,N
01/28/2021,17:00,10868.8086,1624.1978,3814.1919,946.8506,12667.7441,6181.9053,2792.6577,1302.3556,40198.7116,M,N,N
01/28/2021,18:00,11320.6602,1802.4869,3772.1953,978.229,14415.4844,6700.2651,2886.3115,1329.7711,43205.4035,A3,N,N
01/28/2021,18:00,11173.3301,1817.5486,3780.9934,1024.6483,13708.2666,6631.9082,2852.3086,1357.0411,42346.0449,A6,N,N
01/28/2021,18:00,11173.4004,1631.95,3864.8899,919.691,13278.7998,6364.5098,2699.96,1378.51,41311.7109,E,N,N
01/28/2021,18:00,11019.9004,1705.1801,3855.05,981.11,13225.7998,6331.96,2913.0801,1310.47,41342.5504,E1,N,N
01/28/2021,18:00,10874.7002,1662.67,3891.05,964.397,13380.5,6433.0498,2928.96,1297.76,41433.087,E2,Y,N
01/28/2021,18:00,10777.4004,1743.3199,3751.0701,978.682,13009.2998,6393.2998,2722.3999,1440.73,40816.2019,E3,N,N
01/28/2021,18:00,10998.9453,1697.9434,3830.1582,960.6099,13372.3115,6426.7432,2812.7539,1359.28,41458.7454,M,N,N
01/28/2021,19:00,11754.4834,1898.9879,3852.8606,1029.5057,14976.3662,7090.7773,3023.0134,1406.1306,45032.1251,A3,N,N
01/28/2021,19:00,11571.4102,1934.9801,3868.3694,1066.0193,14399.502,6961.2886,2939.5815,1432.4692,44173.6203,A6,N,N
01/28/2021,19:00,11542.2002,1758.1801,4006.4099,958.272,13758.4004,6793.9199,2857.97,1495.17,43170.5225,E,N,N
01/28/2021,19:00,11371,1806.21,3918.54,991.105,13723.4004,6848.4702,3079.28,1367.01,43105.0156,E1,N,N
01/28/2021,19:00,11319.7998,1781.49,4003.0601,1019.21,14186.4004,6857.8999,3153.3999,1342.78,43664.0401,E2,Y,N
01/28/2021,19:00,11134.2998,1895.12,3831.8401,1018.8,13627.2002,6890.6602,2945.01,1460.58,42803.5103,E3,N,N
01/28/2021,19:00,11389.7607,1821.8473,3931.7524,1001.6469,13980.4717,6878.0259,3001.8816,1421.2751,43426.6616,M,N,N
01/28/2021,20:00,11829.8887,1912.981,3852.7026,1034.3362,14976.1953,7181.7466,3106.3552,1448.9226,45343.1282,A3,N,N
01/28/2021,20:00,11722.1504,1982.0599,3849.4546,1059.8281,14678.0898,6975.0796,3005.6094,1501.7836,44774.0554,A6,N,N
01/28/2021,20:00,11660.5,1821.0601,4006.1201,960.225,13857.5,6887.7598,2909.53,1548.52,43651.215,E,N,N
01/28/2021,20:00,11396.0996,1825.75,3991.54,1003.17,14181.7998,6948.9702,3161.0801,1391.8199,43900.2296,E1,N,N
01/28/2021,20:00,11268.2002,1787.05,4030.9199,1021.79,14225.4004,6923.3701,3209.3,1380.77,43846.8006,E2,Y,N
01/28/2021,20:00,11401.7002,1895.79,3819.75,1007.18,14065.2998,7051.3198,3055.97,1550.79,43847.7998,E3,N,N
01/28/2021,20:00,11485.8486,1843.3164,3944.728,1001.987,14181.7998,6981.9521,3077.1294,1475.1128,43991.8741,M,N,N
01/28/2021,21:00,11728.6084,1925.5692,3841.1509,1031.8292,14697.2227,7091.6431,3073.554,1462.6276,44852.2051,A3,N,N
01/28/2021,21:00,11659.8301,2008.9843,3816.7957,1052.8112,14563.5508,6959.481,2956.4387,1514.8405,44532.7323,A6,N,N
01/28/2021,21:00,11546.7998,1854.1801,3926.5901,946.53,13741.0996,6861.1299,2887.3601,1568,43331.6896,E,N,N
01/28/2021,21:00,11361,1844.87,4097.9502,1024,14255.4004,6940.02,3212.0801,1383.8,44119.1207,E1,N,N
01/28/2021,21:00,11206.9004,1796.8101,4091.1699,1028.4,14160.2002,6917.6802,3263.45,1374.63,43839.2408,E2,Y,N
01/28/2021,21:00,11348.2002,1940.65,3846.6299,1002.56,13958.5996,7030.4399,3059.4399,1582.4301,43768.9496,E3,N,N
01/28/2021,21:00,11411.6758,1869.215,3958.4851,1001.3512,14084.0527,6956.27,3088.2666,1487.0685,43856.3849,M,N,N
01/28/2021,22:00,11430.4941,1874.7367,3864.8198,1014.2289,14267.6553,6878.1006,3026.6326,1437.6842,43794.3522,A3,N,N
01/28/2021,22:00,11318.5225,1965.1909,3833.8665,1019.3139,14274.5684,6791.7627,2892.3286,1478.9124,43574.4659,A6,N,N
01/28/2021,22:00,11315.7998,1829.27,3879.2,934.501,13503,6629.9102,2839.24,1554.34,42485.261,E,N,N
01/28/2021,22:00,11017.2998,1786.47,4028.24,1010.02,13862,6706.5601,3145.47,1389.02,42945.0799,E1,N,N
01/28/2021,22:00,10910.0996,1740.46,4065.6699,1011.29,13773.5,6749.9199,3156.3799,1382.1899,42789.5092,E2,Y,N
01/28/2021,22:00,11072.2002,1897.8199,3775.8201,967.572,13574,6831.1602,2936.22,1561.88,42616.6724,E3,N,N
01/28/2021,22:00,11130.499,1824.5383,3916.8052,981.3719,13728.832,6750.8301,3004.4727,1477.9404,42815.2896,M,N,N
01/28/2021,23:00,11041.6973,1798.1074,3867.5459,971.4962,13528.79,6588.144,2884.4402,1373.6144,42053.8354,A3,N,N
01/28/2021,23:00,11048.8301,1869.8965,3862.8201,965.9111,13588.5137,6611.9644,2742.4727,1356.6216,42047.0302,A6,N,N
01/28/2021,23:00,10979.7998,1761.83,3855.26,911.328,12893.5,6344.6401,2735.8799,1466.26,40948.4978,E,N,N
01/28/2021,23:00,10810.7998,1745.98,4013.8601,982.519,13559.0996,6522.9102,3035.1001,1347.96,42018.2288,E1,N,N
01/28/2021,23:00,10593.7002,1682.63,4026.3101,960.242,13058,6498.4302,3006.27,1307.16,41132.7425,E2,Y,N
01/28/2021,23:00,10658.5996,1922.95,3832.3601,934.554,13119.7998,6531.6699,2854.8,1573.26,41427.9934,E3,N,N
01/28/2021,23:00,10789.5879,1784.8635,3913.6584,945.7829,13153.8115,6482.5669,2889.1799,1426.8667,41386.3177,M,N,N
01/28/2021,24:00,10568.6084,1691.6757,3853.2058,930.1065,12758.3184,6231.5469,2731.9722,1311.5144,40076.9483,A3,N,N
01/28/2021,24:00,10686.7109,1747.7994,3868.0354,915.1687,12857.0771,6225.8618,2600.6897,1249.3724,40150.7154,A6,N,N
01/28/2021,24:00,10555.7998,1659.54,3845.9199,897.674,12395.4004,5996.1602,2635.5701,1410.27,39396.3344,E,N,N
01/28/2021,24:00,10604.0996,1705.49,3999.48,955.008,13256.2002,6339.21,2924.75,1306.89,41091.1278,E1,N,N
01/28/2021,24:00,10102.4004,1610.97,3993.3,920.74,12417.9004,6073.8198,2784.29,1268.51,39171.9306,E2,Y,N
01/28/2021,24:00,10251.7002,1755.9,3810.51,907.128,12507.0996,6160.77,2675.3,1457.88,39526.2878,E3,N,N
01/28/2021,24:00,10374.0635,1681.2482,3894.0181,917.0248,12581.9141,6129.0322,2730.8801,1361.4656,39669.6466,M,N,N
01/29/2021,1:00,10229.6816,1605.3048,3816.531,922.3934,12425.3896,6044.1875,2624.3682,1298.27,38966.1261,A3,N,N
01/29/2021,1:00,10423.4629,1709.2053,3920.1267,904.0557,12692.9883,6199.3911,2508.7664,1191.343,39549.3394,A6,N,N
01/29/2021,1:00,10113.2998,1584.8199,4018.3701,874.651,12442.5996,5760.0698,2589.8401,1252.97,38636.6203,E,N,N
01/29/2021,1:00,10160.5,1622.0601,3980.73,889.65,12518.9004,5964.8301,2688.8701,1251.72,39077.2607,E1,N,N
01/29/2021,1:00,9841.5703,1557.9301,3965.6599,888.007,11959.2998,5804.9102,2619.54,1233.52,37870.4373,E2,Y,N
01/29/2021,1:00,9833.2998,1578.1899,3881.25,867.934,12211.7998,5792.0498,2552.54,1273.66,37990.7233,E3,N,N
01/29/2021,1:00,9995.8154,1583.6556,3940.9778,884.1534,12271.4619,5840.3848,2604.6348,1258.7863,38379.87,M,N,N
01/29/2021,2:00,10064.4893,1584.179,3811.1006,904.5662,12114.0469,5917.084,2525.2087,1283.069,38203.7437,A3,N,N
01/29/2021,2:00,10338.9727,1659.6472,3898.4648,880.7397,12388.6621,6042.1265,2413.6367,1188.59,38810.8397,A6,N,N
01/29/2021,2:00,9925.3301,1575.89,3994.97,873.551,12311.0996,5703.0098,2522.45,1260.71,38167.0105,E,N,N
01/29/2021,2:00,9827.4297,1577.34,4013.1399,851,12065.5,5746.4102,2566.77,1273.3101,37920.8999,E1,N,N
01/29/2021,2:00,9677.9102,1524.59,3939.8899,868.791,11772.0996,5688.5298,2525.5,1197.86,37195.1705,E2,Y,N
01/29/2021,2:00,9658.3701,1530.04,3826.1799,837.977,12148.5,5692.7402,2475.6799,1253.53,37423.0171,E3,N,N
01/29/2021,2:00,9801.8926,1552.8198,3918.29,864.5255,12080.3682,5729.0068,2517.4048,1247.5723,37711.88,M,N,N
01/29/2021,3:00,10020.7188,1576.6417,3831.3157,895.4405,11949.7568,5916.6709,2480.7041,1278.4432,37949.6917,A3,N,N
01/29/2021,3:00,10338.3369,1638.3466,3903.9224,862.5514,12214.3936,6052.2017,2358.4575,1179.2449,38547.455,A6,N,N
01/29/2021,3:00,9851.6699,1579.65,3977.3999,885.361,12218.2002,5733.2998,2489.76,1324.29,38059.6308,E,N,N
01/29/2021,3:00,9346.5596,1528.2,3974.5801,828.052,11564.9004,5517.6802,2443.1499,1301.3101,36504.4323,E1,N,N
01/29/2021,3:00,9608.8096,1533.79,3928.1799,863.049,11569.5,5556.0298,2451.1699,1221.58,36732.1082,E2,Y,N
01/29/2021,3:00,9677.5498,1565.92,3786.54,823.2,11900,5711.3799,2430.9399,1319.27,37214.7996,E3,N,N
01/29/2021,3:00,9705.417,1557.9452,3898.7668,858.3391,11861.2568,5679.4707,2458.4492,1288.7542,37308.399,M,N,N
01/29/2021,4:00,10108.9971,1614.5392,3848.3022,908.9896,12122.3965,5977.4834,2475.1582,1288.0221,38343.8883,A3,N,N
01/29/2021,4:00,10456.957,1671.3663,3877.6531,874.5972,12249.8057,6035.3447,2348.2776,1243.1182,38757.1198,A6,N,N
01/29/2021,4:00,9894.3096,1630.26,3937.49,903.931,12338.5996,5795.8999,2467.3201,1297.51,38265.3202,E,N,N
01/29/2021,4:00,9696.6699,1562.72,3954.9099,848.002,11632.2998,5568.3999,2437.0901,1254.5601,36954.6517,E1,N,N
01/29/2021,4:00,9631.0498,1536.67,3886.0801,882.177,11703.2998,5547.8301,2487.4399,1222.12,36896.6667,E2,Y,N
01/29/2021,4:00,9813.6504,1614.0601,3802.95,871.78,12151.7002,5819.3301,2438.95,1261.1899,37773.6107,E3,N,N
01/29/2021,4:00,9810.4609,1592.4049,3882.0315,884.0959,12017.7363,5734.0005,2462.4585,1263.0277,37646.2162,M,N,N
01/29/2021,5:00,10319.8887,1668.1389,3854.2944,948.9958,12493.6553,6235.5376,2507.3049,1330.2744,39358.09,A3,N,N
01/29/2021,5:00,10690.7012,1709.744,3840.8552,929.0082,12382.3506,6269.6411,2379.4536,1350.6465,39552.4004,A6,N,N
01/29/2021,5:00,10130.2998,1681,3880.1499,945.662,12668.5996,5997.3599,2501.8401,1334.39,39139.3013,E,N,N
01/29/2021,5:00,9893.4102,1643.15,3972.46,898.522,12178,5832.52,2473.05,1281.1801,38172.2923,E1,N,N
01/29/2021,5:00,9900.6904,1603.55,3942.03,941.456,11926.0996,5869.0698,2531.2,1200.51,37914.6058,E2,Y,N
01/29/2021,5:00,10010.2998,1725.6,3848.96,931.146,12472.2002,6131.3599,2495.55,1343.16,38958.2759,E3,N,N
01/29/2021,5:00,10036.9854,1666.4486,3896.1292,935.5057,12350.6816,6007.9546,2504.6919,1295.9468,38694.3438,M,N,N
01/29/2021,6:00,10860.2871,1798.446,3880.4121,1009.1597,13515.6475,6656.332,2635.614,1393.0748,41748.9732,A3,N,N
01/29/2021,6:00,11263.9238,1837.3556,3850.8364,995.4437,13425.8682,6620.999,2502.8079,1450.7903,41948.0249,A6,N,N
01/29/2021,6:00,10616,1806.09,3925.5901,993.319,13540.5996,6417.1001,2649.5601,1439.11,41387.3689,E,N,N
01/29/2021,6:00,10531.7002,1726.4,4021.51,975.017,12972.0996,6378.3398,2642.23,1370.71,40618.0066,E1,N,N
01/29/2021,6:00,10514.7998,1715.45,4001.3101,983.701,13085.0996,6326.0498,2690.76,1366.48,40683.6503,E2,Y,N
01/29/2021,6:00,10578.5996,1791.03,3901.3101,994.534,13430.9004,6545.9399,2597.9199,1458.66,41298.8939,E3,N,N
01/29/2021,6:00,10601.3477,1768.7483,3944.793,990.9106,13325.1172,6451.606,2644.2905,1411.5356,41138.3489,M,N,N
01/29/2021,7:00,11618.8896,1990.4923,3936.6006,1087.858,14738.5254,7350.3032,2851.2273,1470.5361,45044.4325,A3,N,N
01/29/2021,7:00,12063.9023,2016.5725,3920.5967,1088.3566,14624.9063,7213.5952,2684.4312,1541.1423,45153.5031,A6,N,N
01/29/2021,7:00,11273.9004,1938.4301,4025.1799,1042.86,14434.5,6905.9102,2890.6899,1501.5,44012.9705,E,N,N
01/29/2021,7:00,11239.2998,1886.73,4075.76,1040.65,14190.2998,7033.77,2931.6399,1460.46,43858.6095,E1,N,N
01/29/2021,7:00,11337.5,1896.87,4066.48,1062.39,14416.2002,7145.3198,3060.48,1440.14,44425.38,E2,Y,N
01/29/2021,7:00,11182.9004,1976.6801,3934.8101,1072.33,14770.2998,7001.3999,2866.3501,1486.6,44291.3704,E3,N,N
01/29/2021,7:00,11305.8496,1937.6478,4008.1626,1060.4585,14521.3535,7061.1665,2927.2383,1473.4346,44295.3114,M,N,N
01/29/2021,8:00,11888.0693,2070.3423,3990.1519,1112.9795,15459.0469,7689.6255,2974.0039,1511.4127,46695.632,A3,N,N
01/29/2021,8:00,12487.6523,2096.1914,3992.2163,1122.2341,15337.4941,7614.4165,2801.1985,1593.2665,47044.6697,A6,N,N
01/29/2021,8:00,11612.5996,1976.9399,4068.02,1063.38,14995.7002,7182.71,3017.78,1554.4301,45471.5598,E,N,N
01/29/2021,8:00,11551.7002,1926.27,4057.99,1064.77,14698.7998,7283.9502,3003.6201,1524.45,45111.5503,E1,N,N
01/29/2021,8:00,11879,1948.22,4090.6799,1083.1801,15109.9004,7425.8999,3214.1101,1435.26,46186.2504,E2,Y,N
01/29/2021,8:00,11660.7002,2053.6101,3954.29,1110.84,15466.7998,7471.5801,3077.24,1550.21,46345.2702,E3,N,N
01/29/2021,8:00,11718.0459,1994.269,4034.2651,1086.5687,15162.8311,7391.7446,3074.4856,1514.4578,45976.6678,M,N,N
01/29/2021,9:00,11889.583,2074.5803,3957.4299,1099.7028,15373.6699,7672.127,2906.7532,1486.6401,46460.4862,A3,N,N
01/29/2021,9:00,12455.5322,2089.4592,3983.1206,1130.9928,15330.2832,7710.6162,2765.1218,1561.9076,47027.0336,A6,N,N
01/29/2021,9:00,11749.0996,1947.34,3973.9299,1060.8199,15028.5,7077.6802,3000.8,1571.15,45409.3196,E,N,N
01/29/2021,9:00,11441,1851.53,4025.73,995.84,14307.0996,7082.27,2938.1399,1439.79,44081.3995,E1,N,N
01/29/2021,9:00,11659.4004,1857.59,4071.5901,1054.45,14721,7270.29,3058.6101,1525.85,45218.7806,E2,Y,N
01/29/2021,9:00,11666.0996,1981.88,3961.1201,1116.9399,14864.9004,7436.3901,2978.01,1532.36,45537.7001,E3,N,N
01/29/2021,9:00,11684.9727,1937.4662,3999.5549,1069.9954,14863.6973,7290.3896,2989.9666,1523.1438,45359.1865,M,N,N
01/29/2021,10:00,11809.3281,2042.3064,3923.9968,1094.7019,14813.2627,7397.4883,2921.2478,1429.5841,45431.9161,A3,N,N
01/29/2021,10:00,12293.5078,2043.4849,3968.7441,1142.4867,14892.124,7453.2607,2786.72,1488.942,46069.2702,A6,N,N
01/29/2021,10:00,11650,1815.9,3980.4299,1052.36,14308.9004,6738.77,2944.5901,1522.16,44013.1104,E,N,N
01/29/2021,10:00,11489.2002,1807.28,3944.98,1066.5601,13977.9004,6835.9902,2935.1101,1398.52,43455.541,E1,N,N
01/29/2021,10:00,11478.2998,1789.23,4021.0901,1056.89,14118.2002,6787.1802,2972.1001,1379.89,43602.8804,E2,Y,N
01/29/2021,10:00,11565.5,1878.83,3864.3799,1101.47,14349.2002,7072.0298,2922.3701,1486.12,44239.9,E3,N,N
01/29/2021,10:00,11585.7656,1852.1884,3950.0969,1072.8376,14292.9697,6928.6797,2941.8098,1450.5555,44074.9032,M,N,N
01/29/2021,11:00,11666.2627,1954.2617,3895.2654,1064.2692,14354.7549,7057.2642,2918.408,1370.519,44281.0051,A3,N,N
01/29/2021,11:00,11834.002,1988.2142,3963.4409,1134.8162,14153.0234,6962.9004,2819.7715,1401.1207,44257.2893,A6,N,N
01/29/2021,11:00,11530.5,1681.97,3955.01,1023.61,13807.2998,6495.77,2917.04,1475.55,42886.7498,E,N,N
01/29/2021,11:00,11407.7998,1728.53,3936.03,1006.47,13637.5,6612.8398,2936.1899,1375.3101,42640.6696,E1,N,N
01/29/2021,11:00,11333.0996,1696.66,3960.8601,1016,13646.7002,6563.1899,2964.21,1309.23,42489.9498,E2,Y,N
01/29/2021,11:00,11465.7998,1784.52,3835.3799,1082.17,13854.5,6705.2002,2920.8501,1462.92,43111.34,E3,N,N
01/29/2021,11:00,11466.6084,1751.1365,3916.7244,1039.2874,13826.1572,6649.8027,2932.3496,1405.1536,42987.2198,M,N,N
01/29/2021,12:00,11512.4717,1812.2852,3859.7693,1009.9603,13734.1055,6744.7925,2933.2512,1330.7555,42937.3912,A3,N,N
01/29/2021,12:00,11738.4336,1906.7631,3915.1438,1070.6912,13435.6396,6481.0063,2863.6824,1398.2067,42809.5667,A6,N,N
01/29/2021,12:00,11340.5996,1595.88,3893.8101,993.247,13419,6304.6802,2901.0701,1400.7,41848.987,E,N,N
01/29/2021,12:00,11197.2998,1661.28,3952.4399,994.44,13052.7002,6328.5498,2925.3101,1302.91,41414.9298,E1,N,N
01/29/2021,12:00,11115.9004,1616.47,3920.1201,997.892,12971.7002,6286.48,2910.1599,1264.46,41083.1826,E2,Y,N
01/29/2021,12:00,11146.2002,1669.25,3811.6799,1028.27,13063.9004,6381.5601,2890.0601,1449.28,41440.2007,E3,N,N
01/29/2021,12:00,11239.3965,1654.5957,3882.9287,1005.4023,13212,6377.3481,2907.6426,1357.8181,41637.132,M,N,N
01/29/2021,13:00,11288.9199,1732.2993,3792.3201,944.2397,13233.5186,6526.0205,2957.04,1290.7247,41765.0828,A3,N,N
01/29/2021,13:00,11383.9248,1842.239,3823.9236,1012.8775,13036.375,6405.4502,2905.8618,1344.1218,41754.7737,A6,N,N
01/29/2021,13:00,11192.2002,1529.35,3824.2,950.581,12978.7002,6176.3701,2911.97,1372.27,40935.6415,E,N,N
01/29/2021,13:00,10934.7998,1583.36,3879.6399,954.49,12635.4004,6095.04,2892.03,1267.51,40242.2701,E1,N,N
01/29/2021,13:00,10963.2998,1545.78,3853.96,966.291,12708.0996,5985.46,2920.52,1250.2,40193.6104,E2,Y,N
01/29/2021,13:00,10839,1664.11,3764.6499,982.208,12862.5,6163.7998,2866.6001,1381.61,40524.4778,E3,N,N
01/29/2021,13:00,11026.5898,1599.2673,3819.6973,962.1112,12870.9395,6159.04,2905.9063,1320.7993,40664.3507,M,N,N
01/29/2021,14:00,11155.1982,1671.2528,3764.5188,921.8433,12840.1885,6319.8369,2983.2759,1248.641,40904.7554,A3,N,N
01/29/2021,14:00,11355.418,1787.0293,3778.979,981.4729,12717.6953,6235.7246,2997.8196,1286.4651,41140.6038,A6,N,N
01/29/2021,14:00,11174.5,1485.47,3818.8401,925.85,12676.0996,6109.29,2925.5701,1337.51,40453.1298,E,N,N
01/29/2021,14:00,10893.5,1539.09,3910.3601,922.49,12350.7002,5920.0601,2861.24,1202.1899,39599.6303,E1,N,N
01/29/2021,14:00,10905.2002,1504.1899,3814.27,942.034,12149.5996,5896.5,2919.6799,1195.1801,39326.6537,E2,Y,N
01/29/2021,14:00,10725.9004,1602.66,3767.74,980.983,12453.9004,5968.3999,2838.49,1275.23,39613.3037,E3,N,N
01/29/2021,14:00,10957.4883,1549.3728,3809.5725,942.7584,12468.7598,6023.5347,2901.4995,1258.3339,39911.3199,M,N,N
01/29/2021,15:00,11007.5879,1617.9652,3757.1355,874.0789,12590.7031,6181.4058,2987.9304,1223.0715,40239.8783,A3,N,N
01/29/2021,15:00,11204.8145,1722.8164,3758.1953,904.9882,12337.4795,6089.9063,3026.6448,1249.5339,40294.3789,A6,N,N
01/29/2021,15:00,11068.7998,1465.39,3847.3,872.181,12395.0996,5977.9902,2937.01,1260.13,39823.9006,E,N,N
01/29/2021,15:00,10721,1492.96,3871.51,881.456,11868.7002,5831.4502,2905.46,1168.9399,38741.4763,E1,N,N
01/29/2021,15:00,10863.0996,1501.1,3803.1201,943,11887.7002,5744.1802,2933.5,1177.78,38853.4801,E2,Y,N
01/29/2021,15:00,10687.7998,1548.1801,3822.1399,872.304,11929.4004,5760.1899,2862.8899,1325.8101,38808.7141,E3,N,N
01/29/2021,15:00,10870.999,1517.5332,3821.7205,891.3131,12110.4746,5872.1968,2920.0237,1239.9314,39244.1923,M,N,N
01/29/2021,16:00,10845.292,1586.026,3753.2092,823.7131,12384.7148,6117.0093,2959.2571,1225.3517,39694.5732,A3,N,N
01/29/2021,16:00,11031.8467,1660.0181,3759.7424,820.0696,12126.0293,6044.2559,3015.0066,1236.9536,39693.9222,A6,N,N
01/29/2021,16:00,10921,1449.1899,3856.01,824.805,12215,5928.5,2937.8501,1228.8101,39361.1651,E,N,N
01/29/2021,16:00,10736.0996,1465.5,3879.99,866.76,11814.0996,5796.9302,2913.8999,1174.0699,38647.3492,E1,N,N
01/29/2021,16:00,10665,1465.16,3805.23,908.466,11672.7998,5689.0498,2926.6899,1177.1,38309.4955,E2,Y,N
01/29/2021,16:00,10387.5996,1504.95,3759.25,817.099,11852.0996,5857.2402,2882.3301,1293.01,38353.5785,E3,N,N
01/29/2021,16:00,10691.0742,1486.2656,3809.2725,848.9016,11959.8262,5857.9399,2920.8623,1224.6577,38798.8,M,N,N
01/29/2021,17:00,10818.5068,1596.2057,3755.0625,864.3318,12367.2129,6098.5605,2898.3706,1227.537,39625.7878,A3,N,N
01/29/2021,17:00,10953.1992,1678.6503,3761.3325,921.5856,12058.4199,6032.5327,2943.4199,1221.7374,39570.8775,A6,N,N
01/29/2021,17:00,10863.7002,1479.15,3850.75,870.821,12250.7998,5994.71,2930.53,1298.13,39538.591,E,N,N
01/29/2021,17:00,10580.5,1496.96,3800.47,854.276,11997.0996,5766.8198,2905.0601,1207.0699,38608.2554,E1,N,N
01/29/2021,17:00,10604.9004,1487.4399,3766.6001,888.384,11760.7002,5782.27,2914.74,1223.4399,38428.4745,E2,Y,N
01/29/2021,17:00,10621.5,1578.3,3769.8899,909.217,11937.4004,6148.25,2889.3201,1311.39,39165.2674,E3,N,N
01/29/2021,17:00,10697.4004,1522.8682,3791.2515,881.9315,12032.7637,5964.48,2909.0764,1262.5658,39062.3375,M,N,N
01/29/2021,18:00,10961.3828,1621.8925,3737.7078,873.0945,12549.6514,6175.6479,2841.2666,1239.8633,40000.5068,A3,N,N
01/29/2021,18:00,10931.0156,1700.0037,3739.0225,906.9989,12158.6768,6077.0049,2843.6191,1235.9127,39592.2542,A6,N,N
01/29/2021,18:00,10757,1500.15,3862.51,872.452,12507.7998,6064.27,2912.1499,1310.12,39786.4517,E,N,N
01/29/2021,18:00,10648.4004,1549.33,3867.6799,840.315,12223.0996,5930.2998,2895.4399,1243.9399,39198.5045,E1,N,N
01/29/2021,18:00,10741.2002,1559.25,3797.05,882.901,12290.9004,6028.9102,2945.5901,1238.16,39483.9619,E2,Y,N
01/29/2021,18:00,10609.7002,1650.53,3744.24,897.127,12412,6096.8799,2820.4199,1357.8,39588.697,E3,N,N
01/29/2021,18:00,10728.1973,1573.8853,3801.6235,877.2961,12399.2695,6060.7588,2886.6282,1286.9954,39614.6541,M,N,N
01/29/2021,19:00,11126.8408,1661.9661,3792.4868,891.5148,12804.7207,6412.7178,2929.3308,1310.4617,40930.0395,A3,N,N
01/29/2021,19:00,11081.5156,1784.7401,3800.6189,922.3525,12421.4727,6334.332,2899.7715,1308.2161,40553.0194,A6,N,N
01/29/2021,19:00,11044.2002,1576,3967.3899,884.262,12797.0996,6240.5,3020.27,1417.4399,40947.1616,E,N,N
01/29/2021,19:00,10788.5996,1606.11,3975.23,858.69,12624.5,6220.1699,3030.6001,1282.9399,40386.8395,E1,N,N
01/29/2021,19:00,11052.7998,1652.73,3876.22,910.49,12876.5,6410.75,3116.5901,1324.6899,41220.7698,E2,Y,N
01/29/2021,19:00,10745.0996,1707.88,3782.9399,909.564,12813.2998,6255.0801,2937.71,1435.12,40586.6934,E3,N,N
01/29/2021,19:00,10949.9551,1642.6619,3877.6021,894.8546,12800.3779,6305.6938,3013.6338,1368.4877,40853.2669,M,N,N
01/29/2021,20:00,11158.5957,1651.3287,3792.9321,863.0293,12456.1572,6399.6792,2980.1511,1336.0449,40637.9182,A3,N,N
01/29/2021,20:00,11078.6904,1820.1442,3782.3459,891.6296,12231.3477,6280.1733,2940.366,1359.3767,40384.0738,A6,N,N
01/29/2021,20:00,11003.5996,1596.38,3878.53,867.149,12570,6202.21,3001.71,1422.98,40542.5586,E,N,N
01/29/2021,20:00,10716,1587.08,3965.8401,851.472,12578.7998,6204.1699,3036.3301,1328.4,40268.0919,E1,N,N
01/29/2021,20:00,10961.7002,1633.3101,3965.9099,889.167,12706.7002,6386.1602,3136.6101,1306.6801,40986.2378,E2,Y,N
01/29/2021,20:00,10821.2002,1686.46,3723.1101,885.129,12805.2002,6279.3198,2939.3201,1447.12,40586.8594,E3,N,N
01/29/2021,20:00,10930.9492,1633.8386,3861.7341,874.6738,12649.8447,6292.4038,3021.4702,1377.2506,40642.165,M,N,N
01/29/2021,21:00,10996.2422,1636.7216,3770.6172,842.2274,11979.5859,6242.6758,2915.043,1331.8241,39714.9372,A3,N,N
01/29/2021,21:00,10921.5293,1832.1984,3741.7952,869.9464,11761.3809,6110.667,2864.269,1351.1459,39452.9321,A6,N,N
01/29/2021,21:00,10806.9004,1591.1899,3771.6799,847.145,12249.5996,6076.46,2901.24,1471.36,39715.5748,E,N,N
01/29/2021,21:00,10617.7998,1590.53,3962.72,852.718,12291.7998,6197.0898,3008.1201,1341.8,39862.5775,E1,N,N
01/29/2021,21:00,10697,1597.0601,3971.02,869.006,12430.9004,6235.1802,3075.51,1288.28,40163.9567,E2,Y,N
01/29/2021,21:00,10655.7002,1663.74,3818.46,868.223,12273.2002,6206.5498,2861.71,1477.79,39825.3732,E3,N,N
01/29/2021,21:00,10741.6553,1616.4041,3856.957,857.9617,12272.3486,6184.5186,2950.0105,1393.5605,39873.4163,M,N,N
01/29/2021,22:00,10757.2549,1586.3567,3759.845,814.6813,11515.1162,5977.4854,2859.5127,1282.7073,38552.9595,A3,N,N
01/29/2021,22:00,10703.2793,1779.4817,3731.8123,840.0775,11254.7031,5807.541,2788.0837,1307.641,38212.6196,A6,N,N
01/29/2021,22:00,10591.9004,1565.25,3737.8101,831.468,11901.2002,5875.8701,2794.79,1381.05,38679.3388,E,N,N
01/29/2021,22:00,10502.2002,1553.46,3913.1001,838.271,11947.5,6004.71,2962.95,1286.3,39008.4913,E1,N,N
01/29/2021,22:00,10434,1529.13,3966.6599,850.202,11938.9004,5949.4102,2939.9099,1248.3199,38856.5323,E2,Y,N
01/29/2021,22:00,10447.2998,1670.33,3680.96,829.247,11787,6050.48,2848.6499,1448.66,38762.6267,E3,N,N
01/29/2021,22:00,10525.7314,1583.6545,3805.4756,834.3483,11839.6016,5966.7148,2873.6455,1340.6334,38769.8051,M,N,N
01/29/2021,23:00,10391.502,1510.1614,3754.2124,781.8606,10939.5039,5658.0762,2749.4883,1203.5725,36988.3773,A3,N,N
01/29/2021,23:00,10430.1455,1705.4368,3755.1736,804.1581,10641.043,5470.6709,2662.1782,1177.545,36646.3511,A6,N,N
01/29/2021,23:00,10275.9004,1505.0699,3774.73,817.363,11343.4004,5643.02,2688.49,1354.24,37402.2137,E,N,N
01/29/2021,23:00,10276.7002,1514.42,3911.3601,818.626,11607.7998,5857.7798,2896.4099,1255.46,38138.5558,E1,N,N
01/29/2021,23:00,9935.0596,1457.02,3916.8999,831.79,11219.2998,5600.6001,2778.5,1160.11,36899.2794,E2,Y,N
01/29/2021,23:00,10029.7998,1655.6899,3707.3601,824.461,11180.2998,5714.77,2707.9099,1353.88,37174.1705,E3,N,N
01/29/2021,23:00,10143.7158,1532.5177,3807.9441,818.4643,11254.1631,5679.0796,2749.4624,1274.4365,37259.7835,M,N,N
01/29/2021,24:00,9976.1465,1404.2428,3735.606,750.7952,10351.5078,5312.3921,2636.1768,1133.4037,35300.2709,A3,N,N
01/29/2021,24:00,9989.8447,1564.4386,3761.6689,767.4568,10030.4131,5113.4946,2549.5647,1084.2749,34861.1563,A6,N,N
01/29/2021,24:00,9914.7598,1394.22,3810.6101,809.475,10822.0996,5380.3301,2585.3899,1291.1801,36008.0646,E,N,N
01/29/2021,24:00,10051.2002,1475.37,3909.6201,798.976,11268.0996,5710.8501,2829.9099,1224.62,37268.6459,E1,N,N
01/29/2021,24:00,9557.2598,1378.6899,3883.7,792.677,10534.5996,5277.9902,2630.97,1156.84,35212.7265,E2,Y,N
01/29/2021,24:00,9650.8701,1504.71,3712.1399,780.804,10578,5382.7002,2582.75,1290.59,35482.5642,E3,N,N
01/29/2021,24:00,9784.1406,1429.3566,3807.2656,789.4604,10686.125,5388.1602,2633.0383,1229.4054,35746.9521,M,N,N
01/30/2021,1:00,9568.291,1300.0096,3743.2437,732.689,9911.9346,5095.4087,2541.9744,1126.1647,34019.7157,A3,N,N
01/30/2021,1:00,9592.1699,1492.7778,3813.2649,741.3893,9814.0469,5021.2788,2467.9409,1048.5072,33991.3757,A6,N,N
01/30/2021,1:00,9615.4199,1336.01,3868.96,825.769,10533.2002,5134.7002,2488.6499,1236.9,35039.6092,E,N,N
01/30/2021,1:00,9481.29,1383.11,3927.3,758.02,10481.7002,5305.5898,2659.98,1189.6,35186.59,E1,N,N
01/30/2021,1:00,9249.0596,1319.96,3837.48,771.598,10002.9004,5018.21,2508.99,1150.46,33858.658,E2,N,N
01/30/2021,1:00,9073.6504,1384.41,3745.72,778.312,10133.7002,5065.3901,2488.98,1177.29,33847.4527,E3,N,N
01/30/2021,1:00,9365.7305,1345.485,3821.8579,780.2584,10216.6543,5104.6997,2521.8994,1180.6331,34337.2183,M,Y,N
01/30/2021,2:00,9294.4121,1261.3149,3750.1257,715.6264,9551.1553,4949.7236,2437.512,1103.6516,33063.5216,A3,N,N
01/30/2021,2:00,9325.2246,1433.0021,3796.6121,724.1443,9463.501,4829.3872,2371.2166,1026.7281,32969.816,A6,N,N
01/30/2021,2:00,9369.0596,1296.4,3944.25,808.952,10150.2002,4975.1001,2398.1001,1173.4399,34115.5019,E,N,N
01/30/2021,2:00,9064.8896,1343.22,4002.45,750.747,10013.9004,4994.1001,2569.6699,1230.8,33969.777,E1,N,N
01/30/2021,2:00,9010.5898,1277.84,3797.99,759.565,9669.0498,4819.1699,2408.02,1154.45,32896.6745,E2,N,N
01/30/2021,2:00,8822,1348.52,3793.3101,751.607,9869.79,4863.1299,2356.6399,1144.26,32949.2569,E3,N,N
01/30/2021,2:00,9095.3252,1306.2568,3852.9595,763.3277,9867.8916,4907.3281,2416.5876,1159.844,33369.5205,M,Y,N
01/30/2021,3:00,9122.6406,1227.6244,3767.0425,699.5347,9407.9346,4844.2544,2366.1157,1088.0474,32523.1943,A3,N,N
01/30/2021,3:00,9131.6807,1385.9537,3810.8997,699.7879,9304.2969,4694.916,2303.4639,999.3578,32330.3566,A6,N,N
01/30/2021,3:00,9199.3496,1261.1,4020.1201,787.537,9897.9502,4870.2798,2327.1599,1156.79,33520.2866,E,N,N
01/30/2021,3:00,8959.0996,1236.02,3826.8999,710.911,9433.7402,4641.75,2322.95,1159.45,32290.8207,E1,N,N
01/30/2021,3:00,8830.9902,1249.7,3851.48,757.677,9315.6602,4721.0898,2339.27,1094.01,32159.8772,E2,N,N
01/30/2021,3:00,8634.6299,1314.15,3729.8601,742.602,9585.8496,4736.79,2309.3301,1098.3199,32151.5316,E3,N,N
01/30/2021,3:00,8926.46,1264.193,3849.6082,748.2597,9555.0742,4767.7905,2330.0732,1118.2172,32559.676,M,Y,N
01/30/2021,4:00,9042.5186,1226.5978,3736.9719,702.9081,9383.7207,4774.8838,2323.0469,1101.5066,32292.1544,A3,N,N
01/30/2021,4:00,9048.5439,1387.7316,3760.1077,701.823,9268.5986,4616.313,2262.7056,1061.4624,32107.2858,A6,N,N
01/30/2021,4:00,9096.8896,1242.4,4016.99,786.181,9786.2598,4793.9399,2296.9199,1174.29,33193.8702,E,N,N
01/30/2021,4:00,8584.7598,1201.64,3954.53,713.626,8897.5596,4596.8501,2412.1499,1149.67,31510.7854,E1,N,N
01/30/2021,4:00,8684.7402,1243.35,3827.6001,765.888,9383.5,4625.71,2283.1299,1118.0699,31931.9881,E2,N,N
01/30/2021,4:00,8635.0898,1319.23,3744.01,756.854,9531.6797,4673.77,2239.9399,1116.26,32016.8334,E3,N,N
01/30/2021,4:00,8807.5898,1254.7748,3858.5879,754.2975,9460.5195,4694.8218,2296.897,1133.552,32261.0403,M,Y,N
01/30/2021,5:00,9037.999,1231.5261,3703.7888,727.3376,9470.79,4806.6411,2294.2527,1126.4401,32398.7754,A3,N,N
01/30/2021,5:00,9036.8555,1374.172,3700.6646,738.5577,9263.8818,4634.3003,2236.5374,1146.9774,32131.9467,A6,N,N
01/30/2021,5:00,9078.4199,1253.9301,3999.75,798.034,9809.8301,4797.7202,2302.53,1208.5699,33248.7842,E,N,N
01/30/2021,5:00,8755,1241.29,3903.71,729.841,9243.4805,4472.48,2407.48,1116.13,31869.4115,E1,N,N
01/30/2021,5:00,8791.6299,1239.79,3789.02,782.402,9418.7402,4670.6099,2285.49,1108.05,32085.732,E2,N,N
01/30/2021,5:00,8616.0996,1304.13,3650.8301,768.309,9606.21,4702.9199,2248.3601,1127.52,32024.3787,E3,N,N
01/30/2021,5:00,8845.6621,1258.5646,3810.8374,769.3336,9547.9785,4702.7026,2296.8118,1141.3562,32373.2468,M,Y,N
01/30/2021,6:00,9112.5137,1265.5011,3706.8096,752.5779,9809.001,4901.4194,2335.4919,1148.8885,33032.2031,A3,N,N
01/30/2021,6:00,9123.1162,1419.6693,3695.3984,773.9797,9643.1357,4739.6641,2263.4451,1199.7515,32858.16,A6,N,N
01/30/2021,6:00,9176.4902,1286.26,4020.6399,811.97,10141.0996,4860,2351.03,1220.73,33868.2197,E,N,N
01/30/2021,6:00,8755.8701,1241.62,3971.5701,749.009,9055.1504,4477.3101,2374.0801,1149.71,31774.3198,E1,N,N
01/30/2021,6:00,8873.0303,1269.41,3751.01,797.242,9810.29,4779.1499,2387.1899,1127.61,32794.9321,E2,N,N
01/30/2021,6:00,8677.3096,1392.59,3702.98,776.156,9765.6602,4792.5698,2282.3,1180.21,32569.7756,E3,N,N
01/30/2021,6:00,8915.2549,1300.4551,3828.4551,784.0403,9787.2813,4780.2715,2343.8264,1169.4623,32909.0469,M,Y,N
01/30/2021,7:00,9357.9395,1319.9349,3740.5381,787.826,10199.3809,5119.3169,2428.7432,1170.0093,34123.6888,A3,N,N
01/30/2021,7:00,9392.3369,1480.5846,3734.8765,815.0319,10074.5059,4951.5225,2340.2278,1221.9448,34011.0309,A6,N,N
01/30/2021,7:00,9409.3496,1323.71,4069.8601,842.162,10452.4004,5017.6699,2446.1201,1276.6899,34837.962,E,N,N
01/30/2021,7:00,9061.6504,1292.08,3958.95,772.779,9447.0498,4755.1299,2488.8999,1140.45,32916.989,E1,N,N
01/30/2021,7:00,8958.2305,1338.36,3857.3999,841.975,10232.2002,4989.0698,2460.6599,1193.15,33871.0453,E2,N,N
01/30/2021,7:00,8901.29,1386.9,3715.8899,793.542,10146.2998,5006.2002,2386.8899,1213.27,33550.2818,E3,N,N
01/30/2021,7:00,9119.666,1338.7444,3873.2234,814.4954,10163.5293,4987.541,2438.1228,1209.5848,33944.9071,M,Y,N
01/30/2021,8:00,9579.5,1370.786,3776.0701,809.1049,10667.9639,5290.4937,2490.1187,1201.2804,35185.3177,A3,N,N
01/30/2021,8:00,9663.8291,1513.0854,3784.0742,838.9267,10517.8955,5219.4614,2419.1538,1257.7334,35214.1595,A6,N,N
01/30/2021,8:00,9664.7695,1353.1899,4045.3501,862.319,10848.2002,5226.2402,2524.95,1286.4,35811.4189,E,N,N
01/30/2021,8:00,9108.4902,1336.66,3946.8,795.12,9674.2197,4938.5601,2537.1699,1189.65,33526.6699,E1,N,N
01/30/2021,8:00,9445.3096,1376.8199,3847.7,861.678,10775,5226.9302,2541.53,1215.28,35290.2477,E2,N,N
01/30/2021,8:00,9348.4297,1458.5,3748.96,837.455,10673.2998,5373.6001,2443.0601,1237.8199,35121.1246,E3,N,N
01/30/2021,8:00,9450.626,1385.5582,3875.8613,840.8911,10616.8975,5235.3242,2505.7959,1233.7413,35144.6955,M,Y,N
01/30/2021,9:00,9767.29,1396.6947,3749.6121,818.4422,10819.9189,5406.6685,2513.0081,1230.1345,35701.769,A3,N,N
01/30/2021,9:00,9873.0059,1534.4707,3771.7681,857.6353,10632.2197,5407.9722,2477.9375,1278.8568,35833.8662,A6,N,N
01/30/2021,9:00,9990.5996,1432.4301,4061.01,876.542,11303.5996,5582.9302,2630.4199,1295.8101,37173.3415,E,N,N
01/30/2021,9:00,9536.0498,1410.9399,3993.4399,804.515,10303.7998,5330.9702,2538.8401,1199.5,35118.0547,E1,N,N
01/30/2021,9:00,9734.54,1429.85,3840.03,876.395,11207.4004,5460.2002,2670.8999,1270.65,36489.9655,E2,N,N
01/30/2021,9:00,9586.5996,1493.34,3745.24,858.481,11191.9004,5567.4302,2558.53,1280.96,36282.4812,E3,N,N
01/30/2021,9:00,9740.8516,1439.8593,3879.4517,855.7241,11066.1895,5494.8447,2596.4434,1265.5593,36338.9236,M,Y,N
01/30/2021,10:00,10221.3604,1423.7012,3741.1655,835.8084,10985.2959,5533.4189,2644.8628,1198.8539,36584.467,A3,N,N
01/30/2021,10:00,10204.9736,1529.8137,3767.8818,895.7081,10756.792,5520.5532,2594.2388,1228.0969,36498.0581,A6,N,N
01/30/2021,10:00,10286.7998,1474.72,4015.24,891.223,11716.2002,5794.29,2746.99,1334.27,38259.733,E,N,N
01/30/2021,10:00,9880.3701,1469.8101,3981.78,860.347,10793,5474.3799,2784.05,1310.2,36553.9371,E1,N,N
01/30/2021,10:00,10013.4004,1434.92,3900,921.017,11256,5589.3901,2766.8101,1216.8199,37098.3575,E2,N,N
01/30/2021,10:00,9990.2803,1512.98,3776.1599,859.314,11523.5,5779.1802,2670.8101,1259.8199,37372.0444,E3,N,N
01/30/2021,10:00,10085.3369,1467.3439,3888.2183,879.9079,11346.2119,5666.6899,2724.7666,1266.3591,37324.8345,M,Y,N
01/30/2021,11:00,10641.0488,1422.5909,3738.7007,828.2313,10991.4297,5572.7114,2749.7236,1152.0958,37096.5322,A3,N,N
01/30/2021,11:00,10548.4619,1520.3245,3767.9763,886.4865,10803.0918,5572.8765,2697.4819,1167.0336,36963.733,A6,N,N
01/30/2021,11:00,10604.0996,1480.12,3975.3501,885.565,11928.9004,5930.21,2860.48,1224.64,38889.3651,E,N,N
01/30/2021,11:00,10220,1468.79,3894.3101,911.631,11020.0996,5660.46,2956.45,1225.13,37356.8707,E1,N,N
01/30/2021,11:00,10144.7002,1427.6899,3882.73,919.686,11306.5996,5631.4199,2841.3601,1226.6899,37380.8756,E2,N,N
01/30/2021,11:00,10285.4004,1542.97,3794.9399,867.609,11467.2998,5843.8799,2769.6001,1240.48,37812.1791,E3,N,N
01/30/2021,11:00,10366.1816,1474.1177,3867.3813,885.6978,11427.1416,5755.5234,2831.1318,1220.1057,37827.2809,M,Y,N
01/30/2021,12:00,10885.1338,1401.8584,3719.7964,816.425,10943.3848,5584.4819,2847.3308,1136.0143,37334.4254,A3,N,N
01/30/2021,12:00,10821.6924,1493.0342,3721.2603,867.9116,10899.209,5609.5894,2784.1113,1168.9077,37365.7159,A6,N,N
01/30/2021,12:00,10800.4004,1483.2,3889.1399,866.086,12006.7002,5976.3901,2908.73,1244.55,39175.1966,E,N,N
01/30/2021,12:00,10444,1450.3199,3903.45,902.446,11227.2002,5633.6899,2981.01,1272.71,37814.826,E1,N,N
01/30/2021,12:00,10303.2998,1413.37,3872.6799,899.04,11195.2002,5547.3101,2905.22,1198.42,37334.54,E2,N,N
01/30/2021,12:00,10390.7998,1547.5,3848.96,853.536,11482,5815.5801,2839.01,1199.52,37976.9059,E3,N,N
01/30/2021,12:00,10539.7666,1467.5398,3855.6008,869.5244,11442.2979,5737.0913,2891.7825,1211.713,38015.3163,M,Y,N
01/30/2021,13:00,11055.0566,1384.6877,3694.8789,799.7164,10785.3682,5611.8213,2943.1895,1129.1702,37403.8888,A3,N,N
01/30/2021,13:00,11021.7314,1477.0726,3669.6426,844.3513,10883.3271,5702.6016,2888.6692,1174.1711,37661.5669,A6,N,N
01/30/2021,13:00,10892,1470.87,3847.1899,839.028,11930.2998,6006.1899,2987.77,1179.77,39153.1176,E,N,N
01/30/2021,13:00,10515.7998,1450.38,3869.45,882.977,11078,5610.3701,3089.72,1231.5601,37728.257,E1,N,N
01/30/2021,13:00,10251.2998,1385.5,3899.3301,886.719,11041.2998,5556.98,2971.3799,1178.64,37171.1486,E2,N,N
01/30/2021,13:00,10501.7998,1523.6801,3779.26,831.469,11417.4004,5760.8501,2944.8701,1211.27,37970.5995,E3,N,N
01/30/2021,13:00,10607.6318,1449.396,3826.9861,849.6407,11330.1719,5733.7788,2980.1187,1187.5114,37965.2354,M,Y,N
01/30/2021,14:00,11103.0127,1378.3558,3675.3491,796.8171,10596.0596,5612.8311,3035.2332,1107.0405,37304.6991,A3,N,N
01/30/2021,14:00,11165.7695,1437.7488,3642.0376,827.5406,10810.2695,5744.0322,3029.6511,1150.8823,37807.9316,A6,N,N
01/30/2021,14:00,10891.2998,1447.34,3812.23,810.75,11570.0996,5970.3101,3076.3899,1250.53,38828.9494,E,N,N
01/30/2021,14:00,10585.9004,1448.55,3815.22,856.44,10844.5996,5715.3501,3141,1216.8101,37623.8702,E1,N,N
01/30/2021,14:00,10251.2998,1354.37,3784.3501,843.716,10843,5425.5698,3036.03,1113.75,36652.0857,E2,N,N
01/30/2021,14:00,10371,1478.39,3761.99,797.113,11217.7002,5722.52,3027.9099,1250.55,37627.1731,E3,N,N
01/30/2021,14:00,10589.5146,1423.3883,3775.9636,819.5519,11087.7822,5695.6226,3057.1116,1194.1888,37643.1236,M,Y,N
01/30/2021,15:00,11034.1025,1356.4008,3676.1538,762.881,10395.4609,5613.4229,3099.032,1109.3569,37046.8108,A3,N,N
01/30/2021,15:00,11162.7002,1400.3146,3638.1484,752.9388,10675.1611,5750.1948,3112.6711,1158.6755,37650.8045,A6,N,N
01/30/2021,15:00,10841.9004,1428.17,3899.0801,790.062,11342.7002,5967.7402,3144.0701,1240.59,38654.313,E,N,N
01/30/2021,15:00,10543.9004,1439.15,3800.3601,876.324,10744.5,5625.8901,3262.5901,1176.73,37469.4447,E1,N,N
01/30/2021,15:00,10320.7002,1347.04,3748.29,862.469,10452.7998,5415.9399,3120.0901,1142.91,36410.239,E2,N,N
01/30/2021,15:00,10385.2002,1471.89,3706.71,802.972,10915.7998,5782.6499,3133.9199,1248.9301,37448.0719,E3,N,N
01/30/2021,15:00,10584.2002,1411.2189,3773.0842,818.7764,10820.3203,5696.4966,3144.7227,1193.8684,37442.6877,M,Y,N
01/30/2021,16:00,10965.8467,1366.7543,3660.4177,749.6254,10310.9355,5666.8008,3117.7166,1130.8403,36968.9373,A3,N,N
01/30/2021,16:00,11010.6465,1378.4807,3634.8513,685.5619,10631.4443,5800.0874,3147.4294,1175.3591,37463.8606,A6,N,N
01/30/2021,16:00,10800.5,1410.99,3890,790.45,11204.7998,5975.5698,3181.3201,1228.66,38482.2897,E,N,N
01/30/2021,16:00,10512.5996,1419.4399,3764.8,850.305,10434.5996,5640.2798,3238.8,1208.74,37069.5639,E1,N,N
01/30/2021,16:00,10155.2998,1337.64,3750.7,826.966,10452.7002,5476.9902,3159.3201,1153.39,36313.0063,E2,N,N
01/30/2021,16:00,10261.2002,1458.15,3791.45,787.498,10847.5996,5659.0898,3200.3401,1256.29,37261.6177,E3,N,N
01/30/2021,16:00,10489.0557,1399.9692,3786.1897,801.2198,10719.4668,5691.2979,3179.8096,1202.0326,37269.0413,M,Y,N
01/30/2021,17:00,10945.7773,1408.101,3668.3706,799.5369,10427.8887,5792.7725,3096.5286,1147.4957,37286.4713,A3,N,N
01/30/2021,17:00,10977.8262,1400.6493,3655.3726,796.4243,10741.3926,5942.6196,3121.6128,1187.8608,37823.7582,A6,N,N
01/30/2021,17:00,10792.5996,1415.4399,3904.52,788.852,11123.7998,6003.75,3176.3401,1202.55,38407.8514,E,N,N
01/30/2021,17:00,10553.5996,1438.6899,3815.75,805.422,10525.9004,5720.5,3272.1399,1248.01,37380.0118,E1,N,N
01/30/2021,17:00,10086.5996,1358.22,3736.2,803.768,10461.0996,5551.8999,3097.1201,1212.8101,36307.7173,E2,N,N
01/30/2021,17:00,10188.0996,1481.15,3760.47,811.841,10851.5996,5712.6699,3167.05,1245.62,37218.5001,E3,N,N
01/30/2021,17:00,10454.2471,1419.5514,3785.8125,801.7351,10728.3486,5756.2393,3156.2112,1214.6832,37316.8284,M,Y,N
01/30/2021,18:00,11093.9629,1480.4296,3672.2808,804.1455,10734.9932,5981.7339,3099.1145,1187.6166,38054.277,A3,N,N
01/30/2021,18:00,11111.9434,1440.7469,3663.3176,787.8751,11014.4717,6084.8306,3092.625,1235.188,38430.9983,A6,N,N
01/30/2021,18:00,11001.4004,1438.74,3909.9099,796.089,11150.2998,6028.02,3132.5901,1197.77,38654.8192,E,N,N
01/30/2021,18:00,10553.5,1472.23,3835.03,815.886,10820.4004,5734.1602,3227.1699,1265.75,37724.1265,E1,N,N
01/30/2021,18:00,10357.2002,1420.38,3763.6599,788.196,10761.0996,5661.27,3093.3501,1257.3199,37102.4757,E2,N,N
01/30/2021,18:00,10402.5996,1459.46,3834.3201,795.587,11087.7998,5773.3599,3092.6101,1216.26,37661.9965,E3,N,N
01/30/2021,18:00,10646.2324,1448.7274,3815.3865,797.4719,10944.2236,5830.1489,3120.4231,1224.5083,37827.1221,M,Y,N
01/30/2021,19:00,11291.0537,1562.0739,3739.5742,831.7233,11009.8076,6202.0713,3184.0383,1251.2306,39071.5729,A3,N,N
01/30/2021,19:00,11333.1533,1523.0737,3750.7466,821.3555,11344.1631,6295.7783,3174.489,1302.9277,39545.6872,A6,N,N
01/30/2021,19:00,11187.0996,1494.47,3909.8899,811.058,11433.7002,6190.5801,3183.5601,1219.3,39429.6579,E,N,N
01/30/2021,19:00,10812,1523.08,3893.6499,829.36,11135.7998,6010.5,3288.6001,1252.1899,38745.1797,E1,N,N
01/30/2021,19:00,10783.5996,1482.08,3840.0901,825.669,11382,6112.2002,3249.1399,1272.6,38947.3788,E2,N,N
01/30/2021,19:00,10661.7002,1553.35,3829.23,823.971,11298.4004,6078.0698,3131.8301,1235.59,38612.1415,E3,N,N
01/30/2021,19:00,10920.9814,1518.1193,3848.9556,822.8099,11296.7266,6121.7842,3200.2122,1244.8,38974.3892,M,Y,N
01/30/2021,20:00,11133.4951,1546.3004,3765.1787,805.9479,10881.1104,6072.979,3150.6499,1254.3601,38610.0215,A3,N,N
01/30/2021,20:00,11206.5508,1516.3303,3762.1338,798.9607,11155.0625,6222.2183,3169.6362,1330.3842,39161.2768,A6,N,N
01/30/2021,20:00,11071,1486.54,3922.23,806.153,11594.5,6092.1299,3161,1209.3,39342.8529,E,N,N
01/30/2021,20:00,10727.7998,1492.09,3944.1699,860.321,11207.2002,5953.48,3197.5,1300.85,38683.4109,E1,N,N
01/30/2021,20:00,10810,1445.26,3908.6499,815.783,11267.0996,6036.3101,3244.8401,1294.74,38822.6827,E2,N,N
01/30/2021,20:00,10546.9004,1511.65,3839.46,821.91,11324.0996,5965.6299,3136,1210.36,38356.0099,E3,N,N
01/30/2021,20:00,10839.6367,1490.6613,3881.2537,819.2451,11307.4629,6026.8252,3178.9788,1248.0012,38792.0649,M,Y,N
01/30/2021,21:00,10899.9688,1526.0289,3743.2837,777.3509,10699.6768,5879.853,3036.1721,1267.4916,37829.8258,A3,N,N
01/30/2021,21:00,10942.2988,1522.157,3725.6096,781.0632,10892.2002,6000.4063,3060.4111,1327.4924,38251.6386,A6,N,N
01/30/2021,21:00,10937,1456.02,3995.6699,803.448,11318.4004,5868.98,3084.95,1144.96,38609.4283,E,N,N
01/30/2021,21:00,10546.0996,1472.66,3902.79,839.646,11076.2998,5887.1299,3131,1295.4399,38151.0652,E1,N,N
01/30/2021,21:00,10441.0996,1423.6,3904.3,848.237,11193.4004,5822.3301,3082.8201,1298.54,38014.3272,E2,N,N
01/30/2021,21:00,10352.2002,1459.34,3898.3899,837.747,11125.2002,5818.7202,2970.6399,1177.74,37639.9774,E3,N,N
01/30/2021,21:00,10613.334,1459.576,3905.3491,824.4826,11131.2471,5848.3804,3055.499,1225.6765,38063.5447,M,Y,N
01/30/2021,22:00,10693.8447,1479.574,3761.1328,752.5013,10477.0693,5646.0044,2923.3591,1236.7736,36970.2592,A3,N,N
01/30/2021,22:00,10665.8838,1478.1296,3740.8806,758.8729,10547.0449,5676.8994,2935.9248,1279.3514,37082.9874,A6,N,N
01/30/2021,22:00,10668.7002,1401.4399,4084.0601,788.857,11021.5,5690.73,2965.6101,1090.45,37711.3473,E,N,N
01/30/2021,22:00,10253,1441.58,3874.53,808.556,10649.2998,5646.3198,3010.0701,1303.89,36987.2457,E1,N,N
01/30/2021,22:00,10171,1391.13,3890.46,834.482,10694.4004,5611.46,2952.51,1228.16,36773.6024,E2,N,N
01/30/2021,22:00,10096.5,1419.67,3954.8701,802.45,10763.5996,5531.6899,2842.04,1152.85,36563.6696,E3,N,N
01/30/2021,22:00,10352.4063,1418.2042,3936.8054,801.5794,10760.6719,5620.0103,2931.7188,1185.448,37006.8443,M,Y,N
01/30/2021,23:00,10326.2607,1405.0247,3774.6206,724.6447,10048.5879,5362.1401,2780.0435,1182.5498,35603.872,A3,N,N
01/30/2021,23:00,10286.4834,1412.9191,3779.5356,729.914,10036.2754,5331.7764,2776.3281,1150.9005,35504.1325,A6,N,N
01/30/2021,23:00,10321.4004,1340.6,4112.6699,762.76,10536.7998,5475.3301,2807,1042.37,36398.9302,E,N,N
01/30/2021,23:00,10023.4004,1402.04,3893.21,792.288,10500.2998,5551.3599,2920.6201,1263.92,36347.1382,E1,N,N
01/30/2021,23:00,9867.6104,1353.5699,3888.6499,817.156,10502.2002,5379.75,2820.3899,1188.17,35817.4963,E2,N,N
01/30/2021,23:00,9775.8701,1363.4301,3947.1599,823.523,10439.5996,5317.6499,2711.3701,1080.24,35458.8427,E3,N,N
01/30/2021,23:00,10034.9277,1365.2831,3945.5989,790.4763,10438.2617,5407.3701,2797.2729,1133.5037,35912.6944,M,Y,N
01/30/2021,24:00,9947.1191,1312.4497,3782.0684,698.5833,9634.5254,5056.5557,2666.499,1132.9894,34230.79,A3,N,N
01/30/2021,24:00,9874.9297,1316.2699,3800.2578,696.8682,9583.79,4982.0684,2652.0088,1064.4368,33970.6296,A6,N,N
01/30/2021,24:00,9909.75,1284.6,4077.3401,738.9,10114.2998,5252.8198,2679.5601,1073.45,35130.7198,E,N,N
01/30/2021,24:00,9793.7402,1362.51,3911.8899,776.018,10351.2002,5456.3799,2831.1699,1223.95,35706.8581,E1,N,N
01/30/2021,24:00,9431.8301,1284,3901.4299,796.022,9953.29,5102.75,2646.3799,1163.27,34278.9719,E2,N,N
01/30/2021,24:00,9366.6699,1269.09,3924.27,750.538,9910.4805,5085.8101,2571.96,1121.23,34000.0485,E3,N,N
01/30/2021,24:00,9644.6699,1293.7925,3937.5049,755.6902,9992.7334,5174.4619,2661.6836,1134.1049,34594.6413,M,Y,N
01/31/2021,1:00,9573.4023,1223.3,3813.0295,711.2466,9543.7451,5025.4712,2562.1572,1134.1849,33586.5368,A3,N,N
01/31/2021,1:00,9494.5605,1258.9546,3865.6257,707.8599,9675.1611,5029.8525,2557.531,1037.9725,33627.5178,A6,N,N
01/31/2021,1:00,9474.1602,1256.09,3963.51,751.718,9962.6797,5078.3999,2496.99,1227.37,34210.9178,E,N,N
01/31/2021,1:00,9320.1104,1298.63,3915.5701,751.661,10035.2002,5225.2598,2622.6499,1186.55,34355.6314,E1,N,N
01/31/2021,1:00,9090.2402,1241.17,3930.4399,777.528,9613.46,4884.46,2468.04,1162.02,33167.3581,E2,N,N
01/31/2021,1:00,9076.9297,1216.97,3848.6101,742.885,9546.2695,4933.4199,2457.97,1233.88,33056.9342,E3,N,N
01/31/2021,1:00,9272.0215,1243.7988,3901.7151,750.8962,9727.9707,5005.4111,2503.8508,1195.9093,33601.5735,M,Y,N
01/31/2021,2:00,9278.8857,1189.636,3811.1223,702.7825,9351.1279,4956.9946,2430.2109,1142.0492,32862.8091,A3,N,N
01/31/2021,2:00,9214.1172,1220.3302,3852.176,694.8943,9487.0469,4963.3926,2424.8254,1049.6283,32906.4109,A6,N,N
01/31/2021,2:00,9193.0098,1234.4301,4026.1001,726.895,9647.3398,4963.5601,2376.52,1191.34,33359.1949,E,N,N
01/31/2021,2:00,9024.1299,1280.4,3884.5701,752.888,9880.3398,5044.7998,2477.49,1239.34,33583.9576,E1,N,N
01/31/2021,2:00,8806.79,1215.95,3941.99,766,9410.9697,4720.3999,2309.3201,1203.4301,32374.8498,E2,N,N
01/31/2021,2:00,8757.3096,1178.54,3873.3999,719.87,9299.3701,4789.1099,2318.0601,1176.54,32112.1996,E3,N,N
01/31/2021,2:00,8977.1543,1215.9845,3922.334,735.15,9493.3535,4868.4917,2364.4375,1190.5011,32767.4066,M,Y,N
01/31/2021,3:00,9080.626,1173.0519,3814.9946,693.8981,9290.1982,4970.7378,2353.1414,1155.3737,32532.0217,A3,N,N
01/31/2021,3:00,9017.376,1186.6031,3864.6917,682.1348,9419.2246,4937.729,2339.0559,1057.9719,32504.787,A6,N,N
01/31/2021,3:00,9033.2305,1219.38,4126.8101,698.93,9498.3203,4886.1201,2293.1001,1214.22,32970.1111,E,N,N
01/31/2021,3:00,8641.1797,1201.22,3952.75,732.771,9762.6699,4826.7998,2327.71,1139.12,32584.2204,E1,N,N
01/31/2021,3:00,8618.2998,1193.85,3975.22,768.876,9302.6797,4642.8999,2247.8301,1130.1899,31879.8454,E2,N,N
01/31/2021,3:00,8524.5996,1174.55,3893.5701,708.174,9267.7598,4716.7202,2234.1101,1254.37,31773.8538,E3,N,N
01/31/2021,3:00,8759.2578,1193.729,3969.8682,722.3287,9398.7988,4786.1274,2278.8665,1186.5067,32295.4831,M,Y,N
01/31/2021,4:00,8956.3311,1177.6422,3827.2808,710.4144,9445.1904,5052.3218,2307.4897,1176.8276,32653.498,A3,N,N
01/31/2021,4:00,8906.877,1191.9521,3854.7671,695.6191,9558.1221,5064.0239,2280.5654,1138.2605,32690.1872,A6,N,N
01/31/2021,4:00,8934.7197,1216.86,4150.3301,703.592,9516.5195,4855.1699,2269.1101,1181.1899,32827.4912,E,N,N
01/31/2021,4:00,8582.5195,1181.8199,3946.8899,741.524,9557.4502,4850.6401,2268.2,1192.1,32321.1436,E1,N,N
01/31/2021,4:00,8523.3896,1186.79,3953.25,771.227,9361.7197,4698.6699,2200.8501,1138.9,31834.7963,E2,N,N
01/31/2021,4:00,8529.4697,1175.54,3958.21,722.204,9172.5195,4739.4102,2184.6101,1237.65,31719.6135,E3,N,N
01/31/2021,4:00,8689.251,1189.7302,3987.219,730.748,9388.0195,4811.1826,2235.6038,1185.5509,32217.305,M,Y,N
01/31/2021,5:00,8934.2637,1205.3784,3800.4385,748.5568,9668.8066,5228.728,2299.1614,1230.2368,33115.5702,A3,N,N
01/31/2021,5:00,8903.8408,1194.4873,3808.1221,745.6217,9750.3018,5325.9326,2247.2864,1255.6764,33231.2691,A6,N,N
01/31/2021,5:00,8902.29,1243.03,4130.6899,730.383,9747.9102,4910.5,2271.3899,1199.6,33135.793,E,N,N
01/31/2021,5:00,8589.9404,1258.29,3951.6201,766.996,10081.2002,5110.75,2247.77,1265.36,33271.9267,E1,N,N
01/31/2021,5:00,8484.8799,1205.49,3966.3,802.485,9564.4004,4687.1401,2234.28,1178.05,32123.0254,E2,N,N
01/31/2021,5:00,8378.8604,1191.72,3931.4299,754.229,9463.1104,4877.3101,2162.46,1230.5699,31989.6897,E3,N,N
01/31/2021,5:00,8632.0332,1218.0186,3976.1123,761.2184,9662.6064,4911.1724,2235.3989,1214.0046,32610.5648,M,Y,N
01/31/2021,6:00,9007.4424,1263.7625,3800.3611,788.5406,10064.4033,5401.6602,2329.2505,1289.8015,33945.2221,A3,N,N
01/31/2021,6:00,8953.2422,1242.5193,3803.5806,793.7504,10021.2725,5584.4585,2246.7241,1320.9376,33966.4852,A6,N,N
01/31/2021,6:00,8937.2402,1291.65,4155.23,752.347,10464.2998,5059.0298,2298.9099,1266.63,34225.3367,E,N,N
01/31/2021,6:00,8637.1396,1261.37,4034.29,803.979,10220.0996,5244.54,2288.75,1270,33760.1682,E1,N,N
01/31/2021,6:00,8553.0596,1227.49,3944.3501,817.578,9783.8896,4877.7402,2249.3101,1231.9,32685.3176,E2,N,N
01/31/2021,6:00,8430.6104,1248.8101,3877.8501,763.234,9729.5898,4977.0098,2198.47,1246.67,32472.2442,E3,N,N
01/31/2021,6:00,8685.7998,1257.6292,3973.689,782.3547,10030.0078,5059.2197,2263.9226,1256.2751,33308.8979,M,Y,N
01/31/2021,7:00,9254.0303,1325.0364,3821.873,835.9333,10645.792,5619.3223,2391.4858,1354.9319,35248.405,A3,N,N
01/31/2021,7:00,9176.0176,1310.2229,3830.6851,847.6433,10643.5039,5834.9849,2283.7178,1392.335,35319.1105,A6,N,N
01/31/2021,7:00,9100.6504,1362.2,4228.1699,795.968,11191.7998,5317.0801,2357.48,1276.05,35629.3982,E,N,N
01/31/2021,7:00,8872.4502,1319.01,4021.1101,837.474,10688.7998,5242.6401,2359.25,1347.74,34688.4742,E1,N,N
01/31/2021,7:00,8673.4297,1306.38,4055.98,866.675,10381.2002,5126.8701,2360.21,1240.66,34011.405,E2,N,N
01/31/2021,7:00,8446.9805,1246.84,3905.9299,789.825,10137.2998,5273.8999,2265.4399,1289.29,33355.505,E3,N,N
01/31/2021,7:00,8821.0752,1309.3607,4027.8928,822.2929,10594.3994,5287.208,2339.6245,1289.334,34491.1875,M,Y,N
01/31/2021,8:00,9457.4287,1390.1273,3871.2332,882.1194,11191.5488,5768.1064,2468.7234,1399.506,36428.7932,A3,N,N
01/31/2021,8:00,9403.7402,1375.3295,3889.3918,892.9142,11228.791,5998.5762,2345.8291,1444.9269,36579.4989,A6,N,N
01/31/2021,8:00,9307.8301,1392.09,4199.2598,838.811,11617.7998,5435.0801,2424.8999,1319.26,36535.0307,E,N,N
01/31/2021,8:00,8964.04,1384.36,4022.1799,886.191,11163.2002,5378.6899,2457.3799,1331.61,35587.6509,E1,N,N
01/31/2021,8:00,8939.5,1398.33,4065.53,885.293,10847.5996,5591.2202,2411.25,1292.79,35431.5128,E2,N,N
01/31/2021,8:00,8873.5898,1349.51,3942.9399,828.663,10684.2002,5505.25,2325.0901,1329.38,34838.623,E3,N,N
01/31/2021,8:00,9082.9141,1381.7935,4038.6089,859.2305,11081.7432,5526.2368,2406.073,1326.7469,35703.3469,M,Y,N
01/31/2021,9:00,9640.8809,1453.0533,3873.0576,903.5336,11470.4971,5832.7456,2522.2378,1414.1893,37110.1952,A3,N,N
01/31/2021,9:00,9625.8916,1423.8176,3900.3389,921.8098,11338.7217,5916.0078,2411.6616,1449.6102,36987.8592,A6,N,N
01/31/2021,9:00,9694.8799,1456.86,4130.1802,858.019,11582.4004,5646.52,2553.8501,1307.05,37229.7596,E,N,N
01/31/2021,9:00,9337.4502,1405.17,4059,855.583,11488.5996,5625.5601,2571.8601,1308.4,36651.623,E1,N,N
01/31/2021,9:00,9076.0303,1419.78,4020.1799,930.974,11292.7998,5665.3398,2486.99,1313.4,36205.4938,E2,N,N
01/31/2021,9:00,9047.3398,1423.53,3957.76,846.922,11162.7002,5613.5698,2397.54,1315.55,35764.9118,E3,N,N
01/31/2021,9:00,9326.8535,1432.3206,4018.5371,878.8683,11379.3623,5663.6455,2496.3572,1324.3237,36520.2682,M,Y,N
01/31/2021,10:00,10026.5674,1481.59,3870.021,916.4743,11645.8164,5902.2344,2643.7314,1365.4644,37851.8993,A3,N,N
01/31/2021,10:00,9977.2422,1469.2927,3908.5542,965.1346,11671.1221,5870.3193,2549.2832,1383.5089,37794.4572,A6,N,N
01/31/2021,10:00,9985.9102,1516.3,4151.77,860.403,11965.5,5828.27,2642.22,1258.4399,38208.8131,E,N,N
01/31/2021,10:00,9565.0303,1405.6,3978.5701,964.519,11589.5996,5602.5498,2617.8501,1285.67,37009.3889,E1,N,N
01/31/2021,10:00,9518.7803,1423.42,4033.75,961.974,11550.0996,5601.4502,2631.5701,1221.23,36942.2742,E2,N,N
01/31/2021,10:00,9452.7998,1437.8101,3942.7,873.405,11282.9004,5636.5498,2572.99,1303.6,36502.7551,E3,N,N
01/31/2021,10:00,9688.3223,1455.2813,4013.1289,909.0696,11604.0508,5704.666,2619.3928,1277.2092,37271.1209,M,Y,N
01/31/2021,11:00,10416.1279,1494.8411,3869.9775,898.0839,11649.6924,5894.915,2752.3203,1296.554,38272.5121,A3,N,N
01/31/2021,11:00,10285.752,1487.4127,3909.2427,949.0627,11771.2686,5975.5386,2668.4072,1343.4208,38390.1053,A6,N,N
01/31/2021,11:00,10267.5,1480.08,4082.0601,824.921,11892.0996,5735.7002,2718.55,1150.63,38151.5409,E,N,N
01/31/2021,11:00,9773.5195,1399.41,3976.27,919.731,11411.2998,5587.6499,2740.76,1173.22,36981.8602,E1,N,N
01/31/2021,11:00,9702.5498,1414.4301,3967.03,944.414,11532.0996,5555.8701,2668.4299,1208.74,36993.5635,E2,N,N
01/31/2021,11:00,9711.0898,1429.41,3998.8999,850.249,11091,5622.6401,2676.5701,1192.13,36571.9889,E3,N,N
01/31/2021,11:00,9943.9912,1442.7615,3992.7783,882.1229,11511.4238,5663.8735,2702.5227,1196.5968,37336.0707,M,Y,N
01/31/2021,12:00,10717.5049,1480.7758,3835.105,871.4739,11684.0713,5855.2119,2842.8872,1263.2634,38550.2934,A3,N,N
01/31/2021,12:00,10558.3115,1475.6754,3852.4463,917.6181,11784.5156,5935.8755,2762.8176,1315.009,38602.269,A6,N,N
01/31/2021,12:00,10498.0996,1457.38,3977.3301,792.212,11606.7998,5673.04,2740.01,1172.88,37917.7515,E,N,N
01/31/2021,12:00,10016.0996,1388.55,3908.28,911.115,11152.2998,5425.5801,2815.5701,1191.52,36809.0146,E1,N,N
01/31/2021,12:00,9956.1104,1403.52,3954.8701,941.185,11391,5473.4702,2768.76,1140.24,37029.1557,E2,N,N
01/31/2021,12:00,9926.4297,1409.58,3968.6799,828.786,10974.4004,5555.98,2772.8799,1142.47,36579.2059,E3,N,N
01/31/2021,12:00,10186.8604,1426.2858,3943.1431,863.3694,11347.5957,5585.7217,2777.7197,1170.7454,37301.4412,M,Y,N
01/31/2021,13:00,10841.624,1473.9379,3774.2192,853.993,11533.2383,5850.3652,2946.1704,1235.481,38509.029,A3,N,N
01/31/2021,13:00,10747.6016,1480.1946,3776.6367,898.5934,11538.8848,5880.3286,2876.7268,1289.7122,38488.6787,A6,N,N
01/31/2021,13:00,10642.2002,1441.75,3941.02,769.055,11207.5996,5685.3701,2797.9199,1090.1801,37575.0949,E,N,N
01/31/2021,13:00,10112.2998,1347.21,3853.6101,881.719,10914.4004,5412.27,2866.8401,1134.17,36522.5194,E1,N,N
01/31/2021,13:00,9896.0098,1388.05,3885.95,924.224,11350.0996,5497.9399,2865.96,1132.15,36940.3833,E2,N,N
01/31/2021,13:00,10217.5,1443.1899,3847.6101,809.626,10800.5996,5558.8599,2816.48,1142.5601,36636.4256,E3,N,N
01/31/2021,13:00,10308.168,1420.891,3872.1238,842.6902,11145.5293,5593.3716,2846.7163,1137.429,37166.9192,M,Y,N
01/31/2021,14:00,10993.582,1450.9003,3743.9966,839.7943,11295.4248,5806.9771,3046.0283,1195.3524,38372.0558,A3,N,N
01/31/2021,14:00,10975.5127,1461.3999,3730.7817,877.0873,11289.1016,5764.5469,3003.4302,1242.6643,38344.5246,A6,N,N
01/31/2021,14:00,10700.2998,1418.16,3909.6699,746.787,10822,5680.3501,2848.4099,1151.6801,37277.3568,E,N,N
01/31/2021,14:00,10231.9004,1323.02,3837.72,849.148,10531.9004,5401.46,2955.98,1120.6899,36251.8187,E1,N,N
01/31/2021,14:00,9948.9102,1361.41,3846.1101,859.474,11104.4004,5436.9102,2894.4299,1079.53,36531.1748,E2,N,N
01/31/2021,14:00,10023.5,1368.48,3846.6101,803.203,10505,5510.25,2960.1799,1150.78,36168.003,E3,N,N
01/31/2021,14:00,10321.3633,1383.7526,3848.312,813.4838,10836.2656,5557.9321,2926.0059,1135.0028,36822.1181,M,Y,N
01/31/2021,15:00,11037.1406,1425.2972,3723.9294,803.757,11035.3848,5760.5718,3099.5378,1173.4196,38059.0382,A3,N,N
01/31/2021,15:00,11036.3076,1445.6893,3712.7324,804.5367,11027.1006,5696.9131,3065.0291,1218.6027,38006.9115,A6,N,N
01/31/2021,15:00,10690,1383.75,3980.8501,723.567,10520.7998,5695.8301,2888.27,1115.67,36998.737,E,N,N
01/31/2021,15:00,10173,1353.25,3811.8501,862.442,10302.0996,5336.52,2948.6201,1075.83,35863.6118,E1,N,N
01/31/2021,15:00,10033.2998,1364.9,3836.23,898.497,10655.9004,5395.7598,2913.78,1097.54,36195.907,E2,N,N
01/31/2021,15:00,10150.2998,1333.53,3789.1299,783.013,10518,5507.2998,2993.25,1169.75,36244.2725,E3,N,N
01/31/2021,15:00,10369.668,1367.8635,3843.5251,809.5441,10590.8613,5536.8594,2954.8447,1126.8962,36600.0623,M,Y,N
01/31/2021,16:00,10885.1074,1408.7968,3679.6443,766.23,10942.3115,5766.4888,3100.1641,1188.4036,37737.1465,A3,N,N
01/31/2021,16:00,10810.2012,1420.9949,3676.4607,724.2678,10906.3682,5700.5796,3065.3977,1220.8823,37525.1524,A6,N,N
01/31/2021,16:00,10601.7002,1355.22,3955.9199,714.976,10334.7998,5719.4702,2910.28,1154.29,36746.6561,E,N,N
01/31/2021,16:00,10183.7998,1333.5601,3801.76,846.778,10139.7998,5401.8999,2943.9399,1084.35,35735.8875,E1,N,N
01/31/2021,16:00,9875.2598,1350.4301,3829.5801,872.05,10652.2998,5391.29,2963.5601,1117.67,36052.1399,E2,N,N
01/31/2021,16:00,9763.7197,1359.4,3801.3,773.234,10208.5996,5540.9399,2997.6001,1161.11,35605.9033,E3,N,N
01/31/2021,16:00,10193.7832,1359.0571,3831.8755,791.691,10434.1895,5558.9736,2973.373,1142.3617,36285.3046,M,Y,N
01/31/2021,17:00,10709.665,1425.563,3685.5081,812.5868,11028.7031,5823.001,3030.2292,1178.0896,37693.3458,A3,N,N
01/31/2021,17:00,10678.6523,1450.0022,3680.6631,833.9616,10949.2686,5774.9556,2985.1797,1200.9539,37553.637,A6,N,N
01/31/2021,17:00,10503.7002,1371.61,3977.1899,726.433,10390.0996,5754.1499,2899.3701,1115.25,36737.8027,E,N,N
01/31/2021,17:00,10199.2002,1346.36,3768.3,808.223,10333,5459.4902,2995.49,1124.25,36034.3134,E1,N,N
01/31/2021,17:00,9721.75,1396.1899,3726.73,845.9,10769,5453.5298,2888.99,1186.84,35988.9297,E2,N,N
01/31/2021,17:00,9761.1602,1389.09,3764.24,778.193,10166.0996,5602.0098,2907.3101,1159.27,35527.3727,E3,N,N
01/31/2021,17:00,10110.2607,1385.7129,3798.7661,790.2327,10501.5127,5612.7339,2927.1323,1153.1324,36279.4837,M,Y,N
01/31/2021,18:00,10708.666,1455.1134,3714.2026,827.114,11360.7803,5951.4131,2972.1389,1202.1537,38191.582,A3,N,N
01/31/2021,18:00,10707.9785,1494.3837,3700.9165,835.0963,11262.168,5877.9844,2894.9648,1227.1167,38000.6089,A6,N,N
01/31/2021,18:00,10278.9004,1412.75,3993.9099,759.206,10809.4004,5779.21,2883.55,1084.72,37001.6467,E,N,N
01/31/2021,18:00,10088.7998,1421.77,3798.1399,798.922,10791.4004,5575.6001,2935.73,1172.74,36583.1022,E1,N,N
01/31/2021,18:00,9841.4297,1460.1801,3783.6799,865.684,11179.2998,5570.6802,2885.49,1194.5699,36781.0136,E2,N,N
01/31/2021,18:00,9972.21,1434.54,3802.3,796.939,10848.7998,5708.7002,2928.48,1142.48,36634.449,E3,N,N
01/31/2021,18:00,10122.8184,1436.4779,3834.0151,808.7117,10978.3984,5705.5244,2912.8638,1152.3042,36951.1139,M,Y,N
01/31/2021,19:00,10902.0586,1524.7712,3772.9883,872.4038,11857.1074,6256.4072,3028.5129,1279.873,39494.1224,A3,N,N
01/31/2021,19:00,10921.5928,1581.6602,3776.873,876.6184,11829.585,6195.5127,2961.031,1305.0835,39447.9566,A6,N,N
01/31/2021,19:00,10688.5996,1551.26,4026.8701,817.205,11742.7998,6116.75,2971.99,1141.27,39056.7445,E,N,N
01/31/2021,19:00,10488.0996,1483.09,3817.96,859.692,11407.7998,6008.6401,3025.1001,1228.23,38318.6116,E1,N,N
01/31/2021,19:00,10272.0996,1530.73,3844.6899,888.643,11857.5996,6009.48,3002.3601,1271.21,38676.8122,E2,N,N
01/31/2021,19:00,10405.0996,1527.74,3862.3301,826.589,11425.2998,6148.6699,3001.5601,1183.38,38380.6685,E3,N,N
01/31/2021,19:00,10515.2197,1528.415,3882.3411,849.6212,11664.5381,6101.856,3000.6792,1212.4779,38755.1482,M,Y,N
01/31/2021,20:00,10747.374,1513.4376,3792.1072,871.8362,11859.8877,6287.6265,3036.2405,1309.9204,39418.4301,A3,N,N
01/31/2021,20:00,10874.4111,1596.7524,3775.6416,868.158,11860.9541,6249.1265,2993.9705,1363.2625,39582.2767,A6,N,N
01/31/2021,20:00,10792.0996,1615.6801,4068.53,834.704,12381.5,6241.1001,2997.29,1159.97,40090.8738,E,N,N
01/31/2021,20:00,10505.9004,1501.1899,3879.4099,890.709,11653.7998,6106.3799,3133.71,1274.98,38946.0789,E1,N,N
01/31/2021,20:00,10329.7002,1531.55,3964.3701,876.139,11878.5996,6030.7002,3055.6599,1273.9,38940.619,E2,N,N
01/31/2021,20:00,10404.2002,1532.2,3951.99,848.153,11693.5,6124.5298,3047.51,1219.96,38822.043,E3,N,N
01/31/2021,20:00,10538.1592,1546.686,3955.1621,860.0671,11927.6113,6148.3335,3046.3586,1236.5701,39258.9479,M,Y,N
01/31/2021,21:00,10649.874,1502.8071,3792.9858,862.8253,11737.6787,6128.6309,2941.3442,1310.767,38926.913,A3,N,N
01/31/2021,21:00,10767.7695,1593.5867,3753.7996,857.5886,11769.2295,6097.7656,2899.9766,1351.0841,39090.8002,A6,N,N
01/31/2021,21:00,10728.0996,1624.7,4173.7798,841.938,12380.4004,6063.5601,2953.98,1098.67,39865.1279,E,N,N
01/31/2021,21:00,10336.7002,1531.5,3955.8799,877.916,11648.5,5947.1899,3036.4099,1256.33,38590.4259,E1,N,N
01/31/2021,21:00,10233.5,1549.33,4006.72,889.784,11922.4004,5987.5498,3033.54,1258.15,38880.9742,E2,N,N
01/31/2021,21:00,10169.9004,1515.2,4038.1001,848.232,11750.7002,6075.0098,2997.3899,1113.61,38508.1424,E3,N,N
01/31/2021,21:00,10406.1973,1551.5959,4023.2583,862.5811,11936.6475,6041.0073,2993.4468,1188.4946,39003.2288,M,Y,N
01/31/2021,22:00,10485.418,1470.7792,3829.4602,847.787,11607.1787,5922.9253,2862.3401,1273.2167,38299.1052,A3,N,N
01/31/2021,22:00,10622.8936,1551.5789,3784.6399,838.6236,11638.2363,5915.7012,2806.8633,1300.7356,38459.2724,A6,N,N
01/31/2021,22:00,10489.7002,1569.1801,4282.3701,829.986,12029.5,5925.0898,2879.3701,1027.27,39032.4663,E,N,N
01/31/2021,22:00,9995.6699,1497.76,3913.1101,863.805,11417.7998,5731.6299,2948.29,1245.1801,37613.2448,E1,N,N
01/31/2021,22:00,9970.9805,1506.47,4000.8799,874.117,11731.0996,5916.5298,2955.3,1231.92,38187.2968,E2,N,N
01/31/2021,22:00,10027.7998,1489.58,4098.6602,829.766,11352.0996,5821.8101,2963.98,1023.22,37606.9157,E3,N,N
01/31/2021,22:00,10182.2559,1512.375,4063.2988,847.4163,11656.2969,5872.6768,2925.9912,1135.4021,38195.713,M,Y,N
01/31/2021,23:00,10258.8457,1415.5386,3847.3115,826.6387,11092.2207,5605.3394,2723.304,1214.4403,36983.6389,A3,N,N
01/31/2021,23:00,10430.875,1526.8007,3827.0432,803.9248,11203.9307,5589.2241,2655.9312,1178.724,37216.4537,A6,N,N
01/31/2021,23:00,10120,1505.0699,4253.6499,799.943,11424.0996,5656.1802,2762.55,903.833,37425.3256,E,N,N
01/31/2021,23:00,9982.75,1505.8101,3935.73,860.761,11373.9004,5675.1602,2865.6899,1262.12,37461.9216,E1,N,N
01/31/2021,23:00,9726.6504,1472.48,3976.6201,870.654,11247.4004,5726.73,2852.9099,1185.45,37058.8948,E2,N,N
01/31/2021,23:00,9608.0596,1458.7,4084.4099,830.419,11100.5996,5584.0801,2711.49,978.951,36356.7092,E3,N,N
01/31/2021,23:00,9893.877,1474.2312,4051.5503,836.179,11251.291,5651.8101,2780.3618,1076.6285,37015.9289,M,Y,N
01/31/2021,24:00,9936.1592,1354.7802,3844.4902,797.4434,10690.4248,5383.8311,2604.6394,1187.6915,35799.4598,A3,N,N
01/31/2021,24:00,10138.835,1439.0095,3838.2522,764.0244,10550.0234,5269.3813,2524.2917,1120.8329,35644.6504,A6,N,N
01/31/2021,24:00,9716.4102,1440.36,4161.6001,773.349,10759.5,5401.3101,2644.2,978.305,35875.0344,E,N,N
01/31/2021,24:00,9969.8203,1513.86,3958.3501,857.716,11329.9004,5618.6899,2783.0901,1279.0601,37310.4869,E1,N,N
01/31/2021,24:00,9323.5303,1425.76,3947.2,840.751,10792.2002,5412.5801,2641.54,1165.66,35549.2216,E2,N,N
01/31/2021,24:00,9266.2695,1400.01,4004.1499,802.547,10678.2998,5342.5601,2595.75,1057.84,35147.4263,E3,N,N
01/31/2021,24:00,9564.7998,1425.1125,4003.5928,811.0566,10810.041,5414.4277,2643.8386,1108.7952,35781.6642,M,Y,N
02/01/2021,1:00,9739.8545,1417.1713,3869.4092,813.0974,10514.6406,5375.793,2513.7227,1194.7726,35438.4613,A3,N,N
02/01/2021,1:00,9832.1914,1415.109,3903.7383,772.3779,10541.1152,5444.4116,2433.7524,1101.3077,35444.0035,A6,N,N
02/01/2021,1:00,9652.75,1382.2,4071.8701,784.356,10337.4004,5248.8398,2499.53,1104.92,35081.8663,E,N,N
02/01/2021,1:00,9826.0898,1512.26,3952.8701,848.101,11237.5,5559.23,2655.1499,1264.01,36855.2108,E1,N,N
02/01/2021,1:00,9087.0703,1420.3199,3922.45,827.87,10537.7998,5316.7598,2487.25,1163.9399,34763.4597,E2,N,N
02/01/2021,1:00,9188.8799,1348.3199,3884.29,783.062,10598.5996,5202.0698,2469.8,1199.5601,34674.5813,E3,N,N
02/01/2021,1:00,9427.918,1403.8888,3947.4375,806.4718,10587.4668,5308.7954,2510.2542,1174.4529,35166.6854,M,Y,N
02/01/2021,2:00,9643.1074,1418.9775,3872.1399,815.4797,10389.9746,5374.3066,2440.2676,1226.151,35180.4043,A3,N,N
02/01/2021,2:00,9756.9746,1395.3113,3903.1726,766.2044,10517.7217,5578.2808,2345.1414,1121.7993,35384.6061,A6,N,N
02/01/2021,2:00,9556.1504,1377.65,3971.8701,797.793,10360,5222.7402,2417.8899,1168.22,34872.3136,E,N,N
02/01/2021,2:00,9451.0801,1471.5699,3853.51,830.851,11175.2002,5611.54,2600.6101,1165.91,36160.2713,E1,N,N
02/01/2021,2:00,8965.5098,1427.99,3917.1599,825.124,10363.7002,5274.6201,2402.74,1169.4301,34346.2741,E2,N,N
02/01/2021,2:00,9156.1396,1344.38,3863.99,779.872,10683.5,5214.8501,2362.78,1215.74,34621.2517,E3,N,N
02/01/2021,2:00,9306.2236,1398.8234,3903.9612,806.4886,10547.4473,5301.2837,2425.9622,1187.3552,34877.5452,M,Y,N
02/01/2021,3:00,9698.2246,1462.0448,3885.2947,826.9722,10596.1436,5444.4185,2407.4065,1258.4736,35578.9785,A3,N,N
02/01/2021,3:00,9842.8252,1401.7582,3927.2144,761.8788,10798.5996,5694.5498,2297.2876,1111.3925,35835.5061,A6,N,N
02/01/2021,3:00,9543.04,1408.2,3928.8899,824.266,10602.5,5285.8799,2378.6299,1251.91,35223.3157,E,N,N
02/01/2021,3:00,9638.6299,1533.46,3989.95,878.648,11415.2998,5622.0801,2620.3799,1222.83,36921.2777,E1,N,N
02/01/2021,3:00,8970.21,1470.85,3940.0601,833.007,10499.7998,5276.3901,2364.6299,1157.4301,34512.377,E2,N,N
02/01/2021,3:00,9091.0498,1382.1801,3815.4299,784.947,10824,5357.8301,2358.3201,1282.45,34896.207,E3,N,N
02/01/2021,3:00,9318.1816,1439.7456,3905.5005,823.7575,10733.0059,5363.3374,2403.8682,1233.1104,35220.5071,M,Y,N
02/01/2021,4:00,10052.416,1534.2,3892.8455,853.7165,10878,5640.0713,2420.9797,1312.4965,36584.7255,A3,N,N
02/01/2021,4:00,10121.6396,1451.5848,3894.332,786.0469,11189.6885,5918.4375,2286.6335,1231.6431,36880.0059,A6,N,N
02/01/2021,4:00,9667.2305,1472.36,3913.45,846.587,11006,5439.3101,2395.2,1252.95,35993.0876,E,N,N
02/01/2021,4:00,9792.7598,1565.65,4034.8301,895.795,11745.2998,5799.6802,2666.1101,1257.97,37758.095,E1,N,N
02/01/2021,4:00,9109.04,1478.0601,3938.9399,862.893,10769.2002,5514.5898,2446.8201,1204.75,35324.2931,E2,N,N
02/01/2021,4:00,9331.8096,1435.96,3860.8799,828.318,11301.5996,5667.96,2447.0901,1342.89,36216.5072,E3,N,N
02/01/2021,4:00,9507.667,1484.0762,3919.2769,853.1384,11097.1133,5585.4336,2458.1638,1271.4558,36176.325,M,Y,N
02/01/2021,5:00,10405.293,1614.5154,3887.9922,920.6025,11201.626,6013.729,2487.4365,1396.1251,37927.3197,A3,N,N
02/01/2021,5:00,10485.5791,1507.3651,3843.7063,862.3757,11831.8145,6345.3911,2333.575,1382.4447,38592.2515,A6,N,N
02/01/2021,5:00,9992.6104,1553.22,3891.46,894.679,11720.0996,5776.3999,2470.6599,1327.16,37626.2888,E,N,N
02/01/2021,5:00,10034.5996,1627.3199,4032.48,907.254,12344.2002,6027.4199,2624.1799,1229.34,38826.7935,E1,N,N
02/01/2021,5:00,9496.0996,1561.8101,3959.6399,891.129,11134.7998,5801.8701,2505.76,1231.6,36582.7085,E2,N,N
02/01/2021,5:00,9726.4404,1573.78,3846.3799,911.089,11775.2002,6035.54,2492.4199,1436.52,37797.3694,E3,N,N
02/01/2021,5:00,9858.7744,1577.4319,3914.429,902.7063,11600.7529,5908.5957,2506.1621,1327.0032,37595.8555,M,Y,N
02/01/2021,6:00,11011.3867,1770.1852,3909.9417,1002.0032,12353.3506,6566.3037,2626.9063,1486.0146,40726.092,A3,N,N
02/01/2021,6:00,11035.2412,1641.3669,3863.6606,943.1522,13004.3916,6894.9507,2495.2297,1503.1411,41381.134,A6,N,N
02/01/2021,6:00,10568,1717.53,3941.27,950.546,12970.7002,6372,2656.3799,1406.8199,40583.246,E,N,N
02/01/2021,6:00,10679.2998,1733.9,4090.03,1021.56,13254.7998,6669.21,2848.1699,1381.08,41678.0495,E1,N,N
02/01/2021,6:00,10123.0996,1664.6899,3982.8799,942.881,12483.4004,6315.6099,2656.8501,1338.85,39508.2608,E2,N,N
02/01/2021,6:00,10316.9004,1640.14,3882.3501,966.059,12909.7998,6538.3101,2653.8899,1579.08,40486.5293,E3,N,N
02/01/2021,6:00,10463.3359,1693.6007,3951.6216,967.8169,12791.9941,6460.9194,2676.1646,1439.5743,40445.0275,M,Y,N
02/01/2021,7:00,11776.4941,1960.6418,3979.6177,1101.7655,13494.334,7249.3989,2878.5039,1569.2733,44010.0292,A3,N,N
02/01/2021,7:00,11671.6299,1807.9659,3946.1143,1041.5175,14438.6992,7699.021,2781.9006,1595.3224,44982.1708,A6,N,N
02/01/2021,7:00,11290,1866.97,4032.8899,1009.59,14401.5996,7052.8398,2941.8401,1502.17,44097.8994,E,N,N
02/01/2021,7:00,11433.5,1902.6801,4111.6499,1058.6801,14618.9004,7207.4702,3127.8201,1493.27,44953.9708,E1,N,N
02/01/2021,7:00,10846.7002,1881.39,4082.24,1037.96,14025.9004,7208.77,3065.3101,1477.8199,43626.0906,E2,N,N
02/01/2021,7:00,10977.2002,1830.16,3977.6599,1027.4301,14307.2002,6909.6602,2987.22,1619.27,43635.8006,E3,N,N
02/01/2021,7:00,11179.7236,1877.5453,4034.606,1038.8007,14197.8291,7099.9263,2999.3831,1532.6329,43960.447,M,Y,N
02/01/2021,8:00,12159.7109,2034.6337,4017.2202,1137.3306,14072.1953,7682.7549,3031.9011,1626.8046,45762.5513,A3,N,N
02/01/2021,8:00,11947.0527,1862.3632,4001.4524,1074.8031,15063.0684,8043.5605,2951.2654,1670.1366,46613.7023,A6,N,N
02/01/2021,8:00,11659.2002,1935.4,4086.6299,1037.84,15061.5996,7374.2798,3096.3301,1536.3199,45787.5995,E,N,N
02/01/2021,8:00,11586.0996,1909.21,3984.53,1051.4399,14841.9004,7308.5801,3210.4199,1456.38,45348.5599,E1,N,N
02/01/2021,8:00,11526,1961.99,4112.9502,1070.58,14745.2998,7567.0298,3169.1201,1544.0699,45697.0398,E2,N,N
02/01/2021,8:00,11532.7998,1916.6,4047.8401,1099.75,14996.7998,7463.1299,3182.26,1695.8,45934.9796,E3,N,N
02/01/2021,8:00,11647.7266,1946.4779,4062.0737,1075.6388,14815.1875,7475.0264,3142.2178,1579.4456,45743.7943,M,Y,N
02/01/2021,9:00,12202.1387,2040.329,3962.3643,1136.396,13961.6201,7592.7998,3098.1184,1603.3778,45597.1441,A3,N,N
02/01/2021,9:00,12044.166,1901.6667,3965.8042,1086.3373,14863.9785,8095.0811,2984.2742,1662.5568,46603.8648,A6,N,N
02/01/2021,9:00,11798.4004,1914.5601,3959.3,1034.36,14931,7235.3501,3054.0901,1498.34,45425.4007,E,N,N
02/01/2021,9:00,11491.2002,1833.0601,3916.79,1045.1801,14214.0996,6969.46,3123.8101,1379.03,43972.6301,E1,N,N
02/01/2021,9:00,11305.0996,1865.41,4024.8999,1046.02,14214.2998,7303.1699,3068.9399,1476.28,44304.1191,E2,N,N
02/01/2021,9:00,11505.4004,1870.04,3970.03,1080.91,14271.4004,7290.2202,2998.6001,1657.49,44644.0911,E3,N,N
02/01/2021,9:00,11613.8926,1896.6761,3973.4519,1063.0195,14376.1406,7277.4678,3058.1484,1530.8286,44789.6255,M,Y,N
02/01/2021,10:00,11918.1523,2000.4685,3913.6113,1126.5979,14047.2646,7285.7095,3084.8035,1528.6937,44905.3013,A3,N,N
02/01/2021,10:00,11943.1064,1868.1445,3939.7993,1113.5575,14432.7715,7810.3105,2972.5105,1566.4426,45646.6428,A6,N,N
02/01/2021,10:00,11638,1783.9399,3971.54,1022.28,14063.4004,6785.54,3020.8401,1382.55,43668.0904,E,N,N
02/01/2021,10:00,11431.9004,1780.63,3867.54,1015.99,13598.4004,6803.9199,3061.8,1378.13,42938.3107,E1,N,N
02/01/2021,10:00,11226.0996,1796.02,4022.0601,1045.03,13597.4004,6753.8501,3011.3601,1296.65,42748.4703,E2,N,N
02/01/2021,10:00,11362.7998,1767.4399,3893.3301,1093.8101,13714.5,6813.73,2934.8,1505.9,43086.3099,E3,N,N
02/01/2021,10:00,11475.4814,1809.4873,3944.3765,1058.1035,13799.5332,6849.4839,3010.0754,1409.6279,43356.1691,M,Y,N
02/01/2021,11:00,11778.0264,1905.2231,3869.9229,1088.7175,13775.0156,6927.5552,3050.8259,1443.2695,43838.5561,A3,N,N
02/01/2021,11:00,11725.5957,1798.7946,3919.05,1087.2433,13791.8828,7228.4478,2899.3125,1467.3008,43917.6275,A6,N,N
02/01/2021,11:00,11529.5,1663.39,3912.55,972.235,13455.9004,6457.6499,2914.4399,1336.49,42242.1552,E,N,N
02/01/2021,11:00,11266.7998,1712.95,3960.53,982.388,13044.0996,6481.7598,2972.9299,1328.2,41749.6571,E1,N,N
02/01/2021,11:00,11088.5996,1712.52,3939.48,992.767,13119.7998,6441.0801,2974.1799,1211.3,41479.7264,E2,N,N
02/01/2021,11:00,11266.7002,1657.24,3874.3899,1060.58,13107.5996,6470.71,2858.46,1409.61,41705.2897,E3,N,N
02/01/2021,11:00,11351.8037,1710.5591,3910.4116,1015.2837,13273.2148,6518.5244,2939.7395,1335.7837,42055.3205,M,Y,N
02/01/2021,12:00,11590.1807,1795.0613,3824.2891,1031.6375,13368.4785,6633.4507,3015.8362,1363.4697,42622.4037,A3,N,N
02/01/2021,12:00,11600.1631,1742.927,3873.4412,1041.8628,13431.2578,6776.3379,2914.0596,1429.1862,42809.2356,A6,N,N
02/01/2021,12:00,11309.0996,1577.29,3847.28,935.981,12960.7998,6209.0698,2840.3301,1294.1,40973.9503,E,N,N
02/01/2021,12:00,11121.0996,1640.6899,3938.53,953.875,12635,6129.4502,2895.3799,1256.33,40570.3546,E1,N,N
02/01/2021,12:00,10989.5,1633.6,3927.6299,970.137,12682.7002,6095.8301,2880.6399,1223.24,40403.2771,E2,N,N
02/01/2021,12:00,11028.2002,1579.49,3769.79,1006.07,12456.0996,6192.4199,2758.01,1437.77,40227.8497,E3,N,N
02/01/2021,12:00,11170.6094,1627.064,3856.5276,976.2361,12775.334,6219.6924,2858.647,1316.2524,40800.3629,M,Y,N
02/01/2021,13:00,11354.083,1718.0984,3765.2271,961.8041,12928.665,6396.1982,2999.5286,1316.0247,41439.6291,A3,N,N
02/01/2021,13:00,11345.1846,1705.9846,3796.2063,995.7473,12944.6104,6518.4429,2936.7034,1398.0541,41640.9336,A6,N,N
02/01/2021,13:00,11011.0996,1500.4399,3803.49,885.146,12354.5996,6049.1602,2825.9299,1322.92,39752.7852,E,N,N
02/01/2021,13:00,10806.5,1570.28,3818.05,918.38,12082.0996,5956.9702,2825.8201,1230.3101,39208.41,E1,N,N
02/01/2021,13:00,10839.7998,1561.22,3883.3799,941.315,12240.2998,5978.5601,2862.8501,1172,39479.4247,E2,N,N
02/01/2021,13:00,10836,1580.46,3728.29,959.974,11861.5996,5986.1699,2718.55,1373.11,39044.1535,E3,N,N
02/01/2021,13:00,10941.7979,1571.5774,3801.6995,931.6317,12240.4707,6047.6187,2830.0012,1285.2993,39650.0964,M,Y,N
02/01/2021,14:00,11191.4092,1660.449,3734.0786,929.1378,12553.3203,6201.3398,3005.292,1254.6588,40529.6855,A3,N,N
02/01/2021,14:00,11311.2461,1647.2484,3748.426,969.212,12460.2246,6346.4746,2998.2847,1325.1752,40806.2916,A6,N,N
02/01/2021,14:00,10900.2998,1446.98,3787.0901,858.126,11813.9004,5887.96,2830.5701,1274.88,38799.8064,E,N,N
02/01/2021,14:00,10704.9004,1525.03,3858.6899,902.03,11743.7998,5642.71,2792.54,1202.1899,38371.89,E1,N,N
02/01/2021,14:00,10747.4004,1516.03,3918.3,932.235,11656.4004,5777.8799,2887.1101,1116.23,38551.5858,E2,N,N
02/01/2021,14:00,10618.4004,1512.49,3714.3999,955.332,11403,5709.1001,2661.9299,1338.09,37912.7423,E3,N,N
02/01/2021,14:00,10803.5635,1517.0601,3804.0435,915.3192,11755.4648,5824.2407,2819.6313,1239.4061,38678.7292,M,Y,N
02/01/2021,15:00,11010.0801,1605.1786,3709.3762,875.6706,12209.0684,6065.3335,2992.2205,1224.5437,39691.4716,A3,N,N
02/01/2021,15:00,11217.5303,1612.4175,3714.0371,889.684,12098.9482,6156.2896,3015.0413,1288.3617,39992.3097,A6,N,N
02/01/2021,15:00,10807.5,1418.24,3783.3601,800.802,11499.5,5725.0801,2834.3201,1221.52,38090.3223,E,N,N
02/01/2021,15:00,10614.9004,1495.63,3809.1699,857.7,11240.7998,5524.8599,2746.23,1191.24,37480.53,E1,N,N
02/01/2021,15:00,10676.7998,1478.8101,3876.96,903.873,11489.5996,5768.3701,2922.3401,1150.12,38266.8727,E2,N,N
02/01/2021,15:00,10560.2998,1450.97,3666.3301,835.235,11205.9004,5472.0498,2665.49,1362.99,37219.2651,E3,N,N
02/01/2021,15:00,10714.2725,1474.606,3771.481,851.6488,11479.9844,5690.1494,2822.8438,1235.6304,38040.6163,M,Y,N
02/01/2021,16:00,10847.6865,1558.406,3696.2598,825.5693,11994.4639,6032.5498,2958.1682,1223.2177,39136.3212,A3,N,N
02/01/2021,16:00,10994.5605,1582.0142,3701.2439,797.6882,11873.6143,6084.7129,2999.3486,1271.2854,39304.468,A6,N,N
02/01/2021,16:00,10727,1396.0601,3806.99,750.13,11307.4004,5657.1099,2832.1799,1217.09,37693.9603,E,N,N
02/01/2021,16:00,10510.5996,1450.5699,3791.6899,837.958,11152.2998,5505.0898,2615.72,1184.7,37048.627,E1,N,N
02/01/2021,16:00,10627.7998,1479.67,3902.27,876.486,11218.4004,5723.8901,2840.3,1173.4399,37842.2562,E2,N,N
02/01/2021,16:00,10224.4004,1419.9301,3650.0801,763.085,10764.4004,5484.8501,2655.72,1351.54,36314.0061,E3,N,N
02/01/2021,16:00,10564.5859,1450.0371,3775.8286,805.3661,11215.8965,5658.6675,2778.7859,1236.5072,37485.6748,M,Y,N
02/01/2021,17:00,10819.7314,1576.9583,3708.8225,865.8442,12120.125,6106.7705,2907.7346,1223.6414,39329.6279,A3,N,N
02/01/2021,17:00,10916.5557,1609.2946,3714.2498,900.8411,11944.0225,6148.9419,2933.7981,1258.4512,39426.1549,A6,N,N
02/01/2021,17:00,10713,1424.9,3847.04,795.293,11329.9004,5728.4502,2830.3701,1245.5699,37914.5236,E,N,N
02/01/2021,17:00,10407.2998,1475.61,3750.8601,809.529,11380.2002,5529.2202,2740.51,1200.6,37293.8293,E1,N,N
02/01/2021,17:00,10537.2998,1479.22,3840.1899,893.705,11382.9004,5742.4502,2879.29,1200.7,37955.7553,E2,N,N
02/01/2021,17:00,10499.9004,1504.17,3706.95,836.083,11017.2998,5822.71,2656.51,1326.59,37370.2132,E3,N,N
02/01/2021,17:00,10590.9297,1483.6436,3781.0054,840.6919,11370.0654,5777.9014,2797.573,1246.2451,37888.0555,M,Y,N
02/01/2021,18:00,10966.0684,1619.3098,3727.8711,871.6503,12439.2061,6255.9829,2872.4336,1244.7734,39997.2956,A3,N,N
02/01/2021,18:00,10997.043,1642.2988,3724.2258,889.527,12226.4795,6251.335,2855.1211,1279.8025,39865.8327,A6,N,N
02/01/2021,18:00,10668,1451.4399,3841.2,798.263,11745.7998,5863.8398,2813.9099,1312.61,38495.0624,E,N,N
02/01/2021,18:00,10531.7998,1537.0601,3819.29,835.874,11832.2002,5785.5,2778.4399,1259.8101,38379.9741,E1,N,N
02/01/2021,18:00,10379.5,1554.05,3806.1201,883.45,12198.2998,5918.25,2870.28,1190.5,38800.4499,E2,N,N
02/01/2021,18:00,10509.7998,1547.38,3685.9099,854.777,11540.5,5981.7998,2663.1499,1357.48,38140.7964,E3,N,N
02/01/2021,18:00,10576.5586,1532.7637,3776.7026,847.563,11905.0752,5946.1582,2793.1943,1278.2205,38656.2361,M,Y,N
02/01/2021,19:00,11369.0322,1707.467,3807.3821,914.1037,12925.4834,6608.2974,2997.8813,1321.054,41650.7011,A3,N,N
02/01/2021,19:00,11301.9873,1743.5785,3813.1958,927.5376,12759.1963,6601.1914,2936.3103,1356.3105,41439.3077,A6,N,N
02/01/2021,19:00,11078.7002,1579.17,3885.6201,833.662,12489.0996,6316.1401,2964.8999,1401.3199,40548.6118,E,N,N
02/01/2021,19:00,10976.5,1642.98,3881.46,853.768,12546.4004,6224.21,2890.3701,1298.17,40313.8585,E1,N,N
02/01/2021,19:00,10968,1651.37,3905.05,928.783,12339.2002,6223.9302,2960.6899,1275.8,40252.8233,E2,N,N
02/01/2021,19:00,10911.7002,1687.05,3768.1399,882.283,12221.2998,6194.29,2820.6399,1489.15,39974.5528,E3,N,N
02/01/2021,19:00,11032.792,1648.2034,3850.8076,882.166,12446.3857,6287.6533,2922.5889,1368.9705,40439.5674,M,Y,N
02/01/2021,20:00,11405.3867,1715.9247,3802.5239,904.7318,12833.8496,6691.7524,3070.8997,1363.9045,41788.9733,A3,N,N
02/01/2021,20:00,11297.2373,1791.6245,3793.155,912.0564,12744.7334,6703.0273,2993.488,1422.8867,41658.2086,A6,N,N
02/01/2021,20:00,11253.0996,1662.3199,3855.6399,848.086,12679.2998,6469.6201,3062.97,1482.98,41314.0153,E,N,N
02/01/2021,20:00,11002.5996,1641.28,3940.52,876.314,12669.2002,6340.5698,3044.6101,1366.1801,40881.2738,E1,N,N
02/01/2021,20:00,10918.7998,1629.4301,3967.04,896.851,12595.7002,6352.7798,3052.3201,1312.63,40725.551,E2,N,N
02/01/2021,20:00,11194.0996,1687.02,3706.73,881.443,12550.2002,6438.3999,2919.51,1549.89,40927.2927,E3,N,N
02/01/2021,20:00,11142.498,1664.3431,3850.2329,879.2257,12644.1807,6444.2402,3023.1387,1427.6356,41075.4949,M,Y,N
02/01/2021,21:00,11294.3623,1719.3622,3783.6758,896.4986,12629.2607,6635.2715,3037.2244,1375.9807,41371.6362,A3,N,N
02/01/2021,21:00,11218.4844,1813.4454,3756.417,906.6701,12572.7559,6646.4883,2938.3323,1422.6976,41275.291,A6,N,N
02/01/2021,21:00,11162.2002,1702.61,3797.27,844.556,12569.7998,6426.9902,3008.6001,1529.27,41041.2963,E,N,N
02/01/2021,21:00,10933.2002,1661.1899,3960,882.383,12584.9004,6367.5,3055.8,1387.7,40832.6735,E1,N,N
02/01/2021,21:00,10829,1658.21,4017.04,901.952,12588.7998,6371.96,3048.5701,1334.37,40749.9019,E2,N,N
02/01/2021,21:00,11144.5996,1739.99,3673.8799,868.611,12613.9004,6437.6499,2944.1201,1589.39,41012.1409,E3,N,N
02/01/2021,21:00,11062.3945,1697.7715,3840.0071,876.14,12594.8945,6434.4966,3011.9507,1458.7177,40976.3726,M,Y,N
02/01/2021,22:00,11051.5156,1674.2863,3802.0295,876.8628,12377.9473,6498.0366,2996.7991,1351.9719,40629.4491,A3,N,N
02/01/2021,22:00,10975.5029,1780.1617,3769.0889,886.1776,12378.3652,6401.2407,2869.1729,1387.2141,40446.924,A6,N,N
02/01/2021,22:00,10958.2002,1677.59,3758.6399,832.48,12241,6213.5801,2944.4299,1463.15,40089.0701,E,N,N
02/01/2021,22:00,10673.2002,1634.24,3925.1699,883.171,12404.9004,6240.9199,3004.24,1405.54,40171.3814,E1,N,N
02/01/2021,22:00,10536.9004,1637.92,4006.6499,888.789,12611.2998,6275.9199,2983.6299,1347.95,40289.0589,E2,N,N
02/01/2021,22:00,10853.4004,1720.29,3712.8601,845.712,12275.2002,6315.3701,2854.95,1544.1801,40121.9629,E3,N,N
02/01/2021,22:00,10802.7148,1672.5157,3835.4375,861.7495,12379.7305,6293.5869,2945.8826,1433.509,40225.1265,M,Y,N
02/01/2021,23:00,10697.417,1600.0018,3800.6953,843.105,11701.5254,6243.8364,2879.9497,1296.6617,39063.1923,A3,N,N
02/01/2021,23:00,10690.8945,1699.1481,3794.0083,844.8267,11744.5635,6260.1289,2730.6484,1269.2543,39033.4727,A6,N,N
02/01/2021,23:00,10646,1640.04,3743.3799,814.362,11672.2998,5934.8501,2809.3,1445.61,38705.8418,E,N,N
02/01/2021,23:00,10594.7998,1622.7,3929.5,876.041,12149.9004,6146.8501,2939.79,1403.38,39662.9613,E1,N,N
02/01/2021,23:00,10241.2002,1582.59,3947.1899,854.768,11899.2998,6022.1699,2938.26,1379.55,38865.0278,E2,N,N
02/01/2021,23:00,10445.5996,1744.72,3893.27,826.812,11788.5,6030.0298,2852.54,1559.08,39140.5514,E3,N,N
02/01/2021,23:00,10494.7266,1644.6753,3862.2344,838.8788,11821.4531,6045.5981,2877.4924,1433.5652,39018.6239,M,Y,N
02/01/2021,24:00,10309.7568,1507.0453,3791.7146,823.0836,11203.6152,5969.3472,2766.2395,1252.7114,37623.5136,A3,N,N
02/01/2021,24:00,10310.9902,1583.7853,3799.9688,811.8034,11005.4775,6013.9395,2609.4683,1203.9058,37339.3388,A6,N,N
02/01/2021,24:00,10245.2998,1539.39,3789.9399,797.572,11100.2002,5612.5,2672.0801,1377.1801,37134.1621,E,N,N
02/01/2021,24:00,10516.4004,1611.15,3933.8301,868.912,11894.9004,6052.77,2875.3401,1401.22,39154.523,E1,N,N
02/01/2021,24:00,9765.3203,1522.83,3936.6699,830.244,11378.2998,5680.3799,2691.01,1301.0699,37105.8238,E2,N,N
02/01/2021,24:00,10036.5996,1590.53,3808.8999,813.255,11198.0996,5720.4199,2660.99,1455.61,37284.404,E3,N,N
02/01/2021,24:00,10115.0742,1552.9619,3849.5708,821.7672,11306.4648,5756.0894,2711.2175,1365.2064,37478.3522,M,Y,N
02/02/2021,1:00,10045.5342,1418.5515,3825.6389,832.0836,10963.8555,5927.749,2679.6353,1247.0883,36940.1363,A3,N,N
02/02/2021,1:00,9959.0508,1492.1035,3854.6287,803.9715,10978.415,6104.1162,2521.4231,1181.0446,36894.7534,A6,N,N
02/02/2021,1:00,9775.9805,1473.78,3981.72,780.778,10741.5996,5380.5098,2575.1899,1208.6,35918.1578,E,N,N
02/02/2021,1:00,10228.5996,1575.03,3915.71,839.318,11445.4004,5859.73,2753.8301,1355.54,37973.1581,E1,N,N
02/02/2021,1:00,9535.8701,1496.89,3938.8401,811.871,10990.5,5522.9902,2542.1799,1252.87,36092.0113,E2,N,N
02/02/2021,1:00,9609.0498,1431.67,3840.22,794.444,10964.5,5468.23,2545.0901,1258.6801,35911.884,E3,N,N
02/02/2021,1:00,9764.4922,1474.7827,3907.8635,805.6984,10975.3066,5566.3677,2594.7981,1255.3661,36344.6753,M,Y,N
02/02/2021,2:00,9928.9395,1419.3066,3819.2458,829.1554,10760.665,5889.8193,2608.344,1251.9534,36507.429,A3,N,N
02/02/2021,2:00,9937.4951,1456.4054,3834.6675,790.5999,10907.0166,6071.4282,2443.8428,1161.9282,36603.3837,A6,N,N
02/02/2021,2:00,9595.4502,1477.26,3944.4299,779.954,10643.5996,5353.98,2493.6201,1199.73,35488.0238,E,N,N
02/02/2021,2:00,9830.5498,1528.8,3870.6299,815.329,11151.2002,5791.1802,2711.29,1223.17,36922.1491,E1,N,N
02/02/2021,2:00,9427.4004,1506.59,3968.75,801.051,10713.2998,5452.8301,2475.3701,1217.47,35562.7614,E2,N,N
02/02/2021,2:00,9498.5703,1423.98,3789.0701,776.823,10891.0996,5444.21,2479.8201,1254.1,35557.6731,E3,N,N
02/02/2021,2:00,9600.291,1470.4708,3886.7969,795.0176,10800.9824,5522.8799,2527.1567,1227.2155,35830.8108,M,Y,N
02/02/2021,3:00,10015.415,1428.9301,3825.6975,833.4565,10757.1387,5934.6641,2608.6011,1265.8154,36669.7184,A3,N,N
02/02/2021,3:00,10053.8828,1445.8088,3847.5801,782.542,10992.2432,6130.124,2448.4558,1168.61,36869.2467,A6,N,N
02/02/2021,3:00,9526.0996,1480.88,3930.8601,795.298,10703.5996,5408.4199,2445.1299,1313.1801,35603.4672,E,N,N
02/02/2021,3:00,9907.0898,1536,3870.1599,836.608,11175.4004,5794.9399,2729.5801,1333.48,37183.2581,E1,N,N
02/02/2021,3:00,9414.3896,1515.11,3932.1599,798.529,10774.7998,5420.2598,2437.3899,1226.4301,35519.0681,E2,N,N
02/02/2021,3:00,9539.7998,1450.3101,3773.29,764.388,11105,5599.8999,2463.95,1258.8101,35955.4479,E3,N,N
02/02/2021,3:00,9610.3857,1482.1913,3871.0598,798.3118,10887.417,5573.3452,2503.8901,1274.517,36001.1179,M,Y,N
02/02/2021,4:00,10168.9492,1483.4575,3829.8242,853.5373,10964.9307,6087.9375,2621.8289,1298.3008,37308.7661,A3,N,N
02/02/2021,4:00,10220.4385,1485.4359,3834.5471,798.3804,11223.834,6224.2427,2477.9063,1257.1453,37521.9302,A6,N,N
02/02/2021,4:00,9618.7002,1527.34,3906.9399,808.99,10890.7998,5511.6499,2450.03,1288.0601,36002.5099,E,N,N
02/02/2021,4:00,10039,1571.6899,3961.0601,851.52,11262.2002,5957.21,2699.9399,1258.23,37600.8501,E1,N,N
02/02/2021,4:00,9468.8398,1518.15,3894.4399,815.333,10960.9004,5514.5498,2501.9399,1250.36,35924.5128,E2,N,N
02/02/2021,4:00,9599.6201,1454.2,3785.72,818.719,11260.5996,5713.8799,2485,1335.08,36452.8186,E3,N,N
02/02/2021,4:00,9697.7842,1506.8159,3870.6355,823.8926,11056.4668,5690.6631,2524.4634,1287.9414,36458.6629,M,Y,N
02/02/2021,5:00,10438.9434,1547.167,3819.0977,903.3341,11379.0459,6405.0073,2683.1948,1350.7144,38526.5046,A3,N,N
02/02/2021,5:00,10482.876,1525.2694,3810.3396,858.1873,11497.499,6511.8076,2529.2214,1380.8448,38596.0451,A6,N,N
02/02/2021,5:00,9891.7002,1588.9301,3855.8799,843.236,11354.2998,5755.3999,2502.8601,1354.13,37146.436,E,N,N
02/02/2021,5:00,10206.7002,1615.02,3963.76,872.568,11725.7002,6097.3599,2660.8201,1279.09,38421.0184,E1,N,N
02/02/2021,5:00,9747.5098,1591.66,3968.96,841.719,11397,5737.8599,2501.3701,1283.76,37069.8388,E2,N,N
02/02/2021,5:00,9863.9902,1534.47,3819.29,890.769,11476.5996,6097.8999,2529.9199,1385.55,37598.4886,E3,N,N
02/02/2021,5:00,9956.5059,1574.0383,3883.8896,865.9188,11445.0684,5960.5859,2551.5396,1334.5856,37572.1321,M,Y,N
02/02/2021,6:00,11079.1758,1702.0148,3845.6829,964.2585,12364.5215,6916.916,2823.9802,1435.3112,41131.8609,A3,N,N
02/02/2021,6:00,11070.3086,1655.5443,3833.7849,932.6683,12592.0205,6966.7876,2663.2993,1500.1824,41214.5959,A6,N,N
02/02/2021,6:00,10467.7002,1741.24,3890.77,883.215,12436.5,6226.77,2656.1699,1473.27,39775.6351,E,N,N
02/02/2021,6:00,10966.7998,1706.5601,4032.71,948.422,12623,6663.6099,2833.22,1403.85,41178.1718,E1,N,N
02/02/2021,6:00,10378,1663.65,3970.55,889.887,12200,6159.8501,2686.46,1382.3199,39330.717,E2,N,N
02/02/2021,6:00,10425.4004,1635.96,3871.27,907.849,12526.5,6434.3999,2647.1699,1499.0601,39947.6093,E3,N,N
02/02/2021,6:00,10573.5215,1686.2843,3917.9468,909.3228,12414.1904,6402.8208,2704.6001,1443.5576,40052.2443,M,Y,N
02/02/2021,7:00,11746.5225,1878.8528,3922.9954,1049.3433,13536.5547,7609.5542,3058.8086,1516.7034,44319.3349,A3,N,N
02/02/2021,7:00,11787.2344,1831.4625,3908.606,1027.2029,13772.6445,7578.873,2865.9666,1598.4294,44370.4193,A6,N,N
02/02/2021,7:00,11265.9004,1881.98,3969.3101,929.135,13609,6805.3398,2892.04,1492.67,42845.3753,E,N,N
02/02/2021,7:00,11447.2998,1865.05,4079.46,993.825,13503.0996,7200.7202,3076.54,1469.46,43635.4546,E1,N,N
02/02/2021,7:00,11147.4004,1863.16,4034.76,990.476,13802,7056.0098,3065.1001,1487.95,43446.8563,E2,N,N
02/02/2021,7:00,11056.0996,1905.12,3908.03,1009.48,13945.7998,7047.4502,2933.29,1595.04,43400.3096,E3,N,N
02/02/2021,7:00,11266.5781,1880.5529,3978.332,987.6688,13719.1572,7078.4844,2989.5261,1517.1854,43417.4849,M,Y,N
02/02/2021,8:00,11849.583,1957.9252,3965.9512,1071.1842,14176.6455,7881.2319,3185.5811,1557.359,45645.4611,A3,N,N
02/02/2021,8:00,12102.792,1915.1896,3969.4136,1053.9814,14400.3076,7926.8364,3013.7273,1650.708,46032.9559,A6,N,N
02/02/2021,8:00,11617.7998,1936.58,4005.6699,945.768,14159.4004,7081.5601,3005.1699,1531.79,44283.7381,E,N,N
02/02/2021,8:00,11657.4004,1876.71,3986.79,983.705,13949.2998,7305.6802,3146.5701,1493.85,44400.0055,E1,N,N
02/02/2021,8:00,11718.5,1929.52,4092.47,992.776,14322.7998,7362.8501,3221.3,1473.71,45113.9259,E2,N,N
02/02/2021,8:00,11597.0996,1924.39,4003.97,1055.0699,14507.5996,7418.73,3197.8,1622.85,45327.5091,E3,N,N
02/02/2021,8:00,11671.7227,1926.9519,4019.6201,1005.2646,14263.1934,7364.1489,3147.5864,1538.4886,44936.9766,M,Y,N
02/02/2021,9:00,11838.2852,1965.8466,3915.8369,1057.2855,14060.0928,7796.2583,3075.77,1517.0175,45226.3928,A3,N,N
02/02/2021,9:00,12022.9824,1907.384,3944.5056,1061.0531,14153.0801,8002.4751,2982.3879,1605.9161,45679.7843,A6,N,N
02/02/2021,9:00,11726,1904.4,3879.6499,937.239,14050,6945.8799,2957.8301,1531.66,43932.6589,E,N,N
02/02/2021,9:00,11505,1800.09,3879.6001,1001.47,13573,6939.1001,3029.6399,1461.4301,43189.3302,E1,N,N
02/02/2021,9:00,11498.2002,1848.42,4036.6001,999.356,13825.2998,7131.1099,3022.27,1405.6801,43766.9361,E2,N,N
02/02/2021,9:00,11556.7998,1876.4399,3926.0601,1064.96,14038.7002,7263.21,2976.8999,1549.55,44252.6199,E3,N,N
02/02/2021,9:00,11613.1611,1878.057,3935.0073,1007.7332,13932.6367,7176.9697,3002.4263,1494.0286,44040.0199,M,Y,N
02/02/2021,10:00,11733.0947,1925.3113,3867.0032,1052.4589,13659.5732,7392.2852,3029.8066,1448.1736,44107.7067,A3,N,N
02/02/2021,10:00,11821.458,1870.2028,3908.4363,1085.382,13651.9922,7631.8594,2904.4761,1518.5676,44392.3744,A6,N,N
02/02/2021,10:00,11533.9004,1759.49,3905.5,921.664,13318,6526.1201,2895.55,1435.66,42295.8845,E,N,N
02/02/2021,10:00,11423.5996,1749.46,3840.6399,972.079,13308.7002,6731.02,2953.25,1394.36,42373.1087,E1,N,N
02/02/2021,10:00,11318.2002,1773.91,3970.8601,982.237,13325.7998,6619.77,2927.1599,1331.86,42249.797,E2,N,N
02/02/2021,10:00,11377.2998,1790.1,3852.1499,1055.92,13522.5996,6756.8398,2902.27,1397.46,42654.6391,E3,N,N
02/02/2021,10:00,11451.9365,1790.2214,3895.583,993.0225,13412.6348,6741.0957,2929.127,1396.5616,42610.1825,M,Y,N
02/02/2021,11:00,11556.9873,1815.2283,3826.0481,1021.9521,13145.7236,7017.9302,2976.0586,1366.4121,42726.3403,A3,N,N
02/02/2021,11:00,11683.3809,1795.9064,3878.9941,1060.9099,13213.1016,7138.5615,2867.6731,1401.3192,43039.8467,A6,N,N
02/02/2021,11:00,11348.7002,1653.63,3873.9299,883.226,12937.5,6259.8198,2805.9299,1406.3199,41169.0557,E,N,N
02/02/2021,11:00,11234.4004,1687.8199,3909.9099,944.405,12816.5996,6428.5298,2884.52,1349.86,41256.0446,E1,N,N
02/02/2021,11:00,11179.0996,1694.91,3923.5901,942.019,12785,6365.1602,2916.46,1253.76,41059.9989,E2,N,N
02/02/2021,11:00,11281.9004,1668.41,3805.3101,1023.16,12924.0996,6415.27,2841.4199,1394.62,41354.19,E3,N,N
02/02/2021,11:00,11301.3477,1692.1185,3867.7021,957.8959,12906.9395,6440.8701,2873.5247,1353.209,41393.6075,M,Y,N
02/02/2021,12:00,11390.9902,1729.304,3786.8733,967.4335,12886.4639,6655.6357,2948.3533,1316.8955,41681.9494,A3,N,N
02/02/2021,12:00,11472.5049,1734.934,3818.7483,1009.5192,12843.7217,6572.376,2873.5833,1389.004,41714.3914,A6,N,N
02/02/2021,12:00,11184.4004,1558.1801,3822.54,854.362,12608.7002,6018.7998,2771.78,1360.9399,40179.7024,E,N,N
02/02/2021,12:00,11201.7002,1613.0601,3948.04,925.851,12567.7002,6066.7402,2841.48,1292.8199,40457.3916,E1,N,N
02/02/2021,12:00,11078.0996,1612.16,3899.96,924.833,12513.0996,6016.1602,2853.1299,1270.5601,40168.0024,E2,N,N
02/02/2021,12:00,11063.5996,1589.12,3718.8601,973.119,12363.5,6074.8901,2792.1899,1356.55,39931.8287,E3,N,N
02/02/2021,12:00,11155.6113,1607.6605,3827.2043,924.7391,12553.0957,6117.7598,2828.0039,1323.2269,40337.3015,M,Y,N
02/02/2021,13:00,11185.5205,1668.8149,3735.3855,922.3621,12487.6123,6395.0317,2957.6187,1268.986,40621.3317,A3,N,N
02/02/2021,13:00,11279.2012,1683.6042,3748.2449,969.5781,12403.9619,6448.2134,2913.8804,1344.3202,40791.0043,A6,N,N
02/02/2021,13:00,11072.5,1503.12,3787.48,813.789,12099.7002,5933.3999,2771.22,1376.4301,39357.6392,E,N,N
02/02/2021,13:00,10925.5,1555.73,3828.54,905.595,12259.2002,5865.8398,2819.3799,1292.61,39452.3949,E1,N,N
02/02/2021,13:00,10915.9004,1536.79,3834.0801,910.543,12191.9004,5938.0601,2863.78,1261.6,39452.654,E2,N,N
02/02/2021,13:00,10854.4004,1606.24,3700.04,929.734,12106,5885.8799,2749.9199,1365.8,39198.0142,E3,N,N
02/02/2021,13:00,10974.5781,1564.6057,3775.8909,892.0111,12192.752,5971.9443,2818.3547,1321.157,39511.2938,M,Y,N
02/02/2021,14:00,11132.6445,1615.8083,3711.542,902.1257,12226.0352,6182.9648,3001.9351,1220.0989,39993.1545,A3,N,N
02/02/2021,14:00,11306.1094,1632.2308,3708.9839,947.0258,12089.96,6241.895,3004.0708,1283.1467,40213.4224,A6,N,N
02/02/2021,14:00,11078,1479.3,3786.0901,795.955,11804.2998,5836.1699,2811.3601,1352.52,38943.6949,E,N,N
02/02/2021,14:00,10897.9004,1522.6801,3902.3601,882.372,11915.4004,5714.8599,2825.3799,1210.67,38871.6228,E1,N,N
02/02/2021,14:00,10891.7998,1498.02,3859.8799,892.984,11662.9004,5775,2936.3301,1166.11,38683.0242,E2,N,N
02/02/2021,14:00,10776.5996,1531.4399,3705.6201,930.246,11802.2998,5741.6699,2776.0601,1303.41,38567.3454,E3,N,N
02/02/2021,14:00,10940.418,1519.5011,3789.6355,877.8585,11835.0537,5825.438,2859.3521,1259.3562,38906.6131,M,Y,N
02/02/2021,15:00,11092.6621,1568.9128,3692.626,859.4505,11923.5898,6054.25,3025.0361,1194.5491,39411.0764,A3,N,N
02/02/2021,15:00,11253.4883,1606.465,3680.9309,871.5288,11825.5176,6081.9106,3049.1987,1253.9324,39622.9723,A6,N,N
02/02/2021,15:00,11036,1443.52,3808.6899,755.003,11517.5996,5717.6299,2863.6399,1267.09,38409.1723,E,N,N
02/02/2021,15:00,10752.2998,1484.95,3833.8401,855.957,11659,5730.3301,2801.5701,1191.4399,38309.387,E1,N,N
02/02/2021,15:00,10832.2002,1464.62,3814.1399,877.772,11549.7002,5755.79,3020.6299,1202.08,38516.9322,E2,N,N
02/02/2021,15:00,10734.5,1482.4301,3726.6201,824.377,11562.7998,5581.8301,2783.51,1368.74,38064.8071,E3,N,N
02/02/2021,15:00,10881.2959,1479.3755,3778.1707,828.7139,11605.3486,5736.8853,2895.2708,1257.7261,38462.7868,M,Y,N
02/02/2021,16:00,10972.5742,1535.0417,3685.9194,815.3063,11732.7676,6009.3652,3008.7434,1195.5603,38955.2781,A3,N,N
02/02/2021,16:00,11038.124,1578.1001,3674.5642,780.7844,11660.7539,6021.4727,3050.78,1242.8611,39047.4404,A6,N,N
02/02/2021,16:00,10946.2998,1422.83,3846.3701,718.992,11318.7998,5695.3701,2898,1223.95,38070.6118,E,N,N
02/02/2021,16:00,10783.2002,1458.8,3801.24,836.597,11368.5,5711.8999,2845.23,1173.9,37979.3671,E1,N,N
02/02/2021,16:00,10724,1457.12,3823.1799,874.445,11187.5,5697.8999,2928.27,1219.99,37912.4048,E2,N,N
02/02/2021,16:00,10413.4004,1470.97,3667.6101,758.565,11223.7998,5549.6499,2805.6799,1333.25,37222.9251,E3,N,N
02/02/2021,16:00,10740.3965,1461.9602,3770.1851,794.4884,11320.1836,5700.8882,2889.7339,1240.48,37918.3159,M,Y,N
02/02/2021,17:00,10918.1563,1552.6171,3705.9641,856.755,11848.8857,6072.2549,2966.5471,1191.6279,39112.8081,A3,N,N
02/02/2021,17:00,10937.7988,1603.3962,3695.1042,883.4705,11734.4863,6084.4849,2992.4263,1233.1814,39164.3486,A6,N,N
02/02/2021,17:00,10892.7002,1451.4,3880.1699,751.675,11304.2002,5778.9702,2912.96,1284.6899,38256.7654,E,N,N
02/02/2021,17:00,10619.0996,1479.2,3783.3101,829.808,11591.2998,5621.1899,2855.8899,1229.53,38009.3273,E1,N,N
02/02/2021,17:00,10642.2998,1447.0601,3758.1799,871.857,11277.2002,5742.0698,2986.1201,1260.98,37985.7669,E2,N,N
02/02/2021,17:00,10749.2002,1533.47,3698.3101,850.959,11299.7002,5848.8501,2836.1499,1314.0699,38130.7094,E3,N,N
02/02/2021,17:00,10763.207,1486.9597,3770.3242,829.4431,11400.2979,5804.1528,2911.6123,1267.5797,38233.5767,M,Y,N
02/02/2021,18:00,10987.4199,1594.3607,3728.1221,861.0811,12160.4697,6202.1611,2929.032,1208.7981,39671.4447,A3,N,N
02/02/2021,18:00,11006.5449,1636.2596,3711.3691,871.9184,12002.498,6171.769,2915.2925,1255.3176,39570.9691,A6,N,N
02/02/2021,18:00,10676.7002,1459.8199,3870.0801,757.562,11518.2002,5884.27,2913.03,1328.48,38408.1424,E,N,N
02/02/2021,18:00,10665.7998,1537.75,3831.6299,831.758,12057.5,5820.23,2846.1101,1257.4399,38848.2177,E1,N,N
02/02/2021,18:00,10483.5996,1499.8199,3720.98,854.139,11951.2998,5879.8501,2963.75,1216.1801,38569.6185,E2,N,N
02/02/2021,18:00,10664.4004,1587.8199,3724.3501,846.594,11856.4004,5895.0698,2810.6399,1388.11,38773.3845,E3,N,N
02/02/2021,18:00,10662.8281,1528.3788,3773.8213,826.1786,11858.7207,5917.5967,2893.7478,1291.4723,38752.7443,M,Y,N
02/02/2021,19:00,11305.6143,1677.2866,3805.5259,899.4042,12591.4912,6508.8486,3046.7178,1279.0592,41113.9478,A3,N,N
02/02/2021,19:00,11301.3398,1730.9492,3802.4917,908.1964,12464.2686,6485.4692,2995.051,1328.332,41016.0979,A6,N,N
02/02/2021,19:00,11128.5996,1581.6801,3862.3101,785.571,12129.7002,6164.3999,3016.71,1439.5601,40108.531,E,N,N
02/02/2021,19:00,11051.5,1639.98,3934.6101,848.163,12607,6176.25,2975.3899,1357.64,40590.533,E1,N,N
02/02/2021,19:00,11010.7998,1625.88,3830,887.696,12231.9004,6173.4902,3020.8501,1280.35,40060.9665,E2,N,N
02/02/2021,19:00,11016.5,1695.89,3720.1101,877.491,12480.7998,6150.3799,2915.27,1420.6,40277.0408,E3,N,N
02/02/2021,19:00,11083.6143,1640.5209,3820.6223,856.1354,12360.4111,6207.7051,2990.9707,1364.715,40324.6948,M,Y,N
02/02/2021,20:00,11307.3066,1675.0599,3793.563,885.3058,12395.6934,6508.5122,3093.5803,1305.9272,40964.9484,A3,N,N
02/02/2021,20:00,11291.6201,1750.0984,3780.3923,890.3267,12328.9717,6485.7837,3040.4429,1384.4188,40952.0546,A6,N,N
02/02/2021,20:00,11287.2002,1629.62,3778.3101,798.156,12222,6244.1499,3050.9399,1497.89,40508.2661,E,N,N
02/02/2021,20:00,11000.4004,1608.89,3946.02,874.049,12618,6307.6899,3077.6699,1380.15,40812.8692,E1,N,N
02/02/2021,20:00,10991.4004,1629.59,3916.8301,891.104,12467.7002,6266.6802,3048.0901,1315.79,40527.185,E2,N,N
02/02/2021,20:00,11128.4004,1672.42,3674.4399,873.075,12569.7002,6340.7202,2938.0601,1578.42,40775.2358,E3,N,N
02/02/2021,20:00,11140.2129,1643.4012,3809.8428,860.5031,12441.5615,6314.9131,3030.6787,1433.7847,40674.898,M,Y,N
02/02/2021,21:00,11130.1934,1668.1985,3765.7478,868.3926,12098.1982,6352.1528,3022.269,1299.0908,40204.2431,A3,N,N
02/02/2021,21:00,11157.9023,1755.5247,3738.2415,873.2579,12024.373,6323.668,2969.3127,1367.8921,40210.1722,A6,N,N
02/02/2021,21:00,11130.2002,1649.89,3678.1599,795.158,11967.0996,6111.79,2975.6299,1557.27,39865.1976,E,N,N
02/02/2021,21:00,10885.9004,1620.52,3933,870.018,12403.7002,6253.4399,3024.73,1427.6801,40418.9886,E1,N,N
02/02/2021,21:00,10796.2002,1614,3946.8999,875.968,12293.0996,6213.2798,3027.97,1345.13,40112.5475,E2,N,N
02/02/2021,21:00,11007.7002,1704.5601,3686.3999,859.121,12473.5,6306.1899,2973,1578.53,40589.0011,E3,N,N
02/02/2021,21:00,10985.5361,1653.2023,3790.2085,849.8632,12246.1621,6233.5137,3000.0249,1461.0789,40219.5897,M,Y,N
02/02/2021,22:00,10833.6758,1608.1615,3775.5684,840.0456,11651.124,6101.3794,2941.3997,1256.1244,39007.4788,A3,N,N
02/02/2021,22:00,10874.9619,1718.3497,3744.1702,845.8638,11587.0967,6027.1011,2877.9622,1306.4456,38981.9512,A6,N,N
02/02/2021,22:00,10828.4004,1606.4,3633.76,786.883,11606.7998,5872.1201,2870.1001,1490.15,38694.6134,E,N,N
02/02/2021,22:00,10644,1569.4399,3883.2,858.614,12098,6016.8301,2948.6499,1383.34,39402.0739,E1,N,N
02/02/2021,22:00,10542,1558.0601,3941.6699,844.006,12071.5,5989.3599,2935.45,1366.6,39248.6459,E2,N,N
02/02/2021,22:00,10702.7998,1675.75,3653.78,831.368,12023.2998,6108.73,2918.1399,1513.65,39427.5175,E3,N,N
02/02/2021,22:00,10703.0098,1607.2527,3764.6487,827.8967,11894.04,6007.3286,2917.1787,1422.533,39143.8882,M,Y,N
02/02/2021,23:00,10403.5928,1518.1783,3766.1348,795.8465,10908.1289,5746.6841,2777.6331,1184.4044,37100.6029,A3,N,N
02/02/2021,23:00,10506.0342,1624.2578,3761.6741,800.2034,10823.5381,5628.4185,2706.8638,1162.8671,37013.857,A6,N,N
02/02/2021,23:00,10349.9004,1536,3637.3101,774.262,10923.4004,5517.3901,2727.77,1416.15,36882.183,E,N,N
02/02/2021,23:00,10445.7002,1537.52,3876.6399,841.961,11706.2998,5847.1899,2858.8999,1380.15,38494.3607,E1,N,N
02/02/2021,23:00,9992.1504,1495.99,3880.8701,820.05,11291.0996,5587.3101,2771.8799,1330.22,37169.5701,E2,N,N
02/02/2021,23:00,10148.4004,1682.09,3680.0801,800.064,11221.2998,5697.0298,2716.2,1532.99,37478.1541,E3,N,N
02/02/2021,23:00,10228.7744,1560.4822,3754.9119,803.3199,11185.7539,5649.6665,2758.5291,1390.4093,37331.8472,M,Y,N
02/02/2021,24:00,9925.752,1401.5037,3750.6611,766.7584,10290.9336,5371.8711,2618.4539,1127.2938,35253.2276,A3,N,N
02/02/2021,24:00,10058.0811,1496.5259,3760.6587,762.6618,10201.3525,5210.7012,2555.4561,1071.3411,35116.7784,A6,N,N
02/02/2021,24:00,9854.1504,1418.13,3706.29,769.005,10352,5165.23,2591.1499,1323.8,35179.7553,E,N,N
02/02/2021,24:00,10247.2998,1505.6,3870.0801,825.309,11314.5,5677.5498,2769.1499,1376.96,37586.4486,E1,N,N
02/02/2021,24:00,9518.4404,1411.6801,3859.27,781.563,10546.2998,5222.3901,2591.1599,1244.89,35175.6933,E2,N,N
02/02/2021,24:00,9673.4502,1498.65,3693.54,783.57,10540.5,5293.4302,2561.9399,1332.45,35377.5303,E3,N,N
02/02/2021,24:00,9783.1416,1445.5029,3767.3677,782.543,10560.3789,5301.4399,2609.5132,1288.3167,35538.2039,M,Y,N
