DeliveryDate,HourEnding,Coast,East,FarWest,North,NorthCentral,SouthCentral,Southern,West,SystemTotal,Model,InUseFlag,DSTFlag
07/12/2020,1:00,13967.6758,1831.293,3960.2798,1152.9849,15639.8779,8960.9131,4154.8555,1583.6996,51251.5796,A3,N,N
07/12/2020,1:00,14155.3174,1851.6497,4052.9468,1139.8197,15624.4736,9055.6113,4136.7603,1612.6022,51629.181,A6,N,N
07/12/2020,1:00,14078.4004,1862.88,3836.1399,1071.97,16028.4004,8830.9404,4072.3999,1717.72,51498.851,E,N,N
07/12/2020,1:00,14061.7002,1893.64,3845.6599,1095.92,16012.5,8831.4697,4071.03,1752.64,51564.5598,E1,N,N
07/12/2020,1:00,14049.2998,1889.12,3819.8,1087.42,15979.7002,8833.0898,4068.6399,1736.59,51463.6597,E2,N,N
07/12/2020,1:00,14053.9004,1887.8199,3837.01,1086.64,15966.7002,8824.0703,4068.26,1740.67,51465.0708,E3,N,N
07/12/2020,1:00,14058.2148,1872.7648,3868.3091,1096.2411,15969.4482,8846.1387,4085.0095,1719.3854,51515.5116,M,Y,N
07/12/2020,2:00,13001.9561,1688.0148,3872.0642,1028.1271,14981.1074,8112.6567,3845.3879,1534.1251,48063.4393,A3,N,N
07/12/2020,2:00,13015.4375,1704.2262,3844.1919,1026.4583,14902.6807,8131.7905,3813.4084,1549.1696,47987.3631,A6,N,N
07/12/2020,2:00,13198.7002,1671.4,3872.26,1029.62,14902.7002,8249.5703,3827.0901,1536.5,48287.8408,E,N,N
07/12/2020,2:00,13081.5,1652.75,3802.53,1023.11,14962.9004,8239.29,3817.46,1440.42,48019.9604,E1,N,N
07/12/2020,2:00,13051.9004,1638.95,3877.1101,1022.26,14949,8228.1699,3816.02,1518.6899,48102.1003,E2,N,N
07/12/2020,2:00,13048.9004,1640.09,3799.0701,1021.26,14954.5996,8234.1699,3817.1201,1445.0699,47960.28,E3,N,N
07/12/2020,2:00,13111.4941,1658.824,3837.4634,1023.8759,14938.4082,8231.1426,3826.2942,1484.163,48111.6654,M,Y,N
07/12/2020,3:00,12436.5244,1642.2972,3809.0659,935.2475,14297.7334,7626.0464,3637.1023,1442.257,45826.2741,A3,N,N
07/12/2020,3:00,12440.168,1632.3271,3776.5942,952.0674,14309.4902,7618.2681,3646.2922,1459.6332,45834.8404,A6,N,N
07/12/2020,3:00,12567.2002,1633.84,3856.74,940.575,14201.5996,7706.3701,3649.1699,1411.3199,45966.8147,E,N,N
07/12/2020,3:00,12605.2002,1616.49,3782.4199,949.212,14123.7002,7679.52,3651.1599,1440.02,45847.7222,E1,N,N
07/12/2020,3:00,12633,1631.36,3818.96,953.925,14139.5996,7658.2598,3645.48,1455.9301,45936.5145,E2,N,N
07/12/2020,3:00,12628.7998,1630.23,3781.4399,953.38,14140.7002,7659.4902,3643.5801,1447.87,45885.4902,E3,N,N
07/12/2020,3:00,12568.7705,1627.6151,3803.8486,951.0819,14151.4697,7675.8013,3651.4419,1443.3783,45873.4073,M,Y,N
07/12/2020,4:00,11954.5771,1567.5793,3852.5774,901.5728,13991.0176,7258.5317,3493.2124,1288.7168,44307.7851,A3,N,N
07/12/2020,4:00,11972.1826,1571.5308,3845.2236,918.2072,13978.4238,7294.5879,3478.0596,1254.2383,44312.4538,A6,N,N
07/12/2020,4:00,12066.0996,1576.98,3935.0701,936.993,13709.5,7309.8101,3490.1101,1151.97,44176.5329,E,N,N
07/12/2020,4:00,11926.5,1573.88,3824.8999,902.3,13831.7002,7271.77,3488.6899,1054.79,43874.53,E1,N,N
07/12/2020,4:00,11935,1567.4301,3903.01,905.527,13810,7308.0298,3488.71,1187.17,44104.8769,E2,N,N
07/12/2020,4:00,11935.2002,1565.9,3827.28,904.115,13817.2002,7299.8799,3491.6699,1041.37,43882.6152,E3,N,N
07/12/2020,4:00,11965.1826,1567.1563,3849.1733,907.2278,13782.418,7295.1484,3491.6211,1122.6735,43980.601,M,Y,N
07/12/2020,5:00,11623.1475,1499.4094,3933.5085,755.1887,13203.8516,6948.7261,3304.45,1101.1987,42369.4805,A3,N,N
07/12/2020,5:00,11566.2783,1485.3622,3919.75,770.0698,13154.6836,6928.0054,3340.2415,1069.5168,42233.9076,A6,N,N
07/12/2020,5:00,11708.4004,1476.47,3970.51,755.21,13066.0996,6950.3101,3340.97,1067.72,42335.6901,E,N,N
07/12/2020,5:00,11699.7002,1515.1899,3885.02,726.733,13314,6922.4902,3292.1399,990.898,42346.1712,E1,N,N
07/12/2020,5:00,11665.5996,1520.36,3955.8301,723.237,13309.2998,6890.1602,3293.3799,1063.9,42421.7666,E2,N,N
07/12/2020,5:00,11668.5,1519.71,3886.78,723.991,13307.7002,6901.0498,3292.1499,1001.36,42301.2409,E3,N,N
07/12/2020,5:00,11679.4395,1505.1199,3917.1196,738.1945,13281.9873,6915.8047,3309.729,1035.1543,42382.5488,M,Y,N
07/12/2020,6:00,11539.5244,1465.3557,3894.9021,719.2757,12409.8975,6751.0107,3256.3916,1037.5273,41073.885,A3,N,N
07/12/2020,6:00,11540.5273,1463.4321,3881.8252,735.886,12231.374,6686.7217,3274.1592,1050.2386,40864.1641,A6,N,N
07/12/2020,6:00,11522,1422.71,3861.23,619.217,12556.2002,6891.3398,3277.98,1095.95,41246.627,E,N,N
07/12/2020,6:00,11460.2002,1402.9399,3886.46,722.159,11945.2998,6770.25,3283.1001,1167.63,40638.039,E1,N,N
07/12/2020,6:00,11423.2998,1388.4399,3819.27,715.775,11894.9004,6730.0898,3264,1117.65,40353.4249,E2,N,N
07/12/2020,6:00,11414.2998,1387.79,3886.8201,714.859,11898.4004,6727.5298,3264.1599,1162.02,40455.879,E3,N,N
07/12/2020,6:00,11436.5352,1417.6377,3876.333,706.9668,12053.4766,6758.1938,3265.1895,1131.486,40645.8186,M,Y,N
07/12/2020,7:00,11366.5234,1415.1897,3767.8496,758.5348,12303.3633,6570.9556,3207.0115,1132.0515,40521.4794,A3,N,N
07/12/2020,7:00,11324.4375,1441.2883,3785.9822,767.6178,12152.8975,6537.752,3181.4333,1092.5884,40283.997,A6,N,N
07/12/2020,7:00,11356.4004,1414.26,3925.9199,802.516,12198.9004,6674.8398,3181.1299,1090.45,40644.4164,E,N,N
07/12/2020,7:00,11310.4004,1409.12,3842.3,808.096,12235.0996,6625.4102,3194.6399,1135.17,40560.2361,E1,N,N
07/12/2020,7:00,11374.9004,1412.6899,3794.0601,812.334,12276.7002,6653.75,3189.95,1117.72,40632.1046,E2,N,N
07/12/2020,7:00,11361.9004,1414.45,3841.52,810.669,12248.5,6636.4502,3181.73,1120.22,40615.4396,E3,N,N
07/12/2020,7:00,11325.9277,1415.3069,3831.6426,802.4438,12215.9473,6630.5488,3188.7529,1120.1412,40530.7112,M,Y,N
07/12/2020,8:00,11252.7031,1463.2709,3697.9243,849.7833,12207.4873,6599.541,3204.4897,1168.1589,40443.3585,A3,N,N
07/12/2020,8:00,11177.6387,1488.5901,3707.7222,859.4274,12244.7861,6679.0854,3211.8406,1130.6367,40499.7272,A6,N,N
07/12/2020,8:00,12163.5,1542.76,3723.72,803.703,12255.2998,6849.8301,3293.46,1138.85,41771.1229,E,N,N
07/12/2020,8:00,11318.2998,1467.48,3771.3899,911.947,12255.9004,6699.54,3200.6201,1137.42,40762.5972,E1,N,N
07/12/2020,8:00,11317.0996,1465.23,3732.22,914.638,12272.5,6700.1099,3218.8899,1125.11,40745.7974,E2,N,N
07/12/2020,8:00,11351.9004,1481.5,3771,923.268,12285.2998,6713.7798,3226.3401,1146.35,40899.4381,E3,N,N
07/12/2020,8:00,11431.3906,1482.7063,3743.8284,894.149,12300.084,6713.6743,3224.0938,1140.566,40930.4924,M,Y,N
07/12/2020,9:00,11911.8027,1536.7108,3740.2078,920.7256,12423.5039,6982.5112,3446.4065,1235.5784,42197.4469,A3,N,N
07/12/2020,9:00,12039.959,1574.1239,3742.2805,937.2479,12489.1855,6926.292,3438.5134,1217.2461,42364.8483,A6,N,N
07/12/2020,9:00,12094,1568.1801,3753.6499,983.094,12889.9004,7127.71,3196.6299,1198.47,42811.6343,E,N,N
07/12/2020,9:00,12054.4004,1540.75,3815.8201,955.031,12311.2002,6916.3501,3457.96,1217.1801,42268.6919,E1,N,N
07/12/2020,9:00,12054.7002,1573.11,3771.8,970.003,12344.5,6979.6001,3472.78,1226.3199,42392.8132,E2,N,N
07/12/2020,9:00,12046.2998,1558.05,3817.8201,968.631,12374.2002,6993.0498,3470.52,1245.1899,42473.7608,E3,N,N
07/12/2020,9:00,12033.1943,1563.7129,3785.2222,963.4729,12494.7988,6996.0732,3428.3252,1229.5813,42494.3808,M,Y,N
07/12/2020,10:00,12995.377,1694.7628,3780.603,1031.2887,13855.2148,7571.9019,3840.3271,1420.3177,46189.793,A3,N,N
07/12/2020,10:00,13047.2168,1717.2002,3761.6128,1052.8824,13771.8711,7621.9727,3825.1282,1444.3586,46242.2428,A6,N,N
07/12/2020,10:00,12802.2002,1688.91,3753.6799,1038.09,13802,7458.2998,3821.01,1398.91,45763.0999,E,N,N
07/12/2020,10:00,12271.9004,1622.05,3837.0801,988.269,13483.7002,7241.9302,3790.5901,1446.7,44682.22,E1,N,N
07/12/2020,10:00,12307.5996,1615.1899,3745.8999,982.559,13533.7998,7241.98,3795.6699,1410.86,44633.5581,E2,N,N
07/12/2020,10:00,12301.7002,1621.71,3848.5,979.513,13521,7227.2002,3793.0601,1458.91,44751.5935,E3,N,N
07/12/2020,10:00,12515.4414,1647.6431,3798.9543,993.9019,13597.1885,7312.5889,3798.2358,1432.2299,45096.1838,M,Y,N
07/12/2020,11:00,13782.2197,1849.9834,3825.926,1093.275,15643.2256,8203.126,4199.1987,1686.2328,50283.1872,A3,N,N
07/12/2020,11:00,13830.6436,1883.3876,3804.4458,1110.8302,15425.7275,8301.0127,4182.584,1658.6542,50197.2856,A6,N,N
07/12/2020,11:00,13967.7998,1833.78,3797.0701,1055.12,15298.7002,8202.1396,4157.6699,1657.34,49969.6196,E,N,N
07/12/2020,11:00,14211.5,1857.25,3838.6299,1043.86,15668.5,8288.7695,4114.8599,1938.3199,50961.6892,E1,N,N
07/12/2020,11:00,14203,1858.2,3717.8501,1050.51,15602.5,8256.1299,4093.1299,1758.05,50539.3699,E2,N,N
07/12/2020,11:00,14219.4004,1854.34,3848.95,1051.9399,15613.2998,8266.2695,4111.3799,1920.21,50885.7895,E3,N,N
07/12/2020,11:00,14149.168,1862.1246,3816.4141,1055.7942,15617.8359,8263.4277,4147.5527,1822.5371,50734.8543,M,Y,N
07/12/2020,12:00,15090.3496,1986.5649,3908.6619,1198.5482,17574.2891,8848.0547,4544.9458,1778.345,54929.7592,A3,N,N
07/12/2020,12:00,14783.0303,1996.4902,3955.8884,1196.4628,17313.7012,8897.3105,4535.7949,1749.7102,54428.3885,A6,N,N
07/12/2020,12:00,14822,1983.8101,3888.8201,1194.3,16911.9004,8955.0498,4489.9502,1834.35,54080.1806,E,N,N
07/12/2020,12:00,14689.4004,1947.8,3905.3101,1199.96,17033.8008,8938.3203,4553.2002,1745.39,54013.1818,E1,N,N
07/12/2020,12:00,14721.2998,1963.41,3893.76,1187.79,17152.4004,8981.4004,4575.98,1786.66,54262.7006,E2,N,N
07/12/2020,12:00,14706,1969.59,3905.9299,1196.21,17129,8990.8203,4567.21,1744.71,54209.4702,E3,N,N
07/12/2020,12:00,14822.0469,1969.6267,3903.7756,1196.5813,17158.0352,8976.9941,4561.9277,1773.4172,54362.4047,M,Y,N
07/12/2020,13:00,16131.5996,2116.0415,3984.9451,1316.4639,19269.1719,9815.21,4967.6392,1866.3986,59467.4698,A3,N,N
07/12/2020,13:00,15789.8848,2190.2026,4067.7515,1348.6534,19073.0762,9802.7939,4978.7319,1864.5121,59115.6064,A6,N,N
07/12/2020,13:00,15769.0996,2144.21,3991.8999,1281.9301,18714.5996,9789.1104,4862.02,1906.15,58459.0196,E,N,N
07/12/2020,13:00,15836.5996,2147.5601,3985.01,1304.27,19176.3008,10008.4004,4881.8301,1956.49,59296.461,E1,N,N
07/12/2020,13:00,15839,2147.1699,3983.78,1323.28,19144.8008,10002,4885.48,1910.79,59236.3007,E2,N,N
07/12/2020,13:00,15842.4004,2144.21,3984.79,1318.2,19142.5996,9979.0596,4878.2402,1937.3,59226.7998,E3,N,N
07/12/2020,13:00,15881.3535,2141.6118,3985.4351,1310.4285,19112.6445,9953.3711,4897.5928,1924.5457,59206.983,M,Y,N
07/12/2020,14:00,16674.6055,2303.9465,4098.458,1385.9503,20290.3887,10466.6982,5134.6357,1986.3712,62341.0541,A3,N,N
07/12/2020,14:00,16808.9238,2291.197,4117.8911,1397.9833,20409.8262,10207.1074,5128.1943,2011.9116,62373.0347,A6,N,N
07/12/2020,14:00,16585,2297.71,4100.8301,1365.11,20236.0996,10475.2002,5184.2402,2022.3,62266.4901,E,N,N
07/12/2020,14:00,16836.8008,2301.0701,4075.47,1354.24,20390.9004,10451.7002,5259.9102,1954.59,62624.6817,E1,Y,N
07/12/2020,14:00,16758.6992,2290.3101,4098.3501,1347.4,20319.1992,10404.2002,5228.77,1991.0601,62437.9889,E2,N,N
07/12/2020,14:00,16748.4004,2295.52,4080.5901,1345.5699,20316.4004,10400.2998,5233.3501,1984.24,62404.3707,E3,N,N
07/12/2020,14:00,16768.834,2298.6367,4089.1301,1356.4255,20322.0156,10439.0381,5216.8613,1983.0991,62474.0404,M,N,N
07/12/2020,15:00,17507.2637,2459.0354,4183.189,1454.3574,21807.5391,11091.6504,5406.9932,2124.1389,66034.1671,A3,N,N
07/12/2020,15:00,17488.9902,2453.3179,4163.5566,1462.7413,21428.3164,10987.1895,5417.6616,2136.6201,65538.3936,A6,N,N
07/12/2020,15:00,17317.5996,2448.6101,4172.5098,1447.02,21497.4004,11151.7002,5415.8101,2181.01,65631.6602,E,N,N
07/12/2020,15:00,17567.8008,2511.8501,4154.8101,1440.11,21543.5,11225.5,5457.3501,2260.9099,66161.831,E1,Y,N
07/12/2020,15:00,17606.6992,2515.77,4165.7202,1450.24,21638.1992,11256,5479.2798,2156.75,66268.6584,E2,N,N
07/12/2020,15:00,17632,2510.0901,4153.9199,1448.35,21632.5996,11255.7002,5475.1899,2247.3101,66355.1598,E3,N,N
07/12/2020,15:00,17542.3027,2490.7913,4165.2588,1447.3473,21616.6914,11214.7188,5446.7695,2204.3862,66128.266,M,N,N
07/12/2020,16:00,18066.7148,2515.6172,4197.2817,1523.9709,22844.9961,11553.1484,5491.915,2192.1145,68385.7586,A3,N,N
07/12/2020,16:00,18106.377,2526.448,4136.8813,1531.8918,22323.9648,11391.6045,5481.6577,2184.6782,67683.5033,A6,N,N
07/12/2020,16:00,17580.4004,2509.48,4205.3301,1490.1801,22271.1992,11617.9004,5512.9902,2238.98,67426.4604,E,N,N
07/12/2020,16:00,18141,2575.28,4206.73,1491.26,22486.5996,11598.2998,5575.6099,2273.9199,68348.6992,E1,Y,N
07/12/2020,16:00,18149.6992,2599.9299,4217.9902,1480.55,22611.6992,11643.5,5600.2202,2169.22,68472.8087,E2,N,N
07/12/2020,16:00,18110.9004,2610.79,4201.3101,1508.5601,22627,11615.2998,5614.1602,2251.53,68539.5506,E3,N,N
07/12/2020,16:00,18045.916,2564.0981,4204.2456,1496.8615,22570.8477,11610.6563,5559.5723,2227.5544,68279.7519,M,N,N
07/12/2020,17:00,18163.6875,2555.1519,4227.9565,1571.3193,23448.8301,11880.54,5542.0254,2206.5208,69596.0315,A3,N,N
07/12/2020,17:00,18173.0586,2576.1655,4154.7319,1580.8975,22866.2129,11690.2373,5514.3989,2179.4167,68735.1193,A6,N,N
07/12/2020,17:00,17826.4004,2538.28,4215.8101,1521.36,22839.6992,11813.2998,5538.4702,2201.72,68495.0397,E,N,N
07/12/2020,17:00,18509.6992,2620.1299,4240.9399,1541.1899,23228.1992,11850.2002,5593.9199,2299.0601,69883.3383,E1,Y,N
07/12/2020,17:00,18570.6992,2647.79,4230.1001,1492.17,23250.5996,11882.2002,5613.9302,2148.49,69835.9793,E2,N,N
07/12/2020,17:00,18538.5,2691.29,4242.9199,1583.4301,23238.1992,11981.9004,5639.98,2220.05,70136.2696,E3,N,N
07/12/2020,17:00,18352.6094,2614.9019,4233.6924,1540.7825,23215.3164,11890.3047,5588.0317,2217.9302,69653.5692,M,N,N
07/12/2020,18:00,18224.9844,2568.8464,4249.5322,1594.0483,23702.3047,12018.1611,5558.0044,2257.8396,70173.7211,A3,N,N
07/12/2020,18:00,18366.3047,2589.8359,4178.5215,1600.2312,23338.4258,11784.4336,5527.9722,2195.7095,69581.4344,A6,N,N
07/12/2020,18:00,18187.9004,2637.02,4239.4102,1570.25,23461.4004,11893,5536.52,2118.8601,69644.3611,E,N,N
07/12/2020,18:00,18675,2614.9099,4277.8101,1556.89,23530.6992,11959.7998,5518.5698,2266.98,70400.6588,E1,Y,N
07/12/2020,18:00,18693.5996,2669.95,4260.3599,1513.9399,23752.3008,12054.5,5570.3301,2159.76,70674.7403,E2,N,N
07/12/2020,18:00,18758.0996,2758.6399,4288.1802,1613.5601,23796,12148.7002,5632.6401,2180.8401,71176.6602,E3,N,N
07/12/2020,18:00,18524.709,2648.9705,4266.3516,1566.6348,23665.2129,12029.6445,5565.6602,2198.9824,70466.1659,M,N,N
07/12/2020,19:00,18179.3047,2546.1311,4244.9033,1604.9329,24140.2285,12155.8369,5485.0884,2261.2542,70617.68,A3,N,N
07/12/2020,19:00,18687.5059,2587.6448,4183.4946,1627.4595,23478.668,11979.0176,5459.5615,2206.9829,70210.3348,A6,N,N
07/12/2020,19:00,18215.6992,2680.73,4251.0498,1594.52,23690.8008,12009.7002,5483.46,2087.05,70013.01,E,N,N
07/12/2020,19:00,18515.3008,2603.8201,4327.3101,1564.62,23305.9004,12049.0996,5408,2252.8799,70026.9309,E1,Y,N
07/12/2020,19:00,18495.6992,2673.8101,4252.21,1466.51,23136.1992,12101.2998,5471.5298,2166.3999,69763.658,E2,N,N
07/12/2020,19:00,18604.8008,2789.8899,4251.6499,1664.64,23658.6992,12419.5,5589.6699,2166.6499,71145.4996,E3,N,N
07/12/2020,19:00,18413.7773,2654.2778,4268.8735,1573.8741,23504.0781,12163.167,5490.0635,2190.0205,70258.1318,M,N,N
07/12/2020,20:00,17813.4941,2467.8186,4244.2119,1526.2927,23305.1172,11797.4434,5284.9629,2275.3052,68714.646,A3,N,N
07/12/2020,20:00,18341.459,2516.6936,4234.7979,1551.6807,22979.125,11654.0195,5291.1362,2188.5767,68757.4886,A6,N,N
07/12/2020,20:00,17971.1992,2622.3,4266.75,1526.0601,23180,11872.0996,5349.0698,2084.9099,68872.3886,E,N,N
07/12/2020,20:00,17876.5996,2515.54,4273.6099,1491.91,22119.8008,11718.7002,5212.1001,2235.3201,67443.5807,E1,Y,N
07/12/2020,20:00,17987.8008,2538.0801,4282.5098,1403.4,22604.8008,11745.7002,5233.9399,2111.77,67908.0016,E2,N,N
07/12/2020,20:00,17793.4004,2658.26,4346.8599,1561.39,22770.3008,12240.4004,5384.8101,2142.8899,68898.3115,E3,N,N
07/12/2020,20:00,17865.748,2555.4521,4284.8281,1495.7191,22684.3633,11884.8926,5293.3442,2167.522,68231.8694,M,N,N
07/12/2020,21:00,17319.0645,2419.1868,4181.438,1415.2468,22233.0254,11316.8906,5030.3677,2159.873,66075.0928,A3,N,N
07/12/2020,21:00,17865.6836,2421.5686,4190.7495,1447.1382,22082.0488,11209.0215,5042.7905,2094.5315,66353.5322,A6,N,N
07/12/2020,21:00,17475,2511.1399,4198.29,1419.3199,22066.5996,11405.4004,5137.79,2035.02,66248.5598,E,N,N
07/12/2020,21:00,17242.8008,2423.98,4268.1899,1388.5699,21469.3008,11127.0996,4989.7402,2142.04,65051.7212,E1,Y,N
07/12/2020,21:00,17441.9004,2436.72,4172.3501,1352.54,21510.0996,11251.2998,5054.52,2019.8101,65239.24,E2,N,N
07/12/2020,21:00,17413.1992,2518.51,4230.8701,1429,21836,11428.5996,5159.1001,2082.3401,66097.6191,E3,N,N
07/12/2020,21:00,17358.3789,2458.9016,4216.4546,1396.8484,21741.3027,11292.0371,5068.8408,2085.4092,65618.1733,M,N,N
07/12/2020,22:00,16761.1465,2322.5271,4096.9648,1358.7703,21337.3438,10968.915,4890.5767,2087.5483,63823.7925,A3,N,N
07/12/2020,22:00,17272.875,2334.8362,4095.1445,1389.5148,21215.6914,10990.9316,4892.4048,2075.3064,64266.7047,A6,N,N
07/12/2020,22:00,16866.4004,2397.1001,4096.29,1338.92,21101.0996,10931.7002,4971.6499,1995.1899,63698.3501,E,N,N
07/12/2020,22:00,16839.4004,2336.28,4189.3599,1324.2,20665.8008,10669.2002,4796.4399,2089.8999,62910.5811,E1,Y,N
07/12/2020,22:00,16780.4004,2353.03,4088.8799,1285.73,20688.3008,10787.7002,4854.3101,1990.22,62828.5714,E2,N,N
07/12/2020,22:00,17089,2394.6799,4167.1602,1370.62,21212.6992,11162.7002,5043.7002,2036.54,64477.0997,E3,N,N
07/12/2020,22:00,16878.2383,2357.1382,4136.5176,1332.3488,20946.5059,10892.4766,4910.9243,2039.5073,63493.657,M,N,N
07/12/2020,23:00,15722.4502,2196.6519,3995.8718,1262.9009,20030.2656,10263.4395,4629.9824,1975.2798,60076.8421,A3,N,N
07/12/2020,23:00,16167.5273,2182.9023,4001.4336,1291.46,19736.1387,10103.1172,4580.4321,1986.5299,60049.5411,A6,N,N
07/12/2020,23:00,15840.2998,2238.6299,3941.47,1232.77,19614.8008,10154.4004,4686.8599,1904.41,59613.6408,E,N,N
07/12/2020,23:00,16031.0996,2225.97,4165.23,1244.66,19144.0996,10000,4544.2598,2019.75,59375.069,E1,Y,N
07/12/2020,23:00,15905.7998,2245.5701,4041.51,1219.74,19409.1992,10014.5996,4577.8198,1905.8,59320.0385,E2,N,N
07/12/2020,23:00,15568.7002,2270.6899,4056.97,1275.0699,19723.8008,10299.0996,4714.8701,2016.42,59925.6205,E3,N,N
07/12/2020,23:00,15798.8242,2233.853,4052.3904,1246.8264,19524.9082,10130.6543,4630.3633,1970.4537,59588.2735,M,N,N
07/12/2020,24:00,14775.9961,2006.041,3869.5708,1156.7032,18154.7813,9409.9863,4323.7705,1841.4027,55538.2519,A3,N,N
07/12/2020,24:00,15017.6895,1974.5175,3888.2378,1170.05,17960.8672,9264.4365,4263.5576,1836.5388,55375.8949,A6,N,N
07/12/2020,24:00,14789,2028.49,3778.8501,1126.14,18025.0996,9346.7305,4328.8398,1803.3101,55226.4601,E,N,N
07/12/2020,24:00,15064,2088.3401,4034.3301,1172.3,17440.5,9320.9404,4240.5498,1934.79,55295.7504,E1,Y,N
07/12/2020,24:00,15089.9004,2093,4000.5801,1127.62,18020.4004,9348.1904,4280.8599,1816.65,55777.2012,E2,N,N
07/12/2020,24:00,14911.2002,2084.1399,3816.72,1152.16,18177.4004,9292.8896,4370.5,1859.26,55664.2701,E3,N,N
07/12/2020,24:00,14922.6611,2059.8164,3902.584,1148.3755,17932.0605,9335.0947,4309.9175,1858.2642,55468.7739,M,N,N
07/13/2020,1:00,13774.9883,1950.7544,3952.5022,1084.0525,17058.416,8631.3203,4072.1921,1655.5154,52179.7412,A3,N,N
07/13/2020,1:00,13984.3936,1836.0872,3991.936,1135.6664,16443.5781,8577.0586,4053.9866,1659.8729,51682.5794,A6,N,N
07/13/2020,1:00,13661.2998,1844.8101,3944.8,1051.3101,16340.7998,8581.1699,4010.8,1719.5,51154.4897,E,N,N
07/13/2020,1:00,14375.0996,1983.12,3979.8501,1116.3101,17002.4004,8724.96,3976.3501,1834.47,52992.5603,E1,N,N
07/13/2020,1:00,14411.2998,1984.55,3959.76,1066.79,16935.3008,8794.5098,4018.76,1724.83,52895.8004,E2,N,N
07/13/2020,1:00,13981.2998,1896.64,3919.1001,1088.71,16706.6992,8494,4059.48,1709.25,51855.1791,E3,Y,N
07/13/2020,1:00,14041.9219,1936.2986,3950.9331,1084.8728,16836.002,8654.9287,4030.7007,1739.0144,52274.6722,M,N,N
07/13/2020,2:00,13035.3281,1827.9592,3890.3645,1029.1537,16012.6338,8100.9268,3834.9343,1565.191,49296.4914,A3,N,N
07/13/2020,2:00,13208.7373,1717.7816,3900.5227,1074.9261,15250.2002,8112.5962,3793.0657,1592.972,48650.8018,A6,N,N
07/13/2020,2:00,12983.2002,1729.99,3922.99,999.615,15213.2002,8027.8198,3761.52,1693.67,48332.0052,E,N,N
07/13/2020,2:00,13873.2998,1901.11,3974.1599,1068.74,15917.4004,8127.9502,3759.4299,1710.24,50332.3302,E1,N,N
07/13/2020,2:00,13740.2002,1928.79,3929.5701,1007.79,15988.0996,8261.5,3799.99,1634.38,50290.3199,E2,N,N
07/13/2020,2:00,13170.2002,1781.67,3811.1599,1063.52,15479,7966.3901,3813.5701,1644.4399,48729.9502,E3,Y,N
07/13/2020,2:00,13360.1318,1835.0322,3900.4912,1038.6086,15749.3535,8105.0537,3797.1724,1654.6226,49440.466,M,N,N
07/13/2020,3:00,12479.3193,1755.2008,3825.3372,986.5706,15268.2021,7735.542,3668.0139,1512.9083,47231.0942,A3,N,N
07/13/2020,3:00,12563.082,1660.7357,3822.0742,1033.8158,14483.5371,7727.2568,3649.3586,1551.3621,46491.2223,A6,N,N
07/13/2020,3:00,12567.4004,1637.86,3855.4299,958.333,14457.4004,7599.73,3561.4399,1540.1899,46177.7835,E,N,N
07/13/2020,3:00,13317.7002,1831.1801,3904.1799,1020.56,15134.7998,7900.8799,3540.0701,1717.83,48367.2,E1,N,N
07/13/2020,3:00,13328.2002,1798.87,3761.0601,1007.34,15162,7827.6802,3580.8501,1635.99,48101.9906,E2,N,N
07/13/2020,3:00,12789.2998,1687.29,3780.6499,1012.36,14862,7661.9302,3624.74,1516.16,46934.4299,E3,Y,N
07/13/2020,3:00,12883.5303,1748.009,3829.603,1003.178,15005.4004,7764.5313,3600.9922,1599.1323,47434.3765,M,N,N
07/13/2020,4:00,12133.9424,1713.8691,3771.6338,946.2738,14682.1318,7481.7441,3528.0547,1459.3523,45717.002,A3,N,N
07/13/2020,4:00,12168.8301,1634.1628,3772.928,987.2972,13911.208,7470.3765,3509.4812,1476.314,44930.5978,A6,N,N
07/13/2020,4:00,12304.5,1594.79,3805.8799,933.459,13912.9004,7306.6299,3425.25,1483.83,44767.2392,E,N,N
07/13/2020,4:00,12938,1787.91,3780.4199,1014.6,14669.0996,7573.3599,3426.8701,1719.8,46910.0595,E1,N,N
07/13/2020,4:00,12956.2002,1789.59,3744.4299,976.605,14700,7660.5898,3448.02,1559.76,46835.1949,E2,N,N
07/13/2020,4:00,12548.7002,1667.1899,3736.01,980.918,14351.5,7407.8999,3489.25,1530.03,45711.498,E3,Y,N
07/13/2020,4:00,12562.748,1715.2898,3765.8047,977.9973,14504.5293,7509.0093,3470.2024,1570.2954,46075.8762,M,N,N
07/13/2020,5:00,11997.1035,1676.2961,3730.0964,932.0654,14419.3994,7300.002,3418.4602,1425.714,44899.137,A3,N,N
07/13/2020,5:00,11958.6377,1603.5074,3732.1489,975.1284,14011.7354,7292.4019,3423.1558,1427.2938,44424.0093,A6,N,N
07/13/2020,5:00,12275.4004,1580.9,3788.3899,919.481,13647,7136.6899,3326.8999,1446.66,44121.4211,E,N,N
07/13/2020,5:00,13064.9004,1762.78,3799.8301,989.465,14500.4004,7443.7202,3360.6201,1622.53,46544.2462,E1,N,N
07/13/2020,5:00,12928.5,1756.8101,3774.71,951.679,14599.7002,7431.4902,3440.6101,1545.1,46428.5996,E2,N,N
07/13/2020,5:00,12455.2998,1599.55,3676.8899,982.122,14161.9004,7154.6802,3420.8799,1511.6,44962.9222,E3,Y,N
07/13/2020,5:00,12529.8135,1676.8704,3747.0916,962.2598,14323.8008,7312.0591,3395.9287,1528.8542,45476.6781,M,N,N
07/13/2020,6:00,12084.5635,1707.3531,3718.7061,939.3122,14508.5781,7280.2715,3382.7822,1366.4043,44987.971,A3,N,N
07/13/2020,6:00,12084.7568,1640.5396,3732.8398,985.652,14088.167,7255.0454,3426.8674,1361.9679,44575.8359,A6,N,N
07/13/2020,6:00,12425.2002,1607.83,3779.49,922.421,13720.0996,7190.77,3299.25,1362.1,44307.1608,E,N,N
07/13/2020,6:00,13217.7002,1782.67,3767.1399,1003.04,14715.0996,7449.1602,3402.3701,1643.89,46981.07,E1,N,N
07/13/2020,6:00,13254.5,1745.96,3766.47,970.951,14763.4004,7425.6201,3381.78,1475.38,46784.0615,E2,N,N
07/13/2020,6:00,12723.2002,1638.9399,3686.8999,960.521,14253.5,7155.23,3413.6799,1453.49,45285.4609,E3,Y,N
07/13/2020,6:00,12716.3281,1701.4645,3736.4316,966.3446,14461.584,7316.3828,3384.8367,1484.2529,45767.6252,M,N,N
07/13/2020,7:00,12128.2832,1763.5104,3706.1433,951.3999,14726.1807,7347.854,3397.741,1374.2394,45395.3519,A3,N,N
07/13/2020,7:00,12216.6543,1723.5902,3742.2952,1003.5566,14336.4785,7366.8159,3496.0369,1346.4969,45231.9245,A6,N,N
07/13/2020,7:00,12601.2002,1665.22,3751.8201,932.494,13904.5996,7291.4399,3325.9399,1393.13,44865.8437,E,N,N
07/13/2020,7:00,13398,1816.4399,4337.3101,1019.65,15104.4004,7567.4399,3445.6201,1698.49,48387.3504,E1,N,N
07/13/2020,7:00,13395.5,1828.52,3774.6799,977.229,14973.2002,7515.3301,3529.6399,1525.59,47519.6891,E2,N,N
07/13/2020,7:00,12894.4004,1735.86,3668.1399,968.367,14552.4004,7174.2002,3483.54,1466.16,45943.0679,E3,Y,N
07/13/2020,7:00,12854.7578,1765.67,3868.7107,976.7982,14736.3477,7394.1543,3438.6729,1518.4812,46553.5928,M,N,N
07/13/2020,8:00,12462.8418,1831.043,3675.2068,967.452,15304.2842,7522.4434,3422.8403,1429.373,46615.4845,A3,N,N
07/13/2020,8:00,12393.7236,1821.0027,3714.1484,1032.9113,14809.4229,7540.0381,3507.9338,1376.1451,46195.3259,A6,N,N
07/13/2020,8:00,12888.5,1744.89,3712.3899,974.965,14272.9004,7482.3799,3387.0701,1488.27,45951.3653,E,N,N
07/13/2020,8:00,13735.2998,1899.66,3766.0801,1047.22,15325.7998,7917.29,3588.26,1725.46,49005.0697,E1,N,N
07/13/2020,8:00,13680.2002,1864.83,3661.8501,1019.5,15272.4004,7870.4399,3480.45,1538.47,48388.1406,E2,N,N
07/13/2020,8:00,13177.5996,1825.21,3707.0801,1015.15,15099.5,7438.79,3510.46,1524,47297.7897,E3,Y,N
07/13/2020,8:00,13165.0234,1840.1932,3708.8718,1013.2697,15121.5723,7682.2324,3488.8301,1561.6879,47581.6808,M,N,N
07/13/2020,9:00,13296.668,1963.0604,3747.9529,1073.5413,16289.2041,7948.4087,3671.8005,1511.9092,49502.5451,A3,N,N
07/13/2020,9:00,13217.7334,1979.3062,3764.2432,1127.8109,15780.625,7937.9604,3744.8835,1422.475,48975.0376,A6,N,N
07/13/2020,9:00,13625.9004,1859.39,3753.8201,1075.9,15248.9004,8025.0098,3659.3999,1610.8199,48859.1405,E,N,N
07/13/2020,9:00,14653.2998,2002.11,3856.8101,1142.5,16419.6992,8227.3398,3763.1799,1627.4399,51692.3787,E1,N,N
07/13/2020,9:00,14471,1991.64,3895.3799,1113.99,16030.7998,8166.8501,3761.6101,1556.4,50987.6699,E2,N,N
07/13/2020,9:00,13999.2002,1908.49,3723.49,1114.15,15790.7002,7831.48,3787.6101,1621.37,49776.4905,E3,Y,N
07/13/2020,9:00,13999.4043,1949.7937,3788.2134,1111.3402,16002.5625,8053.0947,3733.2739,1591.6437,50229.3264,M,N,N
07/13/2020,10:00,14489.6172,2124.3394,3868.8872,1174.847,17936.6953,8743.7852,4024.4265,1639.2903,54001.8881,A3,N,N
07/13/2020,10:00,14453.9482,2143.4685,3877.1521,1233.4006,17148.3008,8757.9385,4065.4949,1579.6011,53259.3047,A6,N,N
07/13/2020,10:00,14799.2998,2030.35,3826.6299,1189.8,16847.9004,8750.4404,4039.01,1654.6,53138.0305,E,N,N
07/13/2020,10:00,15360.2998,2139.8501,3964.3999,1242.4399,17543.1992,8820.1504,4078.4099,1731.76,54880.5092,E1,N,N
07/13/2020,10:00,15328.5996,2133.8301,3847.53,1196.78,17307.9004,8790.8496,4112.6299,1635.26,54353.3796,E2,N,N
07/13/2020,10:00,15042.2998,2090.6399,3808.3401,1218.88,17284.4004,8579.96,4133.3101,1598.51,53756.3403,E3,Y,N
07/13/2020,10:00,14989.042,2109.2297,3869.6765,1210.1058,17381.9492,8734.5186,4077.9917,1653.1187,54025.6322,M,N,N
07/13/2020,11:00,15678.8711,2328.5388,4000.887,1287.5093,19695.8711,9621.6289,4418.269,1779.8163,58811.3915,A3,N,N
07/13/2020,11:00,15647.1836,2355.0347,3995.4399,1345.64,18755.5078,9487.2803,4420.8833,1694.458,57701.4276,A6,N,N
07/13/2020,11:00,15857.0996,2227.8301,3959.1001,1292.86,18445.5996,9582.6396,4434.6899,1732.48,57532.2989,E,N,N
07/13/2020,11:00,16629.5996,2338.8501,4031.74,1353.78,18900,9571.8799,4506.5498,1849.88,59182.2794,E1,N,N
07/13/2020,11:00,16564.0996,2344.6101,3943.02,1310.86,18904.5996,9520.8096,4546.0698,1793.2,58927.2687,E2,N,N
07/13/2020,11:00,16110.2998,2272.6201,3957.8601,1360.38,18939.1992,9440.9502,4509.6201,1761.63,58352.5595,E3,Y,N
07/13/2020,11:00,16157.3438,2306.5571,3985.3867,1328.8011,18953.6328,9533.9434,4481.2051,1790.2146,58537.0846,M,N,N
07/13/2020,12:00,16884.4727,2496.8027,4131.9282,1398.4589,21551.6777,10556.3096,4874.522,1875.2452,63769.417,A3,N,N
07/13/2020,12:00,16784.7832,2508.0881,4178.4214,1450.5854,20500.2598,10361.5791,4891.5884,1767.2653,62442.5707,A6,N,N
07/13/2020,12:00,17037.8008,2393,4129.4702,1384.52,20228,10458.2998,4864.8398,1777.28,62273.2106,E,N,N
07/13/2020,12:00,17693.1992,2479.0801,4051.4099,1436.28,20528.9004,10315.5,4901.3701,1930.47,63336.2097,E1,N,N
07/13/2020,12:00,17659.9004,2465.9199,4287.77,1407.29,20564.9004,10340.7998,4959.5,1845.78,63531.8605,E2,N,N
07/13/2020,12:00,17336.4004,2444.3501,4111.04,1420.8,20583.4004,10307.9004,4917.3198,1837.12,62958.3311,E3,Y,N
07/13/2020,12:00,17315.7305,2462.4233,4125.7495,1413.9648,20641.7598,10367.877,4901.3457,1859.9082,63088.7588,M,N,N
07/13/2020,13:00,18074.3945,2647.2207,4233.4976,1490.1367,23188.6504,11411.5557,5295.6685,1985.7838,68326.9079,A3,N,N
07/13/2020,13:00,17872,2696.1328,4322.7607,1556.7742,22058.9902,11146.1035,5332.6304,1894.1185,66879.5103,A6,N,N
07/13/2020,13:00,18089.9004,2543.4399,4246.5601,1477.6899,21922.3008,11248.4004,5240.98,1934.85,66704.1215,E,N,N
07/13/2020,13:00,18820.5996,2628.79,4207.3701,1512.9,21947.4004,10914.2002,5249.2402,2089.1499,67369.6504,E1,N,N
07/13/2020,13:00,18643.6992,2598.1299,4242.0601,1499.9301,21779.4004,11172.7998,5275.96,1895.7,67107.6795,E2,N,N
07/13/2020,13:00,18204.5996,2571.29,4264.75,1522.03,22104.8008,11119.2998,5315.9399,1933.8101,67036.5202,E3,Y,N
07/13/2020,13:00,18366.5996,2604.5215,4237.4819,1504.6934,22096.7695,11134.0703,5279.8296,1969.7443,67193.7101,M,N,N
07/13/2020,14:00,19148.7734,2804.425,4303.0615,1578.1696,24532.7129,12168.4561,5617.5557,2127.842,72280.9962,A3,N,N
07/13/2020,14:00,19083.0684,2853.8916,4390.8472,1656.1245,23315.8301,11802.1914,5626.5322,2067.1677,70795.6531,A6,N,N
07/13/2020,14:00,18921.3008,2691.6599,4294,1563.65,23496.1992,11939.5,5503.6001,2110.48,70520.39,E,N,N
07/13/2020,14:00,19626.4004,2759.76,4307.48,1588.16,23157.8008,11651.2002,5482,2212.01,70784.8114,E1,N,N
07/13/2020,14:00,19428.6992,2742.03,4300.5,1545.16,23193.3008,11882.7002,5582.5801,2016.4301,70691.4004,E2,N,N
07/13/2020,14:00,19081.4004,2785.5601,4280.4502,1628.8,23765.3008,12107,5563.8398,2166.55,71378.9013,E3,Y,N
07/13/2020,14:00,19257.8926,2766.6475,4297.0605,1583.2576,23532.7148,11923.7197,5551.6211,2128.5378,71041.4516,M,N,N
07/13/2020,15:00,19908.7598,2932.9548,4347.71,1638.1047,25480.8984,12772.2939,5842.1733,2251.1016,75173.9965,A3,N,N
07/13/2020,15:00,19816.6777,2991.1311,4406.3994,1725.1366,24261.4355,12371.0625,5865.4497,2195.4905,73632.783,A6,N,N
07/13/2020,15:00,19578.6992,2802.8201,4301.8301,1619.95,24657.6992,12412.2998,5691.9102,2221.76,73286.9686,E,N,N
07/13/2020,15:00,20240.5,2832.6799,4399.3999,1642.26,24201.0996,12292.0996,5644.8799,2182.9099,73435.8288,E1,N,N
07/13/2020,15:00,19953.4004,2835.3999,4356.0498,1600.4399,24138.4004,12246.2998,5736.1602,2156.5,73022.6504,E2,N,N
07/13/2020,15:00,19747,2835.99,4269.6602,1708.6,24664.1992,12551.5,5741.5898,2287.98,73806.5192,E3,Y,N
07/13/2020,15:00,19915.5781,2855.1838,4336.4277,1645.0819,24518.25,12420.5488,5735.6699,2215.9551,73642.6953,M,N,N
07/13/2020,16:00,20269.9395,2999.9421,4330.7041,1683.816,26567.582,13233.4658,5935.0767,2347.1199,77367.6461,A3,N,N
07/13/2020,16:00,20355.4805,3091.6624,4352.0815,1769.7999,25262.1602,12875.6406,5967.3618,2277.2439,75951.4308,A6,N,N
07/13/2020,16:00,19877.1992,2818.1299,4237.0898,1641.65,25408.5,12619.2998,5769.7998,2303.3201,74674.9886,E,N,N
07/13/2020,16:00,20232.0996,2824.29,4344.3198,1661.2,24804.1992,12620.9004,5750.2598,2313.1101,74550.3789,E1,N,N
07/13/2020,16:00,20115.8008,2841.8601,4404.0801,1623.26,24815.5,12536.0996,5766.3901,2161.54,74264.5307,E2,N,N
07/13/2020,16:00,20093.9004,2804.9299,4328.9102,1682.0699,24803.5,12932.7998,5742.6001,2333.78,74722.4903,E3,Y,N
07/13/2020,16:00,20148.1094,2864.7891,4331.1299,1657.3158,25102.8105,12754.0459,5799.0078,2283.4126,74940.621,M,N,N
07/13/2020,17:00,20355.5566,3033.9932,4343.7056,1706.3713,26866.8105,13492.2773,5943.6885,2403.4797,78145.8827,A3,N,N
07/13/2020,17:00,20422.418,3112.2886,4345.6465,1790.5186,25585.627,13233.3135,5970.9214,2311.2485,76771.9821,A6,N,N
07/13/2020,17:00,19862.9004,2835.28,4203.5698,1647.38,25541.0996,12768.2002,5783.7998,2281.3899,74923.6197,E,N,N
07/13/2020,17:00,20133.1992,2847.1699,4423.5098,1677.95,24988.6992,12664.7002,5739.0498,2372.45,74846.7281,E1,N,N
07/13/2020,17:00,20108.8008,2848.4199,4325.5801,1627.98,25026.0996,12807.9004,5781.9302,2197.0601,74723.7711,E2,N,N
07/13/2020,17:00,20052.5996,2854.03,4408.5801,1696.4,25256.8008,13216.9004,5817.79,2343.3401,75646.441,E3,Y,N
07/13/2020,17:00,20131.8027,2894.261,4360.0928,1669.8014,25368.8906,12954.9336,5820.8486,2313.8213,75514.452,M,N,N
07/13/2020,18:00,20063.5059,3013.9561,4341.5063,1699.8094,27056.1406,13663.8184,5889.8936,2410.1138,78138.7441,A3,N,N
07/13/2020,18:00,20379.918,3093.0789,4341.6772,1778.2024,25781.7813,13408.583,5914.3594,2308.0962,77005.6964,A6,N,N
07/13/2020,18:00,19625.5,2846.8799,4187.0801,1639.55,25407.1992,12992.2998,5735.0298,2312.3501,74745.8889,E,N,N
07/13/2020,18:00,20071.5,2786.8701,4369,1681.29,24864.3008,12910.5996,5659.0801,2340.8799,74683.5205,E1,N,N
07/13/2020,18:00,19868.1992,2841.3101,4335.04,1613.17,25126.9004,12960.7998,5749.04,2197.97,74692.4295,E2,N,N
07/13/2020,18:00,19837.8008,2843.78,4354.8901,1682.29,25266.8008,13280.7998,5733.9399,2388.77,75389.0714,E3,Y,N
07/13/2020,18:00,19929.9141,2872.1753,4331.6143,1661.6074,25372.418,13120.0645,5756.2368,2322.2129,75366.2433,M,N,N
07/13/2020,19:00,19680.1973,2988.3755,4333.7666,1676.04,26409.2422,13562.7012,5732.1914,2385.1079,76767.6221,A3,N,N
07/13/2020,19:00,20128.4844,3075.0037,4333.5698,1768.9033,25229.2695,13366.0234,5788.5508,2293.5569,75983.3618,A6,N,N
07/13/2020,19:00,19111.4004,2819.54,4197.96,1621.12,24882.0996,12971.4004,5626.8101,2326.26,73556.5905,E,N,N
07/13/2020,19:00,19372.5,2772.6299,4412.3501,1625.83,24414.4004,12937.2002,5564,2281.99,73380.9006,E1,N,N
07/13/2020,19:00,19342.0996,2797.4399,4339.98,1564.1801,24535,12803.2002,5642.02,2206.28,73230.1998,E2,N,N
07/13/2020,19:00,19389.6992,2878.6799,4292.6699,1653.08,24626.0996,13255.0996,5652.27,2336.3999,74083.9981,E3,Y,N
07/13/2020,19:00,19417.2871,2862.0437,4326.9395,1622.9176,24805.293,13065.6367,5645.7192,2295.0884,74040.9252,M,N,N
07/13/2020,20:00,18918.8086,2873.6206,4361.8105,1587.5676,25242.8398,13134.2051,5509.6631,2387.3535,74015.8688,A3,N,N
07/13/2020,20:00,19343.1348,2961.6768,4394.0811,1664.5547,24219.7949,13028.6631,5603.8979,2278.8279,73494.6312,A6,N,N
07/13/2020,20:00,18441.5996,2718.6001,4226.8799,1552.84,23878.0996,12573,5427.71,2285.72,71104.4492,E,N,N
07/13/2020,20:00,18828.9004,2661.8701,4356.6201,1562.5,23659.8008,12625.5,5342.2798,2348.75,71386.2212,E1,N,N
07/13/2020,20:00,18718.9004,2687.8301,4361.4102,1525.11,23719,12571.5,5394.4302,2227.8999,71206.0808,E2,N,N
07/13/2020,20:00,18441.1992,2760.0701,4290.96,1602.1,23913.1992,12884.7998,5434.5,2311.72,71638.5483,E3,Y,N
07/13/2020,20:00,18692.2891,2749.6941,4325.8838,1564.9785,23963.1172,12733.8506,5424.3779,2306.2266,71760.4178,M,N,N
07/13/2020,21:00,18296.168,2760.6626,4296.0366,1493.6656,23919.8633,12557.3408,5255.4624,2300.0518,70879.2511,A3,N,N
07/13/2020,21:00,18758.4082,2849.7231,4336.4805,1568.4939,23008.8652,12538.7197,5357.8608,2205.2141,70623.7655,A6,N,N
07/13/2020,21:00,17799.8008,2611.8401,4227.8301,1462.0699,22739,12004.5996,5195.96,2170.75,68211.8505,E,N,N
07/13/2020,21:00,18170.0996,2545.6899,4336.4199,1471.87,22622.3008,11892.2998,5110.6099,2215.26,68364.5499,E1,N,N
07/13/2020,21:00,18209.3008,2583.4099,4281.52,1433.33,22488.1992,11917.5996,5205.71,2112.5,68231.5695,E2,N,N
07/13/2020,21:00,18004.5996,2647.51,4304.2202,1474.8199,22851.6992,12151.0996,5209.1899,2290.54,68933.6784,E3,Y,N
07/13/2020,21:00,18118.8555,2637.8718,4297.8379,1464.4719,22822.9102,12060.4922,5194.0244,2213.4253,68809.8892,M,N,N
07/13/2020,22:00,17498.2285,2673.7214,4207.375,1460.4342,22968.5059,12066.2041,5082.8384,2248.8447,68206.1522,A3,N,N
07/13/2020,22:00,17841.877,2741.3481,4224.9902,1524.3336,22040.5664,12000.002,5163.019,2201.7407,67737.877,A6,N,N
07/13/2020,22:00,17113.5,2480.6699,4177.25,1396.6,21609,11457.2998,5013.0698,2165.72,65413.1095,E,N,N
07/13/2020,22:00,17401.5,2491.29,4329.7798,1437.9399,21678,11365.5,4939.23,2179.6899,65822.9296,E1,N,N
07/13/2020,22:00,17406.5996,2493.95,4094.5601,1395.66,21685.5,11511.2998,4985.9702,2085.8501,65659.3898,E2,N,N
07/13/2020,22:00,17297.3008,2537.6699,4219.3398,1424.01,21747,11680.5,5056.0298,2276.6499,66238.5002,E3,Y,N
07/13/2020,22:00,17364.2695,2547.498,4223.0996,1421.5317,21849.8125,11579.7627,5019.4048,2187.3682,66192.747,M,N,N
07/13/2020,23:00,16145.5869,2491.2104,4111.2354,1367.2246,21351.4609,11053.7686,4762.9526,2106.5977,63390.0371,A3,N,N
07/13/2020,23:00,16203.3086,2512.686,4125.6123,1415.4519,20375.5469,10837.1328,4798.2603,2095.2288,62363.2276,A6,N,N
07/13/2020,23:00,16042.2002,2335.7,4125.77,1302.95,20050.9004,10595.7998,4687.6201,1999.63,61140.5705,E,N,N
07/13/2020,23:00,16331.5,2342.74,4277.7998,1332.8101,20179.0996,10569.4004,4613.71,2121.24,61768.2999,E1,N,N
07/13/2020,23:00,16404,2329.79,4171.0601,1280.23,20183.1992,10496.2998,4654.3799,1981.67,61500.629,E2,N,N
07/13/2020,23:00,16292.2998,2313.2,4219.46,1336.85,20198.8008,10780.7998,4735.3799,2038.33,61915.1203,E3,Y,N
07/13/2020,23:00,16248.1221,2369.9739,4189.2275,1321.2444,20315.5703,10667.8213,4695.7607,2048.5884,61856.3086,M,N,N
07/13/2020,24:00,14868.5352,2245.4111,4013.7664,1257.5073,19626.5137,10013.5713,4407.7207,1946.3647,58379.3904,A3,N,N
07/13/2020,24:00,14876.4023,2240.7419,4027.8899,1284.3337,18677.2949,9811.1807,4417.8643,1927.3234,57263.0311,A6,N,N
07/13/2020,24:00,14895.9004,2108.1201,4080.6899,1194.54,18504.5996,9679.5195,4303.9102,1874.41,56641.6897,E,N,N
07/13/2020,24:00,15224.4004,2143.52,4133.4102,1240.77,18476,9651.6602,4254.2002,2027.99,57151.951,E1,N,N
07/13/2020,24:00,15343.0996,2146.46,4075.0901,1190.33,18794.4004,9687.2695,4338.46,1897.01,57472.1196,E2,N,N
07/13/2020,24:00,15103.7002,2106.9399,4116.21,1226.64,18548.6992,9775.04,4357.1299,1941.11,57175.4692,E3,Y,N
07/13/2020,24:00,15079.0332,2155.7903,4085.3191,1220.9409,18721.1641,9740.1289,4335.0586,1944.1244,57281.5595,M,N,N
07/14/2020,1:00,13826.084,2042.554,3977.7351,1178.3025,17877.3379,9194.4229,4111.7217,1756.0626,53964.2207,A3,N,N
07/14/2020,1:00,13837.0176,2031.4587,4093.9502,1220.455,16879.6875,9106.2227,4146.4434,1729.6329,53044.868,A6,N,N
07/14/2020,1:00,13923,1935.14,4019.03,1112.8,17185.8008,8780.3496,3973.8899,1755.6899,52685.7002,E,N,N
07/14/2020,1:00,14343.9004,1979.24,4095.3799,1172.42,17473.6992,8805.8701,3943.3899,1911.04,53724.9395,E1,N,N
07/14/2020,1:00,14445.2002,1988.64,4029.1499,1117.17,17521.8008,8877.1104,4036.28,1803.53,53818.8813,E2,N,N
07/14/2020,1:00,14111.0996,1934.8199,4033.24,1160.58,17235.0996,8805.1299,4018.29,1807.4,53105.659,E3,N,N
07/14/2020,1:00,14116.2969,1979.626,4032.6113,1148.9303,17440.543,8868.874,4019.6216,1819.4615,53425.9646,M,Y,N
07/14/2020,2:00,13049.0469,1909.2518,3915.3494,1117.5837,16752,8473.833,3851.0457,1648.4141,50716.5246,A3,N,N
07/14/2020,2:00,12959.1357,1891.4086,4005.2068,1153.6793,15703.0898,8362.8945,3877.8687,1649.7036,49602.987,A6,N,N
07/14/2020,2:00,13233.7002,1822.13,3962.53,1064.9,16114.7998,8141.5298,3726.48,1620.4,49686.4698,E,N,N
07/14/2020,2:00,13765.5996,1862.47,4143.3198,1117.4,16093.5,8032.1001,3714.1599,1765.4301,50493.9795,E1,N,N
07/14/2020,2:00,13719.7998,1892.23,4024.49,1049.92,16357,8182.27,3779.3799,1728.39,50733.4797,E2,N,N
07/14/2020,2:00,13387,1797.5601,3995.22,1141.12,16028.4004,8123.0498,3764.78,1655.95,49893.0803,E3,N,N
07/14/2020,2:00,13419.5986,1856.6156,4011.8496,1099.9205,16228.0742,8161.2754,3770.7288,1696.0442,50244.1069,M,Y,N
07/14/2020,3:00,12375.5547,1814.8163,3856.2141,1069.5176,15885.4004,7977.729,3670.3359,1581.1526,48230.7206,A3,N,N
07/14/2020,3:00,12265.9912,1795.6595,3919.8125,1107.0114,14917.8896,7902.9131,3705.302,1597.9211,47212.5004,A6,N,N
07/14/2020,3:00,12724,1737.89,3907.1499,1023.84,15310.7002,7653.1001,3538.05,1633.6899,47528.4201,E,N,N
07/14/2020,3:00,13032,1775.8,3919.3401,1070.03,15503.0996,7650.6499,3488.21,1703.3101,48142.4397,E1,N,N
07/14/2020,3:00,13194.7998,1767.96,3798.79,1040.64,15489.2002,7621.5298,3565.0901,1664.39,48142.3999,E2,N,N
07/14/2020,3:00,12866.2998,1700.0699,3968.8301,1069.3199,15539.4004,7727.75,3584.51,1729.05,48185.2301,E3,N,N
07/14/2020,3:00,12808.3135,1760.9028,3899.3384,1056.6672,15532.4375,7703.8359,3573.6563,1676.043,48011.1946,M,Y,N
07/14/2020,4:00,12083.4912,1760.729,3804.6592,1031.7122,15294.0146,7551.7529,3504.9595,1538.2792,46569.5978,A3,N,N
07/14/2020,4:00,11945.4971,1751.124,3864.6567,1063.7709,14394.8467,7464.416,3549.8179,1533.8169,45567.9462,A6,N,N
07/14/2020,4:00,12468.5,1690.6801,3858.95,995.876,14698.5996,7321.1699,3396.21,1602.65,46032.6356,E,N,N
07/14/2020,4:00,12704.7998,1713.21,3856.71,1031.53,14930.7998,7299.0698,3358.28,1747.7,46642.0994,E1,N,N
07/14/2020,4:00,12929.2002,1720.34,3785.28,1017.6,15013.7998,7363.6802,3433.73,1583.92,46847.5502,E2,N,N
07/14/2020,4:00,12597,1696.9,3859.0801,1035.6,15046.5,7402.27,3452.3101,1624,46713.6602,E3,N,N
07/14/2020,4:00,12521.0361,1719.0873,3835.6409,1024.631,14996.8516,7375.3701,3432.6299,1631.5211,46536.768,M,Y,N
07/14/2020,5:00,11902.1074,1715.7246,3778.9888,1007.2405,14858.9414,7306.937,3398.2009,1502.1306,45470.2712,A3,N,N
07/14/2020,5:00,11751.1797,1698.1772,3818.7788,1043.0231,14008.0693,7226.0928,3463.0393,1480.179,44488.5392,A6,N,N
07/14/2020,5:00,12375.0996,1660.89,3836.8701,979.4,14327.5,7094.4399,3295.6201,1526.39,45096.2097,E,N,N
07/14/2020,5:00,12817.4004,1699.22,3841.3701,1035.8101,14608.4004,7251.75,3312.1299,1639.64,46205.7209,E1,N,N
07/14/2020,5:00,12842.5996,1704.1899,3847.5601,1009.93,14683.0996,7133.8301,3403.3301,1574.3101,46198.8495,E2,N,N
07/14/2020,5:00,12544.9004,1624.08,3806.27,1015.1,14613.7002,7164.1099,3376.49,1642.01,45786.6605,E3,N,N
07/14/2020,5:00,12468.3145,1680.3911,3817.2109,1013.54,14624.6045,7187.5947,3359.074,1592.5552,45743.2849,M,Y,N
07/14/2020,6:00,12060.8389,1728.0216,3781.283,1003.8217,14908.8418,7207.7622,3352.3071,1449.2229,45492.0992,A3,N,N
07/14/2020,6:00,11988.8223,1717.7699,3807.0125,1049.8654,14093.0605,7091.2925,3450.7617,1427.9592,44626.544,A6,N,N
07/14/2020,6:00,12531.5,1667.79,3824.3701,981.772,14343.5996,7032.0898,3268.5601,1501.98,45151.6616,E,N,N
07/14/2020,6:00,13056.5996,1715.86,3867.8501,1025.27,14731.0996,7216.5698,3366.6299,1689.6899,46669.5689,E1,N,N
07/14/2020,6:00,13201.5996,1715.38,3816.3999,1004.68,14808.5,7182.9199,3378.2,1507.96,46615.6394,E2,N,N
07/14/2020,6:00,12789.5,1606.1899,3810.1101,1008.62,14811.4004,7133.27,3391.6001,1585.6899,46136.3804,E3,N,N
07/14/2020,6:00,12693.3721,1685.4141,3819.9072,1007.8417,14744.3047,7163.1714,3358.479,1564.7354,46037.2256,M,Y,N
07/14/2020,7:00,12227.9014,1778.5872,3766.7002,1011.9201,15145.9102,7219.4204,3357.9766,1456.2401,45964.6562,A3,N,N
07/14/2020,7:00,12181.6299,1798.7075,3805.6729,1060.7487,14386.4707,7127.4014,3491.9666,1412.5813,45265.179,A6,N,N
07/14/2020,7:00,12741.0996,1720.3199,3794.1001,985.9,14448.5996,7086,3302.5,1451.29,45529.8092,E,N,N
07/14/2020,7:00,13308.2998,1784.5,4596.9702,1039.96,15256.0996,7313.0601,3418.23,1679.12,48396.2397,E1,N,N
07/14/2020,7:00,13374.7002,1771.76,3857.1599,996.486,15158.2002,7248.1602,3491.95,1563.04,47461.4565,E2,N,N
07/14/2020,7:00,13009.9004,1693.33,3778.78,997.054,15251.7002,7238.7402,3463.98,1557.47,46990.9548,E3,N,N
07/14/2020,7:00,12901,1750.6143,3992.0203,1008.1025,15115.8135,7238.1675,3409.353,1563.3489,46978.42,M,Y,N
07/14/2020,8:00,12457.2217,1824.7343,3742.1072,1047.7224,15496.8281,7313.8896,3402.458,1488.2119,46773.1732,A3,N,N
07/14/2020,8:00,12411.4854,1878.7288,3787.2632,1092.1571,14828.083,7239.7031,3550.2021,1421.4136,46209.0363,A6,N,N
07/14/2020,8:00,13075,1773.28,3753.8999,1011.66,14699.4004,7223.4399,3356.1699,1572.42,46465.2701,E,N,N
07/14/2020,8:00,13626,1842.42,3849.3501,1081.25,15323.4004,7651.8599,3579.05,1710.65,48663.9804,E1,N,N
07/14/2020,8:00,13678,1810.25,3710.1599,1047.52,15273,7534.3799,3492.6399,1580.42,48126.3697,E2,N,N
07/14/2020,8:00,13338.5996,1767.23,3732.02,1032.86,15498,7391.9102,3502.3401,1531.99,47794.9499,E3,N,N
07/14/2020,8:00,13199.5801,1806.5374,3763.877,1047.8303,15298.1289,7461.7041,3477.0632,1588.344,47643.065,M,Y,N
07/14/2020,9:00,13279.626,1908.6912,3812.1563,1137.2239,16316.3066,7699.8447,3668.0283,1544.4019,49366.2789,A3,N,N
07/14/2020,9:00,13248.0059,1988.1642,3856.3516,1178.1644,15572.5977,7582.6362,3770.8418,1464.3291,48661.0909,A6,N,N
07/14/2020,9:00,13893.5996,1889.58,3768.78,1096.99,15562.5996,7725.8799,3596.52,1741.85,49275.7991,E,N,N
07/14/2020,9:00,14536.0996,1907.3,3914.8601,1153.1,16216.7998,7955.77,3745.1699,1639.72,51068.8194,E1,N,N
07/14/2020,9:00,14396.5,1912.48,3939.95,1130.8,15958.7998,7877.9702,3772.5901,1570.8101,50559.9002,E2,N,N
07/14/2020,9:00,14094.9004,1856.88,3889.3501,1133.58,15978.5996,7776.0698,3756.45,1780.0601,50265.89,E3,N,N
07/14/2020,9:00,14013.918,1893.4753,3867.6826,1133.6467,16023.4141,7830.6685,3713.5508,1658.4291,50134.7851,M,Y,N
07/14/2020,10:00,14399.2764,2046.6951,3927.9595,1238.3105,17593.957,8407.3721,4000.7634,1672.3389,53286.6729,A3,N,N
07/14/2020,10:00,14236.6689,2142.9338,3935.6726,1278.3831,16749.7754,8312.3877,4072.3479,1612.0898,52340.2592,A6,N,N
07/14/2020,10:00,14900.4004,2021.34,3846.05,1200.3,16835.6992,8362.2695,3949.8401,2035.84,53151.7392,E,N,N
07/14/2020,10:00,15246.7002,2048.99,4050.0801,1257.5,17238.9004,8516.71,4057.4399,1719.23,54135.5506,E1,N,N
07/14/2020,10:00,15212.0996,2064.6599,3894.47,1229.8199,17114.9004,8464.6699,4098.79,1657.29,53736.6997,E2,N,N
07/14/2020,10:00,15026.9004,2011.15,3848.3101,1231.23,17160.1992,8386.2197,4102.1802,1714.8199,53481.0095,E3,N,N
07/14/2020,10:00,14932.2813,2037.4587,3924.1523,1234.4637,17182.207,8438.1055,4046.1743,1736.3573,53531.2001,M,Y,N
07/14/2020,11:00,15553.7598,2230.23,4023.9019,1339.3134,19223.3125,9235.5205,4378.6592,1799.4336,57784.1309,A3,N,N
07/14/2020,11:00,15365.0605,2344.8086,4047.9521,1374.59,18169.4102,9089.6914,4425.1021,1713.1833,56529.7982,A6,N,N
07/14/2020,11:00,16057.2998,2181.9099,3989.3701,1298.91,18306.1992,9094.4297,4319.3501,1843.58,57091.0488,E,N,N
07/14/2020,11:00,16460.5996,2211.6201,4077.3,1385.13,18845.3008,9232.9297,4441.6602,1833.84,58488.3804,E1,N,N
07/14/2020,11:00,16342.7002,2233.22,4000.55,1338.27,18798.8008,9180.6201,4495.6802,1818.95,58208.7913,E2,N,N
07/14/2020,11:00,16101.7002,2190.0801,4023.3701,1402.8199,18583,9074.4502,4461.2798,1812.77,57649.4703,E3,N,N
07/14/2020,11:00,16079.0146,2209.8738,4029.8831,1361.3329,18747.9648,9163.2432,4422.2783,1821.7667,57835.3574,M,Y,N
07/14/2020,12:00,16802.8906,2382.1091,4147.2471,1438.6208,20892.4219,10134.3271,4824.9985,1886.7889,62509.404,A3,N,N
07/14/2020,12:00,16639.5,2492.2449,4219.8433,1472.9657,19705.4219,9965.9941,4880.2002,1775.3578,61151.5279,A6,N,N
07/14/2020,12:00,17320.9004,2326.96,4168.9902,1379.75,19874.0996,9870.3896,4735.7402,1875.21,61552.04,E,N,N
07/14/2020,12:00,17588.5,2371.1799,3901.73,1446.48,20273.9004,9947.21,4837.7998,1883.24,62250.0401,E1,N,N
07/14/2020,12:00,17491.9004,2371.1101,4364.1802,1421.71,20374.0996,9930.6396,4887.1299,1803.79,62644.5598,E2,N,N
07/14/2020,12:00,17227.9004,2358.3101,4166.8501,1418.6,19931.6992,9877.9404,4830.0898,1871.34,61682.73,E3,N,N
07/14/2020,12:00,17256.4219,2365.1587,4120.603,1423.9939,20240.7422,9939.5371,4826.0806,1859.8423,62032.3797,M,Y,N
07/14/2020,13:00,17725.6328,2536.6042,4245.8091,1532.1105,22743.4492,11006.4395,5198.4985,1998.1581,66986.7019,A3,N,N
07/14/2020,13:00,17562.3594,2648.6782,4356.5181,1584.1964,21395.5664,10703.7695,5271.7773,1897.1769,65420.0422,A6,N,N
07/14/2020,13:00,18214.5996,2464.6201,4288.0698,1474.84,21532.1992,10661.0996,5080.3101,2002.79,65718.5284,E,N,N
07/14/2020,13:00,18529.5996,2513.97,4230.6699,1529.02,21525.4004,10594.0996,5138.2002,2000.05,66061.0097,E1,N,N
07/14/2020,13:00,18362.5996,2474.0801,4314.9902,1516.52,21326.3008,10643.5996,5173.2998,1898.03,65709.4201,E2,N,N
07/14/2020,13:00,18041.8008,2468.9099,4466.3999,1512.53,21228.5,10626.5,5197.75,2011.12,65553.5106,E3,N,N
07/14/2020,13:00,18146.4082,2497.2085,4311.1021,1515.3862,21554.5078,10674.4922,5165.3135,1977.4186,65841.8371,M,Y,N
07/14/2020,14:00,18749.8359,2687.5493,4319.2236,1626.8542,24302.6309,11815.5371,5523.3721,2150.8032,71175.8063,A3,N,N
07/14/2020,14:00,18721.9316,2792.4795,4423.4116,1693.558,22811.8672,11447.1484,5573.7979,2072.0217,69536.2159,A6,N,N
07/14/2020,14:00,19074.1992,2583.6399,4324.27,1561.95,23097.1992,11355.7002,5334.6602,2158.21,69489.8287,E,N,N
07/14/2020,14:00,19327.4004,2624.9099,4362.6201,1603.58,22691.3008,11345.0996,5385.0801,2170.95,69510.9409,E1,N,N
07/14/2020,14:00,19179.4004,2630.76,4370.5098,1573.77,22646.5,11286.0996,5460.1001,1988.0699,69135.2098,E2,N,N
07/14/2020,14:00,18887.3008,2630.0901,4286.1699,1626.21,22859.5996,11515.9004,5444,2213.6101,69462.8809,E3,N,N
07/14/2020,14:00,19022.834,2637.4373,4328.8506,1599.4905,22974.3301,11433.1797,5437.458,2131.7842,69565.3644,M,Y,N
07/14/2020,15:00,19387.2383,2814.0071,4376.8447,1684.9008,25271.2578,12436.9395,5701.2881,2273.4507,73945.927,A3,N,N
07/14/2020,15:00,19417.0098,2937.8879,4442.457,1760.281,23771.8633,12003.1963,5754.8906,2199.4604,72287.0463,A6,N,N
07/14/2020,15:00,19591.5996,2681.3101,4313.98,1626.16,24207.5996,11908,5493.1699,2260.49,72082.3092,E,N,N
07/14/2020,15:00,19836.4004,2727.1899,4428.6201,1602.48,23862.4004,11867.4004,5557.8901,2153.0601,72035.4414,E1,N,N
07/14/2020,15:00,19643.1992,2714.24,4417.5298,1585.15,23708.4004,11732.5996,5620.27,2173.8101,71595.1991,E2,N,N
07/14/2020,15:00,19398.5,2693.79,4296.2798,1686.4399,23649.5996,12028.2002,5618,2289.76,71660.5695,E3,N,N
07/14/2020,15:00,19559.8848,2733.1904,4366.875,1632.4,23989.957,11950.167,5608.4746,2220.9001,72061.8489,M,Y,N
07/14/2020,16:00,19602.3887,2876.8518,4362.8389,1728.829,26206.3828,12902.1309,5776.3647,2365.3804,75821.1672,A3,N,N
07/14/2020,16:00,19715.1016,2997.8933,4390.5884,1801.892,24638.8359,12497.5078,5840.1719,2277.801,74159.7919,A6,N,N
07/14/2020,16:00,19758.3008,2704.5,4242.5698,1654.39,24870.1992,12201.0996,5561.5698,2317.9099,73310.5391,E,N,N
07/14/2020,16:00,19908.5,2732.97,4367.6201,1672.71,24471.9004,12181.2002,5625.8301,2266.03,73226.7608,E1,N,N
07/14/2020,16:00,19860.6992,2747.3401,4472.6001,1646.3,24406.5,12144.4004,5685.1899,2163.45,73126.4797,E2,N,N
07/14/2020,16:00,19729.5996,2703.3899,4411.5698,1663.55,24299.5996,12328.9004,5650.1602,2200.01,72986.7795,E3,N,N
07/14/2020,16:00,19762.498,2759.7827,4374.9033,1668.5422,24679.0723,12301.5293,5668.9336,2242.7837,73458.0451,M,Y,N
07/14/2020,17:00,19661.2188,2914.3784,4373.561,1750.0361,26617.7461,13212.6172,5763.999,2414.4368,76707.9934,A3,N,N
07/14/2020,17:00,19690.1953,3024.5771,4382.729,1820.2139,25005.1484,12870.4258,5820.9277,2303.3311,74917.5483,A6,N,N
07/14/2020,17:00,19799.8008,2731.1699,4203.9502,1661.1801,25104.6992,12379.2998,5570.4199,2278.8899,73729.4098,E,N,N
07/14/2020,17:00,19885,2747.29,4440.6201,1703.24,24681.8008,12261.5,5629.8599,2340.5601,73689.8709,E1,N,N
07/14/2020,17:00,19680.1992,2755.52,4374.6699,1637.6801,24804.5,12314.2002,5697,2196.1599,73459.9293,E2,N,N
07/14/2020,17:00,19652.6992,2747.8,4541.0298,1660.46,24937.1992,12503.5,5712.46,2186.98,73942.1282,E3,N,N
07/14/2020,17:00,19734.7305,2788.2034,4411.1304,1676.7471,25071.1797,12468.79,5685.0068,2267.5908,74103.3787,M,Y,N
07/14/2020,18:00,19332.6055,2892.8213,4374.5781,1742.348,26808.5508,13282.4063,5699.3433,2421.8733,76554.5266,A3,N,N
07/14/2020,18:00,19377.8047,2962.8872,4381.3052,1806.2858,25166.8281,12908.2881,5752.3438,2299.6252,74655.3681,A6,N,N
07/14/2020,18:00,19447.5,2731.3899,4189.71,1646.87,25019.1992,12557.2998,5520.0298,2294.22,73406.2187,E,N,N
07/14/2020,18:00,19659.1992,2704.79,4371.0601,1693.6,24584.5996,12553.7998,5561.96,2314.24,73443.2487,E1,N,N
07/14/2020,18:00,19479.6992,2731.6101,4389.5,1632.4399,24812,12529.7998,5654.77,2203.02,73432.839,E2,N,N
07/14/2020,18:00,19540.4004,2756.4399,4402.8799,1645.41,24734.9004,12734.0996,5649.0498,2268.3601,73731.5401,E3,N,N
07/14/2020,18:00,19498.9512,2771.3877,4359.5308,1666.5148,25011.3438,12684.3887,5624.4385,2285.9167,73902.4722,M,Y,N
07/14/2020,19:00,18810.1035,2868.4863,4367.4946,1711.2393,26157.9473,13257.6318,5557.8096,2396.8645,75127.5769,A3,N,N
07/14/2020,19:00,18832.7109,2924.5007,4374.5112,1789.4834,24599.0586,13050.0098,5647.5098,2284.7402,73502.5246,A6,N,N
07/14/2020,19:00,18884.3008,2711.45,4194.52,1629.03,24563.4004,12519.9004,5414.21,2295.3999,72212.2115,E,N,N
07/14/2020,19:00,18786.4004,2675.8701,4434.21,1648.5699,24082.0996,12621.7002,5430.1401,2245.95,71924.9403,E1,N,N
07/14/2020,19:00,18931.5,2701.55,4401.6699,1597.84,24398.1992,12383.2998,5536.21,2227.2,72177.4689,E2,N,N
07/14/2020,19:00,18845,2744.04,4321.79,1666.77,24237.4004,12689.7002,5553.8901,2277.3899,72335.9806,E3,N,N
07/14/2020,19:00,18837.3516,2748.7241,4355.3975,1645.8286,24519.5918,12645.8662,5504.2627,2274.168,72531.1905,M,Y,N
07/14/2020,20:00,18059.4648,2755.2434,4389.9463,1618.1609,24990.4375,12749.2852,5354.5698,2398.7061,72315.814,A3,N,N
07/14/2020,20:00,17959.627,2799.7354,4431.7207,1683.4351,23544.9395,12616.0371,5471.7456,2268.4688,70775.7092,A6,N,N
07/14/2020,20:00,18199.3008,2619.46,4221.1499,1569.39,23686.1992,12138,5222.5498,2248.9399,69904.9896,E,N,N
07/14/2020,20:00,18382.8008,2545.6499,4389.9399,1582.14,23601.1992,12256.7998,5219.1699,2333.1001,70310.7996,E1,N,N
07/14/2020,20:00,18219.1992,2583.1001,4431.8301,1553.72,23581.9004,12133.7998,5291.6899,2227.27,70022.5095,E2,N,N
07/14/2020,20:00,17979.5996,2611.96,4278.3701,1591.97,23408.6992,12313.5996,5325.0098,2262.74,69771.9483,E3,N,N
07/14/2020,20:00,18157.7793,2628.5332,4346.1865,1580.4014,23732.5273,12286.9609,5288.9673,2286.7332,70308.0891,M,Y,N
07/14/2020,21:00,17449.0137,2658.5696,4321.4502,1521.7155,23599.3984,12144.2549,5144.2651,2315.8887,69154.5561,A3,N,N
07/14/2020,21:00,17317.6953,2682.5798,4371.3853,1586.4135,22265.834,12194.2178,5253.1558,2195.8413,67867.1228,A6,N,N
07/14/2020,21:00,17533.5,2512.4299,4225.8901,1479.6801,22518.0996,11567.2998,5009.8901,2162.75,67009.5396,E,N,N
07/14/2020,21:00,17832,2451.55,4347.1499,1492.03,22371,11572.9004,5016.25,2196.3401,67279.2204,E1,N,N
07/14/2020,21:00,17752.8008,2477.29,4335.6001,1444.03,22108,11477.5996,5075.8101,2103.78,66774.9106,E2,N,N
07/14/2020,21:00,17494.3008,2531.47,4348.0698,1468.3101,22210.6992,11744,5108.79,2224.1201,67129.76,E3,N,N
07/14/2020,21:00,17604.6172,2534.1125,4324.3535,1476.267,22437.1133,11662.5693,5078.0391,2190.8899,67307.9618,M,Y,N
07/14/2020,22:00,16911.7676,2576.4502,4231.5117,1487.7156,22827.0996,11746.6494,5034.229,2283.2864,67098.7095,A3,N,N
07/14/2020,22:00,16800.7969,2583.9407,4257.8696,1541.8768,21497.7734,11843.3428,5110.6514,2202.6465,65838.8981,A6,N,N
07/14/2020,22:00,16876.3008,2400.4399,4172.3301,1417.97,21445.5,11025,4877.29,2214.76,64429.5908,E,N,N
07/14/2020,22:00,17089.8008,2428.4399,4351.6602,1449.86,21537.1992,11120.0996,4939.77,2156.5601,65073.3898,E1,N,N
07/14/2020,22:00,17003.3008,2388.26,4123.73,1418.47,21461.4004,11102,4910.6899,2072.27,64480.1211,E2,N,N
07/14/2020,22:00,16829.8008,2399.23,4232.0601,1401.47,21124,11283.2002,4945.5498,2248.01,64463.3209,E3,N,N
07/14/2020,22:00,16942.793,2449.6177,4240.8154,1430.6606,21564.7246,11222.7803,4953.3848,2181.4658,64986.2422,M,Y,N
07/14/2020,23:00,15731.8164,2403.436,4134.4507,1398.2373,21169.9121,10781.5244,4715.52,2159.9036,62494.8005,A3,N,N
07/14/2020,23:00,15500.4316,2393.9329,4156.6597,1437.7433,19787.1387,10709.0645,4749.7241,2102.8154,60837.5102,A6,N,N
07/14/2020,23:00,15823.5996,2245.45,4125.8599,1320.12,19914.8008,10225.0996,4570.2402,2012.38,60237.5501,E,N,N
07/14/2020,23:00,16169.7002,2257.51,4279.5601,1341.79,20052,10337.4004,4563.9502,2105.8601,61107.771,E1,N,N
07/14/2020,23:00,16131.2002,2225.8799,4233.4399,1297.29,19778.1992,10164.7998,4569.3799,1981.48,60381.6689,E2,N,N
07/14/2020,23:00,15837.2002,2197.4099,4285.5898,1338.9301,19425.5,10407.2998,4605.1299,2035.0601,60132.1198,E3,N,N
07/14/2020,23:00,15929.0293,2273.5051,4219.8125,1334.2972,19949.5137,10353.2031,4613.6025,2052.1355,60725.0989,M,Y,N
07/14/2020,24:00,14555.2705,2166.823,4025.2957,1289.4141,19390.6309,9771.2266,4364.4492,1983.1742,57546.2842,A3,N,N
07/14/2020,24:00,14331.2305,2139.1965,4053.3953,1305.0876,18146.6309,9648.7393,4380.1597,1931.8768,55936.3166,A6,N,N
07/14/2020,24:00,14765.0996,2037,4091.3501,1206.05,18415.1992,9331.7002,4237.46,1889.5699,55973.429,E,N,N
07/14/2020,24:00,15066.2002,2057.5601,4115.1201,1247.87,18463.5,9332.4004,4227.1099,2024.42,56534.1807,E1,N,N
07/14/2020,24:00,15059.2998,2047.38,4121.04,1204.52,18369,9277.3301,4258.0498,1900.34,56236.9597,E2,N,N
07/14/2020,24:00,14784.7002,1995.38,4150.96,1189.47,17990.3008,9456.21,4263.9102,1972.5699,55803.5011,E3,N,N
07/14/2020,24:00,14829.5918,2065.4883,4099.3926,1222.3979,18431.4297,9404.3506,4275.8062,1958.4254,56286.8825,M,Y,N
07/15/2020,1:00,13547.8467,1956.5812,3980.7864,1199.8655,17707.5801,8883.251,4088.5317,1773.7772,53138.2198,A3,N,N
07/15/2020,1:00,13401.1221,1947.1951,4108.5942,1236.0284,16508.207,8850.5156,4115.1812,1726.5792,51893.4228,A6,N,N
07/15/2020,1:00,13673.7998,1860.65,4018.3601,1117.7,16751.0996,8486.7695,3951.29,1754.36,51614.029,E,N,N
07/15/2020,1:00,14190.0996,1880.09,4037.8101,1169.2,16990.9004,8441.8496,3925.8701,1897.1899,52533.0097,E1,N,N
07/15/2020,1:00,14155.2002,1885.86,4039.4399,1124.85,16941.1992,8411.7803,3957,1798.29,52313.6196,E2,N,N
07/15/2020,1:00,13827.7998,1830.21,4032.8601,1101.42,16753.0996,8511.0098,3960.29,1843.29,51859.9793,E3,N,N
07/15/2020,1:00,13870.0615,1885.0341,4020.0891,1138.5631,16978.6348,8512.4121,3982.2092,1825.7097,52212.7136,M,Y,N
07/15/2020,2:00,12850.71,1821.6974,3912.7822,1134.2177,16433.457,8195.6201,3829.3455,1649.6072,49827.4371,A3,N,N
07/15/2020,2:00,12736.0576,1803.6859,4009.4873,1166.0454,15341.4658,8191.0034,3834.6282,1633.8691,48716.2427,A6,N,N
07/15/2020,2:00,12978.4004,1739.27,3966.8799,1067.02,15682.5996,7885.3101,3718.5601,1627.26,48665.3001,E,N,N
07/15/2020,2:00,13606.7002,1740.21,4011.8999,1103.6899,15862.9004,7714.8999,3703.99,1727.5,49471.7903,E1,N,N
07/15/2020,2:00,13420.2002,1773.16,4005.05,1056.1,15597.2002,7696.0698,3700.01,1712.3,48960.0902,E2,N,N
07/15/2020,2:00,13049.7998,1694.03,3970.23,1076.15,15711.9004,7842.98,3705.1399,1712.73,48762.9601,E3,N,N
07/15/2020,2:00,13176.6279,1753.0381,3970.2192,1084.1396,15807.5078,7823.604,3736.9399,1697.7408,49049.8173,M,Y,N
07/15/2020,3:00,12248.9717,1726.017,3847.6509,1079.9352,15554.4043,7673.3159,3659.1731,1569.1519,47358.62,A3,N,N
07/15/2020,3:00,12122.4727,1715.5737,3913.2227,1113.1959,14547.543,7625.124,3668.1069,1575.944,46281.1829,A6,N,N
07/15/2020,3:00,12534.7002,1657.24,3905.8701,1027.27,14880,7422.52,3551.52,1588.79,46567.9103,E,N,N
07/15/2020,3:00,12981,1671.15,3876.74,1045.45,14961.0996,7305.2402,3480.3201,1663.91,46984.9099,E1,N,N
07/15/2020,3:00,12950,1680.7,3790.8401,1035.08,14701.7998,7169.1499,3496.5601,1650.98,46475.1099,E2,N,N
07/15/2020,3:00,12614.7998,1601.62,3923.3701,1021.45,14996.5,7392.5898,3551.55,1602.5,46704.3797,E3,N,N
07/15/2020,3:00,12646.7803,1666.9393,3874.0291,1038.8956,14969.1504,7353.7246,3553.7708,1624.0902,46727.3803,M,Y,N
07/15/2020,4:00,11847.4873,1673.4004,3790.9197,1032.7911,14751.7686,7273.5586,3508.9316,1509.929,45388.7863,A3,N,N
07/15/2020,4:00,11717.3428,1684.127,3847.3435,1060.9718,13867.0869,7204.0791,3513.0833,1506.2028,44400.2372,A6,N,N
07/15/2020,4:00,12256.2998,1619.45,3851.8101,997.112,14230.7002,7126.6299,3421.8,1566.97,45070.772,E,N,N
07/15/2020,4:00,12520.5996,1608.1801,3853.73,1010.66,14270,6949.5801,3383.49,1670.6801,45266.9199,E1,N,N
07/15/2020,4:00,12596,1618.92,3776.1799,1012.27,14132.2998,6945.4102,3389.45,1572.11,45042.6399,E2,N,N
07/15/2020,4:00,12283,1593.55,3820.3999,987.505,14396.4004,7075.8901,3432.6499,1604.38,45193.7753,E3,N,N
07/15/2020,4:00,12269.3086,1623.5789,3819.7612,1006.3467,14322.4844,7042.7437,3432.6738,1596.4048,45113.3021,M,Y,N
07/15/2020,5:00,11794.5625,1628.3245,3762.2898,998.7759,14433.1738,7031.8979,3402.5867,1469.9824,44521.5935,A3,N,N
07/15/2020,5:00,11645.7783,1633.3513,3796.9678,1033.6854,13551.2715,6956.5601,3422.8171,1452.4557,43492.8872,A6,N,N
07/15/2020,5:00,12233.2998,1592.95,3825.9199,978.794,13913,6953.3799,3327,1548.72,44373.0636,E,N,N
07/15/2020,5:00,12752,1599.91,3812.28,1004,14063.2998,6982.1499,3324.96,1595.52,45134.1197,E1,N,N
07/15/2020,5:00,12650.2002,1604.03,3835.3799,1008.74,13761.0996,6773.1201,3354.0601,1559.62,44546.2499,E2,N,N
07/15/2020,5:00,12288,1554.39,3799.4299,965.758,14285.7002,6907.3701,3372.6399,1601.6801,44774.9682,E3,N,N
07/15/2020,5:00,12319.0781,1595.2787,3801.1626,991.8207,14070.7959,6913.8203,3360.1792,1566.5428,44618.6783,M,Y,N
07/15/2020,6:00,11882.6523,1641.89,3749.3464,995.2184,14360.9521,7003.6191,3395.3232,1412.4443,44441.4458,A3,N,N
07/15/2020,6:00,11782.71,1663.0062,3781.3164,1040.6229,13568.2305,6935.3418,3440.322,1397.7637,43609.3135,A6,N,N
07/15/2020,6:00,12401.7998,1607.0699,3813.3401,984.264,13904.7002,6935.0098,3312.8999,1502.03,44461.1137,E,N,N
07/15/2020,6:00,12946,1635.37,3840.4299,1003.15,14019.7998,6985.8301,3376.4099,1608.26,45415.2497,E1,N,N
07/15/2020,6:00,12954.0996,1642.67,3805.6299,995.659,13893.2998,6936.2202,3364.1599,1491.72,45083.4584,E2,N,N
07/15/2020,6:00,12575.5,1570.21,3784.0601,982.675,14439.5,6931.3398,3389.1201,1556.14,45228.545,E3,N,N
07/15/2020,6:00,12520.5254,1618.085,3795.8306,992.8063,14121.3564,6955.6763,3374.8459,1528.3392,44907.4651,M,Y,N
07/15/2020,7:00,12040.9307,1690.8981,3734.1826,997.7307,14546.7568,7082.9712,3446.8047,1411.5526,44951.8274,A3,N,N
07/15/2020,7:00,11949.8242,1737.7999,3776.7588,1045.9569,13768.4248,7048.8799,3521.1252,1379.9449,44228.7146,A6,N,N
07/15/2020,7:00,12631.2998,1661.85,3779.75,991.914,14028.0996,7032.5098,3352.8501,1478.49,44956.7633,E,N,N
07/15/2020,7:00,13246.7002,1716.6801,4277.9399,1015.28,14475.0996,7167.6201,3480.1799,1643.99,47023.4898,E1,N,N
07/15/2020,7:00,13183.7998,1690.3,3837.9199,989.796,14280.2002,7061.0298,3470.1101,1550.39,46063.5458,E2,N,N
07/15/2020,7:00,12744.7002,1628.48,3745.52,986.496,14783.5,7117.96,3466.0701,1536.3199,46009.0462,E3,N,N
07/15/2020,7:00,12734.9697,1678.0332,3891.6196,996.5986,14456.5566,7101.0879,3451.1335,1543.9303,45853.9294,M,Y,N
07/15/2020,8:00,12380.3076,1753.3306,3701.1699,1030.006,15030.6719,7245.9722,3495.0591,1448.3169,46084.8342,A3,N,N
07/15/2020,8:00,12299.8193,1818.8523,3751.7437,1076.4221,14277.1006,7228.8008,3575.8594,1392.21,45420.8082,A6,N,N
07/15/2020,8:00,12989.2998,1714.83,3728.1101,1016.54,14275.2998,7191.25,3415.3401,1533.7,45864.3698,E,N,N
07/15/2020,8:00,13596.7002,1784.13,3822.52,1050.9399,14825.9004,7537.1802,3619.54,1674.47,47911.3807,E1,N,N
07/15/2020,8:00,13482.7998,1753.09,3701.95,1034.92,14599,7285.1699,3495.8501,1570.95,46923.7298,E2,N,N
07/15/2020,8:00,13150.7002,1693.24,3687.1899,1024.27,15073.7002,7269.1299,3519.0801,1592.9301,47010.2404,E3,N,N
07/15/2020,8:00,13090.9385,1741.165,3731.4775,1033.3507,14787.8965,7327.5225,3522.3186,1582.3397,46817.009,M,Y,N
07/15/2020,9:00,13229.0137,1843.0225,3778.3264,1105.0276,15841.3477,7621.313,3748.1675,1488.842,48655.0604,A3,N,N
07/15/2020,9:00,13167.1133,1942.7524,3822.4458,1151.515,15105.9961,7609.6807,3799.5503,1423.1501,48022.2037,A6,N,N
07/15/2020,9:00,13794.2998,1828.3101,3759.03,1097.0601,15051.2002,7624.4102,3654.9399,1568.46,48377.7103,E,N,N
07/15/2020,9:00,14489.5,1848.35,3893.3501,1122.53,15606.7998,7775.5801,3780.1201,1582.95,50099.1801,E1,N,N
07/15/2020,9:00,14181.2998,1845.58,3910.23,1115.45,15269.9004,7610.02,3756.9299,1569.7,49259.1101,E2,N,N
07/15/2020,9:00,13855.2002,1808.16,3812.8799,1094.62,15706.7002,7635.3101,3736.9299,1615.97,49265.7703,E3,N,N
07/15/2020,9:00,13890.3779,1834.1194,3829.7966,1108.4109,15507.4189,7660.9429,3742.7881,1574.3176,49148.1723,M,Y,N
07/15/2020,10:00,14359.6035,1980.208,3880.2788,1195.7264,16841.2969,8235.4385,4068.1235,1588.9673,52149.6429,A3,N,N
07/15/2020,10:00,14177.6338,2081.4644,3894.9812,1244.4138,16089.8105,8210.1426,4102.543,1549.9548,51350.9441,A6,N,N
07/15/2020,10:00,14849.9004,1953.46,3825.3,1193.02,16243.5,8168.98,4003.52,1699.49,51937.1704,E,N,N
07/15/2020,10:00,15240.5,1975.88,3960.5701,1224.5,16536,8288.8701,4092.3999,1688.9,53007.6201,E1,N,N
07/15/2020,10:00,14961,1975.6,3902.21,1209.05,16278,8134.5801,4020.5901,1653.62,52134.6502,E2,N,N
07/15/2020,10:00,14782.4004,1926.39,3803.9099,1181.71,16561.0996,8100.73,4055.4199,1682.91,52094.5698,E3,N,N
07/15/2020,10:00,14821.9883,1961.752,3877.1284,1202.4083,16479.375,8181.5972,4056.9995,1667.4147,52248.6634,M,Y,N
07/15/2020,11:00,15468.7822,2139.95,3995.9851,1282.7322,18339.5762,8924.5107,4440.9023,1686.6317,56279.0704,A3,N,N
07/15/2020,11:00,15321.2539,2262.325,3999.0852,1331.2229,17360.6035,8875.458,4439.7144,1629.6993,55219.3622,A6,N,N
07/15/2020,11:00,16003,2096.4399,3953.6399,1285.59,17479.5,8784.2197,4383.73,1772.33,55758.4495,E,N,N
07/15/2020,11:00,16422.5996,2106.8,4061.8,1329.8101,17870.8008,8905.7305,4446.9199,1760.26,56904.7209,E1,N,N
07/15/2020,11:00,16051.7002,2115.24,3987.6299,1293.76,17611.5996,8802.9004,4415.1602,1666.55,55944.5403,E2,N,N
07/15/2020,11:00,15879,2117.8501,3907.8601,1309.4301,17654.6992,8759.0098,4408.04,1785.03,55820.9193,E3,N,N
07/15/2020,11:00,15949.4336,2117.6099,3984.0701,1304.2903,17761.6602,8830.502,4423.8271,1735.3303,56106.7235,M,Y,N
07/15/2020,12:00,16592.8574,2264.1487,4118.3818,1372.4707,19812.5859,9697.5605,4834.4551,1757.181,60449.6411,A3,N,N
07/15/2020,12:00,16425.8555,2398.7581,4165.1411,1415.6318,18703.5918,9623.5283,4856.6128,1676.5709,59265.6903,A6,N,N
07/15/2020,12:00,17169.6992,2222.8401,4109.3999,1364.13,18883.5996,9451.7402,4752.6401,1808.37,59762.4191,E,N,N
07/15/2020,12:00,17459.5996,2236.6499,3965.04,1394.63,19122,9519.4004,4792.54,1802.96,60292.8199,E1,N,N
07/15/2020,12:00,17241.5,2286.1201,4242.9399,1386.0699,19016.0996,9424.9805,4822.9702,1791.49,60212.1702,E2,N,N
07/15/2020,12:00,16947.5,2279.6799,4097.8101,1382.09,18917.3008,9433.8496,4741.5601,1840.74,59640.5305,E3,N,N
07/15/2020,12:00,17051.3887,2258.7397,4089.3506,1382.7725,19100.875,9488.2207,4789.0903,1804.4915,59964.929,M,Y,N
07/15/2020,13:00,17479.6973,2404.781,4213.1675,1460.5236,21454.373,10511.209,5156.4258,1854.2798,64534.457,A3,N,N
07/15/2020,13:00,17288.8242,2545.5342,4294.5869,1517.275,20101.9434,10395.3496,5221.9731,1783.0575,63148.5439,A6,N,N
07/15/2020,13:00,18108.3008,2356.5601,4203.5498,1449.8,20416.0996,10209.5996,5051.98,1955.72,63751.6099,E,N,N
07/15/2020,13:00,18387.0996,2374.1499,4174.1099,1476.54,20394.3008,10195.4004,5047.0498,1960.5601,64009.2105,E1,N,N
07/15/2020,13:00,18174.8008,2377.27,4289.52,1459.26,20248.4004,10083.7998,5111.2002,1878.1899,63622.4411,E2,N,N
07/15/2020,13:00,17787.6992,2397.71,4284.3101,1461.3101,20136.5996,10142.5,5080.4502,1955.72,63246.2992,E3,N,N
07/15/2020,13:00,17949.0117,2385.8889,4229.5308,1463.068,20428.6348,10195.5264,5091.3789,1924.8674,63667.9069,M,Y,N
07/15/2020,14:00,18427.1094,2545.9434,4282.2104,1544.9199,23008.8496,11226.6494,5430.2256,1985.3392,68451.2469,A3,N,N
07/15/2020,14:00,18398.5547,2681.4197,4355.8696,1616.0792,21466.4219,10950.3418,5466.4072,1947.4332,66882.5273,A6,N,N
07/15/2020,14:00,18903.8008,2485.79,4233.25,1530.05,21715.3008,10860.7998,5289.8301,2115.8899,67134.7114,E,N,N
07/15/2020,14:00,19146.8008,2499.02,4322.7798,1542.97,21690.1992,10799.4004,5309.9399,2087.6799,67398.79,E1,N,N
07/15/2020,14:00,19001.5996,2548.73,4352.98,1529.53,21533.3008,10743.7998,5369.5698,1977,67056.51,E2,N,N
07/15/2020,14:00,18710.5996,2541.45,4237.8999,1563.1801,21300.5996,10944.4004,5318.6299,2191.54,66808.2995,E3,N,N
07/15/2020,14:00,18809.3027,2525.9185,4284.0015,1543.2914,21721.5449,10882.832,5347.124,2076.7085,67190.7235,M,Y,N
07/15/2020,15:00,19041.1016,2662.3943,4313.709,1596.3165,24010.4961,11798.6807,5608.749,2101.2329,71132.6801,A3,N,N
07/15/2020,15:00,19046.9609,2798.7493,4363.0044,1677.3312,22378.6914,11480.7949,5649.3184,2070.5154,69465.3659,A6,N,N
07/15/2020,15:00,19427.8008,2588.24,4228.6699,1585.3199,22694.5996,11430.5,5449.1401,2205,69609.2703,E,N,N
07/15/2020,15:00,19644.8008,2593.03,4400.9302,1560.42,23004.5996,11374.5996,5468.7798,2077.23,70124.39,E1,N,N
07/15/2020,15:00,19493.4004,2629.4199,4376.5601,1582.63,22564,11310.9004,5524.6802,2100.4199,69582.0109,E2,N,N
07/15/2020,15:00,19201.9004,2634.74,4304.5298,1608.38,22346.5,11514.2998,5465.5498,2249.1001,69324.9999,E3,N,N
07/15/2020,15:00,19337.1016,2624.7485,4330.4463,1585.562,22816.9121,11453.5977,5507.4971,2144.9668,69800.8321,M,Y,N
07/15/2020,16:00,19243.3594,2739.9082,4292.8564,1635.8549,24851.6797,12232.998,5634.8994,2198.79,72830.346,A3,N,N
07/15/2020,16:00,19322.418,2875.865,4303.1421,1715.696,23116.3359,11937.4766,5688.0542,2150.1746,71109.1624,A6,N,N
07/15/2020,16:00,19583.9004,2630.02,4153.5298,1604.54,23271.5996,11784.7998,5502.54,2249.1599,70780.0895,E,N,N
07/15/2020,16:00,19706.6992,2631.46,4389.1899,1617.0699,23582.3008,11730.4004,5515.3501,2167.99,71340.4603,E1,N,N
07/15/2020,16:00,19696.1992,2680.1799,4435.9399,1616.58,23265.1992,11680.9004,5580.4199,2137.3999,71092.8184,E2,N,N
07/15/2020,16:00,19513.9004,2652.26,4241.6099,1613.83,23100.1992,11787.0996,5522,2278.8701,70709.7692,E3,N,N
07/15/2020,16:00,19526.002,2669.6819,4304.5977,1616.9194,23502.3359,11801.8242,5553.4326,2202.0586,71176.8523,M,Y,N
07/15/2020,17:00,19119.5762,2780.8081,4304.3994,1662.262,25167.5332,12460.4023,5613.6587,2234.4741,73343.114,A3,N,N
07/15/2020,17:00,19067.0938,2895.0642,4292.8145,1736.3367,23420.252,12197.5566,5649.6982,2177.2913,71436.1073,A6,N,N
07/15/2020,17:00,19577.4004,2664.71,4120.7798,1607.35,23538.4004,12001,5521.98,2264.21,71295.8306,E,N,N
07/15/2020,17:00,19660.3008,2645.48,4421.6001,1643.89,23968.9004,11924.5,5544.1899,2266.6101,72075.4713,E1,N,N
07/15/2020,17:00,19465,2682.4199,4359.2202,1620.88,23711.5996,11836.7998,5611.2402,2166.3101,71453.4698,E2,N,N
07/15/2020,17:00,19424.6992,2691.5901,4309.9302,1600.0699,23433.6992,12028.0996,5568.8901,2349.3,71406.2783,E3,N,N
07/15/2020,17:00,19431.4453,2697.8608,4318.9824,1624.9114,23866.793,12005.0254,5573.3369,2257.8906,71776.2458,M,Y,N
07/15/2020,18:00,18806.248,2764.9253,4295.2769,1657.595,25626.2637,12550.0205,5533.3379,2233.4641,73467.1314,A3,N,N
07/15/2020,18:00,18689.0977,2852.1714,4281.9453,1727.2577,23831.627,12316.0293,5572.5449,2167.1487,71437.822,A6,N,N
07/15/2020,18:00,19284.6992,2663.04,4112.3901,1594.5601,23657.4004,12110.5,5472,2273.8899,71168.4797,E,N,N
07/15/2020,18:00,19443.6992,2616.96,4352.71,1638.46,23902.0996,12093.4004,5475.0098,2212.6399,71734.9789,E1,N,N
07/15/2020,18:00,19205.8008,2647.3301,4376.1802,1607.4,23724.4004,12010.5996,5512.1699,2174.8899,71258.7709,E2,N,N
07/15/2020,18:00,19264.5996,2695.04,4305.3599,1601.01,23586.5,12251.9004,5516.3701,2278.6499,71499.4299,E3,N,N
07/15/2020,18:00,19189.9492,2683.0276,4299.4077,1618.2368,23963.707,12171.5391,5504.2012,2229.9644,71660.033,M,Y,N
07/15/2020,19:00,18393.5352,2745.2969,4280.5942,1629.126,24946.2617,12471.7842,5400.519,2218.9482,72086.0654,A3,N,N
07/15/2020,19:00,18316.2461,2818.1741,4265.8184,1711.7136,23367.2539,12386.2441,5464.5767,2154.9868,70485.0137,A6,N,N
07/15/2020,19:00,18773.6992,2638.25,4122.04,1576.91,23274,12055.5996,5364.48,2258.5801,70063.5589,E,N,N
07/15/2020,19:00,18601.3008,2574.22,4420.71,1581.09,23329.4004,11985.9004,5319.04,2162.0901,69973.7517,E1,N,N
07/15/2020,19:00,18738.8008,2623.8,4316.9502,1564.0601,23299.4004,11874.5996,5394.2998,2209.5601,70021.471,E2,N,N
07/15/2020,19:00,18637.3008,2704.54,4266.02,1618.0699,23311.6992,12158.2002,5420.96,2265.79,70382.5801,E3,N,N
07/15/2020,19:00,18597.0977,2663.7705,4296.7046,1591.5594,23512.6563,12070.5977,5379.9775,2219.0513,70331.415,M,Y,N
07/15/2020,20:00,17660.8984,2654.9636,4296.2686,1545.7136,23799.8672,12013.7637,5221.0718,2217.8608,69410.4077,A3,N,N
07/15/2020,20:00,17497.4121,2701.137,4313.5425,1612.287,22381.6133,12049.8105,5307.1777,2136.0415,67999.0216,A6,N,N
07/15/2020,20:00,18154.8008,2550.23,4154.71,1516.4,22430.8008,11699.4004,5171.1499,2247.8701,67925.362,E,N,N
07/15/2020,20:00,18239.5,2464.72,4364.4902,1522.1801,22539.6992,11688.5,5120.1401,2216.79,68156.0196,E1,N,N
07/15/2020,20:00,18029.9004,2512.29,4311.5498,1501.49,22372.5996,11538.5,5162.3999,2120.3501,67549.0798,E2,N,N
07/15/2020,20:00,17940.5996,2567.1299,4244.0898,1498.42,22305.5,11752,5214.96,2258.04,67780.7393,E3,N,N
07/15/2020,20:00,17983.3359,2554.5186,4284.4946,1513.2866,22583.2832,11708.8955,5180.7368,2207.0112,68015.5624,M,Y,N
07/15/2020,21:00,17220.4082,2570.2878,4231.4312,1460.0375,22558.3945,11478.9102,5020.2573,2146.2974,66686.0241,A3,N,N
07/15/2020,21:00,17086.1738,2613.6326,4251.7817,1521.2661,21355.3379,11583.8623,5084.7939,2071.1941,65568.0424,A6,N,N
07/15/2020,21:00,17496.8008,2447.1599,4162.8999,1437.29,21375,11189.5,4956.1499,2220.6201,65285.4206,E,N,N
07/15/2020,21:00,17767.5996,2368.5,4301.8701,1440.61,21546.1992,11147.5996,4939.75,2132.6599,65644.7884,E1,N,N
07/15/2020,21:00,17674,2411.74,4281.1099,1407.2,21186.5996,11003,4972.96,2022.5699,64959.1794,E2,N,N
07/15/2020,21:00,17419.6992,2466.3,4291.9102,1431.02,21367.1992,11225,4985.52,2213.9199,65400.5685,E3,N,N
07/15/2020,21:00,17498.2773,2458.6345,4261.8037,1431.8734,21516.6758,11177.4512,4977.5205,2138.1521,65460.3885,M,Y,N
07/15/2020,22:00,16717.2578,2479.4219,4151.7515,1425.1509,21929.7715,11158.4717,4916.6655,2126.885,64905.3758,A3,N,N
07/15/2020,22:00,16648.5801,2522.281,4144.458,1476.3896,20740.4063,11343.4014,4948.5571,2084.7283,63908.8018,A6,N,N
07/15/2020,22:00,16861.8008,2337.6201,4118,1381.14,20443.4004,10712.2002,4820.2798,2171.0701,62845.5114,E,N,N
07/15/2020,22:00,17078.9004,2334.97,4229.4502,1402.38,20815.0996,10757.7998,4837.3398,2105.1699,63561.1097,E1,N,N
07/15/2020,22:00,16985.6992,2332.1899,4057.6001,1375.1801,20633.9004,10679.0996,4837.4902,1974.85,62876.0095,E2,N,N
07/15/2020,22:00,16793.0996,2347.6399,4129.52,1344.9301,20382.6992,10891.9004,4848.4399,2268.47,63006.6991,E3,N,N
07/15/2020,22:00,16878.252,2374.2341,4149.6304,1381.4089,20754.5703,10816.0342,4857.8325,2124.3669,63336.3293,M,Y,N
07/15/2020,23:00,15566.8936,2311.2251,4069.5115,1331.7191,20333.3418,10296.2783,4642.0571,2010.2889,60561.3154,A3,N,N
07/15/2020,23:00,15404.3193,2322.6921,4048.2917,1371.5162,19148.1367,10273.9336,4627.0161,1988.7987,59184.7044,A6,N,N
07/15/2020,23:00,15881.5996,2180.1499,4074.8701,1287.35,18998.1992,9974.1299,4534.1401,1993.1899,58923.6287,E,N,N
07/15/2020,23:00,16114.9004,2159.47,4140.04,1299.64,19326.6992,9973.29,4512.8398,2064.9199,59591.7993,E1,N,N
07/15/2020,23:00,16083,2162.0701,4167.9199,1267.72,19111.0996,9814.8496,4549.73,1879.89,59036.2792,E2,N,N
07/15/2020,23:00,15862.4004,2197.1399,4083.8701,1268.72,18803.6992,9955.6299,4564.5898,2052.5701,58788.6194,E3,N,N
07/15/2020,23:00,15881.623,2209.7363,4103.7041,1286.4036,19226.8164,9969.7432,4565.3555,1999.7798,59243.1619,M,Y,N
07/15/2020,24:00,14503.4443,2098.729,3975.0129,1217.9016,18604.127,9344.1172,4318.0688,1836.2423,55897.6431,A3,N,N
07/15/2020,24:00,14271.3174,2091.728,3949.093,1236.1447,17548.8906,9240.0254,4277.332,1823.212,54437.7431,A6,N,N
07/15/2020,24:00,14813.9004,1983.25,4036.03,1180.21,17562.6992,9116.8301,4202.21,1852.42,54747.5497,E,N,N
07/15/2020,24:00,15057.0996,1995.46,4005.99,1198.02,17825.3008,9049.0195,4191.96,1899.08,55221.9299,E1,N,N
07/15/2020,24:00,15098.0996,1992.62,4039.8101,1180.55,17730.9004,8990.96,4229.9502,1812.91,55075.8003,E2,N,N
07/15/2020,24:00,14799,1961.24,4022.45,1151.4301,17408.8008,9093.6104,4215.6602,1909.09,54561.2815,E3,N,N
07/15/2020,24:00,14828.8857,2010.8411,4010.3433,1182.2639,17762.1055,9091.0156,4235.4424,1866.3528,54987.2503,M,Y,N
07/16/2020,1:00,13435.1377,1899.3872,3937.7393,1137.8301,16967.8711,8495.4336,4041.7488,1643.5505,51558.6983,A3,N,N
07/16/2020,1:00,13363.376,1908.2861,4013.5015,1175.0021,15956.5479,8491.4141,4026.3489,1625.994,50560.4706,A6,N,N
07/16/2020,1:00,13690,1819.67,3957.1799,1096.3199,16254.2998,8301.9502,3914.75,1723.15,50757.3198,E,N,N
07/16/2020,1:00,14157.7998,1839.45,3910.6399,1120.97,16459,8202.8496,3895.23,1764.63,51350.5693,E1,N,N
07/16/2020,1:00,14245.2998,1847.98,3937.5,1098.75,16417.3008,8202.7998,3941.03,1729.01,51419.6704,E2,N,N
07/16/2020,1:00,13865.0996,1792.28,3938.01,1079.72,16212.7998,8230.9297,3923.6201,1784.38,50826.8392,E3,N,N
07/16/2020,1:00,13856.4219,1841.2356,3933.4321,1104.1287,16425.0469,8258.8174,3947.1221,1740.3425,51106.5472,M,Y,N
07/16/2020,2:00,12744.6221,1773.1481,3868.3809,1073.9666,15837.9834,7833.918,3794.0144,1532.6283,48458.6618,A3,N,N
07/16/2020,2:00,12711.8271,1781.2035,3916.1399,1109.4344,14867.4297,7868.7612,3763.6018,1541.4796,47559.8772,A6,N,N
07/16/2020,2:00,12987.7002,1704.5699,3893.3701,1043.66,15224.4004,7718.4302,3684.22,1618.8101,47875.1609,E,N,N
07/16/2020,2:00,13543.9004,1712.86,3854.0801,1068.62,15421.0996,7498.3198,3677.4199,1618.5601,48394.8599,E1,N,N
07/16/2020,2:00,13521.4004,1757.0601,3856.0701,1028.12,15209.7002,7538.1001,3701.7,1638.28,48250.4309,E2,N,N
07/16/2020,2:00,13137.5,1673.41,3877.78,1063.8199,15254.7002,7605.5801,3702.8501,1676.5,47992.1403,E3,N,N
07/16/2020,2:00,13170.1436,1722.5583,3868.7405,1054.8433,15354.1729,7604.5435,3716.811,1627.2649,48119.078,M,Y,N
07/16/2020,3:00,12153.2148,1683.506,3802.6741,1025.6501,14993.6777,7374.6401,3631.2581,1458.1298,46122.7507,A3,N,N
07/16/2020,3:00,12106.7422,1694.9148,3820.8113,1061.5896,14118.3428,7437.7676,3608.3613,1486.085,45334.6146,A6,N,N
07/16/2020,3:00,12498,1623.16,3831.3401,1001.2,14437.7002,7302.7598,3516.3799,1550.08,45760.62,E,N,N
07/16/2020,3:00,12889.2002,1634.23,3752.1299,1027.97,14579.4004,7123.96,3464.29,1606.4,46077.5805,E1,N,N
07/16/2020,3:00,13031.9004,1660.79,3747.76,1016.82,14455.2998,7107.46,3514.74,1642.6801,46177.4503,E2,N,N
07/16/2020,3:00,12612.7998,1587.47,3807.71,995.411,14470,7189.6401,3541.4299,1614.25,45818.7108,E3,N,N
07/16/2020,3:00,12605.041,1636.7952,3788.0161,1013.4065,14555.0977,7189.9404,3538.1345,1591.8588,45918.2902,M,Y,N
07/16/2020,4:00,11759.7129,1632.7371,3721.8262,984.013,14416.3232,7050.3613,3485.9636,1403.0009,44453.9382,A3,N,N
07/16/2020,4:00,11707.0049,1651.1389,3758.4783,1014.1667,13652.1318,7087.9751,3461.8052,1417.2939,43749.9948,A6,N,N
07/16/2020,4:00,12218.9004,1585.9399,3779.1699,970.697,13823.5996,7010.1499,3392.1699,1516.9,44297.5266,E,N,N
07/16/2020,4:00,12649.4004,1568.37,3702.0701,998.391,14089,6803.5601,3366.3799,1546.3101,44723.4816,E1,N,N
07/16/2020,4:00,12751.5,1607.08,3732.6799,991.604,13917.7002,6845.71,3417.6201,1564.4301,44828.3243,E2,N,N
07/16/2020,4:00,12309.2998,1587.6801,3740.99,967.881,13931.5996,6889.9399,3428.0901,1575.88,44431.3605,E3,N,N
07/16/2020,4:00,12300.9033,1596.3243,3730.2029,983.8077,14014.5645,6892.3667,3421.332,1536.6426,44476.144,M,Y,N
07/16/2020,5:00,11716.376,1603.2629,3670.0845,953.3411,14084.9473,6878.478,3414.4177,1363.4711,43684.3786,A3,N,N
07/16/2020,5:00,11638.7041,1602.6923,3709.6931,989.0352,13377.8291,6865.6987,3398.7112,1363.611,42945.9747,A6,N,N
07/16/2020,5:00,12170,1565.08,3753.3899,953.755,13502.0996,6860.2202,3311.05,1488.42,43604.0147,E,N,N
07/16/2020,5:00,12616.5,1576.79,3665.97,968.816,13826.7002,6798.7002,3321.1899,1532.6,44307.2663,E1,N,N
07/16/2020,5:00,12688.9004,1594.22,3771.71,978.188,13571.5,6702.02,3363.3201,1547.54,44217.3985,E2,N,N
07/16/2020,5:00,12302.2998,1538.96,3753.0801,956.238,13783.2002,6735.4902,3360.3799,1569.9399,43999.5881,E3,N,N
07/16/2020,5:00,12266.1563,1574.6658,3712.9209,964.1975,13743.7305,6776.3896,3358.2932,1519.0063,43915.3601,M,Y,N
07/16/2020,6:00,11806.998,1620.2715,3661.406,955.5685,14178.3613,6843.77,3389.3618,1316.2899,43772.027,A3,N,N
07/16/2020,6:00,11777.7969,1632.6897,3694.4312,1001.0976,13549.2471,6849.0601,3403.2654,1310.149,43217.737,A6,N,N
07/16/2020,6:00,12356.5,1583.09,3743.3,956.171,13556.2002,6886.23,3301.47,1455.6801,43838.6413,E,N,N
07/16/2020,6:00,12891.4004,1607.73,3686.7,987.168,13976.0996,6861.5098,3365.1599,1466.84,44842.6077,E1,N,N
07/16/2020,6:00,12912,1623.58,3762.6699,980.329,13736.7998,6823.6201,3371.8201,1455.7,44666.5189,E2,N,N
07/16/2020,6:00,12537.2998,1545.0699,3738.05,962.856,13952.2002,6747.3999,3379.1399,1516.9399,44378.9556,E3,N,N
07/16/2020,6:00,12467.4873,1594.1016,3709.7852,971.5557,13883.0947,6824.3823,3367.5767,1456.3662,44274.3497,M,Y,N
07/16/2020,7:00,11971.8828,1672.5466,3649.3896,965.3723,14345.7559,6960.1011,3428.4902,1318.8551,44312.3936,A3,N,N
07/16/2020,7:00,11946.3135,1706.9344,3689.8901,1011.5635,13821.6465,6978.8633,3478.5957,1290.0438,43923.8508,A6,N,N
07/16/2020,7:00,12585.9004,1645.0699,3712.5701,962.05,13733.4004,7037.3701,3349.1799,1456.98,44482.5208,E,N,N
07/16/2020,7:00,13185.5,1680.75,3663.1899,1002.39,14313,7108.3599,3456.8501,1595.13,46005.1699,E1,N,N
07/16/2020,7:00,13067.5996,1681.4399,3727.6001,975.863,14017.4004,6991.1499,3456.4199,1523.72,45441.1928,E2,N,N
07/16/2020,7:00,12698.7998,1629.33,3718.49,959.675,14430.4004,6947.77,3473.25,1522.9301,45380.6453,E3,N,N
07/16/2020,7:00,12670.7334,1661.4705,3687.7888,975.4098,14200.0938,7011.5039,3440.3474,1507.4244,45154.772,M,Y,N
07/16/2020,8:00,12316.999,1737.9368,3625.8335,1000.8749,14717.2822,7188.1235,3495.4075,1354.3485,45436.8059,A3,N,N
07/16/2020,8:00,12297.248,1787.9319,3668.9453,1041.3604,14233.3184,7240.9839,3539.0193,1303.7418,45112.549,A6,N,N
07/16/2020,8:00,12945.7002,1705.99,3673.5801,991.012,14075.4004,7224.54,3421.3401,1481.73,45519.2928,E,N,N
07/16/2020,8:00,13536,1751.3,3704.1799,1033.6,14739.7998,7422.3198,3606.24,1623.38,47416.8195,E1,N,N
07/16/2020,8:00,13430.7002,1737,3662.24,1020.97,14483.2998,7223.9399,3517.95,1543.47,46619.5699,E2,N,N
07/16/2020,8:00,13100.0996,1693.87,3691.8799,999.036,14717.7002,7133.1099,3522.3601,1571.46,46429.5157,E3,N,N
07/16/2020,8:00,13035.3242,1726.1504,3672.4509,1012.3873,14584.2852,7246.4253,3523.4131,1539.0874,46339.5238,M,Y,N
07/16/2020,9:00,13171.0811,1846.2307,3688.269,1087.0128,15573.8145,7548.9971,3758.8525,1401.3925,48075.6502,A3,N,N
07/16/2020,9:00,13165.1631,1913.743,3728.8545,1124.3165,15054.123,7549.1133,3767.9072,1339.6445,47642.8651,A6,N,N
07/16/2020,9:00,13716.4004,1817.14,3690.53,1080.47,14953,7599.4502,3649.52,1542.62,48049.1306,E,N,N
07/16/2020,9:00,14355.9004,1836.5,3801.3999,1116.16,15481.7998,7670.1001,3777.72,1520.55,49560.1302,E1,N,N
07/16/2020,9:00,14214.7002,1838.26,3859.5601,1106.59,15155.5,7567.1699,3791.0701,1564.42,49097.2703,E2,N,N
07/16/2020,9:00,13910.5,1805.54,3747.26,1080.51,15425.5,7532.4399,3754.53,1608.03,48864.3099,E3,N,N
07/16/2020,9:00,13850.7578,1828.9927,3752.9934,1096.7502,15331.5518,7585.9834,3752.8494,1541.2515,48741.1302,M,Y,N
07/16/2020,10:00,14259.873,1990.6826,3775.8545,1177.8113,16714.1582,8159.5024,4068.843,1507.6481,51654.3731,A3,N,N
07/16/2020,10:00,14176.1191,2053.541,3796.0789,1215.6638,16113.1729,8178.6128,4059.8567,1470.2828,51063.328,A6,N,N
07/16/2020,10:00,14781.2002,1951.3101,3767.1101,1183.9399,16184.4004,8118.52,3992,1627.7,51606.1807,E,N,N
07/16/2020,10:00,15134.9004,1967.59,3866.6299,1207.12,16447.0996,8135.6802,4085.1001,1638.79,52482.9102,E1,N,N
07/16/2020,10:00,15119.0996,1967.86,3885.4199,1189.47,16190,8065.3301,4075.45,1650.34,52142.9696,E2,N,N
07/16/2020,10:00,14888,1952.45,3818.48,1171.91,16374.5996,8040.96,4078.5,1676.66,52001.5596,E3,N,N
07/16/2020,10:00,14808.2314,1967.5769,3821.8071,1187.3439,16365.2441,8095.2451,4066.542,1633.3661,51945.3566,M,Y,N
07/16/2020,11:00,15415.6152,2138.2,3880.0488,1271.3127,18107.0234,8794.8223,4405.3467,1607.3823,55619.7514,A3,N,N
07/16/2020,11:00,15320.042,2233.4722,3894.8284,1305.297,17369.5313,8768.2852,4376.085,1550.8027,54818.3438,A6,N,N
07/16/2020,11:00,15912.4004,2089.26,3885.0601,1283.35,17512,8680.9102,4341.29,1716.8101,55421.0808,E,N,N
07/16/2020,11:00,16243,2079.23,3959.0801,1325.71,17764.0996,8709.3496,4388.7202,1695.1,56164.2895,E1,N,N
07/16/2020,11:00,16263.4004,2115.4399,3934.5601,1290.27,17482.8008,8693.8799,4419.9102,1651.4,55851.6613,E2,N,N
07/16/2020,11:00,16050.5,2120.1899,3862.5801,1294.76,17529.3008,8723,4408.7598,1787.52,55776.6106,E3,N,N
07/16/2020,11:00,15949.2539,2109.9927,3902.8799,1297.0178,17646.4277,8716.0234,4395.8564,1699.0291,55716.4809,M,Y,N
07/16/2020,12:00,16493.4219,2277.6616,4024.9929,1364.8003,19712.6641,9496.3477,4789.0664,1666.8231,59825.778,A3,N,N
07/16/2020,12:00,16424.8711,2371,4049.218,1394.6724,18812.7695,9497.3613,4796.1763,1592.4366,58938.5052,A6,N,N
07/16/2020,12:00,17020.3008,2224.6899,4041.3101,1368.6801,18990.5996,9314.2695,4708.29,1783.42,59451.56,E,N,N
07/16/2020,12:00,17201.0996,2215.27,4000.3,1386.6,19127.5,9291.46,4744.9502,1736.01,59703.1898,E1,N,N
07/16/2020,12:00,17304.9004,2272.8899,4021.7,1376.55,18990.5996,9306.4902,4798.5601,1785.1801,59856.8703,E2,N,N
07/16/2020,12:00,17091.5,2270.1001,4070.4199,1362.96,18771.9004,9344.96,4752.9399,1821.7,59486.4803,E3,N,N
07/16/2020,12:00,16987.1563,2252.9553,4031.8044,1373.2126,19060.4082,9337.0547,4760.0957,1767.0029,59569.6901,M,Y,N
07/16/2020,13:00,17373.918,2403.6309,4150.1772,1455.946,21239.7266,10219.5361,5129.6445,1769.4276,63742.0069,A3,N,N
07/16/2020,13:00,17288.0117,2517.1348,4174.0649,1496.361,20120.0469,10143.6357,5163.4795,1707.1763,62609.9108,A6,N,N
07/16/2020,13:00,17960,2345.6101,4146.0898,1456.12,20482.0996,10050,5018.3101,1916.71,63374.9396,E,N,N
07/16/2020,13:00,18165.1992,2338.3799,4077.9399,1465.98,20364.9004,9959.1299,5019.2598,1914.28,63305.0691,E1,N,N
07/16/2020,13:00,18192.6992,2355.05,4196.3799,1454.16,20204.0996,9918.1904,5071.27,1846.3,63238.1491,E2,N,N
07/16/2020,13:00,17873.0996,2383.48,4150.1201,1454.8101,20031.5996,10020.2998,5050.96,1931.76,62896.1292,E3,N,N
07/16/2020,13:00,17872.1426,2368.9551,4137.3682,1457.7457,20365.3789,10008.0977,5061.1636,1883.8523,63154.7041,M,Y,N
07/16/2020,14:00,18187.375,2539.7566,4215.3311,1535.6217,22647.2969,10840.2959,5382.2627,1888.7603,67236.7002,A3,N,N
07/16/2020,14:00,18197.8164,2647.7505,4228.7588,1588.3655,21274.2207,10641.1035,5399.7915,1862.0111,65839.818,A6,N,N
07/16/2020,14:00,18695.1992,2469.52,4192.0801,1540.72,21816.0996,10687.0996,5241.8901,2025.5601,66668.1687,E,N,N
07/16/2020,14:00,18813.8008,2451.71,4223.7998,1528.9,21687.8008,10457.4004,5265.2202,2021.13,66449.762,E1,N,N
07/16/2020,14:00,18944.8008,2512.23,4273.6699,1502.2,21546.5996,10579.2002,5318.1201,1969.6899,66646.5105,E2,N,N
07/16/2020,14:00,18663.5,2524.79,4206.5298,1568.28,21248.3008,10726.5996,5267.1099,2111.05,66316.1601,E3,N,N
07/16/2020,14:00,18621.168,2501.783,4219.6338,1534.3877,21678.6016,10631.7246,5298.6494,2014.7576,66500.7057,M,Y,N
07/16/2020,15:00,18765.959,2653.093,4251.8872,1591.1095,23638.1348,11371.0146,5515.9956,1987.1025,69774.2962,A3,N,N
07/16/2020,15:00,18775.752,2761.2368,4239.3013,1651.9921,22101.5996,11133.7617,5542.3423,1974.6331,68180.6189,A6,N,N
07/16/2020,15:00,19225.1992,2571.52,4204.48,1594.3,22789.5996,11295.9004,5392.2798,2129.8501,69203.1291,E,N,N
07/16/2020,15:00,19297.4004,2543.02,4299.5801,1591.34,22823.4004,11141.0996,5404.6001,2017.83,69118.2706,E1,N,N
07/16/2020,15:00,19251.0996,2589.1101,4277.77,1570.0601,22431.1992,11129,5470.6899,2025.0601,68743.989,E2,N,N
07/16/2020,15:00,18987.5,2606.1899,4282.79,1608.27,22176.5996,11279.5996,5413.8198,2173.3301,68528.099,E3,N,N
07/16/2020,15:00,19072.2539,2595.6545,4268.8457,1590.5938,22661.2676,11220.7891,5441.4751,2068.6741,68919.5538,M,Y,N
07/16/2020,16:00,18948.9531,2709.8059,4222.4072,1639.0038,24475.3047,11783.374,5577.5454,2076.4531,71432.8472,A3,N,N
07/16/2020,16:00,18991.9375,2832.906,4182.1538,1696.8319,22796.4102,11584.1406,5603.771,2053.9292,69742.0802,A6,N,N
07/16/2020,16:00,19397.8008,2604.21,4144.5498,1613.6899,23405.4004,11639.2002,5464.4399,2169.8899,70439.1809,E,N,N
07/16/2020,16:00,19469.5,2577.01,4320.8999,1611.29,23430.6992,11508.7998,5471.4902,2079.3101,70468.9992,E1,N,N
07/16/2020,16:00,19588,2633.8999,4342.25,1592.92,23059.8008,11441,5539.46,2102.0901,70299.4208,E2,N,N
07/16/2020,16:00,19264.8008,2632.8701,4266.1201,1611.98,22840.3008,11572.0996,5491.7202,2270.6799,69950.5715,E3,N,N
07/16/2020,16:00,19294.0391,2634.6853,4263.207,1610.6343,23317.7891,11558.2969,5510.6768,2143.8127,70333.1412,M,Y,N
07/16/2020,17:00,18863.0938,2744.6348,4224.7021,1657.0814,24794.0449,11999.3379,5555.7153,2116.3091,71954.9193,A3,N,N
07/16/2020,17:00,18700.1914,2848.0493,4173.7515,1708.7146,23088.1309,11783.0625,5570.1621,2078.7141,69950.7764,A6,N,N
07/16/2020,17:00,19400.8008,2642.25,4115.1899,1613.88,23682,11862.2998,5474.8599,2190.1001,70981.3805,E,N,N
07/16/2020,17:00,19443,2593.99,4401.75,1624.71,23912.5996,11730.5,5500.6899,2179.4299,71386.6694,E1,N,N
07/16/2020,17:00,19313.0996,2640.03,4296.6001,1601.33,23527.9004,11644.5996,5571.52,2116.71,70711.7897,E2,N,N
07/16/2020,17:00,19200.5,2674.95,4254.75,1597.22,23253.3008,11824,5498.7798,2289.1899,70592.6905,E3,N,N
07/16/2020,17:00,19215.8867,2663.6787,4271.7744,1614.6851,23732.957,11782.4795,5519.5938,2184.6338,70985.689,M,Y,N
07/16/2020,18:00,18545.584,2725.3052,4215.5356,1642.3953,25102.9102,12017.8438,5474.5752,2121.0083,71845.1576,A3,N,N
07/16/2020,18:00,18293.1133,2802.3225,4168.8569,1690.9219,23361.4004,11797.4854,5496.3384,2071.8623,69682.3011,A6,N,N
07/16/2020,18:00,19074.1992,2636.1499,4099.8701,1597.04,23666.0996,11913,5415.5,2193.76,70595.6188,E,N,N
07/16/2020,18:00,19224.1992,2553.1299,4324.3301,1620.24,23735.0996,11827.5996,5425.9302,2142.8701,70853.3987,E1,N,N
07/16/2020,18:00,19111.4004,2610.8301,4312.98,1584.15,23513.0996,11748.0996,5469.5498,2149.74,70499.8495,E2,N,N
07/16/2020,18:00,19093.1992,2678.8501,4248.1602,1592.84,23344.9004,11931.4004,5440.1699,2258.8401,70588.3603,E3,N,N
07/16/2020,18:00,18988.9453,2645.1938,4248.6128,1604.2368,23744.4004,11868.1309,5445.8003,2177.2085,70722.5288,M,Y,N
07/16/2020,19:00,18176.1738,2720.6904,4204.0195,1615.3857,24340.3516,11971.46,5341.7168,2110.4614,70480.2592,A3,N,N
07/16/2020,19:00,17925.5664,2767.9148,4157.4829,1676.8094,22765.3594,11906.5303,5392.1953,2063.2043,68655.0628,A6,N,N
07/16/2020,19:00,18608.4004,2620.51,4095.45,1571.36,23172.3008,11846.7002,5302.8599,2198.1299,69415.7112,E,N,N
07/16/2020,19:00,18480.4004,2525.9299,4313.0098,1560.88,23076.5996,11765.7998,5273.9102,2111.8799,69108.4096,E1,N,N
07/16/2020,19:00,18663.9004,2581.3201,4225.0698,1544.3,22915.8008,11638.2002,5329.1201,2157.29,69055.0014,E2,N,N
07/16/2020,19:00,18481.6992,2662.8101,4228.0698,1579.16,22887.0996,11815.5996,5330.8301,2240.8501,69226.1185,E3,N,N
07/16/2020,19:00,18443.6055,2627.5864,4226.3398,1569.4282,23158.957,11782.1699,5315.6118,2166.0791,69289.7777,M,Y,N
07/16/2020,20:00,17449.8086,2618.2744,4221.5503,1527.0559,23401.3125,11582.0449,5141.6431,2110.6526,68052.3423,A3,N,N
07/16/2020,20:00,17120.1367,2652.1724,4208.4028,1576.7412,21976.4961,11585.0986,5215.9448,2048.4949,66383.4875,A6,N,N
07/16/2020,20:00,18010.6992,2531.8601,4110.8799,1506.6801,22315.4004,11524.5,5110.27,2218.99,67329.2797,E,N,N
07/16/2020,20:00,18080,2413.24,4302.6201,1496.6899,22102.6992,11402.9004,5056.5601,2136.46,66991.1697,E1,N,N
07/16/2020,20:00,18041.6992,2460.8,4216.8701,1477.58,21992.3008,11316,5102.3101,2076.24,66683.8002,E2,N,N
07/16/2020,20:00,17860.5,2547.54,4229.6099,1510.05,21929.5996,11490.4004,5146.6499,2254.5701,66968.9199,E3,N,N
07/16/2020,20:00,17854.127,2518.8462,4229.4136,1500.2969,22220.7402,11440.6426,5112.7856,2158.0229,67034.875,M,Y,N
07/16/2020,21:00,16964.0996,2531.0925,4167.5137,1439.4264,22050.8867,11176.6631,4966.6538,2053.6011,65349.9369,A3,N,N
07/16/2020,21:00,16707.4688,2545.7344,4152.5176,1484.7799,20924.9785,11288.71,5021.1641,1989.4451,64114.7984,A6,N,N
07/16/2020,21:00,17388.1992,2438.04,4102.8198,1423.55,21231.9004,11088.0996,4901.25,2149.3101,64723.1691,E,N,N
07/16/2020,21:00,17591.8008,2313.6101,4211.54,1417.47,21181.5996,10949.2002,4873.4902,2071.77,64610.4809,E1,N,N
07/16/2020,21:00,17669.8008,2366.74,4193.1401,1389.0601,20861.4004,10840.5,4908.23,1985.1899,64214.0613,E2,N,N
07/16/2020,21:00,17340.0996,2453.4299,4196.4102,1384.15,20967.3008,10999,4923.0801,2188.71,64452.1806,E3,N,N
07/16/2020,21:00,17356.25,2425.1306,4180.8613,1405.5421,21162.9219,10980.2705,4916.9912,2086.7813,64514.7489,M,Y,N
07/16/2020,22:00,16506.4492,2438.7058,4099.4531,1403.0444,21401.1465,10902.5215,4874.1904,2035.7708,63661.2817,A3,N,N
07/16/2020,22:00,16275.5537,2455.6689,4048.6897,1438.7506,20292.3066,11044.0576,4889.4756,2006.8506,62451.3533,A6,N,N
07/16/2020,22:00,16783.0996,2331.8401,4053.0701,1366.8,20302.4004,10677.7998,4784.3701,2123.6499,62423.03,E,N,N
07/16/2020,22:00,16987.5996,2266.9199,4170.9102,1380.97,20473.0996,10591.7002,4788.8901,2044.25,62704.3396,E1,N,N
07/16/2020,22:00,17025.8008,2295,4004.8601,1352.66,20341.8008,10513.9004,4794.9399,1944.22,62273.182,E2,N,N
07/16/2020,22:00,16739,2336.76,4138.3301,1344.8,19969.1992,10687.0996,4790.54,2229.5701,62235.299,E3,N,N
07/16/2020,22:00,16784.375,2338.9514,4109.4146,1365.8381,20408.9688,10645.7148,4810.8188,2074.4377,62538.5192,M,Y,N
07/16/2020,23:00,15438.2695,2289.5151,4028.8845,1309.1614,19876.8242,10127.7588,4616.8223,1926.6226,59613.8584,A3,N,N
07/16/2020,23:00,15232.8203,2283.9868,3962.7083,1334.4045,18812.5176,10121.6748,4568.4653,1919.7908,58236.3684,A6,N,N
07/16/2020,23:00,15830.5,2191.6399,4016.3999,1274.34,18836.4004,9998.1504,4519.3301,1955.3199,58622.0806,E,N,N
07/16/2020,23:00,16051.0996,2134.49,4093.6699,1282.0699,19000,9865.3701,4492.04,1992.11,58910.8495,E1,N,N
07/16/2020,23:00,16079,2134.3899,4083.3,1254.8101,18812.1992,9757.0703,4515.6802,1834.77,58471.2197,E2,N,N
07/16/2020,23:00,15819.9004,2183.1599,4083.8601,1234.4,18460.5,9827.3799,4536.75,2023.0601,58169.0104,E3,N,N
07/16/2020,23:00,15816.0039,2192.5449,4064.0662,1265.7577,18907.3281,9878.1934,4540.7793,1947.7278,58612.4013,M,Y,N
07/16/2020,24:00,14320.1084,2067.6934,3937.5178,1201.0176,18117.4316,9262.6035,4302.9775,1772.2277,54981.5775,A3,N,N
07/16/2020,24:00,14157.2051,2043.3085,3870.7471,1205.6836,17215.7773,9137.7236,4222.9478,1766.6825,53620.0755,A6,N,N
07/16/2020,24:00,14738.5996,1984.14,3999.8799,1163.52,17325.0996,9172.5,4190.6499,1812.75,54387.139,E,N,N
07/16/2020,24:00,14933.7998,1964.47,3989.73,1184.6801,17437.8008,9001.5,4153.5601,1831.78,54497.3208,E1,N,N
07/16/2020,24:00,15062.2998,1961.74,3978.46,1166.1801,17350,8955.3604,4201.98,1776.61,54452.6303,E2,N,N
07/16/2020,24:00,14760.2998,1955.41,4018.6001,1142.26,17049.0996,9026.5,4202.3198,1877.5601,54032.0494,E3,N,N
07/16/2020,24:00,14728.6641,1990.1284,3983.7544,1168.8472,17389.541,9050.2275,4213.7935,1819.6097,54344.5658,M,Y,N
07/17/2020,1:00,13318.1768,1873.0695,3943.5598,1116.7773,16554.5527,8537.3154,4023.3225,1595.5447,50962.3187,A3,N,N
07/17/2020,1:00,13291.3408,1872.9602,3939.7979,1143.3724,15654.2441,8542.8945,3948.6089,1583.6906,49976.9094,A6,N,N
07/17/2020,1:00,13565.5,1814.39,3933.24,1079.6,15923.7998,8345.8398,3911.46,1688.75,50262.5796,E,N,N
07/17/2020,1:00,13981.7002,1818.6,3916.0801,1111.79,16220.5996,8235.2598,3856.3701,1703.84,50844.2398,E1,N,N
07/17/2020,1:00,14162.7998,1822.4301,3895.6201,1086.21,16091.7998,8221.8203,3916.99,1695.95,50893.6201,E2,N,N
07/17/2020,1:00,13830.5,1800.83,3914.6399,1074.88,15878.5,8213.9297,3917.24,1754.5,50385.0196,E3,N,N
07/17/2020,1:00,13748.6309,1827.7273,3922.1775,1092.7672,16107.5186,8278.1465,3927.7896,1699.1094,50603.867,M,Y,N
07/17/2020,2:00,12654.1377,1750.5187,3876.375,1052.8127,15442.4893,7921.9897,3812.7966,1484.001,47995.1207,A3,N,N
07/17/2020,2:00,12659.4512,1748.5143,3852.3147,1077.7648,14575.1104,7953.5679,3708.6584,1503.8521,47079.2338,A6,N,N
07/17/2020,2:00,12833.5,1698.47,3873.6699,1029.35,14898,7757.2798,3695.29,1579.25,47364.8097,E,N,N
07/17/2020,2:00,13333,1705.29,3861.05,1062.03,14991.7998,7601.2998,3663.1899,1571.88,47789.5395,E1,N,N
07/17/2020,2:00,13393.2002,1737.54,3813.75,1014.35,15021.2998,7627.23,3677.0701,1595.6899,47880.13,E2,N,N
07/17/2020,2:00,13075.2998,1691.5,3854.6599,1053.38,14977,7598.5801,3702.98,1638.87,47592.2698,E3,N,N
07/17/2020,2:00,13043.9473,1716.3285,3858.9487,1042.7103,15040.0859,7666.686,3716.2866,1584.5164,47669.5097,M,Y,N
07/17/2020,3:00,11983.2363,1676.5547,3781.8799,1004.8039,14654.7412,7438.8667,3631.575,1416.1815,45587.8392,A3,N,N
07/17/2020,3:00,11936.5469,1661.7068,3763.7534,1031.5863,13873.4883,7439.2969,3544.604,1453.5094,44704.492,A6,N,N
07/17/2020,3:00,12332.0996,1613.15,3814.1499,989.014,14126.7002,7308.8398,3520.8201,1523.84,45228.6136,E,N,N
07/17/2020,3:00,12711.2998,1645.9399,3749.51,1020.53,14322.9004,7100.54,3436.21,1577.74,45564.6701,E1,N,N
07/17/2020,3:00,12889.5996,1649.74,3741.6101,1006.41,14283.5,7168.3398,3484.5701,1638.53,45862.2996,E2,N,N
07/17/2020,3:00,12522.4004,1593.9301,3767.8601,989.124,14312.0996,7181.3799,3522.3101,1570.71,45459.8142,E3,N,N
07/17/2020,3:00,12456.9473,1636.9674,3769.2825,1003.2432,14327.3047,7206.0283,3523.1978,1564.2477,45487.2189,M,Y,N
07/17/2020,4:00,11676.1982,1629.4492,3717.1494,958.9592,14034.667,7073.5254,3514.385,1368.5529,43972.8863,A3,N,N
07/17/2020,4:00,11642.9375,1621.1624,3706.3049,980.481,13344.8955,7119.0767,3422.5667,1387.8649,43225.2896,A6,N,N
07/17/2020,4:00,12035.0996,1566.89,3764.1399,960.771,13568.5996,6993.6201,3404.72,1482.6899,43776.5301,E,N,N
07/17/2020,4:00,12474.0996,1586.73,3743.95,995.904,13941.2002,6824.71,3347.6101,1512.3101,44426.514,E1,N,N
07/17/2020,4:00,12569.5996,1609.85,3726,975.278,13808.7002,6843.1699,3386.6001,1560.79,44479.9878,E2,N,N
07/17/2020,4:00,12210.0996,1590.8101,3719.55,966.523,13770.9004,6868.25,3410.01,1528.59,44064.7331,E3,N,N
07/17/2020,4:00,12165.6875,1598.8398,3731.4297,974.3925,13830.6074,6892.4258,3416.9163,1506.8279,44117.1269,M,Y,N
07/17/2020,5:00,11506.9082,1587.4863,3676.3257,935.6778,13793.4863,6858.0342,3421.5969,1343.3021,43122.8175,A3,N,N
07/17/2020,5:00,11465.6348,1570.4745,3660.8984,961.9957,13151.6875,6904.7686,3338.2002,1339.6818,42393.3415,A6,N,N
07/17/2020,5:00,11958.7998,1543.39,3746.6799,941.657,13299.2002,6826.3101,3315.29,1451.26,43082.587,E,N,N
07/17/2020,5:00,12404.7002,1590.51,3703.9199,968.772,13834.0996,6722.46,3276.4099,1498.3101,43999.1817,E1,N,N
07/17/2020,5:00,12499,1595.66,3758.96,952.196,13645.7002,6718.0298,3321.97,1543.33,44034.846,E2,N,N
07/17/2020,5:00,12184,1532.95,3736.46,953.238,13585.9004,6700.6401,3343.05,1518.0601,43554.2986,E3,N,N
07/17/2020,5:00,12081.127,1570.1179,3717.3816,953.2183,13653.0117,6745.8257,3339.9219,1489.2452,43549.8493,M,Y,N
07/17/2020,6:00,11611.7959,1600.8235,3675.6064,936.48,13885.2813,6811.9658,3405.6477,1298.6797,43226.2803,A3,N,N
07/17/2020,6:00,11571.2549,1596.9114,3654.8755,951.0536,13297.2578,6882.7998,3348.8398,1289.3909,42592.3837,A6,N,N
07/17/2020,6:00,12103.9004,1555.72,3742.0701,939.641,13357.0996,6843.9902,3302.6101,1412.01,43257.0414,E,N,N
07/17/2020,6:00,12654.2998,1613.37,3718.1399,985.121,14030.7998,6839.5298,3325.75,1448.92,44615.9303,E1,N,N
07/17/2020,6:00,12707.2998,1617.9,3757.5801,964.161,13856.2998,6783.3101,3329.8701,1451.9399,44468.3608,E2,N,N
07/17/2020,6:00,12370.2998,1516.26,3736.5601,951.254,13819.7998,6713.02,3347.8101,1461.41,43916.4138,E3,N,N
07/17/2020,6:00,12260.499,1579.3159,3720.0327,959.649,13832.0225,6790.9595,3348.8623,1429.4038,43920.7447,M,Y,N
07/17/2020,7:00,11718.3359,1660.4723,3661.0466,954.5782,14156.4492,6890.0059,3459.4463,1301.8605,43802.1949,A3,N,N
07/17/2020,7:00,11711.4961,1656.2938,3656.7544,965.6506,13661.6016,6992.7417,3422.1345,1270.9498,43337.6225,A6,N,N
07/17/2020,7:00,12307.4004,1607.33,3709.51,940.36,13539.2002,6965,3340.5701,1423.36,43832.7307,E,N,N
07/17/2020,7:00,12958.7002,1677.84,3680.4399,1011.11,14463.2002,7083.8599,3445.5801,1572.21,45892.9403,E1,N,N
07/17/2020,7:00,12821.2998,1678.96,3706.99,971.062,14166.5,6982.6401,3407.21,1513.62,45248.2819,E2,N,N
07/17/2020,7:00,12480.2998,1602.26,3688.9199,940.312,14236,6878.3198,3442.9199,1470.34,44739.3714,E3,N,N
07/17/2020,7:00,12430.4209,1645.9292,3684.6643,967.4883,14178.3809,6968.0811,3430.459,1479.6951,44785.1188,M,Y,N
07/17/2020,8:00,12079.126,1725.2045,3650.5735,994.2393,14723.8818,7020.8896,3516.4175,1335.8354,45046.1676,A3,N,N
07/17/2020,8:00,12042.3916,1748.963,3649.7385,999.1722,14322.2529,7164.4629,3483.1729,1276.424,44686.578,A6,N,N
07/17/2020,8:00,12695.9004,1685.17,3667.3601,979.642,13977.5996,7175.4399,3407.5701,1485.15,45073.8321,E,N,N
07/17/2020,8:00,13381.4004,1748.92,3729.5701,1037.52,15000,7337.9502,3521.49,1594.75,47351.6007,E1,N,N
07/17/2020,8:00,13286.5,1728.08,3653.8601,1014.33,14706.2998,7171.9702,3482.46,1529.34,46572.8401,E2,N,N
07/17/2020,8:00,12927.2998,1694.45,3677.1899,992.102,14605,7033.9102,3500,1529.4,45959.3519,E3,N,N
07/17/2020,8:00,12844.7568,1718.7998,3679.4858,1007.7232,14665.5098,7160.499,3495.7305,1515.9956,46088.5005,M,Y,N
07/17/2020,9:00,12875.4619,1849.9277,3729.0662,1093.2124,15813.8154,7427.2305,3785.0759,1384.9575,47958.7475,A3,N,N
07/17/2020,9:00,12885.7949,1874.5543,3719.3145,1093.0896,15335.3145,7534.4517,3711.7148,1315.6637,47469.898,A6,N,N
07/17/2020,9:00,13522,1815.62,3707.8201,1086.5601,14953.0996,7609.1802,3645.21,1527.0601,47866.5501,E,N,N
07/17/2020,9:00,14077,1857.4,3820.9299,1131.59,15913.7998,7616.3101,3753.5,1501.8101,49672.3399,E1,N,N
07/17/2020,9:00,14006.4004,1852.4301,3864.54,1109.7,15430.4004,7529.3398,3735.1201,1560.74,49088.6708,E2,N,N
07/17/2020,9:00,13733.5996,1810.41,3746.4299,1086.41,15478.7002,7484.8901,3729.27,1594.8101,48664.5199,E3,N,N
07/17/2020,9:00,13612.5645,1837.9407,3770.6514,1104.3965,15551.5889,7537.1865,3739.5024,1528.3422,48682.1731,M,Y,N
07/17/2020,10:00,14105.8594,2019.474,3808.9607,1204.1992,17144.6016,8053.9019,4088.6614,1492.4106,51918.0688,A3,N,N
07/17/2020,10:00,14028.4023,2033.9749,3803.1555,1208.0898,16632.8145,8133.4932,3963.4006,1443.6249,51246.9557,A6,N,N
07/17/2020,10:00,14620.5996,1970.9,3794.98,1208.14,16366.7998,8154.46,3978.3501,1607.17,51701.3995,E,N,N
07/17/2020,10:00,14985.7998,1977.58,3932.28,1216.52,16909.5,8061.25,4024.1201,1612.54,52719.5899,E1,N,N
07/17/2020,10:00,14957.7002,1971.01,3878.5601,1177.46,16610.0996,8003.8301,4001.9199,1648.33,52248.9099,E2,N,N
07/17/2020,10:00,14744.2002,1977.91,3820.3701,1203.55,16612,8007.04,4036.55,1659.01,52060.6303,E3,N,N
07/17/2020,10:00,14656.2529,1986.4797,3849.5952,1200.9249,16721.8262,8044.0752,4034.8667,1617.4175,52111.4383,M,Y,N
07/17/2020,11:00,15233.6006,2199.2131,3938.9246,1323.9594,18677.1719,8695.1396,4443.6279,1588.3702,56100.0073,A3,N,N
07/17/2020,11:00,15210.2236,2237.26,3935.9966,1328.7046,18028.5586,8710.6074,4276.4263,1520.0327,55247.8098,A6,N,N
07/17/2020,11:00,15763.5,2135.4099,3929.24,1316.73,17819.8008,8743.79,4342.5,1685.51,55736.4807,E,N,N
07/17/2020,11:00,16043.2998,2136.5801,3994.1699,1350.64,18371.8008,8652.9902,4360.8599,1669.35,56579.6907,E1,N,N
07/17/2020,11:00,16067.4004,2147.8101,3924.8201,1295.63,18060.8008,8641.5098,4367.1699,1647.45,56152.5911,E2,N,N
07/17/2020,11:00,15980.5996,2148.29,3899.6101,1326.75,18086.5996,8711.9805,4372.4399,1746.58,56272.8497,E3,N,N
07/17/2020,11:00,15793.2383,2156.4233,3939.9338,1323.3412,18191.9219,8681.4863,4382.9409,1675.0801,56144.3658,M,Y,N
07/17/2020,12:00,16361.0332,2354.7048,4122.7544,1435.0529,20417.5156,9398.6416,4816.8164,1652.6757,60559.1946,A3,N,N
07/17/2020,12:00,16336.6943,2380.8459,4120.7622,1435.4418,19655.4883,9429.4014,4661.6445,1558.6741,59578.9525,A6,N,N
07/17/2020,12:00,16933.3008,2288.95,4098.0698,1413.79,19392.3008,9377.0195,4679.5498,1730.21,59913.1907,E,N,N
07/17/2020,12:00,17100.9004,2272.9299,4045.9299,1432.3101,19836.9004,9259.1797,4702.4502,1722.41,60373.0106,E1,N,N
07/17/2020,12:00,17127.9004,2287.29,3994.54,1399.47,19550.9004,9279.0801,4738.48,1782.64,60160.3009,E2,N,N
07/17/2020,12:00,16970.4004,2315.6399,4109.8301,1389.6,19303.6992,9324.8203,4691.4702,1776.14,59881.6001,E3,N,N
07/17/2020,12:00,16865.7344,2307.8486,4081.2046,1411.4503,19649.1016,9312.7275,4729.938,1743.1583,60101.1633,M,Y,N
07/17/2020,13:00,17423.0645,2492.679,4255.3247,1522.2894,21948.5254,10111.6104,5127.377,1738.6958,64619.5662,A3,N,N
07/17/2020,13:00,17406.623,2537.4602,4235.3965,1524.6984,21058.5879,10066.7012,4987.6108,1635.402,63452.48,A6,N,N
07/17/2020,13:00,17895.4004,2419.99,4209.6001,1508.77,20964.3008,10089.5996,4956.0801,1866.3,63910.041,E,N,N
07/17/2020,13:00,18003.6992,2407.52,4130.7402,1500.75,21049.5996,9927.1396,4953.9199,1883.83,63857.1985,E1,N,N
07/17/2020,13:00,18078.8008,2397.55,4185.5098,1477.0601,20682.9004,9900.7002,5013.2002,1847.47,63583.1915,E2,N,N
07/17/2020,13:00,17774.5996,2423.05,4201.8101,1485.6801,20493.8008,9990.6396,4982.2002,1879.9301,63231.7105,E3,N,N
07/17/2020,13:00,17797.1172,2433.0046,4196.3574,1494.755,20920.6797,9979.7715,5012.0342,1853.432,63687.1516,M,Y,N
07/17/2020,14:00,18430.2852,2641.3989,4276.6411,1608.3171,23322.0957,10767.3291,5221.5449,1850.5795,68118.1915,A3,N,N
07/17/2020,14:00,18284.7754,2697.4871,4255.7876,1624.4663,22177.7461,10555.832,5154.8403,1790.3713,66541.3061,A6,N,N
07/17/2020,14:00,18617.8008,2548.29,4261.3198,1597.96,22271.5996,10698.9004,5171.1899,1986.29,67153.3505,E,N,N
07/17/2020,14:00,18746.5,2519.5,4259.5698,1567.23,22264.8008,10417,5194.6602,1996.39,66965.6508,E1,N,N
07/17/2020,14:00,18813.8008,2529.2,4260.6099,1530.8101,21961.4004,10602.2002,5249.1802,1985.1,66932.3016,E2,N,N
07/17/2020,14:00,18549.9004,2549.5,4205.6201,1611.4,21573,10677.5,5190.2202,2068.9299,66426.0706,E3,N,N
07/17/2020,14:00,18610.6211,2562.2861,4250.6992,1578.1447,22149.0117,10607.4541,5204.1523,1992.2136,66954.5828,M,Y,N
07/17/2020,15:00,18862.4414,2758.8945,4282.019,1661.6466,24127.8125,11339.4404,5387.6338,1947.7329,70367.6211,A3,N,N
07/17/2020,15:00,18803.9297,2794.6123,4246.7139,1683.059,22910.3105,11030.2441,5291.6914,1907.573,68668.1339,A6,N,N
07/17/2020,15:00,19125,2641.71,4277.79,1652.63,23227.9004,11198.5996,5321,2083.6201,69528.2501,E,N,N
07/17/2020,15:00,19155.5996,2597.3999,4323.7202,1613.8199,23190.1992,11041,5342.4102,1998.63,69262.779,E1,N,N
07/17/2020,15:00,19102.1992,2610,4246.9902,1586,22742.4004,11074.5,5412.7202,1991.74,68766.55,E2,N,N
07/17/2020,15:00,18879,2615.3999,4284.52,1649.86,22555.9004,11157.4004,5326.9902,2139.75,68608.8209,E3,N,N
07/17/2020,15:00,19002.6602,2649.3872,4288.1626,1626.7045,23041.5879,11135.4805,5355.9736,2036.4492,69136.4057,M,Y,N
07/17/2020,16:00,19079.3066,2777.469,4227.9902,1697.6639,24633.4453,11735.2344,5437.7065,2025.7795,71614.5954,A3,N,N
07/17/2020,16:00,18816.5742,2784.9727,4160.3008,1719.9846,23321.7988,11378.2988,5325.1523,1987.1819,69494.2641,A6,N,N
07/17/2020,16:00,19252.0996,2657.6399,4222.9702,1665.87,23762.4004,11528.5,5381.3701,2150.6799,70621.5301,E,N,N
07/17/2020,16:00,19317.5996,2616.0801,4336.6201,1638.71,23731.4004,11445.5996,5401.1099,2031.4301,70518.5498,E1,N,N
07/17/2020,16:00,19442.8008,2640.3799,4315.1299,1601.04,23279.4004,11381.2998,5479.5601,2087,70226.6109,E2,N,N
07/17/2020,16:00,19096.4004,2637.71,4246.3799,1637.73,23048.0996,11393.5,5396.3999,2213.9399,69670.1597,E3,N,N
07/17/2020,16:00,19210.1875,2670.0674,4270.0098,1639.8118,23564.2051,11463.0664,5416.4204,2105.1499,70338.9183,M,Y,N
07/17/2020,17:00,18987.3516,2795.5374,4201.1509,1736.3005,24819.2246,11950.252,5437.4707,2049.4832,71976.7709,A3,N,N
07/17/2020,17:00,18465.1836,2781.3752,4127.1099,1733.5485,23518.7773,11682.3018,5309.4136,2006.6492,69624.3591,A6,N,N
07/17/2020,17:00,19233.1992,2672.05,4186.9199,1666.58,23949.5,11696.7002,5383.6401,2176.29,70964.8794,E,N,N
07/17/2020,17:00,19316.3008,2621.75,4397.1499,1660.35,24223.4004,11596,5450.23,2130.5901,71395.7712,E1,N,N
07/17/2020,17:00,19210.9004,2639.5901,4283.3501,1608.4,23696,11582.7998,5510.6099,2094.0601,70625.7104,E2,N,N
07/17/2020,17:00,18956.6992,2677.79,4263.9502,1636.77,23359,11638,5393.4399,2272.4199,70198.0692,E3,N,N
07/17/2020,17:00,19120.5996,2687.7244,4274.3467,1651.74,23915.6914,11660.0693,5432.0664,2152.4893,70894.7271,M,Y,N
07/17/2020,18:00,18688.8008,2754.3289,4186.5508,1730.5962,24676.2969,12041.8008,5340.4839,2057.7737,71476.632,A3,N,N
07/17/2020,18:00,18183.8418,2741.6895,4116.0498,1702.4216,23452.9824,11838.002,5230.8662,2008.9257,69274.779,A6,N,N
07/17/2020,18:00,18939.9004,2651.6799,4164.23,1646.45,23658.6992,11788.0996,5305.48,2165.3601,70319.8992,E,N,N
07/17/2020,18:00,19046.1992,2579.8201,4333.0498,1659.38,24006.0996,11757.9004,5361.6201,2114,70858.0692,E1,N,N
07/17/2020,18:00,18990.5996,2601.6001,4312.0298,1594.55,23654.1992,11681,5397.8398,2134.97,70366.7885,E2,N,N
07/17/2020,18:00,18906.5996,2675,4252.3198,1622.62,23294.8008,11701.9004,5351.7998,2258.3301,70063.3705,E3,N,N
07/17/2020,18:00,18901.7129,2658.9473,4252.5127,1641.2683,23780.6484,11763.9375,5351.3906,2154.7168,70505.1345,M,Y,N
07/17/2020,19:00,18082.6563,2725.363,4155.0908,1702.1058,23927.4688,11895.1631,5255.7622,2036.2906,69779.9006,A3,N,N
07/17/2020,19:00,17849.6465,2704.6208,4090.4707,1680.5183,22731.9883,11794.9609,5147.2881,2004.365,68003.8586,A6,N,N
07/17/2020,19:00,18484.3008,2595.8101,4147.5698,1618.22,23049.1992,11664.0996,5173.8799,2183.8601,68916.9395,E,N,N
07/17/2020,19:00,18452.5996,2517.54,4356.77,1594.79,23356.1992,11691.0996,5222.96,2087.3201,69279.2785,E1,N,N
07/17/2020,19:00,18576.5,2556.98,4207.6001,1546.24,23026.5,11578.0996,5265.6899,2133.77,68891.3796,E2,N,N
07/17/2020,19:00,18187.1992,2635.8201,4215.6299,1588.3,22631.6992,11588.0996,5207.3198,2231.98,68286.0478,E3,N,N
07/17/2020,19:00,18313.2148,2613.7795,4226.269,1597.3733,23125.6836,11659.2324,5226.4565,2140.7864,68902.7955,M,Y,N
07/17/2020,20:00,17389.1426,2617.7283,4169.5542,1618.522,22882.9336,11432.666,5097.7686,2040.8204,67249.1357,A3,N,N
07/17/2020,20:00,17082.8223,2569.9966,4140.0371,1570.5317,21773.8926,11331.5859,4989.9175,1982.0703,65440.854,A6,N,N
07/17/2020,20:00,17832,2493.45,4140.8799,1550.48,22110.3008,11298.7002,4964.5098,2203.27,66593.5907,E,N,N
07/17/2020,20:00,17933.5,2417.97,4302.8901,1526.92,22336,11290.4004,5007.6401,2099.73,66915.0506,E1,N,N
07/17/2020,20:00,17949.4004,2447.72,4204.8301,1484.02,22077.5,11236.7998,5052.8799,2051.8301,66504.9803,E2,N,N
07/17/2020,20:00,17669.5,2487.05,4216.0498,1533.17,21616.3008,11226.7002,5008.3901,2246.4299,66003.5908,E3,N,N
07/17/2020,20:00,17720.7109,2498.3333,4215.3374,1532.1527,22131.6055,11279.8955,5030.6235,2130.0088,66538.6676,M,Y,N
07/17/2020,21:00,16989.6836,2496.1287,4119.2168,1518.1044,21736.3262,10888.9053,4872.9395,1987.0663,64608.3708,A3,N,N
07/17/2020,21:00,16755.1777,2465.0852,4096.8462,1471.3943,20709.1953,10802.4473,4764.8931,1911.999,62977.0381,A6,N,N
07/17/2020,21:00,17213.1992,2389.9299,4119.8999,1461.66,21038.8008,10805.7998,4731.79,2122.8799,63883.9595,E,N,N
07/17/2020,21:00,17488.4004,2317.8101,4236.6899,1454.46,21545.5,10868.2002,4809.79,2040.34,64761.1906,E1,N,N
07/17/2020,21:00,17563.8008,2344.04,4174.4702,1400.27,21038.4004,10761.2998,4842.0298,1965.79,64090.101,E2,N,N
07/17/2020,21:00,17022.1992,2384.75,4202.6401,1398.9399,20528.1992,10608.5,4749.0801,2153.27,63047.5785,E3,N,N
07/17/2020,21:00,17222.1953,2391.4185,4176.4331,1435.8881,21124.9141,10771.3379,4804.6797,2053.5933,63980.46,M,Y,N
07/17/2020,22:00,16910.7949,2397.2546,4054.281,1470.8734,21032.6035,10677.9512,4801.7612,1977.1335,63322.6533,A3,N,N
07/17/2020,22:00,16563.0625,2383.8474,4003.5132,1429.9674,19999.7441,10680.208,4643.4512,1932.3245,61636.1183,A6,N,N
07/17/2020,22:00,16694.8008,2291.48,4073.6799,1400.92,20216.5996,10480.7998,4625.7402,2091.51,61875.5303,E,N,N
07/17/2020,22:00,17052.1992,2279.6001,4203.1401,1415.86,20809.0996,10542.2998,4740.5098,2020.98,63063.6886,E1,N,N
07/17/2020,22:00,17001.5996,2289.5701,4010.5801,1373.4399,20415.4004,10434.5,4743.0898,1931.26,62199.4399,E2,N,N
07/17/2020,22:00,16459.5,2290.3701,4141.4102,1361.37,19669.3008,10377.7998,4631.8901,2198.97,61130.611,E3,N,N
07/17/2020,22:00,16817.6738,2314.4375,4110.2402,1396.6417,20379.6016,10483.4941,4714.644,2046.3828,62263.1157,M,Y,N
07/17/2020,23:00,15816.5391,2275.5317,4017.7737,1393.7109,19754.4922,10197.1855,4562.4189,1881.1577,59898.8097,A3,N,N
07/17/2020,23:00,15521.7139,2273.7231,3949.564,1348.8258,18775.2148,10091.5713,4385.6958,1864.431,58210.7397,A6,N,N
07/17/2020,23:00,15852.2002,2184.3899,4046.4399,1315.63,18996.5996,9935.2002,4396.9702,1930.13,58657.56,E,N,N
07/17/2020,23:00,15996.5996,2145.74,4126.6499,1309.35,19294.0996,9858.5098,4435.0098,1969.36,59135.3187,E1,N,N
07/17/2020,23:00,16032.2002,2130.8999,4075.3899,1263.55,19004,9758.04,4470.3799,1827.37,58561.8299,E2,N,N
07/17/2020,23:00,15676,2161.77,4081,1279.67,18410.3008,9676.5098,4403.3901,1980.87,57669.5107,E3,N,N
07/17/2020,23:00,15857.835,2185.1719,4071.5847,1301.8102,19020.9883,9839.8125,4458.6235,1920.811,58656.6371,M,Y,N
07/17/2020,24:00,14797.4639,2060.2241,3966.5188,1280.08,18408.2793,9450.4053,4275.8008,1737.5154,55976.2876,A3,N,N
07/17/2020,24:00,14567.3701,2039.3004,3896.084,1226.2676,17544.457,9229.0068,4105.811,1726.8888,54335.1857,A6,N,N
07/17/2020,24:00,14891.0996,2002.37,4038.3,1204.2,17668.8008,9230.4297,4135.1499,1787.8,54958.15,E,N,N
07/17/2020,24:00,14932.9004,1981.3,4029.53,1221.84,17576.3008,9061.3799,4123.4302,1816.61,54743.2913,E1,N,N
07/17/2020,24:00,15061,1967.86,3987.3899,1172.39,17480.5996,9003.1797,4170.1499,1773.9301,54616.4992,E2,N,N
07/17/2020,24:00,14713.7998,1955.1899,4015.8799,1182.0699,17118.5,8995.2695,4137.3101,1853.74,53971.7591,E3,N,N
07/17/2020,24:00,14855.0537,1995.4573,4006.1936,1204.61,17553.4844,9100.0615,4172.2979,1801.7344,54688.8928,M,Y,N
07/18/2020,1:00,13685.585,1881.86,3941.7075,1177.3118,16786.375,8752.4355,3984.6216,1597.2208,51807.1172,A3,N,N
07/18/2020,1:00,13677.9736,1888.9932,3952.834,1166.4567,15978.6631,8606.4463,3862.5356,1586.7311,50720.6336,A6,N,N
07/18/2020,1:00,13946.9004,1850.11,3992.0701,1091.66,15957.7002,8571.4004,3825.8301,1615.79,50851.4612,E,N,N
07/18/2020,1:00,13973.2998,1840.86,3959.5901,1149.21,16419.0996,8389.5801,3836.9399,1710.13,51278.7095,E1,N,N
07/18/2020,1:00,14187.2002,1829.64,3899.3601,1103.95,16160.5996,8344.5098,3895.03,1712.41,51132.6997,E2,N,N
07/18/2020,1:00,13881.7998,1736.95,4011.71,1040.89,15886.2998,8327.3096,3842.8501,1666.3199,50394.1292,E3,N,N
07/18/2020,1:00,13901.9346,1824.8862,3964.6807,1107.1339,16209.5088,8430.8291,3881.2104,1673.8413,50994.025,M,Y,N
07/18/2020,2:00,12896.9268,1744.5376,3845.0786,1098.8131,15653.9854,8088.9565,3747.6304,1507.3391,48583.2675,A3,N,N
07/18/2020,2:00,12876.1006,1738.0892,3837.6382,1092.4012,14875.4355,8002.8535,3619.8069,1519.3184,47561.6435,A6,N,N
07/18/2020,2:00,13150.0996,1724.86,3902.02,1024.89,14867,7950.8398,3582.4199,1530.5699,47732.6992,E,N,N
07/18/2020,2:00,13249.2998,1742.23,3908.0601,1076.79,15367.2002,7812.29,3624.9299,1611.48,48392.28,E1,N,N
07/18/2020,2:00,13402.7002,1738.05,3781.5801,1055.84,15012.5996,7788.6602,3644.8701,1635.85,48060.1502,E2,N,N
07/18/2020,2:00,13186.2998,1640.23,3944.27,1013.48,14921.7998,7710.0298,3625.21,1607.6,47648.9194,E3,N,N
07/18/2020,2:00,13152.2324,1714.613,3884.8022,1051.9904,15140.5225,7832.7192,3652.8538,1593.4712,48023.2047,M,Y,N
07/18/2020,3:00,12159.4922,1633.1842,3731.0967,1042.6361,14646.9297,7611.4004,3550.4646,1438.839,45814.0429,A3,N,N
07/18/2020,3:00,12204.8057,1634.3479,3726.752,1044.5502,13972.7764,7520.0908,3452.2498,1467.1877,45022.7605,A6,N,N
07/18/2020,3:00,12486.0996,1638.4399,3813.6399,980.534,14112.2998,7437.8301,3394.2,1505.0601,45368.1034,E,N,N
07/18/2020,3:00,12567,1635.13,3862.8601,1035.51,14305.9004,7266.1499,3399.51,1604.7,45676.7604,E1,N,N
07/18/2020,3:00,12772.7998,1643.79,3772.47,995.535,14222.0996,7308.6499,3440.3501,1674.72,45830.4144,E2,N,N
07/18/2020,3:00,12542.4004,1588.28,3804.52,993.969,14219.7998,7262.3398,3446.78,1574.9301,45433.0191,E3,N,N
07/18/2020,3:00,12474.5859,1624.4272,3797.8828,1009.1498,14281.8545,7340.439,3453.5073,1581.5748,45563.4213,M,Y,N
07/18/2020,4:00,11704.4893,1566.1631,3660.6565,990.8654,13938.2002,7202.2168,3423.6189,1362.3649,43848.5751,A3,N,N
07/18/2020,4:00,11708.6387,1574.5978,3679.2742,994.2158,13337.2559,7095.4375,3319.8008,1373.5214,43082.7421,A6,N,N
07/18/2020,4:00,12039.9004,1567.88,3740.5,946.896,13522,7036.6201,3266.1499,1462.11,43582.0564,E,N,N
07/18/2020,4:00,12166.0996,1554.89,3784.98,1005.97,13778.5996,6922.6401,3289.76,1520.41,44023.3493,E1,N,N
07/18/2020,4:00,12379.0996,1581.79,3758.79,980.191,13687.2002,6892.79,3339.6201,1584.38,44203.8609,E2,N,N
07/18/2020,4:00,12114,1531.02,3753.26,940.92,13585.7998,6912.4399,3320.1499,1524.28,43681.8696,E3,N,N
07/18/2020,4:00,12048.5225,1556.7271,3737.1353,973.9904,13695.4248,6961.8218,3334.1035,1510.3269,43818.0523,M,Y,N
07/18/2020,5:00,11246.6484,1501.0222,3625.519,950.7752,13342.209,6885.2441,3309.3369,1312.9287,42173.6835,A3,N,N
07/18/2020,5:00,11300.8652,1501.1647,3646.1636,963.2493,12829.5146,6798.6768,3202.0105,1302.041,41543.6857,A6,N,N
07/18/2020,5:00,11764.9004,1507.12,3695.21,929.16,13142.2998,6736.1201,3178.0801,1429.8101,42382.7005,E,N,N
07/18/2020,5:00,11855.5996,1538.98,3729.8201,970.757,13387.0996,6661.3501,3191.0901,1502.3,42836.9965,E1,N,N
07/18/2020,5:00,12032.7998,1542.64,3756.1201,942.012,13249.4004,6653.0498,3217.29,1567.63,42960.9421,E2,N,N
07/18/2020,5:00,11858.7002,1483.72,3747.52,905.892,13246.7002,6590.9902,3233.95,1516.28,42583.7526,E3,N,N
07/18/2020,5:00,11714.9492,1512.1506,3707.1309,939.6572,13281.3633,6679.0181,3233.0154,1489.3948,42556.6795,M,Y,N
07/18/2020,6:00,11148.3027,1477.514,3623.2463,921.3322,13070.3008,6687.7222,3256.2532,1252.1046,41436.776,A3,N,N
07/18/2020,6:00,11088.4063,1477.3431,3635.6877,937.5109,12512.1553,6587.1924,3162.6707,1236.7184,40637.6848,A6,N,N
07/18/2020,6:00,11616.5,1491.26,3692.05,918.257,13005.5996,6612.02,3135.1101,1381.78,41852.5767,E,N,N
07/18/2020,6:00,11764.2002,1498.2,3698.8601,951.005,13122.7002,6491.3501,3151.27,1433.21,42110.7956,E1,N,N
07/18/2020,6:00,11922,1507.8101,3731.3701,944.368,12952.5,6418.2202,3154.77,1416.85,42047.8884,E2,N,N
07/18/2020,6:00,11717.2002,1463.14,3733.1101,920.634,12991.5,6494.6201,3192.98,1441.58,41954.7644,E3,N,N
07/18/2020,6:00,11599.7383,1484.5973,3691.7317,933.9504,13026.1621,6513.5156,3186.3608,1402.1456,41838.2018,M,Y,N
07/18/2020,7:00,10961.3008,1463.0344,3621.2046,908.1198,12991.4297,6500.7041,3208.3506,1206.5245,40860.6685,A3,N,N
07/18/2020,7:00,10834.6211,1469.3033,3632.9775,923.6412,12325.0986,6385.7661,3106.1699,1166.8464,39844.4241,A6,N,N
07/18/2020,7:00,11500,1496.99,3710.6001,908.971,12948.2002,6563.5,3091.5701,1312.53,41532.3614,E,N,N
07/18/2020,7:00,11583.0996,1490.83,3649.1201,957.029,13140.4004,6457.3501,3096.6101,1488.05,41862.4893,E1,N,N
07/18/2020,7:00,11543,1488.65,3610.9199,910.841,12843,6256.3501,3068.6499,1466.09,41187.5009,E2,N,N
07/18/2020,7:00,11623.7998,1481.89,3750.72,898.566,13058.0996,6438.4102,3168.8501,1361.17,41781.5057,E3,N,N
07/18/2020,7:00,11422.4248,1482.1437,3670.4512,918.7454,13002.8281,6421.0532,3138.4805,1393.7094,41449.8363,M,Y,N
07/18/2020,8:00,11072.1855,1504.723,3615.5325,929.6788,13372.9502,6522.9321,3230.2393,1237.3129,41485.5543,A3,N,N
07/18/2020,8:00,10942.9307,1525.2494,3603.4346,946.5015,12681.6621,6461.229,3124.0703,1167.8666,40452.9442,A6,N,N
07/18/2020,8:00,11669.9004,1542.3199,3717.3899,917.554,13247.5,6672.8101,3125.5901,1273.27,42166.3344,E,N,N
07/18/2020,8:00,11824.4004,1532.63,3685.1399,978.685,13261.9004,6607.8101,3162.77,1501.45,42554.7858,E1,N,N
07/18/2020,8:00,11808.5996,1524.05,3579.96,939.357,12882.2002,6376.6201,3120.3999,1469.14,41700.3268,E2,N,N
07/18/2020,8:00,11869.0996,1488.41,3778.4199,922.141,13303.4004,6464.0498,3178.97,1327.27,42331.7607,E3,N,N
07/18/2020,8:00,11626.2344,1514.7371,3681.9419,940.9498,13189.4316,6511.5879,3173.7434,1388.2878,42026.9139,M,Y,N
07/18/2020,9:00,11861.9492,1639.1976,3653.3564,1036.1128,14478.9795,6977.7266,3483.3206,1314.3718,44445.0145,A3,N,N
07/18/2020,9:00,11812.8369,1660.3036,3642.0864,1045.9851,13789.4561,6908.6411,3397.0862,1226.0381,43482.4335,A6,N,N
07/18/2020,9:00,12411.2002,1675.45,3734.5801,994.37,14158.5,7060.3301,3347.6201,1349.62,44731.6705,E,N,N
07/18/2020,9:00,12770.9004,1671.84,3783.95,1067.01,14562.5996,7099.2002,3419.0801,1422.88,45797.4603,E1,N,N
07/18/2020,9:00,12721.9004,1676.28,3875.1899,1043.15,14140.9004,6907.1201,3387.01,1500.13,45251.6808,E2,N,N
07/18/2020,9:00,12696.7998,1603.62,3800.0701,992.457,14330,6956.8301,3428.25,1404.76,45212.787,E3,N,N
07/18/2020,9:00,12474.0498,1647.6307,3760.5654,1029.4646,14338.0605,6995.5444,3424.4915,1414.9414,45084.7483,M,Y,N
07/18/2020,10:00,13127.0977,1820.4294,3694.8718,1156.0581,16164.7793,7735.9121,3769.833,1482.9014,48951.8828,A3,N,N
07/18/2020,10:00,13038.3086,1850.5079,3695.1287,1167.8966,15384.5518,7662.3345,3686.1995,1415.0223,47899.9499,A6,N,N
07/18/2020,10:00,13465.5996,1860.3,3762.3899,1113.35,15600.0996,7707.3599,3649.51,1535.61,48694.219,E,N,N
07/18/2020,10:00,13830.7002,1824.83,3883.8899,1159.83,15859.4004,7585.3999,3691.3701,1585.75,49421.1705,E1,N,N
07/18/2020,10:00,13980.5996,1806.3101,3798.8799,1147.88,15475.7002,7471.0298,3733.1599,1633.63,49047.1895,E2,N,N
07/18/2020,10:00,13764.9004,1810.02,3780.1899,1102.3,15671.9004,7578.96,3767.7,1566.38,49042.3507,E3,N,N
07/18/2020,10:00,13611.4492,1822.1461,3784.8965,1136.1785,15722.3594,7589.2559,3730.0596,1573.7539,48970.0991,M,Y,N
07/18/2020,11:00,14099.7861,2004.373,3794.5657,1273.1204,17727.25,8488.7021,4180.8701,1615.6119,53184.2793,A3,N,N
07/18/2020,11:00,14053.2002,2053.8564,3808.9932,1280.5559,16891.4863,8448.4863,4062.946,1532.8184,52132.3427,A6,N,N
07/18/2020,11:00,14473.7998,2060.72,3840.0701,1219.61,17047.0996,8427.79,4009.54,1682.8101,52761.4396,E,N,N
07/18/2020,11:00,14955.7002,1976.59,3961.98,1306.42,17245.4004,8381.0303,4081.4099,1674.58,53583.1108,E1,N,N
07/18/2020,11:00,14956.2998,1991.29,3867.3101,1252.02,16917.6992,8192.1602,4076.24,1622.65,52875.6693,E2,N,N
07/18/2020,11:00,14953.7002,2011.1801,3809.9099,1204.0699,17168.4004,8324.2803,4147.9199,1774.74,53394.2007,E3,N,N
07/18/2020,11:00,14681.0586,2004.537,3855.0364,1252.2188,17179.6699,8338.9297,4113.2725,1680.2952,53105.0181,M,Y,N
07/18/2020,12:00,15438.1221,2161.3245,3952.6758,1382.7714,19520.1582,9258,4557.3984,1685.845,57956.2954,A3,N,N
07/18/2020,12:00,15358.5762,2195.866,3967.7449,1393.2908,18583.9297,9214.5703,4453.4165,1582.8597,56750.2541,A6,N,N
07/18/2020,12:00,15801.0996,2195.6899,3967.5701,1321.6801,18631.4004,9175.4902,4361.21,1739.37,57193.5103,E,N,N
07/18/2020,12:00,16028.5,2123.0601,4011.8799,1406.02,18758.3008,9006.2197,4471.4102,1684.4399,57489.8306,E1,N,N
07/18/2020,12:00,16307.4004,2148.1299,3971.97,1357.58,18351.4004,8935.1104,4482.8101,1717.8101,57272.2113,E2,N,N
07/18/2020,12:00,16084.5,2150.49,3992.25,1288.3,18293.4004,9121.6797,4471.3999,1813.16,57215.18,E3,N,N
07/18/2020,12:00,15901.3428,2151.696,3981.644,1351.0315,18619.7188,9069.9385,4480.5547,1732.0044,57287.9307,M,Y,N
07/18/2020,13:00,16427.6855,2301.0686,4063.9795,1476.6399,20938.3887,9914.6084,4897.7769,1772.7775,61792.925,A3,N,N
07/18/2020,13:00,16330.958,2342.7847,4060.9595,1491.0599,19886.9863,9775.1797,4783.0518,1681.8448,60352.8247,A6,N,N
07/18/2020,13:00,16764.0996,2325.23,4067.1399,1419.9399,20079.0996,9876.0596,4675.2598,1862.09,61068.9184,E,N,N
07/18/2020,13:00,16880.5996,2240.6001,4096.9199,1450.24,19951.1992,9687.2002,4654.2598,1864.78,60825.7988,E1,N,N
07/18/2020,13:00,17069.4004,2240.6699,4135.5,1418.0601,19525.8008,9491.3398,4776.6401,1816,60473.4111,E2,N,N
07/18/2020,13:00,16844.9004,2287.6399,4056.8,1359.34,19832.8008,9700.4297,4780.7202,1909.66,60772.291,E3,N,N
07/18/2020,13:00,16767.4844,2278.0647,4079.7546,1418.9824,19954.6367,9693.5762,4764.6768,1851.9685,60809.1443,M,Y,N
07/18/2020,14:00,17107.5469,2447.1667,4102.5337,1570.8779,22345.7832,10393.6885,5083.9507,1885.6345,64937.1821,A3,N,N
07/18/2020,14:00,17094.0918,2463.6624,4097.8018,1589.1702,21039.2949,10062.8262,4961.3818,1833.1575,63141.3866,A6,N,N
07/18/2020,14:00,17422.0996,2448.8301,4142.2002,1519.97,21117.9004,10444.5,4867.2598,1965.27,63928.0301,E,N,N
07/18/2020,14:00,17436.8008,2358.0801,4210.8398,1510.25,20994.0996,10189.5996,4921.1499,1954.11,63574.9298,E1,N,N
07/18/2020,14:00,17672.3008,2359.8701,4199.4302,1484.9,20532.8008,10268.7998,4980.6201,1968.5699,63467.2917,E2,N,N
07/18/2020,14:00,17506.4004,2401.3501,4117.8599,1492.99,20729.6992,10316.2002,4992.7998,2018.6,63575.8996,E3,N,N
07/18/2020,14:00,17399.4863,2402.7368,4150.5122,1508.3909,20997.1094,10298.4229,4980.46,1966.6831,63703.8016,M,Y,N
07/18/2020,15:00,17614.873,2560.2307,4141.6436,1628.1743,23313.1055,10847.2627,5262.9692,1951.1487,67319.4077,A3,N,N
07/18/2020,15:00,17465.0703,2579.2566,4121.9731,1646.4496,21885.6543,10494.7373,5125.4707,1921.0372,65239.6491,A6,N,N
07/18/2020,15:00,17785.9004,2553.6699,4202.25,1582.03,22076.8008,10963.2002,5022.5298,2047.11,66233.4911,E,N,N
07/18/2020,15:00,17655.1992,2432.51,4271.77,1548.77,22206.1992,10732.4004,5033.3799,1982.83,65863.0587,E1,N,N
07/18/2020,15:00,17943.1992,2444.3999,4194.02,1516.1899,21564.4004,10709.0996,5135.0898,1997.84,65504.2388,E2,N,N
07/18/2020,15:00,17803.4004,2465.46,4212.0601,1544.58,21709.8008,10738.4004,5115.4102,2080.27,65669.3819,E3,N,N
07/18/2020,15:00,17734.5059,2489.3088,4205.9023,1553.6605,22043.8398,10771.2832,5122.6426,2015.0173,65936.1604,M,Y,N
07/18/2020,16:00,17867.5039,2627.7351,4122.5073,1669.2184,23805.6758,11290.2344,5320.4546,2006.7302,68710.0597,A3,N,N
07/18/2020,16:00,17619.2422,2623.8003,4073.5269,1680.6088,22333.1992,10852.2969,5194.2026,1983.2979,66360.1748,A6,N,N
07/18/2020,16:00,18265.5996,2617.1001,4206.6802,1621.61,22621.1992,11371.7998,5099.3101,2074.5701,67877.8691,E,N,N
07/18/2020,16:00,18012.8008,2456.03,4309.9399,1590.47,22819.8008,11170.2002,5128.7202,2008.9301,67496.892,E1,N,N
07/18/2020,16:00,18271.5996,2484.27,4253.1499,1540.7,22032.5,11071.5996,5247.8301,2073.1699,66974.8191,E2,N,N
07/18/2020,16:00,18233.1992,2554.6399,4196.1299,1599.8,22176.5,11042.2002,5226.9702,2164.8701,67194.3095,E3,N,N
07/18/2020,16:00,18095.5273,2547.2725,4214.623,1594.0959,22560.5586,11153.7549,5212.4287,2071.905,67450.1659,M,Y,N
07/18/2020,17:00,17854.5742,2671.375,4138.4067,1688.1924,24157.0996,11537.3516,5314.2021,2018.7662,69379.9678,A3,N,N
07/18/2020,17:00,17485.5234,2621.843,4084.043,1692.4753,22664.2578,11220.917,5163.0708,1988.4412,66920.5715,A6,N,N
07/18/2020,17:00,18242.8008,2628.6399,4226.4502,1640.74,22943.9004,11659.5,5122.8101,2092.1101,68556.9515,E,N,N
07/18/2020,17:00,18123.1992,2492.3799,4359.4902,1615.97,23306.5,11376,5184.1201,2113.0701,68570.7295,E1,N,N
07/18/2020,17:00,18269.0996,2506.03,4252.1099,1541.58,22846.3008,11249.2998,5282.8501,2030.01,67977.2802,E2,N,N
07/18/2020,17:00,18214.6992,2604.3501,4200.29,1603.52,22600.9004,11466.7998,5263.5801,2174.6201,68128.7597,E3,N,N
07/18/2020,17:00,18112.1055,2583.8599,4234.3667,1606.384,23076.0488,11422.6318,5241.1831,2093.2847,68369.8645,M,Y,N
07/18/2020,18:00,17608.5645,2651.4951,4145.4287,1678.0797,24029.2344,11635.4941,5272.2314,2038.4208,69058.9487,A3,N,N
07/18/2020,18:00,17217.0508,2552.9644,4093.9724,1678.2356,22637.5215,11321.5977,5124.4448,1993.3813,66619.1685,A6,N,N
07/18/2020,18:00,17856.6992,2584.47,4238.25,1635.9399,22880.8008,11709.0996,5081.5801,2092.5,68079.3396,E,N,N
07/18/2020,18:00,17880,2457.76,4278.7998,1590.28,23201.1992,11470.9004,5158.6802,2099.1699,68136.7895,E1,N,N
07/18/2020,18:00,18022.3008,2471.75,4274.3799,1562.66,22760.9004,11369,5191.04,2141.27,67793.3011,E2,N,N
07/18/2020,18:00,18059.0996,2551.6001,4231.27,1605.86,22512.5,11464.5,5243.9302,2160.3101,67829.07,E3,N,N
07/18/2020,18:00,17871.791,2547.2412,4227.9531,1603.9524,22982.4043,11494.1738,5202.7876,2116.5527,68046.8561,M,Y,N
07/18/2020,19:00,17241.1133,2611.5115,4138.2446,1654.5208,23470.832,11614.374,5214.439,2027.1962,67972.2314,A3,N,N
07/18/2020,19:00,16848.8398,2530.2927,4084.5186,1666.8416,22110.1328,11459.7734,5072.6533,1999.7939,65772.8461,A6,N,N
07/18/2020,19:00,17487.1992,2555.27,4217.27,1634.62,22581.1992,11649.2998,4995.5098,2107.6599,67228.0279,E,N,N
07/18/2020,19:00,17437.5996,2393.78,4284.6499,1538.3199,22587.4004,11459.4004,5034.3999,2082.0801,66817.6302,E1,N,N
07/18/2020,19:00,17687.9004,2452.7,4160,1508.58,22128.4004,11295,5093.1602,2143.8501,66469.5911,E2,N,N
07/18/2020,19:00,17576.4004,2511.27,4198.8701,1603,22049.8008,11390.7998,5119.02,2180.03,66629.1911,E3,N,N
07/18/2020,19:00,17460.666,2505.1367,4202.5996,1573.6176,22447.9023,11444.2598,5103.0483,2118.3469,66855.5772,M,Y,N
07/18/2020,20:00,16791.7168,2505.5464,4140.1509,1535.2737,22549.9883,11265.0332,5075.6968,2051.6021,65915.0082,A3,N,N
07/18/2020,20:00,16343.3145,2419.3752,4117.4341,1549.9885,21303.0332,11174.5986,4941.9878,2010.2454,63859.9773,A6,N,N
07/18/2020,20:00,16982.5996,2483.24,4199.9199,1540.03,21843.5996,11371.2002,4845.3701,2105.5,65371.4594,E,N,N
07/18/2020,20:00,17074.5996,2322.74,4243.54,1479.8,21529.5996,11096.5996,4853.3301,2080.6101,64680.819,E1,N,N
07/18/2020,20:00,17202,2333.54,4163.7998,1428.5699,21268,10946.5996,4882.7998,2040.3199,64265.629,E2,N,N
07/18/2020,20:00,17058.6992,2369.22,4287.71,1478.5,21074.9004,11093,4941.4199,2188.9399,64492.3894,E3,N,N
07/18/2020,20:00,17004.3281,2401.4741,4213.3154,1481.1305,21517.3223,11113.5791,4933.6328,2097.1052,64761.8875,M,Y,N
07/18/2020,21:00,16439.0996,2382.8545,4093.3455,1447.6685,21588.1777,10807.8398,4860.4824,1992.777,63612.245,A3,N,N
07/18/2020,21:00,15940.6777,2307.7336,4066.0369,1464.3613,20378.1602,10780.6494,4730.6772,1946.3997,61614.696,A6,N,N
07/18/2020,21:00,16500.8008,2379.1299,4114.71,1441.4399,20865.6992,10861.7002,4644.9102,2051.1101,62859.5003,E,N,N
07/18/2020,21:00,16609.1992,2254.53,4189.5098,1415.0601,20948.8008,10696.5996,4661.2202,2026.77,62801.6897,E1,N,N
07/18/2020,21:00,16822.4004,2257.8899,4106.98,1363.59,20421.9004,10525.5996,4677.9102,1934.87,62111.1405,E2,N,N
07/18/2020,21:00,16441.4004,2261.9399,4131.46,1384.03,19938.5996,10542.5996,4687.9902,2141.29,61529.3097,E3,N,N
07/18/2020,21:00,16537.8242,2304.4585,4131.29,1401.8086,20634.0605,10649.8926,4717.7759,2031.2184,62408.3287,M,Y,N
07/18/2020,22:00,15938.8535,2302.0652,4023.8701,1419.0973,20991.3945,10574.7178,4742.7881,1984.9515,61977.738,A3,N,N
07/18/2020,22:00,15521.4609,2242.1123,3973.5269,1432.1036,19853.1074,10593.8213,4596.6519,1966.2094,60178.9937,A6,N,N
07/18/2020,22:00,16084.4004,2284.05,4005.3101,1375.12,20091.3008,10489.4004,4534.1001,2055.2,60918.8818,E,N,N
07/18/2020,22:00,16191.2002,2211.1899,4173.5801,1379.73,20305.3008,10342.5996,4581.4902,1992.9399,61178.0307,E1,N,N
07/18/2020,22:00,16388.4004,2192.95,4002.8101,1334.8101,19887,10215.2002,4597.1802,1919.74,60538.091,E2,N,N
07/18/2020,22:00,15953.0996,2187.27,4127.6299,1313.46,19236.5,10175.5996,4572.6201,2124.3701,59690.5493,E3,N,N
07/18/2020,22:00,16079.8887,2234.7563,4082.2852,1356.2771,19992.5371,10316.3652,4615.6348,2014.2815,60692.0259,M,Y,N
07/18/2020,23:00,14910.5322,2183.3286,3950.0786,1342.4969,19666.8105,9853.2686,4508.7729,1902.2408,58317.5291,A3,N,N
07/18/2020,23:00,14556.0127,2122.4385,3897.5996,1349.6315,18603.9199,9738.0996,4353.4082,1893.6344,56514.7444,A6,N,N
07/18/2020,23:00,15300.0996,2171.03,3893.3701,1284.5699,18891.5996,9796.9297,4319.5601,1917.8199,57574.9789,E,N,N
07/18/2020,23:00,15460.2002,2082.0801,4107.73,1274.78,18899.5,9729.9297,4345.4399,1943.54,57843.1999,E1,N,N
07/18/2020,23:00,15554.5996,2070.8101,4023.5,1271.1899,18586.8008,9564.8896,4359.7002,1869.83,57301.3202,E2,N,N
07/18/2020,23:00,15178.0996,2088.02,3943.6299,1244.64,18116.9004,9498.9102,4349.6099,2014.77,56434.58,E3,N,N
07/18/2020,23:00,15244.0449,2118.5874,3989.9685,1276.0359,18720.6016,9654.707,4385.8628,1934.5426,57324.3507,M,Y,N
07/18/2020,24:00,14124.1006,1999.4354,3882.6929,1222.5001,18106.4453,9098.1738,4244.3188,1774.1051,54451.772,A3,N,N
07/18/2020,24:00,13808.7012,1934.2637,3827.8857,1216.5087,17246.4512,8905.7842,4089.8848,1757.1736,52786.6531,A6,N,N
07/18/2020,24:00,14451.2002,1991.41,3808.8601,1177.13,17511.3008,9101.5498,4066.1899,1813.21,53920.8508,E,N,N
07/18/2020,24:00,14428.5,1946.66,4050.0901,1215.42,17430.6992,8955.1104,4060.04,1835.5601,53922.0798,E1,N,N
07/18/2020,24:00,14641.7998,1923.21,3972.8701,1163.09,17269.9004,8825.8301,4089.05,1808.8199,53694.5703,E2,N,N
07/18/2020,24:00,14318.2002,1898.89,3821.55,1138.21,16856.6992,8731.5498,4087.5,1916.08,52768.6792,E3,N,N
07/18/2020,24:00,14354.3252,1950.5739,3911.2996,1179.1338,17341.543,8903.0879,4117.3701,1838.5294,53595.8629,M,Y,N
07/19/2020,1:00,13289.2324,1833.061,3911.5173,1170.9205,16393.2109,8477.998,4058.1084,1553.1851,50687.2336,A3,N,N
07/19/2020,1:00,13067.3516,1748.4146,3954.4053,1163.3698,15694.873,8372.0928,3877.4006,1530.4526,49408.3603,A6,N,N
07/19/2020,1:00,13560.0996,1821.17,3978.3601,1086.8199,15923.2998,8488.3496,3763.8101,1631.66,50253.5691,E,N,N
07/19/2020,1:00,13542.2002,1823.33,3995.4099,1152.5,16521.1992,8277.75,3797.74,1738.01,50848.1393,E1,N,N
07/19/2020,1:00,13821.2002,1796.39,3902.8501,1092.99,16055.7002,8174.1001,3834.9199,1733.12,50411.2705,E2,N,N
07/19/2020,1:00,13580.5996,1690.38,4005.02,1020.53,15745.7002,8129.9102,3798.75,1671.71,49642.6,E3,N,N
07/19/2020,1:00,13525.6699,1788.8877,3963.1382,1098.7225,16120.2139,8266.2334,3863.491,1683.8157,50310.1723,M,Y,N
07/19/2020,2:00,12490.1943,1692.713,3872.1328,1103.7456,15163.9346,7843.6953,3829.7019,1438.3983,47434.5158,A3,N,N
07/19/2020,2:00,12348.2324,1612.9261,3880.6858,1095.1533,14505.9941,7846.874,3626.9421,1437.0857,46353.8935,A6,N,N
07/19/2020,2:00,12813,1696.46,3935.1399,1028.47,14859.4004,7883.6201,3533.3899,1547.6801,47297.1604,E,N,N
07/19/2020,2:00,12879.0996,1733.61,3919.05,1080.5601,15393.4004,7704.2798,3604.0901,1630.55,47944.64,E1,N,N
07/19/2020,2:00,13036,1708.39,3791.77,1045.96,14867.4004,7609.75,3586.96,1646.49,47292.7204,E2,N,N
07/19/2020,2:00,12876.9004,1590.74,3957.45,996.582,14837.7002,7529.7202,3573.6001,1602.6801,46965.373,E3,N,N
07/19/2020,2:00,12792.6738,1679.8718,3903.022,1047.3025,15027.542,7676.8521,3641.8916,1593.1898,47362.3456,M,Y,N
07/19/2020,3:00,11824.5107,1605.996,3765.5393,1039.0261,14358.3564,7322.979,3631.3284,1374.2272,44921.9631,A3,N,N
07/19/2020,3:00,11723.4463,1536.5929,3767.8481,1037.7964,13681.9131,7325.4038,3446.5085,1391.4904,43910.9995,A6,N,N
07/19/2020,3:00,12196.2998,1603.76,3845.78,983.455,14170.2002,7381.2402,3360.22,1527.36,45068.3152,E,N,N
07/19/2020,3:00,12337.9004,1616.55,3883.6599,1044.5601,14542.2002,7153.7998,3395.6799,1608.87,45583.2203,E1,N,N
07/19/2020,3:00,12544.5,1619.37,3769.8401,991.241,14230.5996,7176.0098,3414.6599,1685.9399,45432.1603,E2,N,N
07/19/2020,3:00,12334.0996,1537.4399,3811.4199,976.691,14146.2002,7091.3599,3408.46,1592.37,44898.0405,E3,N,N
07/19/2020,3:00,12216.7285,1592.8877,3817.1072,1005.9332,14295.8193,7193.3193,3455.7271,1584.4934,45162.0157,M,Y,N
07/19/2020,4:00,11287.4014,1525.1896,3661.9102,984.7059,13592.5137,6916.3018,3494.0652,1334.8367,42796.9245,A3,N,N
07/19/2020,4:00,11279.2246,1469.4709,3685.2751,983.1299,12994.1943,6877.3906,3306.6082,1334.9895,41930.2831,A6,N,N
07/19/2020,4:00,11736.4004,1532.49,3762.8201,947.499,13533.7002,6996.8501,3234.75,1501.0699,43245.5797,E,N,N
07/19/2020,4:00,11860.7998,1538.29,3825.6899,1009.48,13836.5,6828.04,3280.0901,1537.77,43716.6598,E1,N,N
07/19/2020,4:00,12094.7002,1548.04,3757.5701,975.652,13615.2998,6766.21,3295.4199,1593.8199,43646.7119,E2,N,N
07/19/2020,4:00,11872.2998,1477.55,3741.3501,936.821,13485.4004,6753.7402,3272.01,1559.25,43098.4215,E3,N,N
07/19/2020,4:00,11734.0137,1520.3237,3747.2861,972.0139,13625.0762,6826.1416,3327.8125,1527.1984,43279.8661,M,Y,N
07/19/2020,5:00,10935.9053,1447.7297,3617.1794,934.103,13117.6836,6587.5957,3365.9731,1296.5635,41302.7333,A3,N,N
07/19/2020,5:00,10895.9248,1399.741,3640.2959,944.5495,12600.6299,6587.3931,3180.9185,1277.4589,40526.9116,A6,N,N
07/19/2020,5:00,11440.9004,1468.73,3710.75,926.218,13076.4004,6684.8799,3139.5,1462.08,41909.4587,E,N,N
07/19/2020,5:00,11573.2002,1520.17,3761.1101,970.836,13381.2002,6565.1001,3173.8701,1512.64,42458.1267,E1,N,N
07/19/2020,5:00,11797.2002,1511.75,3756.8201,937.784,13112.7002,6515.9502,3164.0901,1577.12,42373.4148,E2,N,N
07/19/2020,5:00,11645.2998,1419.48,3731.1699,917.135,13163,6432.1699,3173.79,1551.26,42033.3046,E3,N,N
07/19/2020,5:00,11443.3643,1469.4049,3710.8113,938.9789,13188.4854,6537.3647,3216.3572,1505.0854,42009.8521,M,Y,N
07/19/2020,6:00,10653.2236,1418.8165,3620.635,912.0258,12727.2568,6339.1978,3281.6951,1222.2598,40175.1104,A3,N,N
07/19/2020,6:00,10687.0771,1372.9808,3634.3918,926.072,12263.2217,6310.1787,3097.8574,1200.3491,39492.1286,A6,N,N
07/19/2020,6:00,11232.9004,1443.65,3708.3799,910.781,12786.7002,6506.1001,3078.75,1400.49,41067.7516,E,N,N
07/19/2020,6:00,11545.9004,1469.0601,3750.8,959.973,13070.2002,6407.1201,3131.53,1448.11,41782.6938,E1,N,N
07/19/2020,6:00,11688.5,1469.73,3727.4399,944.074,12772.2998,6317.6499,3114.6001,1418.62,41452.9137,E2,N,N
07/19/2020,6:00,11399.7998,1377.99,3726.52,908.12,12708.9004,6308.3501,3114.53,1453.51,40997.7203,E3,N,N
07/19/2020,6:00,11264.9063,1430.6392,3703.9663,930.8926,12827.0957,6363.9424,3156.1077,1407.9038,41085.454,M,Y,N
07/19/2020,7:00,10372.6367,1380.286,3595.4656,886.0443,12344.1162,6138.9946,3201.176,1177.8147,39096.5341,A3,N,N
07/19/2020,7:00,10392.2061,1362.0931,3614.6274,892.6425,11849.3115,6065.7324,3006.0381,1136.328,38318.9791,A6,N,N
07/19/2020,7:00,11010.7002,1438.4301,3723.5601,895.506,12554.7998,6358.77,3013.6201,1324.45,40319.8363,E,N,N
07/19/2020,7:00,11327.5996,1456.79,3700.1101,957.681,13057.9004,6355.4399,3095.73,1491.53,41442.781,E1,N,N
07/19/2020,7:00,11356.5,1442.25,3619.3201,900.89,12642.5996,6172.1602,3022.3401,1473.5,40629.56,E2,N,N
07/19/2020,7:00,11094.0996,1383.11,3730.75,878.911,12617.9004,6200.2002,3049.1699,1367.6801,40321.8212,E3,N,N
07/19/2020,7:00,10994.4844,1415.1315,3674.4414,907.0643,12691.9648,6244.1709,3091.0142,1395.9606,40414.2321,M,Y,N
07/19/2020,8:00,10573.9873,1415.2219,3561.9448,908.569,12456.1455,6114.23,3204.4954,1204.9941,39439.588,A3,N,N
07/19/2020,8:00,10458.8867,1415.2908,3566.2271,916.9242,11999.0693,6101.4219,3005.6206,1139.9896,38603.4302,A6,N,N
07/19/2020,8:00,11096.0996,1484.27,3736.8999,901.498,12766.2998,6418.3301,3020.26,1278.4399,40702.0973,E,N,N
07/19/2020,8:00,11621.5,1500.38,3730.6899,974.57,13077.2998,6491.6401,3150.4299,1506.14,42052.6497,E1,N,N
07/19/2020,8:00,11659.5996,1490.62,3578.49,932.781,12668.2998,6265.9399,3077.29,1474.02,41147.0403,E2,N,N
07/19/2020,8:00,11284.7998,1430.58,3761.5801,910.543,12756.9004,6184.6401,3056.22,1328.67,40713.9334,E3,N,N
07/19/2020,8:00,11214.5342,1458.4067,3677.9773,930.7319,12778.4316,6302.125,3114.9802,1387.6367,40864.8236,M,Y,N
07/19/2020,9:00,11302.1514,1551.8047,3616.6221,1007.3824,13327.1074,6582.5391,3435.4336,1299.6891,42122.7298,A3,N,N
07/19/2020,9:00,11253.4971,1566.2162,3616.6343,1023.5958,12958.5088,6541.3818,3261.4875,1218.3666,41439.6881,A6,N,N
07/19/2020,9:00,11789,1623.5601,3750.5901,976.455,13629.2002,6839.7402,3231.79,1368.37,43208.7056,E,N,N
07/19/2020,9:00,12572.2998,1656.03,3821.4199,1066.29,14350.7998,6971.02,3396.79,1427.11,45261.7595,E1,N,N
07/19/2020,9:00,12529.5996,1646.36,3872.0801,1034.84,13896.2998,6801.29,3338.74,1508.14,44627.3495,E2,N,N
07/19/2020,9:00,12115.5,1543.63,3798.1001,973.411,13773.5,6665.1201,3288.3601,1424.63,43582.2513,E3,N,N
07/19/2020,9:00,12037.3135,1596.6062,3761.8691,1016.615,13874.6885,6787.1426,3351.4624,1423.4774,43849.1747,M,Y,N
07/19/2020,10:00,12589.7881,1732.6876,3670.5723,1127.3618,14601.501,7299.6201,3775.3376,1452.901,46249.7695,A3,N,N
07/19/2020,10:00,12449.2119,1740.8539,3679.4529,1146.6494,14283.5977,7275.7202,3611.9548,1397.3909,45584.8317,A6,N,N
07/19/2020,10:00,12841,1814.77,3771.9199,1087.45,14964.2998,7499.3999,3555.1201,1544.95,47078.9097,E,N,N
07/19/2020,10:00,13622.7998,1798.33,3886.1201,1159.3101,15592.4004,7500.7002,3704.9299,1589.05,48853.6405,E1,N,N
07/19/2020,10:00,13736.4004,1763.49,3800.77,1137.24,15207.2998,7381.04,3686.99,1643.52,48356.7502,E2,N,N
07/19/2020,10:00,13131.0996,1775.27,3765.46,1086.5,15079,7291.77,3637.6201,1582.4,47349.1197,E3,N,N
07/19/2020,10:00,13158.0977,1773.8545,3777.1243,1122.614,15165.4004,7393.2549,3684.7356,1578.4739,47653.5553,M,Y,N
07/19/2020,11:00,13830.4678,1936.8966,3765.6077,1239.0558,16384.582,8108.6816,4151.3047,1586.0079,51002.6041,A3,N,N
07/19/2020,11:00,13673.2148,1967.4883,3783.2422,1252.2457,15880.335,8101.4365,3993.0271,1508.0835,50159.0731,A6,N,N
07/19/2020,11:00,13918.7002,2021.58,3844.26,1183.28,16407.6992,8209.8604,3897.75,1684.22,51167.3498,E,N,N
07/19/2020,11:00,14812.7998,1967.49,3969.8201,1300.24,17033.1992,8272.21,4050.4399,1677.53,53083.729,E1,N,N
07/19/2020,11:00,14774,1949.26,3864,1239.36,16677.6992,8075.0898,4012.02,1631.37,52222.799,E2,N,N
07/19/2020,11:00,14369.5,1955.5601,3786.3501,1176.1899,16522.4004,8038.4502,3986.1699,1780.0699,51614.6905,E3,N,N
07/19/2020,11:00,14339.7793,1961.3417,3843.9771,1231.7395,16657.3594,8136.2549,4035.6997,1681.021,51887.1726,M,Y,N
07/19/2020,12:00,15122.6396,2105.4714,3896.6104,1359.424,18125.0645,8885.2188,4545.8184,1660.9958,55701.2429,A3,N,N
07/19/2020,12:00,14963.0078,2119.51,3922.2114,1358.207,17470.334,8870.6563,4409.6953,1564.5319,54678.1537,A6,N,N
07/19/2020,12:00,15279.7002,2154.99,3969.3501,1288.52,17905.3008,8953.7002,4266.3301,1753.3199,55571.2113,E,N,N
07/19/2020,12:00,15885.5,2112.3501,4027.0901,1403.2,18455.4004,8900.2998,4429.3701,1684.15,56897.3605,E1,N,N
07/19/2020,12:00,16082.2002,2117.6899,3969.8999,1346.54,18001.1992,8812.0498,4420.9302,1719,56469.5092,E2,N,N
07/19/2020,12:00,15506,2092.5,3972.1499,1255.05,17839.8008,8832.8896,4341.2598,1807.66,55647.3101,E3,N,N
07/19/2020,12:00,15548.7734,2111.6653,3966.3687,1332.1904,18077.8965,8866.1748,4415.0195,1729.4921,56047.5807,M,Y,N
07/19/2020,13:00,16135.3525,2236.7434,4007.3044,1449.6466,19772.0605,9645.0449,4914.3613,1746.7108,59907.2244,A3,N,N
07/19/2020,13:00,15878.6279,2262.3062,4048.4309,1455.8927,18904.5703,9520.5723,4777.2412,1657.538,58505.1795,A6,N,N
07/19/2020,13:00,16328.7998,2299.46,4071.1799,1393.67,19416.6992,9628.9102,4585.1602,1862.87,59586.7493,E,N,N
07/19/2020,13:00,16648.4004,2227.2,4086.0901,1447.54,19603,9570.1504,4648.6899,1871.84,60102.9108,E1,N,N
07/19/2020,13:00,16829,2213.21,4130.9302,1406.1899,19265.5,9370.3496,4719.1499,1815.62,59749.9496,E2,N,N
07/19/2020,13:00,16358.0996,2251.78,4033.8601,1337.8199,19128.0996,9460.5498,4650.46,1920.55,59141.219,E3,N,N
07/19/2020,13:00,16430.1875,2243.0146,4057.0774,1403.302,19397.7441,9509.5068,4716.4165,1853.2002,59610.4491,M,Y,N
07/19/2020,14:00,17054.9277,2388.2214,4074.5679,1531.2024,20703.2324,10188.7139,5089.6626,1837.4768,62868.0051,A3,N,N
07/19/2020,14:00,16901.1699,2388.4714,4103.918,1537.6108,19817.6563,9833.3262,4976.8423,1779.9081,61338.903,A6,N,N
07/19/2020,14:00,17148.5,2434.3501,4156.1602,1495.1,20392.0996,10170.2002,4779.0498,1960.22,62535.6799,E,N,N
07/19/2020,14:00,17335.5,2358.53,4216.8799,1503.67,20598.1992,10027.5,4889.6001,1959.42,62889.2992,E1,N,N
07/19/2020,14:00,17337.3008,2330.8701,4194.6001,1467.49,20175.1992,10086.2002,4923.6299,1976.83,62492.1203,E2,N,N
07/19/2020,14:00,17186.5996,2373.5601,4109,1468.3,20061.5996,10143.7002,4877.9199,2018.8199,62239.4993,E3,N,N
07/19/2020,14:00,17204.9824,2375.7305,4143.957,1488.1528,20345.666,10109.2139,4927.1304,1963.4796,62558.3126,M,Y,N
07/19/2020,15:00,17576.875,2490.0833,4128.4629,1591.723,21686.3301,10659.7842,5205.4644,1906.6681,65245.391,A3,N,N
07/19/2020,15:00,17457.5449,2496.9258,4120.7524,1596.7181,20516.3555,10346.3086,5116.0103,1871.1519,63521.7675,A6,N,N
07/19/2020,15:00,17717.5,2540.5601,4226.71,1562.1,21376.8008,10692.7998,4939.8501,2053.5,65109.8208,E,N,N
07/19/2020,15:00,17638.4004,2417.3899,4273.4199,1544.42,21782.5,10607.5996,4989.5601,1985.25,65238.5399,E1,N,N
07/19/2020,15:00,17827.0996,2403.3899,4191.79,1499.09,21171,10546.2998,5067.8701,1988.73,64695.2694,E2,N,N
07/19/2020,15:00,17645.5,2449.1499,4212.3901,1530.01,21099,10617.2002,5003.6699,2066.52,64623.4401,E3,N,N
07/19/2020,15:00,17658.2695,2457.1494,4205.8809,1537.6079,21396.0156,10611.8477,5050.6387,2005.146,64922.5557,M,Y,N
07/19/2020,16:00,17857.8594,2530.7817,4121.082,1646.2161,22527.6621,11109.9756,5264.0488,1984.4661,67042.0918,A3,N,N
07/19/2020,16:00,17651.625,2528.5864,4066.9658,1646.4152,21242.582,10716.0664,5152.731,1939.0972,64944.069,A6,N,N
07/19/2020,16:00,18286,2614.51,4237.8398,1604.3,22092.3008,11106,5038.8101,2071.9099,67051.6706,E,N,N
07/19/2020,16:00,18059.1992,2449.6201,4326.6299,1587.2,22431.5996,11044.7002,5113.7002,2030.72,67043.3692,E1,N,N
07/19/2020,16:00,18267.1992,2453.8301,4241.3901,1525.65,21624.8008,10942.5996,5188.1499,2078.1399,66321.7596,E2,N,N
07/19/2020,16:00,18142.4004,2530.78,4206.6299,1584.02,21795.4004,10930.0996,5129.6001,2119.9399,66438.8703,E3,N,N
07/19/2020,16:00,18084.0137,2511.3379,4223.4893,1580.532,22040.4434,11006.3477,5155.2075,2064.2471,66665.6186,M,Y,N
07/19/2020,17:00,17644.4414,2562.9014,4138.7246,1672.3584,22921.6973,11344.1631,5260.9883,2005.4388,67550.7133,A3,N,N
07/19/2020,17:00,17387.5781,2524.3284,4066.2036,1665.5249,21550.5352,10994.6445,5117.4702,1952.8328,65259.1177,A6,N,N
07/19/2020,17:00,18352.1992,2635.79,4265.0601,1630.26,22460.9004,11450.7002,5076.52,2102.01,67973.4399,E,N,N
07/19/2020,17:00,18183.6992,2483.2,4360.6201,1613.11,22955.5,11262.9004,5143.3799,2114.1399,68116.5495,E1,N,N
07/19/2020,17:00,18213.3008,2471.3899,4245.7202,1530.48,22455.6992,11109.0996,5219.2402,2026.6899,67271.6198,E2,N,N
07/19/2020,17:00,18226.1992,2598.3201,4217.23,1589.65,22316.1992,11413.9004,5188.48,2167.4199,67717.3988,E3,N,N
07/19/2020,17:00,18084.2734,2549.5027,4242.9912,1596.1373,22604.6758,11295.832,5185.1821,2090.4937,67649.0882,M,Y,N
07/19/2020,18:00,17528.8301,2536.3315,4145.8887,1674.7059,22768.9395,11408.3291,5252.1152,2049.5867,67364.7267,A3,N,N
07/19/2020,18:00,17219.1777,2502.6895,4070.0583,1660.212,21574.668,11117.1689,5084.2954,1970.041,65198.3108,A6,N,N
07/19/2020,18:00,18141.5,2602.6101,4284.7998,1633.45,22610.1992,11595.9004,5066.79,2105.46,68040.7095,E,N,N
07/19/2020,18:00,17946.0996,2455.0701,4305.1299,1585.4399,22913.8008,11326.4004,5129.2402,2103.9399,67765.1208,E1,N,N
07/19/2020,18:00,18054.5996,2444.3799,4267.1602,1551.05,22435,11230.0996,5138.5698,2136.1001,67256.9592,E2,N,N
07/19/2020,18:00,18208,2552.49,4242.2598,1604.22,22466,11489.7998,5192.8599,2173.0701,67928.6996,E3,N,N
07/19/2020,18:00,17945.2461,2516.8467,4242.3145,1598.697,22626.0938,11387.1045,5169.2236,2122.6584,67608.1846,M,Y,N
07/19/2020,19:00,17361.5859,2483.3872,4133.5186,1660.8215,22889.1777,11420.2939,5161.541,2029.2963,67139.6221,A3,N,N
07/19/2020,19:00,17155.9844,2474.4053,4061.0605,1657.4966,21437.7676,11226.4473,5017.7466,1973.6505,65004.5588,A6,N,N
07/19/2020,19:00,17830.1992,2587.8301,4271.3501,1632.1,22496.8008,11623,5004.4502,2102.72,67548.4504,E,N,N
07/19/2020,19:00,17630.9004,2396.72,4347.71,1531.2,22315,11372.9004,5005.79,2060.74,66660.9608,E1,N,N
07/19/2020,19:00,17669,2419.4399,4147.23,1494.78,21845.1992,11192.2998,5035.2998,2147.22,65950.4687,E2,N,N
07/19/2020,19:00,17796.5996,2534.9299,4218.3501,1597.74,21993.9004,11489.5996,5094.2202,2170.6899,66896.0297,E3,N,N
07/19/2020,19:00,17634.6719,2479.668,4227.2173,1567.5452,22211.7715,11394.1113,5070.3569,2111.1646,66696.5067,M,Y,N
07/19/2020,20:00,16849.0352,2392.2268,4127.6079,1560.4824,22057.252,10985.5723,5014.9888,2041.6002,65028.7656,A3,N,N
07/19/2020,20:00,16479.6504,2371.8884,4093.5996,1559.8694,20912.3828,10950.1563,4901.7729,1967.6964,63237.0162,A6,N,N
07/19/2020,20:00,17331.8008,2519.72,4260.1299,1542.33,21884.9004,11417.5,4889.48,2121.1299,65966.991,E,N,N
07/19/2020,20:00,17033.4004,2317,4305.9902,1475.73,21322.0996,10996.2002,4817.1499,2078.1201,64345.6904,E1,N,N
07/19/2020,20:00,17029.1992,2309.04,4148.1299,1417.11,20948.5996,10830.4004,4837.4199,2033.75,63553.649,E2,N,N
07/19/2020,20:00,17170.0996,2401.99,4310.5,1487.04,21150.3008,11242.4004,4934.8701,2172.7,64869.9009,E3,N,N
07/19/2020,20:00,17058.2598,2381.3992,4237.0571,1482.8215,21348.0195,11067.6348,4907.6147,2091.4839,64574.2905,M,Y,N
07/19/2020,21:00,16441.6523,2349.0964,4072.0271,1443.5959,20982.3184,10587.5068,4809.2515,1962.8202,62648.2686,A3,N,N
07/19/2020,21:00,16062.1553,2267.7969,4041.0481,1451.5811,20053.7793,10663.0869,4697.2998,1895.1328,61131.8802,A6,N,N
07/19/2020,21:00,16880.9004,2419.0901,4180.4502,1440.08,20933.5996,10943,4722.8398,2069.5601,63589.5202,E,N,N
07/19/2020,21:00,16561.3008,2242.29,4265.0801,1391.72,20645.5996,10578.7998,4645.23,2019.92,62349.9403,E1,N,N
07/19/2020,21:00,16626.3008,2232.72,4094.6699,1343.05,20109.6992,10409.7998,4646.1602,1919.2,61381.5999,E2,N,N
07/19/2020,21:00,16697.0996,2297.4099,4159.3301,1380.99,20195,10730.9004,4715.21,2150.73,62326.67,E3,N,N
07/19/2020,21:00,16613.4141,2303.6753,4158.499,1389.3994,20477.0645,10621.1895,4713.5479,2026.5101,62303.2998,M,Y,N
07/19/2020,22:00,15973.8965,2267.2502,4011.2996,1401.1036,20282.5957,10371.166,4736.2427,1941.8472,60985.4015,A3,N,N
07/19/2020,22:00,15672.6582,2184.5906,3952.6716,1410.1281,19452.0117,10553.6064,4588.707,1903.9165,59718.2901,A6,N,N
07/19/2020,22:00,16376.0996,2311.25,4069.1399,1365.3199,20105,10527.4004,4622.71,2060.8899,61437.8097,E,N,N
07/19/2020,22:00,16128.5,2199.55,4205.4702,1363.9301,19981.9004,10231.4004,4557.29,1988.72,60656.7611,E1,N,N
07/19/2020,22:00,16198.0996,2166.4299,3985.8101,1318.98,19551,10094.5,4562.8701,1908.55,59786.2397,E2,N,N
07/19/2020,22:00,16203.4004,2214.73,4144.6499,1317.26,19341.6992,10360.0996,4632.1802,2124.53,60338.5493,E3,N,N
07/19/2020,22:00,16148.2246,2230.0925,4097.2236,1345.8455,19767.0977,10283.8203,4629.6255,2005.7922,60507.7219,M,Y,N
07/19/2020,23:00,15103.0576,2149.5742,3932.3384,1309.3445,18977.5469,9814.8984,4526.8403,1872.6162,57686.2165,A3,N,N
07/19/2020,23:00,14843.7354,2062.8198,3869.1309,1312.082,18154.1836,9829.3887,4325.4438,1849.536,56246.3202,A6,N,N
07/19/2020,23:00,15503.7002,2175.77,3917.79,1258.09,18742.9004,9777.3096,4382.8501,1927.38,57685.7903,E,N,N
07/19/2020,23:00,15449.7998,2074.71,4143.75,1275.65,18575.5996,9634.9697,4317.5801,1945.28,57417.3392,E1,N,N
07/19/2020,23:00,15486.2002,2058.28,4011.3701,1252.58,18248.5,9491.3398,4322.8701,1846.42,56717.5602,E2,N,N
07/19/2020,23:00,15338.9004,2089.24,3940.8701,1235.42,18113.1992,9559.7803,4375.71,2016.14,56669.26,E3,N,N
07/19/2020,23:00,15346.6777,2107.6372,3995.3845,1261.8418,18449.3789,9620.5488,4393.248,1926.9596,57101.6765,M,Y,N
07/19/2020,24:00,14143.4541,1961.7264,3810.9487,1198.9171,17349.7813,8935.1953,4238.9956,1736.662,53375.6805,A3,N,N
07/19/2020,24:00,13869.7148,1850.63,3765.8274,1185.1953,16686.9961,8867.2041,4023.208,1714.7338,51963.5095,A6,N,N
07/19/2020,24:00,14455.7002,1971.28,3783.26,1141.71,17216.0996,8962.7402,4072.48,1818.28,53421.55,E,N,N
07/19/2020,24:00,14402.2002,1940.8199,4020.21,1183.4301,17144.5,8883.5,4044.5601,1817.79,53437.0103,E1,N,N
07/19/2020,24:00,14611.5996,1909.95,3954.3999,1148.3101,16960.5996,8771.1504,4056.8401,1791.3,53204.1497,E2,N,N
07/19/2020,24:00,14336.5,1888.54,3746.4199,1106.73,16659.0996,8699.7197,4066.46,1909.35,52412.8192,E3,N,N
07/19/2020,24:00,14353.9512,1932.9254,3861.6023,1152.1959,17011.7852,8825.835,4103.6689,1823.9778,53065.9417,M,Y,N
