DeliveryDate,HourEnding,Coast,East,FarWest,North,NorthCentral,SouthCentral,Southern,West,SystemTotal,Model,InUseFlag,DSTFlag
12/10/2022,1:00,10355.8066,1333.2854,5243.1074,1072.1295,9700.7373,6305.709,3259.4226,1024.4758,38294.6736,A3,N,N
12/10/2022,1:00,10507.2236,1375.2749,5369.4507,1236.5752,9675.207,6244.7041,3257.094,936.2348,38601.7643,A6,N,N
12/10/2022,1:00,10359,1319.17,4994.1899,921.506,9794.4805,6344.8999,3111.1399,1003.12,37847.5062,E,N,N
12/10/2022,1:00,10345.4004,1337,4993.8999,935.205,9929.4902,6430.1602,3111.1399,1000.84,38083.1356,E1,Y,N
12/10/2022,1:00,10394.2998,1327.85,4993.48,921.158,9813.5098,6374.1201,3118.02,1003.95,37946.3877,E2,N,N
12/10/2022,1:00,10348.7998,1316.0601,4993.48,921.158,9758.1699,6330.1899,3117.73,999.403,37784.9907,E3,N,N
12/10/2022,1:00,10360.8555,1324.709,4993.6914,924.7219,9820.2813,6368.3716,3115.1665,1001.4565,37909.2537,M,N,N
12/10/2022,2:00,9914.126,1284.4041,4824.1094,898.1118,9484.0771,6047.0317,2998.9028,1019.2969,36470.0598,A3,N,N
12/10/2022,2:00,10006.46,1298.4387,4902.1182,936.8165,9456.6162,6049.1904,2991.8206,1000.7125,36642.1731,A6,N,N
12/10/2022,2:00,9994.2695,1305.96,4889.25,984.38,9450.9902,6005.1401,3004.1799,1013.14,36647.3097,E,N,N
12/10/2022,2:00,9987.6201,1324.15,4888.04,999.052,9580.7998,6084.9902,3004.1799,1015.74,36884.572,E1,Y,N
12/10/2022,2:00,10023.9004,1311.24,4884.8701,984.118,9496.6797,6010.6201,3011.8799,1012.21,36735.5182,E2,N,N
12/10/2022,2:00,9994.9697,1302.77,4884.5801,984.118,9415.9697,5995.23,3009.05,1017.36,36604.0475,E3,N,N
12/10/2022,2:00,10000.2598,1310.7111,4886.2178,987.8908,9482.6074,6023.0039,3007.8096,1015.0345,36713.5349,M,N,N
12/10/2022,3:00,9601.0264,1266.3694,5004.0449,901.6855,9144.1943,5865.5347,2930.0554,1001.8698,35714.7804,A3,N,N
12/10/2022,3:00,9607.6475,1263.0751,4953.9795,933.8361,9111.7813,5816.4927,2914.5911,1006.7239,35608.1272,A6,N,N
12/10/2022,3:00,9695.4404,1311.9399,5110.8301,960.199,9183.5,5860.9902,2949.48,961.407,36033.7866,E,N,N
12/10/2022,3:00,9688.6299,1330.6,5110.5601,974.401,9311.4199,5942.3999,2949.48,961.544,36269.0348,E1,Y,N
12/10/2022,3:00,9704.4297,1326.9301,5192.5698,943.321,9217.9404,5903.4199,2967.1299,944.121,36199.8618,E2,N,N
12/10/2022,3:00,9688.8701,1311.55,5109.77,959.632,9151.0898,5875.46,2953.25,961.797,36011.4189,E3,N,N
12/10/2022,3:00,9693.6855,1320.2159,5130.8262,959.3315,9212.7461,5897.0146,2955.2119,957.2562,36126.2879,M,N,N
12/10/2022,4:00,9512.0645,1249.3176,5150.2422,935.6243,9123.8779,5784.127,2879.2288,964.5037,35598.986,A3,N,N
12/10/2022,4:00,9504.041,1247.0815,5087.542,946.0255,9079.3701,5782.9839,2860.355,966.3223,35473.7213,A6,N,N
12/10/2022,4:00,9455.4697,1259.02,5235.7798,1049.6,9077,5791.0298,2904.1101,952.412,35724.4214,E,N,N
12/10/2022,4:00,9456.0498,1277.25,5236.4902,1065.27,9209.5195,5876.8599,2904.1101,951.065,35976.6145,E1,Y,N
12/10/2022,4:00,9429.8301,1236.27,5266.5698,1085.89,9110.7305,5826.1499,2908.4199,959.171,35823.0312,E2,N,N
12/10/2022,4:00,9457.2998,1259.08,5238.5098,1049.38,9048.8096,5810.8101,2908.8899,949.561,35722.3402,E3,N,N
12/10/2022,4:00,9449.8457,1257.911,5244.6104,1062.5129,9108.6953,5828.1904,2906.8604,952.7671,35811.3932,M,N,N
12/10/2022,5:00,9301.0566,1210.6656,5005.2466,959.1965,9010.9795,5736.2339,2830.4536,972.0047,35025.837,A3,N,N
12/10/2022,5:00,9283.3984,1210.5081,5101.8779,990.6186,8992.2314,5721.978,2813.2212,962.8652,35076.6988,A6,N,N
12/10/2022,5:00,9334.7598,1190.36,5034.5898,1001.17,8963.6504,5704.8301,2855.27,980.048,35064.6781,E,N,N
12/10/2022,5:00,9336.3301,1208.8,5032.8901,1016,9095.6699,5788.7002,2855.27,979.959,35313.6193,E1,Y,N
12/10/2022,5:00,9351.1201,1157.87,4879.8999,955.253,8992.5195,5659.0698,2834.28,1011.13,34841.1423,E2,N,N
12/10/2022,5:00,9338.7998,1191.95,5031.4702,1000.64,8999.54,5722.52,2858.1299,976.992,35120.0419,E3,N,N
12/10/2022,5:00,9340.6563,1187.4041,4994.4004,993.2128,9016.4336,5720.5488,2851.0234,986.7266,35090.406,M,N,N
12/10/2022,6:00,9453.7129,1194.8855,5148.187,1008.843,9119.3125,5795.354,2831.7341,1032.8783,35584.9073,A3,N,N
12/10/2022,6:00,9497.959,1204.3665,5087.7197,989.9895,9104.7305,5779.5195,2852.6355,1026.2026,35543.1228,A6,N,N
12/10/2022,6:00,9421.6797,1182.17,5008.73,1061.1899,9018.5498,5738.7202,2846.96,1019.81,35297.8096,E,N,N
12/10/2022,6:00,9418.1699,1198.88,5008.6201,1073.9399,9145.5,5828.0601,2846.96,1019.72,35539.85,E1,Y,N
12/10/2022,6:00,9485.96,1199.5601,5055.3198,1057.25,9056.8799,5756.8301,2842.4199,1033.0601,35487.2799,E2,N,N
12/10/2022,6:00,9429.5498,1180.09,5005.2598,1058.27,9053.8203,5740.7002,2851.5601,1016.69,35335.9402,E3,N,N
12/10/2022,6:00,9439.627,1189.967,5019.1353,1062.3705,9072.2148,5766.2754,2847.4351,1022.008,35419.0331,M,N,N
12/10/2022,7:00,9685.0381,1246.4628,5048.1621,1154.9071,9593.9521,6025.145,2920.1519,1063.9825,36737.8016,A3,N,N
12/10/2022,7:00,9664.29,1226.0636,5122.7969,1176.8536,9567.6895,6025.6035,2934.583,1063.3168,36781.1969,A6,N,N
12/10/2022,7:00,9635.7002,1220.9399,4960.48,1111.9301,9580.9102,5851.5098,2917.1699,1040.51,36319.1501,E,N,N
12/10/2022,7:00,9643.1504,1238.74,4962.3198,1125.29,9707.6504,5939.5898,2917.1699,1042.2,36576.1103,E1,Y,N
12/10/2022,7:00,9692.5303,1243.71,4974.3198,1128.11,9635.5801,5851.2998,2945.9399,1041.87,36513.3599,E2,N,N
12/10/2022,7:00,9670.1104,1218.17,4958.1499,1107.1,9459.2695,5840.1401,2926.23,1037.7,36216.8699,E3,N,N
12/10/2022,7:00,9663.8145,1230.113,4963.5845,1117.6245,9583.6885,5869.498,2927.5332,1040.2889,36396.1451,M,N,N
12/10/2022,8:00,9910.8516,1304.376,5121.189,1111.8059,9988.9561,6223.8101,2998.9995,1123.7495,37783.7377,A3,N,N
12/10/2022,8:00,9797.6416,1296.3511,5100.6841,1195.7437,9961.0586,6198.1992,2977.4138,1114.2499,37641.342,A6,N,N
12/10/2022,8:00,9812.3496,1279.08,5107.8398,1239.37,9991.0098,6230.0898,2991.0701,1099.6801,37750.4892,E,N,N
12/10/2022,8:00,9802.8604,1298.26,5110.1201,1255.53,10149.2998,6323.21,2991.0701,1100.08,38030.4304,E1,Y,N
12/10/2022,8:00,9755.6201,1268.17,5146.4702,1252.62,9983.3701,6295.8101,3007.96,1100.99,37811.0105,E2,N,N
12/10/2022,8:00,9767.5801,1281.38,5107.4102,1238.6899,10031.7002,6235.46,2987.1799,1100.89,37750.2903,E3,N,N
12/10/2022,8:00,9780.126,1281.9525,5117.917,1246.4845,10042.9141,6271.6797,2993.9309,1100.531,37835.5357,M,N,N
12/10/2022,9:00,10284.1963,1363.7567,5374.2598,1223.3228,10504.25,6493.2095,3109.1101,1096.7728,39448.878,A3,N,N
12/10/2022,9:00,10161.7744,1357.5353,5374.5771,1248.3848,10534.2236,6468.2554,3091.3738,1043.0955,39279.2199,A6,N,N
12/10/2022,9:00,10174.7002,1362.3199,5374.54,1371.3101,10666.9004,6547,3109.1599,1149.99,39755.9205,E,N,N
12/10/2022,9:00,10129.2002,1379.6899,5376.46,1391.9399,10846.2998,6661.0898,3109.1599,1151.37,40045.2095,E1,Y,N
12/10/2022,9:00,10038.2998,1320.34,5504.1201,1396.21,10615.7998,6558.6299,3085.3899,1116.25,39635.0395,E2,N,N
12/10/2022,9:00,10083.0996,1372.87,5378.6602,1375.38,10861.2002,6588.3501,3084.6899,1156.36,39900.61,E3,N,N
12/10/2022,9:00,10097.165,1359.86,5408.8569,1384.1169,10766.9805,6592.9023,3094.6528,1144.1295,39848.6639,M,N,N
12/10/2022,10:00,10907.6533,1441.4561,5307.9971,1210.8909,11011.834,6711.1167,3334.8323,1102.7754,41028.5558,A3,N,N
12/10/2022,10:00,10658.291,1445.4705,5293.541,1231.8744,11108.4775,6690.7007,3296.2747,1094.2047,40818.8345,A6,N,N
12/10/2022,10:00,10756.0996,1415.0699,5426.6099,1341.09,10938.5996,6755.48,3294.74,1129.3199,41057.0089,E,N,N
12/10/2022,10:00,10674.5996,1445.59,5429.3799,1362.77,11102.7002,6905.4302,3294.74,1131.11,41346.3199,E1,Y,N
12/10/2022,10:00,10692.2998,1370.49,5345.8301,1274.8,10747.2002,6694.1602,3307.21,1069.62,40501.6103,E2,N,N
12/10/2022,10:00,10648.7002,1429.67,5439.0498,1346.83,11262.7998,6817.7798,3265.2,1136.22,41346.2496,E3,N,N
12/10/2022,10:00,10682.1846,1416.665,5411.4614,1331.9465,11045.2441,6799.4424,3287.5186,1117.2574,41091.72,M,N,N
12/10/2022,11:00,11528.0508,1489.3074,5427.5645,1273.2874,11422.5586,6982.1846,3590.9358,1096.2119,42810.101,A3,N,N
12/10/2022,11:00,11489.2549,1482.9781,5414.0083,1283.5244,11480.3818,7062.0313,3556.2703,1083.6592,42852.1083,A6,N,N
12/10/2022,11:00,11380.5996,1445.42,5370.2202,1364.48,11640.9004,6850.3901,3495.3899,1122.49,42669.8902,E,N,N
12/10/2022,11:00,11342,1465.3,5369.9502,1387.03,11828.2998,6961.73,3495.3899,1124.3199,42974.0198,E1,Y,N
12/10/2022,11:00,11413.7002,1412.99,5258.4702,1362.96,11464.4004,6896.8901,3518.3999,1116.38,42444.1908,E2,N,N
12/10/2022,11:00,11344.4004,1462.76,5379.6899,1371.75,11655.5996,6886.8301,3468.72,1120.5699,42690.3199,E3,N,N
12/10/2022,11:00,11366.5547,1448.3516,5345.5298,1372.282,11648.7695,6902.6045,3491.8079,1120.7479,42696.6479,M,N,N
12/10/2022,12:00,12365.5527,1518.4744,5345.6616,1291.5018,11668.707,7119.3662,3756.1436,1110.2911,44175.6984,A3,N,N
12/10/2022,12:00,12199.1348,1511.5902,5343.312,1297.1671,11729.2832,7161.7295,3773.4241,1112.3262,44127.9671,A6,N,N
12/10/2022,12:00,12221.5,1517.26,5433.48,1315.03,11578.7998,7023.0801,3783.3101,1139.3101,44011.7701,E,N,N
12/10/2022,12:00,12211.2002,1540.62,5434.04,1334.75,11770,7179.6201,3783.3101,1138.8,44392.3404,E1,Y,N
12/10/2022,12:00,12267.0996,1515.28,5504.3198,1306.8199,11460.7998,7154.46,3805.4199,1157.29,44171.489,E2,N,N
12/10/2022,12:00,12262.2002,1526.37,5442.2998,1318.28,11651.4004,7083.1299,3777.76,1131.3101,44192.7504,E3,N,N
12/10/2022,12:00,12244.5703,1525.7935,5454.417,1319.0449,11622.5107,7116.0781,3786.895,1140.8776,44210.1871,M,N,N
12/10/2022,13:00,12397.9941,1572.7393,5341.9512,1249.1178,11808.3838,7331.9697,3916.8533,1146.1119,44765.1211,A3,N,N
12/10/2022,13:00,12513.459,1600.7114,5342.3218,1248.1044,11968.3066,7385.7344,3889.2878,1105.2004,45053.1258,A6,N,N
12/10/2022,13:00,12719.2998,1550.73,5406.25,1226.0601,11793.4004,7341.8701,3944.99,1152.66,45135.2604,E,N,N
12/10/2022,13:00,12728.7998,1575.65,5406,1244.8101,11981.5,7514.9702,3944.99,1152.05,45548.7701,E1,Y,N
12/10/2022,13:00,12497.7002,1530.78,5389.0698,1181.85,11688.9004,7447.23,3899.76,1146.29,44781.5804,E2,N,N
12/10/2022,13:00,12750.7998,1567.87,5408.1299,1230.0699,11783.4004,7422.73,3945.98,1144.4301,45253.4101,E3,N,N
12/10/2022,13:00,12677.2988,1557.9716,5402.5508,1221.0984,11810.8008,7439.7861,3934.0291,1148.0345,45191.5701,M,N,N
12/10/2022,14:00,12879.5498,1580.7344,5319.1401,1197.0688,11610.8564,7387.1606,4019.3289,1111.8199,45105.6589,A3,N,N
12/10/2022,14:00,13073.1367,1597.724,5327.3955,1186.5238,11555.2461,7497.0635,4048.6265,1123.0188,45408.7349,A6,N,N
12/10/2022,14:00,12921.2002,1603.89,5383.9199,1167.23,11908.5,7476.21,4100.46,1127.65,45689.0601,E,N,N
12/10/2022,14:00,12928.2002,1629.76,5387.5601,1187.4399,12091.7998,7623.6899,4100.46,1128.35,46077.2599,E1,Y,N
12/10/2022,14:00,12707.4004,1586.9399,5335.7202,1172.54,11887.2002,7348.1001,4057.6299,1114.48,45210.0107,E2,N,N
12/10/2022,14:00,12929,1610.65,5385.3101,1169.7,11810.2998,7526.3901,4102.5098,1125.4,45659.2598,E3,N,N
12/10/2022,14:00,12872.2305,1608.4861,5373.2666,1174.4745,11914.6309,7498.6152,4090.47,1123.745,45655.9188,M,N,N
12/10/2022,15:00,12865.1885,1584.8002,5341.835,1167.9546,11607.8525,7394.897,4153.9731,1124.4067,45240.9076,A3,N,N
12/10/2022,15:00,13037.3682,1591.3462,5373.1631,1152.3223,11566.833,7372.5952,4170.4126,1124.8691,45388.9097,A6,N,N
12/10/2022,15:00,13009.7998,1603.9399,5462.0298,1081.52,11692,7465.2998,4143.9302,1119.64,45578.1595,E,N,N
12/10/2022,15:00,13002.0996,1628.92,5465.0098,1097.71,11871,7588.6401,4143.9302,1120.45,45917.7597,E1,Y,N
12/10/2022,15:00,12920.5996,1586.36,5529.7598,1078.97,11694.7002,7328.1699,4128.7402,1119.14,45386.4397,E2,N,N
12/10/2022,15:00,12946.5,1605.25,5464.6699,1082.91,11785.5996,7481.9702,4139.6299,1121.42,45627.9496,E3,N,N
12/10/2022,15:00,12963.4199,1606.2485,5480.6313,1085.4165,11770.1846,7467.687,4138.6274,1120.3406,45632.5558,M,N,N
12/10/2022,16:00,12659.4893,1577.7305,5307.9912,1173.8914,11488.0225,7491.6587,4114.6597,1148.2238,44961.6671,A3,N,N
12/10/2022,16:00,12796.6172,1589.4984,5304.5415,1150.3606,11373.1221,7491.1689,4138.3394,1152.3584,44996.0065,A6,N,N
12/10/2022,16:00,12936.5,1605.47,5421.98,1089.63,11677.4004,7471.8599,4138.8398,1163.61,45505.2901,E,N,N
12/10/2022,16:00,12916,1632.38,5424.3599,1107.11,11862.9004,7599.8701,4138.8398,1165.4399,45846.9001,E1,Y,N
12/10/2022,16:00,12818.7998,1580.95,5479.5601,1084.27,11690.4004,7302.8799,4136.5498,1162.1,45255.51,E2,N,N
12/10/2022,16:00,12804.7998,1608.26,5424.6499,1093.08,11795.4004,7465,4130.04,1168.75,45489.9801,E3,N,N
12/10/2022,16:00,12855.8545,1607.0441,5437.9043,1093.8674,11768.3252,7459.2168,4135.1875,1165.489,45522.8888,M,N,N
12/10/2022,17:00,12428.6611,1603.3469,5187.6968,1262.8933,11482.0029,7601.1421,4050.4678,1180.8145,44797.0254,A3,N,N
12/10/2022,17:00,12490.7266,1589.6487,5179.8452,1238.7467,11339.0967,7577.1006,4052.4714,1183.2966,44650.9325,A6,N,N
12/10/2022,17:00,12935.4004,1594.67,5394.79,1118.8101,11642.2998,7439.8901,4075.3799,1210.52,45411.7603,E,N,N
12/10/2022,17:00,12871.2998,1618.49,5391.4502,1139.83,11825.7002,7593.96,4075.3799,1203.1,45719.2101,E1,Y,N
12/10/2022,17:00,12714.2002,1563.2,5432.9702,1107.26,11664.7002,7243.79,4087.8401,1209.12,45023.0807,E2,N,N
12/10/2022,17:00,12619.2002,1578.7,5357.54,1121.1801,11757,7407.1699,4041.6299,1218.5699,45100.99,E3,N,N
12/10/2022,17:00,12753.4063,1587.168,5390.4629,1122.0071,11733.8945,7417.9307,4066.6826,1211.1324,45282.6845,M,N,N
12/10/2022,18:00,12528.0469,1630.1764,5125.729,1369.144,11925.9424,7722.3101,3955.698,1205.9751,45463.0219,A3,N,N
12/10/2022,18:00,12509.0576,1628.9957,5081.7095,1335.5618,11783.1709,7619.1655,3935.6248,1183.869,45077.1548,A6,N,N
12/10/2022,18:00,13217.0996,1636.13,5356.98,1184.99,11976.0996,7520.73,4013.1699,1245.08,46150.2791,E,N,N
12/10/2022,18:00,13137.4004,1658.97,5362.2202,1208.24,12167.5,7699.1499,4013.1699,1227.38,46474.0304,E1,Y,N
12/10/2022,18:00,12911.4004,1607.76,5443.4702,1165.05,11974.5,7314.8101,4025.23,1246.34,45688.5607,E2,N,N
12/10/2022,18:00,12781.5996,1609.15,5336.3101,1184.86,12066.0996,7456.4502,3964.96,1251.8101,45651.2396,E3,N,N
12/10/2022,18:00,12968.3252,1625.3046,5372.6782,1185.772,12055.0498,7491.3574,3999.3115,1243.3256,45941.1243,M,N,N
12/10/2022,19:00,12576.7539,1645.3418,5142.542,1358.1906,12047.2012,7848.9722,3962.1362,1236.9722,45818.1101,A3,N,N
12/10/2022,19:00,12510.832,1653.9595,5147.0151,1323.5842,11898.7773,7782.3696,3952.8577,1207.0179,45476.4133,A6,N,N
12/10/2022,19:00,13365.5,1621.59,5273.8599,1264.83,11959.0996,7532.73,4044.45,1249.01,46311.0695,E,N,N
12/10/2022,19:00,13250.4004,1636.11,5262.7402,1287.64,12135.9004,7710.8101,4044.45,1221.1899,46549.241,E1,Y,N
12/10/2022,19:00,13028.5,1603.98,5450.4399,1235.42,11932.0996,7313.4399,4060.26,1249.5699,45873.7093,E2,N,N
12/10/2022,19:00,12779.7002,1572.52,5380.5498,1261.87,11997,7416.8599,3978.4399,1252.3,45639.2398,E3,N,N
12/10/2022,19:00,13047.4453,1603.6431,5352.5664,1262.144,12009.8145,7481.873,4025.2988,1243.3466,46026.1317,M,N,N
12/10/2022,20:00,12203.1807,1617.2085,5236.6099,1380.7811,11899.8613,7714.7217,3848.2708,1227.0162,45127.6502,A3,N,N
12/10/2022,20:00,12040.1035,1617.3995,5198.145,1363.6405,11747.5391,7638.3169,3834.8682,1201.6041,44641.6168,A6,N,N
12/10/2022,20:00,13048.0996,1561.13,5255.6499,1300.92,11510.0996,7270.3501,3916.9399,1193.62,45056.8091,E,N,N
12/10/2022,20:00,12912.5996,1573.79,5254.5601,1322.65,11704.2002,7450.4199,3916.9399,1168.78,45303.9397,E1,Y,N
12/10/2022,20:00,12751.0996,1560.8101,5317.3501,1263.3199,11518.0996,7055.3701,3948.6201,1191.9,44606.5695,E2,N,N
12/10/2022,20:00,12403.4004,1504.0699,5317.8301,1295.91,11536.5996,7132.21,3845.48,1194.0601,44229.5601,E3,N,N
12/10/2022,20:00,12714.3301,1544.244,5292.5654,1295.199,11569.8994,7213.2734,3899.8491,1187.134,44716.4944,M,N,N
12/10/2022,21:00,11822.0986,1587.0679,5314.8491,1347.5409,11710.0771,7503.105,3709.8855,1203.5623,44198.1864,A3,N,N
12/10/2022,21:00,11664.0752,1585.6425,5269.0952,1348.0864,11577.8242,7466.3096,3713.3582,1178.7867,43803.178,A6,N,N
12/10/2022,21:00,12701.5996,1501.13,5325.9702,1292.99,11025,7030.1802,3764.3501,1173.61,43814.8301,E,N,N
12/10/2022,21:00,12562,1514.16,5336.5298,1315.04,11214.4004,7217.73,3764.3501,1151.3199,44075.5302,E1,Y,N
12/10/2022,21:00,12448.2998,1501.04,5255.98,1251.9,11030.4004,6845.04,3815.4399,1174.42,43322.5201,E2,N,N
12/10/2022,21:00,12043.4004,1443.9399,5302.9199,1289.65,11053.2998,6877.48,3696.02,1173.7,42880.41,E3,N,N
12/10/2022,21:00,12373.0059,1484.3485,5303.0449,1287.061,11083.6055,6977.3379,3753.207,1168.2715,43429.8822,M,N,N
12/10/2022,22:00,11460.7041,1549.6895,5373.8311,1283.0797,11489.2051,7266.0762,3607.7002,1169.7104,43199.9963,A3,N,N
12/10/2022,22:00,11302.7666,1539.8149,5327.3462,1266.1102,11323.1641,7200.8594,3591.793,1152.835,42704.6894,A6,N,N
12/10/2022,22:00,12306.5996,1441.75,5390.4199,1255.96,10622.4004,6810.02,3625.97,1079.6801,42532.8,E,N,N
12/10/2022,22:00,12185.5,1456.85,5404.5898,1273.01,10807.7002,6980.8701,3625.97,1079.4301,42813.9202,E1,Y,N
12/10/2022,22:00,12128.4004,1445.74,5234.8901,1206.86,10622.5,6647.2202,3697.1899,1085.4399,42068.2405,E2,N,N
12/10/2022,22:00,11698.0996,1389.55,5306.77,1248.5,10652.5,6651.71,3573.3301,1086.75,41607.2097,E3,N,N
12/10/2022,22:00,12018.7998,1428.2524,5325.8027,1245.3364,10679.2852,6756.624,3625.3511,1083.532,42162.9836,M,N,N
12/10/2022,23:00,11088.8633,1461.3722,5354.354,1214.8575,11008.8389,6949.8765,3442.7988,1153.9448,41674.906,A3,N,N
12/10/2022,23:00,10936.874,1461.7244,5332.5088,1168,10895.6494,6930.1826,3425.5022,1127.9464,41278.3878,A6,N,N
12/10/2022,23:00,11768.4004,1358.28,5348.3501,1214.62,10159.7998,6481.7002,3434.73,1040.85,40806.7305,E,N,N
12/10/2022,23:00,11672.9004,1376.79,5353.7998,1231.65,10348.7002,6620.6499,3434.73,1050.04,41089.2603,E1,Y,N
12/10/2022,23:00,11643.9004,1368.84,5168.2598,1162.8101,10169.7998,6320.73,3511.96,1049.3199,40395.62,E2,N,N
12/10/2022,23:00,11245.9004,1316.55,5229.6699,1207.95,10224.5996,6308.3501,3393.8899,1047.74,39974.6499,E3,N,N
12/10/2022,23:00,11530.5254,1350.942,5263.1519,1203.5906,10232.2051,6415.5225,3439.7437,1047.6765,40483.3577,M,N,N
12/10/2022,24:00,10617.0684,1382.0341,5291.5723,1126.0579,10492.1221,6578.0186,3270.9072,1103.8429,39861.6235,A3,N,N
12/10/2022,24:00,10469.3281,1393.126,5197.4092,1074.0654,10406.4443,6529.6113,3259.7688,1085.0254,39414.7785,A6,N,N
12/10/2022,24:00,11160.2998,1292.1801,5249.8701,1165.96,9599.9404,6102.1201,3242.5701,992.743,38805.6836,E,N,N
12/10/2022,24:00,11088.4004,1313.12,5255.4199,1183.04,9785.7598,6219.96,3242.5701,1013.7,39101.9702,E1,Y,N
12/10/2022,24:00,11085.5,1301.46,5100.0498,1121.5,9631.6201,5956.27,3309.4099,1007.79,38513.5998,E2,N,N
12/10/2022,24:00,10719.5996,1265.11,5120.2002,1162.22,9703.9805,5939.7598,3205.05,1001.61,38117.5301,E3,N,N
12/10/2022,24:00,10969.3799,1290.2605,5168.418,1157.8059,9690.7285,6038.291,3246.1479,1004.8474,38565.8791,M,N,N
12/11/2022,1:00,10107.0732,1312.3427,5314.606,1085.8131,9906.0635,6153.8296,3136.0691,1064.152,38079.9492,A3,N,N
12/11/2022,1:00,10118.0078,1355.2477,5380.1045,1225.1555,9726.2793,6069.231,3152.5383,969.9886,37996.5527,A6,N,N
12/11/2022,1:00,10598.5,1243.15,4918.73,1134.92,9201.7998,5729.4399,3050.8101,991.223,36868.5728,E,N,N
12/11/2022,1:00,10548.2002,1264.11,4915.5498,1153.1,9404.2695,5819.6099,3050.8101,1016.78,37172.4295,E1,N,N
12/11/2022,1:00,10550.5,1249.51,5070.9702,1099.05,9217.75,5571.0801,3101.0901,1008,36867.9504,E2,Y,N
12/11/2022,1:00,10254.9004,1226.86,5050.1499,1136.2,9372.4502,5567.98,3019.8999,994.803,36623.2434,E3,N,N
12/11/2022,1:00,10453.665,1244.2786,5001.9922,1130.9456,9316.1328,5655.8813,3052.5615,1003.0595,36858.5165,M,N,N
12/11/2022,2:00,9722.8877,1262.8677,5249.3076,1053.0828,9563.0078,5880.604,2985.1125,1062.5585,36779.4286,A3,N,N
12/11/2022,2:00,9766.3545,1303.697,5355.3579,1201.4655,9374.2822,5760.6172,2989.0845,959.3842,36710.243,A6,N,N
12/11/2022,2:00,10166.7998,1193.1801,4710.4399,1103.47,8874.2197,5435.3398,2905.22,1015,35403.6693,E,N,N
12/11/2022,2:00,10123.7998,1211.7,4711.8198,1120.6801,9083.8496,5521.8501,2905.22,1039.76,35718.6794,E1,N,N
12/11/2022,2:00,10137.5,1191.1,5009.9702,1073.03,8804.79,5285.0698,2948.9199,1029.71,35480.0899,E2,Y,N
12/11/2022,2:00,9872.7998,1179.4399,4968.1499,1106.63,9061.0703,5279.8198,2880.6899,1015,35363.5996,E3,N,N
12/11/2022,2:00,10045.8242,1192.481,4875.8662,1101.2686,8974.668,5364.9683,2907.5596,1024.8674,35487.5033,M,N,N
12/11/2022,3:00,9436.6543,1219.3395,5186.0249,1062.7651,9311.1455,5683.7617,2845.804,1062.2854,35807.7804,A3,N,N
12/11/2022,3:00,9521.1074,1250.5354,5248.6563,1201.9575,9087.3418,5579.5498,2857.3508,971.2345,35717.7335,A6,N,N
12/11/2022,3:00,9851.46,1158.01,4656.3799,1086.1801,8671.2998,5235.6099,2791.3601,1007.47,34457.7698,E,N,N
12/11/2022,3:00,9816.3398,1177.24,4651.98,1103.49,8884.2402,5316.8501,2791.3601,1030.08,34771.5802,E1,N,N
12/11/2022,3:00,9841.04,1160.01,5028.6401,1060.63,8540.3799,5096.71,2808.5901,1018.11,34554.1101,E2,Y,N
12/11/2022,3:00,9598.6904,1149.62,4975.8198,1091.22,8875.5498,5095.6201,2768.3,1005.43,34560.2501,E3,N,N
12/11/2022,3:00,9751.6055,1160.3811,4860.1489,1085.884,8763.293,5172.1982,2787.5967,1015.0685,34596.1759,M,N,N
12/11/2022,4:00,9219.9053,1217.1954,5137.2183,1038.3585,9262.1816,5565.5015,2778.5193,1054.6543,35273.5342,A3,N,N
12/11/2022,4:00,9324.9404,1243.3864,5148.3105,1168.5208,9094.0664,5452.6748,2798.49,973.7748,35204.1641,A6,N,N
12/11/2022,4:00,9711.46,1127.63,4827.3101,1075.35,8637.2803,5143.6802,2736.3401,981.8,34240.8507,E,N,N
12/11/2022,4:00,9678.9102,1145.6,4822.8398,1091.4,8818.8398,5232.23,2736.3401,1004.39,34530.5499,E1,N,N
12/11/2022,4:00,9701.0195,1133.8101,5093.1699,1051.16,8453.4404,5038.25,2746.8201,990.059,34207.729,E2,Y,N
12/11/2022,4:00,9487,1117.9399,5062.77,1078.88,8807.6699,5028.9199,2714.3799,981.716,34279.2756,E3,N,N
12/11/2022,4:00,9622.1514,1130.276,4975.0684,1074.5505,8696.3467,5099.2939,2731.2739,989.4828,34318.4436,M,N,N
12/11/2022,5:00,9155.6191,1223.7726,4993.96,1039.047,9345.1572,5516.0371,2691.0251,1056.1432,35020.7613,A3,N,N
12/11/2022,5:00,9310.2188,1248.2274,5122.8584,1191.4155,9188.2227,5401.0161,2710.4932,965.7591,35138.2112,A6,N,N
12/11/2022,5:00,9617.8799,1133.62,4999.4502,1071.17,8686.5898,5128,2711.5701,970.96,34319.24,E,N,N
12/11/2022,5:00,9586.2598,1152.8199,4999.29,1088.62,8873.2998,5206.9199,2711.5701,992.669,34611.4485,E1,N,N
12/11/2022,5:00,9620.71,1146.4399,5063.9502,1051.2,8507.6104,5016.46,2737.9099,983.65,34127.9304,E2,Y,N
12/11/2022,5:00,9408.0195,1127.99,5027.3701,1076.34,8854.9199,5004.4399,2696.1499,973.021,34168.2503,E3,N,N
12/11/2022,5:00,9537.2314,1139.6544,5025.3071,1072.3495,8747.4375,5076.5986,2712.7578,980.2811,34291.6174,M,N,N
12/11/2022,6:00,9218.2529,1238.1923,4970.4233,1040.4485,9606.6602,5580.4844,2721.6387,1094.2124,35470.3127,A3,N,N
12/11/2022,6:00,9456.2695,1264.6573,5033.8472,1167.5284,9448.4072,5469.083,2743.9534,1000.0447,35583.7907,A6,N,N
12/11/2022,6:00,9610.2803,1154.46,5145.75,1095.45,8874.9297,5163.1001,2718.6001,983.638,34746.2082,E,N,N
12/11/2022,6:00,9582.46,1174.05,5143.3398,1111.98,9088.1797,5223.7402,2718.6001,1003.1,35045.4498,E1,N,N
12/11/2022,6:00,9646.9697,1176.66,4993.27,1076.05,8756.9102,5060.54,2756.2,995.961,34462.5609,E2,Y,N
12/11/2022,6:00,9405.3301,1148.76,4937.1401,1099.16,9044.3799,5022.0298,2698.9199,983.647,34339.3668,E3,N,N
12/11/2022,6:00,9540.7646,1162.9126,5034.0142,1096.031,8958.0449,5103.2456,2721.1118,991.5873,34607.712,M,N,N
12/11/2022,7:00,9434.0518,1281.8826,5041.7197,1123.2965,10063.8418,5781.0381,2801.6582,1153.0309,36680.5196,A3,N,N
12/11/2022,7:00,9688.2617,1296.2101,5170.7905,1282.9866,9938.8916,5684.3848,2826.4536,1064.6288,36952.6077,A6,N,N
12/11/2022,7:00,9668.9697,1210.1899,5140.9902,1125.16,9195.8896,5304.04,2763.6499,1005.23,35414.1193,E,N,N
12/11/2022,7:00,9646.04,1235.17,5138.27,1142.88,9433.0596,5353.29,2763.6499,1021.75,35734.1095,E1,N,N
12/11/2022,7:00,9760.9297,1241.13,5008.8599,1107.3199,9167.7598,5224.1299,2840.9099,1018.66,35369.6991,E2,Y,N
12/11/2022,7:00,9465.6299,1208.42,4958.3301,1128.41,9339.0498,5135.8398,2745.6499,993.331,34974.6605,E3,N,N
12/11/2022,7:00,9615.0586,1223.5505,5043.3467,1126.2675,9298.2559,5237.5049,2776.665,1008.5528,35329.2019,M,N,N
12/11/2022,8:00,9495.585,1314.7574,5029.7197,1115.9397,10444.2305,5949.5884,2864.3018,1197.1343,37411.2568,A3,N,N
12/11/2022,8:00,9672.2637,1333.3884,5138.2456,1282.8652,10377.8369,5916.7495,2865.9231,1140.781,37728.0534,A6,N,N
12/11/2022,8:00,9738.9902,1297.96,5238.2998,1158.64,9675.4199,5556.6299,2806.5701,1081.62,36554.1299,E,N,N
12/11/2022,8:00,9720.8496,1316.4301,5237.04,1177.58,9974.8604,5586.8599,2806.5701,1097.63,36917.8201,E1,N,N
12/11/2022,8:00,9814.7598,1313.53,5092.8999,1146.64,10157.2002,5423.1299,2885.8101,1080.3199,36914.2898,E2,Y,N
12/11/2022,8:00,9556.5996,1291.66,5059.6201,1165.7,9822.9697,5379.3901,2790.6499,1079.5699,36146.1593,E3,N,N
12/11/2022,8:00,9689.5605,1304.265,5139.0972,1162.8459,9922.3672,5468.7783,2820.8081,1084.58,36592.3022,M,N,N
12/11/2022,9:00,9828.0898,1368.3412,5133.8354,1134.319,10788.1992,6132.8623,2929.8638,1191.9325,38507.4432,A3,N,N
12/11/2022,9:00,10047.2744,1385.4706,5239.8833,1277.4944,10771.7129,6117.6445,2931.4177,1095.025,38865.9228,A6,N,N
12/11/2022,9:00,10125.7002,1393.9,5405.6401,1182.3,10305,5813.29,2916.6299,1179.49,38321.9502,E,N,N
12/11/2022,9:00,10109.5,1412.83,5420.1499,1202.11,10598.2998,5860.6899,2916.6299,1198.88,38719.0895,E1,N,N
12/11/2022,9:00,10180.9004,1411.52,5152.5098,1173.99,10633.2998,5676.6201,2983.8799,1173.15,38385.87,E2,Y,N
12/11/2022,9:00,9917.5,1387.35,5133.52,1190.6801,10450.5,5672.7402,2894.1399,1180.5,37826.9302,E3,N,N
12/11/2022,9:00,10062.5801,1400.745,5250.7432,1188.108,10511.3252,5741.7803,2925.5708,1183.106,38263.9586,M,N,N
12/11/2022,10:00,10332.3711,1397.6981,5208.9307,1079.2941,11140.291,6375.2515,3076.3384,1200.2224,39810.3973,A3,N,N
12/11/2022,10:00,10517.5752,1425.9227,5296.9429,1224.8268,11172.7471,6332.7861,3066.8386,1100.0145,40137.6539,A6,N,N
12/11/2022,10:00,10614.2002,1452.6,5443.1602,1197.47,10802.9004,6065.3501,3085.52,1234.26,39895.4609,E,N,N
12/11/2022,10:00,10607.7998,1477.84,5468.6099,1218.97,11079.2002,6112.8198,3085.52,1257.39,40308.1497,E1,N,N
12/11/2022,10:00,10645.5,1474.76,5214.4502,1191.84,10907.2998,5919.79,3164.6599,1225.76,39744.0599,E2,Y,N
12/11/2022,10:00,10357.7002,1454.17,5203.5698,1205.9301,10959.7998,5932,3058.8101,1232.88,39404.86,E3,N,N
12/11/2022,10:00,10530.6504,1464.9995,5308.4883,1204.3984,10952.9902,5994.1553,3095.9565,1237.4346,39789.0732,M,N,N
12/11/2022,11:00,10732.5527,1430.8916,5246.27,1052.8269,11348.5254,6553.4937,3192.8987,1184.1893,40741.6483,A3,N,N
12/11/2022,11:00,11018.8105,1455.1632,5329.4453,1182.7181,11248.0811,6513.8301,3191.7734,1091.1001,41030.9218,A6,N,N
12/11/2022,11:00,10992.7002,1451.55,5575.4502,1203.38,11029.2002,6193.02,3198.54,1245.55,40889.3906,E,N,N
12/11/2022,11:00,10995.7998,1474.72,5594.8901,1225.52,11307.5,6243.1699,3198.54,1271.84,41311.9798,E1,N,N
12/11/2022,11:00,10997.7002,1468.16,5229.8701,1199.11,10957.2002,6038.9399,3308.99,1241.38,40441.3504,E2,Y,N
12/11/2022,11:00,10676.7998,1452.91,5226.23,1210.42,11203.7998,6058.7002,3179.1101,1238.23,40246.1999,E3,N,N
12/11/2022,11:00,10884.1602,1461.9709,5371.688,1210.3115,11141.8848,6120.0254,3219.3521,1248.5181,40657.911,M,N,N
12/11/2022,12:00,11069.709,1434.5914,5153.1187,1033.8889,11411.7773,6621.7236,3306.1702,1160.6924,41191.6715,A3,N,N
12/11/2022,12:00,11366.9707,1445.0277,5213.8081,1143.3475,11324.0078,6593.8765,3318.1243,1086.1807,41491.3433,A6,N,N
12/11/2022,12:00,11263.7998,1431.5,5483.9399,1211.3,11036.0996,6242.46,3295.95,1232.8101,41197.8594,E,N,N
12/11/2022,12:00,11280.4004,1447.91,5502.5801,1233.6899,11318.5,6294.3799,3295.95,1259.8199,41633.2302,E1,N,N
12/11/2022,12:00,11258.5,1438.29,5240.0298,1207.1,10866.7998,6083.6201,3445.99,1232.3101,40772.6398,E2,Y,N
12/11/2022,12:00,10889.4004,1428.5699,5229.77,1215.62,11220.0996,6124.6699,3296.72,1222.49,40627.3398,E3,N,N
12/11/2022,12:00,11135.585,1436.2745,5338.6631,1217.3594,11128.7754,6174.5034,3333.7295,1235.8254,41000.7157,M,N,N
12/11/2022,13:00,11242.6514,1478.0411,5164.6196,1025.0626,11461.8164,6684.6226,3438.8215,1153.2618,41648.897,A3,N,N
12/11/2022,13:00,11622.9854,1484.064,5187.1289,1129.5774,11395.0625,6653.4951,3471.7058,1076.0244,42020.0435,A6,N,N
12/11/2022,13:00,11416.0996,1434.25,5398.02,1217.4301,10987.2998,6247.6602,3395.74,1239.6801,41336.1798,E,N,N
12/11/2022,13:00,11438.9004,1444.1899,5415.0801,1238.28,11240.4004,6300.04,3395.74,1263.0699,41735.7007,E1,N,N
12/11/2022,13:00,11409.7002,1432.25,5163,1215.8,10714.5996,6079.8501,3598,1240.4,40853.5999,E2,Y,N
12/11/2022,13:00,10981,1424.63,5138.75,1221.51,11149.2998,6166.8501,3431.04,1227.74,40740.8199,E3,N,N
12/11/2022,13:00,11267.915,1432.8679,5252.7856,1223.6631,11039.0996,6190.519,3458.6599,1241.5284,41107.0385,M,N,N
12/11/2022,14:00,11529.2998,1496.4808,5207.7705,1030.4601,11303.1143,6753.8511,3594.2471,1126.6604,42041.8841,A3,N,N
12/11/2022,14:00,11916.8223,1521.9413,5195.0786,1129.4838,11212.1982,6791.5884,3656.1951,1068.468,42491.7757,A6,N,N
12/11/2022,14:00,11508.2002,1423.49,5446.1299,1227.49,10903.0996,6205.8301,3498.74,1215.97,41428.9498,E,N,N
12/11/2022,14:00,11546.7998,1430.29,5460.3398,1248.15,11116,6272.21,3498.74,1241.16,41813.6896,E1,N,N
12/11/2022,14:00,11540.0996,1423.46,5179.5498,1224.25,10600.2002,6054.4102,3769.4099,1225.48,41016.8597,E2,Y,N
12/11/2022,14:00,11014.5996,1409.89,5145.5698,1227.12,10942.7998,6161.8101,3544.76,1211.65,40658.1993,E3,N,N
12/11/2022,14:00,11353.0645,1420.4225,5277.8413,1231.7156,10894.4941,6169.1631,3582.5146,1223.1331,41152.3488,M,N,N
12/11/2022,15:00,11670.3877,1503.1824,5261.915,1072.1636,11281.2188,6752.0352,3738.5801,1112.7631,42392.2459,A3,N,N
12/11/2022,15:00,12137.8086,1532.0084,5271.6738,1149.5935,11168.832,6742.7129,3806.4958,1057.0679,42866.1929,A6,N,N
12/11/2022,15:00,11559.5,1393.25,5410.8398,1223.91,10828.5,6246.3599,3568.1799,1227.17,41457.7096,E,N,N
12/11/2022,15:00,11605.4004,1395.92,5424.1001,1243.8,10951,6290.8501,3568.1799,1252.46,41731.7105,E1,N,N
12/11/2022,15:00,11614.0996,1389.61,5197.8901,1218.99,10460.7998,6087.0898,3898.5901,1239.66,41106.7294,E2,Y,N
12/11/2022,15:00,11032.5996,1371.59,5104.8599,1218.99,10706.5996,6215.7598,3623.5,1234.64,40508.5389,E3,N,N
12/11/2022,15:00,11400.21,1385.4265,5253.8242,1225.9305,10724.5342,6206.9551,3670.1445,1239.2295,41106.2545,M,N,N
12/11/2022,16:00,11541.9111,1479.6753,5236.2622,1112.2748,11239.7588,6771.6807,3783.2549,1128.3508,42293.1686,A3,N,N
12/11/2022,16:00,11969.1943,1500.5371,5261.3604,1167.2504,11064.9189,6771.0459,3809.166,1082.0087,42625.4817,A6,N,N
12/11/2022,16:00,11585.2998,1397.73,5355.1899,1230.4,10856.0996,6271.6802,3613.9399,1250.92,41561.2594,E,N,N
12/11/2022,16:00,11622.0996,1404.41,5369.9399,1249.74,10977.0996,6334.98,3613.9399,1273.15,41845.359,E1,N,N
12/11/2022,16:00,11662.9004,1401.6801,5224.75,1215.89,10454.5996,6134.5698,3970.9199,1265.95,41331.2598,E2,Y,N
12/11/2022,16:00,11050.5,1377.71,5053.7798,1215.89,10631,6263.1299,3666.51,1263.9,40522.4197,E3,N,N
12/11/2022,16:00,11426.7197,1393.3805,5220.7739,1226.5291,10707.1895,6250.2354,3721.5845,1264.7781,41211.1907,M,N,N
12/11/2022,17:00,11351.9668,1507.9827,5184.6875,1220.5248,11395.7705,6804.8564,3764.0188,1154.9209,42384.7284,A3,N,N
12/11/2022,17:00,11723.4238,1505.3907,5204.1665,1258.3989,11217.6201,6794.1045,3778.5396,1114.1121,42595.7562,A6,N,N
12/11/2022,17:00,11561.2998,1422.27,5324.48,1238.79,11022.7998,6374.2202,3622.45,1244.4399,41810.7497,E,N,N
12/11/2022,17:00,11607.0996,1434.8101,5326.6299,1254.37,11164.7998,6443.8501,3622.45,1267.99,42121.9995,E1,N,N
12/11/2022,17:00,11671.7998,1434.02,5202.9302,1226.36,10647.9004,6248.8101,3980.74,1265.22,41677.7805,E2,Y,N
12/11/2022,17:00,11058.2002,1406.8199,5040,1226.36,10858.9004,6355.3101,3669.3601,1229.63,40844.5807,E3,N,N
12/11/2022,17:00,11424.29,1422.9351,5195.062,1235.2269,10907.21,6353.6567,3728.4409,1250.339,41517.1606,M,N,N
12/11/2022,18:00,11447.6992,1567.1425,5092.3999,1332.1503,11980.1016,6990.3174,3721.7661,1193.0914,43324.6684,A3,N,N
12/11/2022,18:00,11768.3867,1553.3824,5082.2773,1347.4473,11816.1865,6901.6665,3718.6875,1135.2991,43323.3333,A6,N,N
12/11/2022,18:00,11854,1529.99,5321.7798,1285.41,11582.7002,6648.3501,3657.1201,1242.7,43122.0502,E,N,N
12/11/2022,18:00,11919.7998,1548.39,5339.8999,1302.73,11773.0996,6736.8198,3657.1201,1269.3199,43547.1791,E1,N,N
12/11/2022,18:00,11998.7002,1557,5298.2598,1275.55,11352.0996,6566.7998,3982.6899,1258.99,43290.0893,E2,Y,N
12/11/2022,18:00,11418.7998,1519.3101,5142.1001,1275.55,11578.0996,6627.4702,3691.29,1218.29,42470.9098,E3,N,N
12/11/2022,18:00,11754.3047,1537.6045,5257.542,1283.824,11571.04,6642.7715,3750.4722,1244.884,43042.4429,M,N,N
12/11/2022,19:00,11693.2793,1616.9667,5156.75,1323.7451,12318.5342,7288.9126,3789.509,1248.7014,44436.3983,A3,N,N
12/11/2022,19:00,11897.3447,1606.7305,5175.5659,1335.0258,12141.5293,7169.6338,3786.2939,1194.0856,44306.2095,A6,N,N
12/11/2022,19:00,12059,1563.03,5281.02,1324.46,11885.5996,6888.4199,3761.9199,1235.76,43999.2094,E,N,N
12/11/2022,19:00,12105.0996,1585.9399,5265.71,1350.53,12166.2998,6976.8301,3761.9199,1265.13,44477.4593,E1,N,N
12/11/2022,19:00,12211.4004,1593.4399,5338.3501,1327.11,11846.9004,6814.7798,4058.03,1238.09,44428.1006,E2,Y,N
12/11/2022,19:00,11650.7998,1548.9399,5309.5298,1327.11,11982.5996,6841.5298,3782.3501,1229.15,43672.009,E3,N,N
12/11/2022,19:00,11965.7549,1571.4285,5301.5034,1332.5675,11980.0498,6875.7012,3843.0981,1241.3716,44111.475,M,N,N
12/11/2022,20:00,11437.6367,1621.3351,5227.0518,1294.4808,12301.418,7324.4175,3745.9399,1239.5673,44191.8471,A3,N,N
12/11/2022,20:00,11612.7539,1586.0168,5219.1748,1348.1016,12131.7354,7189.0659,3713.2246,1194.4979,43994.5709,A6,N,N
12/11/2022,20:00,11899.5996,1535.13,5371.9702,1341.76,11757.5996,6823.1299,3705.54,1208.91,43643.6393,E,N,N
12/11/2022,20:00,11920.7002,1555.12,5381.0498,1365.13,12070.7998,6892.8999,3705.54,1235.03,44126.2697,E1,N,N
12/11/2022,20:00,12042.7998,1558.1,5235.96,1350.28,11846.4004,6733.6201,3970.02,1192.1801,43929.3604,E2,Y,N
12/11/2022,20:00,11510.2002,1509.58,5320.7402,1350.28,11831.0996,6722.5098,3713.1399,1237.87,43195.4197,E3,N,N
12/11/2022,20:00,11804.3857,1536.9275,5322.3071,1352.7145,11883.8242,6782.978,3774.3203,1221.3936,43678.8509,M,N,N
12/11/2022,21:00,11226.9463,1607.984,5259.2827,1235.4489,12237.248,7198.5308,3652.8162,1229.8369,43648.0938,A3,N,N
12/11/2022,21:00,11339.7139,1557.9343,5253.439,1312.3312,12079.2715,7159.9077,3619.916,1195.744,43518.2576,A6,N,N
12/11/2022,21:00,11690.5,1503.76,5418.0298,1319.26,11506.9004,6703.7002,3623.95,1208.6899,42974.7903,E,N,N
12/11/2022,21:00,11692.2002,1523.05,5432.25,1344.05,11828.2998,6762.96,3623.95,1233.9399,43440.6999,E1,N,N
12/11/2022,21:00,11822.7002,1521.99,5193.9702,1331.17,11638.5,6606.1899,3862.21,1191.87,43168.6003,E2,Y,N
12/11/2022,21:00,11324.2998,1478.15,5285.2798,1331.17,11554.0996,6573.3301,3618.8601,1241.53,42406.7194,E3,N,N
12/11/2022,21:00,11595.8047,1504.1765,5319.1074,1332.6035,11636.6699,6648.5078,3681.7336,1222.2915,42940.8949,M,N,N
12/11/2022,22:00,10946.4482,1553.2758,5277.5029,1137.3057,11989.5137,6988.6899,3563.9634,1196.9119,42653.6115,A3,N,N
12/11/2022,22:00,10997.4893,1499.3752,5268.5879,1209.4994,11819.1279,6948.1255,3534.3711,1178.8114,42455.3877,A6,N,N
12/11/2022,22:00,11411.7002,1439.71,5456.6299,1280.4399,11153.0996,6506.6899,3533.1599,1137.29,41918.7194,E,N,N
12/11/2022,22:00,11395.5,1455.84,5470.96,1303.72,11460.7998,6569.46,3533.1599,1162.8199,42352.2596,E1,N,N
12/11/2022,22:00,11530.5,1450.1,5160.6699,1294.35,11253,6405.6802,3751.76,1110.04,41956.1001,E2,Y,N
12/11/2022,22:00,11070.5996,1418.51,5233.5698,1294.35,11207,6378.1401,3515.3799,1199.02,41316.5694,E3,N,N
12/11/2022,22:00,11317.9648,1438.92,5308.1514,1294.606,11273.8652,6452.1377,3581.5869,1158.4655,41825.6975,M,N,N
12/11/2022,23:00,10529.1113,1463.9314,5276.644,1034.4012,11370.001,6606.9419,3397.0803,1160.0912,40838.2023,A3,N,N
12/11/2022,23:00,10606.0576,1410.6569,5280.9009,1077.7484,11233.5195,6610.8164,3358.9785,1138.9829,40717.6611,A6,N,N
12/11/2022,23:00,11011.7998,1331.67,5377.5098,1216.79,10603.0996,6168.3398,3350.6001,1090.6801,40150.4892,E,N,N
12/11/2022,23:00,10975.7998,1343.6899,5388.3101,1240.34,10871.2002,6238.27,3350.6001,1114.58,40522.7901,E1,N,N
12/11/2022,23:00,11124.5,1334.53,5075.1899,1229.22,10604,6090.0498,3545.1201,1077.4399,40080.0497,E2,Y,N
12/11/2022,23:00,10701,1316.28,5135.3198,1229.22,10660.5,6068.6499,3334.03,1145.52,39590.5197,E3,N,N
12/11/2022,23:00,10922.1943,1330.0034,5219.8633,1230.1355,10690.4404,6131.3584,3393.4307,1112.5391,40029.9651,M,N,N
12/11/2022,24:00,9956.5049,1362.7181,5246.3999,949.5384,10599.5693,6176.1616,3147.4939,1097.8783,38536.2644,A3,N,N
12/11/2022,24:00,10053.1602,1306.2736,5154.4814,978.7125,10475.8145,6218.7993,3134.2859,1083.9344,38405.4618,A6,N,N
12/11/2022,24:00,10487.2998,1232.45,5306.96,1160.4399,9966.0703,5780.1001,3136.5,1036.39,38106.2101,E,N,N
12/11/2022,24:00,10446.7998,1247.4,5281.3501,1184.29,10171.7998,5863.3999,3136.5,1060.08,38391.6196,E1,N,N
12/11/2022,24:00,10610.7998,1236.5699,4983.4399,1171.4,9790.7803,5738.6899,3299.3301,1035.22,37866.2299,E2,Y,N
12/11/2022,24:00,10230.9004,1219.0699,5024.2402,1171.4,9988.9697,5703.0098,3120.95,1089.54,37548.08,E3,N,N
12/11/2022,24:00,10418.3105,1232.5344,5120.7256,1172.9785,9981.6953,5763.5908,3171.7651,1060.6226,37922.2228,M,N,N
12/12/2022,1:00,9535.7607,1294.3889,5256.8335,943.1407,9897.4482,5741.9502,2988.8159,1075.0459,36733.384,A3,N,N
12/12/2022,1:00,9696.8955,1246.6108,5337.5649,1124.2566,9707.04,5769.2197,3007.636,997.8995,36887.123,A6,N,N
12/12/2022,1:00,10169.5,1180.28,4957.3901,1114.99,9490.6299,5484.5801,2952.6001,1010.57,36360.5402,E,N,N
12/12/2022,1:00,10117.5996,1201.12,4887.9199,1142.6801,9630.0898,5567.54,2952.6001,1032.63,36532.1795,E1,N,N
12/12/2022,1:00,10306,1194.53,4940.6001,1124.66,9157.8301,5489.23,3090.49,1029.04,36332.3802,E2,Y,N
12/12/2022,1:00,9939.21,1173.51,4986.7202,1124.66,9471.5898,5428.0698,2945.8999,1057.05,36126.7097,E3,N,N
12/12/2022,1:00,10110.0488,1186.683,4946.0908,1127.7145,9435.6309,5486.7041,2984.7275,1036.9706,36314.5702,M,N,N
12/12/2022,2:00,9178.2783,1245.9475,5176.0444,915.7512,9576.4639,5503.3691,2879.6587,1063.0985,35538.6116,A3,N,N
12/12/2022,2:00,9338.0977,1202.6331,5301.978,1106.1927,9362.1553,5520.6235,2875.7776,977.8986,35685.3565,A6,N,N
12/12/2022,2:00,9940.75,1147.74,4786.48,1077.34,9144.71,5272.6602,2815.8101,991.38,35176.8703,E,N,N
12/12/2022,2:00,9882.5703,1171.13,4686.0298,1106.61,9246.8301,5353.8198,2815.8101,1010.3,35273.1001,E1,N,N
12/12/2022,2:00,10062.7002,1164.4399,4899.3398,1084.83,8687.6104,5294.0498,2940.3201,1011.13,35144.4202,E2,Y,N
12/12/2022,2:00,9733.6602,1145.16,4935.04,1084.83,9066.1104,5239.8501,2817.8601,1028.8,35051.3108,E3,N,N
12/12/2022,2:00,9884.2109,1156.8595,4841.5786,1089.1514,9028.4551,5286.814,2847.655,1014.1445,35148.869,M,N,N
12/12/2022,3:00,8980.3223,1212.2504,5135.0488,920.2651,9343.4092,5396.1909,2803.1128,1065.874,34856.4735,A3,N,N
12/12/2022,3:00,9173.1611,1161.2666,5231.8618,1105.9979,9112.7588,5402.605,2785.2361,991.7361,34964.6234,A6,N,N
12/12/2022,3:00,9836.1201,1139.4,4747.8101,1060.25,8974.8701,5164.71,2726.79,965.646,34615.5963,E,N,N
12/12/2022,3:00,9780.7197,1165.13,4660.04,1091.12,9046.4004,5239.7798,2726.79,984.553,34694.5329,E1,N,N
12/12/2022,3:00,9960.5703,1162.1801,4957.9102,1065.63,8445.0303,5196.7402,2826.6001,999.18,34613.8412,E2,Y,N
12/12/2022,3:00,9635.6699,1142.98,5021.1899,1065.63,8860.5596,5144.02,2736.01,994.116,34600.1754,E3,N,N
12/12/2022,3:00,9783.2246,1152.7805,4874.0757,1071.1954,8820.2832,5184.2432,2754.9697,988.7208,34629.4931,M,N,N
12/12/2022,4:00,8977.1104,1212.0176,5053.4956,889.9641,9444.373,5366.2217,2769.8811,1052.2167,34765.2802,A3,N,N
12/12/2022,4:00,9181.0996,1167.5745,5104.7559,1067.9912,9184.625,5369.4072,2751.5308,983.9732,34810.9574,A6,N,N
12/12/2022,4:00,9851.2402,1135.96,4876.1602,1053.21,8996.04,5152.4702,2691.6201,947.557,34704.2577,E,N,N
12/12/2022,4:00,9800.4102,1158.6801,4817.0498,1083.02,9059.7402,5230.6001,2691.6201,966.82,34807.9405,E1,N,N
12/12/2022,4:00,9962.1396,1154.1801,5005.5601,1058.36,8448.1104,5172.7998,2791.8799,979.979,34573.0089,E2,Y,N
12/12/2022,4:00,9651.3896,1138.86,5085.77,1058.36,8869.8896,5142.6001,2699.5901,972.526,34618.9854,E3,N,N
12/12/2022,4:00,9796.3096,1147.21,4967.0962,1063.7526,8830.8301,5173.6304,2719.4746,969.2174,34667.5209,M,N,N
12/12/2022,5:00,9134.3535,1239.9624,4857.5244,918.5113,9681.4307,5489.7544,2756.0222,1039.4857,35117.0446,A3,N,N
12/12/2022,5:00,9358.9639,1205.2208,5104.6875,1114.4485,9457.9922,5492.8506,2731.2319,961.9962,35427.3916,A6,N,N
12/12/2022,5:00,10000.2998,1173.16,5085.71,1067.3199,9253.9199,5268.52,2708.53,971.719,35529.1786,E,N,N
12/12/2022,5:00,9953.1396,1203.47,5034.73,1095.65,9324.0703,5345.71,2708.53,989.567,35654.8669,E1,N,N
12/12/2022,5:00,10115.7002,1196.17,5024.3101,1071.36,8708.1904,5269.6401,2822.96,1001.4,35209.7308,E2,Y,N
12/12/2022,5:00,9797.9404,1180.33,5091.8999,1071.36,9136.5596,5270.6699,2714.3701,998.998,35262.1279,E3,N,N
12/12/2022,5:00,9946.5342,1188.9995,5059.7817,1076.8264,9093.9492,5288.8501,2739.1816,993.1489,35387.2716,M,N,N
12/12/2022,6:00,9610.6455,1310.6772,4918.4512,974.0457,10386.0049,5816.1406,2869.0132,1094.6061,36979.5844,A3,N,N
12/12/2022,6:00,9843.4063,1278.7584,5031.4536,1132.1606,10034.8809,5834.7358,2857.5955,1016.2866,37029.2777,A6,N,N
12/12/2022,6:00,10421.0996,1273.49,5299.7002,1122.8101,9906,5564.7402,2848.23,1023.8,37459.8701,E,N,N
12/12/2022,6:00,10384.7998,1311.54,5255.3501,1148.9,9999.3604,5642.3701,2848.23,1041.5699,37632.1203,E1,N,N
12/12/2022,6:00,10562.2002,1306.11,5026.6201,1126.0699,9402.6797,5530.6299,2979.1799,1047.6801,36981.1698,E2,Y,N
12/12/2022,6:00,10204,1283.9,5074.1201,1126.0699,9826.4199,5582.3799,2833.05,1061.4301,36991.3699,E3,N,N
12/12/2022,6:00,10371.3145,1294.801,5141.3896,1131.2885,9775.6572,5581.7939,2875.6543,1047.3831,37219.2821,M,N,N
12/12/2022,7:00,10185.7861,1443.0171,5048.4619,1113.1331,11487.0752,6389.0073,3093.0049,1179.8241,39939.3097,A3,N,N
12/12/2022,7:00,10412.3604,1396.5052,5229.2871,1331.5706,11065.0283,6344.5996,3060.1636,1106.6345,39946.1493,A6,N,N
12/12/2022,7:00,10999.2002,1436,5372.3501,1216.09,10952.5,6066.1899,3127.05,1100.45,40269.8302,E,N,N
12/12/2022,7:00,10973.2002,1486.22,5394.3198,1238.58,11072.2002,6140.6899,3127.05,1116.55,40548.8101,E1,N,N
12/12/2022,7:00,11175,1484.63,5141.25,1219.05,10535.9004,5983.9399,3289.45,1120.66,39949.8803,E2,Y,N
12/12/2022,7:00,10761.7002,1449.4,5229.6001,1219.05,10927.0996,6098.2002,3073.3,1147.45,39905.8001,E3,N,N
12/12/2022,7:00,10953.5254,1465.4026,5270.105,1223.4885,10869.3848,6075.4561,3148.8376,1125.9775,40132.1775,M,N,N
12/12/2022,8:00,10497.54,1493.1545,5054.9292,1151.6107,12075.3828,6704.5684,3207.3442,1224.6411,41409.1709,A3,N,N
12/12/2022,8:00,10667.8281,1449.7703,5217.0171,1383.7856,11668.4863,6673.2495,3139.1707,1180.8789,41380.1865,A6,N,N
12/12/2022,8:00,11253.5,1502.86,5407.3599,1254.8199,11561.9004,6379.6201,3248.9199,1162.09,41771.0702,E,N,N
12/12/2022,8:00,11228,1555.41,5472.1001,1277.3199,11691.5,6444.23,3248.9199,1180.3,42097.7799,E1,N,N
12/12/2022,8:00,11422.5,1558.48,5203.0698,1258.96,11210,6263.8999,3439.03,1180.4,41536.3397,E2,Y,N
12/12/2022,8:00,11017.0996,1515.6899,5303.0298,1258.96,11558.7998,6415.3799,3176.23,1220.83,41466.019,E3,N,N
12/12/2022,8:00,11206.6348,1534.3929,5335.957,1262.929,11505.2402,6379.3584,3271.0059,1191.7791,41687.2973,M,N,N
12/12/2022,9:00,10716.9258,1512.3761,5097.1138,1218.2744,12175.6895,6803.4272,3171.8271,1176.9761,41872.61,A3,N,N
12/12/2022,9:00,10892.1836,1458.1536,5306.4595,1363.5306,11823.9609,6768.5347,3140.9641,1138.7653,41892.5523,A6,N,N
12/12/2022,9:00,11409.4004,1515.24,5480.75,1245.4301,11661.7002,6453.8198,3247.8799,1195.1801,42209.4005,E,N,N
12/12/2022,9:00,11379.2002,1569.8,5542.0498,1270.29,11831.4004,6529.04,3247.8799,1213.63,42583.2903,E1,N,N
12/12/2022,9:00,11577.5996,1575.74,5193.1299,1250.97,11397.4004,6359.1802,3433.5601,1214.87,42002.4502,E2,Y,N
12/12/2022,9:00,11163.4004,1526.96,5260.6699,1250.97,11684.2998,6484.0098,3184.01,1261.3,41815.6199,E3,N,N
12/12/2022,9:00,11357.7998,1548.1069,5347.1421,1254.969,11645.9609,6459.5313,3271.9453,1227.8569,42113.3122,M,N,N
12/12/2022,10:00,11000.2891,1546.1348,5101.4414,1169.9746,12162.6279,6871.5635,3267.6694,1159.2616,42278.9623,A3,N,N
12/12/2022,10:00,11203.335,1490.1487,5150.7739,1311.5452,12056.9512,6845.4399,3211.1433,1116.8934,42386.2306,A6,N,N
12/12/2022,10:00,11640.2002,1526.08,5419.1899,1235.4,11761.4004,6494.0098,3339,1208.91,42624.1903,E,N,N
12/12/2022,10:00,11598.7998,1576.4301,5471.3901,1262.63,11995.0996,6582.73,3339,1227.72,43053.7996,E1,N,N
12/12/2022,10:00,11812.5,1583.45,5189.1899,1243.24,11616.2002,6434.54,3529.5601,1224.34,42633.0202,E2,Y,N
12/12/2022,10:00,11362.0996,1534,5216.0498,1243.24,11824.0996,6508.8198,3288.0901,1279.38,42255.7789,E3,N,N
12/12/2022,10:00,11575.5898,1555.782,5303.6406,1246.9115,11805.4697,6506.5059,3368.8215,1242.1345,42604.8555,M,N,N
12/12/2022,11:00,11290.1318,1573.1429,5192.7446,1150.0292,12219.8477,6948.7803,3376.3848,1146.5475,42897.6088,A3,N,N
12/12/2022,11:00,11582.6445,1516.0566,5242.0024,1272.8878,12092.4531,6960.0283,3329.5835,1101.6604,43097.3166,A6,N,N
12/12/2022,11:00,11834.2002,1523.41,5539.54,1244.1801,11765.5,6499.98,3417.75,1216.96,43041.5203,E,N,N
12/12/2022,11:00,11779.7998,1568.42,5607.9702,1270.65,12049.2998,6590.6699,3417.75,1236.3101,43520.8698,E1,N,N
12/12/2022,11:00,12002.7002,1573.54,5227.4902,1247.46,11731.2002,6461.6499,3638.3899,1228.25,43110.6804,E2,Y,N
12/12/2022,11:00,11512,1529.24,5227.6499,1247.46,11861.0996,6497.1899,3387.22,1287.8,42549.6594,E3,N,N
12/12/2022,11:00,11749.9551,1549.2356,5369.4736,1252.7655,11861.335,6512.0938,3462.2246,1249.4141,43006.4973,M,N,N
12/12/2022,12:00,11503.1348,1584.4087,5162.7842,1149.5886,12228.4404,6965.3711,3487.7622,1121.3054,43202.7954,A3,N,N
12/12/2022,12:00,11926.8584,1516.3322,5197.9937,1247.4077,12077.1484,6982.7324,3463.9822,1094.6106,43507.0656,A6,N,N
12/12/2022,12:00,11974.4004,1506.35,5410.52,1253.72,11664.0996,6499.8198,3495.4199,1227.41,43031.7397,E,N,N
12/12/2022,12:00,11903.4004,1546.4399,5449.3501,1279.21,11982.2998,6588.48,3495.4199,1243.6899,43488.29,E1,N,N
12/12/2022,12:00,12117.2002,1548.66,5207.1602,1254.8,11718.9004,6481.6099,3760.6799,1227.16,43316.1706,E2,Y,N
12/12/2022,12:00,11610.2002,1511.61,5166.04,1254.8,11786.0996,6487.1699,3483.77,1304.53,42604.2197,E3,N,N
12/12/2022,12:00,11864.8809,1528.791,5283.8193,1260.7405,11800.0498,6513.0049,3557.6572,1258.4094,43067.353,M,N,N
12/12/2022,13:00,11784.0693,1600.9141,5179.6895,1143.4852,12194.3086,6989.0957,3567.7607,1139.8429,43599.166,A3,N,N
12/12/2022,13:00,12112.7129,1548.8253,5192.7539,1235.9446,12020.7051,7029.6045,3577.8171,1062.7888,43781.1522,A6,N,N
12/12/2022,13:00,12015.7998,1498.12,5348.5498,1252.91,11551.2002,6496.8101,3572.8201,1237.8101,42974.0201,E,N,N
12/12/2022,13:00,11928.4004,1534.9301,5347.1099,1278.73,11885.7002,6589.7998,3572.8201,1248.88,43386.3705,E1,N,N
12/12/2022,13:00,12125.4004,1533.37,5143.46,1254.39,11655.7002,6504.4199,3906.9199,1235.42,43359.0804,E2,Y,N
12/12/2022,13:00,11610,1503.4301,5071.8301,1254.39,11699.2002,6494.1602,3576.22,1318.3199,42527.5505,E3,N,N
12/12/2022,13:00,11879.3203,1517.9934,5200.0654,1260.2531,11712.75,6521.0322,3657.5349,1268.1584,43017.1077,M,N,N
12/12/2022,14:00,12070.0918,1606.3792,5157.3623,1138.4893,12119.082,7038.0415,3679.6633,1122.2389,43931.3483,A3,N,N
12/12/2022,14:00,12286.0459,1577.335,5152.9985,1232.2334,11825.4834,7158.7432,3749.1802,1065.4128,44047.4324,A6,N,N
12/12/2022,14:00,12054.2998,1505.9,5362.7998,1264.42,11450.5996,6508.3501,3665.6299,1230.16,43042.1592,E,N,N
12/12/2022,14:00,11978.5996,1538.63,5349.8999,1289.05,11807.9004,6602.6499,3665.6299,1238.4399,43470.7996,E1,N,N
12/12/2022,14:00,12192.7002,1537.39,5136,1266.61,11586.9004,6532.5098,4129.3999,1249.11,43630.6203,E2,Y,N
12/12/2022,14:00,11616.2998,1513.34,5043.7598,1266.61,11631.4004,6509.1499,3662.3201,1307.0699,42549.9499,E3,N,N
12/12/2022,14:00,11916.6748,1524.5591,5191.2109,1271.8915,11637.2803,6538.2451,3780.4141,1263.886,43124.1618,M,N,N
12/12/2022,15:00,12262.9043,1602.817,5138.1333,1152.2076,12024.4023,7048.6997,3771.8916,1122.4382,44123.494,A3,N,N
12/12/2022,15:00,12453.957,1584.8688,5164.1436,1238.661,11723.0469,7117.4424,3891.5962,1073.6248,44247.3407,A6,N,N
12/12/2022,15:00,12049.7002,1502.51,5279.3799,1267.13,11375.7002,6568.1099,3731.8799,1238.5601,43012.9702,E,N,N
12/12/2022,15:00,11972,1537.66,5230.1299,1293.59,11761.5996,6663.3301,3731.8799,1247.92,43438.1095,E1,N,N
12/12/2022,15:00,12165.9004,1530.87,5064.1699,1269.0699,11530.2998,6611.96,4254.27,1276.4399,43702.9799,E2,Y,N
12/12/2022,15:00,11595.2002,1511.71,4974.8799,1269.0699,11579.2998,6570.3999,3725.48,1306.3101,42532.3498,E3,N,N
12/12/2022,15:00,11900.25,1521.6074,5106.6899,1274.9089,11582.085,6603.6787,3860.2373,1274.0825,43123.5397,M,N,N
12/12/2022,16:00,12185.8174,1548.9667,5138.5273,1167.0828,11927.5723,7036.9849,3793.7881,1148.8378,43947.5773,A3,N,N
12/12/2022,16:00,12292.7305,1548.8723,5164.2935,1232.8538,11582.6895,7133.0171,3881.1443,1112.9958,43948.5968,A6,N,N
12/12/2022,16:00,12054.2998,1503.71,5139.1099,1268.77,11391.5996,6634.3301,3761.46,1260.0699,43013.3493,E,N,N
12/12/2022,16:00,11968.7002,1541.33,5142.8398,1293.16,11786.5,6737.4502,3761.46,1277.41,43508.8502,E1,N,N
12/12/2022,16:00,12137.7998,1530.87,5030.1499,1269.05,11554.2002,6681.1699,4310.9302,1309.96,43824.13,E2,Y,N
12/12/2022,16:00,11607.2998,1512.76,4944.9902,1269.05,11615,6637.02,3757.9199,1321.51,42665.5499,E3,N,N
12/12/2022,16:00,11897.3252,1523.0725,5044.8604,1275.0355,11609.165,6672.7617,3897.5884,1298.3816,43218.1903,M,N,N
12/12/2022,17:00,11983.0176,1549.6583,5062.7319,1228.9922,12002.167,7091.6484,3787.0674,1183.1946,43888.4774,A3,N,N
12/12/2022,17:00,12068.9541,1546.9064,5087.1523,1297.7252,11671.1855,7176.0845,3849.2395,1156.0831,43853.3306,A6,N,N
12/12/2022,17:00,12045.7002,1537.79,5140.75,1282.64,11664.7002,6795.0601,3777.72,1298.77,43543.1305,E,N,N
12/12/2022,17:00,11956.9004,1577.08,5164.6499,1309.03,12012.4004,6910.8101,3777.72,1315.79,44024.3808,E1,N,N
12/12/2022,17:00,12092.9004,1566.73,5084.7798,1284.6,11846.4004,6828.8799,4318.7998,1350.98,44374.0703,E2,Y,N
12/12/2022,17:00,11629.7998,1546.0699,4963.8901,1284.6,11843.5996,6789.3799,3773.5701,1339.5,43170.4094,E3,N,N
12/12/2022,17:00,11889.7354,1557.7454,5070.8311,1290.4135,11859.665,6830.4648,3911.5376,1330.333,43740.7258,M,N,N
12/12/2022,18:00,12145.2852,1589.6208,4929.748,1317.699,12533.2822,7292.0015,3744.1819,1205.2379,44757.0565,A3,N,N
12/12/2022,18:00,12201.6641,1583.1372,4931.2607,1370.064,12242.2861,7324.4028,3797.8589,1168.6517,44619.3255,A6,N,N
12/12/2022,18:00,12311.7998,1637.55,5095.2998,1321.9301,12334.9004,7121.52,3813.71,1325.3101,44962.0202,E,N,N
12/12/2022,18:00,12233.2998,1682.65,5168.1899,1350.0601,12676.2002,7247.6602,3813.71,1349.03,45520.8002,E1,N,N
12/12/2022,18:00,12333.0996,1677.5699,5222.54,1326.1801,12498.9004,7121.3501,4307.9199,1381.59,45869.15,E2,Y,N
12/12/2022,18:00,11950.0996,1645.86,5021.0698,1326.1801,12462,7114.6602,3805.3601,1363.6899,44688.9197,E3,N,N
12/12/2022,18:00,12170.9043,1661.7385,5119.3521,1331.5127,12505.71,7150.6113,3934.3398,1358.743,45232.9117,M,N,N
12/12/2022,19:00,12235.5635,1649.7765,5001.0659,1313.7891,12858.7549,7657.9951,3876.0637,1250.1401,45843.1488,A3,N,N
12/12/2022,19:00,12276.2295,1641.0442,5037.5679,1357.1024,12587.0488,7633.8008,3888.3831,1219.1052,45640.2819,A6,N,N
12/12/2022,19:00,12417.2002,1679.66,5050.9702,1358.73,12668.0996,7383.2598,3958.0801,1339.5601,45855.56,E,N,N
12/12/2022,19:00,12347.2998,1724.13,5216.2798,1388.37,12945.7002,7515.27,3958.0801,1365.61,46460.7399,E1,N,N
12/12/2022,19:00,12462.0996,1717.6,5391.29,1363.98,12800.7002,7329.71,4407.3999,1397.3199,46870.0996,E2,Y,N
12/12/2022,19:00,12083.7002,1687.97,5200.25,1363.98,12758.5996,7382.8501,3939.8201,1382.74,45799.91,E3,N,N
12/12/2022,19:00,12294.2246,1703.1709,5229.6255,1369.2899,12802.3252,7402.7319,4064.019,1375.6255,46241.0125,M,N,N
12/12/2022,20:00,11796.4482,1637.8599,5108.6768,1318.9978,12705.9668,7722.6655,3829.1194,1233.7842,45353.5186,A3,N,N
12/12/2022,20:00,11918.6318,1606.8346,5109.9033,1387.9031,12495.6797,7690.4634,3810.2307,1214.7239,45234.3705,A6,N,N
12/12/2022,20:00,12231.0996,1653.4301,5232.3599,1360.4,12435.2002,7271.5,3904.24,1307.12,45395.3498,E,N,N
12/12/2022,20:00,12167.2002,1692.45,5371.5298,1382.73,12734.7002,7404.73,3904.24,1324.91,45982.4902,E1,N,N
12/12/2022,20:00,12287.4004,1682.59,5313.27,1356.99,12658.2002,7195.3799,4308.6001,1344.9399,46147.3705,E2,Y,N
12/12/2022,20:00,11923.0996,1658.6801,5231.0601,1356.99,12604.2002,7281.1299,3878.3,1349.3199,45282.7798,E3,N,N
12/12/2022,20:00,12121.4004,1672.3125,5286.9248,1363.9365,12624.9746,7289.1484,3996.2512,1335.7925,45690.7409,M,N,N
12/12/2022,21:00,11628.6846,1623.8251,5173.5479,1283.1104,12562.9971,7572.9019,3745.5869,1211.0509,44801.7048,A3,N,N
12/12/2022,21:00,11742.8857,1587.5137,5174.6084,1364.24,12392.6436,7604.2896,3730.8066,1203.8079,44800.7955,A6,N,N
12/12/2022,21:00,12017.9004,1604.51,5329.5498,1334.73,12138.0996,7110.9702,3825.75,1296.6899,44658.1999,E,N,N
12/12/2022,21:00,11953.2998,1642.89,5477.7598,1357.36,12400.0996,7246.1099,3825.75,1313.26,45216.5291,E1,N,N
12/12/2022,21:00,12061.2002,1631.75,5274.3501,1325.13,12312.7998,7014.5698,4193.75,1313.54,45127.0899,E2,Y,N
12/12/2022,21:00,11740.9004,1610.0601,5294.9102,1325.13,12333.7998,7128.02,3789.3501,1341.37,44563.5406,E3,N,N
12/12/2022,21:00,11915.625,1622.8575,5340.6787,1334.6276,12315.7695,7126.6221,3905.01,1320.683,44881.8734,M,N,N
12/12/2022,22:00,11381.1338,1580.0532,5288.8643,1218.36,12120.5732,7376.8281,3649.6807,1164.8622,43780.3555,A3,N,N
12/12/2022,22:00,11502.2686,1536.5417,5272.7783,1280.7439,12006.4219,7413.1719,3634.4519,1171.9185,43818.2967,A6,N,N
12/12/2022,22:00,11685.5,1531.79,5407.6299,1287.22,11634.2002,6859.8101,3713.47,1232.39,43352.0102,E,N,N
12/12/2022,22:00,11623.4004,1567.21,5548.6099,1309.52,11863.5,6996.0898,3713.47,1246.73,43868.5301,E1,N,N
12/12/2022,22:00,11721.2998,1554.5699,5268.1299,1274.77,11748.5,6764.9702,4048.54,1238.6801,43619.4599,E2,Y,N
12/12/2022,22:00,11440.0996,1536.33,5316.8101,1274.77,11817.5996,6877.2998,3667.5601,1276.98,43207.4492,E3,N,N
12/12/2022,22:00,11593.0352,1547.929,5376.2129,1285.325,11784.2891,6876.292,3781.1689,1253.1541,43497.4062,M,N,N
12/12/2022,23:00,10905.5557,1483.7178,5269.2344,1122.2673,11398.0781,6976.6025,3463.5986,1123.8982,41742.9526,A3,N,N
12/12/2022,23:00,11048.5957,1438.0629,5273.7036,1150.1816,11319.708,7024.832,3439.3201,1118.9244,41813.3283,A6,N,N
12/12/2022,23:00,11252.7998,1430.05,5382.46,1211.2,10943.9004,6502.5298,3491.3501,1167.26,41381.5501,E,N,N
12/12/2022,23:00,11201.4004,1462.65,5489.8999,1236.26,11132.2002,6622.1201,3491.3501,1183.7,41819.5807,E1,N,N
12/12/2022,23:00,11299.0996,1441.5601,5198.9199,1202.67,10987.5,6405.2998,3778.4199,1177.47,41490.9393,E2,Y,N
12/12/2022,23:00,11055.9004,1431.49,5256.1099,1202.67,11061.7998,6506.9199,3457.95,1202.22,41175.06,E3,N,N
12/12/2022,23:00,11182.6104,1441.5815,5319.2124,1212.3469,11043.1406,6509.6563,3551.4275,1186.1584,41446.134,M,N,N
12/12/2022,24:00,10344.4082,1377.0656,5225.9009,1041.3689,10538.1621,6492.3823,3241.02,1055.7869,39316.0949,A3,N,N
12/12/2022,24:00,10480.8301,1332.7404,5153.0391,1052.4719,10497.6338,6562.1128,3223.9414,1055.5906,39358.3601,A6,N,N
12/12/2022,24:00,10763.4004,1328.22,5296.6602,1142.13,10181.2002,6105.4702,3238.4199,1124.33,39179.8309,E,N,N
12/12/2022,24:00,10724.2998,1355.63,5371.8901,1169.88,10332.2002,6205.1699,3238.4199,1135.59,39533.0799,E1,N,N
12/12/2022,24:00,10818.7998,1327.4399,5117.8799,1136.8199,10144.2002,6012.0898,3476.5601,1127.58,39161.3696,E2,Y,N
12/12/2022,24:00,10617,1326.39,5167.1401,1136.8199,10230.2002,6100.3301,3225.04,1141.92,38944.8403,E3,N,N
12/12/2022,24:00,10716.2354,1334.2371,5225.4404,1145.8815,10226.8506,6105.251,3293.272,1134.114,39181.282,M,N,N
12/13/2022,1:00,9935.8809,1293.4916,5255.8311,1011.9857,9807.5283,6040.7495,3100.2656,1055.8708,37501.6035,A3,N,N
12/13/2022,1:00,10100.084,1271.0547,5349.3545,1181.9329,9697.4326,6069.5923,3113.084,986.2755,37768.8105,A6,N,N
12/13/2022,1:00,10448.2002,1267.99,4896.9199,1082.0699,9574.8096,5811.1099,3035.75,1103.15,37219.9995,E,N,N
12/13/2022,1:00,10422.2002,1294.6899,4937.29,1114.24,9694.6904,5888.1401,3035.75,1109.45,37496.4506,E1,Y,N
12/13/2022,1:00,10536,1259.66,5061.73,1085.09,9520.8896,5713.6401,3232.01,1105.67,37514.6897,E2,N,N
12/13/2022,1:00,10347.5996,1263.38,5059.23,1085.09,9546.0303,5801.3999,3047.05,1102.34,37252.1198,E3,N,N
12/13/2022,1:00,10428.4404,1270.969,5005.0234,1091.9244,9581.2266,5802.6016,3088.77,1105.0715,37374.0269,M,N,N
12/13/2022,2:00,9606.7813,1243.876,5181.7593,974.2913,9381.2324,5789.4507,2942.9165,1056.0509,36176.3584,A3,N,N
12/13/2022,2:00,9769.4316,1223.2032,5332.9487,1155.5968,9273.792,5820.6616,2953.627,977.4183,36506.6792,A6,N,N
12/13/2022,2:00,10147.2998,1213.14,4706,1037.63,9047.5996,5537.6499,2893.1201,1083.67,35666.1094,E,N,N
12/13/2022,2:00,10117.7002,1241.45,4735.5098,1069.3101,9159.5898,5622.1802,2893.1201,1090.39,35929.2502,E1,Y,N
12/13/2022,2:00,10236,1214.76,5009.25,1040.59,9032.6699,5476.2798,3068,1086.54,36164.0897,E2,N,N
12/13/2022,2:00,10062.7002,1212.5699,4997.2002,1040.59,8979.9297,5552.71,2913.8799,1080.51,35840.0899,E3,N,N
12/13/2022,2:00,10132.4648,1220.423,4891.1099,1047.3259,9048.1807,5548.7109,2944.106,1084.9615,35917.2827,M,N,N
12/13/2022,3:00,9403.4824,1209.1384,5146.4282,978.5299,9138.041,5641.3926,2847.6565,1066.0492,35430.7182,A3,N,N
12/13/2022,3:00,9561.8164,1181.9631,5222.8608,1156.3478,9002.5381,5676.0234,2856.9597,999.6265,35658.1358,A6,N,N
12/13/2022,3:00,9986.8799,1192.6,4662.9702,1013.79,8757.9902,5384.6201,2797.48,1048.42,34844.7504,E,N,N
12/13/2022,3:00,9965.21,1218.2,4685.4199,1046.13,8866.4404,5465.1099,2797.48,1049.64,35093.6302,E1,Y,N
12/13/2022,3:00,10082,1195.42,5076.5698,1020.39,8767.0801,5336.1899,2952.6599,1049.8,35480.1097,E2,N,N
12/13/2022,3:00,9922.5303,1190.1899,5012.77,1020.39,8645.2002,5405.6299,2829.4099,1031.88,35058.0002,E3,N,N
12/13/2022,3:00,9982.7197,1198.8616,4894.4121,1025.835,8747.8984,5399.9883,2847.4504,1043.281,35140.4465,M,N,N
12/13/2022,4:00,9389.4121,1210.015,5074.7637,960.4938,9072.1758,5594.5059,2787.3237,1058.8601,35147.5501,A3,N,N
12/13/2022,4:00,9523.4697,1186.382,5098.6318,1125.8356,8960.0762,5618.2041,2799.1216,999.8449,35311.5659,A6,N,N
12/13/2022,4:00,9921.4697,1169.5601,4776.48,1003.32,8722.8301,5317.5298,2746.0701,1025.03,34682.2898,E,N,N
12/13/2022,4:00,9897.6699,1198.34,4816.4399,1033.96,8813.8398,5401.48,2746.0701,1028.76,34936.5597,E1,Y,N
12/13/2022,4:00,10001.5996,1185.89,5125.2998,1008.27,8720.2803,5282.4399,2892.55,1028.73,35245.0596,E2,N,N
12/13/2022,4:00,9861.7305,1170.04,5040.21,1008.27,8583.8301,5340.9399,2777.53,1011.89,34794.4405,E3,N,N
12/13/2022,4:00,9914.6436,1181.0055,4965.9805,1013.95,8696.2949,5337.9385,2793.7009,1022.2885,34925.8024,M,N,N
12/13/2022,5:00,9546.6104,1237.8907,4887.3066,972.2889,9263.3086,5698.7964,2766.4026,1056.9736,35429.5778,A3,N,N
12/13/2022,5:00,9662.5518,1214.6483,5050.3232,1162.8839,9139.6582,5724.5234,2771.2412,986.1396,35711.9696,A6,N,N
12/13/2022,5:00,10038.0996,1195.1899,4996.8101,1015.44,8995.7305,5416.1699,2743.98,1066.49,35467.91,E,N,N
12/13/2022,5:00,10011.2998,1226.14,5038.6001,1045.0699,9074.79,5477.52,2743.98,1061.9,35679.2998,E1,Y,N
12/13/2022,5:00,10127.7998,1208.6,5142.2998,1019.46,8941.6104,5351.29,2880.5801,1068.84,35740.4801,E2,N,N
12/13/2022,5:00,9968.4004,1192.71,5057.73,1019.46,8829.0596,5409.77,2768.74,1058.89,35304.76,E3,N,N
12/13/2022,5:00,10029.4307,1205.412,5064.9521,1025.2595,8943.6309,5413.0479,2786.7959,1063.27,35531.799,M,N,N
12/13/2022,6:00,10151.1123,1308.9806,4958.501,1018.6727,9825.0371,5992.8237,2873.0103,1122.8936,37251.0313,A3,N,N
12/13/2022,6:00,10234.7988,1284.0594,5040.9741,1178.8264,9701.7764,6007.5518,2884.8604,1046.7871,37379.6344,A6,N,N
12/13/2022,6:00,10507.7998,1291.11,5255.6201,1075.48,9800.5303,5746.3599,2855.8601,1151.3,37684.0602,E,N,N
12/13/2022,6:00,10494.4004,1328.71,5297.5098,1107.61,9873.9404,5769.0898,2855.8601,1143.8,37870.9205,E1,Y,N
12/13/2022,6:00,10641.5996,1292.45,5167.46,1087.84,9640.3604,5624.2598,2980.3101,1165.8101,37600.09,E2,N,N
12/13/2022,6:00,10420.2998,1278.5,5084.1099,1087.84,9596.8604,5668.25,2878.27,1161.66,37175.7901,E3,N,N
12/13/2022,6:00,10507.2754,1296.4315,5184.0239,1090.9285,9707.5557,5694.1787,2894.8159,1156.6785,37531.8881,M,N,N
12/13/2022,7:00,10873.2969,1444.1044,5094.5444,1169.0924,10820.5273,6572.7969,3132.3279,1230.6453,40337.3355,A3,N,N
12/13/2022,7:00,10938.5703,1404.1312,5246.9067,1341.0739,10697.1543,6582.6313,3138.3201,1155.375,40504.1628,A6,N,N
12/13/2022,7:00,11181.7998,1473.79,5361.1602,1177.36,11124.9004,6390.8999,3105.05,1290.46,41105.4203,E,N,N
12/13/2022,7:00,11186.2002,1517.89,5406.77,1212.96,11200.9004,6348.3901,3105.05,1274.4301,41252.5908,E1,Y,N
12/13/2022,7:00,11374.7998,1443.1801,5304.8501,1205.74,10817.7002,6168.3198,3209.3,1331.21,40855.1,E2,N,N
12/13/2022,7:00,11074.7998,1438.36,5204.3599,1205.74,10889.5996,6186.6401,3120.8301,1330.72,40451.0495,E3,N,N
12/13/2022,7:00,11193.7002,1464.7621,5303.605,1203.288,10984.7441,6253.1367,3136.6355,1310.731,40850.6026,M,N,N
12/13/2022,8:00,11173.4043,1500.51,5107.3027,1239.4175,11433.2119,6896.5381,3220.2122,1281.2869,41851.8836,A3,N,N
12/13/2022,8:00,11242.8535,1460.1912,5197.397,1392.9238,11334.0283,6913.8867,3214.4128,1230.3414,41986.0347,A6,N,N
12/13/2022,8:00,11453.5996,1546.35,5422.3301,1223.11,11912.4004,6780.1499,3200.46,1383.74,42922.14,E,N,N
12/13/2022,8:00,11478.5,1586.84,5463.77,1261.52,11994.9004,6691.0601,3200.46,1365.71,43042.7605,E1,Y,N
12/13/2022,8:00,11646.4004,1499.5,5349.6802,1258.42,11532.7998,6501.1299,3298.6599,1449.64,42536.2302,E2,N,N
12/13/2022,8:00,11367.9004,1505.5699,5255.9399,1258.42,11669,6496.2002,3206.02,1434.05,42193.1004,E3,N,N
12/13/2022,8:00,11478.0303,1530.4869,5356.291,1253.8986,11752.9355,6588.7402,3226.9558,1413.316,42600.6543,M,N,N
12/13/2022,9:00,11499.9414,1523.5978,5153.3921,1225.5493,11585.8594,6982.646,3229.3252,1246.1909,42446.5021,A3,N,N
12/13/2022,9:00,11511.9736,1481.9188,5213.3599,1371.9812,11519.3467,6975.208,3214.333,1148.3611,42436.4823,A6,N,N
12/13/2022,9:00,11683.2002,1565.48,5448.3599,1217.6801,12008.2998,6853.7202,3190.26,1435.8199,43402.8201,E,N,N
12/13/2022,9:00,11702.5996,1605.17,5493.3999,1253.7,12149.5,6762.6499,3190.26,1408.83,43566.1094,E1,Y,N
12/13/2022,9:00,11845.9004,1532.02,5262.29,1247.77,11738.5996,6602.8101,3290.8101,1496.62,43016.8202,E2,N,N
12/13/2022,9:00,11595,1523.8199,5203.8999,1247.77,11827.5,6573.3501,3212.0701,1474.6899,42658.0999,E3,N,N
12/13/2022,9:00,11697.8555,1552.4565,5327.5415,1244.739,11912.8945,6670.0957,3223.0313,1457.877,43086.491,M,N,N
12/13/2022,10:00,12032.4307,1566.3409,5156.8184,1176.7349,11914.2754,7064.2847,3333.6621,1237.5789,43482.126,A3,N,N
12/13/2022,10:00,12008.8379,1518.702,5233.4731,1319.8816,11832.7627,7078.9063,3288.248,1132.5627,43413.3743,A6,N,N
12/13/2022,10:00,12065.2002,1594.87,5350.1899,1226.96,12128,6929.1201,3255.9099,1457.78,44008.0301,E,N,N
12/13/2022,10:00,12071.0996,1633.0699,5397.4502,1256.48,12342.5,6842.4399,3255.9099,1413.11,44212.0595,E1,Y,N
12/13/2022,10:00,12189.2002,1571.09,5190.5601,1251.98,12010.2002,6723.71,3368.4099,1498.7,43803.8504,E2,N,N
12/13/2022,10:00,11958,1547.71,5176.3501,1251.98,11970.5996,6659.5801,3304.02,1459.37,43327.6098,E3,N,N
12/13/2022,10:00,12060.1553,1581.969,5261.2539,1249.3521,12097.085,6761.7583,3300.8735,1457.3989,43769.846,M,N,N
12/13/2022,11:00,12407.2041,1601.2999,5242.8569,1156.5479,12043.418,7125.646,3446.573,1207.4835,44231.0293,A3,N,N
12/13/2022,11:00,12456.1113,1551.2535,5323.2617,1281.7695,11950.1328,7171.7637,3395.4719,1120.178,44249.9424,A6,N,N
12/13/2022,11:00,12459.4004,1607.0699,5462.3999,1233.67,12105.4004,6932.3101,3319.1499,1447.5699,44566.9705,E,N,N
12/13/2022,11:00,12436.9004,1641.83,5517.4199,1263.54,12421.7998,6859.8701,3319.1499,1398.3199,44858.83,E1,Y,N
12/13/2022,11:00,12533.7002,1595.4,5203.5801,1259.9301,12160,6768.5498,3453.71,1485.71,44460.5802,E2,N,N
12/13/2022,11:00,12312,1551.1801,5200.0801,1259.9301,11995.2002,6682.7598,3403.9299,1431.64,43836.7202,E3,N,N
12/13/2022,11:00,12420.7598,1593.281,5319.6382,1256.8936,12159.5801,6785.917,3382.4629,1439.2169,44357.7495,M,N,N
12/13/2022,12:00,12699.6055,1620.0667,5207.0361,1155.4719,12114.1025,7112.0503,3559.469,1175.2665,44643.0685,A3,N,N
12/13/2022,12:00,12857.9414,1554.8126,5274.9609,1256.2567,12009.7871,7136.4849,3522.3948,1112.0195,44724.6579,A6,N,N
12/13/2022,12:00,12765,1592.99,5343.5098,1231.8,12002.5,6910.27,3372.1699,1422.87,44641.1097,E,N,N
12/13/2022,12:00,12696.4004,1624.6801,5395.6001,1262.7,12363.5,6846.1201,3372.1699,1370.12,44931.2906,E1,Y,N
12/13/2022,12:00,12749.2002,1583.03,5177.0298,1264.3101,12156.7002,6762.1299,3528.9199,1461.84,44683.1601,E2,N,N
12/13/2022,12:00,12572.7998,1531.9,5171.21,1264.3101,11937.7998,6683.9702,3504.8601,1397.83,44064.68,E3,N,N
12/13/2022,12:00,12676.6309,1577.041,5254.6074,1259.031,12108.6543,6777.9927,3457.7988,1410.661,44522.4171,M,N,N
12/13/2022,13:00,12803.1719,1636.864,5219.2505,1148.553,12124.6895,7098.4868,3657.7246,1155.3853,44844.1256,A3,N,N
12/13/2022,13:00,13024.6904,1588.7456,5264.999,1244.4305,11999.2568,7132.1782,3634.9993,1075.7184,44965.0182,A6,N,N
12/13/2022,13:00,12943,1591.8,5310.3999,1218.62,11772,6846.2598,3433.79,1386.48,44502.3497,E,N,N
12/13/2022,13:00,12830.7002,1624.71,5344.5298,1251.02,12158.5,6813.3599,3433.79,1330.62,44787.2299,E1,Y,N
12/13/2022,13:00,12840,1575.72,5122,1255.33,12037.5,6702.4502,3616.8601,1429.7,44579.5603,E2,N,N
12/13/2022,13:00,12696.5996,1527.13,5120.2002,1255.33,11768.2002,6695.48,3618.99,1361.53,44043.46,E3,N,N
12/13/2022,13:00,12802.9346,1573.3729,5205.2627,1248.746,11933.6699,6749.3096,3544.3777,1374.5875,44432.2609,M,N,N
12/13/2022,14:00,12954.5684,1643.8364,5189.4673,1143.2621,12079.8252,7086.7363,3777.5625,1130.5466,45005.8048,A3,N,N
12/13/2022,14:00,13105.9766,1611.2677,5217.4155,1240.8954,11827.0596,7140.8281,3798.9031,1072.7759,45015.1219,A6,N,N
12/13/2022,14:00,13114.2002,1590.05,5330.7202,1220.86,11611.2002,6775.2798,3503.3,1353.1899,44498.8003,E,N,N
12/13/2022,14:00,12977.5,1621.67,5365.1602,1254.46,11934.0996,6762.2002,3503.3,1285.53,44703.92,E1,Y,N
12/13/2022,14:00,12978.2002,1560.04,5109.6099,1263.77,11948.2002,6627.5898,3713.98,1358.58,44559.9701,E2,N,N
12/13/2022,14:00,12805.5,1524.38,5114.7002,1263.77,11553.4004,6727.0698,3727,1325.5601,44041.3805,E3,N,N
12/13/2022,14:00,12937.9795,1567.468,5208.4458,1255.006,11755.9453,6718.2139,3634.2649,1327.952,44405.2754,M,N,N
12/13/2022,15:00,12938.6045,1636.4889,5163.0161,1156.4786,12009.8037,7017.7476,3865.6604,1124.4766,44912.2764,A3,N,N
12/13/2022,15:00,13020.917,1609.9602,5219.6523,1246.2482,11731.3271,7005.9722,3916.0371,1075.3508,44825.4649,A6,N,N
12/13/2022,15:00,13144.4004,1565.34,5244.5898,1217.14,11441.4004,6759.0698,3556.25,1343.85,44272.0404,E,N,N
12/13/2022,15:00,12986.7002,1596.26,5275.0801,1250.58,11633,6753.1499,3556.25,1271.53,44322.5502,E1,Y,N
12/13/2022,15:00,12938.9004,1535.3101,5054.29,1259.7,11711.5996,6587.48,3779.79,1348.01,44215.0801,E2,N,N
12/13/2022,15:00,12803.5996,1502.67,5062.7202,1259.7,11261.5,6809.5298,3805.8899,1312.86,43818.4695,E3,N,N
12/13/2022,15:00,12934.3203,1543.6281,5140.9829,1251.036,11493.8848,6732.3535,3699.5088,1315.9635,44111.6779,M,N,N
12/13/2022,16:00,12710.5205,1574.9591,5158.4307,1170.1489,11917.8975,6945.6108,3882.7456,1146.5623,44506.8754,A3,N,N
12/13/2022,16:00,12742.8545,1560.6708,5211.9707,1238.2823,11588.165,6918.5386,3898.2605,1109.2771,44268.0195,A6,N,N
12/13/2022,16:00,13063,1542.66,5191.98,1209.9399,10867.4004,6737.75,3570.96,1320.47,43504.1603,E,N,N
12/13/2022,16:00,12898.0996,1581.0601,5211.5098,1239.23,11394.7998,6710.1802,3570.96,1258.86,43864.6995,E1,Y,N
12/13/2022,16:00,12773.4004,1532.92,5038.8799,1245.01,11431.5996,6507.7202,3795.5801,1341.89,43667.0002,E2,N,N
12/13/2022,16:00,12744.2002,1489.16,5041.6802,1245.01,10995.5,6823.3501,3837.1699,1310.5601,43486.6305,E3,N,N
12/13/2022,16:00,12837.7949,1531.1001,5105.9824,1238.3046,11185.1348,6703.3105,3720.2886,1306.9541,43628.87,M,N,N
12/13/2022,17:00,12291.0264,1564.7832,5080.2915,1230.8922,11996.6729,6951.2051,3846.5234,1179.1356,44140.5303,A3,N,N
12/13/2022,17:00,12221.1436,1548.5841,5128.2192,1301.0131,11668.585,6907.1768,3832.7886,1148.8657,43756.3761,A6,N,N
12/13/2022,17:00,12933.2002,1529.65,5227.27,1213.16,11080.5,6847.0498,3582.9199,1347.13,43760.8799,E,N,N
12/13/2022,17:00,12765.2998,1579.41,5246.46,1236.12,11464.4004,6791.3999,3582.9199,1280.5699,43946.5799,E1,Y,N
12/13/2022,17:00,12573,1554.61,5075.1802,1232.4301,11455.5,6589.1499,3794.99,1369.77,43644.6302,E2,N,N
12/13/2022,17:00,12665.5,1507.75,5065.4902,1232.4301,11055.2998,6871.8901,3844.5901,1333.62,43576.5703,E3,N,N
12/13/2022,17:00,12707.4795,1540.665,5137.4219,1230.4622,11261.4053,6777.3564,3727.522,1331.4215,43713.7338,M,N,N
12/13/2022,18:00,12194.3135,1597.4795,4950.1558,1316.5966,12537.8848,7098.1367,3785.4016,1206.0581,44686.0266,A3,N,N
12/13/2022,18:00,12062.5693,1581.0977,4970.5439,1368.0625,12238.1318,6987.4102,3763.9741,1162.4601,44134.2496,A6,N,N
12/13/2022,18:00,13051.4004,1598.64,5241.9702,1259.92,11938,7178.3501,3598.1899,1427.73,45294.2006,E,N,N
12/13/2022,18:00,12898,1653.83,5263.9702,1276.24,12199.2998,7058.8799,3598.1899,1357.16,45305.5698,E1,Y,N
12/13/2022,18:00,12644.5996,1636.99,5177.6401,1264.8,12018.2002,6891.7202,3783.1599,1455.0601,44872.1701,E2,N,N
12/13/2022,18:00,12868.7998,1591.87,5148.0098,1264.8,11716,7062.3599,3843.1899,1408.33,44903.3594,E3,N,N
12/13/2022,18:00,12847.4395,1619.6555,5198.5015,1266.9281,11945.6758,7036.2285,3730.1824,1410.13,45054.7413,M,N,N
12/13/2022,19:00,12057.3066,1648.5457,5029.4009,1310.1716,12903.7744,7425.6851,3876.8696,1261.8129,45513.5668,A3,N,N
12/13/2022,19:00,12041.4971,1636.9375,5081.9946,1351.2645,12614.9805,7273.3506,3829.0068,1220.5364,45049.568,A6,N,N
12/13/2022,19:00,13001.7998,1650.26,5246.23,1308.73,12633.5,7257.8999,3701.24,1494.3199,46293.9796,E,N,N
12/13/2022,19:00,12892,1692.15,5271.48,1346.9399,12833.2998,7337.6499,3701.24,1419.72,46494.4796,E1,Y,N
12/13/2022,19:00,12640.7998,1675.39,5374.1201,1339.08,12471.9004,7137.9399,3856.8799,1526.24,46022.3501,E2,N,N
12/13/2022,19:00,12888.5,1623.42,5314.27,1339.08,12400.4004,7230.02,3933.3,1473.48,46202.4704,E3,N,N
12/13/2022,19:00,12844.4453,1657.6211,5308.3291,1336.4924,12561.4648,7238.0898,3821.3711,1476.356,46244.1696,M,N,N
12/13/2022,20:00,11653.5195,1631.1372,5147.0605,1313.387,12825.6621,7446.5483,3777.1389,1257.4774,45051.9309,A3,N,N
12/13/2022,20:00,11648.8008,1601.6155,5164.0293,1379.397,12611.5859,7296.7881,3720.2046,1226.8142,44649.2354,A6,N,N
12/13/2022,20:00,12680.2002,1625.79,5438.8901,1342.28,12847,7259.9502,3652.5601,1488.99,46335.6606,E,N,N
12/13/2022,20:00,12584.2002,1659.17,5466.7598,1365.9399,12901.7002,7180.3198,3652.5601,1413.88,46224.53,E1,Y,N
12/13/2022,20:00,12371.9004,1657.23,5415.79,1369.91,12253.2998,6866.77,3775.3501,1515.29,45225.5403,E2,N,N
12/13/2022,20:00,12584.7998,1590.99,5348.0601,1369.91,12569.2002,7074.5498,3853.97,1467.9399,45859.4198,E3,N,N
12/13/2022,20:00,12545.7344,1629.8149,5408.292,1364.7731,12615.0195,7076.8574,3753.751,1469.4199,45863.6622,M,N,N
12/13/2022,21:00,11366.2734,1620.1829,5220.3359,1276.0815,12742.8789,7313.9131,3680.5322,1250.4127,44470.6106,A3,N,N
12/13/2022,21:00,11394.1699,1579.3237,5239.2813,1354.2843,12614.2139,7263.3076,3625.3572,1228.9521,44298.89,A6,N,N
12/13/2022,21:00,12351.5996,1582.9,5540.6401,1333.4,12878.7998,7137.9902,3573.73,1478.05,45877.1097,E,N,N
12/13/2022,21:00,12254.4004,1610.45,5571.1699,1355.24,12830.7998,7012.2798,3573.73,1411.8,45619.8699,E1,Y,N
12/13/2022,21:00,12010.9004,1618.6899,5463.1201,1359.65,12174.4004,6791.3701,3682.9399,1497.8,44598.8708,E2,N,N
12/13/2022,21:00,12284.4004,1546.89,5383.52,1359.65,12547.2002,6880.1099,3750.6399,1457.9301,45210.3405,E3,N,N
12/13/2022,21:00,12218.6055,1586.1315,5473.9004,1354.6101,12574.6406,6929.6494,3662.9512,1459.3831,45259.8718,M,N,N
12/13/2022,22:00,11067.2949,1579.3558,5342.2793,1210.4595,12394.0508,7129.3501,3561.7231,1216.3051,43500.8186,A3,N,N
12/13/2022,22:00,11135.6904,1527.8011,5347.4395,1271.8221,12366.4717,7097.9282,3502.283,1209.2917,43458.7277,A6,N,N
12/13/2022,22:00,11917.0996,1507.8199,5598.98,1297.6,12635.7998,6906.5801,3476.47,1431.97,44772.3194,E,N,N
12/13/2022,22:00,11804.5,1537.64,5629.6699,1316.46,12496.5996,6760.2402,3476.47,1367.29,44388.8697,E1,Y,N
12/13/2022,22:00,11522.5,1554.61,5470.1001,1318.2,11853.2002,6605.4502,3576.1899,1442.36,43342.6104,E2,N,N
12/13/2022,22:00,11860.4004,1492.15,5389.3701,1318.2,12283.2998,6634.4702,3625.1101,1406.91,44009.9106,E3,N,N
12/13/2022,22:00,11770.4551,1521.488,5501.0693,1314.6749,12281.9746,6699.4741,3553.4241,1409.6265,44052.1866,M,N,N
12/13/2022,23:00,10527.4092,1488.1183,5332.1035,1114.2931,11780.6055,6755.8521,3362.3157,1188.1434,41548.8408,A3,N,N
12/13/2022,23:00,10640.5547,1427.8979,5360.0254,1143.6698,11830.2314,6804.4658,3294.3579,1176.3864,41677.5893,A6,N,N
12/13/2022,23:00,11345.9004,1399.51,5551.1699,1233.75,12006.9004,6515.0898,3281.9299,1332.98,42667.2304,E,N,N
12/13/2022,23:00,11220.2002,1418.71,5588.0298,1258.39,11843.2002,6374.4702,3281.9299,1283.52,42268.4503,E1,Y,N
12/13/2022,23:00,10971.4004,1447.92,5414.5898,1249.54,11236.5996,6269.25,3352.1699,1355.45,41296.9197,E2,N,N
12/13/2022,23:00,11276.5996,1394.9399,5324.8799,1249.54,11623.5,6223.3999,3422.24,1313.1899,41828.2892,E3,N,N
12/13/2022,23:00,11196.5947,1414.813,5447.0386,1249.384,11639.21,6316.3833,3348.5984,1319.306,41931.328,M,N,N
12/13/2022,24:00,9916.6035,1386.5603,5296.0537,1033.667,11001.4512,6307.3511,3130.8975,1132.2664,39204.8507,A3,N,N
12/13/2022,24:00,10040.8652,1321.1498,5250.4941,1049.7419,11123.9717,6404.8462,3070.6274,1130.9956,39392.6919,A6,N,N
12/13/2022,24:00,10768.9004,1307.95,5457.4902,1183.98,11356.9004,6113.3999,3078.8701,1239.48,40506.971,E,N,N
12/13/2022,24:00,10639.2002,1324.02,5501.3198,1213.42,11170.5996,5988.3999,3078.8701,1205.9399,40121.7695,E1,Y,N
12/13/2022,24:00,10437.2998,1360.5601,5344.0601,1193.77,10604.7998,5917.3999,3118.7,1272.6801,39249.2698,E2,N,N
12/13/2022,24:00,10689.7998,1320.01,5247.48,1193.77,10950.9004,5817.02,3213.3999,1223.8101,39656.1902,E3,N,N
12/13/2022,24:00,10625.8896,1329.3411,5366.5869,1197.214,10980.2002,5929.417,3135.9131,1233.9105,39798.4724,M,N,N
12/14/2022,1:00,9421.8906,1310.2504,5327.915,1010.6367,10388.2607,5909.1426,2984.2695,1145.9348,37498.3003,A3,N,N
12/14/2022,1:00,9611.207,1259.4354,5457.1416,1183.9916,10494.6904,6005.793,2950.3162,1080.6841,38043.2593,A6,N,N
12/14/2022,1:00,10340.5,1267.8,5031.4902,1144.79,10818.7998,5835.9199,2878.8799,1147.37,38465.5498,E,N,N
12/14/2022,1:00,10224.0996,1280.97,5087.1401,1188.27,10665.0996,5710.0601,2878.8799,1137.2,38171.7193,E1,Y,N
12/14/2022,1:00,10143.4004,1310.76,5267.0898,1153.9,10122.5,5648,2879.22,1218.72,37743.5902,E2,N,N
12/14/2022,1:00,10232.2002,1279.8199,5138.4302,1153.9,10340.2998,5453.8999,3031.4199,1151.58,37781.5499,E3,N,N
12/14/2022,1:00,10224.2207,1286.0396,5141.7314,1161.126,10438.8242,5623.7681,2932.354,1164.1384,37972.2024,M,N,N
12/14/2022,2:00,9042.8662,1269.6685,5216.5024,991.6736,10051.626,5696.6396,2824.5203,1159.7728,36253.2694,A3,N,N
12/14/2022,2:00,9258.46,1212.4968,5408.6001,1161.0676,10198.7236,5818.9077,2788.9648,1092.0714,36939.292,A6,N,N
12/14/2022,2:00,9989.75,1246.21,4832.5698,1115.27,10479.2002,5632.3198,2705.8301,1120.59,37121.7399,E,N,N
12/14/2022,2:00,9889.5098,1256.77,4893.1401,1162.65,10326.2002,5498.5698,2705.8301,1116.8101,36849.4801,E1,Y,N
12/14/2022,2:00,9885.5195,1286.26,5217.8599,1122.1899,9785.0098,5426.8198,2719.76,1212.05,36655.4689,E2,N,N
12/14/2022,2:00,9873.1396,1254.0699,5062.4902,1122.1899,9931.3203,5198.5498,2864.8401,1133.9,36440.4998,E3,N,N
12/14/2022,2:00,9897.8184,1261.6135,5024.5068,1131.267,10075.6445,5395.6875,2764.9661,1147.1685,36698.6723,M,N,N
12/14/2022,3:00,8835.6514,1245.6292,5145.4116,1010.2761,9911.6465,5581.21,2729.2034,1186.0101,35645.0383,A3,N,N
12/14/2022,3:00,9038.1064,1172.6326,5219.9492,1165.7662,10062.9199,5722.0835,2688.0935,1135.1095,36204.6608,A6,N,N
12/14/2022,3:00,9813.9805,1243.5699,4766.8501,1105.09,10348.4004,5554.0698,2599.52,1095.7,36527.1807,E,N,N
12/14/2022,3:00,9725.2598,1251.76,4839.8301,1154.75,10186.0996,5413.5801,2599.52,1097.8101,36268.6097,E1,Y,N
12/14/2022,3:00,9769.8896,1269.37,5249.5298,1105.79,9657.0801,5350.4102,2606.54,1190.5601,36199.1698,E2,N,N
12/14/2022,3:00,9671.4297,1243.21,5081.6802,1105.79,9667.8398,5050.6201,2764.1101,1113.36,35698.0399,E3,N,N
12/14/2022,3:00,9730.8848,1251.9414,5015.9556,1117.925,9896.7988,5291.8252,2658.8816,1126.1235,36090.3359,M,N,N
12/14/2022,4:00,8797.2119,1252.7,5033.6528,1008.0697,10000.208,5566.9302,2676.782,1192.9526,35528.5072,A3,N,N
12/14/2022,4:00,8996.8115,1178.6055,5051.8291,1140.772,10226.6768,5731.8877,2635.6426,1152.4565,36114.6817,A6,N,N
12/14/2022,4:00,9818.1299,1248.16,4887.8901,1110.97,10462,5574.1899,2555.8701,1107.28,36764.49,E,N,N
12/14/2022,4:00,9736.71,1253.98,4962.5601,1150.46,10241.0996,5429.8901,2555.8701,1104.92,36435.4899,E1,Y,N
12/14/2022,4:00,9773.3203,1273.6899,5270.5698,1098.5699,9705.9199,5381.2998,2570.51,1192.88,36266.7596,E2,N,N
12/14/2022,4:00,9651.1396,1245.12,5106.02,1098.5699,9659.4199,5039.04,2698.47,1118.26,35616.0394,E3,N,N
12/14/2022,4:00,9728.126,1254.9335,5078.5728,1113.4025,9936.8516,5302.5898,2609.4399,1131.933,36155.8491,M,N,N
12/14/2022,5:00,8933.5996,1300.1526,4812.2842,1037.4677,10290.1113,5693.6777,2654.4998,1209.2798,35931.0727,A3,N,N
12/14/2022,5:00,9123.5459,1206.4491,4965.2734,1184.5308,10384.9121,5822.7598,2602.1985,1127.1074,36416.777,A6,N,N
12/14/2022,5:00,10026.2002,1283.66,5108.02,1150.8199,10848.4004,5740.7402,2580.51,1167.66,37906.0107,E,N,N
12/14/2022,5:00,9951.6602,1291.74,5185.7598,1178.21,10577.0996,5602.5098,2580.51,1165.37,37532.8594,E1,Y,N
12/14/2022,5:00,9962.7197,1315.63,5279.9102,1119.36,10033.5996,5566.6201,2579.05,1247.16,37104.0496,E2,N,N
12/14/2022,5:00,9822.6299,1270.09,5123.3999,1119.36,9946.0801,5192.3701,2686.27,1170.04,36330.24,E3,N,N
12/14/2022,5:00,9920.4453,1288.923,5175.8105,1138.7915,10261.0625,5470.7231,2617.1611,1187.7955,37060.7125,M,N,N
12/14/2022,6:00,9406.0098,1382.3217,4856.6797,1101.7147,11012.9326,6006.4355,2757.9595,1293.2274,37817.2809,A3,N,N
12/14/2022,6:00,9616.8438,1276.163,4920.6558,1209.3856,10946.6074,6091.0938,2707.6516,1171.125,37939.526,A6,N,N
12/14/2022,6:00,10691.5996,1371.98,5365.0098,1255.4301,11765.5,6132.6401,2789.3,1287.67,40659.1296,E,N,N
12/14/2022,6:00,10608.5996,1396.33,5444.6299,1256.8199,11428.7998,6010.77,2789.3,1286.21,40221.4592,E1,Y,N
12/14/2022,6:00,10584.7998,1433.84,5300.3301,1179.35,10854.4004,6015.5,2702.01,1369.91,39440.1403,E2,N,N
12/14/2022,6:00,10380.7998,1356.03,5153.1099,1179.35,10685.0996,5544.7002,2839.4299,1279.25,38417.7694,E3,N,N
12/14/2022,6:00,10535.3691,1387.95,5294.5801,1210.1295,11075.4102,5867.1084,2785.0229,1304.918,39460.4882,M,N,N
12/14/2022,7:00,10062.9961,1529.9941,4969.6582,1273.8062,12156.9453,6618.2827,3009.3953,1414.3129,41035.3908,A3,N,N
12/14/2022,7:00,10269.0527,1394.3224,5094.9897,1380.8647,12022.3379,6655.8442,2946.5481,1294.8779,41058.8376,A6,N,N
12/14/2022,7:00,11622.9004,1541.05,5479.9399,1415.67,13174.0996,6786.1299,3218.4399,1470.88,44709.1097,E,N,N
12/14/2022,7:00,11526.2998,1579.49,5567.77,1383.34,12761.5996,6696.5601,3218.4399,1483.6,44217.0994,E1,Y,N
12/14/2022,7:00,11449.2998,1639.02,5447.21,1280,12164.2002,6774.0698,2957.99,1584.95,43296.7398,E2,N,N
12/14/2022,7:00,11183.5996,1516.15,5329.1001,1280,11837,6145.0801,3175.48,1449.79,41916.1998,E3,N,N
12/14/2022,7:00,11401.5947,1566.4375,5440.9209,1326.1855,12350.5137,6536.3555,3138.2915,1495.196,43255.4953,M,N,N
12/14/2022,8:00,10275.6133,1574.2646,4970.2515,1359.1619,12883.7412,6965.0913,3098.6946,1467.3591,42594.1775,A3,N,N
12/14/2022,8:00,10480.0254,1446.5916,5023.9087,1438.604,12688.3164,6983.0742,3016.7876,1381.0132,42458.3211,A6,N,N
12/14/2022,8:00,12012.4004,1612.17,5530.6001,1496.36,13993.0996,7177.7798,3384.03,1574.8101,46781.25,E,N,N
12/14/2022,8:00,11936.0996,1651.72,5622.6899,1444.96,13539.7002,7117.2798,3384.03,1592.4399,46288.9194,E1,Y,N
12/14/2022,8:00,11828.7002,1692.28,5502.5698,1334.02,12917,7212.3301,3047.6699,1693.9399,45228.5099,E2,N,N
12/14/2022,8:00,11569.9004,1585.3199,5402.8301,1334.02,12511.7998,6547.71,3283.77,1539.26,43774.6102,E3,N,N
12/14/2022,8:00,11792.5244,1632.6875,5501.8955,1386.106,13092.2705,6950.7676,3264.8491,1596.5574,45217.658,M,N,N
12/14/2022,9:00,10428.4307,1588.8083,5010.5132,1344.9871,13073.9463,7070.1094,3095.7971,1424.2994,43036.8915,A3,N,N
12/14/2022,9:00,10628.4492,1460.9305,5025.0298,1419.7405,12894.3799,7076.895,3001.5168,1296.2235,42803.1652,A6,N,N
12/14/2022,9:00,12160.0996,1616.67,5543.0601,1468.73,13911,7137.2202,3325.0901,1567.96,46729.83,E,N,N
12/14/2022,9:00,12101.7998,1652.79,5633.27,1427.67,13527.2998,7097.4502,3325.0901,1588.34,46353.7099,E1,Y,N
12/14/2022,9:00,12001,1686.3,5403.0801,1333.4301,12854.5996,7105.2002,3020.4199,1662.95,45066.9799,E2,N,N
12/14/2022,9:00,11753.9004,1601.61,5290.6899,1333.4301,12530.4004,6604.2002,3253.52,1531.36,43899.111,E3,N,N
12/14/2022,9:00,11963.5801,1637.8364,5442.2881,1377.2852,13067.7656,6932.7158,3223.873,1583.9924,45229.3366,M,N,N
12/14/2022,10:00,10625.1963,1612.1322,5046.397,1282.0327,13222.4502,7089.418,3163.47,1394.3672,43435.4636,A3,N,N
12/14/2022,10:00,10888.8096,1489.4381,5053.7139,1364.8953,13433.9023,7226.1489,3039.5371,1264.5785,43761.0237,A6,N,N
12/14/2022,10:00,12303.5,1603.88,5399.73,1452.02,13614.5,6988.1602,3346.2,1484.17,46192.1602,E,N,N
12/14/2022,10:00,12262.7002,1637.89,5488.98,1430.91,13375.9004,6971.3599,3346.2,1511.34,46025.2805,E1,Y,N
12/14/2022,10:00,12209.7998,1655.59,5295.2998,1355.42,12644.7002,6881.1201,3054.4399,1577.5,44673.8698,E2,N,N
12/14/2022,10:00,11960.5996,1591.76,5160.6899,1355.42,12457.7002,6549.4199,3323.5601,1467.24,43866.3897,E3,N,N
12/14/2022,10:00,12149.8604,1621.068,5312.271,1388.7825,12907.5195,6803.6406,3265.3359,1508.3695,44956.8474,M,N,N
12/14/2022,11:00,10798.0488,1626.5013,5181.8706,1235.1855,13119.8359,7090.8047,3220.478,1334.6992,43607.424,A3,N,N
12/14/2022,11:00,11147.127,1509.5546,5172.9785,1317.92,13374.249,7284.145,3108.802,1247.2744,44162.0505,A6,N,N
12/14/2022,11:00,12383.4004,1574.35,5470.4102,1412.5601,13250.5996,6814.3999,3325.2,1412.41,45643.3302,E,N,N
12/14/2022,11:00,12355.5996,1599.35,5563.7598,1410.1801,13188.2002,6799.8198,3325.2,1441.17,45683.2795,E1,Y,N
12/14/2022,11:00,12377.4004,1601.38,5265.46,1347.64,12428.0996,6654.6201,3070.28,1488.53,44233.4101,E2,N,N
12/14/2022,11:00,12073.0996,1564.61,5124.1201,1347.64,12363.7998,6405.46,3369.4299,1405.23,43653.3894,E3,N,N
12/14/2022,11:00,12266.3457,1583.9485,5321.3086,1373.0129,12718.9951,6627.6807,3276.9502,1436.1171,44604.3588,M,N,N
12/14/2022,12:00,10870.1631,1624.3871,5207.4937,1205.9755,12919.0732,6997.2568,3269.2751,1273.9056,43367.5301,A3,N,N
12/14/2022,12:00,11284.8291,1503.0063,5170.5718,1281.9814,13063.7451,7136.7974,3192.832,1270.7893,43904.5524,A6,N,N
12/14/2022,12:00,12321.7998,1537.59,5324.2598,1376.14,12843.0996,6656.5801,3277.8501,1338.0601,44675.3795,E,N,N
12/14/2022,12:00,12312.7998,1552.2,5415.8198,1387.47,12942.4004,6631.5601,3277.8501,1364.23,44884.3302,E1,Y,N
12/14/2022,12:00,12417.7998,1546.52,5218.8701,1336.23,12174.2998,6487.9302,3074.6899,1395.42,43651.7598,E2,N,N
12/14/2022,12:00,12052,1522.9301,5071.8501,1336.23,12236.2002,6243.2598,3395.21,1343.84,43201.5202,E3,N,N
12/14/2022,12:00,12249.1191,1538.344,5232.459,1355.0265,12488.3096,6463.5,3268.136,1360.9655,43955.8597,M,N,N
12/14/2022,13:00,10947.1133,1630.7667,5264.2334,1164.3396,12786.5303,6925.8882,3296.7544,1228.4583,43244.0842,A3,N,N
12/14/2022,13:00,11284.3018,1526.933,5213.144,1259.9492,12827.9785,7030.8506,3264.821,1192.9967,43600.9748,A6,N,N
12/14/2022,13:00,12140.2998,1514.39,5257.0298,1332.26,12434,6509.29,3240.9099,1281.16,43709.3395,E,N,N
12/14/2022,13:00,12161.0996,1518.25,5342.52,1359.02,12674.0996,6486.8101,3240.9099,1306.0699,44088.7791,E1,Y,N
12/14/2022,13:00,12338.5996,1510.33,5148.5498,1323.22,11899.7998,6359.6001,3083.3799,1322.35,42985.8292,E2,N,N
12/14/2022,13:00,11898,1493.98,4996.7998,1323.22,12081.2002,6074.4302,3422.1201,1292.03,42581.7803,E3,N,N
12/14/2022,13:00,12110.2695,1507.1965,5160.2021,1333.526,12236.9951,6314.0469,3264.9512,1301.4895,43228.6768,M,N,N
12/14/2022,14:00,11108.4688,1626.115,5225.0513,1133.4691,12648.7168,6884.7349,3353.4221,1186.8914,43166.8694,A3,N,N
12/14/2022,14:00,11311.9043,1549.3536,5277.6187,1249.174,12501.5713,7004.771,3395.2874,1159.9819,43449.6622,A6,N,N
12/14/2022,14:00,12052.4004,1509.4399,5253.8599,1323.08,12103.9004,6397.3799,3196.3999,1239.75,43076.2104,E,N,N
12/14/2022,14:00,12024.2002,1499.49,5334.0601,1358.5,12449.4004,6373.4502,3196.3999,1261.09,43496.5908,E1,Y,N
12/14/2022,14:00,12132.4004,1468.08,5110.6299,1329.87,11690,6278.6099,3064.24,1269.59,42343.4202,E2,N,N
12/14/2022,14:00,11751.5,1477.72,4972.7402,1329.87,11966.7002,5956.5801,3406.9099,1256.5699,42118.5903,E3,N,N
12/14/2022,14:00,11960.0352,1485.5105,5139.7104,1336.009,12038.7803,6207.4248,3237.0383,1258.4319,42662.9404,M,N,N
12/14/2022,15:00,11187.1406,1615.4023,5189.1807,1145.6498,12506.79,6807.438,3398.7803,1169.9365,43020.3182,A3,N,N
12/14/2022,15:00,11350.8594,1550.8739,5273.1904,1248.7648,12293.0146,6867.917,3497.167,1140.8827,43222.6698,A6,N,N
12/14/2022,15:00,11917.2998,1511.62,5172.6899,1301.77,11824.7002,6370.02,3155.5901,1236.9,42490.59,E,N,N
12/14/2022,15:00,11853,1488.5,5245.7598,1349.24,12254.2002,6335.73,3155.5901,1255.39,42937.4101,E1,Y,N
12/14/2022,15:00,11947.5,1457.45,5061.4702,1330.28,11491.2002,6285.6201,3082.9099,1269.83,41926.2604,E2,N,N
12/14/2022,15:00,11550.7002,1468.15,4932.6699,1330.28,11850.5996,5956.6201,3367.6399,1254.3199,41710.9796,E3,N,N
12/14/2022,15:00,11780.4648,1477.083,5079.1455,1330.7435,11857.7646,6195.6577,3211.6377,1255.8519,42188.3487,M,N,N
12/14/2022,16:00,11116.501,1554.4016,5179.251,1159.1837,12411.5537,6749.2759,3395.8193,1182.5052,42748.4914,A3,N,N
12/14/2022,16:00,11175.6465,1513.1014,5253.1621,1239.0569,12120.2354,6815.4609,3478.3052,1160.2332,42755.2016,A6,N,N
12/14/2022,16:00,11787,1467.79,5116.0498,1286.1,11716.4004,6411.9199,3101.6899,1239.8199,42126.7699,E,N,N
12/14/2022,16:00,11710.2002,1479.37,5188.8101,1338.96,12185.5,6375,3101.6899,1254.96,42634.4902,E1,Y,N
12/14/2022,16:00,11814.2998,1450.7,5053.6299,1325.3101,11397.0996,6340.4702,3091.8101,1270.51,41743.8297,E2,N,N
12/14/2022,16:00,11388.5996,1459.51,4934.8198,1325.3101,11835.4004,6011.4399,3307.8401,1257.87,41520.7899,E3,N,N
12/14/2022,16:00,11635.1846,1463.5144,5055.2041,1322.8411,11795.5,6244.6597,3171.3726,1257.595,41945.8715,M,N,N
12/14/2022,17:00,10953.4961,1550.377,5099.8022,1220.134,12568.0625,6771.4307,3380.9028,1214.7789,42758.9842,A3,N,N
12/14/2022,17:00,10978.502,1509.8003,5162.8013,1301.6694,12271.9053,6819.6592,3440.1572,1193.2581,42677.7528,A6,N,N
12/14/2022,17:00,11732.7998,1503.5699,5149.1099,1291.55,12037.2998,6596.9702,3117.9199,1287.6899,42716.9094,E,N,N
12/14/2022,17:00,11666.0996,1519.5,5229.3901,1347.0601,12496.9004,6560.21,3117.9199,1306.47,43243.5501,E1,Y,N
12/14/2022,17:00,11709.2998,1491.53,5092.6699,1335.54,11642.9004,6517.1401,3121.8301,1304.78,42215.6903,E2,N,N
12/14/2022,17:00,11332.5,1500.23,5013.4702,1335.54,12163.2002,6173.9399,3295.3401,1314.3,42128.5204,E3,N,N
12/14/2022,17:00,11570.1445,1503.3735,5107.5962,1331.8215,12097.666,6419.7622,3180.9946,1305.9709,42517.3294,M,N,N
12/14/2022,18:00,11073.8643,1599.0018,4969.0239,1307.8405,13289.2314,6966.3057,3356.9426,1245.5778,43807.788,A3,N,N
12/14/2022,18:00,11084.2773,1552.907,5000.8936,1378.4855,13049.5254,6964.1982,3391.6863,1207.8916,43629.8649,A6,N,N
12/14/2022,18:00,12067.2002,1610.86,5167.7202,1362,13042.4004,7031.8398,3218.8999,1398.99,44899.9105,E,N,N
12/14/2022,18:00,12042.5996,1629.1,5264.2202,1404.9399,13411.5,6985.79,3218.8999,1423.84,45380.8896,E1,Y,N
12/14/2022,18:00,11944.5,1614.29,5202.3599,1386.03,12455.7002,6905.1699,3185.6299,1415.99,44109.6699,E2,N,N
12/14/2022,18:00,11686,1614.78,5179.25,1386.03,13018.2998,6561.0601,3336.23,1436.88,44218.5299,E3,N,N
12/14/2022,18:00,11896.9551,1617.6495,5204.5405,1387.153,12979.5645,6823.8872,3251.6477,1422.714,44584.1115,M,N,N
12/14/2022,19:00,11236.7744,1678.8655,5049.3301,1327.3037,13916.6201,7380.1616,3521.9302,1309.522,45420.5076,A3,N,N
12/14/2022,19:00,11253.085,1622.5425,5110.8804,1375.3033,13763.3438,7351.7666,3497.728,1272.0487,45246.6983,A6,N,N
12/14/2022,19:00,12405.5,1711.28,5189.5601,1473.6899,13973.9004,7576.52,3460.01,1498.61,47289.0704,E,N,N
12/14/2022,19:00,12359,1734.95,5280.96,1496.71,14224.7998,7523.54,3460.01,1525.66,47605.6298,E1,Y,N
12/14/2022,19:00,12161.5,1726.96,5390.4302,1462.76,13172.2002,7411.3101,3328.3899,1523.47,46177.0204,E2,N,N
12/14/2022,19:00,12031.2998,1722.0601,5436.3799,1462.76,13768.0996,7046.8101,3502.25,1540.59,46510.2495,E3,N,N
12/14/2022,19:00,12201.9053,1724.8904,5349.0146,1472.887,13764.1699,7336.5742,3441.8892,1526.2805,46817.6111,M,N,N
12/14/2022,20:00,11041.6113,1683.7697,5170.2813,1366.767,13904.3594,7526.1475,3505.021,1316.973,45514.9302,A3,N,N
12/14/2022,20:00,11057.3779,1598.6675,5194.3867,1414.6426,13904.6191,7516.3408,3435.9207,1290.6328,45412.5881,A6,N,N
12/14/2022,20:00,12328.7998,1743.8,5411.7202,1517.66,14200.9004,7687.3101,3480.1799,1504.08,47874.4504,E,N,N
12/14/2022,20:00,12279.9004,1767.85,5499.52,1534.64,14376.7998,7631.6602,3480.1799,1526.78,48097.3303,E1,Y,N
12/14/2022,20:00,12007.4004,1761.3101,5450.7202,1494.22,13280.5,7452.8999,3305.3999,1503.6801,46256.1306,E2,N,N
12/14/2022,20:00,12039.7002,1762.14,5445.2002,1494.22,13948.5996,7151.1201,3500.8201,1548.38,46890.1802,E3,N,N
12/14/2022,20:00,12135.04,1760.609,5455.1387,1507.8411,13926.4697,7427.1289,3443.709,1525.16,47181.0964,M,N,N
12/14/2022,21:00,10880.8398,1697.26,5248.353,1362.8864,13963.5791,7501.5762,3464.5281,1320.3398,45439.3624,A3,N,N
12/14/2022,21:00,10946.457,1599.0354,5273.1748,1401.3276,14103.8828,7592.2666,3369.5972,1310.553,45596.2944,A6,N,N
12/14/2022,21:00,12135.4004,1761.47,5530.46,1516.27,14259.5,7704.96,3439.9099,1510.1801,47858.1504,E,N,N
12/14/2022,21:00,12096.2998,1783.62,5609.6401,1532.71,14373.7002,7624.0298,3439.9099,1528.23,47988.1398,E1,Y,N
12/14/2022,21:00,11739.5996,1782.0601,5498.5298,1493.1899,13213,7390.5898,3261.55,1486.6899,45865.2091,E2,N,N
12/14/2022,21:00,11951.5,1785.67,5424.3198,1493.1899,14003.7002,7158.4502,3442.8501,1551.3,46810.9802,E3,N,N
12/14/2022,21:00,11962.3105,1780.625,5505.123,1506.532,13936.8945,7414.8564,3396.3491,1523.212,47025.9025,M,N,N
12/14/2022,22:00,10688.3379,1688.2598,5375.3579,1328.2581,13658.6729,7413.6826,3404.2637,1297.2615,44854.0944,A3,N,N
12/14/2022,22:00,10775.0029,1566.9398,5386.3428,1327.0304,13491.9971,7446.853,3282.3728,1305.6897,44582.2285,A6,N,N
12/14/2022,22:00,11810.0996,1741.62,5596.4302,1473.76,14024.5996,7591.5098,3360.52,1477.48,47076.0192,E,N,N
12/14/2022,22:00,11781.2002,1758.4301,5675.6401,1496.1801,14079.7998,7475.0298,3360.52,1484.8199,47111.62,E1,Y,N
12/14/2022,22:00,11362.7998,1758.02,5510.8398,1463.26,12878.7998,7184.8999,3195.8799,1441.17,44795.6692,E2,N,N
12/14/2022,22:00,11716,1767.38,5425.8301,1463.26,13808.7998,7027.6299,3338.1399,1512.1,46059.1397,E3,N,N
12/14/2022,22:00,11658.1152,1758.9385,5535.125,1473.0649,13676.4199,7263.3794,3311.5269,1482.3545,46158.9243,M,N,N
12/14/2022,23:00,10297.1445,1614.7382,5336.354,1256.7748,13072.292,7126.0864,3257.4678,1275.6063,43236.464,A3,N,N
12/14/2022,23:00,10416.3418,1495.8879,5401.3799,1207.1433,12650.417,7022.4043,3109.5054,1278.2272,42581.3068,A6,N,N
12/14/2022,23:00,11308.2998,1652.4,5564.6899,1374.6899,13383.0996,7257.1499,3160.0701,1385.25,45085.6492,E,N,N
12/14/2022,23:00,11290.2002,1665.2,5656.54,1410.89,13444.9004,7144.8999,3160.0701,1401.02,45173.7206,E1,Y,N
12/14/2022,23:00,10889.2002,1657.6,5477.1499,1391.42,12233.2002,6794.6401,3028.6101,1351.39,42823.2105,E2,N,N
12/14/2022,23:00,11272,1682.36,5349.2002,1391.42,13284.4004,6752.1401,3137.49,1414.47,44283.4807,E3,N,N
12/14/2022,23:00,11186.2949,1667.386,5490.3462,1393.7781,13076.5303,6936.7065,3119.3022,1390.9545,44261.2987,M,N,N
12/14/2022,24:00,9812.3252,1526.2533,5260.001,1193.0033,12184.3271,6734.3931,3076.0146,1227.1287,41013.4463,A3,N,N
12/14/2022,24:00,9942.6221,1414.1671,5229.3745,1116.176,11957.2256,6728.417,2919.365,1205.2483,40512.5956,A6,N,N
12/14/2022,24:00,10784.9004,1570.79,5467.3501,1291.48,12699.2002,6898.21,2931.46,1302.5,42945.8907,E,N,N
12/14/2022,24:00,10778.7002,1578.9399,5566.25,1340.79,12768,6786.6802,2931.46,1324.4301,43075.2504,E1,Y,N
12/14/2022,24:00,10387.9004,1564.28,5404.6201,1332.17,11530.9004,6368.6001,2835.3899,1262.64,40686.5009,E2,N,N
12/14/2022,24:00,10812.5996,1603.99,5236.5498,1332.17,12722.5996,6460.1401,2924.73,1339.23,42432.0091,E3,N,N
12/14/2022,24:00,10693.7949,1582.8201,5395.6123,1328.2216,12432.5146,6584.6006,2905.0869,1310.873,42233.524,M,N,N
12/15/2022,1:00,9481.3564,1464.587,5248.9961,1175.2715,11571.1895,6402.52,2965.6001,1246.66,39556.1806,A3,N,N
12/15/2022,1:00,9716.9824,1385.1296,5354.5103,1253.6572,11407.0811,6403.9971,2827.4231,1113.2678,39462.0486,A6,N,N
12/15/2022,1:00,10463.9004,1494.12,5035.6899,1216.9399,12108.2002,6566.79,2758.9099,1238.59,40883.1403,E,N,N
12/15/2022,1:00,10465.5,1509.46,5165.8301,1276.71,12236.4004,6513,2758.9099,1281.46,41207.2704,E1,Y,N
12/15/2022,1:00,10145.4004,1484.4,5343.3799,1274.97,10988.0996,6047.8101,2647.1201,1224.38,39155.5601,E2,N,N
12/15/2022,1:00,10477.7998,1540.88,5151.3701,1274.97,12255.5,6258.8301,2760.95,1261.21,40981.51,E3,N,N
12/15/2022,1:00,10389.54,1511.891,5185.6357,1266.7004,11911.7793,6315.8115,2731.6765,1253.672,40566.7064,M,N,N
12/15/2022,2:00,9240.7969,1431.9257,5130.6968,1148.1616,11335.124,6254.5044,2834.5327,1270.2981,38646.0402,A3,N,N
12/15/2022,2:00,9534.4336,1358.3115,5297.0581,1233.9944,11303.958,6309.0366,2687.0278,1136.1886,38860.0086,A6,N,N
12/15/2022,2:00,10257.2002,1454.58,4836.3501,1176.85,11741.2998,6335.1899,2635.0601,1233.67,39670.2001,E,N,N
12/15/2022,2:00,10262.2002,1475.1899,4982.2598,1233.63,11916,6316.23,2635.0601,1284.52,40105.09,E1,Y,N
12/15/2022,2:00,9954.6201,1443.35,5305.9102,1234.33,10652.2998,5825.3901,2516.8501,1230.9399,38163.6902,E2,N,N
12/15/2022,2:00,10253.2998,1512.1899,5094.27,1234.33,11984.7002,6094.3301,2639.0701,1227.34,40039.5301,E3,N,N
12/15/2022,2:00,10181.4395,1477.0885,5080.4897,1225.533,11597.916,6118.6992,2606.9111,1243.4845,39531.5615,M,N,N
12/15/2022,3:00,9111.4189,1423.2841,5049.7793,1168.2948,11191.625,6183.5088,2763.9468,1300.1768,38192.0345,A3,N,N
12/15/2022,3:00,9538.5537,1347.0896,5143.0679,1245.2324,11189.957,6238.6411,2607.8909,1184.2473,38494.6799,A6,N,N
12/15/2022,3:00,10161,1430.89,4756.1602,1153.23,11593.9004,6234.5098,2562.3601,1224.95,39117.0005,E,N,N
12/15/2022,3:00,10176.2002,1456.38,4921.23,1209.27,11792.5996,6250.0698,2562.3601,1289.49,39657.5997,E1,Y,N
12/15/2022,3:00,9890.1104,1416.52,5327.73,1212.6,10522.5,5725.3901,2427.8301,1230.48,37753.1606,E2,N,N
12/15/2022,3:00,10142.2002,1506.17,5118.3701,1212.6,11912.2998,6054.7002,2572.51,1212.22,39731.0703,E3,N,N
12/15/2022,3:00,10090.498,1460.0181,5067.0938,1202.8621,11487.1641,6048.1865,2532.28,1238.012,39126.1146,M,N,N
12/15/2022,4:00,9195.4395,1445.8435,4936.8608,1158.6791,11321.3564,6236.145,2730.7161,1314.1222,38339.1626,A3,N,N
12/15/2022,4:00,9785.3916,1384.2937,4974.9023,1223.9087,11380.8398,6309.5596,2574.9153,1211.6348,38845.4458,A6,N,N
12/15/2022,4:00,10214.7002,1454.84,4871.9302,1163.05,11712.4004,6290.4702,2549.6499,1240.67,39497.7109,E,N,N
12/15/2022,4:00,10253.0996,1481.92,5042.7402,1213.35,11912.7002,6309.2002,2549.6499,1304.33,40066.9901,E1,Y,N
12/15/2022,4:00,9929.54,1437,5345.3999,1216.7,10617.0996,5746.2598,2408.24,1234.4301,37934.6694,E2,N,N
12/15/2022,4:00,10217,1541.9399,5154.6499,1216.7,12117.9004,6108.27,2560.6101,1232.49,40149.5603,E3,N,N
12/15/2022,4:00,10153.8154,1487.635,5131.9521,1207.8149,11630.5752,6095.3301,2518.1333,1252.162,39477.418,M,N,N
12/15/2022,5:00,9427.0498,1501.1846,4716.8203,1178.0037,11701.8594,6469.6021,2731.0381,1329.4692,39055.0272,A3,N,N
12/15/2022,5:00,10146.0752,1438.5262,4886.8174,1270.1056,11775.6758,6556.7246,2584.1533,1224.8773,39882.9554,A6,N,N
12/15/2022,5:00,10458.7002,1518.76,5082.7202,1204.42,12157.9004,6507.98,2621.51,1302.95,40854.9408,E,N,N
12/15/2022,5:00,10526.5996,1543.47,5257.3501,1253.16,12354.7002,6529.2798,2621.51,1364.21,41450.2797,E1,Y,N
12/15/2022,5:00,10178.5,1498.22,5342.75,1257.71,11019.9004,5906.52,2453.3401,1289.9301,38946.8706,E2,N,N
12/15/2022,5:00,10472.2998,1612.4,5148.9302,1257.71,12649.2998,6327.1899,2621.3899,1293.89,41383.1096,E3,N,N
12/15/2022,5:00,10410.3848,1552.5765,5214.5586,1248.579,12094.5898,6299.6631,2579.4253,1311.8391,40711.6162,M,N,N
12/15/2022,6:00,10031.9131,1592.3375,4753.9404,1238.1232,12566.3359,6872.3604,2852.0366,1426.6831,41333.7302,A3,N,N
12/15/2022,6:00,10892.999,1534.4865,4837.0503,1318.4375,12678.5156,6979.1899,2724.3713,1317.319,42282.3691,A6,N,N
12/15/2022,6:00,11137.7998,1662.25,5326.29,1312.46,13187.9004,7014.29,2860.1101,1416.89,43917.9903,E,N,N
12/15/2022,6:00,11252.9004,1689.04,5505.1802,1363.28,13361.2998,7044.3101,2860.1101,1472.5699,44548.6905,E1,Y,N
12/15/2022,6:00,10893.5996,1643.97,5350.2002,1367.62,11966.7002,6316.1201,2610.22,1402.12,41550.5501,E2,N,N
12/15/2022,6:00,11145.2998,1761.0601,5145.52,1367.62,13715.2002,6818.48,2850.73,1400.95,44204.8601,E3,N,N
12/15/2022,6:00,11108.1504,1698.9612,5313.7207,1358.261,13110.5059,6778.7188,2794.3545,1421.5386,43584.2111,M,N,N
12/15/2022,7:00,10799.25,1770.2194,4847.731,1412.364,13905.6992,7609.8311,3126.3042,1563.3019,45034.7008,A3,N,N
12/15/2022,7:00,11730.4629,1689.407,5007.5439,1514.2548,14030.1582,7695.5884,3003.4822,1459.1262,46130.0236,A6,N,N
12/15/2022,7:00,12054.4004,1890.25,5426.2002,1477.78,14716.5,7825.98,3320.0701,1583.5601,48294.7408,E,N,N
12/15/2022,7:00,12226.7998,1921.4,5592.7998,1535.52,14874.4004,7883.5298,3320.0701,1626.75,48981.2699,E1,Y,N
12/15/2022,7:00,11871.2002,1877.86,5462.2402,1539.54,13436.9004,7006.8301,2918.28,1583.21,45696.0609,E2,N,N
12/15/2022,7:00,12050.7002,1991.87,5269.6699,1539.54,15253.0996,7608.0898,3290.3101,1547.34,48550.6196,E3,N,N
12/15/2022,7:00,12050.4053,1930.5071,5422.0742,1529.271,14623.8857,7559.3184,3209.2065,1581.5929,47906.2611,M,N,N
12/15/2022,8:00,10978.3652,1843.5903,4837.1221,1495.0096,14737.1885,7960.1563,3230.387,1613.1145,46694.9335,A3,N,N
12/15/2022,8:00,11856.0078,1748.0977,4934.6299,1588.3362,14881.9121,8067.7773,3099.7625,1539.5721,47716.0956,A6,N,N
12/15/2022,8:00,12405,1969.99,5479.8501,1552.02,15507.0996,8230.8301,3525.4199,1675.39,50345.5997,E,N,N
12/15/2022,8:00,12607.2998,2004.0601,5631.8198,1610.23,15673.7998,8322.7598,3525.4199,1712.15,51087.5392,E1,Y,N
12/15/2022,8:00,12242.2998,1965.09,5502.3799,1617.5699,14264.2002,7392.73,3060.98,1677.29,47722.5398,E2,N,N
12/15/2022,8:00,12422.5,2072.5,5325.5898,1617.5699,16089.9004,8043.9102,3480.76,1638.64,50691.3703,E3,N,N
12/15/2022,8:00,12421.0254,2013.161,5469.4839,1605.9023,15442.0293,7978.8652,3393.6792,1672.1924,49996.3387,M,N,N
12/15/2022,9:00,11070.4326,1864.5071,4894.2056,1469.3899,14683.7871,7986.0703,3214.2104,1556.2733,46738.8763,A3,N,N
12/15/2022,9:00,11924.5195,1761.9622,4939.916,1568.7687,14871.2646,8132.7476,3081.0505,1439.282,47719.5111,A6,N,N
12/15/2022,9:00,12461.5996,1918.65,5503.6899,1516.63,15168.9004,8040.02,3436.5701,1663.1801,49709.2401,E,N,N
12/15/2022,9:00,12657.9004,1963.55,5661.5601,1575.52,15441.2002,8191.9199,3436.5701,1701.0699,50629.2906,E1,Y,N
12/15/2022,9:00,12347.2002,1921.85,5421.27,1585.01,14109.5996,7325.7798,3021.26,1682.52,47414.4896,E2,N,N
12/15/2022,9:00,12474.7998,2018.47,5239,1585.01,15818.2002,7943.7202,3394.1499,1637.54,50110.8901,E3,N,N
12/15/2022,9:00,12486.6943,1965.6121,5429.9111,1572.3805,15199.4053,7865.7295,3317.8955,1668.5134,49506.1417,M,N,N
12/15/2022,10:00,11099.9453,1885.882,4951.9629,1395.6864,14820.9541,7887.0615,3251.7517,1507.5245,46800.7684,A3,N,N
12/15/2022,10:00,11878.5664,1762.5703,4970.1929,1483.1595,14886.8438,8056.2373,3059.8442,1399.5535,47496.9679,A6,N,N
12/15/2022,10:00,12408.0996,1845.73,5393.6299,1481.5,14572.5996,7676.25,3364.1201,1554.23,48296.1592,E,N,N
12/15/2022,10:00,12592.7998,1898.98,5552.0698,1546.51,14971.4004,7896.73,3364.1201,1605.41,49428.0201,E1,Y,N
12/15/2022,10:00,12363.7002,1850.17,5347.3701,1563.15,13749.0996,7153.1699,2999.26,1609.27,46635.1898,E2,N,N
12/15/2022,10:00,12419.5,1937.01,5169.0698,1563.15,15253.7998,7680.6401,3311.6399,1545.51,48880.3196,E3,N,N
12/15/2022,10:00,12447.1641,1892.1005,5343.0791,1546.7424,14704.8457,7602.1367,3254.5371,1577.7329,48368.3385,M,N,N
12/15/2022,11:00,11031.8945,1876.1754,5092.7588,1338.4504,14518.1162,7700.4385,3270.2607,1436.4058,46264.5003,A3,N,N
12/15/2022,11:00,11594.9219,1713.5598,5093.2007,1408.3638,14382.4033,7839.7339,3080.3967,1347.0027,46459.5828,A6,N,N
12/15/2022,11:00,12339.7002,1750.04,5475.0298,1432.38,13958.0996,7306.0801,3249.9099,1457.9399,46969.1795,E,N,N
12/15/2022,11:00,12505.4004,1811.12,5621.9302,1504.48,14457.7998,7576.1401,3249.9099,1514.4399,48241.2203,E1,Y,N
12/15/2022,11:00,12361.2002,1759.49,5311.4702,1519.96,13339,6958.6699,2964.6799,1534.58,45749.0502,E2,N,N
12/15/2022,11:00,12334.4004,1830.45,5158.48,1519.96,14614.2998,7372.6201,3225.8201,1461.08,47517.1104,E3,N,N
12/15/2022,11:00,12384.6455,1795.8159,5360.0723,1502.9529,14157.9199,7310.0317,3170.1709,1492.324,47173.9331,M,N,N
12/15/2022,12:00,10913.249,1812.7817,5115.959,1298.4188,14117.4443,7451.4282,3280.5464,1355.8124,45345.6398,A3,N,N
12/15/2022,12:00,11356.7393,1661.8243,5090.5352,1363.6847,13670.7803,7521.5166,3150.6885,1281.8738,45097.6427,A6,N,N
12/15/2022,12:00,12182,1650.99,5345.1099,1396.86,13327.4004,6990.1899,3122.0901,1340.64,45355.2803,E,N,N
12/15/2022,12:00,12319.4004,1715.63,5485.1201,1471.5601,13896.2998,7296.1899,3122.0901,1403.24,46709.5304,E1,Y,N
12/15/2022,12:00,12227.7998,1665.41,5277.0801,1483.97,12881.7998,6795.5601,2931,1424.09,44686.7098,E2,N,N
12/15/2022,12:00,12174.9004,1719.77,5146,1483.97,13922.9004,7089.3599,3176.03,1370.1899,46083.1206,E3,N,N
12/15/2022,12:00,12225.3154,1694.8281,5293.4165,1467.801,13566.6504,7052.7422,3093.1965,1387.4949,45781.445,M,N,N
12/15/2022,13:00,10779.5459,1776.3557,5183.8203,1245.0664,13758.6553,7238.8765,3284.8782,1299.1685,44566.3668,A3,N,N
12/15/2022,13:00,11165.0313,1645.897,5129.7822,1328.9249,13520.5166,7245.02,3216.303,1221.163,44472.638,A6,N,N
12/15/2022,13:00,12003.4004,1578.09,5283.5698,1348.76,12739.7002,6717.3701,3026.1499,1262.5,43959.5404,E,N,N
12/15/2022,13:00,12105.9004,1643.5699,5415.27,1426.3199,13331.7002,7037.1699,3026.1499,1329.38,45315.4602,E1,Y,N
12/15/2022,13:00,12036,1597.1801,5210.4302,1437.38,12414.7998,6655.6899,2927.97,1346.28,43625.73,E2,N,N
12/15/2022,13:00,11985.9004,1634.21,5095.5601,1437.38,13250.2998,6847.3198,3187.78,1313.9,44752.3501,E3,N,N
12/15/2022,13:00,12031.0508,1618.8745,5232.4063,1421.322,12985.1855,6827.3823,3058.1753,1318.155,44492.5517,M,N,N
12/15/2022,14:00,10841.9326,1743.0531,5209.6353,1199.8719,13509.2363,7089.436,3324.3804,1246.8425,44164.3881,A3,N,N
12/15/2022,14:00,11085.9775,1640.4387,5136.6499,1303.8361,13440.4678,7333.771,3338.9443,1231.1079,44511.1932,A6,N,N
12/15/2022,14:00,11916.4004,1531.51,5277.25,1335.78,12288.0996,6510.25,2996.22,1203.14,43058.65,E,N,N
12/15/2022,14:00,11996.4004,1595.59,5398.23,1417.66,12888.7002,6831.96,2996.22,1269.71,44394.4706,E1,Y,N
12/15/2022,14:00,11925.2998,1554.85,5164.0098,1427.1,12048.2002,6548.3301,2960.6799,1286.34,42914.8098,E2,N,N
12/15/2022,14:00,11891.9004,1578.17,5072.9902,1427.1,12735.4004,6707.6001,3242.3701,1272.02,43927.5512,E3,N,N
12/15/2022,14:00,11930.0498,1569.696,5207.6938,1411.042,12534.8301,6669.2705,3073.4873,1264.6906,43660.7601,M,N,N
12/15/2022,15:00,10846.6592,1713.8757,5226.7515,1186.4529,13200.5605,6967.1875,3358.6309,1220.1017,43720.2199,A3,N,N
12/15/2022,15:00,11041.8965,1626.6256,5190.0146,1297.7834,13030.6104,7231.1055,3431.9912,1200.7173,44050.7445,A6,N,N
12/15/2022,15:00,11829.2998,1512.85,5178.75,1308.41,11909.7998,6404.3301,2977.0701,1190.91,42311.4198,E,N,N
12/15/2022,15:00,11887.2002,1575.73,5288.6299,1394.1899,12501.2998,6731.5,2977.0701,1252.64,43608.2599,E1,Y,N
12/15/2022,15:00,11792.7998,1541.42,5095.04,1402.91,11734.2998,6502.0698,3000.6799,1276.51,42345.7293,E2,N,N
12/15/2022,15:00,11811.7002,1548.92,4999.6001,1402.91,12324.2998,6697.9302,3273.8601,1252.8199,43312.0403,E3,N,N
12/15/2022,15:00,11828.4902,1548.3369,5122.5898,1386.5549,12158.875,6613.3174,3086.8491,1249.411,42994.4243,M,N,N
12/15/2022,16:00,10777.4033,1642.9501,5208.269,1185.7397,13074.9404,6884.3247,3353.2637,1229.3933,43356.2842,A3,N,N
12/15/2022,16:00,10880.0488,1589.5139,5279.9385,1284.8551,12820.082,7126.4644,3409.7886,1214.0076,43604.6989,A6,N,N
12/15/2022,16:00,11794.5996,1505.39,5083.6899,1287.1899,11756.4004,6382.5098,2955.1001,1193.05,41957.9297,E,N,N
12/15/2022,16:00,11839.2002,1563.29,5211.9102,1376.8,12306.4004,6726.75,2955.1001,1246.86,43226.3109,E1,Y,N
12/15/2022,16:00,11718.7002,1530.21,5067.9702,1383.59,11597.5,6514.8301,3031.55,1272.64,42116.9905,E2,N,N
12/15/2022,16:00,11784.7998,1533.79,4951.4199,1383.59,12139.9004,6735.4502,3277.76,1241.55,43048.2603,E3,N,N
12/15/2022,16:00,11783.3447,1536.01,5065.5205,1367.4325,11988.4004,6625.1787,3087.1436,1243.375,42696.4054,M,N,N
12/15/2022,17:00,10673.3262,1635.0446,5123.6533,1243.0416,13333.7764,6915.8384,3340.7957,1262.4855,43527.9617,A3,N,N
12/15/2022,17:00,10697.0889,1597.2056,5203.9194,1350.996,13065.4678,7125.4712,3372.4612,1243.1893,43655.7994,A6,N,N
12/15/2022,17:00,11855.7002,1554.55,5095.46,1290.6801,11973.5996,6548.6499,2991.3501,1228.09,42538.0799,E,N,N
12/15/2022,17:00,11915.0996,1612.6801,5220.1201,1383.4399,12542.2998,6910.4702,2991.3501,1281.59,43857.0498,E1,Y,N
12/15/2022,17:00,11734.5,1586.5601,5075.96,1387.66,11863.9004,6676.5298,3068.28,1309.54,42702.9303,E2,N,N
12/15/2022,17:00,11886.7998,1584.5601,4957.3599,1387.66,12377.7002,6886.1499,3293.98,1275.09,43649.2999,E3,N,N
12/15/2022,17:00,11851.1348,1587.5886,5073.415,1372.0581,12229.7852,6789.1997,3116.5029,1278.2775,43297.9618,M,N,N
12/15/2022,18:00,10959.2637,1680.1346,4991.1777,1343.5728,14180.5898,7158.104,3328.5889,1293.0839,44934.5154,A3,N,N
12/15/2022,18:00,10905.0674,1679.5205,5036.7656,1428.5114,13952.3965,7307.9233,3333.5903,1252.7776,44896.5526,A6,N,N
12/15/2022,18:00,12264,1672.79,5090.23,1351.85,12935,7022.98,3112.8501,1342.16,44791.8601,E,N,N
12/15/2022,18:00,12363.5,1731.76,5202.71,1451.63,13479.9004,7378.6802,3112.8501,1388.23,46109.2607,E1,Y,N
12/15/2022,18:00,12114.7002,1726.8199,5134.02,1456.6,12804.4004,7091.3701,3130.46,1433.59,44891.9606,E2,N,N
12/15/2022,18:00,12396.5996,1707.65,5051.3198,1456.6,13312.2002,7324.79,3355.5,1381.15,45985.8096,E3,N,N
12/15/2022,18:00,12297.96,1713.241,5115.6787,1439.645,13170.5957,7234.6367,3202.1799,1390.1815,45564.1185,M,N,N
12/15/2022,19:00,11271.6328,1787.6503,5072.2036,1366.1426,14736.7686,7646.6831,3512.7214,1357.3364,46751.1388,A3,N,N
12/15/2022,19:00,11181.2686,1834.7288,5144.8696,1427.1371,14134.7236,7626.2227,3455.5662,1321.7009,46126.2175,A6,N,N
12/15/2022,19:00,12638.2998,1790.38,5109.9702,1443.38,13855.4004,7624.7202,3384.22,1449.62,47295.9906,E,N,N
12/15/2022,19:00,12752.7002,1859.73,5205.27,1554.0699,14351,8002.5098,3384.22,1495.37,48604.8699,E1,Y,N
12/15/2022,19:00,12481.9004,1866.34,5306.0698,1560.98,13694.7002,7625.1099,3277.1201,1551.89,47364.1104,E2,N,N
12/15/2022,19:00,12743.7998,1832.75,5296.8701,1560.98,14218.7998,7856.4102,3538.8501,1492.5699,48541.0299,E3,N,N
12/15/2022,19:00,12664.7246,1841.5369,5248.2354,1541.6124,14066.3154,7800.3564,3411.5654,1501.6575,48076.004,M,N,N
12/15/2022,20:00,11159.0986,1822.25,5195.0659,1399.5735,14781.2109,7851.9839,3510.3826,1368.8639,47088.4293,A3,N,N
12/15/2022,20:00,11064.7832,1840.4978,5228.5591,1467.7913,13891.835,7607.5024,3407.7439,1346.8047,45855.5174,A6,N,N
12/15/2022,20:00,12657.0996,1827.02,5352.7402,1487.64,14102.7998,7747.52,3446.0601,1451.65,48072.5297,E,N,N
12/15/2022,20:00,12756.5996,1914.99,5443.3999,1595.66,14536.2998,8117.9199,3446.0601,1500.21,49311.1393,E1,Y,N
12/15/2022,20:00,12492.0996,1920.79,5387.7202,1607.26,13935.2998,7729.9199,3275.03,1549.33,47897.4495,E2,N,N
12/15/2022,20:00,12711.5,1883.49,5402.23,1607.26,14489.0996,7976.1001,3506.8,1510.8,49087.2797,E3,N,N
12/15/2022,20:00,12659.7656,1892.2195,5401.4717,1586.417,14304.5049,7915.7227,3424.5615,1508.9125,48693.5754,M,N,N
12/15/2022,21:00,11050.5537,1849.6857,5242.147,1386.6713,14810.3496,7835.5908,3481.7729,1376.8365,47033.6075,A3,N,N
12/15/2022,21:00,11006.5391,1846.9082,5308.396,1452.4093,14161.5381,7657.3555,3352.8284,1367.2203,46153.1949,A6,N,N
12/15/2022,21:00,12566.2998,1843.15,5468.04,1482.13,14159.5996,7769.8501,3446.71,1461.47,48197.2495,E,N,N
12/15/2022,21:00,12652.7002,1932.75,5546.5898,1583.4301,14528.0996,8115.7998,3446.71,1516.72,49322.7995,E1,Y,N
12/15/2022,21:00,12376.2998,1950.67,5428.6099,1599.34,13965.0996,7749.0801,3227.1299,1548.64,47844.8693,E2,N,N
12/15/2022,21:00,12632.4004,1905.77,5419.3301,1599.34,14559.7002,8011.1401,3436.0701,1541.3199,49105.0708,E3,N,N
12/15/2022,21:00,12563.5352,1914.3469,5460.7715,1577.781,14343.1348,7935.5962,3388.0911,1525.0225,48708.2792,M,N,N
12/15/2022,22:00,10917.8252,1836.3929,5322.8237,1342.027,14459.04,7763.5532,3424.9756,1356.8505,46423.4881,A3,N,N
12/15/2022,22:00,10878.8984,1802.9264,5347.0034,1377.9631,14029.7461,7756.1021,3275.2493,1339.1399,45807.0287,A6,N,N
12/15/2022,22:00,12351.9004,1819.23,5535.9102,1440.4301,13899.5,7661.3999,3401.9399,1443.51,47553.8205,E,N,N
12/15/2022,22:00,12415.7002,1907.26,5621.04,1535.5601,14207.5996,7977.9399,3401.9399,1498.45,48565.4897,E1,Y,N
12/15/2022,22:00,12131.5,1936.62,5448.8301,1553.4399,13696,7657.3599,3157.04,1527.86,47108.6499,E2,N,N
12/15/2022,22:00,12435.5996,1884.42,5426.7202,1553.4399,14323.7002,7931.4502,3344.3899,1534.42,48434.14,E3,N,N
12/15/2022,22:00,12342.0449,1893.4015,5497.2061,1532.0186,14074.1201,7834.043,3320.5728,1510.151,48003.558,M,N,N
12/15/2022,23:00,10553.2646,1762.7145,5265.0303,1260.2755,13773.7197,7457.9165,3278.4541,1336.9547,44688.3299,A3,N,N
12/15/2022,23:00,10570.417,1722.5955,5288.5327,1253.7135,13504.5176,7508.229,3109.6421,1256.5767,44214.2241,A6,N,N
12/15/2022,23:00,11959.2002,1729.01,5488.5098,1355.97,13372.5996,7344.9702,3227.9399,1384.38,45862.5797,E,N,N
12/15/2022,23:00,11993.7998,1810.16,5590.4702,1439.52,13643.4004,7601.3101,3227.9399,1438.73,46745.3304,E1,Y,N
12/15/2022,23:00,11699.7998,1837.63,5404.1602,1463.77,13127.9004,7335.3901,3004.3501,1465.71,45338.7106,E2,N,N
12/15/2022,23:00,12064.2998,1800.92,5351.0498,1463.77,13924.2998,7607.6201,3172.45,1486.8,46871.2095,E3,N,N
12/15/2022,23:00,11939.7852,1801.621,5444.8018,1441.5376,13572.2197,7498.5879,3152.6211,1454.147,46305.3213,M,N,N
12/15/2022,24:00,10103.5391,1658.3163,5186.8066,1191.4467,12951.5928,7052.3618,3090.9907,1290.527,42525.581,A3,N,N
12/15/2022,24:00,10158.457,1620.2065,5135.4175,1160.6094,12806.3779,7144.0703,2925.5168,1206.7743,42157.4297,A6,N,N
12/15/2022,24:00,11525.9004,1643.33,5403.6499,1285.77,12785.5996,6996.8599,3021.0901,1318.5699,43980.7698,E,N,N
12/15/2022,24:00,11533.5996,1718.96,5515.7798,1359.51,13024.5,7188.9302,3021.0901,1377.77,44740.1397,E1,Y,N
12/15/2022,24:00,11217.2998,1744.33,5347.0801,1392.08,12495.2998,6982.71,2828.6201,1394.78,43402.1998,E2,N,N
12/15/2022,24:00,11661.9004,1723.59,5275.8501,1392.08,13462.9004,7248.3701,2978.53,1449.17,45192.391,E3,N,N
12/15/2022,24:00,11498.2754,1715.5785,5372.8101,1367.991,13009.8047,7129.3691,2958.0767,1398.1326,44450.0381,M,N,N
12/16/2022,1:00,9780.0791,1590.4803,5168.5693,1171.1675,12260.7676,6669.2363,2978.7998,1312.4073,40931.5072,A3,N,N
12/16/2022,1:00,9956.0273,1559.8292,5294.0596,1295.0885,12118.0518,6763.9063,2848.9297,1166.5925,41002.4849,A6,N,N
12/16/2022,1:00,11219.7002,1583.8101,4968.77,1238.96,12461.2998,6726.7202,2842.1899,1287.14,42328.5902,E,N,N
12/16/2022,1:00,11214.4004,1654.66,5113.0698,1302.7,12693.2998,6846.1099,2842.1899,1345.12,43011.5498,E1,Y,N
12/16/2022,1:00,10888.0996,1662.9,5280.6499,1346.39,12058.5,6644.0601,2679.05,1363.83,41923.4796,E2,N,N
12/16/2022,1:00,11364.7002,1680.05,5194.8301,1346.39,13346.2998,6935.1802,2854.78,1431.53,44153.7603,E3,N,N
12/16/2022,1:00,11186.2246,1654.979,5161.936,1319.353,12728.3496,6808.8638,2805.8115,1371.344,43036.8615,M,N,N
12/16/2022,2:00,9519.5518,1556.5083,5108.5684,1142.5709,11961.8184,6505.9185,2847.2292,1333.1964,39975.3619,A3,N,N
12/16/2022,2:00,9814.5381,1523.3722,5241.5688,1296.9075,11873.0244,6637.835,2730.2749,1182.6523,40300.1732,A6,N,N
12/16/2022,2:00,10978.4004,1554.72,4754.9302,1212.4301,12249.9004,6530.4399,2713.3899,1290.1,41284.3109,E,N,N
12/16/2022,2:00,10964.7002,1625.42,4918.75,1263.89,12473.0996,6620.6401,2713.3899,1344.97,41924.8598,E1,Y,N
12/16/2022,2:00,10639.2002,1626.3101,5230.2202,1311.67,11755.9004,6412.5298,2566.95,1366.0699,40908.8506,E2,N,N
12/16/2022,2:00,11129.2002,1663.67,5127.6899,1311.67,13194.2002,6720.1001,2773.3101,1428.29,43348.1305,E3,N,N
12/16/2022,2:00,10942.9551,1628.425,5045.1733,1284.839,12512.7051,6589.8936,2697.752,1371.1765,42072.9196,M,N,N
12/16/2022,3:00,9363.0654,1542.1179,4981.2256,1161.6915,11913.1074,6435.2915,2778,1364.2186,39538.7179,A3,N,N
12/16/2022,3:00,9697.1475,1496.0393,5094.1982,1332.3834,11820,6584.3511,2674.7781,1229.7083,39928.6059,A6,N,N
12/16/2022,3:00,10848.0996,1538.6899,4684.8799,1206.1,12283.2002,6482.8398,2630.54,1299.97,40974.3194,E,N,N
12/16/2022,3:00,10837,1611.03,4866.9302,1248.54,12489,6531.3301,2630.54,1349.0601,41563.4304,E1,Y,N
12/16/2022,3:00,10510,1602.5699,5261.21,1301.33,11699.2998,6312.0898,2498.22,1368.48,40553.1995,E2,N,N
12/16/2022,3:00,11011.2998,1661.8,5158.04,1301.33,13308.0996,6650.8501,2724.21,1441.4,43257.0295,E3,N,N
12/16/2022,3:00,10817.9199,1615.8335,5040.0811,1273.848,12547.3896,6511.0791,2630.2444,1378.8705,41815.2661,M,N,N
12/16/2022,4:00,9387.6025,1566.2379,4871.2412,1155.3657,12031.1416,6498.645,2746.1941,1378.9762,39635.4042,A3,N,N
12/16/2022,4:00,9806.4824,1518.7006,4933.415,1326.6447,11988.2568,6633.0586,2665.4202,1255.0564,40127.0347,A6,N,N
12/16/2022,4:00,10869.2998,1562.3,4808.3101,1214.89,12483.2002,6566.9199,2620.97,1303.75,41429.64,E,N,N
12/16/2022,4:00,10877,1636.79,4994.1602,1248.64,12658.9004,6595.73,2620.97,1356.62,41988.8106,E1,Y,N
12/16/2022,4:00,10545.4004,1632.48,5286.2002,1302.86,11834.7002,6375.29,2493.01,1367.38,40837.3208,E2,N,N
12/16/2022,4:00,11079,1693.15,5186.4702,1302.86,13488.7002,6747.0601,2723.4399,1443.91,43664.5904,E3,N,N
12/16/2022,4:00,10863.6445,1644.2651,5106.6011,1276.1095,12716.9248,6589.2637,2624.8442,1381.931,42203.5839,M,N,N
12/16/2022,5:00,9621.9395,1635.0743,4746.4404,1180.1926,12490.7285,6685.8721,2750.5549,1398.6163,40509.4186,A3,N,N
12/16/2022,5:00,10106.3975,1579.1136,4852.9141,1382.7628,12431.7266,6798.8232,2674.3352,1264.5557,41090.6287,A6,N,N
12/16/2022,5:00,11091.4004,1621.79,5041.4399,1258.9301,13042.9004,6824,2687.8101,1350.24,42918.5109,E,N,N
12/16/2022,5:00,11113.2998,1700.2,5226.3398,1288.9399,13172.4004,6826.1602,2687.8101,1399.21,43414.3602,E1,Y,N
12/16/2022,5:00,10773.7002,1698.3,5303.46,1343.14,12319.2998,6595.2998,2564.3401,1406.4399,42003.9798,E2,N,N
12/16/2022,5:00,11363.4004,1754.9,5212.02,1343.14,14071.5,7004.3701,2786.3301,1474.97,45010.6306,E3,N,N
12/16/2022,5:00,11112.6504,1707.1086,5212.873,1316.9585,13254.3848,6830.4941,2691.4246,1420.188,43546.082,M,N,N
12/16/2022,6:00,10164.9639,1749.5345,4738.1704,1251.6797,13392.2422,7105.1484,2874.0195,1499.4554,42775.214,A3,N,N
12/16/2022,6:00,10716.7363,1676.5079,4807.6665,1401.0125,13362.6924,7182.0869,2816.1946,1357.1425,43320.0396,A6,N,N
12/16/2022,6:00,11717.2998,1757.87,5304.8799,1367.0699,14188.5,7389.4199,2907.49,1444.5,46077.0295,E,N,N
12/16/2022,6:00,11781.5996,1841.54,5491.8501,1397.36,14260.7998,7346.2202,2907.49,1477.9,46504.7597,E1,Y,N
12/16/2022,6:00,11436.9004,1842.88,5329.2202,1456.66,13402.2998,7093.2202,2775.5,1491.1801,44827.8607,E2,N,N
12/16/2022,6:00,12080.7998,1890.4,5240.8799,1456.66,15288.2998,7558.4702,2954.95,1538.38,48008.8397,E3,N,N
12/16/2022,6:00,11790.5,1846.4255,5335.3076,1428.3965,14394.9551,7363.7383,2891.1035,1497.3781,46547.8046,M,N,N
12/16/2022,7:00,10863.999,1967.371,4868.8857,1433.4961,14918.626,7795.4141,3150.7837,1635.8445,46634.4201,A3,N,N
12/16/2022,7:00,11483.9219,1838.2195,4981.0142,1608.3043,14874.8232,7897.5088,3105.2397,1495.9993,47285.0309,A6,N,N
12/16/2022,7:00,12562.9004,1964.65,5431.71,1529.87,15861.7002,8303.25,3324.3301,1595.13,50573.5407,E,N,N
12/16/2022,7:00,12679.2998,2052.49,5594.1201,1565.95,15853.2002,8179.8398,3324.3301,1596.97,50846.2,E1,Y,N
12/16/2022,7:00,12331.5996,2056.8601,5455.3901,1633.23,15031.0996,7902.98,3172.75,1640.97,49224.8794,E2,N,N
12/16/2022,7:00,13035,2088.0801,5383.02,1633.23,17037.6992,8442.6602,3277.6699,1636.92,52534.2794,E3,N,N
12/16/2022,7:00,12699.4102,2052.863,5461.1914,1600.906,16063.5254,8221.123,3270.104,1621.6765,50990.7995,M,N,N
12/16/2022,8:00,11096.9678,2045.5999,4909.1772,1521.0887,15719.5254,8156.2085,3249.7053,1676.7075,48374.9803,A3,N,N
12/16/2022,8:00,11759.748,1903.51,5043.4448,1667.9775,15716.0654,8266.1064,3204.7385,1577.3325,49138.9231,A6,N,N
12/16/2022,8:00,12921.2002,2055.77,5509.6699,1608.59,16854.1992,8843.4902,3511.4199,1690.1801,52994.5195,E,N,N
12/16/2022,8:00,13054.7998,2138.8701,5644.1499,1649.25,16780.6992,8635.2998,3511.4199,1678.79,53093.2787,E1,Y,N
12/16/2022,8:00,12702,2145.28,5506.1201,1719.01,15990.0996,8358.21,3360.8899,1732.16,51513.7696,E2,N,N
12/16/2022,8:00,13455.2002,2174.3999,5434.8901,1719.01,18082.3008,8983.5498,3448.0701,1711.49,55008.9109,E3,N,N
12/16/2022,8:00,13086.6992,2140.4431,5516.2295,1685.0071,17049.6348,8719.1436,3451.615,1705.286,53354.0583,M,N,N
12/16/2022,9:00,11220.4717,2077.95,4977.5444,1497.5033,15882.8369,8206.5332,3238.7803,1624.6754,48726.2952,A3,N,N
12/16/2022,9:00,11862.6045,1911.7334,5062.4521,1644.4552,15940.8633,8327.4326,3190.2554,1485.5955,49425.392,A6,N,N
12/16/2022,9:00,13081.9004,2040.5601,5523.5898,1581.4399,16664.4004,8802.2803,3433.97,1694.75,52822.8909,E,N,N
12/16/2022,9:00,13197.7002,2109.5901,5680.9199,1624.46,16625.3008,8544.21,3433.97,1671.35,52887.501,E1,Y,N
12/16/2022,9:00,12856.7998,2104.3999,5431.6499,1690.23,15852.7998,8261.8896,3291.48,1728.0601,51217.3091,E2,N,N
12/16/2022,9:00,13648.7998,2159.4299,5371.1401,1690.23,17991.9004,9066.1797,3459.8201,1723.36,55110.86,E3,N,N
12/16/2022,9:00,13252.9902,2115.3821,5486.5801,1657.469,16916.3516,8695.0303,3407.395,1707.241,53238.4393,M,N,N
12/16/2022,10:00,11270.6221,2093.5388,5022.5303,1429.9279,15974.2764,8127.7891,3279.2046,1582.5033,48780.3925,A3,N,N
12/16/2022,10:00,11940.1035,1929.2217,5034.9692,1594.6979,16012.7646,8318.917,3187.9111,1456.3314,49474.9164,A6,N,N
12/16/2022,10:00,13177.4004,2012.11,5409.98,1552.83,16144,8596.75,3389.8,1624.3199,51907.1903,E,N,N
12/16/2022,10:00,13263.2998,2055.6001,5573.4902,1612.36,16191.5,8288.5898,3389.8,1598.29,51972.9299,E1,Y,N
12/16/2022,10:00,12927,2025.04,5359.9902,1673.6,15439.5,7994.7598,3232.1299,1661.72,50313.7399,E2,N,N
12/16/2022,10:00,13787.2998,2129.1399,5324.3799,1673.6,17601.3008,9011.4102,3502.28,1694.35,54723.7606,E3,N,N
12/16/2022,10:00,13349.7402,2067.1755,5408.4004,1640.1746,16489.8047,8514.3438,3389.7505,1651.673,52511.0627,M,N,N
12/16/2022,11:00,11247.7383,2064.3662,5167.311,1380.786,15775.624,7982.4131,3295.9858,1508.3074,48422.5318,A3,N,N
12/16/2022,11:00,11811.4941,1911.0165,5153.3716,1547.6327,15740.2314,8227.6328,3181.2788,1407.064,48979.7219,A6,N,N
12/16/2022,11:00,13182.2998,1946.27,5470.46,1510.38,15525.5,8337.3896,3289.54,1543.51,50805.3494,E,N,N
12/16/2022,11:00,13235.7998,1966.25,5639.1201,1579.52,15680.7998,7991.6699,3289.54,1514.88,50897.5796,E1,Y,N
12/16/2022,11:00,12919.2002,1917.8101,5319.8301,1642.09,14964.5,7692.9199,3119.3601,1579.22,49154.9304,E2,N,N
12/16/2022,11:00,13805.5,2058.1201,5292.04,1642.09,17146.6992,8858.6904,3520.0701,1630.8199,53954.0297,E3,N,N
12/16/2022,11:00,13348.0195,1983.2976,5412.5205,1606.6909,15991.4951,8272.2969,3327.6807,1575.8385,51517.8397,M,N,N
12/16/2022,12:00,11128.8828,2033.505,5170.3809,1350.1539,15386.1875,7736.3979,3308.7104,1420.7422,47534.9606,A3,N,N
12/16/2022,12:00,11655.499,1884.2417,5125.436,1473.3838,15273.3125,7799.5562,3185.1694,1348.0521,47744.6507,A6,N,N
12/16/2022,12:00,13043.2998,1869.41,5329.77,1466.86,14861.5,8069.6299,3167.0801,1441.95,49249.4998,E,N,N
12/16/2022,12:00,13068.4004,1869.05,5478.2798,1543.53,15086.9004,7698.8398,3167.0801,1421.99,49334.0705,E1,Y,N
12/16/2022,12:00,12766.5996,1806.7,5262.5698,1601.4,14427.2998,7400.1099,2990.02,1473.22,47727.9191,E2,N,N
12/16/2022,12:00,13633.2002,1969.53,5218.23,1601.4,16591.9004,8640.1299,3509.76,1540.54,52704.6905,E3,N,N
12/16/2022,12:00,13186.8652,1888.6846,5311.0581,1566.7515,15414.9404,8009.2275,3242.7529,1479.2839,50099.5641,M,N,N
12/16/2022,13:00,10958.458,2000.2949,5219.1167,1316.1007,15010.9346,7615.02,3303.6921,1357.1028,46780.7198,A3,N,N
12/16/2022,13:00,11353.123,1870.292,5147.5068,1414.7151,14749.3232,7605.9897,3246.6819,1324.9274,46712.5591,A6,N,N
12/16/2022,13:00,12838.9004,1804.67,5252.5801,1414.5699,14238.2002,7780.5298,3062.6101,1361.79,47753.8505,E,N,N
12/16/2022,13:00,12840.5,1783.8,5377.48,1499.23,14474.5996,7409.5,3062.6101,1349.52,47797.2397,E1,Y,N
12/16/2022,13:00,12561.2002,1710.62,5166.1699,1550.4399,13858.4004,7101.6499,2892.6599,1388.9301,46230.0703,E2,N,N
12/16/2022,13:00,13355.4004,1887.0699,5099.6201,1550.4399,15937.5,8361.8896,3493.0701,1461.6,51146.59,E3,N,N
12/16/2022,13:00,12950.6504,1804.78,5208.6665,1517.257,14797.1055,7721.5283,3170.7834,1400.4409,48571.212,M,N,N
12/16/2022,14:00,10988.248,1968.1349,5266.8877,1280.2441,14714.9746,7512.936,3347.343,1298.894,46377.6623,A3,N,N
12/16/2022,14:00,11161.7402,1830.5916,5189.4751,1360.381,14329.4268,7490.0859,3366.3679,1271.0227,45999.0912,A6,N,N
12/16/2022,14:00,12696.9004,1745.66,5241.7002,1392.72,13700.2002,7541.8301,3012.49,1300.6801,46632.181,E,N,N
12/16/2022,14:00,12692.7998,1719.87,5358.4902,1485.12,13998.0996,7180.1499,3012.49,1297.16,46744.1795,E1,Y,N
12/16/2022,14:00,12434.2002,1638.95,5118.1602,1532.99,13413.5,6862.6802,2864.6001,1326.74,45191.8207,E2,N,N
12/16/2022,14:00,13131.0996,1813.8199,5050.75,1532.99,15373.9004,8118.1001,3492.48,1409.77,49922.91,E3,N,N
12/16/2022,14:00,12782.1699,1736.3909,5173.1802,1499.9819,14288.7949,7483.3169,3143.5139,1344.4966,47451.8452,M,N,N
12/16/2022,15:00,10952.7051,1919.7446,5324.73,1276.8029,14254.4199,7364.6221,3383.2063,1263.1348,45739.3657,A3,N,N
12/16/2022,15:00,11073.4619,1822.6987,5273.2861,1347.6152,13543.125,7248.8989,3455.9214,1299.8376,45064.8448,A6,N,N
12/16/2022,15:00,12547.2002,1715.62,5141.1201,1348.88,13225.5,7403.3301,2983.2,1278.35,45643.2004,E,N,N
12/16/2022,15:00,12524.5996,1679.49,5269.79,1458.0601,13544.9004,7043.3701,2983.2,1275.25,45778.6602,E1,Y,N
12/16/2022,15:00,12286.2998,1602.46,5069.1201,1494.61,12992.5996,6722.4399,2861.97,1307.58,44337.0794,E2,N,N
12/16/2022,15:00,12896.2002,1769.47,5007.5601,1494.61,14815,7960.1699,3490.28,1393.99,48827.2802,E3,N,N
12/16/2022,15:00,12598.4746,1697.145,5108.5415,1463.613,13803.4502,7338.0117,3130.3706,1325.3564,46464.963,M,N,N
12/16/2022,16:00,10853.4482,1880.1473,5376.1362,1224.4355,14171.8506,7253.3467,3356.3521,1263.3252,45379.0418,A3,N,N
12/16/2022,16:00,10906.3262,1790.1538,5334.5073,1320.8306,13383.6113,7176.6416,3426.2046,1288.0553,44626.3307,A6,N,N
12/16/2022,16:00,12455.4004,1700.59,5074.8799,1318.0699,13006.0996,7387.0601,2952.72,1261.11,45155.9299,E,N,N
12/16/2022,16:00,12410.5,1661.01,5210.3799,1432.36,13291.2998,7006.3501,2952.72,1274.38,45238.9998,E1,Y,N
12/16/2022,16:00,12183.7998,1581.63,5058.8799,1463.51,12751.5,6696.3999,2861.26,1286.27,43883.2496,E2,N,N
12/16/2022,16:00,12761.7998,1756.7,5023.7798,1463.51,14472.5,7915.71,3493.3,1393.48,48280.7796,E3,N,N
12/16/2022,16:00,12483.5146,1680.5935,5086.8696,1433.9065,13526.9902,7304.2451,3119.0581,1317.047,45952.2246,M,N,N
12/16/2022,17:00,10778.7607,1885.7682,5306.0215,1285.3645,14281.3975,7239.79,3338.9319,1285.6361,45401.6704,A3,N,N
12/16/2022,17:00,10636.0752,1866.7178,5344.7368,1382.1027,13519.8525,7173.3208,3390.9409,1293.5001,44607.2468,A6,N,N
12/16/2022,17:00,12500.2002,1736.28,5103.04,1316.9,13282.4004,7589.9902,2970.3301,1296.17,45795.3109,E,N,N
12/16/2022,17:00,12441.9004,1694.13,5251.5098,1439.5601,13557.7002,7169.2798,2970.3301,1305.8101,45830.2205,E1,Y,N
12/16/2022,17:00,12200,1622.39,5098.75,1464.78,13014.2002,6868.2202,2891.4299,1304.14,44463.9103,E2,N,N
12/16/2022,17:00,12806.9004,1794.21,5098.71,1464.78,14722.7002,8094.4102,3541.8201,1440.72,48964.2509,E3,N,N
12/16/2022,17:00,12517.9199,1717.5454,5137.5693,1436.293,13788.2793,7480.917,3150.6265,1351.165,46580.3154,M,N,N
12/16/2022,18:00,11088.9629,1944.0942,5149.1318,1395.2225,14868.0586,7430.5132,3313.2656,1307.705,46496.9538,A3,N,N
12/16/2022,18:00,10986.8545,1941.123,5197.5107,1461.2721,14185.8652,7208.7808,3340.1194,1280.6727,45602.1984,A6,N,N
12/16/2022,18:00,12948.9004,1852.46,5145.7202,1392.5601,14373.2002,8135.6201,3086.27,1411.3101,48346.0411,E,N,N
12/16/2022,18:00,12898.5,1822.49,5228.4902,1516.1801,14549.5,7658.1699,3086.27,1387.45,48147.0502,E1,Y,N
12/16/2022,18:00,12608.9004,1761.4301,5151.52,1540.3,14044.2998,7354.4302,2996.02,1408.6899,46865.5904,E2,N,N
12/16/2022,18:00,13341.9004,1915.79,5182.5298,1540.3,15837.2002,8655.8896,3672.6001,1536.67,51682.8801,E3,N,N
12/16/2022,18:00,12988.8506,1844.3755,5180.7461,1512.109,14847.4512,8003.0547,3268.9231,1448.566,49094.0762,M,N,N
12/16/2022,19:00,11278.8447,1982.9261,5265.7915,1418.7872,15266.7402,7769.5566,3432.0173,1366.5658,47781.2294,A3,N,N
12/16/2022,19:00,11216.7949,2008.7838,5334.4814,1461.8336,14727.3574,7549.3428,3422.1187,1321.1582,47041.8708,A6,N,N
12/16/2022,19:00,13318.7998,1957.49,5210.4399,1495.9399,15431.0996,8789.5303,3337.9099,1511,51052.2094,E,N,N
12/16/2022,19:00,13256.5,1925.47,5228.8901,1625.28,15366.7002,8188.75,3337.9099,1462.33,50391.8302,E1,Y,N
12/16/2022,19:00,12954.2002,1892.05,5321.71,1648.71,15007.9004,7935.3398,3225.53,1510.79,49496.2304,E2,N,N
12/16/2022,19:00,13768.2998,2018.86,5371.8999,1648.71,16839.8008,9240.3496,3898.3999,1625.61,54411.93,E3,N,N
12/16/2022,19:00,13369.4004,1954.6045,5299.3809,1619.9369,15802.2441,8583.5742,3505.9863,1538.8936,51674.0209,M,N,N
12/16/2022,20:00,11096.7139,1995.3417,5395.1621,1481.171,15312.3613,7885.6895,3423.7944,1375.0925,47965.3264,A3,N,N
12/16/2022,20:00,11130.9229,2008.6929,5428.0283,1561.0432,14977.1328,7733.2397,3359.522,1323.6829,47522.2647,A6,N,N
12/16/2022,20:00,13300.5996,2003.67,5457,1535.37,15702.2002,8867.3604,3360.8799,1527.42,51754.5001,E,N,N
12/16/2022,20:00,13195.7998,1962.92,5426.6699,1655.9399,15366.5996,8189.7598,3360.8799,1456.09,50614.6589,E1,Y,N
12/16/2022,20:00,12908.4004,1952.03,5362.5801,1688.49,15169.0996,8006.2202,3252.04,1522.1801,49861.0404,E2,N,N
12/16/2022,20:00,13735.9004,2060.1001,5342.6899,1688.49,16889,9188.9697,3923.98,1607.61,54436.7401,E3,N,N
12/16/2022,20:00,13328.7051,2000.3231,5385.8037,1657.3845,15900.4043,8595.2383,3530.7549,1536.344,51934.9579,M,N,N
12/16/2022,21:00,11026.25,2004.2522,5366.6543,1495.7197,15237.1113,7912.9536,3397.374,1380.9015,47821.2166,A3,N,N
12/16/2022,21:00,11256.1885,2000.7754,5418.9004,1592.9366,15121.3652,7816.6182,3285.3298,1318.2673,47810.3814,A6,N,N
12/16/2022,21:00,13195.7998,2017.54,5523.6899,1529.03,15759,8827.75,3320.3101,1536.79,51709.9098,E,N,N
12/16/2022,21:00,13060.4004,1973.86,5500.04,1646.28,15305.4004,8112.29,3320.3101,1464.98,50383.5609,E1,Y,N
12/16/2022,21:00,12762.9004,1983.48,5374.5601,1672.76,15164.2002,7987.0298,3204.4199,1536.79,49686.1404,E2,N,N
12/16/2022,21:00,13607.9004,2059.8101,5306.7798,1672.76,16815.1992,9044.0596,3899.28,1606.5601,54012.3492,E3,N,N
12/16/2022,21:00,13197.9609,2012.8997,5404.5767,1644.5806,15866.5703,8514.4141,3493.9771,1543.2571,51678.2365,M,N,N
12/16/2022,22:00,10995.0117,1999.7572,5358.4863,1455.6271,15151.7822,7946.9775,3361.083,1361.6373,47630.3623,A3,N,N
12/16/2022,22:00,11396.4951,1970.7933,5386.7021,1535.4421,15035.4834,7932.7441,3223.2893,1248.8801,47729.8295,A6,N,N
12/16/2022,22:00,13030.7002,2005.75,5568.9502,1499.4301,15609.7002,8703.3496,3269.49,1520.38,51207.7503,E,N,N
12/16/2022,22:00,12863.2998,1957.78,5557.7598,1616.76,15015,7961.29,3269.49,1442.63,49684.0096,E1,Y,N
12/16/2022,22:00,12565.9004,1985.0699,5379.21,1633.15,14863.0996,7893.7598,3147.01,1524.73,48991.9297,E2,N,N
12/16/2022,22:00,13379.5996,2033.6,5312.5,1633.15,16440.5996,8797.0898,3859.23,1568.6801,53024.4491,E3,N,N
12/16/2022,22:00,12994.7656,1998.335,5428.96,1608.9944,15565.1904,8348.2461,3445.2791,1518.9351,50908.7057,M,N,N
12/16/2022,23:00,10733.8096,1943.2018,5316.9624,1374.278,14769.1084,7784.9912,3263.8335,1345.3146,46531.4995,A3,N,N
12/16/2022,23:00,11328.5068,1894.882,5341.0176,1420.0149,14743.5254,7817.4531,3137.2354,1225.4138,46908.049,A6,N,N
12/16/2022,23:00,12703.5,1928.8101,5526.3799,1418.86,15139.7002,8287.6602,3151.5901,1467.29,49623.7905,E,N,N
12/16/2022,23:00,12505.5996,1885.38,5544.4502,1528.0699,14552.2002,7640.2598,3151.5901,1405.8,48213.3498,E1,Y,N
12/16/2022,23:00,12187.7002,1909.2,5351,1548.4399,14344.9004,7501.71,3041.8501,1500.5,47385.3006,E2,N,N
12/16/2022,23:00,12987,1956.78,5280.3301,1548.4399,15868.5996,8250.6699,3737.8501,1520.36,51150.0296,E3,N,N
12/16/2022,23:00,12624.2988,1922.8396,5400.9351,1523.9104,15049.2402,7916.376,3329.3462,1478.7944,49245.7407,M,N,N
12/16/2022,24:00,10468.4502,1891.1367,5163.209,1315.6986,14224.417,7517.3042,3138.3276,1296.8192,45015.3625,A3,N,N
12/16/2022,24:00,11137.7432,1815.9409,5145.8813,1338.2642,14265.4072,7566.7627,3037.9824,1197.9429,45505.9248,A6,N,N
12/16/2022,24:00,12326.4004,1850.7,5438.0298,1350.42,14612,7850.77,3011.76,1400.04,47840.1202,E,N,N
12/16/2022,24:00,12088.5,1811.23,5486.7002,1452.27,14003.2998,7286.2798,3011.76,1358.75,46498.7898,E1,Y,N
12/16/2022,24:00,11749.7002,1831.51,5309.71,1474.9,13728.4004,7075.96,2915.77,1460.62,45546.5706,E2,N,N
12/16/2022,24:00,12537.2002,1881.08,5224.1699,1474.9,15222.2002,7687.6802,3595.3501,1469.54,49092.1206,E3,N,N
12/16/2022,24:00,12196.5293,1846.668,5343.2666,1450.5706,14452.4941,7458.8638,3192.019,1429.1875,47369.5989,M,N,N
12/17/2022,1:00,10100.6396,1807.3486,5203.667,1388.0911,13478.6084,7120.5361,3074.3884,1280.0793,43453.3585,A3,N,N
12/17/2022,1:00,10821.8066,1781.772,5346.5674,1527.2385,13567.5918,7209.6621,3017.78,1136.5942,44409.0126,A6,N,N
12/17/2022,1:00,11972.0996,1781.85,5047.3599,1284.36,14209.2002,7337.6001,2897.5,1338.99,45868.9598,E,N,N
12/17/2022,1:00,11720.2002,1753.79,5122.9399,1375.11,13618.5996,6952.7598,2897.5,1333.63,44774.5295,E1,Y,N
12/17/2022,1:00,11341.2998,1750.3199,5280.9399,1413.61,13294.4004,6562.1201,2831.5901,1457.95,43932.2302,E2,N,N
12/17/2022,1:00,12166.0996,1833.01,5207.3599,1413.61,14785.9004,7106.6299,3460.28,1437.89,47410.7798,E3,N,N
12/17/2022,1:00,11819.3252,1784.8584,5180.6499,1384.5974,14034.6953,6966.6807,3077.9956,1402.005,45650.8075,M,N,N
12/17/2022,2:00,9874.5059,1763.4977,5026.4219,1310.5299,13266.8477,6919.5981,2972.8313,1307.7053,42441.9378,A3,N,N
12/17/2022,2:00,10657.2939,1738.4221,5229.2036,1476.8699,13334.7656,7002.2739,2916.0991,1159.5726,43514.5007,A6,N,N
12/17/2022,2:00,11644.5,1747.77,4821.0298,1250.38,13947.4004,7012.9302,2792.3701,1334.5601,44550.9406,E,N,N
12/17/2022,2:00,11389.5996,1716.83,4892.1699,1320.34,13235.2002,6705.52,2792.3701,1349.11,43401.1398,E1,Y,N
12/17/2022,2:00,11022.2998,1702.58,5191.96,1363.88,12914.2998,6299.6201,2746.73,1477.41,42718.7797,E2,N,N
12/17/2022,2:00,11821,1803.6899,5121.6401,1363.88,14323.2002,6819.77,3351.5801,1450.38,46055.1403,E3,N,N
12/17/2022,2:00,11487,1748.3096,5036.7607,1335.97,13642.6055,6690.144,2976.6836,1414.447,44331.9204,M,N,N
12/17/2022,3:00,9672.3701,1731.7152,4959.061,1252.9583,13069.1064,6793.6855,2905.9331,1346.2577,41731.0873,A3,N,N
12/17/2022,3:00,10461.9014,1686.4968,5090.4258,1439.6416,13117.9033,6862.125,2839.8723,1212.9622,42711.3284,A6,N,N
12/17/2022,3:00,11454.7998,1723.26,4742.3799,1238.9,13881,6840.71,2717.3899,1318.58,43917.0196,E,N,N
12/17/2022,3:00,11180.7998,1687.74,4834.04,1290.22,13058.7998,6568.25,2717.3899,1337.63,42674.8695,E1,Y,N
12/17/2022,3:00,10823.2002,1664.08,5216.3701,1338.1,12711.9004,6094.96,2687.02,1474.14,42009.7707,E2,N,N
12/17/2022,3:00,11592.7002,1786.14,5138.1401,1338.1,14087.5996,6600.3398,3284.6001,1424.91,45252.5298,E3,N,N
12/17/2022,3:00,11276.665,1721.593,5022.3086,1311.25,13455.4844,6502.0283,2908.3208,1399.448,43597.0981,M,N,N
12/17/2022,4:00,9633.5801,1724.0771,4952.4287,1164.8217,13130.5869,6766.4106,2877.4597,1352.5308,41601.8956,A3,N,N
12/17/2022,4:00,10429.0225,1676.6655,5007.2422,1369.475,13122.2197,6882.2607,2810.9768,1229.7341,42527.5965,A6,N,N
12/17/2022,4:00,11390.9004,1752.04,4920.2402,1260.41,14021.5,6931.5498,2682.8999,1315.53,44275.0703,E,N,N
12/17/2022,4:00,11091.5,1699.37,5025.1802,1295.6899,13029,6561.7202,2682.8999,1326.26,42711.6202,E1,Y,N
12/17/2022,4:00,10753.4004,1676.58,5310.0601,1335.8101,12677.2002,6112.8999,2658.28,1461.0699,41985.3006,E2,N,N
12/17/2022,4:00,11538.5,1793.77,5234.1201,1335.8101,13981.7002,6610.6001,3261.3401,1398.88,45154.7206,E3,N,N
12/17/2022,4:00,11208.335,1734.613,5153.7881,1314.47,13423.3711,6522.0977,2879.199,1383.77,43619.6439,M,N,N
12/17/2022,5:00,9885.4287,1758.271,4890.2813,1132.8811,13260.3281,6877.6201,2853.2385,1362.6686,42020.7174,A3,N,N
12/17/2022,5:00,10381.1064,1701.8607,5032.5586,1382.566,13211.998,6998.6504,2778.9402,1233.4637,42721.144,A6,N,N
12/17/2022,5:00,11451.9004,1787.83,5106.77,1299.35,14344.9004,7126.2402,2692.9199,1367.83,45177.7409,E,N,N
12/17/2022,5:00,11089.9004,1730.9399,5199.6201,1314.74,13297.2998,6647.2402,2692.9199,1360.15,43332.8103,E1,Y,N
12/17/2022,5:00,10785.7002,1721.36,5266.5898,1346.36,12877.0996,6189.1299,2670.6399,1481.79,42338.6694,E2,N,N
12/17/2022,5:00,11561.4004,1824.42,5179.3599,1346.36,14139.4004,6677.71,3274.8601,1412.99,45416.5008,E3,N,N
12/17/2022,5:00,11233.1758,1769.7965,5195.3438,1331.4034,13644.125,6615.2266,2891.0288,1410.2061,44090.306,M,N,N
12/17/2022,6:00,10163.8291,1787.932,4976.9727,1143.0717,13631.6895,7065.6621,2857.6699,1423.6802,43050.5072,A3,N,N
12/17/2022,6:00,10635.6602,1736.7366,5027.4048,1369.4119,13523.8115,7139.2808,2811.9277,1291.582,43535.8155,A6,N,N
12/17/2022,6:00,11745.9004,1874.85,5294.7002,1396.1,14920.2002,7511,2768.79,1432.98,46944.5208,E,N,N
12/17/2022,6:00,11292.4004,1806.6801,5358,1403.86,13836.2002,6861.0098,2768.79,1411.64,44738.5805,E1,Y,N
12/17/2022,6:00,11013.2002,1800.11,5189.0698,1421.9399,13314.5996,6339.4502,2740.55,1508.03,43326.9497,E2,N,N
12/17/2022,6:00,11761.7998,1879.17,5092.1802,1421.9399,14582.5996,6808.0498,3350.48,1434.74,46330.9593,E3,N,N
12/17/2022,6:00,11454.915,1840.6345,5213.2358,1413.5439,14129.6406,6809.582,2965.3215,1447.0234,45273.8967,M,N,N
12/17/2022,7:00,10495.8633,1868.9667,5004.9688,1226.2133,14324.2881,7448.752,2947.3066,1497.4551,44813.8139,A3,N,N
12/17/2022,7:00,10976.4199,1790.0001,5118.9683,1498.0696,14138.8838,7505.9048,2928.1143,1370.5145,45326.8753,A6,N,N
12/17/2022,7:00,12221.0996,1986.9399,5312.8599,1515.51,15701,8118.0898,2902.8,1475.29,49233.5892,E,N,N
12/17/2022,7:00,11641.9004,1914.84,5381.6299,1506.84,14564.2002,7240.6899,2902.8,1446.77,46599.6704,E1,Y,N
12/17/2022,7:00,11390.0996,1914.8199,5236.2998,1505.42,13921.4004,6605.8501,2871.3401,1520.02,44965.2499,E2,N,N
12/17/2022,7:00,12104,1960.8199,5123.3301,1505.42,15201.7002,7035.5,3462.6699,1436.92,47830.3601,E3,N,N
12/17/2022,7:00,11827.5645,1941.7429,5244.5771,1507.2886,14797.1465,7141.7734,3090.8896,1465.9131,47016.8957,M,N,N
12/17/2022,8:00,10805.5771,1953.1919,5027.1069,1261.8718,14978.6396,7784.1328,3013.9067,1566.6145,46391.0413,A3,N,N
12/17/2022,8:00,11221.2148,1861.0825,5108.2837,1537.231,14722.0117,7862.9741,2986.9417,1463.8877,46763.6272,A6,N,N
12/17/2022,8:00,12628.2998,2077.4299,5391.6299,1610.89,16566.6992,8768.6504,3017.8799,1610.74,51672.2191,E,N,N
12/17/2022,8:00,11974.7998,2015.25,5495.3501,1608.5,15519.0996,7686.6899,3017.8799,1567.29,48884.8593,E1,Y,N
12/17/2022,8:00,11728.5996,2029.39,5349.3701,1602.23,14757.0996,6969.4199,2988.4399,1607.16,47031.7091,E2,N,N
12/17/2022,8:00,12515.5,2061.75,5231.3701,1602.23,16197.9004,7375.96,3572.5801,1548.08,50105.3706,E3,N,N
12/17/2022,8:00,12200.5195,2044.387,5350.9043,1605.0964,15723.3203,7560.9111,3204.665,1577.0515,49266.8551,M,N,N
12/17/2022,9:00,11151.7695,2042.4135,5129.5498,1238.964,15756.0625,8057.7119,3114.9265,1584.5687,48075.9664,A3,N,N
12/17/2022,9:00,11558.7129,1927.8427,5190.8945,1522.8958,15544.748,8146.833,3058.3425,1445.0833,48395.3527,A6,N,N
12/17/2022,9:00,13053.4004,2119.45,5569.5,1601.8199,16953.8008,9086.9102,3120.1001,1711.63,53216.6114,E,N,N
12/17/2022,9:00,12411.2998,2095.75,5710.5298,1621.99,16291.7002,8003.2002,3120.1001,1686.21,50940.7801,E1,Y,N
12/17/2022,9:00,12158.7002,2118.4199,5450.2202,1628.16,15631.4004,7306.23,3134.03,1727.17,49154.3307,E2,N,N
12/17/2022,9:00,13015.7002,2158.6201,5336.8999,1628.16,17215.3008,7704.5898,3696.73,1685.4,52441.4008,E3,N,N
12/17/2022,9:00,12656.0049,2126.9771,5493.5278,1622.6665,16549.2012,7887.0005,3325.4031,1699.9795,51360.7606,M,N,N
12/17/2022,10:00,11114.0947,2088.3818,5151.7544,1196.4803,16080.7344,8192.3867,3227.6941,1583.9337,48635.4601,A3,N,N
12/17/2022,10:00,11786.3828,1979.7195,5163.8521,1482.6665,15980.2354,8335.2158,3117.5618,1448.5847,49294.2186,A6,N,N
12/17/2022,10:00,13292.5,2074.9199,5535.2798,1549.23,16803.3008,9077.1602,3198.3701,1662.02,53192.7808,E,N,N
12/17/2022,10:00,12732.0996,2080.8601,5723.52,1598.08,16584.0996,8147.2202,3198.3701,1683.95,51748.1996,E1,Y,N
12/17/2022,10:00,12487.5,2117.46,5496.2798,1622.78,16250.4004,7522.4502,3325.8999,1780.1,50602.8703,E2,N,N
12/17/2022,10:00,13435.9004,2170.3601,5406.3198,1622.78,17834.4004,7899.3398,3786.0901,1731.48,53886.6706,E3,N,N
12/17/2022,10:00,13001.3398,2120.4441,5527.4536,1605.5725,16971.1602,8043.7607,3435.9546,1721.3335,52427.019,M,N,N
12/17/2022,11:00,11069.9736,2103.6362,5316.853,1242.0547,16089.8955,8140.9863,3289.355,1505.9404,48758.6947,A3,N,N
12/17/2022,11:00,11755.4883,2000.4832,5296.3032,1478.3984,15931.9766,8394.0332,3135.8074,1389.7639,49382.2542,A6,N,N
12/17/2022,11:00,13278.0996,1993.6,5600.7998,1471.24,16254,8830.6904,3189.6899,1574.52,52192.6397,E,N,N
12/17/2022,11:00,12819.7998,2018.27,5831.8999,1554.42,16409.8008,8107.6299,3189.6899,1632.53,51564.0403,E1,Y,N
12/17/2022,11:00,12577.7002,2066.29,5493.7798,1592.26,16443.5,7586.3101,3467.9199,1783.89,51011.65,E2,N,N
12/17/2022,11:00,13591,2136.9099,5417.2002,1592.26,17897.8008,7930.1802,3814.6599,1716.4301,54096.4411,E3,N,N
12/17/2022,11:00,13097.9395,2068.0986,5567.5601,1564.647,16915.6563,8023.6519,3477.9868,1691.0336,52406.5738,M,N,N
12/17/2022,12:00,11046.5645,2065.8345,5265.6714,1307.3599,15852.1357,7943.1206,3298.4773,1435.1735,48214.3374,A3,N,N
12/17/2022,12:00,11707.4219,1957.9148,5238.5005,1487.1434,15612.0273,8264.1367,3148.856,1339.5431,48755.5437,A6,N,N
12/17/2022,12:00,13058.5,1892.29,5455.3198,1417,15499.7998,8454.9102,3137.8201,1454.8,50370.4399,E,N,N
12/17/2022,12:00,12722.4004,1926.77,5689.0698,1511.7,15918.5996,7963.75,3137.8201,1543.1,50413.2099,E1,Y,N
12/17/2022,12:00,12488.9004,1975.23,5457.21,1552.8,16264.7002,7543.6499,3545.3101,1748.42,50576.2206,E2,N,N
12/17/2022,12:00,13509.0996,2065.0701,5407.2798,1552.8,17545.5996,7848.4302,3793.71,1651.85,53373.8393,E3,N,N
12/17/2022,12:00,12989.7842,1982.118,5497.416,1522.155,16511.7539,7892.0371,3469.2539,1619.2474,51483.7655,M,N,N
12/17/2022,13:00,10766.8018,2037.4919,5232.9429,1306.0105,15503.8418,7761.5908,3311.3589,1410.1107,47330.1493,A3,N,N
12/17/2022,13:00,11381.7549,1983.7029,5199.4995,1476.1572,15447.7236,8156.5088,3162.2671,1298.9976,48106.6116,A6,N,N
12/17/2022,13:00,12634.2002,1792.73,5342.21,1347.5699,14685.7998,8055.6201,3082.8,1377.22,48318.15,E,N,N
12/17/2022,13:00,12455.7002,1836.65,5506.0898,1459.6,15232.7998,7794.8599,3082.8,1493.67,48862.1697,E1,Y,N
12/17/2022,13:00,12239.7002,1880.84,5281.8301,1504.35,15908.7998,7445.04,3589.8899,1724.58,49575.03,E2,N,N
12/17/2022,13:00,13198,1984.22,5262.2202,1504.35,16991.3008,7716.79,3755.0901,1609.72,52021.6911,E3,N,N
12/17/2022,13:00,12688.2803,1892.759,5340.0889,1469.6455,15935.2256,7719.1948,3444.874,1574.5475,50064.6156,M,N,N
12/17/2022,14:00,10734.1533,1990.2399,5222.0151,1285.2421,14952.4336,7661.7124,3301.8813,1353.4047,46501.0824,A3,N,N
12/17/2022,14:00,11067.252,1988.2106,5192.8569,1451.0719,14904.0293,8130.7012,3248.2019,1255.3367,47237.6605,A6,N,N
12/17/2022,14:00,12193.7002,1720.14,5306.9502,1297.14,13825.2998,7624.7598,3044.75,1319.67,46332.41,E,N,N
12/17/2022,14:00,12187.2998,1768.84,5471.8501,1430.22,14498.5,7601.9102,3044.75,1440.6899,47444.06,E1,Y,N
12/17/2022,14:00,12000.2002,1820.36,5219.5601,1465.39,15448,7336.5498,3603.5801,1702.39,48596.0302,E2,N,N
12/17/2022,14:00,12849.9004,1921.08,5210.79,1465.39,16298.7998,7560.46,3714.3799,1575.47,50596.2701,E3,N,N
12/17/2022,14:00,12373.3945,1827.699,5292.6714,1431.36,15265,7524.4902,3418.8279,1535.135,48668.578,M,N,N
12/17/2022,15:00,10652.5693,1938.4196,5181.9731,1286.2161,14690.4277,7530.1421,3327.8157,1343.6794,45951.243,A3,N,N
12/17/2022,15:00,10898.7285,1963.1738,5187.3647,1445.3165,14624.417,7932.2095,3332.1863,1243.288,46626.6843,A6,N,N
12/17/2022,15:00,11842.2002,1666.02,5204.98,1233.41,13236.4004,7431.21,3012.24,1304.52,44930.9806,E,N,N
12/17/2022,15:00,11970.5996,1716.87,5379.2998,1367.97,13988.7002,7525.5098,3012.24,1441.95,46403.1394,E1,Y,N
12/17/2022,15:00,11813.5,1765.21,5169.98,1404.5,15117.7998,7330.4902,3602.72,1712.33,47916.53,E2,N,N
12/17/2022,15:00,12567.2998,1860.62,5175.0698,1404.5,15755,7498.3599,3674.1201,1582.47,49517.4396,E3,N,N
12/17/2022,15:00,12120.9102,1771.6399,5229.3413,1369.704,14776.335,7453.1074,3391.5181,1538.1125,47650.6684,M,N,N
12/17/2022,16:00,10560.5986,1879.2397,5210.3262,1284.8624,14451.7832,7499.0566,3279.7407,1349.1248,45514.7322,A3,N,N
12/17/2022,16:00,10650.8799,1942.598,5190.5483,1435.7021,14331.6533,7844.0366,3295.2888,1248.9695,45939.6765,A6,N,N
12/17/2022,16:00,11659.5,1647.0699,5102.6602,1210.72,12920.7998,7383.1499,2996.97,1314.3,44235.1698,E,N,N
12/17/2022,16:00,11870.9004,1706.29,5310.6899,1344.26,13786.2998,7546.79,2996.97,1461.62,46023.8201,E1,Y,N
12/17/2022,16:00,11729.2002,1763.87,5153.2598,1369.35,15030.7002,7405.98,3599.21,1726.4,47777.9702,E2,N,N
12/17/2022,16:00,12436,1848.36,5162.3599,1369.35,15507.2002,7524.7998,3671.3701,1605.48,49124.92,E3,N,N
12/17/2022,16:00,12001.5508,1761.5264,5188.2124,1339.283,14569.8906,7479.3447,3383.5698,1556.068,47279.4457,M,N,N
12/17/2022,17:00,10510.9863,1885.0728,5143.4209,1385.1141,14426.9971,7545.5522,3254.5906,1367.0087,45518.7427,A3,N,N
12/17/2022,17:00,10486.4189,1954.1904,5115.8491,1523.5564,14262.6279,7833.2144,3253.7893,1258.139,45687.7854,A6,N,N
12/17/2022,17:00,11706.7998,1685.6801,5086.9199,1209.53,13137.5,7640.8198,3011.76,1370.53,44849.5396,E,N,N
12/17/2022,17:00,11915.2998,1742.63,5248.5898,1350.51,14035.0996,7708.2202,3011.76,1488.9301,46501.0395,E1,Y,N
12/17/2022,17:00,11784.2998,1823.1801,5091.1099,1374.5601,15295.7002,7582.25,3634.24,1741.24,48326.5801,E2,N,N
12/17/2022,17:00,12505.2998,1873.1,5103.3999,1374.5601,15804.4004,7677.0601,3715.1699,1633.51,49686.5002,E3,N,N
12/17/2022,17:00,12057.7754,1799.8895,5134.1528,1343.793,14834.8652,7655.7119,3413.5732,1584.8506,47824.6116,M,N,N
12/17/2022,18:00,10835.8438,1924.4137,5115.4922,1521.5056,15128.6123,7717.064,3250.0498,1391.9159,46884.8973,A3,N,N
12/17/2022,18:00,10793.4014,2031.8147,5053.0591,1627.3691,14917.4541,7881.9966,3211.2793,1264.8409,46781.2152,A6,N,N
12/17/2022,18:00,12406.4004,1839.1,5120.6802,1330.66,14277.0996,8373.5303,3126.7,1489.25,47963.4205,E,N,N
12/17/2022,18:00,12460.0996,1890.22,5296.3501,1484.14,15098.7002,8174.9302,3126.7,1564.9301,49096.0702,E1,Y,N
12/17/2022,18:00,12352.7002,2005.39,5212.4399,1494.38,16197.2002,7962.2002,3764.8,1781.41,50770.5205,E2,N,N
12/17/2022,18:00,13176.4004,2009.45,5263.6201,1494.38,16994.5,8042.48,3848.71,1696.98,52526.5205,E3,N,N
12/17/2022,18:00,12675.9004,1953.0751,5237.5664,1467.262,15913.6152,8105.1807,3538.9282,1653.9155,50545.4435,M,N,N
12/17/2022,19:00,11263.3125,1976.6666,5144.8589,1533.9514,15445.0537,8063.0757,3365.5752,1436.0674,48228.5614,A3,N,N
12/17/2022,19:00,11161.3545,2104.1321,5147.2397,1623.0989,15255.4951,8207.3232,3304.0085,1304.9816,48107.6336,A6,N,N
12/17/2022,19:00,13111.7998,1945.01,5144.21,1491.83,15174.2002,9037.0596,3323.2,1584.08,50811.3896,E,N,N
12/17/2022,19:00,12910,1974.91,5291.7202,1632.16,15755.7002,8551.9102,3323.2,1614.35,51053.9506,E1,Y,N
12/17/2022,19:00,12787.2002,2086.8301,5376.54,1656.5,16600.5996,8237.5498,3953,1788.8101,52487.0298,E2,N,N
12/17/2022,19:00,13686.2998,2098.8601,5387.8999,1656.5,17730.9004,8331.0703,4039.52,1715.05,54646.1005,E3,N,N
12/17/2022,19:00,13181.2754,2041.7876,5324.4614,1625.7144,16571.0195,8468.7988,3731.3621,1688.6694,52633.0886,M,N,N
12/17/2022,20:00,11190.0166,1975.2434,5226.7734,1585.3324,15395.9648,8143.6865,3358.8328,1445.9863,48321.8362,A3,N,N
12/17/2022,20:00,11105.9375,2093.8613,5198.5449,1675.9243,15214.2559,8184.4497,3263.4165,1319.7037,48056.0938,A6,N,N
12/17/2022,20:00,13205,1979.37,5332.0298,1540.1,15362.7998,9089.54,3310.8701,1563.6899,51383.3996,E,N,N
12/17/2022,20:00,12857.5,1974.34,5418,1682.1899,15578.5996,8450.5,3310.8701,1574.88,50846.8796,E1,Y,N
12/17/2022,20:00,12715.7002,2070.1101,5343.46,1716.79,16272.9004,8151.23,3943.74,1732.99,51946.9207,E2,N,N
12/17/2022,20:00,13638.5,2114.3601,5292.7998,1716.79,17536.8008,8279.6904,4035.51,1652.51,54266.9611,E3,N,N
12/17/2022,20:00,13147.5254,2048.0439,5342.6494,1681.6365,16405.1758,8411.7559,3722.7114,1639.8994,52399.3977,M,N,N
12/17/2022,21:00,11045.2686,1974.5179,5288.0322,1579.1014,15314.4492,8122.6812,3308.9326,1436.9435,48069.9266,A3,N,N
12/17/2022,21:00,11096.5137,2083.5125,5254.1997,1667.7865,15206.1543,8183.0068,3195.6345,1313.3329,48000.1409,A6,N,N
12/17/2022,21:00,13183.0996,1986.42,5418.29,1523.65,15427.4004,9063.96,3242.95,1554.89,51400.66,E,N,N
12/17/2022,21:00,12727.9004,1956.66,5475.8901,1652.0699,15307.2002,8336.4902,3242.95,1559.67,50258.8308,E1,Y,N
12/17/2022,21:00,12574.5996,2046.62,5339.9302,1699.9301,15898.9004,8023,3899.8501,1709.71,51192.5404,E2,N,N
12/17/2022,21:00,13522.2998,2107.79,5270.6001,1699.9301,17276.5,8196.3604,3992.5601,1627.37,53693.4105,E3,N,N
12/17/2022,21:00,13035.8945,2036.5095,5361.4087,1661.5229,16162.4102,8318.1934,3669.5386,1620.158,51865.6358,M,N,N
12/17/2022,22:00,10910.6455,1945.5704,5332.4541,1541.014,15086.748,8060.4448,3262.1646,1416.9017,47555.9431,A3,N,N
12/17/2022,22:00,11084.9189,2025.8712,5298.6802,1595.4807,15029.5078,8043.4233,3122.9753,1300.5566,47501.414,A6,N,N
12/17/2022,22:00,13057.9004,1966.1801,5477.1499,1470.46,15317.9004,8932.4502,3170.0701,1524.95,50917.0611,E,N,N
12/17/2022,22:00,12539.2998,1914.79,5523.1099,1587.73,14917.7002,8167.1299,3170.0701,1502.6899,49322.5198,E1,Y,N
12/17/2022,22:00,12369.7002,1996.7,5334.96,1643.45,15452,7869.3501,3836.21,1646.87,50149.2403,E2,N,N
12/17/2022,22:00,13328.7998,2072.9299,5268.73,1643.45,16854,8091.73,3941.0701,1564.03,52764.7398,E3,N,N
12/17/2022,22:00,12851.0156,1998.325,5380.1455,1603.5715,15789.0098,8181.0928,3606.4551,1563.543,50973.1583,M,N,N
12/17/2022,23:00,10668.832,1867.535,5303.7139,1497.7444,14594.1494,7876.2568,3167.896,1414.5062,46390.6337,A3,N,N
12/17/2022,23:00,10975.1191,1949.1146,5293.791,1502.1566,14483.7021,7921.1758,3015.7539,1289.6801,46430.4932,A6,N,N
12/17/2022,23:00,12823.2002,1912.84,5443.2798,1387.26,14925.2002,8497.75,3055.2,1468.3199,49513.0501,E,N,N
12/17/2022,23:00,12255.0996,1845.55,5473.9702,1487.63,14426.2002,7814.5801,3055.2,1447.5699,47805.8,E1,Y,N
12/17/2022,23:00,12109,1903.1899,5272.71,1537.85,14858,7561.8301,3744.79,1598.59,48585.96,E2,N,N
12/17/2022,23:00,13055.7002,2017.59,5212.9302,1537.85,16222,7725.5601,3837.46,1523.95,51133.0405,E3,N,N
12/17/2022,23:00,12584,1930.2675,5327.6875,1502.7065,15237.5293,7822.7109,3501.3882,1515.1704,49421.4603,M,N,N
12/17/2022,24:00,10371.9668,1805.2421,5218.6211,1409.3704,14051.1875,7589.4614,3060.4873,1374.4697,44880.8063,A3,N,N
12/17/2022,24:00,10727.1377,1878.4048,5139.7939,1399.625,13939.5947,7543.8979,2922.2874,1257.8046,44808.546,A6,N,N
12/17/2022,24:00,12526.4004,1852.8101,5394.8501,1302.62,14469.9004,8054.8999,2933.1101,1403.71,47938.301,E,N,N
12/17/2022,24:00,11922.7002,1779.26,5403.3799,1386.14,13894.7998,7439.6201,2933.1101,1385.35,46144.3601,E1,Y,N
12/17/2022,24:00,11799,1833.25,5218.98,1430.86,14254.2002,7275.1401,3661.9399,1551.54,47024.9102,E2,N,N
12/17/2022,24:00,12751.2998,1966.3199,5179.6099,1430.86,15601.2998,7363.52,3732.2,1479.27,49504.3794,E3,N,N
12/17/2022,24:00,12272.3398,1869.261,5277.6807,1400.444,14668.1904,7464.1572,3394.999,1462.5234,47809.5955,M,N,N
