DeliveryDate,HourEnding,Coast,East,FarWest,North,NorthCentral,SouthCentral,Southern,West,SystemTotal,Model,InUseFlag,DSTFlag
09/12/2020,1:00,12646.6211,1523.9415,3539.2756,802.8873,10543.8984,6173.3857,2969.1582,1050.748,39249.9158,A3,N,N
09/12/2020,1:00,12737.7021,1450.9877,3459.4417,785.7117,10812.2783,6176.2949,2922.9819,1040.931,39386.3293,A6,N,N
09/12/2020,1:00,12182.7002,1496,3372.8501,786.744,10624.5996,6054.0801,2896.6699,1065.58,38479.2239,E,N,N
09/12/2020,1:00,12237.2002,1498.6801,3352.6399,777.072,10704.5996,6060.6602,2914.1299,1069.7,38614.6819,E1,N,N
09/12/2020,1:00,12227.5996,1501.39,3400.21,773.394,10676.9004,6057.8701,2915.55,1073.12,38626.0341,E2,N,N
09/12/2020,1:00,12227.2998,1502.89,3353.47,773.131,10678.2998,6058.71,2915.1799,1072.75,38581.7305,E3,Y,N
09/12/2020,1:00,12271.1289,1503.5594,3393.6619,780.4249,10632.9512,6077.4521,2921.7866,1067.7766,38648.7416,M,N,N
09/12/2020,2:00,11700.1475,1380.9814,3395.5588,756.1733,9987.8945,5749.8472,2794.7158,1038.601,36803.9195,A3,N,N
09/12/2020,2:00,11672.3486,1376.4336,3376.7949,758.8341,10045.0586,5697.707,2787.9639,1031.3054,36746.4461,A6,N,N
09/12/2020,2:00,11682.5,1394.48,3382.7,747.792,10020,5624.46,2756.5601,1008.03,36616.5221,E,N,N
09/12/2020,2:00,11627,1371.26,3343.5,775.984,10016.2002,5644.3398,2760.1599,995.963,36534.4069,E1,N,N
09/12/2020,2:00,11619.5996,1368.72,3416.6499,772.07,10036.5,5643.1299,2761.1799,993.67,36611.5193,E2,N,N
09/12/2020,2:00,11618.7998,1365.53,3342.8,773.002,10034.9004,5641.9702,2761.3,994.943,36533.2454,E3,Y,N
09/12/2020,2:00,11641.6709,1375.9299,3377.6023,764.3663,10032.9375,5645.6841,2761.2935,1003.0515,36602.536,M,N,N
09/12/2020,3:00,11419.2461,1337.9677,3414.2742,743.3101,9714.6943,5389.8921,2701.2319,972.274,35692.8904,A3,N,N
09/12/2020,3:00,11389.8223,1304.7827,3392.083,736.8341,9762.1846,5404.2676,2698.116,961.0236,35649.1139,A6,N,N
09/12/2020,3:00,11261,1264.8101,3417.53,739.49,9640.0703,5354.79,2644.5701,958.112,35280.3725,E,N,N
09/12/2020,3:00,11340.5,1274.9,3344.3501,719.053,9761.5195,5378.7798,2668.9099,944.735,35432.7473,E1,N,N
09/12/2020,3:00,11359.4004,1273.04,3426.1699,728.778,9757.9199,5378.6699,2664.8701,939.741,35528.5892,E2,N,N
09/12/2020,3:00,11359.2998,1273.51,3342.22,728.07,9760.1699,5379.0098,2665.1299,940.501,35447.9104,E3,Y,N
09/12/2020,3:00,11334.7451,1278.2332,3389.9636,731.5248,9717.9004,5374.2012,2666.5376,949.2146,35442.3205,M,N,N
09/12/2020,4:00,11064.3457,1286.9463,3433.6392,717.8043,9375.1777,5285.8169,2614.4724,931.5176,34709.7201,A3,N,N
09/12/2020,4:00,10955.2969,1261.1385,3429.6638,716.8879,9425.6318,5308.7432,2614.8262,907.9142,34620.1025,A6,N,N
09/12/2020,4:00,10997.2998,1230.4399,3395.71,713.325,9386.75,5215.4902,2582.03,925.39,34446.4349,E,N,N
09/12/2020,4:00,10922.4004,1288.79,3359.9299,731.456,9279.7402,5220.0698,2604.45,945.216,34352.0523,E1,N,N
09/12/2020,4:00,10931.2998,1290.4301,3387.1499,728.153,9278.21,5227.6299,2603.5,949.439,34395.8117,E2,N,N
09/12/2020,4:00,10933.5,1289.84,3359.8501,728.802,9278.75,5228.48,2603.0801,948.737,34371.0392,E3,Y,N
09/12/2020,4:00,10959.9551,1274.5076,3384.3584,723.3845,9315.1455,5224.9395,2599.5178,939.9712,34421.7796,M,N,N
09/12/2020,5:00,10965.2822,1209.2551,3409.8044,707.7038,9287.5215,5160.438,2588.1484,927.1315,34255.2849,A3,N,N
09/12/2020,5:00,10881.9541,1203.5981,3395.6118,707.0979,9402.3428,5124.6523,2594.7966,919.0632,34229.1168,A6,N,N
09/12/2020,5:00,10854.2998,1197.3101,3408.1001,699.373,9241.1299,5164.8599,2573.3401,896.102,34034.5149,E,N,N
09/12/2020,5:00,10858.7002,1151.3,3377.02,692.126,9272.2695,5069.27,2586.02,868.654,33875.3597,E1,N,N
09/12/2020,5:00,10835.2998,1156.75,3416.5801,689.148,9273.7002,5055.0298,2584.25,860.755,33871.5129,E2,N,N
09/12/2020,5:00,10833.9004,1156.8,3379.3401,688.846,9271.0098,5054.8301,2584.8,861.347,33830.8734,E3,Y,N
09/12/2020,5:00,10846.7734,1172.5791,3400.1738,693.9872,9261.0039,5097.3936,2581.7922,878.7648,33932.468,M,N,N
09/12/2020,6:00,10911.4697,1192.3591,3426.9666,710.0675,9324.1318,5148.6787,2620.5042,929.2695,34263.4471,A3,N,N
09/12/2020,6:00,10857.7988,1179.4073,3405.2078,706.3949,9368.9932,5110.9097,2629.4651,924.081,34182.2578,A6,N,N
09/12/2020,6:00,10883.2998,1146.58,3409.8799,697.875,9453.6602,5088.8901,2606.4099,926.295,34212.8899,E,N,N
09/12/2020,6:00,10852.5,1132.99,3393.4399,720.971,9356.1699,5110.9302,2618.6599,923.771,34109.4319,E1,N,N
09/12/2020,6:00,10810.9004,1122.58,3415.49,716.599,9329.5498,5101.23,2612.9299,930.335,34039.6141,E2,N,N
09/12/2020,6:00,10809.5,1129.27,3395.6799,716.904,9326.4297,5098.2202,2612.7,929.025,34017.7288,E3,Y,N
09/12/2020,6:00,10830.708,1138.8518,3407.3169,711.3945,9362.4482,5107.8462,2613.7092,927.9788,34100.2536,M,N,N
09/12/2020,7:00,10905.418,1259.0446,3420.4902,724.2184,9589.4395,5281.936,2648.022,973.6735,34802.2422,A3,N,N
09/12/2020,7:00,10857.6074,1236.4539,3402.0535,733.5016,9610.0605,5319.4126,2643.6619,974.0607,34776.8121,A6,N,N
09/12/2020,7:00,10975.0996,1201.79,3393.51,726.025,9754.21,5202.27,2591.75,942.697,34787.3516,E,N,N
09/12/2020,7:00,11022.7002,1223.95,3401.3799,720.515,9693.04,5237.4102,2608.54,979.812,34887.3473,E1,N,N
09/12/2020,7:00,11044.7998,1217.23,3330.6599,724.942,9666.9902,5233.3799,2598.9399,980.028,34796.9697,E2,N,N
09/12/2020,7:00,11039,1214.42,3401.97,725.05,9667.2402,5232.52,2597.05,980.77,34858.0202,E3,Y,N
09/12/2020,7:00,11002.5537,1217.626,3384.5706,724.9257,9680.002,5231.2383,2603.4277,969.9954,34814.3394,M,N,N
09/12/2020,8:00,10891.2422,1221.2576,3425.2656,725.0504,9797.0771,5394.5859,2665.7488,950.2953,35070.5229,A3,N,N
09/12/2020,8:00,10950.1348,1201.5472,3417.2573,730.7837,9884.9268,5395.5957,2665.4097,963.1356,35208.7908,A6,N,N
09/12/2020,8:00,11074.7998,1245.6899,3385.49,747.26,9946.4697,5464.4902,2604.6201,953.497,35422.3167,E,N,N
09/12/2020,8:00,11043.4004,1208.5699,3400.72,723.429,9960.8701,5403.1201,2602.05,964.158,35306.3175,E1,N,N
09/12/2020,8:00,11100.2002,1218.42,3402.5701,726.598,9988.6602,5410.1802,2614.77,962.905,35424.3037,E2,N,N
09/12/2020,8:00,11108,1218.04,3399.8501,726.126,9993.3896,5414.5098,2616.4299,961.094,35437.4394,E3,Y,N
09/12/2020,8:00,11073.4521,1225.5308,3401.6978,732.0381,9954.4248,5425.2603,2620.2996,959.4593,35392.1628,M,N,N
09/12/2020,9:00,11387.1387,1336.9993,3428.7444,769.5969,10458.2256,5670.7153,2714.4336,984.7742,36750.628,A3,N,N
09/12/2020,9:00,11335.2549,1308.1221,3388.4077,761.1324,10457.8604,5744.1851,2723.4907,981.7481,36700.2014,A6,N,N
09/12/2020,9:00,11763.7002,1318.96,3410.95,813.99,10611.4004,5730.1699,2726.6899,969.851,37345.7114,E,N,N
09/12/2020,9:00,11380.5996,1358.29,3419.29,757.171,10098.2998,5465.0801,2678.5901,940.334,36097.6546,E1,N,N
09/12/2020,9:00,11352.0996,1357.92,3415.1399,758.092,10118.5,5479.0898,2686.4399,942.274,36109.5552,E2,N,N
09/12/2020,9:00,11353.5996,1356.91,3419.8301,758.289,10121.7998,5475.7798,2687.6599,941.941,36115.8092,E3,Y,N
09/12/2020,9:00,11492.9199,1345.8007,3417.2922,773.787,10288.3535,5563.2339,2700.5403,954.5317,36536.4592,M,N,N
09/12/2020,10:00,12859.9023,1502.2949,3463.0857,837.5905,11405.1973,6246.9888,2957.2969,1033.2367,40305.5931,A3,N,N
09/12/2020,10:00,12544.9043,1469.3342,3405.8191,812.6725,11363.4395,6260.9448,2934.2229,1026.8843,39818.2216,A6,N,N
09/12/2020,10:00,12614.2998,1531.87,3437.3401,828.478,11304.4004,6180.8501,3056.6599,1025.1899,39979.0882,E,N,N
09/12/2020,10:00,12808,1520.63,3474.0801,817.7,11599.7002,6233.8901,3110.3,1053.11,40617.4104,E1,N,N
09/12/2020,10:00,12806.5,1509.4399,3415.49,810.456,11622.2998,6228,3111.03,1060.97,40564.1857,E2,N,N
09/12/2020,10:00,12801.9004,1507.46,3473.3501,817.25,11609.4004,6226.1001,3107.23,1058.88,40601.571,E3,Y,N
09/12/2020,10:00,12730.8516,1514.8901,3450.0273,819.3668,11506.4844,6207.6572,3079.2319,1046.5636,40355.0729,M,N,N
09/12/2020,11:00,13910.2256,1701.715,3529.595,872.5878,12329.959,6791.7715,3309.2192,1093.7241,43538.7972,A3,N,N
09/12/2020,11:00,13964.9453,1704.7764,3473.6553,849.1072,12323.0703,6776.4761,3290.4548,1096.5195,43479.0049,A6,N,N
09/12/2020,11:00,13787.0996,1700.86,3511.1001,877.259,12326.5996,6784.9702,3369.2,1078.49,43435.5785,E,N,N
09/12/2020,11:00,13993.5,1740.3199,3538.03,802.089,12125,6951.2002,3340,1068.0699,43558.209,E1,N,N
09/12/2020,11:00,14023.9004,1749.78,3504.3601,816.411,12128.5,6955.1201,3326.79,1059.75,43564.6116,E2,N,N
09/12/2020,11:00,14024.5,1743.35,3539.28,823.172,12135.5996,6960.21,3329.3799,1060.8101,43616.3016,E3,Y,N
09/12/2020,11:00,13950.4219,1728.0472,3522.9016,838.9968,12204.5449,6889.3076,3336.8674,1071.047,43542.1344,M,N,N
09/12/2020,12:00,15223.0527,1922.748,3599.7632,925.8011,13550.2168,7331.2793,3725.313,1145.6842,47423.8583,A3,N,N
09/12/2020,12:00,15168.8555,1905.6239,3540.6443,904.9789,13499.1846,7296.2012,3671.8672,1134.3348,47121.6904,A6,N,N
09/12/2020,12:00,15081.9004,1886.84,3565.74,908.837,13439.4004,7401.9702,3753.6201,1130.74,47169.0481,E,N,N
09/12/2020,12:00,15314,1916.1801,3580.6699,903.472,13722.4004,7492.2002,3916.6599,1102.16,47947.7425,E1,N,N
09/12/2020,12:00,15293.2002,1911.61,3616.3601,893.795,13722.9004,7482.6201,3930.3999,1102.61,47953.4957,E2,N,N
09/12/2020,12:00,15289.2998,1912.85,3581.6599,886.349,13718.5,7480.4102,3929,1105.64,47903.7089,E3,Y,N
09/12/2020,12:00,15218.8252,1905.792,3589.4497,899.9043,13614.5547,7449.4326,3853.8887,1112.8501,47644.6973,M,N,N
09/12/2020,13:00,16319.7725,2067.1077,3670.667,1007.5946,14594.8291,8036.3086,4152.6196,1203.9714,51052.8705,A3,N,N
09/12/2020,13:00,16407.0508,2051.104,3622.0698,974.4407,14437.4766,8002.7485,4086.8232,1197.2682,50778.9818,A6,N,N
09/12/2020,13:00,16271.2002,2031.4301,3650.0901,973.657,14458.7002,8076.3599,4166.98,1177.09,50805.5075,E,N,N
09/12/2020,13:00,16399.3008,2060.8601,3652.45,1013.37,14620.4004,8230.1904,4306.5098,1193.8101,51476.8916,E1,N,N
09/12/2020,13:00,16395.9004,2055.52,3666.72,1013.73,14629,8249.9004,4307.71,1190.5601,51509.0409,E2,N,N
09/12/2020,13:00,16401.8008,2057.95,3653.55,1007.3,14637.5996,8252,4308.9102,1186.73,51505.8406,E3,Y,N
09/12/2020,13:00,16348.0918,2052.0295,3658.1165,1001.2924,14567.0273,8167.6953,4252.6577,1187.7268,51234.6373,M,N,N
09/12/2020,14:00,16976.8242,2149.0835,3717.2327,1041.0325,15347.3857,8745.876,4536.5962,1239.2979,53753.3287,A3,N,N
09/12/2020,14:00,17158.4004,2136.1421,3678.7317,1016.1686,15238.6416,8726.1221,4420.541,1224.3091,53599.0566,A6,N,N
09/12/2020,14:00,17155.8008,2175.8701,3697.4199,1027.75,15529,8651.8604,4449.0801,1242.3199,53929.1012,E,N,N
09/12/2020,14:00,17084.5996,2131.72,3721.28,1041.35,15766.2002,8789.1797,4504.5801,1248.04,54286.9496,E1,N,N
09/12/2020,14:00,17026.6992,2126.46,3676.5601,1041.46,15730.7002,8779.7002,4490.6299,1256.6899,54128.8995,E2,N,N
09/12/2020,14:00,17024.9004,2130.6499,3723.72,1039.4,15727.7002,8781.1299,4491.5601,1255.03,54174.0905,E3,Y,N
09/12/2020,14:00,17072.4766,2143.9236,3703.8186,1037.4503,15641.9453,8732.5186,4481.2329,1250.4761,54063.842,M,N,N
09/12/2020,15:00,17147.6563,2218.5403,3767.9875,1082.3318,16291.8252,9057.8838,4628.0464,1293.1764,55487.4477,A3,N,N
09/12/2020,15:00,17369.7266,2220.2507,3759.7258,1060.9016,16176.998,8924.3682,4616.4722,1291.1361,55419.5792,A6,N,N
09/12/2020,15:00,17510.5,2210.4299,3754.3501,1054.78,16341,9108.6104,4603.71,1304.6899,55888.0703,E,N,N
09/12/2020,15:00,17342.3008,2191.3999,3764.28,1046.83,16522.8008,9233.9697,4607.2402,1323.52,56032.3414,E1,N,N
09/12/2020,15:00,17348.3008,2193.24,3751.1899,1043.6899,16514.3008,9220.6201,4616.5801,1323.2,56011.1216,E2,N,N
09/12/2020,15:00,17349.3008,2193.53,3767.6001,1044.02,16514,9220.7998,4616.5,1321.63,56027.3807,E3,Y,N
09/12/2020,15:00,17363.2695,2200.5427,3759.8184,1051.7677,16444.1523,9173.9893,4613.6084,1314.467,55921.6153,M,N,N
09/12/2020,16:00,16697.6504,2240.4231,3825.4756,1131.4398,16583.7188,9354.1279,4793.936,1354.8868,55981.6584,A3,N,N
09/12/2020,16:00,17134.1406,2280.0579,3823.1719,1099.3428,16426.623,9312.4893,4788.3008,1373.7634,56237.8897,A6,N,N
09/12/2020,16:00,17909.8008,2232.6799,3781.5,1081.4,16655,9319.4502,4641.3301,1341.16,56962.321,E,N,N
09/12/2020,16:00,17460.4004,2237.8701,3790.75,1102.1899,16944.0996,9496.8604,4670.7202,1406.34,57109.2306,E1,N,N
09/12/2020,16:00,17503.4004,2242.6799,3778.6899,1099.98,16999,9458.9297,4680.1201,1407.96,57170.76,E2,N,N
09/12/2020,16:00,17530.3008,2238.9399,3793.74,1113.85,16992.0996,9516.75,4689.5498,1401.99,57277.2201,E3,Y,N
09/12/2020,16:00,17505.6328,2238.3618,3790.5107,1103.0112,16852.502,9430.1563,4685.832,1382.9309,56988.9377,M,N,N
09/12/2020,17:00,17305.457,2258.4768,3875.9375,1165.7474,16834.2461,9555.46,4824.2153,1398.6787,57218.2188,A3,N,N
09/12/2020,17:00,17673.9121,2286.2307,3891.7971,1140.1093,16653.623,9490.5664,4880.0186,1439.0178,57455.275,A6,N,N
09/12/2020,17:00,17956.9004,2260.51,3812.24,1127.55,16949.1992,9508.2598,4753.9399,1406.35,57774.9493,E,N,N
09/12/2020,17:00,17387.4004,2244.1299,3816.24,1146.6,17206.0996,9548.3496,4667,1498.87,57514.6895,E1,N,N
09/12/2020,17:00,17561.9004,2248.46,3791.6499,1184.74,17148.4004,9514.46,4633.54,1507.49,57590.6407,E2,N,N
09/12/2020,17:00,17583.1992,2257.46,3804.1699,1186.27,17137.5996,9550.54,4686.6299,1457.55,57663.4186,E3,Y,N
09/12/2020,17:00,17612.1055,2254.4333,3813.5371,1163.6835,17063.8438,9531.291,4704.9297,1455.041,57598.8649,M,N,N
09/12/2020,18:00,16864.4844,2240.5901,3916.5618,1189.9352,17114.3652,9618.8779,4790.4224,1437.5303,57172.7673,A3,N,N
09/12/2020,18:00,17244.6855,2246.7893,3949.8286,1152.8629,16894.0684,9704.8438,4812.8945,1495.1637,57501.1367,A6,N,N
09/12/2020,18:00,17578.4004,2287.1001,3839.1001,1186.98,17167.3008,9659.7695,4903.1802,1506.61,58128.4411,E,N,N
09/12/2020,18:00,17058.5996,2238.1399,3831.9099,1169.65,17068,9567.6504,4577.8799,1556.3199,57068.1496,E1,N,N
09/12/2020,18:00,17326.1992,2244.8899,3779.23,1185.2,17126,9425.6299,4517.8398,1607.16,57212.1488,E2,N,N
09/12/2020,18:00,17247.1992,2241.29,3789.8999,1191.1,17031.4004,9478.3701,4644.98,1500.48,57124.7196,E3,Y,N
09/12/2020,18:00,17278.3359,2253.1611,3820.6167,1185.7681,17103.9707,9539.2588,4687.5381,1527.7937,57396.4431,M,N,N
09/12/2020,19:00,16569.1895,2169.8103,3926.6687,1146.6763,16652.0859,9437.165,4647.3569,1440.6307,55989.5833,A3,N,N
09/12/2020,19:00,16819.0996,2180.7786,4003.51,1117.9082,16623.7715,9469.5176,4658.9063,1508.9763,56382.4681,A6,N,N
09/12/2020,19:00,16952.6992,2236.0901,3803.3501,1151.76,16690.9004,9425.6602,4775.5498,1533.75,56569.7598,E,N,N
09/12/2020,19:00,16515.6992,2171.3999,3835.3,1115.16,16721.0996,9320.4297,4450.52,1596,55725.6084,E1,N,N
09/12/2020,19:00,16677.5,2186.24,3828.1399,1140.22,16666,9240.7197,4431.6299,1627.7,55798.1495,E2,N,N
09/12/2020,19:00,16734,2205.48,3791.0901,1161.58,16693.9004,9316.5703,4548.54,1543.12,55994.2808,E3,Y,N
09/12/2020,19:00,16726.6602,2199.604,3825.8911,1146.1195,16684.3477,9340.4365,4576.1646,1555.7214,56054.945,M,N,N
09/12/2020,20:00,16172.96,2112.5632,3933.8796,1106.0885,15848.2686,9101.0566,4481.3945,1412.8092,54169.0202,A3,N,N
09/12/2020,20:00,16367.2646,2116.8606,4023.7896,1071.9117,15939.1768,9082.7637,4475.2471,1515.5928,54592.6069,A6,N,N
09/12/2020,20:00,16399,2163.8601,3732.22,1099.27,16039.5,9007.5596,4574.2402,1467.53,54483.1799,E,N,N
09/12/2020,20:00,16182,2111.1299,3834.1799,1044.46,16228.4004,8949.9297,4331.0698,1559.33,54240.4997,E1,N,N
09/12/2020,20:00,16438.0996,2119.9099,3762.6699,1059.87,16018.5,8883.7002,4265.6699,1550.63,54099.0495,E2,N,N
09/12/2020,20:00,16241.7998,2066.1599,3752.3,1081.98,16133.0996,8853.9404,4342.9302,1455.75,53927.9599,E3,Y,N
09/12/2020,20:00,16314.0947,2115.4441,3782.8049,1079.0985,16057.3594,8942.6738,4397.2681,1489.9949,54178.7384,M,N,N
09/12/2020,21:00,16031.041,2081.1594,3934.1331,1100.2764,15517.8213,8937.9639,4447.7017,1415.3907,53465.4875,A3,N,N
09/12/2020,21:00,16038.4307,2061.2454,4009.26,1061.0175,15626.4814,8960.2783,4413.7314,1510.4253,53680.87,A6,N,N
09/12/2020,21:00,15791.4004,2077.51,3699.01,1084.1801,15446.4004,8587.2803,4429.6802,1432.6899,52548.1513,E,N,N
09/12/2020,21:00,15828.7002,2048.3101,3790.6499,1017.41,15637.7998,8726.1104,4235.6899,1517.45,52802.1203,E1,N,N
09/12/2020,21:00,15963,2067.77,3758.6499,1051.24,15499.5996,8577.4199,4203.9502,1532.77,52654.3996,E2,N,N
09/12/2020,21:00,15594.0996,2019.46,3748.95,1069.7,15474.4004,8586.3799,4228.8701,1458.4301,52180.2901,E3,Y,N
09/12/2020,21:00,15819.5938,2057.3687,3767.2502,1065.9907,15499.5527,8645.7793,4301.0488,1472.5776,52629.1618,M,N,N
09/12/2020,22:00,15287.1113,1978.9331,3879.5002,1048.848,14675.2764,8503.7393,4226.4653,1364.9164,50964.79,A3,N,N
09/12/2020,22:00,15185.6777,1924.8201,3931.5999,1019.2245,14782.0107,8511.9414,4187.3716,1445.9296,50988.5755,A6,N,N
09/12/2020,22:00,15160.2998,1953.45,3658.47,1040.3199,14672.9004,8140.7202,4244.5298,1342.83,50213.5201,E,N,N
09/12/2020,22:00,14944,1921.3101,3724.8401,975.097,14797,8203.1904,4015.8,1437.62,50018.8576,E1,N,N
09/12/2020,22:00,15158.2002,1925.6801,3679.6001,973.134,14836.2998,8071.46,3975.49,1455.89,50075.7542,E2,N,N
09/12/2020,22:00,14990.0996,1877.97,3670.25,1000.49,14619.4004,8050.6201,4075.45,1353.88,49638.1601,E3,Y,N
09/12/2020,22:00,15106.0391,1926.8054,3702.6226,1006.4791,14716.1855,8154.0664,4104.1509,1388.467,50104.816,M,N,N
09/12/2020,23:00,14409.6602,1856.4924,3799.8508,974.5511,13312.2188,7840.6777,3956.239,1297.1696,47446.8596,A3,N,N
09/12/2020,23:00,14234.3037,1800.9987,3808.3364,955.4605,13506.0469,7819.9668,3900.5632,1357.1619,47382.8381,A6,N,N
09/12/2020,23:00,14406.0996,1836.96,3594.9099,982.601,13710.5,7556.75,3994.6499,1339.61,47422.0804,E,N,N
09/12/2020,23:00,14100.9004,1794.72,3697.73,896.309,13658.5,7620.2202,3788.21,1369.99,46926.5796,E1,N,N
09/12/2020,23:00,14208.9004,1837.51,3649.9399,894.671,13648.7998,7469.8101,3789.02,1430.01,46928.6612,E2,N,N
09/12/2020,23:00,14116,1765.8101,3597.6299,963.338,13644.2002,7583.0801,3808.1299,1371.21,46849.3982,E3,Y,N
09/12/2020,23:00,14246.5703,1816.4716,3647.8176,944.01,13622.2148,7585.0225,3866.0061,1368.6025,47096.7154,M,N,N
09/12/2020,24:00,13646.3506,1690.2303,3724.7534,902.6129,12287.7588,7229.8599,3663.1292,1221.2439,44365.939,A3,N,N
09/12/2020,24:00,13403.6016,1639.9464,3722.6394,887.7112,12424.6465,7172.4087,3600.2515,1251.8307,44103.036,A6,N,N
09/12/2020,24:00,13666.7998,1672.75,3493.73,919.503,12693.5996,7000.29,3746.8799,1299.6899,44493.2422,E,N,N
09/12/2020,24:00,13309.2002,1652.8199,3617.6299,846.967,12471.7998,7033.8301,3570.02,1300.5,43802.7669,E1,N,N
09/12/2020,24:00,13429.7998,1694.05,3588.98,840.365,12726.2998,6911.7798,3552.1101,1334.6899,44078.0744,E2,N,N
09/12/2020,24:00,13348.5,1657,3507.78,869.736,12700.4004,6981.5801,3579.04,1282.79,43926.8265,E3,Y,N
09/12/2020,24:00,13480.7188,1673.8313,3565.4204,876.0985,12625.0195,7006.3735,3623.6511,1294.5105,44145.6236,M,N,N
09/13/2020,1:00,13009.2051,1578.2212,3707.468,878.2041,11302.3838,6718.8276,3428.3621,1159.3639,41782.0358,A3,N,N
09/13/2020,1:00,12783.0508,1453.8184,3695.1663,843.6478,11484.5908,6683.7095,3320.6816,1129.9364,41394.6016,A6,N,N
09/13/2020,1:00,13023.2998,1541.97,3394.45,870.762,11768.7002,6489.54,3536.3601,1290.08,41915.1621,E,N,N
09/13/2020,1:00,12572.9004,1548.35,3562.6899,803.242,11837.7998,6548.3799,3368.52,1250.62,41492.502,E1,N,N
09/13/2020,1:00,12649.2002,1596.16,3570.7,794.138,12019.0996,6414.5498,3368.45,1263.35,41675.6476,E2,N,N
09/13/2020,1:00,12577.2998,1565.46,3426.3301,825.305,11866.2998,6446.9399,3381.3601,1283.15,41372.1447,E3,Y,N
09/13/2020,1:00,12760.2129,1566.7189,3506.6399,832.732,11806.0479,6496.1587,3421.1528,1260.3929,41650.056,M,N,N
09/13/2020,2:00,12446.5459,1471.6229,3659.5054,836.8373,10662.6377,6361.9634,3239.3247,1113.0183,39791.4556,A3,N,N
09/13/2020,2:00,12152.6768,1366.1129,3635.2788,805.7054,10749.917,6267.4858,3170.5627,1091.4063,39239.1457,A6,N,N
09/13/2020,2:00,12480.7998,1441.62,3362.4399,836.738,11012,6050.7998,3329.7,1216.42,39730.5175,E,N,N
09/13/2020,2:00,11925.9004,1464.77,3510.76,771.448,11166.2998,6093.5498,3183.1399,1192.4399,39308.3078,E1,N,N
09/13/2020,2:00,12044.2002,1489.24,3558.8401,760.231,11261,6017.23,3194.5,1186.15,39511.3913,E2,N,N
09/13/2020,2:00,11960.2002,1456.88,3409.46,783.274,11158.7998,6059.4102,3202.27,1207.72,39238.0142,E3,Y,N
09/13/2020,2:00,12167.8555,1463.9841,3478.968,796.0964,11086.5674,6088.7993,3234.4253,1190.7549,39507.4509,M,N,N
09/13/2020,3:00,12034.8906,1420.6445,3631.2688,805.5375,10163.5264,6060.1826,3107.8398,1081.181,38305.0712,A3,N,N
09/13/2020,3:00,11759.2373,1307.4812,3590.4758,772.6724,10278.6348,5952.4277,3037.4482,1063.5596,37761.937,A6,N,N
09/13/2020,3:00,12078.2002,1393.83,3324.6699,812.035,10485.0996,5705.6201,3188.4199,1206.0601,38193.9348,E,N,N
09/13/2020,3:00,11447.4004,1425.12,3502.8601,746.959,10564.9004,5786.7202,3037.71,1173.33,37685.0001,E1,N,N
09/13/2020,3:00,11599.2002,1448.27,3531.0901,743.489,10761.2002,5699.6201,3073.8401,1172.4,38029.1097,E2,N,N
09/13/2020,3:00,11502.0996,1418.83,3371.1101,753.158,10718.7002,5708.7798,3077.48,1176.65,37726.8077,E3,Y,N
09/13/2020,3:00,11730.1602,1420.9531,3448.4836,771.2325,10582.3027,5759.3677,3103.1289,1170.5914,37986.2201,M,N,N
09/13/2020,4:00,11755.3135,1355.3846,3629.6392,781.8458,9752.5127,5810.3687,2999.9109,1039.5426,37124.518,A3,N,N
09/13/2020,4:00,11387.8525,1262.4836,3567.405,745.761,9871.6367,5699.5137,2949.5959,997.2183,36481.4667,A6,N,N
09/13/2020,4:00,11790.9004,1307.98,3293.3101,797.742,10115,5496.9199,3080.03,1193.75,37075.6324,E,N,N
09/13/2020,4:00,11156.7998,1372.4301,3492.4299,728.888,10165.7998,5572.8301,2930.49,1174.09,36593.7577,E1,N,N
09/13/2020,4:00,11337.5996,1407.86,3490.99,736.876,10374.9004,5477.3901,2982.8899,1159.17,36967.676,E2,N,N
09/13/2020,4:00,11250.5,1306.5699,3333.05,731.973,10355.2998,5472.6699,2971.8999,1142.34,36564.3025,E3,Y,N
09/13/2020,4:00,11458.7637,1346.5793,3419.5962,755.4895,10201.0889,5534.645,3000.0049,1150.519,36866.6865,M,N,N
09/13/2020,5:00,11581.666,1325.5426,3586.5122,768.9807,9586.9434,5685.1304,2939.396,1045.7993,36519.9706,A3,N,N
09/13/2020,5:00,11240.0908,1219.4169,3499.4795,733.6497,9738.124,5560.9658,2897.9089,1001.9994,35891.635,A6,N,N
09/13/2020,5:00,11641.7998,1248.5601,3268.3799,787.092,9853.6104,5385.1899,3010.8101,1195.03,36390.4722,E,N,N
09/13/2020,5:00,11023.2002,1345.51,3466.52,717.521,9917.3896,5439.77,2885.3101,1100.49,35895.7109,E1,N,N
09/13/2020,5:00,11188.4004,1375.51,3484.8899,730.672,9989.2695,5318.5098,2923.53,1136.14,36146.9216,E2,N,N
09/13/2020,5:00,11242.2002,1254.89,3286.1799,707.694,10078.9004,5373.0601,2904.8401,1142.89,35990.6547,E3,Y,N
09/13/2020,5:00,11343.708,1303.6216,3391.4912,742.1771,9918.4863,5409.8022,2937.8833,1136.8013,36183.971,M,N,N
09/13/2020,6:00,11542.9424,1315.5675,3577.4243,760.4141,9605.0957,5685.1299,2906.6567,1046.7332,36439.9638,A3,N,N
09/13/2020,6:00,11129.0693,1206.4553,3468.4548,727.3885,9770.8135,5525.7651,2888.1777,1007.5908,35723.715,A6,N,N
09/13/2020,6:00,11558,1225.28,3277.53,782.688,9728.1797,5335.27,2994.1599,1154.17,36055.2776,E,N,N
09/13/2020,6:00,11032.5,1348.64,3476.1499,707.198,9966.5801,5462.9399,2873.9099,1060.36,35928.2778,E1,N,N
09/13/2020,6:00,11151,1353.4,3491.8101,702.222,9962.5801,5308.1001,2907.01,1118.14,35994.2623,E2,N,N
09/13/2020,6:00,11076.7998,1238.03,3317.48,700.528,9990.8203,5343.1499,2912.25,1150.45,35729.508,E3,Y,N
09/13/2020,6:00,11268.3799,1287.2034,3403.4019,729.811,9866.8545,5390.1387,2925.9258,1119.0767,35990.7919,M,N,N
09/13/2020,7:00,11658.0039,1351.4949,3569.2734,769.5125,9818.9141,5770.1812,2932.4019,1070.7212,36940.5031,A3,N,N
09/13/2020,7:00,11153.3213,1254.3197,3465.449,749.7039,9947.2588,5662.3848,2908.1121,1039.285,36179.8346,A6,N,N
09/13/2020,7:00,11532.2998,1241.37,3277.8301,787.142,9819.3096,5322.7598,2981.6201,1172.8199,36135.1513,E,N,N
09/13/2020,7:00,11083.2998,1371.9301,3485.3401,728.401,10225.0996,5564.0601,2932.8401,1119.3199,36510.2907,E1,N,N
09/13/2020,7:00,11181.0996,1391.86,3510.01,707.269,10355.5,5388.02,2909.73,1119.84,36563.3286,E2,N,N
09/13/2020,7:00,11076.4004,1268.85,3313.3501,695.518,10298.5,5362.27,2937.1799,1126.02,36078.0884,E3,Y,N
09/13/2020,7:00,11290.1133,1315.9481,3407.124,734.7215,10123.8291,5435.0425,2940.2876,1128.4252,36375.4913,M,N,N
09/13/2020,8:00,11543.7832,1369.1378,3592.5098,778.6227,10011.6182,5907.0913,2969.917,1071.0775,37243.7575,A3,N,N
09/13/2020,8:00,11072.0752,1249.9728,3477.0879,764.4695,10235.8213,5797.2573,2936.3394,1051.4839,36584.5073,A6,N,N
09/13/2020,8:00,11493.9004,1263.29,3270.71,800.914,10020.4004,5458.5,2992.5701,1183.11,36483.3949,E,N,N
09/13/2020,8:00,11097.2998,1390.78,3483.1399,745.092,10497.2998,5575.9302,2910.1299,1141.04,36840.7116,E1,N,N
09/13/2020,8:00,11167.7998,1393.0699,3506.7,729.776,10181.2002,5437.2002,2909.5701,1135.96,36461.2762,E2,N,N
09/13/2020,8:00,11102.2998,1284.89,3275.9199,719.289,10571.0996,5359.3799,2908.8601,1148.83,36370.5683,E3,Y,N
09/13/2020,8:00,11271.1357,1330.3022,3397.7886,752.9591,10256.7891,5499.1475,2937.7559,1143.4896,36589.3677,M,N,N
09/13/2020,9:00,11958.3838,1470.0853,3605.1506,832.0135,10686.5166,6235.6904,3094.4199,1102.1898,38984.4499,A3,N,N
09/13/2020,9:00,11441.0293,1341.7178,3464.9072,807.5457,10863.4688,6129.936,3046.29,1086.025,38180.9198,A6,N,N
09/13/2020,9:00,11860.4004,1348.6801,3286.24,848.067,10649.7998,5692.5298,3090.1899,1187.45,37963.357,E,N,N
09/13/2020,9:00,11583.2998,1496.3,3467.8101,824.813,11160.2002,5973.3398,3063.98,1148.59,38718.3329,E1,N,N
09/13/2020,9:00,11629.9004,1523.0601,3508.03,775.09,11155.7002,5841.73,3090.01,1128.0601,38651.5808,E2,N,N
09/13/2020,9:00,11518,1357.33,3284.0901,807.769,11223.4004,5800.77,3073.0901,1147.26,38211.7096,E3,Y,N
09/13/2020,9:00,11694.7852,1428.0657,3403.7102,814.8348,10988.0645,5859.8862,3083.1223,1147.04,38419.5089,M,N,N
09/13/2020,10:00,12950.6152,1622.583,3665.7302,919.2665,11841.9658,6796.896,3374.8904,1172.0056,42343.9527,A3,N,N
09/13/2020,10:00,12434.8057,1450.142,3487.4734,873.7466,11897.4551,6666.6021,3289.7192,1155.2356,41255.1797,A6,N,N
09/13/2020,10:00,12862.5996,1485.12,3372.02,936.314,11860.5,6268.6602,3372.1399,1216.09,41373.4437,E,N,N
09/13/2020,10:00,12460.7002,1630.0601,3536.3401,887.493,12261.5,6602.4902,3406.1399,1179,41963.7235,E1,N,N
09/13/2020,10:00,12549.2998,1642.54,3569.04,877.101,12284.0996,6454.3301,3399.02,1171.02,41946.4505,E2,N,N
09/13/2020,10:00,12464.7002,1568.5699,3362.97,880.685,12299.2002,6432.2202,3386,1193.55,41587.8955,E3,Y,N
09/13/2020,10:00,12645.5635,1580.6378,3476.2664,899.3699,12123.8828,6463.7261,3386.9187,1189.0408,41765.406,M,N,N
09/13/2020,11:00,14013.7793,1783.1254,3715.9619,991.2558,13017.4375,7377.2759,3669.6055,1243.7712,45812.2125,A3,N,N
09/13/2020,11:00,13682.6621,1610.9354,3517.9968,932.6807,12997.4746,7221.5996,3534.4849,1225.7246,44723.5587,A6,N,N
09/13/2020,11:00,13861.0996,1614.12,3484.29,992.6,13175.5996,6872.7598,3691.8101,1302.37,44994.6491,E,N,N
09/13/2020,11:00,13483,1740.72,3645.6001,965.529,13383,7234.98,3727.6699,1228.11,45408.609,E1,N,N
09/13/2020,11:00,13537.7002,1782.8,3626.0901,955.91,13570.7998,7122.6201,3707.23,1241.67,45544.8202,E2,N,N
09/13/2020,11:00,13540.7998,1681.36,3479.27,949.206,13484.2998,7050.3799,3716.8799,1259.74,45161.9354,E3,Y,N
09/13/2020,11:00,13671.9971,1710.0507,3567.6079,969.0271,13357.7295,7087.9717,3703.6394,1259.9302,45327.9536,M,N,N
09/13/2020,12:00,15055.0654,1956.304,3790.2786,1055.3286,14138.9307,8016.2505,4004.208,1285.3638,49301.7296,A3,N,N
09/13/2020,12:00,14733.4648,1761.8896,3569.3376,984.4772,14134.1709,7806.0679,3786.1101,1264.5594,48040.0775,A6,N,N
09/13/2020,12:00,14917,1767.71,3575.8799,1057.29,14451.4004,7467.3701,4020.29,1378.67,48635.6104,E,N,N
09/13/2020,12:00,14578.2998,1886.7,3651.5801,1022.97,14453.2998,7870.3799,4028.6699,1315.78,48807.6795,E1,N,N
09/13/2020,12:00,14597.7002,1914.42,3676.05,1016.24,14600.0996,7683.77,4022.51,1299.15,48809.9398,E2,N,N
09/13/2020,12:00,14527.5,1849.23,3557.45,1032.2,14670.5,7735.1602,4031.0801,1336.3101,48739.4304,E3,Y,N
09/13/2020,12:00,14714.7207,1863.2155,3632.5774,1036.2198,14504.5293,7707.4038,4022.5798,1328.6755,48809.9218,M,N,N
09/13/2020,13:00,15822.1797,2116.4841,3850.363,1100.3191,15241.9014,8541.2266,4281.1255,1323.5232,52277.1226,A3,N,N
09/13/2020,13:00,15547.8154,1900.9155,3650.7083,1033.3016,15098.1143,8292.3379,4067.6838,1275.3325,50866.2093,A6,N,N
09/13/2020,13:00,15832.2002,1938.4399,3661.3401,1115.26,15792.2002,8123.5898,4317.6001,1459.96,52240.5903,E,N,N
09/13/2020,13:00,15400,2029.13,3744.6699,1058.8101,15412,8297.0596,4308.4302,1386.33,51636.4298,E1,N,N
09/13/2020,13:00,15463.4004,2052.27,3756.25,1072.8199,15724,8217.4297,4305.8999,1423.28,52015.3499,E2,N,N
09/13/2020,13:00,15533.2998,2023.03,3639.4199,1049.91,15592.5,8261.3301,4314.7998,1442.52,51856.8096,E3,Y,N
09/13/2020,13:00,15609.9971,2021.6367,3713.6316,1079.3887,15608.9121,8255.373,4308.2695,1420.1718,52017.3805,M,N,N
09/13/2020,14:00,16582.709,2211.0049,3908.6841,1150.7631,16016.7578,8950.7988,4465.874,1364.3915,54650.9832,A3,N,N
09/13/2020,14:00,16332.0947,1998.9344,3734.6826,1073.2006,15684.0859,8692.6064,4317.1533,1349.9574,53182.7153,A6,N,N
09/13/2020,14:00,16691,2059.3999,3737.4399,1171.45,16941.8008,8803.8799,4593.1201,1514.54,55512.6306,E,N,N
09/13/2020,14:00,16269.5996,2131.5801,3775.28,1096.67,15992.5,8741.29,4500.0498,1484.8199,53991.7894,E1,N,N
09/13/2020,14:00,16370.2998,2156.9299,3810.8501,1126.78,16487.0996,8639.4297,4498.71,1464.27,54554.3691,E2,N,N
09/13/2020,14:00,16307.7002,2150.21,3665.8501,1148.87,16625.1992,8865.1797,4497.75,1494.87,54755.6292,E3,Y,N
09/13/2020,14:00,16448.7891,2134.458,3764.0308,1142.7041,16514.6836,8788.6328,4518.1357,1474.5715,54786.0056,M,N,N
09/13/2020,15:00,17033.3359,2280.6101,3941.4944,1211.6683,16800.6934,9202.7246,4617.8203,1403.5149,56491.8619,A3,N,N
09/13/2020,15:00,16939.9355,2083.8599,3797.7427,1125.3745,16300.9512,8909.5801,4536.9888,1404.6884,55099.1211,A6,N,N
09/13/2020,15:00,17027.6992,2134.75,3801.75,1218.73,17882.0996,9240.9502,4742.0498,1603.13,57651.1588,E,N,N
09/13/2020,15:00,16661.9004,2156.51,3775.04,1133.13,16622,9016.3701,4565.8999,1550.3199,55481.1703,E1,N,N
09/13/2020,15:00,16675,2224.1699,3811.8601,1152.8199,17125.3008,8953.9297,4577.4199,1538.99,56059.4903,E2,N,N
09/13/2020,15:00,16695.6992,2196.24,3738.22,1230.5699,17618.5996,9353.2402,4617.7402,1559.83,57010.1391,E3,Y,N
09/13/2020,15:00,16811.5039,2193.4299,3802.5242,1193.6298,17334.3359,9164.417,4632.2676,1544.7168,56676.8251,M,N,N
09/13/2020,16:00,16834.7695,2288.6709,3961.582,1239.7977,17361.7422,9463.8535,4773.2944,1442.6687,57366.3789,A3,N,N
09/13/2020,16:00,16810.9453,2141.9543,3867.53,1167.8325,16836.5117,9323.0781,4692.2412,1462.7247,56302.8178,A6,N,N
09/13/2020,16:00,17039.8008,2172.8,3879.8201,1253.7,18306.5996,9526.2197,4833.1499,1598.46,58610.5501,E,N,N
09/13/2020,16:00,16757.6992,2189.79,3840.1599,1170.1801,16917.1992,9241.6104,4651.25,1586.0699,56353.9587,E1,N,N
09/13/2020,16:00,16883.0996,2215,3853.55,1202.33,17667,9196.0098,4652.5298,1586.74,57256.2592,E2,N,N
09/13/2020,16:00,16819.9004,2210.03,3810.4199,1265.53,18147.5996,9638.3604,4666.0801,1578.5699,58136.4903,E3,Y,N
09/13/2020,16:00,16884.7578,2209.2651,3861.1653,1231.6372,17815.168,9428.3301,4716.0078,1569.5348,57715.8661,M,N,N
09/13/2020,17:00,16988.0508,2291.8596,3971.6399,1263.5234,17670.2617,9689.7754,4783.7666,1469.6056,58128.483,A3,N,N
09/13/2020,17:00,17179.9199,2181.6541,3938.1858,1212.2297,17165.6855,9536.7256,4779.4072,1504.9207,57498.7285,A6,N,N
09/13/2020,17:00,16939.3008,2167.9199,3911.24,1273.03,18384.3008,9730.5195,4805.3301,1595.28,58806.9211,E,N,N
09/13/2020,17:00,16754.1992,2157.49,3854.8501,1195.47,17477.1992,9342.5195,4632.6699,1599.85,57014.2479,E1,N,N
09/13/2020,17:00,16865.3008,2193.6001,3855.8999,1290.4301,17778.5,9431.0596,4601.1201,1634.6801,57650.5907,E2,N,N
09/13/2020,17:00,16775.5996,2254.1599,3805.4199,1319.1,18227.5,9685.3701,4661.4302,1544.0601,58272.6398,E3,Y,N
09/13/2020,17:00,16862.832,2210.0886,3871.4512,1278.0143,17991.0078,9590.7744,4694.0249,1577.187,58075.3802,M,N,N
09/13/2020,18:00,16394.8945,2237.9644,3969.1841,1248.7639,17637.9746,9776.6631,4696.417,1477.7672,57439.6288,A3,N,N
09/13/2020,18:00,16600.1914,2132.7476,3987.3745,1214.5223,17174.7051,9768.8799,4723.8672,1525.9999,57128.2879,A6,N,N
09/13/2020,18:00,16635.1992,2133.4299,3894.97,1254.3,18085.1992,9674.7998,4731.1602,1621.73,58030.7883,E,N,N
09/13/2020,18:00,16256.5,2136.3,3869.05,1184.76,17223.6992,9501.2803,4569.8701,1613.15,56354.6096,E1,N,N
09/13/2020,18:00,16413.3008,2175.3101,3825.6799,1224.3101,17789.3008,9457.2695,4534.3599,1646.23,57065.7611,E2,N,N
09/13/2020,18:00,16453.0996,2194.7,3866.0701,1265.63,18321.4004,9826.0098,4589.3398,1574.1,58090.3497,E3,Y,N
09/13/2020,18:00,16456.8242,2172.6431,3876.4592,1240.2505,17906.6855,9649.2627,4622.001,1596.8796,57521.0058,M,N,N
09/13/2020,19:00,15710.9248,2156.6902,3935.6028,1181.2241,17176.7832,9612.7041,4581.4917,1463.381,55818.8019,A3,N,N
09/13/2020,19:00,15846.8965,2060.0471,3993.4351,1158.9323,16830.9824,9487.4258,4629.1113,1530.8839,55537.7144,A6,N,N
09/13/2020,19:00,16091.7998,2075.71,3830.0801,1186.96,17357,9422.4297,4569.5498,1617.03,56150.5594,E,N,N
09/13/2020,19:00,15700.2998,2070,3775.98,1113.42,16982.1992,9326.3398,4433.77,1610.89,55012.8988,E1,N,N
09/13/2020,19:00,15730.7998,2101.51,3801.8799,1160.72,17521,9311.9004,4461.27,1632.84,55721.9201,E2,N,N
09/13/2020,19:00,15640.5996,2147.95,3719.8799,1200.0601,17798.1992,9583.0498,4507.7998,1602.9399,56200.4783,E3,Y,N
09/13/2020,19:00,15792.2031,2109.6289,3801.9077,1173.7655,17438.9219,9446.7256,4511.5625,1597.4863,55872.2015,M,N,N
09/13/2020,20:00,15410.751,2052.4355,3871.2617,1098.5537,16186.5537,9187.2559,4384.3511,1453.6865,53644.8491,A3,N,N
09/13/2020,20:00,15499.251,1981.532,3915.6621,1085.1115,15969.293,9060.3252,4450.1226,1548.6251,53509.9225,A6,N,N
09/13/2020,20:00,15752.9004,2018.65,3736.27,1125.47,16636.9004,9072.0596,4424.5,1573.4301,54340.1805,E,N,N
09/13/2020,20:00,15392.4004,2013.77,3784.6699,1073.26,16558.0996,9065.4199,4316.6299,1579.13,53783.3797,E1,N,N
09/13/2020,20:00,15542.0996,2031.54,3770.4299,1102.88,16867.4004,8990.6504,4304.77,1589.53,54199.3003,E2,N,N
09/13/2020,20:00,15432.2002,2028.29,3644.8401,1115.5,17296.3008,9139.46,4356.6299,1542.09,54555.311,E3,Y,N
09/13/2020,20:00,15532.1943,2027.8958,3744.8765,1107.4392,16793.2305,9082.127,4359.0977,1555.3645,54202.2255,M,N,N
09/13/2020,21:00,15422.6104,2024.0304,3853.5134,1080.5631,15699.6846,8960.2041,4359.0361,1435.6018,52835.2439,A3,N,N
09/13/2020,21:00,15270.3252,1942.2947,3869.0156,1062.5034,15599.9561,8901.8125,4439.6875,1527.8135,52613.4085,A6,N,N
09/13/2020,21:00,15371.0996,1968.97,3734.04,1101.59,16014.2002,8704.5498,4359.3301,1518.13,52771.9097,E,N,N
09/13/2020,21:00,15221.7998,1991.9301,3758.5801,1059.6899,16025.7002,8881.2305,4266.5,1565.04,52770.4706,E1,N,N
09/13/2020,21:00,15285.4004,2009.63,3743.53,1084.5,16288.5996,8777.7305,4295.98,1565.14,53050.5105,E2,N,N
09/13/2020,21:00,15106.9004,2016.88,3697.5,1050.72,16368.7002,8912.3701,4307.2598,1531.12,52991.4505,E3,Y,N
09/13/2020,21:00,15271.4004,2000.865,3745.2793,1076.7341,16133.5479,8828.8418,4318.8345,1528.6777,52904.1807,M,N,N
09/13/2020,22:00,15028.9346,1926.0881,3840.2605,1031.6155,14702.8447,8623.0654,4193.7021,1352.7656,50699.2765,A3,N,N
09/13/2020,22:00,14746.2813,1847.7898,3810.6821,1016.4771,14707.041,8629.0117,4273.2163,1429.7627,50460.262,A6,N,N
09/13/2020,22:00,14924.5,1849.62,3703.3301,1041.83,15121.2998,8258.79,4183.9302,1423.89,50507.1901,E,N,N
09/13/2020,22:00,14593.5996,1891.22,3715.45,986.503,15218.5996,8420.8096,4110.46,1480.1,50416.7418,E1,N,N
09/13/2020,22:00,14753.5996,1914.51,3704.29,985.161,15388.7002,8291.71,4115.48,1531.08,50684.5308,E2,N,N
09/13/2020,22:00,14698.5996,1864.71,3675.3501,1027.63,15413.5,8338.2305,4160.5498,1388.24,50566.81,E3,Y,N
09/13/2020,22:00,14796.9922,1884.3735,3715.2065,1015.92,15221.0557,8352.667,4153.0107,1439.9106,50579.1362,M,N,N
09/13/2020,23:00,14178.9268,1788.8394,3770.8699,954.1469,13436.7021,8075.9102,3922.6521,1279.6185,47407.6659,A3,N,N
09/13/2020,23:00,13895.2012,1713.0092,3728.22,943.7789,13437.3037,8041.2231,3990.7034,1333.9487,47083.3882,A6,N,N
09/13/2020,23:00,14175.7998,1736.0601,3610.49,963.522,13971.5996,7682.8301,3965.4099,1391.63,47497.3415,E,N,N
09/13/2020,23:00,13864,1757.88,3632.8101,890.988,13881.9004,7804.4302,3849.46,1375.76,47057.2287,E1,N,N
09/13/2020,23:00,13911.5996,1785.3,3638.1399,884.952,14227.2998,7667.3799,3896.0801,1469.8,47480.5513,E2,N,N
09/13/2020,23:00,13821,1720.08,3606.1799,944.166,14159.5996,7812.27,3895.3501,1407.38,47366.0256,E3,Y,N
09/13/2020,23:00,13982.4658,1753.7,3639.1624,928.8019,14004.4512,7775.6621,3910.7241,1399.1248,47394.0923,M,N,N
09/13/2020,24:00,13397.8887,1631.1808,3702.3137,868.0804,12285.5957,7410.3599,3620.9644,1189.4686,44105.8522,A3,N,N
09/13/2020,24:00,13045.2051,1556.8368,3649.782,863.5391,12226.5889,7273.7715,3667.0698,1210.4865,43493.2797,A6,N,N
09/13/2020,24:00,13397.0996,1587.13,3482.49,893.216,12789.7002,7105.46,3687.6201,1311.58,44254.2959,E,N,N
09/13/2020,24:00,12945.2998,1613.58,3544.96,813.731,12488.5996,7083.21,3564.26,1297.58,43351.2204,E1,N,N
09/13/2020,24:00,13044,1648.9301,3597.3701,822.15,12946.7998,6979.75,3605.7,1382.83,44027.53,E2,N,N
09/13/2020,24:00,12988.2998,1629.41,3481.8,837.621,12855.4004,7074.8799,3607.5701,1295.78,43770.7612,E3,Y,N
09/13/2020,24:00,13150.249,1621.9626,3546.3242,848.4731,12744.75,7101.7188,3623.3757,1308.4285,43945.2819,M,N,N
09/14/2020,1:00,12906.4004,1607.9717,3704.4697,803.0473,11217.7686,6908.3623,3416.0005,1125.6632,41689.6837,A3,N,N
09/14/2020,1:00,12571.4658,1393.3577,3653.2363,803.7394,11327.8525,6739.9902,3398.3638,1093.4219,40981.4276,A6,N,N
09/14/2020,1:00,12426,1498.02,3439.4299,837.331,11838.2998,6535.52,3426.29,1261.2,41262.0907,E,N,N
09/14/2020,1:00,12230.2002,1500.91,3483.6201,749.38,11688.4004,6526.7998,3314.23,1224.85,40718.3905,E1,N,N
09/14/2020,1:00,12256.7998,1538.7,3558.25,774.178,11813.2002,6487.6299,3394.3999,1332.49,41155.6478,E2,N,N
09/14/2020,1:00,12288.9004,1518.95,3434.71,772.71,11866.4004,6645.3999,3403.8501,1278.13,41209.0508,E3,Y,N
09/14/2020,1:00,12385,1527.5278,3506.6086,790.1082,11742.7461,6596.5327,3397.4136,1261.7692,41207.7062,M,N,N
09/14/2020,2:00,12377.2178,1512.6665,3656.6946,765.6505,10534.3418,6487.5864,3255.2161,1119.0171,39708.3908,A3,N,N
09/14/2020,2:00,11997.623,1329.7723,3569.9495,775.796,10605.1846,6306.083,3202.5918,1093.371,38880.3712,A6,N,N
09/14/2020,2:00,11962.2998,1419.14,3394.79,807.788,10989.7002,6160.0298,3239.9299,1298.6899,39272.3676,E,N,N
09/14/2020,2:00,11749,1424.9,3450.3101,712.253,10874.7002,6130.7402,3090.8401,1164.28,38597.0236,E1,N,N
09/14/2020,2:00,11799.5,1452.42,3524.6201,731.355,11033.2998,6048.3901,3182.45,1301.75,39073.785,E2,N,N
09/14/2020,2:00,11749.0996,1413.78,3389.99,728.91,10965.5996,6270.25,3221.75,1291.09,39030.4692,E3,Y,N
09/14/2020,2:00,11893.502,1438.5308,3465.7256,751.7512,10923.2793,6196.9585,3204.2896,1258.2946,39132.3316,M,N,N
09/14/2020,3:00,12113.4648,1471.9075,3623.1675,770.6177,10139.7344,6194.4448,3126.4958,1093.4408,38533.2733,A3,N,N
09/14/2020,3:00,11712.6348,1299.8724,3498.7012,765.2026,10149.125,6017.8516,3089.5432,1074.0621,37606.9929,A6,N,N
09/14/2020,3:00,11657.5,1366.92,3356.1299,780.987,10439.2998,5910.27,3124.3799,1289.97,37925.4566,E,N,N
09/14/2020,3:00,11390.5996,1383.22,3436.28,681.774,10421.4004,5789.7202,2981.05,1150.3,37234.3442,E1,N,N
09/14/2020,3:00,11360.7998,1399.47,3507.1599,708.921,10444.2998,5740.4502,3052.25,1301.15,37514.5007,E2,N,N
09/14/2020,3:00,11401.5,1346.04,3457.75,718.891,10507.5996,6022.6699,3044.27,1298.4,37797.1205,E3,Y,N
09/14/2020,3:00,11542.958,1384.9985,3462.6909,733.7488,10417.9414,5916.3682,3068.668,1252.8475,37780.2213,M,N,N
09/14/2020,4:00,12026.4551,1436.5133,3622.6431,758.7549,10020.1621,6046.207,3036.823,1054.7622,38002.3207,A3,N,N
09/14/2020,4:00,11588.8369,1292.4286,3492.5686,753.3414,9962.6484,5890.6377,3021.0984,1011.9584,37013.5184,A6,N,N
09/14/2020,4:00,11545.7002,1339.6899,3358.1799,765.898,10173.4004,5775.3701,3047.23,1178.83,37184.2985,E,N,N
09/14/2020,4:00,11210.0996,1348.92,3417.1599,685.388,10140.5,5669.0298,2927.4199,1116.22,36514.7372,E1,N,N
09/14/2020,4:00,11262.2998,1368.3101,3493.97,705.507,10191.2998,5592.3398,3014.3899,1246.26,36874.3764,E2,N,N
09/14/2020,4:00,11328.5996,1275.87,3391.74,724.56,10303.7002,5788.98,3045.46,1241.78,37100.6898,E3,Y,N
09/14/2020,4:00,11438.7188,1344.1467,3440.948,729.5091,10187.1826,5753.5771,3022.3003,1188.0903,37104.4729,M,N,N
09/14/2020,5:00,12141.9424,1424.3639,3604.4116,755.6797,9961.7158,6062.1406,3005.7959,1051.718,38007.7679,A3,N,N
09/14/2020,5:00,11657.9004,1305.9557,3464.8901,751.8197,10192.3398,5882.1514,3004.083,1012.1147,37271.2548,A6,N,N
09/14/2020,5:00,11667.5,1336.1,3351.72,769.165,10219.5,5751.9102,3025.5601,1139.73,37261.1853,E,N,N
09/14/2020,5:00,11350.5996,1345.15,3406.8201,682.049,10233.2002,5651.02,2932.1001,1101.5,36702.439,E1,N,N
09/14/2020,5:00,11391.4004,1378.59,3450.05,697.177,10324.2002,5601.9302,3028.79,1257.0699,37129.2077,E2,N,N
09/14/2020,5:00,11323.7998,1316.46,3409.72,679.485,10302.7002,5750.8101,3036.1399,1235.51,37054.625,E3,Y,N
09/14/2020,5:00,11532.2432,1353.9767,3429.2764,716.1729,10235.9639,5740.3076,3014.8594,1177.2297,37200.0298,M,N,N
09/14/2020,6:00,12439.1533,1469.5928,3624.542,766.6993,10276.9668,6274.5254,3064.5134,1059.6482,38975.6412,A3,N,N
09/14/2020,6:00,11927.5381,1356.2419,3457.2637,760.3548,10524.9072,6085.147,3076.3323,1027.8988,38215.6838,A6,N,N
09/14/2020,6:00,11949.5,1379.21,3384.27,782.631,10705.5,5882.8599,3080.5801,1138.26,38302.811,E,N,N
09/14/2020,6:00,11758.2002,1427.01,3403.6499,696.164,10773.0996,6013.77,3003.6399,1141.27,38216.8036,E1,N,N
09/14/2020,6:00,11853,1420.2,3516.8101,717.631,10660.7998,5814.5601,3118.1799,1230.16,38331.3409,E2,N,N
09/14/2020,6:00,11720.5996,1373.3101,3367.98,746.48,10741.4004,5940.2402,3172.5701,1221.75,38284.3304,E3,Y,N
09/14/2020,6:00,11905.4434,1405.2552,3445.7891,744.5434,10658.1836,5945.4521,3101.3518,1172.6573,38378.6759,M,N,N
09/14/2020,7:00,12944.2764,1595.2803,3667.2751,801.0447,10959.3105,6642.8257,3186.6406,1117.7104,40914.3637,A3,N,N
09/14/2020,7:00,12385.5273,1477.6245,3493.5391,817.0991,11243.3408,6471.8672,3232.4651,1092.9728,40214.4359,A6,N,N
09/14/2020,7:00,12360.9004,1481.26,3446.79,826.064,11534.2002,6155.21,3202.04,1291.59,40298.0546,E,N,N
09/14/2020,7:00,12339.4004,1530.91,3491.6201,769.445,11776.5,6488.46,3249.5901,1192.4,40838.3256,E1,N,N
09/14/2020,7:00,12462.5996,1540.73,3577.6299,792.057,11456.7002,6356.8101,3207.7,1303.6801,40697.9069,E2,N,N
09/14/2020,7:00,12206.2002,1476.55,3495.9099,803.027,11631,6234.54,3334.29,1290.08,40471.5971,E3,Y,N
09/14/2020,7:00,12417.8838,1515.4087,3524.9443,801.5983,11497.4512,6328.0508,3240.5364,1260.1013,40585.9748,M,N,N
09/14/2020,8:00,12946.5117,1624.4545,3702.3599,811.9631,11297.7822,6945.6558,3285.3049,1144.0664,41758.0985,A3,N,N
09/14/2020,8:00,12578.6553,1507.7952,3526.0681,834.3855,11680.5732,6770.6997,3326.3638,1133.9159,41358.4567,A6,N,N
09/14/2020,8:00,12601.0996,1522.47,3516.6799,848.499,12127.4004,6465.1401,3297.0801,1294.41,41672.7791,E,N,N
09/14/2020,8:00,12477.5,1578.5601,3503.1001,778.808,11982.7998,6591.9199,3346.1399,1221.24,41480.0678,E1,N,N
09/14/2020,8:00,12540.4004,1564.48,3583.02,800.523,11813.5996,6496.8901,3325.8601,1331.36,41456.1332,E2,N,N
09/14/2020,8:00,12517.2002,1578.23,3503.01,800.718,12084.2998,6387.54,3415.71,1308.86,41595.568,E3,Y,N
09/14/2020,8:00,12592.6768,1566.6718,3551.3599,811.2814,11916.3975,6529.5898,3338.593,1279.3208,41585.891,M,N,N
09/14/2020,9:00,13269.5488,1696.49,3695.8413,849.5626,11877.4717,7140.3154,3453.4241,1176.8612,43159.5151,A3,N,N
09/14/2020,9:00,12952.8379,1579.4708,3513.4214,857.5638,12134.5508,6974.3228,3424.5112,1158.5469,42595.2256,A6,N,N
09/14/2020,9:00,13006,1578.27,3557.79,891.274,12629.7002,6670.4199,3396.8701,1286.58,43016.9042,E,N,N
09/14/2020,9:00,12854.7998,1629.88,3469.8899,783.276,12297.5,6686.6699,3390.49,1240.58,42353.0856,E1,N,N
09/14/2020,9:00,12868.5996,1649,3570.3,824.413,12428.7998,6634.29,3341.53,1307.62,42624.5524,E2,N,N
09/14/2020,9:00,12781.7998,1612.13,3457.6799,856.163,12489.9004,6748.25,3463.0901,1275.34,42684.3532,E3,Y,N
09/14/2020,9:00,12929.6436,1625.6462,3542.1589,847.0674,12408.9707,6741.6133,3405.8618,1269.5651,42770.527,M,N,N
09/14/2020,10:00,14054.167,1788.6775,3728.7117,914.2319,12789.8936,7442.4009,3645.5142,1205.458,45569.0548,A3,N,N
09/14/2020,10:00,13602.3271,1657.4498,3519.6436,903.0524,12759.8262,7272.3887,3590.5283,1176.7449,44481.961,A6,N,N
09/14/2020,10:00,13755.9004,1687.47,3595.95,956.03,13453.7998,7025.1201,3598.1599,1273.27,45345.7002,E,N,N
09/14/2020,10:00,13387.9004,1711.47,3516.4099,882.461,12763.2998,6982.5601,3523.25,1230.59,43997.9412,E1,N,N
09/14/2020,10:00,13630.4004,1731.28,3586.1799,882.786,12901.7002,7102.8101,3610.6699,1294.5,44740.3265,E2,N,N
09/14/2020,10:00,13624.9004,1727.54,3498.02,906.475,12874.5996,7095.3999,3738.6799,1297.72,44763.3348,E3,Y,N
09/14/2020,10:00,13683.0586,1724.0908,3575.6777,910.9094,13001.6738,7108.9526,3632.9729,1270.8784,44908.2142,M,N,N
09/14/2020,11:00,14995.7686,1920.7395,3776.26,968.6964,13646.999,7771.6089,3856.4082,1263.1616,48199.6422,A3,N,N
09/14/2020,11:00,14681.875,1778.2178,3544.3445,943.7397,13514.502,7564.8438,3772.9316,1223.2229,47023.6773,A6,N,N
09/14/2020,11:00,14524.7002,1817.41,3655.0701,1005.94,14381.9004,7359.02,3828.96,1297.59,47870.5907,E,N,N
09/14/2020,11:00,14292.7998,1826.9399,3551.9399,950.073,13663,7303.9102,3717.79,1272.9399,46579.3927,E1,N,N
09/14/2020,11:00,14472.2998,1850.64,3639.73,937.924,13865.4004,7462.3101,3783.46,1358.76,47370.5243,E2,N,N
09/14/2020,11:00,14542.4004,1857.53,3502.8799,958.414,13738.2998,7602,3948.71,1333.52,47483.7541,E3,Y,N
09/14/2020,11:00,14545.9219,1849.855,3615.4451,965.4157,13910.1504,7490.2725,3837.0574,1314.4802,47528.5982,M,N,N
09/14/2020,12:00,15774.3584,2044.8396,3831.0488,1007.7579,14560.7959,8083.0601,4063.4722,1290.8766,50656.2095,A3,N,N
09/14/2020,12:00,15644.9824,1913.615,3580.1023,973.9285,14342.3076,7855.2837,3943.5728,1245.3972,49499.1895,A6,N,N
09/14/2020,12:00,15444.5996,1933.98,3715.8799,1033.3199,15394,7721.9399,4028.8201,1307.55,50580.0894,E,N,N
09/14/2020,12:00,15292.2002,1947.35,3541.8999,998.737,14531.7998,7762.1899,3966.4199,1335.04,49375.6367,E1,N,N
09/14/2020,12:00,15368.2002,1988.73,3659.6299,1002.16,14326.2998,7722.04,4058.9399,1384.08,49510.0798,E2,N,N
09/14/2020,12:00,15306.0996,2004.98,3581.98,956.096,14633.2002,7906.4902,4172.3799,1338.09,49899.3159,E3,Y,N
09/14/2020,12:00,15413.0449,1980.9462,3660.9912,998.7058,14724.9492,7818.2739,4068.7715,1335.6696,50001.3523,M,N,N
09/14/2020,13:00,16636.3867,2159.4314,3880.9336,1052.3977,15232.1396,8323.3213,4247.2866,1294.4998,52826.3967,A3,N,N
09/14/2020,13:00,16529.8809,2024.8281,3637.2527,1018.9577,14954.3438,8084.1636,4131.8101,1272.1488,51653.3857,A6,N,N
09/14/2020,13:00,16317.7002,2046.47,3777.3401,1059.6801,16214.7998,8028.5298,4173.2598,1334.6801,52952.4599,E,N,N
09/14/2020,13:00,16023.2998,2059.01,3604.47,1030.4301,15166.4004,8091.52,4188.8701,1401.63,51565.6304,E1,N,N
09/14/2020,13:00,16095.4004,2101.04,3708.8,1019.21,15118.4004,8071.1401,4431.27,1468.45,52013.7109,E2,N,N
09/14/2020,13:00,16141.4004,2136.0601,3664.3899,1013.76,15209.5,8259.7305,4420.1499,1367.8,52212.7908,E3,Y,N
09/14/2020,13:00,16221.0859,2098.1978,3723.3079,1033.516,15435.4922,8141.7051,4310.6895,1379.7488,52343.7432,M,N,N
09/14/2020,14:00,17501.6621,2259.9746,3916.9116,1095.4304,16014.7412,8559.3584,4386.4824,1328.1519,55062.7126,A3,N,N
09/14/2020,14:00,17386.1309,2140.3159,3697.0034,1052.777,15583.418,8353.9375,4337.5449,1278.6305,53829.7581,A6,N,N
09/14/2020,14:00,17275,2139.6001,3817.98,1087.27,16945.5996,8253.9902,4275.4199,1358.74,55153.5998,E,N,N
09/14/2020,14:00,17110.5,2189.05,3678.95,1081.11,16056.5,8421.6797,4327.8999,1478.13,54343.8196,E1,N,N
09/14/2020,14:00,16969.4004,2214.8601,3736.8899,1057.99,15833.7998,8387.54,4398.3101,1506.28,54105.0703,E2,N,N
09/14/2020,14:00,16907,2227.4399,3669.1101,1054.86,16176,8509.0098,4480.46,1431,54454.8798,E3,Y,N
09/14/2020,14:00,17114.3711,2201.603,3755.4778,1072.0975,16247.7549,8410.2656,4377.8457,1424.7903,54604.2059,M,N,N
09/14/2020,15:00,17962.9277,2319.0103,3948.2483,1124.0897,16373.9639,8747.4414,4505.0151,1363.8889,56344.5853,A3,N,N
09/14/2020,15:00,17945.8906,2214.4575,3754.2432,1082.4209,16049.5605,8505.8047,4551.8833,1315.8792,55420.1399,A6,N,N
09/14/2020,15:00,17858.0996,2209.53,3842.3301,1122.9,17530.6992,8444.2197,4386.3799,1414.8199,56808.9784,E,N,N
09/14/2020,15:00,17667.0996,2229.5,3728.8999,1113.98,16587.3008,8736.9404,4446.5601,1511.13,56021.4108,E1,N,N
09/14/2020,15:00,17383.6992,2261.3401,3755.75,1085.96,16458.5,9162.04,4689.2202,1562.23,56358.7395,E2,N,N
09/14/2020,15:00,17304.8008,2276.26,3696.6499,1099.52,16926,8843.9297,4657.5801,1424.54,56229.2805,E3,Y,N
09/14/2020,15:00,17590.4023,2255.3462,3783.3262,1106.8538,16848.957,8798.0947,4552.2422,1459.7749,56394.9973,M,N,N
09/14/2020,16:00,17913.9648,2329.355,3940.1006,1147.9185,16876.6641,8821.4482,4619.248,1413.7749,57062.4741,A3,N,N
09/14/2020,16:00,18047.3457,2277.5369,3799.0886,1115.2617,16558.2891,8654.127,4708.2798,1381.7004,56541.6292,A6,N,N
09/14/2020,16:00,17995.4004,2246.1799,3873.98,1141.2,17940.4004,8653.4199,4467,1496.6899,57814.2705,E,N,N
09/14/2020,16:00,17820.4004,2263.8301,3728.8,1154.8,17018.9004,8762.8398,4412.1499,1584.87,56746.5906,E1,N,N
09/14/2020,16:00,17568.9004,2279.55,3797.8601,1120.15,16909.5,9353.9199,4216.8301,1576.03,56822.7405,E2,N,N
09/14/2020,16:00,17524.1992,2321.76,3709.5901,1108.49,17428.3008,9031.9805,4595.1699,1475.13,57194.6205,E3,Y,N
09/14/2020,16:00,17738.9219,2286.0205,3803.97,1130.2998,17306.4961,8957.8662,4448.6748,1511.7931,57184.0424,M,N,N
09/14/2020,17:00,17991.2168,2357.332,3940.5071,1166.2902,17055.2266,8945.2168,4601.7378,1446.656,57504.1833,A3,N,N
09/14/2020,17:00,18231.2539,2287.1709,3847.0715,1146.7708,16861.8223,8753.5049,4760.1367,1426.2704,57314.0014,A6,N,N
09/14/2020,17:00,17836.1992,2250.5,3884.28,1151.54,18264.0996,8782.2803,4487.8501,1572.34,58229.0892,E,N,N
09/14/2020,17:00,17773.5996,2247.27,3733.47,1174.22,17165,8896.5498,4441.5098,1602.0601,57033.6793,E1,N,N
09/14/2020,17:00,17518.1992,2265.72,3804.5601,1171.62,17221.9004,9208.54,4385.9902,1645.8101,57222.34,E2,N,N
09/14/2020,17:00,17432.3008,2278.23,3683.8899,1154.61,17726.5,9150.2598,4770.98,1600.75,57797.5205,E3,Y,N
09/14/2020,17:00,17667.2773,2274.1875,3802.4294,1162.0062,17580.6523,9015.4902,4541.6108,1585.8145,57629.4682,M,N,N
09/14/2020,18:00,17438.3086,2345.3848,3930.6106,1160.5988,17005.4902,8887.3379,4486.7959,1435.4274,56689.9542,A3,N,N
09/14/2020,18:00,17820.2012,2254.1689,3871.0527,1145.9613,16881.0195,8892.1387,4677.4595,1435.4569,56977.4587,A6,N,N
09/14/2020,18:00,17355.8008,2211.6799,3870.3799,1150.59,18203.1992,8801.9297,4391.8599,1548.96,57534.3994,E,N,N
09/14/2020,18:00,17445.3008,2238.22,3723.73,1151.21,16970.1992,9003.5,4384.5601,1607.96,56524.6801,E1,N,N
09/14/2020,18:00,17123.6992,2239.8799,3767.8301,1136.2,17107,9183.8604,4268.6899,1644.71,56471.8695,E2,N,N
09/14/2020,18:00,17022.9004,2284.4199,3713.45,1159.46,17699.5996,9113.79,4630.1401,1684.27,57308.03,E3,Y,N
09/14/2020,18:00,17236.0508,2256.9456,3794.7075,1150.5386,17499.4121,9011.249,4431.5923,1599.9083,56980.4042,M,N,N
09/14/2020,19:00,16865.918,2279.343,3922.7861,1125.3995,16667.166,8874.3896,4319.0352,1413.0391,55467.0765,A3,N,N
09/14/2020,19:00,16945.8164,2185.574,3889.1309,1110.4323,16608.5566,8881.6494,4497.2285,1420.058,55538.4461,A6,N,N
09/14/2020,19:00,16712.4004,2138.0701,3861.6499,1119.55,17824.1992,8585.6299,4254.73,1557.13,56053.3595,E,N,N
09/14/2020,19:00,16813.9004,2165.72,3653.25,1101.9,16700.4004,8933.9697,4203.1802,1624.09,55196.4107,E1,N,N
09/14/2020,19:00,16445,2154.6399,3753.3201,1098.6,16785.3008,8983.29,4151.6099,1635.83,55007.5907,E2,N,N
09/14/2020,19:00,16342.7998,2209.55,3709.1499,1082.14,17260.5,8982.1699,4324.4399,1665.86,55576.6095,E3,Y,N
09/14/2020,19:00,16585.0273,2181.1978,3778.0347,1103.485,17138.4453,8863.8164,4247.9717,1594.3461,55492.3243,M,N,N
09/14/2020,20:00,16352.3672,2200.9045,3895.9153,1085.7938,16099.3359,8674.9932,4168.3364,1390.545,53868.1913,A3,N,N
09/14/2020,20:00,16361.5332,2109.0627,3854.0295,1069.2255,16063.4766,8617.957,4305.4883,1429.6925,53810.4653,A6,N,N
09/14/2020,20:00,16264,2080.71,3821.4399,1088.5601,17054.6992,8265.6797,4153.3198,1579.4399,54307.8486,E,N,N
09/14/2020,20:00,16392.1992,2089.6299,3657.4399,1067.26,16316,8697.0498,4103.2798,1578.66,53901.5186,E1,N,N
09/14/2020,20:00,16070.7998,2093.23,3699.1101,1052.23,16273.2998,8608,4050.22,1616.4301,53463.3198,E2,N,N
09/14/2020,20:00,15951.7998,2102.1699,3580.28,1066.11,16776.4004,8608.9004,4359.8701,1627.45,54072.9806,E3,Y,N
09/14/2020,20:00,16164.7207,2105.3442,3719.377,1070.8567,16578.0176,8542.1504,4174.8047,1576.9807,53932.252,M,N,N
09/14/2020,21:00,16237.9746,2170.7629,3875.3945,1076.9125,15751.2939,8654.3789,4160.2002,1396.2339,53323.1514,A3,N,N
09/14/2020,21:00,16094.5342,2068.4109,3827.6462,1059.6219,15809.4023,8596.3193,4243.8931,1437.7645,53137.5924,A6,N,N
09/14/2020,21:00,15989.7002,2022.16,3820.3301,1069.77,16578.3008,8140.5,4169.9199,1564.66,53355.341,E,N,N
09/14/2020,21:00,16092.7002,2067.99,3671.9299,1067.76,16030.7998,8593.2002,4081.1201,1565.04,53170.5402,E1,N,N
09/14/2020,21:00,15895.9004,2072.02,3738.6899,1067.85,16176.7002,8587.1699,4069.9099,1574.08,53182.3203,E2,N,N
09/14/2020,21:00,15671.2002,2092.03,3570.74,1068.2,16305.5,8691.6396,4340.9399,1627.62,53367.8697,E3,Y,N
09/14/2020,21:00,15930.5342,2076.3967,3725.8555,1069.5391,16237.8867,8510.7744,4175.3574,1561.7493,53288.0933,M,N,N
09/14/2020,22:00,15604.1924,2092.7256,3835.9705,1023.0867,14784.2031,8345.5996,4024.9338,1339.7296,51050.4413,A3,N,N
09/14/2020,22:00,15316.4736,1958.5826,3783.1902,1013.4689,14962.1426,8275.541,4069.9812,1369.3989,50748.779,A6,N,N
09/14/2020,22:00,15412.7002,1926.66,3772.6899,1025.7,15597.4004,7780.8599,4006.0701,1526.47,51048.5505,E,N,N
09/14/2020,22:00,15411.7998,1953.02,3700.8201,1008.99,15157.5996,8098.6099,3913.78,1474.12,50718.7394,E1,N,N
09/14/2020,22:00,15251.9004,1939.25,3651.8701,1002.64,15212.2998,8112.6201,3897.49,1564.9,50632.9704,E2,N,N
09/14/2020,22:00,15159.7002,1964.92,3600.01,1040.23,15378.5,8096.5698,4108.8599,1526.52,50875.3099,E3,Y,N
09/14/2020,22:00,15333.0742,1963.4258,3698.2412,1021.1521,15289.7754,8053.0391,3995.4443,1506.2037,50860.3558,M,N,N
09/14/2020,23:00,14710.9463,1945.2181,3772.5222,955.6456,13535.7588,7773.3101,3794.0981,1254.5348,47742.034,A3,N,N
09/14/2020,23:00,14366.6865,1824.6899,3710.0466,952.9094,13683.6426,7696.7754,3788.4243,1264.7765,47287.9512,A6,N,N
09/14/2020,23:00,14507.7998,1811.75,3669.26,960.314,14252.5996,7306.4199,3770.3301,1483.29,47761.7634,E,N,N
09/14/2020,23:00,14491.0996,1813.34,3552.96,992.847,13852.2998,7384.96,3676.7,1370.6,47134.8064,E1,N,N
09/14/2020,23:00,14282.2002,1856.92,3630.29,969.14,14059.5996,7468.6201,3703.6799,1416.3199,47386.7697,E2,N,N
09/14/2020,23:00,14209.2998,1825.78,3509.8999,982.476,14152.2002,7527.1499,3918.79,1484.15,47609.7458,E3,Y,N
09/14/2020,23:00,14400.0811,1843.4324,3618.0479,971.5441,14039.6064,7470.3315,3782.0498,1424.0818,47549.175,M,N,N
09/14/2020,24:00,13947.8564,1769.5553,3687.7527,880.8776,12315.9395,7113.1011,3525.1968,1179.6216,44419.901,A3,N,N
09/14/2020,24:00,13580.6543,1661.8967,3618.0706,881.8006,12441.3574,7014.9307,3520.0945,1192.6425,43911.4473,A6,N,N
09/14/2020,24:00,13622.7002,1648.74,3569.55,892.13,12845.7998,6759.6001,3478.1499,1349.0699,44165.7399,E,N,N
09/14/2020,24:00,13437.0996,1652.35,3521.6499,879.797,12415,6713.9902,3379.8601,1276.09,43275.8368,E1,N,N
09/14/2020,24:00,13386.0996,1678.15,3579.1499,880.191,12744.0996,6806.3701,3388.8,1349.2,43812.0602,E2,N,N
09/14/2020,24:00,13309.2998,1664.25,3465.1799,899.992,12869.5,6958.6899,3532.8201,1344.64,44044.3717,E3,Y,N
09/14/2020,24:00,13502.6455,1675.5232,3554.645,888.1625,12706.2168,6859.5513,3463.0747,1317.6914,43967.5104,M,N,N
09/15/2020,1:00,13200.874,1628.5985,3658.5576,827.9886,11288.4531,6578.6284,3327.0947,1104.8416,41615.0365,A3,N,N
09/15/2020,1:00,12948.5801,1516.7186,3608.7388,833.138,11492.6855,6503.3271,3311.6753,1105.3373,41320.2007,A6,N,N
09/15/2020,1:00,12633.5996,1534.5699,3484.3601,842.29,11836.0996,6289.8701,3219.74,1251.8101,41092.3394,E,N,N
09/15/2020,1:00,12644.2998,1533.38,3466.53,798.284,11734.4004,6204.3599,3149.4199,1172.14,40702.814,E1,N,N
09/15/2020,1:00,12688.7998,1552.87,3533.9299,806.219,11754.4004,6237.23,3150.1201,1257.2,40980.7692,E2,N,N
09/15/2020,1:00,12589.4004,1539.42,3445.0701,859.602,11826.2002,6435.5098,3179.6101,1240.67,41115.4826,E3,N,N
09/15/2020,1:00,12708.5977,1551.9623,3506.4761,830.3118,11732.0322,6338.5259,3196.9319,1222.0427,41086.8806,M,Y,N
09/15/2020,2:00,12671.7578,1523.1674,3604.2727,783.626,10625.0742,6265.3848,3149.0627,1067.4003,39689.7459,A3,N,N
09/15/2020,2:00,12371.9023,1425.0103,3545.2649,796.6981,10794.0635,6194.4883,3151.04,1061.0104,39339.4778,A6,N,N
09/15/2020,2:00,12104,1440.79,3431,806.162,11029,5956.6201,3059.8799,1260.2,39087.652,E,N,N
09/15/2020,2:00,12127,1451.01,3421.5601,759.922,11051.5,5850.6802,2967.3999,1115.23,38744.3022,E1,N,N
09/15/2020,2:00,12129.0996,1464.02,3512.28,770.336,11134,5823.8101,2979.98,1180.62,38994.1457,E2,N,N
09/15/2020,2:00,11921.5,1434.58,3403.73,826.864,11090.7002,6118.9302,2998.26,1215.49,39010.0544,E3,N,N
09/15/2020,2:00,12138.4941,1456.6198,3464.9814,793.784,11022.9971,5989.3481,3024.0879,1186.9063,39077.2187,M,Y,N
09/15/2020,3:00,12239.4199,1478.4623,3568.9514,753.5773,10235.9238,6030.6968,3045.5029,1047.2622,38399.7966,A3,N,N
09/15/2020,3:00,11939.9668,1367.9442,3495.2285,767.8802,10392.792,5934.0928,3044.4353,1031.3438,37973.6836,A6,N,N
09/15/2020,3:00,11703.9004,1382.0699,3390.1001,774.393,10482.2998,5719.27,2964.29,1254.02,37670.3432,E,N,N
09/15/2020,3:00,11631.0996,1396.4301,3402.3899,729.355,10586.0996,5524.0801,2870.6599,1015.73,37155.8442,E1,N,N
09/15/2020,3:00,11612.5996,1397.71,3506.3301,737.047,10638.2998,5529.4502,2868.6499,1151.5,37441.5866,E2,N,N
09/15/2020,3:00,11491.0996,1372.91,3433.52,797.7,10621.7998,5956.4702,2884.8101,1245.83,37804.1397,E3,N,N
09/15/2020,3:00,11685.7148,1397.5341,3453.9053,762.6516,10538.3535,5745.645,2918.958,1170.7115,37673.4738,M,Y,N
09/15/2020,4:00,12040.5986,1440.5428,3560.4114,737.0597,9972.6602,5873.2046,2958.8606,1021.9969,37605.3348,A3,N,N
09/15/2020,4:00,11617.123,1340.4991,3468.4949,749.8498,10143.4141,5751.5503,2969.3687,981.461,37021.7609,A6,N,N
09/15/2020,4:00,11501.7998,1349.4301,3392.7,759.712,10211.7002,5593.4399,2900.9199,1154.39,36864.0919,E,N,N
09/15/2020,4:00,11322.5,1355.74,3396.74,722.738,10268,5371.1001,2822.9199,994.46,36254.198,E1,N,N
09/15/2020,4:00,11399.2002,1363.89,3502.78,735.655,10358,5356.4302,2813.9199,1142.67,36672.5453,E2,N,N
09/15/2020,4:00,11282.5,1299.79,3397.52,791.174,10373,5651.1201,2884.1101,1208.0601,36887.2743,E3,N,N
09/15/2020,4:00,11466.2627,1352.8129,3442.894,754.11,10265.7578,5555.7852,2872.4602,1128.3372,36838.42,M,Y,N
09/15/2020,5:00,12026.4902,1426.489,3532.4141,734.8511,9972.2148,5886.9453,2936.5266,1028.3075,37544.2386,A3,N,N
09/15/2020,5:00,11622.3438,1334.1804,3427.8789,746.5197,10148.1523,5768.2383,2961.4282,985.9912,36994.7328,A6,N,N
09/15/2020,5:00,11560.7002,1339.71,3396.6799,763.87,10241.2002,5580.7798,2886.9399,1180.03,36949.91,E,N,N
09/15/2020,5:00,11382.4004,1351.75,3377.0801,717.371,10248.5,5342.73,2810.1201,978.598,36208.5496,E1,N,N
09/15/2020,5:00,11436.5,1360.8199,3462.9399,721.348,10394.0996,5357.8701,2802.27,1121.79,36657.6375,E2,N,N
09/15/2020,5:00,11249,1322.11,3427.5701,725.809,10329.7998,5641.6099,2873.27,1214.8199,36783.9887,E3,N,N
09/15/2020,5:00,11487.6611,1352.9398,3435.4844,734.2845,10268.8643,5548.7744,2858.9507,1130.0232,36816.9824,M,Y,N
09/15/2020,6:00,12236.8711,1457.8922,3551.7107,754.7534,10381.8896,6087.9111,2988.2676,1042.1521,38501.4478,A3,N,N
09/15/2020,6:00,11832.1904,1367.5275,3429.1614,764.914,10557.0127,5940.0303,3025.8152,1004.4218,37921.0733,A6,N,N
09/15/2020,6:00,11837,1377.76,3424.04,783.928,10744,5720.98,2954.6101,1183.61,38025.9281,E,N,N
09/15/2020,6:00,11778.2002,1403.25,3398.29,757.781,10856.5996,5665.7202,2893.04,942.789,37695.67,E1,N,N
09/15/2020,6:00,11829.7002,1414.45,3511.74,752.264,10843.9004,5614.0298,2912.25,1142.55,38020.8844,E2,N,N
09/15/2020,6:00,11635.5,1381.88,3398.3501,814.406,10847.5,5851.6699,3054,1200.88,38184.186,E3,N,N
09/15/2020,6:00,11827.4336,1401.1653,3452.2827,776.7163,10763.6621,5765.874,2965.3784,1129.8777,38082.3901,M,Y,N
09/15/2020,7:00,12693.4521,1588.6987,3593.1787,798.3265,11106.9893,6472.6934,3128.0544,1101.3242,40482.7173,A3,N,N
09/15/2020,7:00,12268.9902,1499.7711,3465.5796,813.5067,11258.749,6354.7568,3157.7905,1070.2593,39889.4032,A6,N,N
09/15/2020,7:00,12275.2002,1477.5601,3476.5601,828.757,11610.2002,6018.7402,3108.1001,1275.2,40070.3179,E,N,N
09/15/2020,7:00,12293.0996,1522.55,3472.8101,794.802,11942.5,6191.6602,3133.72,1050.55,40401.6919,E1,N,N
09/15/2020,7:00,12419.4004,1525.11,3556.29,781.779,11791.2002,6160.1802,3121.4399,1172.85,40528.2497,E2,N,N
09/15/2020,7:00,12172.2002,1476.29,3530.1499,848.751,11927.7998,6132.2002,3245.8201,1238.28,40571.4912,E3,N,N
09/15/2020,7:00,12340.0186,1508.6461,3523.9985,813.9628,11713.4863,6160.8242,3151.562,1190.5669,40403.0654,M,Y,N
09/15/2020,8:00,12881.96,1618.2719,3627.0527,819.3441,11693.2471,6760.7524,3254.7576,1128.7909,41784.1767,A3,N,N
09/15/2020,8:00,12412.627,1519.3851,3484.8271,835.2535,11840.6602,6599.8618,3257.4746,1110.3507,41060.44,A6,N,N
09/15/2020,8:00,12525,1519.87,3523.8799,849.927,12194.5,6341.25,3214.3401,1276.4,41445.167,E,N,N
09/15/2020,8:00,12449.7002,1557.24,3488.6599,798.262,12280.4004,6283.5298,3216.6499,1101.8,41176.2422,E1,N,N
09/15/2020,8:00,12537.7002,1541.88,3589.03,809.918,12226,6308.2202,3235.78,1248.11,41496.6384,E2,N,N
09/15/2020,8:00,12450.4004,1580.17,3522.4399,840.425,12240.7002,6341.3101,3316.6101,1293.8101,41585.8658,E3,N,N
09/15/2020,8:00,12544.7324,1557.4189,3548.3018,827.2682,12162.0059,6378.2305,3250.6086,1233.4038,41501.9701,M,Y,N
09/15/2020,9:00,13200.2129,1689.9368,3621.3657,854.9005,12192.1602,6952.3252,3385.5925,1144.2697,43040.7635,A3,N,N
09/15/2020,9:00,12761.8047,1583.7777,3459.3442,857.8456,12333.748,6801.939,3354.0063,1129.9707,42282.4362,A6,N,N
09/15/2020,9:00,12950.2998,1570.14,3560.5701,890.255,12632.5996,6513.21,3325.8,1273.28,42716.1545,E,N,N
09/15/2020,9:00,12866.5,1604.09,3451.5901,830.14,12595.5,6426.75,3257.9099,1147.76,42180.24,E1,N,N
09/15/2020,9:00,12884.5,1633.3101,3588.3301,816.612,12590,6417.3398,3249.45,1221.3101,42400.8521,E2,N,N
09/15/2020,9:00,12718.7002,1615.58,3484.6399,856.61,12575.9004,6614.8301,3364.26,1254.61,42485.1306,E3,N,N
09/15/2020,9:00,12896.7139,1616.5109,3542.5044,851.4994,12548.082,6558.7295,3315.3152,1223.8037,42553.159,M,Y,N
09/15/2020,10:00,13980.5645,1779.4944,3655.3667,920.6438,12982.001,7245.144,3575.0261,1161.5846,45299.8251,A3,N,N
09/15/2020,10:00,13602.0273,1651.3682,3461.1853,905.2604,13050.958,7090.6191,3518.2644,1146.9132,44426.5959,A6,N,N
09/15/2020,10:00,13696.5,1668.91,3605.0601,945.283,13507.4004,6830.2202,3543.9299,1234.26,45031.5636,E,N,N
09/15/2020,10:00,13358.7998,1674.1899,3491.7,872.911,13074.2002,6765.96,3454.01,1162.0699,43853.8408,E1,N,N
09/15/2020,10:00,13476.4004,1696.8,3571.54,848.391,13146.2998,6792.6699,3491.4299,1217.79,44241.321,E2,N,N
09/15/2020,10:00,13481,1706.26,3475.1799,910.866,13162.2002,6901.7998,3679.46,1267.1,44583.8659,E3,N,N
09/15/2020,10:00,13580.8955,1699.7031,3556.3281,900.3294,13211,6882.5605,3557.3345,1220.2443,44608.3954,M,Y,N
09/15/2020,11:00,14922.4355,1910.7653,3705.0339,980.0056,13812.6426,7594.8091,3803.1223,1207.8479,47936.6622,A3,N,N
09/15/2020,11:00,14675.9385,1771.4318,3477.9128,949.1069,13810.4326,7401.0576,3701.6797,1192.4159,46979.9758,A6,N,N
09/15/2020,11:00,14561.7998,1802.45,3663.1299,985.801,14444,7138.04,3810.27,1230.99,47636.4807,E,N,N
09/15/2020,11:00,14391.4004,1812.49,3496.3,942.034,13841.9004,7165.0498,3698.9399,1231.4301,46579.5446,E1,N,N
09/15/2020,11:00,14457.2998,1837.38,3603.8,926.972,14009.2002,7131.4102,3750.6201,1290.6899,47007.3722,E2,N,N
09/15/2020,11:00,14576.7002,1848.3199,3524.3101,969.057,13858.7002,7354.4199,3902.4199,1316.86,47350.7872,E3,N,N
09/15/2020,11:00,14563.1797,1837.4443,3597.9766,960.7124,14034.792,7250.9497,3803.5852,1264.5447,47313.1846,M,Y,N
09/15/2020,12:00,15736.8555,2034.239,3764.6423,1018.2167,14753.6436,7907.0391,4046.1892,1235.1844,50496.0098,A3,N,N
09/15/2020,12:00,15628.3154,1906.1711,3505.988,978.2441,14625.0264,7676.6748,3906.8496,1212.6348,49439.9042,A6,N,N
09/15/2020,12:00,15588.7998,1912.14,3730.5,1009.31,15507.9004,7512.5098,4075.01,1281.88,50618.05,E,N,N
09/15/2020,12:00,15285.5996,1928.29,3541.4199,997.276,14782.0996,7641.0298,3956.3999,1316.95,49449.0648,E1,N,N
09/15/2020,12:00,15425.7998,1972.05,3627.0701,986.225,14647.5,7502.0298,4082.1399,1342.34,49585.1546,E2,N,N
09/15/2020,12:00,15361.4004,1994.04,3559.46,925.253,14709,7660.9102,4222.1899,1315.41,49747.6635,E3,N,N
09/15/2020,12:00,15471.8066,1964.8737,3642.5154,982.1335,14908.0684,7612.3711,4095.1587,1303.9243,49980.8517,M,Y,N
09/15/2020,13:00,16608.1738,2150.0015,3824.9338,1062.8853,15455.9678,8275.3008,4267.6265,1266.3949,52911.2844,A3,N,N
09/15/2020,13:00,16511.3789,2016.8149,3559.6077,1023.7225,15242.25,8091.6685,4092.1558,1243.1345,51780.7328,A6,N,N
09/15/2020,13:00,16675.5996,2020.5699,3801.45,1029.97,16397.1992,7902.6699,4315.1699,1313.16,53455.7885,E,N,N
09/15/2020,13:00,16154.7002,2046.21,3604.6001,1028.4399,15432.2998,8083.9199,4214.3198,1389.79,51954.2797,E1,N,N
09/15/2020,13:00,16544.6992,2108.2,3684.6201,1017.47,15526.7998,7921.4302,4471.4399,1457.27,52731.9292,E2,N,N
09/15/2020,13:00,16516.5996,2152.95,3628.3601,989.517,15607.2998,8072.54,4578.9302,1299.73,52845.9267,E3,N,N
09/15/2020,13:00,16529.584,2094.9565,3707.2993,1020.6549,15743.8584,8019.0625,4401.6284,1349.5631,52866.6071,M,Y,N
09/15/2020,14:00,17407.0176,2251.5254,3868.3306,1106.2736,16055.0703,8573.7861,4456.8745,1309.4243,55028.3024,A3,N,N
09/15/2020,14:00,17359.2949,2131.7639,3618.6489,1057.0623,15751.6768,8382.001,4333.9707,1279.853,53914.2715,A6,N,N
09/15/2020,14:00,17808,2111.1399,3849.8999,1063.91,17186.4004,8217.4902,4484.5601,1341.49,56062.8905,E,N,N
09/15/2020,14:00,17259.4004,2176.8701,3666.1699,1096.8,16287.5996,8477.7695,4403.25,1447.96,54815.8195,E1,N,N
09/15/2020,14:00,17467.5,2225.79,3744.55,1070.9301,16316.2002,8303.4297,4538.9102,1517.11,55184.4202,E2,N,N
09/15/2020,14:00,17477.8008,2250.3401,3652.1799,1034.64,16396.5,8471.6699,4696.1401,1387.4301,55366.7009,E3,N,N
09/15/2020,14:00,17521.627,2200.3669,3753.47,1067.7543,16517.6094,8379.5918,4537.418,1406.1805,55384.0179,M,Y,N
09/15/2020,15:00,17902.6191,2311.4702,3908.0242,1140.2609,16448.8398,8850.4766,4611.9312,1346.7926,56520.4146,A3,N,N
09/15/2020,15:00,17913.1641,2206.3015,3678.835,1090.0641,16218.9551,8657.6445,4580.3477,1277.5204,55622.8324,A6,N,N
09/15/2020,15:00,18488.9004,2177.21,3883.8101,1100.27,17796.4004,8465.9697,4645.5098,1395.65,57953.7204,E,N,N
09/15/2020,15:00,17850.0996,2224.3301,3697.4199,1137.85,16836.9004,8822.7695,4571.4102,1507.83,56648.6097,E1,N,N
09/15/2020,15:00,18020.6992,2281.0601,3764.4199,1113.5699,16912,8865.0498,4824.6099,1604.96,57386.3688,E2,N,N
09/15/2020,15:00,18016.9004,2302.21,3716.4299,1073.35,16947.9004,8865.3799,4919.4502,1397.5601,57239.1809,E3,N,N
09/15/2020,15:00,18100.7148,2257.0952,3791.8455,1106.5614,17074.793,8758.2559,4745.3105,1456.3704,57290.9467,M,Y,N
09/15/2020,16:00,17970.2402,2306.2712,3914.1721,1167.0946,17013.8281,8974.3975,4712.5288,1403.7311,57462.2636,A3,N,N
09/15/2020,16:00,18010.5352,2256.1616,3735.918,1124.1041,16757.8105,8833.3701,4728.6177,1355.186,56801.7032,A6,N,N
09/15/2020,16:00,18682,2211.8899,3922.02,1128.64,18261.5996,8711.8203,4757.6499,1484.91,59160.5297,E,N,N
09/15/2020,16:00,17976.1992,2245.6001,3757.1699,1188.67,17300.1992,8954.5498,4535.9902,1583.09,57541.4684,E1,N,N
09/15/2020,16:00,18257.6992,2290.3301,3813.1799,1145.2,17338.9004,9072.3096,4488.3999,1574.97,57980.9891,E2,N,N
09/15/2020,16:00,18275.3008,2343.4399,3716.4399,1089.89,17698.5,9157.2197,4864.27,1483.8101,58628.8704,E3,N,N
09/15/2020,16:00,18297.0547,2280.3989,3821.8276,1135.4031,17614.0039,8976.4561,4683.6445,1509.2751,58318.0639,M,Y,N
09/15/2020,17:00,18094.3535,2344.1626,3927.3916,1187.103,17204.4941,9088.9893,4719.937,1446.202,58012.6331,A3,N,N
09/15/2020,17:00,18192.3926,2279.406,3799.9333,1156.1262,17054.9473,8969.9131,4783.624,1412.5403,57648.8828,A6,N,N
09/15/2020,17:00,18514.3008,2228.97,3951.0901,1146.1,18639.8008,8902.9004,4792.4199,1563.99,59739.572,E,N,N
09/15/2020,17:00,18046.5996,2245.9099,3782.1001,1199.65,17511.3008,9090.2598,4550.3599,1623.61,58049.7901,E1,N,N
09/15/2020,17:00,18155.6992,2277.01,3816.23,1193.79,17616.0996,9130.6699,4584.5098,1666.53,58440.5385,E2,N,N
09/15/2020,17:00,18185.1992,2324.3899,3726.8301,1136.1801,17846.1992,9336.25,4969.7402,1607.15,59131.9387,E3,N,N
09/15/2020,17:00,18231.418,2281.3516,3837.2241,1167.3617,17865,9114.8613,4745.4546,1593.1439,58835.8152,M,Y,N
09/15/2020,18:00,17739.5938,2334.9485,3930.5769,1182.1177,17337.9434,9082.7158,4633.7427,1447.4438,57689.0826,A3,N,N
09/15/2020,18:00,17937.7891,2250.1519,3843.2817,1157.5197,17198.7891,9131.9424,4741.5117,1438.6523,57699.6379,A6,N,N
09/15/2020,18:00,18003.3008,2193.98,3959.51,1147.8199,18665.9004,8997.1504,4721.0498,1547.53,59236.2413,E,N,N
09/15/2020,18:00,17833.4004,2233.8201,3805.9299,1176.04,17423.0996,9193.29,4520.0898,1627.58,57813.2498,E1,N,N
09/15/2020,18:00,17790.5,2267.72,3779.98,1155.66,17547.6992,9271.1504,4491.3501,1706.28,58010.3397,E2,N,N
09/15/2020,18:00,17760.0996,2306.98,3792.72,1130.89,18215.8008,9389.3604,4919.54,1676.3101,59191.7009,E3,N,N
09/15/2020,18:00,17835.0996,2263.2661,3850.1157,1153.3623,17952.4805,9198.916,4677.2139,1616.9081,58547.3622,M,Y,N
09/15/2020,19:00,17192.7578,2269.0129,3933.616,1151.8209,16909.5,9053.8984,4518.1465,1432.4347,56461.1872,A3,N,N
09/15/2020,19:00,17110.5469,2184.3457,3881.9304,1126.3793,16890.709,9118.7539,4624.7583,1441.0132,56378.4367,A6,N,N
09/15/2020,19:00,17274.4004,2132.1699,3959.3101,1119.91,18227.8008,8759.9502,4566.7402,1560.86,57601.1416,E,N,N
09/15/2020,19:00,17148.3008,2160.8301,3765.03,1121.47,17107.0996,9070.8398,4365.3701,1661.96,56400.9004,E1,N,N
09/15/2020,19:00,17023.9004,2178.3101,3818.6001,1111.8101,17208,9010.0498,4409.3198,1688.71,56448.7003,E2,N,N
09/15/2020,19:00,16978.4004,2244.75,3773.9399,1065.37,17675.5996,9231.7305,4662.04,1688.05,57319.8804,E3,N,N
09/15/2020,19:00,17111.8066,2192.5378,3850.2935,1108.434,17529.9258,9016.0254,4519.9648,1621.2043,56950.1922,M,Y,N
09/15/2020,20:00,16651.2422,2190.7207,3911.6489,1113.5155,16383.0166,8803.585,4371.5537,1417.454,54842.7366,A3,N,N
09/15/2020,20:00,16559.9668,2109.8616,3862.2434,1086.4663,16397.0996,8751.1953,4464.1865,1460.7175,54691.737,A6,N,N
09/15/2020,20:00,16795.5996,2074.21,3888.8,1094.34,17439.5,8449.2402,4410.0298,1578.52,55730.2396,E,N,N
09/15/2020,20:00,16852.6992,2095.8201,3762.96,1074.4399,16711.4004,8813.7598,4248.0801,1627.71,55186.8695,E1,N,N
09/15/2020,20:00,16733.5,2125.6399,3757.53,1056.21,16679.9004,8783.2402,4271.6499,1653.39,55061.0604,E2,N,N
09/15/2020,20:00,16658,2140.21,3683.77,1062.23,17134.5996,8941.7197,4597.7402,1673.91,55892.1795,E3,N,N
09/15/2020,20:00,16734.7676,2120.8325,3791.8511,1076.6895,16950.3027,8745.7188,4397.3091,1607.1006,55424.5719,M,Y,N
09/15/2020,21:00,16438.4805,2159.0474,3889.8484,1105.062,15984.292,8678.0635,4349.8994,1423.9169,54028.6101,A3,N,N
09/15/2020,21:00,16309.8711,2069.9785,3842.261,1077.2421,16077.2295,8633.6074,4420.665,1464.6115,53895.4661,A6,N,N
09/15/2020,21:00,16433.5996,2011.9399,3847.6799,1079.86,16928.1992,8263.7305,4393.1499,1586.21,54544.369,E,N,N
09/15/2020,21:00,16470,2062.4299,3725.4199,1082.9301,16353.2002,8633.5596,4202.8599,1593.97,54124.3696,E1,N,N
09/15/2020,21:00,16397.4004,2097.46,3779.77,1073.13,16416.6992,8662.7598,4250.0298,1604.47,54281.7192,E2,N,N
09/15/2020,21:00,16183.4004,2106.26,3708.54,1081.14,16589.0996,8794.8496,4539.3301,1587.3,54589.9197,E3,N,N
09/15/2020,21:00,16367.1602,2081.5996,3785.906,1082.0315,16525.6855,8594.2871,4364.7222,1571.7307,54373.1228,M,Y,N
09/15/2020,22:00,15912.3408,2079.9419,3845.094,1050.5847,15002.8535,8332.4609,4156.6851,1359.6436,51739.6045,A3,N,N
09/15/2020,22:00,15684.6631,1963.3666,3797.0959,1030.8696,15202.1758,8304.8223,4175.7988,1392.9486,51551.7407,A6,N,N
09/15/2020,22:00,15746.5996,1917.84,3787.1899,1033.77,15889.4004,7875.1499,4231.3999,1538.72,52020.0697,E,N,N
09/15/2020,22:00,15757.7998,1951.5699,3645.73,1004.81,15457.7998,8133.2598,3988.04,1540.64,51479.6493,E1,N,N
09/15/2020,22:00,15654.5,1963.51,3702.1001,998.102,15577.9004,8153.0498,4066.0901,1551.15,51666.4024,E2,N,N
09/15/2020,22:00,15523.7998,1980.73,3592.8601,1031.6899,15604.2002,8248.2598,4255.3999,1571.35,51808.2897,E3,N,N
09/15/2020,22:00,15689.9932,1969.459,3706.8904,1022.8148,15575.457,8127.3301,4156.313,1527.8405,51776.098,M,Y,N
09/15/2020,23:00,14950.875,1932.0714,3776.3787,973.4185,13695.4365,7747.8931,3890.8159,1271.7478,48238.6369,A3,N,N
09/15/2020,23:00,14635.3174,1828.653,3719.5989,963.7325,13897.9121,7700.2749,3866.207,1286.2654,47897.9612,A6,N,N
09/15/2020,23:00,14721.2002,1791.49,3685.0601,963.047,14448.5996,7326.8701,3940.21,1529.67,48406.147,E,N,N
09/15/2020,23:00,14748.5996,1801.9301,3567.8,914.96,14140.4004,7365.5698,3712.6899,1439.9399,47691.8897,E1,N,N
09/15/2020,23:00,14542.9004,1851.92,3640.8201,895.55,14264.4004,7446.4902,3803.0901,1451.55,47896.7212,E2,N,N
09/15/2020,23:00,14456.9004,1837.66,3547.52,952.154,14321.2002,7589.3501,4010.4299,1467.0699,48182.2845,E3,N,N
09/15/2020,23:00,14642.6836,1837.0177,3636.3726,938.735,14238.0303,7479.8604,3888.8706,1451.0334,48112.6036,M,Y,N
09/15/2020,24:00,14000.5176,1756.5393,3688.2246,893.6423,12457.8477,7084.3921,3624.0063,1192.5406,44697.7105,A3,N,N
09/15/2020,24:00,13706.2871,1662.7794,3624.1826,890.7209,12649.8896,7007.6797,3570.6604,1192.2421,44304.4418,A6,N,N
09/15/2020,24:00,13773.7998,1634.2,3591.47,899.958,13027.4004,6744.6802,3630.3101,1401.4,44703.2185,E,N,N
09/15/2020,24:00,13665.7002,1649.2,3518.79,850.57,12784.7002,6734.27,3445.1001,1345.04,43993.3705,E1,N,N
09/15/2020,24:00,13550.9004,1674.0699,3591.8999,865.521,13029.7002,6772.7598,3486.95,1364.9,44336.7012,E2,N,N
09/15/2020,24:00,13498.2998,1673.98,3483.79,902.213,13067.5,6978.7002,3627.1399,1377.74,44609.3629,E3,N,N
09/15/2020,24:00,13664.0273,1671.2799,3567.6667,884.9496,12936.4688,6851.3672,3569.7383,1353.2075,44498.7053,M,Y,N
09/16/2020,1:00,13224.2129,1615.8649,3662.5369,838.0682,11415.1738,6513.0288,3392.731,1115.3894,41777.0059,A3,N,N
09/16/2020,1:00,13028.9463,1509.7358,3616.3672,840.4579,11685.4473,6423.0435,3340.6714,1111.4791,41556.1485,A6,N,N
09/16/2020,1:00,12792.7002,1516.72,3508.53,849.949,12241.9004,6231.1499,3349.6499,1312.8101,41803.4095,E,N,N
09/16/2020,1:00,12773.7998,1527.34,3468.97,800.915,11987.0996,6195.25,3211.1399,1236.89,41201.4043,E1,N,N
09/16/2020,1:00,12688.5,1542.7,3545.6101,819.374,11998.9004,6244.6299,3238.6699,1277.63,41356.0143,E2,N,N
09/16/2020,1:00,12677.2998,1547.67,3448.05,862.995,12008.0996,6425.75,3270.3,1287,41527.1644,E3,N,N
09/16/2020,1:00,12789.377,1544.6731,3516.9858,837.9524,11987.5098,6313.917,3290.1389,1263.3949,41543.9489,M,Y,N
09/16/2020,2:00,12683.8223,1510.4757,3609.5483,792.1747,10711.5527,6151.085,3201.4602,1073.7638,39733.8827,A3,N,N
09/16/2020,2:00,12424.0273,1417.3481,3553.3542,803.9059,10955.5449,6049.2339,3171.5723,1065.5818,39440.5684,A6,N,N
09/16/2020,2:00,12216.5,1423.26,3450.01,812.664,11428.4004,5861.96,3163.71,1320.89,39677.3944,E,N,N
09/16/2020,2:00,12143,1441.5601,3430.9399,768.336,11324.7002,5764.73,3027.5801,1137.99,39038.8363,E1,N,N
09/16/2020,2:00,12052.5,1450.01,3502.01,777.282,11291.2002,5831.4902,3045.8201,1193.23,39143.5425,E2,N,N
09/16/2020,2:00,11966.2002,1449.62,3389.1001,811.167,11248.5996,6078.9302,3095.6899,1256.53,39295.837,E3,N,N
09/16/2020,2:00,12162.1523,1449.7271,3465.3408,795.342,11246.582,5932.5718,3104.9351,1219.1318,39375.7829,M,Y,N
09/16/2020,3:00,12243.8027,1465.629,3567.1218,758.1525,10314.0713,5896.8154,3061.4807,1055.3125,38362.3859,A3,N,N
09/16/2020,3:00,11974.0303,1359.8582,3497.7688,772.8498,10528.5381,5789.8247,3045.2292,1034.0859,38002.185,A6,N,N
09/16/2020,3:00,11804.7998,1363.21,3392.1699,776.271,10877.4004,5620.9902,3039.3999,1318.21,38192.4512,E,N,N
09/16/2020,3:00,11588.4004,1390.9301,3386.99,742.703,10807.7002,5462.54,2883.99,1121.59,37384.8437,E1,N,N
09/16/2020,3:00,11495.7002,1381.29,3480.49,749.168,10813,5517.9902,2911.71,1176.04,37525.3884,E2,N,N
09/16/2020,3:00,11524.0996,1394.0699,3428.54,794.477,10757.7002,5785.5,2937.3401,1304.99,37926.7168,E3,N,N
09/16/2020,3:00,11685.1758,1391.7123,3444.564,767.5859,10752.2461,5651.0396,2965.2964,1221.9229,37879.543,M,Y,N
09/16/2020,4:00,12010.5059,1425.8336,3560.9233,739.7536,10046.2061,5761.0605,2981.9985,1028.384,37554.6655,A3,N,N
09/16/2020,4:00,11639.6631,1323.899,3470.8511,754.2184,10265.0977,5662.5557,2973.0264,982.7984,37072.1098,A6,N,N
09/16/2020,4:00,11595.2998,1330.99,3391.0901,763.233,10592.7998,5511.1401,2967.4399,1223,37374.9927,E,N,N
09/16/2020,4:00,11261.5,1344.9301,3352.75,734.734,10505.0996,5289.29,2825.1101,1104.75,36418.1638,E1,N,N
09/16/2020,4:00,11269,1350.22,3472.54,743.893,10495.7998,5344.6401,2854.8899,1182.66,36713.6428,E2,N,N
09/16/2020,4:00,11325.9004,1310.4301,3410.45,746.91,10468.2998,5557.6802,2897.3899,1265.34,36982.4004,E3,N,N
09/16/2020,4:00,11456.5508,1344.2555,3432.7292,747.8199,10458.1387,5484.6587,2905.8186,1184.3917,37014.3631,M,Y,N
09/16/2020,5:00,11946.6543,1409.9624,3538.4331,736.5348,10071.1279,5750.6665,2946.5254,1033.6385,37433.5429,A3,N,N
09/16/2020,5:00,11534.6592,1315.3776,3432.3481,750.7035,10284.5752,5612.2612,2954.0256,986.9568,36870.9072,A6,N,N
09/16/2020,5:00,11627.9004,1319.02,3394.4099,774.885,10620.0996,5485.5498,2942.03,1245.72,37409.6147,E,N,N
09/16/2020,5:00,11287.2002,1341.77,3365.1399,735.563,10492.7002,5298.1201,2792.2,1090.3,36402.9934,E1,N,N
09/16/2020,5:00,11332.7002,1338.76,3441.7,739.111,10517.2998,5338.4102,2840.72,1167.67,36716.3712,E2,N,N
09/16/2020,5:00,11277,1325.55,3438.22,739.226,10445.2998,5533.27,2883.9199,1277.98,36920.4657,E3,N,N
09/16/2020,5:00,11463.6318,1339.7991,3431.5291,747.3177,10466.1533,5470.4058,2884.0083,1188.3348,36991.1799,M,Y,N
09/16/2020,6:00,12209.0449,1441.0389,3555.7712,755.8915,10400.1621,5935.2207,2978.3464,1046.8896,38322.3653,A3,N,N
09/16/2020,6:00,11811.1543,1356.9869,3432.6084,768.4025,10621.5762,5778.6963,3011.0627,1004.0575,37784.5448,A6,N,N
09/16/2020,6:00,11890.2998,1357.41,3430.5,790.735,11091.2002,5608.2798,3007.8201,1252.95,38429.1949,E,N,N
09/16/2020,6:00,11680.7998,1389.1801,3397.5601,743.861,11075.5996,5641.8301,2890.04,1112.96,37931.8307,E1,N,N
09/16/2020,6:00,11768.0996,1391.92,3485.9199,770.468,11031.7002,5619.8999,2942.8301,1176.77,38187.6077,E2,N,N
09/16/2020,6:00,11657.9004,1383.15,3395.96,823.308,10982.9004,5718.4102,3030.0801,1261.09,38252.7991,E3,N,N
09/16/2020,6:00,11815.3047,1386.8973,3447.2615,783.5968,10960.9199,5683.7788,2978.731,1192.6837,38249.1737,M,Y,N
09/16/2020,7:00,12672.3955,1572.1975,3596.4875,799.1222,11200.5674,6328.8979,3112.5618,1104.2881,40386.5179,A3,N,N
09/16/2020,7:00,12254.291,1488.8521,3468.2329,817.2302,11370.5068,6192.9316,3139.8606,1070.1018,39802.007,A6,N,N
09/16/2020,7:00,12295,1452.97,3482.27,835.447,11933.2998,5893.2598,3145.8101,1353.04,40391.0967,E,N,N
09/16/2020,7:00,12207.7998,1490.39,3464.53,807.635,12160.4004,6177.77,3102.26,1189.5699,40600.3551,E1,N,N
09/16/2020,7:00,12340.7002,1502.75,3494.27,796.123,11995.0996,6106.8901,3117.5701,1221.1,40574.503,E2,N,N
09/16/2020,7:00,12148.2002,1483.8199,3491.21,850.96,12085.9004,6024.3501,3199.6899,1267.04,40551.1705,E3,N,N
09/16/2020,7:00,12305.999,1492.7084,3499.5647,821.4771,11923.6953,6069.4585,3142.6201,1247.0272,40502.5503,M,Y,N
09/16/2020,8:00,12859.3193,1601.1874,3630.0796,819.9064,11771.4043,6620.4272,3235.0771,1133.4907,41670.892,A3,N,N
09/16/2020,8:00,12402.4639,1508.3474,3486.9229,839.4308,11947.0977,6487.5439,3236.7412,1111.0593,41019.6071,A6,N,N
09/16/2020,8:00,12536.7998,1491.98,3537.95,863.5,12593.7998,6246.3398,3246.8601,1355.67,41872.8995,E,N,N
09/16/2020,8:00,12381.2002,1529.83,3480.47,825.885,12569.4004,6278.23,3198.4399,1223.38,41486.8355,E1,N,N
09/16/2020,8:00,12484.5,1534.62,3537.6101,827.388,12422.9004,6403.4502,3206.54,1270.45,41687.4587,E2,N,N
09/16/2020,8:00,12462,1571.23,3487.79,842.589,12499.7002,6377.21,3274.5,1344.28,41859.2992,E3,N,N
09/16/2020,8:00,12525.8896,1540.8347,3529.6563,839.0931,12421.7002,6369.082,3236.1646,1287.2089,41749.6294,M,Y,N
09/16/2020,9:00,13182.8242,1674.8473,3631.22,858.5048,12402.2627,6899.2031,3381.1357,1153.4408,43183.4386,A3,N,N
09/16/2020,9:00,12754.6465,1572.4004,3463.1819,865.5587,12567.0625,6789.728,3345.7429,1134.4017,42492.7226,A6,N,N
09/16/2020,9:00,12963.2998,1540.59,3594.8601,909.661,13035.4004,6453.9302,3354.3999,1337.74,43189.8814,E,N,N
09/16/2020,9:00,12833.2002,1597.9399,3463.04,871.811,12937.0996,6473.0298,3263.1599,1235.73,42675.0104,E1,N,N
09/16/2020,9:00,12927.2002,1627.28,3536.1699,836.276,12847.2002,6536.0498,3305.26,1230.8101,42846.2462,E2,N,N
09/16/2020,9:00,12849.0996,1622.27,3466.5,885.981,12885.7002,6623.27,3370.72,1285.84,42989.3808,E3,N,N
09/16/2020,9:00,12936.9023,1606.6334,3536.165,874.269,12859.4951,6574.8413,3338.1318,1262.2439,42988.6818,M,Y,N
09/16/2020,10:00,14154.6719,1782.7852,3675.739,929.9022,13237.7275,7293.416,3593.5527,1181.7627,45849.5572,A3,N,N
09/16/2020,10:00,13725.0264,1652.8073,3469.6133,916.6637,13342.9082,7179.2397,3522.4683,1159.1392,44967.8661,A6,N,N
09/16/2020,10:00,13901.5996,1654.01,3644.02,969.652,14009.2002,6863.6401,3587.23,1315.61,45944.9619,E,N,N
09/16/2020,10:00,13515.5,1693.76,3487.0801,922.975,13473.2998,6913.6699,3514.5701,1236.61,44757.4649,E1,N,N
09/16/2020,10:00,13667.7998,1721.03,3572.47,925.221,13458.2998,6957.48,3568.8,1248.51,45119.6106,E2,N,N
09/16/2020,10:00,13795.2002,1731.55,3494.04,945.916,13443.0996,7038.3599,3694.02,1298.9301,45441.1158,E3,N,N
09/16/2020,10:00,13799.9209,1711.2156,3572.9849,941.8069,13566.5293,6990.7554,3601.0278,1268.0591,45452.2999,M,Y,N
09/16/2020,11:00,15104.3818,1909.3015,3742.1318,997.1418,14193.499,7736.5889,3860.4482,1241.7578,48785.2508,A3,N,N
09/16/2020,11:00,14847.8291,1774.902,3497.6045,966.4639,14192.8916,7606.396,3740.5735,1216.0769,47842.7375,A6,N,N
09/16/2020,11:00,14833.0996,1788.8101,3719.8999,1010.15,15017.0996,7257.8701,3879.1201,1332.48,48838.5294,E,N,N
09/16/2020,11:00,14468.7998,1834.47,3555.3799,1003.01,14342.2002,7373.2402,3793.6201,1291.05,47661.7702,E1,N,N
09/16/2020,11:00,14630.2002,1861.83,3644.8799,984.019,14385.9004,7421.1499,3859.21,1340.45,48127.6394,E2,N,N
09/16/2020,11:00,14827.2002,1889.54,3556.05,996.796,14282.7002,7579.0898,3956.5901,1358.54,48446.5063,E3,N,N
09/16/2020,11:00,14769.2725,1853.0165,3642.3962,997.7603,14488.3877,7453.2559,3880.4885,1324.4685,48409.0461,M,Y,N
09/16/2020,12:00,15903.7051,2049.3743,3816.2246,1044.9108,15255.4395,8106.875,4117.7051,1279.0088,51573.2432,A3,N,N
09/16/2020,12:00,15841.2861,1913.3738,3542.4729,1003.0677,15119.7373,7910.1631,3945.0654,1247.0311,50522.1974,A6,N,N
09/16/2020,12:00,15865.9004,1905,3798.5,1041.54,16118.2002,7681.8198,4151.5298,1389.1899,51951.6801,E,N,N
09/16/2020,12:00,15358.5,1958.61,3612.48,1060.74,15316.0996,7832.3799,4074.1899,1385.15,50598.1494,E1,N,N
09/16/2020,12:00,15577.9004,1993.64,3685.7,1041.64,15113.5,7811.5098,4194.29,1413.67,50831.8502,E2,N,N
09/16/2020,12:00,15591.2998,2025,3614.8701,959.115,15209.5,8029.3398,4298.4702,1357.09,51084.6849,E3,N,N
09/16/2020,12:00,15666.5518,1981.908,3703.3557,1023.7801,15431.7422,7873.0742,4185.0596,1373.0073,51238.4789,M,Y,N
09/16/2020,13:00,16821.0332,2170.3577,3889.6113,1096.2606,15979.335,8433.1855,4350.4766,1322.3077,54062.5676,A3,N,N
09/16/2020,13:00,16751.3262,2026.8083,3618.5449,1054.048,15823.9863,8280.1377,4213.5313,1271.5781,53039.9608,A6,N,N
09/16/2020,13:00,16837.3008,2015.36,3870.1499,1067.48,17064.0996,8091.5298,4422.4902,1445.95,54814.3603,E,N,N
09/16/2020,13:00,16250.2998,2080.9299,3684.99,1087.1899,16020.5996,8326.3799,4349.3101,1465.3199,53265.0191,E1,N,N
09/16/2020,13:00,16545.4004,2123.79,3754.26,1068.21,15957.7002,8251.5303,4570.9199,1536.39,53808.2008,E2,N,N
09/16/2020,13:00,16671.5996,2161.48,3657.4399,1000.72,16115,8456.1904,4653.6699,1370.95,54087.0498,E3,N,N
09/16/2020,13:00,16647.4922,2106.5684,3767.2876,1057.0338,16284.1914,8294.7588,4499.2432,1436.7759,54093.3513,M,Y,N
09/16/2020,14:00,17514.5801,2262.7634,3951.1694,1144.663,16562.6895,8764.2686,4555.2744,1369.0857,56124.4941,A3,N,N
09/16/2020,14:00,17470.3633,2139.8206,3708.3345,1091.359,16301.8311,8572.7725,4477.2334,1310.01,55071.7244,A6,N,N
09/16/2020,14:00,17816.3008,2112.99,3928.5801,1104.5,17886.6992,8443.4902,4635.4502,1505.26,57433.2705,E,N,N
09/16/2020,14:00,17292,2197.6599,3717.8701,1148.6801,16930.6992,8758.3604,4579.8901,1530.48,56155.6398,E1,N,N
09/16/2020,14:00,17403.1992,2234.8999,3829.1499,1113.9,16822.8008,8677.04,4706.4502,1608.51,56395.95,E2,N,N
09/16/2020,14:00,17428.6992,2270.96,3719.6001,1061.8199,16769.4004,8890.0898,4787.9702,1447.3101,56375.8497,E3,N,N
09/16/2020,14:00,17512.8711,2212.2654,3827.9624,1106.7229,17056.3984,8692.9834,4674.3633,1502.7157,56586.2826,M,Y,N
09/16/2020,15:00,17994.5898,2335.4358,3995.3733,1182.2952,17048.084,9020.2432,4739.3555,1415.2391,57730.6159,A3,N,N
09/16/2020,15:00,17997.625,2213.613,3793.6052,1127.9111,16787.3477,8860.1523,4715.042,1372.0173,56867.3136,A6,N,N
09/16/2020,15:00,18400.6992,2196.8999,3973.96,1143.8101,18547.8008,8706.5195,4824.5498,1531.5601,59325.7994,E,N,N
09/16/2020,15:00,17838.8008,2267.4299,3780.3601,1185.33,17649.1992,9133.3301,4771.4902,1617.41,58243.3503,E1,N,N
09/16/2020,15:00,17870,2298.24,3858.54,1159.8,17513.3008,9308.6104,5014.8301,1724.35,58747.6713,E2,N,N
09/16/2020,15:00,17865.8008,2334.1699,3755.8101,1102.46,17581.5996,9175.6104,5026.0801,1483.11,58324.6409,E3,N,N
09/16/2020,15:00,18013.2988,2282.6855,3869.0444,1147.4707,17747.8359,9066.8809,4905.2207,1563.8362,58596.2731,M,Y,N
09/16/2020,16:00,17972.2598,2320.6499,4005.5391,1211.6643,17528.6133,9184.8984,4866.9482,1473.1223,58563.6953,A3,N,N
09/16/2020,16:00,17914.9492,2259.1299,3873.3184,1163.0498,17261.2637,9058.9014,4876.8853,1453.4425,57860.9402,A6,N,N
09/16/2020,16:00,18503.6992,2240.6699,4013.3999,1173.8199,18985.0996,8938.3896,4947.8901,1644.9399,60447.9081,E,N,N
09/16/2020,16:00,17931.5,2269.74,3850.1299,1255.08,18076.9004,9322.21,4762.1899,1673.36,59141.1102,E1,N,N
09/16/2020,16:00,17933.4004,2304.5701,3918.5601,1205.6,17927.8008,9503.5801,4718.02,1669.3199,59180.8514,E2,N,N
09/16/2020,16:00,18035.8008,2391.5901,3802.3501,1122.52,18174,9421.0801,4987.6299,1602.86,59537.831,E3,N,N
09/16/2020,16:00,18106.1953,2308.0061,3915.5361,1183.828,18222.4141,9279.1504,4867.0273,1622.5902,59504.7475,M,Y,N
09/16/2020,17:00,18092.8418,2357.9412,4022.4028,1227.6212,17655.7598,9316.3857,4871.1602,1515.8741,59059.9868,A3,N,N
09/16/2020,17:00,18195.3027,2282.4141,3985.8508,1195.0887,17481.5527,9214.333,4950.3271,1512.4868,58817.3559,A6,N,N
09/16/2020,17:00,18372.8008,2264.26,4044.76,1190.8199,19259.4004,9103.71,4990.1499,1710.01,60935.911,E,N,N
09/16/2020,17:00,17949.3008,2280.1399,3865.48,1245.12,18194.5,9441.5996,4753.54,1729.22,59458.9003,E1,N,N
09/16/2020,17:00,17923.0996,2310.48,3917.6201,1226.15,18147.6992,9420.7598,4744.73,1775.36,59465.8987,E2,N,N
09/16/2020,17:00,17954.1992,2355.0701,3832.45,1173.42,18218,9701.6797,5094.1499,1691.24,60020.2089,E3,N,N
09/16/2020,17:00,18067.793,2312.2126,3934.6929,1206.6902,18387.5586,9401.2852,4910.3452,1699.7893,59920.367,M,Y,N
09/16/2020,18:00,17655.1895,2348.864,4021.677,1220.2886,17723.9863,9374.2744,4801.9814,1515.3333,58661.5945,A3,N,N
09/16/2020,18:00,17782.3848,2250.0339,4077.0127,1198.455,17554.3379,9508.2139,4916.8848,1536.3865,58823.7095,A6,N,N
09/16/2020,18:00,17805.9004,2218,4057.6399,1186.66,19191.6992,9163.8896,4908.5,1678.6,60210.8891,E,N,N
09/16/2020,18:00,17661.5,2261.1101,3883.26,1223.1,17984.4004,9599.25,4723.9399,1728.09,59064.6504,E1,N,N
09/16/2020,18:00,17553.5,2275.7,3885.03,1201.34,18023.8008,9468.21,4626.0801,1799.6,58833.2609,E2,N,N
09/16/2020,18:00,17562.4004,2338.55,3875.48,1162.28,18415.0996,9549.5,5054.7798,1767.35,59725.4398,E3,N,N
09/16/2020,18:00,17645.0371,2284.3093,3942.6548,1192.9937,18371.1973,9417.0908,4838.0801,1716.8154,59408.1785,M,Y,N
09/16/2020,19:00,17177.9707,2282.8752,4019.5059,1182.6825,17332.1816,9319.3389,4675.2798,1502.1818,57492.0164,A3,N,N
09/16/2020,19:00,17072.6563,2185.114,4096.6606,1162.4088,17262.4863,9368.7178,4810.8594,1537.142,57496.0452,A6,N,N
09/16/2020,19:00,17098.0996,2152.73,4057.0901,1146.53,18718.1992,8908.0098,4756.2598,1692.67,58529.5885,E,N,N
09/16/2020,19:00,17014.8008,2187.0601,3848.29,1145.27,17625.3008,9408.2197,4559.3198,1737.6899,57525.9511,E1,N,N
09/16/2020,19:00,16892.0996,2190.6699,3907.3401,1149.88,17561.9004,9274.4102,4563.4502,1772.75,57312.5004,E2,N,N
09/16/2020,19:00,16892.5,2281.1899,3862.4199,1089.86,17951.5996,9415.8398,4792.3799,1749.25,58035.0391,E3,N,N
09/16/2020,19:00,16994.7715,2214.8892,3940.187,1137.5615,17927.6094,9240.5098,4682.3477,1708.6515,57846.5276,M,Y,N
09/16/2020,20:00,16648.1465,2204.3765,3995.572,1139.7889,16737.0918,9105.8047,4507.5107,1484.0946,55822.3857,A3,N,N
09/16/2020,20:00,16535.209,2111.1731,4065.3423,1116.7557,16709.7656,9115.8438,4626.7285,1552.1431,55832.9611,A6,N,N
09/16/2020,20:00,16564.3008,2084.3999,3989.02,1110.38,17838.8008,8531.1797,4582.6699,1679.97,56380.7211,E,N,N
09/16/2020,20:00,16745.0996,2133.8999,3837.99,1116.55,17178.9004,9106.0498,4439.1201,1694.86,56252.4698,E1,N,N
09/16/2020,20:00,16545.3008,2135.6899,3848.1001,1096.54,16956.6992,8985.4199,4414.75,1728.13,55710.6299,E2,N,N
09/16/2020,20:00,16440.5,2150.5,3808.04,1077.24,17364.5,9121.6104,4696.0298,1728.4,56386.8202,E3,N,N
09/16/2020,20:00,16561.6816,2134.9321,3890.4854,1103.0823,17279.5,8936.0342,4541.6914,1681.4943,56128.9013,M,Y,N
09/16/2020,21:00,16474.9375,2185.5164,3971.2419,1128.8289,16314.8789,8992.1191,4519.6895,1481.3521,55068.5643,A3,N,N
09/16/2020,21:00,16299.7588,2073.0667,4047.7898,1104.348,16434.3145,8973.001,4626.999,1557.4365,55116.7143,A6,N,N
09/16/2020,21:00,16201.2002,2023.0699,3951.26,1089.88,17300.0996,8331.7197,4565.9399,1639.86,55103.0293,E,N,N
09/16/2020,21:00,16434.3008,2095.9199,3797.96,1103.8199,16753.5996,8910.6104,4412.8398,1640.35,55149.4004,E1,N,N
09/16/2020,21:00,16214.2002,2110.79,3852.6001,1096.45,16704.3008,8852.1201,4398.1201,1676.72,54905.3013,E2,N,N
09/16/2020,21:00,16067.2998,2122.53,3865.97,1078.3101,16869.9004,9037.4902,4630.0498,1598.8,55270.3503,E3,N,N
09/16/2020,21:00,16234.3301,2099.2771,3888.6077,1095.2411,16852.1348,8793.1738,4515.0938,1619.0579,55096.9163,M,Y,N
09/16/2020,22:00,15952.1963,2095.4275,3917.4265,1072.2675,15308.4268,8560.3662,4339.0347,1414.7979,52659.9434,A3,N,N
09/16/2020,22:00,15677.9795,1966.5477,4010.8291,1055.9314,15510.8125,8529.415,4425.2173,1481.0491,52657.7816,A6,N,N
09/16/2020,22:00,15549.2002,1915.24,3883.97,1038.46,16264.5,7921.7798,4392.4902,1612.98,52578.6202,E,N,N
09/16/2020,22:00,15692.2998,1975.17,3695.5601,1042.59,15832.7998,8370.2402,4188.3101,1599.78,52396.75,E1,N,N
09/16/2020,22:00,15480.5,1970.51,3768.27,1032.63,15836,8323.4697,4199.5898,1623.01,52233.9795,E2,N,N
09/16/2020,22:00,15455.5996,1996.55,3713.1399,1058.34,15874,8423.79,4375.3101,1620.13,52516.8596,E3,N,N
09/16/2020,22:00,15576.8867,1979.3997,3792.968,1046.7146,15886.2783,8283.585,4307.7656,1590.8523,52464.4502,M,Y,N
09/16/2020,23:00,14989.8252,1944.5917,3843.1887,997.0032,13970.1563,7936.4541,4055.95,1320.2339,49057.4031,A3,N,N
09/16/2020,23:00,14636.9688,1831.719,3876.1689,989.2297,14166.1377,7935.3428,4135.0469,1369.8457,48940.4595,A6,N,N
09/16/2020,23:00,14562.5,1791.74,3777.28,972.275,14778.4004,7383.2002,4098.71,1596.48,48960.5856,E,N,N
09/16/2020,23:00,14744.7002,1810.79,3645.75,933.808,14530.0996,7620.2598,3900.73,1527.48,48713.6176,E1,N,N
09/16/2020,23:00,14412.4004,1833.4399,3680.7,938.704,14514,7632.4502,3952.3799,1516.22,48480.2944,E2,N,N
09/16/2020,23:00,14433.2002,1832.98,3637.99,964.838,14584.2998,7750.96,4114.96,1502.12,48821.348,E3,N,N
09/16/2020,23:00,14568.8408,1833.9628,3710.1099,960.3057,14531.707,7636.2422,4036.0974,1509.6692,48786.935,M,Y,N
09/16/2020,24:00,14037.8936,1767.1168,3750.572,916.6255,12618.626,7250.5229,3739.3923,1233.7297,45314.4788,A3,N,N
09/16/2020,24:00,13707.3701,1665.63,3739.1851,912.983,12819.4912,7198.1377,3802.7039,1253.6614,45099.1624,A6,N,N
09/16/2020,24:00,13608.7002,1634.9301,3672.1499,911.506,13283,6810.4302,3754.9199,1479.98,45155.6163,E,N,N
09/16/2020,24:00,13588.5,1653.86,3567.1001,879.203,13061.2998,6955.3198,3595.51,1390.63,44691.4227,E1,N,N
09/16/2020,24:00,13401,1660.58,3630.1799,881.88,13251.7002,6894.02,3607.1499,1434.16,44760.67,E2,N,N
09/16/2020,24:00,13428.2002,1674.1801,3572.1899,912.501,13297,7095.3999,3724.5701,1416.89,45120.9312,E3,N,N
09/16/2020,24:00,13562.7744,1670.0447,3633.3389,900.9503,13167.916,6975.6929,3688.5229,1410.8025,45010.0426,M,Y,N
09/17/2020,1:00,13319.9619,1614.5446,3717.7507,859.9183,11620.2822,6700.4048,3498.3523,1155.8508,42487.0656,A3,N,N
09/17/2020,1:00,13034.8711,1507.6292,3714.3474,858.6609,11860.8311,6657.6631,3509.0747,1128.1218,42271.1993,A6,N,N
09/17/2020,1:00,12698.7002,1519.9,3580.1499,867.756,12373.5,6304.8301,3449.48,1399.49,42193.8062,E,N,N
09/17/2020,1:00,12660.7002,1530.11,3521.1101,843.93,12297.2002,6394.8599,3346.77,1310.03,41904.7104,E1,N,N
09/17/2020,1:00,12525,1522.34,3587.6599,836.928,12239.9004,6328.04,3346.6899,1359.8,41746.3582,E2,N,N
09/17/2020,1:00,12584.7002,1539.79,3511.53,880.659,12235,6533.6201,3380.74,1332.12,41998.1593,E3,N,N
09/17/2020,1:00,12699.6826,1538.5894,3574.6926,859.3167,12201.7852,6428.5303,3399.8677,1331.0876,42033.5521,M,Y,N
09/17/2020,2:00,12691.9395,1504.8315,3670.1746,813,10939.374,6279.9771,3313.7749,1110.6313,40323.7029,A3,N,N
09/17/2020,2:00,12427.8916,1414.9482,3645.7666,820.8879,11155.3154,6189.8975,3310.9336,1084.739,40050.3798,A6,N,N
09/17/2020,2:00,12161.9004,1431.27,3518,835.187,11522.2002,5927.2402,3256.78,1402.6801,40055.2579,E,N,N
09/17/2020,2:00,12039.5996,1443.13,3509.1699,823.644,11599.0996,5921.2202,3163.6799,1257.53,39757.0732,E1,N,N
09/17/2020,2:00,11923.5996,1417.58,3545.77,807.455,11529.2002,5894.4502,3165.3201,1288.27,39571.6451,E2,N,N
09/17/2020,2:00,11910.4004,1439.39,3453.1499,835.018,11435.5,6180.7402,3209.1599,1292.99,39756.3484,E3,N,N
09/17/2020,2:00,12090.418,1440.5552,3526.6479,823.9955,11439.0342,6025.7573,3217.4968,1292.0051,39855.91,M,Y,N
09/17/2020,3:00,12298.0176,1467.0652,3631.2366,784.0109,10562.7813,6003.8306,3169.8645,1086.6698,39003.4765,A3,N,N
09/17/2020,3:00,11976.5723,1357.6522,3585.2649,792.9719,10752.3281,5909.3857,3158.2502,1071.4833,38603.9086,A6,N,N
09/17/2020,3:00,11757.5996,1378.8199,3458.54,800.747,10935.2998,5683.8398,3117.3101,1406.27,38538.4262,E,N,N
09/17/2020,3:00,11455.9004,1395.91,3476.4299,801.642,11087.2998,5627.5801,3008.45,1218.46,38071.6722,E1,N,N
09/17/2020,3:00,11381.2002,1380.0601,3530.4299,773.611,11011.7002,5615.96,3006.6799,1271.86,37971.5013,E2,N,N
09/17/2020,3:00,11441.5,1393.74,3505.49,819.813,10934.2002,5929.98,2998.8501,1325.45,38349.0233,E3,N,N
09/17/2020,3:00,11614.3145,1396.0269,3512.0732,796.7494,10926.5596,5761.3711,3052.9995,1289.0361,38349.1303,M,Y,N
09/17/2020,4:00,12079.3896,1427.561,3625.0796,767.8298,10350.4502,5827.7178,3077.3635,1056.0101,38211.4016,A3,N,N
09/17/2020,4:00,11745.6836,1323.8036,3551.0891,775.5449,10542.2734,5712.4248,3080.5146,1016.793,37748.127,A6,N,N
09/17/2020,4:00,11569,1342.97,3453.3899,783.872,10618,5529.3101,3031.3401,1296.79,37624.6721,E,N,N
09/17/2020,4:00,11210.2998,1366.1,3422.5,786.925,10827.5,5453.2002,2935.97,1185.8199,37188.3149,E1,N,N
09/17/2020,4:00,11179.7998,1331.54,3508.1001,771.169,10719.9004,5457.0298,2928.3101,1260.35,37156.1992,E2,N,N
09/17/2020,4:00,11261.7002,1308.78,3475.3301,783.916,10667.2002,5677.1699,2970.1699,1264.72,37408.9863,E3,N,N
09/17/2020,4:00,11413.8359,1345.0302,3490.1523,779.0836,10648.5186,5575.9922,2984.1216,1235.6938,37472.4282,M,Y,N
09/17/2020,5:00,12050.1699,1411.9973,3601.7981,768.567,10352.8564,5775.5605,3028.9497,1061.4856,38051.3845,A3,N,N
09/17/2020,5:00,11670.249,1324.8992,3504.5083,774.3381,10568.1738,5653.0083,3047.5439,1017.3237,37560.0443,A6,N,N
09/17/2020,5:00,11615.2998,1337.59,3449.6399,792.962,10597.2002,5498.7598,3000.3799,1294.6899,37586.5215,E,N,N
09/17/2020,5:00,11266.2998,1349.08,3433.3601,791.793,10777.2002,5429.1499,2881.55,1194.46,37122.893,E1,N,N
09/17/2020,5:00,11252,1339.03,3475.1201,766.115,10735.7002,5443.04,2906.71,1252.27,37169.9853,E2,N,N
09/17/2020,5:00,11220.7002,1350.49,3498.9199,756.868,10619,5639.5298,2975.97,1268.77,37330.2479,E3,N,N
09/17/2020,5:00,11436.5586,1351.9121,3485.3149,774.0312,10629.2324,5545.9214,2959.5774,1235.9257,37418.4737,M,Y,N
09/17/2020,6:00,12249.5088,1452.0387,3623.1306,784.9957,10712.7588,5975.1094,3061.502,1072.3069,38931.3509,A3,N,N
09/17/2020,6:00,11865.2246,1357.9292,3499.135,789.9719,10949.8223,5858.873,3102.687,1032.3936,38456.0366,A6,N,N
09/17/2020,6:00,11860.2998,1375.83,3472.1699,805.255,11064.0996,5610.77,3061.29,1297.54,38547.2543,E,N,N
09/17/2020,6:00,11674.0996,1420.85,3447.71,818.893,11340,5742.8398,2997.6499,1195.25,38637.2923,E1,N,N
09/17/2020,6:00,11721.2002,1383.15,3514.26,792.749,11211.9004,5733.1899,3018.6899,1252.72,38627.8594,E2,N,N
09/17/2020,6:00,11621.4004,1393.27,3464.8799,821.801,11213.4004,5828.3501,3129.7,1262.29,38735.0918,E3,N,N
09/17/2020,6:00,11791.1758,1397.1736,3496.6826,805.4374,11128.9453,5757.8208,3059.8142,1236.582,38673.6317,M,Y,N
09/17/2020,7:00,12665.2969,1584.3215,3668.5178,836.9659,11538.5244,6321.0786,3192.3484,1132.8893,40939.9428,A3,N,N
09/17/2020,7:00,12292.1846,1489.6808,3530.342,844.5664,11726.0957,6199.999,3226.9639,1097.8496,40407.682,A6,N,N
09/17/2020,7:00,12278.2998,1482.61,3515.04,849.689,11865.2002,5901.52,3197.3701,1438.23,40527.9591,E,N,N
09/17/2020,7:00,12212.7002,1543.88,3498.8301,862.41,12386,6308.21,3219.27,1298.53,41329.8303,E1,N,N
09/17/2020,7:00,12293.5996,1501.92,3543.1799,817.737,12154,6223.5,3191.0601,1299.22,41024.2166,E2,N,N
09/17/2020,7:00,12118.2002,1500,3581.4399,871.228,12230.5996,6138.8999,3288.3501,1294.77,41023.4877,E3,N,N
09/17/2020,7:00,12282.2744,1512.1577,3555.8335,847.0855,12053.0156,6144.6411,3220.6475,1311.9824,40927.6377,M,Y,N
09/17/2020,8:00,12872.5459,1616.7205,3700.9512,856.3806,12094.2285,6650.9775,3329.9922,1164.1575,42285.9539,A3,N,N
09/17/2020,8:00,12428.7754,1518.4968,3542.5254,864.7636,12297.2695,6542.5947,3329.6592,1139.4929,41663.5775,A6,N,N
09/17/2020,8:00,12522.7998,1523.86,3566.1599,870.517,12517.5,6250.4102,3293.24,1396.51,41940.9969,E,N,N
09/17/2020,8:00,12358,1572.04,3526.8,879.352,12817.5,6386.5801,3285.25,1314.02,42139.5421,E1,N,N
09/17/2020,8:00,12432.5,1523.36,3576.7,851.172,12633.0996,6513.3301,3270.1201,1345.95,42146.2318,E2,N,N
09/17/2020,8:00,12443.5996,1591.21,3562.77,856.416,12715,6484.4502,3381.7,1352.88,42388.0258,E3,N,N
09/17/2020,8:00,12503.543,1558.2025,3579.8765,861.4928,12580.3652,6441.7422,3313.1704,1333.6072,42171.9998,M,Y,N
09/17/2020,9:00,13305.1631,1693.5924,3704.2327,900.0677,12789.4766,6912.0742,3496.6494,1181.6705,43982.9266,A3,N,N
09/17/2020,9:00,12888.6445,1585.553,3519.01,894.8263,12947.4844,6782.2095,3456.7847,1163.5912,43238.1036,A6,N,N
09/17/2020,9:00,12866.7002,1577.46,3610.53,913.367,12885.2002,6451.4199,3398.23,1410.63,43113.5373,E,N,N
09/17/2020,9:00,12860.0996,1631.5601,3514.54,933.681,13279.2998,6639.5098,3409.8501,1320.4301,43588.9705,E1,N,N
09/17/2020,9:00,12848.2998,1639.53,3560.27,855.442,13105.5,6671.02,3378.53,1315.7,43374.2918,E2,N,N
09/17/2020,9:00,12788.7002,1631.27,3537.4299,903.842,13137,6765.0898,3462.0701,1290.15,43515.552,E3,N,N
09/17/2020,9:00,12896.583,1627.7091,3579.4041,897.3814,13040.5215,6665.8306,3423.02,1316.8826,43447.3323,M,Y,N
09/17/2020,10:00,14214.8643,1804.4056,3754.041,974.1005,13684.1211,7295.8828,3728.4863,1206.4363,46662.3379,A3,N,N
09/17/2020,10:00,13776.126,1666.3341,3535.6372,948.6776,13771.7168,7148.8022,3650.126,1188.7627,45686.1826,A6,N,N
09/17/2020,10:00,13773.7998,1696.48,3674.98,976.309,13946.9004,6929.5601,3662.27,1395.14,46055.4393,E,N,N
09/17/2020,10:00,13461,1740.9301,3573.1201,968.869,13845.2998,7052.5898,3684.9099,1326.86,45653.5787,E1,N,N
09/17/2020,10:00,13561.5,1741.16,3614.6001,932.812,13732.2998,7082.4102,3660.9299,1328.46,45654.172,E2,N,N
09/17/2020,10:00,13633.7002,1746.96,3597.2,950.805,13718.9004,7218.1499,3812.3501,1325.47,46003.5356,E3,N,N
09/17/2020,10:00,13701.7334,1739.317,3637.5901,957.8527,13790.7031,7101.0894,3710.562,1328.9294,45967.7771,M,Y,N
09/17/2020,11:00,15118.2119,1935.8263,3818.9553,1040.5646,14709.0283,7731.5415,4002.9739,1267.7742,49624.876,A3,N,N
09/17/2020,11:00,14891.1201,1800.2052,3577.2708,1000.8234,14673.8984,7563.9229,3881.7468,1248.5281,48637.5157,A6,N,N
09/17/2020,11:00,14615,1838.1899,3748.8999,1021.51,14941.7002,7341.71,3938.8101,1422.85,48868.6701,E,N,N
09/17/2020,11:00,14280.0996,1846.6,3627,1041.4399,14696.9004,7543.98,3949.6899,1365.74,48351.4498,E1,N,N
09/17/2020,11:00,14408.9004,1870.28,3699.9099,995.683,14634.7998,7535.96,3942.2,1411.76,48499.4931,E2,N,N
09/17/2020,11:00,14587.5996,1909.38,3654.4099,1000.56,14633.7998,7683.6699,4069.71,1376.37,48915.4992,E3,N,N
09/17/2020,11:00,14577.6641,1877.2657,3706.5493,1014.6888,14728.3164,7549.7749,3981.7629,1381.9343,48817.9564,M,Y,N
09/17/2020,12:00,15946.251,2067.6443,3902.3381,1088.9995,15689.8281,8131.2808,4271.4961,1310.9377,52408.7756,A3,N,N
09/17/2020,12:00,15872.8418,1939.5637,3644.3872,1039.681,15605.5527,7900.1313,4194.519,1273.0874,51469.7641,A6,N,N
09/17/2020,12:00,15628,1951.51,3835.0801,1055.62,15981.4004,7786,4233.6299,1463.22,51934.4604,E,N,N
09/17/2020,12:00,15187.7998,1990.83,3688.6399,1095.21,15640.7002,8026.3398,4237.75,1462.4399,51329.7096,E1,N,N
09/17/2020,12:00,15323.2002,2012.77,3748.05,1055.52,15322.5,7908.9702,4297.6499,1464.61,51133.2703,E2,N,N
09/17/2020,12:00,15359.2002,2053.8401,3754.75,980.359,15597.4004,8138.5801,4404.1001,1371.85,51660.0799,E3,N,N
09/17/2020,12:00,15469.3564,2011.8394,3783.3423,1045.9009,15641.6406,7978.0903,4297.5005,1421.5923,51649.2627,M,Y,N
09/17/2020,13:00,16674.6035,2176.6907,3981.1011,1137.0244,16313.3906,8504.4238,4504.6123,1354.5452,54646.3916,A3,N,N
09/17/2020,13:00,16630.5742,2050.0862,3744.1211,1087.9609,16194.8184,8284.5811,4479.0571,1298.7231,53769.9221,A6,N,N
09/17/2020,13:00,16555.5,2053.0901,3923.71,1083.78,16829.6992,8206.6104,4524.8799,1516.6899,54693.9595,E,N,N
09/17/2020,13:00,15879.2002,2106.6101,3754.6599,1116.54,16359.2998,8578.0801,4520.3198,1552.54,53867.2499,E1,N,N
09/17/2020,13:00,16176.7002,2131.6699,3833.1499,1079.14,16151.5,8374.0195,4708.8701,1582.3101,54037.3597,E2,N,N
09/17/2020,13:00,16227.9004,2170.3301,3790.71,1013.08,16352.5996,8635.6396,4821.0801,1373.33,54384.6698,E3,N,N
09/17/2020,13:00,16309.25,2124.1851,3853.8625,1075.6956,16417.5352,8439.3809,4641.8242,1481.4681,54343.2016,M,Y,N
09/17/2020,14:00,17337.6523,2265.3088,4043.4031,1184.3861,16832.1133,8903.7227,4701.5425,1402.0046,56670.1334,A3,N,N
09/17/2020,14:00,17295.7051,2148.1165,3853.4268,1124.9503,16562.3652,8705.1406,4713.7871,1380.0703,55783.5619,A6,N,N
09/17/2020,14:00,17542.5,2141.3401,3992.45,1119.03,17531.6992,8529.8604,4755.0898,1600.51,57212.4795,E,N,N
09/17/2020,14:00,16937.9004,2220.5901,3845.4099,1174.72,17192.0996,9055.4102,4766.3799,1626.0601,56818.5702,E1,N,N
09/17/2020,14:00,17083.3008,2238.3201,3901.9199,1128.99,16931.6992,8822.7402,4830.1899,1650.26,56587.4201,E2,N,N
09/17/2020,14:00,17059.9004,2293.99,3856.98,1061.77,16939.5996,9013.4805,4942.5,1475.86,56644.0805,E3,N,N
09/17/2020,14:00,17205.8691,2229.1499,3923.939,1122.3357,17103.7754,8836.4121,4815.4351,1560.1655,56797.0818,M,Y,N
09/17/2020,15:00,17790.7988,2308.8914,4090.2122,1216.2909,17176.4785,9181.7295,4866.2144,1449.17,58079.7857,A3,N,N
09/17/2020,15:00,17943.0352,2220.3572,3988.3782,1156.6656,16911.1816,8938.8965,4936.0698,1441.2025,57535.7866,A6,N,N
09/17/2020,15:00,18075.3008,2213.51,4035.24,1155.99,18149.0996,8844.1504,4959.6001,1638.0601,59070.951,E,N,N
09/17/2020,15:00,17432.6992,2271.8799,3893.1699,1201.37,17844.3008,9462.4199,4938.73,1708.1,58752.6697,E1,N,N
09/17/2020,15:00,17516.9004,2290.8701,3935.4199,1165.67,17574.5,9440.4697,5163.1802,1764.99,58852.0003,E2,N,N
09/17/2020,15:00,17426.9004,2335.1299,3862.1399,1101.21,17745.1992,9304.8701,5200.5498,1514.9301,58490.9294,E3,N,N
09/17/2020,15:00,17657.7109,2282.4739,3956.1228,1157.9252,17744.7969,9227.8916,5056.4502,1624.1538,58707.5253,M,Y,N
09/17/2020,16:00,17704.6016,2300.9214,4095.52,1242.6051,17688.6152,9405.5732,5001.2832,1513.2991,58952.4188,A3,N,N
09/17/2020,16:00,17877.6719,2265.375,4098.3623,1196.3285,17356.2383,9249.7754,5098.8042,1524.5417,58667.0973,A6,N,N
09/17/2020,16:00,18166.3008,2247.4199,4073.73,1184.89,18522.1992,9097.04,5085.4199,1721,60097.9998,E,N,N
09/17/2020,16:00,17494.8008,2290.5601,3932.21,1269.79,18214.5996,9744.3398,4951.1401,1764.55,59661.9904,E1,N,N
09/17/2020,16:00,17600.9004,2307,3988.48,1211.52,17935.0996,9634.8896,4845.6001,1723.12,59246.6097,E2,N,N
09/17/2020,16:00,17613.0996,2371.99,3919.3601,1111.1899,18143.6992,9450.9404,5133.0698,1599.52,59342.869,E3,N,N
09/17/2020,16:00,17745,2305.5376,3998.8589,1190.9495,18138.1523,9439.457,5010.0757,1670.6411,59498.6721,M,Y,N
09/17/2020,17:00,17709.9707,2322.8655,4106.4312,1262.0841,17804.4941,9607.2109,5047.1709,1545.8843,59406.1117,A3,N,N
09/17/2020,17:00,18004.4785,2271.0322,4144.6104,1231.6825,17572.0566,9452.584,5190.5684,1575.5121,59442.5247,A6,N,N
09/17/2020,17:00,17958,2246.52,4098.02,1198.14,18723.3008,9178.9404,5113.9199,1784.13,60300.9711,E,N,N
09/17/2020,17:00,17390.9004,2272.3999,3948.05,1269.42,18314.5,9809.3896,4964.3599,1806.85,59775.8698,E1,N,N
09/17/2020,17:00,17515.8008,2294.2,3991.1599,1222.88,18129.8008,9529.7998,4893.4502,1817.0699,59394.1614,E2,N,N
09/17/2020,17:00,17453.0996,2319.9199,3956.02,1175.51,18132.1992,9714.6299,5284.46,1701.1899,59737.0285,E3,N,N
09/17/2020,17:00,17619.334,2289.5681,4018.1099,1215.5706,18261.1992,9532.917,5074.3989,1744.6893,59755.787,M,Y,N
09/17/2020,18:00,17223.6563,2291.9998,4103.7363,1244.7375,17726.2734,9487.1406,4926.2954,1543.1899,58547.0292,A3,N,N
09/17/2020,18:00,17564.9844,2233.3496,4163.9116,1222.741,17548.0117,9511.8252,5108.7041,1587.463,58940.9906,A6,N,N
09/17/2020,18:00,17372.3008,2185.5701,4100.04,1189.92,18535.5,9130.3398,4974.48,1751.48,59239.6307,E,N,N
09/17/2020,18:00,17033.6992,2243.99,3943.5701,1231.9,17974,9887.1602,4859.71,1809.09,58983.1195,E1,N,N
09/17/2020,18:00,17112.6992,2254.6101,3976.4399,1205.9399,17922.5996,9518.0498,4719.3501,1823.4399,58533.1285,E2,N,N
09/17/2020,18:00,17054.8008,2303.21,3989.05,1149.9,18322,9528.1396,5186.3101,1772.97,59306.3805,E3,N,N
09/17/2020,18:00,17167.1191,2252.8462,4022.2957,1196.0197,18157.5586,9465.9199,4943.2856,1756.0073,58961.0521,M,Y,N
09/17/2020,19:00,16653.3262,2216.4934,4104.9634,1201.5736,17241.3125,9317.6553,4783.0737,1512.6017,57030.9998,A3,N,N
09/17/2020,19:00,16679.3984,2161.063,4182.6445,1181.13,17155.4902,9380.6143,4971.9546,1571.2487,57283.5437,A6,N,N
09/17/2020,19:00,16608.4004,2117.8799,4100.52,1144,18045.3008,8842.0898,4790.52,1750.4399,57399.1508,E,N,N
09/17/2020,19:00,16320.5,2165.1201,3946.47,1173.22,17549.0996,9655.0498,4682.0298,1786.65,57278.1393,E1,N,N
09/17/2020,19:00,16423,2160.8201,3939.6299,1151.05,17432.1992,9306.0498,4639.2202,1790.87,56842.8392,E2,N,N
09/17/2020,19:00,16308.4004,2239.49,3968.04,1068.6,17614.0996,9356.8701,4857.5,1740.36,57153.3601,E3,N,N
09/17/2020,19:00,16456.6777,2177.2493,4008.4768,1137.7617,17621.7012,9247.8408,4754.9478,1732.8239,57137.4792,M,Y,N
09/17/2020,20:00,16070.7246,2145.2412,4068.783,1155.1949,16557.2324,9060.8604,4596.2837,1493.7815,55148.1017,A3,N,N
09/17/2020,20:00,16104.8252,2081.9387,4143.2871,1129.8022,16524.834,9087.4971,4764.4106,1583.8126,55420.4075,A6,N,N
09/17/2020,20:00,16092.7002,2061.1399,4033.7,1107.78,17285.6992,8496.0596,4614.6699,1768.4399,55460.1887,E,N,N
09/17/2020,20:00,16133.7998,2112.4099,3871.6101,1132.41,17099.5996,9282.2305,4549.54,1734.41,55916.0099,E1,N,N
09/17/2020,20:00,16119.2998,2109.1799,3884.5,1095.58,16881.3008,8992.7998,4468.4199,1753.46,55304.5402,E2,N,N
09/17/2020,20:00,15905.5996,2127.45,3900.3101,1053.54,17105.4004,9056.4502,4762.6802,1719.49,55630.9205,E3,N,N
09/17/2020,20:00,16054.9648,2106.6489,3947.1768,1100.1757,17025.2051,8929.2139,4604.6704,1713.8713,55481.9269,M,Y,N
09/17/2020,21:00,15938.1992,2109.1746,4042.2139,1137.4172,16110.0166,8928.6123,4589.1006,1490.1975,54344.9319,A3,N,N
09/17/2020,21:00,15835.7119,2026.2314,4122.7451,1108.9666,16130.1152,8969.1836,4746.4116,1583.9587,54523.3241,A6,N,N
09/17/2020,21:00,15773,2006.4399,4003.03,1087.29,16886.5,8342.3496,4604.6699,1713.17,54416.4494,E,N,N
09/17/2020,21:00,15794.4004,2052.3201,3865.3401,1116.13,16639.6992,9076.3896,4515.7402,1673.73,54733.7496,E1,N,N
09/17/2020,21:00,15788.5,2073.02,3885.3799,1085.8199,16641.1992,8841.6699,4452.8599,1694.49,54462.9388,E2,N,N
09/17/2020,21:00,15572.7998,2094.1899,3930.0601,1060.03,16702.6992,9046.5,4715.1201,1591.34,54712.7391,E3,N,N
09/17/2020,21:00,15750.1504,2063.5994,3943.0615,1089.9785,16651.3145,8808.2559,4581.2676,1645.241,54532.8688,M,Y,N
09/17/2020,22:00,15367.8213,2016.1534,3987.2412,1081.8895,15197.6729,8526.1729,4425.2803,1423.8868,52026.1183,A3,N,N
09/17/2020,22:00,15061.7705,1924.9847,4084.4465,1062.0532,15291.8506,8533.6875,4574.2632,1511.2373,52044.2935,A6,N,N
09/17/2020,22:00,15193.2998,1904.73,3938.1899,1037.27,15934.2002,7955.46,4420.9702,1688.11,52072.2301,E,N,N
09/17/2020,22:00,15132.2998,1943.47,3780.3501,1058.83,15709.2998,8536.9404,4303.27,1633.89,52098.3501,E1,N,N
09/17/2020,22:00,15109,1944.6801,3808.5901,1024.21,15677.5996,8316.29,4224.6899,1654.6801,51759.7398,E2,N,N
09/17/2020,22:00,15083.9004,1979.58,3783.3501,1038.75,15745.7002,8411.6104,4461.3701,1608.48,52112.7412,E3,N,N
09/17/2020,22:00,15159.0645,1952.2004,3853.4814,1042.6475,15702.7471,8303.7295,4367.8262,1620.0397,52001.7363,M,Y,N
09/17/2020,23:00,14483.9971,1878.323,3904.6907,1006.3623,13912.2109,7907.3008,4154.7896,1330.5306,48578.205,A3,N,N
09/17/2020,23:00,14122.668,1791.4995,4010.6982,995.0892,14029.4102,7904.708,4282.8145,1399.8763,48536.7639,A6,N,N
09/17/2020,23:00,14275.2002,1790.12,3824.4199,972.563,14582.5996,7449.4902,4140.75,1678.35,48713.4929,E,N,N
09/17/2020,23:00,14167.9004,1790.08,3706.3999,956.763,14415.4004,7861.6201,4015.3501,1552.1899,48465.7038,E1,N,N
09/17/2020,23:00,14064.2002,1795.52,3712.4199,921.691,14425,7702.77,4018.5,1536.5601,48176.6612,E2,N,N
09/17/2020,23:00,14110.2998,1835.39,3712.3,965.995,14492.2002,7838.6201,4220.6699,1487.13,48662.605,E3,N,N
09/17/2020,23:00,14193.9121,1813.808,3763.6711,960.4529,14415.9014,7718.835,4116.2471,1535.8501,48518.6777,M,Y,N
09/17/2020,24:00,13646.8672,1704.8446,3812.7983,925.2683,12564.7363,7188.7036,3838.075,1250.3687,44931.662,A3,N,N
09/17/2020,24:00,13221.6055,1627.4725,3921.2595,918.3556,12710.8955,7175.334,3961.0168,1286.6232,44822.5626,A6,N,N
09/17/2020,24:00,13367.7998,1629.49,3714.95,906.583,13178.2998,6893.1899,3807.47,1547.4399,45045.2224,E,N,N
09/17/2020,24:00,13092.5996,1641.49,3625.7,896.36,13060.2998,7163.8101,3723,1446.2,44649.4595,E1,N,N
09/17/2020,24:00,13087.9004,1633.46,3676.1499,875.552,13174.0996,6965.3701,3676.5901,1459.1801,44548.3022,E2,N,N
09/17/2020,24:00,13139.5,1668.37,3638.6001,902.176,13256.5,7185.1401,3822.2,1421.5601,45034.0463,E3,N,N
09/17/2020,24:00,13241.2344,1651.1218,3687.2373,898.7813,13105.3545,7054.9893,3771.6995,1444.1161,44854.5342,M,Y,N
09/18/2020,1:00,12950.0127,1553.6379,3820.0322,864.3309,11455.9951,6630.8706,3596.4844,1167.2113,42038.5751,A3,N,N
09/18/2020,1:00,12566.6016,1466.8867,3818.7847,861.6769,11683.3965,6628.1909,3695.1792,1156.4957,41877.2122,A6,N,N
09/18/2020,1:00,12518.2002,1507.4399,3606.3501,858.751,12370.2998,6403.3999,3505.27,1466.1,42235.8109,E,N,N
09/18/2020,1:00,12181.2002,1509.61,3556.8201,838.584,12123.0996,6607.1499,3462.73,1368.8101,41648.0039,E1,N,N
09/18/2020,1:00,12229.5996,1501.0699,3638.79,830.625,12153.7998,6393.5801,3405.95,1373.5,41526.9144,E2,N,N
09/18/2020,1:00,12314.2998,1532.1899,3564.76,867.804,12220.2002,6613.73,3449.96,1364.29,41927.2339,E3,N,N
09/18/2020,1:00,12406.9268,1518.0809,3624.5815,852.1594,12133.4619,6507.4302,3472.6968,1367.9751,41883.3126,M,Y,N
09/18/2020,2:00,12416.3457,1444.084,3763.5977,815.4632,10734.9326,6244.3359,3384.1572,1122.0889,39925.0052,A3,N,N
09/18/2020,2:00,11984.1895,1375.475,3720.0142,822.1995,10930.5811,6219.9785,3480.2048,1086.5022,39619.1448,A6,N,N
09/18/2020,2:00,12016.4004,1412.01,3527.7,826.679,11539.4004,6038.7598,3319.1001,1488.72,40168.7697,E,N,N
09/18/2020,2:00,11563,1389.4301,3496.97,807.471,11426.5,6195.7598,3252.97,1306.14,39438.2409,E1,N,N
09/18/2020,2:00,11633.2998,1414.92,3600.05,797.591,11447.7998,5982.23,3207.28,1283.66,39366.8306,E2,N,N
09/18/2020,2:00,11635.0996,1433.27,3498.54,824.099,11418.5996,6285.7002,3262.9199,1345.03,39703.2583,E3,N,N
09/18/2020,2:00,11818.6191,1419.2393,3564.1436,814.959,11371.6289,6131.6846,3276.9658,1332.8811,39730.1214,M,Y,N
09/18/2020,3:00,11975.5,1395.6946,3708.406,782.3614,10326.9268,5982.2129,3233.6038,1097.4915,38502.197,A3,N,N
09/18/2020,3:00,11561.5703,1318.1848,3639.7378,791.0529,10488.0762,5934.7197,3294.1963,1071.9611,38099.4991,A6,N,N
09/18/2020,3:00,11640.9004,1349.87,3456.98,794.157,10943.5,5764.1699,3178.1101,1474.52,38602.2074,E,N,N
09/18/2020,3:00,11008,1371.3199,3463.76,771.573,10920.7002,5811.5498,3078.8999,1294.38,37720.1828,E1,N,N
09/18/2020,3:00,11164.7002,1351.48,3552.7,761.513,10956.5996,5640.8901,3044.1499,1267.55,37739.5828,E2,N,N
09/18/2020,3:00,11220.7002,1370.05,3519.77,803.287,10942.2002,6075.9302,3053.6899,1368.88,38354.5075,E3,N,N
09/18/2020,3:00,11379.5127,1363.7268,3528.8833,783.9811,10866.5283,5844.4678,3108.0503,1326.7214,38201.8717,M,Y,N
09/18/2020,4:00,11734.4883,1351.6359,3681.7397,761.2357,10051.001,5757.1509,3122.8933,1067.7456,37527.8904,A3,N,N
09/18/2020,4:00,11241.0693,1281.9971,3588.5728,769.9878,10217.4609,5656.9551,3153.6697,1025.564,36935.2767,A6,N,N
09/18/2020,4:00,11465.2002,1315,3450.4399,779.986,10632.7998,5590.0601,3090.95,1372.1801,37696.6161,E,N,N
09/18/2020,4:00,10822.5,1325.6801,3477.46,760.733,10612,5624.0601,3001.8601,1270.87,36895.1633,E1,N,N
09/18/2020,4:00,11009.7002,1303.65,3538.6899,758.325,10654.7002,5475.4902,2971.2,1256.8,36968.5555,E2,N,N
09/18/2020,4:00,11100.0996,1300.04,3491.5901,784.054,10675.9004,5754.0098,3030.27,1313.7,37449.6639,E3,N,N
09/18/2020,4:00,11213.373,1314.337,3515.0798,770.8373,10573.7246,5627.5415,3038.6992,1277.9969,37331.5893,M,Y,N
09/18/2020,5:00,11758.9004,1340.8048,3659.5984,756.5894,10100.1221,5741.9453,3087.2107,1072.6161,37517.7872,A3,N,N
09/18/2020,5:00,11240.8457,1274.8209,3527.1431,766.0712,10260.3877,5649.8999,3122.1052,1027.2332,36868.5069,A6,N,N
09/18/2020,5:00,11505.7002,1303.72,3446.8101,785.662,10627.2998,5553.0898,3057.99,1378.23,37658.5019,E,N,N
09/18/2020,5:00,10871.4004,1331.79,3442.3799,760.892,10612,5595.5,2971.98,1253.29,36839.2323,E1,N,N
09/18/2020,5:00,11059.5996,1316.59,3516.3999,754.273,10730.7998,5487.5,2919.27,1245.9399,37030.3722,E2,N,N
09/18/2020,5:00,11078.7002,1336.1,3503.25,745.233,10664.9004,5730.1299,3031,1315.65,37404.9635,E3,N,N
09/18/2020,5:00,11239.7881,1323.1769,3504.3623,760.9772,10594.7656,5609.8604,3009.4639,1275.6932,37318.0876,M,Y,N
09/18/2020,6:00,12053.6963,1367.4591,3662.1731,769.9797,10457.3789,5900.2939,3114.1887,1082.6226,38407.7923,A3,N,N
09/18/2020,6:00,11542.9111,1315.7019,3509.9063,774.7471,10642.7344,5793.0376,3167.8713,1040.4319,37787.3416,A6,N,N
09/18/2020,6:00,11721.7002,1337.35,3471.5,799.583,11074.7998,5672.9702,3109.47,1323.61,38510.9832,E,N,N
09/18/2020,6:00,11244.4004,1383.48,3468.3,789.734,11182.9004,5929.75,3067,1288.84,38354.4048,E1,N,N
09/18/2020,6:00,11485.0996,1362.1801,3569.1201,781.222,11189.5,5758.8599,3056.6699,1227.17,38429.8216,E2,N,N
09/18/2020,6:00,11452.7998,1372.76,3492.22,819.531,11217.5,5916.1899,3199.4399,1295.95,38766.3906,E3,N,N
09/18/2020,6:00,11577.1631,1361.9399,3524.519,795.0482,11075.4844,5815.7603,3114.0435,1258.1152,38522.0736,M,Y,N
09/18/2020,7:00,12438.2656,1501.1401,3686.7932,819.4395,11261.7383,6282.9873,3248.4766,1141.5361,40380.3767,A3,N,N
09/18/2020,7:00,11900.2441,1434.8152,3531.9846,828.6465,11410.4229,6187.7451,3304.022,1107.5764,39705.4568,A6,N,N
09/18/2020,7:00,12107,1431.12,3511.8999,846.335,11867.9004,5976.7598,3230.6101,1484.1801,40455.8053,E,N,N
09/18/2020,7:00,11840.5,1485,3525.8501,841.285,12228.5,6474.23,3286.6399,1333.6801,41015.6851,E1,N,N
09/18/2020,7:00,12080.5,1494.29,3594.4099,804.673,12031.7998,6273.2402,3268.6799,1288.66,40836.2528,E2,N,N
09/18/2020,7:00,11954.0996,1511.2,3579.4199,859.497,12233.7002,6223.5898,3385.8899,1346.05,41093.4464,E3,N,N
09/18/2020,7:00,12070.2461,1482.4199,3573.0129,835.2168,11969.6299,6213.0498,3288.1846,1339.1245,40770.8845,M,Y,N
09/18/2020,8:00,12681.0957,1529.5756,3709.8174,843.6494,11894.376,6626.6646,3385.321,1170.6746,41841.1743,A3,N,N
09/18/2020,8:00,12129.0674,1453.6619,3554.7595,850.9453,12054.0771,6532.1392,3417.5996,1148.3475,41140.5975,A6,N,N
09/18/2020,8:00,12345.7998,1464.34,3559.6399,871.563,12490.7002,6333.79,3326.2,1474.77,41866.8029,E,N,N
09/18/2020,8:00,12012.4004,1525.15,3532.3799,852.16,12617.2998,6501.54,3325.6001,1355.45,41721.9802,E1,N,N
09/18/2020,8:00,12157.4004,1504.37,3613.7,843.941,12619.4004,6602.6802,3360.47,1335.9,42037.862,E2,N,N
09/18/2020,8:00,12297.0996,1565.96,3566.6799,850.747,12633.5996,6576.6899,3451.25,1384.05,42326.076,E3,N,N
09/18/2020,8:00,12286.7617,1515.5082,3590.2795,853.5389,12499.8848,6519.3154,3373.345,1364.4456,42003.0791,M,Y,N
09/18/2020,9:00,13005.4229,1611.5026,3727.1189,882.186,12476.1924,6866.2559,3529.5134,1188.2108,43286.4029,A3,N,N
09/18/2020,9:00,12490.4473,1525.8168,3547.8748,881.3326,12635.7441,6762.2568,3525.5098,1170.1511,42539.1333,A6,N,N
09/18/2020,9:00,12736.7002,1519.1899,3608.3,915.822,12917.4004,6511.0898,3439.6899,1461.42,43109.6122,E,N,N
09/18/2020,9:00,12453.4004,1586.63,3513.74,898.319,13051.5996,6685.9199,3446.6101,1365.54,43001.759,E1,N,N
09/18/2020,9:00,12529,1615.59,3617.8301,840.993,13006.2002,6610.8799,3400.05,1309.22,42929.7632,E2,N,N
09/18/2020,9:00,12559.4004,1622.9399,3542.8101,907.654,13029.7998,6772.8501,3505.6399,1335.03,43276.1242,E3,N,N
09/18/2020,9:00,12638.6289,1589.1965,3597.3423,888.6804,12929.3242,6667.7271,3458.3604,1345.6364,43114.8962,M,Y,N
09/18/2020,10:00,13822.5137,1705.687,3764.9067,951.8318,13240.002,7203.126,3724.8857,1209.8274,45622.7803,A3,N,N
09/18/2020,10:00,13319.6201,1601.3668,3558.7756,934.3189,13353.2119,7066.8071,3685.1304,1189.6262,44708.857,A6,N,N
09/18/2020,10:00,13452.2998,1627.8101,3670.74,973.981,13869.5,6941.6201,3667.01,1428.91,45631.871,E,N,N
09/18/2020,10:00,13044.2998,1685.25,3570.55,945.642,13441.5,7043.2202,3637.7,1346.97,44715.132,E1,N,N
09/18/2020,10:00,13242.2002,1688.72,3646.8999,905.314,13464,6979.9302,3624.1699,1308.75,44859.9842,E2,N,N
09/18/2020,10:00,13288.5,1724.3199,3577.4299,940.247,13524.7998,7205.0601,3797.55,1347.1801,45405.0868,E3,N,N
09/18/2020,10:00,13354.1016,1684.0796,3640.6995,942.0698,13549.7627,7062.4463,3692.5056,1340.8097,45266.4748,M,Y,N
09/18/2020,11:00,14732.5088,1826.5131,3808.0957,1014.769,14136.6152,7577.1172,3958.4492,1261.5552,48315.6234,A3,N,N
09/18/2020,11:00,14383.5049,1718.4541,3582.5957,987.8234,14155.3594,7450.8633,3871.5281,1242.5398,47392.6687,A6,N,N
09/18/2020,11:00,14239.7998,1747.74,3742.1899,1013.33,14732.5,7308.8398,3920.74,1420.03,48125.1695,E,N,N
09/18/2020,11:00,13803.5996,1794.8,3694.9399,1004.54,14077.2998,7401.8701,3867.6399,1375.5,47020.1893,E1,N,N
09/18/2020,11:00,14015.7998,1805.4301,3699.3,971.835,14179.5996,7332.21,3860.53,1387.2,47251.9045,E2,N,N
09/18/2020,11:00,14137.2998,1869.78,3619.4299,988.903,14203.9004,7578.0498,4030.6201,1378.4,47806.383,E3,N,N
09/18/2020,11:00,14165.2393,1808.4016,3703.1094,995.9307,14305.7402,7427.1484,3931.2336,1376.0394,47712.8426,M,Y,N
09/18/2020,12:00,15545.71,1950.5015,3858.4036,1055.8861,15027.1191,7941.2979,4174.5225,1292.6481,50846.0888,A3,N,N
09/18/2020,12:00,15329.1328,1850.2019,3634.4202,1028.3932,14923.1191,7728.9028,4109.792,1268.55,49872.512,A6,N,N
09/18/2020,12:00,15073.0996,1866.25,3815.1699,1045.4301,15704.5,7724.6499,4163.9502,1464.59,50857.6397,E,N,N
09/18/2020,12:00,14669.9004,1912.1,3687.8799,1055.6899,14886.4004,7809.9399,4122.9199,1466.29,49611.1204,E1,N,N
09/18/2020,12:00,14851.4004,1931.24,3747.4199,1028.73,14749.0996,7637.75,4158.9302,1439,49543.5701,E2,N,N
09/18/2020,12:00,14862.2002,1997.52,3712.5801,954.16,14914.2998,7933.8999,4290.3501,1380.12,50045.1301,E3,N,N
09/18/2020,12:00,14973.626,1931.5778,3762.0779,1021.027,15081.165,7792.98,4190.4878,1415.7948,50168.7363,M,Y,N
09/18/2020,13:00,16168.5156,2068.8796,3921.7012,1098.7771,15640.1514,8331.9854,4395.7427,1320.4624,52946.2154,A3,N,N
09/18/2020,13:00,15909.707,1964.3896,3713.4067,1066.2128,15436.7559,8073.3638,4385.7778,1250.7272,51800.3408,A6,N,N
09/18/2020,13:00,15983.2998,1972.59,3888.8999,1066.0601,16506.1992,8098.7002,4407.29,1496.27,53419.3092,E,N,N
09/18/2020,13:00,15451,2018.2,3747.72,1075.1,15408.7998,8213.3301,4400.8301,1545.35,51860.33,E1,N,N
09/18/2020,13:00,15612.4004,2041.08,3814.0801,1052.16,15564.4004,7998.1602,4522.71,1555.41,52160.4011,E2,N,N
09/18/2020,13:00,15668.2002,2121.75,3745.48,1002.06,15684.5,8312.9199,4651.3701,1379.36,52565.6402,E3,N,N
09/18/2020,13:00,15768.415,2044.74,3820.7925,1051.8047,15819.8945,8170.6099,4494.9141,1465.9866,52637.1573,M,Y,N
09/18/2020,14:00,17007.6777,2160.1125,3964.9531,1142.1052,16285.6768,8638.7334,4567.8682,1355.1014,55122.2283,A3,N,N
09/18/2020,14:00,16822.8945,2074.3171,3781.8545,1097.2736,16087.6943,8415.1172,4597.6533,1303.709,54180.5135,A6,N,N
09/18/2020,14:00,16897.1992,2060.03,3939.5601,1093.6,17190.8008,8379.0703,4599.0898,1536.36,55695.7102,E,N,N
09/18/2020,14:00,16361.2998,2128.9399,3795.6399,1134.4301,16204.5,8594.3096,4614.4702,1605.21,54438.7995,E1,N,N
09/18/2020,14:00,16482.6992,2129.8899,3874.8501,1104.2,16277.9004,8356.8301,4629.1499,1611.03,54466.5496,E2,N,N
09/18/2020,14:00,16484.0996,2213.9099,3805.8999,1038.11,16442.5996,8642.8604,4748.4702,1472.89,54848.8396,E3,N,N
09/18/2020,14:00,16637.1211,2137.0891,3875.1519,1093.5444,16539.0977,8498.8203,4641.9697,1525.109,54947.9032,M,Y,N
09/18/2020,15:00,17394.3027,2220.7576,3995.7302,1176.4747,16960.8379,8889.5107,4674.0615,1384.2822,56695.9575,A3,N,N
09/18/2020,15:00,17202.498,2144.2039,3852.4365,1134.8684,16502.5352,8641.8066,4784.105,1352.4874,55614.941,A6,N,N
09/18/2020,15:00,17344.9004,2126.0801,3972.8701,1121.4,17770.9004,8615.0596,4775.8198,1599.1899,57326.2203,E,N,N
09/18/2020,15:00,16784.5996,2184.76,3834.1101,1168.7,16760.1992,8943.1201,4780.48,1667.7,56123.669,E1,N,N
09/18/2020,15:00,16851,2188.1299,3895.25,1139.29,16882.1992,8853.9199,4917.6802,1705.55,56433.0192,E2,N,N
09/18/2020,15:00,16756.5996,2254.6101,3840.0601,1072.66,16922.5996,8970.96,4967.02,1485.17,56269.6794,E3,N,N
09/18/2020,15:00,17010.4883,2192.8948,3905.7754,1126.4844,17109.0547,8839.0635,4846.9478,1578.9753,56609.6842,M,Y,N
09/18/2020,16:00,17385.2305,2255.4456,4002.293,1195.6816,17365.9707,9034.1543,4751.9263,1436.3777,57427.0797,A3,N,N
09/18/2020,16:00,17179.7695,2235.7834,3923.4941,1172.1636,16885.1816,8800.918,4923.7139,1415.423,56536.4471,A6,N,N
09/18/2020,16:00,17394.3008,2157.8401,4004.4199,1143.66,18203.1992,8812.9404,4879.0898,1688.98,58284.4302,E,N,N
09/18/2020,16:00,17004.5996,2210.6499,3890.75,1233.83,17238.6992,9050.1396,4779.77,1737.88,57146.3183,E1,N,N
09/18/2020,16:00,16954.6992,2203.77,3937.4399,1181.74,17221.5,8984.21,4631.3901,1675.8101,56790.5593,E2,N,N
09/18/2020,16:00,16970.4004,2294.97,3873.6799,1080.58,17503.9004,9112.4902,4866.1802,1572.73,57274.9311,E3,N,N
09/18/2020,16:00,17128.5781,2222.407,3940.5151,1155.184,17557.7324,8987.9473,4785.627,1631.1622,57409.1531,M,Y,N
09/18/2020,17:00,17524.0625,2256.3777,4018.7903,1218.0895,17646.9883,9042.3096,4786.9648,1472.1841,57965.7668,A3,N,N
09/18/2020,17:00,17580.6914,2257.8206,4033.5337,1210.5959,17174.8691,8816.6045,4996.0918,1464.704,57534.911,A6,N,N
09/18/2020,17:00,17106,2161.4299,4024.4199,1158.6899,18468,8900.7998,4890.1201,1757.47,58466.9296,E,N,N
09/18/2020,17:00,16945.9004,2212.3799,3889.9299,1226.28,17422.6992,9120.6602,4789.4302,1761.34,57368.6198,E1,N,N
09/18/2020,17:00,16846.1992,2213.1201,3957.23,1205.6899,17502.8008,8929.7598,4697.04,1770.53,57122.3698,E2,N,N
09/18/2020,17:00,16774.1992,2251.51,3880.9399,1131.96,17789.5,9262.9004,5017.1299,1694.13,57802.2694,E3,N,N
09/18/2020,17:00,16990.3438,2215.1096,3954.2373,1179.6311,17823.7852,9043.7363,4848.1221,1709.7229,57764.6883,M,Y,N
09/18/2020,18:00,17064.4375,2216.6826,4015.0535,1197.3606,17451.5508,8929.0313,4668.4058,1459.9513,57002.4734,A3,N,N
09/18/2020,18:00,17002.3184,2226.1375,4102.2495,1203.8149,17071.2578,8872.4834,4901.9214,1480.1171,56860.3,A6,N,N
09/18/2020,18:00,16462.8008,2099.28,4018.0601,1146.99,18230.6992,8835.3799,4758.23,1723.36,57274.8,E,N,N
09/18/2020,18:00,16578.1992,2181.8101,3903.9299,1202.8,17224.4004,9104.5098,4713.1001,1764.38,56673.1295,E1,N,N
09/18/2020,18:00,16378.7998,2171.6299,3942.1399,1179.87,17339.0996,8950.0303,4559.0601,1774.02,56294.6496,E2,N,N
09/18/2020,18:00,16272.2002,2235.47,3900.9199,1119.4301,17995.5996,9018.5596,4906.3301,1769.59,57218.0995,E3,N,N
09/18/2020,18:00,16483.7793,2176.4065,3955.1528,1161.5927,17725.8438,8955.1846,4728.5933,1719.7839,56906.3369,M,Y,N
09/18/2020,19:00,16046.6357,2130.1863,3990.4651,1131.6039,16882.4277,8698.7168,4509.8027,1436.5762,54826.4144,A3,N,N
09/18/2020,19:00,16358.1953,2144.2168,4097.6406,1145.5188,16626.8613,8672.8408,4750.4751,1474.1813,55269.93,A6,N,N
09/18/2020,19:00,15743.0996,2009.21,4001.1899,1097.5601,17664.5,8486.9404,4561.0601,1723.41,55286.9701,E,N,N
09/18/2020,19:00,15896.7002,2088.3201,3823.3101,1144.04,16814.1992,8938.8604,4518.6899,1743.09,54967.2099,E1,N,N
09/18/2020,19:00,15762.5,2079.8101,3879.8899,1122.48,16964.5996,8766.5801,4460.8999,1751.38,54788.1396,E2,N,N
09/18/2020,19:00,15561.4004,2147.23,3877.9399,1035.1899,17004.3008,8826.2197,4604.9302,1747.25,54804.4609,E3,N,N
09/18/2020,19:00,15759.666,2086.376,3916.4766,1098.2629,17120.4297,8724.6318,4535.2842,1702.9683,54944.0955,M,Y,N
09/18/2020,20:00,15617.3027,2046.2229,3949.1467,1079.7717,16025.7988,8373.4141,4346.4971,1415.7092,52853.8632,A3,N,N
09/18/2020,20:00,15937.8721,2044.2712,4052.0493,1088.7318,15868.0049,8305.165,4545.4731,1483.6749,53325.2423,A6,N,N
09/18/2020,20:00,15259.5,1943.45,3930.9099,1058.54,16723.1992,8061.77,4371.98,1755.0699,53104.419,E,N,N
09/18/2020,20:00,15692.2998,2038.59,3787.9199,1101.3199,16272.7002,8602.0596,4369.8101,1687.8101,53552.5096,E1,N,N
09/18/2020,20:00,15485.7998,2023.4399,3836.3501,1069.4,16378.5,8469.8398,4298.8901,1717.01,53279.2297,E2,N,N
09/18/2020,20:00,15191.0996,2036.46,3762.9399,1019.7,16306.0996,8460.9805,4517.0498,1710.45,53004.7794,E3,N,N
09/18/2020,20:00,15397.8008,2011.4391,3849.6831,1059.5465,16389.2617,8370.082,4386.5186,1683.5725,53147.9043,M,Y,N
09/18/2020,21:00,15580.8877,2012.244,3920.3496,1068.5514,15712.9297,8246.7393,4325.7637,1416.2114,52283.6768,A3,N,N
09/18/2020,21:00,15789.0098,1989.4873,4030.3206,1068.3169,15534.3535,8192.6328,4501.5972,1484.0513,52589.7694,A6,N,N
09/18/2020,21:00,15001.9004,1882.7,3901.1101,1042.99,16218.2002,7866.8999,4339.8501,1735.04,51988.6907,E,N,N
09/18/2020,21:00,15367.0996,1979.14,3783.8899,1080.3101,15804.9004,8364.7002,4290.5801,1647.4301,52318.0504,E1,N,N
09/18/2020,21:00,15189.2998,1985.27,3846.3999,1061.58,15988.2002,8294.8701,4253.6299,1645.83,52265.0799,E2,N,N
09/18/2020,21:00,14820.4004,1992.79,3826.7,1032.8199,15832.0996,8352.29,4446.9399,1628.5601,51932.5999,E3,N,N
09/18/2020,21:00,15121.3984,1964.113,3856.5825,1052.9551,15949.3535,8204.9443,4337.1479,1635.3127,52121.8074,M,Y,N
09/18/2020,22:00,15033.1602,1923.9498,3875.6997,1024.1569,14632.3398,7864.96,4141.9575,1351.9766,49848.2005,A3,N,N
09/18/2020,22:00,15142.7803,1888.9603,3952.1326,1022.1917,14564.8242,7863.8462,4313.8833,1408.1758,50156.7944,A6,N,N
09/18/2020,22:00,14524.7998,1796.09,3849.6699,1001.14,15335.5,7487.96,4166.4199,1694.54,49856.1196,E,N,N
09/18/2020,22:00,14669.4004,1853.85,3722.52,1010.15,14817.4004,7862.46,4043.0801,1578.99,49557.8509,E1,N,N
09/18/2020,22:00,14494.0996,1845.28,3772.9099,987.026,14973.2998,7735.1699,4018.55,1599.4399,49425.7751,E2,N,N
09/18/2020,22:00,14390.9004,1879.98,3728.8601,994.04,14962.5,7817.27,4201.1201,1591.14,49565.8106,E3,N,N
09/18/2020,22:00,14565.2695,1852.5625,3787.6375,999.8398,14999.043,7726.0273,4119.6523,1587.6509,49637.6828,M,Y,N
09/18/2020,23:00,14297.2236,1810.8563,3810.1799,968.1524,13601.5039,7389.29,3915.3889,1263.9808,47056.5758,A3,N,N
09/18/2020,23:00,14374.2051,1767.172,3819.9871,967.2291,13479.7451,7380.3315,4074.1975,1306.2527,47169.1201,A6,N,N
09/18/2020,23:00,13773.9004,1699.9,3759.0901,950.476,14216.4004,7081.0098,3938.3201,1703.74,47122.8368,E,N,N
09/18/2020,23:00,13783.2998,1729.5,3656.23,905.145,13759.5996,7184.6602,3805.6899,1503.14,46327.2645,E1,N,N
09/18/2020,23:00,13557.4004,1734.04,3692.8899,867.7,13886.0996,7191.9702,3812,1509.7,46251.8001,E2,N,N
09/18/2020,23:00,13564.5996,1771.95,3662.6001,939.782,13996.7002,7348.6099,4013.6799,1518.14,46816.0617,E3,N,N
09/18/2020,23:00,13734.041,1744.0171,3711.9463,923.6517,13944.9385,7227.1411,3906.1348,1528.7852,46720.6557,M,Y,N
09/18/2020,24:00,13545.2002,1645.3595,3730.26,911.9174,12374.7207,6808.5752,3640.6531,1184.8201,43841.5062,A3,N,N
09/18/2020,24:00,13474.0088,1611.8854,3726.5508,908.9268,12332.5176,6784.4092,3767.3633,1201.8843,43807.5462,A6,N,N
09/18/2020,24:00,13055.7998,1564.99,3659.1399,895.15,12994.7002,6614.73,3687.5,1564.21,44036.2199,E,N,N
09/18/2020,24:00,12817.5,1603.65,3609.1799,864.717,12581.0996,6633.1099,3562.01,1446.59,43117.8564,E1,N,N
09/18/2020,24:00,12717.2002,1594.4,3665.8301,852.476,12851.5,6607.54,3538.1201,1451.6899,43278.7563,E2,N,N
09/18/2020,24:00,12756.0996,1619.2,3606.72,883.106,12970.2002,6868.9399,3662.1699,1434.21,43800.6456,E3,N,N
09/18/2020,24:00,12927.6133,1600.7737,3650.3523,879.7623,12823.5771,6703.0132,3622.2803,1441.4537,43648.8259,M,Y,N
09/19/2020,1:00,12745.3809,1513.0129,3716.4248,852.8887,11196.1348,6333.5933,3429.8831,1125.1012,40912.4197,A3,N,N
09/19/2020,1:00,12789.0889,1460.4995,3680.8699,850.2111,11352.2197,6295.9282,3481.7056,1138.8677,41049.3906,A6,N,N
09/19/2020,1:00,12442.4004,1449.1,3452.6399,851.917,12138,6274.6201,3496.49,1518.78,41623.9474,E,N,N
09/19/2020,1:00,11964.9004,1488.3101,3564.6499,802.143,11709.9004,6124.27,3335.5901,1352.6,40342.3639,E1,N,N
09/19/2020,1:00,11991,1477.39,3624.05,828.849,11918.5996,6117.3301,3301.1899,1378.21,40636.6186,E2,N,N
09/19/2020,1:00,12017.7002,1504.6801,3486.03,860.304,11992.5,6204.6499,3286.02,1386.1,40737.9842,E3,N,N
09/19/2020,1:00,12201.5596,1482.9579,3550.8145,842.1464,11875.5293,6206.3833,3366.6089,1380.4852,40906.4851,M,Y,N
09/19/2020,2:00,12177.082,1394.828,3656.363,803.7739,10459.998,5902.4727,3218.8765,1081.2365,38694.6306,A3,N,N
09/19/2020,2:00,12152.2461,1361.6425,3598.6597,808.4225,10598.9238,5816.1953,3258.6062,1088.4581,38683.1542,A6,N,N
09/19/2020,2:00,11931.2002,1361.29,3393.77,810.182,11328.2998,5910.6299,3305.49,1440.8101,39481.672,E,N,N
09/19/2020,2:00,11269.5,1377.02,3509.02,737.402,10851.7998,5694.7798,3137.0901,1253.0699,37829.6816,E1,N,N
09/19/2020,2:00,11453,1392.67,3581.5901,800.652,11188.9004,5733.8301,3128.8701,1295.83,38575.3427,E2,N,N
09/19/2020,2:00,11428.4004,1410.05,3446.3201,813.726,11178.4004,5866.6001,3074.8799,1303.55,38521.9269,E3,N,N
09/19/2020,2:00,11633.9727,1387.4836,3501.093,798.787,11087.875,5827.4214,3171.8059,1301.8357,38710.2743,M,Y,N
09/19/2020,3:00,11720.665,1342.196,3607.99,769.3245,9963.1855,5582.7705,3111.7537,1046.8718,37144.757,A3,N,N
09/19/2020,3:00,11670.8945,1293.8042,3525.9058,775.4066,10102.9053,5519.938,3143.3306,1040.6818,37072.8668,A6,N,N
09/19/2020,3:00,11522.7998,1314.8101,3337.6499,779.047,10705.5,5613.0801,3160.4299,1405.3101,37838.6269,E,N,N
09/19/2020,3:00,10797.4004,1299.36,3511.97,705.681,10334.9004,5353.4199,3001.3899,1258.92,36263.0416,E1,N,N
09/19/2020,3:00,10991.5996,1335.9399,3521.77,761.885,10673.0996,5416.3901,3033.8999,1268.76,37003.3441,E2,N,N
09/19/2020,3:00,10954.0996,1363.65,3423.5701,788.128,10744.9004,5556.21,3021.6899,1220.12,37072.368,E3,N,N
09/19/2020,3:00,11181.8828,1333.7946,3460.7427,766.6407,10568.1357,5513.4434,3068.1479,1261.7715,37154.5593,M,Y,N
09/19/2020,4:00,11330.7393,1288.0277,3590.1558,738.059,9599.2168,5365.3716,3018.5552,1004.6984,35934.8238,A3,N,N
09/19/2020,4:00,11257.2344,1239.2496,3509.1985,748.0206,9741.5762,5300.7441,3049.7998,973.4468,35819.27,A6,N,N
09/19/2020,4:00,11218,1244.27,3314.1101,763.303,10263.0996,5424.6099,3053.3899,1412.48,36693.2625,E,N,N
09/19/2020,4:00,10419.5996,1264.16,3443.4199,697.828,9929.5498,5099.7402,2912.1899,1233.1801,34999.6675,E1,N,N
09/19/2020,4:00,10679.7998,1262.58,3516.8201,746.099,10267,5212.6201,2935.04,1272.76,35892.719,E2,N,N
09/19/2020,4:00,10687.5996,1249.5699,3407.24,777.473,10385.0996,5311.9702,2907.21,1241.05,35967.2123,E3,N,N
09/19/2020,4:00,10865.1426,1258.1284,3438.7395,751.2047,10169.8955,5295.439,2965.2532,1261.3074,36005.1103,M,Y,N
09/19/2020,5:00,11128.3906,1240.4077,3566.0889,719.8281,9432.7422,5318.376,2949.2576,1001.6436,35356.7347,A3,N,N
09/19/2020,5:00,11003.2871,1207.8002,3467.1533,733.4963,9638.9951,5217.7437,2984.0466,964.4711,35216.9934,A6,N,N
09/19/2020,5:00,11082.7002,1191.14,3305.9299,750.986,10031.7002,5346.0698,2987.24,1415.89,36111.6561,E,N,N
09/19/2020,5:00,10259.0996,1248.0601,3432.78,680.847,9821.5596,5060.6201,2828.99,1219.04,34550.9964,E1,N,N
09/19/2020,5:00,10552.5996,1245.58,3497.9199,733.176,10075.2998,5169.9399,2884.1899,1253.91,35412.6151,E2,N,N
09/19/2020,5:00,10530.5996,1206.0601,3363.48,730.389,10169.5996,5312.1401,2865.9399,1245.99,35424.1983,E3,N,N
09/19/2020,5:00,10714.9111,1221.7535,3416.6914,728.7221,9975.9375,5254.4121,2906.6235,1256.533,35475.5842,M,Y,N
09/19/2020,6:00,10955.4492,1229.7047,3567.2468,710.5476,9467.8457,5366.9731,2956.4133,1005.4707,35259.6511,A3,N,N
09/19/2020,6:00,10781.4521,1193.7023,3447.1709,726.2118,9699.9434,5258.6538,3002.3533,965.1852,35074.6728,A6,N,N
09/19/2020,6:00,11080,1173.26,3322.8,751.826,9997.9502,5368.7998,3001.76,1397.08,36093.476,E,N,N
09/19/2020,6:00,10283.4004,1251.15,3472.6299,690.294,9986.5303,5201.7798,2879.54,1219.53,34984.8544,E1,N,N
09/19/2020,6:00,10602.7002,1227.42,3502.1399,739.285,10187.2998,5217.6299,2907.73,1267.13,35651.3348,E2,N,N
09/19/2020,6:00,10589.7002,1184.45,3386.1499,767.792,10273.2998,5297.4902,2893.9099,1250.46,35643.252,E3,N,N
09/19/2020,6:00,10722.9561,1206.3894,3432.7568,739.8309,10046.4346,5292.0742,2930.3442,1256.7926,35627.5788,M,Y,N
09/19/2020,7:00,11057.9219,1273.7485,3583.4236,718.9285,9672.1162,5529.3252,3002.626,1035.6589,35873.7488,A3,N,N
09/19/2020,7:00,10811.3174,1245.679,3454.614,746.3699,9923.2793,5402.9941,3042.446,1002.3098,35629.0095,A6,N,N
09/19/2020,7:00,11209.4004,1194.6801,3335.8301,764.407,10239.5996,5478.9302,3040.75,1430.53,36694.1274,E,N,N
09/19/2020,7:00,10409.7998,1292.96,3488.02,727.047,10411.4004,5342.02,2947.3899,1214.92,35833.5571,E1,N,N
09/19/2020,7:00,10809.5996,1271.55,3520.25,763.277,10426.7002,5403.3398,2968.6499,1267.01,36430.3765,E2,N,N
09/19/2020,7:00,10678.4004,1261.11,3397.75,771.193,10604.7002,5415.6899,2967.24,1250.12,36346.2035,E3,N,N
09/19/2020,7:00,10857.8154,1252.6736,3447.3879,755.4662,10328.1895,5433.4082,2987.9121,1268.2374,36331.0903,M,Y,N
09/19/2020,8:00,11077.6904,1276.7535,3617.7729,729.548,9909.8604,5691.5781,3062.6333,1038.7883,36404.6249,A3,N,N
09/19/2020,8:00,10831.2314,1239.8065,3478.665,757.0168,10225.8701,5583.7222,3100.4912,1018.6658,36235.469,A6,N,N
09/19/2020,8:00,11345.9004,1210.83,3336.05,779.244,10539.4004,5662.9502,3067.3301,1473.63,37415.3351,E,N,N
09/19/2020,8:00,10569.2002,1292.51,3509.8501,725.397,10574.7998,5474.1299,2963.1001,1253.25,36362.2371,E1,N,N
09/19/2020,8:00,10868.2002,1262.3,3547.01,765.19,10766.7998,5632.3398,3018.97,1297.6801,37158.4899,E2,N,N
09/19/2020,8:00,10899.0996,1236.14,3377.4299,779.092,10911.0996,5622.3999,2966.95,1280.46,37072.671,E3,N,N
09/19/2020,8:00,10984.1621,1248.4755,3456.0752,762.7496,10614.9082,5625.1362,3016.5291,1299.4473,37007.4832,M,Y,N
09/19/2020,9:00,11434.375,1346.51,3620.8115,780.9333,10604.0459,5948.7607,3183.6572,1066.3674,37985.461,A3,N,N
09/19/2020,9:00,11209.9336,1310.8783,3459.584,794.5682,10874.2803,5845.4287,3199.7363,1049.1708,37743.5802,A6,N,N
09/19/2020,9:00,11676,1288.76,3341.27,813.673,11156.2002,5864.1699,3149.52,1458.3101,38747.9032,E,N,N
09/19/2020,9:00,11241.4004,1378.49,3500.53,781.851,11178.2002,5768.75,3119.8899,1253.85,38222.9615,E1,N,N
09/19/2020,9:00,11383.0996,1366.76,3550.21,785.357,11392.7002,5831.8198,3138.8401,1316.46,38765.2467,E2,N,N
09/19/2020,9:00,11368.2002,1320.85,3361.0901,841.555,11558,5878.1201,3105.6699,1265.04,38698.5253,E3,N,N
09/19/2020,9:00,11441.2959,1334.7175,3453.3101,805.4943,11249.5059,5858.2168,3136.4509,1299.9797,38578.9711,M,Y,N
09/19/2020,10:00,12340.1689,1445.1886,3672.6697,856.7777,11575.8135,6352.7944,3384.761,1108.5328,40736.7066,A3,N,N
09/19/2020,10:00,11937.7021,1411.8185,3472.3069,850.5229,11778.9424,6200.9067,3381.5442,1089.6224,40123.3661,A6,N,N
09/19/2020,10:00,12480.5,1370.3,3408.4399,893.86,12062.7998,6265.3901,3346.3999,1453.42,41281.1097,E,N,N
09/19/2020,10:00,11810.5996,1466.04,3524.4399,850.428,11748,6118.5801,3365.77,1254.98,40138.8376,E1,N,N
09/19/2020,10:00,12105.5,1447.33,3604.1799,884.427,12009.4004,6224.9199,3360.95,1291.6801,40928.3873,E2,N,N
09/19/2020,10:00,12172.9004,1451.37,3424.79,888.239,12193.0996,6294.6201,3361.7,1286.62,41073.3391,E3,N,N
09/19/2020,10:00,12208.5703,1431.1536,3508.9912,880.0322,11981.8027,6255.1543,3361.0789,1303.3691,40930.1523,M,Y,N
09/19/2020,11:00,13350.5186,1566.6553,3751.4543,919.2435,12527.9688,6734.1523,3614.7588,1164.4133,43629.1649,A3,N,N
09/19/2020,11:00,13125.3604,1548.3983,3516.5259,901.2498,12630.8242,6556.9346,3587.886,1149.3093,43016.4885,A6,N,N
09/19/2020,11:00,13455.7002,1463.21,3515.6599,948.97,13129.5,6712.6201,3620.1799,1533.53,44379.3701,E,N,N
09/19/2020,11:00,12707.5996,1608.24,3602.6799,913.261,12773.0996,6549.23,3627.6299,1315.5601,43097.3001,E1,N,N
09/19/2020,11:00,12868.5996,1581.34,3655.8101,935.681,13023.0996,6616.8101,3593.51,1373.63,43648.4804,E2,N,N
09/19/2020,11:00,13032.2002,1550.98,3556.5601,951.375,13073.2998,6746.5298,3620.97,1366.14,43898.0549,E3,N,N
09/19/2020,11:00,13096.3896,1545.7444,3601.2744,938.0696,12969.1084,6679.4126,3613.9636,1378.3218,43822.2844,M,Y,N
09/19/2020,12:00,14388.916,1709.7117,3821.4331,969.2743,13420.1162,7074.2407,3824.9768,1199.2916,46407.9604,A3,N,N
09/19/2020,12:00,14095.4023,1703.9691,3560.6104,942.3259,13479.7539,6879.1699,3783.3037,1182.6283,45627.1635,A6,N,N
09/19/2020,12:00,14270.5,1600.65,3594.21,993.427,14237.4004,7226.1602,3870.8601,1600.03,47393.2377,E,N,N
09/19/2020,12:00,13699.5,1722.76,3634.23,968.593,13722.5,7048.4702,3900.04,1386.33,46082.4232,E1,N,N
09/19/2020,12:00,13889.7002,1705.26,3684.99,994.85,13541,7114.8799,3892.8301,1424.13,46247.6402,E2,N,N
09/19/2020,12:00,13887.5,1693.8,3625.5601,996.372,13603.2002,7187.0498,3892.6299,1402.28,46288.392,E3,N,N
09/19/2020,12:00,14022.9766,1678.9863,3658.1479,988.3957,13738.2275,7147.3613,3879.7073,1429.8127,46543.6153,M,Y,N
09/19/2020,13:00,15147.6406,1846.6935,3873.3958,1020.2284,14257.5723,7430.9214,4075.2271,1240.302,48891.9811,A3,N,N
09/19/2020,13:00,14995.1572,1834.0522,3618.0542,986.8112,14136.832,7196.1099,4053.3525,1226.5709,48046.9401,A6,N,N
09/19/2020,13:00,15044.2002,1738.65,3667.1201,1029.54,15411.9004,7783.7002,4143.4502,1653.59,50472.1511,E,N,N
09/19/2020,13:00,14644.5996,1849.85,3682.0601,1003.67,14287.9004,7524.0498,4209.9302,1449.5601,48651.6202,E1,N,N
09/19/2020,13:00,14844.5996,1833.86,3750.1001,1032.92,14536.9004,7508.0801,4179.71,1536.73,49222.9002,E2,N,N
09/19/2020,13:00,14784.5996,1859.1801,3664.21,1018.76,14537.2002,7580.1899,4183.02,1494.38,49121.5398,E3,N,N
09/19/2020,13:00,14892.3809,1819.9905,3714.7893,1023.2923,14689.6846,7587.3638,4162.1895,1507.4077,49397.0986,M,Y,N
09/19/2020,14:00,15947.2422,1939.7672,3935.4165,1065.3837,14862.3174,7821.1841,4349.2603,1275.6627,51196.2341,A3,N,N
09/19/2020,14:00,15866.4443,1949.2159,3687.186,1017.5967,14588.0293,7555.1772,4343.626,1266.198,50273.4734,A6,N,N
09/19/2020,14:00,15901.7998,1843.9399,3736.53,1075.21,16253.9004,8317.3496,4422.4902,1681.77,53232.9899,E,N,N
09/19/2020,14:00,15561,1945.1,3755.1599,1038.37,14711.4004,7881.0801,4390.54,1503.42,50786.0704,E1,N,N
09/19/2020,14:00,15659,1916.9,3839.55,1066.84,15159.2998,7894.2402,4367.3999,1564.4399,51467.6698,E2,N,N
09/19/2020,14:00,15488.4004,1908.16,3741.5701,1066.58,15191.4004,8079.3101,4366,1541.53,51382.951,E3,N,N
09/19/2020,14:00,15700.8301,1902.8584,3790.7346,1065.1267,15347.8652,8035.5083,4381.4478,1544.3203,51768.6914,M,Y,N
09/19/2020,15:00,16092.3271,2024.6984,3985.8403,1103.6876,15477.0645,8125.2402,4466.2651,1303.5446,52578.6678,A3,N,N
09/19/2020,15:00,16166.2744,2019.4381,3768.6953,1050.3313,15108.3926,7829.6753,4530.3433,1265.4172,51738.5675,A6,N,N
09/19/2020,15:00,16337.2002,1911.3101,3804.23,1124.96,16942.9004,8651.3896,4568.71,1778.09,55118.7903,E,N,N
09/19/2020,15:00,15982,2020.36,3803.1499,1078.8,15371.2998,8302.2002,4499.2402,1581.1899,52638.24,E1,N,N
09/19/2020,15:00,16032.5,1987.34,3838.26,1090.91,15701.5996,8301.7402,4498.5298,1644.9,53095.7796,E2,N,N
09/19/2020,15:00,15851.5996,1991.46,3803.79,1118.79,15696.4004,8518.1504,4483.4199,1619.72,53083.3303,E3,N,N
09/19/2020,15:00,16064.6152,1978.1598,3835.1938,1106.476,15941.2715,8421.25,4508.353,1621.2693,53476.5886,M,Y,N
09/19/2020,16:00,15851.8799,2024.3584,4014.718,1139.5583,15930.5166,8470.6621,4629.1855,1353.4601,53414.3389,A3,N,N
09/19/2020,16:00,16055.2061,2101.1108,3848.0229,1090.5043,15564.8438,8333.6787,4713.5337,1343.8572,53050.7575,A6,N,N
09/19/2020,16:00,16549.4004,1953.04,3882.7,1170.3,17232.3008,8840.5,4660.4399,1764.3,56052.9811,E,N,N
09/19/2020,16:00,16281.4004,2045.97,3838.28,1108.87,15769.2998,8454.5596,4614.0801,1629.38,53741.8399,E1,N,N
09/19/2020,16:00,16241.2002,2012.16,3903.28,1126.0601,16136.2002,8490.1602,4569.1299,1635.13,54113.3206,E2,N,N
09/19/2020,16:00,15991.7998,2013.25,3899.3799,1181.92,16339.0996,8615.3799,4566.4902,1656.34,54263.6594,E3,N,N
09/19/2020,16:00,16212.2598,2003.4036,3902.9648,1150.6235,16389.377,8602.1631,4604.4229,1636.7975,54502.0122,M,Y,N
09/19/2020,17:00,16544.8848,2052.2502,4039.3662,1171.0748,16239.7139,8723.5693,4658.0732,1388.5392,54817.4716,A3,N,N
09/19/2020,17:00,16758.6621,2131.7632,3935.1536,1135.4943,15912.916,8531.6768,4824.0254,1403.1138,54632.8052,A6,N,N
09/19/2020,17:00,16696.9004,1971.63,3926.6001,1198.27,17272.0996,9000.8301,4645.6299,1774.42,56486.3801,E,N,N
09/19/2020,17:00,16423.6992,2065.8701,3876.47,1134.45,16251,8675.4404,4592.6099,1654.9399,54674.4795,E1,N,N
09/19/2020,17:00,16225.2002,2049.95,3908.73,1182.71,16292.9004,8608.9004,4518.8599,1728.3101,54515.561,E2,N,N
09/19/2020,17:00,16260.5996,2090.74,3915.77,1227.65,16904.5996,8695.8896,4584,1665.3101,55344.5589,E3,N,N
09/19/2020,17:00,16416.748,2042.845,3927.2544,1190.348,16678.7402,8751.2813,4593.458,1672.4449,55273.1198,M,Y,N
09/19/2020,18:00,16137.2441,2035.7209,4055.46,1178.7677,16350.9043,8698.5938,4629.0283,1421.4801,54507.1992,A3,N,N
09/19/2020,18:00,16421.6484,2081.303,4052.2056,1144.8104,16130.6543,8653.3018,4783.2021,1460.6776,54727.8032,A6,N,N
09/19/2020,18:00,16424.8008,1954.73,3928.1201,1195.58,16863.6992,8944.3701,4590.9199,1820.58,55722.8001,E,N,N
09/19/2020,18:00,16103.5996,2041.78,3880.1599,1145.1801,16150.4004,8673.5,4559.1699,1668.4399,54222.2298,E1,N,N
09/19/2020,18:00,15840.7002,2016.65,3892.48,1166.96,16327.2002,8602.5498,4433.73,1752.45,54032.7202,E2,N,N
09/19/2020,18:00,15706.5996,2085.4299,3920.3201,1186.03,16583.9004,8690.3896,4498.6401,1672.65,54343.9597,E3,N,N
09/19/2020,18:00,16023.1309,2023.8901,3927.1826,1177.636,16506.3633,8730.8398,4529.3477,1697.66,54616.0504,M,Y,N
09/19/2020,19:00,15885.7061,1970.4205,4046.2261,1123.9326,15773.8262,8574.082,4477.8169,1410.7671,53262.7775,A3,N,N
09/19/2020,19:00,16057.8438,2017.3265,4088.7012,1097.9282,15797.8887,8548.5254,4657.7632,1468.0054,53733.9824,A6,N,N
09/19/2020,19:00,15950.4004,1909.79,3876.8201,1136.85,16223.4004,8685.4297,4419.79,1851.65,54054.1306,E,N,N
09/19/2020,19:00,15593.5,1968.05,3866.26,1075.97,15858.7998,8525.04,4415.2598,1659.24,52962.1196,E1,N,N
09/19/2020,19:00,15392.4004,1958.92,3874.25,1094.49,15977.2002,8464.96,4360.3101,1723.74,52846.2707,E2,N,N
09/19/2020,19:00,15326,2003.11,3887.01,1122.64,16089.9004,8537.5996,4366.8101,1698.6801,53031.7502,E3,N,N
09/19/2020,19:00,15602.1016,1960.2638,3898.5806,1113.4828,16026.7031,8559.3867,4398.3623,1702.2684,53261.1493,M,Y,N
09/19/2020,20:00,15470.1982,1899.6128,4031.4312,1075.9219,15004.7139,8339.4834,4348.522,1380.7057,51550.5891,A3,N,N
09/19/2020,20:00,15664.6592,1945.0471,4062.7891,1048.4214,15101.4941,8323.0801,4517.4961,1470.0681,52133.0552,A6,N,N
09/19/2020,20:00,15486.9004,1858.23,3801.47,1076.72,15592.4004,8367.1201,4263.1201,1749.97,52195.931,E,N,N
09/19/2020,20:00,15213.5,1937.65,3857.3799,1028.11,15415.5,8289.8398,4324.54,1628.95,51695.4697,E1,N,N
09/19/2020,20:00,15227.9004,1906.84,3839.5901,1064.42,15482.5996,8218.3799,4214.3599,1688.5699,51642.6598,E2,N,N
09/19/2020,20:00,14978.9004,1903.3199,3843.49,1069.33,15412.7998,8163.9199,4219.2998,1645.26,51236.3198,E3,N,N
09/19/2020,20:00,15258.8867,1896.7552,3857.239,1065.6215,15424.4775,8266.0195,4258.3271,1647.157,51674.4835,M,Y,N
09/19/2020,21:00,15402.1621,1870.6378,4013.9937,1076.6333,14685.0664,8185.6548,4343.4829,1379.798,50957.429,A3,N,N
09/19/2020,21:00,15510.2656,1886.1982,4056.189,1040.7247,14780.3516,8114.9468,4479.5752,1463.7291,51331.9802,A6,N,N
09/19/2020,21:00,15038.2998,1810.4301,3770.48,1063.96,15176.2998,8046.8101,4184.2998,1747.39,50837.9696,E,N,N
09/19/2020,21:00,14867.5,1881.1801,3803.02,1024.1,14989.2998,8095.2002,4246.96,1609.34,50516.6001,E1,N,N
09/19/2020,21:00,14772.7998,1880.54,3832.73,1067.75,15107.5,8037.5698,4178.0601,1672.35,50549.2997,E2,N,N
09/19/2020,21:00,14400.7998,1879.4,3832.1899,1067.87,14973.9004,7954.7598,4137.6899,1602.92,49849.5298,E3,N,N
09/19/2020,21:00,14836.6826,1861.5697,3835.9766,1062.4867,15023.7207,8044.8921,4198.8179,1629.3073,50493.4536,M,Y,N
09/19/2020,22:00,14726.3242,1770.4916,3944.6819,1030.4099,14017.1113,7865.7495,4140.9038,1328.1725,48823.8447,A3,N,N
09/19/2020,22:00,14738.4873,1760.6257,3999.9758,998.394,14090.665,7808.4932,4292.0342,1402.6127,49091.2879,A6,N,N
09/19/2020,22:00,14539.9004,1715.23,3718.4199,1023.34,14482.0996,7638.6401,4018.9299,1660.52,48797.0799,E,N,N
09/19/2020,22:00,14066.5,1767.77,3740.6599,974.931,14240.0996,7602,3996.99,1572.8,47961.7505,E1,N,N
09/19/2020,22:00,14046.7998,1758.45,3761.9399,993.745,14167.9004,7524.6499,3967.6101,1633.87,47854.9651,E2,N,N
09/19/2020,22:00,13924.5996,1746.1801,3767.98,1002.35,14175.5,7460.7202,3971.99,1534.55,47583.8699,E3,N,N
09/19/2020,22:00,14226.9277,1747.2477,3772.7529,1005.5264,14238.5273,7589.4712,4006.8694,1569.8567,48157.1793,M,Y,N
09/19/2020,23:00,13922.3232,1667.9032,3859.2961,962.6929,12808.8477,7344.6201,3905.9973,1267.293,45738.9735,A3,N,N
09/19/2020,23:00,13855.8281,1656.8104,3860.417,939.1511,12936.2832,7276.7275,4040.1355,1318.1852,45883.538,A6,N,N
09/19/2020,23:00,13843.7002,1608.58,3649.6299,963.66,13607.7998,7098.98,3817.3501,1660.74,46250.44,E,N,N
09/19/2020,23:00,13214.4004,1656.21,3697.8,938.913,13349.7002,7044.9502,3777.1499,1530.0601,45209.1838,E1,N,N
09/19/2020,23:00,13157.5,1637.59,3706.9299,933.501,13312.2002,7019.6899,3727.4199,1575.45,45070.2809,E2,N,N
09/19/2020,23:00,13146.7998,1634.62,3700.8601,962.758,13401.7002,7074.77,3730.95,1493.03,45145.4881,E3,N,N
09/19/2020,23:00,13429.0908,1635.7117,3708.9919,952.6805,13350.2432,7097.0562,3779.3235,1531.9741,45485.0719,M,Y,N
09/19/2020,24:00,13113.4141,1524.0339,3780.813,886.8917,11733.2695,6721.1914,3639.7866,1199.8079,42599.2081,A3,N,N
09/19/2020,24:00,12952.2666,1498.3611,3745.2896,868.3236,11857.3486,6622.5557,3773.7505,1214.0718,42531.9675,A6,N,N
09/19/2020,24:00,13081.5,1477.63,3553.3601,900.403,12574.4004,6569.1401,3598.5601,1587.62,43342.6137,E,N,N
09/19/2020,24:00,12363.2002,1519.63,3638.51,864.739,12181.5996,6500.8599,3551.4299,1471.26,42091.2286,E1,N,N
09/19/2020,24:00,12386.4004,1511.09,3670.1399,878.321,12363.7998,6482.02,3499.3501,1491.03,42282.1512,E2,N,N
09/19/2020,24:00,12408.7002,1511.84,3591.3301,889.695,12419,6572.4199,3492.4399,1421.4399,42306.865,E3,N,N
09/19/2020,24:00,12653.7266,1505.5979,3631.1228,886.0586,12328.6592,6558.6514,3546.4893,1458.9059,42569.2117,M,Y,N
