DeliveryDate,HourEnding,Coast,East,FarWest,North,NorthCentral,SouthCentral,Southern,West,SystemTotal,Model,InUseFlag,DSTFlag
01/01/2020,1:00,9172.0889,1373.1798,3741.123,886.1691,12556.0059,5152.2612,2608.7043,1197.6229,36687.1551,A3,N,N
01/01/2020,1:00,9632.8438,1536.5126,3726.9231,926.3055,12622.5283,5104.8589,2644.0825,1250.4503,37444.505,A6,N,N
01/01/2020,1:00,9417.2402,1428.58,3567.8799,924.564,11502.2002,5501.1001,2605.52,1439.95,36387.0344,E,N,N
01/01/2020,1:00,9403.2998,1452.8199,3876.8999,926.796,11537.7998,5498.23,2596.8,1377.88,36670.5254,E1,N,N
01/01/2020,1:00,9417.3604,1447.52,3567.8601,924.564,11502.0996,5501.1001,2605.47,1420.15,36386.1242,E2,N,N
01/01/2020,1:00,9413.7598,1452.23,3876.8999,907.729,11523.9004,5502.6099,2600.5901,1382.25,36659.9691,E3,Y,N
01/01/2020,1:00,9354.4639,1436.9525,3765.7476,916.9143,11641.0234,5466.7681,2602.0332,1377.0968,36560.9998,M,N,N
01/01/2020,2:00,9080.0361,1424.3467,3613.7168,907.076,11237.5977,5326.5103,2517.8594,1380.5094,35487.6524,A3,N,N
01/01/2020,2:00,9064.4424,1410.4591,3613.3989,908.8946,11359.3096,5336.3965,2477.9971,1367.1747,35538.0729,A6,N,N
01/01/2020,2:00,9325.8799,1429.23,3628.5901,923.999,11576.7002,5412.21,2634.0801,1427.16,36357.8493,E,N,N
01/01/2020,2:00,9394.0596,1471.8101,3735.2,916.599,11795.5,5475.75,2645.3,1491.67,36925.8887,E1,N,N
01/01/2020,2:00,9325.7598,1439.9,3628.4399,923.999,11576.7002,5412.21,2633.55,1436.3,36376.8589,E2,N,N
01/01/2020,2:00,9387.8096,1464.5601,3735.1899,928.347,11804,5472.52,2637.3999,1497.77,36927.5965,E3,Y,N
01/01/2020,2:00,9310.6348,1452.4026,3677.3721,921.1206,11645.2793,5434.3345,2610.2185,1457.7953,36509.1577,M,N,N
01/01/2020,3:00,9145.2432,1439.887,3640.0544,923.5666,11287.5547,5236.4097,2518.5825,1386.1038,35577.4019,A3,N,N
01/01/2020,3:00,9087.5869,1440.6545,3672.0605,930.3021,11332.0166,5131.417,2510.406,1366.0989,35470.5425,A6,N,N
01/01/2020,3:00,9211.0801,1438.48,3613.1201,922.65,11421.0996,5321.1001,2564.03,1425.72,35917.2799,E,N,N
01/01/2020,3:00,9258.8398,1462.89,3685.3799,923.715,11474.7998,5380.7998,2520.5801,1426.4399,36133.4443,E1,N,N
01/01/2020,3:00,9211.1299,1453.64,3612.8501,922.65,11421.2998,5321.1001,2562.99,1421.96,35927.6199,E2,N,N
01/01/2020,3:00,9270.3701,1471.0601,3685.3799,933.597,11602.2002,5388.8701,2541.3201,1436.86,36329.6575,E3,Y,N
01/01/2020,3:00,9222.7441,1457.6506,3656.4961,925.3829,11484.1865,5346.6006,2537.114,1424.151,36054.3258,M,N,N
01/01/2020,4:00,9064.8652,1485.9087,3600.7803,908.7449,11232.6768,5155.6484,2476.4302,1460.2875,35385.342,A3,N,N
01/01/2020,4:00,8949.79,1438.6394,3627.1777,911.4266,11212.4297,5138.6421,2459.7576,1433.9548,35171.8179,A6,N,N
01/01/2020,4:00,9138.5498,1449.46,3584.72,928.803,11448,5206.21,2498.5,1466.9301,35721.1729,E,N,N
01/01/2020,4:00,9073.9297,1449.45,3595.76,930.779,11297,5211.27,2486.0701,1554.11,35598.3688,E1,N,N
01/01/2020,4:00,9138.5303,1449.73,3584.99,928.803,11447.9004,5206.21,2498.9099,1471.7,35726.7736,E2,N,N
01/01/2020,4:00,9115.9199,1456.99,3595.77,937.469,11372.4004,5248.23,2490.05,1527.9301,35744.7594,E3,Y,N
01/01/2020,4:00,9099.3906,1453.6372,3594.6587,928.9562,11382.3047,5211.6597,2488.7568,1505.3495,35664.7134,M,N,N
01/01/2020,5:00,8982.9785,1423.8519,3630.3691,916.6763,11445.4639,5194.5894,2474.5637,1409.2523,35477.7451,A3,N,N
01/01/2020,5:00,9006.9453,1458.1393,3648.2751,927.2349,11247.2275,5254.6641,2450.5103,1403.9117,35396.9082,A6,N,N
01/01/2020,5:00,9150.9404,1466.9301,3691.8401,922.431,11527.2998,5257.8101,2472.4299,1384.33,35874.0114,E,N,N
01/01/2020,5:00,9119.4697,1449.11,3638.72,926.917,11617.0996,5286.9102,2451.47,1312.5,35802.1965,E1,N,N
01/01/2020,5:00,9150.9199,1464.1801,3692.26,922.431,11527.5996,5257.8101,2470.49,1384.9399,35870.6306,E2,N,N
01/01/2020,5:00,9112.1904,1453.73,3638.73,933.833,11537.7002,5261.1201,2443.04,1372.38,35752.7237,E3,Y,N
01/01/2020,5:00,9108.9648,1455.4854,3649.4224,925.6837,11557.5078,5259.8525,2458.449,1367.6687,35783.0343,M,N,N
01/01/2020,6:00,9120.7773,1465.0348,3644.9629,941.3953,11807.957,5330.5444,2453.1106,1401.6372,36165.4195,A3,N,N
01/01/2020,6:00,9030.2656,1463.4762,3668.9197,943.0358,11727.5996,5329.9063,2420.1094,1402.8759,35986.1885,A6,N,N
01/01/2020,6:00,9288.6104,1454.14,3680.24,943.172,11884.0996,5403.5801,2472.04,1393.5699,36519.452,E,N,N
01/01/2020,6:00,9232.8604,1444.52,3678.0801,936.661,11856.0996,5444.8398,2467.9399,1404.33,36465.3308,E1,N,N
01/01/2020,6:00,9288.54,1472.62,3680.3799,943.172,11884.2002,5403.5801,2471.5901,1401.4399,36545.5222,E2,N,N
01/01/2020,6:00,9236.3604,1459.85,3678.0801,939.369,11839.2002,5419.2002,2465.3301,1392.63,36430.02,E3,Y,N
01/01/2020,6:00,9214.874,1456.1489,3671.8208,939.5779,11880.1465,5406.7832,2465.804,1399.1145,36434.2698,M,N,N
01/01/2020,7:00,9302.0195,1496.0173,3695.7852,929.91,11885.2461,5399.2046,2461.3579,1385.4785,36555.0191,A3,N,N
01/01/2020,7:00,9236.1445,1481.1188,3692.6736,923.2213,11649.2197,5417.7476,2413.6672,1358.6169,36172.4096,A6,N,N
01/01/2020,7:00,9445.96,1476.86,3716.73,967.483,12217.7002,5594.9399,2537.52,1395.04,37352.2331,E,N,N
01/01/2020,7:00,9320.6904,1526.4,3701.6599,951.425,11909.7998,5473.2598,2519.5701,1386.12,36788.925,E1,N,N
01/01/2020,7:00,9446.1602,1531.98,3716.6399,967.483,12217.5,5594.9399,2537.6799,1394.6801,37407.063,E2,N,N
01/01/2020,7:00,9322.4199,1513.26,3701.6599,962.562,11994.7002,5522.71,2508.6899,1378.8,36904.8019,E3,Y,N
01/01/2020,7:00,9356.4248,1511.1135,3704.481,959.9718,12070.415,5531.4463,2508.7651,1388.2246,37030.8421,M,N,N
01/01/2020,8:00,9352.5566,1585.4884,3727.5649,976.73,12075.5391,5713.0659,2530.8911,1409.2666,37371.1026,A3,N,N
01/01/2020,8:00,9388.1855,1566.7484,3722.5847,971.1994,11717.9219,5635.5137,2495.0217,1395.2657,36892.441,A6,N,N
01/01/2020,8:00,9356.6201,1536.05,3711.28,957.038,12207.9004,5636.1201,2486.4099,1415.45,37306.8685,E,N,N
01/01/2020,8:00,9353.3301,1530.9301,3760.0801,953.436,12231.5996,5674.4502,2474.03,1400.5,37378.3561,E1,N,N
01/01/2020,8:00,9356.4199,1505.0601,3711.96,957.038,12207.7998,5636.1201,2506.98,1422.03,37303.4079,E2,N,N
01/01/2020,8:00,9348.0498,1523.73,3760.0801,949.53,12160,5651.3198,2490.74,1403.02,37286.4697,E3,Y,N
01/01/2020,8:00,9362.748,1534.1263,3739.9546,956.3012,12194.5088,5661.8862,2498.3577,1411.1212,37359.004,M,N,N
01/01/2020,9:00,9653.1045,1558.6516,3720.896,997.3952,12564.1357,5815.1108,2589.9946,1381.3929,38280.6813,A3,N,N
01/01/2020,9:00,9546.5117,1584.7345,3706.4255,990.6682,12272.1309,5663.5713,2576.8992,1382.0424,37722.9837,A6,N,N
01/01/2020,9:00,9479.4297,1569.41,3694.5701,994.512,12290.7002,5705.1899,2588.1599,1434.95,37756.9218,E,N,N
01/01/2020,9:00,9500.9102,1550.58,3747.03,1022.39,12238.2002,5746.0601,2635.5801,1473.8199,37914.5705,E1,N,N
01/01/2020,9:00,9479.5596,1529.59,3694.4299,994.512,12290,5705.1899,2585.78,1438.49,37717.5514,E2,N,N
01/01/2020,9:00,9491.4404,1542.34,3747.03,994.049,12236.0996,5756.6201,2592.7,1441.45,37801.7291,E3,Y,N
01/01/2020,9:00,9532.2568,1549.5625,3726.9978,1001.2876,12293.3301,5744.8379,2601.762,1440.9243,37890.959,M,N,N
01/01/2020,10:00,9703.8604,1503.3004,3657.0049,1020.9043,12626.292,5945.0186,2676.9651,1411.3127,38544.6584,A3,N,N
01/01/2020,10:00,9697.0801,1550.0771,3623.4561,1025.4401,12530.2568,5954.6265,2734.3284,1410.6869,38525.952,A6,N,N
01/01/2020,10:00,9623.5703,1555.23,3703.9399,1024.21,12605.7002,5947.02,2687.0601,1488.3199,38635.0504,E,N,N
01/01/2020,10:00,9558.5801,1557.9,3742.79,1019.11,12596.7998,6023.1699,2672.1699,1531.55,38702.0697,E1,N,N
01/01/2020,10:00,9623.3896,1551.03,3703.79,1024.21,12606.7002,5947.02,2695.0801,1474.55,38625.7699,E2,N,N
01/01/2020,10:00,9593.5098,1552.6899,3742.8,1028.41,12601.9004,6015.1201,2697.9399,1515.6801,38748.0502,E3,Y,N
01/01/2020,10:00,9620.5703,1542.7854,3712.72,1023.104,12595.9434,5977.9072,2682.4185,1493.0032,38648.452,M,N,N
01/01/2020,11:00,9847.9531,1519.0885,3678.9138,981.752,12665.6006,5997.3198,2806.324,1469.5968,38966.5486,A3,N,N
01/01/2020,11:00,9983.1855,1539.7528,3659.0591,978.9698,12554.2695,6027.3843,2847.7957,1469.4875,39059.9042,A6,N,N
01/01/2020,11:00,9896.2305,1575.54,3715.6799,1019.98,12911.5996,6086.1299,2780.5,1528.71,39514.3699,E,N,N
01/01/2020,11:00,10126.2002,1536.27,3737.29,965.281,12872.7002,6063.7598,2816.48,1552.59,39670.5712,E1,N,N
01/01/2020,11:00,9896.2803,1555.3101,3715.98,1019.98,12911.0996,6086.1299,2772.1001,1520.05,39476.93,E2,N,N
01/01/2020,11:00,10046.7998,1534.8199,3737.3,1000.14,12799.0996,6097.1001,2840.1001,1557.96,39613.3195,E3,Y,N
01/01/2020,11:00,9970.5479,1531.1932,3718.1472,996.5668,12817.9531,6067.9458,2800.5161,1531.4304,39434.3005,M,N,N
01/01/2020,12:00,9968.0225,1558.1371,3658.4131,1010.558,12595.5693,6118.8511,2851.0051,1423.3884,39183.9446,A3,N,N
01/01/2020,12:00,10089.917,1579.0298,3648.6348,1001.3757,12752.4619,5992.9907,2855.7837,1423.4554,39343.649,A6,N,N
01/01/2020,12:00,10185.0996,1548.04,3694.24,1027.92,13115,6281.4502,2894.4299,1558.7,40304.8797,E,N,N
01/01/2020,12:00,10219.4004,1587.89,3728.95,1020.33,13381.0996,6312.8501,2823.6599,1518.5699,40592.7499,E1,N,N
01/01/2020,12:00,10185.2002,1550.03,3694.1001,1027.92,13115.4004,6281.4502,2881.8101,1540.3101,40276.2211,E2,N,N
01/01/2020,12:00,10281.7998,1559.79,3728.95,1008.95,13312.9004,6267.96,2849.8101,1534.86,40545.0203,E3,Y,N
01/01/2020,12:00,10161.2646,1541.5879,3703.6235,1017.8328,13159.3496,6260.1289,2844.3989,1519.8912,40208.0774,M,N,N
01/01/2020,13:00,10040.9287,1519.3816,3629.832,978.2237,12639.0527,6118.3462,2870.0833,1495.9475,39291.7957,A3,N,N
01/01/2020,13:00,10034.2949,1492.3304,3630.5493,989.5287,12631.0693,6061.5063,2880.4861,1512.3696,39232.1346,A6,N,N
01/01/2020,13:00,10186.0996,1549.17,3646.5801,987.469,12992.9004,6176.6499,2850.9299,1559.39,39949.1889,E,N,N
01/01/2020,13:00,10266.0996,1560.9,3706.78,985.827,12794.0996,6201.6099,2917.0801,1593.6,40025.9962,E1,N,N
01/01/2020,13:00,10186,1579.12,3646.23,987.469,12992.0996,6176.6499,2854.2,1558.71,39980.4785,E2,N,N
01/01/2020,13:00,10325.5996,1549.7,3706.78,982.285,12932.7998,6225.3701,2882.73,1567.97,40173.2345,E3,Y,N
01/01/2020,13:00,10198.6289,1542.3901,3673.4941,983.3314,12870.6611,6187.1914,2879.1304,1560.6931,39895.5205,M,N,N
01/01/2020,14:00,10047.6768,1458.6526,3620.0806,937.9702,12369.3613,6234.9951,2887.6648,1497.271,39053.6724,A3,N,N
01/01/2020,14:00,10023.46,1507.2762,3611.2454,949.5017,12250.1055,6154.6699,2901.437,1464.0975,38861.7932,A6,N,N
01/01/2020,14:00,10137.4004,1510.79,3599.79,982.451,12635.2998,6268.6299,2897,1561.6899,39593.051,E,N,N
01/01/2020,14:00,10040.4004,1525.01,3655.95,998.363,12639,6401.9302,2979.1201,1576.96,39816.7337,E1,N,N
01/01/2020,14:00,10137.2998,1492.02,3599.77,982.451,12635.0996,6268.6299,2899.1399,1554.21,39568.6202,E2,N,N
01/01/2020,14:00,10040,1549.4399,3655.9399,981.183,12588.4004,6369.7598,2957.9399,1585.9,39728.5629,E3,Y,N
01/01/2020,14:00,10068.1035,1508.6268,3633.0259,979.4011,12585.3066,6317.7993,2927.2739,1560.5458,39580.0829,M,N,N
01/01/2020,15:00,10034.6973,1447.7212,3552.8269,916.2454,12213.0645,6177.1934,2875.1995,1513.1772,38730.1254,A3,N,N
01/01/2020,15:00,10043.5225,1467.1902,3548.6938,927.122,12136.5273,6079.2471,2891.2983,1526.4121,38620.0133,A6,N,N
01/01/2020,15:00,10075.2998,1486.38,3610.1399,955.431,12246.9004,6138.9902,2880.25,1563.6899,38957.0812,E,N,N
01/01/2020,15:00,10126.7002,1482.45,3618.0801,956.691,12676.0996,6205.04,2865.1299,1544.21,39474.4008,E1,N,N
01/01/2020,15:00,10075.2998,1492.12,3609.6499,955.431,12247.2998,6138.9902,2880.5701,1548.4301,38947.7909,E2,N,N
01/01/2020,15:00,10060.2998,1496.5601,3618.0601,965.504,12578.7998,6252.6499,2907.1799,1567.52,39446.5736,E3,Y,N
01/01/2020,15:00,10074.249,1478.9952,3599.7153,953.3661,12433.0459,6188.6929,2881.9797,1549.6484,39159.6925,M,N,N
01/01/2020,16:00,9843.0283,1405.5131,3496.4568,876.3237,11749.8477,6066.1274,2830.4822,1472.2073,37739.9865,A3,N,N
01/01/2020,16:00,9819.9268,1448.1395,3491.9153,890.6389,11553.793,5939.5454,2867.5488,1473.0663,37484.574,A6,N,N
01/01/2020,16:00,9978.6504,1491.24,3599.6299,944.705,12054.5,6123.3301,2830.1899,1588.13,38610.3753,E,N,N
01/01/2020,16:00,10113.2002,1448.54,3499.46,939.976,12225.7002,6182.0898,2833.48,1472.08,38714.5262,E1,N,N
01/01/2020,16:00,9978.7402,1486.21,3599.49,944.705,12054.7998,6123.3301,2834.6799,1572.58,38594.535,E2,N,N
01/01/2020,16:00,10096.7998,1462.12,3604.53,958.367,12195.5,6246.73,2894.29,1500.48,38958.8168,E3,Y,N
01/01/2020,16:00,10007.9316,1451.2246,3550.0017,938.3906,12094.5439,6161.7197,2847.6719,1518.8271,38570.3111,M,N,N
01/01/2020,17:00,9736.3965,1355.9978,3488.4397,839.0574,11673.2432,6006.707,2800.8262,1472.7179,37373.3857,A3,N,N
01/01/2020,17:00,9701.416,1461.5791,3477.4807,855.8628,11469.0791,5850.3618,2870.0273,1472.4493,37158.2561,A6,N,N
01/01/2020,17:00,10038.0996,1538.95,3596.3401,918.44,12180,6222.98,2841.6299,1643.46,38979.8996,E,N,N
01/01/2020,17:00,10127.9004,1461.74,3337.95,924.955,12000.9004,6257.98,2886.5901,1384.99,38383.0059,E1,N,N
01/01/2020,17:00,10114.5996,1497.42,3594.3899,918.44,12239.2002,6222.98,2840.05,1628.9301,39056.0098,E2,N,N
01/01/2020,17:00,10117.5,1461.86,3580.6001,955.107,12052.4004,6292.1299,2934.1101,1421.99,38815.6975,E3,Y,N
01/01/2020,17:00,10014.5371,1449.4457,3500.5889,919.3126,12054.7813,6221.9834,2865.5918,1498.4998,38524.7406,M,N,N
01/01/2020,18:00,10097.5771,1428.1871,3532.7285,836.5245,12295.0527,6187.2437,2841.0994,1416.2598,38634.6728,A3,N,N
01/01/2020,18:00,10077.9326,1534.9563,3531.6892,851.8472,12013.2217,6045.3882,2937.6265,1442.3335,38434.9952,A6,N,N
01/01/2020,18:00,10136.2002,1552.4301,3454.9299,981.41,12750,6302.3999,2892.05,1524.12,39593.5401,E,N,N
01/01/2020,18:00,10382.2002,1485.17,3217.74,921.529,12358.0996,6373.3101,2966.01,1319.38,39023.4389,E1,N,N
01/01/2020,18:00,10667.7998,1588.4399,3351.3701,945.948,12975,6536.7598,2961.6001,1431.17,40458.0877,E2,N,N
01/01/2020,18:00,10283.4004,1531.45,3639.24,1008.8,12483.5996,6481.3101,3012.04,1304.5,39744.3401,E3,Y,N
01/01/2020,18:00,10291.2949,1503.8105,3448.2148,946.3111,12584.8066,6409.0503,2936.4937,1381.3099,39501.2918,M,N,N
01/01/2020,19:00,10542.2783,1494.1624,3648.5154,868.0627,12830.8096,6562.6895,3010.9143,1446.6531,40404.0853,A3,N,N
01/01/2020,19:00,10489.999,1615.5294,3691.3157,884.1862,12462.3037,6405.0342,3100.5903,1406.552,40055.5105,A6,N,N
01/01/2020,19:00,10047.5,1516.51,3227.8,1090.58,13004.5996,6180.0801,2950.79,1347.4,39365.2597,E,N,N
01/01/2020,19:00,10639.5,1556.79,3182.28,973.341,12793.2998,6626.8701,3115.5601,1299.6,40187.241,E1,N,N
01/01/2020,19:00,10895.5,1659.09,3159.6799,986.049,13367.2002,6815.3999,3169.01,1291.5601,41343.4891,E2,N,N
01/01/2020,19:00,10509.7998,1600.26,3620.97,1067.87,12961.0996,6866.2998,3220.3899,1349.9399,41196.629,E3,Y,N
01/01/2020,19:00,10540.7695,1559.7532,3411.3762,1001.6454,13009.8262,6669.9883,3101.6912,1334.5316,40629.5816,M,N,N
01/01/2020,20:00,10399.2021,1470.7251,3683.3936,872.0698,12624.7646,6476.9878,2983.5876,1433.2175,39943.9481,A3,N,N
01/01/2020,20:00,10331.8232,1570.355,3742.1582,882.7755,12224.7988,6205.4048,3041.489,1341.842,39340.6465,A6,N,N
01/01/2020,20:00,9885.9902,1491.78,3149.21,1068.12,12749.7998,6033.0698,2893.9199,1338.8199,38610.7096,E,N,N
01/01/2020,20:00,10541.7998,1539.42,3139.6599,923.708,12841.7002,6577.6001,3087.0601,1306.88,39957.8281,E1,N,N
01/01/2020,20:00,10734.7002,1625.79,3135.75,967.843,13042.7998,6715.2598,3166.6399,1308.2,40696.9827,E2,N,N
01/01/2020,20:00,10528.7002,1607.2,3687.1399,1049.29,12924.5996,6795.0698,3292.29,1350.3199,41234.6094,E3,Y,N
01/01/2020,20:00,10445.0117,1544.0325,3413.1682,977.734,12874.0957,6585.7397,3098.3044,1337.8547,40275.9409,M,N,N
01/01/2020,21:00,10199.2412,1486.1605,3684.3777,861.377,12534.5186,6384.4214,2916.4106,1403.8141,39470.3211,A3,N,N
01/01/2020,21:00,10043.0361,1544.1821,3731.6262,872.4929,12161.5146,6076.4575,2932.978,1327.7218,38690.0092,A6,N,N
01/01/2020,21:00,9722.9404,1471.87,3099,1046.27,12479.5,5939.75,2832.04,1339.99,37931.3604,E,N,N
01/01/2020,21:00,10418,1547.98,3098.73,934.908,12458.2002,6526.4102,3148.5,1358.46,39491.1884,E1,N,N
01/01/2020,21:00,10548.5,1591.92,3089.1899,953.36,12735.2002,6568.73,3120.3301,1328.77,39936.0002,E2,N,N
01/01/2020,21:00,10301,1602.14,3693.04,1037.23,12870.5996,6738.1099,3210.3301,1343.22,40795.6696,E3,Y,N
01/01/2020,21:00,10263.4902,1542.0439,3392.5605,969.8303,12642.752,6498.834,3062.8564,1350.588,39722.9553,M,N,N
01/01/2020,22:00,10007.7715,1455.1732,3657.5156,835.5596,12186.3398,6238.2686,2861.6008,1370.2272,38612.4563,A3,N,N
01/01/2020,22:00,9809.7803,1526.2128,3643.9094,854.7674,11641.6064,5842.3276,2855.8972,1361.5583,37536.0594,A6,N,N
01/01/2020,22:00,9477.0801,1427.46,3017.79,1005.78,12052.4004,5787.02,2741.71,1334.74,36843.9805,E,N,N
01/01/2020,22:00,9974.5,1490.92,3008.6899,895.857,12377.7002,6219.4902,3044.1101,1336.8,38348.0674,E1,N,N
01/01/2020,22:00,10269.9004,1529.05,3001.72,928.79,12301.9004,6334.8101,3044.95,1299.1,38710.2209,E2,N,N
01/01/2020,22:00,10006.5996,1554.53,3716.8999,1012.33,12480.0996,6417.0098,3122.99,1300.74,39611.1989,E3,Y,N
01/01/2020,22:00,9965.5898,1494.7195,3348.2153,939.4117,12319.7676,6245.9888,2980.5078,1322.281,38616.4815,M,N,N
01/01/2020,23:00,9633.5986,1401.0688,3657.3181,796.365,11595.4688,5957.0918,2771.582,1288.1104,37100.6035,A3,N,N
01/01/2020,23:00,9377.8457,1452.1357,3636.7185,818.5657,10935.0664,5612.0601,2757.1448,1333.8334,35923.3703,A6,N,N
01/01/2020,23:00,9105.7305,1352.54,2945.3401,935.203,11369.9004,5496.7402,2597.52,1266.37,35069.3442,E,N,N
01/01/2020,23:00,9506.5195,1390.71,2930.1699,888.097,11524,5844.3701,2916.71,1324.75,36325.3265,E1,N,N
01/01/2020,23:00,9824.7305,1438.3101,2923.6799,893.504,11597.2002,5944.96,2915.8601,1237.67,36775.9148,E2,N,N
01/01/2020,23:00,9667.21,1435.4399,3519.6101,956.472,11800.2002,6022.7402,2982.3101,1249.36,37633.3425,E3,Y,N
01/01/2020,23:00,9568.1396,1405.661,3260.4021,900.9642,11601.0205,5884.7466,2856.8228,1272.255,36750.0118,M,N,N
01/01/2020,24:00,9209.2959,1300.8607,3655.5366,760.804,10973.3311,5619.6597,2680.6902,1211.6708,35411.849,A3,N,N
01/01/2020,24:00,9017.0195,1372.1642,3622.6409,785.8475,10398.9463,5292.6411,2676.4243,1315.1814,34480.8652,A6,N,N
01/01/2020,24:00,8673,1264.17,2913.4399,849.653,10516.5,5178.2998,2400.4099,1186.9301,32982.4027,E,N,N
01/01/2020,24:00,9028.4297,1309.66,2901.3101,840.359,10662.2002,5440.9702,2722.53,1210.38,34115.8392,E1,N,N
01/01/2020,24:00,9277.8496,1336.99,2894.29,842.194,10889.7998,5525.4199,2713.99,1163.98,34644.5133,E2,N,N
01/01/2020,24:00,9106.5596,1335.4399,3496.3799,886.767,10933.7002,5645.6499,2783.1299,1217.02,35404.6464,E3,Y,N
01/01/2020,24:00,9079.9277,1311.6353,3239.2729,843.6371,10807.6543,5502.7549,2685.8875,1197.6702,34668.4399,M,N,N
01/02/2020,1:00,8829.3867,1279.0217,3726.2754,760.8474,10706.5703,5322.8301,2638.5852,1145.8481,34409.3649,A3,N,N
01/02/2020,1:00,8806.1348,1397.7803,3737.1199,808.0916,10569.3711,5127.0874,2632.1799,1221.3529,34299.1179,A6,N,N
01/02/2020,1:00,8189.9102,1183.41,2911.2,785.234,8919.9199,4810.21,2233.5601,1143.6801,30177.1243,E,N,N
01/02/2020,1:00,8580.1104,1274.73,2902.8201,792.005,9800.3398,5161.0898,2538.5901,1148.26,32197.9452,E1,N,N
01/02/2020,1:00,8777.4004,1265.79,2895.5601,778.063,10561.7998,5179.8398,2497.25,1138.92,33094.6231,E2,N,N
01/02/2020,1:00,8754.2002,1239.76,3395.21,819.918,10282.9004,5427.9102,2619.8301,1190.4,33730.1289,E3,Y,N
01/02/2020,1:00,8661.8379,1254.528,3231.9214,790.7567,10114.5723,5208.8398,2540.6025,1155.5861,32958.6447,M,N,N
01/02/2020,2:00,8560.6641,1212.1749,3724.6709,746.8448,10324.7881,5212.1855,2537.6545,1112.6924,33431.6752,A3,N,N
01/02/2020,2:00,8478.5977,1346.6736,3727.4507,785.584,10184.6729,5127.8975,2495.1589,1205.8567,33351.892,A6,N,N
01/02/2020,2:00,7936.7002,1133.28,2916.8201,748.617,8543.71,4510.6201,2131.8501,1112.6801,29034.2776,E,N,N
01/02/2020,2:00,8300.2305,1281.17,2911.1699,756.083,9377.9404,5018.73,2400.1201,1132.83,31178.2739,E1,N,N
01/02/2020,2:00,8515.6797,1233.54,2903.51,760.541,10222.2002,4998.3999,2393.21,1136.16,32163.2408,E2,N,N
01/02/2020,2:00,8631.8496,1183.66,3362.05,782.482,9883.8896,5262.29,2497.7,1160.41,32764.3312,E3,Y,N
01/02/2020,2:00,8429.7334,1215.1038,3227.0139,761.7092,9729.5703,5035.2061,2424.5012,1135.5216,31958.3595,M,N,N
01/02/2020,3:00,8429.0322,1184.4801,3738.6807,739.73,10195.4922,5148.4805,2474.7424,1095.3367,33005.9748,A3,N,N
01/02/2020,3:00,8280.9639,1316.8085,3747.25,784.0948,10110.708,4996.001,2416.407,1179.9598,32832.193,A6,N,N
01/02/2020,3:00,7778.3501,1100.72,2914.4199,727.975,8407.7002,4320.3799,2046.1899,1137.1899,28432.9249,E,N,N
01/02/2020,3:00,8001.8101,1257.36,2908.5801,782.567,9367.7305,4846,2346.1499,1105.67,30615.8676,E1,N,N
01/02/2020,3:00,8380.2998,1216.52,2902.4199,755.663,10020.2998,4916.8999,2344.3799,1135.8199,31672.3022,E2,N,N
01/02/2020,3:00,8347.0195,1147.49,3229.6499,755.795,9757.8398,5108.04,2443.5701,1196.85,31986.2543,E3,Y,N
01/02/2020,3:00,8214.2969,1186.9875,3196.3325,756.9694,9611.8662,4901.3428,2364.9368,1138.6509,31371.383,M,N,N
01/02/2020,4:00,8390.5771,1169.4155,3769.2483,736.7083,10147.4814,5059.1113,2428.3264,1092.7188,32793.5871,A3,N,N
01/02/2020,4:00,8189.3755,1305.3757,3779.4211,791.976,9998.1699,4963.4028,2367.0435,1178.8542,32573.6187,A6,N,N
01/02/2020,4:00,7733.6602,1098.24,2909.6599,724.939,8385.0703,4285.3398,2021.48,1130.16,28288.5492,E,N,N
01/02/2020,4:00,8020.7402,1243.62,2903.3899,764.571,9289.5703,4870.5698,2351.3301,1096.41,30540.2013,E1,N,N
01/02/2020,4:00,8347.1201,1215.95,2896.2,759.375,9994.4004,4919.6699,2332.8501,1135.4,31600.9655,E2,N,N
01/02/2020,4:00,8240.96,1155.63,3082.51,754.594,9623.0596,5070.1499,2419.1499,1150.87,31496.9234,E3,Y,N
01/02/2020,4:00,8173.167,1181.4401,3164.5193,752.3409,9543.3262,4883.1538,2343.9927,1123.5299,31165.4699,M,N,N
01/02/2020,5:00,8564.7119,1182.3834,3786.804,747.4338,10205.6074,5133.792,2446.1641,1102.5842,33169.4808,A3,N,N
01/02/2020,5:00,8388.665,1332.1084,3799.5181,809.5802,9885.4668,4994.334,2370.7556,1198.2394,32778.6675,A6,N,N
01/02/2020,5:00,7905.6001,1116.84,2902.78,741.617,8553.0801,4447.71,2031.25,1144.86,28843.7372,E,N,N
01/02/2020,5:00,8159.3101,1289.34,2893.73,775.965,9441.8096,4905.4102,2306.1599,1094.9,30866.6248,E1,N,N
01/02/2020,5:00,8486.6299,1244.9301,2888.04,778.544,10203.5,5058.8701,2370.8501,1151.4399,32182.8041,E2,N,N
01/02/2020,5:00,8424.9004,1165.91,3121.71,768.264,9860.8301,5169.98,2415.0701,1204.1801,32130.8447,E3,Y,N
01/02/2020,5:00,8336.2598,1204.6296,3174.4133,766.8246,9721.3711,4981.2529,2342.1111,1143.5605,31670.4229,M,N,N
01/02/2020,6:00,8968.0889,1233.5452,3811.4622,779.0446,10793.2949,5441.3135,2540.3008,1157.6161,34724.6662,A3,N,N
01/02/2020,6:00,8751.7559,1391.7151,3823.4023,838.7535,10440.5654,5288.1309,2440.9204,1253.5613,34228.8048,A6,N,N
01/02/2020,6:00,8446.3896,1175.39,2910.1399,780.004,9095.4199,4888.02,2144.9099,1248.5,30688.7733,E,N,N
01/02/2020,6:00,8659.3799,1377.4,2902.79,824.194,10161.7002,5431.6499,2499.25,1204.37,33060.734,E1,N,N
01/02/2020,6:00,9023.3604,1334.97,2897.23,823.693,10945.7998,5513.5698,2542.3999,1191.95,34272.9729,E2,N,N
01/02/2020,6:00,8810.54,1226.1,3145.28,799.879,10400.4004,5633.0298,2483.71,1332.34,33831.2792,E3,Y,N
01/02/2020,6:00,8793.2207,1273.0563,3190.8044,806.8225,10363.0645,5435.729,2466.729,1232.9296,33562.356,M,N,N
01/02/2020,7:00,9507.1396,1319.0516,3857.8823,826.2188,11508.7754,5816.2144,2726.8311,1224.1956,36786.3088,A3,N,N
01/02/2020,7:00,9238,1474.9491,3847.895,872.9731,11003.6787,5601.8032,2566.8218,1302.1362,35908.2571,A6,N,N
01/02/2020,7:00,9208.0801,1284.65,2928.3101,845.08,9943.4404,5538.7202,2368.28,1316.38,33432.9408,E,N,N
01/02/2020,7:00,9509.3799,1507.51,2922.7,907.233,11137,5919.8599,2826.79,1285.15,36015.6228,E1,N,N
01/02/2020,7:00,9876.9902,1508.14,2918.4099,911.652,12243.5996,6270.9502,2913.25,1256.4399,37899.4318,E2,N,N
01/02/2020,7:00,9667.9297,1358.04,3244.9399,859.914,11613.5996,6012.6602,2754.51,1358,36869.5934,E3,Y,N
01/02/2020,7:00,9556.7461,1395.2491,3237.2207,878.6121,11430.0762,5970.2344,2737.2241,1292.4695,36497.8322,M,N,N
01/02/2020,8:00,9684.7305,1369.041,3896.7966,846.9053,11766.9229,5962.8418,2803.7888,1261.9014,37592.9283,A3,N,N
01/02/2020,8:00,9541.2432,1517.5327,3862.0796,884.7821,11070.1104,5737.2622,2631.0288,1326.5619,36570.6009,A6,N,N
01/02/2020,8:00,9569.5303,1333.17,2950.25,891.831,10426.0996,5789.27,2446.3501,1319,34725.501,E,N,N
01/02/2020,8:00,9688.71,1539.0699,2949.54,950.857,11813.2002,6340.8301,2848.1599,1299.12,37429.4871,E1,N,N
01/02/2020,8:00,10181,1549.6801,2945.4399,936.417,12763.5996,6534.4702,3022.99,1289.21,39222.8068,E2,N,N
01/02/2020,8:00,9822.2998,1447.03,3285.6899,895.272,12096.2002,6509.1299,2841.8201,1324.59,38222.0319,E3,Y,N
01/02/2020,8:00,9767.752,1449.1414,3269.9678,912.9785,11942.3779,6315.1211,2807.1099,1300.8427,37765.2913,M,N,N
01/02/2020,9:00,9842.6582,1342.5295,3879.2322,841.7491,11795.9385,5868.4136,2787.5313,1234.7008,37592.7532,A3,N,N
01/02/2020,9:00,9604.3271,1489.8018,3814.7285,878.3884,11083.0332,5574.8428,2654.7151,1289.2507,36389.0876,A6,N,N
01/02/2020,9:00,9607.7598,1334.99,2956.26,917.318,10504.9004,5632.21,2411.9299,1302.27,34667.6381,E,N,N
01/02/2020,9:00,9801.46,1550.9301,2956.5701,967.066,11720.7998,6013.1201,2808.5801,1225.73,37044.2562,E1,N,N
01/02/2020,9:00,10165.7998,1528.16,2951.8701,925.606,12482.7002,6369.9702,2911.1499,1310.14,38645.3962,E2,N,N
01/02/2020,9:00,9962.4297,1434.26,3301.8401,907.291,11807.7998,6215.6499,2786.01,1315.46,37730.7405,E3,Y,N
01/02/2020,9:00,9873.332,1439.8237,3272.9268,919.8741,11790.4297,6087.2632,2760.9153,1279.9539,37424.5187,M,N,N
01/02/2020,10:00,10116.9258,1308.6143,3821.3433,849.5015,11877.209,5893.4346,2848.8479,1195.8872,37911.7636,A3,N,N
01/02/2020,10:00,9856.9209,1443.1627,3738.8391,879.2443,11290.1865,5622.4058,2738.3477,1223.9502,36793.0572,A6,N,N
01/02/2020,10:00,9735.4697,1357.24,2936.74,943.729,10726.2002,5658.98,2453.6499,1227.65,35039.6588,E,N,N
01/02/2020,10:00,10069.5996,1509.8199,2934.6799,1010.41,11749.5996,6030.3599,2876.4399,1215.79,37396.6988,E1,N,N
01/02/2020,10:00,10274.9004,1519.49,2930.5701,933.788,12386.2998,6254.3701,2878.79,1297.1801,38475.3885,E2,N,N
01/02/2020,10:00,10221.7998,1467.1801,3243.01,1000.72,11890.0996,6023,2796.25,1253.3101,37895.3696,E3,Y,N
01/02/2020,10:00,10103.3779,1430.9949,3233.1721,960.3833,11831.9258,6020.9844,2796.9395,1244.5122,37622.2901,M,N,N
01/02/2020,11:00,10351.7666,1282.2856,3774.2751,852.5366,11779.5518,5919.5913,2902.8577,1168.4369,38031.3016,A3,N,N
01/02/2020,11:00,10182.1045,1406.0054,3719.4177,853.5966,11255.4199,5602.8594,2845.2593,1135.6598,37000.3226,A6,N,N
01/02/2020,11:00,9902.5195,1377.75,2909.8301,976.558,10936,5752.3101,2528.5601,1193.58,35577.1078,E,N,N
01/02/2020,11:00,10288.7998,1544.45,2901.4399,1057.84,11956.5996,5939,2916.8899,1183.84,37788.8592,E1,N,N
01/02/2020,11:00,10350.0996,1492.85,2898.8799,927.423,12279.2002,6115.46,2857.5901,1300.09,38221.5928,E2,N,N
01/02/2020,11:00,10460.7998,1461.8199,3123.55,948.54,11931.7998,5922.4199,2859.95,1209.4301,37918.3095,E3,Y,N
01/02/2020,11:00,10306.9189,1430.9639,3175.905,962.0875,11881.3438,5953.2075,2843.1931,1218.5922,37772.2119,M,N,N
01/02/2020,12:00,10344.3223,1273.028,3702.0925,870.2276,11712.2188,5839.9126,2919.4814,1133.5833,37794.8665,A3,N,N
01/02/2020,12:00,10335.2725,1392.6731,3664.3931,860.2873,11350.9473,5432.4561,2888.2659,1066.1957,36990.491,A6,N,N
01/02/2020,12:00,10023.4004,1388.0699,2903.25,1002.75,11049.5996,5811.2202,2601.95,1212.05,35992.2901,E,N,N
01/02/2020,12:00,10499.7998,1536.35,2899.3999,1072.23,11982.7002,5833.96,2991.77,1195.8,38012.0099,E1,N,N
01/02/2020,12:00,10360.7002,1460.76,2893.03,910.033,12069.0996,5956.6201,2821.3701,1291.95,37763.563,E2,N,N
01/02/2020,12:00,10710.4004,1418.64,3092.49,966.658,12152,5963.4102,2856.8999,1183.74,38344.2385,E3,Y,N
01/02/2020,12:00,10436.6426,1413.1083,3148.0308,971.3524,11896.1777,5894.8892,2869.9531,1211.0767,37841.2308,M,N,N
01/02/2020,13:00,10232.4502,1264.8999,3642.3647,865.0587,11537.2578,5726.2715,2921.9771,1104.6956,37294.9755,A3,N,N
01/02/2020,13:00,10318.2227,1343.6722,3639.0212,844.662,11279.8135,5389.6465,2878.0181,1032.8293,36725.8855,A6,N,N
01/02/2020,13:00,10105.7002,1396.09,2889.4299,998.937,11136.0996,5915.1699,2670.9099,1167.49,36279.8265,E,N,N
01/02/2020,13:00,10500.2998,1534.25,2884.3799,1065.85,11829.0996,5702.3901,2990.96,1130.5601,37637.7895,E1,N,N
01/02/2020,13:00,10308.2998,1426.84,2878.3101,890.347,11871.2002,5801.04,2785.21,1260.4399,37221.687,E2,N,N
01/02/2020,13:00,10755.2002,1403.6801,3024.75,957.382,11930.2002,5838,2881.8999,1201.86,37992.9724,E3,Y,N
01/02/2020,13:00,10423.7383,1403.5737,3108.8411,961.3942,11741.7939,5790.5381,2880.7241,1182.2382,37492.8416,M,N,N
01/02/2020,14:00,10260.8096,1270.4041,3618.8296,857.8312,11317.6855,5584.4673,2911.8293,1089.8672,36911.7238,A3,N,N
01/02/2020,14:00,10323.3115,1312.4928,3641.166,831.579,11067.0107,5320.9653,2872.2869,997.4865,36366.2987,A6,N,N
01/02/2020,14:00,10210.2998,1393.1899,2870.3501,999.333,11230.2998,6012.2998,2719.0601,1165.6801,36600.5126,E,N,N
01/02/2020,14:00,10537.5,1540.9399,2863.28,1063.05,11941.7002,5600.02,2956.46,1150.5699,37653.52,E1,N,N
01/02/2020,14:00,10316,1403.86,2857.1599,884.56,11725.5,5690.27,2779.0801,1250.22,36906.65,E2,N,N
01/02/2020,14:00,10706.5,1408.3101,3125.9099,957.297,11699,5695.6499,2842.76,1145.53,37580.9569,E3,Y,N
01/02/2020,14:00,10441.9902,1404.5448,3117.9438,958.3723,11660.0479,5696.0811,2865.0298,1168.5234,37312.5333,M,N,N
01/02/2020,15:00,10213.6221,1268.8982,3581.9275,855.6061,11044.6484,5543.9229,2907.365,1102.3611,36518.3513,A3,N,N
01/02/2020,15:00,10254.8838,1269.9761,3541.6697,830.4832,10849.6719,5346.376,2868.865,1025.4617,35987.3874,A6,N,N
01/02/2020,15:00,10227.2002,1384.62,2851.1699,1006.11,11300,6084.52,2763.47,1137.3101,36754.4002,E,N,N
01/02/2020,15:00,10587,1483.04,2846.1101,1043.76,11661.4004,5658.3101,3028.1201,1137.12,37444.8607,E1,N,N
01/02/2020,15:00,10249.7002,1381.78,2836.3999,869.406,11582.7998,5607.3398,2764.45,1227.41,36519.2857,E2,N,N
01/02/2020,15:00,10726,1372.7,3098.47,961.13,11969.2002,5743.71,2823.95,1128.5,37823.6602,E3,Y,N
01/02/2020,15:00,10441.2676,1376.9595,3092.5732,951.2885,11596.4307,5705.8955,2880.8489,1153.2164,37198.4803,M,N,N
01/02/2020,16:00,10204.3818,1265.1669,3550.6406,839.9064,10827.1084,5558.7358,2906.3711,1132.7864,36285.0974,A3,N,N
01/02/2020,16:00,10224.6328,1243.056,3501.6611,814.1996,10654.3262,5428.4814,2876.3721,1078.4952,35821.2244,A6,N,N
01/02/2020,16:00,10244.0996,1385.9301,2816.5601,1000.1,11364.4004,6106.3301,2789.3799,1164.63,36871.4302,E,N,N
01/02/2020,16:00,10554.7998,1530.78,2804.4099,1041.72,11862.0996,5439.9502,3023.4099,1083.2,37340.3694,E1,N,N
01/02/2020,16:00,10224.9004,1373.55,2797.3201,849.183,11614.2998,5573.2998,2748.3799,1211.58,36392.513,E2,N,N
01/02/2020,16:00,10783.5,1394.8,2951.9299,951.84,11788.7002,5599.1099,2865,1109.25,37444.13,E3,Y,N
01/02/2020,16:00,10444.2949,1392.6218,3028.4802,940.6866,11590.2129,5611.2231,2890.915,1138.1846,37036.6191,M,N,N
01/02/2020,17:00,10151.9941,1284.9292,3548.2227,827.9404,11052.9854,5698.4111,2931.6721,1188.7637,36684.9187,A3,N,N
01/02/2020,17:00,10198.6943,1247.1913,3490.843,798.6714,10917.3779,5631.3247,2920.6152,1162.5143,36367.2321,A6,N,N
01/02/2020,17:00,10301.7998,1395.08,2801.3899,982.472,11437.7998,6163.9102,2806.99,1175.4,37064.8417,E,N,N
01/02/2020,17:00,10676.9004,1506.77,2790.1001,1020.31,11899.2998,5406.6201,3120.8601,1111.6,37532.4605,E1,N,N
01/02/2020,17:00,10232.7998,1395.33,2780.96,839.494,11764.9004,5638.71,2764.49,1218.1801,36634.8643,E2,N,N
01/02/2020,17:00,10713.4004,1348.74,3045.1599,933.693,12052.2998,5538.6201,2947.75,1155.39,37735.0532,E3,Y,N
01/02/2020,17:00,10452.3984,1383.9111,3043.6646,924.6758,11740.4736,5628.7783,2946.5056,1166.813,37287.2204,M,N,N
01/02/2020,18:00,10464.9316,1379.9363,3601.0188,843.433,11689.1631,6025.5327,3007.5154,1255.9592,38267.4901,A3,N,N
01/02/2020,18:00,10519.8691,1327.0112,3555.3743,806.6057,11563.4521,5980.1523,3014.5139,1260.6918,38027.6704,A6,N,N
01/02/2020,18:00,10535.7002,1432.9,2805.6599,988.027,11702.0996,6383,2821.0801,1180.4399,37848.9067,E,N,N
01/02/2020,18:00,10836.0996,1591.96,2791,1040.58,12397.0996,5723.1499,3184.6699,1196.63,38761.189,E1,N,N
01/02/2020,18:00,10509.2002,1467.55,2786.6101,856.019,12286.2002,5909.6401,2823.01,1230.53,37868.7596,E2,N,N
01/02/2020,18:00,11041.2998,1454.0601,3031.79,941.432,12736.5,5873.0498,2923.5601,1170.1899,39171.8817,E3,Y,N
01/02/2020,18:00,10716.1953,1469.0453,3054.9858,938.4402,12278.8574,5927.5264,2984.4478,1203.8875,38573.3857,M,N,N
01/02/2020,19:00,10697.001,1445.8463,3731.4268,871.4709,12153.0713,6362.1748,3147.147,1303.3683,39711.5064,A3,N,N
01/02/2020,19:00,10760.5391,1353.0955,3727.4885,832.0381,11950.6084,6285.9849,3143.9663,1270.3751,39324.0959,A6,N,N
01/02/2020,19:00,10700.7002,1448.13,2853.23,1000.84,11908.2998,6634.6899,2924.53,1248.15,38718.5699,E,N,N
01/02/2020,19:00,11035.2998,1595.23,2848.53,1037.99,12740.5996,6116.8799,3216.0601,1268.8101,39859.3995,E1,N,N
01/02/2020,19:00,10753,1536.66,2841.51,897.123,12688.2998,6302.25,3034.1599,1296.3,39349.3027,E2,N,N
01/02/2020,19:00,11073.7998,1490.28,3135.6399,961.639,12917.5996,6289.8101,3152.1001,1238.2,40259.0685,E3,Y,N
01/02/2020,19:00,10883.2383,1505.9377,3140.7417,958.2269,12594.2969,6301.8433,3123.6631,1269.7673,39777.7152,M,N,N
01/02/2020,20:00,10564.6543,1425.8043,3791.8882,859.9426,11896.7686,6235.1572,3092.0925,1296.1538,39162.4615,A3,N,N
01/02/2020,20:00,10593.2773,1313.6035,3800.8115,819.935,11608.6074,6105.9277,3059.9353,1223.0365,38525.1342,A6,N,N
01/02/2020,20:00,10538.5996,1413.74,2893.24,968.966,11759,6541.1201,2904.3999,1287.98,38307.0456,E,N,N
01/02/2020,20:00,10861.0996,1585.39,2893.5,1016.46,12683.7002,6356.3799,3253.97,1219.1,39869.5997,E1,N,N
01/02/2020,20:00,10584.5,1516.35,2885.46,892.645,12528.0996,6254.9302,3066.4099,1319.9399,39048.3346,E2,N,N
01/02/2020,20:00,10853.7998,1462.83,3196.6799,935.154,12757.2998,6444.3501,3177.3401,1303.9,40131.3537,E3,Y,N
01/02/2020,20:00,10710.2764,1484.7673,3192.8545,939.6783,12449.2471,6360.9497,3127.2019,1283.7517,39548.7269,M,N,N
01/02/2020,21:00,10358.96,1403.4708,3801.4795,856.3087,11786.5664,6102.8149,3003.1157,1295.7538,38608.4698,A3,N,N
01/02/2020,21:00,10327.335,1278.1741,3793.8306,824.787,11460.9307,5918.1797,2939.8879,1240.4276,37783.5526,A6,N,N
01/02/2020,21:00,10290,1381.55,2893.49,927.435,11512,6406.04,2855,1292.21,37557.725,E,N,N
01/02/2020,21:00,10584.2002,1536.51,2891.3101,939.836,12244.7998,6207.2598,3146.73,1243.27,38793.9159,E1,N,N
01/02/2020,21:00,10411.7998,1504.67,2885.23,882.324,12311,6207.6699,3070.01,1333.58,38606.2837,E2,N,N
01/02/2020,21:00,10734.2998,1438.99,3272.8601,899.602,12330.7998,6280.77,3059.5801,1289.96,39306.8618,E3,Y,N
01/02/2020,21:00,10507.0898,1455.5203,3213.7524,903.4084,12133.9707,6237.5317,3042.9827,1290.198,38784.454,M,N,N
01/02/2020,22:00,10101.5146,1340.8391,3777.9819,854.75,11427.0781,5959.6162,2922.8591,1303.7916,37688.4306,A3,N,N
01/02/2020,22:00,10013.8926,1256.2743,3712.0718,834.759,10915.5967,5719.0469,2846.147,1296.9594,36594.7477,A6,N,N
01/02/2020,22:00,9916.1201,1335.49,2888,907.102,11148.2998,6133.3799,2792.1001,1306.5601,36427.052,E,N,N
01/02/2020,22:00,10204.9004,1482.33,2870.6101,907.894,11980.2002,6051.8599,3052.6799,1292.67,37843.1445,E1,N,N
01/02/2020,22:00,10033.9004,1451.53,2875.3601,860.124,11816.5,5990.52,2991.6201,1310.66,37330.2146,E2,N,N
01/02/2020,22:00,10399.7002,1379.98,3096.6899,887.441,11992,6089.23,2947.6101,1297.72,38090.3712,E3,Y,N
01/02/2020,22:00,10170.2813,1399.1648,3156.7402,884.0963,11769.0977,6044.5269,2953.7522,1301.5564,37679.2158,M,N,N
01/02/2020,23:00,9669.3154,1290.1047,3760.3367,827.6378,10855.0283,5688.0601,2807.5415,1277.6747,36175.6992,A3,N,N
01/02/2020,23:00,9504.2188,1202.1459,3701.6541,808.022,10315.626,5482.0757,2732.2605,1312.5522,35058.5552,A6,N,N
01/02/2020,23:00,9384.21,1276.8101,2978.1699,869.56,10593.7002,5748.71,2688.8999,1243.58,34783.6401,E,N,N
01/02/2020,23:00,9764.6201,1367.5699,2970.8999,920.552,11153.7002,5596.21,2956.3501,1280.08,36009.9822,E1,N,N
01/02/2020,23:00,9471.2002,1362.05,2962.03,818.683,11030.7002,5631.21,2832.49,1299.95,35408.3134,E2,N,N
01/02/2020,23:00,9901.1104,1267.02,3140.3999,862.313,11292.4004,5755,2880.3201,1311.22,36409.7838,E3,Y,N
01/02/2020,23:00,9690.6875,1311.0311,3210.4341,862.5367,11050.291,5675.2012,2851.2266,1287.9692,35939.3774,M,N,N
01/02/2020,24:00,9238.1182,1210.6505,3743.0708,795.4487,10476.3535,5413.625,2693.1458,1247.8052,34818.2177,A3,N,N
01/02/2020,24:00,9101.9971,1174.8784,3685.4387,781.4556,9974.9336,5231.0874,2638.366,1330.0566,33918.2134,A6,N,N
01/02/2020,24:00,8823.0996,1235.8,3093.51,814.706,10071.5996,5311.0801,2550.8799,1227.46,33128.1352,E,N,N
01/02/2020,24:00,9208.3203,1302.27,3072,857.505,10529.9004,5343.27,2735.3701,1257.52,34306.1558,E1,N,N
01/02/2020,24:00,8952.0801,1283.61,3071.1799,771.358,10402.5,5281.6001,2622.3701,1285.41,33670.1082,E2,N,N
01/02/2020,24:00,9308.3896,1234.6801,3258.1599,822.376,10679.5996,5395.73,2675.1499,1230.09,34604.1751,E3,Y,N
01/02/2020,24:00,9160.6045,1251.8264,3288.894,814.079,10471.4941,5345.7383,2672.5728,1252.6631,34257.8722,M,N,N
01/03/2020,1:00,8813.3984,1142.171,3814.2988,762.5551,10503.5098,5133.8999,2594.9858,1187.7714,33952.5902,A3,N,N
01/03/2020,1:00,8796.7949,1206.8911,3753.1909,773.8145,10300.0869,4975.7778,2568.1028,1224.9492,33599.6081,A6,N,N
01/03/2020,1:00,8576.7998,1217.52,3285.0801,761.353,10089,5066.8101,2460.6201,1256.0699,32713.253,E,N,N
01/03/2020,1:00,8732.4404,1241.4399,3282.46,793.905,10265.0996,5131.9702,2562.3101,1284.83,33294.4552,E1,N,N
01/03/2020,1:00,8857.8398,1242.9301,3259.8501,738.768,10573,5157.1001,2436.03,1298.1,33563.6181,E2,N,N
01/03/2020,1:00,8805.4297,1198.23,3430.3701,786.858,10266.9004,5226.9902,2548.52,1223.16,33486.4584,E3,N,N
01/03/2020,1:00,8767.1465,1203.0166,3449.8984,770.3713,10350.3145,5154.104,2538.5352,1257.0027,33490.3892,M,Y,N
01/03/2020,2:00,8560.1309,1117.759,3800.6296,759.869,10392.9541,5090.3198,2506.7612,1172.869,33401.2926,A3,N,N
01/03/2020,2:00,8480.4961,1169.0952,3739.699,770.4853,10233.376,5004.3281,2446.2539,1224.0334,33067.767,A6,N,N
01/03/2020,2:00,8353.4297,1199.3199,3402.1799,729.808,9868.8896,4951.4702,2391.6101,1293.55,32190.2574,E,N,N
01/03/2020,2:00,8415.2803,1199.52,3387.26,746.463,10096.9004,4978.8398,2441.75,1296.73,32562.7435,E1,N,N
01/03/2020,2:00,8675.7305,1219.5699,3372.8601,725.1,10417.2002,5049.54,2341.3101,1310.87,33112.1808,E2,N,N
01/03/2020,2:00,8509.4199,1147.99,3520.75,766.848,10033.2002,5160.6899,2462.1299,1234.29,32835.3179,E3,N,N
01/03/2020,2:00,8499.8525,1168.6785,3524.0398,745.8124,10169.5557,5052.4912,2444.2754,1268.7749,32873.4804,M,Y,N
01/03/2020,3:00,8446.4365,1114.6929,3798.1514,764.189,10505.2412,5093.8838,2453.7117,1170.2128,33346.5193,A3,N,N
01/03/2020,3:00,8307.4004,1170.2761,3719.8274,782.6815,10338.5381,5030.7324,2376.5256,1200.1938,32926.1753,A6,N,N
01/03/2020,3:00,8234.3496,1196.0601,3494.6001,708.98,9800.3799,4929.6699,2373.46,1292.53,32030.0296,E,N,N
01/03/2020,3:00,8261.9404,1164.49,3486.1899,748.575,10035.5996,4968.1699,2427.8401,1344.28,32437.0849,E1,N,N
01/03/2020,3:00,8547.2598,1205.26,3460.75,719.263,10350.2998,5022.0298,2325.6699,1324.25,32954.7823,E2,N,N
01/03/2020,3:00,8257.6104,1171.38,3589.5701,751.054,10017.2998,5066.3101,2447.22,1284.51,32584.9544,E3,N,N
01/03/2020,3:00,8339.1973,1162.8057,3587.8965,738.8691,10139.0029,5017.0718,2419.5842,1296.1028,32700.5303,M,Y,N
01/03/2020,4:00,8417.4346,1113.2126,3822.1025,767.7208,10679.7646,5076.4292,2423.5669,1182.4037,33482.6349,A3,N,N
01/03/2020,4:00,8228.2705,1176.48,3735.9409,794.2177,10375.6318,5114.9263,2341.5503,1215.4358,32982.4533,A6,N,N
01/03/2020,4:00,8256.7998,1202.23,3507.3301,715.259,9971.7402,4990.1299,2383.9199,1309.54,32336.9489,E,N,N
01/03/2020,4:00,8258.5,1181.3199,3491.02,764.95,10193.5,4995.25,2439.75,1328.55,32652.8399,E1,N,N
01/03/2020,4:00,8521.5195,1208.21,3474.5601,728.739,10425.5996,5077.52,2342.45,1339.8,33118.3982,E2,N,N
01/03/2020,4:00,8290.4199,1160.9301,3585.6599,757.511,10124,5216.1299,2451.6899,1272.71,32859.0507,E3,N,N
01/03/2020,4:00,8338.8789,1165.1707,3597.4319,748.1725,10267.2129,5080.5449,2419.5479,1296.7581,32913.7178,M,Y,N
01/03/2020,5:00,8627.7813,1150.2766,3828.3611,785.7627,10999.499,5230.1772,2454.4404,1210.6674,34286.9657,A3,N,N
01/03/2020,5:00,8460.3662,1210.6057,3756.5159,820.2255,10617.6729,5348.5078,2363.6924,1259.4475,33837.0339,A6,N,N
01/03/2020,5:00,8530.1504,1249,3510.01,742.942,10506.0996,5207.52,2457.0801,1331.2,33534.0021,E,N,N
01/03/2020,5:00,8494.4004,1212.49,3491.8201,795.248,10575.2002,5280.3799,2481.8601,1413.73,33745.1287,E1,N,N
01/03/2020,5:00,8671.9502,1243.8199,3478,747.493,10784.2002,5277.25,2409.53,1375.26,33987.5033,E2,N,N
01/03/2020,5:00,8511.9502,1193.3,3607,779.606,10643.4004,5439.5,2548.99,1342.13,34065.8766,E3,N,N
01/03/2020,5:00,8558.7959,1200.6191,3605.2966,771.6748,10688.9004,5303.9946,2479.6489,1350.5134,33959.4437,M,Y,N
01/03/2020,6:00,9058.3613,1235.6555,3828.2136,829.5801,11861.793,5588.8677,2564.5242,1275.4258,36242.4212,A3,N,N
01/03/2020,6:00,8872.0918,1296.4796,3779.8469,846.6984,11511.3018,5757.3101,2447.0332,1333.1771,35843.9389,A6,N,N
01/03/2020,6:00,9249.6104,1360.9,3535.1799,809.602,11701.7002,5722.3198,2671.8501,1423.47,36474.6324,E,N,N
01/03/2020,6:00,9115.1602,1350.37,3517.0901,850.297,11650.7002,5868.27,2730.21,1478.97,36561.0675,E1,N,N
01/03/2020,6:00,9217.54,1341.16,3502.2,803.959,11735,5802.98,2597.5701,1446.6899,36447.099,E2,N,N
01/03/2020,6:00,9165.5801,1295.03,3626.3799,846.109,11577.5996,5966.77,2737.4199,1388.8199,36603.7084,E3,N,N
01/03/2020,6:00,9143.1689,1308.0215,3622.5933,829.989,11686.2617,5823.4033,2666.7161,1415.9819,36496.1357,M,Y,N
01/03/2020,7:00,9632.1367,1351.9714,3862.7119,889.3691,12935.3955,6054.8569,2767.5281,1362.047,38856.0166,A3,N,N
01/03/2020,7:00,9392.1094,1394.4205,3817.4512,895.1064,12476.8086,6314.7568,2586.6365,1407.8584,38285.1478,A6,N,N
01/03/2020,7:00,10239.7002,1544.23,3575.8999,912.48,13412,6464.7998,3070.4299,1544.15,40763.6898,E,N,N
01/03/2020,7:00,10008.2002,1532.65,3560.54,913.633,13382.2998,6537.0498,3069.3101,1581.21,40584.8929,E1,N,N
01/03/2020,7:00,10081.0996,1521.96,3543.8401,898.83,13221.2998,6637.5098,3005.4199,1546.55,40456.5092,E2,N,N
01/03/2020,7:00,10085,1472.53,3675.6699,965.694,13113.2002,6728.3799,3129.76,1487.99,40658.224,E3,N,N
01/03/2020,7:00,9971.4346,1472.5615,3664.698,919.7704,13222.624,6540.6914,3001.1309,1517.2122,40310.123,M,Y,N
01/03/2020,8:00,9851.5967,1424.0271,3911.9211,919.9082,13435.6162,6219.5498,2847.0559,1399.2395,40008.9145,A3,N,N
01/03/2020,8:00,9757.1074,1448.9856,3865.2603,927.2836,12811.5293,6507.2983,2664.6445,1441.2994,39423.4084,A6,N,N
01/03/2020,8:00,10667,1616.03,3606.1899,966.431,14259.7998,6800.25,3221.8601,1549.02,42686.5808,E,N,N
01/03/2020,8:00,10306.5996,1581.98,3595.5,967.252,14008.9004,7133.5,3231.6399,1629.25,42454.6219,E1,N,N
01/03/2020,8:00,10411.5996,1578.6899,3577,936.602,13903.7002,7001.5098,3148.8701,1604.48,42162.4516,E2,N,N
01/03/2020,8:00,10342.5996,1534.8199,3718.1299,1020.37,13917.2998,7161.1299,3316.51,1567.25,42578.1091,E3,N,N
01/03/2020,8:00,10260.0234,1534.5468,3704.2864,966.8484,13919.4023,6951.5098,3145.1426,1568.7775,42050.5372,M,Y,N
01/03/2020,9:00,10008.3154,1427.0388,3901.2883,919.3801,13468.1875,6135.8208,2838.5596,1359.4583,40058.0488,A3,N,N
01/03/2020,9:00,9808.9453,1430.4054,3839.9204,935.8347,12840.5469,6434.1792,2692.9995,1401.0524,39383.8838,A6,N,N
01/03/2020,9:00,10692.9004,1615.01,3599.75,978.239,14068.2002,6653.02,3120.73,1573.45,42301.2996,E,N,N
01/03/2020,9:00,10336,1552.23,3585.8101,967.22,13702,6853.9399,3104.6799,1572.09,41673.9699,E1,N,N
01/03/2020,9:00,10425,1565.13,3568.25,936.763,13697.2002,6835.4399,3053.7,1587.35,41668.8331,E2,N,N
01/03/2020,9:00,10382.7002,1569.99,3706.1399,1026.72,13639.5996,7012.7002,3201.5901,1515.96,42055.4,E3,N,N
01/03/2020,9:00,10321.4912,1534.8323,3694.3093,969.8781,13701.748,6774.125,3058.011,1535.4635,41589.8584,M,Y,N
01/03/2020,10:00,10258.123,1407.7507,3846.2598,936.6064,13445.9404,6159.9272,2883.5222,1313.5264,40251.6561,A3,N,N
01/03/2020,10:00,10045.3516,1392.2408,3749.2454,948.9056,12878.168,6253.8838,2772.8809,1322.8715,39363.5476,A6,N,N
01/03/2020,10:00,10734,1604.29,3567.1001,1007.61,13826.4004,6433.1499,3039.05,1499.91,41711.5104,E,N,N
01/03/2020,10:00,10405.2998,1517.8101,3553.8301,1009.4,13392.2998,6545.1099,3078.6001,1528.4,41030.7498,E1,N,N
01/03/2020,10:00,10516.5996,1549.6,3538.22,951.432,13577,6624.0801,2987.3701,1521.72,41266.0218,E2,N,N
01/03/2020,10:00,10435.7998,1527.1801,3604.6299,1069.4,13334.2998,6636.0801,3070.0801,1462.64,41140.1098,E3,N,N
01/03/2020,10:00,10431.1309,1507.4215,3639.345,1000.5851,13484.9424,6525.4521,3011.353,1479.8695,41080.0995,M,Y,N
01/03/2020,11:00,10451.9424,1385.3071,3799.4529,944.8204,13342.6025,6135.5117,2920.3694,1279.0143,40259.0207,A3,N,N
01/03/2020,11:00,10309.6484,1361.557,3706.8,940.7613,12677.6855,6098.0107,2872.4097,1246.5059,39213.3785,A6,N,N
01/03/2020,11:00,10725.5996,1578.73,3525.3,1015.89,13554.5996,6195.27,2952.55,1419.9,40967.8392,E,N,N
01/03/2020,11:00,10495.2002,1505.8,3508.4199,1010.97,13269.5,6286.1001,3031.95,1459.5,40567.4402,E1,N,N
01/03/2020,11:00,10531.0996,1514.16,3494.7,944.853,13390.7002,6384.0898,2910.6399,1473.86,40644.1025,E2,N,N
01/03/2020,11:00,10456.2998,1498.39,3571.54,1083.79,13146.7002,6351.6299,3061.5801,1370.22,40540.15,E3,N,N
01/03/2020,11:00,10507.9482,1483.9856,3597.3533,1004.9921,13313.875,6296.8027,2986.3738,1413.2593,40604.59,M,Y,N
01/03/2020,12:00,10405.7578,1347.5209,3745.1667,961.9986,12919.1172,5990.4053,2920.2563,1231.3591,39521.5819,A3,N,N
01/03/2020,12:00,10397.8418,1355.467,3647.1116,955.4386,12544.4033,5760.9771,2899.7571,1173.7216,38734.7181,A6,N,N
01/03/2020,12:00,10586.7998,1544.74,3493.8899,1001.48,13196.2002,5956.6099,2862.8601,1361.97,40004.5499,E,N,N
01/03/2020,12:00,10399.7998,1467.4301,3479.3101,1029.49,12934.7002,6121.7598,3019.4099,1401.54,39853.4399,E1,N,N
01/03/2020,12:00,10451,1474.92,3462.51,934.429,13087.4004,6127.1001,2814.27,1414.85,39766.4795,E2,N,N
01/03/2020,12:00,10253.7998,1472.46,3529.75,1067.27,12832.7998,6216.7998,3021.1799,1338.62,39732.6793,E3,N,N
01/03/2020,12:00,10394.5645,1449.3102,3558.1067,1003.2321,12978.1396,6109.792,2949.8528,1362.9187,39805.9166,M,Y,N
01/03/2020,13:00,10260.0752,1323.6566,3699.6233,948.0928,12506.8721,5968.8599,2918.292,1185.5328,38811.0047,A3,N,N
01/03/2020,13:00,10340.1387,1297.9448,3677.8655,932.348,12230.0625,5686.4004,2882.2839,1130.9834,38178.0272,A6,N,N
01/03/2020,13:00,10402.0996,1501.08,3454.5,980.19,12820.4004,5733.96,2777.22,1321.8101,38991.2601,E,N,N
01/03/2020,13:00,10297.5,1430.23,3438.8701,988.817,12663.2002,5932.4902,2906.8601,1336.3,38994.2676,E1,N,N
01/03/2020,13:00,10298.7002,1426.84,3424.4399,922.888,12784.7002,5883.5,2726.23,1346.25,38813.5483,E2,N,N
01/03/2020,13:00,10228.5,1409.34,3472.1599,1048.05,12540.2002,6037.6802,2930.8501,1256.62,38923.4004,E3,N,N
01/03/2020,13:00,10284.1191,1406.7966,3512.5308,980.9741,12662.9336,5926.27,2876.9316,1298.2103,38948.7661,M,Y,N
01/03/2020,14:00,10181.165,1320.7874,3696.1345,930.6136,12220.957,5847.3726,2919.0991,1151.6107,38267.7399,A3,N,N
01/03/2020,14:00,10410.8428,1271.4462,3687.0356,902.972,12091.8135,5745.1235,2881.4377,1071.1863,38061.8576,A6,N,N
01/03/2020,14:00,10315.0996,1474.4,3418.98,967.019,12500.4004,5567.5298,2729.1499,1280.87,38253.4487,E,N,N
01/03/2020,14:00,10300.2998,1388.86,3404.54,986.688,12322.4004,5798.3999,2894.8101,1297.76,38393.7582,E1,N,N
01/03/2020,14:00,10218.5,1400.08,3390.48,920.595,12525.5996,5708.6802,2685.52,1276.4301,38125.8849,E2,N,N
01/03/2020,14:00,10278.7998,1373.39,3463.45,1040.72,12204.4004,5784.6499,2942.6499,1257.5,38345.56,E3,N,N
01/03/2020,14:00,10256.7666,1380.0693,3492.2136,974.2048,12353.2695,5749.7954,2865.9736,1261.9827,38334.2755,M,Y,N
01/03/2020,15:00,10092.2852,1308.0206,3705.324,916.5809,11971.335,5776.5088,2899.4915,1151.8209,37821.3669,A3,N,N
01/03/2020,15:00,10342.2949,1243.3806,3630.0566,887.9976,11753,5639.7866,2868.9978,1073.7039,37439.218,A6,N,N
01/03/2020,15:00,10219.4004,1452.53,3386.26,944.683,12171.4004,5466.7202,2703.1001,1218.53,37562.6241,E,N,N
01/03/2020,15:00,10258.0996,1375.71,3371.98,964.471,11865.4004,5635.8301,2897.3799,1261.33,37630.201,E1,N,N
01/03/2020,15:00,10099,1375.76,3356.3101,900.857,12253.5996,5560.96,2674.3201,1218.64,37439.4468,E2,N,N
01/03/2020,15:00,10053.5,1324.52,3449.0801,1018.03,12034.4004,5727.1499,2891.51,1177.8,37675.9904,E3,N,N
01/03/2020,15:00,10140.7715,1355.5989,3474.4172,953.4975,12056.1914,5636.3887,2844.2727,1210.7363,37671.8742,M,Y,N
01/03/2020,16:00,10040.4424,1349.2106,3668.7954,911.1135,11808.7021,5742.2954,2877.7329,1171.5059,37569.7982,A3,N,N
01/03/2020,16:00,10261.6836,1210.175,3589.6667,866.1688,11563.8809,5674.1729,2863.3408,1110.9718,37140.0605,A6,N,N
01/03/2020,16:00,10149.5,1444.21,3348.1599,921.002,11960.0996,5436.7002,2673.3899,1230.8,37163.8616,E,N,N
01/03/2020,16:00,10112.2002,1358.08,3333.04,948.019,11774.7998,5650.1499,2881.26,1258.37,37315.9189,E1,N,N
01/03/2020,16:00,10063.0996,1371.97,3322.05,880.516,12117.5996,5495.2798,2666.98,1182.09,37099.585,E2,N,N
01/03/2020,16:00,9970.2305,1369.38,3363.73,991.527,11866.5996,5624.1001,2878.73,1198.2,37262.4972,E3,N,N
01/03/2020,16:00,10057.293,1371.1901,3425.168,934.0299,11910.8496,5589.7568,2826.9771,1209.9531,37325.2176,M,Y,N
01/03/2020,17:00,9991.0615,1360.8262,3651.3845,896.5715,11897.9355,5830.1021,2873.8193,1224.9369,37726.6375,A3,N,N
01/03/2020,17:00,10157.5918,1232.5868,3574.1282,855.824,11747.8398,5824.4033,2896.1357,1168.3696,37456.8792,A6,N,N
01/03/2020,17:00,10117.4004,1474.2,3334.3601,918.34,12051.2998,5520.6602,2660.47,1258.61,37335.3405,E,N,N
01/03/2020,17:00,10042,1402.92,3317.1101,929.95,11780.5,5577.1899,2858.3101,1246.98,37154.9601,E1,N,N
01/03/2020,17:00,10014.2998,1390.9301,3303.4399,870.239,12168.7998,5566.75,2677.25,1185.1801,37176.8887,E2,N,N
01/03/2020,17:00,9853.1904,1338.7,3343.8501,985.723,11726.5996,5759.8901,2852.8899,1208.14,37068.9831,E3,N,N
01/03/2020,17:00,9988.0254,1383.7527,3407.811,923.3419,11912.6289,5644.8027,2813.4697,1220.5184,37294.3507,M,Y,N
01/03/2020,18:00,10373.7988,1438.3003,3675.4587,898.4635,12488.3799,6097.5483,2907.8296,1294.0958,39173.8749,A3,N,N
01/03/2020,18:00,10432.0869,1322.3323,3615.3911,857.3475,12359.6377,6135.3882,2969.29,1257.1598,38948.6335,A6,N,N
01/03/2020,18:00,10253.4004,1551.66,3346.9199,932.767,12625.2998,5762.6602,2677.3301,1268.5601,38418.5975,E,N,N
01/03/2020,18:00,10154.5996,1435.78,3324.8501,934.356,12418.9004,5862.4502,2918.76,1316.1899,38365.8862,E1,N,N
01/03/2020,18:00,10190.9004,1480.6801,3315.28,887.339,12647,5855.9702,2708.29,1237.5601,38323.0198,E2,N,N
01/03/2020,18:00,10010.7002,1407.72,3403.27,987.081,12166.9004,6002.6499,2854.48,1229.09,38061.8915,E3,N,N
01/03/2020,18:00,10190.3115,1449.4927,3433.6699,931.0978,12447.4102,5912.7939,2843.4702,1266.042,38474.2882,M,Y,N
01/03/2020,19:00,10508.7705,1485.3472,3764.6433,927.7462,13341.6689,6407.4844,3004.2661,1352.4084,40792.335,A3,N,N
01/03/2020,19:00,10633.3281,1365.8943,3745.5625,889.1797,13072.1543,6460.7549,3077.3142,1273.0822,40517.2702,A6,N,N
01/03/2020,19:00,10618.7002,1647.5,3412.78,990.48,13461.2002,6190.0098,2819.0901,1360.65,40500.4103,E,N,N
01/03/2020,19:00,10477.2998,1534.24,3401.25,990.058,13187.4004,6338.3799,3001.97,1395.42,40326.0181,E1,N,N
01/03/2020,19:00,10469.9004,1567.27,3384.8,938.42,13237,6327.7202,2901.96,1356.92,40183.9906,E2,N,N
01/03/2020,19:00,10285.5996,1505.71,3490.23,1051.47,13074.4004,6438.25,3032.21,1297.65,40175.52,E3,N,N
01/03/2020,19:00,10453.9922,1533.1705,3513.7285,984.7653,13225.0586,6350.7744,2974.7429,1351.6298,40387.8622,M,Y,N
01/03/2020,20:00,10403.4814,1489.7806,3778.4241,923.1747,13224.6748,6304.4497,2957.4304,1361.2286,40442.6443,A3,N,N
01/03/2020,20:00,10472.2051,1372.9707,3783.6707,881.4513,12671.1572,6305.7148,2992.55,1256.2362,39735.956,A6,N,N
01/03/2020,20:00,10602.2002,1653.34,3462.4099,998.13,13603,6306.8301,2882.6499,1362.61,40871.1701,E,N,N
01/03/2020,20:00,10416.5,1561.63,3451.6101,1011.39,13366.4004,6382.5601,3059.1899,1409.74,40659.0205,E1,N,N
01/03/2020,20:00,10324.7002,1562.25,3434.05,940.167,13214.2998,6391.5298,2946.72,1404.85,40218.5668,E2,N,N
01/03/2020,20:00,10261.0996,1543.49,3575.5801,1051.47,13188.7998,6409.9199,3095.9299,1359.5,40485.7893,E3,N,N
01/03/2020,20:00,10386.1328,1550.6738,3563.4612,990.9199,13295.835,6372.4121,3006.8088,1384.0023,40550.2459,M,Y,N
01/03/2020,21:00,10296.4043,1518.5746,3781.7,933.3295,13154.1387,6217.1675,2882.5159,1375.4983,40159.3288,A3,N,N
01/03/2020,21:00,10306.9189,1403.0002,3776.9456,893.687,12496.1152,6220.457,2872.8804,1287.5197,39257.524,A6,N,N
01/03/2020,21:00,10460.2002,1648.46,3475.1101,991.396,13491.4004,6276.98,2868.8301,1353.98,40566.3568,E,N,N
01/03/2020,21:00,10245,1555.27,3462.96,963.295,12999.2998,6510.5,3048.04,1449.27,40233.6348,E1,N,N
01/03/2020,21:00,10204.2998,1564.28,3447.76,933.873,13146.7998,6392.1001,2958.77,1419.12,40067.0027,E2,N,N
01/03/2020,21:00,10145.7998,1546.6,3583.8101,1042.13,13094.5,6603.4199,3076.3701,1348.34,40440.9699,E3,N,N
01/03/2020,21:00,10254.8633,1556.7037,3572.4761,975.4152,13140.8428,6438.2734,2980.1814,1395.3673,40314.1232,M,Y,N
01/03/2020,22:00,10173.9424,1514.5739,3778.9385,942.7085,13040.9648,6221.7891,2846.7002,1398.6129,39918.2303,A3,N,N
01/03/2020,22:00,10150.707,1419.2926,3704.7466,906.1667,12323.3838,6200.519,2816.8293,1378.1025,38899.7475,A6,N,N
01/03/2020,22:00,10191.2002,1623.71,3474.3501,970.251,13167.5,6154.5801,2823.3101,1367.48,39772.3815,E,N,N
01/03/2020,22:00,9964.9404,1544.51,3457.48,951.209,12907.9004,6390.1099,3090.25,1431.63,39738.0297,E1,N,N
01/03/2020,22:00,9956.5996,1546.36,3448.01,921.423,12920.9004,6294.04,2924.8201,1415.6,39427.7531,E2,N,N
01/03/2020,22:00,10006.5,1524.3,3540.8999,1022.76,12910.0996,6488.2798,3054.0701,1336.78,39883.6894,E3,N,N
01/03/2020,22:00,10054.8213,1542.1047,3559.6245,962.968,12960.7832,6340.1538,2966.2715,1391.7642,39778.4912,M,Y,N
01/03/2020,23:00,9934.0107,1507.0471,3776.1936,928.8672,12665.1416,6117.0454,2806.8767,1388.6865,39123.8688,A3,N,N
01/03/2020,23:00,9889.542,1411.8785,3737.532,896.1146,11975.1729,6334.0205,2786.0991,1406.2285,38436.5881,A6,N,N
01/03/2020,23:00,9829.0996,1574.79,3502.6699,927.33,12622.2002,6015.6499,2790.5601,1380.28,38642.5797,E,N,N
01/03/2020,23:00,9770.75,1487.46,3492.02,932.204,12450.5996,6241.3398,2975.8101,1439.46,38789.6435,E1,N,N
01/03/2020,23:00,9644.4404,1500.27,3478.05,896.175,12521.7998,6120.1201,2864.1599,1395.11,38420.1252,E2,N,N
01/03/2020,23:00,9572.25,1470.97,3558.0701,975.77,12547.4004,6338.6899,3012.73,1402.65,38878.5304,E3,N,N
01/03/2020,23:00,9753.4453,1500.7517,3579.1611,933.0619,12540.8672,6191.6245,2905.6943,1405.4258,38810.0318,M,Y,N
01/03/2020,24:00,9646.1504,1464.8191,3759.8577,903.9662,12326.7461,5971.9644,2766.9626,1363.1056,38203.5721,A3,N,N
01/03/2020,24:00,9614.2148,1406.0438,3683.5115,883.0221,11769.9092,6225.272,2759.0752,1423.0897,37764.1383,A6,N,N
01/03/2020,24:00,9418.5498,1530.1,3594.9299,882.172,12111,5875.1001,2732.6699,1360.48,37505.0017,E,N,N
01/03/2020,24:00,9392.3604,1446.13,3531.27,907.23,11880.9004,6051.1201,2814.9099,1413.55,37437.4708,E1,N,N
01/03/2020,24:00,9285.4297,1455.6801,3564.5601,868.61,12087,5891.3101,2777.78,1368.96,37299.33,E2,N,N
01/03/2020,24:00,9355.1396,1420.8101,3595.28,930.004,12079.2002,6099.98,2854.3899,1352.42,37687.2238,E3,N,N
01/03/2020,24:00,9436.4102,1456.1622,3616.5383,899.7283,12066.4932,5991.4858,2797.8718,1374.1807,37638.8705,M,Y,N
01/04/2020,1:00,9305.4609,1441.717,3789.5962,891.5636,12277.7422,5656.6104,2730.8193,1289.5894,37383.099,A3,N,N
01/04/2020,1:00,9507.248,1450.3467,3751.5505,890.3059,12083.3496,5964.1543,2738.0073,1328.2479,37713.2102,A6,N,N
01/04/2020,1:00,8999.5303,1498.46,4040.21,840.407,12300,5828.7798,2744.78,1366.6899,37618.857,E,N,N
01/04/2020,1:00,9146.0303,1422.04,4171.8901,883.057,12075.7002,5886.6499,2710.9299,1402.11,37698.4074,E1,N,N
01/04/2020,1:00,9034.5996,1408.58,4027.3301,843.427,11737.2002,5574.25,2748.23,1375.65,36749.2669,E2,N,N
01/04/2020,1:00,9170.3203,1398.51,4499.8198,891.719,11946.5,5966.23,2745.1201,1346.22,37964.4392,E3,N,N
01/04/2020,1:00,9159.7197,1428.9468,4123.769,871.0471,12012.0674,5792.4565,2733.3438,1363.0298,37484.3801,M,Y,N
01/04/2020,2:00,9129.1826,1425.6774,3764.1699,885.802,12037.6396,5622.3008,2676.6726,1280.6919,36822.1368,A3,N,N
01/04/2020,2:00,9314.7402,1421.5652,3737.9424,882.2563,11928.7227,5891.5454,2674.9939,1336.6106,37188.3767,A6,N,N
01/04/2020,2:00,8790.9805,1483.8,4128.7998,821.586,12203.2002,5810.9199,2754.1899,1384.97,37378.4463,E,N,N
01/04/2020,2:00,8909.9404,1396.08,4196.5098,877.113,11735.5,5775.2598,2674.3701,1424.14,36988.9131,E1,N,N
01/04/2020,2:00,8885.6299,1389.2,4108.3799,838.42,11555.2002,5463.4302,2708.0801,1371.46,36319.8003,E2,N,N
01/04/2020,2:00,8982.1797,1385.73,4480.8901,879.166,11963,5865.0298,2702.48,1319.73,37578.2056,E3,N,N
01/04/2020,2:00,8964.9023,1410.9968,4140.04,862.0982,11843.5303,5705.0825,2696.1646,1362.0402,36984.8549,M,Y,N
01/04/2020,3:00,9070.6367,1441.4657,3762.4585,889.2343,11984.3691,5627.8979,2653.7627,1278.6086,36708.4335,A3,N,N
01/04/2020,3:00,9285.0928,1438.3226,3759.6309,892.9109,11992.835,5867.0386,2655.6936,1326.4802,37218.0046,A6,N,N
01/04/2020,3:00,8696.6396,1489.46,4165.79,816.794,12154.7002,5838.96,2794.3601,1443.9,37400.6039,E,N,N
01/04/2020,3:00,8946.3096,1392.01,4224.27,866.199,11930,5669.5698,2669.78,1452.96,37151.0984,E1,N,N
01/04/2020,3:00,8825.3203,1386.95,4142.6899,843.578,11499.5996,5455.7798,2702.52,1378.95,36235.3876,E2,N,N
01/04/2020,3:00,8978.8301,1389.12,4599.5698,872.532,11977.7002,5832.73,2702.77,1314.1899,37667.442,E3,N,N
01/04/2020,3:00,8939.1895,1415.2002,4185.1343,858.8307,11869.208,5672.877,2693.688,1376.8385,37010.9662,M,Y,N
01/04/2020,4:00,9105.3389,1458.2354,3757.8589,897.4711,11992.8701,5627.2007,2681.0991,1295.5115,36815.5857,A3,N,N
01/04/2020,4:00,9304.7832,1454.9419,3775.3379,905.1877,11953.875,5903.9414,2687.9846,1344.1754,37330.2271,A6,N,N
01/04/2020,4:00,8698.0498,1511.0699,4175.3501,829.069,12238.4004,5883.7598,2826.24,1452.9399,37614.8789,E,N,N
01/04/2020,4:00,8919.0498,1404.92,4261.1602,870.349,12034.7998,5787.4199,2680.9199,1468.9,37427.5186,E1,N,N
01/04/2020,4:00,8845.7598,1400.45,4151.2002,851.266,11586.4004,5519.3501,2727.47,1404.2,36486.0965,E2,N,N
01/04/2020,4:00,9020.3203,1411.27,4665.6099,880.758,12152.2002,5892.9502,2711.6101,1349.1801,38083.8988,E3,N,N
01/04/2020,4:00,8954.1533,1432.5464,4211.9761,866.4108,11972.2588,5738.7998,2712.6211,1399.1265,37287.8928,M,Y,N
01/04/2020,5:00,9247.998,1474.7894,3743.0439,908.1368,12188.8379,5767.9189,2789.2974,1333.2749,37453.2972,A3,N,N
01/04/2020,5:00,9494.4492,1478.6165,3779.0005,919.4055,12020.9658,6053.5405,2789.8677,1391.0737,37926.9194,A6,N,N
01/04/2020,5:00,8859.5195,1544.38,4189.1401,859.362,12450.9004,5983.6499,2889.5,1470.65,38247.1019,E,N,N
01/04/2020,5:00,9048.1504,1457.87,4271.5898,893.831,12197.5996,5985.6401,2766.1799,1496.4301,38117.2909,E1,N,N
01/04/2020,5:00,8961.0996,1432.84,4164.25,869.797,11850.5996,5666.6699,2793.78,1433.84,37172.8761,E2,N,N
01/04/2020,5:00,9228.5498,1430,4646.9199,903.237,12356,6104.29,2801.72,1346.91,38817.6267,E3,N,N
01/04/2020,5:00,9108.752,1462.8174,4209.5625,887.6536,12181.0176,5908.0957,2799.7092,1419.7856,37977.3936,M,Y,N
01/04/2020,6:00,9489.4766,1523.29,3723.958,932.867,12716.7148,6015.8442,2885.0815,1376.7333,38663.9654,A3,N,N
01/04/2020,6:00,9696.5664,1540.8807,3779.9175,933.0712,12534.0371,6253.8076,2850.199,1448.5509,39037.0304,A6,N,N
01/04/2020,6:00,9241.3496,1604.63,4210.1699,914.921,12864.0996,6178.9199,3000.5901,1502.01,39516.6901,E,N,N
01/04/2020,6:00,9352.1104,1533.39,4253.73,946.021,12627.0996,6284.5098,2836.8401,1502.92,39336.6209,E1,N,N
01/04/2020,6:00,9283.6396,1500.1801,4185.6201,910.591,12404.5,5993.6499,2933.6399,1503.47,38715.2906,E2,N,N
01/04/2020,6:00,9489.9404,1512.76,4679.9102,944.536,12894.5,6392.0698,2943.3501,1362.47,40219.5365,E3,N,N
01/04/2020,6:00,9398.5059,1530.4612,4213.8735,931.2605,12679.127,6191.9028,2908.0967,1452.0579,39305.2855,M,Y,N
01/04/2020,7:00,9763.1973,1595.0288,3728.6587,961.361,13159.1104,6212.8164,2962.4248,1406.6488,39789.2462,A3,N,N
01/04/2020,7:00,9924.5254,1589.9735,3787.6138,950.1108,12851.0449,6474.1704,2893.8799,1465.8441,39937.1628,A6,N,N
01/04/2020,7:00,9793.21,1688.4399,4231,988.898,13443.7998,6448.6201,3172.6101,1555.5699,41322.1478,E,N,N
01/04/2020,7:00,9805.5703,1611.73,4262.2402,990.128,13351.2998,6674.0698,3062.3201,1555.96,41313.3182,E1,N,N
01/04/2020,7:00,9807.29,1606.98,4204.4199,966.794,13200.9004,6469.5698,3191.3799,1595.09,41042.424,E2,N,N
01/04/2020,7:00,9811.8398,1618.01,4605.75,998.066,13390.7998,6719.4902,3160.71,1377.23,41681.8958,E3,N,N
01/04/2020,7:00,9795.2148,1618.1196,4203.5898,982.5294,13311.1143,6548.4619,3091.8625,1502.3473,41053.2396,M,Y,N
01/04/2020,8:00,9989.5771,1689.026,3751.6116,1002.7138,13647.0342,6431.2148,3064.3306,1457.3945,41032.9026,A3,N,N
01/04/2020,8:00,10231.6211,1653.9076,3807.5369,985.5715,13077.0752,6617.0552,2978.0386,1510.7245,40861.5306,A6,N,N
01/04/2020,8:00,10187.9004,1721.87,4252.6401,1050.51,13923.7002,6657.0298,3269.79,1624.17,42687.6105,E,N,N
01/04/2020,8:00,10112,1707.08,4271.9399,1061.01,14114.4004,7023.73,3226.6001,1665.85,43182.6104,E1,N,N
01/04/2020,8:00,10111,1663.74,4219.1602,1012.16,13840.4004,6791.96,3330.1201,1647.3199,42615.8606,E2,N,N
01/04/2020,8:00,10176.7998,1659.27,4664.5298,1047.84,14322.2002,7180.3799,3336.1899,1497.0699,43884.2795,E3,N,N
01/04/2020,8:00,10106.957,1687.0453,4230.9951,1036.9055,14015.5918,6885.0479,3231.769,1587.7555,42782.0671,M,Y,N
01/04/2020,9:00,10254.8398,1704.55,3768.4036,1023.7075,14097.7363,6479.2578,3105.1956,1426.3923,41860.0829,A3,N,N
01/04/2020,9:00,10492.6162,1660.8085,3801.394,999.9624,13422.5566,6645.9634,3039.729,1485.2899,41548.32,A6,N,N
01/04/2020,9:00,10360.5,1695.97,4240.98,1080.35,13948,6635.4902,3236.4399,1623.11,42820.8401,E,N,N
01/04/2020,9:00,10305.2998,1725.67,4149.3999,1054.53,13776.5,6933.8398,3138.97,1631.72,42715.9295,E1,N,N
01/04/2020,9:00,10180.7998,1657.24,4204.4702,1028.87,13910,6750.3901,3317.54,1611.6899,42661,E2,N,N
01/04/2020,9:00,10297.0996,1711.83,4422.8301,1068.8,13957,7056.5801,3193.1499,1459.5601,43166.8498,E3,N,N
01/04/2020,9:00,10281.9727,1704.6638,4140.8398,1051.0571,13916.5918,6824.5459,3178.5767,1556.9303,42655.1781,M,Y,N
01/04/2020,10:00,10396.3916,1654.3893,3733.6616,1043.3779,14410.7373,6445.9272,3152.9028,1351.7386,42189.1263,A3,N,N
01/04/2020,10:00,10684.7295,1597.6522,3712.0657,1020.3801,13693.916,6699.8442,3129.7559,1391.1298,41929.4734,A6,N,N
01/04/2020,10:00,10355.5996,1624.1801,4214.8101,1100.0699,13614,6421.25,3140.9299,1461.78,41932.6196,E,N,N
01/04/2020,10:00,10271.0996,1669.3,4120,1055.51,13474.9004,6609.9102,3083.71,1466.78,41751.2102,E1,N,N
01/04/2020,10:00,10149.2998,1597.58,4176.2002,1035.51,13585.2002,6461.5898,3218,1488.86,41712.24,E2,N,N
01/04/2020,10:00,10416.5,1630.9,4391.0898,1096.66,13706.9004,6775,3102.4099,1311.8199,42431.28,E3,N,N
01/04/2020,10:00,10334.1104,1641.3673,4110.064,1064.851,13694.8418,6570.0225,3129.6221,1418.5548,41963.4339,M,Y,N
01/04/2020,11:00,10381.2393,1584.0878,3727.7822,1029.507,13976.1816,6247.8027,3119.7913,1280.6801,41347.072,A3,N,N
01/04/2020,11:00,10714.4473,1546.4124,3641.4819,999.7844,13403.5752,6405.6743,3140.6274,1286.2229,41138.2258,A6,N,N
01/04/2020,11:00,10194.7002,1552.59,4182,1070.04,13125.2002,6143.1201,3010.78,1370.24,40648.6705,E,N,N
01/04/2020,11:00,10188.0996,1563.01,4060.2,1050.15,13136.5,6356.8301,3035.5,1360.13,40750.4197,E1,N,N
01/04/2020,11:00,10018.7002,1500.6899,4152.1099,1005.59,13028.4004,6097.8398,3052.95,1399.58,40255.8602,E2,N,N
01/04/2020,11:00,10253.0996,1569.6,4315.9702,1058.14,13124.9004,6446.3301,3063.4099,1293.46,41124.9102,E3,N,N
01/04/2020,11:00,10232.2852,1560.8345,4067.752,1040.9133,13210.123,6274.1152,3062.6416,1344.6575,40793.3223,M,Y,N
01/04/2020,12:00,10185.8389,1449.5747,3715.4519,1027.3695,12962.4688,5943.147,3025.7705,1186.7253,39496.3466,A3,N,N
01/04/2020,12:00,10432.9248,1451.3428,3588.2102,992.1996,12356.8408,5918.8555,3026.593,1155.0283,38921.995,A6,N,N
01/04/2020,12:00,9923.9902,1485.12,4128.3198,1011.92,12561.7002,5869.02,2880.3,1309.04,39169.4102,E,N,N
01/04/2020,12:00,9924.5898,1446.99,4077.3701,1031.2,12520.2002,6066.3198,2888.9299,1305.39,39260.9898,E1,N,N
01/04/2020,12:00,9823.0996,1404.8101,4106.8101,962.144,12341.2998,5740.6201,2870.3501,1320.39,38569.5238,E2,N,N
01/04/2020,12:00,9874.5596,1435.88,4101.5601,1011.94,12473.5,6050.6201,2924.8301,1165.7,39038.5899,E3,N,N
01/04/2020,12:00,9964.6328,1444.3524,4002.9868,1006.2322,12524.2715,5940.9111,2928.7139,1259.8406,39071.9413,M,Y,N
01/04/2020,13:00,9923.7842,1360.7969,3652.2854,984.0282,12312.5986,5679.7959,2943.218,1120.6595,37977.1667,A3,N,N
01/04/2020,13:00,10163.8965,1367.8336,3642.3599,939.078,11892.751,5558.0728,2946.0029,1080.4338,37590.4285,A6,N,N
01/04/2020,13:00,9604.9902,1412.97,4082.4199,952.691,11985.5,5631.5601,2752.6001,1245.8,37668.5313,E,N,N
01/04/2020,13:00,9746.3799,1366.78,4065.1599,996.291,11890.5996,5667.2598,2742.6201,1246.45,37721.5403,E1,N,N
01/04/2020,13:00,9584.1104,1318.61,4067.9199,919.509,11588.5,5427.0601,2715.5801,1247.89,36869.1795,E2,N,N
01/04/2020,13:00,9823.1797,1354.51,4050.99,962.25,11892,5712.0298,2793.04,1152.3199,37740.3194,E3,N,N
01/04/2020,13:00,9771.9736,1361.9692,3960.9014,961.6024,11880.0371,5615.5068,2803.2419,1207.4724,37562.7048,M,Y,N
01/04/2020,14:00,9635.0791,1294.8186,3628.1326,936.1096,11664.3672,5464.8838,2874.1509,1079.8328,36577.3746,A3,N,N
01/04/2020,14:00,9826.71,1273.1643,3627.6492,896.9291,11270.3457,5376.3364,2867.8562,1002.5151,36141.506,A6,N,N
01/04/2020,14:00,9329.25,1353.89,4039.96,905.62,11472.0996,5430.2798,2661.76,1217.5,36410.3594,E,N,N
01/04/2020,14:00,9675.3496,1298.87,4096.1201,962.137,11216.5996,5374.1299,2661.71,1167.0601,36451.9763,E1,N,N
01/04/2020,14:00,9385.9297,1245.35,4032.1101,889.004,10877.4004,5168.3599,2591.8101,1193.48,35383.4442,E2,N,N
01/04/2020,14:00,9639,1298.17,4085.4299,922.594,11149.7998,5344.4199,2667.03,1161.6801,36268.1237,E3,N,N
01/04/2020,14:00,9576.7549,1297.8698,3961.4292,923.65,11203.0088,5333.623,2707.4189,1167.7217,36171.4763,M,Y,N
01/04/2020,15:00,9451.2227,1261.5983,3594.2019,898.1752,11205.3945,5358.1812,2810.5938,1078.8776,35658.2452,A3,N,N
01/04/2020,15:00,9625.6016,1212.7385,3534.4089,872.8957,10790.2148,5239.873,2804.1292,1004.6183,35084.48,A6,N,N
01/04/2020,15:00,9101,1301.75,3998.55,861.112,11068.5,5292.02,2598.98,1178.41,35400.322,E,N,N
01/04/2020,15:00,9432.5703,1272.71,4096.5801,909.67,10595.2002,5264.3198,2697.9199,1158.59,35427.5603,E1,N,N
01/04/2020,15:00,9253.1904,1189.89,3997.0901,855.316,10279.5,4981.5601,2505.1001,1160.3199,34221.9666,E2,N,N
01/04/2020,15:00,9353.2598,1247.36,4104.5698,884.515,10604.2002,5191.8901,2610.05,1146.53,35142.3749,E3,N,N
01/04/2020,15:00,9353.5371,1256.8721,3948.293,882.2861,10653.9619,5190.7178,2667.6509,1148.521,35101.8399,M,Y,N
01/04/2020,16:00,9377.5547,1240.1294,3560.1431,877.7139,10933.4297,5337.6968,2770.1921,1095.3547,35192.2144,A3,N,N
01/04/2020,16:00,9531.8096,1177.7133,3496.2258,851.0834,10486.7715,5252.7671,2776.3433,1037.3442,34610.0582,A6,N,N
01/04/2020,16:00,8966.75,1287.59,3967.5,828.518,10826.9004,5232.1602,2557.46,1157.1,34823.9786,E,N,N
01/04/2020,16:00,9341.5801,1245.91,4090.3999,902.779,10482.4004,5129.8901,2621.6399,1147.03,34961.6294,E1,N,N
01/04/2020,16:00,9234.1904,1178.3199,3970,832.009,10052.4004,4890.6802,2452.3101,1157.64,33767.55,E2,N,N
01/04/2020,16:00,9294.1797,1248.6899,3816.96,856.925,10561.7002,5245.2598,2616.05,1131.36,34771.1246,E3,N,N
01/04/2020,16:00,9278.4463,1241.9211,3859.0632,861.2073,10494.167,5137.6895,2628.1917,1140.5643,34641.2504,M,Y,N
01/04/2020,17:00,9373.8984,1250.5042,3546.1921,845.66,11028.6807,5425.1846,2763.5776,1138.4452,35372.1428,A3,N,N
01/04/2020,17:00,9484.8857,1209.3265,3483.3391,823.4738,10658.3545,5405.8003,2794.802,1101.405,34961.3869,A6,N,N
01/04/2020,17:00,8934.1299,1305.3,3958.05,805.774,10837.4004,5255.3701,2542.3501,1179.14,34817.5145,E,N,N
01/04/2020,17:00,9144.7695,1275.75,4055.02,901.341,10433.0996,5121.6802,2571.3601,1185.25,34688.2704,E1,N,N
01/04/2020,17:00,9163.5596,1192.08,3961.72,807.585,9991.5801,4886.4302,2423.95,1187.85,33614.7549,E2,N,N
01/04/2020,17:00,9152.3203,1261.58,3801.28,836.254,10791.7998,5263.27,2585.74,1187.48,34879.7241,E3,N,N
01/04/2020,17:00,9179.958,1259.1311,3840.5945,842.7242,10537.3799,5152.9141,2600.957,1179.8431,34593.5019,M,Y,N
01/04/2020,18:00,9783.3164,1336.024,3563.8748,848.703,11695.9785,5672.1636,2817.1589,1221.9895,36939.2087,A3,N,N
01/04/2020,18:00,9858.0186,1319.0416,3524.5154,828.912,11381.124,5716.7104,2873.6726,1212.6031,36714.5977,A6,N,N
01/04/2020,18:00,9233.3301,1371.46,3980.1599,820.552,11235.7002,5398.7202,2580.3,1203.87,35824.0924,E,N,N
01/04/2020,18:00,9393.6104,1363.9399,3961.26,893.051,11342.5996,5348.0601,2685.3201,1243.8199,36231.661,E1,N,N
01/04/2020,18:00,9355.1699,1288.75,3978.27,831.972,10603.7002,5090,2453.8899,1251.0601,34852.8121,E2,N,N
01/04/2020,18:00,9415.1201,1370.1899,3907.51,843.989,11284.2998,5544.79,2611.3201,1222.21,36199.4289,E3,N,N
01/04/2020,18:00,9471.5742,1350.0647,3852.9648,850.9099,11174.1104,5379.5732,2657.7234,1232.5049,35969.4255,M,Y,N
01/04/2020,19:00,10210.4541,1400.4353,3646.7297,882.4498,12282.7861,5984.9629,2962.0562,1295.5216,38665.3957,A3,N,N
01/04/2020,19:00,10254.4297,1379.2258,3658.2568,863.014,11910.1807,6052.9849,3021.7158,1247.0446,38386.8523,A6,N,N
01/04/2020,19:00,9894.6797,1481.11,4049.6599,891.041,11925.5,5700.98,2727.99,1354.34,38025.3006,E,N,N
01/04/2020,19:00,9997.7197,1460.63,3926.5701,940.941,11796.5,5769.3999,2770.95,1357.22,38019.9307,E1,N,N
01/04/2020,19:00,9765.3096,1409.66,4034.6899,893.412,11488.2002,5561.2202,2685.79,1348.2,37186.4819,E2,N,N
01/04/2020,19:00,9976.1699,1450.49,3974.03,905.244,11950.7002,5821.2402,2797.1101,1330.22,38205.2044,E3,N,N
01/04/2020,19:00,10003.584,1439.2351,3897.3762,906.5856,11834.8857,5748.708,2809.2517,1340.1427,37979.769,M,Y,N
01/04/2020,20:00,10142.6689,1399.4844,3654.0076,882.3008,12137.502,5890.0259,2896.573,1312.8938,38315.4564,A3,N,N
01/04/2020,20:00,10192.1182,1387.168,3690.7209,858.1871,11695.6748,5927.0269,2942.4182,1228.783,37922.0971,A6,N,N
01/04/2020,20:00,10054.2998,1530.04,4086.72,911.524,12179.2998,5831.7002,2806.8701,1380.4,38780.8539,E,N,N
01/04/2020,20:00,9956.1602,1473.95,3924.53,988.579,11941,5807.2998,2857.1799,1379.4,38328.0989,E1,N,N
01/04/2020,20:00,9705.9004,1438.29,4068.1699,904.991,11689.2002,5660.8198,2784.49,1407.49,37659.3513,E2,N,N
01/04/2020,20:00,9995.5098,1469.74,3951.8401,923.202,11940.2998,5834.5601,2812.5,1356.64,38284.2918,E3,N,N
01/04/2020,20:00,9993.6094,1456.835,3901.9556,928.4211,11932.2256,5790.8857,2840.4832,1372.5443,38216.9599,M,Y,N
01/04/2020,21:00,10032.1406,1413.1158,3631.3301,882.9639,12143.4883,5809.3984,2815.0059,1321.9696,38049.4126,A3,N,N
01/04/2020,21:00,10106.6523,1391.1047,3661.4668,858.5314,11728.9668,5820.2085,2822.5188,1256.2419,37645.6912,A6,N,N
01/04/2020,21:00,10007.2998,1545.64,4094.3999,905.068,12227.0996,5849.2202,2816.01,1394.4399,38839.1774,E,N,N
01/04/2020,21:00,9901.25,1500.71,3893.3799,927.732,11790.2998,5893.8701,2792.3201,1413.73,38113.2919,E1,N,N
01/04/2020,21:00,9627.7998,1461.41,4077.6599,901.729,11739.4004,5656.96,2813.1899,1431.35,37709.499,E2,N,N
01/04/2020,21:00,9892.2002,1482.98,4024.6001,919.066,12037.2002,5952.3398,2862.1299,1428.6,38599.1162,E3,N,N
01/04/2020,21:00,9910.7852,1475.0826,3908.835,910.6357,11938.0479,5833.1201,2821.0139,1407.9712,38205.4916,M,Y,N
01/04/2020,22:00,9967.4346,1411.2296,3620.937,890.8844,12120.9463,5811.2051,2777.5806,1326.3981,37926.6157,A3,N,N
01/04/2020,22:00,10038.9521,1419.8202,3596.8403,876.0497,11423.1563,5745.7036,2761.6926,1319.7863,37182.0011,A6,N,N
01/04/2020,22:00,9836.1201,1537.2,4087.8201,881.482,12159.7002,5821.0801,2801.29,1402.25,38526.9425,E,N,N
01/04/2020,22:00,9674.2998,1479.39,3922.26,934.184,11950.0996,5851.46,2880.1201,1413.4301,38105.2436,E1,N,N
01/04/2020,22:00,9470.9697,1462.39,4073.3601,891.297,11659,5579.6899,2816.9199,1432.64,37386.2666,E2,N,N
01/04/2020,22:00,9708.8701,1465,4064.6101,902.877,12002.7002,5923.6699,2826.0801,1467.36,38361.1674,E3,N,N
01/04/2020,22:00,9751.0371,1463.8536,3922.0994,903.6353,11938.0303,5792.7407,2823.2214,1419.4385,38014.0563,M,Y,N
01/04/2020,23:00,9799.4531,1408.3596,3647.0872,875.4109,11899.7051,5741.7612,2757.4983,1294.6289,37423.9043,A3,N,N
01/04/2020,23:00,9863.3242,1419.1953,3623.6899,865.4833,11017.3213,5841.1265,2731.4666,1340.2427,36701.8498,A6,N,N
01/04/2020,23:00,9557.7002,1511.15,4094.8301,850.833,11970.0996,5725.6899,2756.6101,1431.83,37898.7429,E,N,N
01/04/2020,23:00,9521.5703,1457.96,4016.45,895.16,11639.4004,5780.6899,2730.04,1355.05,37396.3206,E1,N,N
01/04/2020,23:00,9259.8301,1432.16,4084.3999,870.929,11438.5,5439.27,2781.76,1394.12,36700.969,E2,N,N
01/04/2020,23:00,9565.5596,1440.89,4155.7998,871.106,11753.2998,5951.5698,2805.8701,1406.9399,37951.035,E3,N,N
01/04/2020,23:00,9573.8369,1444.7162,3977.238,875.0792,11691.5264,5726.314,2765.6484,1379.8348,37434.1939,M,Y,N
01/04/2020,24:00,9553.6318,1362.2977,3671.3259,859.2334,11708.0371,5624.1797,2734.9814,1263.276,36776.963,A3,N,N
01/04/2020,24:00,9754.5615,1411.3671,3634.4482,856.2227,11022.0859,5783.8301,2715.2483,1360.1707,36537.9345,A6,N,N
01/04/2020,24:00,9254.4004,1470.8199,4125.71,818.389,11766,5593.98,2691,1366.49,37086.7893,E,N,N
01/04/2020,24:00,9280.04,1417.16,4091.5901,863.448,11304.2998,5631.0298,2654.6699,1367.52,36609.7576,E1,N,N
01/04/2020,24:00,9006.7598,1390.85,4111.7998,844.682,11131.0996,5286.6602,2699.49,1337.2,35808.5414,E2,N,N
01/04/2020,24:00,9293.4805,1398.4,4038.1399,838.08,11462.5,5681.9399,2671.8899,1349.88,36734.3102,E3,N,N
01/04/2020,24:00,9314.4326,1402.1731,3979.9524,846.2553,11408.7295,5552.1772,2689.1965,1342.3707,36535.2873,M,Y,N
01/05/2020,1:00,9210.3848,1347.833,3743.1929,823.1255,11737.9258,5428.3066,2715.199,1201.0082,36206.9758,A3,N,N
01/05/2020,1:00,9553.4805,1444.6735,3745.0388,843.2182,11480.6758,5613.9175,2694.0793,1266.2208,36641.3044,A6,N,N
01/05/2020,1:00,9106.4697,1439.54,4186.25,806.421,11860.5,5427.5498,2625.22,1315.63,36767.5805,E,N,N
01/05/2020,1:00,9089.7197,1389.66,4208.7002,837.368,11168.0996,5467.8198,2607.95,1376.6,36145.9173,E1,N,N
01/05/2020,1:00,8642.54,1312.66,4162.54,809.59,10738.5996,5243.1602,2545.5801,1278.8,34733.4699,E2,N,N
01/05/2020,1:00,9112.5303,1369.91,4369.29,810.191,11265.5,5512.9702,2610.25,1310.3,36360.9415,E3,N,N
01/05/2020,1:00,9071.7852,1370.8759,4123.8945,817.9805,11242.8535,5412.9697,2629.6997,1306.0048,35976.0638,M,Y,N
01/05/2020,2:00,8939.7383,1342.5237,3749.4617,811.6686,11407.4609,5386.7476,2656.4426,1178.1063,35472.1497,A3,N,N
01/05/2020,2:00,9235.4502,1433.3186,3747.9827,836.9525,11262.5049,5628.7207,2587.8872,1247.0311,35979.8479,A6,N,N
01/05/2020,2:00,8886.5703,1417.87,4204.71,805.799,11643.9004,5274.8101,2557.6399,1291.66,36082.9597,E,N,N
01/05/2020,2:00,8878.0303,1363.39,4217.8101,831.79,10854.5,5320.9399,2593.3101,1388.6899,35448.4603,E1,N,N
01/05/2020,2:00,8477.54,1294.5601,4179.5698,801.692,10461.5996,5152.21,2469.5801,1253.02,34089.7716,E2,N,N
01/05/2020,2:00,8938.4004,1340.51,4307.1899,799.799,11157,5387.5498,2570.78,1281.5601,35782.7892,E3,N,N
01/05/2020,2:00,8859.5566,1350.6597,4116.6504,810.5037,10999.6953,5297.8696,2583.5356,1289.5383,35308.0092,M,Y,N
01/05/2020,3:00,8825.4658,1354.8123,3764.7559,813.4479,11411.9639,5340.6489,2617.2158,1159.125,35287.4355,A3,N,N
01/05/2020,3:00,9096.5137,1427.3378,3792.1936,846.1882,11364.8203,5534.5806,2555.7783,1223.219,35840.6315,A6,N,N
01/05/2020,3:00,8748.3799,1410.28,4225.21,809.711,11507.9004,5206.7002,2536.22,1292.53,35736.9315,E,N,N
01/05/2020,3:00,8966.1504,1351.5601,4239.9702,814.347,10906.9004,5244.5098,2555.5601,1388.05,35467.048,E1,N,N
01/05/2020,3:00,8385.6396,1288.86,4199.4902,804.037,10321.2002,5118.5,2447.01,1244.17,33808.907,E2,N,N
01/05/2020,3:00,8969.7002,1340.3101,4339.75,792.458,11193.5996,5323.5498,2524.0701,1308.0699,35791.5077,E3,N,N
01/05/2020,3:00,8832.082,1349.063,4139.2065,805.6053,10970.4082,5240.0586,2547.1152,1291.5293,35175.0681,M,Y,N
01/05/2020,4:00,8785.917,1360.8706,3781.4871,811.2256,11446.9785,5309.0205,2596.314,1148.5759,35240.3892,A3,N,N
01/05/2020,4:00,9040.5615,1423.0833,3810.2979,848.9985,11414.0557,5525.9526,2526.7344,1227.2957,35816.9796,A6,N,N
01/05/2020,4:00,8691.1396,1416.83,4232.6401,816.324,11525,5233.4302,2545.96,1278.29,35739.6139,E,N,N
01/05/2020,4:00,8832.7197,1368.52,4283.5098,820.904,10951,5313.25,2537.3601,1328.58,35435.8436,E1,N,N
01/05/2020,4:00,8375.6797,1298.64,4207.5698,811.538,10296.5996,5142.2998,2447.8101,1260.6899,33840.8269,E2,N,N
01/05/2020,4:00,8937.0801,1353.23,4396.1499,797.408,11095.2002,5393.25,2559.26,1297.21,35828.7882,E3,N,N
01/05/2020,4:00,8772.2813,1360.0889,4170.313,810.9062,10957.1973,5280.0063,2547.4548,1274.9783,35173.2261,M,Y,N
01/05/2020,5:00,8822.4385,1393.2991,3763.2837,817.4186,11603.4561,5354.9287,2639.7905,1160.7665,35555.3817,A3,N,N
01/05/2020,5:00,9099.3037,1448.0817,3768.9585,864.2878,11437.3096,5611.0337,2566.7856,1266.1089,36061.8695,A6,N,N
01/05/2020,5:00,8747.7598,1446.38,4244.6602,835.379,11680.7002,5351.75,2593.8899,1312.04,36212.5591,E,N,N
01/05/2020,5:00,8996.6104,1395.85,4306.02,841.2,11074.7998,5504.77,2598.8701,1439.98,36158.1003,E1,N,N
01/05/2020,5:00,8431.4297,1327.14,4224.2202,827.575,10418.2002,5245.96,2476.27,1284.33,34235.1251,E2,N,N
01/05/2020,5:00,8992.0703,1379.39,4391.7598,816.726,11296.5,5609.5498,2554.1699,1312.29,36352.4558,E3,N,N
01/05/2020,5:00,8850.1787,1388.8247,4173.876,827.975,11107.8945,5428.4048,2581.9775,1318.2509,35677.3821,M,Y,N
01/05/2020,6:00,8881.3291,1422.8062,3738.4993,845.1926,11919.8145,5449.7666,2677.3005,1185.4186,36120.1274,A3,N,N
01/05/2020,6:00,9091.3242,1476.9666,3738.208,877.4077,11696.5508,5675.6084,2584.9016,1305.2201,36446.1874,A6,N,N
01/05/2020,6:00,8945.4004,1493.62,4260.3799,870.071,12058.5996,5599.29,2684.53,1368.24,37280.1309,E,N,N
01/05/2020,6:00,9068.9004,1446.5601,4304.3999,880.825,11417.5,5855.6899,2631.95,1379.67,36985.4953,E1,N,N
01/05/2020,6:00,8617.9297,1386.9399,4250.04,858.306,10815.7002,5500.9902,2550.6699,1333.13,35313.7059,E2,N,N
01/05/2020,6:00,9162.8301,1452.36,4395.3301,852.701,11452.2002,5805.7798,2631.3,1385.65,37138.1512,E3,N,N
01/05/2020,6:00,8973.6816,1440.5016,4173.3599,862.3659,11418.6514,5671.7471,2639.5376,1343.8198,36523.6649,M,Y,N
01/05/2020,7:00,8941.2969,1458.783,3733.4138,853.346,12088.3203,5526.6182,2705.708,1210.8484,36518.3346,A3,N,N
01/05/2020,7:00,9143.0449,1496.915,3728.0735,876.4171,11667.7646,5799.3281,2578.8381,1314.9458,36605.3271,A6,N,N
01/05/2020,7:00,9260.8301,1563.03,4275.2402,927.637,12629.5996,5954.1099,2851.8301,1385.12,38847.3969,E,N,N
01/05/2020,7:00,9335.0703,1512.79,4304.1802,909.087,11813.4004,5826.8501,2778,1488.84,37968.218,E1,N,N
01/05/2020,7:00,8957.3799,1480.3199,4274.3398,908.044,11423.2002,5876.1401,2711.1399,1415.77,37046.3338,E2,N,N
01/05/2020,7:00,9298.9297,1523.3101,4354.6001,910.756,12100.2998,5828.1602,2806.3501,1342.22,38164.626,E3,N,N
01/05/2020,7:00,9171.0996,1504.1395,4166.7461,904.5946,11923.9648,5817.8789,2767.8857,1386.2036,37642.5128,M,Y,N
01/05/2020,8:00,9008.7754,1533.4218,3767.2786,885.1854,12200.1396,5711.4209,2754.2139,1243.8798,37104.3154,A3,N,N
01/05/2020,8:00,9231.9756,1557.0458,3744.8877,901.9033,11506.7998,5931.5059,2603.9727,1341.5885,36819.6793,A6,N,N
01/05/2020,8:00,9442.6299,1601.49,4293.98,988.534,13146.2002,6258.7402,2961.6699,1427.38,40120.6242,E,N,N
01/05/2020,8:00,9465.79,1606.46,4344.4702,961.857,12443.4004,6307.0601,2794.2,1504.23,39427.4677,E1,N,N
01/05/2020,8:00,9117.9404,1532.86,4303.46,947.875,11963.9004,6154.3799,2789.72,1481.01,38291.1457,E2,N,N
01/05/2020,8:00,9596.96,1559.1801,4420.8901,968.827,12808.2002,6312.4502,2842.97,1379.0601,39888.5377,E3,N,N
01/05/2020,8:00,9337.9521,1566.5592,4207.8398,953.8547,12472.167,6189.7422,2816.7698,1424.9825,38969.8673,M,Y,N
01/05/2020,9:00,9297.835,1563.9821,3778.4045,907.5064,12505.4766,5875.1436,2837.5032,1238.7938,38004.6452,A3,N,N
01/05/2020,9:00,9380.042,1568.7339,3727.8572,921.3947,11687.4473,6086.751,2709.2036,1328.4734,37409.9031,A6,N,N
01/05/2020,9:00,9574.25,1591.16,4302.1299,1032.51,13192.2998,6304.23,2970.01,1436.95,40403.5397,E,N,N
01/05/2020,9:00,9605.5703,1623.89,4267.6602,979.775,12342.2998,6292.7402,2878.8701,1460.03,39450.8356,E1,N,N
01/05/2020,9:00,9180.1699,1541.8101,4304.6001,967.811,12180.2002,6172.0601,2820.4199,1489.24,38656.3113,E2,N,N
01/05/2020,9:00,9605.9902,1609.01,4235.1001,1008.84,12671.7998,6387.2798,2840.1699,1369.5,39727.6898,E3,N,N
01/05/2020,9:00,9471.6523,1590.8418,4146.1323,981.6086,12510.7969,6235.4414,2862.9395,1414.1604,39213.5732,M,Y,N
01/05/2020,10:00,9469.2568,1490.5868,3741.6919,940.0861,12687.0615,5911.2275,2842.1729,1194.3571,38276.4406,A3,N,N
01/05/2020,10:00,9451.248,1481.7711,3639.3899,948.0564,11876.6533,6050.9976,2756.4697,1234.8063,37439.3923,A6,N,N
01/05/2020,10:00,9680.3203,1532.63,4260.54,1061.3,12816.5,6107.75,2923.9199,1353.51,39736.4702,E,N,N
01/05/2020,10:00,9639.54,1575.37,4198.8501,987.498,12071.4004,6073.4102,2844.9099,1343.02,38733.9986,E1,N,N
01/05/2020,10:00,9242.0996,1494.52,4263.9102,975.487,12120.2002,6001.5298,2808.27,1356.8101,38262.8269,E2,N,N
01/05/2020,10:00,9768.1504,1564.63,4184.3701,1052.24,12419.5,6108.6099,2786.24,1275.4301,39159.1705,E3,N,N
01/05/2020,10:00,9584.5391,1536.0405,4096.7842,1003.9795,12340.7207,6048.2593,2834.8545,1312.2985,38757.4763,M,Y,N
01/05/2020,11:00,9546.96,1356.078,3690.698,922.6932,12106.6113,5819.8164,2823.884,1155.1189,37421.8598,A3,N,N
01/05/2020,11:00,9628.793,1391.6404,3663.0566,914.3088,11498.9932,5886.02,2787.4473,1144.0454,36914.3047,A6,N,N
01/05/2020,11:00,9690.1104,1459.0601,4228.7202,1028.64,12266.7998,5801.0698,2833.1899,1252.72,38560.3102,E,N,N
01/05/2020,11:00,9679.8096,1472.72,4149.5298,997.513,11779.2998,5859.1001,2810.2,1273.59,38021.7623,E1,N,N
01/05/2020,11:00,9218.7695,1401.77,4226.1499,934.56,11832.0996,5748.1001,2733.6001,1259.29,37354.3392,E2,N,N
01/05/2020,11:00,9788.2002,1455.6801,4164.9399,1006.44,11937.2002,5851.9199,2791.49,1267.0699,38262.9402,E3,N,N
01/05/2020,11:00,9617.3525,1428.7233,4058.1509,978.5449,11933.8252,5817.3906,2802.2422,1250.9673,37887.1969,M,Y,N
01/05/2020,12:00,9550.4658,1286.8569,3608.886,913.3425,11702.2617,5549.2651,2777.2041,1105.9498,36494.2319,A3,N,N
01/05/2020,12:00,9592.3223,1330.2301,3599.6973,895.7162,11189.4531,5406.9053,2777.884,1045.7209,35837.9292,A6,N,N
01/05/2020,12:00,9668.1201,1396.12,4185.0298,978.18,11694.7002,5505.6602,2750.29,1187.65,37365.7503,E,N,N
01/05/2020,12:00,9617.0996,1407.5699,4179.4702,938.135,11342.7002,5648.98,2745.53,1224.34,37103.8249,E1,N,N
01/05/2020,12:00,9175.54,1329.13,4171.2202,890.765,11460.7002,5502.77,2647.74,1174.42,36352.2854,E2,N,N
01/05/2020,12:00,9488.3203,1373.51,3985.6201,954.768,11488.4004,5606.3799,2719.72,1112.14,36728.8587,E3,N,N
01/05/2020,12:00,9519.4287,1357.6404,3988.0254,932.3573,11497.5703,5571.3984,2735.3672,1164.425,36766.2127,M,Y,N
01/05/2020,13:00,9497.6396,1221.1976,3543.5212,882.3379,11229.8037,5347.8135,2745.459,1064.9182,35532.6907,A3,N,N
01/05/2020,13:00,9542.4297,1219.8673,3552.8518,869.4634,10797.5938,5218.0791,2731.3694,993.7971,34925.4516,A6,N,N
01/05/2020,13:00,9649.1201,1340.38,4151.75,937.136,11169.9004,5280.27,2677.22,1145.64,36351.4165,E,N,N
01/05/2020,13:00,9550.4697,1342.78,4178.0601,920.956,10983.4004,5412.6099,2706.1599,1174.66,36269.096,E1,N,N
01/05/2020,13:00,9141.0898,1278.35,4130.3101,860.322,11072.7998,5306.9902,2586.4199,1115.1899,35491.4717,E2,N,N
01/05/2020,13:00,9593.3604,1307.3101,3942.22,912.008,11039.7998,5430.2402,2665.74,1119.58,36010.2585,E3,N,N
01/05/2020,13:00,9509.1436,1295.1632,3951.208,900.7557,11073.9629,5365.9707,2687.2947,1128.6772,35912.176,M,Y,N
01/05/2020,14:00,9616.3184,1183.5957,3522.7615,840.322,10803.8711,5198.5898,2716.4827,1041.005,34922.9462,A3,N,N
01/05/2020,14:00,9564.7803,1148.8522,3547.4116,833.6279,10454.1934,5099.3008,2698.4456,951.8535,34298.4653,A6,N,N
01/05/2020,14:00,9634.21,1301.75,4118.4302,896.894,10705.7998,5091.0498,2650.97,1105,35504.1038,E,N,N
01/05/2020,14:00,9650.1104,1346.8199,4217.75,913.242,10667.4004,5225.7998,2686.3601,1132.74,35840.2226,E1,N,N
01/05/2020,14:00,9136.4902,1235.2,4091.9199,835.406,10688.7998,5154.0801,2551.6499,1074.73,34768.2759,E2,N,N
01/05/2020,14:00,9667.4297,1280.6899,4039.51,872.018,10640.4004,5177.2798,2583.1499,1134.65,35395.1277,E3,N,N
01/05/2020,14:00,9579.8027,1269.8951,3971.2991,872.3185,10687.8594,5175.4946,2646.8257,1103.7806,35307.2757,M,Y,N
01/05/2020,15:00,9656.4121,1167.4221,3471.2837,808.7868,10458.1133,5154.6401,2705.1985,1060.4891,34482.3457,A3,N,N
01/05/2020,15:00,9624.7637,1150.276,3427.6255,809.9765,10134.6738,5078.3359,2687.1719,990.1799,33903.0032,A6,N,N
01/05/2020,15:00,9578.5,1259.4399,4080.4399,859.35,10336.0996,4964.9302,2660.3501,1100.99,34840.0997,E,N,N
01/05/2020,15:00,9628.9102,1300.58,4186.6602,863.662,10111.7002,5179.4199,2688.45,1142.73,35102.1125,E1,N,N
01/05/2020,15:00,9144.1396,1196.24,4048.3999,805.575,10328.2002,5040.8501,2547.4199,1061.9399,34172.7646,E2,N,N
01/05/2020,15:00,9402.4297,1279.86,4029.3999,836.954,10252.7998,5113.0801,2579.0701,1132.76,34626.3536,E3,N,N
01/05/2020,15:00,9512.2676,1243.9255,3937.9409,835.0648,10272.4521,5098.2837,2644.1509,1104.5424,34648.6279,M,Y,N
01/05/2020,16:00,9591.9326,1171.9353,3430.073,790.333,10221.1543,5170.5273,2705.0298,1087.9885,34168.9738,A3,N,N
01/05/2020,16:00,9601.2842,1169.797,3378.4026,788.3582,9897.2461,5144.9683,2702.8828,1043.9363,33726.8755,A6,N,N
01/05/2020,16:00,9495.8701,1244.85,4051.47,826.502,10135.2002,4918.1001,2675.1599,1130.02,34477.1723,E,N,N
01/05/2020,16:00,9638.29,1283.4,4152.0098,866.677,10208.4004,5149.9399,2624.8999,1144.58,35068.197,E1,N,N
01/05/2020,16:00,9184.8896,1190,4016.3999,781.72,10191.2998,4997.3501,2553.49,1057.8199,33972.9693,E2,N,N
01/05/2020,16:00,9533.5801,1244.71,3775.3101,804.254,10330,5172.23,2570.8701,1127.51,34558.4643,E3,N,N
01/05/2020,16:00,9526.0449,1229.3676,3847.832,815.2671,10226.9697,5090.9585,2628.7813,1109.7285,34474.9496,M,Y,N
01/05/2020,17:00,9546.6826,1178.0264,3433.228,770.5383,10335.7637,5276.1147,2716.3433,1136.9293,34393.6263,A3,N,N
01/05/2020,17:00,9617.9678,1185.0691,3378.0547,767.9828,10075.4863,5295.7236,2747.7751,1117.9034,34185.9628,A6,N,N
01/05/2020,17:00,9415.1104,1254.88,4047.52,811.083,10215.7002,4964.8198,2693.6201,1147.15,34549.8835,E,N,N
01/05/2020,17:00,9379.75,1321.55,4123.96,847.371,10158.2002,5271.8501,2640.26,1153.01,34895.9513,E1,N,N
01/05/2020,17:00,9147.9404,1200.77,4013.05,762.127,10127.9004,5013.79,2552.3999,1070.53,33888.5077,E2,N,N
01/05/2020,17:00,9353.8496,1271.59,3743.05,791.654,10610.9004,5179.04,2589.79,1195.49,34735.364,E3,N,N
01/05/2020,17:00,9390.4521,1249.7478,3832.6309,797.9907,10293.1836,5146.2871,2642.3508,1140.2675,34492.9105,M,Y,N
01/05/2020,18:00,9827.1338,1274.0513,3484.5935,782.2857,11053.2783,5585.1807,2780.636,1213.0504,36000.2097,A3,N,N
01/05/2020,18:00,9938.5547,1237.009,3447.6362,777.9325,10807.3418,5638.5137,2850.2751,1221.9635,35919.2265,A6,N,N
01/05/2020,18:00,9567.0898,1312.45,4069.3301,827.88,10844.2002,5184.1899,2741.5601,1183.11,35729.8101,E,N,N
01/05/2020,18:00,9587.6904,1368.3199,4045.3101,831.908,10999.2998,5458.6099,2741.5701,1227.85,36260.5582,E1,N,N
01/05/2020,18:00,9365.9297,1277.84,4038.3101,789.376,10646.2002,5235.3501,2567.1299,1128.95,35049.086,E2,N,N
01/05/2020,18:00,9438.8496,1371.35,3875.9099,806.552,11066.7998,5494.0098,2677.0801,1235.17,35965.7212,E3,N,N
01/05/2020,18:00,9580.0459,1327.2166,3864.9084,808.2297,10915.2598,5393.1636,2713.4077,1197.5126,35799.7443,M,Y,N
01/05/2020,19:00,10158.9131,1352.0259,3602.0764,827.2304,11665.5742,5972.2505,2933.7214,1266.293,37778.0849,A3,N,N
01/05/2020,19:00,10276.2598,1281.8296,3615.8657,814.7403,11342.4795,6004.9238,3005.1313,1233.7139,37574.9439,A6,N,N
01/05/2020,19:00,10063.9004,1414.47,4140.3999,903.89,11892.7998,5656.79,2910.54,1304.55,38287.3401,E,N,N
01/05/2020,19:00,10234.7002,1467.04,4053.97,919.236,11557.7998,5935.04,2830.8101,1286.33,38284.9261,E1,N,N
01/05/2020,19:00,9841.9502,1378.8199,4124.6802,853.543,11468.7998,5722.6201,2753.8101,1231.15,37375.3733,E2,N,N
01/05/2020,19:00,10102.5996,1438.89,3912.8799,891.774,11775.4004,5930.3398,2878.1799,1264.67,38194.7336,E3,N,N
01/05/2020,19:00,10112.2842,1413.6503,3925.3665,882.5283,11645.2969,5850.6299,2868.7214,1266.8928,37965.3703,M,Y,N
01/05/2020,20:00,10038.9238,1343.5375,3640.4788,846.0537,11681.4268,5908.9741,2896.9949,1265.5994,37621.989,A3,N,N
01/05/2020,20:00,10123.3633,1282.6079,3675.2219,827.4778,11246.5322,5843.7676,2937.2874,1191.6136,37127.8717,A6,N,N
01/05/2020,20:00,10153.2002,1461.97,4192.0698,937.86,12323.0996,5851.8101,3003.3701,1283.4,39206.7798,E,N,N
01/05/2020,20:00,10224.2998,1478.35,4064.23,910.484,11764.4004,6033.8101,2920.01,1330.6,38726.1843,E1,N,N
01/05/2020,20:00,9874.2803,1401.78,4178.4902,874.846,11625.0996,5856.7402,2834.96,1294.33,37940.5263,E2,N,N
01/05/2020,20:00,10242.2998,1456.78,3957.8601,920.693,11794.0996,5930.8799,2840.5801,1339.02,38482.2125,E3,N,N
01/05/2020,20:00,10129.8164,1427.6357,3961.9624,899.495,11796.4668,5925.4551,2894.1875,1309.6124,38344.6313,M,Y,N
01/05/2020,21:00,9896.4678,1330.722,3644.3674,860.1504,11660.8027,5798.231,2816.636,1262.083,37269.4603,A3,N,N
01/05/2020,21:00,9865.96,1300.3478,3671.3713,835.5984,11263.5957,5692.2559,2820.5896,1199.7231,36649.4418,A6,N,N
01/05/2020,21:00,9994.4805,1470.09,4204.9702,933.53,12403.9004,5810.4102,2997.3799,1300.78,39115.5412,E,N,N
01/05/2020,21:00,10024.4004,1494.34,4037.1899,887.745,11846.2998,5984.6401,2921.76,1346.71,38543.0852,E1,N,N
01/05/2020,21:00,9813.6104,1410.53,4195.8101,874.05,11582.2998,5828.2402,2837.8899,1317.41,37859.8404,E2,N,N
01/05/2020,21:00,10019.7002,1460.21,3988.71,913.925,11941.7998,5886.1899,2864.1799,1378.03,38452.7448,E3,N,N
01/05/2020,21:00,9961.1533,1431.3955,3967.6646,893.1401,11850.6885,5875.8477,2880.0527,1330.8955,38190.8379,M,Y,N
01/05/2020,22:00,9757.0908,1294.3451,3623.5605,860.9756,11634.4072,5707.7036,2756.1672,1270.4196,36904.6696,A3,N,N
01/05/2020,22:00,9671.7227,1329.948,3591.0259,836.9653,11023.8057,5478.9668,2742.8572,1252.9465,35928.2381,A6,N,N
01/05/2020,22:00,9662.4004,1450.34,4196.6899,906.425,12239.5996,5651.0801,2939.0901,1275.08,38320.7051,E,N,N
01/05/2020,22:00,9778.6299,1442.28,4052.6399,880.289,11594.9004,5814.0601,2899.75,1307.11,37769.6593,E1,N,N
01/05/2020,22:00,9619.2695,1384.3199,4181.6899,860.721,11304,5684.3501,2808.47,1313.63,37156.4504,E2,N,N
01/05/2020,22:00,9792.6797,1433.3101,4055.8799,887.549,11679.5996,5806.0601,2807.1499,1340.04,37802.2683,E3,N,N
01/05/2020,22:00,9742.3086,1396.8163,3980.3174,878.0648,11628.877,5745.9653,2834.2119,1308.3824,37514.9437,M,Y,N
01/05/2020,23:00,9433.3379,1264.1284,3634.72,842.2427,11333.5654,5558.4834,2677.9744,1242.7209,35987.1731,A3,N,N
01/05/2020,23:00,9311.8115,1307.3359,3597.144,815.6993,10672.958,5367.9399,2655.8074,1262.9716,34991.6676,A6,N,N
01/05/2020,23:00,9135.4004,1411.74,4177.04,861.106,11776.2002,5399.2402,2812.1001,1308.65,36881.4769,E,N,N
01/05/2020,23:00,9354.1299,1401.6899,4080.0601,841.992,11086.2998,5541.77,2743.8,1305.38,36355.1217,E1,N,N
01/05/2020,23:00,9245.3496,1320.23,4136.3501,829.872,10748.7998,5391.4702,2697.54,1278.83,35648.4417,E2,N,N
01/05/2020,23:00,9424.4404,1386.29,4070.22,839.869,11267.2998,5579.1001,2722.9299,1304.1899,36594.3391,E3,N,N
01/05/2020,23:00,9350.5713,1354.5234,3985.4238,840.8518,11164.3213,5497.8003,2724.8811,1291.0214,36209.3944,M,Y,N
01/05/2020,24:00,9054.5996,1206.8669,3644.4026,823.9933,11049.5947,5342.5688,2599.3538,1211.7114,34933.0911,A3,N,N
01/05/2020,24:00,8998.4141,1275.7369,3596.0876,799.1635,10357.9209,5153.5962,2590.1067,1272.5748,34043.6007,A6,N,N
01/05/2020,24:00,8596.0498,1359.9399,4109.3101,825.441,11210.0996,5091.3501,2630.47,1269.75,35092.4105,E,N,N
01/05/2020,24:00,8924.7695,1338.5601,4090.9399,805.841,10469.5,5222.7598,2575.21,1283.75,34711.3303,E1,N,N
01/05/2020,24:00,8823.4199,1257.28,4045.3899,799.115,10197.2998,5064.5601,2526.1899,1225.0601,33938.3147,E2,N,N
01/05/2020,24:00,8939.2695,1304.3,3949.25,799.58,10736.0996,5212.1099,2530.95,1279.33,34750.889,E3,N,N
01/05/2020,24:00,8907.0938,1289.5842,3940.4858,807.3133,10633.1875,5179.0972,2570.9609,1257.2177,34584.9404,M,Y,N
01/06/2020,1:00,8717.1143,1227.3025,3726.123,824.762,11137.8398,5139.5938,2543.8174,1174.8524,34491.4052,A3,N,N
01/06/2020,1:00,8825.1982,1297.8164,3656.187,808.2556,10658.8418,4899.8286,2540.9082,1194.5223,33881.5581,A6,N,N
01/06/2020,1:00,8482.7197,1330.5601,3681.4199,815.414,10684.0996,4890.5601,2491.53,1269.22,33645.5234,E,N,N
01/06/2020,1:00,8624.6797,1309.89,3578.4299,780.161,10390.7002,5002.7202,2441.1399,1284.08,33411.8009,E1,N,N
01/06/2020,1:00,8473.9102,1223.87,3574.4199,777.7,10266.2998,4930.3398,2377.3601,1185.59,32809.4898,E2,N,N
01/06/2020,1:00,8614.8896,1276.03,3628.0701,786.043,10413.2998,5004.54,2419.1699,1270.26,33412.3024,E3,N,N
01/06/2020,1:00,8608.75,1272.6094,3640.1357,790.998,10495.3174,4988.1689,2459.6431,1240.4915,33496.114,M,Y,N
01/06/2020,2:00,8494.3145,1218.4093,3733.0098,826.8376,10921.1367,5102.5542,2461.637,1157.9703,33915.8694,A3,N,N
01/06/2020,2:00,8620.6787,1279.6021,3667.8049,804.0136,10564.1318,4941.1533,2413.4402,1195.3484,33486.173,A6,N,N
01/06/2020,2:00,8346.7695,1309.63,3615.6101,820.65,10497.7002,4754.79,2391.1899,1271.55,33007.8897,E,N,N
01/06/2020,2:00,8428.2002,1311.5,3554.1299,776.12,10085,4867.27,2333.53,1272.5601,32628.3102,E1,N,N
01/06/2020,2:00,8317.0596,1207.09,3492.54,776.594,10178.7998,4826.2402,2287.8,1178.4301,32264.5537,E2,N,N
01/06/2020,2:00,8412.0996,1272.12,3615.24,789.912,10248.0996,4888.8799,2304.24,1270.74,32801.3311,E3,N,N
01/06/2020,2:00,8416.6318,1265.0973,3614.1138,791.5924,10305.3301,4877.7656,2359.7253,1234.1226,32864.3789,M,Y,N
01/06/2020,3:00,8418.0547,1231.2618,3741.3281,843.6405,11002.9365,5085.5054,2415.2288,1144.2427,33882.1985,A3,N,N
01/06/2020,3:00,8520.75,1291.0796,3710.7705,824.3004,10775.6621,4884.1523,2345.1907,1175.7375,33527.6431,A6,N,N
01/06/2020,3:00,8308.6602,1303.89,3619.4099,835.5,10514.5996,4724.9399,2352.9399,1279.75,32939.6895,E,N,N
01/06/2020,3:00,8421.5596,1292.04,3552,768.247,10244.4004,4847.27,2296.5,1319.3,32741.317,E1,N,N
01/06/2020,3:00,8253.1699,1202.45,3488.1599,781.92,10181.5,4808.6899,2261.0901,1190.54,32167.5198,E2,N,N
01/06/2020,3:00,8381.0898,1287.45,3604.8999,800.544,10354.7998,4857.9102,2262.0801,1286.36,32835.1338,E3,N,N
01/06/2020,3:00,8375.4053,1265.9805,3613.0034,797.5703,10384.8672,4854.7729,2320.2061,1252.0491,32863.8548,M,Y,N
01/06/2020,4:00,8443.624,1250.1576,3762.563,862.3309,11272.6982,5017.376,2387.6445,1149.7346,34146.1288,A3,N,N
01/06/2020,4:00,8500.6787,1307.4869,3717.3496,841.3004,11020.0215,4962.4863,2315.4111,1177.3094,33842.0439,A6,N,N
01/06/2020,4:00,8392.6201,1322.3101,3633.28,852.269,10717.7998,4784.48,2363.75,1281.86,33348.369,E,N,N
01/06/2020,4:00,8474.4004,1330.22,3571.52,772.781,10449,4924.6499,2317.4099,1286.89,33126.8712,E1,N,N
01/06/2020,4:00,8305.8896,1213.96,3515.01,794.526,10363.5,4872.75,2265.5901,1211.05,32542.2757,E2,N,N
01/06/2020,4:00,8458.3203,1313.74,3609.8799,814.554,10549.0996,4936.5498,2252.55,1295.59,33230.2836,E3,N,N
01/06/2020,4:00,8431.4004,1290.5632,3629.5269,809.7902,10589.2129,4908.7197,2318.0686,1252.3319,33229.6138,M,Y,N
01/06/2020,5:00,8732.4521,1317.1218,3776.9634,893.3216,11812.4971,5177.6997,2411.8135,1169.0056,35290.8748,A3,N,N
01/06/2020,5:00,8805.0967,1359.3444,3708.9211,873.9233,11561.6318,5209.5605,2334.8975,1213.9388,35067.3141,A6,N,N
01/06/2020,5:00,8695.1602,1374.21,3663.72,886.489,11232.4004,5017.0098,2437.8301,1349.53,34656.3495,E,N,N
01/06/2020,5:00,8810.1797,1379.65,3621.75,809.793,11032.7002,5117.1602,2356.76,1330.8101,34458.8032,E1,N,N
01/06/2020,5:00,8538.5,1259.6,3582.22,822.483,10817.5996,5081.0498,2325.02,1250.6801,33677.1525,E2,N,N
01/06/2020,5:00,8778.75,1367.59,3647.7,848.864,11061.2002,5191.5801,2342.48,1339.37,34577.5343,E3,N,N
01/06/2020,5:00,8734.5527,1345.3168,3667.3459,842.7613,11108.4873,5121.7861,2373.1196,1295.032,34488.4017,M,Y,N
01/06/2020,6:00,9211.8906,1421.7163,3800.6414,930.8884,12601.5586,5501.4897,2518.7495,1224.8798,37211.8143,A3,N,N
01/06/2020,6:00,9228.0449,1448.4862,3737.668,908.5461,12393.54,5551.3608,2409.0698,1281.0786,36957.7944,A6,N,N
01/06/2020,6:00,9353.3203,1486.5,3713.46,958.794,12289.7002,5595.3198,2630.3601,1410.73,37438.1844,E,N,N
01/06/2020,6:00,9419.8701,1477.4399,3687.4399,886.537,12039.2002,5832.2002,2562.1399,1374.9399,37279.7671,E1,N,N
01/06/2020,6:00,9119.6797,1374.77,3668.47,886.111,11836.0996,5639.48,2503.24,1331.64,36359.4903,E2,N,N
01/06/2020,6:00,9364.6104,1495.3,3676.6699,924.418,12062.5,5789.1499,2511.71,1383.83,37208.1882,E3,N,N
01/06/2020,6:00,9308.2178,1456.2727,3713.929,910.4768,12095.8574,5702.3091,2539.8499,1352.0537,37078.9664,M,Y,N
01/06/2020,7:00,9686.2256,1555.8231,3848.7603,992.4838,13488.9521,5905.543,2684.4717,1295.4435,39457.7031,A3,N,N
01/06/2020,7:00,9680.4619,1553.0985,3784.8372,978.1879,13169.5,6205.0181,2564.2014,1341.509,39276.814,A6,N,N
01/06/2020,7:00,10191.9004,1653.4301,3778.27,1060.98,13740,6394.29,2982.6799,1486.35,41287.9004,E,N,N
01/06/2020,7:00,10217.5996,1669.13,3791.74,977.504,13458.5,6461.98,2906.74,1486.7,40969.8936,E1,N,N
01/06/2020,7:00,9973.3398,1574.05,3798.01,987.46,13375.5996,6476.4199,2884.25,1462.9399,40532.0692,E2,N,N
01/06/2020,7:00,10189.0996,1668.46,3768.73,1038.6801,13534.2998,6441.9902,2857.6201,1463.86,40962.7398,E3,N,N
01/06/2020,7:00,10043.8867,1626.7882,3799.3428,1007.594,13495.7197,6382.5767,2845.5742,1451.0991,40652.5814,M,Y,N
01/06/2020,8:00,9974.4922,1606.1067,3890.1807,1015.8326,13775.5977,6166.2803,2770.1177,1338.3395,40536.9474,A3,N,N
01/06/2020,8:00,9953.7129,1605.0085,3814.6758,995.2512,13160.8193,6375.0522,2621.5322,1378.9323,39904.9844,A6,N,N
01/06/2020,8:00,10494.7998,1702.63,3816.6101,1107.54,14344.2998,6695.52,3114.8301,1534.83,42811.0598,E,N,N
01/06/2020,8:00,10619.7998,1736.6,3854.01,1042.86,14160,6886.3701,3032.71,1538.33,42870.6799,E1,N,N
01/06/2020,8:00,10272.7002,1634.2,3875.79,1030.55,14083.7002,6803.54,3006.6899,1514.61,42221.7803,E2,N,N
01/06/2020,8:00,10525.4004,1723.63,3785.1699,1087.47,14395.5,6824.23,3002.8501,1567.8199,42912.0703,E3,N,N
01/06/2020,8:00,10375.8604,1683.6879,3843.8901,1055.6416,14174.7871,6736.2603,2966.6094,1514.3361,42351.0729,M,Y,N
01/06/2020,9:00,10021.0098,1554.316,3875.4734,1002.1221,13490.1201,5995.4985,2795.0293,1283.9138,40017.483,A3,N,N
01/06/2020,9:00,9928.3838,1535.8724,3787.7986,980.5471,12849.4473,6036.0469,2631.3782,1335.714,39085.1883,A6,N,N
01/06/2020,9:00,10454.5,1660.9399,3803.79,1101.4,13843.5996,6501.7202,3040.76,1487.09,41893.7997,E,N,N
01/06/2020,9:00,10489.5996,1671.75,3824.5901,1029.9399,13622.2998,6556.3198,2969.28,1513.87,41677.6492,E1,N,N
01/06/2020,9:00,10235,1602.33,3835.6399,1021.03,13720.9004,6613.48,2920.9399,1456.47,41405.7902,E2,N,N
01/06/2020,9:00,10475.7998,1679.71,3761.3501,1075.8199,13752.2002,6559.9502,2901.02,1482.4399,41688.2901,E3,N,N
01/06/2020,9:00,10332.79,1634.3528,3820.2822,1044.6378,13690.5654,6494.5898,2911.5449,1459.5704,41388.3333,M,Y,N
01/06/2020,10:00,10185.8672,1474.4554,3819.999,992.6921,12994.9092,5935.0371,2827.5427,1212.759,39443.2617,A3,N,N
01/06/2020,10:00,10014.0244,1421.0562,3696.3987,970.7475,12262.874,5881.4648,2698.0315,1238.2201,38182.8172,A6,N,N
01/06/2020,10:00,10460.0996,1607.97,3737.1001,1101.85,13178.7998,6255.8599,2994.5801,1392.99,40729.2495,E,N,N
01/06/2020,10:00,10515.5996,1628.41,3741.03,1028.4399,13149.5996,6245.6802,2891.1399,1384.51,40584.4092,E1,N,N
01/06/2020,10:00,10278.7998,1565.33,3755.26,1020.44,13269.0996,6367.21,2889.3899,1349.63,40495.1593,E2,N,N
01/06/2020,10:00,10432.4004,1646.14,3722.3799,1080.88,13140.5,6263.6699,2843.97,1391.13,40521.0702,E3,N,N
01/06/2020,10:00,10375.8291,1583.9139,3757.3972,1044.2577,13161.5137,6243.0024,2876.1594,1357.0361,40399.1095,M,Y,N
01/06/2020,11:00,10360.0322,1371.8053,3766.7671,968.1585,12441.7461,5887.9634,2872.9712,1168.8673,38838.3111,A3,N,N
01/06/2020,11:00,10223.8965,1347.7471,3727.5105,928.2133,11950.2236,5762.5811,2803.2441,1151.7473,37895.1635,A6,N,N
01/06/2020,11:00,10475.2998,1541.0601,3704.3799,1076.21,12611.9004,6033.2002,2957.6599,1321.21,39720.9203,E,N,N
01/06/2020,11:00,10545.2002,1587,3710.3501,1040.73,12855.0996,6136.1099,2909.6101,1311.85,40095.9499,E1,N,N
01/06/2020,11:00,10301.2998,1505.22,3711.21,989.71,12822.7998,6122.04,2858.6001,1269.55,39580.4297,E2,N,N
01/06/2020,11:00,10530.5,1541.59,3688.03,1053.75,12845.7002,6083.77,2839.71,1328.6,39911.6502,E3,N,N
01/06/2020,11:00,10456.0078,1505.8838,3718.2356,1026.5935,12762.6055,6075.625,2882.6052,1288.7596,39716.316,M,Y,N
01/06/2020,12:00,10384.7129,1324.4105,3681.0854,953.9819,12075.5537,5732.1816,2899.9478,1128.791,38180.6648,A3,N,N
01/06/2020,12:00,10336.2598,1295.8986,3657.5449,915.3798,11698.3994,5468.854,2852.3621,1064.9769,37289.6755,A6,N,N
01/06/2020,12:00,10449.2002,1479.7,3657.51,1033.16,12091.5,5856.6001,2933.01,1272.71,38773.3903,E,N,N
01/06/2020,12:00,10488.2002,1534.11,3654.21,1006.97,12434,5916.23,2885.99,1282.1801,39201.8903,E1,N,N
01/06/2020,12:00,10262.5,1457.89,3652.96,951.827,12334.7002,5897.6499,2829.71,1207.13,38594.3671,E2,N,N
01/06/2020,12:00,10409.4004,1511.52,3643.0801,1006.45,12426.4004,5886.98,2846.6201,1278.16,39008.611,E3,N,N
01/06/2020,12:00,10409.541,1459.7089,3658.4028,989.7045,12319.6563,5873.813,2878.4792,1242.0552,38831.3609,M,Y,N
01/06/2020,13:00,10502.4717,1280.8396,3615.4045,915.3939,11739.7813,5603.8413,2942.1873,1111.2784,37711.198,A3,N,N
01/06/2020,13:00,10370.5547,1266.0228,3621.179,879.7812,11431.7881,5368.4111,2872.428,1023.7534,36833.9183,A6,N,N
01/06/2020,13:00,10409.2002,1425.67,3619.97,989.925,11650,5744.1899,2922.1399,1229.3,37990.395,E,N,N
01/06/2020,13:00,10506.7998,1474.01,3608.25,975.218,12086.7998,5746.8301,2866.0601,1244.63,38508.5978,E1,N,N
01/06/2020,13:00,10198.5,1413.86,3598.77,918.72,11850.4004,5715.1099,2804.75,1150.6899,37650.8002,E2,N,N
01/06/2020,13:00,10483.2998,1457.3199,3604.48,958.347,11991.9004,5731.02,2834.3201,1259.45,38320.1372,E3,N,N
01/06/2020,13:00,10449.1055,1407.9836,3609.376,951.2361,11905.998,5716.7437,2876.5032,1206.2649,38123.211,M,Y,N
01/06/2020,14:00,10643.71,1269.1727,3591.9224,882.5162,11409.3047,5507.4673,2984.5417,1090.861,37379.496,A3,N,N
01/06/2020,14:00,10486.2803,1310.3643,3617.5093,853.4318,11111.6455,5313.6816,2912.9502,989.3049,36595.1679,A6,N,N
01/06/2020,14:00,10440,1388.37,3585.1499,960.417,11284.2002,5680.3599,2933.8899,1202.25,37474.6369,E,N,N
01/06/2020,14:00,10546.5,1475.86,3575.5901,1009.87,11818.7998,5613.7798,2899.95,1215.02,38155.3697,E1,N,N
01/06/2020,14:00,10237.5,1380.58,3566.0901,899.158,11419,5575.8501,2804.9299,1109.85,36992.9581,E2,N,N
01/06/2020,14:00,10534.7002,1442.1899,3627.8101,929.515,11622.9004,5584.1899,2861.5601,1199.48,37802.3456,E3,N,N
01/06/2020,14:00,10515.915,1392.9244,3592.7354,940.0024,11551.8633,5591.9331,2903.8652,1167.7263,37656.9651,M,Y,N
01/06/2020,15:00,10644.5518,1259.8468,3557.9746,867.6858,11087.7178,5499.1938,3023.3062,1101.8936,37042.1704,A3,N,N
01/06/2020,15:00,10543.5459,1290.0615,3516.8423,845.5878,10855.5879,5349.0254,2948.4629,1022.8185,36371.9322,A6,N,N
01/06/2020,15:00,10452.0996,1354.13,3553.6299,928.084,10922,5647.8799,2963.04,1192.61,37013.4734,E,N,N
01/06/2020,15:00,10630.5996,1435.48,3543.3401,926.539,11258.2998,5539.4902,2935.1399,1193.24,37462.1286,E1,N,N
01/06/2020,15:00,10252.2002,1341.26,3533.6399,871.914,11009.9004,5463.5601,2825.8999,1089.4,36387.7745,E2,N,N
01/06/2020,15:00,10219.2002,1388.83,3601.75,895.658,11326,5530.3701,2889.53,1189.78,37041.1183,E3,N,N
01/06/2020,15:00,10461.625,1357.963,3561.675,897.999,11149.7656,5526.7393,2935.6116,1154.918,37046.2965,M,Y,N
01/06/2020,16:00,10639.7695,1255.975,3529.5615,844.819,10845.5313,5555.0068,3049.9104,1132.4336,36853.0071,A3,N,N
01/06/2020,16:00,10578.8545,1276.6184,3477.6519,823.3149,10653.9004,5452.2393,2989.2256,1082.0665,36333.8715,A6,N,N
01/06/2020,16:00,10444.0996,1332.9301,3523.1399,894.516,10662.5,5656.8901,2990.9099,1179.12,36684.1056,E,N,N
01/06/2020,16:00,10481.2998,1408.0699,3515.8201,935.023,11239.5,5525.7598,2926.6599,1187.88,37220.0125,E1,N,N
01/06/2020,16:00,10294.7002,1327.26,3513.29,846.801,10808.2998,5413.3701,2845.8401,1084.98,36134.5412,E2,N,N
01/06/2020,16:00,10369.7998,1387.21,3600.9199,860.59,11247.5,5556.4502,2836.98,1180.38,37039.8299,E3,N,N
01/06/2020,16:00,10465.0674,1345.3374,3541.1289,878.0204,11012.3291,5525.3818,2932.9814,1152.2542,36852.5006,M,Y,N
01/06/2020,17:00,10583.9111,1277.5243,3529.6702,831.2016,11060.1025,5705.2158,3080.5811,1189.2999,37257.5065,A3,N,N
01/06/2020,17:00,10571.2207,1292.8816,3468.7668,806.1544,10917.6592,5660.3149,3042.8555,1171.8003,36931.6534,A6,N,N
01/06/2020,17:00,10436.2998,1342.73,3517.3201,873.513,10673.2998,5739.0498,3008.45,1181.21,36771.8725,E,N,N
01/06/2020,17:00,10299.2002,1429.1,3514.8799,902.868,11246.4004,5571.3701,2936.8301,1204.89,37105.5387,E1,N,N
01/06/2020,17:00,10290.2002,1329.02,3513.3799,836.042,10804.7002,5455.0801,2866.8601,1107,36202.2825,E2,N,N
01/06/2020,17:00,10237.4004,1394.98,3560.8201,847.444,11457.0996,5625.21,2890.6699,1221.65,37235.274,E3,N,N
01/06/2020,17:00,10370.9404,1359.3699,3530.1802,859.6779,11093.7246,5593.4482,2961.4341,1179.6987,36948.474,M,Y,N
01/06/2020,18:00,10857.5479,1372.5895,3583.0879,847.552,11717.2061,6028.5649,3141.3813,1255.6486,38803.5782,A3,N,N
01/06/2020,18:00,10834.207,1372.4221,3534.459,814.3799,11561.0234,6013.4795,3128.0046,1271.4921,38529.4676,A6,N,N
01/06/2020,18:00,10544.2002,1396.41,3532.5,873.838,11143.5996,5938.1299,3019.6399,1232.6801,37680.9977,E,N,N
01/06/2020,18:00,10428.5996,1471.59,3524.54,882.254,12091.7002,5777.5698,2976.1499,1250.89,38403.2935,E1,N,N
01/06/2020,18:00,10481,1396.24,3536.3899,862.216,11448.2998,5684.8901,2881.8301,1157.67,37448.5359,E2,N,N
01/06/2020,18:00,10257.5996,1470.5,3619.8799,852.046,11950.5996,5816.6001,2920.5,1253.6801,38141.4053,E3,N,N
01/06/2020,18:00,10514.0869,1427.7511,3565.4883,864.3027,11730.25,5815.6021,2997.1914,1226.6011,38141.2736,M,Y,N
01/06/2020,19:00,11086.2861,1438.1438,3712.2246,876.5316,12162.7217,6333.1982,3262.0588,1299.0275,40170.1923,A3,N,N
01/06/2020,19:00,10989.3262,1399.0157,3706.5977,838.7554,11930.1406,6301.2876,3241.2581,1276.2379,39682.6192,A6,N,N
01/06/2020,19:00,10812.7998,1486.67,3621.78,926.352,11929.7998,6328.1699,3142.9299,1292.29,39540.7914,E,N,N
01/06/2020,19:00,10936.7002,1567.01,3641.53,972.828,12624.2002,6269.6401,3081.97,1363.95,40457.8285,E1,N,N
01/06/2020,19:00,10794.5996,1490.6899,3649.6899,916.51,12388.2998,6178.6299,3056.8999,1255.03,39730.349,E2,N,N
01/06/2020,19:00,10765.7002,1546.79,3656.3501,921.9,12633.9004,6264,3089.76,1356.3199,40234.7206,E3,N,N
01/06/2020,19:00,10898.0967,1510.156,3661.46,928.1699,12423.166,6260.7383,3133.426,1317.7396,40132.9525,M,Y,N
01/06/2020,20:00,10871.8652,1417.8038,3770.9814,867.4685,11945.2451,6154.3525,3177.1516,1286.0225,39490.8906,A3,N,N
01/06/2020,20:00,10765.25,1313.085,3779.2397,831.3818,11597.665,6086.3086,3133.1978,1218.9452,38725.0731,A6,N,N
01/06/2020,20:00,10757.5996,1505.21,3678.8799,937.568,12095.7002,6375.2002,3200.77,1386.34,39937.2679,E,N,N
01/06/2020,20:00,10714.5996,1558.71,3696.8301,952.958,12784.2002,6316.7202,3166.51,1393.61,40584.1381,E1,N,N
01/06/2020,20:00,10689.2998,1492.88,3708.22,927.683,12563.7002,6275.7798,3099.26,1306.76,40063.5828,E2,N,N
01/06/2020,20:00,10830.9004,1549.72,3691.25,932.481,12717.7002,6254.4399,3060.0901,1369.5601,40406.1417,E3,N,N
01/06/2020,20:00,10785.2041,1506.3196,3713.1531,928.91,12521.5176,6277.9287,3138.4417,1351.5278,40223.0026,M,Y,N
01/06/2020,21:00,10577.0342,1394.6141,3778.1633,865.7802,11890.957,5966.7666,3060.6619,1280.8319,38814.8092,A3,N,N
01/06/2020,21:00,10442.3936,1264.6432,3770.9075,834.5483,11485.4238,5858.5029,2993.7463,1224.8319,37874.9975,A6,N,N
01/06/2020,21:00,10555.0996,1499,3695.7,924.806,11991.0996,6222.6201,3186.0801,1393.6,39468.0054,E,N,N
01/06/2020,21:00,10596.2998,1567.39,3711.29,958.599,12768.2002,6312.1699,3121.6201,1396.26,40431.829,E1,N,N
01/06/2020,21:00,10524,1490.03,3718.6899,921.891,12578.0996,6239.1699,3088.2,1326.62,39886.7004,E2,N,N
01/06/2020,21:00,10524.5,1545.39,3759.99,920.407,12696.2998,6278.6401,3110,1418.89,40254.1169,E3,N,N
01/06/2020,21:00,10559.3457,1500.4774,3739.1594,924.0475,12495.9072,6231.1685,3107.3555,1369.7466,39927.2078,M,Y,N
01/06/2020,22:00,10243.6934,1333.3085,3752.3921,865.7347,11612.2842,5766.4751,2953.1304,1284.5562,37811.5746,A3,N,N
01/06/2020,22:00,10080.7578,1226.2845,3687.7136,846.9802,11030.0039,5611.4731,2882.7737,1264.6534,36630.6402,A6,N,N
01/06/2020,22:00,10146.5,1457.39,3669.3601,892.156,11586.7002,5897.9199,3087.3899,1334.95,38072.3661,E,N,N
01/06/2020,22:00,10146.5,1537.47,3678.2,923.176,12216.7002,6051.54,3057.78,1367.38,38978.7462,E1,N,N
01/06/2020,22:00,10148.5,1444.98,3682.96,900.525,12281.5,6035.6001,2999.71,1316.46,38810.2351,E2,N,N
01/06/2020,22:00,10037.9004,1498.16,3698.6699,886,12269,6045.79,2999.1499,1332.8,38767.4702,E3,N,N
01/06/2020,22:00,10143.8984,1455.0309,3701.3555,897.1616,12091.6729,5991.2822,3013.4028,1331.5983,38625.4026,M,Y,N
01/06/2020,23:00,9736.2002,1283.4221,3736.6577,839.6466,11180.7715,5483.9917,2812.4236,1262.5135,36335.6269,A3,N,N
01/06/2020,23:00,9533.3057,1167.8223,3678.0298,822.5003,10578.7002,5359.6821,2744.75,1268.7456,35153.536,A6,N,N
01/06/2020,23:00,9548.9004,1398.09,3637,850.982,10871.7998,5513.5801,2895.1499,1314.42,36029.9222,E,N,N
01/06/2020,23:00,9647.3896,1439.1,3621.03,890.053,11583.4004,5704.0698,2858.49,1392.35,37135.8828,E1,N,N
01/06/2020,23:00,9579.8096,1357.8101,3611.3301,864.138,11645,5668.8198,2814.3,1290.91,36832.1176,E2,N,N
01/06/2020,23:00,9613.4805,1418.13,3659.3501,844.988,11634.0996,5755.6602,2856.1499,1384.03,37165.8883,E3,N,N
01/06/2020,23:00,9640.3555,1379.6504,3660.3008,861.1234,11472.1973,5656.834,2845.4473,1338.9392,36854.8479,M,Y,N
01/06/2020,24:00,9232.9893,1208.1659,3721.2319,813.7615,10817.4424,5207.604,2678.3684,1236.9238,34916.4872,A3,N,N
01/06/2020,24:00,9110.7383,1116.6686,3663.2397,800.635,10279.3828,5073.8989,2632.9946,1281.4836,33959.0415,A6,N,N
01/06/2020,24:00,8963.8096,1346.72,3625.77,813.293,10268.7998,5145.8101,2657.29,1287.38,34108.8725,E,N,N
01/06/2020,24:00,9097.7002,1361.9399,3598.71,859.438,10809.5996,5347.3301,2643.4399,1333.17,35051.3277,E1,N,N
01/06/2020,24:00,9038.9297,1283.83,3574.9399,824.432,11012.9004,5310.1802,2612.72,1255.59,34913.5222,E2,N,N
01/06/2020,24:00,9042.4805,1348.78,3653.5701,811.379,11048.5,5329.6699,2616.79,1304.1801,35155.3496,E3,N,N
01/06/2020,24:00,9093.6348,1308.5403,3643.4668,827.1941,10853.5303,5290.9717,2643.4009,1288.7729,34949.5118,M,Y,N
01/07/2020,1:00,8760.7666,1145.1471,3732.5078,795.1385,10929.1738,4930.8604,2563.8137,1184.4011,34041.809,A3,N,N
01/07/2020,1:00,8777.0283,1196.4349,3733.3264,807.3083,10670.3213,4822.8413,2541.498,1182.7743,33731.5328,A6,N,N
01/07/2020,1:00,8687.9502,1323.36,3630.52,800.822,10743.7998,4968.0498,2459.1599,1296.02,33909.6817,E,N,N
01/07/2020,1:00,8744.8604,1337.74,3595.8,858.955,10810.5,5129.3999,2512.3201,1324.0699,34313.6453,E1,N,N
01/07/2020,1:00,8816.7695,1270.9399,3561.4099,788.781,10617.7998,5139.8799,2554.6101,1252.53,34002.7201,E2,N,N
01/07/2020,1:00,8711.9004,1316.03,3642.29,807.81,10766.5996,5126.0098,2455.9199,1280.46,34107.0197,E3,N,N
01/07/2020,1:00,8742.4717,1274.0168,3641.6406,813.3816,10757.8457,5086.1865,2509.7349,1274.3176,34099.5954,M,Y,N
01/07/2020,2:00,8504.8818,1142.7448,3730.1643,802.1832,10972.7852,4857.4648,2462.1394,1173.2211,33645.5846,A3,N,N
01/07/2020,2:00,8447.7852,1175.0928,3737.9399,813.8498,10616.7852,4781.5957,2403.1274,1191.1761,33167.3521,A6,N,N
01/07/2020,2:00,8503.5,1309.39,3637.8799,801.914,10658.2002,4878.48,2332.5701,1313.59,33435.5242,E,N,N
01/07/2020,2:00,8520.9697,1344.8101,3596.4299,863.041,10545.5,5001.9502,2441.8101,1340.8199,33655.3309,E1,N,N
01/07/2020,2:00,8663.3604,1258.66,3559.3,782.475,10450.2002,5059.6299,2483.9299,1262.16,33519.7154,E2,N,N
01/07/2020,2:00,8560.9004,1303.53,3627.0601,812.701,10621.7002,5059.6699,2366.8201,1291.6899,33644.0716,E3,N,N
01/07/2020,2:00,8542.5449,1268.7775,3638.061,815.0663,10608.2227,4997.3057,2419.7549,1284.5189,33574.2519,M,Y,N
01/07/2020,3:00,8390.4844,1162.6449,3736.2312,819.6953,11270.9229,4862.7915,2400.936,1186.7054,33830.4116,A3,N,N
01/07/2020,3:00,8256.3984,1182.4845,3737.3545,837.485,11122.2451,4747.7637,2324.1211,1194.171,33402.0233,A6,N,N
01/07/2020,3:00,8414.7598,1316.49,3659.47,809.483,10671,4881.4302,2270.04,1338.34,33361.013,E,N,N
01/07/2020,3:00,8452.9697,1343.5699,3620.9399,871.676,10685.4004,5053.6299,2403.5901,1360.29,33792.0659,E1,N,N
01/07/2020,3:00,8587.1201,1258.8,3581.72,783.12,10444.4004,5070.0298,2464.48,1280.84,33470.5103,E2,N,N
01/07/2020,3:00,8392.1797,1331.04,3671.1499,822.198,10754.0996,5004.25,2327.0801,1285.75,33587.7473,E3,N,N
01/07/2020,3:00,8434.1436,1281.225,3662.229,822.8958,10713.7148,5000.0049,2374.7166,1297.3507,33586.2804,M,Y,N
01/07/2020,4:00,8386.4395,1202.7115,3755.3096,835.7458,11674.3799,4835.373,2360.9778,1208.752,34259.6891,A3,N,N
01/07/2020,4:00,8192.3398,1240.0039,3739.3093,857.0297,11543.9434,4812.3569,2281.2405,1218.4537,33884.6772,A6,N,N
01/07/2020,4:00,8446.7402,1335.15,3683.1899,819.839,10890.7998,4950.3301,2276.8,1368.16,33771.009,E,N,N
01/07/2020,4:00,8448.2695,1368.22,3643.3501,875.565,10938.2998,5082.8901,2385.02,1340.72,34082.3345,E1,N,N
01/07/2020,4:00,8618.29,1272.1899,3607.8701,789.939,10589.7002,5170.1499,2476.1201,1303.7,33827.9592,E2,N,N
01/07/2020,4:00,8430.75,1324.39,3656,829.122,10971.2998,5170.48,2262.6399,1301.38,33946.0617,E3,N,N
01/07/2020,4:00,8449.4932,1299.7479,3675.0474,830.6046,10945.4727,5079.0933,2346.2744,1308.564,33934.2975,M,Y,N
01/07/2020,5:00,8599.3457,1268.6036,3768.1682,865.543,12180.9229,5006.1465,2384.3567,1242.3549,35315.4415,A3,N,N
01/07/2020,5:00,8429.5,1305.3943,3767.3586,895.7333,11863.9668,5243.0576,2296.0383,1274.4962,35075.5451,A6,N,N
01/07/2020,5:00,8702.6602,1397.75,3723.9099,854.012,11459.4004,5180.2202,2354.53,1383.53,35056.0127,E,N,N
01/07/2020,5:00,8715.54,1419.98,3690.6201,908.243,11321.7002,5410.0498,2448.3201,1435.79,35350.2432,E1,N,N
01/07/2020,5:00,8857.7803,1326.74,3660.99,815.657,11048.7002,5416.3198,2544.05,1344.4301,35014.6674,E2,N,N
01/07/2020,5:00,8701.8096,1390.6899,3695.05,865.018,11490,5392.0098,2396.51,1360.71,35291.7973,E3,N,N
01/07/2020,5:00,8699.2285,1360.3796,3711.572,862.1739,11420.1406,5327.8906,2419.6191,1363.4681,35164.4724,M,Y,N
01/07/2020,6:00,9048.502,1390.2736,3789.5881,915.0109,13184.085,5380.3052,2485.2183,1313.824,37506.8071,A3,N,N
01/07/2020,6:00,8847.084,1417.0648,3798.1467,943.0892,12904.5625,5707.6616,2377.978,1356.4397,37352.0265,A6,N,N
01/07/2020,6:00,9353.3203,1530.64,3785.8899,932.109,12679.2998,5734.3701,2576.95,1416.39,38008.9691,E,N,N
01/07/2020,6:00,9387.7998,1548.47,3759.8401,960.313,12554.0996,6043.1802,2700.0601,1472.89,38426.6528,E1,N,N
01/07/2020,6:00,9534.0898,1446.24,3738.3601,879.254,12096.5,5997.02,2737.3401,1419.14,37847.944,E2,N,N
01/07/2020,6:00,9365.6396,1502.97,3763.71,949.496,12528.5,5962.21,2612.29,1411.24,38096.0556,E3,N,N
01/07/2020,6:00,9311.4111,1482.5383,3768.8157,928.1558,12527.6982,5889.9365,2613.6782,1417.0942,37939.328,M,Y,N
01/07/2020,7:00,9615.2646,1574.4086,3835.041,982.8365,14371.0029,5860.8164,2674.2881,1399.1029,40312.761,A3,N,N
01/07/2020,7:00,9373.6455,1521.4016,3840.1113,1001.3192,13997.5225,6248.8657,2512.3584,1435.9755,39931.1997,A6,N,N
01/07/2020,7:00,10225.9004,1732.05,3861.1599,1041.89,14376.7998,6537.9102,2986.46,1562.17,42324.3403,E,N,N
01/07/2020,7:00,10251.4004,1786.52,3853.52,1076.9301,14197.0996,6761.8799,3035.5701,1590.6801,42553.6002,E1,N,N
01/07/2020,7:00,10513,1652.72,3839.3899,978.237,13693,6884.1401,3145.21,1537.17,42242.867,E2,N,N
01/07/2020,7:00,10297.0996,1723.84,3836.6599,1082.87,14083.4004,6778,3028.96,1541.66,42372.4899,E3,N,N
01/07/2020,7:00,10133.3037,1694.2883,3843.874,1037.6001,14086.8496,6655.8457,2951.1633,1537.5366,41940.4613,M,Y,N
01/07/2020,8:00,9844.7959,1684.825,3875.1746,1006.4235,14715.4824,6066.1553,2760.2209,1446.4037,41399.4813,A3,N,N
01/07/2020,8:00,9745.7354,1585.317,3874.022,1023.8734,14193.2373,6534.6094,2591.5137,1480.1046,41028.4128,A6,N,N
01/07/2020,8:00,10580.2998,1802.8101,3895.53,1094.71,15114.2002,6867.9199,3145.55,1591.46,44092.48,E,N,N
01/07/2020,8:00,10687,1831.8101,3907.51,1103.76,14772.9004,7261.6401,3229.1201,1681.46,44475.2007,E1,N,N
01/07/2020,8:00,10860.7998,1725.9399,3897.6799,1023.93,14463.5996,7277.7202,3281.21,1593.8101,44124.6895,E2,N,N
01/07/2020,8:00,10583.0996,1765.46,3878.6599,1140.98,14996.7998,7192.75,3207.52,1593.99,44359.2593,E3,N,N
01/07/2020,8:00,10458.8613,1761.6174,3889.4873,1079.8091,14787.0361,7049.7871,3102.5601,1597.0481,43726.2065,M,Y,N
01/07/2020,9:00,10007.7529,1657.1282,3859.8823,990.4833,14527.0811,6003.1348,2752.3406,1396.7056,41194.5088,A3,N,N
01/07/2020,9:00,9804.7813,1561.5403,3838.0066,1014.3248,14056.2207,6431.2622,2626.7151,1434.2527,40767.1037,A6,N,N
01/07/2020,9:00,10568.0996,1769.72,3845.05,1092.6,14629.5,6653.3198,3057.1799,1562.85,43178.3193,E,N,N
01/07/2020,9:00,10603.7002,1750.21,3838.97,1107.73,14310.7998,6953.6001,3082.1799,1605.8101,43253.0001,E1,N,N
01/07/2020,9:00,10807,1697.46,3835.49,1022.62,14232,7052.4902,3190.0801,1538.27,43375.4103,E2,N,N
01/07/2020,9:00,10580.2998,1745.34,3833.45,1137.76,14317.7002,6933.48,3063.24,1556.11,43167.38,E3,N,N
01/07/2020,9:00,10469.8262,1721.567,3843.1431,1077.4128,14359.6973,6816.9497,3005.3477,1544.9919,42838.9357,M,Y,N
01/07/2020,10:00,10282.8115,1602.4493,3802.9646,989.0187,14350.0303,6023.2402,2817.1843,1336.1981,41203.897,A3,N,N
01/07/2020,10:00,10045.9922,1504.2194,3735.3186,1012.285,13980.8965,6225.061,2717.7656,1347.3945,40568.9328,A6,N,N
01/07/2020,10:00,10570.5,1711.21,3783.8899,1098.14,13977.7998,6371.5498,2983.1399,1491.86,41988.0894,E,N,N
01/07/2020,10:00,10675,1709.6,3780.9199,1112.1801,13811.5,6571.8301,3089.5,1521.01,42271.5401,E1,N,N
01/07/2020,10:00,10791.5996,1645.9301,3779.8101,1025.53,13938.2998,6748.8999,3136.21,1445.4,42511.6795,E2,N,N
01/07/2020,10:00,10631.2002,1679.3,3783.4199,1155.26,13804.0996,6539.98,2936.3101,1445.5601,41975.1299,E3,N,N
01/07/2020,10:00,10567.5156,1667.4797,3787.2888,1084.1373,13929.4531,6514.5264,2975.6675,1456.4998,41982.5682,M,Y,N
01/07/2020,11:00,10476.8633,1516.9675,3779.0835,982.345,13715.3818,6012.0117,2880.0635,1290.9021,40653.6184,A3,N,N
01/07/2020,11:00,10312.7393,1427.0358,3695.8635,985.9134,13251.6943,6088.0742,2830.3774,1262.066,39853.7639,A6,N,N
01/07/2020,11:00,10555.4004,1635.15,3737.29,1076.71,13377.7998,6096.7002,2903.4099,1361.02,40743.4803,E,N,N
01/07/2020,11:00,10711.4004,1679.37,3732.1899,1102.8101,13475.4004,6393.3599,3033.53,1403.2,41531.2607,E1,N,N
01/07/2020,11:00,10745.2998,1579.85,3724.1499,1001.51,13620.7998,6432.8198,3067.74,1363.8199,41535.9892,E2,N,N
01/07/2020,11:00,10620.5996,1615.54,3770.52,1137.2,13477.2998,6295.0298,2947.24,1375.3,41238.7292,E3,N,N
01/07/2020,11:00,10614.8037,1604.8444,3753.1284,1067.7618,13530.0234,6293.8911,2961.6023,1367.0703,41193.1254,M,Y,N
01/07/2020,12:00,10419.3906,1420.6002,3736.1975,981.2097,13271.9521,5887.2871,2902.5488,1238.8998,39858.0858,A3,N,N
01/07/2020,12:00,10381.0625,1393.9399,3640.438,968.6187,12686.8301,5765.2876,2873.1377,1180.9153,38890.2298,A6,N,N
01/07/2020,12:00,10447.0996,1565.53,3682.1499,1029.5699,12763.9004,5844.52,2831.49,1334.1899,39498.4497,E,N,N
01/07/2020,12:00,10605.5,1610.17,3668.28,1086.84,13167.7998,6159.5601,3031.9199,1354.6899,40684.7597,E1,N,N
01/07/2020,12:00,10604.4004,1521.1801,3656.79,969.318,13228.5,6130.1099,2985.6399,1299.89,40395.8283,E2,N,N
01/07/2020,12:00,10375.4004,1557.28,3685.1101,1086.96,13226.4004,6078.8501,2936.3799,1314.27,40260.6509,E3,N,N
01/07/2020,12:00,10481.5098,1532.8513,3689.7644,1037.127,13160.1563,6058.6055,2944.8535,1313.8488,40218.7166,M,Y,N
01/07/2020,13:00,10269.3828,1368.6243,3674.7732,957.157,12675.5059,5759.4077,2916.0049,1187.1639,38808.0197,A3,N,N
01/07/2020,13:00,10327.1289,1333.8628,3652.7952,940.8928,12406.7578,5704.1514,2867.6174,1133.5652,38366.7715,A6,N,N
01/07/2020,13:00,10295.5,1503.53,3636.98,983.875,12197.2002,5626.1802,2764.97,1283.08,38291.3154,E,N,N
01/07/2020,13:00,10394.7998,1547.26,3617.51,1025.25,12759.4004,5909.2402,2918.9199,1327.1801,39499.5604,E1,N,N
01/07/2020,13:00,10392.7002,1465.75,3601.53,940.913,12780.7998,5879.4702,2905.76,1242.6899,39209.6131,E2,N,N
01/07/2020,13:00,10353.2998,1502.52,3619.3799,1036.84,12651.5996,5888.5298,2858.8501,1259.3199,39170.3391,E3,N,N
01/07/2020,13:00,10340.3955,1475.7611,3632.7295,993.3798,12657.0391,5842.5083,2882.2852,1266.078,39090.1765,M,Y,N
01/07/2020,14:00,10193.6563,1344.9169,3643.2004,930.3701,12239.918,5638.5522,2917.4094,1153.6881,38061.7114,A3,N,N
01/07/2020,14:00,10305.5869,1292.2206,3684.3076,907.7878,11907.4346,5586.9014,2869.9119,1070.6849,37624.8357,A6,N,N
01/07/2020,14:00,10209.2998,1453.66,3605.3101,960.752,11729.7002,5457.7202,2715.8899,1225.3101,37357.6423,E,N,N
01/07/2020,14:00,10468.9004,1515.96,3586.3,1048.76,12400.7998,5740.04,2909.0801,1255.33,38925.1703,E1,N,N
01/07/2020,14:00,10261.4004,1419.58,3566.1299,928.816,12398.7998,5690.3799,2858.5601,1195.41,38319.0761,E2,N,N
01/07/2020,14:00,10388,1465.29,3603.55,1016.57,12114.7002,5678.8799,2848.1799,1194.92,38310.09,E3,N,N
01/07/2020,14:00,10321.4766,1440.6967,3604.6926,984.9268,12224.7773,5664.3584,2865.4736,1208.7898,38315.1918,M,Y,N
01/07/2020,15:00,10088.8965,1325.345,3602.061,912.0861,11832.3857,5587.0537,2916.4094,1150.4355,37414.6729,A3,N,N
01/07/2020,15:00,10232.9023,1262.4467,3577.2808,896.6397,11498.1348,5522.0571,2868.8655,1078.2495,36936.5764,A6,N,N
01/07/2020,15:00,10121.2998,1415.1899,3572.5,932.688,11306.2002,5351.1802,2684.03,1184.08,36567.1681,E,N,N
01/07/2020,15:00,10392.7002,1472.5601,3549.8701,970.2,11817.7998,5619.3301,2888.9199,1237.58,37948.9602,E1,N,N
01/07/2020,15:00,10111,1381.34,3529.8201,906.802,12003.4004,5555.0498,2838.5,1169.87,37495.7823,E2,N,N
01/07/2020,15:00,10073,1377.22,3575.28,986.797,11918.5996,5543.5698,2816.3701,1177.9399,37468.7764,E3,N,N
01/07/2020,15:00,10167.6865,1393.3474,3569.593,946.5465,11827.2734,5546.7666,2845.741,1188.162,37485.1164,M,Y,N
01/07/2020,16:00,10024.415,1317.4365,3567.2988,889.7457,11600.1523,5614.9565,2911.9536,1171.7546,37097.713,A3,N,N
01/07/2020,16:00,10178.1406,1257.3855,3531.074,876.7057,11243.7441,5572.8892,2874.999,1115.8174,36650.7555,A6,N,N
01/07/2020,16:00,10083.0996,1403.0601,3549.4399,902.587,11061,5336.21,2659.26,1224.26,36218.9166,E,N,N
01/07/2020,16:00,10275.4004,1447.38,3528.3201,955.034,11676.7998,5531.0698,2882.5601,1235.9,37532.4642,E1,N,N
01/07/2020,16:00,10061.4004,1374.97,3510.74,887.016,11840.4004,5517.5498,2829.71,1165.37,37187.1566,E2,N,N
01/07/2020,16:00,10124,1407.11,3541.3701,957.54,11662,5510.8101,2826.52,1211.3199,37240.6701,E3,N,N
01/07/2020,16:00,10124.0166,1390.2354,3541.7698,923.9391,11627.4434,5508.7534,2841.3794,1202.6493,37160.1864,M,Y,N
01/07/2020,17:00,10008.4443,1337.5636,3562.3848,880.8526,11899.6426,5772.8594,2931.1663,1224.5684,37617.482,A3,N,N
01/07/2020,17:00,10155.8662,1296.1504,3515.3821,862.5143,11555.4238,5777.0786,2915.0151,1191.3079,37268.7384,A6,N,N
01/07/2020,17:00,10109.0996,1443.73,3547.27,892.002,11230,5477.3101,2659.3501,1256.24,36615.0018,E,N,N
01/07/2020,17:00,10219.2002,1487.9399,3528.1799,944.086,11835.5996,5589.3198,2869.8501,1221.64,37695.8155,E1,N,N
01/07/2020,17:00,10053.7998,1404.5601,3515.01,873.934,11964.0996,5629.2598,2854.3401,1190.64,37485.6434,E2,N,N
01/07/2020,17:00,10013.4004,1424.15,3515.76,946.564,11941.7998,5619.8799,2811.3799,1244.92,37517.854,E3,N,N
01/07/2020,17:00,10080.624,1418.4496,3534.366,912.7528,11826.5811,5615.8857,2842.3103,1224.401,37455.3705,M,Y,N
01/07/2020,18:00,10415.9238,1437.4285,3617.9207,908.4435,12764.9355,6145.519,2996.7717,1293.3558,39580.2985,A3,N,N
01/07/2020,18:00,10493.9277,1405.5099,3579.4849,885.9559,12411.6572,6181.7173,3007.1885,1288.6129,39254.0543,A6,N,N
01/07/2020,18:00,10311.2998,1545.89,3582.3701,911.784,12003.2002,5831.4199,2704.8301,1299.23,38190.0241,E,N,N
01/07/2020,18:00,10435.0996,1562.08,3564.52,974.03,12934.2002,5948.52,2980.05,1337.7,39736.1998,E1,N,N
01/07/2020,18:00,10330.5996,1507.9399,3560.1599,902.647,12708.7002,6003.9102,2915.3,1250.72,39179.9768,E2,N,N
01/07/2020,18:00,10196.5,1529.65,3611.55,957.671,12656.5996,6012.6299,2813.6599,1304.05,39082.3104,E3,N,N
01/07/2020,18:00,10342.1182,1514.0184,3591.3137,936.1155,12670.8926,5988.3828,2900.1367,1297.1907,39240.1686,M,Y,N
01/07/2020,19:00,10829.5244,1522.8179,3750.3958,961.5593,13671.9092,6562.8672,3139.9128,1352.301,41791.2876,A3,N,N
01/07/2020,19:00,10803.207,1493.7476,3751.9673,926.4628,13247.1143,6624.5806,3145.1414,1308.6639,41300.8849,A6,N,N
01/07/2020,19:00,10752.0996,1691.33,3672.7,998.214,13173.7002,6415.4102,2902.1499,1392.0699,40997.6738,E,N,N
01/07/2020,19:00,10942.7998,1672.39,3674.0701,1034.0601,13732.2002,6522.7598,3112.3301,1400.24,42090.8501,E1,N,N
01/07/2020,19:00,10814.5,1642.66,3663.6699,975.869,13747.0996,6628.6699,3134.4199,1342.28,41949.1683,E2,N,N
01/07/2020,19:00,10643.5,1639.13,3674.97,1056.4399,13730.7002,6512.23,3045.45,1352.1801,41654.6002,E3,N,N
01/07/2020,19:00,10799.7813,1625.3333,3691.905,1011.5639,13658.2002,6538.1997,3078.9944,1366.7214,41770.6992,M,Y,N
01/07/2020,20:00,10817.3477,1539.4741,3816.6143,976.4557,13684.4512,6527.105,3102.021,1361.7577,41825.2267,A3,N,N
01/07/2020,20:00,10778.4434,1515.8547,3828.2922,928.7054,13094.2764,6599.0542,3086.2917,1281.8254,41112.7434,A6,N,N
01/07/2020,20:00,10858,1741.76,3722.78,1032.5,13610.2998,6657.23,3015.6499,1412.47,42050.6897,E,N,N
01/07/2020,20:00,10939.9004,1703.61,3720.01,1063.66,14114.2998,6719.27,3214.1299,1483.39,42958.2701,E1,N,N
01/07/2020,20:00,10848.4004,1678.67,3712.1201,995.43,14013.2002,6845.04,3216.76,1387.49,42697.1107,E2,N,N
01/07/2020,20:00,10836.4004,1675.58,3754.76,1083.8199,13997.9004,6612.27,3136.03,1423.85,42520.6107,E3,N,N
01/07/2020,20:00,10861.7129,1657.2197,3752.2085,1036.8469,13943.1934,6692.1865,3142.0964,1420.4611,42505.9254,M,Y,N
01/07/2020,21:00,10726.6855,1550.8334,3831.2368,992.249,13819.2813,6496.0762,3038.634,1378.0653,41833.0615,A3,N,N
01/07/2020,21:00,10687.9385,1529.7822,3824.8635,941.1602,13216.7129,6646.4023,2991.6738,1325.9351,41164.4685,A6,N,N
01/07/2020,21:00,10806.4004,1760.37,3734.1799,1036.28,13712.7002,6689.46,3050.8501,1422.6,42212.8406,E,N,N
01/07/2020,21:00,10989.4004,1745.99,3733.9099,1045.3101,13987.9004,6923.6499,3262.6899,1460.67,43149.5206,E1,N,N
01/07/2020,21:00,10827.7998,1707,3727.96,996.872,14087.5,6925.6201,3254.0801,1404.11,42930.942,E2,N,N
01/07/2020,21:00,10743.0996,1695.83,3722.6001,1083.9,13922.9004,6950.0801,3229.1299,1442.89,42790.4301,E3,N,N
01/07/2020,21:00,10819.0713,1681.5846,3754.7041,1035.0867,13941.0723,6848.0298,3170.7297,1427.0007,42677.2792,M,Y,N
01/07/2020,22:00,10591.7412,1529.4502,3812.9626,1003.5198,13736.1406,6459.8916,2994.9805,1402.4764,41531.1629,A3,N,N
01/07/2020,22:00,10530.8818,1548.5948,3748.1726,962.2271,13138.8184,6748.9185,2943.8489,1406.8954,41028.3575,A6,N,N
01/07/2020,22:00,10555.4004,1726.79,3713.6799,1011.3,13408.2002,6544.9199,3011.3999,1455.16,41426.8503,E,N,N
01/07/2020,22:00,10588.7998,1727.85,3713.26,1050.6801,13771,6766.8999,3329.5,1507.88,42455.8698,E1,N,N
01/07/2020,22:00,10577.5,1683.21,3705.46,978.098,13796.0996,6806.5601,3209.3401,1393.9399,42150.2077,E2,N,N
01/07/2020,22:00,10598.2002,1678.3101,3699.6201,1052.05,13699.9004,6781.21,3207.21,1454.65,42171.1508,E3,N,N
01/07/2020,22:00,10586.2979,1660.1526,3733.8533,1022.0595,13709.793,6714.2686,3160.5151,1446.322,42033.262,M,Y,N
01/07/2020,23:00,10287.9014,1504.6415,3772.6833,979.9863,13263.2539,6313.4507,2932.863,1392.5211,40447.3012,A3,N,N
01/07/2020,23:00,10209.9648,1523.8057,3740.7395,939.9312,12786.1621,6673.2339,2865.2002,1427.5957,40166.6331,A6,N,N
01/07/2020,23:00,10131.2002,1656.38,3666.49,958.415,12689.9004,6320.8799,2904.8,1469.11,39797.1755,E,N,N
01/07/2020,23:00,10240.9004,1650.89,3651.6799,985.389,13073.4004,6574.7202,3100.1799,1530.53,40807.6898,E1,N,N
01/07/2020,23:00,10142,1611.51,3643.3899,933.152,13126.4004,6496.6899,3067.6699,1349.17,40369.9821,E2,N,N
01/07/2020,23:00,10074.0996,1622.84,3700.1001,983.099,13156.5,6615.4199,3082.8899,1477.05,40711.9985,E3,N,N
01/07/2020,23:00,10184.875,1603.0791,3694.8511,967.7102,13083.2188,6500.9985,3025.542,1446.8914,40507.1661,M,Y,N
01/07/2020,24:00,9961.293,1457.1541,3734.7268,957.156,12899.9307,6175.2285,2877.9854,1372.8267,39436.3012,A3,N,N
01/07/2020,24:00,10033.3857,1498.6505,3653.3979,924.3586,12520.9043,6560.1436,2836.2419,1458.0964,39485.1789,A6,N,N
01/07/2020,24:00,9776.7695,1598.46,3642.3301,926.154,12179.7002,6142.98,2770.8501,1458.8,38496.0439,E,N,N
01/07/2020,24:00,9831.5195,1599.23,3624.27,969.953,12494.4004,6365.6699,2974.8101,1477.4399,39337.2928,E1,N,N
01/07/2020,24:00,9686.5703,1546.38,3605.6799,897.481,12496.7002,6174.6099,2887.75,1294.1,38589.2713,E2,N,N
01/07/2020,24:00,9822.0195,1569.3,3679.1001,943.491,12760.5996,6347.5601,2893.76,1420.91,39436.7403,E3,N,N
01/07/2020,24:00,9836.625,1549.5261,3665.5254,938.145,12572.8789,6261.7363,2893.9639,1402.0659,39120.4665,M,Y,N
01/08/2020,1:00,9810.1475,1430.7017,3722.3545,935.4981,12875.6973,6020.6055,2824.6523,1327.8455,38947.5024,A3,N,N
01/08/2020,1:00,9860.5713,1567.5569,3719.4456,924.5394,12789.4395,6364.7163,2844.5881,1365.1884,39436.0455,A6,N,N
01/08/2020,1:00,9935.9004,1569.73,3623.1699,914.756,13102.9004,6139.5,2701.03,1515.99,39502.9767,E,N,N
01/08/2020,1:00,9646.6904,1578.64,3595.8501,958.407,12873.5,6246.1401,2868.95,1463.85,39232.0276,E1,N,N
01/08/2020,1:00,9372.29,1513.1,3571.4299,872.732,12309.9004,5987.8901,2794.9099,1248.8,37671.0523,E2,N,N
01/08/2020,1:00,9691.3096,1546.28,3662.9399,929.876,12736.2002,6227.0698,2777.6001,1427.22,38998.4956,E3,N,N
01/08/2020,1:00,9700.5605,1524.259,3644.6108,921.5355,12727.2246,6135.2886,2804.793,1390.4468,38848.7188,M,Y,N
01/08/2020,2:00,9729.8828,1447.5698,3709.3979,939.9318,12782.8545,6060.2354,2780.0059,1320.8469,38770.725,A3,N,N
01/08/2020,2:00,9736.0303,1544.938,3718.6816,928.5524,12775.1484,6372.1919,2779.531,1377.2368,39232.3104,A6,N,N
01/08/2020,2:00,9847.96,1561.96,3617.28,918.234,13149.2002,6177.6802,2662.1899,1573.95,39508.4543,E,N,N
01/08/2020,2:00,9494.5703,1561.6801,3583.5701,957.936,12724.2002,6182.98,2800.6201,1464.75,38770.3068,E1,N,N
01/08/2020,2:00,9250.25,1506.47,3551.47,872.117,12252.4004,5946.1499,2755.29,1237.92,37372.0673,E2,N,N
01/08/2020,2:00,9558.1396,1527.46,3653.1599,932.843,12865,6177.3301,2723.8999,1449.28,38887.1125,E3,N,N
01/08/2020,2:00,9582.9248,1517.7312,3632.626,922.9947,12701.9063,6106.3545,2753.3164,1399.8372,38617.6911,M,Y,N
01/08/2020,3:00,9772.2705,1469.0651,3715.5674,954.951,12951.5723,6205.8691,2779.3765,1331.9681,39180.64,A3,N,N
01/08/2020,3:00,9689.3809,1553.9862,3748.8345,948.9218,13092.8838,6422.8223,2779.9131,1376.9591,39613.7017,A6,N,N
01/08/2020,3:00,9822.6904,1575.14,3619,931.256,13216.2998,6283.8501,2674.73,1627.88,39750.8463,E,N,N
01/08/2020,3:00,9582.3301,1576.66,3581.6699,962.366,12999.2002,6136.2002,2847.9199,1528.04,39214.3863,E1,N,N
01/08/2020,3:00,9230.3301,1516.34,3547.5801,881.806,12325,6002.2402,2763.0701,1252.13,37518.4965,E2,N,N
01/08/2020,3:00,9628.7002,1553.73,3662.5901,946.299,13067.5,6225.54,2770.3601,1497.34,39352.0594,E3,N,N
01/08/2020,3:00,9627.4521,1536.2987,3635.7793,933.3936,12868.9092,6152.21,2779.1392,1439.3585,38972.5406,M,Y,N
01/08/2020,4:00,9909.4717,1495.5334,3740.3706,964.9749,13139.3662,6263.0518,2797.9758,1351.7861,39662.5305,A3,N,N
01/08/2020,4:00,9738.8184,1572.585,3788.478,962.2844,13311.457,6467.7314,2814.1797,1402.8699,40058.4038,A6,N,N
01/08/2020,4:00,9921.1299,1607.36,3637.8701,951.214,13443.9004,6421.5898,2715.26,1675.03,40373.3542,E,N,N
01/08/2020,4:00,9659.6699,1620.8101,3599.1201,975.296,13251.7998,6423.8799,2884.4399,1540.74,39955.7557,E1,N,N
01/08/2020,4:00,9320.9697,1543.5699,3565.3799,898.598,12563.5996,6140.5898,2804.05,1292.73,38129.4869,E2,N,N
01/08/2020,4:00,9691.3301,1600.54,3672.4099,963.446,13356.7998,6412.52,2813.97,1529.4301,40040.4459,E3,N,N
01/08/2020,4:00,9720.3809,1573.0872,3653.3813,948.8586,13115.958,6329.8276,2814.0103,1469.077,39624.5809,M,Y,N
01/08/2020,5:00,10312.8711,1560.8413,3762.9507,994.4639,13634.2539,6551.8823,2866.8779,1382.2645,41066.4056,A3,N,N
01/08/2020,5:00,10044.7715,1634.4589,3814.7825,999.4623,13660.1377,6762.7588,2883.7898,1448.2867,41248.4482,A6,N,N
01/08/2020,5:00,10253.9004,1670.92,3685.3799,990.741,13956.7998,6703.73,2822.9299,1694.37,41778.771,E,N,N
01/08/2020,5:00,9962.2002,1677.67,3646.26,1012.54,13848.7998,6988.27,2947.04,1610.39,41693.17,E1,N,N
01/08/2020,5:00,9629.0801,1598.04,3612.99,930.075,13098.0996,6428.8701,2902.26,1349.14,39548.5548,E2,N,N
01/08/2020,5:00,10102.5996,1647.84,3717.51,1001.08,13865.0996,6770.79,3130.48,1585.73,41821.1292,E3,N,N
01/08/2020,5:00,10079.791,1630.2078,3693.9763,984.0743,13651.8828,6703.9336,2951.748,1520.8943,41216.5081,M,Y,N
01/08/2020,6:00,10856.0684,1672.8474,3792.2437,1044.3782,14593.3447,7075.7202,3025.1511,1454.2839,43514.0376,A3,N,N
01/08/2020,6:00,10617.9902,1743.4073,3842.6787,1047.4291,14637.4941,7264.4175,3031.4971,1527.9486,43712.8626,A6,N,N
01/08/2020,6:00,10988.2998,1803.29,3767.05,1070.4,14967.0996,7279.4902,3080.51,1744.66,44700.7996,E,N,N
01/08/2020,6:00,10756.4004,1841.15,3727.8999,1072.6,14760.2002,7417.77,3193.99,1636.21,44406.2205,E1,N,N
01/08/2020,6:00,10389.4004,1720.62,3694.03,998.067,14203.9004,7042.8701,3152.8101,1470.8199,42672.5179,E2,N,N
01/08/2020,6:00,10874.7998,1786.99,3768.49,1079.84,14978.7002,7399.1499,3127.1599,1630.02,44645.1498,E3,N,N
01/08/2020,6:00,10794.0303,1765.7356,3754.7932,1051.974,14680.7549,7259.3491,3115.7405,1584.1305,44006.5081,M,Y,N
01/08/2020,7:00,11575.8369,1829.4395,3842.0698,1114.0983,15832.958,7753.1011,3294.083,1551.3461,46792.9327,A3,N,N
01/08/2020,7:00,11294.0898,1866.4227,3882.989,1106.0609,15754.7139,7914.9434,3270.0786,1611.052,46700.3503,A6,N,N
01/08/2020,7:00,11899.9004,1992.61,3869.6699,1176.6801,16308.7002,8033.8701,3520.6399,1923.35,48725.4206,E,N,N
01/08/2020,7:00,11868,2021.17,3837.95,1161.38,16412.5996,8205.9102,3688.5901,1805.92,49001.5199,E1,N,N
01/08/2020,7:00,11426.5,1923.27,3798.29,1100.37,15812.4004,7928.8501,3645.95,1644.89,47280.5205,E2,N,N
01/08/2020,7:00,11708,1996.29,3814.78,1196.28,16497.9004,8234.6396,3606.74,1782.78,48837.41,E3,N,N
01/08/2020,7:00,11703.7598,1951.21,3832.1951,1150.8547,16198.4316,8065.7217,3543.177,1742.7346,48188.0845,M,Y,N
01/08/2020,8:00,11723.5557,1911.9033,3882.5234,1136.802,16223.1777,7950.4785,3396.8267,1594.6476,47819.9149,A3,N,N
01/08/2020,8:00,11616.0938,1909.832,3916.5879,1128.3043,15976.4658,8143.0479,3381.3037,1657.2062,47728.8416,A6,N,N
01/08/2020,8:00,12194.4004,2046.6801,3921.0601,1217.42,16809.6992,8294.4502,3670.8101,1945.33,50099.8501,E,N,N
01/08/2020,8:00,12011.5,2063.99,3899.96,1218.98,17016,8614.3203,3787.28,1841.65,50453.6803,E1,N,N
01/08/2020,8:00,11775.7002,1979.9301,3853.6299,1138.11,16480.0996,8257.3496,3797.5801,1711.05,48993.4495,E2,N,N
01/08/2020,8:00,12252.0996,2052.01,3865.05,1236.49,17150.5996,8562.8301,3762.96,1841.17,50723.2093,E3,N,N
01/08/2020,8:00,11993.0508,2010.302,3883.7195,1192.6729,16790.7852,8389.2412,3670.3154,1790.9646,49721.0516,M,Y,N
01/08/2020,9:00,11762.1973,1881.3134,3863.5847,1114.787,16185.8145,7750.3223,3371.0342,1534.6908,47463.7442,A3,N,N
01/08/2020,9:00,11575.5752,1856.499,3879.657,1122.7395,15899.0752,7937.7568,3423.4207,1608.0741,47302.7975,A6,N,N
01/08/2020,9:00,12002.7998,1978.92,3870.8899,1200.38,16245.2998,7961.5098,3520.7,1860.51,48641.0093,E,N,N
01/08/2020,9:00,11927.7998,1966.65,3820.3799,1189.27,16026.5,8113.3198,3587.3101,1779.22,48410.4496,E1,N,N
01/08/2020,9:00,11607.4004,1912.3101,3775.3899,1119.27,15885.7002,7920.4902,3602.8401,1588.63,47412.0309,E2,N,N
01/08/2020,9:00,11903,1968.34,3805.8301,1214.83,16125.2002,8113.4399,3592.54,1765.97,48489.1502,E3,N,N
01/08/2020,9:00,11849.5244,1940.4795,3828.2339,1170.2384,16063.2393,8000.7915,3528.1636,1707.855,48088.5256,M,Y,N
01/08/2020,10:00,11478.8389,1829.5458,3793.0928,1109.4518,15946.6777,7524.022,3372.5527,1450.3716,46504.5533,A3,N,N
01/08/2020,10:00,11546.4639,1787.3981,3775.2014,1121.6685,15733.7695,7833.5571,3471.6565,1510.8734,46780.5884,A6,N,N
01/08/2020,10:00,11763.5996,1881.17,3799.6101,1187.61,15491.7998,7488.3398,3341.8201,1701.9301,46655.8795,E,N,N
01/08/2020,10:00,11731,1893.62,3766.9099,1189.16,15286.7002,7539.6401,3468.24,1590.39,46465.6602,E1,N,N
01/08/2020,10:00,11436.4004,1821.6801,3732.48,1108.3199,15135,7431.25,3428.1101,1453.4,45546.6405,E2,N,N
01/08/2020,10:00,11773.5996,1866.14,3764.6499,1209.2,15291.2002,7552.2998,3377.8,1613.67,46448.5595,E3,N,N
01/08/2020,10:00,11645.8594,1860.1827,3772.6743,1163.8027,15358.0342,7507.3428,3400.8894,1558.4027,46267.1882,M,Y,N
01/08/2020,11:00,11351.2295,1746.3667,3764.552,1077.4446,15342.8086,7196.6548,3320.7717,1374.1709,45173.9988,A3,N,N
01/08/2020,11:00,11491.1074,1711.7917,3732.6289,1088.198,15059.2236,7526.2036,3484.811,1411.0521,45505.0163,A6,N,N
01/08/2020,11:00,11515.2998,1767.16,3737.6201,1143.64,14783.2998,7035.2002,3149.8799,1629.08,44761.1798,E,N,N
01/08/2020,11:00,11467.9004,1785.55,3703.75,1137.59,14529,7108.1001,3323.0601,1516.39,44571.3406,E1,N,N
01/08/2020,11:00,11220.0996,1707.8101,3670.72,1063.79,14409,6946.4702,3243.53,1347.13,43608.5499,E2,N,N
01/08/2020,11:00,11475.9004,1763.67,3709.0801,1166.28,14649.5996,7146.4199,3286.03,1499.79,44696.77,E3,N,N
01/08/2020,11:00,11415.6816,1758.2681,3720.3882,1119.5505,14662.6641,7079.2295,3281.6416,1466.2339,44503.6575,M,Y,N
01/08/2020,12:00,11010.5176,1660.9393,3723.3555,1056.1155,14648.3867,6749.9058,3204.0713,1292.4706,43345.7623,A3,N,N
01/08/2020,12:00,11170.1357,1640.9155,3673.8887,1074.5094,14306.4639,6915.3228,3352.554,1300.5641,43434.3541,A6,N,N
01/08/2020,12:00,11212,1660.5,3683.1899,1086.54,14095.2002,6638.0698,2964.0601,1540.22,42879.78,E,N,N
01/08/2020,12:00,11097.7998,1681.64,3644.3899,1109.36,13859.9004,6716.52,3180.8101,1422.8101,42713.2303,E1,N,N
01/08/2020,12:00,10932.2002,1604.25,3603.97,1014.81,13676.5,6510.5498,3069.0601,1270.13,41681.4701,E2,N,N
01/08/2020,12:00,11012.5,1651.25,3693.21,1109.62,13915.5,6626.2002,3102.51,1435.8199,42546.6101,E3,N,N
01/08/2020,12:00,11048.2295,1656.5511,3676.1338,1076.2794,13955.9238,6636.8145,3125.9878,1386.2762,42562.1961,M,Y,N
01/08/2020,13:00,10652.1211,1517.9399,3691.3416,1013.5267,13473.1611,6374.7573,3102.759,1215.6891,41041.2958,A3,N,N
01/08/2020,13:00,10815.9629,1552.3801,3640.8682,1033.4365,12915.9287,6556.311,3181.9419,1200.7714,40897.6007,A6,N,N
01/08/2020,13:00,10923.5996,1572.42,3619.75,1028.4301,13467.2998,6305.4502,2809.9399,1481.9301,41208.8197,E,N,N
01/08/2020,13:00,10781.5996,1584.71,3577.9399,993.458,13090.7998,6299.5,3008.3799,1357.3,40693.6872,E1,N,N
01/08/2020,13:00,10593.0996,1518.27,3542.4399,968.918,12981.7998,6156.21,2935.97,1207.6899,39904.3972,E2,N,N
01/08/2020,13:00,10847.4004,1562.12,3599.29,1048.3199,13087,6237.8398,2960.3899,1352.09,40694.45,E3,N,N
01/08/2020,13:00,10759.8672,1552.5288,3612.4165,1007.9186,13157.458,6258.4131,2986.1208,1316.4724,40651.1954,M,Y,N
01/08/2020,14:00,10460.2783,1453.3044,3665.2236,969.8246,12887.502,6092.3159,3025.4851,1171.3558,39725.2897,A3,N,N
01/08/2020,14:00,10631.9482,1487.8364,3653.9038,970.4769,12472.5557,6174.1411,3047.2485,1134.0945,39572.2051,A6,N,N
01/08/2020,14:00,10731.5,1508.7,3577.4299,993.117,12964.7002,6051.98,2704.8701,1414.4399,39946.7371,E,N,N
01/08/2020,14:00,10804,1514.4301,3545.4099,1055.8,12714.2002,6063.04,2891.21,1297.4301,39885.5203,E1,N,N
01/08/2020,14:00,10381.4004,1455.47,3512.29,941.869,12440.9004,5906.3599,2847.6001,1151.01,38636.8998,E2,N,N
01/08/2020,14:00,10768.7998,1494.9301,3573.5,1013.56,12505.5996,5874.1899,2813.6499,1304.0601,39348.2894,E3,N,N
01/08/2020,14:00,10647.3818,1486.1874,3582.2485,998.175,12646.7012,5978.9341,2876.645,1261.3496,39477.6226,M,Y,N
01/08/2020,15:00,10297.0176,1409.3916,3616.5803,938.7717,12397.0342,5945.0259,2979.9954,1167.6671,38751.4838,A3,N,N
01/08/2020,15:00,10380.0986,1446.3512,3600.2063,948.2561,11953.6719,5954.0967,3014.4717,1121.5725,38418.725,A6,N,N
01/08/2020,15:00,10547.0996,1465.3199,3530.6399,958.342,12532.7998,5884.8599,2643.8601,1370.27,38933.1912,E,N,N
01/08/2020,15:00,10542.7002,1487.12,3508.47,985.11,12014.4004,5849.8198,2873.5901,1265.53,38526.7405,E1,N,N
01/08/2020,15:00,10178,1406.52,3486.3601,913.7,11980.5,5720.0098,2794.97,1124.11,37604.1699,E2,N,N
01/08/2020,15:00,10267.2002,1421.0699,3555.3301,980.224,11938.4004,5724.7202,2749.24,1292.89,37929.0748,E3,N,N
01/08/2020,15:00,10367.3672,1438.3754,3547.22,956.8977,12099.5547,5802.3735,2830.5603,1237.8746,38280.2234,M,Y,N
01/08/2020,16:00,10233.2012,1385.7225,3577.1714,904.0588,12106.6426,5904.02,2952.0249,1186.4075,38249.2489,A3,N,N
01/08/2020,16:00,10289.2412,1420.0831,3546.7712,918.6705,11639.0801,5880.2676,2994.6411,1147.5143,37836.2691,A6,N,N
01/08/2020,16:00,10416,1441.79,3495.52,924.455,12286.2002,5819.9102,2616.27,1363.1801,38363.3255,E,N,N
01/08/2020,16:00,10447.2998,1452.89,3472.95,999.664,11969.2002,5722.6499,2799.74,1241.02,38105.4139,E1,N,N
01/08/2020,16:00,10086.7002,1389.58,3458.54,887.324,11782.9004,5667.9102,2773.5901,1125.85,37172.3949,E2,N,N
01/08/2020,16:00,10439.5996,1436.3,3521.7,945.435,11818.2998,5704.6401,2743.3899,1259.4399,37868.8043,E3,N,N
01/08/2020,16:00,10342.8623,1422.6494,3512.2131,936.67,11941.7061,5739.2915,2797.5212,1225.2759,37918.1895,M,Y,N
01/08/2020,17:00,10239.0615,1396.6898,3571.4319,889.9331,12439.0635,6022.2993,2966.3713,1238.5488,38763.3992,A3,N,N
01/08/2020,17:00,10266.9092,1453.52,3527.625,901.5087,11974.1494,6014.7437,3018.8105,1217.3828,38374.6493,A6,N,N
01/08/2020,17:00,10425.5996,1475.74,3498.1299,911.959,12410.0996,5910.4902,2645.95,1399.92,38677.8883,E,N,N
01/08/2020,17:00,10390.5,1476.48,3484.3401,980.87,12063.4004,5908.27,2845.1101,1280.08,38429.0506,E1,N,N
01/08/2020,17:00,10064.2002,1417.67,3475.25,875.024,11950.7002,5761.2402,2796.8799,1170.67,37511.6345,E2,N,N
01/08/2020,17:00,10318.4004,1467.86,3516.1001,933.745,12339.5,5789.8398,2783.21,1279.65,38428.3053,E3,N,N
01/08/2020,17:00,10298.2148,1446.9337,3514.6406,922.6462,12194.5459,5856.436,2829.0266,1262.4086,38324.8524,M,Y,N
01/08/2020,18:00,10711.6875,1499.811,3623.4329,918.1685,13334.749,6379.0269,3046.9238,1307.1945,40820.9941,A3,N,N
01/08/2020,18:00,10686.8525,1576.4066,3587.5334,934.503,12837.499,6361.6343,3107.9792,1310.3884,40402.7964,A6,N,N
01/08/2020,18:00,10720.4004,1571.67,3552.0901,925.182,13017.9004,6217.04,2745.8701,1430.95,40181.103,E,N,N
01/08/2020,18:00,10738.5996,1585.2,3526.4399,955.832,13144.2002,6305.52,2978.51,1342.4301,40576.7318,E1,N,N
01/08/2020,18:00,10352.2002,1525.1801,3517.0901,898.55,12719.2998,6105.1001,2869.6699,1262.27,39249.3602,E2,N,N
01/08/2020,18:00,10635.7002,1573.66,3580.5701,941.832,13027.5996,6154.7798,2811.0901,1359.6,40084.8318,E3,N,N
01/08/2020,18:00,10655.5723,1551.774,3566.2583,929.4723,13016.8555,6215.8579,2911.0735,1333.3431,40180.2069,M,Y,N
01/08/2020,19:00,11229.9209,1614.2966,3754.5286,968.6743,14530.2646,6825.6948,3224.2361,1367.9575,43515.5734,A3,N,N
01/08/2020,19:00,11103.4434,1689.6582,3757.418,980.2862,13594.0049,6761.9189,3269.1113,1329.7275,42485.5684,A6,N,N
01/08/2020,19:00,11234.4004,1703.42,3672.6001,995.987,13909,6727.6001,2987.5901,1527.75,42758.3477,E,N,N
01/08/2020,19:00,11204,1706.1801,3656.1899,1049.79,13932.9004,6778.25,3109.1499,1468.1,42904.5603,E1,N,N
01/08/2020,19:00,10767.2002,1653.39,3624.0901,964.903,13697.7002,6717.4102,3111.1399,1383.65,41919.4836,E2,N,N
01/08/2020,19:00,11135.5,1705.66,3659.1899,1022.59,14166.4004,6736.5801,3076.6899,1439.12,42941.7303,E3,N,N
01/08/2020,19:00,11142.5557,1676.1354,3679.5635,1004.9034,14004.1582,6752.2222,3114.8604,1434.6809,42809.0797,M,Y,N
01/08/2020,20:00,11398.0469,1641.9634,3819.0283,977.5299,14607.1758,6795.3496,3200.8225,1373.0579,43812.9743,A3,N,N
01/08/2020,20:00,11131.0234,1693.3254,3831.5396,980.5386,13792.1025,6664.9863,3208.9304,1305.1366,42607.5828,A6,N,N
01/08/2020,20:00,11371.4004,1740.96,3734.0801,1016.49,14183.9004,6909.3501,3118.51,1601.61,43676.301,E,N,N
01/08/2020,20:00,11257.5,1728.79,3701.8999,1027.3101,14136,6958.4399,3247.6699,1519.98,43577.5898,E1,N,N
01/08/2020,20:00,10772.2002,1677.99,3665.97,974.252,13866.4004,6862.6499,3192.1699,1433.59,42445.2224,E2,N,N
01/08/2020,20:00,11312,1734.26,3726.1699,1035.3,14165.7998,6852.23,3099.96,1493.63,43419.3497,E3,N,N
01/08/2020,20:00,11259.8369,1703.6221,3736.781,1008.468,14140.9346,6881.4175,3175.948,1483.6334,43390.6415,M,Y,N
01/08/2020,21:00,11324.5137,1673.3824,3831.9656,986.6501,14599.9014,6773.7163,3141.8196,1389.5409,43721.49,A3,N,N
01/08/2020,21:00,11019.7002,1686.7175,3826,992.6434,13923.833,6711.439,3106.5293,1361.5356,42628.398,A6,N,N
01/08/2020,21:00,11323.4004,1750.8101,3759.9299,1012.53,14219.2002,6916.0801,3162,1641.4,43785.3507,E,N,N
01/08/2020,21:00,11222.0996,1772.4,3721.1201,1034.02,14188.2002,7059.4199,3211.3,1527.66,43736.2198,E1,N,N
01/08/2020,21:00,10712,1692.34,3674.0801,973.458,13878.2998,6886.6401,3221.6899,1447.84,42486.3479,E2,N,N
01/08/2020,21:00,11144.5996,1748.24,3700.79,1029.6801,14322.2998,7046.3901,3234.3799,1547.39,43773.7695,E3,N,N
01/08/2020,21:00,11177.2285,1728.8994,3742.7202,1009.187,14199.5879,6959.3374,3194.8359,1509.5901,43521.3864,M,Y,N
01/08/2020,22:00,11222.0127,1687.4668,3809.2004,991.2324,14461.8242,6687.6382,3088.0945,1405.735,43353.2042,A3,N,N
01/08/2020,22:00,10959.8906,1708.8057,3744.5308,1011.3179,13680.4287,6793.082,3044.303,1434.7549,42377.1136,A6,N,N
01/08/2020,22:00,11062.2002,1711.25,3733.02,984.478,13957,6754.4502,3120.8999,1683.34,43006.6383,E,N,N
01/08/2020,22:00,10752.5,1730.38,3692.3601,1007.54,13994.4004,6903.3501,3288.4199,1578.4,42947.3505,E1,N,N
01/08/2020,22:00,10415.5,1658.29,3644.6899,948.172,13551,6712.1099,3172.8999,1430.79,41533.4517,E2,N,N
01/08/2020,22:00,10797.4004,1717.23,3699.8501,996,13984,6873,3183.49,1564.1899,42815.1604,E3,N,N
01/08/2020,22:00,10877.6914,1704.9617,3722.5664,984.8918,13934.7031,6802.376,3176.7261,1529.4794,42733.3959,M,Y,N
01/08/2020,23:00,10862.7012,1674.6096,3776.2532,963.1552,13862.1309,6478.7295,2990.5947,1384.4749,41992.6492,A3,N,N
01/08/2020,23:00,10596.7725,1645.4362,3734.2283,985.5351,13196.6895,6638.5488,2959.4556,1452.0167,41208.6827,A6,N,N
01/08/2020,23:00,10615.0996,1624.1801,3667.6599,947.16,13360.4004,6484.1899,2992.5,1684.01,41375.1999,E,N,N
01/08/2020,23:00,10434.4004,1659.72,3623.96,939.877,13172.9004,6611.3799,3041.1499,1507.86,40991.2476,E1,N,N
01/08/2020,23:00,9920.9102,1576.58,3585.6399,907.333,12826.4004,6348.04,3005.45,1361.24,39531.5935,E2,N,N
01/08/2020,23:00,10383.5,1647.9399,3665.1201,948.687,13396.2998,6606.98,3056.4299,1526.39,41231.3467,E3,N,N
01/08/2020,23:00,10487.1523,1645.6625,3672.9958,937.7637,13251.7168,6511.9648,3021.7874,1482.4332,41011.4765,M,Y,N
01/08/2020,24:00,10466.7803,1609.1495,3739.7712,935.0349,13351.7207,6245.6973,2876.5669,1347.951,40572.6718,A3,N,N
01/08/2020,24:00,10296.9375,1604.5206,3693.803,957.6686,12870.5635,6412.3833,2875.3635,1468.6096,40179.8496,A6,N,N
01/08/2020,24:00,10176,1537.49,3618.3899,921.234,12792.4004,6215.8799,2812.73,1602.0699,39676.1941,E,N,N
01/08/2020,24:00,9977.75,1584.38,3583.79,912.213,12564.7998,6345.8101,2842.8201,1481.17,39292.733,E1,N,N
01/08/2020,24:00,9426.0996,1509.2,3550.6599,871.07,12092.0996,5953.9302,2790.3301,1273.0601,37466.4495,E2,N,N
01/08/2020,24:00,9957.6299,1563.35,3640.79,915.784,12864,6227,2806.4399,1467,39441.9938,E3,N,N
01/08/2020,24:00,10050.8027,1570.0562,3637.219,906.8004,12648.2402,6189.3823,2831.8394,1424.0602,39258.4004,M,Y,N
