DeliveryDate,HourEnding,Coast,East,FarWest,North,NorthCentral,SouthCentral,Southern,West,SystemTotal,Model,InUseFlag,DSTFlag
09/28/2021,1:00,13492.5273,1474.3512,3962.2517,998.5516,11731.6855,7144.3325,3553.2156,1388.8063,43745.7217,A3,N,N
09/28/2021,1:00,13111.5137,1504.7864,4000.1094,1028.4131,11883.4385,7219.1494,3589.1621,1397.115,43733.6876,A6,N,N
09/28/2021,1:00,12865.2002,1471.35,4135.75,1004.52,11686.7002,7104.6499,3631.3899,1195.36,43094.9202,E,N,N
09/28/2021,1:00,12877.2998,1475.59,4067.5601,1004.35,11674.4004,7104.8301,3626.8101,1196.11,43026.9505,E1,N,N
09/28/2021,1:00,12867,1473.14,4135.5,1004.58,11684.9004,7104.6499,3631.3899,1195.36,43096.5202,E2,Y,N
09/28/2021,1:00,12877.2998,1475.59,4132.79,1004.52,11686.7002,7104.1499,3631.3899,1195.36,43107.7998,E3,N,N
09/28/2021,1:00,12871.7002,1473.9175,4117.9004,1004.4925,11683.1748,7104.5703,3630.2449,1195.5475,43081.5481,M,N,N
09/28/2021,2:00,12579.0059,1423.7655,4117.5933,926.3045,10868.7617,6610.6411,3455.969,1159.7281,41141.7691,A3,N,N
09/28/2021,2:00,12581.583,1397.4653,4111.1177,911.395,10856.5449,6639.9028,3437.0029,1201.3982,41136.4098,A6,N,N
09/28/2021,2:00,12377.2002,1429.78,4181.23,899.172,10909.0996,6752.54,3498.3,1120.9,41168.2218,E,N,N
09/28/2021,2:00,12379.7998,1433,4217.5298,898.702,10906.2998,6754.1201,3493.5801,1121.63,41204.6616,E1,N,N
09/28/2021,2:00,12377.4004,1430.64,4181.3999,899.325,10908.9004,6752.54,3498.3,1120.9,41169.4057,E2,Y,N
09/28/2021,2:00,12379.7998,1433,4136.52,899.172,10909.0996,6750.9399,3497.6599,1120.9,41127.0912,E3,N,N
09/28/2021,2:00,12378.5498,1431.605,4179.1699,899.0928,10908.3496,6752.5347,3496.96,1121.0825,41167.3443,M,N,N
09/28/2021,3:00,12296.0918,1367.4778,4150.8623,888.8088,10552.084,6400.9917,3363.2219,1063.8553,40083.3936,A3,N,N
09/28/2021,3:00,12283.3447,1375.4231,4117.6504,889.3577,10551.0781,6491.1362,3376.3533,1101.78,40186.1235,A6,N,N
09/28/2021,3:00,12151.4004,1363.84,4214.8599,890.721,10480.2998,6432.9302,3349.48,1022.86,39906.3913,E,N,N
09/28/2021,3:00,12156.0996,1366.91,4226,889.768,10477.4004,6431.2202,3348.1201,1023.39,39918.9083,E1,N,N
09/28/2021,3:00,12151.4004,1363.91,4214.7002,892.007,10481.4004,6432.9302,3349.48,1022.86,39908.6882,E2,Y,N
09/28/2021,3:00,12156.0996,1366.91,4163.5801,890.721,10480.2998,6431.5698,3349.0601,1022.86,39861.1004,E3,N,N
09/28/2021,3:00,12153.75,1365.3926,4204.7852,890.8043,10479.8496,6432.1626,3349.0352,1022.9924,39898.7719,M,N,N
09/28/2021,4:00,12048.8779,1316.7969,4167.4194,868.5727,10285.5703,6278.5635,3264.4229,971.9332,39202.1568,A3,N,N
09/28/2021,4:00,12106.5518,1356.507,4157.6982,874.9717,10242.417,6321.6963,3233.1826,1010.7706,39303.7952,A6,N,N
09/28/2021,4:00,12088.5,1340.26,4251.98,866.499,10205.2002,6243.9102,3245.05,866.252,39107.6514,E,N,N
09/28/2021,4:00,12088.7998,1342.12,4256.73,866.111,10203.0996,6244.2402,3243.24,866.735,39111.0756,E1,N,N
09/28/2021,4:00,12088.5996,1340.48,4251.6899,866.929,10204.9004,6243.9102,3245.05,866.252,39107.8111,E2,Y,N
09/28/2021,4:00,12088.7998,1342.12,4201.5298,866.499,10205.2002,6244.6001,3245.03,866.252,39060.0309,E3,N,N
09/28/2021,4:00,12088.6748,1341.245,4240.4824,866.5095,10204.6006,6244.165,3244.5925,866.3727,39096.6425,M,N,N
09/28/2021,5:00,12243.9873,1345.2024,4144.7104,916.4869,10139.5605,6382.3838,3247.4663,966.7892,39386.5868,A3,N,N
09/28/2021,5:00,12163.6924,1361.2279,4147.6709,913.5528,10002.9795,6328.2759,3227.2224,968.8375,39113.4593,A6,N,N
09/28/2021,5:00,12350.7998,1352.4,4118.6099,930.175,10269.7002,6323.9199,3206.47,993.933,39546.0078,E,N,N
09/28/2021,5:00,12352.2002,1352.34,4200.71,927.895,10269.5,6323.8501,3204.02,995.066,39625.5813,E1,N,N
09/28/2021,5:00,12351.2998,1352.54,4118.1699,931.184,10269.7002,6323.9199,3206.47,993.933,39547.2168,E2,Y,N
09/28/2021,5:00,12352.2002,1352.34,4104.21,930.175,10269.7002,6323.9502,3206.5,993.933,39533.0086,E3,N,N
09/28/2021,5:00,12351.625,1352.405,4135.4248,929.8573,10269.6494,6323.9102,3205.865,994.2163,39562.953,M,N,N
09/28/2021,6:00,12685.8193,1401.0588,4058.8813,927.1064,10881.9258,6589.9946,3318.2058,1068.1382,40931.1302,A3,N,N
09/28/2021,6:00,12715.291,1421.6238,4045.3362,920.9906,10792.9785,6651.0664,3312.374,1047.5363,40907.1968,A6,N,N
09/28/2021,6:00,12800.7002,1428.58,3982.3799,910.004,10706.5996,6637.2202,3320.8301,1094.89,40881.204,E,N,N
09/28/2021,6:00,12786.9004,1435.6801,4095.6201,908.414,10708.5996,6638.4102,3320.03,1094.9301,40988.5845,E1,N,N
09/28/2021,6:00,12799.2998,1427.6899,3982.3,910.94,10706.4004,6637.2202,3320.8301,1094.89,40879.5704,E2,Y,N
09/28/2021,6:00,12786.9004,1435.6801,4010.4099,910.004,10706.5996,6636.8999,3320.8401,1094.89,40902.224,E3,N,N
09/28/2021,6:00,12793.4512,1431.9076,4017.6775,909.8405,10707.0498,6637.438,3320.6326,1094.9,40912.8972,M,N,N
09/28/2021,7:00,13245.9697,1468.8059,4109.0322,961.9672,11581.6377,7235.0576,3519.8945,1146.9648,43269.3296,A3,N,N
09/28/2021,7:00,13232.3799,1468.1442,4109.0034,946.2551,11585.9414,7154.3643,3513.1086,1137.5212,43146.7181,A6,N,N
09/28/2021,7:00,13387.9004,1462.24,4071.5701,956.917,11592.7998,7143.6699,3492.52,1159.14,43266.7572,E,N,N
09/28/2021,7:00,13387.5996,1465.76,4044.03,954.821,11597.5,7143.8999,3496.9299,1158.59,43249.1304,E1,N,N
09/28/2021,7:00,13387.7998,1462.08,4070.54,957.789,11593,7143.6699,3492.52,1159.14,43266.5387,E2,Y,N
09/28/2021,7:00,13387.5996,1465.76,4103.3101,956.917,11592.7998,7143.52,3492.79,1159.14,43301.8365,E3,N,N
09/28/2021,7:00,13387.7246,1463.96,4072.3628,956.611,11594.0254,7143.6899,3493.6902,1159.0026,43271.0665,M,N,N
09/28/2021,8:00,13730.0313,1536.517,4115.7432,1019.7175,12145.7979,7372.3286,3565.2346,1145.5139,44630.884,A3,N,N
09/28/2021,8:00,13798.7178,1538.5782,4110.5415,1032.8177,12206.3203,7386.3486,3552.8455,1141.6868,44767.8564,A6,N,N
09/28/2021,8:00,13504.9004,1525.23,4039.28,1016.99,12136.2998,7348.1401,3586.1399,1175.04,44332.0202,E,N,N
09/28/2021,8:00,13516.5996,1530.09,4015.3899,1014.93,12083.5,7354.8799,3587.6599,1174.96,44278.0093,E1,N,N
09/28/2021,8:00,13508.4004,1525.6899,4039.02,1017.87,12129.7002,7348.1401,3586.1399,1175.04,44330.0005,E2,Y,N
09/28/2021,8:00,13516.5996,1530.09,4064.97,1016.99,12136.2998,7345.2598,3586.5801,1175.04,44371.8293,E3,N,N
09/28/2021,8:00,13511.625,1527.7749,4039.6648,1016.695,12121.4502,7349.105,3586.6299,1175.02,44327.9648,M,N,N
09/28/2021,9:00,14089.1338,1592.7563,4028.9329,1048.1484,12676.5811,7550.5425,3690.4084,1218.624,45895.1274,A3,N,N
09/28/2021,9:00,14043.0342,1597.0675,4054.532,1054.2814,12769.7412,7594.708,3717.7476,1176.9713,46008.0832,A6,N,N
09/28/2021,9:00,13880.0996,1583.27,4011.3,1092.6,12567.0996,7389.2798,3690.6201,1257.02,45471.2891,E,N,N
09/28/2021,9:00,13880.0996,1583.27,3993.1001,1092.6,12567.0996,7389.2798,3690.6201,1257.02,45453.0892,E1,N,N
09/28/2021,9:00,13880.0996,1583.27,4011.3,1092.6,12567.0996,7389.2798,3690.6201,1257.02,45471.2891,E2,Y,N
09/28/2021,9:00,13880.0996,1583.27,4015.8201,1092.6,12567.0996,7389.2798,3690.6201,1257.02,45475.8092,E3,N,N
09/28/2021,9:00,13880.0996,1583.27,4007.8801,1092.6,12567.0996,7389.2798,3690.6201,1257.02,45467.8692,M,N,N
09/28/2021,10:00,14522.3633,1710.9724,3992.0081,1160.0774,13611.2686,7622.665,3909.4724,1303.1326,47831.9598,A3,N,N
09/28/2021,10:00,14672.4268,1709.8097,4012.4458,1169.3322,13522.9287,7638.0835,3916.6152,1274.7697,47916.4116,A6,N,N
09/28/2021,10:00,14250.5996,1677.5699,3987.5801,1142.11,13258.2998,7838.6201,3888.1499,1362.65,47405.5794,E,N,N
09/28/2021,10:00,14257.9004,1674.9399,3989.29,1124.05,13219.7002,7842.9902,3879.9299,1359.14,47347.9406,E1,N,N
09/28/2021,10:00,14254.9004,1674.8199,3981.23,1137.46,13257.5996,7838.6201,3888.1499,1362.65,47395.4299,E2,Y,N
09/28/2021,10:00,14257.9004,1674.9399,4015.78,1142.11,13258.2998,7830.7998,3879.8601,1362.65,47422.34,E3,N,N
09/28/2021,10:00,14255.3242,1675.5674,3993.47,1136.4325,13248.4756,7837.7578,3884.0227,1361.7725,47392.8227,M,N,N
09/28/2021,11:00,14812.5371,1850.8519,4033.9688,1213.4275,14420.4453,8050.9282,4241.1016,1406.7153,50029.9757,A3,N,N
09/28/2021,11:00,15020.3408,1790.4125,4041.1167,1210.4369,14593.3545,8216.1582,4295.0586,1429.2427,50596.1209,A6,N,N
09/28/2021,11:00,15623.2002,1833.9,4100.6201,1236.6,14636.7998,8258.1797,4169.29,1415.8,51274.3898,E,N,N
09/28/2021,11:00,15625.7998,1821.02,4052.8601,1228.98,14605.5,8246.5801,4167.1401,1411.6801,51159.5602,E1,N,N
09/28/2021,11:00,15627.5996,1833.9,4085.4299,1233.72,14630.4004,8258.1797,4169.29,1415.8,51254.3196,E2,Y,N
09/28/2021,11:00,15625.7998,1821.02,4102.5698,1236.6,14636.7998,8251.1104,4166.1802,1415.8,51255.88,E3,N,N
09/28/2021,11:00,15625.6006,1827.46,4085.3701,1233.975,14627.376,8253.5127,4167.9751,1414.77,51236.0395,M,N,N
09/28/2021,12:00,15717.5293,1994.5292,4109.7363,1160.1361,15865.5703,8771.3838,4549.8359,1538.7921,53707.513,A3,N,N
09/28/2021,12:00,15955.5703,1937.3328,4118.8901,1018.2014,15997.6533,8982.6787,4604.5586,1602.4972,54217.3824,A6,N,N
09/28/2021,12:00,16208.9004,1963.96,4071.5,1234.7,16234.5,9075.2305,4583.8599,1545.1,54917.7508,E,N,N
09/28/2021,12:00,16205.7998,1950.75,4068.25,1228.62,16207.7002,9058.8398,4587.9102,1541.41,54849.28,E1,N,N
09/28/2021,12:00,16217.7002,1962.78,4057.1599,1231.01,16227.2998,9075.2305,4583.8599,1545.1,54900.1403,E2,Y,N
09/28/2021,12:00,16205.7998,1950.75,4082.3101,1234.7,16234.5,9066.9902,4579.6499,1545.1,54899.8,E3,N,N
09/28/2021,12:00,16209.5498,1957.0601,4069.8052,1232.2574,16226,9069.0723,4583.8198,1544.1775,54891.7421,M,N,N
09/28/2021,13:00,16302.5361,2133.3416,4144.3311,1459.973,17192.0762,9484.0088,4954.5972,1648.9155,57319.7795,A3,N,N
09/28/2021,13:00,15912.6738,2086.6133,4156.7422,1558.0413,17221.1563,9497.7607,4973.9087,1664.7941,57071.6904,A6,N,N
09/28/2021,13:00,15737.4004,2184.4099,4187.98,1491.98,17331.1992,9937.75,4945.3398,1658.9301,57474.9894,E,N,N
09/28/2021,13:00,15731.7998,2171.8799,4147.21,1485.96,17319.4004,9922.4502,4953.1499,1657.9,57389.7502,E1,N,N
09/28/2021,13:00,15744.7002,2182.0801,4181.6201,1490.7,17330.4004,9937.75,4945.3398,1658.9301,57471.5207,E2,Y,N
09/28/2021,13:00,15731.7998,2171.8799,4184.2798,1491.98,17331.1992,9933.4102,4940.8599,1658.9301,57444.3389,E3,N,N
09/28/2021,13:00,15736.4248,2177.5625,4175.2725,1490.1549,17328.0508,9932.8398,4946.1724,1658.6726,57445.1503,M,N,N
09/28/2021,14:00,14424.1133,2365.4753,4169.1069,1571.0313,18990.3457,10898.5146,5227.2471,1808.7723,59454.6065,A3,N,N
09/28/2021,14:00,13437.5957,2311.5989,4182.665,1621.6613,18823.252,10515.4824,5190.356,1800.5719,57883.1832,A6,N,N
09/28/2021,14:00,14273.5,2408.6899,4158.27,1576.11,18675.9004,10718.9004,5236.5098,1855.4301,58903.3106,E,N,N
09/28/2021,14:00,14219.7998,2390.98,4178.77,1566.6899,18650.6992,10680.7002,5246.8101,1851.11,58785.5592,E1,N,N
09/28/2021,14:00,14273.5,2408.6899,4153.3901,1573.64,18668.6992,10704.9004,5236.5098,1855.4301,58874.7595,E2,Y,N
09/28/2021,14:00,14273.5,2408.6899,4185.46,1576.11,18675.9004,10718.9004,5236.5098,1855.4301,58930.5006,E3,N,N
09/28/2021,14:00,14260.0752,2404.2625,4168.9727,1573.1375,18667.8008,10705.8506,5239.085,1854.3501,58873.5344,M,N,N
09/28/2021,15:00,15277.4063,2414.2026,4265.3848,1603.0895,19370.375,11087.2139,5398.6738,1826.2184,61242.5643,A3,N,N
09/28/2021,15:00,15085.2793,2406.0842,4263.8252,1603.6594,19521.2148,10986.291,5384.3604,1818.8464,61069.5607,A6,N,N
09/28/2021,15:00,14804.2998,2467.1101,4268.9399,1690.21,19955.8008,11234.7002,5419.0898,1827.0601,61667.2107,E,N,N
09/28/2021,15:00,14695.7002,2451.49,4242.6802,1684.3101,19935,11221.7998,5429.9399,1822.27,61483.1902,E1,N,N
09/28/2021,15:00,14804.2998,2467.1101,4266.8901,1692.6,19954.4004,11229,5419.0898,1827.0601,61660.4503,E2,Y,N
09/28/2021,15:00,14806.2002,2464.01,4268.5698,1690.21,19955.8008,11234.7002,5419.0898,1827.0601,61665.6409,E3,N,N
09/28/2021,15:00,14777.625,2462.4299,4261.77,1689.3325,19950.25,11230.0498,5421.8022,1825.8625,61619.1219,M,N,N
09/28/2021,16:00,15627.6582,2432.4768,4329.0801,1652.2627,19860.6289,11325.0371,5516.2178,1853.5402,62596.9018,A3,N,N
09/28/2021,16:00,15202.3789,2409.9985,4343.3887,1660.5032,19936.459,11157.5908,5438.1841,1843.2036,61991.7068,A6,N,N
09/28/2021,16:00,15125.2998,2508.51,4277.3701,1754.42,20844.0996,11535.9004,5492.8501,1888.45,63426.9,E,N,N
09/28/2021,16:00,14783.0996,2481.0901,4267,1741.29,20789.0996,11501.5996,5515.23,1877.35,62955.7589,E1,N,N
09/28/2021,16:00,15125.2998,2508.51,4273.3799,1755.7,20841.6992,11520.5996,5492.8501,1888.45,63406.4886,E2,Y,N
09/28/2021,16:00,15131.5996,2502.0801,4302.75,1754.42,20844.0996,11500.7998,5494.8198,1901.1,63431.6689,E3,N,N
09/28/2021,16:00,15041.3242,2500.0476,4280.125,1751.4575,20829.75,11514.7256,5498.9375,1888.8375,63305.2049,M,N,N
09/28/2021,17:00,16213.6719,2434.416,4365.1113,1642.9438,19773.248,11518.8174,5514.5571,1849.1227,63311.8882,A3,N,N
09/28/2021,17:00,16036.4766,2414.2468,4391.1426,1642.0095,20021.418,11390.6914,5469.8232,1858.7749,63224.583,A6,N,N
09/28/2021,17:00,16078.4004,2534.3,4315.27,1741.77,21061.3008,11592.2998,5511.7402,1932.6,64767.6812,E,N,N
09/28/2021,17:00,15309.7998,2483.72,4304.6499,1700.37,21032.0996,11547.5996,5541.4302,1912.99,63832.6591,E1,N,N
09/28/2021,17:00,16078.4004,2534.3,4309.46,1741.37,21232.0996,11578.7998,5511.7402,1932.6,64918.77,E2,Y,N
09/28/2021,17:00,16139.2998,2517.8999,4338.4399,1741.77,21109.6992,11519,5508.6899,1933.99,64808.7887,E3,N,N
09/28/2021,17:00,15901.4756,2517.5552,4316.9551,1731.3201,21108.8008,11559.4248,5518.3999,1928.0449,64581.9764,M,N,N
09/28/2021,18:00,16181.2725,2367.6982,4364.0068,1576.3716,19550.8281,11355.8936,5410.4214,1795.8508,62602.343,A3,N,N
09/28/2021,18:00,16109.7891,2410.7827,4394.6836,1553.8689,19749.9844,11244.2246,5384.0049,1831.3842,62678.7224,A6,N,N
09/28/2021,18:00,16501.4004,2512.9299,4336.2002,1664.09,20754.0996,11562.9004,5440.6499,1888.84,64661.1104,E,N,N
09/28/2021,18:00,15700.4004,2447.0701,4321.1001,1591.47,20666,11513.4004,5452.04,1879.46,63570.941,E1,N,N
09/28/2021,18:00,16501.4004,2512.9299,4332.7002,1646.61,21123.6992,11609.5,5440.6499,1888.84,65056.3296,E2,Y,N
09/28/2021,18:00,16663.5,2493.3101,4368,1664.09,20901.6992,11488.5,5446.2402,1868.77,64894.1095,E3,N,N
09/28/2021,18:00,16341.6758,2491.5601,4339.5,1641.5649,20861.375,11543.5752,5444.895,1881.4774,64545.6234,M,N,N
09/28/2021,19:00,15613.4678,2278.9277,4313.9155,1499.5059,18988.7324,11062.2119,5185.9253,1714.3799,60657.0664,A3,N,N
09/28/2021,19:00,15695.7422,2313.0688,4321.2944,1507.6716,19174.8613,11032.0742,5175.292,1777.9598,60997.9643,A6,N,N
09/28/2021,19:00,16142.5,2384.1899,4347.7798,1522.85,19443.0996,11248.5996,5245.5801,1760.04,62094.639,E,N,N
09/28/2021,19:00,15583.2002,2370.29,4287.1699,1504.36,19546.5996,11177.5,5266.2598,1795.24,61530.6195,E1,N,N
09/28/2021,19:00,16142.5,2384.1899,4314.71,1581.9301,19966.4004,11283.0996,5245.5801,1760.04,62678.4501,E2,Y,N
09/28/2021,19:00,16575.5,2418.3799,4379.1099,1522.85,19420.4004,11176.0996,5242.2998,1720.02,62454.6596,E3,N,N
09/28/2021,19:00,16110.9248,2389.2625,4332.1924,1532.9976,19594.125,11221.3242,5249.9297,1758.8351,62189.5913,M,N,N
09/28/2021,20:00,15399.8281,2162.8477,4322.1934,1430.2473,18123.9336,10476.2539,4970.3008,1590.5841,58476.1889,A3,N,N
09/28/2021,20:00,15590.04,2227.2617,4298.272,1461.118,18214.7949,10410.8535,4990.9678,1677.8346,58871.1425,A6,N,N
09/28/2021,20:00,15615.7002,2275.8799,4290.0898,1437.5,17294.1992,10551.7998,5044.3701,1607.66,58117.199,E,N,N
09/28/2021,20:00,15512.4004,2303.1599,4261.6499,1410.61,18457.4004,10535.4004,5064.6299,1719.22,59264.4709,E1,N,N
09/28/2021,20:00,15615.7002,2275.8799,4283.4199,1463.79,18773.1992,10641.7998,5044.3701,1607.66,59705.8191,E2,Y,N
09/28/2021,20:00,16151.0996,2315.6001,4295.27,1437.5,17188.0996,10498.7998,5042.3799,1592.3199,58521.0689,E3,N,N
09/28/2021,20:00,15723.7246,2292.6299,4282.6074,1437.35,17928.2246,10556.9502,5048.9375,1631.715,58902.1392,M,N,N
09/28/2021,21:00,15513.7236,2128.4954,4251.979,1421.7823,17499.6816,10270.6924,4865.7373,1569.5017,57521.5933,A3,N,N
09/28/2021,21:00,15511.3877,2147.2725,4221.8271,1471.9586,17655.8906,10189.0273,4921.0107,1680.1876,57798.5621,A6,N,N
09/28/2021,21:00,15429.2998,2183.1299,4165.7598,1438.3199,16256.4004,10056,4876.04,1775.78,56180.7298,E,N,N
09/28/2021,21:00,15355.5,2213.1201,4187.6299,1424.8,17918.4004,10198.7998,4904.6899,1711.23,57914.1701,E1,N,N
09/28/2021,21:00,15429.2998,2183.1299,4219.0498,1477.49,18052.3008,10178.2002,4876.04,1775.78,58191.2905,E2,Y,N
09/28/2021,21:00,15887.5996,2208.75,4165.6699,1438.3199,16063.7002,10056,4876.04,1775.78,56471.8596,E3,N,N
09/28/2021,21:00,15525.4258,2197.0325,4184.5273,1444.7325,17072.7012,10122.25,4883.2026,1759.6426,57189.5145,M,N,N
09/28/2021,22:00,15124.4043,2011.9529,4155.3047,1341.6505,16426.5332,9635.8916,4644.9858,1514.7063,54855.4293,A3,N,N
09/28/2021,22:00,15250.6318,2002.8463,4148.2935,1383.6316,16694.9238,9604.5059,4705.9385,1602.5481,55393.3195,A6,N,N
09/28/2021,22:00,14742,2046.6801,4066.04,1447.63,15125.0996,9355.4004,4623.02,1571.72,52977.5901,E,N,N
09/28/2021,22:00,14712,2058.77,4162.5,1359.89,16651.5,9500.54,4625.1401,1565.91,54636.2501,E1,N,N
09/28/2021,22:00,14742,2046.6801,4126.3501,1432.09,16715.3008,9494.2998,4623.02,1571.72,54751.4608,E2,Y,N
09/28/2021,22:00,15067.4004,2058.21,4066,1447.63,14878.2002,9355.4004,4623.02,1571.72,53067.581,E3,N,N
09/28/2021,22:00,14815.8496,2052.585,4105.2227,1421.8099,15842.5244,9426.4102,4623.5498,1570.2673,53858.2189,M,N,N
09/28/2021,23:00,14362.0742,1845.9988,4071.2212,1220.2134,14887.1436,8747.6006,4316.5376,1436.8151,50887.6045,A3,N,N
09/28/2021,23:00,14269.9063,1850.877,4094.9214,1245.6486,15190.3721,8773.0928,4399.9878,1467.1418,51291.9478,A6,N,N
09/28/2021,23:00,14095.5996,1974.65,3954.8301,1271.09,13595.2998,8823.5596,4289.1899,1589.77,49593.989,E,N,N
09/28/2021,23:00,14018.2998,2023.78,4089.25,1292.01,15178.4004,8924.9199,4297.7402,1629.92,51454.3203,E1,N,N
09/28/2021,23:00,14095.5996,1974.65,3965.1699,1295.66,15231.7002,9001.9697,4289.1899,1589.77,51443.7093,E2,Y,N
09/28/2021,23:00,14389.2002,2021.21,3954.8301,1271.09,13472.5,8823.5596,4289.1899,1589.77,49811.3498,E3,N,N
09/28/2021,23:00,14149.6748,1998.5725,3991.02,1282.4625,14369.4746,8893.502,4291.3271,1599.8075,50575.841,M,N,N
09/28/2021,24:00,13465.2861,1679.7404,4025.8337,1121.9641,13518.1084,7889.7607,3979.009,1332.0186,47011.721,A3,N,N
09/28/2021,24:00,13258.0977,1681.7894,4087.8015,1142.6263,13725.0674,7948.5532,4057.0012,1291.1998,47192.1365,A6,N,N
09/28/2021,24:00,13019.5996,1701.29,4010.8501,1119.59,12546.2998,7719.6299,4026.1899,1398.61,45542.0593,E,N,N
09/28/2021,24:00,12995.7998,1744.89,4064.99,1089.6899,14007.9004,7937.9502,4000.3401,1349.3,47190.8604,E1,N,N
09/28/2021,24:00,13019.5996,1701.29,4018.47,1169.0601,13889,7983.4702,4026.1899,1398.61,47205.6898,E2,Y,N
09/28/2021,24:00,13328.9004,1722.97,4010.8501,1119.59,12489.0996,7719.6299,4026.1899,1398.61,45815.8399,E3,N,N
09/28/2021,24:00,13090.9746,1717.6101,4026.29,1124.4824,13233.0742,7840.1699,4019.7275,1386.2825,46438.6112,M,N,N
09/29/2021,1:00,13183.8096,1537.8944,3930.5696,1030.2216,12411.998,7086.5625,3665.3948,1310.948,44157.3985,A3,N,N
09/29/2021,1:00,12621.7588,1520.8765,3962.2861,1082.6901,12697.8164,7155.8296,3749.4741,1328.9635,44119.6951,A6,N,N
09/29/2021,1:00,12425.2002,1515.63,3997.6299,1014.97,11816.0996,6946.5601,3796.29,1338.39,42850.7698,E,N,N
09/29/2021,1:00,12427.7998,1571.4,3983.53,965.806,12958.9004,7210.2598,3732.99,1281.72,44132.406,E1,N,N
09/29/2021,1:00,12425.2002,1515.63,3985.3701,1030.5,12675.0996,7249.4302,3796.29,1338.39,44015.9101,E2,Y,N
09/29/2021,1:00,12696.5,1538.89,3997.6299,1014.97,11617.2002,6946.5601,3796.29,1338.39,42946.4302,E3,N,N
09/29/2021,1:00,12493.6748,1535.3876,3991.04,1006.5615,12266.8252,7088.2026,3780.4651,1324.2225,43486.3793,M,N,N
09/29/2021,2:00,12752.9561,1457.6447,3887.2092,988.0909,11509.7646,6593.3857,3485.2007,1275.4924,41949.7443,A3,N,N
09/29/2021,2:00,12293.8252,1437.0967,3909.7278,1010.8873,11741.0498,6678.9917,3532.5686,1303.2899,41907.437,A6,N,N
09/29/2021,2:00,11949.2002,1436.4301,3995.3701,918.047,11035.7998,6537.0698,3620.8601,1276.86,40769.6371,E,N,N
09/29/2021,2:00,11941.4004,1535.42,3927.8,879.577,12251.2998,6804.1699,3515.6399,1199.72,42055.027,E1,N,N
09/29/2021,2:00,11949.2002,1436.4301,3940.4299,895.921,11870.0996,6833.1201,3620.8601,1276.86,41822.921,E2,Y,N
09/29/2021,2:00,12061.7002,1488.3101,3995.3701,918.047,11057.4004,6537.0698,3620.8601,1276.86,40955.6177,E3,N,N
09/29/2021,2:00,11975.375,1474.1476,3964.7424,902.8979,11553.6504,6677.8574,3594.5552,1257.575,41400.8009,M,N,N
09/29/2021,3:00,12449.7197,1394.504,3858.4485,958.2109,11178.4336,6351.5864,3363.6079,1248.9728,40803.4838,A3,N,N
09/29/2021,3:00,12093.4639,1404.774,3851.2031,974.2936,11311.2578,6470.3506,3409.4858,1282.3834,40797.2122,A6,N,N
09/29/2021,3:00,11536.0996,1488.3101,3771.3301,866.523,10581.7002,6392.9302,3485.22,1281.5,39403.6132,E,N,N
09/29/2021,3:00,11709.4004,1509.45,3845.6001,813.871,11804.0996,6524.1201,3354.3301,1254.08,40814.9513,E1,N,N
09/29/2021,3:00,11536.0996,1488.3101,3740.3501,838.076,11316,6588.9902,3485.22,1281.5,40274.546,E2,Y,N
09/29/2021,3:00,11735.2002,1460.53,3771.3301,866.523,10616.2002,6392.9302,3485.22,1281.5,39609.4337,E3,N,N
09/29/2021,3:00,11629.2002,1486.6501,3782.1526,846.2482,11079.5,6474.7427,3452.4973,1274.645,40025.6361,M,N,N
09/29/2021,4:00,12185.4951,1363.3201,3844.8921,936.453,10966.8398,6244.6191,3290.7925,1213.9973,40046.409,A3,N,N
09/29/2021,4:00,11878.4707,1374.395,3827.9551,952.3823,11066.4473,6358.9941,3318.0103,1258.7982,40035.453,A6,N,N
09/29/2021,4:00,11350.4004,1457.52,3798.0901,898.362,10452.7002,6339.2998,3399.28,1270.28,38965.9325,E,N,N
09/29/2021,4:00,11576.0996,1489,3781.1699,849.315,11385.7002,6415.29,3267.8301,1245.61,40010.0148,E1,N,N
09/29/2021,4:00,11350.4004,1457.52,3765.3201,876.333,11063.0996,6506.1099,3399.28,1270.28,39688.343,E2,Y,N
09/29/2021,4:00,11627.4004,1450.88,3798.0901,898.362,10416.5,6339.2998,3399.28,1270.28,39200.0923,E3,N,N
09/29/2021,4:00,11476.0742,1463.73,3785.6675,880.593,10829.5,6400,3366.4177,1264.1125,39466.0949,M,N,N
09/29/2021,5:00,12143.5908,1371.451,3865.2861,941.6099,10973.8018,6253.4458,3268.1152,1183.2998,40000.6004,A3,N,N
09/29/2021,5:00,11764.3457,1383.158,3858.0383,951.5621,10923.1016,6351.9414,3283.1819,1211.1342,39726.4632,A6,N,N
09/29/2021,5:00,11457,1442.6,3841.98,868.547,10345.5,6286.6602,3374.9199,1196.24,38813.4471,E,N,N
09/29/2021,5:00,11632.5,1480.77,3802.03,831.123,11385.2998,6394.48,3218.1699,1236.2,39980.5727,E1,N,N
09/29/2021,5:00,11457,1442.6,3824.3601,848.921,11128.9004,6480.3101,3374.9199,1196.24,39753.2515,E2,Y,N
09/29/2021,5:00,11725.2998,1418.64,3841.98,868.547,10452,6286.6602,3374.9199,1196.24,39164.2869,E3,N,N
09/29/2021,5:00,11567.9502,1446.1526,3827.5874,854.2844,10827.9258,6362.0278,3335.7324,1206.23,39427.8906,M,N,N
09/29/2021,6:00,12462.291,1422.2734,3902.687,973.6168,11334.9746,6475.6226,3347.9729,1186.5337,41105.972,A3,N,N
09/29/2021,6:00,12125.2031,1417.2543,3887.9272,971.3845,11273.5986,6580.2485,3355.3323,1199.8158,40810.7643,A6,N,N
09/29/2021,6:00,11716.7998,1503.0699,3816.1101,889.173,10995.2002,6580.3198,3437.78,1163.51,40101.9628,E,N,N
09/29/2021,6:00,11977.4004,1545.4399,3830.01,864.565,11822.2002,6654.6602,3312.26,1187.42,41193.9557,E1,N,N
09/29/2021,6:00,11716.7998,1503.0699,3814.05,898.953,11663,6760.5898,3437.78,1163.51,40957.7525,E2,Y,N
09/29/2021,6:00,12132.5,1506.24,3816.1101,889.173,10979.5,6580.3198,3437.78,1163.51,40505.1329,E3,N,N
09/29/2021,6:00,11885.875,1514.4548,3819.0701,885.4659,11364.9746,6643.9727,3406.4001,1169.4875,40689.7007,M,N,N
09/29/2021,7:00,12975.1787,1531.2433,3965.085,1045.9193,12161.2813,6983.8369,3539.1768,1229.8719,43431.5932,A3,N,N
09/29/2021,7:00,12598.7031,1531.0322,3957.8096,1020.4772,12089.4688,7055.1235,3528.332,1234.7505,43015.6969,A6,N,N
09/29/2021,7:00,12414.2998,1599.97,3873.51,852.345,11738.2002,7104.1099,3648.6101,1251.88,42482.925,E,N,N
09/29/2021,7:00,12634.2998,1619.97,3894.24,909.692,12700,7214.8999,3501.3899,1340.72,43815.2116,E1,N,N
09/29/2021,7:00,12414.2998,1599.97,3876.23,920.487,12640.5996,7314.3799,3648.6101,1251.88,43666.4564,E2,Y,N
09/29/2021,7:00,12830.5,1587.76,3873.51,852.345,11909.9004,7104.1099,3648.6101,1251.88,43058.6154,E3,N,N
09/29/2021,7:00,12573.3496,1601.9175,3879.3726,883.7172,12247.1738,7184.375,3611.8052,1274.09,43255.8009,M,N,N
09/29/2021,8:00,13175.3291,1575.9447,4028.7131,1081.969,12579.1904,7201.0542,3593.0925,1230.4017,44465.6947,A3,N,N
09/29/2021,8:00,12738.3906,1583.3508,4018.4519,1063.4244,12558.3408,7304.7603,3578.0703,1228.2877,44073.0768,A6,N,N
09/29/2021,8:00,12445.5,1709.12,3929.8201,972.83,12275.7002,7295.1899,3624.1499,1185.53,43437.8401,E,N,N
09/29/2021,8:00,12660,1751.1899,3975.9299,949.406,13122.7002,7421.29,3509.3999,1268.3,44658.2159,E1,N,N
09/29/2021,8:00,12445.5,1709.12,3931.7,960.24,13114.2002,7504.6001,3624.1499,1185.53,44475.0402,E2,Y,N
09/29/2021,8:00,12945.5996,1702.1,3929.8201,972.83,12376.4004,7295.1899,3624.1499,1185.53,44031.6199,E3,N,N
09/29/2021,8:00,12624.1504,1717.8826,3941.8176,963.8265,12722.25,7379.0674,3595.4624,1206.2225,44150.6794,M,N,N
09/29/2021,9:00,13578.2422,1627.7167,4013.9358,1106.7759,13010.2451,7420.4175,3711.4285,1241.8197,45710.5814,A3,N,N
09/29/2021,9:00,13070.6621,1627.3977,4028.4695,1089.6277,13057.2627,7511.1304,3729.2803,1190.8905,45304.7209,A6,N,N
09/29/2021,9:00,12589.2998,1695.11,3971.6001,1013.19,13020.7998,7429.77,3836.3999,1215.47,44771.6396,E,N,N
09/29/2021,9:00,12870,1752.62,4012.46,970.391,13367.2002,7598.1099,3694.9399,1186.22,45451.941,E1,N,N
09/29/2021,9:00,12589.2998,1695.11,4013.54,966.738,13451.5996,7625.46,3836.3999,1215.47,45393.6173,E2,Y,N
09/29/2021,9:00,12972.7998,1718.63,3971.6001,1013.19,12719.5996,7429.77,3836.3999,1215.47,44877.4594,E3,N,N
09/29/2021,9:00,12755.3506,1715.3674,3992.2998,990.8773,13139.8008,7520.7773,3801.0352,1208.1575,45123.6659,M,N,N
09/29/2021,10:00,14160.6885,1715.998,4024.5928,1178.5656,13681.001,7643.9443,3978.5103,1266.821,47650.1215,A3,N,N
09/29/2021,10:00,13671.9658,1736.265,4051.7805,1172.5698,13715.7568,7716.6973,3992.8406,1198.4413,47256.3171,A6,N,N
09/29/2021,10:00,12555.7998,1761.54,4014.3201,1060.1801,13601,7744.7402,4000.22,1196,45933.8002,E,N,N
09/29/2021,10:00,13306.0996,1824.8,4028.0601,1029.89,13778.2002,7843.3599,3900.6201,1198.66,46909.6899,E1,N,N
09/29/2021,10:00,12555.7998,1761.54,4046.2,1064.2,14125.7002,7907.7798,4000.22,1196,46657.4398,E2,Y,N
09/29/2021,10:00,13444.5,1787.37,4014.3201,1060.1801,13364.5996,7744.7402,4000.22,1196,46611.93,E3,N,N
09/29/2021,10:00,12965.5498,1783.8125,4025.7251,1053.6125,13717.375,7810.1548,3975.3198,1196.665,46528.2145,M,N,N
09/29/2021,11:00,14353.7881,1827.6122,4037.3906,1196.2511,14137.667,7965.0474,4266.5742,1353.8545,49138.1851,A3,N,N
09/29/2021,11:00,14022.7871,1802.6786,4064.7227,1194.6775,14307.8926,8138.2256,4309.6421,1310.3447,49150.9709,A6,N,N
09/29/2021,11:00,12907.2002,1830.22,4081.4099,1108.09,14103.5996,8249.2803,4259.96,1308.24,47848,E,N,N
09/29/2021,11:00,13665.2998,1870.84,4054.6699,1082.13,14322.2998,8157.3398,4161.2998,1299.14,48613.0191,E1,N,N
09/29/2021,11:00,12907.2002,1830.22,4052.74,1110.36,15033.7998,8342.5195,4259.96,1308.24,48845.0395,E2,Y,N
09/29/2021,11:00,13796.5,1847.55,4081.4099,1108.09,14224.7998,8249.2803,4259.96,1308.24,48875.83,E3,N,N
09/29/2021,11:00,13319.0498,1844.7075,4067.5576,1102.1675,14421.125,8249.6055,4235.2949,1305.965,48545.4728,M,N,N
09/29/2021,12:00,14698.9102,1925.1495,4099.5669,1119.7458,14872.7451,8327.3252,4584.9873,1434.4313,51062.8613,A3,N,N
09/29/2021,12:00,14582.0361,1882.8505,4133.9888,991.6488,15076.207,8578.4492,4637.9497,1481.8234,51364.9535,A6,N,N
09/29/2021,12:00,13567.2002,1917.14,4112.3999,1088.3199,15071.7002,8553.6396,4618.23,1479.62,50408.2498,E,N,N
09/29/2021,12:00,14136.2002,1942.17,4107.5,1082.89,15171.2998,8431.9102,4514.3101,1470.3101,50856.5904,E1,N,N
09/29/2021,12:00,13567.2002,1917.14,4106.3599,1126.63,16115.9004,8650.25,4618.23,1479.62,51581.3305,E2,Y,N
09/29/2021,12:00,14177,1944.23,4112.3999,1088.3199,15067.2998,8553.6396,4618.23,1479.62,51040.7392,E3,N,N
09/29/2021,12:00,13861.9004,1930.17,4109.665,1096.5399,15356.5498,8547.3604,4592.25,1477.2926,50971.7281,M,N,N
09/29/2021,13:00,15071.6201,1988.3364,4147.6152,1233.9911,15581.0557,8785.6494,4881.6387,1517.7443,53207.6509,A3,N,N
09/29/2021,13:00,15050.7979,1983.4818,4188.1035,1242.9932,15895.5186,9112.2676,4952.3633,1599.5365,54025.0624,A6,N,N
09/29/2021,13:00,14157.7998,2018.78,4147.3101,1124.77,16197.2998,8979.0996,4963.7402,1644,53232.7995,E,N,N
09/29/2021,13:00,14599.0996,2028.16,4141.29,1101.03,15829.4004,8825.8096,4833.2202,1611.9,52969.9098,E1,N,N
09/29/2021,13:00,14157.7998,2018.78,4134.9102,1153.5699,16982.9004,9089.71,4963.7402,1644,54145.4105,E2,Y,N
09/29/2021,13:00,14757.5996,2027.6899,4147.3101,1124.77,16019.2002,8979.0996,4963.7402,1644,53663.4096,E3,N,N
09/29/2021,13:00,14418.0742,2023.3524,4142.7051,1126.035,16257.2002,8968.4297,4931.1104,1635.975,53502.882,M,N,N
09/29/2021,14:00,15707.1621,2089.7637,4216.1421,1305.5656,16204.4385,9240.2363,5110.2773,1610.2843,55483.8699,A3,N,N
09/29/2021,14:00,15643.7119,2111.4119,4264.4067,1365.2698,16516.7422,9536.082,5184.439,1690.6998,56312.7633,A6,N,N
09/29/2021,14:00,14832.2002,2188.95,4232.4199,1271.9399,17349.8008,9531.7402,5275.77,1755.79,56438.611,E,N,N
09/29/2021,14:00,15352.2998,2188.95,4212.3999,1250.0601,16704.5996,9387.2998,5093.9199,1726.83,55916.3591,E1,N,N
09/29/2021,14:00,14832.2002,2188.95,4234.23,1303.6,17880.1992,9696.6904,5275.77,1755.79,57167.4298,E2,Y,N
09/29/2021,14:00,15659.9004,2170.4199,4232.4199,1271.9399,17055.9004,9531.7402,5275.77,1755.79,56953.8807,E3,N,N
09/29/2021,14:00,15169.1504,2184.3174,4227.8677,1274.385,17247.625,9536.8672,5230.3071,1748.55,56619.0698,M,N,N
09/29/2021,15:00,16012.1279,2149.6375,4281.3521,1335.7365,17098.5078,9672.8867,5288.1738,1687.3376,57525.7599,A3,N,N
09/29/2021,15:00,16041.0791,2203.8801,4318.1353,1409.2112,17335.541,10097.4131,5359.335,1754.4969,58519.0917,A6,N,N
09/29/2021,15:00,15337.0996,2228.1899,4270.48,1324.74,18153.8008,9824.1504,5433.02,1875.04,58446.5207,E,N,N
09/29/2021,15:00,15767.9004,2185.0701,4270.8501,1278.3101,17608.3008,9755.0195,5262.8599,1806.26,57934.5709,E1,N,N
09/29/2021,15:00,15337.0996,2228.1899,4291.5601,1351.95,18975.4004,10079.2998,5433.02,1875.04,59571.5598,E2,Y,N
09/29/2021,15:00,16118.2998,2202.03,4270.48,1324.74,18127.4004,9824.1504,5433.02,1875.04,59175.1606,E3,N,N
09/29/2021,15:00,15640.1006,2210.8699,4275.8428,1319.9351,18216.2246,9870.6543,5390.48,1857.845,58781.9523,M,N,N
09/29/2021,16:00,16150.0342,2144.7161,4350.0928,1378.3447,17469.4551,10038.751,5407.8193,1734.8981,58674.1113,A3,N,N
09/29/2021,16:00,16002.75,2248.3572,4398.3237,1462.1694,17718.3086,10549.585,5434.3486,1787.6425,59601.485,A6,N,N
09/29/2021,16:00,15840.5,2235.3799,4398.29,1424.9399,18490.4004,10240.2002,5591.3999,1845.1,60066.2103,E,N,N
09/29/2021,16:00,15863.0996,2199.95,4371.2798,1313.54,17771.3008,10263.0996,5436.8501,1811.08,59030.1999,E1,N,N
09/29/2021,16:00,15840.5,2235.3799,4416.1899,1407.7,19291.9004,10671.5,5591.3999,1845.1,61299.6701,E2,Y,N
09/29/2021,16:00,16248.7002,2195.3999,4398.29,1424.9399,18559.5996,10240.2002,5591.3999,1845.1,60503.6297,E3,N,N
09/29/2021,16:00,15948.2002,2216.5273,4396.0127,1392.7799,18528.3008,10353.75,5552.7627,1836.595,60224.9286,M,N,N
09/29/2021,17:00,16293.9531,2166.3599,4401.1289,1388.5298,17610.8652,10242.8154,5433.0166,1755.0741,59291.743,A3,N,N
09/29/2021,17:00,16168.0273,2269.6799,4451.9595,1466.3864,17954.7168,10632.7344,5482.2773,1810.6099,60236.3915,A6,N,N
09/29/2021,17:00,16150.4004,2224.78,4375.7798,1446.42,18885.0996,10512.0996,5577.29,1893.16,61065.0294,E,N,N
09/29/2021,17:00,16019.7998,2215.1001,4439.4399,1312.1,18142.1992,10387.5996,5421.3701,1809.9399,59747.5486,E1,N,N
09/29/2021,17:00,16150.4004,2224.78,4416.4199,1429.14,19675.5996,10745.2998,5577.29,1893.16,62112.0897,E2,Y,N
09/29/2021,17:00,16544.4004,2209.95,4375.7798,1446.42,19149.9004,10512.0996,5577.29,1893.16,61709.0002,E3,N,N
09/29/2021,17:00,16216.25,2218.6526,4401.855,1408.52,18963.1992,10539.2754,5538.3096,1872.3551,61158.4169,M,N,N
09/29/2021,18:00,15922.9014,2104.8855,4404.3525,1339.7021,17366.8457,10215.0049,5352.4844,1753.6783,58459.8548,A3,N,N
09/29/2021,18:00,15734.9805,2242.5867,4456.7993,1393.9373,17816.8945,10634.585,5391.7715,1806.1383,59477.6931,A6,N,N
09/29/2021,18:00,15760.2998,2144.5601,4368.3901,1332.95,18703.0996,10769.4004,5446.75,1877.33,60402.78,E,N,N
09/29/2021,18:00,15869.2002,2162.49,4454.6099,1265.25,17628.8008,10441.9004,5371.0098,1799.23,58992.4911,E1,N,N
09/29/2021,18:00,15760.2998,2144.5601,4413.75,1364.8199,19504.3008,10876.0996,5446.75,1877.33,61387.9102,E2,Y,N
09/29/2021,18:00,16473.5,2123.5801,4368.3901,1332.95,19037.6992,10769.4004,5446.75,1877.33,61429.5998,E3,N,N
09/29/2021,18:00,15965.8252,2143.7974,4401.2852,1323.9924,18718.4746,10714.2002,5427.8149,1857.8051,60553.195,M,N,N
09/29/2021,19:00,15450.4072,2010.397,4361.6587,1285.3384,16447.7168,9826.3291,5156.418,1735.7053,56273.9705,A3,N,N
09/29/2021,19:00,15375.7764,2176.0969,4387.5493,1358.2882,17023.7148,10170.0859,5187.7729,1786.0574,57465.3418,A6,N,N
09/29/2021,19:00,15094.9004,2119.1499,4394.9902,1352.21,18028.3008,10579.2998,5309.6602,1866.95,58745.4613,E,N,N
09/29/2021,19:00,15415.9004,2148.5701,4381.77,1275.39,16921.8008,10198.0996,5189.2998,1799.86,57330.6907,E1,N,N
09/29/2021,19:00,15094.9004,2119.1499,4385.3999,1365.0601,18621.5,10622.7002,5309.6602,1866.95,59385.3207,E2,Y,N
09/29/2021,19:00,15834.2998,2125.03,4394.9902,1352.21,18074.4004,10579.2998,5309.6602,1866.95,59536.8404,E3,N,N
09/29/2021,19:00,15360.001,2127.9749,4389.2876,1336.2175,17911.5,10494.8496,5279.5703,1850.1775,58749.5784,M,N,N
09/29/2021,20:00,15192.5576,1912.8667,4368.7549,1252.8058,15897.21,9188.7988,4952.8789,1652.0405,54417.9132,A3,N,N
09/29/2021,20:00,15065.8047,2091.9526,4365.7246,1336.2592,16235.5928,9468.542,5003.0757,1712.6699,55279.6215,A6,N,N
09/29/2021,20:00,14821.7002,2052.6101,4272.1201,1326.8101,17206.8008,9981.46,5124.2002,1789.16,56574.8615,E,N,N
09/29/2021,20:00,15211.7998,2101.51,4320.3901,1256.22,16369.5996,9546.1904,5006.5098,1744.84,55557.0597,E1,N,N
09/29/2021,20:00,14821.7002,2052.6101,4337.8398,1312.11,17830.0996,9996.1602,5124.2002,1789.16,57263.8801,E2,Y,N
09/29/2021,20:00,15275,2057.3,4272.1201,1326.8101,17193.4004,9981.46,5124.2002,1789.16,57019.4508,E3,N,N
09/29/2021,20:00,15032.5498,2066.0076,4300.6172,1305.4875,17149.9746,9876.3174,5094.7773,1778.0801,56603.8115,M,N,N
09/29/2021,21:00,15331.9307,1893.5109,4293.2021,1286.3539,15627.8896,9110.0098,4852.5513,1656.8032,54052.2515,A3,N,N
09/29/2021,21:00,15036.8691,2022.5883,4286.9648,1370.8406,15794.2002,9349.4873,4931.2339,1735.3486,54527.5328,A6,N,N
09/29/2021,21:00,14646.7002,1999.72,4154.48,1382.4399,17014.0996,9826.3896,4948.6499,1808.38,55780.8592,E,N,N
09/29/2021,21:00,14988.4004,2050.5,4222.21,1306.49,15973.7002,9401.79,4854.0898,1761.89,54559.0704,E1,N,N
09/29/2021,21:00,14646.7002,1999.72,4229.6401,1347.25,17229.4004,9767.4902,4948.6499,1808.38,55977.2308,E2,Y,N
09/29/2021,21:00,15009,1994.8101,4154.48,1382.4399,16995.4004,9826.3896,4948.6499,1808.38,56119.5499,E3,N,N
09/29/2021,21:00,14822.7002,2011.1875,4190.2026,1354.655,16803.1504,9705.5146,4925.0103,1796.7574,55609.178,M,N,N
09/29/2021,22:00,14839.8359,1788.1748,4191.5498,1236.4469,14907.1025,8600.8896,4613.8662,1601.3141,51779.1798,A3,N,N
09/29/2021,22:00,14622.248,1901.6304,4212.936,1299.9673,15034.6445,8757.1162,4701.7734,1660.5072,52190.823,A6,N,N
09/29/2021,22:00,14177,1879.09,4082.6799,1316.1899,16291.7998,9269.54,4680.2998,1711.86,53408.4594,E,N,N
09/29/2021,22:00,14394,1933.37,4192.4399,1229.52,15219.7002,8825.8496,4580.8398,1694.89,52070.6095,E1,N,N
09/29/2021,22:00,14177,1879.09,4118.0698,1272.85,16256.7002,9140.6396,4680.2998,1711.86,53236.5094,E2,Y,N
09/29/2021,22:00,14379.9004,1875.4399,4082.6799,1316.1899,16238.4004,9269.54,4680.2998,1711.86,53554.3103,E3,N,N
09/29/2021,22:00,14281.9746,1891.7474,4118.9673,1283.6875,16001.6504,9126.3926,4655.4346,1707.6174,53067.4718,M,N,N
09/29/2021,23:00,14121.9893,1662.5895,4103.4995,1149.098,13581.0566,7858.0503,4281.9473,1518.0688,48276.2993,A3,N,N
09/29/2021,23:00,13795.8271,1761.7915,4155.8462,1185.725,13718.1074,7990.2104,4390.3101,1537.8175,48535.6352,A6,N,N
09/29/2021,23:00,13672.5996,1822.64,4063.74,1259.38,15015,8782.6699,4346.8599,1562.86,50525.7494,E,N,N
09/29/2021,23:00,13707,1833.12,4120.1499,1152.1801,14187,8228.4902,4257.6001,1551.03,49036.5703,E1,N,N
09/29/2021,23:00,13672.5996,1822.64,4048.9299,1199.15,15110.9004,8716.4502,4346.8599,1562.86,50480.39,E2,Y,N
09/29/2021,23:00,13758.2002,1812.67,4063.74,1259.38,15028.7998,8782.6699,4346.8599,1562.86,50615.1798,E3,N,N
09/29/2021,23:00,13702.5996,1822.7675,4074.1399,1217.5225,14835.4248,8627.5703,4324.5449,1559.9025,50164.472,M,N,N
09/29/2021,24:00,13311.2461,1527.1555,4054.6785,1065.0901,12265.8057,7139.8687,3929.1899,1405.4666,44698.5011,A3,N,N
09/29/2021,24:00,12953.085,1595.4199,4161.1816,1087.427,12380.1182,7237.79,4035.1116,1367.0725,44817.2058,A6,N,N
09/29/2021,24:00,12592.5996,1635.21,4091.1799,1098.05,13759.9004,7759.2598,4065.3999,1352.08,46353.6796,E,N,N
09/29/2021,24:00,12659.0996,1653.89,4113.4199,1027.5601,12993.0996,7349.6099,3915.3401,1339.45,45051.4692,E1,N,N
09/29/2021,24:00,12592.5996,1635.21,4071.01,1059.88,13803,7735.5098,4065.3999,1352.08,46314.6893,E2,Y,N
09/29/2021,24:00,12717.2998,1617.09,4091.1799,1098.05,13837.5996,7759.2598,4065.3999,1352.08,46537.959,E3,N,N
09/29/2021,24:00,12640.3994,1635.35,4091.6973,1070.885,13598.4004,7650.9097,4027.8853,1348.9225,46064.4496,M,N,N
09/30/2021,1:00,12894.4902,1416.7892,3967.1533,1013.5341,11437.3945,6610.7178,3617.3137,1375.2513,42332.6441,A3,N,N
09/30/2021,1:00,12420.9912,1502.333,4024.4966,1047.1487,11563.0166,6738.6855,3723.1038,1400.7852,42420.5606,A6,N,N
09/30/2021,1:00,12099.2002,1472.88,4063.23,968.257,13153.7998,7056.1099,3843.53,1383.3101,44040.317,E,N,N
09/30/2021,1:00,12164.5996,1487.4,4001.77,923.332,12121.0996,6696.02,3653.78,1350.2,42398.2012,E1,N,N
09/30/2021,1:00,12099.2002,1472.88,4020.4399,934.983,12826.2002,7031.0801,3843.53,1383.3101,43611.6235,E2,N,N
09/30/2021,1:00,12244.2998,1452.79,4063.23,968.257,12979,7056.1099,3843.53,1383.3101,43990.5268,E3,Y,N
09/30/2021,1:00,12151.8252,1471.4875,4037.1675,948.7073,12770.0244,6959.8301,3796.0925,1375.0326,43510.1671,M,N,N
09/30/2021,2:00,12528.2158,1363.9152,3921.478,974.9371,10734.1943,6274.0703,3444.9082,1330.6268,40572.3457,A3,N,N
09/30/2021,2:00,12092.7559,1418.7885,3965.5686,979.5959,10833.3477,6395.1201,3509.9614,1383.3634,40578.5015,A6,N,N
09/30/2021,2:00,11636.5,1439.1,4035.3201,845.949,12208.5,6684.5098,3652.49,1338.42,41840.7889,E,N,N
09/30/2021,2:00,11734.2998,1447.71,3936.27,846.011,11352.4004,6320.2598,3460.3799,1252.26,40349.5909,E1,N,N
09/30/2021,2:00,11636.5,1439.1,3999.52,814.895,12037.5996,6642.0698,3652.49,1338.42,41560.5944,E2,N,N
09/30/2021,2:00,11783.5996,1423.67,4035.3201,845.949,12264.5996,6684.5098,3652.49,1338.42,42028.5581,E3,Y,N
09/30/2021,2:00,11697.7246,1437.395,4001.6074,838.201,11965.7754,6582.8374,3604.4626,1316.88,41444.8834,M,N,N
09/30/2021,3:00,12130.1455,1314.8643,3890.5415,944.1722,10486.6816,6127.6284,3312.377,1286.09,39492.5005,A3,N,N
09/30/2021,3:00,11682.2178,1382.6586,3901.0227,943.6402,10530.127,6301.5181,3377.7961,1353.0101,39471.9906,A6,N,N
09/30/2021,3:00,11379,1422.4301,3984.1899,709.899,11579.4004,6450.1802,3540.7,1328.47,40394.2696,E,N,N
09/30/2021,3:00,11400.2002,1437.02,3850.26,760.364,11015.5996,6127.0498,3308.6001,1301.47,39200.5637,E1,N,N
09/30/2021,3:00,11379,1422.4301,3811.4099,765.356,11560,6401.8198,3540.7,1328.47,40209.1858,E2,N,N
09/30/2021,3:00,11481.9004,1381.11,3984.1899,709.899,11666.4004,6450.1802,3540.7,1328.47,40542.8499,E3,Y,N
09/30/2021,3:00,11410.0254,1415.7476,3907.5127,736.3795,11455.3496,6357.3076,3482.675,1321.72,40086.7174,M,N,N
09/30/2021,4:00,11912.4336,1293.3306,3867.9614,928.6155,10375.3174,6063.3926,3238.4084,1245.1995,38924.659,A3,N,N
09/30/2021,4:00,11516.4473,1351.6786,3865.8335,929.8171,10415.6748,6224.5361,3289.2976,1306.3257,38899.6107,A6,N,N
09/30/2021,4:00,11256.5,1401.13,3838.4399,821.769,11374.2998,6315.0298,3419.1299,1378.64,39804.9384,E,N,N
09/30/2021,4:00,11254.9004,1432.99,3780.1101,782.712,10822,6048.96,3206.4399,1346.6899,38674.8023,E1,N,N
09/30/2021,4:00,11256.5,1401.13,3782.49,804.817,11310.2002,6262.8198,3419.1299,1378.64,39615.7269,E2,N,N
09/30/2021,4:00,11438,1370.39,3838.4399,821.769,11398.2002,6315.0298,3419.1299,1378.64,39979.5988,E3,Y,N
09/30/2021,4:00,11301.4746,1401.41,3809.8701,807.7667,11226.1748,6235.46,3365.9573,1370.6526,39518.7661,M,N,N
09/30/2021,5:00,11942.3408,1298.4822,3886.3091,933.693,10435.0586,6117.6606,3215.324,1207.4934,39036.3617,A3,N,N
09/30/2021,5:00,11503.1494,1360.7219,3889.2876,929.5015,10359.8418,6252.8799,3253.0947,1241.2207,38789.6975,A6,N,N
09/30/2021,5:00,11253.5996,1399.49,3826.3201,804.206,11296.5,6308.8501,3417.6299,1338.35,39644.9457,E,N,N
09/30/2021,5:00,11312.2998,1423.54,3786.3301,773.018,10911.9004,6072.9102,3165.8,1276.61,38722.4085,E1,N,N
09/30/2021,5:00,11253.5996,1399.49,3758.74,783.29,11409.0996,6244.1401,3417.6299,1338.35,39604.3392,E2,N,N
09/30/2021,5:00,11410.7002,1366.8,3826.3201,804.206,11455.0996,6308.8501,3417.6299,1338.35,39927.9559,E3,Y,N
09/30/2021,5:00,11307.5498,1397.3301,3799.4277,791.18,11268.1504,6233.6875,3354.6724,1322.915,39474.9129,M,N,N
09/30/2021,6:00,12330.2959,1352.1573,3920.4807,968.8802,11034.8242,6357.8633,3279.0552,1204.028,40447.5848,A3,N,N
09/30/2021,6:00,11881.998,1401.696,3912.7573,956.8235,10920.3926,6501.6602,3306.8374,1223.3472,40105.5122,A6,N,N
09/30/2021,6:00,11758.2998,1471.66,3836.8999,846.446,11907.2998,6599.8999,3478.3701,1351.35,41250.2255,E,N,N
09/30/2021,6:00,11756.7998,1499.28,3807.76,809.719,11426.7998,6335.9102,3239.02,1331.65,40206.9388,E1,N,N
09/30/2021,6:00,11758.2998,1471.66,3807.6101,838.537,11899.5,6541.54,3478.3701,1351.35,41146.867,E2,N,N
09/30/2021,6:00,11908,1439.45,3836.8999,846.446,11927.5,6599.8999,3478.3701,1351.35,41387.9159,E3,Y,N
09/30/2021,6:00,11795.3496,1470.5125,3822.2925,835.287,11790.2754,6519.313,3418.5325,1346.425,40997.9875,M,N,N
09/30/2021,7:00,12865.3906,1457.8757,3981.1252,1039.4454,11965.1445,6846.7114,3477.3457,1245.5221,42878.5606,A3,N,N
09/30/2021,7:00,12469.7988,1508.1143,3977.8428,1007.2664,11891.9453,6998.082,3499.7004,1254.1055,42606.8555,A6,N,N
09/30/2021,7:00,12577.7002,1579.91,3886.6001,899.357,12853.9004,7192.6499,3647.73,1345.74,43983.5876,E,N,N
09/30/2021,7:00,12510.5,1579.58,3868.75,867.296,12405.5996,6972.5098,3438.1201,1368.5,43010.8555,E1,N,N
09/30/2021,7:00,12577.7002,1579.91,3821,856.791,12973.5,7140.2202,3647.73,1345.74,43942.5914,E2,N,N
09/30/2021,7:00,12675.7998,1550.3199,3886.6001,899.357,13042.5996,7192.6499,3647.73,1345.74,44240.7963,E3,Y,N
09/30/2021,7:00,12585.4248,1572.4299,3865.7373,880.7003,12818.9004,7124.5078,3595.3276,1351.4299,43794.458,M,N,N
09/30/2021,8:00,13085.5215,1510.016,4043.9192,1081.6045,12416.9893,7088.6563,3523.6626,1245.0103,43995.3797,A3,N,N
09/30/2021,8:00,12650.2246,1560.8074,4035.1814,1058.0807,12428.207,7269.5376,3546.9822,1243.3965,43792.4174,A6,N,N
09/30/2021,8:00,12715.5996,1692.52,3990.3301,911.102,13409.2998,7386.1899,3642.3799,1397.26,45144.6813,E,N,N
09/30/2021,8:00,12577.7002,1715.3199,3962.8101,899.65,12875.4004,7248.2798,3461.6799,1282.66,44023.5003,E1,N,N
09/30/2021,8:00,12715.5996,1692.52,3924.1399,891.963,13384.2998,7376.29,3642.3799,1397.26,45024.4522,E2,N,N
09/30/2021,8:00,12828.4004,1652.9301,3990.3301,911.102,13538.5,7386.1899,3642.3799,1397.26,45347.0924,E3,Y,N
09/30/2021,8:00,12709.3242,1688.3225,3966.9026,903.4542,13301.875,7349.2373,3597.2048,1368.61,44884.9306,M,N,N
09/30/2021,9:00,13642.6309,1563.5804,4026.9072,1099.0016,12941.3418,7325.4946,3635.0024,1259.1548,45493.1137,A3,N,N
09/30/2021,9:00,13115.6191,1606.1306,4042.5667,1080.897,13020.3926,7553.8945,3692.9377,1204.9299,45317.3681,A6,N,N
09/30/2021,9:00,12892.7998,1697.0699,4007.1799,934.139,14178.9004,7563.7798,3830.3401,1289.24,46393.4489,E,N,N
09/30/2021,9:00,12866.5,1715.39,3980.9199,918.072,13295.4004,7415.6001,3593.96,1266.51,45052.3524,E1,N,N
09/30/2021,9:00,12892.7998,1697.0699,3973.47,893.028,13774,7473.02,3830.3401,1289.24,45822.9678,E2,N,N
09/30/2021,9:00,13164.2002,1664.61,4007.1799,934.139,13844.7002,7563.7798,3830.3401,1289.24,46298.1892,E3,Y,N
09/30/2021,9:00,12954.0752,1693.5349,3992.1873,919.8445,13773.25,7504.0449,3771.2449,1283.5575,45891.7392,M,N,N
09/30/2021,10:00,14263.3076,1670.036,4031.998,1162.5383,13607.4385,7599.5273,3882.8516,1283.9521,47501.6494,A3,N,N
09/30/2021,10:00,13784.9473,1725.1854,4062.8179,1161.7357,13710.6387,7832.9712,3925.8984,1213.3387,47417.5333,A6,N,N
09/30/2021,10:00,13629.2998,1778.1899,3974.4099,1042.51,14735.0996,7927.04,4021.8799,1328.98,48437.4091,E,N,N
09/30/2021,10:00,13464.7998,1788.26,4001.28,970.188,13920.2002,7675.1602,3801.8601,1236.01,46857.7583,E1,N,N
09/30/2021,10:00,13629.2998,1778.1899,3992.99,995.503,14485.4004,7785.25,4021.8799,1328.98,48017.493,E2,N,N
09/30/2021,10:00,13830.5,1752.24,3974.4099,1042.51,14498.2002,7927.04,4021.8799,1328.98,48375.76,E3,Y,N
09/30/2021,10:00,13638.4746,1774.22,3985.7725,1012.6777,14409.7256,7828.6221,3966.875,1305.7375,47922.105,M,N,N
09/30/2021,11:00,14644.0811,1782.676,4034.624,1179.2712,14219.4004,7985.8662,4149.7915,1371.8121,49367.5225,A3,N,N
09/30/2021,11:00,14467.1582,1816.7894,4069.6223,1189.2484,14446.751,8307.7539,4232.2534,1321.8459,49851.4225,A6,N,N
09/30/2021,11:00,14342.7998,1893.34,4060.9199,1111.03,15612.7002,8453.1201,4285.71,1436.63,51196.25,E,N,N
09/30/2021,11:00,14021.9004,1855.78,4022.1399,1029.13,14558.7998,8069.4302,4044.51,1300.1801,48901.8704,E1,N,N
09/30/2021,11:00,14342.7998,1893.34,3996.6201,1061.3199,15432.2002,8284.8203,4285.71,1436.63,50733.4403,E2,N,N
09/30/2021,11:00,14458.7998,1853.03,4060.9199,1111.03,15790,8453.1201,4285.71,1436.63,51449.2398,E3,Y,N
09/30/2021,11:00,14291.5752,1873.8726,4035.1499,1078.1274,15348.4248,8315.123,4225.4102,1402.5175,50570.2006,M,N,N
09/30/2021,12:00,15000.8945,1906.9664,4084.3857,1097.4548,14968.4814,8434.3135,4470.0889,1442.8842,51405.4694,A3,N,N
09/30/2021,12:00,15047.0723,1921.9302,4128.0249,982.092,15335.4072,8842.5977,4587.8525,1487.198,52332.1748,A6,N,N
09/30/2021,12:00,14880.2002,2031.61,4115.8301,1157.9,16889,8668.3096,4624.8799,1478.5699,53846.2997,E,N,N
09/30/2021,12:00,14464.5,1936.6,4088.0801,1037.34,15583.5,8255.3799,4401.71,1443.37,51210.48,E1,N,N
09/30/2021,12:00,14880.2002,2031.61,4055.8799,1091.76,16576.6992,8493.6904,4624.8799,1478.5699,53233.2895,E2,N,N
09/30/2021,12:00,15039.2998,1941.99,4115.8301,1157.9,16968.8008,8668.3096,4624.8799,1478.5699,53995.5801,E3,Y,N
09/30/2021,12:00,14816.0498,1985.4524,4093.905,1111.225,16504.5,8521.4219,4569.0874,1469.7699,53071.4114,M,N,N
09/30/2021,13:00,15557.293,1981.9204,4125.3052,1207.4567,15944.7539,8873.5625,4737.1709,1515.6873,53943.1499,A3,N,N
09/30/2021,13:00,15920.4775,2032.7719,4170.2627,1235.5035,16418.4004,9404.6797,4875.3604,1589.8506,55647.3067,A6,N,N
09/30/2021,13:00,15595.7002,2163.23,4092.3301,1216.45,18153.5,9055.9102,4939.04,1615.53,56831.6905,E,N,N
09/30/2021,13:00,15174.2002,2008.91,4120.27,1065.63,16446.6992,8639.4199,4678.5098,1564.36,53697.9991,E1,N,N
09/30/2021,13:00,15595.7002,2163.23,4090.5801,1129.96,17393.6992,8889.9004,4939.04,1615.53,55817.6399,E2,N,N
09/30/2021,13:00,15684.0996,2054.8,4092.3301,1216.45,18051.5,9055.9102,4939.04,1615.53,56709.6599,E3,Y,N
09/30/2021,13:00,15512.4258,2097.5425,4098.8774,1157.1226,17511.3496,8910.2852,4873.9072,1602.7375,55764.2478,M,N,N
09/30/2021,14:00,16046.2949,2079.9871,4180.1455,1275.6543,16673.2871,9290.8662,4962.6279,1605.3971,56114.2601,A3,N,N
09/30/2021,14:00,16369.6426,2174.1101,4227.5874,1358.8936,17225.5332,9721.9814,5108.4932,1670.7695,57857.011,A6,N,N
09/30/2021,14:00,16049.9004,2325.45,4176.8701,1381.29,19313.4004,9621.8896,5215.1602,1713.96,59797.9207,E,N,N
09/30/2021,14:00,15760.9004,2154.47,4176.0601,1208.0601,17200.9004,9110.9004,4894.6099,1673.23,56179.1313,E1,N,N
09/30/2021,14:00,16049.9004,2325.45,4162.0498,1296,18330.0996,9411.6396,5215.1602,1713.96,58504.2596,E2,N,N
09/30/2021,14:00,16234.0996,2208.9399,4176.8701,1381.29,19033,9621.8896,5215.1602,1713.96,59585.2094,E3,Y,N
09/30/2021,14:00,16023.7012,2253.5776,4172.9624,1316.66,18469.3496,9441.5801,5135.0225,1703.7775,58516.6309,M,N,N
09/30/2021,15:00,16341.7354,2147.7288,4228.3506,1308.5409,17273.9883,9776.334,5094.6641,1667.4026,57838.7447,A3,N,N
09/30/2021,15:00,16776.6055,2281.2441,4267.188,1403.7745,17886.7012,10408.8623,5235.208,1716.7396,59976.3232,A6,N,N
09/30/2021,15:00,16432,2378.6101,4226.5898,1468.62,20211,10120.2998,5354.1099,1837.02,62028.2496,E,N,N
09/30/2021,15:00,16181.5996,2178.4399,4218.6802,1246.91,18038.3008,9543.8496,5046.1602,1735.77,58189.7103,E1,N,N
09/30/2021,15:00,16432,2378.6101,4215.3398,1342.61,19334.9004,9761.29,5354.1099,1837.02,60655.8802,E2,N,N
09/30/2021,15:00,16809.0996,2253.24,4226.5898,1468.62,20184.5,10120.2998,5354.1099,1837.02,62253.4791,E3,Y,N
09/30/2021,15:00,16463.6758,2297.2251,4221.7998,1381.6901,19442.1758,9886.4346,5277.1221,1811.7075,60781.8308,M,N,N
09/30/2021,16:00,16481.0879,2161.8257,4281.8525,1357.5129,17589.8652,10121.3662,5222.9473,1693.4276,58909.8853,A3,N,N
09/30/2021,16:00,16738.1445,2313.8423,4344.4092,1457.4808,18128.6016,10738.5,5342.2715,1733.5054,60796.7553,A6,N,N
09/30/2021,16:00,16582.5996,2393.8701,4311.1802,1497.41,20489.0996,10560,5505.0898,1804.09,63143.3393,E,N,N
09/30/2021,16:00,16325.7998,2222.1899,4309.8101,1281.95,18185.3008,9924.46,5232.6499,1746.8199,59228.9804,E1,N,N
09/30/2021,16:00,16582.5996,2393.8701,4259.3901,1393,19531,10176.2002,5505.0898,1804.09,61645.2398,E2,N,N
09/30/2021,16:00,16907.9004,2266.8301,4311.1802,1497.41,20538.1992,10560,5505.0898,1804.09,63390.6997,E3,Y,N
09/30/2021,16:00,16599.7246,2319.1899,4297.8901,1417.4425,19685.8984,10305.165,5436.98,1789.7725,61852.063,M,N,N
09/30/2021,17:00,16560.0391,2173.7554,4302.0845,1365.7743,17657.4043,10324.4229,5235.624,1675.3567,59294.4612,A3,N,N
09/30/2021,17:00,16893.5645,2322.4763,4374.5576,1450.7321,18251.8711,10813.3076,5358.002,1732.396,61196.9072,A6,N,N
09/30/2021,17:00,16641.1992,2357.55,4259.96,1459.6,20487.1992,10354.4004,5498.5601,1770.52,62828.9889,E,N,N
09/30/2021,17:00,16423.1992,2214.6299,4346.8198,1285.46,18362.6992,9955.6699,5209.21,1699,59496.688,E1,N,N
09/30/2021,17:00,16641.1992,2357.55,4292.6499,1404.2,19657.1992,10237.7998,5498.5601,1770.52,61859.6782,E2,N,N
09/30/2021,17:00,17027.5996,2246.01,4259.96,1459.6,20729.5,10354.4004,5498.5601,1770.52,63346.1501,E3,Y,N
09/30/2021,17:00,16683.2988,2293.9348,4289.8477,1402.215,19809.1484,10225.5684,5426.2227,1752.64,61882.8758,M,N,N
09/30/2021,18:00,16117.1816,2097.5188,4280.9209,1311.5508,17489.2715,10302.1533,5102.062,1643.9583,58344.6172,A3,N,N
09/30/2021,18:00,16083.3252,2286.8628,4358.0908,1367.0664,18051.6953,10809.332,5233.2715,1703.6312,59893.2752,A6,N,N
09/30/2021,18:00,16303.2998,2291.3999,4265.7002,1268.64,19843.9004,10223.4004,5407.04,1692.1801,61295.5608,E,N,N
09/30/2021,18:00,16182.2002,2156.49,4318.1201,1241.59,17919.5996,10015.9004,5134.5698,1652.3199,58620.79,E1,N,N
09/30/2021,18:00,16303.2998,2291.3999,4284.7202,1355.89,19371.3008,10234.0996,5407.04,1692.1801,60939.9304,E2,N,N
09/30/2021,18:00,16946.5996,2186.79,4265.7002,1268.64,20166.9004,10223.4004,5407.04,1692.1801,62157.2507,E3,Y,N
09/30/2021,18:00,16433.8496,2231.52,4283.5605,1283.6901,19325.4258,10174.2002,5338.9224,1682.2151,60753.3837,M,N,N
09/30/2021,19:00,15502.0264,2008.8237,4202.0371,1255.908,16935.1953,9976.6357,4870.6465,1596.0233,56347.296,A3,N,N
09/30/2021,19:00,15432.4932,2186.6479,4258.7163,1333.1758,17551.8262,10461.9639,4994.127,1653.3738,57872.3241,A6,N,N
09/30/2021,19:00,15472.4004,2235.6899,4401.1802,1293.66,18840.8008,9815.4902,5148.04,1569.78,58777.0415,E,N,N
09/30/2021,19:00,15588.0996,2144.3401,4233.5,1234.65,17338.5996,9746.5303,4868.6099,1615.3199,56769.6494,E1,N,N
09/30/2021,19:00,15472.4004,2235.6899,4314.9902,1349.64,18523.8008,10022.7998,5148.04,1569.78,58637.1411,E2,N,N
09/30/2021,19:00,16030,2149.47,4401.1802,1293.66,18849.6992,9815.4902,5148.04,1569.78,59257.3196,E3,Y,N
09/30/2021,19:00,15640.7246,2191.2976,4337.7124,1292.9026,18388.2246,9850.0781,5078.1826,1581.165,58360.2875,M,N,N
09/30/2021,20:00,15335.2695,1910.8525,4197.5806,1214.5426,16118.6953,9459.0977,4676.8662,1502.1991,54415.1035,A3,N,N
09/30/2021,20:00,15325.5381,2102.4048,4208.4043,1297.0911,16619.5625,9804.209,4817.1255,1567.0183,55741.3536,A6,N,N
09/30/2021,20:00,15001.7002,2142.25,3988.5801,1306.9301,18238.0996,9343.0303,4945.1001,1531.9301,56497.6205,E,N,N
09/30/2021,20:00,15365.5,2098.1001,4167.6499,1206.46,16647.8008,9273.9502,4699.8398,1601.26,55060.5608,E1,N,N
09/30/2021,20:00,15001.7002,2142.25,4159.8901,1282.04,17667.6992,9498.29,4945.1001,1531.9301,56228.8997,E2,N,N
09/30/2021,20:00,15517.7998,2072.77,3988.5801,1306.9301,18167.5,9343.0303,4945.1001,1531.9301,56873.6405,E3,Y,N
09/30/2021,20:00,15221.6748,2113.8425,4076.175,1275.5901,17680.2734,9364.5752,4883.7847,1549.2626,56165.1783,M,N,N
09/30/2021,21:00,15327.3916,1877.3483,4136.8711,1239.4994,15620.0381,9424.6484,4594.7759,1505.5769,53726.1497,A3,N,N
09/30/2021,21:00,14985.7939,2026.6179,4114.2144,1330.5662,15937.7686,9714.7832,4738.5679,1588.8322,54437.1443,A6,N,N
09/30/2021,21:00,14710.2002,2066.4299,4034.28,1336.4,18107.3008,9197.4004,4827.3198,1686.6801,55966.0112,E,N,N
09/30/2021,21:00,14993.9004,2029.37,4090.21,1242.4399,16138,9238.6797,4605.8101,1623.84,53962.2501,E1,N,N
09/30/2021,21:00,14710.2002,2066.4299,4070,1294.55,17134.4004,9386.8301,4827.3198,1686.6801,55176.4105,E2,N,N
09/30/2021,21:00,15095.7998,1996.89,4034.28,1336.4,17989.1992,9197.4004,4827.3198,1686.6801,56163.9693,E3,Y,N
09/30/2021,21:00,14877.5254,2039.7799,4057.1926,1302.4475,17342.2266,9255.0781,4771.9424,1670.9701,55317.1626,M,N,N
09/30/2021,22:00,14882.8027,1793.8279,4060.6985,1196.2759,14785.7559,8873.1934,4382.5742,1462.3827,51437.5112,A3,N,N
09/30/2021,22:00,14642.9531,1905.0863,4038.5291,1266.2819,15037.3301,9033.1523,4516.0371,1515.9847,51955.3546,A6,N,N
09/30/2021,22:00,14166.0996,1919.5,3965.6201,1260.75,17053.8008,8645.1201,4607.4199,1377.49,52995.8005,E,N,N
09/30/2021,22:00,14404.5996,1928.27,4085.96,1173.38,15233.5996,8666.25,4377.1201,1519.62,51388.7993,E1,N,N
09/30/2021,22:00,14166.0996,1919.5,3993.78,1208.35,16257.9004,8800.7803,4607.4199,1377.49,52331.3202,E2,N,N
09/30/2021,22:00,14463.9004,1879.47,3965.6201,1260.75,16885.5996,8645.1201,4607.4199,1377.49,53085.3701,E3,Y,N
09/30/2021,22:00,14300.1738,1911.6851,4002.7451,1225.8075,16357.7246,8689.3184,4549.8447,1413.0225,52450.3217,M,N,N
09/30/2021,23:00,14136.1689,1673.1652,3994.7852,1109.884,13413.3057,8133.6992,4089.0845,1397.6106,47947.7033,A3,N,N
09/30/2021,23:00,13808.8398,1764.7708,3988.7532,1150.0204,13620.9092,8239.5908,4205.9307,1399.3702,48178.1851,A6,N,N
09/30/2021,23:00,13489.0996,1852.58,4118.96,1117.3199,15552.2998,8268.2695,4246.29,1531.25,50176.0688,E,N,N
09/30/2021,23:00,13676.2998,1855.96,4000.0801,1098.89,14180.5996,8141.3799,4081.9199,1497.45,48532.5793,E1,N,N
09/30/2021,23:00,13489.0996,1852.58,3922.1399,1144.61,15055.5996,8344.54,4246.29,1531.25,49586.1091,E2,N,N
09/30/2021,23:00,13782.2002,1843.9,4118.96,1117.3199,15488.5996,8268.2695,4246.29,1531.25,50396.7892,E3,Y,N
09/30/2021,23:00,13609.1748,1851.255,4040.0349,1119.5349,15069.2754,8255.6143,4205.1973,1522.8,49672.8866,M,N,N
09/30/2021,24:00,13318.7939,1538.5671,3958.7273,1031.3243,12145.1406,7328.9263,3761.9514,1295.61,44379.0409,A3,N,N
09/30/2021,24:00,12961.3721,1598.0852,4000.5852,1056.8003,12270.9033,7392.3066,3854.7212,1222.4445,44357.2184,A6,N,N
09/30/2021,24:00,12600.2998,1659.5,3936.98,1017.43,14137,7464.7002,3993.4199,1260.76,46070.0899,E,N,N
09/30/2021,24:00,12675.7002,1661.02,3965.6001,968.243,12874.2002,7361.3101,3771.01,1234.99,44512.0736,E1,N,N
09/30/2021,24:00,12600.2998,1659.5,3994.24,1021.2,13801.9004,7524.3501,3993.4199,1260.76,45855.6702,E2,N,N
09/30/2021,24:00,12807.7998,1642.49,3936.98,1017.43,14144.0996,7464.7002,3993.4199,1260.76,46267.6795,E3,Y,N
09/30/2021,24:00,12671.0254,1655.6274,3958.4502,1006.0757,13739.3008,7453.7646,3937.8174,1254.3175,45676.379,M,N,N
10/01/2021,1:00,12924.9912,1425.4196,3809.3096,985.7801,11327.5957,6703.5176,3475.179,1277.1987,41928.9915,A3,N,N
10/01/2021,1:00,12426.8555,1499.2502,3883.251,1020.4736,11467.5693,6803.769,3567.7231,1258.7808,41927.6725,A6,N,N
10/01/2021,1:00,12214.7998,1533.6899,3870.54,910.443,13159.5,6848.8701,3769.3999,1223.88,43531.1227,E,N,N
10/01/2021,1:00,12192.2998,1521.3,3823.0901,866.928,11957.5,6762.6201,3519.3701,1246.36,41889.4681,E1,N,N
10/01/2021,1:00,12214.7998,1533.6899,3954.78,925.499,12632.5,6913.96,3769.3999,1223.88,43168.5086,E2,N,N
10/01/2021,1:00,12331.2002,1504.26,3870.54,910.443,12961.2998,6848.8701,3769.3999,1223.88,43419.893,E3,Y,N
10/01/2021,1:00,12238.2744,1523.2349,3879.7375,903.3282,12677.7002,6843.5801,3706.8926,1229.5,43002.2479,M,N,N
10/01/2021,2:00,12455.126,1369.4171,3788.334,950.3442,10787.6152,6273.3467,3289.9753,1244.5178,40158.6763,A3,N,N
10/01/2021,2:00,11987.998,1414.0353,3844.8889,956.9368,10877.0107,6374.002,3341.7725,1255.3926,40052.0368,A6,N,N
10/01/2021,2:00,11796.4004,1530.38,3888.55,783.554,12030.2002,6399.1699,3542.5801,1157.6,41128.4346,E,N,N
10/01/2021,2:00,11747.9004,1506.01,3744.52,771.081,11362.7002,6348.6602,3307.45,1209.5699,39997.8917,E1,N,N
10/01/2021,2:00,11796.4004,1530.38,3882.3501,823.207,11685.9004,6497.3999,3542.5801,1157.6,40915.8179,E2,N,N
10/01/2021,2:00,11821.2002,1479.64,3888.55,783.554,12069.5996,6399.1699,3542.5801,1157.6,41141.8938,E3,Y,N
10/01/2021,2:00,11790.4756,1511.6025,3850.9924,790.349,11787.0996,6411.1001,3483.7976,1170.5925,40796.0093,M,N,N
10/01/2021,3:00,12030.5273,1306.4171,3754.1538,918.7474,10439.0176,6037.3159,3173.5508,1212.9883,38872.7182,A3,N,N
10/01/2021,3:00,11553.8096,1376.4089,3799.0762,920.8644,10541.8389,6176.3726,3230.9534,1242.33,38841.654,A6,N,N
10/01/2021,3:00,11521.2998,1514.17,3783.8501,727.977,11508.2998,6254.5801,3411.1899,1258.47,39979.8367,E,N,N
10/01/2021,3:00,11507.7002,1457.89,3668.48,712.392,10828.9004,6143.8101,3170.6499,1303.85,38793.6726,E1,N,N
10/01/2021,3:00,11521.2998,1514.17,3815.8701,769.589,11290.5,6342.1299,3411.1899,1258.47,39923.2187,E2,N,N
10/01/2021,3:00,11557.9004,1445.87,3783.8501,727.977,11570.2998,6254.5801,3411.1899,1258.47,40010.1373,E3,Y,N
10/01/2021,3:00,11527.0508,1483.025,3763.0127,734.4838,11299.5,6248.7749,3351.0547,1269.8149,39676.7168,M,N,N
10/01/2021,4:00,11743.7988,1270.2606,3752.0974,900.0086,10346.7861,5961.0356,3091.1628,1177.6268,38242.7767,A3,N,N
10/01/2021,4:00,11370.8154,1344.0107,3785.6172,905.0266,10453.9111,6086.522,3131.4021,1221.1138,38298.4189,A6,N,N
10/01/2021,4:00,11372.9004,1510.0699,3747.0901,756.592,11269.2002,6138.4102,3341.24,1164.84,39300.3428,E,N,N
10/01/2021,4:00,11225.5996,1466.9,3621.54,725.287,10587.7002,6046.75,3079.26,1225.76,37978.7968,E1,N,N
10/01/2021,4:00,11372.9004,1510.0699,3764.3201,780.352,11042.7998,6138.1201,3341.24,1164.84,39114.6423,E2,N,N
10/01/2021,4:00,11432.2998,1456.76,3747.0901,756.592,11261.5,6138.4102,3341.24,1164.84,39298.7321,E3,Y,N
10/01/2021,4:00,11350.9248,1485.95,3720.01,754.7057,11040.2998,6115.4229,3275.7451,1180.0699,38923.1282,M,N,N
10/01/2021,5:00,11795.5527,1279.9056,3794.8943,903.2277,10380.0723,6002.6699,3074.9241,1148.6952,38379.9418,A3,N,N
10/01/2021,5:00,11442.3965,1353.8514,3825.2212,905.051,10381.125,6103.3428,3105.8005,1177.3082,38294.0966,A6,N,N
10/01/2021,5:00,11412.4004,1496.23,3780.05,745.281,11029.2002,6103.4302,3360.3701,1202.74,39129.7019,E,N,N
10/01/2021,5:00,11272.0996,1464.4399,3644.4299,716.586,10612.2002,6029.96,3035.53,1256.14,38031.3856,E1,N,N
10/01/2021,5:00,11412.4004,1496.23,3747.21,775.762,11065.7002,6172.27,3360.3701,1202.74,39232.6827,E2,N,N
10/01/2021,5:00,11433.5,1433.89,3780.05,745.281,11163.4004,6103.4302,3360.3701,1202.74,39222.6617,E3,Y,N
10/01/2021,5:00,11382.5996,1472.6975,3737.9348,745.7275,10967.625,6102.2725,3279.1602,1216.09,38904.1071,M,N,N
10/01/2021,6:00,12135.6768,1333.1863,3850.0017,939.6802,10825.8838,6206.7847,3157.2463,1152.2996,39600.7594,A3,N,N
10/01/2021,6:00,11744.2012,1386.1101,3862.644,937.1164,10819.5439,6320.2217,3188.0579,1165.9303,39423.8255,A6,N,N
10/01/2021,6:00,11831.5996,1552.65,3799.51,780.25,11502.5996,6197.79,3391.3201,1169.16,40224.8793,E,N,N
10/01/2021,6:00,11661.4004,1505.4399,3678.55,754.229,10983,6237.73,3113.78,1239.1,39173.2293,E1,N,N
10/01/2021,6:00,11831.5996,1552.65,3759.8201,813.296,11424.4004,6414.5,3391.3201,1169.16,40356.7462,E2,N,N
10/01/2021,6:00,11836.4004,1504.87,3799.51,780.25,11504.0996,6197.79,3391.3201,1169.16,40183.4001,E3,Y,N
10/01/2021,6:00,11790.25,1528.9025,3759.3474,782.0062,11353.5254,6261.9521,3321.9351,1186.645,39984.5637,M,N,N
10/01/2021,7:00,12709.792,1445.542,3965.0515,1012.7119,11780.9531,6695.3354,3342.3979,1197.6283,42149.4121,A3,N,N
10/01/2021,7:00,12312.1279,1498.2639,3939.2014,991.1161,11775.8145,6786.2661,3369.7014,1202.1511,41874.6424,A6,N,N
10/01/2021,7:00,12519.2998,1640.24,3820.25,817.552,12116.0996,6846.3799,3618.28,1189.78,42567.8813,E,N,N
10/01/2021,7:00,12282.5996,1581.9301,3729.8701,797.783,11707.9004,6766.02,3236.73,1263.3101,41366.1433,E1,N,N
10/01/2021,7:00,12519.2998,1640.24,3782.46,830.682,12262.9004,6999.5601,3618.28,1189.78,42843.2023,E2,N,N
10/01/2021,7:00,12474.5996,1563.9399,3820.25,817.552,12293.7002,6846.3799,3618.28,1189.78,42624.4816,E3,Y,N
10/01/2021,7:00,12448.9492,1606.5875,3788.2075,815.8923,12095.1494,6864.585,3522.8926,1208.1626,42350.4261,M,N,N
10/01/2021,8:00,12924.2686,1497.2644,4049.1008,1052.7251,12256.9307,6929.0454,3400.7319,1194.6418,43304.7087,A3,N,N
10/01/2021,8:00,12480.0264,1549.9203,4032.563,1032.04,12327.9648,7044.3105,3430.261,1193.0117,43090.0977,A6,N,N
10/01/2021,8:00,12737,1759.6899,3963.9299,872.551,12749.0996,6833.7202,3617.03,1163.6801,43696.7007,E,N,N
10/01/2021,8:00,12508.0996,1699.13,3804.73,830.437,12426.9004,6994.27,3333.2,1211.27,42808.037,E1,N,N
10/01/2021,8:00,12737,1759.6899,3919.1599,889.625,12708.4004,7081.5,3617.03,1163.6801,43876.0853,E2,N,N
10/01/2021,8:00,12688.5,1706.24,3963.9299,872.551,12862.7998,6833.7202,3617.03,1163.6801,43708.451,E3,Y,N
10/01/2021,8:00,12667.6504,1731.1875,3912.9375,866.291,12686.7998,6935.8027,3546.0725,1175.5776,43522.319,M,N,N
10/01/2021,9:00,13466.2949,1549.2361,4016.6216,1068.8289,12610.2588,7094.5508,3530.2715,1203.6423,44539.7049,A3,N,N
10/01/2021,9:00,12928.5371,1593.9783,4042.4612,1049.9493,12781.46,7257.042,3580.5081,1154.0193,44387.9553,A6,N,N
10/01/2021,9:00,12952.9004,1722.4301,3985.49,878.83,13396.9004,7077.3398,3766.72,1137.6,44918.2107,E,N,N
10/01/2021,9:00,12860.4004,1688.67,3874.3401,846.492,12601.5,7176.2598,3485.54,1185.37,43718.5723,E1,N,N
10/01/2021,9:00,12952.9004,1722.4301,3993.6699,921.211,12970.7002,7265.5601,3766.72,1137.6,44730.7917,E2,N,N
10/01/2021,9:00,12954.7998,1685.66,3985.49,878.83,13084,7077.3398,3766.72,1137.6,44570.4396,E3,Y,N
10/01/2021,9:00,12930.251,1704.7976,3959.7476,881.3408,13013.2754,7149.125,3696.4248,1149.5425,44484.5047,M,N,N
10/01/2021,10:00,14009.3965,1637.8273,4064.4341,1129.9481,13161.9746,7248.2754,3775.9431,1216.5889,46244.388,A3,N,N
10/01/2021,10:00,13564.8359,1702.4338,4093.823,1118.88,13367.4834,7375.1421,3861.8225,1151.5409,46235.9616,A6,N,N
10/01/2021,10:00,13621.4004,1780.49,4013.8101,923.033,13629.7998,7172.3301,4010.5,1115.74,46267.1034,E,N,N
10/01/2021,10:00,13438.2002,1753.85,3839.1699,908.526,13042.2998,7342.23,3648.4399,1163.49,45136.2058,E1,N,N
10/01/2021,10:00,13621.4004,1780.49,3991.3601,949.937,13562.9004,7583.2798,4010.5,1115.74,46615.6077,E2,N,N
10/01/2021,10:00,13736.9004,1756.54,4013.8101,923.033,13401.7998,7172.3301,4010.5,1115.74,46130.6534,E3,Y,N
10/01/2021,10:00,13604.4746,1767.8425,3964.5376,926.1323,13409.2002,7317.5425,3919.9849,1127.6775,46037.3921,M,N,N
10/01/2021,11:00,14510.9385,1722.853,4049.124,1137.0251,13618.25,7482.2969,4042.2563,1276.4325,47839.1763,A3,N,N
10/01/2021,11:00,14346.5693,1793.0175,4089.0029,1144.485,13935.6875,7744.0879,4142.5566,1239.6787,48435.0854,A6,N,N
10/01/2021,11:00,14171,1801.3101,3947.74,937.764,13618.0996,7141.21,4100.3101,1158.8101,46876.2439,E,N,N
10/01/2021,11:00,14036.0996,1775.66,3828.02,948.72,13473.7002,7390.3501,3928.3301,1195.72,46576.6,E1,N,N
10/01/2021,11:00,14171,1801.3101,3893.74,1013.23,14204.7998,7790.3101,4100.3101,1158.8101,48133.5102,E2,N,N
10/01/2021,11:00,14301.7998,1809.62,3947.74,937.764,13754,7141.21,4100.3101,1158.8101,47151.254,E3,Y,N
10/01/2021,11:00,14169.9756,1796.9751,3904.3101,959.3694,13762.6504,7365.7705,4057.3149,1168.0376,47184.4036,M,N,N
10/01/2021,12:00,14917.877,1833.0228,4060.3169,1045.2371,13872.1641,7677.9253,4323.8735,1323.9402,49054.3569,A3,N,N
10/01/2021,12:00,15112.291,1899.2687,4112.1465,930.0928,14316.5977,8011.9321,4441.0742,1351.9158,50175.3188,A6,N,N
10/01/2021,12:00,14688.2002,1849.7,3919.47,958.652,14441,7238.8799,4394.4199,1240.45,48730.772,E,N,N
10/01/2021,12:00,14740.7002,1833.75,3874.3799,945.027,13997.2998,7450.8799,4225.4199,1280.1899,48347.6466,E1,N,N
10/01/2021,12:00,14688.2002,1849.7,3889.3401,1018.73,15031.4004,7954.3301,4394.4199,1240.45,50066.5707,E2,N,N
10/01/2021,12:00,15117,1914.21,3919.47,958.652,14473,7238.8799,4394.4199,1240.45,49256.0818,E3,Y,N
10/01/2021,12:00,14808.5254,1861.84,3900.6648,970.2653,14485.6758,7470.7422,4352.1699,1250.385,49100.2684,M,N,N
10/01/2021,13:00,15465.3555,1912.0815,4054.7615,1146.7872,14395.8906,7997.3521,4605.3965,1374.3253,50951.9502,A3,N,N
10/01/2021,13:00,15907.0645,2007.1243,4108.624,1157.0912,14817.6387,8450.7314,4761.6982,1426.7175,52636.6898,A6,N,N
10/01/2021,13:00,15379.0996,1929.4301,3933.03,976.709,15321,7637.9702,4717.1201,1319.97,51214.329,E,N,N
10/01/2021,13:00,15515,1902.8101,3862.28,981.976,14542.9004,7794.2402,4516.3599,1342.03,50457.5966,E1,N,N
10/01/2021,13:00,15379.0996,1929.4301,3891.1201,1061.04,15680,8402.6797,4717.1201,1319.97,52380.4596,E2,N,N
10/01/2021,13:00,15764.4004,1981.25,3933.03,976.709,15193.5996,7637.9702,4717.1201,1319.97,51524.0493,E3,Y,N
10/01/2021,13:00,15509.4004,1935.7301,3904.865,999.1085,15184.375,7868.2153,4666.9302,1325.485,51394.1095,M,N,N
10/01/2021,14:00,15870.6563,1986.5981,4081.2908,1194.7007,14816.333,8270.5283,4804.7773,1426.7861,52451.6706,A3,N,N
10/01/2021,14:00,16632.1172,2133.9731,4137.5503,1256.9647,15225.6113,8735.6484,4978.5034,1465.9705,54566.3389,A6,N,N
10/01/2021,14:00,15497.5996,2067.8799,4077.8301,1036.15,16465.3008,8181.3599,4877.46,1432.08,53635.6603,E,N,N
10/01/2021,14:00,15570.7998,2043.79,3905.1499,1050.37,15416.2002,8152.1201,4723.9502,1461.42,52323.8002,E1,N,N
10/01/2021,14:00,15497.5996,2067.8799,4002.45,1144.8,16649.0996,8846.0801,4877.46,1432.08,54517.4492,E2,N,N
10/01/2021,14:00,15908.7002,2146.49,4077.8301,1036.15,16206.2002,8181.3599,4877.46,1432.08,53866.2704,E3,Y,N
10/01/2021,14:00,15618.6748,2081.51,4015.8149,1066.8676,16184.2002,8340.2305,4839.0825,1439.415,53585.7955,M,N,N
10/01/2021,15:00,16174.8711,2024.6404,4128.2856,1219.3496,15061.1797,8526.9902,4994.2456,1464.2347,53593.7969,A3,N,N
10/01/2021,15:00,16879.9785,2224.2104,4158.5337,1273.7339,15489.1602,9112.9229,5165.6953,1501.9814,55806.2163,A6,N,N
10/01/2021,15:00,16017.0996,2098.76,4008.25,1095.29,16900.8008,8673.1504,5084.9702,1417.1899,55295.5109,E,N,N
10/01/2021,15:00,16090.7998,2106.51,3945.96,1132.0699,15881,8536.2197,4912.8701,1400.2,54005.6295,E1,N,N
10/01/2021,15:00,16017.0996,2098.76,3938.72,1217.92,17314.3008,9260.3604,5084.9702,1417.1899,56349.3209,E2,N,N
10/01/2021,15:00,16367.2002,2207.99,4008.25,1095.29,16877.4004,8673.1504,5084.9702,1417.1899,55731.4411,E3,Y,N
10/01/2021,15:00,16123.0498,2128.0051,3975.2949,1135.1425,16743.375,8785.7207,5041.9453,1412.9425,55345.4758,M,N,N
10/01/2021,16:00,16266.9531,2052.9373,4189.0703,1228.2317,15185.6641,8776.5029,5040.7026,1475.8555,54215.9175,A3,N,N
10/01/2021,16:00,16879.2148,2296.0945,4215.8198,1309.0142,15512.2344,9413.9629,5151.5088,1511.9431,56289.7925,A6,N,N
10/01/2021,16:00,16400.5996,2132.8601,4037.49,1146.47,17145.0996,9319.1699,5194.1099,1468.8,56844.5991,E,N,N
10/01/2021,16:00,16380.2002,2153.78,4024.46,1158.6801,16081,8999.8604,5040.2598,1454.42,55292.6605,E1,N,N
10/01/2021,16:00,16400.5996,2132.8601,3964.8301,1262.89,17559.0996,9763.2305,5194.1099,1468.8,57746.4198,E2,N,N
10/01/2021,16:00,16647.5,2261.3201,4037.49,1146.47,17197.6992,9319.1699,5194.1099,1468.8,57272.5591,E3,Y,N
10/01/2021,16:00,16457.2246,2170.2051,4016.0676,1178.6274,16995.7266,9350.3574,5155.647,1465.2051,56789.0608,M,N,N
10/01/2021,17:00,16414.5215,2050.7529,4242.2085,1232.0286,15376.8438,8914.6396,5074.7168,1468.6595,54774.3712,A3,N,N
10/01/2021,17:00,17043.7461,2287.3298,4247.8623,1291.771,15646.1367,9501.0859,5167.937,1507.4014,56693.2702,A6,N,N
10/01/2021,17:00,16507.9004,2096.02,4167,1186.96,17141,9366.0996,5122.9702,1399.26,56987.2102,E,N,N
10/01/2021,17:00,16610.0996,2117.3999,4063.75,1193.02,16147.7002,9038.5098,4970.1699,1356.51,55497.1594,E1,N,N
10/01/2021,17:00,16507.9004,2096.02,4068.72,1305.49,17766.5996,9726.2998,5122.9702,1399.26,57993.26,E2,N,N
10/01/2021,17:00,16900.3008,2191.8301,4167,1186.96,17362.5,9366.0996,5122.9702,1399.26,57696.9207,E3,Y,N
10/01/2021,17:00,16631.5508,2125.3174,4116.6172,1218.1074,17104.4492,9374.252,5084.7705,1388.5725,57043.637,M,N,N
10/01/2021,18:00,16097.3203,1983.2502,4225.9448,1195.6492,15035.8252,8815.0137,4960.2129,1457.9602,53771.1765,A3,N,N
10/01/2021,18:00,16496.2402,2266.8018,4219.2178,1219.2534,15361.1045,9253.1016,5066.0317,1489.374,55371.125,A6,N,N
10/01/2021,18:00,15986.7998,2104,4187.0601,1090.01,16863.5,9439.8096,5161.3101,1425.6,56258.0896,E,N,N
10/01/2021,18:00,16284.7002,2089.0801,4063.51,1132.21,16004.9004,8997.5996,4985.8901,1395.1,54952.9904,E1,N,N
10/01/2021,18:00,15986.7998,2104,4100.8901,1219.75,17613.5,9681.21,5161.3101,1425.6,57293.06,E2,N,N
10/01/2021,18:00,16495,2164.8501,4187.0601,1090.01,17151.5996,9439.8096,5161.3101,1425.6,57115.2395,E3,Y,N
10/01/2021,18:00,16188.3252,2115.4824,4134.6304,1132.995,16908.375,9389.6074,5117.4551,1417.975,56404.8455,M,N,N
10/01/2021,19:00,15228.4375,1874.7068,4156.2446,1156.0583,14501.6553,8457.5283,4752.5264,1432.0177,51559.1749,A3,N,N
10/01/2021,19:00,15579.3418,2143.2212,4110.1694,1200.9838,14871.5537,8906.3291,4832.9253,1441.4248,53085.9491,A6,N,N
10/01/2021,19:00,15602.7002,1965.96,4575.8999,1125.1801,16599.6992,9267.2998,4910.1899,1498.34,55545.2691,E,N,N
10/01/2021,19:00,15949.5,1995.3199,4014.6399,1128.76,15586.9004,8902.5898,4768.2998,1449.27,53795.2798,E1,N,N
10/01/2021,19:00,15602.7002,1965.96,4467.0601,1203.96,17010,9471.25,4910.1899,1498.34,56129.4602,E2,N,N
10/01/2021,19:00,16127,2043.66,4575.8999,1125.1801,16624.8008,9267.2998,4910.1899,1498.34,56172.3705,E3,Y,N
10/01/2021,19:00,15820.4746,1992.725,4408.375,1145.77,16455.3516,9227.1104,4874.7173,1486.0724,55410.5963,M,N,N
10/01/2021,20:00,14877.4961,1780.4099,4156.3535,1133.7924,14295.043,8070.2207,4493.915,1370.4142,50177.6448,A3,N,N
10/01/2021,20:00,15075.4912,2047.7363,4073.0112,1193.1827,14474.5986,8428.8691,4606.7842,1370.2974,51269.9707,A6,N,N
10/01/2021,20:00,15408.5996,1958.39,4151.3901,1135.42,16010,8811.6201,4757.0298,1435.6801,53668.1297,E,N,N
10/01/2021,20:00,15699.2998,2010.99,4000.3301,1141.3199,15236,8630.7598,4614.1602,1434.25,52767.1098,E1,N,N
10/01/2021,20:00,15408.5996,1958.39,4074.78,1198.1801,16266.7002,8972.2197,4757.0298,1435.6801,54071.5795,E2,N,N
10/01/2021,20:00,15728.9004,2009.5601,4151.3901,1135.42,15972.7002,8811.6201,4757.0298,1435.6801,54002.3008,E3,Y,N
10/01/2021,20:00,15561.3496,1984.3325,4094.4727,1152.585,15871.3496,8806.5547,4721.312,1435.3226,53627.2787,M,N,N
10/01/2021,21:00,15011.7871,1729.5018,4091.3745,1151.3374,14208.165,8148.4673,4404.354,1411.7123,50156.6994,A3,N,N
10/01/2021,21:00,14981.6689,1958.1675,3994.1755,1226.1517,14350.9512,8390.5898,4513.6216,1406.0715,50821.3977,A6,N,N
10/01/2021,21:00,14957.7002,1872.71,4097.8101,1132.84,15255,8577.7402,4557.4199,1424.3,51875.5204,E,N,N
10/01/2021,21:00,15177.7002,1918.14,3917.4399,1116.83,14502.4004,8370.1201,4427.8799,1487.23,50917.7405,E1,N,N
10/01/2021,21:00,14957.7002,1872.71,4039.9099,1181.4,15393.4004,8630.5801,4557.4199,1424.3,52057.4205,E2,N,N
10/01/2021,21:00,15112,1901.42,4097.8101,1132.84,15196.7002,8577.7402,4557.4199,1424.3,52000.2304,E3,Y,N
10/01/2021,21:00,15051.2754,1891.245,4038.2427,1140.9774,15086.875,8539.0449,4525.0352,1440.0325,51712.7281,M,N,N
10/01/2021,22:00,14657.7412,1664.8389,4024.9133,1124.6803,13660.5625,7876.4136,4196.5269,1394.3087,48599.9854,A3,N,N
10/01/2021,22:00,14694.5068,1835.1075,3947.5247,1180.2382,13820.7285,7976.2725,4288.1987,1355.5924,49098.1693,A6,N,N
10/01/2021,22:00,14089.7998,1771.58,4037.53,1076.86,14440.5996,8136.4102,4298.8501,1432.64,49284.2697,E,N,N
10/01/2021,22:00,14328.2002,1808.6801,3930.8301,1072.64,13761.9004,7925.3101,4199.0098,1425.6,48452.1707,E1,N,N
10/01/2021,22:00,14089.7998,1771.58,3987.79,1118.79,14441.9004,8066.6602,4298.8501,1432.64,49208.0105,E2,N,N
10/01/2021,22:00,14207.7998,1789.42,4037.53,1076.86,14345.5,8136.4102,4298.8501,1432.64,49325.0101,E3,Y,N
10/01/2021,22:00,14178.9004,1785.3149,3998.4202,1086.2875,14247.4746,8066.1978,4273.8896,1430.88,49067.365,M,N,N
10/01/2021,23:00,13934.0518,1581.4464,3997.156,1069.4354,12807.1104,7464.3179,3950.6072,1346.038,46150.1631,A3,N,N
10/01/2021,23:00,13878.29,1737.3005,3936.6179,1094.8807,12915.8789,7548.854,4028.9871,1277.8784,46418.6875,A6,N,N
10/01/2021,23:00,13580.7998,1738.52,4049.6201,1038.21,13512.2998,7721.8799,4043.6399,1357.0699,47042.0394,E,N,N
10/01/2021,23:00,13629.0996,1760.0601,3900.1799,981.735,12824.7998,7672.1401,3935.74,1431.21,46134.9645,E1,N,N
10/01/2021,23:00,13580.7998,1738.52,4000.22,1063.03,13602.4004,7805.1699,4043.6399,1357.0699,47190.8499,E2,N,N
10/01/2021,23:00,13543.4004,1777.58,4049.6201,1038.21,13490.7002,7721.8799,4043.6399,1357.0699,47022.1004,E3,Y,N
10/01/2021,23:00,13583.5254,1753.67,3999.9099,1030.2963,13357.5498,7730.2676,4016.6648,1375.6049,46847.4887,M,N,N
10/01/2021,24:00,13210.5752,1465.26,3997.29,1005.2529,11984.9082,6970.1177,3709.2185,1263.6508,43606.2733,A3,N,N
10/01/2021,24:00,12976.0205,1585.3384,3996.1323,1018.1385,12005.6514,6985.8638,3764.1665,1144.8579,43476.1693,A6,N,N
10/01/2021,24:00,12824.9004,1596.72,4067,912.071,12514.2998,7105.5801,3819.9099,1208.74,44049.2212,E,N,N
10/01/2021,24:00,12714.2998,1615.61,3900.29,867.004,12010.5996,6985.5601,3678.5801,1230.1801,43002.1237,E1,N,N
10/01/2021,24:00,12824.9004,1596.72,4030.8701,974.662,12656.0996,7148.4502,3819.9099,1208.74,44260.3522,E2,N,N
10/01/2021,24:00,12768.2002,1613.02,4067,912.071,12552.7002,7105.5801,3819.9099,1208.74,44047.2214,E3,Y,N
10/01/2021,24:00,12783.0752,1605.5175,4016.29,916.452,12433.4248,7086.2925,3784.5776,1214.1,43839.7296,M,N,N
10/02/2021,1:00,12670.6924,1370.1263,3927.8794,959.0009,11257.3232,6528.3789,3444.0398,1230.7638,41388.2047,A3,N,N
10/02/2021,1:00,12254.3916,1494.1545,3912.4485,991.6994,11350.8213,6607.2925,3490.4058,1203.9265,41305.1401,A6,N,N
10/02/2021,1:00,12543.5,1474.41,4002.75,800.369,12033.7998,6530.1201,3652.23,1196.51,42233.6889,E,N,N
10/02/2021,1:00,12253.2998,1485.24,3826.47,758.429,11280.7998,6428.6299,3452.45,1190.37,40675.6885,E1,N,N
10/02/2021,1:00,12543.5,1474.41,3982,895.068,11829.5996,6588.5098,3652.23,1196.51,42161.8274,E2,Y,N
10/02/2021,1:00,12456.0996,1482.66,4002.75,800.369,11863.2002,6530.1201,3652.23,1196.51,41983.9389,E3,N,N
10/02/2021,1:00,12449.0996,1479.1801,3953.4924,813.5588,11751.8496,6519.3447,3602.2852,1194.975,41763.7854,M,N,N
10/02/2021,2:00,12243.0527,1310.8766,3891.7598,921.7429,10543.5469,6207.0645,3280.6387,1201.4307,39600.1128,A3,N,N
10/02/2021,2:00,11806.8896,1402.4198,3883.0645,929.7855,10665.2363,6311.4697,3294.0447,1209.4189,39502.329,A6,N,N
10/02/2021,2:00,12100.2002,1455.03,3945.3501,682.492,11247.5996,6078.8301,3505.8101,1095.41,40110.7221,E,N,N
10/02/2021,2:00,11753.2002,1460.4301,3785.0801,652.315,10588.0996,5984.27,3277.8701,1076.0699,38577.335,E1,N,N
10/02/2021,2:00,12100.2002,1455.03,3945.0701,787.386,11033.5,6109.9902,3505.8101,1095.41,40032.3966,E2,Y,N
10/02/2021,2:00,12011.0996,1454.35,3945.3501,682.492,11291.7998,6078.8301,3505.8101,1095.41,40065.1417,E3,N,N
10/02/2021,2:00,11991.1758,1456.2101,3905.2124,701.1712,11040.25,6062.98,3448.8252,1090.5751,39696.3998,M,N,N
10/02/2021,3:00,11851.7617,1251.0972,3857.1863,906.5906,10037.5938,5991.8164,3141.5869,1171.3055,38208.9384,A3,N,N
10/02/2021,3:00,11412.8965,1346.3131,3834.9229,906.8104,10200.4063,6141.8271,3177.7153,1199.5867,38220.4783,A6,N,N
10/02/2021,3:00,11876.2998,1412.4,3869.4299,622.46,10622,5818.8599,3324.4199,1119.76,38665.6295,E,N,N
10/02/2021,3:00,11479.5996,1411.29,3741.8301,583.723,10030.2002,5779.4199,3089.75,1105.79,37221.6028,E1,N,N
10/02/2021,3:00,11876.2998,1412.4,3822.3899,736.428,10548.2002,5965.7998,3324.4199,1119.76,38805.6976,E2,Y,N
10/02/2021,3:00,11771.2998,1427.08,3869.4299,622.46,10690.5996,5818.8599,3324.4199,1119.76,38643.9091,E3,N,N
10/02/2021,3:00,11750.875,1415.7925,3825.7698,641.2678,10472.75,5845.7344,3265.7524,1116.2676,38334.2095,M,N,N
10/02/2021,4:00,11567.2002,1209.9984,3843.2639,887.9286,9856.5078,5826.3926,3022.9812,1146.3136,37360.5863,A3,N,N
10/02/2021,4:00,11167.7852,1310.4838,3811.042,890.1788,9982.6719,5946.2681,3071.0378,1185.5088,37364.9764,A6,N,N
10/02/2021,4:00,11644.7998,1427.8101,3813.72,637.309,10379,5606.6401,3243.73,1132.6801,37885.6891,E,N,N
10/02/2021,4:00,11209.5,1402.17,3681.3201,596.053,9759.6504,5547.6099,2969.75,1119.36,36285.4134,E1,N,N
10/02/2021,4:00,11644.7998,1427.8101,3804.99,743.848,10253,5718.2598,3243.73,1132.6801,37969.1178,E2,Y,N
10/02/2021,4:00,11527.0996,1412.45,3813.72,637.309,10386.2998,5606.6401,3243.73,1132.6801,37759.9286,E3,N,N
10/02/2021,4:00,11506.5508,1417.5601,3778.4375,653.6298,10194.4873,5619.7876,3175.2349,1129.3501,37475.0381,M,N,N
10/02/2021,5:00,11484.9746,1210.2936,3879.6653,867.1157,9751.0371,5771.9888,2990.1421,1111.2571,37066.4743,A3,N,N
10/02/2021,5:00,11058.5732,1289.3868,3852.0251,869.0561,9789.0645,5892.2061,3036.6387,1136.8192,36923.7697,A6,N,N
10/02/2021,5:00,11511.2002,1371.61,3824.79,629.945,10098.7998,5549.1401,3189.3799,1087.9301,37262.7951,E,N,N
10/02/2021,5:00,11046.2998,1380.79,3680.8101,591.106,9737,5456.25,2923.6899,1059.26,35875.2058,E1,N,N
10/02/2021,5:00,11511.2002,1371.61,3839.27,732.211,10177.0996,5659.5601,3189.3799,1087.9301,37568.2609,E2,Y,N
10/02/2021,5:00,11335.2002,1385.73,3824.79,629.945,10231.0996,5549.1401,3189.3799,1087.9301,37233.2149,E3,N,N
10/02/2021,5:00,11350.9746,1377.4349,3792.415,645.8018,10061,5553.5229,3122.9573,1080.7626,36984.8691,M,N,N
10/02/2021,6:00,11429.1543,1229.0518,3899.2988,874.683,10012.1797,5785.4463,2981.144,1098.5905,37309.5484,A3,N,N
10/02/2021,6:00,11081.7998,1286.9274,3870.4751,866.2756,10022.8633,5954.1855,3034.6577,1112.668,37229.8524,A6,N,N
10/02/2021,6:00,11663.5996,1368.02,3816.46,633.628,10241.2002,5534.0801,3161.5901,952.758,37371.336,E,N,N
10/02/2021,6:00,11152.5,1375.91,3664.98,594.439,9868.4102,5575.1401,2923.0601,1017.33,36171.7694,E1,N,N
10/02/2021,6:00,11663.5996,1368.02,3809.9399,741.623,10159.2002,5711.8999,3161.5901,952.758,37568.6307,E2,Y,N
10/02/2021,6:00,11404.4004,1394.52,3816.46,633.628,10250.5996,5534.0801,3161.5901,952.758,37148.0362,E3,N,N
10/02/2021,6:00,11471.0254,1376.6176,3776.96,650.8295,10129.8516,5588.8003,3101.9575,968.901,37064.9429,M,N,N
10/02/2021,7:00,11679.3984,1270.547,3948.3428,909.0168,10426.9053,6002.0405,3039.6145,1090.0856,38365.9509,A3,N,N
10/02/2021,7:00,11355.251,1326.5886,3922.7983,882.1633,10526.0576,6175.4688,3104.2729,1099.6205,38392.221,A6,N,N
10/02/2021,7:00,11887.5996,1369.71,3798.8999,636.168,10387.7998,5895.46,3194.8701,1021.7,38192.2074,E,N,N
10/02/2021,7:00,11432.2998,1385.4,3689.3799,588.669,10100.7002,5787,2921.02,1043.8,36948.2689,E1,N,N
10/02/2021,7:00,11887.5996,1369.71,3820.45,731.966,10442.7998,5940.7798,3194.8701,1021.7,38409.8753,E2,Y,N
10/02/2021,7:00,11655.2002,1390.13,3798.8999,636.168,10540.2002,5895.46,3194.8701,1021.7,38132.6284,E3,N,N
10/02/2021,7:00,11715.6748,1378.7374,3776.9072,648.2427,10367.875,5879.6748,3126.4075,1027.225,37920.7444,M,N,N
10/02/2021,8:00,11926.8613,1308.755,4013.2385,935.5538,10914.0508,6180.2275,3049.8687,1070.8818,39399.4374,A3,N,N
10/02/2021,8:00,11539.7432,1363.316,3994.7097,914.1627,11061.6563,6353.895,3112.9016,1076.3597,39416.7442,A6,N,N
10/02/2021,8:00,11982.9004,1481.02,3905.4199,698.372,10747.5996,6038.8501,3147.6201,999.384,39001.1661,E,N,N
10/02/2021,8:00,11545.2002,1502.3,3763.21,663.005,10575,5922.54,2945.23,990.247,37906.7322,E1,N,N
10/02/2021,8:00,11982.9004,1481.02,3924.46,810.471,10906.5996,6004.2998,3147.6201,999.384,39256.7549,E2,Y,N
10/02/2021,8:00,11745.4004,1516.7,3905.4199,698.372,10847.2998,6038.8501,3147.6201,999.384,38899.0463,E3,N,N
10/02/2021,8:00,11814.0996,1495.26,3874.6274,717.555,10769.125,6001.1353,3097.0227,997.0997,38765.9247,M,N,N
10/02/2021,9:00,12629.8779,1398.2582,3978.0723,981.3041,11655.624,6518.624,3272.2214,1106.1318,41540.1137,A3,N,N
10/02/2021,9:00,12113.4043,1441.2742,4002.6338,951.8695,11887.6191,6729.2529,3338.4717,1068.3044,41532.8299,A6,N,N
10/02/2021,9:00,12424.4004,1513.27,3972.45,742.076,11933.9004,6426.79,3418.6899,1058.36,41489.9367,E,N,N
10/02/2021,9:00,12039.5996,1533.9,3855.55,709.629,11383.5,6358.4199,3192.3301,1022.18,40095.1086,E1,N,N
10/02/2021,9:00,12424.4004,1513.27,3991.04,817.121,11462.0996,6449.5,3418.6899,1058.36,41134.4809,E2,Y,N
10/02/2021,9:00,12165.9004,1524.09,3972.45,742.076,11653.9004,6426.79,3418.6899,1058.36,40962.2567,E3,N,N
10/02/2021,9:00,12263.5742,1521.1324,3947.8726,752.7255,11608.3496,6415.375,3362.1001,1049.3149,40920.4443,M,N,N
10/02/2021,10:00,13251.541,1509.0355,3997.3823,1070.6057,12344.4824,6796.2808,3568.593,1140.5491,43678.4698,A3,N,N
10/02/2021,10:00,12777.46,1572.7357,4035.4473,1041.5588,12648.6963,7046.2358,3616.6079,1082.3615,43821.1033,A6,N,N
10/02/2021,10:00,13158.7998,1562.55,3999.02,805.349,11971,6811.8101,3639.0701,1022.47,42970.069,E,N,N
10/02/2021,10:00,12691.7998,1609.12,3845,781.419,11931.9004,6712.9399,3420.74,1010.87,42003.7891,E1,N,N
10/02/2021,10:00,13158.7998,1562.55,4025.6499,904.323,12154.0996,6842.6001,3639.0701,1022.47,43309.5625,E2,Y,N
10/02/2021,10:00,12896.7998,1597.6,3999.02,805.349,11774.5996,6811.8101,3639.0701,1022.47,42546.7186,E3,N,N
10/02/2021,10:00,12976.5498,1582.955,3967.1724,824.11,11957.9004,6794.79,3584.4875,1019.57,42707.5351,M,N,N
10/02/2021,11:00,13643.1797,1600.408,3996.9744,1090.5569,12968.6006,7109.3691,3874.415,1218.5209,45502.0246,A3,N,N
10/02/2021,11:00,13388.3037,1666.4302,4037.7686,1067.0338,13335.9395,7497.4326,3935.6694,1181.0691,46109.6469,A6,N,N
10/02/2021,11:00,13526,1599.66,3986.04,861.412,12127.2998,6962.8799,3893.6101,1091.83,44048.7318,E,N,N
10/02/2021,11:00,13252.4004,1648.05,3841.3799,838.02,12462.0996,6917.1299,3678.97,1084.41,43722.4598,E1,N,N
10/02/2021,11:00,13526,1599.66,3966.45,955.43,12799.7998,7107.3101,3893.6101,1091.83,44940.09,E2,Y,N
10/02/2021,11:00,13425.4004,1679.3,3986.04,861.412,12256.7002,6962.8799,3893.6101,1091.83,44157.1726,E3,N,N
10/02/2021,11:00,13432.4492,1631.6675,3944.9775,879.0685,12411.4746,6987.5498,3839.9502,1089.975,44217.1123,M,N,N
10/02/2021,12:00,13980.832,1714.4298,4053.6401,1015.1944,13421.2383,7418.6157,4167.813,1270.0161,47041.7794,A3,N,N
10/02/2021,12:00,13926.9121,1786.5774,4090.7036,852.1866,13852.8174,7901.5542,4228.209,1295.157,47934.1173,A6,N,N
10/02/2021,12:00,14067.4004,1620.46,3976.48,885.512,12685.5,6846.5498,4251.7202,1189.27,45522.8924,E,N,N
10/02/2021,12:00,13880.0996,1683.5601,3896.26,863.787,13128.7002,7048.7402,4010.6899,1164.6899,45676.5269,E1,N,N
10/02/2021,12:00,14067.4004,1620.46,3917.48,977.759,13678.0996,7314.02,4251.7202,1189.27,47016.2092,E2,Y,N
10/02/2021,12:00,14146.9004,1745.6899,3976.48,885.512,12729.5,6846.5498,4251.7202,1189.27,45771.6223,E3,N,N
10/02/2021,12:00,14040.4492,1667.5425,3941.6753,903.1425,13055.4492,7013.9648,4191.4629,1183.125,45996.8114,M,N,N
10/02/2021,13:00,14302.2734,1789.3093,4083.7515,1097.9845,13649.7871,7762.3188,4446.8652,1323.2692,48455.559,A3,N,N
10/02/2021,13:00,14245.4941,1863.9348,4116.3042,1079.765,14176.8008,8309.8262,4540.772,1371.9421,49704.8392,A6,N,N
10/02/2021,13:00,14783.9004,1643.4399,4013.3,893.883,13036.4004,7127.73,4615.52,1295.71,47409.8837,E,N,N
10/02/2021,13:00,14558.7998,1746.79,3886.3999,909.966,13419.7998,7415.3398,4351.1201,1259.36,47547.5754,E1,N,N
10/02/2021,13:00,14783.9004,1643.4399,3933.4099,1010.84,14229.5,7759.52,4615.52,1295.71,49271.8402,E2,Y,N
10/02/2021,13:00,14995.5,1823.62,4013.3,893.883,12945.5996,7127.73,4615.52,1295.71,47710.8626,E3,N,N
10/02/2021,13:00,14780.5254,1714.3225,3961.6025,927.143,13407.8242,7357.5801,4549.4199,1286.6224,47985.04,M,N,N
10/02/2021,14:00,14686.7188,1836.6567,4106.8931,1135.9388,14172.8145,8004.4419,4650.3169,1376.1783,49969.959,A3,N,N
10/02/2021,14:00,14472.8438,1986.4985,4142.3589,1178.491,14595.1445,8569.6113,4742.4502,1419.2087,51106.6069,A6,N,N
10/02/2021,14:00,15085.5996,1674.55,4142.2002,968.855,13664.0996,7257.77,4802.7202,1409.27,49005.0646,E,N,N
10/02/2021,14:00,14772.5,1822.13,3927.1399,971.334,14180.5996,7716.5601,4507.6602,1358.26,49256.1838,E1,N,N
10/02/2021,14:00,15085.5996,1674.55,4008.8501,1092.0601,15120.2998,8177.8301,4802.7202,1409.27,51371.1799,E2,Y,N
10/02/2021,14:00,15235,1929.79,4142.2002,968.855,13457.4004,7257.77,4802.7202,1409.27,49203.0058,E3,N,N
10/02/2021,14:00,15044.6748,1775.2551,4055.0974,1000.276,14105.5996,7602.4824,4728.9556,1396.5175,49708.8584,M,N,N
10/02/2021,15:00,15014.6318,1905.0121,4135.6289,1150.8682,14598.5869,8254.543,4836.3779,1435.4219,51331.0707,A3,N,N
10/02/2021,15:00,14743.4063,2068.6335,4151.4521,1199.2047,15016.9736,8954.7949,4912.8022,1479.2585,52526.5258,A6,N,N
10/02/2021,15:00,15381.0996,1668.8,4083.29,988.399,13772.0996,7507.1699,5042.9399,1444.1899,49887.9879,E,N,N
10/02/2021,15:00,15122.2002,1871.24,3973.74,1008.44,14624.7998,8034,4701.5898,1371.89,50707.8998,E1,N,N
10/02/2021,15:00,15381.0996,1668.8,3964.78,1129.4,15789.2002,8511.3398,5042.9399,1444.1899,52931.7494,E2,Y,N
10/02/2021,15:00,15617.9004,2005.58,4083.29,988.399,13753.5,7507.1699,5042.9399,1444.1899,50442.9691,E3,N,N
10/02/2021,15:00,15375.5742,1803.605,4026.2751,1028.6595,14484.8994,7889.9199,4957.6021,1426.115,50992.6502,M,N,N
10/02/2021,16:00,15118.2695,1898.2561,4208.3423,1180.468,14824.5742,8535.374,4921.0132,1448.3728,52134.6701,A3,N,N
10/02/2021,16:00,14585.7363,2114.8608,4231.271,1240.1942,15138.6309,9231.5615,4968.1079,1490.0997,53000.4623,A6,N,N
10/02/2021,16:00,15490.9004,1704.24,4105.73,1037.8101,13612.9004,7589.21,5169.2202,1464.35,50174.3611,E,N,N
10/02/2021,16:00,15398.9004,1909.84,4058.0801,1040.91,14622.9004,8424.4805,4852.73,1402.48,51710.3214,E1,N,N
10/02/2021,16:00,15490.9004,1704.24,4011.7,1178.3101,15835.2002,8994.5303,5169.2202,1464.35,53848.4512,E2,Y,N
10/02/2021,16:00,15914,2063.6499,4105.73,1037.8101,13650.0996,7589.21,5169.2202,1464.35,50994.0698,E3,N,N
10/02/2021,16:00,15573.6758,1845.4926,4070.3101,1073.7101,14430.2754,8149.3574,5090.0977,1448.8826,51681.8017,M,N,N
10/02/2021,17:00,15242.6855,1892.4677,4256.772,1179.1523,15040.0107,8663.8066,4917.5918,1440.7687,52633.2553,A3,N,N
10/02/2021,17:00,14792.3936,2110.7969,4276.9014,1227.8076,15371.3936,9380.459,4995.9307,1493.0541,53648.7369,A6,N,N
10/02/2021,17:00,15167.2998,1677.0699,4244.5098,1091.33,13664.9004,7509.6602,5102.1401,1441.86,49898.7702,E,N,N
10/02/2021,17:00,15551.7998,1876.1,4109.6899,1079.9399,14899.5996,8407.2803,4815.2998,1367.64,52107.3493,E1,N,N
10/02/2021,17:00,15167.2998,1677.0699,4102.3501,1231.22,16139.7002,8925.8301,5102.1401,1441.86,53787.4702,E2,Y,N
10/02/2021,17:00,16116.2998,2026.11,4244.5098,1091.33,13834,7509.6602,5102.1401,1441.86,51365.9099,E3,N,N
10/02/2021,17:00,15500.6748,1814.0874,4175.2646,1123.455,14634.5498,8088.1074,5030.4302,1423.3049,51789.8741,M,N,N
10/02/2021,18:00,15154.8125,1845.8226,4255.749,1154.3937,14748.0957,8667.0049,4814.3252,1436.0577,52076.2613,A3,N,N
10/02/2021,18:00,14412.3896,2099.2222,4272.2314,1171.4537,15211.4365,9381.7275,4924.7578,1494.0952,52967.3139,A6,N,N
10/02/2021,18:00,15044.7002,1673.88,4270.8999,1050.66,13669,7368.7598,5162.6001,1478.8199,49719.3199,E,N,N
10/02/2021,18:00,15305.5,1868.86,4120.77,1036.1,14755.7998,8420.79,4816.6499,1419.8101,51744.2798,E1,N,N
10/02/2021,18:00,15044.7002,1673.88,4147.5801,1173.47,16022.9004,8898.4004,5162.6001,1478.8199,53602.3511,E2,Y,N
10/02/2021,18:00,15591.7998,1964.61,4270.8999,1050.66,13896.9004,7368.7598,5162.6001,1478.8199,50785.0499,E3,N,N
10/02/2021,18:00,15246.6748,1795.3075,4202.5376,1077.7225,14586.1504,8014.1772,5076.1123,1464.0674,51462.7497,M,N,N
10/02/2021,19:00,14504.4238,1743.6602,4203.4185,1108.2485,14247.8623,8276.6455,4621.8408,1409.7714,50115.871,A3,N,N
10/02/2021,19:00,13854.873,1996.6611,4195.4829,1154.0741,14751.5967,8881.125,4724.9277,1457.7319,51016.4724,A6,N,N
10/02/2021,19:00,15013.5996,1629.6,4704.3301,1056.23,13920.2002,7430.4199,4960.21,1540.64,50255.2298,E,N,N
10/02/2021,19:00,15293.9004,1828.59,4057.54,1042.6,14619.7998,8421.5996,4657.52,1497.66,51419.2098,E1,N,N
10/02/2021,19:00,15013.5996,1629.6,4579.4302,1171.66,15664.2998,8849.2598,4960.21,1540.64,53408.6994,E2,Y,N
10/02/2021,19:00,15550,1877.16,4704.3301,1056.23,13934,7430.4199,4960.21,1540.64,51052.99,E3,N,N
10/02/2021,19:00,15217.7754,1741.2375,4511.4077,1081.6801,14534.5752,8032.9248,4884.5376,1529.895,51534.0333,M,N,N
10/02/2021,20:00,14447.3125,1661.4233,4175.9673,1084.0879,13909.877,7991.8315,4401.8643,1356.995,49029.3588,A3,N,N
10/02/2021,20:00,13887.9033,1899.908,4144.1973,1142.2162,14164.5996,8552.457,4521.377,1396.6398,49709.2982,A6,N,N
10/02/2021,20:00,14884.7998,1714.29,4252.6201,1072.13,13954.0996,7403.1499,4778.3501,1473.4399,49532.8794,E,N,N
10/02/2021,20:00,15141.2002,1883.46,4049.4099,1061.21,14440.7998,8203.3799,4539.3901,1442.73,50761.5799,E1,N,N
10/02/2021,20:00,14884.7998,1714.29,4136.77,1180.84,15234.7998,8498.1797,4778.3501,1473.4399,51901.4693,E2,Y,N
10/02/2021,20:00,15185.4004,1889.12,4252.6201,1072.13,13910.7998,7403.1499,4778.3501,1473.4399,49965.0102,E3,N,N
10/02/2021,20:00,15024.0508,1800.29,4172.8555,1096.5774,14385.125,7876.9648,4718.6099,1465.7625,50540.2359,M,N,N
10/02/2021,21:00,14243.7402,1636.5051,4113.1113,1124.3091,14082.1445,8109.1426,4329.5527,1392.2949,49030.8004,A3,N,N
10/02/2021,21:00,13715.0703,1824.1123,4059.5872,1197.7677,14136.25,8442.8408,4419.0869,1431.1354,49225.8506,A6,N,N
10/02/2021,21:00,14598.4004,1651.4,4119.1699,1040.3,13417.5996,7389.3301,4544.3799,1508.13,48268.7099,E,N,N
10/02/2021,21:00,14734.2002,1811.5601,3974.9399,1015.59,13878.4004,8042.9902,4334.4199,1488.99,49281.0907,E1,N,N
10/02/2021,21:00,14598.4004,1651.4,4070.9199,1146.29,14317.4004,8227.8799,4544.3799,1508.13,50064.8005,E2,Y,N
10/02/2021,21:00,14807.5996,1782.22,4119.1699,1040.3,13348.0996,7389.3301,4544.3799,1508.13,48539.2291,E3,N,N
10/02/2021,21:00,14684.6504,1724.145,4071.0498,1060.6201,13740.375,7762.3823,4491.8896,1503.345,49038.4572,M,N,N
10/02/2021,22:00,13957.5518,1594.6508,4051.5867,1117.5475,13409.7393,7929.7227,4136.0537,1369.8278,47566.6803,A3,N,N
10/02/2021,22:00,13511.3779,1713.6837,4005.8293,1160.7574,13535.9697,8071.4072,4201.0688,1375.6307,47575.7247,A6,N,N
10/02/2021,22:00,13730,1605.6899,4065.54,999.062,12898.0996,7002.9502,4281.5601,1489.65,46072.5518,E,N,N
10/02/2021,22:00,13880.4004,1718.52,3976.9199,971.669,13303.2998,7609.3301,4091.6299,1466.8,47018.5691,E1,N,N
10/02/2021,22:00,13730,1605.6899,4013.8301,1106.65,13681,7721.54,4281.5601,1489.65,47629.9201,E2,Y,N
10/02/2021,22:00,13945.5996,1686.45,4065.54,999.062,12792,7002.9502,4281.5601,1489.65,46262.8119,E3,N,N
10/02/2021,22:00,13821.5,1654.0874,4030.4575,1019.1107,13168.5996,7334.1924,4234.0776,1483.9375,46745.9627,M,N,N
10/02/2021,23:00,13397.6143,1535.9172,4024.4548,1072.5322,12439.9121,7426.1289,3883.365,1335.425,45115.3495,A3,N,N
10/02/2021,23:00,12903.7764,1626.6741,4000.5313,1078.6819,12586.9189,7574.627,3959.0203,1282.4609,45012.6908,A6,N,N
10/02/2021,23:00,13083.2002,1614.27,4084.8899,972.189,12202.4004,6942.4302,4020.99,1380.59,44300.9597,E,N,N
10/02/2021,23:00,13271,1720.84,3947.1699,935.194,12572.2002,7569.3198,3799.1899,1348.12,45163.0338,E1,N,N
10/02/2021,23:00,13083.2002,1614.27,4071.95,1050.72,13016.0996,7660.3901,4020.99,1380.59,45898.2099,E2,Y,N
10/02/2021,23:00,13403,1709.38,4084.8899,972.189,12167.5996,6942.4302,4020.99,1380.59,44681.0687,E3,N,N
10/02/2021,23:00,13210.0996,1664.6899,4047.2249,982.573,12489.5762,7278.6426,3965.54,1372.4724,45010.8186,M,N,N
10/02/2021,24:00,12642.3184,1438.8231,4008.6021,1011.9253,11497.7988,6915.1362,3640.4482,1267.7751,42422.8272,A3,N,N
10/02/2021,24:00,12174.7461,1496.2111,4034.4451,1004.0425,11561.0186,7022.3545,3692.2759,1158.0369,42143.1307,A6,N,N
10/02/2021,24:00,12554.0996,1461.6801,4113.54,867.476,11402.4004,6372.3599,3802.5801,1277.0699,41851.206,E,N,N
10/02/2021,24:00,12375.5,1540.1801,3938.8,830.899,11670.7002,6803.75,3551.1699,1200.03,41911.0292,E1,N,N
10/02/2021,24:00,12554.0996,1461.6801,4089.26,959.918,12007.0996,6907.6899,3802.5801,1277.0699,43059.3972,E2,Y,N
10/02/2021,24:00,12708.7998,1538.04,4113.54,867.476,11422.7002,6372.3599,3802.5801,1277.0699,42102.5659,E3,N,N
10/02/2021,24:00,12548.125,1500.395,4063.7849,881.4423,11625.7256,6614.0396,3739.7275,1257.8099,42231.0498,M,N,N
10/03/2021,1:00,12138.751,1348.7051,3933.5332,955.2741,10872.4678,6394.978,3395.0808,1252.364,40291.154,A3,N,N
10/03/2021,1:00,11692.585,1409.4043,3942.4976,967.1462,10943.1104,6525.3662,3427.1563,1217.2069,40124.4729,A6,N,N
10/03/2021,1:00,12283.7998,1344.1801,4073.0601,801.448,10837.5,5941.3701,3612.01,1362.3,40255.6681,E,N,N
10/03/2021,1:00,11884.7998,1384.8,3860.5701,755.419,10809.7002,6220.3999,3313.8601,1198.3101,39427.8592,E1,N,N
10/03/2021,1:00,12283.7998,1344.1801,4040.8999,894.424,11241.7998,6313.1001,3612.01,1362.3,41092.5137,E2,N,N
10/03/2021,1:00,12397,1411.0601,4073.0601,801.448,10679,5941.3701,3612.01,1362.3,40277.2483,E3,Y,N
10/03/2021,1:00,12212.3496,1371.0551,4011.8975,813.1848,10892,6104.0596,3537.4724,1321.3025,40263.3215,M,N,N
10/03/2021,2:00,11806.2236,1255.3695,3900.095,897.4514,10147.5645,5896.7754,3231.4036,1199.0941,38333.9771,A3,N,N
10/03/2021,2:00,11384.9209,1327.5297,3907.3538,891.261,10226.4531,6106.9673,3240.6614,1200.0773,38285.2245,A6,N,N
10/03/2021,2:00,11841,1327.65,4017.3999,719.316,9917.8701,5591.0898,3431.25,1327.88,38173.4558,E,N,N
10/03/2021,2:00,11416.5996,1330.8,3814.8201,653.483,10025.9004,5743.0898,3117.1299,1101.0699,37202.8927,E1,N,N
10/03/2021,2:00,11841,1327.65,3995.8201,807.013,10680.2002,5860.3398,3431.25,1327.88,39271.1531,E2,N,N
10/03/2021,2:00,11923.2998,1390.6801,4017.3999,719.316,9953.6396,5591.0898,3431.25,1327.88,38354.5552,E3,Y,N
10/03/2021,2:00,11755.4756,1344.1951,3961.3599,724.782,10144.4023,5696.4023,3352.72,1271.1775,38250.5147,M,N,N
10/03/2021,3:00,11445.4609,1214.8035,3844.7805,865.6592,9812.2559,5666.8291,3105.9089,1176.9542,37132.6522,A3,N,N
10/03/2021,3:00,11048.5264,1287.5983,3842.7183,862.4971,9905.9785,5878.2422,3113.5203,1196.1848,37135.2659,A6,N,N
10/03/2021,3:00,11647.9004,1291.5,3986.4199,695.066,9492.2305,5481.5698,3272.8501,1449.62,37317.1567,E,N,N
10/03/2021,3:00,11025.7998,1317.9,3770.3701,634.716,9636.21,5647.1899,2961.6201,1124.34,36118.1459,E1,N,N
10/03/2021,3:00,11647.9004,1291.5,3868.9099,757.316,10044.2998,5690.2598,3272.8501,1449.62,38022.656,E2,N,N
10/03/2021,3:00,11714.0996,1359.39,3986.4199,695.066,9548.4297,5481.5698,3272.8501,1449.62,37507.4451,E3,Y,N
10/03/2021,3:00,11508.9258,1315.0725,3903.03,695.541,9680.293,5575.1475,3195.0425,1368.3,37241.3523,M,N,N
10/03/2021,4:00,11180.0732,1194.6672,3821.5293,844.4884,9538.5439,5552.1094,2995.186,1146.2645,36272.8619,A3,N,N
10/03/2021,4:00,10818.1904,1256.8354,3816.3945,844.301,9650.4551,5731.4492,3007.3699,1180.1235,36305.119,A6,N,N
10/03/2021,4:00,11392.9004,1297.1801,3909.6899,714.612,9224.75,5328.8301,3176.8401,1433.89,36478.6926,E,N,N
10/03/2021,4:00,10797.7998,1329.79,3722.3501,669.302,9287.5996,5453.96,2838.05,1122.16,35221.0115,E1,N,N
10/03/2021,4:00,11392.9004,1297.1801,3859.3201,757.622,9723.7803,5478.0601,3176.8401,1433.89,37119.5931,E2,N,N
10/03/2021,4:00,11465.5,1349.87,3909.6899,714.612,9224.8203,5328.8301,3176.8401,1433.89,36604.0524,E3,Y,N
10/03/2021,4:00,11262.2754,1318.5051,3850.2627,714.037,9365.2373,5397.4199,3092.1426,1355.9575,36355.8375,M,N,N
10/03/2021,5:00,11046.3975,1190.9313,3844.9958,837.0754,9351.416,5485.606,2936.2021,1107.0641,35799.6882,A3,N,N
10/03/2021,5:00,10674.8027,1239.4246,3846.1201,832.3097,9395.4863,5577.1455,2957.9592,1129.1381,35652.3862,A6,N,N
10/03/2021,5:00,11116.7998,1274.6801,3897.8701,689.877,9008.1299,5261.1201,3101.5801,1314.75,35664.8071,E,N,N
10/03/2021,5:00,10604.9004,1294.84,3714.3899,638.465,9164.3799,5381.8799,2773.74,1063.35,34635.9451,E1,N,N
10/03/2021,5:00,11116.7998,1274.6801,3893.5,746.876,9535.7197,5398.3398,3101.5801,1314.75,36382.2455,E2,N,N
10/03/2021,5:00,11200,1318.73,3897.8701,689.877,9121.9102,5261.1201,3101.5801,1314.75,35905.8375,E3,Y,N
10/03/2021,5:00,11009.625,1290.7325,3850.9075,691.2737,9207.5352,5325.6152,3019.6201,1251.9,35647.2092,M,N,N
10/03/2021,6:00,10978.8086,1194.3705,3861.1421,840.5224,9437.0039,5474.624,2912.2065,1088.358,35787.036,A3,N,N
10/03/2021,6:00,10713.9375,1227.975,3855.2473,830.7976,9485.1504,5593.0903,2932.0977,1099.2937,35737.5895,A6,N,N
10/03/2021,6:00,11149.0996,1275.89,3891.5,692.443,9174.9297,5279.8799,3034.1899,1292.96,35790.8921,E,N,N
10/03/2021,6:00,10626.5,1300.8,3698.3,655.214,9241.4004,5390.71,2762.5901,978.074,34653.5885,E1,N,N
10/03/2021,6:00,11149.0996,1275.89,3860.4099,743.391,9476.6299,5418.1099,3034.1899,1292.96,36250.6802,E2,N,N
10/03/2021,6:00,11178.4004,1326.14,3891.5,692.443,9179.7305,5279.8799,3034.1899,1292.96,35875.2437,E3,Y,N
10/03/2021,6:00,11025.7754,1294.6801,3835.4275,695.8727,9268.1729,5342.1445,2966.29,1214.2385,35642.6016,M,N,N
10/03/2021,7:00,11070.2627,1219.4929,3880.1292,859.9362,9707.0332,5641.7036,2951.3513,1096.111,36426.0201,A3,N,N
10/03/2021,7:00,10861.2031,1249.4535,3874.6956,839.3168,9817.8701,5746.4204,2976.3469,1103.9891,36469.2955,A6,N,N
10/03/2021,7:00,11374.9004,1259.89,3857.0701,688.131,9345.9199,5463.79,3044.21,1291.61,36325.5214,E,N,N
10/03/2021,7:00,10820.7998,1275.08,3697.1899,657.534,9398.9805,5562.9502,2752.3501,1014.79,35179.6745,E1,N,N
10/03/2021,7:00,11374.9004,1259.89,3844.1299,742.516,9595.0498,5579.1201,3044.21,1291.61,36731.4262,E2,N,N
10/03/2021,7:00,11342,1300.98,3857.0701,688.131,9482.96,5463.79,3044.21,1291.61,36470.7511,E3,Y,N
10/03/2021,7:00,11228.1504,1273.96,3813.865,694.078,9455.7275,5517.4121,2971.2449,1222.4049,36176.8428,M,N,N
10/03/2021,8:00,11228.0615,1258.8827,3923.4458,876.92,9915.7178,5743.7251,2933.2686,1077.0963,36957.1178,A3,N,N
10/03/2021,8:00,10961.5137,1291.137,3924.7515,862.7244,10093.2559,5860.2979,2957.3596,1077.3518,37028.3918,A6,N,N
10/03/2021,8:00,11329.9004,1372.67,3961.3201,738.211,9688.5703,5584.1299,2963.6799,1234.02,36872.5016,E,N,N
10/03/2021,8:00,10783.7998,1376.11,3767.1699,710.415,9746.3701,5670.98,2742.1699,987.41,35784.4247,E1,N,N
10/03/2021,8:00,11329.9004,1372.67,3960.3601,795.949,9911.2197,5626.6699,2963.6799,1234.02,37194.469,E2,N,N
10/03/2021,8:00,11244.7998,1434.14,3961.3201,738.211,9776.75,5584.1299,2963.6799,1234.02,36937.0507,E3,Y,N
10/03/2021,8:00,11172.1006,1388.8976,3912.5427,745.6965,9780.7275,5616.4775,2908.3022,1172.3674,36697.112,M,N,N
10/03/2021,9:00,11747.2734,1343.0815,3928.0754,920.4791,10690.0742,6081.0059,3125.0002,1103.2412,38938.2309,A3,N,N
10/03/2021,9:00,11473.6855,1364.0332,3959.2517,900.7626,10881.2031,6240.0859,3147.4287,1057.8534,39024.3041,A6,N,N
10/03/2021,9:00,11664.2002,1380.63,4011.8999,773.065,10520.2998,5823.3501,3246.7,1246.3199,38666.4649,E,N,N
10/03/2021,9:00,11149,1427.6899,3843.1001,742.547,10383.9004,6032.5298,2971.8301,968.922,37519.5193,E1,N,N
10/03/2021,9:00,11664.2002,1380.63,4022.48,821.93,10433.2998,5963.6699,3246.7,1246.3199,38779.2298,E2,N,N
10/03/2021,9:00,11613.5996,1432.01,4011.8999,773.065,10274.0996,5823.3501,3246.7,1246.3199,38421.0441,E3,Y,N
10/03/2021,9:00,11522.75,1405.24,3972.3452,777.6517,10402.9004,5910.7251,3177.9827,1176.9705,38346.5656,M,N,N
10/03/2021,10:00,12607.3809,1464.5526,3982.3064,996.8737,11520.8643,6500.356,3399.6663,1124.2273,41596.2275,A3,N,N
10/03/2021,10:00,12367.7402,1489.7117,4014.5093,983.0028,11775.167,6647.0522,3428.2988,1058.3652,41763.8472,A6,N,N
10/03/2021,10:00,12461.7998,1488.89,4032.1599,864.829,11486.4004,6410.27,3453.27,1189.01,41386.6291,E,N,N
10/03/2021,10:00,12060.2002,1528.33,3834.6201,827.324,11217.7002,6576.3701,3197.26,990.747,40232.5516,E1,N,N
10/03/2021,10:00,12461.7998,1488.89,4051.74,901.594,11316.7998,6554.02,3453.27,1189.01,41417.1236,E2,N,N
10/03/2021,10:00,12359.2002,1527.98,4032.1599,864.829,11296.2002,6410.27,3453.27,1189.01,41132.9193,E3,Y,N
10/03/2021,10:00,12335.75,1508.5225,3987.6702,864.644,11329.2754,6487.7324,3389.2676,1139.4443,41042.3064,M,N,N
10/03/2021,11:00,13125.4697,1566.5839,3992.0483,1042.7083,12210.0059,6922.3989,3695.8667,1204.0734,43759.1551,A3,N,N
10/03/2021,11:00,13207.1855,1598.9177,4023.0051,1023.1825,12563.4502,7168.5776,3727.2,1150.0886,44461.6072,A6,N,N
10/03/2021,11:00,13081,1581.14,4049.3601,902.579,12133.2002,6860.6299,3751.3999,1226.74,43586.0491,E,N,N
10/03/2021,11:00,12605,1583.14,3822.8401,859.376,12086.5996,6946,3450.49,1070.39,42423.8357,E1,N,N
10/03/2021,11:00,13081,1581.14,4002.6499,951.593,12181,6887.8901,3751.3999,1226.74,43663.4129,E2,N,N
10/03/2021,11:00,12993.5,1614.79,4049.3601,902.579,12258.4004,6860.6299,3751.3999,1226.74,43657.3993,E3,Y,N
10/03/2021,11:00,12940.125,1590.0525,3981.0525,904.0317,12164.8008,6888.7871,3676.1724,1187.6525,43332.6745,M,N,N
10/03/2021,12:00,13833.4277,1682.6495,4039.9531,991.8216,12959.1729,7396.8584,4006.271,1275.6969,46185.8511,A3,N,N
10/03/2021,12:00,13936.7891,1716.7225,4072.2375,825.8851,13359.2393,7705.0479,4042.5581,1275.1812,46933.6607,A6,N,N
10/03/2021,12:00,13990.7002,1665.92,4034.98,932.455,13276.2998,7178.5098,4119.3101,1325,46523.1749,E,N,N
10/03/2021,12:00,13472.2002,1661.22,3875.5,886.813,13064.9004,7205.9199,3801.1799,1165.38,45133.1134,E1,N,N
10/03/2021,12:00,13990.7002,1665.92,3967.05,980.401,13095.0996,7217.4502,4119.3101,1325,46360.9311,E2,N,N
10/03/2021,12:00,13760.7002,1703.61,4034.98,932.455,13314,7178.5098,4119.3101,1325,46368.5651,E3,Y,N
10/03/2021,12:00,13803.5752,1674.1675,3978.1274,933.031,13187.5742,7195.0972,4039.7778,1285.095,46096.4453,M,N,N
10/03/2021,13:00,14580.8584,1793.9912,4054.7012,1101.7432,13730.4648,7900.4839,4295.4502,1342.0575,48799.7504,A3,N,N
10/03/2021,13:00,14846.5889,1849.843,4085.3108,1076.7714,14176.6523,8285.6758,4354.1997,1359.5333,50034.5752,A6,N,N
10/03/2021,13:00,15070.5,1741.85,4060.8301,987.086,14510.4004,7804.7798,4494.8501,1393.97,50064.2664,E,N,N
10/03/2021,13:00,14455.5996,1750.9399,3879.9199,935.85,13958.4004,7786.4302,4126.9102,1265.3,48159.3502,E1,N,N
10/03/2021,13:00,15070.5,1741.85,3988.9199,1013.7,13994.7998,7742.3999,4494.8501,1393.97,49440.9897,E2,N,N
10/03/2021,13:00,14799.7002,1792.05,4060.8301,987.086,14399.5996,7804.7798,4494.8501,1393.97,49732.8658,E3,Y,N
10/03/2021,13:00,14849.0752,1756.6726,3997.625,980.9305,14215.8008,7784.5972,4402.8647,1361.8025,49349.3685,M,N,N
10/03/2021,14:00,15201.8467,1895.2352,4074.9172,1163.5697,14469.3965,8265.8848,4518.2432,1424.7889,51013.8822,A3,N,N
10/03/2021,14:00,15387.7432,1995.5541,4102.6807,1193.9058,14886.2461,8593.2021,4579.5586,1440.1266,52179.0172,A6,N,N
10/03/2021,14:00,15591.4004,1881.5699,4258.1201,1090.42,15441.7998,8370.6299,4726.98,1488.92,52849.8401,E,N,N
10/03/2021,14:00,14876.2998,1875.7,3928.98,1024.02,14764.5996,8242.2002,4342.23,1376.8,50430.8296,E1,N,N
10/03/2021,14:00,15591.4004,1881.5699,4078.7,1103.4399,14776.4004,8243.1201,4726.98,1488.92,51890.5307,E2,N,N
10/03/2021,14:00,15239.9004,1921.6,4258.1201,1090.42,15203.5,8370.6299,4726.98,1488.92,52300.0704,E3,Y,N
10/03/2021,14:00,15324.75,1890.11,4130.98,1077.075,15046.5742,8306.6445,4630.7925,1460.89,51867.8162,M,N,N
10/03/2021,15:00,15829.1582,1995.6909,4126.8013,1203.6462,15262.9844,8697.2813,4620.062,1487.1057,53222.73,A3,N,N
10/03/2021,15:00,15945.1055,2093.6802,4135.2759,1235.005,15615.3867,9137.1289,4700.8267,1505.3114,54367.7203,A6,N,N
10/03/2021,15:00,16199.2998,1959.42,4176.71,1166.49,16065.5996,8788.9697,4904.73,1545.76,54806.9791,E,N,N
10/03/2021,15:00,15374,1965.76,3978.6899,1113.59,15514.2998,8644.9502,4502.3999,1430.8101,52524.4999,E1,N,N
10/03/2021,15:00,16199.2998,1959.42,4020.0801,1153.83,15447.7998,8602.96,4904.73,1545.76,53833.8797,E2,N,N
10/03/2021,15:00,15778,2005.25,4176.71,1166.49,16043.7002,8788.9697,4904.73,1545.76,54409.6099,E3,Y,N
10/03/2021,15:00,15887.6504,1972.4625,4088.0476,1150.1001,15767.8496,8706.4619,4804.1475,1517.0225,53893.7421,M,N,N
10/03/2021,16:00,16153.9199,2058.1653,4194.2427,1249.144,15756.7773,9033.3447,4747.4497,1512.9664,54706.01,A3,N,N
10/03/2021,16:00,15912.0547,2161.2844,4218.7817,1284.4965,16014.5518,9511.0957,4786.5923,1533.7386,55422.5957,A6,N,N
10/03/2021,16:00,16440.5,2058.25,4164.1499,1202.5601,16270.9004,9418.5,5023.1401,1586.4,56164.4005,E,N,N
10/03/2021,16:00,15738.4004,2049.1101,4059.23,1152.26,15734.7002,9212.9404,4690.1099,1463.48,54100.231,E1,N,N
10/03/2021,16:00,16440.5,2058.25,4049.6299,1210.11,15635,9120.0703,5023.1401,1586.4,55123.1003,E2,N,N
10/03/2021,16:00,16007,2089.54,4164.1499,1202.5601,16318.0996,9418.5,5023.1401,1586.4,55809.3897,E3,Y,N
10/03/2021,16:00,16156.5996,2063.7876,4109.29,1191.8726,15989.6758,9292.5029,4939.8828,1555.6699,55299.2812,M,N,N
10/03/2021,17:00,16142.1543,2086.4702,4241.1895,1279.417,15889.2334,9238.1592,4773.7529,1531.1282,55181.5047,A3,N,N
10/03/2021,17:00,15982.9775,2166.8467,4276.6157,1299.0964,16252.6709,9704.293,4811.0942,1561.3828,56054.9772,A6,N,N
10/03/2021,17:00,16302.7002,2043.47,4322.8301,1228.74,16622.4004,9453.9404,4992.8501,1576.6,56543.5312,E,N,N
10/03/2021,17:00,15719.5,2044.6,4115.4102,1174.8101,16245.5,9243.1797,4643.5698,1451.9,54638.4698,E1,N,N
10/03/2021,17:00,16302.7002,2043.47,4161.6699,1253.84,16107,9076,4992.8501,1576.6,55514.1302,E2,N,N
10/03/2021,17:00,15999,2040.26,4322.8301,1228.74,16832.6992,9453.9404,4992.8501,1576.6,56446.9198,E3,Y,N
10/03/2021,17:00,16080.9746,2042.95,4230.6851,1221.5325,16451.8984,9306.7656,4905.5298,1545.425,55785.761,M,N,N
10/03/2021,18:00,15930.1719,2068.2305,4258.2676,1257.1506,15936.5166,9274.9463,4719.3047,1521.0515,54965.6397,A3,N,N
10/03/2021,18:00,15646.3584,2159.0544,4301.8896,1248.2406,16330.4531,9780.1084,4747.1577,1554.8691,55768.1313,A6,N,N
10/03/2021,18:00,16139,1983.4301,4343.21,1192.22,16346.7998,9404.2803,4965.4702,1587.51,55961.9204,E,N,N
10/03/2021,18:00,15714,2009.5,4133.0098,1159.13,16135.2998,9249.9697,4608.9399,1486.45,54496.2992,E1,N,N
10/03/2021,18:00,16139,1983.4301,4202.77,1185.85,15909.2002,9025.7305,4965.4702,1587.51,54998.961,E2,N,N
10/03/2021,18:00,15948.4004,1983.17,4343.21,1192.22,16622.6992,9404.2803,4965.4702,1587.51,56046.9601,E3,Y,N
10/03/2021,18:00,15985.0996,1989.8826,4255.5498,1182.355,16253.5,9271.0654,4876.3379,1562.2449,55376.0352,M,N,N
10/03/2021,19:00,15292.4502,1974.8738,4208.1079,1211.0889,15383.7988,8965.8457,4550.4141,1484.3361,53070.9155,A3,N,N
10/03/2021,19:00,15041.3818,2063.574,4224.4336,1226.2949,15874.6279,9447.1699,4579.6821,1518.3639,53975.5281,A6,N,N
10/03/2021,19:00,15830,1903.29,4767.1499,1176.52,16099,9355.5801,4744.1099,1635.22,55510.8699,E,N,N
10/03/2021,19:00,15519.0996,1943.48,4085.0601,1143.15,15692.9004,9199.9004,4442.8501,1527.88,53554.3206,E1,N,N
10/03/2021,19:00,15830,1903.29,4640.0098,1177,15493.7002,8985.8896,4744.1099,1635.22,54409.2195,E2,N,N
10/03/2021,19:00,15673.2002,1897.08,4767.1499,1176.52,16119.0996,9355.5801,4744.1099,1635.22,55367.9597,E3,Y,N
10/03/2021,19:00,15713.0752,1911.785,4564.8423,1168.2975,15851.1758,9224.2383,4668.7949,1608.385,54710.594,M,N,N
10/03/2021,20:00,15178.6602,1894.2874,4183.8594,1191.9797,14946.7227,8626.8008,4417.252,1423.7052,51863.2674,A3,N,N
10/03/2021,20:00,14954.6152,1985.4658,4167.8086,1217.7651,15242.3193,9064.2529,4440.3984,1453.6853,52526.3106,A6,N,N
10/03/2021,20:00,15511.5996,1885.65,4304.1401,1177.98,15654.2998,8990.9199,4637.4702,1580.52,53742.5796,E,N,N
10/03/2021,20:00,15380.5,1944.23,4090.8799,1145.85,15427.0996,8966.54,4376.21,1478.4399,52809.7494,E1,N,N
10/03/2021,20:00,15511.5996,1885.65,4196.2402,1175.71,15036.2002,8613.5898,4637.4702,1580.52,52636.98,E2,N,N
10/03/2021,20:00,15293.2998,1890.25,4304.1401,1177.98,15611.7998,8990.9199,4637.4702,1580.52,53486.3798,E3,Y,N
10/03/2021,20:00,15424.25,1901.4449,4223.8501,1169.38,15432.3496,8890.4922,4572.1553,1555,53168.9221,M,N,N
10/03/2021,21:00,15127.6807,1866.6407,4127.0527,1230.741,15086.0098,8779.4678,4335.3613,1462.8461,52015.8001,A3,N,N
10/03/2021,21:00,14770.3379,1915.4587,4087.1304,1270.2981,15170.917,9095.8516,4362.8071,1494.6204,52167.4212,A6,N,N
10/03/2021,21:00,15095,1810.8101,4202.7002,1128.78,15049.2998,8856.4805,4438.5801,1636.5,52218.1507,E,N,N
10/03/2021,21:00,14982.7998,1867.71,4022.49,1108.63,14779.5996,8763.6699,4231.4302,1528.34,51284.6695,E1,N,N
10/03/2021,21:00,15095,1810.8101,4113.3701,1160.28,14333.5996,8415.5303,4438.5801,1636.5,51003.6702,E2,N,N
10/03/2021,21:00,14975.2998,1783.38,4202.7002,1128.78,14981.5996,8856.4805,4438.5801,1636.5,52003.3202,E3,Y,N
10/03/2021,21:00,15037.0254,1818.1775,4135.3154,1131.6176,14786.0254,8723.04,4386.7925,1609.46,51627.4538,M,N,N
10/03/2021,22:00,14584.8047,1783.9651,4064.2839,1209.4803,14562.835,8333.3301,4166.5078,1429.6052,50134.8121,A3,N,N
10/03/2021,22:00,14347.4873,1798.387,4022.3464,1226.7701,14625.5908,8490.4063,4169.6089,1431.6985,50112.2953,A6,N,N
10/03/2021,22:00,14414.5996,1718.53,4120.6201,1084.98,14147,8350.25,4225.21,1618.65,49679.8397,E,N,N
10/03/2021,22:00,14173.9004,1787.49,4037.6699,1061.42,13887.5,8194.46,4026.3,1484.75,48653.4903,E1,N,N
10/03/2021,22:00,14414.5996,1718.53,4066.95,1096.37,13381.2002,7828.4502,4225.21,1618.65,48349.96,E2,N,N
10/03/2021,22:00,14119.9004,1674.59,4120.6201,1084.98,14042.2002,8350.25,4225.21,1618.65,49236.4007,E3,Y,N
10/03/2021,22:00,14280.75,1724.7849,4086.4651,1081.9375,13864.4746,8180.8525,4175.4824,1585.1749,48979.9219,M,N,N
10/03/2021,23:00,13805.3691,1665.1125,4016.6111,1130.2831,13385.8242,7690.687,3902.2007,1377.5349,46973.6226,A3,N,N
10/03/2021,23:00,13516.1514,1680.636,3993.5823,1122.14,13445.748,7904.8091,3899.2639,1326.2449,46888.5756,A6,N,N
10/03/2021,23:00,13590.5,1699.41,4161.8501,988.385,13012.2998,8057.23,3930.47,1495.3101,46935.455,E,N,N
10/03/2021,23:00,13428.2002,1737.9301,3994.5901,981.924,12908.0996,7976.9702,3733.6799,1396.91,46158.3041,E1,N,N
10/03/2021,23:00,13590.5,1699.41,4119.5098,1034.47,12498.2998,7607.6001,3930.47,1495.3101,45975.5698,E2,N,N
10/03/2021,23:00,13347.5,1651.25,4161.8501,988.385,12983.4004,8057.23,3930.47,1495.3101,46615.3956,E3,Y,N
10/03/2021,23:00,13489.1748,1697,4109.4502,998.291,12850.5254,7924.7578,3881.2725,1470.7101,46421.1818,M,N,N
10/03/2021,24:00,12966.7012,1512.7029,3996.4294,1038.7891,12161.9199,6949.9175,3627.2915,1281.5166,43535.2681,A3,N,N
10/03/2021,24:00,12559.8643,1508.4934,4021.6895,1027.6143,12175.1475,7048.9189,3598.4863,1163.2069,43103.4211,A6,N,N
10/03/2021,24:00,12700.2002,1526.34,4167,896.078,11917.2998,7366.3101,3690.8401,1327.04,43591.1082,E,N,N
10/03/2021,24:00,12341.2002,1547.89,3948.9299,876.787,11688.9004,7106.52,3435.1001,1222.12,42167.4476,E1,N,N
10/03/2021,24:00,12700.2002,1526.34,4115.04,920.076,11339.9004,6798.9199,3690.8401,1327.04,42418.3566,E2,N,N
10/03/2021,24:00,12356.2998,1466.8199,4167,896.078,11946.2002,7366.3101,3690.8401,1327.04,43216.5881,E3,Y,N
10/03/2021,24:00,12524.4756,1516.8474,4099.4922,897.2548,11723.0752,7159.5151,3626.905,1300.8101,42848.3754,M,N,N
10/04/2021,1:00,12368.0166,1423.2551,3877.1094,960.695,11144.1221,6341.0244,3358.3691,1246.2943,40718.886,A3,N,N
10/04/2021,1:00,11935.3662,1421.1854,3914.9238,974.434,11261.1211,6506.1689,3326.9153,1207.1479,40547.2626,A6,N,N
10/04/2021,1:00,12104.5996,1402.3199,4103.6699,831.639,11289.5996,6823.2202,3472.9299,1295.6899,41323.668,E,Y,N
10/04/2021,1:00,11655.7002,1388.03,3842.8601,800.546,10757.5,6463.2402,3182.72,1249.03,39339.6265,E1,N,N
10/04/2021,1:00,12104.5996,1402.3199,4033.95,847.843,10412.2002,6173.4702,3472.9299,1295.6899,39743.0027,E2,N,N
10/04/2021,1:00,11687.5,1328.24,4103.6699,831.639,11127.0996,6823.2202,3472.9299,1295.6899,40669.9885,E3,N,N
10/04/2021,1:00,11888.0996,1380.2275,4021.0376,827.9167,10896.5996,6570.7881,3400.3774,1284.0249,40269.0714,M,N,N
10/04/2021,2:00,11874.9043,1344.3528,3835.5042,884.8847,10351.9307,5933.041,3152.4507,1207.9917,38585.0601,A3,N,N
10/04/2021,2:00,11557.1006,1352.8322,3875.4558,889.5718,10469.1191,6073.5449,3109.4712,1204.1382,38531.2338,A6,N,N
10/04/2021,2:00,11562.4004,1379.22,4036.5,769.726,10538.7002,6454.29,3277.95,1165.99,39184.7766,E,Y,N
10/04/2021,2:00,11113.2002,1321.8199,3792.1001,725.359,10136.2998,6002.9102,2989.45,1207.72,37288.8592,E1,N,N
10/04/2021,2:00,11562.4004,1379.22,3969.6799,775.82,9753.04,5735.6699,3277.95,1165.99,37619.7702,E2,N,N
10/04/2021,2:00,11140.7998,1295.51,4036.5,769.726,10578.4004,6454.29,3277.95,1165.99,38719.1662,E3,N,N
10/04/2021,2:00,11344.7002,1343.9425,3958.6951,760.1578,10251.6094,6161.79,3205.825,1176.4225,38203.1425,M,N,N
10/04/2021,3:00,11457.9014,1279.092,3808.99,851.0837,10038.8438,5739.0176,3012.1296,1164.561,37351.6191,A3,N,N
10/04/2021,3:00,11255.124,1303.8674,3830.6851,857.9888,10114.3164,5910.5156,2981.1992,1182.3826,37436.0791,A6,N,N
10/04/2021,3:00,11221.7002,1373.54,3988.9199,720.627,9843.3799,6272.8398,3109.75,1249.87,37780.6268,E,Y,N
10/04/2021,3:00,10766.7002,1340.15,3739.24,681.362,9566.71,5874.2402,2842.0901,1234.03,36044.5225,E1,N,N
10/04/2021,3:00,11221.7002,1373.54,3797.8101,701.778,9143.4297,5554.1699,3109.75,1249.87,36152.0479,E2,N,N
10/04/2021,3:00,10756.0996,1273.7,3988.9199,720.627,9904.2695,6272.8398,3109.75,1249.87,37276.0758,E3,N,N
10/04/2021,3:00,10991.5508,1340.2324,3878.7227,706.0985,9614.4473,5993.5225,3042.835,1245.91,36813.3192,M,N,N
10/04/2021,4:00,11163.4736,1238.1229,3797.9407,836.7288,9830.0918,5605.6689,2921.2087,1128.7806,36522.016,A3,N,N
10/04/2021,4:00,11018.9258,1275.004,3796.4458,845.9904,9896.4482,5707.2783,2891.4128,1160.9858,36592.4911,A6,N,N
10/04/2021,4:00,11127.2998,1356.35,3932.6599,722.942,9726.3799,6053.7002,3031.78,1227.09,37178.2018,E,Y,N
10/04/2021,4:00,10580.5996,1349.3199,3696.1101,680.395,9360.96,5667.2798,2735.22,1162.3,35232.1844,E1,N,N
10/04/2021,4:00,11127.2998,1356.35,3805.73,706.262,9043.4102,5357.6899,3031.78,1227.09,35655.6119,E2,N,N
10/04/2021,4:00,10492.2998,1288.5699,3932.6599,722.942,9729.8301,6053.7002,3031.78,1227.09,36478.8719,E3,N,N
10/04/2021,4:00,10831.875,1337.6475,3841.79,708.1353,9465.1445,5783.0928,2957.6401,1210.8925,36136.2177,M,N,N
10/04/2021,5:00,11185.0674,1248.9945,3821.6873,832.7535,9769.8213,5606.0234,2884.7773,1098.8031,36447.9278,A3,N,N
10/04/2021,5:00,11005.3027,1271.8936,3825.1357,840.8149,9803.5684,5651.1284,2865.6289,1117.9904,36381.463,A6,N,N
10/04/2021,5:00,11183.9004,1365.85,3935.1201,724.138,9698.1797,6047.98,3009.96,1135.37,37100.4982,E,Y,N
10/04/2021,5:00,10598.5,1344.34,3714.3899,682.221,9395.5801,5717.1201,2714.8999,1183.6899,35350.7409,E1,N,N
10/04/2021,5:00,11183.9004,1365.85,3764.6599,712.124,9102.4199,5417.4902,3009.96,1135.37,35691.7744,E2,N,N
10/04/2021,5:00,10591,1285.51,3935.1201,724.138,9822.96,6047.98,3009.96,1135.37,36552.0381,E3,N,N
10/04/2021,5:00,10889.3252,1340.3875,3837.3225,710.6552,9504.7852,5807.6426,2936.1951,1147.4501,36173.7634,M,N,N
10/04/2021,6:00,11471.9609,1297.8585,3861.5229,862.0177,10212.5137,5815.417,2934.2703,1096.4822,37552.0432,A3,N,N
10/04/2021,6:00,11364.9512,1319.5062,3865.9973,863.8827,10207.9902,5916.2837,2924.1094,1104.9281,37567.6488,A6,N,N
10/04/2021,6:00,11546,1437.89,3968.3201,742.064,10171.5,6470.3301,3057.6799,1153.83,38547.6141,E,Y,N
10/04/2021,6:00,11041.5,1425.35,3742.8501,745.199,9859.2695,5974.2002,2775.6299,1163.4,36727.3987,E1,N,N
10/04/2021,6:00,11546,1437.89,3890.79,736.42,9516.8301,5691.7402,3057.6799,1153.83,37031.1802,E2,N,N
10/04/2021,6:00,10911.7998,1357.47,3968.3201,742.064,10178.7998,6470.3301,3057.6799,1153.83,37840.2937,E3,N,N
10/04/2021,6:00,11261.3252,1414.6499,3892.5701,741.4367,9931.5996,6151.6499,2987.1672,1156.2225,37536.6211,M,N,N
10/04/2021,7:00,11944.4873,1396.5299,3929.5315,930.072,11160.5879,6241.7642,3104.4043,1132.0701,39839.4472,A3,N,N
10/04/2021,7:00,11826.9023,1412.2664,3940.5173,936.2088,11126.5518,6372.1191,3125.8821,1136.3129,39876.7607,A6,N,N
10/04/2021,7:00,12288.5996,1502.39,3996,773.932,10918.9004,6963,3256.9099,1240.85,40940.5819,E,Y,N
10/04/2021,7:00,11733.5,1486.6899,3805.1299,766.313,10753.5,6458.2598,2901.8201,1199.7,39104.9127,E1,N,N
10/04/2021,7:00,12288.5996,1502.39,3909.3301,756.718,10262.2998,6150.5801,3256.9099,1240.85,39367.6775,E2,N,N
10/04/2021,7:00,11619.5,1429.9301,3996,773.932,11079,6963,3256.9099,1240.85,40359.122,E3,N,N
10/04/2021,7:00,11982.5498,1480.3501,3926.615,767.7238,10753.4248,6633.71,3168.1375,1230.5625,39943.0735,M,N,N
10/04/2021,8:00,12247.4453,1447.0815,3996.8674,984.0115,11677.3838,6488.8711,3146.863,1126.437,41114.9606,A3,N,N
10/04/2021,8:00,12059.249,1483.8719,4015.8267,983.344,11696.0869,6599.2441,3170.4167,1126.3529,41134.3922,A6,N,N
10/04/2021,8:00,12422.7002,1648.12,4095.02,829.573,11624,7190.9399,3297.4299,1170.5601,42278.3431,E,Y,N
10/04/2021,8:00,11914.5,1632.61,3889.24,816.116,11257,6702.02,3019.01,1187.25,40417.746,E1,N,N
10/04/2021,8:00,12422.7002,1648.12,4015.6599,827.583,10962.7998,6389.96,3297.4299,1170.5601,40734.8129,E2,N,N
10/04/2021,8:00,11675.2002,1577.71,4095.02,829.573,11730.7998,7190.9399,3297.4299,1170.5601,41567.2329,E3,N,N
10/04/2021,8:00,12108.7744,1626.64,4023.7349,825.7112,11393.6504,6868.4648,3227.825,1174.7325,41249.5332,M,N,N
10/04/2021,9:00,12775.1191,1501.3258,3980.0991,1025.8776,12210.4795,6699.3745,3284.1165,1142.6943,42619.0864,A3,N,N
10/04/2021,9:00,12468.6211,1524.0564,4039.7336,1010.0037,12266.5801,6851.1821,3307.2727,1107.9725,42575.4222,A6,N,N
10/04/2021,9:00,12808.9004,1609.3,4135.79,868.469,12208.4004,7212.3599,3452.1399,1151.59,43446.9496,E,Y,N
10/04/2021,9:00,12241,1605.38,3950.1001,836.433,11685.2002,6868.96,3256.51,1108.14,41551.7233,E1,N,N
10/04/2021,9:00,12808.9004,1609.3,4048.54,853.429,11047.2002,6489.8501,3452.1399,1151.59,41460.9496,E2,N,N
10/04/2021,9:00,11919,1520.84,4135.79,868.469,11922.2998,7212.3599,3452.1399,1151.59,42182.4886,E3,N,N
10/04/2021,9:00,12444.4502,1586.2051,4067.5549,856.7,11715.7754,6945.8823,3403.2324,1140.7274,42160.5277,M,N,N
10/04/2021,10:00,13441.3262,1591.6864,3980.019,1093.4788,12679.1602,6924.1753,3485.2957,1153.6455,44348.7871,A3,N,N
10/04/2021,10:00,13118.9551,1643.4995,4031.7349,1083.3054,12870.5381,7019.96,3501.8687,1103.6779,44373.5396,A6,N,N
10/04/2021,10:00,13461.2002,1696.6899,4139.6401,968.948,12957.5,7666.5298,3611.9299,1141.74,45644.1779,E,Y,N
10/04/2021,10:00,12873,1682.02,3898.1799,887.217,12206.5996,7178.0801,3375.3301,1090.4399,43190.8666,E1,N,N
10/04/2021,10:00,13461.2002,1696.6899,4077.3899,917.974,11705.5,6806.6001,3611.9299,1141.74,43419.024,E2,N,N
10/04/2021,10:00,12684.0996,1595.5601,4139.6401,968.948,12744,7666.5298,3611.9299,1141.74,44552.4475,E3,N,N
10/04/2021,10:00,13119.875,1667.74,4063.7124,935.7718,12403.4004,7329.4346,3552.7798,1128.915,44201.629,M,N,N
10/04/2021,11:00,13908.1396,1683.9237,3974.6128,1118.5012,13260.6523,7227.3057,3710.6199,1243.9182,46127.6734,A3,N,N
10/04/2021,11:00,13698.708,1736.2645,4024.8892,1106.6108,13534.4199,7446.6748,3754.833,1191.5521,46493.9523,A6,N,N
10/04/2021,11:00,13884.7002,1779.99,4162.0801,1008.97,13507.5,8016.8501,3873.51,1212.71,47446.3104,E,Y,N
10/04/2021,11:00,13414.2002,1725.4399,3884.4299,949.338,13063.9004,7341.1001,3556.72,1149.73,45084.8585,E1,N,N
10/04/2021,11:00,13884.7002,1779.99,4030.1101,989.522,12518,7138.3501,3873.51,1212.71,45426.8924,E2,N,N
10/04/2021,11:00,13186.5,1653.84,4162.0801,1008.97,13649.2998,8016.8501,3873.51,1212.71,46763.76,E3,N,N
10/04/2021,11:00,13592.5254,1734.8149,4059.675,989.2,13184.6748,7628.2876,3794.3125,1196.965,46180.4552,M,N,N
10/04/2021,12:00,14413.5781,1801.4393,4014.1326,1044.6404,13913.8955,7608.0273,3974.9702,1325.1959,48095.8793,A3,N,N
10/04/2021,12:00,14328.1924,1836.9177,4064.8508,894.7534,14263.4873,7895.3521,4039.8455,1307.4286,48630.8278,A6,N,N
10/04/2021,12:00,14795,1890.63,4155.8799,1022.82,14516.7998,8241.71,4254.1401,1370.35,50247.3298,E,Y,N
10/04/2021,12:00,14290.5,1815.38,3932.8101,963.374,13885.7998,7491.4902,3853.4399,1259.23,47492.024,E1,N,N
10/04/2021,12:00,14795,1890.63,4009.6201,985.445,13184.2002,7240.1699,4254.1401,1370.35,47729.5553,E2,N,N
10/04/2021,12:00,14016,1741.25,4155.8799,1022.82,14562.5996,8241.71,4254.1401,1370.35,49364.7496,E3,N,N
10/04/2021,12:00,14474.125,1834.4725,4063.5476,998.6148,14037.3496,7803.7705,4153.9653,1342.5701,48708.4154,M,N,N
10/04/2021,13:00,15110.291,1901.781,4036.2307,1165.6104,14608.9102,8010.064,4268.8613,1381.1703,50482.9189,A3,N,N
10/04/2021,13:00,14998.0225,1951.0198,4081.2468,1144.5717,14976.8271,8373.2373,4341.6582,1382.0775,51248.6609,A6,N,N
10/04/2021,13:00,15887,1945.87,4170.9902,1071.37,15696,8703.6797,4604.48,1479.5699,53558.9598,E,Y,N
10/04/2021,13:00,15283.5996,1888.49,3926.01,996.386,14681.2998,8020.7402,4142.4902,1312.49,50251.5058,E1,N,N
10/04/2021,13:00,15887,1945.87,4053.28,1016.77,13889.5,7678.8301,4604.48,1479.5699,50555.3,E2,N,N
10/04/2021,13:00,14925.2002,1787.95,4170.9902,1071.37,15581.4004,8703.6797,4604.48,1479.5699,52324.6404,E3,N,N
10/04/2021,13:00,15495.7002,1892.0449,4080.3176,1038.974,14962.0508,8276.7324,4488.9829,1437.7999,51672.6027,M,N,N
10/04/2021,14:00,15693.9004,2012.6625,4074.6619,1235.0175,15294.5654,8415.4111,4457.1353,1455.2383,52638.5924,A3,N,N
10/04/2021,14:00,15522.0264,2089.5134,4110.6816,1257.3733,15645.4492,8758.6924,4520.3091,1437.6046,53341.65,A6,N,N
10/04/2021,14:00,16236.4004,2125.9199,4380.3398,1166.76,16551.9004,9207.29,4940.8999,1652.78,56262.2904,E,Y,N
10/04/2021,14:00,15635.5,2053.8799,3967.9199,1087.99,15473.5996,8446.4004,4382.3999,1438.65,52486.3397,E1,N,N
10/04/2021,14:00,16236.4004,2125.9199,4172.9399,1091.0601,14494.9004,8021.27,4940.8999,1652.78,52736.1706,E2,N,N
10/04/2021,14:00,15264.7002,1920.99,4380.3398,1166.76,16299.0996,9207.29,4940.8999,1652.78,54832.8595,E3,N,N
10/04/2021,14:00,15843.25,2056.6775,4225.3848,1128.1426,15704.875,8720.5625,4801.2749,1599.2476,54079.4149,M,N,N
10/04/2021,15:00,16092.2246,2103.0078,4118.5713,1268.7111,15817.96,8760.5566,4604.9048,1511.8313,54277.7675,A3,N,N
10/04/2021,15:00,16100.5713,2185.1191,4131.3657,1288.7393,16133.1719,9190.7871,4673.0791,1500.3378,55203.1713,A6,N,N
10/04/2021,15:00,16976.0996,2195.24,4274.3999,1266.3,17178.1992,9626.0098,5074.9199,1671.63,58262.7984,E,Y,N
10/04/2021,15:00,16279.2998,2144.29,4008.99,1179.6,16213.2002,8895.3604,4595.8501,1459.14,54775.7305,E1,N,N
10/04/2021,15:00,16976.0996,2195.24,4094.3601,1165.72,15078.4004,8488.4102,5074.9199,1671.63,54744.7802,E2,N,N
10/04/2021,15:00,15877.7998,1998.4301,4274.3999,1266.3,17154.9004,9626.0098,5074.9199,1671.63,56944.3899,E3,N,N
10/04/2021,15:00,16527.3242,2133.3,4163.0376,1219.48,16406.1738,9158.9473,4955.1523,1618.5074,56181.9226,M,N,N
10/04/2021,16:00,16345.2031,2127.5715,4174.9629,1313.0591,16232.0195,9075.2686,4718.8047,1536.5562,55523.4456,A3,N,N
10/04/2021,16:00,16302.375,2223.5132,4201.2031,1332.9065,16453.0859,9569.0879,4750.3301,1529.0492,56361.5509,A6,N,N
10/04/2021,16:00,17411.6992,2268.22,4339.9199,1318.0601,17623.0996,10189.7998,5182.4502,1732.66,60065.9088,E,Y,N
10/04/2021,16:00,16723.1992,2214.76,4100.7598,1205.6801,16661.5996,9427.7803,4767.1299,1498.4399,56599.3488,E1,N,N
10/04/2021,16:00,17411.6992,2268.22,4131.02,1210.48,15528.7002,8900.5098,5182.4502,1732.66,56365.7394,E2,N,N
10/04/2021,16:00,16242.7002,2037.42,4339.9199,1318.0601,17672.8008,10189.7998,5182.4502,1732.66,58715.811,E3,N,N
10/04/2021,16:00,16947.3242,2197.155,4227.9048,1263.0701,16871.5508,9676.9727,5078.6201,1674.1051,57936.7028,M,N,N
10/04/2021,17:00,16510.8945,2134.8796,4214.5132,1324.8198,16290.8447,9251.9033,4727.6865,1550.324,56005.8656,A3,N,N
10/04/2021,17:00,16743.5156,2250.6211,4248.8105,1330.1232,16613.4531,9619.8057,4759.417,1558.4119,57124.1581,A6,N,N
10/04/2021,17:00,17732.0996,2218.25,4457.0098,1317.5699,17676.9004,10132.9004,5119.9702,1663.55,60318.2503,E,Y,N
10/04/2021,17:00,16994.8008,2169.3601,4165.8101,1228.1899,16893.3008,9379.2803,4674.8501,1444.4399,56950.032,E1,N,N
10/04/2021,17:00,17732.0996,2218.25,4266.7598,1237.11,15845.5,8883.2695,5119.9702,1663.55,56966.5091,E2,N,N
10/04/2021,17:00,16435.4004,2025.66,4457.0098,1317.5699,17898.0996,10132.9004,5119.9702,1663.55,59050.1603,E3,N,N
10/04/2021,17:00,17223.5996,2157.8801,4336.6475,1275.1099,17078.4512,9632.0879,5008.6904,1608.7725,58321.2391,M,N,N
10/04/2021,18:00,16127.3809,2078.8237,4213.8408,1278.8455,16204.0293,9259.6094,4658.4893,1540.7921,55361.811,A3,N,N
10/04/2021,18:00,16237.6582,2224.9753,4254.5557,1259.5393,16536.125,9630.4521,4675.7974,1555.4561,56374.5591,A6,N,N
10/04/2021,18:00,17308.0996,2150.3,4464.6802,1267.8101,17415.5996,10061.7998,5061.1001,1655.79,59385.1794,E,Y,N
10/04/2021,18:00,16550.4004,2124.7,4171.3701,1178.6,16707.5,9392.1396,4654.3301,1466.8199,56245.8601,E1,N,N
10/04/2021,18:00,17308.0996,2150.3,4286.4399,1163.5601,15785.5,8856.4199,5061.1001,1655.79,56267.2096,E2,N,N
10/04/2021,18:00,16116.2998,1985.35,4464.6802,1267.8101,17707.8008,10061.7998,5061.1001,1655.79,58320.6308,E3,N,N
10/04/2021,18:00,16820.7246,2102.6624,4346.7925,1219.4451,16904.1016,9593.04,4959.4072,1608.5475,57554.7209,M,N,N
10/04/2021,19:00,15443.0527,1985.3792,4162.8408,1228.5562,15676.2695,9021.499,4472.8389,1513.9438,53504.3801,A3,N,N
10/04/2021,19:00,15550.7246,2129.9983,4180.833,1237.2211,16077.5547,9430.3711,4482.0542,1533.3582,54622.1152,A6,N,N
10/04/2021,19:00,16504.3008,2025.04,4821.6099,1226.86,16803.5,9792.1904,4825.3198,1659.0699,57657.8908,E,Y,N
10/04/2021,19:00,16020.5,2030.77,4130.5898,1160.29,16109.5996,9287.79,4482.0298,1522.5601,54744.1293,E1,N,N
10/04/2021,19:00,16504.3008,2025.04,4663.9102,1152.9,15108.5,8697.0596,4825.3198,1659.0699,54636.1003,E2,N,N
10/04/2021,19:00,15522,1868.87,4821.6099,1226.86,16822.3008,9792.1904,4825.3198,1659.0699,56538.2208,E3,N,N
10/04/2021,19:00,16137.7754,1987.4301,4609.4297,1191.7274,16210.9756,9392.3076,4739.4976,1624.9424,55894.0858,M,N,N
10/04/2021,20:00,15174.3633,1888.9994,4175.5249,1199.9578,15185.4932,8595.4053,4318.7383,1442.426,51980.9082,A3,N,N
10/04/2021,20:00,15327.8779,2047.1284,4157.0269,1229.0884,15440.752,8942.4004,4316.2983,1469.1433,52929.7156,A6,N,N
10/04/2021,20:00,16092.7998,2004.9,4384.5,1178.26,16197.5,9154.4102,4696.8301,1551.28,55260.4801,E,Y,N
10/04/2021,20:00,15856.7998,2028.08,4136.7402,1161.22,15752.2002,8974.1904,4429.1201,1469.76,53808.1107,E1,N,N
10/04/2021,20:00,16092.7998,2004.9,4237.98,1141.1801,14673.2002,8342.46,4696.8301,1551.28,52740.6302,E2,N,N
10/04/2021,20:00,15257.9004,1866.3101,4384.5,1178.26,16150.4004,9154.4102,4696.8301,1551.28,54239.8912,E3,N,N
10/04/2021,20:00,15825.0742,1976.0475,4285.9302,1164.73,15693.3242,8906.3682,4629.9023,1530.9001,54012.2767,M,N,N
10/04/2021,21:00,15237.9307,1869.8855,4121.8828,1222.2596,15142.4258,8621.6338,4273.6216,1468.421,51958.0608,A3,N,N
10/04/2021,21:00,15138.2822,1977.4926,4081.5337,1271.0865,15301.9912,8885.5645,4273.7842,1503.6605,52433.3954,A6,N,N
10/04/2021,21:00,15496.0996,1908.33,4380,1164.4,15440.2002,8896.5801,4481.7202,1579.54,53346.8701,E,Y,N
10/04/2021,21:00,15296.5,1951.97,4060.99,1144.24,15082.2998,8695.5703,4294.1602,1541.92,52067.6503,E1,N,N
10/04/2021,21:00,15496.0996,1908.33,4191.1499,1150.7,14033.0996,8110.2798,4481.7202,1579.54,50950.9191,E2,N,N
10/04/2021,21:00,14670.5,1762.01,4380,1164.4,15365.5,8896.5801,4481.7202,1579.54,52300.2503,E3,N,N
10/04/2021,21:00,15239.7998,1882.6599,4253.0352,1155.9351,14980.2754,8649.752,4434.8306,1570.135,52166.423,M,N,N
10/04/2021,22:00,14636.834,1773.7255,4050.9666,1182.998,14459.2666,8191.1816,4056.002,1439.4846,49790.4589,A3,N,N
10/04/2021,22:00,14680.2305,1837.7621,4019.7161,1219.0573,14683.4453,8344.7734,4041.585,1442.9268,50269.4965,A6,N,N
10/04/2021,22:00,14595.0996,1757.41,4217.1899,1069.77,14334.9004,8123.6299,4218.8198,1466.67,49783.4896,E,Y,N
10/04/2021,22:00,14418.2998,1817.39,4063.73,1081.92,13998.7998,8095.1499,4046.55,1466.26,48988.0995,E1,N,N
10/04/2021,22:00,14595.0996,1757.41,4109.54,1089.75,13277.2998,7546.29,4218.8198,1466.67,48060.8792,E2,N,N
10/04/2021,22:00,13640.2998,1640.45,4217.1899,1069.77,14222.7998,8123.6299,4218.8198,1466.67,48599.6292,E3,N,N
10/04/2021,22:00,14312.2002,1743.165,4151.9126,1077.8025,13958.4502,7972.1748,4175.7524,1466.5675,48858.0252,M,N,N
10/04/2021,23:00,13852.3486,1640.1219,3985.4841,1099.2053,13124.3281,7584.793,3783.0127,1383.3496,46452.6433,A3,N,N
10/04/2021,23:00,13826.251,1712.1177,3976.8926,1112.5994,13379.0205,7715.5986,3782.8525,1327.1489,46832.4812,A6,N,N
10/04/2021,23:00,13746.0996,1754.47,4249.5498,974.866,13150.7002,7670.0498,3890.1101,1415.5,46851.3455,E,Y,N
10/04/2021,23:00,13420.5996,1744.72,3999.1599,993.626,12780.9004,7583.2598,3718.23,1388.98,45629.4757,E1,N,N
10/04/2021,23:00,13746.0996,1754.47,4137.4702,1016.78,12132.9004,7057.1201,3890.1101,1415.5,45150.4504,E2,N,N
10/04/2021,23:00,12914.2998,1600.04,4249.5498,974.866,13117.2998,7670.0498,3890.1101,1415.5,45831.7153,E3,N,N
10/04/2021,23:00,13456.7744,1713.425,4158.9326,990.0345,12795.4502,7495.1201,3847.1401,1408.87,45865.7469,M,N,N
10/04/2021,24:00,12865.999,1501.6611,3952.0115,1015.5004,11982.6123,6876.8926,3504.9065,1286.7251,42986.3085,A3,N,N
10/04/2021,24:00,12729.0732,1537.4832,3994.1025,1021.8782,12167.4629,6936.9966,3495.8171,1172.0531,43054.8668,A6,N,N
10/04/2021,24:00,12667,1553.91,4221.6802,889.454,12071,6904.2598,3648.98,1243.12,43199.404,E,Y,N
10/04/2021,24:00,12313.5996,1553.74,3963.1001,880.215,11590.5996,6847.71,3413.8899,1241.9399,41804.7941,E1,N,N
10/04/2021,24:00,12667,1553.91,4131.8101,905.188,10944.5996,6366.4902,3648.98,1243.12,41461.0979,E2,N,N
10/04/2021,24:00,11764.5,1430.54,4221.6802,889.454,12096.4004,6904.2598,3648.98,1243.12,42198.9344,E3,N,N
10/04/2021,24:00,12353.0254,1523.025,4134.5674,891.0778,11675.6504,6755.6802,3590.2075,1242.8251,42166.0588,M,N,N
10/05/2021,1:00,12287.4619,1360.804,3873.8848,949.1515,10992.1689,6266.1499,3232.3503,1263.2554,40225.2267,A3,N,N
10/05/2021,1:00,12028.7256,1426.2312,3875.5872,973.6279,11247.3408,6377.6797,3221.6013,1223.4004,40374.1941,A6,N,N
10/05/2021,1:00,12077.7998,1415.04,4124.5601,816.427,11385.7002,6315.6699,3442.1799,1231.24,40808.6169,E,Y,N
10/05/2021,1:00,11584.7002,1404.05,3854.3,806.955,10703.4004,6259.8301,3152.9199,1259.3199,39025.4755,E1,N,N
10/05/2021,1:00,12077.7998,1415.04,4048.3999,831.117,10031.7998,5827.29,3442.1799,1231.24,38904.8664,E2,N,N
10/05/2021,1:00,11108.5,1297.52,4124.5601,816.427,11220.5,6315.6699,3442.1799,1231.24,39556.5969,E3,N,N
10/05/2021,1:00,11712.2002,1382.9125,4037.9551,817.7315,10835.3506,6179.6147,3369.8647,1238.26,39573.8893,M,N,N
10/05/2021,2:00,11785.0088,1272.6189,3832.4534,899.2811,10259.3066,5846.9326,3047.9199,1216.4828,38160.0041,A3,N,N
10/05/2021,2:00,11542.0703,1341.6244,3835.2332,903.5547,10471.6279,5962.1523,3024.1553,1211.8994,38292.3175,A6,N,N
10/05/2021,2:00,11596.7998,1387.48,4066.6101,738.651,10490,5930.2402,3241.78,1124.15,38575.7111,E,Y,N
10/05/2021,2:00,10996.4004,1371.3101,3795.53,733.6,10092.7998,5820.9399,2952.6599,1201.9301,36965.1702,E1,N,N
10/05/2021,2:00,11596.7998,1387.48,3973.47,760.614,9396.9697,5416.46,3241.78,1124.15,36897.7235,E2,N,N
10/05/2021,2:00,10624.2002,1264.8101,4066.6101,738.651,10528.7002,5930.2402,3241.78,1124.15,37519.1418,E3,N,N
10/05/2021,2:00,11203.5498,1352.77,3975.5552,742.879,10127.1172,5774.4702,3169.5,1143.595,37489.4364,M,N,N
10/05/2021,3:00,11329.9121,1226.3645,3808.0139,868.0344,9875.0215,5662.4473,2937.0461,1184.5197,36891.3595,A3,N,N
10/05/2021,3:00,11187.6768,1292.8145,3789.0322,871.2518,10046.54,5787.2476,2929.1526,1200.0929,37103.8084,A6,N,N
10/05/2021,3:00,11241.4004,1366.37,3956.7,682.739,9925.7803,5737.6602,3116.6001,1194.53,37221.78,E,Y,N
10/05/2021,3:00,10654,1331.11,3746.04,682.047,9526.4102,5681.1299,2810.46,1228.04,35659.2371,E1,N,N
10/05/2021,3:00,11241.4004,1366.37,3825.23,697.21,8898.5195,5265.6001,3116.6001,1194.53,35605.4601,E2,N,N
10/05/2021,3:00,10218.4004,1221.5699,3956.7,682.739,9985.8604,5737.6602,3116.6001,1194.53,36114.06,E3,N,N
10/05/2021,3:00,10838.8008,1321.355,3871.1677,686.1838,9584.1426,5605.5127,3040.0649,1202.9075,36150.135,M,N,N
10/05/2021,4:00,11018.4805,1203.9232,3796.3157,844.298,9691.2471,5567.2534,2852.1018,1147.4961,36121.1158,A3,N,N
10/05/2021,4:00,10927.6934,1261.3394,3775.9194,852.8531,9828.3037,5652.9336,2849.6709,1179.2053,36327.9188,A6,N,N
10/05/2021,4:00,10989.2998,1355.67,3886.8501,674.39,9927.1396,5545.0698,3019.3,1137.1801,36534.8994,E,Y,N
10/05/2021,4:00,10378.0996,1339.23,3697.95,680.523,9309.5303,5523.21,2701.5,1151.8199,34781.8628,E1,N,N
10/05/2021,4:00,10989.2998,1355.67,3831.6699,697.763,8765.4102,5141.5801,3019.3,1137.1801,34937.8731,E2,N,N
10/05/2021,4:00,9916.7402,1236.51,3886.8501,674.39,9928.9404,5545.0698,3019.3,1137.1801,35344.9806,E3,N,N
10/05/2021,4:00,10568.3594,1321.77,3825.8301,681.7665,9482.7549,5438.7324,2939.8499,1140.8401,35399.9033,M,N,N
10/05/2021,5:00,10994.0088,1212.7899,3821.9954,841.7911,9648.3281,5544.8384,2839.7632,1112.374,36015.8889,A3,N,N
10/05/2021,5:00,10895.7285,1261.7068,3817.9875,848.8056,9643.8691,5597.1138,2835.2368,1132.2737,36032.7218,A6,N,N
10/05/2021,5:00,11035,1351.8101,3909.3201,692.419,9778.3496,5491,2978.1499,1146.52,36382.5687,E,Y,N
10/05/2021,5:00,10369.0996,1334.67,3716.51,680.306,9342.2197,5491.1899,2676.97,1196.51,34807.4752,E1,N,N
10/05/2021,5:00,11035,1351.8101,3782.3,703.521,8773.5195,5126.6401,2978.1499,1146.52,34897.4606,E2,N,N
10/05/2021,5:00,10037.9004,1232.27,3909.3201,692.419,9903.0098,5491,2978.1499,1146.52,35390.5892,E3,N,N
10/05/2021,5:00,10619.25,1317.64,3829.3625,692.1663,9449.2754,5399.9575,2902.855,1159.0176,35369.5243,M,N,N
10/05/2021,6:00,11181.7373,1257.869,3861.3242,873.3013,10111.1436,5743.1694,2897.8542,1112.5259,37038.9249,A3,N,N
10/05/2021,6:00,11162.1494,1289.697,3858.0303,873.2292,10049.1367,5813.6006,2895.5227,1119.7897,37061.1556,A6,N,N
10/05/2021,6:00,11259.5996,1414.49,3948.74,716.311,10238.7002,5787.4199,3035.51,1132.61,37533.3807,E,Y,N
10/05/2021,6:00,10784.5996,1401.88,3748.6899,715.004,9741.3604,5829.3599,2747.01,1183,36150.9038,E1,N,N
10/05/2021,6:00,11259.5996,1414.49,3906.03,724.255,9139.0303,5440.5,3035.51,1132.61,36052.0249,E2,N,N
10/05/2021,6:00,10319.7002,1297.35,3948.74,716.311,10245.0996,5787.4199,3035.51,1132.61,36482.7407,E3,N,N
10/05/2021,6:00,10905.874,1382.0526,3888.05,717.9702,9841.0469,5711.1748,2963.385,1145.2074,36554.7609,M,N,N
10/05/2021,7:00,11672.5908,1357.0234,3928.2249,937.3503,10935.3418,6165.7749,3076.8896,1152.6586,39225.8543,A3,N,N
10/05/2021,7:00,11689.2861,1392.55,3938.627,919.3093,10887.1563,6196.2563,3075.1313,1153.9978,39252.3141,A6,N,N
10/05/2021,7:00,11955.7002,1468.98,3949.8701,762.707,10730.2998,6289.5298,3181.46,1150.38,39488.9269,E,Y,N
10/05/2021,7:00,11420,1476.9399,3809.3601,749.147,10594.7998,6306.8101,2878.0801,1199.34,38434.477,E1,N,N
10/05/2021,7:00,11955.7002,1468.98,3890.8301,745.46,9976.5898,5895.1602,3181.46,1150.38,38264.5603,E2,N,N
10/05/2021,7:00,10994.7998,1369.33,3949.8701,762.707,10887.7002,6289.5298,3181.46,1150.38,38585.7769,E3,N,N
10/05/2021,7:00,11581.5498,1446.0575,3899.9827,755.0052,10547.3477,6195.2573,3105.615,1162.62,38693.4352,M,N,N
10/05/2021,8:00,11840.0137,1400.696,3994.5083,974.7772,11382.7402,6365.645,3117.7249,1150.3607,40226.466,A3,N,N
10/05/2021,8:00,11834.7725,1439.7672,4007.1091,965.1308,11399.8467,6421.2949,3116.0349,1145.458,40329.4141,A6,N,N
10/05/2021,8:00,11960.7002,1614.96,4037.7,805.418,11314.9004,6391.9102,3254.4299,1118.15,40498.1687,E,Y,N
10/05/2021,8:00,11633,1613.27,3883.4099,800.552,11092.0996,6511.54,2995.3501,1183.87,39713.0916,E1,N,N
10/05/2021,8:00,11960.7002,1614.96,3995.98,811.556,10565.9004,6170.5698,3254.4299,1118.15,39492.2463,E2,N,N
10/05/2021,8:00,11098.7002,1532.9399,4037.7,805.418,11418.4004,6391.9102,3254.4299,1118.15,39657.6486,E3,N,N
10/05/2021,8:00,11663.2744,1594.0325,3988.6975,805.736,11097.8242,6366.4824,3189.6599,1134.58,39840.2869,M,N,N
10/05/2021,9:00,12376.5371,1451.1599,3977.1099,994.1801,11824.0078,6553.3364,3219.2107,1160.9445,41556.4864,A3,N,N
10/05/2021,9:00,12316.9434,1484.562,4019.3518,985.9565,11915.0869,6656.7002,3253.8464,1106.9777,41739.4249,A6,N,N
10/05/2021,9:00,12298.2002,1563.12,4068.1101,811.11,11891.7998,6532.8198,3397.76,1134.24,41697.1599,E,Y,N
10/05/2021,9:00,11904.2002,1551.3101,3928.99,813.746,11395.5,6611.9399,3148.01,1111.01,40464.7062,E1,N,N
10/05/2021,9:00,12298.2002,1563.12,4020.01,818.211,10662.2002,6268.3301,3397.76,1134.24,40162.0715,E2,N,N
10/05/2021,9:00,11233.5996,1475.1899,4068.1101,811.11,11613.2998,6532.8198,3397.76,1134.24,40266.1292,E3,N,N
10/05/2021,9:00,11933.5508,1538.1851,4021.3052,813.5442,11390.7002,6486.4775,3335.3225,1128.4325,40647.518,M,N,N
10/05/2021,10:00,13039.499,1545.1401,3975.7283,1061.6637,12346.5332,6775.7549,3422.0347,1177.749,43344.1029,A3,N,N
10/05/2021,10:00,12898.3926,1599.3621,4033.8203,1057.936,12489.5166,6806.8071,3458.5776,1101.9132,43446.3255,A6,N,N
10/05/2021,10:00,13098.0996,1636.89,4119.71,866.409,12450.4004,6976.6602,3527.6899,1109.61,43785.4691,E,Y,N
10/05/2021,10:00,12393.2002,1614.74,3874.05,872.018,11867.7002,6816.9902,3300.3501,1079.72,41818.7687,E1,N,N
10/05/2021,10:00,13098.0996,1636.89,4050.6799,883.439,11221.7998,6450.1401,3527.6899,1109.61,41978.3483,E2,N,N
10/05/2021,10:00,11956,1531.45,4119.71,866.409,12244.7002,6976.6602,3527.6899,1109.61,42332.2293,E3,N,N
10/05/2021,10:00,12636.3496,1604.9924,4041.0374,872.0687,11946.1504,6805.1128,3470.855,1102.1375,42478.7038,M,N,N
10/05/2021,11:00,13553.207,1630.3579,3968.2961,1085.2705,12894.5742,7117.8643,3652.6409,1247.1122,45149.3231,A3,N,N
10/05/2021,11:00,13567.2988,1680.0283,4025.0923,1076.6216,13131.7852,7279.2969,3704.4084,1189.1431,45653.6746,A6,N,N
10/05/2021,11:00,13646.7002,1722.67,4141.77,935.901,12770,7297.3799,3782.24,1173.3,45469.9611,E,Y,N
10/05/2021,11:00,12966.2002,1643.76,3858.53,940.544,12560.5996,7092.6099,3478.97,1143.73,43684.9437,E1,N,N
10/05/2021,11:00,13646.7002,1722.67,3997.5,955.529,11989,6745.3398,3782.24,1173.3,44012.279,E2,N,N
10/05/2021,11:00,12472.5,1563.14,4141.77,935.901,12902.9004,7297.3799,3782.24,1173.3,44269.1313,E3,N,N
10/05/2021,11:00,13183.0254,1663.0601,4034.8926,941.9688,12555.625,7108.1777,3706.4226,1165.9075,44359.0797,M,N,N
10/05/2021,12:00,14104.1738,1722.8071,4007.6196,1009.7823,13521.9688,7446.0483,3925.4043,1306.9355,47044.7397,A3,N,N
10/05/2021,12:00,14219.9971,1785.9567,4062.3843,861.1056,13840.5596,7643.5376,3997.5105,1305.4523,47716.5037,A6,N,N
10/05/2021,12:00,14648.7002,1823.6,4123.0098,937.56,13516.0996,7533.1401,4149.1001,1295.09,48026.2998,E,Y,N
10/05/2021,12:00,13695,1725.2,3906.79,946.033,13272.7002,7195.6899,3800.4099,1239.62,45781.443,E1,N,N
10/05/2021,12:00,14648.7002,1823.6,4000.8,936.888,12676,6859.1499,4149.1001,1295.09,46389.3282,E2,N,N
10/05/2021,12:00,13253.4004,1624.99,4123.0098,937.56,13556.5996,7533.1401,4149.1001,1295.09,46472.89,E3,N,N
10/05/2021,12:00,14061.4492,1749.3474,4038.4023,939.5103,13255.3496,7280.2803,4061.9272,1281.2224,46667.4887,M,N,N
10/05/2021,13:00,14776.5596,1790.199,4030.7461,1123.5397,14213.8887,7855.2524,4182.1147,1364.29,49336.5902,A3,N,N
10/05/2021,13:00,14909.7764,1886.4307,4076.9131,1103.4269,14580.0498,8179.8013,4268.4463,1374.653,50379.4975,A6,N,N
10/05/2021,13:00,15693.7998,1880.77,4153.7798,977.176,14329.7002,8020.96,4476.9199,1394.14,50927.2457,E,Y,N
10/05/2021,13:00,14538,1790.1,3907.1299,980.803,14066.2998,7687.46,4050.03,1290.47,48310.2927,E1,N,N
10/05/2021,13:00,15693.7998,1880.77,3992.5601,977.618,13250.2998,7249.0298,4476.9199,1394.14,48915.1374,E2,N,N
10/05/2021,13:00,13956,1679.66,4153.7798,977.176,14222.7002,8020.96,4476.9199,1394.14,48881.3359,E3,N,N
10/05/2021,13:00,14970.4004,1807.8251,4051.8125,978.1932,13967.25,7744.6025,4370.1973,1368.2225,49258.5035,M,N,N
10/05/2021,14:00,15362.8857,1899.5518,4067.2708,1192.1375,14863.6279,8260.7686,4382.272,1434.3506,51462.8649,A3,N,N
10/05/2021,14:00,15449.6406,2020.345,4103.8403,1215.5951,15209.8936,8533.4229,4462.1074,1429.2487,52424.0936,A6,N,N
10/05/2021,14:00,16127,2056.5601,4323.2798,1059.87,15307.0996,8507.2402,4778.46,1532.16,53691.6697,E,Y,N
10/05/2021,14:00,14874.2998,1922.1,3952.29,1071.99,14835.5,8093.3198,4309.77,1411.89,50471.1596,E1,N,N
10/05/2021,14:00,16127,2056.5601,4147.2202,1065.51,13907,7559.29,4778.46,1532.16,51173.2003,E2,N,N
10/05/2021,14:00,14344.2002,1792.95,4323.2798,1059.87,15072.0996,8507.2402,4778.46,1532.16,51410.2598,E3,N,N
10/05/2021,14:00,15368.125,1957.0425,4186.5176,1064.3099,14780.4258,8166.7729,4661.2876,1502.0925,51686.5738,M,N,N
10/05/2021,15:00,15766.4365,1975.1519,4110.1934,1219.9814,15412.1104,8605.7695,4511.355,1488.9336,53089.9317,A3,N,N
10/05/2021,15:00,16033.3633,2112.4736,4122.3521,1241.9327,15741.8555,8970.1348,4578.7783,1481.0963,54281.9866,A6,N,N
10/05/2021,15:00,16874.1992,2144.52,4229.21,1139.92,15850.7998,8978.3398,4939.8999,1506.78,55663.6687,E,Y,N
10/05/2021,15:00,15450,2008.36,4001.95,1148.78,15527.7002,8560.0195,4515.6201,1425.53,52637.9598,E1,N,N
10/05/2021,15:00,16874.1992,2144.52,4066.8301,1130.9,14550.7002,8054.5298,4939.8999,1506.78,53268.3592,E2,N,N
10/05/2021,15:00,14936.5,1879.95,4229.21,1139.92,15829.2002,8978.3398,4939.8999,1506.78,53439.7999,E3,N,N
10/05/2021,15:00,16033.7246,2044.3374,4131.7998,1139.88,15439.5996,8642.8066,4833.8301,1486.4675,53752.4456,M,N,N
10/05/2021,16:00,15946.1357,1987.6079,4165.9307,1270.3779,15710.0293,8909.6338,4609.8711,1512.9556,54112.542,A3,N,N
10/05/2021,16:00,16073.2998,2157.4827,4190.4214,1290.8406,15977.6943,9278.7871,4650.6069,1511.0388,55130.1716,A6,N,N
10/05/2021,16:00,17158.5996,2236.9399,4286.6802,1179.53,16258.7002,9532.6104,5091.98,1582.45,57327.4903,E,Y,N
10/05/2021,16:00,15871.7002,2058.6899,4096.9199,1183.8199,15877,9044.5703,4656.98,1469.41,54259.0902,E1,N,N
10/05/2021,16:00,17158.5996,2236.9399,4159.8301,1158.83,14981.5,8393.0596,5091.98,1582.45,54763.1892,E2,N,N
10/05/2021,16:00,15368.5996,1920.01,4286.6802,1179.53,16305.2002,9532.6104,5091.98,1582.45,55267.0604,E3,N,N
10/05/2021,16:00,16389.375,2113.145,4207.5273,1175.4275,15855.5996,9125.7119,4983.23,1554.1899,55404.2062,M,N,N
10/05/2021,17:00,16051.0898,2020.0687,4200.9429,1285.4554,15804.0137,9124.5254,4627.8379,1513.7783,54627.7121,A3,N,N
10/05/2021,17:00,16284.1289,2165.5823,4233.8198,1288.6084,16178.2354,9433,4669.8325,1531.1659,55784.3732,A6,N,N
10/05/2021,17:00,17482.6992,2178.3899,4396.3701,1213.22,16314.9004,9577.46,5022.3501,1555.45,57740.8397,E,Y,N
10/05/2021,17:00,16110.5996,2051.04,4158.9102,1207.5,16126.7998,9066.0898,4600.6699,1394.38,54715.9893,E1,N,N
10/05/2021,17:00,17482.6992,2178.3899,4227.9902,1200.78,15288.5996,8508.4902,5022.3501,1555.45,55464.7492,E2,N,N
10/05/2021,17:00,15589.2998,1910.4399,4396.3701,1213.22,16520.0996,9577.46,5022.3501,1555.45,55784.6895,E3,N,N
10/05/2021,17:00,16666.3242,2079.5649,4294.9102,1208.6799,16062.5996,9182.375,4916.9297,1515.1826,55926.5661,M,N,N
10/05/2021,18:00,15837.7197,1957.2311,4192.918,1242.3516,15775.873,9149.5244,4563.6147,1503.0463,54222.2788,A3,N,N
10/05/2021,18:00,15880.209,2140.0308,4231.4697,1218.8014,16154.4727,9455.2061,4605.7534,1524.226,55210.1691,A6,N,N
10/05/2021,18:00,16908.3008,2097.6299,4415.71,1155.6899,16122.2002,9572.1299,4954.2202,1492.15,56718.0309,E,Y,N
10/05/2021,18:00,15756.2998,1998.99,4167.3198,1155.95,16011.2998,9092.1104,4584.9902,1420.38,54187.34,E1,N,N
10/05/2021,18:00,16908.3008,2097.6299,4251.1499,1124.9,15057,8428.75,4954.2202,1492.15,54314.1008,E2,N,N
10/05/2021,18:00,15144.5,1865.22,4415.71,1155.6899,16393.5,9572.1299,4954.2202,1492.15,54993.12,E3,N,N
10/05/2021,18:00,16179.3506,2014.8674,4312.4727,1148.0575,15896,9166.2803,4861.9131,1474.2075,55053.1491,M,N,N
10/05/2021,19:00,15190.8945,1879.1554,4144.2803,1199.7104,15226.0713,8923.1221,4418.5742,1476.1953,52458.0035,A3,N,N
10/05/2021,19:00,15373.0186,2049.7258,4156.0171,1202.5973,15668.5654,9258.5791,4445.2358,1498.5686,53652.3077,A6,N,N
10/05/2021,19:00,16350.0996,1983.1,4782.9302,1139.8199,15585.5996,9303.1602,4740.1699,1536.15,55421.0294,E,Y,N
10/05/2021,19:00,15445.9004,1919.59,4121.25,1138.08,15409.4004,8991.1201,4433.5298,1484.9,52943.7707,E1,N,N
10/05/2021,19:00,16350.0996,1983.1,4619.3501,1112.38,14499.2002,8278.3799,4740.1699,1536.15,53118.8297,E2,N,N
10/05/2021,19:00,14868.0996,1779.63,4782.9302,1139.8199,15604,9303.1602,4740.1699,1536.15,53753.9598,E3,N,N
10/05/2021,19:00,15753.5508,1916.355,4576.6147,1132.5249,15274.5498,8968.9551,4663.5098,1523.3375,53809.3976,M,N,N
10/05/2021,20:00,14925.3389,1777.2004,4156.8608,1166.9532,14809.8516,8545.0244,4264.1348,1403.7278,51049.0919,A3,N,N
10/05/2021,20:00,15050.1162,1969.2634,4131.0693,1191.1239,15094.0928,8800.8965,4285.2207,1432.1189,51953.9017,A6,N,N
10/05/2021,20:00,15901.5996,1926.5699,4356.8701,1129.3101,15090.5,8877.8203,4554.3799,1483.3199,53320.3698,E,Y,N
10/05/2021,20:00,15261.9004,1921.1801,4117.0098,1137.6,15100.5996,8750.7305,4362.23,1436.88,52088.1304,E1,N,N
10/05/2021,20:00,15901.5996,1926.5699,4225.2402,1110.88,14160.0996,8037.0601,4554.3799,1483.3199,51399.1492,E2,N,N
10/05/2021,20:00,14470.2002,1788.41,4356.8701,1129.3101,15048.0996,8877.8203,4554.3799,1483.3199,51708.4101,E3,N,N
10/05/2021,20:00,15383.8252,1890.6825,4263.9976,1126.775,14849.8242,8635.8574,4506.3423,1471.71,52129.0142,M,N,N
10/05/2021,21:00,14881.9941,1753.3422,4101.7905,1196.3665,14699.4697,8553.0752,4201.5444,1432.8578,50820.4404,A3,N,N
10/05/2021,21:00,14864.2031,1891.9905,4053.9392,1238.7213,14904.4805,8753.6963,4212.9297,1465.8179,51385.7785,A6,N,N
10/05/2021,21:00,15312.7002,1826.21,4305.48,1123.67,14418.2002,8594.5996,4378.8599,1513.02,51472.7399,E,Y,N
10/05/2021,21:00,14799,1846.52,4025.24,1129.8101,14508.7998,8480.7197,4201.6899,1519.29,50511.0695,E1,N,N
10/05/2021,21:00,15312.7002,1826.21,4180.7402,1117.54,13625.0996,7831.3398,4378.8599,1513.02,49785.5097,E2,N,N
10/05/2021,21:00,14095.2002,1712.96,4305.48,1123.67,14350.7998,8594.5996,4378.8599,1513.02,50074.5895,E3,N,N
10/05/2021,21:00,14879.8994,1802.975,4204.2349,1123.6725,14225.7256,8375.3145,4334.5674,1514.5875,50460.9768,M,N,N
10/05/2021,22:00,14375.96,1660.5007,4033.8838,1161.391,14043.9619,8156.231,4010.574,1406.6686,48849.171,A3,N,N
10/05/2021,22:00,14420.1162,1766.7131,3994.8525,1190.3745,14278.9189,8221.8857,4018.9902,1399.4688,49291.3199,A6,N,N
10/05/2021,22:00,14431.7998,1707.29,4140.5898,1088.03,13692.2998,7914.98,4110.7598,1472.1801,48557.9293,E,Y,N
10/05/2021,22:00,13865.0996,1712.1801,4023.99,1096.23,13631.7002,7881.1802,3988.1101,1457.59,47656.0802,E1,N,N
10/05/2021,22:00,14431.7998,1707.29,4073.9299,1080.9399,12879.5,7327.4399,4110.7598,1472.1801,47083.8394,E2,N,N
10/05/2021,22:00,13167.5996,1621.16,4140.5898,1088.03,13588.0996,7914.98,4110.7598,1472.1801,47103.3989,E3,N,N
10/05/2021,22:00,13974.0742,1686.9801,4094.7749,1088.3075,13447.9004,7759.645,4080.0974,1468.5326,47600.3121,M,N,N
10/05/2021,23:00,13575.7354,1529.5385,3973.281,1077.2544,12761.2822,7495.3384,3732.3169,1357.6279,45502.3747,A3,N,N
10/05/2021,23:00,13578.6006,1637.634,3957.3721,1084.5222,13029.9102,7533.3604,3743.9275,1294.142,45859.469,A6,N,N
10/05/2021,23:00,13506.7998,1677.85,4169.3398,1000.79,12595.5996,7485.7002,3761.04,1366.39,45563.5094,E,Y,N
10/05/2021,23:00,12880.5,1642.42,3969.48,992.617,12427,7383.6099,3661.95,1391.15,44348.7269,E1,N,N
10/05/2021,23:00,13506.7998,1677.85,4074.1799,970.099,11767,6883.5898,3761.04,1366.39,44006.9485,E2,N,N
10/05/2021,23:00,12316.7998,1552.38,4169.3398,1000.79,12565.5,7485.7002,3761.04,1366.39,44217.9398,E3,N,N
10/05/2021,23:00,13052.7256,1637.625,4095.585,991.074,12338.7754,7309.6504,3736.2676,1372.5801,44534.2831,M,N,N
10/05/2021,24:00,12628.8125,1397.0618,3941.2356,997.854,11630.6104,6810.7319,3424.9551,1265.2177,42096.479,A3,N,N
10/05/2021,24:00,12503.9688,1477.8546,3978.2537,999.2716,11835.2529,6834.0625,3445.2637,1151.265,42225.1928,A6,N,N
10/05/2021,24:00,12460.9004,1489.5,4166.6099,898.121,11330.0996,6755.98,3515.1201,1230.2,41846.531,E,Y,N
10/05/2021,24:00,11941.9004,1475.9399,3948.3401,892.628,11309.5,6663.79,3367.5801,1246.83,40846.5085,E1,N,N
10/05/2021,24:00,12460.9004,1489.5,4091.03,889.284,10786.0996,6194.29,3515.1201,1230.2,40656.4241,E2,N,N
10/05/2021,24:00,11343.7998,1400.09,4166.6099,898.121,11355.7002,6755.98,3515.1201,1230.2,40665.621,E3,N,N
10/05/2021,24:00,12051.876,1463.7574,4093.1475,894.5385,11195.3496,6592.5098,3478.2351,1234.3574,41003.7713,M,N,N
