DeliveryDate,HourEnding,Coast,East,FarWest,North,NorthCentral,SouthCentral,Southern,West,SystemTotal,Model,InUseFlag,DSTFlag
01/31/2023,1:00,11183.6963,2244.8545,5227.0488,1431.0487,18705.3887,10002.2109,3438.8293,1922.1438,54155.221,A3,N,N
01/31/2023,1:00,10963.7549,2119.3218,5455.1196,1551.6078,18653.9824,9383.1299,3743.2856,1964.1228,53834.3248,A6,N,N
01/31/2023,1:00,11125.2002,2232.02,5688.3398,1695.5601,19098.5,10350.4004,3635.48,2031.42,55856.9205,E,N,N
01/31/2023,1:00,10924.2998,2225.71,5712.6401,1677.4399,18652.5996,10097.5996,3647.8799,1986.55,54924.7189,E1,N,N
01/31/2023,1:00,11124.5,2238.4299,5676.9502,1694.22,19105.8008,10354.0996,3660.6499,2033.98,55888.6304,E2,Y,N
01/31/2023,1:00,11070.2002,2248.1399,5676.9502,1694.22,19105.8008,10371.5,3633.8301,2033.98,55834.6212,E3,N,N
01/31/2023,1:00,11032.376,2239.1909,5540.6172,1601.6682,18807.5,10132.8672,3568.9673,1979.4529,54902.6397,M,N,N
01/31/2023,2:00,10916.3682,2188.626,5647.0215,1697.9519,18697.5527,9587.5664,3640.5237,2025.5172,54401.1276,A3,N,N
01/31/2023,2:00,10783.6611,2186.3167,5690.0688,1705.2665,18655.4043,10084.793,3591.5256,2025.7146,54722.7506,A6,N,N
01/31/2023,2:00,10905.5,2211.8301,5524.29,1685.28,19005.1992,10206.5996,3582.96,2057.74,55179.3989,E,N,N
01/31/2023,2:00,11041.2002,2212.73,5476.3398,1691.41,19555.9004,10451.5,3645.3799,2110.8201,56185.2804,E1,N,N
01/31/2023,2:00,10970.7002,2219.28,5586.25,1685.21,18977.4004,10212.5996,3618.3301,2052.3201,55322.0904,E2,Y,N
01/31/2023,2:00,10900.2998,2228.45,5586.25,1685.21,18977.4004,10237.5,3589.7,2052.3201,55257.1303,E3,N,N
01/31/2023,2:00,10933.7295,2213.9834,5575.8271,1691.5229,19094.1465,10087.5654,3632.9917,2062.8713,55292.6378,M,N,N
01/31/2023,3:00,10779.8936,2175.7839,5602.438,1699.3046,18895.9883,10054.917,3605.0828,2064.4849,54877.8931,A3,N,N
01/31/2023,3:00,10740.7549,2192.6726,5593.5068,1706.0691,18879.8477,10057.5908,3578.803,2060.1499,54809.3948,A6,N,N
01/31/2023,3:00,10877.4004,2200.9299,5548.5801,1670.6,19048.6992,10198,3596.03,2062.9199,55203.1595,E,N,N
01/31/2023,3:00,10988.2998,2212.1799,5535.1001,1680.16,19315.5,10341.2002,3636.3501,2082.3701,55791.1602,E1,N,N
01/31/2023,3:00,10936.7998,2201.7,5587.5601,1676.73,18998.3008,10188.5,3606.79,2050.3,55246.6807,E2,Y,N
01/31/2023,3:00,10940.2998,2216.0901,5587.5601,1676.73,18998.3008,10210.5,3593.3501,2050.3,55273.1309,E3,N,N
01/31/2023,3:00,10905.4902,2206.0881,5572.0269,1683.6815,19060.1855,10191.5156,3618.1538,2064.4058,55301.5474,M,N,N
01/31/2023,4:00,10906.6895,2243.5173,5543.3833,1693.0903,19119.9648,10202.2363,3623.9319,2104.3142,55437.1276,A3,N,N
01/31/2023,4:00,10864.9063,2230.8291,5566.8633,1717.4946,19090.5859,10195.5908,3603.7542,2140.2131,55410.2373,A6,N,N
01/31/2023,4:00,10984.4004,2229.53,5516.8901,1696.59,19192.9004,10270.5,3606.23,2103.8799,55600.9208,E,N,N
01/31/2023,4:00,11071.7998,2247.54,5504.8999,1703.76,19454.0996,10390.9004,3642.75,2112.77,56128.5197,E1,N,N
01/31/2023,4:00,11034.2002,2231.5801,5547.6001,1692.77,19180.0996,10270.2002,3627.51,2078.0701,55662.0303,E2,Y,N
01/31/2023,4:00,11035.2002,2239.8501,5547.6001,1692.77,19180.0996,10287,3610.24,2078.0701,55670.8301,E3,N,N
01/31/2023,4:00,10998.2939,2233.4434,5535.9854,1694.9631,19254.0957,10288.8105,3616.6833,2100.4995,55722.7748,M,N,N
01/31/2023,5:00,11144.9629,2281.1667,5531.4478,1707.3124,19553.3672,10556.666,3813.1121,2155.9009,56743.936,A3,N,N
01/31/2023,5:00,11043.6523,2270.1177,5502.0986,1699.2596,19584.3223,10588.5107,3775.0916,2162.6819,56625.7347,A6,N,N
01/31/2023,5:00,11060.7002,2265.3201,5486.7202,1685.04,19553.8008,10556.7998,3715.1799,2151.0601,56474.6211,E,N,N
01/31/2023,5:00,11014.7002,2273.0601,5518.5298,1683.0601,19533.3008,10600.4004,3749.54,2173.8201,56546.4115,E1,N,N
01/31/2023,5:00,11145.2002,2275.1399,5498.8101,1692.02,19554.0996,10543.0996,3734.9099,2115.6899,56558.9692,E2,Y,N
01/31/2023,5:00,11150.7998,2278.8601,5498.8101,1692.02,19554.0996,10562.7002,3719.3401,2115.6899,56572.3198,E3,N,N
01/31/2023,5:00,11063.9102,2268.5515,5511.0718,1692.3359,19547.4785,10562.1807,3746.574,2148.7239,56540.8265,M,N,N
01/31/2023,6:00,11767.2871,2386.0107,5570.0605,1780.6261,20549.373,11108.6719,3937.7837,2205.0063,59304.8193,A3,N,N
01/31/2023,6:00,11697.6377,2371.1431,5567.7827,1811.42,20517.3535,11186.4717,3891.4197,2181.1465,59224.3749,A6,N,N
01/31/2023,6:00,11657.9004,2334.23,5609.3198,1773.88,20118.1992,10938.2998,3862.3101,2196.4199,58490.5592,E,N,N
01/31/2023,6:00,11665.2998,2326.5601,5590.4399,1792.9,20064.8008,10913.2002,3855.55,2192.26,58401.0108,E1,N,N
01/31/2023,6:00,11726.7998,2348.79,5592.4902,1773.21,20202.3008,10946.4004,3881.51,2164.29,58635.7912,E2,Y,N
01/31/2023,6:00,11728.4004,2356.3601,5592.4902,1773.21,20202.3008,10966.0996,3877.4199,2164.29,58660.571,E3,N,N
01/31/2023,6:00,11704.873,2347.2561,5580.0791,1780.6025,20256.168,10988.6621,3873.2158,2187.2363,58718.0929,M,N,N
01/31/2023,7:00,12678.2666,2577.6948,5681.063,1740.7075,21935.7109,11820.1787,4505.5957,2256.0757,63195.2929,A3,N,N
01/31/2023,7:00,12695.0254,2545.3984,5712.0249,1722.5071,21662.1816,11794.1953,4463.0547,2229.5291,62823.9165,A6,N,N
01/31/2023,7:00,12571.5,2472.23,5713.3701,1752.28,20921.8008,11492.7002,4344.6001,2195.8999,61464.3811,E,N,N
01/31/2023,7:00,12686.2998,2477,5729.75,1724.03,20691.5,11428.5996,4396.4302,2189.6899,61323.2995,E1,N,N
01/31/2023,7:00,12612.4004,2489.8501,5673.0698,1781.28,21134.4004,11517.0996,4319.8999,2194.1201,61722.1203,E2,Y,N
01/31/2023,7:00,12609.9004,2499.2,5673.0698,1781.28,21134.4004,11543.2998,4321.23,2194.1201,61756.5005,E3,N,N
01/31/2023,7:00,12659.2617,2504.5623,5687.958,1750.2366,21216.084,11592.6084,4405.5264,2213.0591,62029.2965,M,N,N
01/31/2023,8:00,12865.4248,2577.4421,5481.6626,1821.5596,21391.3184,12021.8506,4690.2178,2236.6287,63086.1046,A3,N,N
01/31/2023,8:00,12994.6904,2623.6731,5387.5327,1853.8386,21392.8574,11997.916,4667.2495,2248.5139,63166.2716,A6,N,N
01/31/2023,8:00,13166.4004,2584.5801,5586.8301,1803.4,20922.6992,11741.7002,4651.0298,2226.3799,62683.0197,E,N,N
01/31/2023,8:00,13164.9004,2590.28,5598.1001,1795.28,20728.9004,11707.7998,4703.6201,2185.9299,62474.8107,E1,N,N
01/31/2023,8:00,13123.5996,2587.27,5569.3999,1825.09,21339.6992,11795.0996,4611.4199,2239.27,63090.8482,E2,Y,N
01/31/2023,8:00,13123.7002,2596.6101,5569.3999,1825.09,21339.6992,11826.4004,4590.4702,2239.27,63110.64,E3,N,N
01/31/2023,8:00,13074.9795,2591.4719,5548.4854,1813.7896,21103.043,11846.0918,4683.6294,2218.5645,62880.0551,M,N,N
01/31/2023,9:00,13117.6953,2550.9944,5597.7891,1820.1934,20614.9121,11864.585,4695.8735,2137.7598,62399.8026,A3,N,N
01/31/2023,9:00,13111.8301,2653.469,5532.0493,1890.3677,20885.6055,11827.7441,4665.8677,2130.8018,62697.7352,A6,N,N
01/31/2023,9:00,13158.2998,2649.0701,5640.8901,1847.76,20623.0996,11773.5,4660.4199,2111.5,62464.5395,E,N,N
01/31/2023,9:00,13276.2998,2676.1799,5662.8501,1874.73,20966.0996,11885,4695.21,2083.6299,63119.9993,E1,N,N
01/31/2023,9:00,13181.5,2631.9299,5644.3398,1857.75,21126.5,11824.4004,4595,2148.02,63009.4401,E2,Y,N
01/31/2023,9:00,13181.5,2631.9299,5644.3398,1857.75,21126.5,11824.4004,4591.6499,2148.02,63006.09,E3,N,N
01/31/2023,9:00,13169.25,2633.8271,5628.2241,1849.2789,20936.2461,11858.2656,4682.5576,2130.7957,62888.4451,M,N,N
01/31/2023,10:00,13246.8965,2638.2158,5600.2847,1848.5944,21723.6895,12107.2949,4753.6528,2165.2769,64083.9055,A3,N,N
01/31/2023,10:00,13159.0742,2653.6848,5615.356,1929.6721,21788.9219,12162.9912,4744.292,2161.3801,64215.3723,A6,N,N
01/31/2023,10:00,13175.7002,2551.51,5668.6699,1874.23,20998.9004,11831.5996,4598.6602,2084.3601,62783.6304,E,N,N
01/31/2023,10:00,13312.7998,2640.3601,5688.9399,1925.53,21704.9004,12222.7002,4758.5,2115.79,64369.5204,E1,N,N
01/31/2023,10:00,13245,2569.75,5689.4702,1840.36,21304.6992,11742,4668.1099,2113.1899,63172.5792,E2,Y,N
01/31/2023,10:00,13194.7002,2557.4399,5689.4702,1840.36,21304.6992,11752.4004,4529.3799,2113.1899,62981.6397,E3,N,N
01/31/2023,10:00,13248.0762,2616.8477,5665.1191,1872.0352,21611.8887,12015.5029,4714.1475,2132.1848,63875.8021,M,N,N
01/31/2023,11:00,13248.7617,2656.0039,5642.7334,1882.2858,22113.9805,12201.3613,4780.8647,2150.5735,64676.5648,A3,N,N
01/31/2023,11:00,13322.7578,2668.9409,5709.6055,1942.6326,22138.8594,12175.1797,4830.3936,2151.0891,64939.4586,A6,N,N
01/31/2023,11:00,13117.5,2578.5801,5713.1201,1949.34,21815.6992,12117.4004,4564.0498,2115.8201,63971.5097,E,N,N
01/31/2023,11:00,13174.2002,2656.96,5718.7598,1992.83,22254,12387,4733.8501,2158.26,65075.8601,E1,N,N
01/31/2023,11:00,13261.2002,2604.95,5673.48,1890.4399,21683.5996,11877.7002,4702.5698,2117.4399,63811.3796,E2,Y,N
01/31/2023,11:00,13212.5996,2575.1799,5673.48,1890.4399,21683.5996,11848.5996,4529.8301,2117.4399,63531.1686,E3,N,N
01/31/2023,11:00,13190.4736,2635.1145,5688.2324,1924.3235,22016.166,12162.2773,4718.4902,2142.2529,64477.3304,M,N,N
01/31/2023,12:00,13171.5967,2708.3367,5593.251,1908.4929,22054.5293,12193.1914,4807.9492,2142.2688,64579.616,A3,N,N
01/31/2023,12:00,13209.9316,2639.5215,5602.7661,1915.7815,22094.5918,12209.2041,4900.1284,2175.4531,64747.3781,A6,N,N
01/31/2023,12:00,13095.5,2646.6499,5642.5,1956.98,22116.5996,12318.5996,4545.52,2116.47,64438.8191,E,N,N
01/31/2023,12:00,13124.9004,2666.96,5619.6099,1971.6899,22075.0996,12323.4004,4730.5601,2125.6699,64637.8902,E1,N,N
01/31/2023,12:00,13212.2998,2621.9099,5623.5,1905.98,21768.0996,11986.5,4700.2002,2096.1101,63914.5996,E2,Y,N
01/31/2023,12:00,13135.5996,2604.8899,5623.5,1905.98,21768.0996,11960.5,4505.48,2096.1101,63600.1592,E3,N,N
01/31/2023,12:00,13136.0313,2654.0652,5612.1953,1929.1506,21978.1094,12179.7598,4751.1211,2117.3877,64357.8204,M,N,N
01/31/2023,13:00,13049.666,2576.9983,5657.854,1838.6987,21875.918,12186.3652,4897.333,2076.8401,64159.6733,A3,N,N
01/31/2023,13:00,13125.6064,2615.4434,5704.043,1860.5261,21884.9805,12199.0967,4946.9707,2065.9871,64402.6539,A6,N,N
01/31/2023,13:00,12934.0996,2667.1499,5661.1602,1916.79,21965.6992,12407.2002,4662.98,2093.3301,64308.4092,E,N,N
01/31/2023,13:00,12963.4004,2640.28,5661.48,1894.14,21841.3008,12230.4004,4848.48,2084.0601,64163.5417,E1,N,N
01/31/2023,13:00,13038,2607.24,5647.9102,1879.0699,21640.0996,12097,4721.21,2077.9299,63708.4596,E2,Y,N
01/31/2023,13:00,12978.5996,2601.75,5647.9102,1879.0699,21640.0996,12052.2998,4621.7798,2077.9299,63499.4388,E3,N,N
01/31/2023,13:00,13006.001,2601.7781,5658.3828,1872.6248,21817.8047,12188.1836,4817.5356,2075.8921,64038.2027,M,N,N
01/31/2023,14:00,12822.2227,2588.698,5780.2417,1818.2147,22097.4473,12199.7227,4845.1787,2071.1106,64222.8364,A3,N,N
01/31/2023,14:00,12871.2578,2635.7061,5798.7153,1875.9735,22043.293,12284.1914,4934,2067.2424,64510.3795,A6,N,N
01/31/2023,14:00,12813.9004,2631.3,5688.5601,1848.6899,21829,12368.2998,4742.6401,2062.1599,63984.5502,E,N,N
01/31/2023,14:00,12857,2619.3401,5685.7798,1831.29,21797.6992,12222.4004,4877.29,2072.29,63963.0895,E1,N,N
01/31/2023,14:00,12900.7002,2609.54,5676.9199,1832.88,21612.8008,12109.2002,4740.7402,2051.8201,63534.6014,E2,Y,N
01/31/2023,14:00,12836.4004,2582.9299,5678.0298,1832.67,21509.6992,12093.7998,4673.3799,2042.65,63249.559,E3,N,N
01/31/2023,14:00,12880.3281,2611.582,5697.8052,1825.7466,21804.3125,12171.7031,4800.0332,2064.5825,63856.0932,M,N,N
01/31/2023,15:00,12762.9121,2721.2925,5691.8242,1808.4247,21237.8125,12184.1006,4778.0215,2057.6143,63242.0024,A3,N,N
01/31/2023,15:00,12842.5205,2662.3718,5672.9526,1824.254,21449.9766,12186.9561,4851.5776,2039.5322,63530.1414,A6,N,N
01/31/2023,15:00,12836.2002,2632.0901,5643.79,1823.58,21756.6992,12240.5996,4800.0498,2046.35,63779.3589,E,N,N
01/31/2023,15:00,12874.4004,2612.9399,5633.3599,1798.6899,21631.4004,12090.7002,4854.0801,2045.2,63540.7708,E1,N,N
01/31/2023,15:00,12879.7998,2613.8201,5618.46,1826.63,21529.0996,12065,4760.77,2033.33,63326.9095,E2,Y,N
01/31/2023,15:00,12854.2002,2604.1399,5618.46,1828.4,21460.5996,12051.4004,4701.9399,2027.38,63146.52,E3,N,N
01/31/2023,15:00,12839.3916,2648.9868,5647.7363,1811.1226,21467.7578,12113.041,4798.1885,2045.3796,63371.6042,M,N,N
01/31/2023,16:00,12684.7705,2714.2002,5644.5972,1796.4563,20976.6641,12161.8613,4792.4648,2065.9792,62836.9936,A3,N,N
01/31/2023,16:00,12798.3652,2686.2395,5564.7383,1801.6493,21144.7871,12142.7549,4934.3145,2040.2629,63113.1117,A6,N,N
01/31/2023,16:00,12914.7002,2632.5901,5625.0898,1797.38,21524.6992,12117.7998,4718.73,2050.8401,63381.8292,E,N,N
01/31/2023,16:00,12765.7998,2609.96,5612.0298,1784.8199,21288.0996,11861.7002,4819.7998,2034.36,62776.5691,E1,N,N
01/31/2023,16:00,12955.4004,2628.3601,5611.79,1802.99,21407.5996,11979.2998,4727.1699,2040.67,63153.2798,E2,Y,N
01/31/2023,16:00,12885.4004,2610.53,5614.8599,1805.27,21273,11949.7002,4629.6299,2027.83,62796.2204,E3,N,N
01/31/2023,16:00,12801.6289,2650.4314,5622.6978,1794.6561,21224.7617,11999.5615,4780.2114,2046.8767,62920.8255,M,N,N
01/31/2023,17:00,12685.1406,2772.6494,5592.563,1809.0845,21033.877,12420.9336,4708.8223,2059.7393,63082.8097,A3,N,N
01/31/2023,17:00,12808.5391,2745.52,5455.8184,1797.7524,21041.8672,12402.2178,4840.5732,2056.6636,63148.9517,A6,N,N
01/31/2023,17:00,13041.9004,2600.7,5505.9399,1752.74,21221.1992,11738.7998,4642.8599,2013.62,62517.7592,E,N,N
01/31/2023,17:00,13085.5996,2592.29,5483.79,1748.72,20925.0996,11464.2002,4729.54,1986.6899,62015.9293,E1,N,N
01/31/2023,17:00,13065.0996,2612.1399,5538.3501,1770.88,21175.4004,11737.5996,4826.77,2019.84,62746.0796,E2,Y,N
01/31/2023,17:00,12910.7998,2563.1299,5544.8999,1773.89,20940.8008,11633.9004,4643.6802,1996.36,62007.461,E3,N,N
01/31/2023,17:00,12946.6836,2658.3594,5537.6904,1775.9531,21043.5957,11870.1445,4754.7891,2021.7358,62608.9516,M,N,N
01/31/2023,18:00,13028.6172,2837.9878,5589.3506,1875.923,21330.7656,13337.8408,4667.0874,2042.3094,64709.8818,A3,N,N
01/31/2023,18:00,13062.9619,2798.6553,5419.7417,1801.1611,21235.7168,12605.8018,4758.2739,2052.4907,63734.8032,A6,N,N
01/31/2023,18:00,13406.2002,2652.1299,5308.2798,1750.12,21428.0996,11674.4004,4708.6201,1999.54,62927.39,E,N,N
01/31/2023,18:00,13717.2002,2611.8101,5317.4199,1727.83,21082.9004,11382.5996,4734.2002,1943.3199,62517.2803,E1,N,N
01/31/2023,18:00,13442.7998,2670.8201,5355.2402,1787.02,21437.5996,11821.9004,5038.8301,2012.1801,63566.3903,E2,Y,N
01/31/2023,18:00,13188.5,2600.9099,5361.1201,1777.9301,21093.6992,11700.2998,4817.0801,1981.77,62521.3092,E3,N,N
01/31/2023,18:00,13399.416,2705.9221,5419.6382,1796.2334,21281.7461,12172.7998,4812.5811,1998.7104,63587.0471,M,N,N
01/31/2023,19:00,13484.4404,2967.5051,5703.8506,1979.0862,21870.291,13747.5479,4910.4565,2073.9617,66737.1394,A3,N,N
01/31/2023,19:00,13467.9736,2889.9568,5489.3765,1884.2202,21700.5176,12955.5205,4895.9282,2084.3218,65367.8152,A6,N,N
01/31/2023,19:00,13629.7002,2712.24,5298.8198,1796.95,21728.6992,11803.5,5059.6001,2120.3101,64149.8194,E,N,N
01/31/2023,19:00,14399.2002,2641.8701,5285.23,1728.39,21244.3008,11425.5996,4943.7202,1989.98,63658.2909,E1,N,N
01/31/2023,19:00,13679.0996,2725.97,5373.8799,1855.99,21682,11985.7002,5485.7798,2140.4099,64928.8294,E2,Y,N
01/31/2023,19:00,13324.9004,2635.04,5377.0498,1816.88,21201.4004,11923.0996,5297.6699,2082.6101,63658.6502,E3,N,N
01/31/2023,19:00,13859.6973,2777.0828,5452.6294,1853.2278,21595.3184,12376.6758,5111.623,2067.3359,65093.5904,M,N,N
01/31/2023,20:00,13451.585,2939.2429,5749.418,1955.2805,21526.4395,13748.9805,5029.8149,2088.1011,66488.8624,A3,N,N
01/31/2023,20:00,13383.4346,2833.4851,5541.4673,1865.4424,21379.8945,13128.5088,4925.2285,2090.4116,65147.8728,A6,N,N
01/31/2023,20:00,13451.9004,2697.8601,5283.3101,1804.71,21220.1992,11586,5149.4902,2119.45,63312.92,E,N,N
01/31/2023,20:00,14500.5,2605.1399,5221.73,1707.28,20901.5996,11287.7002,4978.21,2013,63215.1597,E1,N,N
01/31/2023,20:00,13515.0996,2707.3201,5352.0601,1880.15,21196,11772.4004,5665.6899,2143.45,64232.1701,E2,Y,N
01/31/2023,20:00,13100.5,2606.0801,5347.02,1820.84,20699.6992,11761,5480.0298,2082.3501,62897.5192,E3,N,N
01/31/2023,20:00,13829.1758,2749.1133,5438.876,1846.1672,21204.9492,12259.874,5222.1084,2080.832,64631.0959,M,N,N
01/31/2023,21:00,13284.9961,2873.1438,5751.3862,1968.5869,21192.9199,12908.9492,5072.9844,2080.457,65133.4235,A3,N,N
01/31/2023,21:00,13221.6816,2778.1428,5590.9326,1893.829,21059.1777,12899.8506,4923.0645,2087.8967,64454.5755,A6,N,N
01/31/2023,21:00,13249.5,2654.6499,5273.3501,1773.91,20748.1992,11336.5,5134.5298,2097.8,62268.439,E,N,N
01/31/2023,21:00,14327.0996,2587.4299,5170.1099,1673.12,20670.9004,11134.5996,5000.96,2016.96,62581.1794,E1,N,N
01/31/2023,21:00,13301,2667.3501,5301.3999,1852.1,20723.5996,11497,5715.54,2127.98,63185.9696,E2,Y,N
01/31/2023,21:00,12840.0996,2560.95,5287.02,1785.52,20235.4004,11513.0996,5498.6899,2073.8999,61794.6794,E3,N,N
01/31/2023,21:00,13644.5928,2708.0894,5405.2568,1829.6875,20860.5586,11839.7285,5260.5396,2074.5508,63623.004,M,N,N
01/31/2023,22:00,12883.5977,2768.9041,5911.1396,1894.0812,20565.9883,12442.3672,4954.8042,2064.043,63484.9253,A3,N,N
01/31/2023,22:00,12835.124,2716.7312,5898.9844,1862.3064,20488.5313,12430.375,4698.7451,2071.9539,63002.7513,A6,N,N
01/31/2023,22:00,12885.5,2568.5801,5363.3599,1722.01,20123.4004,11028.7002,5041.75,2053.8701,60787.1707,E,N,N
01/31/2023,22:00,13701.2002,2492.29,5226.9102,1644.71,19936.0996,10723.5996,4822.02,1993.7,60540.5296,E1,N,N
01/31/2023,22:00,12913.7002,2591.1599,5464.1201,1789.49,20098.9004,11156.5,5659.8198,2078.3601,61752.0505,E2,Y,N
01/31/2023,22:00,12442.0996,2487.4299,5462.1699,1735.95,19656.1992,11186.0996,5401.04,2033.26,60404.2482,E3,N,N
01/31/2023,22:00,13171.5176,2616.1997,5530.9854,1774.78,20197.6875,11433.6504,5142.313,2044.8511,61911.9847,M,N,N
01/31/2023,23:00,12264.376,2608.5186,5965.4683,1772.3949,19511.7813,11720.5879,4715.1802,2002.6371,60560.9443,A3,N,N
01/31/2023,23:00,12212.0762,2551.1643,6039.812,1787.3083,19533.7344,11781.1133,4401.5703,2008.7275,60315.5063,A6,N,N
01/31/2023,23:00,12330.2002,2397.3601,5365.2402,1639.76,19502.3008,10680.2998,4744.2202,1968.39,58627.7713,E,N,N
01/31/2023,23:00,12961.2002,2331.76,5231.96,1577.92,19169.0996,10309.5,4643.02,1948.97,58173.4298,E1,N,N
01/31/2023,23:00,12341.5996,2433.3899,5436.4502,1698.66,19498.6992,10662.2002,5308.23,2029.26,59408.4891,E2,Y,N
01/31/2023,23:00,11849.7998,2325.3799,5428.6001,1650.3199,19072.0996,10793.2002,5015.6099,1989.86,58124.8694,E3,N,N
01/31/2023,23:00,12526.7813,2456.6284,5541.5,1681.9409,19390.9531,10891.5508,4886.3521,1993.1758,59368.8824,M,N,N
01/31/2023,24:00,11670.2471,2454.1533,5898.1895,1650.3728,18651.5508,11090.5566,4431.6992,1953.5123,57800.2816,A3,N,N
01/31/2023,24:00,11661.9365,2382.6785,5928.7915,1687.2035,18722.3555,11143.9443,4078.0269,1965.9919,57570.9286,A6,N,N
01/31/2023,24:00,11875.5,2253.52,5281.0898,1589.01,19156.4004,10464.7002,4470.9399,1892.1801,56983.3404,E,N,N
01/31/2023,24:00,12318.2998,2189.3201,5212.8999,1537.76,18536,10003.9004,4486.1099,1905.11,56189.4001,E1,N,N
01/31/2023,24:00,11880.0996,2305.8201,5246.5601,1637.4301,19129.5996,10262.7002,4987.4399,1974.39,57424.0396,E2,Y,N
01/31/2023,24:00,11367,2191.26,5231.5498,1588.3,18692.5,10506.7998,4645.2998,1942.76,56165.4694,E3,N,N
01/31/2023,24:00,11959.8369,2315.1602,5450.1533,1607.8134,18770.0195,10447.9014,4633.5938,1943.9452,57128.4237,M,N,N
02/01/2023,1:00,10995.6523,2266.1477,5222.9692,1430.8826,18472.0313,9567.0459,4273.3071,1929.6395,54157.6756,A3,N,N
02/01/2023,1:00,10638.334,2136.1641,5462.353,1524.0791,18449.4629,9363.9502,4309.0161,1959.764,53843.1234,A6,N,N
02/01/2023,1:00,11560.9004,2145.3899,5317.3101,1558.8101,19318.4004,10598.7002,4291,1818.55,56609.0611,E,N,N
02/01/2023,1:00,11897.2998,2049.78,5258.6899,1514.1899,18213.3008,9869.1396,4402.52,1886.58,55091.5,E1,N,N
02/01/2023,1:00,11587.5996,2213.3501,5176.5801,1621.47,19308.4004,10066.7998,4653.3999,1945.26,56572.8599,E2,Y,N
02/01/2023,1:00,11028.2002,2080.21,5146.96,1548.1899,18756.9004,10570.7998,4344.0898,1912,55387.3501,E3,N,N
02/01/2023,1:00,11497.5557,2175.1597,5219.8062,1522.101,18660.0664,9834.6768,4442.6704,1920.1541,55272.1903,M,N,N
02/01/2023,2:00,10730.4063,2210.8801,5280.1606,1443.9091,17983.2109,9270.8184,4181.9526,1906.9459,53008.2839,A3,N,N
02/01/2023,2:00,10338.9756,2098.8586,5545.6631,1533.8297,17915.3926,9068.001,4172.2739,1931.8455,52604.84,A6,N,N
02/01/2023,2:00,11366.7002,2106.51,5364.6499,1549.16,19347.5996,10637.2002,4183.3799,1772.63,56327.8298,E,N,N
02/01/2023,2:00,11637.5996,1977.88,5296.3101,1510.21,18054.5996,9786.46,4326.9199,1881.66,54471.6392,E1,N,N
02/01/2023,2:00,11407.2998,2183.3201,5190.5898,1628.85,19328.8008,9902.46,4458.3101,1927.84,56027.4706,E2,Y,N
02/01/2023,2:00,10835.5,2042.63,5156.6602,1538.71,18686.9004,10581,4188.2202,1892.3199,54921.9407,E3,N,N
02/01/2023,2:00,11262.2275,2122.5652,5256.0938,1527.4819,18451.5273,9654.5781,4322.4395,1905.2439,54502.1572,M,N,N
02/01/2023,3:00,10631.1182,2181.7002,5313.0747,1466.5671,17771.418,9094.9014,4116.0718,1906.354,52481.2054,A3,N,N
02/01/2023,3:00,10195.9639,2078.051,5559.876,1555.688,17686.6016,8927.1641,4084.4231,1930.4562,52018.2239,A6,N,N
02/01/2023,3:00,11277.0996,2092.72,5390.77,1551.25,19553.5996,10795.9004,4157.4102,1796.8101,56615.5599,E,N,N
02/01/2023,3:00,11553.2998,1932.61,5302.1499,1503.47,18069,9834.1396,4317.9902,1917.28,54429.9395,E1,N,N
02/01/2023,3:00,11341.5996,2162.25,5111.7002,1631.1801,19565.6992,9873.0898,4347.5298,1982.8101,56015.8588,E2,Y,N
02/01/2023,3:00,10744.5996,2018.36,5064.25,1525.4301,18841.8008,10702.5,4121.6099,1933.08,54951.6304,E3,N,N
02/01/2023,3:00,11179.1191,2090.5911,5242.9067,1533.4364,18464.709,9603.0449,4261.1055,1935.2996,54310.2123,M,N,N
02/01/2023,4:00,10649.0186,2170.8018,5320.6929,1470.158,17774.6504,9075.6895,4068.2871,1910.365,52439.6633,A3,N,N
02/01/2023,4:00,10164.083,2097.3728,5572.1895,1581.4327,17666.3965,8934.583,4027.1597,1960.2007,52003.4179,A6,N,N
02/01/2023,4:00,11326.7002,2128.8601,5347.1201,1563.7,19578.9004,10852.4004,4190.5298,1819.65,56807.861,E,N,N
02/01/2023,4:00,11653.2002,1972.66,5247.1602,1517.33,18187.4004,9944.5596,4362.8901,1928.15,54813.3505,E1,N,N
02/01/2023,4:00,11402.0996,2199.7,5050.5801,1641.62,19631.8008,9922.6396,4377.8198,2015.28,56241.5399,E2,Y,N
02/01/2023,4:00,10787.5,2054.5801,4995.6602,1539.11,18879.5,10771.2998,4165.6602,1961.03,55154.3403,E3,N,N
02/01/2023,4:00,11238.958,2112.9702,5206.5547,1542.7791,18527.8457,9650.5996,4270.5981,1951.0339,54501.3393,M,N,N
02/01/2023,5:00,10843.6787,2207.6387,5306.7236,1509.4788,18132.0605,9282.1309,4155.3179,1945.1331,53382.1622,A3,N,N
02/01/2023,5:00,10323.1621,2150.5032,5529.0513,1609.1477,18056.9121,9081.749,4075.592,2009.2397,52835.3571,A6,N,N
02/01/2023,5:00,11575.0996,2200.3999,5336.4302,1589.3199,19846.3008,11103.2002,4322.0298,1854.6,57827.3804,E,N,N
02/01/2023,5:00,12018.2002,2049.76,5234.1099,1530.33,18597,10222,4503.6201,1950.45,56105.4702,E1,N,N
02/01/2023,5:00,11663.2002,2271.51,5009.3901,1648.98,19990.5,10214.7002,4503.2002,2051.8,57353.2807,E2,Y,N
02/01/2023,5:00,11000.0996,2122.8601,4963.54,1550.01,19216,11034.5,4304.7002,1988.51,56180.2199,E3,N,N
02/01/2023,5:00,11513.458,2175.0376,5183.915,1562.6035,18903.4258,9909.4346,4388.542,1982.1409,55618.5574,M,N,N
02/01/2023,6:00,11442.1875,2322.8398,5314.9028,1568.5187,19278.2676,9842.5391,4309.9819,2015.7225,56094.9599,A3,N,N
02/01/2023,6:00,10856.3057,2298.7583,5523.4697,1687.1873,19178.916,9649.6553,4207.2334,2057.1086,55458.6343,A6,N,N
02/01/2023,6:00,12139.5996,2380.23,5344.48,1675.01,20529.9004,11556.0996,4659.5601,1953.49,60238.3697,E,N,N
02/01/2023,6:00,12794.0996,2230.23,5249.29,1580.28,19361.5996,10715.4004,4813.1099,2024.9301,58768.9396,E1,N,N
02/01/2023,6:00,12256.2002,2444.3501,5052.1099,1683.86,20838.4004,10791.7998,4825.21,2144.1799,60036.1103,E2,Y,N
02/01/2023,6:00,11495.5,2282.1101,4992.2402,1600.4301,20049,11526.2998,4655.6602,2065.49,58666.7304,E3,N,N
02/01/2023,6:00,12170.4619,2331.4509,5205.873,1610.5803,19821.4453,10452.5684,4651.0708,2061.2441,58304.6947,M,N,N
02/01/2023,7:00,12377.458,2542.1516,5378.8813,1627.3508,21090.2754,10720.5908,4756.3086,2127.53,60620.5465,A3,N,N
02/01/2023,7:00,11712.9805,2508.5698,5614.6206,1730.1246,20782.3535,10490.2002,4620.188,2152.9277,59611.9649,A6,N,N
02/01/2023,7:00,12928.7998,2628.8,5414.27,1819.38,21453.3008,12169.2998,5195.5801,2082.3101,63691.7406,E,N,N
02/01/2023,7:00,13993,2488.3301,5313.8701,1667.45,20547.5,11385.2998,5337.4902,2115.1001,62848.0403,E1,N,N
02/01/2023,7:00,13081.0996,2681.05,5211.77,1751.47,22025,11619,5360.77,2261.8,63991.9596,E2,Y,N
02/01/2023,7:00,12197,2504.8401,5131.8901,1698.37,21245.9004,12205,5234.3101,2162.24,62379.5507,E3,N,N
02/01/2023,7:00,13158.9453,2569.689,5301.6309,1681.9438,21214.1914,11243.0674,5153.3828,2167.613,62490.4636,M,N,N
02/01/2023,8:00,12719.0449,2616.7627,5287.4556,1705.7179,21969.4668,11282.8301,4953.6333,2179.908,62714.8193,A3,N,N
02/01/2023,8:00,12202.5322,2634.9038,5415.8652,1802.7074,21647.8711,10968.5039,4820.8979,2213.6233,61706.9048,A6,N,N
02/01/2023,8:00,13338.5,2721.49,5383.6699,1887.5601,21884.5,12512.7998,5467.7002,2156.79,65353.01,E,N,N
02/01/2023,8:00,14666.2998,2595.9399,5305.2202,1713.25,21231.9004,11776.7002,5574.7798,2160.46,65024.5503,E1,N,N
02/01/2023,8:00,13533.5996,2767.01,5118.4902,1786.6,22595.0996,12111.5996,5627.9502,2331.6799,65872.0291,E2,Y,N
02/01/2023,8:00,12564.0996,2588.1299,5037.7798,1751.55,21801.1992,12585.7998,5522.8101,2218.5,64069.8684,E3,N,N
02/01/2023,8:00,13649.915,2659.2646,5237.7373,1734.9698,21925.1543,11724.2402,5387.3477,2223.3804,64542.0093,M,N,N
02/01/2023,9:00,12826.6904,2574.5342,5239.1045,1645.1891,21559.8242,11306.6436,4909.5127,2159.2603,62220.759,A3,N,N
02/01/2023,9:00,12351.7969,2660.6243,5300.1064,1790.588,21539.8047,11035.499,4806.4497,2170.0669,61654.9359,A6,N,N
02/01/2023,9:00,13474.2998,2735.9299,5354.5098,1846.88,21849.5996,12495.7998,5429.3799,2122.5801,65308.9789,E,N,N
02/01/2023,9:00,14799.7998,2578.6299,5301.3701,1680.58,21382.5,11868.2002,5543.3398,2124.0601,65278.4799,E1,N,N
02/01/2023,9:00,13716,2767.95,5098.4199,1760.64,22524.0996,12208.7998,5626.1802,2274.98,65977.0695,E2,Y,N
02/01/2023,9:00,12691,2578.3601,5024.52,1717.02,21667.5,12556.7998,5471.4502,2165.05,63871.7001,E3,N,N
02/01/2023,9:00,13791.0205,2639.7542,5213.8491,1695.3208,21817.7461,11795.2852,5361.5146,2185.4797,64499.9702,M,N,N
02/01/2023,10:00,12966.1719,2563.7058,5196.5391,1599.2533,21488.5137,11381.7598,4966.5103,2130.1367,62292.5906,A3,N,N
02/01/2023,10:00,12499.2295,2681.9756,5243.6328,1829.1606,21556.3203,11143.75,4904.2788,2137.2549,61995.6025,A6,N,N
02/01/2023,10:00,13567.2002,2705.72,5368.2002,1810.05,21682.3008,12328.7002,5381.1499,2069.2,64912.5213,E,N,N
02/01/2023,10:00,14868.2998,2539.3601,5366.71,1641.9301,21062.9004,11682.9004,5477.21,2070.02,64709.3308,E1,N,N
02/01/2023,10:00,13875.4004,2756.0701,5240.8198,1733.46,22312.4004,12175,5640.6699,2239.1699,65972.9905,E2,Y,N
02/01/2023,10:00,12784.9004,2542.74,5192.6001,1680.62,21397,12364.2002,5417.2402,2126.76,63506.0609,E3,N,N
02/01/2023,10:00,13912.9414,2618.9087,5269.0098,1658.0515,21615.6875,11745.917,5362.6211,2145.678,64328.815,M,N,N
02/01/2023,11:00,12931.8428,2556.7124,5238.9463,1566.5168,21533.8203,11415.6846,4974.9419,2098.3228,62316.7879,A3,N,N
02/01/2023,11:00,12584.2012,2698.8574,5310.4385,1833.3857,21642.3125,11150.3662,5000.23,2105.4211,62325.2126,A6,N,N
02/01/2023,11:00,13549.7998,2611.73,5376.21,1777.5,21549.5,12084.2998,5296.6899,2018.46,64264.1895,E,N,N
02/01/2023,11:00,14850.9004,2504.3899,5405.8799,1600.27,20791.4004,11503.7998,5391.8398,2035.0601,64083.5403,E1,N,N
02/01/2023,11:00,13942.5996,2678.0701,5283.54,1704.74,22079.6992,12000.7998,5613.3599,2195.79,65498.5986,E2,Y,N
02/01/2023,11:00,12807,2459.3501,5258.0698,1645.21,21119.5996,12074.5996,5320.2998,2084.29,62768.4189,E3,N,N
02/01/2023,11:00,13917.873,2578.9709,5310.4199,1623.6066,21461.5391,11638.7324,5327.3652,2108.9775,63967.4846,M,N,N
02/01/2023,12:00,12822.3193,2567.0676,5207.835,1537.8933,21321.752,11364.6514,4978.9243,2065.7903,61866.2332,A3,N,N
02/01/2023,12:00,12628.0146,2721.8816,5275.7949,1777.3037,21475.1191,11054.1943,5097.0493,2121.6077,62150.9652,A6,N,N
02/01/2023,12:00,13413.5996,2556.3101,5298.23,1702.12,21214.4004,11729.0996,5123.5298,1952.71,62989.9995,E,N,N
02/01/2023,12:00,14782.2002,2456.77,5346.3599,1551.55,20354.5996,11164.7998,5255.5898,1988.04,62899.9093,E1,N,N
02/01/2023,12:00,13852.5996,2626.74,5120.0898,1653.1899,21618.5996,11653.7002,5473.1699,2129.73,64127.819,E2,Y,N
02/01/2023,12:00,12722.5,2398.3601,5113.3799,1577.39,20628.5996,11669.9004,5129.3599,2028.76,61268.2499,E3,N,N
02/01/2023,12:00,13828.6719,2549.2583,5225.9775,1580.5845,21090.8809,11392.0879,5236.0918,2060.4553,62964.0081,M,N,N
02/01/2023,13:00,12423.6123,2479.293,5226.2266,1476.4187,21161.2188,11805.5068,4982.4209,2014.4489,61569.146,A3,N,N
02/01/2023,13:00,12604.5205,2664.1086,5325.4819,1718.8125,21264.3613,11042.4531,5183.9072,2056.3723,61860.0174,A6,N,N
02/01/2023,13:00,13180.0996,2463.05,5202.4199,1631.73,20763.5996,11355,4928.6201,1876.61,61401.1292,E,N,N
02/01/2023,13:00,14482.7998,2338.3799,5290.5,1501.09,19916.9004,10868.2998,5111.7202,1942.74,61452.4301,E1,N,N
02/01/2023,13:00,13633.2998,2528.1799,4980.8799,1608.01,21045.5996,11229.5,5298.9702,2043.48,62367.9194,E2,Y,N
02/01/2023,13:00,12542.5996,2300.6299,4983.6299,1518.5601,20068.8008,11243.0996,4932.6699,1954.78,59544.7698,E3,N,N
02/01/2023,13:00,13522.9326,2447.5151,5167.1152,1528.2322,20699.998,11296.7744,5130.8442,1999.6482,61793.0599,M,N,N
02/01/2023,14:00,12323.2832,2447.4375,5306.543,1462.5046,20896.7949,11627.9678,4952.2705,1976.6917,60993.4932,A3,N,N
02/01/2023,14:00,12559.7559,2654.3716,5445.1528,1726.6957,20966.0781,10891.6445,5249.6782,2017.2112,61510.588,A6,N,N
02/01/2023,14:00,12993.5,2416.3601,5146.6602,1575.01,20210.5,11021.5996,4721.5698,1854.86,59940.0597,E,N,N
02/01/2023,14:00,14226.7998,2301.6599,5242.3198,1473.9399,19466.0996,10603,4950.2598,1939.91,60203.9888,E1,N,N
02/01/2023,14:00,13436.4004,2488.48,4895.9902,1565.26,20412.9004,10819.0996,5104.5298,2034.39,60757.0504,E2,Y,N
02/01/2023,14:00,12384.2002,2256.5,4909.3799,1463.8,19469.6992,10856,4720.1401,1948.36,58008.0794,E3,N,N
02/01/2023,14:00,13337.8066,2411.4172,5149.2251,1500.302,20250.6738,11012.5527,5001.833,1983.2264,60647.0368,M,N,N
02/01/2023,15:00,12057.4512,2491.4268,5328.5811,1439.8875,20381.4121,11412.0127,4876.7437,1954.2682,59941.7833,A3,N,N
02/01/2023,15:00,12335.4814,2671.481,5452.8501,1714.9502,20587.0469,10777.6914,5266.6543,1977.676,60783.8313,A6,N,N
02/01/2023,15:00,12815.0996,2352.25,5111.4302,1544.26,19734.0996,10728.2002,4561.4199,1816.51,58663.2695,E,N,N
02/01/2023,15:00,14090.4004,2264.1599,5215.0601,1442.3,18921.5,10301.2002,4840.6201,1915.46,58990.7007,E1,N,N
02/01/2023,15:00,13241.2998,2426.0801,4851.7202,1544.6801,19879.5,10447.7998,4937.3501,1991.46,59319.8901,E2,Y,N
02/01/2023,15:00,12222.7002,2199.73,4873.02,1439.0699,18991.0996,10511.5996,4553.23,1913.5699,56704.0192,E3,N,N
02/01/2023,15:00,13139.3242,2392.5918,5132.6201,1475.2893,19719.4102,10716.1465,4884.4619,1953.3467,59413.1907,M,N,N
02/01/2023,16:00,11968.3369,2447.3879,5285.2944,1457.554,20192.0762,11263.1758,4888.0283,1947.4843,59449.3378,A3,N,N
02/01/2023,16:00,12278.5918,2663.7917,5347.8813,1688.454,20363.3398,10739.7295,5353.5669,1963.7495,60399.1045,A6,N,N
02/01/2023,16:00,12790.4004,2324.02,5122.6499,1512.4,19427.3008,10545.0996,4460.9302,1783.22,57966.0209,E,N,N
02/01/2023,16:00,14028.9004,2244.8701,5225.3999,1426.95,18658.8008,10165.5996,4775.7402,1902.89,58429.151,E1,N,N
02/01/2023,16:00,13217.9004,2411.1899,4884.4902,1528.92,19591.5996,10230.4004,4843.9102,1972.14,58680.5507,E2,Y,N
02/01/2023,16:00,12206.7002,2179.4199,4903.4902,1418.14,18752.5996,10307.5996,4457.3799,1897.92,56123.2494,E3,N,N
02/01/2023,16:00,13081.2842,2366.5867,5132.665,1470.6995,19472.6055,10549.1846,4835.2915,1940.4585,58848.7755,M,N,N
02/01/2023,17:00,11862.7695,2479.3579,5231.0483,1482.2269,20173.2793,11445.1904,4851.1006,1946.3519,59471.3248,A3,N,N
02/01/2023,17:00,12110.3271,2710.5928,5241.6875,1678.9937,20207.2148,10939.1504,5306.5903,1970.0831,60164.6397,A6,N,N
02/01/2023,17:00,12908.4004,2363.8601,5131.0898,1544.1,19490.5,10616.2998,4530.9102,1801.8,58386.9603,E,N,N
02/01/2023,17:00,14169.7998,2309.8999,5189.3901,1461.1899,18721.8008,10238.2998,4844.0698,1892.52,58826.9701,E1,N,N
02/01/2023,17:00,13359.5996,2451.1101,4945.9502,1540.22,19755.3008,10343.9004,4932.1699,1982.89,59311.141,E2,Y,N
02/01/2023,17:00,12314.2002,2224.1599,4951.71,1441.12,18953.6992,10389.4004,4544,1911.66,56729.9497,E3,N,N
02/01/2023,17:00,13141.1143,2412.4207,5122.8022,1494.2122,19541.8438,10671.4219,4875.4634,1940.1067,59199.3852,M,N,N
02/01/2023,18:00,12105.0859,2540.365,5239.7705,1583.1541,20450.7168,11652.2109,4836.8486,1925.0876,60333.2394,A3,N,N
02/01/2023,18:00,12277.9922,2727.4817,5211.1895,1675.292,20386.3594,11104.0293,5229.7017,1964.6615,60576.7073,A6,N,N
02/01/2023,18:00,13223.5,2433.47,5024.8501,1583.86,19902.9004,10955.2998,4729.8799,1857.04,59710.8002,E,N,N
02/01/2023,18:00,14573.4004,2392.8301,5081.73,1518.28,19314.1992,10599.0996,5106.6699,1907.35,60493.5592,E1,N,N
02/01/2023,18:00,13683.9004,2529.6599,4753.2402,1559.95,20288.5996,10818.0996,5146.2998,2029.58,60809.3295,E2,Y,N
02/01/2023,18:00,12571.9004,2307.6001,4750.3701,1475.59,19496.4004,10778.2002,4761.5801,1946.37,58088.0113,E3,N,N
02/01/2023,18:00,13465.3223,2486.6707,5025.4819,1553.4395,20010.8027,11018.8965,5030.707,1953.5393,60544.8599,M,N,N
02/01/2023,19:00,12708.208,2638.4033,5344.9731,1691.8373,20977.3887,12027.4141,5050.9238,1951.1813,62390.3296,A3,N,N
02/01/2023,19:00,12624.5625,2822.5754,5278.0752,1748.5225,20809.334,11427.582,5322.6909,1990.521,62023.8635,A6,N,N
02/01/2023,19:00,13493.9004,2553.0801,5122.6299,1676.52,20514.9004,11379.7998,5043.9902,1955.02,61739.8408,E,N,N
02/01/2023,19:00,14832.7998,2504.6001,5099.29,1551.51,19843.8008,10938.4004,5393.8799,1998.58,62162.861,E1,N,N
02/01/2023,19:00,13962.2002,2633.4399,4894.3901,1600.98,20915.8008,11354.4004,5447.8101,2137.24,62946.2615,E2,Y,N
02/01/2023,19:00,12820.2998,2420.1599,4878.1499,1537.3199,20128.1992,11252.7998,5084.5698,2033.45,60154.9483,E3,N,N
02/01/2023,19:00,13844.3877,2591.2725,5112.7485,1614.1433,20571.6465,11435.0557,5298.5015,2028.6963,62496.452,M,N,N
02/01/2023,20:00,12678.3301,2603.2524,5416.9604,1681.4546,20677.6289,12096.4951,5170.7788,1967.0583,62291.9586,A3,N,N
02/01/2023,20:00,12510.5205,2759.613,5335.3193,1736.9197,20518.6465,11542.6641,5339.9878,2005.1395,61748.8104,A6,N,N
02/01/2023,20:00,13434.7998,2578.6101,5248.0801,1730.97,20497.0996,11473.7002,5201.7402,2030.51,62195.51,E,N,N
02/01/2023,20:00,14677.7998,2453.8101,5154.48,1540.67,19638.5996,10984,5473.7402,2051.97,61975.0697,E1,N,N
02/01/2023,20:00,13892,2651.0601,5084.5801,1621.37,20935.0996,11488.4004,5584.3701,2208.8501,63465.7304,E2,Y,N
02/01/2023,20:00,12768.7002,2449.24,5063.0498,1567.11,20167.8008,11388.9004,5261.5098,2091.3401,60757.6511,E3,N,N
02/01/2023,20:00,13758.6611,2568.2188,5218.0317,1613.76,20409.3242,11517.5762,5410.271,2075.7197,62571.5627,M,N,N
02/01/2023,21:00,12438.5713,2535.6526,5428.8745,1704.3936,20344.5,11864.332,5164.3467,1967.978,61448.6487,A3,N,N
02/01/2023,21:00,12331.9961,2699.0696,5388.1235,1766.0668,20196.5156,11251.3262,5289.7603,2006.5725,60929.4306,A6,N,N
02/01/2023,21:00,13273.4004,2557.24,5247.4102,1716.59,20339.1992,11383.5,5204.3599,2036.29,61757.9897,E,N,N
02/01/2023,21:00,14266.9004,2425.3301,5196.2998,1521.75,19339.4004,10865.2002,5447.04,2027.02,61088.9409,E1,N,N
02/01/2023,21:00,13710.0996,2628.8899,5030.23,1611.9301,20732.4004,11357.0996,5567.4302,2187.72,62825.7998,E2,Y,N
02/01/2023,21:00,12617.9004,2437.4299,5011.25,1554.9399,19993,11302.7002,5254.77,2077.8301,60249.8205,E3,N,N
02/01/2023,21:00,13479.8076,2528.9114,5218.2466,1611.782,20130.7734,11357.2412,5393.48,2060.5674,61780.8096,M,N,N
02/01/2023,22:00,12059.2666,2466.7661,5597.8867,1645.1412,19733.8574,11477.1797,5034.6465,1961.9872,59976.7314,A3,N,N
02/01/2023,22:00,11945.3984,2635.1294,5699.1636,1733.3839,19643.8848,10826.2979,5063.7383,1993.1034,59540.0997,A6,N,N
02/01/2023,22:00,12904.5,2445.8799,5295.3101,1674.24,19890.1992,11133.5996,5116.46,1976.58,60436.7688,E,N,N
02/01/2023,22:00,13740.2998,2321.8899,5211.8501,1495.79,18864.0996,10595.2002,5272.7402,1980.41,59482.2798,E1,N,N
02/01/2023,22:00,13313.2998,2515.8101,5103.8198,1593.74,20139.4004,11002,5464.6299,2129.97,61262.67,E2,Y,N
02/01/2023,22:00,12283.9004,2343.27,5083.6001,1530.01,19424.9004,11036.7002,5159.5801,2027.41,58889.3712,E3,N,N
02/01/2023,22:00,13044.6484,2433.6926,5303.5923,1577.3994,19571.9688,11020.498,5257.4932,2023.6853,60232.978,M,N,N
02/01/2023,23:00,11465.2842,2338.4841,5659.3984,1550.576,18644.2207,10847.8594,4758.4351,1902.6428,57166.9007,A3,N,N
02/01/2023,23:00,11338.666,2468.8398,5844.2886,1666.1091,18654.3105,10232.6631,4739.2661,1929.7119,56873.8551,A6,N,N
02/01/2023,23:00,12334.0996,2271.6899,5311.6201,1578.03,19088.3008,10688.5996,4835.5698,1853.7,57961.6098,E,N,N
02/01/2023,23:00,12946.2998,2140.8701,5258.3799,1438.25,18038,10115.2998,5003.3101,1911.35,56851.7597,E1,N,N
02/01/2023,23:00,12764.7998,2346.79,5117.9199,1525.52,19338.4004,10542.4004,5137.8701,2019.8101,58793.5107,E2,Y,N
02/01/2023,23:00,11806.5996,2188.45,5072.8198,1458.36,18654.6992,10590,4814.8101,1937.55,56523.2887,E3,N,N
02/01/2023,23:00,12397.6699,2274.0364,5344.3643,1504.1167,18667.1855,10497.9883,4966.9063,1944.2686,57596.536,M,N,N
02/01/2023,24:00,11019.6729,2193.207,5608.6367,1451.715,17778.3984,10262.5586,4415.5576,1856.9178,54586.664,A3,N,N
02/01/2023,24:00,10882.8779,2314.6438,5743.2559,1577.8319,17851.4004,9667.5615,4388.7417,1891.5226,54317.8357,A6,N,N
02/01/2023,24:00,11800.9004,2102.9399,5267.3799,1510.05,18383.8008,10292.0996,4513.5801,1739.16,55609.9107,E,N,N
02/01/2023,24:00,12192.2002,1984.72,5272.9902,1388.4,17233.3008,9674.46,4657.1001,1838.3101,54241.4814,E1,N,N
02/01/2023,24:00,12264.4004,2187.71,4993.9199,1464.98,18646.8008,10136.5996,4776.2598,1909.71,56380.3805,E2,Y,N
02/01/2023,24:00,11367.5,2041.67,4933.9302,1394.1,17989.0996,10178.0996,4431.25,1850.64,54186.2894,E3,N,N
02/01/2023,24:00,11829.0928,2120.5076,5291.6606,1434.5654,17879.6367,10021.0391,4616.7139,1868.0127,55061.2288,M,N,N
02/02/2023,1:00,10604.0645,2073.0417,5435.4253,1311.9899,16822.2891,9602.8428,4030.0625,1770.4789,51650.1947,A3,N,N
02/02/2023,1:00,10348.3809,2194.4104,5560.6367,1434.3776,16891.373,8696.5439,4154.8862,1798.9822,51079.5909,A6,N,N
02/02/2023,1:00,11350.4004,1982.91,5279.71,1463.92,17774.4004,9990.4404,4225.6299,1645.6801,53713.0912,E,N,N
02/02/2023,1:00,11617.7002,1869.24,5344,1349.53,16682.9004,9346.5,4377,1793.26,52380.1306,E1,N,N
02/02/2023,1:00,11915.2998,2083.6599,5003.71,1397.36,18296.0996,10016.7998,4424.3799,1826.11,54963.419,E2,Y,N
02/02/2023,1:00,11024.9004,1930.13,4901.5801,1338.17,17658.8008,9883.8799,4032.4299,1790.38,52560.2711,E3,N,N
02/02/2023,1:00,11381.4082,2007.2533,5261.875,1352.9257,17261.2539,9652.292,4278.146,1796.5829,52991.737,M,N,N
02/02/2023,2:00,10291.6279,2018.6084,5501.0146,1319.4272,16319.1807,9226.5596,3878.5745,1743.9926,50298.9855,A3,N,N
02/02/2023,2:00,9963.7588,2125.0991,5646.0825,1439.3807,16317.6992,8395.3105,3991.2988,1764.6501,49643.2797,A6,N,N
02/02/2023,2:00,11089,1939.12,5296.8901,1446.46,17429.6992,9801.2197,4071.8999,1605.7,52679.9889,E,N,N
02/02/2023,2:00,11323.2998,1814.36,5381.1499,1335.49,16380.7002,9178.3096,4221.9199,1781.33,51416.5594,E1,N,N
02/02/2023,2:00,11709.4004,2054.6599,5051.3799,1371.76,18058.8008,9961.5,4245.0601,1790.96,54243.5211,E2,Y,N
02/02/2023,2:00,10822.7998,1893.85,4928.8799,1321.99,17427.8008,9698.1699,3826.1499,1767.47,51687.1103,E3,N,N
02/02/2023,2:00,11110.2617,1961.061,5311.8813,1342.1584,16914.1719,9452.6855,4116.252,1772.1865,51980.6583,M,N,N
02/02/2023,3:00,10140.9902,1990.8553,5529.2603,1337.5717,16187.0459,9005.8047,3779.6353,1736.0876,49707.251,A3,N,N
02/02/2023,3:00,9789.6953,2105.8845,5659.2378,1460.0168,16145.6055,8200.7451,3885.8875,1762.6935,49009.766,A6,N,N
02/02/2023,3:00,10921.7002,1911.37,5311.5498,1447.0699,17231.4004,9704.6797,4005.8999,1625.89,52159.5599,E,N,N
02/02/2023,3:00,11126.0996,1773.3199,5385.9199,1318.46,16287.2002,9097.0098,4141.29,1796.02,50925.3194,E1,N,N
02/02/2023,3:00,11596.5,2023.25,5060.5098,1342.71,18015.5996,9986.8301,4135.6602,1819.7,53980.7597,E2,Y,N
02/02/2023,3:00,10710.2002,1864.16,4911.6001,1299.4,17387.5996,9617.4004,3712.4199,1794.78,51297.5602,E3,N,N
02/02/2023,3:00,10956.2461,1927.5837,5325.8369,1332.7693,16824.5215,9360.5537,4020.0864,1784.0566,51531.6542,M,N,N
02/02/2023,4:00,10102.1748,1980.217,5536.8452,1335.3838,16217.2754,8903.2334,3692.6094,1736.8671,49504.6061,A3,N,N
02/02/2023,4:00,9673.4697,2115.7786,5671.1235,1482.5311,16141.4668,8145.7622,3798.3342,1792.5488,48821.0149,A6,N,N
02/02/2023,4:00,10954,1933.74,5300.9399,1460.64,17247.6992,9727.8799,4073.3701,1668.46,52366.7291,E,N,N
02/02/2023,4:00,11149.7002,1798.41,5335.9199,1333.58,16303.5,9148.79,4193.3799,1814.8101,51078.0901,E1,N,N
02/02/2023,4:00,11632.5996,2049.3,5074.2202,1354.49,18024.9004,10016.5,4160.77,1874.39,54187.1702,E2,Y,N
02/02/2023,4:00,10752.7002,1892.88,4920.5,1314.3199,17404.3008,9648.9902,3790.9299,1830.79,51555.411,E3,N,N
02/02/2023,4:00,10963.374,1941.2002,5315.8643,1341.0756,16843.1074,9354.1006,4017.3645,1808.7502,51584.8368,M,N,N
02/02/2023,5:00,10266.666,2006.2556,5531.502,1373.188,16456.502,9077.1279,3764.395,1772.4761,50248.1126,A3,N,N
02/02/2023,5:00,9789.8887,2130.4739,5630.0249,1508.9698,16423.6699,8332.5508,3843.1262,1838.5327,49497.2369,A6,N,N
02/02/2023,5:00,11177.7002,2015,5263.1899,1484.1801,17478.8008,9951.0596,4192.9302,1696.17,53259.0308,E,N,N
02/02/2023,5:00,11369.7998,1867.11,5314.0801,1347.3,16594.1992,9353.1504,4333.8701,1827.71,52007.2196,E1,N,N
02/02/2023,5:00,11851.4004,2120.1201,5075.6001,1365.1,18301,10208.5996,4239.3701,1905.09,55066.2803,E2,Y,N
02/02/2023,5:00,10965.4004,1963.36,4947.7402,1328.72,17693.8008,9865.1299,3935.6699,1847.61,52547.4312,E3,N,N
02/02/2023,5:00,11164.6943,1996.5215,5307.1313,1361.7172,17112.0039,9544.3613,4114.7583,1835.0182,52436.206,M,N,N
02/02/2023,6:00,10785.4971,2117.9775,5543.5088,1427.39,17352.3535,9555.2627,3920.8357,1829.7157,52532.541,A3,N,N
02/02/2023,6:00,10273.8086,2281.3198,5626.2451,1580.6106,17317.7402,8845.4619,3979.2976,1878.9365,51783.4203,A6,N,N
02/02/2023,6:00,11716.2002,2193.8601,5295.5601,1574.14,18055,10391.2002,4537.8599,1789.78,55553.6005,E,N,N
02/02/2023,6:00,11967.2998,2025.38,5345.7598,1407.64,17196.0996,9732.8398,4655.6899,1881.3101,54212.019,E1,N,N
02/02/2023,6:00,12382.9004,2279.29,5077.79,1414.03,18983.5,10590,4481.77,1997.6899,57206.9703,E2,Y,N
02/02/2023,6:00,11472.5,2113.1201,4931.2402,1379.51,18393.3008,10313.2002,4344.2202,1918.83,54865.9215,E3,N,N
02/02/2023,6:00,11714.4531,2139.7275,5322.5874,1416.2662,17837.5059,9957.1025,4355.7949,1902.6895,54646.127,M,N,N
02/02/2023,7:00,11613.1963,2303.8877,5612.0596,1481.3876,19031.8516,10305.918,4315.0444,1914.7833,56578.1285,A3,N,N
02/02/2023,7:00,11075.8779,2482.6479,5719.8379,1613.6965,18774.7695,9542.2168,4356.751,1954.9602,55520.7577,A6,N,N
02/02/2023,7:00,12494.0996,2442.25,5431.7002,1740.09,18888.6992,11020.9004,5111.6001,1911.51,59040.8495,E,N,N
02/02/2023,7:00,12735.5996,2268.76,5444.5098,1503.05,18229.0996,10303.5996,5159.4399,1955.41,57599.4685,E1,N,N
02/02/2023,7:00,13140.7998,2502.77,5151.4502,1504.04,20003.0996,11133.7002,4874.5098,2100.9399,60411.3095,E2,Y,N
02/02/2023,7:00,12199.7002,2332.72,4974.0898,1469.84,19433.8008,10957.2998,5007.5,1999.45,58374.4006,E3,N,N
02/02/2023,7:00,12498.9229,2357.5754,5403.0918,1496.2281,19079.4277,10578.2979,4786.7627,1990.0282,58190.3347,M,N,N
02/02/2023,8:00,11848.2051,2375.175,5543.6719,1545.2289,19718.8613,10793.7979,4466.5376,1946.3972,58237.8749,A3,N,N
02/02/2023,8:00,11463.3984,2574.1777,5526.7031,1672.6974,19470.793,10000.2207,4531.8955,1997.79,57237.6758,A6,N,N
02/02/2023,8:00,12867.2998,2541.6201,5415.1001,1824.65,19312.6992,11316,5359.6699,1999.73,60636.7691,E,N,N
02/02/2023,8:00,13123.5,2365.23,5447.6099,1547.88,18736.9004,10569.5,5351.27,1987.75,59129.6403,E1,N,N
02/02/2023,8:00,13531.7002,2587.9399,5135.9199,1552.52,20476.8008,11401.9004,5048.5098,2191.98,61927.271,E2,Y,N
02/02/2023,8:00,12569.2002,2415.9299,4958.9302,1520.75,19927.9004,11269.2998,5313.0498,2061.5701,60036.6304,E3,N,N
02/02/2023,8:00,12837.3594,2442.0063,5376.4526,1548.5364,19635.1172,10918.2109,4959.3975,2041.4995,59758.5798,M,N,N
02/02/2023,9:00,11921.335,2322.8416,5513.0527,1493.0748,19303.0684,10742.4033,4433.0498,1909.7764,57638.602,A3,N,N
02/02/2023,9:00,11568.7549,2603.3784,5417.4644,1663.9961,19305.0156,10074.1611,4536.7139,1950.0448,57119.5292,A6,N,N
02/02/2023,9:00,12982.7002,2541.49,5377.3701,1788.64,19287.3008,11174.2998,5176.46,1971.38,60299.6409,E,N,N
02/02/2023,9:00,13057.5,2336,5430.8901,1520.52,18735.5,10521.5996,5130.1401,1949.1,58681.2498,E1,N,N
02/02/2023,9:00,13693.5996,2588.2,5106.04,1532.5699,20308.5,11333.4004,4966.8999,2138.1399,61667.3497,E2,Y,N
02/02/2023,9:00,12703.7998,2409.52,4938.5698,1498.86,19769.1992,11134.7002,5132.6899,2021.63,59608.9689,E3,N,N
02/02/2023,9:00,12892.4785,2414.8838,5350.8032,1515.4397,19441.8867,10862.3594,4846.2314,1998.5063,59322.589,M,N,N
02/02/2023,10:00,11924.2598,2322.624,5494.9878,1455.1138,19264.2012,10610.0186,4440.3496,1864.5037,57376.0585,A3,N,N
02/02/2023,10:00,11747.9297,2633.1187,5369.48,1708.4769,19322.9883,10092.4316,4606.251,1901.4357,57382.1119,A6,N,N
02/02/2023,10:00,13054.4004,2525.6101,5350.1001,1756.64,19174.6992,10865.5,4998.52,1902.1899,59627.6597,E,N,N
02/02/2023,10:00,13243.4004,2331.8899,5480.1899,1504,18532.4004,10306,4959.5698,1876.6,58234.0504,E1,N,N
02/02/2023,10:00,13840.7998,2581.1399,5102.1099,1510.17,20048.9004,11128.9004,4875.5498,2077.03,61164.6002,E2,Y,N
02/02/2023,10:00,12801.2002,2400.5701,4943.4199,1470.0699,19514.6992,10830.2998,4914.5898,1971.9301,58846.779,E3,N,N
02/02/2023,10:00,13005.2266,2411.0847,5360.3071,1489.9038,19274.3398,10677.8838,4760.501,1938.7502,58917.997,M,N,N
02/02/2023,11:00,11974.1611,2311.3892,5567.2163,1423.4412,19040.3262,10381.4023,4413.0923,1787.8888,56898.9174,A3,N,N
02/02/2023,11:00,11826.0264,2620.0437,5447.207,1709.7427,19140.6016,9943.7441,4658.082,1839.3876,57184.8351,A6,N,N
02/02/2023,11:00,13016.7998,2461.3799,5325.6401,1718.01,19053.5,10524.7002,4792.9199,1837.7,58730.6499,E,N,N
02/02/2023,11:00,13185.0996,2295.5601,5455.8101,1468.03,18274.8008,10058.5996,4800.75,1828.92,57367.5702,E1,N,N
02/02/2023,11:00,13902.7998,2537.4199,5069.3901,1480.26,19775.6992,10870,4757.4102,2018.59,60411.5692,E2,Y,N
02/02/2023,11:00,12827.7998,2355.3601,4916.8398,1431.8,19231,10477.4004,4645.1099,1919.77,57805.08,E3,N,N
02/02/2023,11:00,13022.332,2380.5974,5365.0557,1457.3517,19022.7207,10432.8867,4658.521,1877.9709,58217.4361,M,N,N
02/02/2023,12:00,11870.0869,2300.637,5579.8057,1394.3848,18863.875,10067.2744,4385.9561,1729.1353,56191.1552,A3,N,N
02/02/2023,12:00,11869.7842,2638.208,5432.7114,1665.9419,18959.709,9763.0928,4715.9209,1814.8015,56860.1697,A6,N,N
02/02/2023,12:00,12908.7998,2403.22,5260.7998,1658.4399,18741,10163.2002,4529.52,1762.1,57427.0797,E,N,N
02/02/2023,12:00,13075.7998,2237.78,5380.4302,1421.91,17856.8008,9748.8496,4563.9502,1762.41,56047.9306,E1,N,N
02/02/2023,12:00,13826,2493.4099,4993.3999,1437.01,19319.3008,10545.4004,4580.3101,1953.88,59148.7111,E2,Y,N
02/02/2023,12:00,12759.2998,2305.77,4860.0098,1377.72,18778.5996,10078.2998,4344.7002,1858,56362.3992,E3,N,N
02/02/2023,12:00,12925.4805,2342.8809,5318.5039,1417.8098,18671.7617,10116.792,4510.6108,1814.6145,57118.4541,M,N,N
02/02/2023,13:00,11779.6758,2209.4512,5593.6196,1329.1433,18553.8945,9739.1016,4316.4492,1640.146,55161.4812,A3,N,N
02/02/2023,13:00,11846.7295,2588.6602,5506.4644,1596.1221,18621.7305,9564.2051,4729.9604,1698.3596,56152.2318,A6,N,N
02/02/2023,13:00,12724.7998,2339.79,5175.73,1596.24,18355,9851.5098,4307.5898,1686.72,56037.3794,E,N,N
02/02/2023,13:00,12862.2998,2114.9199,5320.0801,1369.54,17436.4004,9379.7002,4301.5,1702.09,54486.5304,E1,N,N
02/02/2023,13:00,13634.7998,2414.95,4936.46,1389.95,18837.8008,10248.4004,4407.5698,1890.24,57760.1708,E2,Y,N
02/02/2023,13:00,12604.2002,2231.6101,4815.7798,1329.0699,18300.1992,9734.6396,4105.8101,1788.05,54909.3589,E3,N,N
02/02/2023,13:00,12759.959,2245.1252,5283.7534,1362.9445,18267.6367,9784.9746,4341.4365,1743.738,55789.5679,M,N,N
02/02/2023,14:00,11638.0986,2155.4365,5678.0547,1302.0532,18118.2734,9292.4395,4152.3823,1582.8365,53919.5747,A3,N,N
02/02/2023,14:00,11725.5313,2559.7756,5654.8291,1596.2206,18137.2461,9222.126,4598.8784,1620.299,55114.9061,A6,N,N
02/02/2023,14:00,12589.5,2295.8401,5124.6899,1548.84,17896.3008,9621.6797,4143.9502,1657.67,54878.4707,E,N,N
02/02/2023,14:00,12686.9004,2040.1801,5235.6699,1336.04,16845,9031.46,4066.6299,1673.3,52915.1803,E1,N,N
02/02/2023,14:00,13458.2002,2383.8501,4883.6602,1350.1,18364.6992,10005.4004,4243.2998,1872.08,56561.2899,E2,Y,N
02/02/2023,14:00,12461,2197.6899,4785.6899,1284.63,17820.4004,9468.3203,3936.1899,1773.53,53727.4504,E3,N,N
02/02/2023,14:00,12595.3252,2191.626,5265.4941,1329.4642,17766.6816,9438.9844,4153.2295,1709.0444,54449.8494,M,N,N
02/02/2023,15:00,11438.6406,2194.7104,5694.0298,1271.7733,17357.4004,8947.1191,4045.2256,1532.0826,52480.9818,A3,N,N
02/02/2023,15:00,11560.6299,2560.8481,5688.8564,1570.5623,17574.6094,8969.8115,4528.1294,1546.4658,53999.9128,A6,N,N
02/02/2023,15:00,12453.0996,2240.96,5066.8799,1522.23,17536.5996,9429.1299,4013.6699,1606.6801,53869.249,E,N,N
02/02/2023,15:00,12532.5,1997.52,5198.9302,1312.11,16300.5,8702.0596,3949.3899,1629.15,51622.1597,E1,N,N
02/02/2023,15:00,13266.7998,2340.95,4831.46,1327.87,18010.0996,9798.2305,4106.71,1832.63,55514.7499,E2,Y,N
02/02/2023,15:00,12297.0996,2152.3601,4762.7998,1270.99,17447.8008,9244.75,3801.53,1735.42,52712.7503,E3,N,N
02/02/2023,15:00,12413.8457,2175.9248,5241.0479,1303.9998,17213.4453,9144.666,4032.9314,1664.2662,53190.1271,M,N,N
02/02/2023,16:00,11342.0459,2140.1326,5635.2485,1269.4459,17024.7559,8650.4365,3997.873,1516.3933,51576.3316,A3,N,N
02/02/2023,16:00,11515.0068,2537.5334,5603.5415,1538.8538,17171.5898,8637.749,4502.9258,1498.9523,53006.1524,A6,N,N
02/02/2023,16:00,12467,2200.6001,5054.6201,1486.8,17294.8008,9335.5,3954.04,1586.76,53380.121,E,N,N
02/02/2023,16:00,12467.4004,1967.9,5160,1286.02,15978.9004,8516.9902,3875.8799,1608.7,50861.7909,E1,N,N
02/02/2023,16:00,13241.9004,2322.5,4800.21,1304.55,17868,9675.5195,4025.8601,1832.17,55070.71,E2,Y,N
02/02/2023,16:00,12276.0996,2127.27,4750.04,1245.85,17285.3008,9114.2695,3752.3899,1731.95,52283.1698,E3,N,N
02/02/2023,16:00,12351.6182,2141.7549,5198.1016,1286.6655,16947.4375,8943.3428,3965.6313,1651.9839,52486.5357,M,N,N
02/02/2023,17:00,11272.0928,2155.062,5558.9331,1284.4681,16979.4746,8714.0537,3936.8901,1520.4681,51421.4425,A3,N,N
02/02/2023,17:00,11355.9824,2579.2864,5476.4946,1522.4437,16952.8652,8754.8027,4383.1226,1490.9241,52515.9217,A6,N,N
02/02/2023,17:00,12571.7998,2242.78,5041.5498,1520.2,17262.5,9390.2002,3969.0701,1566.89,53564.9899,E,N,N
02/02/2023,17:00,12541.5996,2015.8101,5068.8101,1310.86,16013.9004,8560.7695,3883.1699,1610.11,51005.0296,E1,N,N
02/02/2023,17:00,13354.2002,2368.6001,4774.5601,1313.35,18002.8008,9736.54,4039.05,1815.6801,55404.7813,E2,Y,N
02/02/2023,17:00,12365.5,2173.29,4729.6099,1259.13,17395.1992,9151.3096,3779.97,1754.92,52608.9287,E3,N,N
02/02/2023,17:00,12390.8203,2178.1841,5133.4482,1302.9724,16988.877,8999.3584,3952.3384,1648.3663,52594.3651,M,N,N
02/02/2023,18:00,11709.9277,2199.4578,5542.354,1364.8269,17318.3516,8902.1475,3900.479,1516.2355,52453.78,A3,N,N
02/02/2023,18:00,11600.5732,2605.5232,5418.5615,1507.6343,17200.9277,8903.0684,4252.4839,1478.9528,52967.725,A6,N,N
02/02/2023,18:00,12789.7002,2288.2,4939.1201,1535.97,17482.0996,9609.9697,4103.7798,1632.77,54381.6094,E,N,N
02/02/2023,18:00,12697.2002,2068.99,4984.1699,1330.85,16297.7002,8784.4199,4015.8799,1623.1899,51802.4,E1,N,N
02/02/2023,18:00,13590,2430.3501,4740.96,1320.9301,18359.5,9982.7695,4146.0898,1767.95,56338.5495,E2,Y,N
02/02/2023,18:00,12564.4004,2232.4299,4682.9399,1280.08,17750.5996,9378.1396,3943.5601,1771.61,53603.7595,E3,N,N
02/02/2023,18:00,12666.0254,2231.2932,5088.1113,1338.7888,17314.9102,9218.7256,4020.7668,1635.6658,53514.2871,M,N,N
02/02/2023,19:00,12096.4307,2293.4014,5645.6411,1479.2653,17829.4434,9262.498,4037.6836,1555.7836,54200.1471,A3,N,N
02/02/2023,19:00,11888.3525,2680.9575,5474.4795,1581.4292,17733.6191,9411.2285,4279.957,1502.1069,54552.1302,A6,N,N
02/02/2023,19:00,13032.4004,2389.6799,5043.2598,1649.65,17933,9957,4293.4102,1709.92,56008.3203,E,N,N
02/02/2023,19:00,13046.2002,2221.1299,5079.6299,1388.03,16931.9004,9166.0195,4264.6602,1729.9,53827.4701,E1,N,N
02/02/2023,19:00,13831.4004,2534.5701,4842.1899,1367.88,18801.5996,10251.4004,4321.1602,1806.96,57757.1606,E2,Y,N
02/02/2023,19:00,12804.7998,2328.1599,4758.6099,1339.1801,18235.5,9773.0801,4170.1001,1842.8199,55252.2498,E3,N,N
02/02/2023,19:00,12991.8926,2348.4148,5188.0586,1411.4882,17845.0898,9556.0332,4208.4033,1697.8713,55247.2518,M,N,N
02/02/2023,20:00,12127.7188,2282.7419,5693.9697,1486.073,17804.2539,9431.9004,4119.5112,1592.9351,54539.104,A3,N,N
02/02/2023,20:00,11770.2363,2630.1458,5536.1948,1580.783,17707.9219,9635.2363,4284.7891,1536.9315,54682.2387,A6,N,N
02/02/2023,20:00,13000.9004,2425.6201,5221.8701,1722.92,18037.1992,10073.2998,4435.7202,1792.2,56709.7298,E,N,N
02/02/2023,20:00,13064.4004,2245.22,5225.6001,1424.8101,17087.0996,9347.8203,4448.77,1794.64,54638.3605,E1,N,N
02/02/2023,20:00,13798.7998,2559.7,4953.5801,1396.48,18795.4004,10316.4004,4433.1401,1860.12,58113.6208,E2,Y,N
02/02/2023,20:00,12789.4004,2344.21,4843.6001,1375.9399,18300.1992,9948.2002,4342.1201,1870.86,55814.5299,E3,N,N
02/02/2023,20:00,12997.6465,2361.3806,5290.396,1435.678,17887.5,9695.1982,4334.957,1749.6858,55752.4421,M,N,N
02/02/2023,21:00,11962.4922,2248.3667,5699.9541,1533.2183,17787.8066,9406.1592,4187.4678,1614.0022,54439.4671,A3,N,N
02/02/2023,21:00,11671.0654,2585.1831,5604.0425,1626.6783,17622.6035,9611.9121,4341.6914,1581.749,54644.9253,A6,N,N
02/02/2023,21:00,12850.9004,2398.73,5240.5298,1723.65,17985.5,9993.5996,4447.4902,1804.76,56445.16,E,N,N
02/02/2023,21:00,12930.4004,2209.76,5269,1418.84,16993.9004,9365.21,4464.7598,1797.5601,54449.4307,E1,N,N
02/02/2023,21:00,13636.9004,2531.7,4975.5898,1388.1801,18605.5,10212.0996,4443.77,1847.97,57641.7099,E2,Y,N
02/02/2023,21:00,12636.5,2314.1001,4861.96,1371.88,18156.8008,9900.54,4357.3301,1853.46,55452.571,E3,N,N
02/02/2023,21:00,12844.1367,2328.7405,5314.3896,1446.467,17787.7188,9658.1973,4366.3271,1753.6213,55499.5983,M,N,N
02/02/2023,22:00,11623.3896,2193.2214,5852.0049,1498.3301,17342.0859,9259.0352,4104.6328,1633.5654,53506.2653,A3,N,N
02/02/2023,22:00,11318.96,2536.1758,5915.9995,1612.1173,17231.6406,9426.8701,4159.9238,1616.5759,53818.263,A6,N,N
02/02/2023,22:00,12510.2998,2315.1299,5297.2002,1670.2,17702,9801.5498,4379.7998,1775.9301,55452.1096,E,N,N
02/02/2023,22:00,12612.2998,2142.21,5300.2998,1397.55,16730.3008,9330,4454.8701,1786.72,53754.2505,E1,N,N
02/02/2023,22:00,13286.7998,2443.3799,4999.1699,1365.7,18161,10010,4395.6401,1832.92,56494.6097,E2,Y,N
02/02/2023,22:00,12324.9004,2235.6299,4882.1602,1354.63,17725.1992,9720.25,4265.9399,1834.33,54343.0396,E3,N,N
02/02/2023,22:00,12508.5449,2258.4299,5382.9897,1420.297,17404.3223,9530.9814,4319.7461,1751.425,54576.7363,M,N,N
02/02/2023,23:00,11149.9648,2092.4343,5896.7441,1433.2489,16679.0059,8851.9326,3937.6714,1619.7051,51660.7071,A3,N,N
02/02/2023,23:00,10825.3916,2388.2927,6033.1211,1568.4459,16654.3438,9016.4209,3928.051,1621.043,52035.11,A6,N,N
02/02/2023,23:00,11990.4004,2154.22,5283.3799,1580.23,17162.6992,9452.5303,4149.3198,1688.12,53460.8996,E,N,N
02/02/2023,23:00,12190.9004,2010.09,5318.3901,1353.5601,16176,9077.1396,4285.0601,1747.05,52158.1903,E1,N,N
02/02/2023,23:00,12803.0996,2284.01,5024.79,1321.0699,17403.5,9599.8496,4216.8701,1756.87,54410.0592,E2,Y,N
02/02/2023,23:00,11892.4004,2094.46,4923.9399,1322.08,17000.0996,9413.5996,4006.55,1762.5699,52415.6994,E3,N,N
02/02/2023,23:00,12049.418,2127.6572,5412.3589,1369.1357,16747.0664,9175.3154,4147.9189,1708.2668,52737.1373,M,N,N
02/02/2023,24:00,10717.8203,1997.4113,5835.7886,1362.4042,16093.3389,8522.7285,3732.4346,1607.6901,49869.6165,A3,N,N
02/02/2023,24:00,10423.1807,2239.5542,5907.6367,1487.608,16160.6436,8639.0527,3705.1135,1630.0684,50192.8578,A6,N,N
02/02/2023,24:00,11507.5996,1998.89,5252.96,1515.45,16675.4004,9118.1699,3919.77,1607.5601,51595.8,E,N,N
02/02/2023,24:00,11781.5996,1898.4301,5321.98,1318.8,15630,8832.5,4108.1401,1712.6,50604.0498,E1,N,N
02/02/2023,24:00,12352.9004,2129.0801,5040.96,1286.5699,16723.3008,9212.2803,4037.49,1660.97,52443.5515,E2,Y,N
02/02/2023,24:00,11503.2998,1958.49,4947.1699,1293.9399,16378.2002,9111.2002,3745.8,1670.11,50608.21,E3,N,N
02/02/2023,24:00,11619.082,2007.2085,5398.8008,1322.5535,16143.6914,8855.6035,3960.8428,1660.9419,50968.7244,M,N,N
02/03/2023,1:00,10448.0166,1915.3967,5685.7578,1248.8771,15534.0664,8134.5532,3473.5632,1564.1809,48004.4119,A3,N,N
02/03/2023,1:00,9993.3906,2086.9026,5698.2319,1350.4095,15571.0176,7917.0498,3610.1714,1592.6982,47819.8716,A6,N,N
02/03/2023,1:00,11100.2002,1877.59,5189.4199,1478.36,16285.0996,8862.0098,3718.78,1556.12,50067.5795,E,N,N
02/03/2023,1:00,11440.9004,1825.7,5331.3599,1299.85,15253.5,8694.9297,3965.22,1705.21,49516.67,E1,N,N
02/03/2023,1:00,12035.7002,2006.54,5079.6401,1268.08,16131.7002,8813.7197,3867.95,1598.91,50802.2402,E2,Y,N
02/03/2023,1:00,11197.5,1853.01,5007.3101,1291.34,15901.2998,8936.7305,3550.1599,1598.72,49336.0703,E3,N,N
02/03/2023,1:00,11309.5332,1914.9771,5365.2437,1272.5449,15635.8926,8549.2061,3770.8743,1623.5916,49441.8635,M,N,N
02/03/2023,2:00,10268.7197,1885.1951,5758.3555,1267.802,15219.0508,8036.3413,3411.5027,1569.5433,47416.5104,A3,N,N
02/03/2023,2:00,9780.7314,2028.7019,5758.334,1362.9902,15231.1621,7785.7988,3530.4724,1598.267,47076.4578,A6,N,N
02/03/2023,2:00,10884.5996,1838.77,5164.96,1466.52,16040.4004,8712.8604,3618.6499,1548.0601,49274.8204,E,N,N
02/03/2023,2:00,11254.7002,1800.72,5339.9399,1297.8,15066.5,8631.2998,3890.46,1717.49,48998.9099,E1,N,N
02/03/2023,2:00,11863.5996,1968.84,5102.98,1262.15,15853,8592.9902,3783.78,1595.9301,50023.2699,E2,Y,N
02/03/2023,2:00,11010.2002,1826.47,5043,1296.42,15685.5996,8846.7402,3464.9099,1591.23,48764.5699,E3,N,N
02/03/2023,2:00,11130.2637,1884.0764,5399.8203,1276.1362,15376.3867,8422.3223,3697.1997,1628.553,48814.7583,M,N,N
02/03/2023,3:00,10172.7578,1887.4994,5735.9355,1302.0118,15200.2266,7944.0527,3402.99,1602.725,47248.1988,A3,N,N
02/03/2023,3:00,9670.3037,2027.1119,5748.2773,1398.9021,15227.748,7670.4609,3518.4561,1632.7344,46893.9944,A6,N,N
02/03/2023,3:00,10767.9004,1821.79,5149.4902,1466.09,15970.2998,8677.6299,3589.4299,1573.55,49016.1802,E,N,N
02/03/2023,3:00,11120.0996,1794.3,5330.9702,1303.83,15030.2998,8620.0498,3869.23,1743.34,48812.1194,E1,N,N
02/03/2023,3:00,11786.5,1942.91,5139.8999,1268,15740.9004,8473.9004,3757.9299,1622.86,49732.9006,E2,Y,N
02/03/2023,3:00,10936.7998,1819.64,5078.9902,1302.58,15629.5,8842.5,3448.0601,1611.99,48670.0601,E3,N,N
02/03/2023,3:00,11027.3896,1874.0972,5401.5557,1291.406,15320.875,8348.7422,3678.6418,1657.1787,48599.8862,M,N,N
02/03/2023,4:00,10218.5664,1908.0344,5701.9844,1319.0604,15474.6582,8060.936,3391.4658,1633.035,47707.7406,A3,N,N
02/03/2023,4:00,9656.1865,2054.7866,5738.4058,1440.4491,15496.5723,7831.0894,3512.0164,1696.1589,47425.665,A6,N,N
02/03/2023,4:00,10867.5996,1856.42,5121.0098,1478.16,16196,8766.5596,3705.3501,1605.08,49596.1791,E,N,N
02/03/2023,4:00,11195.0996,1824.5699,5302.5098,1322.33,15162.9004,8702.6699,3909.3899,1757,49176.4695,E1,N,N
02/03/2023,4:00,11865.9004,1972.92,5108.8999,1284.63,15875.2998,8539.0898,3845.8501,1654.23,50146.82,E2,Y,N
02/03/2023,4:00,11035,1868.4301,5043.1499,1313.7,15773.7002,8886.7598,3564.1101,1642.21,49127.0601,E3,N,N
02/03/2023,4:00,11094.208,1901.0688,5370.4453,1308.8101,15500.873,8436.916,3717.5071,1682.1775,49012.0058,M,N,N
02/03/2023,5:00,10462.1904,1955.7959,5669.79,1372.0723,15894.874,8372.1533,3504.8311,1697.4688,48929.1758,A3,N,N
02/03/2023,5:00,9882.543,2097.052,5676.4277,1480.3092,15981.1738,8089.0098,3606.3198,1774.0046,48586.8399,A6,N,N
02/03/2023,5:00,11157.9004,1944.29,5132.27,1509.35,16533.8008,9029.6602,3928.95,1647.6899,50883.9113,E,N,N
02/03/2023,5:00,11455.4004,1884.17,5295.0801,1351.36,15513.7998,8937.9199,4005.5701,1768.79,50212.0903,E1,N,N
02/03/2023,5:00,12094.7998,2056.23,5128.3599,1319.25,16235.5,8721.5596,4007.52,1704.6801,51267.8994,E2,Y,N
02/03/2023,5:00,11361.2002,1972.04,5061.9302,1342.26,16125.0996,9058.9805,3780.1299,1691.74,50393.3804,E3,N,N
02/03/2023,5:00,11338.6436,1964.5864,5363.7168,1347.5988,15877.7148,8679.8184,3840.9697,1724.0978,50137.1463,M,N,N
02/03/2023,6:00,11100.8018,2085.1177,5676.8276,1435.2047,16914.709,8948.3848,3694.4595,1778.6388,51634.1439,A3,N,N
02/03/2023,6:00,10423.5186,2253.2334,5652.5591,1586.4751,17033.2422,8668.4434,3773.6401,1840.5839,51231.6958,A6,N,N
02/03/2023,6:00,11773.2998,2112.6399,5191.1802,1594.84,17289.1992,9580.8604,4353.4199,1719.02,53614.4594,E,N,N
02/03/2023,6:00,11938.7998,1998.11,5344.23,1430.58,16208,9366.25,4214.8599,1805.87,52306.6997,E1,N,N
02/03/2023,6:00,12651.9004,2202.6001,5173.1001,1406.3101,17032.6992,9123.2002,4343.6499,1778.65,53712.11,E2,Y,N
02/03/2023,6:00,12044.2998,2130.03,5099.3101,1410.36,16885.6992,9430.9404,4209.73,1766.75,52977.1195,E3,N,N
02/03/2023,6:00,11897.584,2094.3042,5397.5146,1424.0972,16713.3652,9148.1484,4085.6287,1787.9011,52548.5434,M,N,N
02/03/2023,7:00,11947.1348,2299.2185,5741.2319,1500.4933,18624.6992,9745.0039,4128.0396,1884.5442,55870.3654,A3,N,N
02/03/2023,7:00,11273.1592,2469.8469,5726.2905,1638.8304,18546.0117,9460.0342,4192.1147,1940.9526,55247.2402,A6,N,N
02/03/2023,7:00,12639.5,2375.6399,5302.25,1720.0699,18471.9004,10416.0996,5046.2998,1829.34,57801.0996,E,N,N
02/03/2023,7:00,12786,2167.24,5434.96,1543.97,17335,10039.2002,4552.0801,1861.76,55720.2103,E1,N,N
02/03/2023,7:00,13415.2002,2409.8501,5273.4502,1532.64,18234,9753.9404,4895.3599,1901.58,57416.0208,E2,Y,N
02/03/2023,7:00,12982.7002,2367.8,5188.9199,1507.4301,18027.1992,10003.5,4922.8301,1890.37,56890.7495,E3,N,N
02/03/2023,7:00,12716.8105,2290.8542,5482.7314,1525.8838,18057.2715,9847.9805,4525.4292,1882.4194,56329.3805,M,N,N
02/03/2023,8:00,12205.6768,2388.1577,5657.2002,1577.8815,19307.9512,10228.6484,4328.5288,1936.2825,57630.3271,A3,N,N
02/03/2023,8:00,11692.2471,2578.1926,5661.3394,1645.766,19244.5996,9931.7676,4413.7324,2001.9778,57169.6225,A6,N,N
02/03/2023,8:00,13013,2488.9399,5301.98,1786.63,19003,10834.2002,5384.7402,1889.52,59702.0103,E,N,N
02/03/2023,8:00,13154.7002,2239.47,5438.9902,1602.5,17902,10352.2998,4691.9102,1897.74,57279.6104,E1,N,N
02/03/2023,8:00,13723.2998,2486.5901,5278.2998,1601.71,18780.8008,10084.7998,5159.8901,1973.0699,59088.4603,E2,Y,N
02/03/2023,8:00,13392.5996,2480.96,5176.6899,1560.04,18561.3008,10288.9004,5289.8301,1951.8101,58702.1309,E3,N,N
02/03/2023,8:00,13029.1602,2370.0867,5457.9717,1594.1152,18655.9688,10223.2207,4726.4277,1935.3179,57992.2689,M,N,N
02/03/2023,9:00,12130.6895,2331.2976,5604.1685,1525.6278,18760.9707,10157.9238,4288.8647,1881.2952,56680.8378,A3,N,N
02/03/2023,9:00,11745.2432,2583.9045,5511.8242,1605.7178,18938.6641,9915.1709,4395.5522,1941.0909,56637.1678,A6,N,N
02/03/2023,9:00,12987.5,2422.3899,5220.8999,1741.27,18560.1992,10529,5159.7002,1843.75,58464.7092,E,N,N
02/03/2023,9:00,13205.5,2190.4299,5386.2202,1567.09,17641.9004,10151.2998,4572.5,1860.36,56575.3003,E1,N,N
02/03/2023,9:00,13662.2002,2410.1001,5197.96,1564.8,18277.5,9900.4697,4974.77,1918.12,57905.92,E2,Y,N
02/03/2023,9:00,13348.5,2396.23,5105.2202,1529.3101,18089,10090,5090.9502,1899.87,57549.0805,E3,N,N
02/03/2023,9:00,13001.5244,2309.4075,5396.0176,1552.6519,18220.9414,10070.7119,4611.6499,1886.3295,57049.2341,M,N,N
02/03/2023,10:00,12112.6943,2283.0818,5584.394,1471.2511,18445.7852,9873.0654,4282.9136,1819.0313,55872.2167,A3,N,N
02/03/2023,10:00,11768.8691,2557.418,5453.8306,1614.9115,18693.4531,9808.3496,4486.5889,1880.4332,56263.854,A6,N,N
02/03/2023,10:00,12826.9004,2315.1299,5141.6802,1714.42,17818.3008,9939.7402,4840.5601,1742.35,56339.0816,E,N,N
02/03/2023,10:00,13162.9004,2134.8701,5378.4302,1511.6,17148.5996,9756.7002,4470.96,1802.8,55366.8605,E1,N,N
02/03/2023,10:00,13477.9004,2316.98,5133.4702,1543.33,17454.1992,9507.9902,4683.9702,1802.91,55920.7502,E2,Y,N
02/03/2023,10:00,13148.2002,2269.6399,5058.71,1510.88,17304.8008,9684.2695,4768.8501,1784.73,55530.0805,E3,N,N
02/03/2023,10:00,12920.2832,2243.8762,5365.5615,1508.7557,17677.5195,9713.0264,4479.1982,1808.1927,55716.4134,M,N,N
02/03/2023,11:00,12033.6416,2210.2114,5659.1348,1405.7612,17812.6094,9528.8867,4093.7124,1708.517,54452.4745,A3,N,N
02/03/2023,11:00,11713.6885,2524.2976,5515.1865,1577.2312,18108.6992,9574.46,4404.8623,1781.0724,55199.4977,A6,N,N
02/03/2023,11:00,12596.2002,2152.9399,5076.5601,1656.99,17215,9392.3896,4445.29,1663.45,54198.8198,E,N,N
02/03/2023,11:00,13035.5996,2019.23,5270.8599,1445.37,16596.5996,9320.0801,4274.1201,1742.14,53703.9993,E1,N,N
02/03/2023,11:00,13246.0996,2174.3301,5068.1602,1484.5601,16739,9130.0195,4307,1709.38,53858.5495,E2,Y,N
02/03/2023,11:00,12898.0996,2098.05,4992.0601,1458.22,16609.8008,9296.1201,4335.9102,1689.01,53377.2708,E3,N,N
02/03/2023,11:00,12774.4189,2133.437,5332.0996,1445.2319,17044.875,9326.2666,4225.436,1720.2336,54001.9986,M,N,N
02/03/2023,12:00,11551.0195,2134.2712,5588.8291,1343.4877,17139.209,9069.8564,4003.3354,1630.231,52460.2393,A3,N,N
02/03/2023,12:00,11457.9043,2477.2241,5449.8203,1518.2223,17445.2441,9202.9424,4375.2388,1716.8717,53643.468,A6,N,N
02/03/2023,12:00,12313.5,2003.4399,5024.2998,1577.62,16576.3008,8898.2197,4021.76,1567.01,51982.1502,E,N,N
02/03/2023,12:00,12692.5996,1903.4399,5191.9102,1358.9399,15923.5,8900.4805,4033.8501,1668,51672.7202,E1,N,N
02/03/2023,12:00,12943.4004,2043.03,5001.5601,1410.6899,16019,8773.1797,3938.6299,1599.02,51728.51,E2,Y,N
02/03/2023,12:00,12575.5996,1932.12,4920.6201,1391.83,15916.5996,8937.2305,3907.0601,1579.01,51160.0699,E3,N,N
02/03/2023,12:00,12398.6426,2025.6791,5260.0781,1370.9182,16356.1992,8914.3652,3992.3579,1632.7728,51951.0131,M,N,N
02/03/2023,13:00,11340.0811,1971.8259,5613.5918,1250.9963,16353.3467,8678.9561,3909.624,1516.431,50634.8529,A3,N,N
02/03/2023,13:00,11241.9473,2364.5823,5529.0767,1435.9124,16524.791,8712.3193,4269.3037,1623.2997,51701.2324,A6,N,N
02/03/2023,13:00,12015.7998,1881.02,4936.1401,1511.71,15979.7002,8472.5898,3739.1799,1482.42,50018.5598,E,N,N
02/03/2023,13:00,12305.2998,1799.91,5122.8599,1285.29,15221.5,8470.54,3769.1799,1598.88,49573.4596,E1,N,N
02/03/2023,13:00,12634.7002,1922.91,4920.48,1331.74,15348.2002,8423.3496,3678.21,1504.37,49763.96,E2,Y,N
02/03/2023,13:00,12244.5,1794.0601,4838.3398,1324.98,15271.5,8596.1299,3609.54,1484.66,49163.7098,E3,N,N
02/03/2023,13:00,12095.4795,1897.2324,5218.0161,1289.3016,15636.8203,8523.7441,3785.5066,1540.4836,49986.5842,M,N,N
02/03/2023,14:00,11124.5146,1858.7961,5700.4272,1195.7517,15656.6123,8374.6563,3871.5723,1444.8881,49227.2186,A3,N,N
02/03/2023,14:00,11041.9072,2307.6843,5699.0542,1419.604,15911.8662,8536.0049,4174.6064,1491.1548,50581.882,A6,N,N
02/03/2023,14:00,11800.7998,1794.1899,4883.9102,1462.21,15416.0996,8144.48,3650.4199,1429.45,48581.5594,E,N,N
02/03/2023,14:00,12033.5,1725.4301,5075.46,1224.09,14583.0996,8094.8999,3608.45,1566.36,47911.2896,E1,N,N
02/03/2023,14:00,12413.7998,1846.41,4875.7002,1286.78,14804.2998,8114.8501,3559.74,1444.26,48345.8399,E2,Y,N
02/03/2023,14:00,12010.9004,1703.55,4792.3599,1284.9301,14737.4004,8301.1201,3508.1101,1429.5,47767.871,E3,N,N
02/03/2023,14:00,11859.0352,1809.3644,5215.7783,1235.4261,15010.3545,8193.8037,3679.2061,1485.9813,48488.9496,M,N,N
02/03/2023,15:00,10892.1807,1868.0891,5660.147,1147.5782,15186.7197,8114.0601,3803.0903,1395.9591,48067.8242,A3,N,N
02/03/2023,15:00,10857.8145,2291.8601,5700.459,1381.0559,14955.9336,8197.7959,4081.5015,1402.351,48868.7715,A6,N,N
02/03/2023,15:00,11593.5,1719.5601,4864.1499,1413.22,14951.0996,7922.54,3574.8501,1393.6899,47432.6096,E,N,N
02/03/2023,15:00,11775.5996,1658.53,5062.1899,1178.74,13973.5996,7763.3101,3510.4199,1526.5601,46448.9492,E1,N,N
02/03/2023,15:00,12180.2998,1786.11,4846.3701,1227.1899,14341.5,7877.21,3475.1499,1405.37,47139.1997,E2,Y,N
02/03/2023,15:00,11763.9004,1634.6801,4771.3301,1237.75,14278.7998,8085.6201,3427.3101,1394.14,46593.5306,E3,N,N
02/03/2023,15:00,11617.623,1769.7859,5188.2954,1184.4451,14495.3369,7916.6445,3595.3623,1443.469,47210.9621,M,N,N
02/03/2023,16:00,10775.0947,1824.621,5602.5542,1029.8276,14782.9521,7892.3516,3781.4258,1387.2632,47076.0902,A3,N,N
02/03/2023,16:00,10752.5908,2230.4363,5591.8584,1330.5316,14368.6523,7924.4194,4061.9143,1419.1481,47679.5512,A6,N,N
02/03/2023,16:00,11483,1669.96,4852.8501,1378.54,14626.2002,7875.75,3572.3501,1369.47,46828.1204,E,N,N
02/03/2023,16:00,11570.2998,1606.7,5029.73,1143.71,13590.5,7648.8501,3481.98,1500.48,45572.2499,E1,N,N
02/03/2023,16:00,12014.2998,1737.59,4833.21,1191.6801,14068.7002,7757.4702,3440.73,1382.62,46426.3003,E2,Y,N
02/03/2023,16:00,11587.4004,1582.98,4754.6802,1207.0601,14010.7002,7994.27,3415.22,1380.6899,45933.0008,E3,N,N
02/03/2023,16:00,11454.4023,1721.8076,5153.9106,1121.959,14141.8164,7765.0503,3567.1846,1424.2247,46350.3555,M,N,N
02/03/2023,17:00,10713.418,1843.9152,5468.9307,1045.8634,14743.1963,7992.4141,3733.4519,1395.4094,46936.599,A3,N,N
02/03/2023,17:00,10579.2412,2274.8245,5418.9409,1302.9775,14103.1289,7978.6445,3959.3464,1428.6333,47045.7372,A6,N,N
02/03/2023,17:00,11435.9004,1694.8,4825.0498,1391.92,14660.5996,8008.1699,3587.3601,1362.55,46966.3498,E,N,N
02/03/2023,17:00,11451.7998,1644.16,4993.6001,1165.3199,13638,7715.8901,3486.73,1501.99,45597.4899,E1,N,N
02/03/2023,17:00,11945.7002,1761.7,4815.7202,1193.1,14100.0996,7805.27,3436.23,1375.88,46433.7,E2,Y,N
02/03/2023,17:00,11531.4004,1628.6801,4736.79,1204.55,14051.2998,8058.46,3430.1201,1385.96,46027.2604,E3,N,N
02/03/2023,17:00,11371.1211,1748.8674,5091.7588,1135.0668,14155.208,7836.6387,3551.4834,1425.2021,46315.3463,M,N,N
02/03/2023,18:00,10967.2266,1890.2821,5421.5469,1141.6836,14901.1816,8158.8721,3754.5044,1402.8323,47638.1296,A3,N,N
02/03/2023,18:00,10879.082,2311.0549,5332.9492,1295.0502,14127.8945,8077.6489,3889.2097,1410.0452,47322.9346,A6,N,N
02/03/2023,18:00,11534.5,1762.36,4782.5,1406.52,15062.0996,8333.5596,3722.95,1426.36,48030.8492,E,N,N
02/03/2023,18:00,11504.2002,1702.85,4905.6699,1225.5,14008.7998,7928.6899,3604.1499,1541.98,46421.8397,E1,N,N
02/03/2023,18:00,11981,1821.17,4783,1203.61,14481.5996,8042.4399,3541.8201,1442.46,47297.0996,E2,Y,N
02/03/2023,18:00,11627,1726.6801,4699.8999,1208.11,14436.5,8298.6699,3579.4099,1464.1801,47040.4499,E3,N,N
02/03/2023,18:00,11484.3438,1803.7483,5035.4282,1190.6169,14459.3105,8042.188,3633.1982,1463.2197,47112.0536,M,N,N
02/03/2023,19:00,11337.3447,1957.5603,5578.8535,1233.2896,15461.6064,8449.6396,3851.1069,1453.6057,49323.0067,A3,N,N
02/03/2023,19:00,11101.0254,2415.8643,5448.8872,1346.8152,14713.5674,8349.959,3908.7646,1415.0728,48699.9559,A6,N,N
02/03/2023,19:00,11895.0996,1936.48,4927.4399,1495.33,15835.5,8791.6797,3937.8601,1490.9301,50310.3194,E,N,N
02/03/2023,19:00,12034.2998,1879.1801,5043.0801,1329.1801,14933.2998,8488.6904,3762.3101,1618.17,49088.2104,E1,N,N
02/03/2023,19:00,12298.5996,1963.34,4934,1287.1,15258.5,8433.8301,3732.6399,1508.64,49416.6496,E2,Y,N
02/03/2023,19:00,12043.5,1915.24,4845.1201,1278.62,15189.9004,8658.6904,3818.23,1536.4301,49285.731,E3,N,N
02/03/2023,19:00,11891.5234,1932.8184,5183.8892,1283.6498,15214.957,8457.7002,3781.822,1527.7189,49274.0789,M,N,N
02/03/2023,20:00,11279.8594,1982.9945,5706.2935,1217.4814,15622.5254,8595.7031,3891.656,1495.3599,49791.8732,A3,N,N
02/03/2023,20:00,10929.2256,2390.3867,5561.2793,1326.3188,14984.9492,8706.3008,3967.0327,1442.1945,49307.6876,A6,N,N
02/03/2023,20:00,12008.5996,2034.42,5084.4502,1563.63,16108.2002,9003.4199,4143.73,1558.46,51504.9099,E,N,N
02/03/2023,20:00,12216.0996,1964.09,5211.5801,1377.3,15356.7002,8853.2598,3921.3601,1671.8101,50572.1999,E1,N,N
02/03/2023,20:00,12401.4004,2038.61,5075.5,1340.42,15588.5996,8648.04,3919.72,1590.08,50602.37,E2,Y,N
02/03/2023,20:00,12207.4004,2016.1899,4991.8999,1325.23,15527.9004,8852.6797,4043.8501,1622.0699,50587.2203,E3,N,N
02/03/2023,20:00,11968.291,1994.92,5329.9292,1312.3895,15520.9502,8700.5439,3911.0166,1586.6106,50324.651,M,N,N
02/03/2023,21:00,11164.6865,1982.5293,5741.9854,1257.1516,15799.4219,8674.5566,3909.8601,1524.926,50055.1174,A3,N,N
02/03/2023,21:00,10917.7305,2393.3999,5611.6201,1369.1666,15307.0947,8746.4277,3980.8401,1435.1416,49761.4212,A6,N,N
02/03/2023,21:00,11938.2998,2075.45,5101.6699,1570.0601,16204.2002,8977.9004,4172.8901,1578.3199,51618.7904,E,N,N
02/03/2023,21:00,12156.5996,1988.92,5237.0298,1366.42,15322.4004,8903.0898,3945.28,1675.84,50595.5796,E1,N,N
02/03/2023,21:00,12329,2072.04,5083.3599,1345.98,15712.7998,8677.0801,3954.3301,1598.4,50772.9899,E2,Y,N
02/03/2023,21:00,12164.5,2062.1599,5008.7598,1334.7,15673,8870.2002,4081.53,1634.83,50829.6799,E3,N,N
02/03/2023,21:00,11886.1611,2014.2407,5352.9541,1323.6162,15608.6504,8753.0908,3936.5781,1600.4833,50475.7747,M,N,N
02/03/2023,22:00,10955.1338,1991.6193,5821.3477,1260.0587,15910.2432,8784.7539,3841.9009,1547.9039,50112.9614,A3,N,N
02/03/2023,22:00,10851.1885,2377.634,5875.2349,1382.0492,15547.0547,8783.1748,3870.4626,1478.4122,50165.2109,A6,N,N
02/03/2023,22:00,11766.7998,2071.8301,5121.7998,1557.5699,16118.9004,8882.1602,4164.5898,1592.17,51275.82,E,N,N
02/03/2023,22:00,11993.9004,1975.99,5254.4502,1352.22,15294.0996,8948.1299,3980.8999,1675.52,50475.21,E1,N,N
02/03/2023,22:00,12163.7002,2064.5,5104.7202,1335.61,15616.5,8633.3496,3950.1599,1617.71,50486.2499,E2,Y,N
02/03/2023,22:00,12000.7002,2064.51,5023.48,1329.72,15618.2998,8821.2305,4064.6599,1656.1899,50578.7903,E3,N,N
02/03/2023,22:00,11707.1416,2010.3561,5392.1157,1316.3256,15603.8203,8790.3379,3924.8862,1614.3293,50359.3127,M,N,N
02/03/2023,23:00,10677.7451,1957.6841,5872.7808,1244.2502,15788.5693,8713.2539,3770.1782,1543.7971,49568.2587,A3,N,N
02/03/2023,23:00,10684.0234,2289.2378,6047.8027,1375.7319,15673.998,8605.2217,3791.2424,1527.9554,49995.2133,A6,N,N
02/03/2023,23:00,11472.4004,2003.86,5120.6899,1478.89,15664.4004,8652.3301,4036.3101,1570.0699,49998.9508,E,N,N
02/03/2023,23:00,11746.5,1949.83,5264.9302,1304.42,15101.7998,8763.7998,3937.1001,1659.01,49727.3899,E1,N,N
02/03/2023,23:00,11929.0996,2018.91,5132.29,1294.14,15270,8439.0801,3875.5701,1572.66,49531.7498,E2,Y,N
02/03/2023,23:00,11741.2998,2011.55,5061.5698,1284.84,15253.2998,8600.1396,3949.8999,1574.3101,49476.909,E3,N,N
02/03/2023,23:00,11454.0684,1975.2184,5421.75,1281.1716,15383.9395,8639.9629,3861.7112,1592.4944,49610.3164,M,N,N
02/03/2023,24:00,10387.8291,1903.0911,5739.1294,1202.0955,15518.5098,8658.4023,3662.7012,1544.1296,48615.888,A3,N,N
02/03/2023,24:00,10444.0605,2208.3477,5884.1094,1321.4965,15538.7891,8506.0322,3644.5129,1570.4028,49117.7511,A6,N,N
02/03/2023,24:00,11158.7998,1930.52,5113.6899,1408.91,15210.5996,8422.9297,3889.1499,1517.3199,48651.9188,E,N,N
02/03/2023,24:00,11509.9004,1922.83,5261.9502,1267.0699,14859,8595.2998,3896.3601,1626.83,48939.2404,E1,N,N
02/03/2023,24:00,11673.7002,1971.38,5137.46,1253.22,14891,8245.8496,3782.4199,1493.28,48448.3097,E2,Y,N
02/03/2023,24:00,11460.7998,1954.55,5085.6401,1241.34,14857.5996,8381.5801,3816.8701,1460.63,48259.0097,E3,N,N
02/03/2023,24:00,11193.6709,1932.3376,5378.3379,1241.0579,15087.1982,8500.8047,3781.6523,1555.4675,48670.527,M,N,N
02/04/2023,1:00,10120.8682,1880.0554,5629.7402,1169.36,15309.083,8531.6563,3452.9783,1524.4956,47618.237,A3,N,N
02/04/2023,1:00,10181.0811,2105.1982,5681.7314,1262.5863,15327.2383,8048.5254,3636.3115,1556.0129,47798.6851,A6,N,N
02/04/2023,1:00,10900.0996,1859.58,5082.4102,1308.8,14682,8217.2402,3780.5801,1491.86,47322.5701,E,N,N
02/04/2023,1:00,11365.2998,1914.97,5235.9199,1240.79,14705,8425.7002,3855.24,1602.1,48345.0199,E1,N,N
02/04/2023,1:00,11518.7998,1945.14,5150.73,1210.41,14575.0996,8031.6602,3726.0901,1413.84,47571.7697,E2,Y,N
02/04/2023,1:00,11300.2998,1902.1801,5109.7202,1185.73,14425.2998,8102.0601,3739.9399,1302.27,47067.4999,E3,N,N
02/04/2023,1:00,11005.293,1913.4043,5337.7681,1207.1927,14861.4805,8330.6328,3679.8745,1514.3647,47850.0106,M,N,N
02/04/2023,2:00,10175.4941,1891.777,5665.189,1191.0206,15209.8232,8590.5889,3424.3147,1524.187,47672.3945,A3,N,N
02/04/2023,2:00,10082.0596,2070.1902,5713.6929,1284.8407,15222.0752,8018.9712,3600.5962,1569.9377,47562.3637,A6,N,N
02/04/2023,2:00,10753.5,1833.37,5068.5298,1247.61,14403,8101.5498,3730.8799,1489.73,46628.1695,E,N,N
02/04/2023,2:00,11285.9004,1914.67,5220.8198,1232.35,14571.9004,8322.4297,3817.5601,1593.78,47959.4104,E1,N,N
02/04/2023,2:00,11416.7002,1943.9301,5173.0898,1189.34,14424.0996,7911.8301,3700.28,1381.4,47140.6698,E2,Y,N
02/04/2023,2:00,11218.4004,1891.01,5128.5898,1160.89,14212,7942.4102,3708.6201,1226.01,46487.9305,E3,N,N
02/04/2023,2:00,10962.6309,1916.7711,5351.7109,1204.5181,14733.6406,8275.4248,3649.0869,1500.729,47594.5123,M,N,N
02/04/2023,3:00,10123.4111,1921.2174,5709.4995,1217.4543,15135.6924,8693.7988,3360.8396,1536.655,47698.5681,A3,N,N
02/04/2023,3:00,9972.7627,2073.4309,5727.6431,1320.4471,15244.3408,8013.7715,3555.4438,1596.0117,47503.8516,A6,N,N
02/04/2023,3:00,10729.7002,1838.79,5061.98,1239.99,14268.7998,8091.2598,3707.3,1503.97,46441.7898,E,N,N
02/04/2023,3:00,11221.5996,1929,5204.96,1238.33,14570,8289.8701,3798.8501,1599.99,47852.5998,E1,N,N
02/04/2023,3:00,11404.5,1955.86,5188.1299,1204.0699,14417.0996,7917.8599,3701.4299,1380.66,47169.6092,E2,Y,N
02/04/2023,3:00,11222.4004,1895.52,5156.9199,1164.33,14147.7998,7900.5801,3697.1899,1187.86,46372.6001,E3,N,N
02/04/2023,3:00,10919.5547,1935.2957,5365.9043,1220.1353,14706.2227,8300.4033,3622.158,1506.7106,47576.3846,M,N,N
02/04/2023,4:00,10141.7666,1992.0393,5745.1108,1258.5513,15274.7188,8908,3304.45,1564.1307,48188.7675,A3,N,N
02/04/2023,4:00,9994.3594,2098.2322,5757.5874,1367.4387,15492.0371,8124.8853,3524.4719,1665.4028,48024.4148,A6,N,N
02/04/2023,4:00,10810.5996,1898.87,5028.0498,1265.8,14365.7998,8191.23,3746.49,1541.4301,46848.2693,E,N,N
02/04/2023,4:00,11260.2998,1957.49,5185.8198,1254.33,14655.0996,8354.6201,3821.46,1627.55,48116.6693,E1,N,N
02/04/2023,4:00,11438.5,1999.0601,5183.7002,1232.53,14567.5996,8039.73,3754.1899,1432.02,47647.3298,E2,Y,N
02/04/2023,4:00,11273.5996,1944.83,5142.2598,1195.76,14342.2998,8002.3999,3746.3899,1244.71,46892.249,E3,N,N
02/04/2023,4:00,10949.9902,1982.6095,5369.6865,1248.5291,14830.6992,8433.3223,3628.6475,1542.0968,47985.5811,M,N,N
02/04/2023,5:00,10318.8223,2019.0313,5761.3896,1256.0894,15515.6221,9124.5361,3426.4128,1625.0869,49046.9905,A3,N,N
02/04/2023,5:00,10120.3457,2129.9519,5725.5986,1367.2544,15758.207,8226.6338,3598.8088,1754.7197,48681.5199,A6,N,N
02/04/2023,5:00,11018.2998,1981.1,5003.4399,1319.62,14567,8388.5703,3861.3799,1613.65,47753.0599,E,N,N
02/04/2023,5:00,11371.2002,2000.29,5179.1001,1278.96,14911.7002,8518.2402,3880.26,1664.3,48804.0507,E1,N,N
02/04/2023,5:00,11567.7998,2069.5,5165.1699,1268.92,14894.4004,8236.3398,3866.96,1501.8101,48570.9,E2,Y,N
02/04/2023,5:00,11433.2002,2030.3199,5147.4302,1230.66,14761.4004,8178.1499,3867.1101,1328.55,47976.8207,E3,N,N
02/04/2023,5:00,11088.793,2029.314,5366.6592,1268.0995,15105.2852,8625.291,3726.1016,1597.738,48807.2815,M,N,N
02/04/2023,6:00,10591.0957,2110.4583,5773.7617,1275.5695,16041.8691,9405.5586,3448.2297,1673.4063,50319.9489,A3,N,N
02/04/2023,6:00,10365.7119,2234.7185,5704.2295,1411.6768,16294.96,8484.998,3646.0767,1791.2296,49933.601,A6,N,N
02/04/2023,6:00,11405.4004,2084.3501,5039.6699,1410.02,14918.5996,8740.9199,4044.23,1672.61,49315.7999,E,N,N
02/04/2023,6:00,11536.5,2089.46,5218.1099,1345.8101,15311.0996,8803.6201,4015.8799,1716.5,50036.9796,E1,N,N
02/04/2023,6:00,11868.2002,2179.25,5170.5801,1334.1801,15410.7002,8568.3203,4069.3101,1567.67,50168.211,E2,Y,N
02/04/2023,6:00,11737,2153.1899,5128.8301,1285.84,15403.9004,8485.6201,4072.46,1416.22,49683.0605,E3,N,N
02/04/2023,6:00,11333.9775,2126.0203,5385.79,1318.7928,15585.1221,8924.6113,3846.1873,1653.165,50173.6663,M,N,N
02/04/2023,7:00,10979.9756,2185.5088,5783.9868,1327.3364,16569.6172,9793.5195,3602.2117,1707.1776,51949.3336,A3,N,N
02/04/2023,7:00,10809.4316,2303.4465,5724.7046,1439.1464,16772.9551,8858.8857,3827.4937,1829.9482,51566.0118,A6,N,N
02/04/2023,7:00,11982.7002,2259.1699,5125.3501,1545.53,15426.0996,9289.5195,4305.5298,1743.27,51677.1691,E,N,N
02/04/2023,7:00,11854.5996,2197.76,5257.6201,1412.9,15950.0996,9210.6201,4194.7002,1763.21,51841.5096,E1,N,N
02/04/2023,7:00,12324.9004,2333.03,5247.2202,1433.49,16092.2998,9081.25,4374.5098,1649.76,52536.4602,E2,Y,N
02/04/2023,7:00,12198.5996,2325.4099,5187.23,1367.85,16235.4004,8979.4697,4381.29,1529.97,52205.2196,E3,N,N
02/04/2023,7:00,11721.1738,2238.3562,5427.8896,1391.4587,16201.4668,9360.2852,4058.5161,1707.281,52106.4274,M,N,N
02/04/2023,8:00,11223.6729,2258.9294,5702.2632,1346.5909,17019.6992,10044.1084,3702.7061,1734.0603,53032.0304,A3,N,N
02/04/2023,8:00,11165.1133,2386.6233,5545.0103,1445.9796,17108.1523,9133.2578,3936.0815,1886.5613,52606.7794,A6,N,N
02/04/2023,8:00,12343,2353.1599,5163.5498,1646.86,15843.7998,9765.7197,4514.8398,1791.67,53422.599,E,N,N
02/04/2023,8:00,12043,2256.54,5272.54,1451.42,16360.5996,9448.5,4263.8198,1802.26,52898.6794,E1,N,N
02/04/2023,8:00,12582.7998,2413.04,5269.7798,1499.42,16547.6992,9489.7305,4589.4399,1716.39,54108.2992,E2,Y,N
02/04/2023,8:00,12489.5,2421.5901,5199.5,1425.73,16793.8008,9396.3604,4626.1602,1591.83,53944.4715,E3,N,N
02/04/2023,8:00,11950.7568,2308.9736,5413.438,1432.6665,16639.8457,9658.6572,4186.1069,1751.417,53341.8617,M,N,N
02/04/2023,9:00,11279.0332,2255.9856,5747.3911,1304.1168,17253.7852,10069.4697,3717.7166,1709.9991,53337.4973,A3,N,N
02/04/2023,9:00,11340.168,2414.3303,5508.2466,1427.5427,17340.9043,9282.5635,3962.0459,1878.9491,53154.7504,A6,N,N
02/04/2023,9:00,12439.7998,2325.49,5170.6899,1636.52,15973,9716.2197,4456.2002,1784.85,53502.7696,E,N,N
02/04/2023,9:00,12147.5,2249.4299,5281.7798,1461.45,16599.8008,9475.4102,4246.25,1805.58,53267.2007,E1,N,N
02/04/2023,9:00,12633.5996,2356.5601,5288.21,1487.75,16619.0996,9395.5898,4467.4102,1678.36,53926.5793,E2,Y,N
02/04/2023,9:00,12528.5996,2345.8799,5248.52,1417.49,16682.4004,9350.79,4531.7598,1540.6801,53646.1198,E3,N,N
02/04/2023,9:00,12021.3184,2286.9463,5437.5537,1418.2091,16821.9844,9645.1094,4144.8169,1732.0559,53507.9941,M,N,N
02/04/2023,10:00,11207.5195,2230.7917,5776.604,1256.4661,17112.0215,9831.0195,3733.4971,1655.6565,52803.5759,A3,N,N
02/04/2023,10:00,11403.4512,2421.1968,5546.563,1467.5737,17172.6797,9289.4492,4009.6619,1827.2137,53137.7892,A6,N,N
02/04/2023,10:00,12270.5996,2221.55,5111.21,1616.74,15812.4004,9247.0303,4268,1700.1801,52247.7104,E,N,N
02/04/2023,10:00,12120,2175.72,5299.5801,1443.25,16283.2002,9194.5801,4145.6802,1722.64,52384.6506,E1,N,N
02/04/2023,10:00,12461.7998,2241.6599,5252.4199,1445.9,16327.2002,8954.1104,4223.1699,1576.88,52483.1401,E2,Y,N
02/04/2023,10:00,12335.7998,2182.3201,5256.2202,1375.71,16196.5,8973.0303,4311.4199,1438.76,52069.7603,E3,N,N
02/04/2023,10:00,11931.6758,2215.6538,5441.4355,1382.4858,16571.2324,9325.25,4035.2314,1652.4346,52555.3993,M,N,N
02/04/2023,11:00,11093.4932,2151.9766,5773.208,1160.759,16598.9863,9290.1602,3657.947,1543.3499,51269.8802,A3,N,N
02/04/2023,11:00,11216.4219,2365.6033,5614.1812,1422.7438,16604.0781,8939.707,3974.5603,1697.9755,51835.2711,A6,N,N
02/04/2023,11:00,12004.7002,2029.12,5070.8799,1534.14,15496.5996,8707.79,3943.77,1609.77,50396.7697,E,N,N
02/04/2023,11:00,12017.5,2035.76,5244.8398,1369.61,15865.5,8777.1699,3904.78,1646.59,50861.7497,E1,N,N
02/04/2023,11:00,12228.5996,2062.8799,5206.5801,1378.15,15875.4004,8445.75,3841.3201,1483.95,50522.6301,E2,Y,N
02/04/2023,11:00,12078.0996,1965.16,5224.8599,1316.39,15660.2998,8532.2998,3926.3201,1350.65,50054.0792,E3,N,N
02/04/2023,11:00,11782.2402,2083.061,5406.5757,1303.5074,16110.8184,8837.0879,3802.3833,1558.8495,50884.5234,M,N,N
02/04/2023,12:00,10847.8164,2055.002,5705.5713,1136.9711,15872.9053,8674.4766,3602.0405,1460.7228,49355.506,A3,N,N
02/04/2023,12:00,10894.54,2298.5964,5575.2749,1392.9821,15648.5723,8586.8691,3910.2722,1591.2078,49898.3148,A6,N,N
02/04/2023,12:00,11638.7002,1875.74,5026.4702,1437.14,15057.2998,8203.5,3608.3799,1518.08,48365.3101,E,N,N
02/04/2023,12:00,11705,1889.48,5187.6499,1280.54,15308,8314.9199,3575.97,1564.34,48825.8998,E1,N,N
02/04/2023,12:00,11915,1914.25,5158.9302,1289.46,15289.0996,7953.5498,3481.0701,1389.5601,48390.9198,E2,Y,N
02/04/2023,12:00,11739.5996,1792.7,5195.2002,1226.45,15050.2002,8098.52,3549.0601,1263.5699,47915.3,E3,N,N
02/04/2023,12:00,11491.4297,1952.2765,5349.0869,1236.106,15488.1816,8314.3223,3553.2566,1472.469,48857.1286,M,N,N
02/04/2023,13:00,10578.2988,1898.9895,5631.4897,1055.3048,14822.3525,8093.2598,3555.7256,1376.7719,47012.1926,A3,N,N
02/04/2023,13:00,10556.2861,2178.5032,5586.3945,1296.6294,14351.875,8005.7705,3785.6106,1427.7893,47188.8586,A6,N,N
02/04/2023,13:00,11237.0996,1712.71,4933.5298,1353.95,14546.7998,7770.4199,3364.27,1432.52,46351.2991,E,N,N
02/04/2023,13:00,11356.9004,1738.54,5135.2402,1200.8101,14586.2998,7864.8701,3401.8401,1470.02,46754.5207,E1,N,N
02/04/2023,13:00,11587.7998,1778.97,5055.4199,1220.26,14643.5,7527.5,3229.04,1300.61,46343.0997,E2,Y,N
02/04/2023,13:00,11375.2998,1660.6899,5078.46,1165.79,14458.2002,7700.1299,3274.1101,1185.95,45898.6299,E3,N,N
02/04/2023,13:00,11176.1592,1804.8303,5272.6621,1159.2118,14683.0742,7828.9072,3395.5984,1383.3429,46703.7861,M,N,N
02/04/2023,14:00,10339.458,1764.7623,5628.1167,988.7371,13794.8584,7548.6865,3534.8057,1320.6525,44920.0772,A3,N,N
02/04/2023,14:00,10306.1865,2108.1382,5642.5068,1253.2903,13307.833,7540.1406,3644.968,1366.392,45169.4554,A6,N,N
02/04/2023,14:00,10878.5996,1620.15,4877.5,1278.48,13963.7002,7400.7598,3270.5901,1381.4,44671.1797,E,N,N
02/04/2023,14:00,11084.5,1641.02,5089.9502,1124.53,13852.7002,7417.9702,3339.6299,1415.5601,44965.8606,E1,N,N
02/04/2023,14:00,11311.0996,1684.49,5006.8101,1157.01,13899.2998,7192.3301,3122.8701,1237.1899,44611.0996,E2,Y,N
02/04/2023,14:00,11060.4004,1575.75,5069.71,1106.96,13703,7350.46,3170.6799,1138.74,44175.7003,E3,N,N
02/04/2023,14:00,10913.4141,1696.2001,5240.1094,1090.4368,13848.9902,7386.6455,3332.5071,1325.3784,44833.6816,M,N,N
02/04/2023,15:00,10113.6982,1691.7137,5593.7295,938.1003,13174.0352,7238.9023,3503.125,1288.1646,43541.4688,A3,N,N
02/04/2023,15:00,10012.7246,2051.6074,5600.7979,1208.7161,12965.2939,7150.7119,3632.124,1309.0215,43930.9973,A6,N,N
02/04/2023,15:00,10606,1532.42,4822.79,1226.8199,13472.2998,7149.1001,3196.99,1351.88,43358.2998,E,N,N
02/04/2023,15:00,10856.5,1534.05,5085.8101,1070.27,13176.2998,6985.3799,3271.2,1355.52,43335.0298,E1,N,N
02/04/2023,15:00,11067.2002,1606.87,4963.4502,1114.6,13364.0996,6951.5098,3061.78,1211.08,43340.5898,E2,Y,N
02/04/2023,15:00,10798.2998,1515.89,5016.04,1087.59,13169.5,7099.1099,3111.95,1129.97,42928.3497,E3,N,N
02/04/2023,15:00,10680.9063,1610.1096,5213.0449,1041.283,13237.5254,7057.8652,3278.6267,1285.6276,43404.9887,M,N,N
02/04/2023,16:00,10017.4248,1670.8348,5489.0767,922.7078,12880.9326,7052.646,3532.6362,1292.9069,42859.1658,A3,N,N
02/04/2023,16:00,9902.5264,2044.7327,5445.4565,1177.377,12681.5361,6951.1563,3770.1792,1293.3927,43266.3569,A6,N,N
02/04/2023,16:00,10475.5996,1486.38,4806.21,1199.4399,13182.5,7053.27,3179.04,1325.97,42708.4095,E,N,N
02/04/2023,16:00,10738,1473.79,5045.4399,1039.84,12782.7998,6790.3999,3231.21,1320.4399,42421.9195,E1,N,N
02/04/2023,16:00,10925.2002,1562.99,4938.54,1099.64,13033.7002,6846.5601,3035.78,1191.45,42633.8605,E2,Y,N
02/04/2023,16:00,10675.7002,1486.63,4986.77,1080.86,12892.7002,6970.8198,3092.0901,1146.54,42332.1103,E3,N,N
02/04/2023,16:00,10561.9863,1568.2509,5156.5635,1020.9204,12897.9805,6895.4746,3266.1887,1268.7874,42636.1523,M,N,N
02/04/2023,17:00,9992.8271,1655.8827,5336.4849,934.2372,12785.9678,7093.3501,3506.7964,1305.8398,42611.386,A3,N,N
02/04/2023,17:00,9868.9414,2061.9939,5262.6167,1161.3494,12486.9141,7118.791,3709.1467,1310.5233,42980.2765,A6,N,N
02/04/2023,17:00,10468.5,1530.8,4748.2002,1223.86,13140.2002,7118.6201,3186.6299,1346.71,42763.5204,E,N,N
02/04/2023,17:00,10653.0996,1500.49,4977.6699,1049.55,12789.9004,6822.77,3258.1699,1340.0601,42391.7099,E1,N,N
02/04/2023,17:00,10885.5996,1607.41,4877.96,1103.4,12959.2002,6894.23,3041.26,1220.3101,42589.3699,E2,Y,N
02/04/2023,17:00,10671.5,1548.72,4915.0698,1077.42,12907.7998,7002.5,3096.6699,1204.72,42424.3995,E3,N,N
02/04/2023,17:00,10511.9355,1587.0532,5063.1748,1029.2673,12844.4717,6935.6436,3268.6362,1289.25,42529.4323,M,N,N
02/04/2023,18:00,10246.0684,1684.1858,5344.4126,1036.0978,12901.5645,7261.5034,3484.7188,1310.5797,43269.131,A3,N,N
02/04/2023,18:00,10116.4404,2111.5508,5233.6479,1167.0463,12597.4902,7260.0156,3639.2783,1309.8798,43435.3493,A6,N,N
02/04/2023,18:00,10638.7998,1589.22,4744.5298,1261.65,13382.5996,7306.3501,3239.4299,1378.0601,43540.6393,E,N,N
02/04/2023,18:00,10791.5996,1540.33,4946.2998,1082.3199,12883.5996,7094.3701,3242.8899,1388.08,42969.4889,E1,N,N
02/04/2023,18:00,10948.7998,1679.29,4873.0498,1131.8199,13113.2002,7060.6001,3069.95,1249.72,43126.4298,E2,Y,N
02/04/2023,18:00,10806.0996,1629.37,4936.6899,1106.6801,13110.9004,7155.3999,3133.98,1204.76,43083.8799,E3,N,N
02/04/2023,18:00,10663.4512,1633.6592,5053.5049,1083.4017,12965.2969,7138.3799,3265.6233,1316.8462,43120.1633,M,N,N
02/04/2023,19:00,10550.4102,1760.4644,5474.8623,1123.9127,13378.2256,7510.2988,3558.6504,1330.1063,44686.9307,A3,N,N
02/04/2023,19:00,10449.959,2182.0679,5304.5913,1224.171,13015.707,7491.2861,3658.563,1310.9014,44637.2467,A6,N,N
02/04/2023,19:00,11127.7002,1725.33,4866.5898,1372.72,13904.2002,7728.1299,3377.8501,1419,45521.5202,E,N,N
02/04/2023,19:00,11198.9004,1706.13,4990.46,1164.8101,13627.7002,7508.48,3381.5901,1438.66,45016.7308,E1,N,N
02/04/2023,19:00,11342.5996,1796.05,4954.96,1204.78,13556.2998,7380.75,3223.8,1277.5699,44736.8093,E2,Y,N
02/04/2023,19:00,11275.5996,1757.92,4990.5601,1156.12,13417.7002,7471.2402,3302.6499,1195.45,44567.24,E3,N,N
02/04/2023,19:00,11032.3203,1753.734,5138.5977,1164.504,13521.8115,7466.9297,3387.9492,1349.6776,44815.524,M,N,N
02/04/2023,20:00,10527.0059,1781.968,5558.647,1116.3948,13489.2275,7572.8003,3601.0417,1363.4659,45010.5511,A3,N,N
02/04/2023,20:00,10385.3096,2211.0684,5369.8647,1220.0647,12969.958,7563.1396,3661.728,1341.8199,44722.9529,A6,N,N
02/04/2023,20:00,11328.5996,1803.3,5025.9902,1477.6801,14183.7002,7974.9199,3536.3601,1491.35,46821.9001,E,N,N
02/04/2023,20:00,11318.2002,1762.0601,5087.04,1206.59,13928.5,7750.5801,3488.55,1488.22,46029.7404,E1,N,N
02/04/2023,20:00,11497.2002,1830.66,5072.4199,1266.0699,13800.5,7573.9502,3392.53,1337.48,45770.8102,E2,Y,N
02/04/2023,20:00,11473.5996,1806.14,5059.98,1201.3,13559.5,7693.48,3483.74,1222.2,45499.9396,E3,N,N
02/04/2023,20:00,11116.1758,1791.2678,5237.8457,1196.454,13741.2998,7633.625,3493.9858,1397.307,45607.9609,M,N,N
02/04/2023,21:00,10399.293,1758.1517,5584.418,1161.901,13565.1006,7505.7505,3579.7375,1382.7092,44937.0615,A3,N,N
02/04/2023,21:00,10289.6943,2196.5398,5423.4517,1285.7809,12740.6738,7464.6904,3591.7231,1379.584,44372.138,A6,N,N
02/04/2023,21:00,11279.7002,1819.25,5058.4199,1487.65,14191.4004,7944.1201,3548.8501,1506.26,46835.6507,E,N,N
02/04/2023,21:00,11289,1783.86,5162.48,1216.12,13825.4004,7780.3501,3461.3799,1484.23,46002.8204,E1,N,N
02/04/2023,21:00,11456.9004,1831.39,5079.27,1260.36,13773.9004,7590.3901,3400.8101,1334.13,45727.151,E2,Y,N
02/04/2023,21:00,11472,1807.63,5052.6499,1191.5601,13500.2998,7698.6299,3501.71,1203.65,45428.1297,E3,N,N
02/04/2023,21:00,11050.8047,1791.0613,5274.2603,1212.8269,13722.5059,7627.0459,3480.45,1401.1952,45560.1502,M,N,N
02/04/2023,22:00,10208.7402,1733.1462,5712.4609,1163.1965,13516.4414,7495.0869,3491.2373,1392.5571,44712.8665,A3,N,N
02/04/2023,22:00,10103.749,2167.0322,5695.9185,1311.1647,12895.1768,7566.562,3368.5669,1406.9106,44515.0807,A6,N,N
02/04/2023,22:00,11147,1790.4399,5114.5498,1435.78,14093,7824.1001,3545.8701,1499.33,46450.0699,E,N,N
02/04/2023,22:00,11221.2002,1776.47,5169.3301,1182.12,13759,7823.8901,3458.04,1476.97,45867.0204,E1,N,N
02/04/2023,22:00,11355.2002,1795.65,5122.2998,1215.87,13589.7002,7512.98,3386.03,1327.8,45305.5302,E2,Y,N
02/04/2023,22:00,11392.4004,1769.33,5103.6099,1148.17,13298.4004,7610.8901,3500.6299,1175.65,44999.0807,E3,N,N
02/04/2023,22:00,10931.3086,1768.5027,5333.0435,1187.0127,13623.0879,7612.7842,3445.2319,1399.8877,45300.8592,M,N,N
02/04/2023,23:00,9907.7734,1695.1357,5852.3794,1160.1052,13225.6934,7359.542,3384.2097,1383.4135,43968.2523,A3,N,N
02/04/2023,23:00,9774.4326,2099.9158,5902.3511,1324.8955,12878.6895,7395.6548,3165.3157,1413.939,43955.194,A6,N,N
02/04/2023,23:00,10886,1714.66,5131.25,1374.42,13803.9004,7623.1802,3447.5901,1430.73,45411.7307,E,N,N
02/04/2023,23:00,10979.4004,1735.51,5183.79,1151.9,13487.0996,7706.0698,3359.1101,1444.54,45047.4199,E1,N,N
02/04/2023,23:00,11193.5996,1759.26,5147.23,1185.17,13265,7412.1001,3293.0601,1296.83,44552.2498,E2,Y,N
02/04/2023,23:00,11176,1731.0601,5133.9702,1121.97,12908.5,7429.3501,3410.1299,1157.54,44068.5203,E3,N,N
02/04/2023,23:00,10696.4492,1730.0242,5392.3599,1165.5869,13327.543,7494.7061,3345.5967,1375.6239,44527.8899,M,N,N
02/04/2023,24:00,9637.1475,1657.2821,5853.0034,1129.2277,13074.4639,7276.1118,3260.4873,1386.4683,43274.192,A3,N,N
02/04/2023,24:00,9547.3779,2013.1519,5836.7139,1280.5125,13009.9307,7357.5332,3054.3591,1420.4534,43520.0326,A6,N,N
02/04/2023,24:00,10594.0996,1616.04,5144.4702,1317.41,13508.5,7399.29,3352.1101,1355.22,44287.1399,E,N,N
02/04/2023,24:00,10718.2998,1686.47,5197.6699,1108.61,13199.5996,7563.6099,3268.55,1402.3199,44145.1291,E1,N,N
02/04/2023,24:00,10980.2998,1700.3101,5183.29,1163.85,12920.7998,7291.6802,3190.3201,1272.79,43703.34,E2,Y,N
02/04/2023,24:00,10902.2002,1667.89,5171.3901,1109.37,12555,7244.9702,3304.4399,1154.52,43109.7804,E3,N,N
02/04/2023,24:00,10447.9795,1681.4053,5409.1846,1133.6431,13066.3018,7378.999,3240.0735,1354.3441,43711.9309,M,N,N
02/05/2023,1:00,9586.0186,1631.3546,5734.3516,1089.3182,12796.5928,7089.5977,3067.8694,1347.9543,42343.0572,A3,N,N
02/05/2023,1:00,9451.7129,1927.6027,5683.4858,1197.8932,12871.6973,6842.2944,2993.5498,1356.8534,42325.0895,A6,N,N
02/05/2023,1:00,10311.9004,1515.3199,5110.2402,1286.72,13107.5,7213.23,3216.8401,1276.6899,43038.4405,E,N,N
02/05/2023,1:00,10369.4004,1647.11,5201.3999,1079.28,13010.4004,7458.8398,3131.29,1382.12,43279.8405,E1,N,N
02/05/2023,1:00,10794.0996,1672.42,5211.6099,1172.78,12651.7998,7234.6899,3064.5701,1287.8,43089.7693,E2,Y,N
02/05/2023,1:00,10588.2998,1629.45,5195.9702,1127.55,12280.2002,7062.0098,3197.8,1189.86,42271.14,E3,N,N
02/05/2023,1:00,10251.0352,1650.2632,5380.6436,1113.4476,12821.5059,7263.021,3088.3438,1339.7197,42907.98,M,N,N
02/05/2023,2:00,9361.0156,1632.6318,5747.8164,1129.3638,12516.3535,7075.4575,2986.45,1359.6487,41808.7373,A3,N,N
02/05/2023,2:00,9273.9707,1897.9041,5770.7153,1226.2909,12735.6768,6816.2324,2941.1025,1376.9934,42038.8861,A6,N,N
02/05/2023,2:00,10030.5,1457.29,5075.6499,1268.88,12786.2002,7010.1602,3087.3799,1250.45,41966.5102,E,N,N
02/05/2023,2:00,10043.7998,1621.66,5205.6299,1073.21,12883.5996,7312.0801,2987.5,1398.73,42526.2094,E1,N,N
02/05/2023,2:00,10552.5,1658.5601,5216.2202,1181.42,12472.4004,7075.4199,2915.1499,1312.99,42384.6605,E2,Y,N
02/05/2023,2:00,10288.7002,1611.08,5200.9199,1138.0699,12099.4004,6849.8799,3076.52,1221.86,41486.4303,E3,N,N
02/05/2023,2:00,9986.3525,1637.4579,5388.0469,1127.4501,12626.7129,7155.897,2963.2781,1357.5391,42242.7345,M,N,N
02/05/2023,3:00,9250.543,1642.9335,5764.0625,1165.7239,12445.833,7078.0127,2928.8301,1369.8342,41645.7729,A3,N,N
02/05/2023,3:00,9193.7363,1887.4038,5816.6069,1254.5752,12772.8057,6806.7422,2906.6257,1410.5811,42049.0769,A6,N,N
02/05/2023,3:00,9895.25,1415.78,5089.5898,1281.97,12673.2998,6936.0698,2985.0601,1245.88,41522.8995,E,N,N
02/05/2023,3:00,9796.1104,1610.65,5200.2798,1066.1899,12875.4004,7219.46,2900.6599,1419.2,42087.9504,E1,N,N
02/05/2023,3:00,10428.4004,1652.5,5264.8198,1191.52,12469.2002,7051.5601,2817.95,1359.1899,42235.1404,E2,Y,N
02/05/2023,3:00,10084.5996,1601.7,5239.96,1152.79,12104.0996,6803.75,2986.4099,1271.67,41244.9791,E3,N,N
02/05/2023,3:00,9824.7285,1635.114,5407.6265,1140.3951,12599.5977,7117.376,2882.6619,1383.106,41990.6057,M,N,N
02/05/2023,4:00,9222.2168,1639.8187,5810.8242,1176.3214,12655.0986,7156.6074,2913.7466,1391.2363,41965.87,A3,N,N
02/05/2023,4:00,9157.9795,1906.1731,5873.9448,1283.1754,13046.0898,6871.8696,2906.7505,1472.4734,42518.4561,A6,N,N
02/05/2023,4:00,9816.3896,1432.0601,5050.98,1290.03,12711.5,6941.1802,2977.8201,1281.86,41501.82,E,N,N
02/05/2023,4:00,9706.7197,1607.7,5206.1001,1078.21,12902.9004,7161.4502,2909.74,1439.29,42012.1104,E1,N,N
02/05/2023,4:00,10347.2002,1656.14,5261.4302,1210.9301,12560.2998,7033.79,2818.5601,1394.15,42282.5004,E2,Y,N
02/05/2023,4:00,10031.5996,1603.1899,5247.2202,1172.65,12225.9004,6827.5298,2979.8101,1300.33,41388.23,E3,N,N
02/05/2023,4:00,9758.1924,1634.2844,5423.918,1154.3844,12708.0684,7117.7246,2880.9729,1408.5361,42086.0812,M,N,N
02/05/2023,5:00,9224.8564,1682.2759,5772.4858,1229.9768,12752.6328,7343.7222,2971.6074,1464.4355,42441.9928,A3,N,N
02/05/2023,5:00,9215.6309,1924.812,5787.5732,1312.8628,13302.4395,6973.5952,2949.541,1567.8103,43034.2649,A6,N,N
02/05/2023,5:00,9806.9502,1516.53,5022.3398,1312.24,12878,7037.1201,3068.0601,1347.5699,41988.8101,E,N,N
02/05/2023,5:00,9752.6201,1644.36,5201.02,1090.5601,13047.2002,7226.96,2955.77,1467.62,42386.1104,E1,N,N
02/05/2023,5:00,10332.2002,1726.04,5236.1201,1233.83,12763.5996,7115.7402,2918.04,1440.75,42766.3201,E2,Y,N
02/05/2023,5:00,10007.5,1675.84,5226.1499,1185.38,12460,6936.3901,3063.3501,1345.64,41900.2501,E3,N,N
02/05/2023,5:00,9769.7197,1683.8267,5401.1865,1183.8467,12856.4063,7228.7891,2948.5454,1457.7021,42530.0225,M,N,N
02/05/2023,6:00,9348.2617,1750.0562,5795.6602,1283.984,13092.1953,7550.1152,2997.4275,1497.9613,43315.6614,A3,N,N
02/05/2023,6:00,9358.8105,2005.5836,5761.5049,1377.9141,13664.1582,7214.2905,2998.228,1579.8785,43960.3683,A6,N,N
02/05/2023,6:00,10011.0996,1624.49,5072.7402,1357.9301,13284.2002,7312.8101,3202.3201,1427.5601,43293.1504,E,N,N
02/05/2023,6:00,10016.9004,1713.91,5203.77,1136.34,13252.7998,7510.4399,3117.5901,1517.79,43469.5402,E1,N,N
02/05/2023,6:00,10511.5,1824.76,5277.8101,1290.49,13142.7998,7352.8501,3101.22,1507.25,44008.68,E2,Y,N
02/05/2023,6:00,10141.7998,1793.8199,5253.0898,1231.85,12889.5,7220.1899,3213.98,1412.47,43156.6994,E3,N,N
02/05/2023,6:00,9959.4678,1762.4189,5423.5269,1235.932,13163.501,7471.5283,3072.5344,1507.7683,43596.6776,M,N,N
02/05/2023,7:00,9598.3867,1814.4061,5828.3594,1348.6803,13519.6113,7794.0317,3117.7839,1522.3521,44543.6115,A3,N,N
02/05/2023,7:00,9683.5156,2079.6721,5780.4824,1404.9818,14032.4111,7344.0107,3155.9998,1599.4731,45080.5466,A6,N,N
02/05/2023,7:00,10417.5,1814.21,5106.1099,1425,13921.7998,7805.0801,3495.1399,1556.9399,45541.7796,E,N,N
02/05/2023,7:00,10398.0996,1822.01,5229.7002,1175.33,13849.5,7789.6499,3377.6899,1574.01,45215.9896,E1,N,N
02/05/2023,7:00,10856.7998,1971.21,5327.4502,1389.2,13681.7998,7767.5098,3507.79,1594.04,46095.7996,E2,Y,N
02/05/2023,7:00,10420.4004,1949.67,5299.3501,1327.4399,13495,7735.5498,3555.8601,1509.6801,45292.9504,E3,N,N
02/05/2023,7:00,10285.5664,1868.7368,5459.5156,1303.1127,13685.2959,7783.79,3334.854,1563.5728,45284.4442,M,N,N
02/05/2023,8:00,9704.2334,1870.7118,5756.2095,1346.8239,13756.0986,8042.2798,3172.479,1549.3035,45198.1395,A3,N,N
02/05/2023,8:00,9883.8633,2163.9163,5604.998,1393.1241,14251.373,7564.313,3235.6812,1642.3167,45739.5856,A6,N,N
02/05/2023,8:00,10628,1946.97,5114.2402,1474.64,14437.0996,8282.0703,3699.1899,1617.39,47199.6,E,N,N
02/05/2023,8:00,10580.5996,1901.9,5237.1602,1203.25,14235.9004,7989.3101,3447.4099,1615.33,46210.8602,E1,N,N
02/05/2023,8:00,11059.7002,2083.6399,5322.3198,1456.45,14125.5996,8151.3799,3778.6299,1648.15,47625.8693,E2,Y,N
02/05/2023,8:00,10627.2002,2051.3401,5277.4502,1391.89,13943.7998,8210.3398,3783.73,1562.64,46848.3901,E3,N,N
02/05/2023,8:00,10449.502,1951.5822,5436.5493,1334.1854,14041.167,8060.2734,3465.9854,1604.3719,46343.6166,M,N,N
02/05/2023,9:00,9790.7656,1847.9944,5759.9751,1293.5002,13931.7793,8022.8711,3230.1978,1535.96,45413.0435,A3,N,N
02/05/2023,9:00,9947.9336,2193.2454,5525.1113,1368.8054,14409.8096,7660.1284,3280.2581,1623.0306,46008.3224,A6,N,N
02/05/2023,9:00,10753.9004,1976.09,5080.7002,1467.6899,14573.2998,8354.25,3631.3999,1603.09,47440.4202,E,N,N
02/05/2023,9:00,10669.2998,1913.38,5235.5801,1216.62,14498.9004,8013.2798,3463.98,1594.6899,46605.73,E1,N,N
02/05/2023,9:00,11213.2002,2049.74,5286.5898,1434.62,14135.5,8145.7002,3658.75,1614.52,47538.6202,E2,Y,N
02/05/2023,9:00,10851.0996,1991.13,5244.7402,1376.3199,13923.5996,8263.3896,3681.97,1546.35,46878.5989,E3,N,N
02/05/2023,9:00,10558.8711,1936.8018,5425.4639,1313.9305,14191.8281,8060.1436,3451.106,1581.853,46519.998,M,N,N
02/05/2023,10:00,9901.0654,1787.2076,5804.6245,1286.0042,13664.6074,7732.3008,3296.209,1476.6965,44948.7154,A3,N,N
02/05/2023,10:00,9871.0898,2156.917,5582.8179,1433.8579,14061.6973,7441.377,3313.7375,1538.4442,45399.9386,A6,N,N
02/05/2023,10:00,10696.5,1919.58,5058.2002,1450.46,14291.5996,8076.1802,3498.54,1511.6,46502.66,E,N,N
02/05/2023,10:00,10874.5,1870.23,5267.04,1223.8101,14322.9004,7831.9199,3503.79,1536.49,46430.6804,E1,N,N
02/05/2023,10:00,11144.2998,1946.2,5219.6699,1394.48,13784.9004,7854.3799,3466.24,1502.73,46312.9,E2,Y,N
02/05/2023,10:00,10855.7998,1861.62,5179.6201,1346.4,13522.5,8024.25,3521.1899,1447.58,45758.9598,E3,N,N
02/05/2023,10:00,10642.3008,1867.9028,5428.811,1300.6553,13928.125,7806.458,3422.897,1505.6174,45902.7673,M,N,N
02/05/2023,11:00,9962.0547,1670.0184,5778.6367,1211.489,13119.8027,7404.2876,3315.1096,1381.8793,43843.278,A3,N,N
02/05/2023,11:00,9843.3398,2057.6802,5632.3198,1397.3024,13208.7734,7111.4829,3269.3372,1411.3469,43931.5826,A6,N,N
02/05/2023,11:00,10571.9004,1743.8,4997.9199,1389.99,13822.5,7633.3501,3224.6001,1414.7,44798.7605,E,N,N
02/05/2023,11:00,10793,1737.03,5184.46,1178.9,13890,7499.54,3136.99,1451.5,44871.42,E1,N,N
02/05/2023,11:00,11000.9004,1764.0699,5127.1899,1311.8,13255.7998,7449.29,3160.8799,1389.49,44459.4199,E2,Y,N
02/05/2023,11:00,10770.5996,1660.14,5078.9502,1265.59,12954.7998,7638.6299,3225.9199,1343.83,43938.4594,E3,N,N
02/05/2023,11:00,10587.3965,1723.8394,5361.6392,1233.5115,13426.5488,7451.5244,3203.6533,1408.0619,44396.175,M,N,N
02/05/2023,12:00,9902.7129,1625.9579,5704.2954,1124.2257,12698.0137,7089.6465,3348.8391,1314.7842,42808.4754,A3,N,N
02/05/2023,12:00,9761.9863,2000.9486,5596.9448,1295.9122,12872.6133,6795.751,3394.176,1382.324,43100.6562,A6,N,N
02/05/2023,12:00,10404.5,1612.1801,4948.29,1331.23,13291.4004,7209.02,2996.1899,1300.7,43093.5104,E,N,N
02/05/2023,12:00,10611.9004,1580.74,5120.9702,1115.3101,13302.5,7024.3999,3004.9399,1346.4399,43107.2004,E1,N,N
02/05/2023,12:00,10783.5,1618.14,5037.9102,1240.4399,12701,7056.9902,2944.6201,1286.12,42668.7204,E2,Y,N
02/05/2023,12:00,10639.5,1499.27,4983.7998,1199.73,12377.5996,7257.98,2976.98,1250.62,42185.4794,E3,N,N
02/05/2023,12:00,10434.4961,1608.0039,5286.0576,1159.5452,12904.5254,7056.6865,3098.521,1316.0879,42863.9236,M,N,N
02/05/2023,13:00,9917.5869,1535.2471,5625.9526,1029.3054,12346.0811,6878.3599,3393.3975,1244.575,41970.5055,A3,N,N
02/05/2023,13:00,9800.7041,1905.6406,5574.7505,1205.6797,12523.5107,6682.9966,3473.5374,1307.0314,42473.851,A6,N,N
02/05/2023,13:00,10279,1470.92,4845.71,1279.55,12747.2998,6871.5098,2888.6101,1192.35,41574.9497,E,N,N
02/05/2023,13:00,10662.7002,1459.26,5074.21,1067.62,12621.7002,6747.1802,2980.3501,1237.09,41850.1107,E1,N,N
02/05/2023,13:00,10619.4004,1518.6801,4938.1899,1178.85,12173.0996,6760.8301,2878.99,1199.66,41267.7001,E2,Y,N
02/05/2023,13:00,10557.4004,1396.15,4892.1899,1138.58,11833.5996,6925.4302,2854.8101,1168.33,40766.4902,E3,N,N
02/05/2023,13:00,10402.5244,1503.9443,5211.3984,1091.6821,12382.708,6794.9746,3083.2068,1227.2081,41697.6467,M,N,N
02/05/2023,14:00,9883.0605,1482.171,5636.9941,981.6054,12035.2305,6664.4136,3494.4783,1182.6302,41360.5836,A3,N,N
02/05/2023,14:00,9846.9121,1853.105,5626.8408,1178.8473,12147.0322,6577.4502,3539.4133,1224.2505,41993.8514,A6,N,N
02/05/2023,14:00,10187.7002,1402.54,4775.6499,1229.49,12189.0996,6558.27,2921.25,1139.6801,40403.6798,E,N,N
02/05/2023,14:00,10574.4004,1414.26,5032.0601,1030.4399,11994.7002,6646.1201,3056.05,1212.86,40960.8907,E1,N,N
02/05/2023,14:00,10515.2002,1456.3,4867.79,1123.75,11644,6515.71,3003.27,1156.5601,40282.5803,E2,Y,N
02/05/2023,14:00,10490.7998,1361.1801,4829.3701,1085.53,11330.5996,6600.2998,2890.46,1131,39719.2394,E3,N,N
02/05/2023,14:00,10326.7227,1450.5439,5177.479,1045.1169,11892.3447,6609.1221,3183.314,1184.3052,40868.9485,M,N,N
02/05/2023,15:00,9777.9199,1489.666,5619.1519,947.0937,11792.6455,6578.1191,3521.6318,1160.7111,40886.939,A3,N,N
02/05/2023,15:00,9809.1982,1811.5121,5600.1714,1149.4148,11811.0859,6516.3052,3588.6235,1176.3293,41462.6404,A6,N,N
02/05/2023,15:00,10144,1341.5601,4766.46,1191.63,11703.2998,6354.6201,2909.1499,1112.25,39522.9699,E,N,N
02/05/2023,15:00,10400.2998,1338.5601,5033.23,1005.74,11508.7002,6484.8999,3108.76,1168.71,40048.9,E1,N,N
02/05/2023,15:00,10412.4004,1406.39,4859.6299,1087.53,11217,6381.1201,3073.0901,1129.8101,39566.9706,E2,Y,N
02/05/2023,15:00,10428.2002,1342.27,4827.8999,1044.7,10897,6382.1201,2885.5701,1110.22,38917.9803,E3,N,N
02/05/2023,15:00,10198.9082,1410.809,5169.2964,1013.3774,11506.1416,6481.415,3233.2368,1153.2334,40166.4178,M,N,N
02/05/2023,16:00,9736.8057,1474.6553,5575.9976,933.9261,11663.9795,6564.271,3597.4658,1178.9978,40726.0988,A3,N,N
02/05/2023,16:00,9819.7285,1809.9895,5486.4556,1124.6603,11658.2051,6543.1089,3698.2815,1179.1654,41319.5948,A6,N,N
02/05/2023,16:00,10157,1315.58,4774.3501,1169.22,11510,6338.54,2947.4299,1097.42,39309.54,E,N,N
02/05/2023,16:00,10313.4004,1294.9399,5009,977.137,11221.7002,6445.2798,3158.8899,1145.1899,39565.5371,E1,N,N
02/05/2023,16:00,10371.2002,1376.08,4869.1802,1063.15,11014.7998,6335.8301,3167.51,1114.13,39311.8803,E2,Y,N
02/05/2023,16:00,10419.5,1342.23,4835.1499,1017.5,10686.5996,6314.9902,2926.8201,1095.09,38637.8798,E3,N,N
02/05/2023,16:00,10142.1982,1381.0222,5149.9688,991.2617,11299.375,6448.4287,3306.4648,1146.0968,39864.8162,M,N,N
02/05/2023,17:00,9663.8018,1488.9413,5417.6206,944.8705,11734.9912,6744.7168,3598.9448,1206.818,40800.705,A3,N,N
02/05/2023,17:00,9764.7061,1850.22,5299.79,1103.1479,11616.001,6786.1191,3677.7524,1216.6909,41314.4274,A6,N,N
02/05/2023,17:00,10245.0996,1369.53,4719.29,1200.8101,11593.2998,6551.2002,2994.02,1123.7,39796.9497,E,N,N
02/05/2023,17:00,10256.4004,1305.37,4953.6602,973.122,11197,6625.54,3221.8501,1156.91,39689.8527,E1,N,N
02/05/2023,17:00,10428.0996,1431.09,4826.5,1085.25,11017.7998,6451.1899,3240.8601,1132.87,39613.6594,E2,Y,N
02/05/2023,17:00,10447.7002,1399.0699,4804.2402,1035.66,10680.0996,6490.98,2975.01,1108.88,38941.6399,E3,N,N
02/05/2023,17:00,10117.5039,1407.4362,5064.8047,1000.8013,11315.4014,6607.333,3352.5649,1165.4465,40031.2919,M,N,N
02/05/2023,18:00,9956.5898,1548.5297,5414.1538,990.4395,11967.7002,6985.0815,3573.3389,1229.9753,41665.8087,A3,N,N
02/05/2023,18:00,10039.3271,1915.5571,5270.6377,1065.2924,11799.4746,7003.2783,3631.5103,1237.9856,41963.0631,A6,N,N
02/05/2023,18:00,10437.7002,1512.35,4729.4199,1229.77,12145.7998,6941.6602,3103.9199,1203.55,41304.17,E,N,N
02/05/2023,18:00,10401,1410.89,4911.6001,985.435,11703.0996,6713.21,3205.1399,1228.41,40558.7846,E1,N,N
02/05/2023,18:00,10586.7998,1513.73,4842.2998,1116.47,11390.2998,6661.6699,3328.25,1180.26,40619.7793,E2,Y,N
02/05/2023,18:00,10549.7002,1462.86,4828.4902,1059.75,11043.9004,6834.0801,3088.6001,1148.9301,40016.3111,E3,N,N
02/05/2023,18:00,10315.6582,1490.2483,5054.5737,1030.3281,11687.1943,6785.9194,3367.272,1213.0371,40944.2311,M,N,N
02/05/2023,19:00,10333.4004,1622.2443,5459.7793,1064.0144,12461.7314,7269.4131,3638.1616,1270.3109,43119.0554,A3,N,N
02/05/2023,19:00,10367.9316,2013.1445,5276.7222,1112.0514,12244.2783,7274.3691,3663.9956,1266.8074,43219.3001,A6,N,N
02/05/2023,19:00,11073.5,1739.6899,4896,1335.67,13342.7998,7596.4199,3255.01,1302.75,44541.8396,E,N,N
02/05/2023,19:00,11186.2002,1595.48,5000.3101,1048.77,12694.4004,7260.2402,3403.0601,1287.75,43476.211,E1,N,N
02/05/2023,19:00,11227.5,1692.65,5000.2798,1227.73,12311.5,7115.8901,3505.24,1249.4,43330.1899,E2,Y,N
02/05/2023,19:00,11003.5,1587.7,4977.8999,1171.66,11975.5,7410.29,3284.3501,1213.66,42624.56,E3,N,N
02/05/2023,19:00,10918.4053,1636.3784,5151.9253,1112.8574,12491.2627,7215.6318,3514.363,1269.3396,43310.1635,M,N,N
02/05/2023,20:00,10373.876,1628.9778,5547.0181,1050.0735,12609.3877,7320.2661,3692.1165,1298.7894,43520.5051,A3,N,N
02/05/2023,20:00,10291.1582,2026.3289,5337.2573,1094.6566,12392.7754,7397.1475,3668.0615,1291.7664,43499.1518,A6,N,N
02/05/2023,20:00,11441.0996,1871.66,5120.48,1430.08,14034.5996,8008.7402,3490.6399,1429.79,46827.0893,E,N,N
02/05/2023,20:00,11430.2002,1671.26,5131.2798,1097.23,13231.7998,7590.6802,3627.79,1373.34,45153.58,E1,N,N
02/05/2023,20:00,11610.5996,1785.96,5203.8301,1321.47,12897.5,7467.4199,3763.78,1334.09,45384.6496,E2,Y,N
02/05/2023,20:00,11256.0996,1659.6801,5159.1299,1263.5699,12561.7002,7830.1602,3540.8201,1306.62,44577.78,E3,N,N
02/05/2023,20:00,11141.1455,1695.1578,5292.415,1155.6676,12916.0859,7460.7686,3693.8945,1335.7859,44690.9208,M,N,N
02/05/2023,21:00,10291.0146,1620.9536,5684.2813,1091.579,12733.3174,7176.5518,3645.6279,1310.9292,43554.2548,A3,N,N
02/05/2023,21:00,10238.9043,2049.4321,5476.3525,1151.4407,12491.0381,7210.79,3612.1741,1315.5042,43545.636,A6,N,N
02/05/2023,21:00,11480.4004,1915.59,5130.9199,1457.03,14197.2002,8027.02,3477.3501,1450.6801,47136.1907,E,N,N
02/05/2023,21:00,11321.9004,1728.71,5203.9399,1106.17,13350.5,7410.9199,3532.0901,1363.0601,45017.2904,E1,N,N
02/05/2023,21:00,11688.2998,1828.71,5219.0298,1342.72,13042.5996,7494.8799,3706.22,1356.73,45679.1891,E2,Y,N
02/05/2023,21:00,11244.2998,1690.79,5173.2002,1288.84,12707.2998,7889.1499,3530.3,1335.25,44859.1297,E3,N,N
02/05/2023,21:00,11102.6211,1726.1504,5367.4321,1179.4165,13045.2227,7361.2856,3627.0205,1343.7681,44752.917,M,N,N
02/05/2023,22:00,10098.29,1602.0433,5838.9453,1079.1589,12754.5908,7075.1934,3572.1235,1322.8286,43343.1738,A3,N,N
02/05/2023,22:00,9993.9922,2064.2056,5770.1475,1156.1783,12581.4336,7044.2476,3453.6953,1336.2891,43400.1892,A6,N,N
02/05/2023,22:00,11374.7998,1866.61,5156.0801,1433.73,14098.5996,7870.7002,3448.74,1443.46,46692.7197,E,N,N
02/05/2023,22:00,11287.4004,1723.24,5205.1499,1087.58,13363.7002,7338.25,3485.9299,1368.61,44859.8604,E1,N,N
02/05/2023,22:00,11615.7002,1798.24,5256.5298,1315.03,12966.5,7372.4399,3625.02,1361.87,45311.3299,E2,Y,N
02/05/2023,22:00,11106.7002,1667.0699,5211.02,1269.17,12629.9004,7759.4199,3490.27,1332.65,44466.2004,E3,N,N
02/05/2023,22:00,11003.333,1707.9951,5431.2578,1159.8596,13031.6191,7262.7246,3560.2739,1351.278,44508.3411,M,N,N
02/05/2023,23:00,9785.3135,1551.6448,5944.1406,1062.2323,12523.3574,6834.3589,3396.0244,1307.0959,42404.1678,A3,N,N
02/05/2023,23:00,9683.0361,1969.7588,5953.9644,1152.099,12179.3232,6695.167,3245.105,1328.3275,42206.781,A6,N,N
02/05/2023,23:00,10995.5996,1737.9301,5040.9502,1346.15,13447,7501.21,3278.51,1375.04,44722.3899,E,N,N
02/05/2023,23:00,10866.9004,1650.7,5208.3301,1055.1,12992.0996,7084.8999,3280.8,1349.75,43488.58,E1,N,N
02/05/2023,23:00,11287.7998,1733.01,5218.6802,1233.51,12746.4004,7015.6899,3389.79,1330.66,43955.5403,E2,Y,N
02/05/2023,23:00,10717.7002,1581.3,5150.73,1188.05,12184.2002,7424.21,3307.29,1285.58,42839.0604,E3,N,N
02/05/2023,23:00,10648.873,1645.1741,5454.5635,1116.329,12756.334,6979.3823,3354.791,1329.3745,43284.8214,M,N,N
02/05/2023,24:00,9433.6973,1501.0941,5903.5234,1014.4844,12380.8545,6645.0146,3180.6543,1305.5411,41364.8637,A3,N,N
02/05/2023,24:00,9338.1377,1888.5178,5858.5088,1096.2292,12133.3242,6416.6528,3021.729,1343.3839,41096.4834,A6,N,N
02/05/2023,24:00,10544.2002,1601.11,4946.79,1263.37,12743.4004,7118.8101,3047.6499,1301.1,42566.4306,E,N,N
02/05/2023,24:00,10385.5996,1579.95,5211.2202,1011.76,12549.2002,6794.71,3011.5701,1303.97,41847.9801,E1,N,N
02/05/2023,24:00,10867.7002,1657.77,5165.8701,1156.3199,12445.7002,6645.2402,3074.28,1295.24,42308.1206,E2,Y,N
02/05/2023,24:00,10254.2998,1482.37,5104.1899,1107.26,11655.9004,7097.23,3056.1101,1235.1801,40992.5403,E3,N,N
02/05/2023,24:00,10230.5654,1579.6082,5424.7148,1060.3639,12459.4912,6695.9863,3088.0623,1301.6075,41840.3996,M,N,N
02/06/2023,1:00,9124.6885,1501.224,5773.7778,925.894,12235.9209,6457.958,2911.9944,1274.949,40206.4066,A3,N,N
02/06/2023,1:00,8977.6553,1768.4465,5741.3867,991.8167,12140.2383,6002.1758,2896.4683,1305.4357,39823.6233,A6,N,N
02/06/2023,1:00,10191.7002,1504.48,4732.3799,1171.22,12075,6896.4702,2885.6599,1287.9301,40744.8403,E,N,N
02/06/2023,1:00,9954.79,1528.85,5207.1499,980.525,12332.4004,6633.9399,2873.6599,1290.84,40802.1551,E1,N,N
02/06/2023,1:00,10529.5996,1630.21,5072.4199,1079.5601,12434.7002,6349.4102,2877.3501,1307.46,41280.7101,E2,Y,N
02/06/2023,1:00,9861.2402,1396.6899,4972.79,1010.82,11136.0996,6931.6201,2894.8601,1225.16,39429.2799,E3,N,N
02/06/2023,1:00,9870.5439,1553.1823,5349.6768,995.1784,12334.3213,6481.9717,2887.5281,1291.0806,40763.4831,M,N,N
02/06/2023,2:00,8964.5596,1497.4171,5846.7632,940.121,12231.0596,6356.5337,2849.3818,1265.7699,39951.6059,A3,N,N
02/06/2023,2:00,8844.5195,1751.1455,5859.4507,1012.2327,12210.2441,6066.4736,2825.0308,1261.2784,39830.3753,A6,N,N
02/06/2023,2:00,9973.9297,1473.49,4632.8999,1121.33,11769,6785.27,2784.8999,1298.76,39839.5795,E,N,N
02/06/2023,2:00,9698.3604,1504.62,5212.2002,973.606,12229.0996,6536.8799,2795.26,1279.46,40229.4861,E1,N,N
02/06/2023,2:00,10307.5,1627.22,5042.3901,1047.96,12446,6129,2759.47,1322.39,40681.9301,E2,Y,N
02/06/2023,2:00,9606.3301,1354.0699,4918.1499,960.211,10783.0996,6830.4199,2791.24,1224.1,38467.6204,E3,N,N
02/06/2023,2:00,9657.2227,1542.7012,5365.5688,987.0928,12301.3242,6342.7656,2801.3096,1289.1091,40287.094,M,N,N
02/06/2023,3:00,8909.957,1532.434,5868.6299,974.9186,12315.8213,6442.918,2814.2742,1268.6699,40127.6229,A3,N,N
02/06/2023,3:00,8885.0693,1771.0985,5922.0776,1048.5176,12399.1016,6167.3096,2738.9822,1271.0867,40203.2431,A6,N,N
02/06/2023,3:00,9893.6201,1461.67,4586.75,1098.4301,11665.0996,6780.8999,2748.6499,1331.05,39566.1696,E,N,N
02/06/2023,3:00,9512.7695,1509.77,5215.7402,976.464,12307.4004,6494.1401,2788.49,1289.3199,40094.0941,E1,N,N
02/06/2023,3:00,10211.2998,1637.36,5036.9902,1028.11,12590.7998,6076.1602,2717.1001,1354.91,40652.7301,E2,Y,N
02/06/2023,3:00,9484.8301,1329.61,4904.4199,929.538,10646.4004,6850.8398,2758.05,1244.36,38148.0482,E3,N,N
02/06/2023,3:00,9544.3564,1559.3538,5372.2061,992.9973,12403.7012,6339.3037,2773.4402,1304.1503,40289.509,M,N,N
02/06/2023,4:00,8976.9053,1569.0682,5869.583,1034.9417,12721.2793,6589.0317,2793.3616,1301.9669,40856.1377,A3,N,N
02/06/2023,4:00,8973.3359,1811.5977,5952.3462,1120.6969,12882.5723,6368.1274,2662.418,1354.7504,41125.8448,A6,N,N
02/06/2023,4:00,9994.4199,1498.02,4591.3599,1114.84,11853.9004,6857.2002,2778.5901,1357.66,40045.9905,E,N,N
02/06/2023,4:00,9530.3301,1542.47,5204.5898,999.163,12389.7998,6520.77,2822.5801,1324.05,40333.7528,E1,N,N
02/06/2023,4:00,10271.2998,1662.78,5049.8398,1043.04,12707.9004,6156.98,2743.1799,1374.41,41009.4299,E2,Y,N
02/06/2023,4:00,9546.0996,1351.5,4909.1699,939.715,10702.7998,6933.3999,2798.3301,1251.24,38432.2543,E3,N,N
02/06/2023,4:00,9592.2207,1590.9498,5372.9702,1025.4495,12604.1621,6423.2461,2786.7358,1333.3815,40729.1157,M,N,N
02/06/2023,5:00,9235.3711,1631.5879,5849.8877,1103.7021,13157.5313,6920.2095,2874.4419,1366.5054,42139.2369,A3,N,N
02/06/2023,5:00,9244.0469,1870.3521,5928.2168,1173.6798,13390.9727,6713.418,2716.1331,1448.8196,42485.639,A6,N,N
02/06/2023,5:00,10286.9004,1575.75,4604.0298,1143.22,12328,7068.52,2889.6001,1400.03,41296.0503,E,N,N
02/06/2023,5:00,9753.3203,1597.92,5198.71,1029.6,12755.5,6713.1499,2888.9399,1342.3199,41279.46,E1,N,N
02/06/2023,5:00,10505.4004,1723.76,5081.2798,1064,13010.2998,6423.7002,2853.6899,1399.41,42061.5401,E2,Y,N
02/06/2023,5:00,9814.0801,1429.33,4952.2002,962.515,11050.7002,7158.9399,2924.1201,1287.41,39579.2955,E3,N,N
02/06/2023,5:00,9830.584,1650.5576,5374.8467,1065.4058,12972.2539,6685.9609,2872.5232,1369.1409,41821.273,M,N,N
02/06/2023,6:00,9696.2871,1739.4463,5858.2666,1172.3213,13980.2783,7432.105,3005.2634,1426.1761,44310.1441,A3,N,N
02/06/2023,6:00,9671.5234,2042.882,5898.7422,1255.8872,14178.4756,7268.8047,2834.8076,1502.5227,44653.6454,A6,N,N
02/06/2023,6:00,10930.7002,1722.65,4730.3301,1232.6801,13261.2002,7553.1299,3155.75,1463.2,44049.6405,E,N,N
02/06/2023,6:00,10273.5,1729.72,5259.5098,1122.21,13432.2002,7202.6899,3100.01,1388.83,43508.6699,E1,N,N
02/06/2023,6:00,11063.5996,1839.7,5127.54,1120.89,13633.7002,7050.0098,3138.6399,1439.28,44413.3595,E2,Y,N
02/06/2023,6:00,10394,1586.8199,5019.2202,1029.51,11958.9004,7670.1299,3231.25,1327.08,42216.9104,E3,N,N
02/06/2023,6:00,10343.7529,1769.2231,5413.5498,1138.3112,13679.5615,7228.0127,3081.4917,1417.8027,44071.7056,M,N,N
02/06/2023,7:00,10334.7979,1920.9574,5930.7827,1243.7847,14980.7539,8030.0879,3300.3447,1489.3833,47230.8925,A3,N,N
02/06/2023,7:00,10306.6172,2187.5288,5942.1973,1353.4724,15318.1387,7823.5229,3125.761,1581.0697,47638.308,A6,N,N
02/06/2023,7:00,11837.7998,1936.98,4926.3301,1387.25,14735.7002,8295.7803,3617.4099,1596.1,48333.3503,E,N,N
02/06/2023,7:00,10992.4004,1921.86,5420.1201,1276.3101,14803.2002,7886.8501,3430.1899,1547.86,47278.7908,E1,N,N
02/06/2023,7:00,11859.4004,2004.89,5264.9702,1220.3101,14540.2002,8005.3599,3646.01,1510.3,48051.4408,E2,Y,N
02/06/2023,7:00,11224.2002,1816.47,5177.9902,1145.6,13384.0996,8450.54,3776.3301,1429.38,46404.6101,E3,N,N
02/06/2023,7:00,11061.502,1948.9622,5537.4395,1247.0967,14775.002,7973.2266,3458.5618,1516.168,47517.9588,M,N,N
02/06/2023,8:00,10797.6094,1960.1095,5860.335,1270.3263,15437.9883,8266.2559,3433.9004,1505.104,48531.6288,A3,N,N
02/06/2023,8:00,10543.7979,2260.1868,5735.2061,1395.9468,15721.8398,8145.3442,3219.2161,1596.3489,48617.8866,A6,N,N
02/06/2023,8:00,12191.2998,2018.02,5001.04,1455.5601,15511.5,8649.4404,3845.5801,1641.02,50313.4604,E,N,N
02/06/2023,8:00,11265.5996,1968.83,5467.4502,1323.9301,15370.2998,8140.4902,3511.22,1602.86,48650.6799,E1,N,N
02/06/2023,8:00,12176.5996,2056.1499,5293.5601,1263.04,14977.2998,8478.8203,3905.04,1534.98,49685.4897,E2,Y,N
02/06/2023,8:00,11597.2002,1893.96,5241.0698,1194.21,13992.7002,8837.2197,4052.1201,1442.79,48251.27,E3,N,N
02/06/2023,8:00,11411.793,1994.7678,5539.7188,1286.1472,15262.9473,8293.6416,3615.665,1548.2002,48952.8809,M,N,N
02/06/2023,9:00,10693.1738,1891.7842,5834.9717,1264.4164,14902.8809,8106.6304,3356.4504,1453.9382,47504.246,A3,N,N
02/06/2023,9:00,10357.7334,2210.2742,5620.2021,1383.5842,15146.8789,8080.0889,3212.9739,1557.7378,47569.4734,A6,N,N
02/06/2023,9:00,12128.7002,1924.29,4902.0601,1431.23,15357.9004,8420.1504,3683.8799,1582.0699,49430.2809,E,N,N
02/06/2023,9:00,11204,1871.77,5423.0098,1323.3199,15216.7002,7930.3599,3449.8301,1534.72,47953.7099,E1,N,N
02/06/2023,9:00,12192.5,1975.21,5206.7998,1250.4,14774.7998,8259.0498,3742.03,1479.7,48880.4894,E2,Y,N
02/06/2023,9:00,11670.5996,1807.62,5136.7798,1173.52,13716.4004,8622.8496,3862.21,1400.2,47390.1794,E3,N,N
02/06/2023,9:00,11361.6328,1912.51,5487.6084,1279.8181,14967.3125,8096.9971,3515.4409,1489.9054,48111.2252,M,N,N
02/06/2023,10:00,10765.291,1841.2653,5794.606,1211.0419,14551.4844,7830.7847,3377.8274,1400.7583,46773.059,A3,N,N
02/06/2023,10:00,10544.5264,2168.342,5601.0801,1416.8279,14643.8008,7568.9204,3346.543,1468.4045,46758.4451,A6,N,N
02/06/2023,10:00,11938,1866.9399,4809.8101,1428.83,15022.4004,8013.6802,3538.8601,1511.08,48129.6007,E,N,N
02/06/2023,10:00,11219,1815.86,5360.79,1300.98,14829.4004,7658.5098,3360.8401,1439.79,46985.1703,E1,N,N
02/06/2023,10:00,12095.5,1915.84,5108.04,1242.2,14476.5996,7855.1001,3609.25,1411.22,47713.7497,E2,Y,N
02/06/2023,10:00,11673.7998,1771.08,5040.3101,1166.41,13534.2002,8227.4404,3688.1699,1350.97,46452.3804,E3,N,N
02/06/2023,10:00,11358.5215,1857.2373,5420.542,1251.9031,14621.2637,7780.2354,3448.4211,1417.4814,47155.6055,M,N,N
02/06/2023,11:00,10778.8174,1730.3375,5759.1943,1144.571,14050.8418,7579.8564,3401.501,1341.2992,45786.4186,A3,N,N
02/06/2023,11:00,10477.9932,2063.2244,5617.8687,1385.183,13941.3867,7269.6235,3394.5164,1395.0814,45544.8773,A6,N,N
02/06/2023,11:00,11759.5996,1756.12,4763.1802,1393,14740.7998,7639.7002,3385.5,1456.22,46894.1198,E,N,N
02/06/2023,11:00,11113.2002,1709.67,5286.2202,1263.77,14582,7375.7798,3316.3,1389.45,46036.3902,E1,N,N
02/06/2023,11:00,12030.2002,1806.22,5050.9102,1212.41,14206.5996,7503.4502,3485.74,1359.87,46655.4002,E2,Y,N
02/06/2023,11:00,11686.2998,1679.3101,5021.48,1129.53,13490.2998,7860.8999,3504.9099,1333.26,45705.9895,E3,N,N
02/06/2023,11:00,11305.4648,1748.3519,5364.6494,1207.4856,14282.8359,7485.2568,3400.3315,1363.7988,46158.1747,M,N,N
02/06/2023,12:00,10729.499,1692.7988,5652.2368,1088.012,13560.7451,7308.4175,3484.7866,1314.9355,44831.4313,A3,N,N
02/06/2023,12:00,10461.9756,1997.9052,5522.1206,1295.9119,13766.0215,7116.771,3512.0081,1377.2958,45050.0097,A6,N,N
02/06/2023,12:00,11612.7998,1672.96,4726.6201,1350.52,14382,7315.6899,3260.78,1391.9301,45713.2999,E,N,N
02/06/2023,12:00,11180.0996,1614.23,5179.9702,1209.9,14234.0996,7096.4199,3278.75,1327.48,45120.9493,E1,N,N
02/06/2023,12:00,11960.7002,1729.4301,4989.4399,1178.3,13916.5,7193.98,3413.8201,1313.96,45696.1303,E2,Y,N
02/06/2023,12:00,11694,1630.9301,4986.1201,1093.64,13461.0996,7532.3101,3363.01,1310.49,45071.5999,E3,N,N
02/06/2023,12:00,11289,1678.1738,5272.9434,1159.249,13907.085,7198.5742,3391.3154,1318.8788,45215.2196,M,N,N
02/06/2023,13:00,10833.3838,1586.605,5611.6855,1011.7579,13195.7236,7129.1494,3556.7849,1259.4562,44184.5463,A3,N,N
02/06/2023,13:00,10597.043,1896.1785,5517.7681,1208.8822,13323.1748,7005.9956,3599.0269,1295.5952,44443.6643,A6,N,N
02/06/2023,13:00,11512.7998,1605.03,4646.6099,1317.49,13918.9004,7051.4502,3218.6299,1306.74,44577.6502,E,N,N
02/06/2023,13:00,11239.5996,1535.35,5125.1299,1138.09,13704.7998,7005.5801,3286.1599,1229.38,44264.0893,E1,N,N
02/06/2023,13:00,11940.0996,1663.91,4927.1699,1143.5601,13600,6965.3398,3411.1699,1253.84,44905.0893,E2,Y,N
02/06/2023,13:00,11700,1598.8,4927.8901,1067.65,13381.7002,7259.5298,3308.48,1255.6,44499.6501,E3,N,N
02/06/2023,13:00,11336.7129,1594.689,5220.3667,1098.2056,13502.2207,7033.0791,3416.7197,1247.377,44449.3707,M,N,N
02/06/2023,14:00,10952.8027,1525.4358,5653.3262,980.8209,12928.7383,6998.3911,3626.9729,1229.4174,43895.9053,A3,N,N
02/06/2023,14:00,10736.5723,1826.7982,5596.0137,1195.7727,12977.7588,6947.2539,3690.1426,1248.8325,44219.1447,A6,N,N
02/06/2023,14:00,11511.2002,1557.95,4626.5,1291.5601,13513.2002,6840.7002,3240.3501,1269.92,43851.3808,E,N,N
02/06/2023,14:00,11196.7998,1525.3101,5108.54,1090.25,13172.5996,6926.1401,3310.8,1185.13,43515.5696,E1,N,N
02/06/2023,14:00,12005.0996,1625.7,4899.2202,1118.8,13321.9004,6833.77,3470.98,1231.85,44507.3202,E2,Y,N
02/06/2023,14:00,11747.2998,1586.84,4912.8701,1046.27,13144.7002,7043.9902,3343.22,1258.24,44083.4303,E3,N,N
02/06/2023,14:00,11383.0195,1558.4802,5219.2441,1063.5601,13141.3955,6919.501,3467.9966,1215.1625,43968.3595,M,N,N
02/06/2023,15:00,10885.4238,1559.0602,5636.874,949.3259,12509.7275,6951.5313,3662.9978,1213.4818,43368.4223,A3,N,N
02/06/2023,15:00,10780.9043,1799.8127,5571.6768,1167.1226,12587.2256,6927.5156,3763.6614,1213.1329,43811.0519,A6,N,N
02/06/2023,15:00,11489.5,1510.54,4601.9199,1272.73,13074.9004,6682.4902,3251.02,1245.53,43128.6305,E,N,N
02/06/2023,15:00,11134.9004,1453.98,5051.1299,1043.71,12727.5,6800.8398,3350.95,1149.6801,42712.6902,E1,N,N
02/06/2023,15:00,12051.5996,1590.1899,4857.48,1096.3,13046,6759.8999,3512.03,1217.98,44131.4794,E2,Y,N
02/06/2023,15:00,11726.2002,1557.01,4861.4702,1052.8199,12887.2998,6872.3999,3359.8799,1263.59,43580.6699,E3,N,N
02/06/2023,15:00,11355.084,1533.6057,5180.5215,1029.918,12760.7402,6837.0581,3507.0823,1193.2737,43397.2835,M,N,N
02/06/2023,16:00,10880.9102,1526.6333,5556.063,945.9671,12388.9717,6941.2554,3736.5166,1226.7096,43203.0269,A3,N,N
02/06/2023,16:00,10880.6143,1798.1797,5442.5269,1134.7576,12404.1416,6971.855,3884.7993,1210.6805,43727.5549,A6,N,N
02/06/2023,16:00,11492.4004,1464.08,4606.9502,1260.4301,12794.7998,6628.02,3293.8799,1221.45,42762.0104,E,N,N
02/06/2023,16:00,11112.7998,1406.12,5034,995.003,12498.2998,6797.0098,3384.76,1109.71,42337.7024,E1,N,N
02/06/2023,16:00,12107.2002,1555.9399,4850.8198,1083.86,12874,6764.02,3566.8201,1199.89,44002.55,E2,Y,N
02/06/2023,16:00,11709.7998,1513.12,4854.04,1044.98,12718.2998,6786.4502,3406.3501,1280.6801,43313.72,E3,N,N
02/06/2023,16:00,11364.4287,1495.3301,5145.8315,1008.144,12586.2031,6833.7246,3560.9194,1178.0793,43172.6607,M,N,N
02/06/2023,17:00,10832.0146,1538.0122,5463.062,948.7324,12379.5439,7141.9639,3746.6228,1250.4093,43300.3611,A3,N,N
02/06/2023,17:00,10850.4727,1839.4464,5316.2363,1103.8826,12267.2305,7218.9155,3874.124,1239.9519,43710.2599,A6,N,N
02/06/2023,17:00,11489.5,1476.64,4612.04,1263.5,12715.5996,6688.4199,3342.1201,1227.04,42814.8596,E,N,N
02/06/2023,17:00,11077.7998,1429.85,5006.6802,988.821,12484.2002,6936.1001,3400.7,1109.1899,42433.3412,E1,N,N
02/06/2023,17:00,12155.0996,1569.24,4860.6899,1078.4301,12823.2002,6937.54,3620.23,1205.5699,44249.9997,E2,Y,N
02/06/2023,17:00,11652.7002,1533.8,4849.9399,1055.39,12766.5996,6823.7998,3460.6699,1331.4,43474.2994,E3,N,N
02/06/2023,17:00,11352.1992,1511.5422,5109.1094,1005.1627,12561.5342,7004.5103,3587.2993,1187.5978,43318.9551,M,N,N
02/06/2023,18:00,11044.0068,1568.8801,5444.5996,996.5225,12499.6396,7351.687,3735.6558,1259.6943,43900.6857,A3,N,N
02/06/2023,18:00,11093.1436,1865.7715,5270.0996,1058.3427,12305.252,7436.6938,3823.8347,1251.2018,44104.3397,A6,N,N
02/06/2023,18:00,11461.7998,1503.99,4584.0601,1270.89,12938.0996,6931.7402,3404.1101,1236.1801,43330.8699,E,N,N
02/06/2023,18:00,11031.4004,1456.84,4902.4399,1020.86,12623,7117.0698,3398.9099,1145.7,42696.22,E1,N,N
02/06/2023,18:00,12163.4004,1587.6,4849.2002,1065.41,12906.7998,7202.7998,3664.55,1213.09,44652.8502,E2,Y,N
02/06/2023,18:00,11559.7998,1559.23,4829.3901,1046.9399,12926,7038.3901,3536.3401,1316.61,43812.7,E3,N,N
02/06/2023,18:00,11409.1211,1536.9641,5063.7832,1027.5302,12675.9453,7222.7842,3597.6975,1205.5569,43739.3825,M,N,N
02/06/2023,19:00,11277.7607,1632.8152,5548.1313,1076.7264,12777.4492,7619.9717,3844.4175,1292.157,45069.429,A3,N,N
02/06/2023,19:00,11290.3682,1914.135,5330.2656,1107.6804,12551.5586,7695.2461,3856.5488,1276.4801,45022.2828,A6,N,N
02/06/2023,19:00,11723.7002,1598.25,4749.4399,1326.5699,13621.9004,7236.7998,3504.1899,1301.78,45062.6301,E,N,N
02/06/2023,19:00,11361.9004,1576.01,5068.0098,1081.48,13430,7489.7002,3496.1499,1265.1801,44768.4304,E1,N,N
02/06/2023,19:00,12404.4004,1653.91,4993.52,1089.1,13184,7606.8301,3772.8999,1256.8101,45961.4705,E2,Y,N
02/06/2023,19:00,11770.7002,1643.25,4987.79,1076.3,13279.2002,7351.1899,3663.3601,1355.27,45127.0604,E3,N,N
02/06/2023,19:00,11678.1592,1620.4626,5201.8687,1082.426,13133.4785,7571.3428,3702.4058,1271.3204,45261.464,M,N,N
02/06/2023,20:00,11203.4951,1612.2058,5616.7471,1068.7661,12552.6221,7562.9185,3879.866,1298.4061,44795.0268,A3,N,N
02/06/2023,20:00,11160.1006,1861.2964,5383.6006,1096.7891,12325.2295,7753.2256,3844.9021,1286.1497,44711.2936,A6,N,N
02/06/2023,20:00,11748.7002,1647.35,4893.77,1367.66,13979.0996,7410.54,3658.53,1395.73,46101.3798,E,N,N
02/06/2023,20:00,11478.2998,1600.29,5210,1123.0699,13643.5996,7614.3501,3608.75,1374.1801,45652.5395,E1,N,N
02/06/2023,20:00,12403.2998,1678.64,5102.8501,1108.37,13242.2998,7797.71,3903.78,1291.42,46528.3697,E2,Y,N
02/06/2023,20:00,11798.0996,1665.02,5127.8701,1100.27,13267,7539.9502,3833.5901,1376.34,45708.14,E3,N,N
02/06/2023,20:00,11692.8643,1630.0779,5308.8672,1100.2987,13151.1484,7657.8867,3795.5781,1321.8639,45658.5852,M,N,N
02/06/2023,21:00,10949.2314,1566.3457,5648.1392,1100.814,12407.6016,7297.4141,3833.812,1286.3289,44089.6869,A3,N,N
02/06/2023,21:00,10926.7793,1813.5237,5440.5303,1137.3086,12161.6338,7460.3218,3773.9773,1291.9878,44006.0626,A6,N,N
02/06/2023,21:00,11547.2002,1650.5601,4904.71,1348.0601,13855.4004,7330.9702,3638.5801,1393.12,45668.6011,E,N,N
02/06/2023,21:00,11286.7002,1575.58,5277,1098.84,13231.4004,7469.98,3554.8,1327.59,44821.8906,E1,N,N
02/06/2023,21:00,12217.5,1667.55,5115.8901,1091.62,13068.2998,7655.4199,3860.3501,1300.3,45976.9299,E2,Y,N
02/06/2023,21:00,11615.7002,1643.79,5146.7402,1086.21,12947.0996,7466.5298,3815.1101,1351.99,45073.1699,E3,N,N
02/06/2023,21:00,11482.5,1602.8828,5346.3096,1097.1089,12905.7246,7474.2285,3747.7056,1304.9681,44961.4281,M,N,N
02/06/2023,22:00,10558.6113,1509.984,5828.8457,1071.707,12052.6768,6977.4282,3694.8823,1271.337,42965.4723,A3,N,N
02/06/2023,22:00,10501.7881,1767.2919,5757.6763,1129.9176,11859.4199,7116.6348,3554.7083,1288.9939,42976.4308,A6,N,N
02/06/2023,22:00,11164.2998,1587.2,4917.3301,1310.09,13441.0996,7108.8501,3552.8799,1358.71,44440.4595,E,N,N
02/06/2023,22:00,10990.2002,1501.74,5308.71,1039.55,12762.5,7253.5298,3485.6001,1258.03,43599.8601,E1,N,N
02/06/2023,22:00,11897.4004,1614.9399,5160.02,1071.03,12711.2002,7350.23,3734.95,1279.4,44819.1705,E2,Y,N
02/06/2023,22:00,11288,1566.27,5181.2598,1064.5601,12369.4004,7243.4399,3710.9299,1295.41,43719.2701,E3,N,N
02/06/2023,22:00,11147.1523,1541.8165,5431.2871,1060.5503,12511.3301,7194.3281,3636.9487,1269.4735,43792.8866,M,N,N
02/06/2023,23:00,10042.9971,1430.595,5906.0015,1021.7613,11515.5518,6517.146,3469.0376,1238.8116,41141.9019,A3,N,N
02/06/2023,23:00,9931.0918,1649.6226,5913.021,1103.4731,11418.0459,6630.1333,3295.2361,1256.8032,41197.427,A6,N,N
02/06/2023,23:00,10658.5996,1482.08,4885.8501,1226.34,12663.7002,6750.46,3328.46,1276.3101,42271.8,E,N,N
02/06/2023,23:00,10432.0996,1409.24,5298.4302,977.633,11972.5,6730.6201,3256.0601,1173.14,41249.723,E1,N,N
02/06/2023,23:00,11372.7998,1531.53,5159.0801,1007.87,12018.9004,6859.9199,3457.02,1217.49,42624.6102,E2,Y,N
02/06/2023,23:00,10776,1471.1899,5133.5698,1006.59,11639.5,6869.8501,3456.77,1217.4301,41570.8999,E3,N,N
02/06/2023,23:00,10614.127,1456.6428,5452.9434,1002.1736,11837.0195,6702.8428,3392.6594,1209.4471,41667.8556,M,N,N
02/06/2023,24:00,9554.9834,1349.3588,5872.8931,967.7405,11163.9746,6170.7119,3222.3516,1219.541,39521.5549,A3,N,N
02/06/2023,24:00,9419.4004,1542.3872,5825.7437,1052.6101,11176.4668,6264.8677,3035.2813,1250.8489,39567.6061,A6,N,N
02/06/2023,24:00,10109,1373.09,4863.8501,1156.71,11880.4004,6382.5,3080.0901,1217.22,40062.8606,E,N,N
02/06/2023,24:00,9851.4297,1311.38,5276.8501,910.346,11069.5,6203.8501,2990.3501,1116.51,38730.216,E1,N,N
02/06/2023,24:00,10794.9004,1441.99,5150.6099,956.138,11299.5,6328.6899,3155.8799,1162.52,40290.2281,E2,Y,N
02/06/2023,24:00,10211.7998,1366.85,5088.21,957.041,10855.2998,6481.8301,3189.9099,1149.62,39300.5606,E3,N,N
02/06/2023,24:00,10064.9482,1367.0143,5431.8853,944.3976,11176.5771,6234.1118,3121.5356,1165.6936,39506.1635,M,N,N
02/07/2023,1:00,9214.9434,1276.7168,5722.6416,870.7845,10707.458,5802.2148,2928.9844,1170.3661,37694.1096,A3,N,N
02/07/2023,1:00,8971.5566,1415.2581,5661.7798,938.738,10719.0957,5566.936,2885.9238,1191.4807,37350.7687,A6,N,N
02/07/2023,1:00,9698.4297,1281.96,4848.6802,1085.84,11259.2998,6080.46,2872.95,1193.79,38321.4097,E,N,N
02/07/2023,1:00,9363.6396,1241.65,5224.1099,871.06,10360.7998,5793.71,2767.3,1137.4399,36759.7092,E1,N,N
02/07/2023,1:00,10284.7002,1365.54,5146.4702,895.234,10523.4004,5947.0898,2907.6799,1115.3,38185.4145,E2,N,N
02/07/2023,1:00,9757.8604,1312.9,5019.48,909.028,10392.2002,6158.1499,2984.3799,1122.23,37656.2284,E3,Y,N
02/07/2023,1:00,9618.5195,1294.1057,5363.0044,878.9465,10528.8555,5847.1318,2866.9814,1140.9995,37538.5443,M,N,N
02/07/2023,2:00,8970.582,1254.7487,5807.7539,886.4992,10550.0225,5648.2979,2832.4402,1167.36,37117.7044,A3,N,N
02/07/2023,2:00,8682.6426,1372.6582,5769.0615,954.635,10540.502,5405.8516,2775.6191,1181.5791,36682.5491,A6,N,N
02/07/2023,2:00,9408.2998,1222.91,4854.25,1043.17,10882.4004,5833.9199,2719.8899,1190.34,37155.18,E,N,N
02/07/2023,2:00,9096.2305,1195.05,5205.6602,853.905,9924.04,5542.1802,2626.77,1180.99,35624.8259,E1,N,N
02/07/2023,2:00,9937.0996,1303.3,5147.54,856.736,10031.2002,5668.6899,2744.25,1102.36,36791.1757,E2,N,N
02/07/2023,2:00,9454.8896,1271.29,4986.7798,876.826,10045.5996,5886.6299,2823.1399,1124.92,36470.0748,E3,Y,N
02/07/2023,2:00,9332.2539,1250.4731,5385.1719,865.5953,10165.9775,5618.9473,2733.4097,1150.5442,36502.3729,M,N,N
02/07/2023,3:00,8813.0234,1245.5352,5864.6187,921.6483,10534.1963,5548.5518,2766.7432,1185.3804,36879.6973,A3,N,N
02/07/2023,3:00,8521.1309,1367.1594,5809.377,993.2811,10533.6309,5300.1235,2703.3069,1201.6492,36429.6589,A6,N,N
02/07/2023,3:00,9258.2695,1198.8,4903.0098,1025.48,10664.2002,5710.2998,2612.8101,1201.22,36574.0894,E,N,N
02/07/2023,3:00,8954.0303,1184.37,5208.8301,859.36,9685.7002,5428.5298,2543.3301,1226.64,35090.7905,E1,N,N
02/07/2023,3:00,9716.3701,1276.53,5185.9399,842.144,9725.9902,5527.1401,2639.48,1098.09,36011.6843,E2,N,N
02/07/2023,3:00,9281.5801,1262.59,5026.6401,867.793,9924.7598,5752.3701,2725.5601,1144.42,35985.7132,E3,Y,N
02/07/2023,3:00,9159.0703,1234.9673,5417.6865,874.2339,9979,5500.6787,2648.7861,1170.6028,35985.0256,M,N,N
02/07/2023,4:00,8830.6729,1249.7629,5903.1885,941.1497,10689.0488,5560.1016,2701.5642,1207.4144,37082.903,A3,N,N
02/07/2023,4:00,8501.1641,1383.5533,5851.7944,1033.2427,10702.8701,5345.3535,2637.4707,1252.8339,36708.2827,A6,N,N
02/07/2023,4:00,9243.2402,1206.16,4882.5898,1029.28,10679.7998,5710.6001,2574.5901,1217.7,36543.96,E,N,N
02/07/2023,4:00,9024.75,1202.87,5215.9399,872.258,9865.8799,5477.7202,2545.04,1240.55,35445.008,E1,N,N
02/07/2023,4:00,9682.8701,1274.33,5165.27,855.113,9754.3604,5510.3301,2613.74,1132.89,35988.9036,E2,N,N
02/07/2023,4:00,9283.2402,1255.78,4990.3901,879.264,9896.7002,5763.0298,2690.22,1175.51,35934.1343,E3,Y,N
02/07/2023,4:00,9177.8848,1241.9265,5426.0107,889.3344,10100.7246,5515.6675,2619.364,1194.0875,36165,M,N,N
02/07/2023,5:00,8985.1855,1269.6095,5882.125,994.3846,10979.1084,5719.6152,2744.5078,1253.4895,37828.0255,A3,N,N
02/07/2023,5:00,8627.7031,1407.9301,5842.231,1070.095,11051.7412,5503.7104,2667.696,1313.7117,37484.8185,A6,N,N
02/07/2023,5:00,9443.7002,1273.91,4929.8701,1049.8199,10911.7002,5884.77,2608.55,1255.63,37357.9504,E,N,N
02/07/2023,5:00,9265.1797,1290.62,5218.5698,907.736,10252.2002,5702.71,2599.3,1254.85,36491.1657,E1,N,N
02/07/2023,5:00,9846.9102,1346.7,5191.73,892.696,10099,5697.98,2655.95,1192.58,36923.5462,E2,N,N
02/07/2023,5:00,9474.8096,1315.28,5007.9702,909.19,10186.5996,5962.0801,2735.53,1240.6,36832.0595,E3,Y,N
02/07/2023,5:00,9364.7529,1302.193,5428.686,931.3669,10441.5244,5706.728,2665.9131,1233.8519,37075.0162,M,N,N
02/07/2023,6:00,9482.5459,1344.9706,5877.6328,1049.1964,11692.7295,6097.1499,2841.0994,1312.3739,39697.6984,A3,N,N
02/07/2023,6:00,9078.7842,1523.4329,5864.0801,1134.5156,11779.1357,5903.6816,2756.3469,1350.0131,39389.9901,A6,N,N
02/07/2023,6:00,9973.0195,1414.21,5029.8999,1103.9,11612.2002,6360.8301,2787.1799,1293.16,39574.3996,E,N,N
02/07/2023,6:00,9801.9697,1434.16,5310.3398,1033.2,11128.0996,6172.5298,2798.4099,1310.52,38989.2288,E1,N,N
02/07/2023,6:00,10314.7002,1504.9399,5244.54,970.496,11004.7002,6219.6699,2853.46,1286.8,39399.3062,E2,N,N
02/07/2023,6:00,10003.2998,1454.92,5134.5698,973.647,11071,6494.75,2957.0601,1325.01,39414.2567,E3,Y,N
02/07/2023,6:00,9865.7617,1428.085,5475.833,1017.7865,11273.7061,6163.2109,2830.6641,1303.3042,39358.3515,M,N,N
02/07/2023,7:00,10230.9463,1475.7483,5934.3013,1109.1113,12879.2656,6642.8164,3147.8818,1388.6804,42808.7514,A3,N,N
02/07/2023,7:00,9820.3545,1657.1003,5958.1001,1164.1123,12812.2773,6432.8447,3051.6406,1414.6074,42311.0372,A6,N,N
02/07/2023,7:00,10747.2002,1648.42,5195.29,1224.96,12765,7176.04,3149.47,1441.1899,43347.5701,E,N,N
02/07/2023,7:00,10478.4004,1666.5601,5529.3198,1224.4,12575.4004,6901.3301,3124.4099,1417.45,42917.2707,E1,N,N
02/07/2023,7:00,11003,1756.11,5380.0698,1115.45,12476,7164.3101,3240.8799,1473.98,43609.7998,E2,N,N
02/07/2023,7:00,10767.5,1675.71,5346.73,1101.73,12578,7392.8999,3403.1599,1520.39,43786.1198,E3,Y,N
02/07/2023,7:00,10569.8594,1633.1438,5613.7109,1150.4012,12642.874,6902.8037,3170.5908,1426.611,43109.9948,M,N,N
02/07/2023,8:00,10487.8379,1518.7059,5843.1318,1167.9038,13439.0586,7009.0557,3279.5171,1420.1816,44165.3924,A3,N,N
02/07/2023,8:00,10186.4395,1734.0162,5736.249,1205.3992,13371.7773,6770.3799,3197.937,1455.1033,43657.3014,A6,N,N
02/07/2023,8:00,11080.9004,1748.28,5231.25,1286.0601,13410.7002,7628.3501,3304.6001,1510.64,45200.7809,E,N,N
02/07/2023,8:00,10764,1733.0699,5605.1699,1309.97,13370.7998,7222.71,3222.8999,1463.95,44692.5695,E1,N,N
02/07/2023,8:00,11290,1848.12,5386.3501,1187.98,13259,7687.27,3407.01,1559.03,45624.7601,E2,N,N
02/07/2023,8:00,11108.5996,1768.4301,5391.8501,1173.47,13436.7002,7889.6499,3589.6399,1578.33,45936.6698,E3,Y,N
02/07/2023,8:00,10846.4473,1700.2964,5611.4873,1222.8315,13356.4316,7305.5093,3302.3403,1480.8828,44826.2265,M,N,N
02/07/2023,9:00,10604.9434,1490.9865,5797.5034,1138.8391,13176.2832,7038.3467,3269.1377,1394.7908,43910.8308,A3,N,N
02/07/2023,9:00,10309.627,1751.4647,5607.3369,1209.6693,13298.3613,6854.1694,3193.9722,1418.5603,43643.1611,A6,N,N
02/07/2023,9:00,11189.4004,1727.33,5121.71,1291.1899,13503.4004,7608.7002,3244.74,1495.3101,45181.781,E,N,N
02/07/2023,9:00,10918.9004,1719.85,5490.27,1264.3199,13326.7998,7418.6802,3221.53,1431.9,44792.2503,E1,N,N
02/07/2023,9:00,11408.0996,1805.45,5290.75,1190.5699,13236.5996,7627.1401,3329.54,1521.37,45409.5192,E2,N,N
02/07/2023,9:00,11231.0996,1754.8,5249.1602,1186.3101,13514.9004,7845.8599,3498.0601,1566.4,45846.5903,E3,Y,N
02/07/2023,9:00,10976.7305,1672.573,5525.8154,1198.5737,13247.3633,7361.9619,3272.884,1449.1791,44705.0809,M,N,N
02/07/2023,10:00,10931.2705,1493.4512,5741.313,1123.8934,13131.6816,7054.3013,3333.001,1369.4644,44178.3764,A3,N,N
02/07/2023,10:00,10555.0391,1783.1503,5548.4478,1275.9478,13331.2881,6912.6792,3272.9634,1380.0931,44059.6088,A6,N,N
02/07/2023,10:00,11304.2002,1736.99,5029.3701,1321.26,13624.7002,7509.5,3255.9399,1484.64,45266.6004,E,N,N
02/07/2023,10:00,11107.5996,1677.24,5458.0601,1270.0699,13512.7002,7177.6802,3214.3201,1414.11,44831.7801,E1,N,N
02/07/2023,10:00,11578.5,1797.21,5222.1699,1203.55,13237.7998,7499.77,3297.5701,1464.95,45301.5198,E2,N,N
02/07/2023,10:00,11369.5,1752.35,5145.77,1219.41,13604.7002,7715.5,3486.4399,1532.0601,45825.7302,E3,Y,N
02/07/2023,10:00,11204.8086,1656.1797,5473.6899,1199.8801,13296.248,7243.2554,3280.9575,1416.1542,44771.1734,M,N,N
02/07/2023,11:00,11148.2422,1492.8301,5759.3037,1089.0947,13118.9551,7062.1289,3398.5652,1323.3508,44392.4707,A3,N,N
02/07/2023,11:00,10771.8193,1776.1158,5622.0469,1279.4573,13335.1504,6898.6714,3368.7517,1327.0394,44379.0522,A6,N,N
02/07/2023,11:00,11419.2998,1703.1801,5041.8799,1326.95,13740.7998,7377.2998,3238.9199,1453.85,45302.1793,E,N,N
02/07/2023,11:00,11286.2002,1685.49,5402.6699,1242,13589.5,7256.3701,3238.28,1381.3101,45081.8203,E1,N,N
02/07/2023,11:00,11739.5996,1734.91,5193.52,1191.5601,13243.5,7375.0298,3283.04,1411.7,45172.8595,E2,N,N
02/07/2023,11:00,11487.7002,1716.14,5161.5801,1222.4301,13691.0996,7565.5898,3459.55,1498.55,45802.6398,E3,Y,N
02/07/2023,11:00,11390.2969,1638.2209,5451.3398,1174.8961,13320.041,7231.4287,3305.9453,1372.2122,44884.3809,M,N,N
02/07/2023,12:00,11229.7842,1502.7935,5717.3564,1057.9248,13012.0215,7029.4995,3524.751,1311.5112,44385.6421,A3,N,N
02/07/2023,12:00,10930.3545,1783.7711,5602.4067,1239.0375,13215.8887,6899.8506,3527.5801,1337.0826,44535.9718,A6,N,N
02/07/2023,12:00,11508.9004,1657.48,5004.2202,1303.9,13830.7998,7205.3701,3222.8701,1428.1801,45161.7207,E,N,N
02/07/2023,12:00,11288.7998,1694.99,5265.25,1185.16,13566.2002,7262.3901,3267.4399,1364.28,44894.51,E1,N,N
02/07/2023,12:00,11871.7002,1680.55,5110.79,1160.97,13202.2998,7237.71,3312.9199,1386.98,44963.9199,E2,N,N
02/07/2023,12:00,11577.7002,1672.8,5118.5498,1197.85,13658.0996,7375.29,3439.0801,1464.65,45504.0197,E3,Y,N
02/07/2023,12:00,11461.6816,1626.8,5363.4736,1135.1897,13263.2344,7177.3916,3367.3611,1354.3573,44749.4893,M,N,N
02/07/2023,13:00,11352.0996,1443.7466,5674.8804,1006.8172,12895.7051,7012.9126,3632.2361,1269.8085,44288.2061,A3,N,N
02/07/2023,13:00,11114.9863,1746.7148,5612.6099,1164.4814,13052.8604,6929.166,3654.5427,1280.6322,44555.9937,A6,N,N
02/07/2023,13:00,11530.5996,1628.02,4955.6802,1293.39,13755.7002,7065.9702,3258.77,1338.55,44826.6802,E,N,N
02/07/2023,13:00,11269.9004,1652.9399,5162.6499,1137.55,13298.4004,7222.2402,3282.8201,1301.45,44327.9509,E1,N,N
02/07/2023,13:00,11930.5,1643.59,5049.8501,1135.83,13014.7002,7143.9399,3381.0701,1305.26,44604.7403,E2,N,N
02/07/2023,13:00,11597.7002,1636.01,5067.9302,1170.03,13365,7231.8101,3483.21,1375.4,44927.0905,E3,Y,N
02/07/2023,13:00,11515.0244,1580.8208,5294.4624,1093.8406,13071.8906,7127.3232,3430.55,1292.2656,44406.1776,M,N,N
02/07/2023,14:00,11477.124,1418.4625,5706.8833,991.1515,12772.4668,6990.2681,3729.8884,1249.6478,44335.8924,A3,N,N
02/07/2023,14:00,11234.8926,1732.8749,5690.0005,1165.7936,12882.1689,6965.9043,3776.1794,1251.0332,44698.8474,A6,N,N
02/07/2023,14:00,11618.7002,1598.74,4955.7798,1280.35,13619.7998,6935.77,3287.6399,1311.5,44608.2797,E,N,N
02/07/2023,14:00,11292.7998,1629.21,5156.7598,1110.46,13005.5996,7143.0801,3363.1699,1268.77,43969.8492,E1,N,N
02/07/2023,14:00,12032.0996,1618.46,5029.8599,1121.54,12788.0996,7097.2402,3480.55,1280.9399,44448.7892,E2,N,N
02/07/2023,14:00,11661.2002,1603.5,5063.02,1160.47,13140.5996,7142.1201,3540.4399,1341.4301,44652.7799,E3,Y,N
02/07/2023,14:00,11597.5957,1556.1158,5296.4238,1074.7446,12856.8916,7077.5249,3522.9226,1266.4758,44248.6948,M,N,N
02/07/2023,15:00,11406.8574,1478.8921,5681.75,971.0173,12459.4971,6996.1401,3792.3142,1237.2412,44023.7094,A3,N,N
02/07/2023,15:00,11257.9795,1737.2117,5660.6694,1149.7639,12607.4951,6981.2715,3877.1782,1224.7684,44496.3377,A6,N,N
02/07/2023,15:00,11626,1561.61,4921.1602,1278.84,13475.2998,6767.77,3320.78,1289.87,44241.33,E,N,N
02/07/2023,15:00,11337.7002,1616.28,5121.6299,1094.65,12545.7002,7112.3198,3485.49,1234.24,43548.0101,E1,N,N
02/07/2023,15:00,12032.5,1576.8101,4985.04,1113.1801,12536.2998,7036.8599,3568.95,1268.05,44117.6899,E2,N,N
02/07/2023,15:00,11621,1563.76,4993.48,1134.26,12835.5,7023.6001,3596.3601,1322.34,44090.3002,E3,Y,N
02/07/2023,15:00,11589.8066,1557.917,5261.3945,1059.9661,12514.1504,7049.0791,3614.2837,1246.3877,43892.9851,M,N,N
02/07/2023,16:00,11356.2119,1466.2671,5592.0024,977.7949,12404.21,7000.8013,3872.6099,1250.8407,43920.7382,A3,N,N
02/07/2023,16:00,11313.2246,1728.7341,5521.9795,1128.5239,12484.7354,7020.4692,4007.7886,1226.2308,44431.6861,A6,N,N
02/07/2023,16:00,11621.5996,1515.49,4915.7798,1275.04,13372.7998,6697.3398,3343.49,1283.02,44024.559,E,N,N
02/07/2023,16:00,11304.7998,1576.91,5114.75,1084.63,12260.0996,7112.1001,3561.0801,1217.01,43231.3796,E1,N,N
02/07/2023,16:00,11982.2998,1518.3101,4978.25,1099.78,12387,6993,3633.0701,1287.85,43879.56,E2,N,N
02/07/2023,16:00,11532.7998,1504.5699,4976.9199,1117.61,12632.2998,6992.4702,3638.1899,1309.6899,43704.5494,E3,Y,N
02/07/2023,16:00,11545.3418,1521.0599,5227.1982,1054.374,12349.5332,7036.0684,3687.6416,1251.5514,43672.7685,M,N,N
02/07/2023,17:00,11208.1172,1490.6554,5492.5581,991.8196,12450.3379,7185.248,3885.3582,1272.2139,43976.3083,A3,N,N
02/07/2023,17:00,11224.0664,1765.8986,5385.2725,1107.9331,12399.4512,7232.2041,3996.1458,1256.0526,44367.0243,A6,N,N
02/07/2023,17:00,11559.5,1548.55,4893.3701,1298.08,13548.7998,6770.6401,3362.78,1314.88,44296.6,E,N,N
02/07/2023,17:00,11164.2002,1626.5601,5120.96,1132.14,12320.2002,7206.77,3586.27,1234.61,43391.7105,E1,N,N
02/07/2023,17:00,11849,1548.71,4990.4199,1115.05,12489.2002,7075.77,3666.77,1360.05,44094.9701,E2,N,N
02/07/2023,17:00,11392,1519.4,4963.9502,1123.29,12649.7002,7098.6499,3659.8501,1313.29,43720.1304,E3,Y,N
02/07/2023,17:00,11404.6768,1556.021,5200.5093,1080.1947,12418.916,7156.4375,3711.5342,1288.4146,43816.7041,M,N,N
02/07/2023,18:00,11263.1416,1532.4531,5473.8193,1051.1328,12645.3086,7369.1938,3857.0557,1284.257,44476.3619,A3,N,N
02/07/2023,18:00,11289.6406,1798.3718,5333.5781,1070.1708,12512.1719,7401.2554,3929.6038,1269.368,44604.1604,A6,N,N
02/07/2023,18:00,11430.5,1602.66,4827.1699,1312.63,13917.2998,7066.5898,3355.6599,1378.9,44891.4094,E,N,N
02/07/2023,18:00,11115.7002,1667.16,4951.21,1174.45,12920.4004,7307.4199,3561.51,1293.64,43991.4905,E1,N,N
02/07/2023,18:00,11657.5996,1562.17,4943.98,1126.28,12838,7215.1699,3638.6499,1400.4,44382.2494,E2,N,N
02/07/2023,18:00,11227.4004,1548.46,4909.7402,1122.46,13054,7401.3701,3648.8701,1351.99,44264.2908,E3,Y,N
02/07/2023,18:00,11343.1826,1588.0601,5121.2852,1117.8593,12802.4287,7297.3623,3684.4961,1325.7744,44280.4487,M,N,N
02/07/2023,19:00,11345.8613,1610.0985,5580.5781,1149.7501,12987.1299,7597.1855,3955.9175,1324.9988,45551.5197,A3,N,N
02/07/2023,19:00,11348.5117,1860.6655,5392.8008,1140.0553,12836.21,7617.9033,3952.8979,1299.2592,45448.3037,A6,N,N
02/07/2023,19:00,11543,1721.4,5006.96,1373.7,14514.2002,7445.8901,3431.98,1460.49,46497.6203,E,N,N
02/07/2023,19:00,11293.5996,1808.85,5200.1201,1306.79,13731.4004,7691.9502,3629.96,1382.92,46045.5903,E1,N,N
02/07/2023,19:00,11695.4004,1687.1,5090.48,1199.21,13593.5,7572.7202,3693.8501,1471.92,46004.1807,E2,N,N
02/07/2023,19:00,11303.2998,1706.79,5107.8599,1209.91,14034.2002,7805.8501,3730.9299,1423.12,46321.9599,E3,Y,N
02/07/2023,19:00,11443.4404,1703.0846,5289.4902,1219.4655,13440.2852,7621.332,3758.6099,1393.176,45868.8838,M,N,N
02/07/2023,20:00,11159.9043,1606.1216,5661.4897,1161.946,12920.6787,7520.1777,3960.7537,1350.1536,45341.2253,A3,N,N
02/07/2023,20:00,11059.9678,1834.4131,5453.5479,1146.276,12763.6885,7640.3428,3911.1279,1319.4812,45128.8452,A6,N,N
02/07/2023,20:00,11523.5,1770.01,5193.0098,1419.9301,14704.9004,7694.7202,3519.8201,1557.76,47383.6506,E,N,N
02/07/2023,20:00,11227.2998,1786.6,5411.3398,1395.3,13807,7780.9702,3664.71,1450.0699,46523.2897,E1,N,N
02/07/2023,20:00,11613.4004,1740.55,5224.2798,1256.0699,13909.7002,7748.6899,3745.2,1558.9301,46796.8203,E2,N,N
02/07/2023,20:00,11267.2998,1799.61,5316.48,1274.11,14513.7002,8069.8198,3817.74,1557.96,47616.7198,E3,Y,N
02/07/2023,20:00,11332.4727,1711.8457,5432.1602,1272.3474,13548.4053,7684.2563,3788.9661,1453.0215,46223.4752,M,N,N
02/07/2023,21:00,10809.248,1581.5325,5706.2109,1215.9935,12985.4395,7291.2695,3889.3921,1360.792,44839.878,A3,N,N
02/07/2023,21:00,10711.4238,1814.0754,5521.3677,1206.2981,12830.4453,7407.7646,3819.605,1341.1277,44652.1076,A6,N,N
02/07/2023,21:00,11301,1767.64,5216.3999,1419.92,14591.2998,7615.04,3466.6201,1563.3199,46941.2397,E,N,N
02/07/2023,21:00,10960.2002,1753.91,5535.0298,1410.79,13711.2998,7543.7402,3563.6201,1435.77,45914.3601,E1,N,N
02/07/2023,21:00,11367.2998,1743.14,5240.21,1261.7,13820.5,7566.27,3645.54,1535.91,46180.5698,E2,N,N
02/07/2023,21:00,11039.7998,1846.11,5363.5498,1291.55,14512.2002,7974.1699,3750.0801,1558.02,47335.4798,E3,Y,N
02/07/2023,21:00,11044.7285,1693.4713,5494.2295,1297.3075,13507.8027,7467.8604,3698.1587,1444.0735,45647.6321,M,N,N
02/07/2023,22:00,10338.3975,1540.0736,5901.4854,1216.5302,12782.3721,7039.2568,3734.5547,1372.8899,43925.5602,A3,N,N
02/07/2023,22:00,10259.0166,1767.7277,5852.7114,1222.5597,12705.1631,7139.7759,3590.894,1360.2507,43898.0991,A6,N,N
02/07/2023,22:00,10904.9004,1694.91,5313.75,1383.36,14208.9004,7377.9102,3361.74,1526.8101,45772.2811,E,N,N
02/07/2023,22:00,10535.2998,1649.2,5555.3301,1349.55,13468.4004,7199.1699,3456.51,1399.48,44612.9402,E1,N,N
02/07/2023,22:00,10970,1674.09,5336.21,1225.28,13410.5,7218.0098,3508.26,1500.9,44843.2498,E2,N,N
02/07/2023,22:00,10658.2998,1810.12,5438.3198,1259.21,14114.4004,7708.8198,3623.21,1532.39,46144.7698,E3,Y,N
02/07/2023,22:00,10613.7734,1621.402,5597.252,1264.6444,13222.9043,7152.6162,3565.3423,1424.174,44462.1086,M,N,N
02/07/2023,23:00,9798.8076,1480.427,5991.3135,1185.7109,12446.0293,6657.2808,3489.3713,1370.7506,42419.691,A3,N,N
02/07/2023,23:00,9672.5391,1648.707,6023.563,1211.9598,12495.2207,6737.7554,3312.5229,1351.3484,42453.6163,A6,N,N
02/07/2023,23:00,10368.2998,1581.05,5231.75,1315.17,13493.7998,7000.6602,3167.4199,1426.1,43584.2497,E,N,N
02/07/2023,23:00,10012.5996,1512.92,5535.1299,1233.5,12725.7002,6732.6001,3226.1201,1358.36,42336.9299,E1,N,N
02/07/2023,23:00,10516.5,1570.78,5333.9199,1169.3199,12709.2998,6793.73,3280,1405.14,42778.6896,E2,N,N
02/07/2023,23:00,10260.7002,1714.5,5374,1204.38,13489.2998,7253.5698,3374.23,1438,44108.6798,E3,Y,N
02/07/2023,23:00,10108.3359,1521.2911,5619.2715,1196.5503,12627.9971,6727.918,3330.7734,1377.8864,42510.0237,M,N,N
02/07/2023,24:00,9369.6865,1416.7356,5920.8589,1142.272,12240.9092,6413.8164,3230.6436,1377.0461,41111.9683,A3,N,N
02/07/2023,24:00,9239.5723,1580.3422,5953.2656,1162.257,12316.4365,6508.876,3042.5173,1370.6278,41173.8947,A6,N,N
02/07/2023,24:00,9866,1480.2,5122.4502,1264.27,12829.7002,6641.96,2951.3101,1364.0699,41519.9604,E,N,N
02/07/2023,24:00,9520.8301,1411.65,5513.6699,1136.61,11962.7998,6373.29,2986.25,1323.74,40228.8398,E1,N,N
02/07/2023,24:00,10109.0996,1480.0601,5310.1802,1125.04,12038.2002,6384.27,3019.3,1338.41,40804.5601,E2,N,N
02/07/2023,24:00,9924.8896,1630.89,5323.0698,1163.02,12889.7998,6806.6201,3100,1351.1,42189.3893,E3,Y,N
02/07/2023,24:00,9665.082,1435.9036,5580.8906,1134.6604,12079.459,6390.2876,3077.8066,1346.1721,40710.2619,M,N,N
