DeliveryDate,HourEnding,Coast,East,FarWest,North,NorthCentral,SouthCentral,Southern,West,SystemTotal,Model,InUseFlag,DSTFlag
10/15/2022,1:00,10884.6006,1455.5227,4844.666,1017.7657,11552.3594,7126.3281,3652.304,1186.9886,41720.5351,A3,N,N
10/15/2022,1:00,10726.5918,1366.646,4906.6084,999.3278,11482.6592,7235.5659,3640.9426,1120.8197,41479.1614,A6,N,N
10/15/2022,1:00,11069.2002,1433.3199,4853.6802,1009.26,11368,7430.6001,3724.48,1281.64,42170.1804,E,N,N
10/15/2022,1:00,11080.7998,1435.2,4850.6699,1008.59,11342.5,7437.1401,3727.8899,1283.01,42165.7997,E1,N,N
10/15/2022,1:00,11055.9004,1434.2,4849.4199,1008.57,11348.5,7446.46,3726.95,1280,42150.0003,E2,Y,N
10/15/2022,1:00,11083.5,1440.34,4847.4302,1010.33,11288.5,7451.5298,3729.29,1278.05,42128.97,E3,N,N
10/15/2022,1:00,11073.7803,1436.4669,4849.6748,1009.2946,11328.9248,7443.5254,3727.6335,1280.316,42149.6163,M,N,N
10/15/2022,2:00,10641.9131,1382.4772,4836.5796,981.3207,11189.6172,7029.8413,3595.3523,1305.4496,40962.551,A3,N,N
10/15/2022,2:00,10843.2109,1354.4407,4816.125,986.877,11191.9492,7034.1255,3602.4375,1283.8599,41113.0257,A6,N,N
10/15/2022,2:00,10711.7002,1346.22,4786.7202,962.286,11275.2998,7132.96,3647.52,1378.26,41240.9662,E,N,N
10/15/2022,2:00,10722.5,1344.47,4785.8501,962.644,11249.7998,7134.1299,3649.0701,1370.49,41218.9539,E1,N,N
10/15/2022,2:00,10697.7998,1346.42,4781.1401,960.964,11245.4004,7144.3198,3647.95,1380.87,41204.8641,E2,Y,N
10/15/2022,2:00,10711.7998,1338.1801,4780.7798,958.181,11224.4004,7147.7598,3648.1899,1349.65,41158.9408,E3,N,N
10/15/2022,2:00,10710.96,1343.0186,4783.0283,960.6082,11243.6348,7141.2725,3648.2495,1366.9565,41197.7284,M,N,N
10/15/2022,3:00,10128.3867,1328.063,4866.8091,951.0405,10589.6582,6815.7051,3401.7012,1237.0299,39318.3937,A3,N,N
10/15/2022,3:00,10082.0303,1305.6571,4882.2344,953.8865,10677.0986,6858.9111,3422.7866,1251.7688,39434.3734,A6,N,N
10/15/2022,3:00,10328.0996,1341.24,4816.04,946.994,10841.9004,6817.8398,3464.5801,1308.34,39865.0339,E,N,N
10/15/2022,3:00,10339.2998,1342.02,4814.8901,946.687,10820.9004,6816.4302,3465.54,1305.03,39850.7975,E1,N,N
10/15/2022,3:00,10315.7002,1341.5699,4810.3901,946.229,10818.7002,6815.71,3462.1101,1309.3199,39819.7294,E2,Y,N
10/15/2022,3:00,10330.7002,1349.61,4816.7598,946.787,10802.9004,6823.8101,3462.9199,1292.1899,39825.6773,E3,N,N
10/15/2022,3:00,10328.71,1344.447,4814.5918,946.6535,10817.2012,6819.0444,3463.6216,1302.105,39836.3745,M,N,N
10/15/2022,4:00,10004.9736,1297.4631,4815.8252,943.2245,10399.6514,6628.2222,3356.553,1219.6166,38665.5296,A3,N,N
10/15/2022,4:00,10024.3066,1297.3422,4798.2295,947.7521,10473.9883,6657.7388,3356.6008,1235.6345,38791.5928,A6,N,N
10/15/2022,4:00,10079.2998,1317.59,4830.8901,960.665,10654.5996,6663.21,3406.48,1243.1801,39155.9146,E,N,N
10/15/2022,4:00,10088.2002,1317.3199,4827.6602,960.307,10647.4004,6656.0601,3408.8501,1240.28,39146.0779,E1,N,N
10/15/2022,4:00,10067.2998,1318.12,4827.79,959.251,10638.2002,6653.27,3402.3999,1244.28,39110.6109,E2,Y,N
10/15/2022,4:00,10082.4004,1315.74,4826.9399,960.573,10645.9004,6663.6299,3406.6101,1225.37,39127.1637,E3,N,N
10/15/2022,4:00,10079.6104,1317.0076,4827.9248,960.1898,10645.6553,6659.0845,3406.0981,1236.4966,39132.0671,M,N,N
10/15/2022,5:00,9994.8428,1303.97,4798.6626,940.8271,10437.4727,6532.8394,3350.1321,1174.4338,38533.1805,A3,N,N
10/15/2022,5:00,9978.6133,1293.6395,4812.7793,946.0308,10510.6055,6520.0093,3354.551,1195.981,38612.2097,A6,N,N
10/15/2022,5:00,9978.0996,1315.08,4826.0298,963.942,10615.9004,6539.0698,3350.3501,1145.38,38733.8517,E,N,N
10/15/2022,5:00,9982.3496,1313.76,4818.6802,964.624,10614.0996,6530.52,3350.3799,1147.22,38721.6333,E1,N,N
10/15/2022,5:00,9973.71,1316.3101,4823.1201,963.298,10608.2002,6527.2002,3348.0701,1144.89,38704.7987,E2,Y,N
10/15/2022,5:00,9984.6797,1309.79,4810.0298,963.731,10623.7002,6541.02,3349.8701,1150.75,38733.5708,E3,N,N
10/15/2022,5:00,9980.3672,1313.2061,4817.8647,963.8776,10616.2549,6534.6475,3349.6196,1147.5969,38723.4345,M,N,N
10/15/2022,6:00,10048.0479,1301.1771,4832.27,975.4173,10503.9717,6514.3379,3200.7397,1115.1995,38491.1611,A3,N,N
10/15/2022,6:00,10058.6016,1296.6862,4794.8784,969.101,10584.8359,6630.5781,3257.6782,1109.3121,38701.6715,A6,N,N
10/15/2022,6:00,10030,1299.65,4886.8398,991.88,10728.7002,6509.46,3176.1899,1103.71,38726.4299,E,N,N
10/15/2022,6:00,10032.4004,1299.8,4879.9902,991.945,10735.4004,6519.3999,3176.3701,1104.34,38739.646,E1,N,N
10/15/2022,6:00,10031.9004,1299.24,4882.6201,990.974,10729.4004,6490.25,3173.97,1102.14,38700.4949,E2,Y,N
10/15/2022,6:00,10035.7002,1299.88,4877.2402,989.133,10747.7002,6530.4399,3174.26,1107.38,38761.7335,E3,N,N
10/15/2022,6:00,10033.0703,1299.6655,4880.7129,990.7083,10737.2002,6514.4854,3175.0044,1104.7595,38735.6065,M,N,N
10/15/2022,7:00,10106.8652,1319.8645,4795.2593,971.5567,10879.9189,6637.9512,3197.7244,1120.5172,39029.6574,A3,N,N
10/15/2022,7:00,10185.1855,1318.338,4835.0347,964.6963,11004.418,6715.7847,3234.4893,1119.285,39377.2315,A6,N,N
10/15/2022,7:00,10258.5996,1327.62,4881.8901,976.16,11032.9004,6671.8301,3260.96,1086.7,39496.6602,E,N,N
10/15/2022,7:00,10261.4004,1327.4,4881.0601,976.129,11017.5,6675.6699,3261.03,1087.55,39487.7394,E1,N,N
10/15/2022,7:00,10256.9004,1326.92,4877.8799,974.815,11032.2002,6659.1001,3256.6201,1087.3101,39471.7458,E2,Y,N
10/15/2022,7:00,10253.0996,1325.92,4885.79,975.813,10988,6673.1201,3254.6499,1086.4,39442.7926,E3,N,N
10/15/2022,7:00,10256.9502,1326.795,4882.0449,975.6945,11013.1602,6670.0586,3257.6841,1086.96,39469.3475,M,N,N
10/15/2022,8:00,10336.1016,1351.4753,4886.8281,952.99,11123.1104,6841.8745,3354.835,1105.3584,39952.5733,A3,N,N
10/15/2022,8:00,10412.7754,1360.3251,4894.4048,952.5167,11153.3145,6819.167,3365.4731,1109.49,40067.4666,A6,N,N
10/15/2022,8:00,10437.7998,1361.75,4929.0601,953.466,11303,6901.0801,3339.54,1060.28,40285.976,E,N,N
10/15/2022,8:00,10442.4004,1361.52,4932.0801,953.643,11319.2002,6901.3901,3342.27,1062.08,40314.5838,E1,N,N
10/15/2022,8:00,10434.2998,1360.98,4929.79,953.195,11311.7998,6895.8799,3338.1899,1059.49,40283.6244,E2,Y,N
10/15/2022,8:00,10442.7998,1362.61,4939.52,953.596,11302.2998,6894.6899,3336.5,1064.21,40296.2255,E3,N,N
10/15/2022,8:00,10439.8242,1361.801,4933.6587,953.488,11309.0049,6897.6211,3338.8208,1061.908,40296.1267,M,N,N
10/15/2022,9:00,10775.4219,1394.1046,5017.7642,982.7891,11574.6631,7135.8315,3415.7434,1110.5385,41406.8563,A3,N,N
10/15/2022,9:00,10772.8389,1399.2533,4972.1548,977.03,11604.915,7107.2358,3450.3108,1153.9508,41437.6894,A6,N,N
10/15/2022,9:00,10774.2002,1406.65,4955.1401,965.011,11674.5,7141.23,3477.23,1078.29,41472.2513,E,N,N
10/15/2022,9:00,10764,1407.13,4964.7002,963.297,11690.2998,7143.25,3474.6799,1081.6801,41489.037,E1,N,N
10/15/2022,9:00,10782.2998,1404.4,4953.9399,961.699,11660,7119.6299,3485.1699,1074.71,41441.8485,E2,Y,N
10/15/2022,9:00,10804.4004,1418.58,4976.8398,970.734,11767.2998,7165.77,3489.53,1088.62,41681.774,E3,N,N
10/15/2022,9:00,10784.2451,1410.3831,4964.8252,965.7575,11707.3047,7144.9238,3482.8823,1081.858,41542.1797,M,N,N
10/15/2022,10:00,12200.5664,1542.3633,4950.8115,1045.0809,12686.1426,7480.4722,3833.1277,1153.895,44892.4596,A3,N,N
10/15/2022,10:00,11911.542,1535.8683,4909.8452,1033.1763,12716.2227,7493.292,3863.6199,1214.0254,44677.5918,A6,N,N
10/15/2022,10:00,11562.7002,1466.99,5051.4502,1045.54,12448.2002,7496.02,3769.24,1066.75,43906.8906,E,N,N
10/15/2022,10:00,11523.0996,1472.91,5062.4102,1040.12,12548.2002,7531.3799,3750.8601,1085.78,44014.76,E1,N,N
10/15/2022,10:00,11630.2998,1467.33,5057.77,1039.9399,12461.7998,7438.0298,3798.4299,1064.0601,43957.6593,E2,Y,N
10/15/2022,10:00,11630.7002,1497.15,5075.8799,1049.66,12683.4004,7555.8101,3793.6499,1123.6899,44409.9404,E3,N,N
10/15/2022,10:00,11593.5,1479.1111,5064.3208,1044.2271,12558.9199,7511.2891,3780.4858,1090.764,44122.6178,M,N,N
10/15/2022,11:00,12938.958,1640.538,5052.0679,1069.6582,13728.7207,8052.1821,4109.0103,1231.7156,47822.8508,A3,N,N
10/15/2022,11:00,12856.248,1619.6294,5061.0435,1075.3713,13708.8848,7990.0776,4093.3201,1286.972,47691.5467,A6,N,N
10/15/2022,11:00,12614,1577.36,5129.5698,1062.95,13515.7002,7926.5801,4089.1101,1134.1899,47049.4601,E,N,N
10/15/2022,11:00,12634.4004,1587.75,5134.1299,1061.54,13602.5,7955.1899,4069.6899,1146.28,47191.4801,E1,N,N
10/15/2022,11:00,12651.9004,1599.35,5133.1201,1054.03,13557.2002,7894.8501,4104.4902,1133.87,47128.811,E2,Y,N
10/15/2022,11:00,12691.2002,1614.2,5133.5498,1067.99,13742,8019.5801,4104.6802,1169.15,47542.3503,E3,N,N
10/15/2022,11:00,12655.5957,1598.349,5132.9902,1062.1315,13626.9805,7958.3501,4093.5498,1149.3685,47277.3153,M,N,N
10/15/2022,12:00,13622.9316,1785.0411,5140.1909,1137.4484,15027.8516,8682.3643,4481.4854,1307.7577,51185.071,A3,N,N
10/15/2022,12:00,13769.0039,1754.9423,5116.4458,1146.0376,14995.7549,8638.3535,4519.6831,1367.4254,51307.6465,A6,N,N
10/15/2022,12:00,13900.7002,1785.3101,5253.6401,1099.09,14962.9004,8534.5,4540.6099,1271.85,51348.6007,E,N,N
10/15/2022,12:00,13953.5,1789.72,5266.0698,1096.77,15042.2002,8546.0703,4531.9399,1281.05,51507.3202,E1,N,N
10/15/2022,12:00,13945.2002,1802.33,5264.0601,1095.89,15014.0996,8564.7803,4535.52,1277.2,51499.0802,E2,Y,N
10/15/2022,12:00,13958.5,1797.03,5282.96,1103.28,15112.5,8598.6602,4538.9702,1299.15,51691.0504,E3,N,N
10/15/2022,12:00,13945.2559,1794.7695,5269.6147,1099.1765,15047.8848,8567.4189,4536.5962,1285.0425,51545.759,M,N,N
10/15/2022,13:00,14650.5771,1997.787,5199.3706,1198.3312,16122.0381,9129.8203,4717.9541,1407.6621,54423.5405,A3,N,N
10/15/2022,13:00,14706.125,1995.2559,5175.0093,1192.6733,16049.2607,9231.1719,4726.5645,1484.5833,54560.6439,A6,N,N
10/15/2022,13:00,14993.7002,1987.36,5304.3799,1205.9301,16493.0996,9139.2803,4832.8701,1387.3,55343.9202,E,N,N
10/15/2022,13:00,15033.5,1991.49,5305.46,1203.33,16553.1992,9177.6504,4834.73,1389.46,55488.8196,E1,N,N
10/15/2022,13:00,15033.5996,2005.4301,5311.5601,1201.54,16562.6992,9180.2197,4841.1699,1399.9,55536.1186,E2,Y,N
10/15/2022,13:00,15027.4004,1989.25,5313.27,1204.51,16616.5,9172.0303,4831.6899,1397.92,55552.5706,E3,N,N
10/15/2022,13:00,15025.4199,1993.5715,5309.5566,1203.6855,16568.7148,9170.5703,4834.9971,1394.707,55501.2227,M,N,N
10/15/2022,14:00,15749.7793,2081.9863,5323.3003,1246.6783,16646.3828,9675.2266,4915.3633,1409.3821,57048.099,A3,N,N
10/15/2022,14:00,15730.6045,2090.4612,5295.063,1250.1509,16534.6621,9649.3789,4939.9365,1440.3242,56930.5813,A6,N,N
10/15/2022,14:00,15843.7002,2152.9299,5415.9102,1280.67,17470,9687.1299,5073.02,1418.4301,58341.7903,E,N,N
10/15/2022,14:00,15864.9004,2158.21,5413.73,1281.85,17478.3008,9700.9102,5075.0601,1418.59,58391.5515,E1,N,N
10/15/2022,14:00,15896.0996,2170.28,5418.1899,1285.0699,17482.6992,9712.4102,5088.04,1431.12,58483.9088,E2,Y,N
10/15/2022,14:00,15836.2002,2151.3501,5418.0601,1274.5699,17483.5,9673.9902,5066.8301,1420.4301,58324.9307,E3,N,N
10/15/2022,14:00,15859.4746,2158.0347,5416.6875,1279.9299,17479.9746,9692.2959,5075.1187,1422.3425,58383.8584,M,N,N
10/15/2022,15:00,16287.3887,2235.8953,5129.8926,1339.4727,17927.3887,10131.4121,5126.5186,1495.525,59673.4937,A3,N,N
10/15/2022,15:00,16418.8477,2257.1853,5149.4966,1344.0238,17746.7539,10141.0781,5157.6592,1526.2947,59741.3393,A6,N,N
10/15/2022,15:00,16461,2268.28,5073.5698,1359.67,18117.1992,10093.0996,5235.29,1483.01,60091.1186,E,N,N
10/15/2022,15:00,16476.9004,2266.49,5070.5098,1359.88,18113.4004,10089.5,5235.1299,1484.1801,60095.9906,E1,N,N
10/15/2022,15:00,16523.6992,2272.3501,5073.7998,1364.0699,18131.0996,10118.5996,5244.79,1491.4,60219.8082,E2,Y,N
10/15/2022,15:00,16374.4004,2260.05,5072.4502,1353.77,18114.8008,10056,5225.23,1485.8,59942.5014,E3,N,N
10/15/2022,15:00,16450.3398,2265.9695,5072.4702,1358.7574,18118.8848,10085.5898,5234.104,1486.3766,60072.4921,M,N,N
10/15/2022,16:00,16734.3926,2309.3062,5170.145,1409.093,18672.8594,10512.6914,5202.4727,1584.0653,61595.0256,A3,N,N
10/15/2022,16:00,16776.9023,2346.9053,5214.2271,1414.5571,18213.627,10428.9248,5243.8447,1609.7272,61248.7155,A6,N,N
10/15/2022,16:00,16685,2317.48,5093.54,1392.8101,18571.6992,10364.7998,5322.8501,1555.52,61303.6992,E,N,N
10/15/2022,16:00,16703.0996,2315.77,5087.6001,1397.17,18572.6992,10355.7002,5322.04,1557.49,61311.5691,E1,N,N
10/15/2022,16:00,16821.3008,2321.95,5098.5898,1405.08,18615.1992,10428,5344.79,1568.1899,61603.0997,E2,Y,N
10/15/2022,16:00,16497.5,2307.8101,5097.5801,1389.88,18617,10315.7998,5310.3101,1571.08,61106.9601,E3,N,N
10/15/2022,16:00,16657.9746,2314.7856,5094.7314,1395.942,18598.6797,10361.1748,5323.7437,1564.626,61311.6578,M,N,N
10/15/2022,17:00,16671.6016,2316.7649,5221.4053,1458.1881,18943.041,10807.9766,5146.0098,1640.1656,62205.1529,A3,N,N
10/15/2022,17:00,16869.3438,2358.6375,5302.1748,1457.6865,18414.1836,10816.3623,5308.1172,1629.6868,62156.1925,A6,N,N
10/15/2022,17:00,16622.1992,2328.0701,5129.5,1428.87,18763,10509.5,5299.46,1669.3,61749.8993,E,N,N
10/15/2022,17:00,16669.9004,2325.49,5120.02,1436.09,18739.0996,10557.2998,5295.73,1668.42,61812.0498,E1,N,N
10/15/2022,17:00,16751,2352.26,5139.3701,1451.71,18880.1992,10614,5310.46,1661.7,62160.6993,E2,Y,N
10/15/2022,17:00,16462.0996,2320.95,5108.5898,1456.37,18839.9004,10511.2002,5310.0801,1645.4,61654.5901,E3,N,N
10/15/2022,17:00,16610.2891,2330.9805,5122.2793,1446.01,18813.2402,10548.1699,5304.9946,1658.8151,61834.7787,M,N,N
10/15/2022,18:00,16251.3574,2263.2683,5211.8994,1477.1619,18596.4902,10805.6992,5021.0444,1639.1851,61266.1059,A3,N,N
10/15/2022,18:00,16394.1133,2308.5383,5298.2949,1472.6436,18109.4082,10803.4063,5195.4893,1619.0432,61200.9371,A6,N,N
10/15/2022,18:00,16176.5,2294.2,5155.46,1421.74,18633.5996,10509.9004,5180.6899,1712.95,61085.0399,E,N,N
10/15/2022,18:00,16227.7998,2290.76,5140.7998,1430.04,18592.8008,10603.7998,5171.1602,1710.4,61167.5604,E1,N,N
10/15/2022,18:00,16178.2998,2326.6101,5155.9702,1454.48,18825.0996,10599.2002,5171.71,1688.45,61399.8199,E2,Y,N
10/15/2022,18:00,16070.0996,2290.24,5083,1482.35,18636.5,10574.7002,5204.6401,1652.42,60993.9499,E3,N,N
10/15/2022,18:00,16152.5352,2300.0566,5126.5615,1453.2135,18672.291,10578.3809,5184.4453,1685.002,61152.486,M,N,N
10/15/2022,19:00,15303.0889,2117.7437,5150.5229,1428.64,17881.959,10503.9131,4653.5513,1564.1091,58603.528,A3,N,N
10/15/2022,19:00,15360.9414,2132.4424,5238.8286,1422.3263,17340.5957,10550.9248,4794.3701,1519.3119,58359.7412,A6,N,N
10/15/2022,19:00,15421,2200.8701,5146.5498,1371.11,17933.8008,10234.5996,4923.96,1667,58898.8903,E,N,N
10/15/2022,19:00,15462.9004,2200.1799,5134.0898,1376.37,17911.8008,10367.7998,4905.2202,1664.95,59023.3109,E1,N,N
10/15/2022,19:00,15245.4004,2229.1699,5150.3101,1400.52,18189.5,10244.0996,4880.6401,1629.8101,58969.4502,E2,Y,N
10/15/2022,19:00,15373.7998,2208.5601,5047.29,1463.77,17891.1992,10368.5,4980.3799,1574.26,58907.759,E3,N,N
10/15/2022,19:00,15371.0547,2210.4641,5109.6338,1412.2085,17977.3145,10317.1396,4928.1919,1624.731,58950.7381,M,N,N
10/15/2022,20:00,14776.8164,2061.5767,5133.0249,1371.7246,17266.8691,10180.0947,4526.9775,1514.0104,56831.0943,A3,N,N
10/15/2022,20:00,14709.8887,2064.4541,5207.3799,1387.0337,16906.543,10164.249,4692.769,1488.2865,56620.6039,A6,N,N
10/15/2022,20:00,14887.5996,2109.8601,5145.3799,1330.22,16935.5996,9794.3799,4693.3999,1571.8199,56468.2589,E,N,N
10/15/2022,20:00,14945.0996,2113.5901,5140.8301,1333.22,16920.1992,9941.2598,4664.2998,1572.24,56630.7386,E1,N,N
10/15/2022,20:00,14584.5,2129.05,5156.0498,1357.48,17146.9004,9710.9697,4620.02,1543.72,56248.6899,E2,Y,N
10/15/2022,20:00,14874.5996,2129.3201,5031.8999,1442.34,17165,9999.8398,4795.8701,1480.1801,56919.0496,E3,N,N
10/15/2022,20:00,14821.6504,2122.4011,5107.1919,1377.027,17064.8652,9882.1582,4703.6445,1532.8259,56611.7642,M,N,N
10/15/2022,21:00,14121.5361,2007.458,5181.1494,1341.0355,16028.8389,9798.3525,4459.6919,1472.8258,54410.8881,A3,N,N
10/15/2022,21:00,13975.7734,1975.9435,5241.3818,1353.6841,15920.7773,9750.7588,4578.4204,1489.2395,54285.9788,A6,N,N
10/15/2022,21:00,14281.2998,1994.74,5076.9502,1278.73,15899.4004,9332.7002,4477.8301,1498.13,53839.7807,E,N,N
10/15/2022,21:00,14326.5,1998.86,5087.7002,1281.3101,15912,9462.6797,4449.3501,1500.03,54018.4301,E1,N,N
10/15/2022,21:00,13897.2998,2005.9,5113.75,1303.15,16100.9004,9150.8398,4390.2402,1473.95,53436.0302,E2,Y,N
10/15/2022,21:00,14250.0996,2022.2,4968.9102,1407.49,16262.4004,9508.1797,4595.6099,1411.65,54426.5398,E3,N,N
10/15/2022,21:00,14185.6797,2008.1709,5051.0234,1330.546,16079.9746,9381.1484,4490.0356,1462.292,53988.8706,M,N,N
10/15/2022,22:00,13392.5225,1909.7061,5133.0781,1283.7941,15229.5791,9303.6113,4245.8916,1419.3195,51917.5023,A3,N,N
10/15/2022,22:00,13233.2217,1839.566,5163.4727,1306.6687,15052.0967,9291.7705,4344.6816,1475.6071,51707.085,A6,N,N
10/15/2022,22:00,13667.5996,1879.46,5024.6499,1204.51,14823.2998,8812.7305,4253.6602,1415.75,51081.66,E,N,N
10/15/2022,22:00,13706.2998,1886.34,5038.8599,1207.76,14858.9004,8928.54,4225.75,1416.9301,51269.3802,E1,N,N
10/15/2022,22:00,13250.2002,1878.27,5059.5801,1226.6801,15018.2998,8634.5703,4164.0601,1404.12,50635.7806,E2,Y,N
10/15/2022,22:00,13671.5996,1909.61,4913.1802,1328.74,15203.2002,9011,4362.71,1336.42,51736.46,E3,N,N
10/15/2022,22:00,13574.3242,1891.4351,4997.9209,1254.3455,15013.915,8866.5371,4262.4502,1385.3721,51246.3001,M,N,N
10/15/2022,23:00,12729.6543,1793.2579,5065.6948,1204.8074,14322.5479,8625.6953,4040.4229,1366.5637,49148.6442,A3,N,N
10/15/2022,23:00,12544.3164,1726.2085,5070.6206,1219.3306,14147.7129,8742.9658,4126.6289,1420.0358,48997.8195,A6,N,N
10/15/2022,23:00,13025.5996,1746.24,4993.8599,1129.65,13793.5,8312.5596,4023.8601,1338.29,48363.5592,E,N,N
10/15/2022,23:00,13048.5996,1710.63,5007.6401,1132.22,13835.2002,8416.6299,4007.4099,1341.45,48499.7797,E1,N,N
10/15/2022,23:00,12627.9004,1732.9,5024.2598,1122.1899,13946.4004,8152.3799,3965.01,1336.66,47907.7004,E2,Y,N
10/15/2022,23:00,13176,1778.0699,4872.8301,1253.7,14231.2002,8539.96,4144.0098,1307,49302.77,E3,N,N
10/15/2022,23:00,12984.5645,1745.1429,4962.5444,1171.845,13995.3457,8378.123,4047.0874,1327.7209,48612.3738,M,N,N
10/15/2022,24:00,12017.3203,1671.4829,5009.0664,1141.5387,13253.2627,7927.7383,3832.1179,1317.7896,46170.3168,A3,N,N
10/15/2022,24:00,11958.9043,1600.4834,5027.4429,1148.0659,13173.1934,8021.939,3902.9338,1351.1477,46184.1104,A6,N,N
10/15/2022,24:00,12379.7002,1608.78,4919.5298,1059.7,12839.2002,7800.1899,3837.99,1246.89,45691.9801,E,N,N
10/15/2022,24:00,12373.7998,1530.71,4930.52,1063.54,12881.9004,7876.3901,3827.1101,1253.9301,45737.9005,E1,N,N
10/15/2022,24:00,12000.2998,1584.7,4959.4399,1030.58,12951.2002,7630.2598,3804.0601,1256.74,45217.2798,E2,Y,N
10/15/2022,24:00,12643.9004,1643.15,4804.6299,1179.66,13386.5,8054.0498,3933.26,1270.99,46916.1401,E3,N,N
10/15/2022,24:00,12375.8457,1595.272,4892.04,1095.366,13069.4297,7865.6084,3860.1323,1259.5476,46013.2417,M,N,N
10/16/2022,1:00,11286.7666,1524.8593,4938.4321,1072.5424,12087.1523,7125.7808,3566.4578,1261.8988,42863.8901,A3,N,N
10/16/2022,1:00,11162.3408,1403.2913,5008.8179,1073.9203,12028.5664,7306.04,3635.8486,1185.8625,42804.6878,A6,N,N
10/16/2022,1:00,11810,1494.09,4868.77,1000.32,12306.7002,7378.0801,3753.1101,1257.2,43868.2704,E,N,N
10/16/2022,1:00,11761.7998,1322.77,4878.8501,1006.79,12336.7998,7426.3901,3755.72,1263.01,43752.1298,E1,N,N
10/16/2022,1:00,11490.0996,1460.37,4907.3799,920.127,12360,7214.4702,3776.6599,1283.38,43412.4866,E2,N,N
10/16/2022,1:00,12201.4004,1530.12,4757.75,1119.1801,12825.7002,7597.75,3752.1699,1305.98,45090.0506,E3,Y,N
10/16/2022,1:00,11854.9648,1455.4406,4842.0854,1023.4902,12509.2002,7426.1396,3759.3208,1282.2705,44152.9121,M,N,N
10/16/2022,2:00,10872.9238,1455.1029,4915.4316,1027.7845,11460.4902,6724.3223,3407.6223,1224.6199,41088.2975,A3,N,N
10/16/2022,2:00,10907.6074,1339.546,4953.1968,1031.0862,11387.4082,6870.5513,3489.1292,1127.7925,41106.3176,A6,N,N
10/16/2022,2:00,11307,1404.15,4790.3599,950.645,11614.9004,6958.54,3624.9299,1233.5699,41884.0951,E,N,N
10/16/2022,2:00,11247.9004,1175.8,4800.5,958.638,11654.4004,7000.2202,3639.0701,1232.61,41709.1391,E1,N,N
10/16/2022,2:00,10992.4004,1366.84,4825.0498,836.318,11664.5,6801.2202,3687.3301,1267.8101,41441.4686,E2,N,N
10/16/2022,2:00,11753.2002,1436.55,4702.2202,1064.9,12287.5996,7187.0801,3578.71,1316.9,43327.1601,E3,Y,N
10/16/2022,2:00,11369.7461,1349.075,4770.7188,964.0508,11872.6191,7009.6191,3627.8882,1271.0555,42234.7726,M,N,N
10/16/2022,3:00,10376.6045,1382.2408,4988.2412,989.3185,10844.4795,6425.2661,3286.8027,1149.5847,39442.538,A3,N,N
10/16/2022,3:00,10434.1094,1272.4303,5023.8682,994.051,10759.2578,6577.1553,3359.2637,1073.6234,39493.7591,A6,N,N
10/16/2022,3:00,10927,1337.08,4803.1499,900.916,11136.2002,6681.6899,3469.6101,1184.67,40440.3161,E,N,N
10/16/2022,3:00,10845,1068.9,4824.6001,911.48,11172,6720.8398,3488.28,1187.95,40219.0499,E1,N,N
10/16/2022,3:00,10626.7998,1299.48,4823.2798,770.029,11140.2998,6532.71,3554.3,1224.76,39971.6584,E2,N,N
10/16/2022,3:00,11405.0996,1372.1,4712.7798,1008.51,11882.2998,6919.1401,3447.51,1301.49,42048.9293,E3,Y,N
10/16/2022,3:00,10998.7852,1272.892,4781.915,908.4932,11407.3096,6737.3398,3487.7148,1236.3994,40830.849,M,N,N
10/16/2022,4:00,10128.1563,1338.5669,4952.8892,965.3439,10393.8828,6202.5483,3234.689,1116.8574,38332.9338,A3,N,N
10/16/2022,4:00,10217.7686,1248.0369,4958.167,970.235,10340.2178,6347.7495,3271.5498,1074.7852,38428.5098,A6,N,N
10/16/2022,4:00,10674,1293.3199,4773.7998,871.242,10730.7002,6431.1602,3305.21,1175.67,39255.1021,E,N,N
10/16/2022,4:00,10604,1013.58,4799.27,883.56,10776,6478.54,3324.3201,1177.7,39056.9701,E1,N,N
10/16/2022,4:00,10343.9004,1249.0601,4792.9399,751.09,10768,6269.96,3386.22,1212.11,38773.2804,E2,N,N
10/16/2022,4:00,11161.2998,1318.66,4698.23,974.381,11484.9004,6673.7798,3341.8,1298.37,40951.421,E3,Y,N
10/16/2022,4:00,10744.5303,1221.189,4758.5029,880.3821,11015.3203,6487.6221,3343.0464,1228.2324,39678.8255,M,N,N
10/16/2022,5:00,10018.8115,1294.9824,4909.7681,945.5727,10208.4033,6046.979,3184.6147,1110.3729,37719.5046,A3,N,N
10/16/2022,5:00,10100.4004,1243.1726,4918.4927,952.1911,10189.877,6195.7666,3230.3713,1098.0066,37928.2783,A6,N,N
10/16/2022,5:00,10512.2002,1267.8,4683.5098,851.224,10481,6278.8599,3307.1499,1165.03,38546.7738,E,N,N
10/16/2022,5:00,10453.5,996.966,4705.9902,864.979,10528.2998,6329.52,3326.04,1164.61,38369.905,E1,N,N
10/16/2022,5:00,10168.5,1226.8101,4700.4702,726.161,10518.2002,6103.3999,3388.1101,1193.71,38025.3615,E2,N,N
10/16/2022,5:00,10981.9004,1288.17,4622.7798,957.393,11206.0996,6526.77,3273.99,1298.4,40155.5028,E3,Y,N
10/16/2022,5:00,10575.9951,1196.9735,4672.1143,860.5562,10755.9102,6334.4287,3320.5066,1218.7744,38935.259,M,N,N
10/16/2022,6:00,10024.502,1296.1995,4852.4976,946.577,10093.9463,5968.1304,3204.8391,1086.4835,37473.1754,A3,N,N
10/16/2022,6:00,10119.9248,1236.9165,4822.7373,944.6548,10127.4336,6173.521,3259.4927,1068.7467,37753.4274,A6,N,N
10/16/2022,6:00,10459.5,1264.87,4594.21,839.954,10258.2998,6197.3799,3270.1101,1130.22,38014.5438,E,N,N
10/16/2022,6:00,10412.4004,1007.85,4608.1802,853.334,10306.7998,6235.5898,3287.23,1130.39,37841.7742,E1,N,N
10/16/2022,6:00,10118.9004,1228.96,4596.8198,721.612,10289.5,6024.25,3344.3,1155.66,37480.0022,E2,N,N
10/16/2022,6:00,10892,1282.65,4542.1699,949.098,10999.9004,6477.7002,3240.7,1278,39662.2185,E3,Y,N
10/16/2022,6:00,10513.9502,1197.8605,4580.1406,851.9139,10537.7852,6261.7617,3282.644,1188.3455,38414.4016,M,N,N
10/16/2022,7:00,10130.5234,1316.3964,4818.8828,962.404,10135.8398,6015.0806,3166.8215,1092.103,37638.0515,A3,N,N
10/16/2022,7:00,10214.0352,1268.4755,4828.1094,955.52,10269.8213,6263.436,3238.207,1073.5721,38111.1765,A6,N,N
10/16/2022,7:00,10541.2998,1277.39,4563.9702,853.586,10232.0996,6154.8599,3266.24,1088.33,37977.7755,E,N,N
10/16/2022,7:00,10489.4004,1058.4,4584.6602,864.448,10273.2002,6185.1499,3281.8601,1086.95,37824.0688,E1,N,N
10/16/2022,7:00,10190.2002,1250.25,4565.3301,748.974,10256.7998,5998.3999,3334.21,1117.73,37461.894,E2,N,N
10/16/2022,7:00,10899.7998,1294.9,4510.9502,968.162,10869.7002,6473.79,3262.47,1231.42,39511.1922,E3,Y,N
10/16/2022,7:00,10566.0244,1221.986,4550.9258,870.2501,10471.7109,6234.9434,3285.8181,1145.4165,38347.0752,M,N,N
10/16/2022,8:00,10351.0381,1334.3781,4837.8081,973.5984,10356.8691,6178.6167,3231.575,1106.8802,38370.7637,A3,N,N
10/16/2022,8:00,10404.3135,1302.1722,4860.4707,967.0594,10443.0107,6356.1328,3282.6973,1095.6366,38711.4932,A6,N,N
10/16/2022,8:00,10599.2998,1328.71,4627.3198,882.24,10418.0996,6223.6099,3265.98,1092.0601,38437.3192,E,N,N
10/16/2022,8:00,10542.2002,1105.03,4647.4902,890.476,10436.5,6246.9302,3286.05,1089.83,38244.5066,E1,N,N
10/16/2022,8:00,10204,1307.24,4617.1299,783.902,10433.0996,6071.6201,3334.27,1121.91,37873.1716,E2,N,N
10/16/2022,8:00,10963.7002,1332.13,4518.8799,1002.23,11041.5,6529.21,3270.6899,1208.48,39866.82,E3,Y,N
10/16/2022,8:00,10613.7402,1268.6195,4591.8608,901.7111,10644.6396,6298.4023,3289.7185,1139.712,38748.404,M,N,N
10/16/2022,9:00,10864.0508,1394.4326,4912.0552,996.3597,10893.2227,6461.9863,3401.6575,1136.2014,40059.9662,A3,N,N
10/16/2022,9:00,10867.7773,1392.1243,4877.0122,984.2419,10940.582,6647.6616,3423.2546,1166.4686,40299.1225,A6,N,N
10/16/2022,9:00,11043.2998,1415.77,4595.4199,914.277,10689.9004,6499.8799,3222.5,1124.73,39505.777,E,N,N
10/16/2022,9:00,10976.0996,1200.96,4618.46,921.183,10692.2998,6526.52,3251.1899,1117.23,39303.9423,E1,N,N
10/16/2022,9:00,10688.4004,1399.54,4601.4502,818.294,10676.7998,6366.8198,3314.28,1148.9301,39014.5143,E2,N,N
10/16/2022,9:00,11358,1423.38,4518.6299,1031.86,11585.7002,6800.9399,3382.6101,1214.34,41315.4601,E3,Y,N
10/16/2022,9:00,11047.9199,1360.6735,4575.811,933.1618,11000.7549,6578.6455,3308.656,1160.2686,39965.8912,M,N,N
10/16/2022,10:00,11897.0186,1504.6147,4944.4521,1022.9798,11839.1045,6928.9956,3808.5918,1212.3854,43158.1425,A3,N,N
10/16/2022,10:00,11805.7275,1508.5104,4862.2241,1004.9038,11873.8418,7037.8403,3807.0239,1287.252,43187.3238,A6,N,N
10/16/2022,10:00,11901.7998,1527.36,4604.4199,983.923,11274.0996,6969.3799,3489.45,1139.8101,41890.2423,E,N,N
10/16/2022,10:00,11827.0996,1350.21,4619.4702,988.845,11266.0996,6987.77,3526.22,1148.33,41714.0444,E1,N,N
10/16/2022,10:00,11652.5,1520.58,4603.3501,898.253,11211.7002,6843.2202,3592.22,1185.16,41506.9835,E2,N,N
10/16/2022,10:00,12209.9004,1562.01,4544.3901,1095.88,12415.5996,7279.54,3686.1499,1238.73,44032.2,E3,Y,N
10/16/2022,10:00,11928.6348,1493.505,4586.9048,1002.9209,11656.0244,7050.9937,3593.1802,1187.8994,42500.0632,M,N,N
10/16/2022,11:00,12563.1465,1602.8595,4925.2949,1025.2,12247.21,7438.917,4106.311,1282.7063,45191.6452,A3,N,N
10/16/2022,11:00,12657.7188,1601.4165,4875.8887,1023.6884,12293.1826,7544.2261,4056.05,1390.821,45442.9921,A6,N,N
10/16/2022,11:00,12870.7002,1624.75,4690.1699,1019.94,11828.2002,7508.4399,3920.95,1182.58,44645.7302,E,N,N
10/16/2022,11:00,12782.7998,1460.17,4698.4399,1023.95,11803.4004,7510.1299,3939.6899,1195.75,44414.3299,E1,N,N
10/16/2022,11:00,12746.5996,1634.52,4692.4502,954.077,11709.4004,7400.2202,3980.54,1225.12,44342.9274,E2,N,N
10/16/2022,11:00,13151,1696.45,4619.2798,1120.37,13194.7998,7847.9902,4008.26,1290.91,46929.0598,E3,Y,N
10/16/2022,11:00,12915.8047,1611.1425,4667.9961,1039.6273,12270.6094,7600.6504,3971.0908,1234.423,45311.3442,M,N,N
10/16/2022,12:00,13267.8301,1670.4092,4935.9409,1026.1299,12559.7344,7971.7617,4491.3188,1335.6854,47258.8104,A3,N,N
10/16/2022,12:00,13540.4238,1679.3016,4884.9658,1050.0546,12556.6982,7989.1133,4406.2222,1467.026,47573.8055,A6,N,N
10/16/2022,12:00,13823.5996,1733.84,4751.21,1030.88,12296.7998,8045.75,4208.1899,1285.99,47176.2593,E,N,N
10/16/2022,12:00,13722.5,1603.27,4754.7002,1034.4399,12254,8031.6602,4202.6299,1303.46,46906.6602,E1,N,N
10/16/2022,12:00,13847.2998,1773.59,4752.3799,977.492,12113.9004,7984.3999,4208.71,1345.58,47003.352,E2,N,N
10/16/2022,12:00,14025.2002,1837.6,4674.8901,1140.67,13833.9004,8427.8896,4331.5,1393.28,49664.9303,E3,Y,N
10/16/2022,12:00,13874.8105,1747.4509,4725.6631,1056.8495,12778.3604,8160.6387,4250.0884,1342.8064,47936.6679,M,N,N
10/16/2022,13:00,13900.7998,1814.1858,4961.1436,1010.1005,12817.4834,8530.1797,4780.2705,1375.5636,49189.7269,A3,N,N
10/16/2022,13:00,14144.6943,1839.5208,4896.0186,1050.7391,12640.0205,8577.2568,4647.3325,1513.2294,49308.812,A6,N,N
10/16/2022,13:00,14692.0996,1849.67,4771.98,1052.8199,12798.5996,8630.3203,4445.7202,1393.76,49634.9696,E,N,N
10/16/2022,13:00,14587.7998,1751.51,4771.1001,1058.6801,12726.4004,8578.6201,4420.3398,1415.87,49310.3203,E1,N,N
10/16/2022,13:00,14912.7002,1905.51,4782.8501,1008.57,12537.5996,8635.5195,4397.4199,1479.09,49659.2593,E2,N,N
10/16/2022,13:00,14792.7998,1976.6899,4697.9302,1164.66,14432.7002,9042.1396,4642.3701,1508.01,52257.2998,E3,Y,N
10/16/2022,13:00,14756.4199,1883.5471,4748.5601,1082.3666,13287.2344,8762.832,4496.1274,1460.6074,50477.6949,M,N,N
10/16/2022,14:00,14759.4658,1922.6165,4960.2964,986.1221,12998.9111,9041.917,4945.0557,1387.3776,51001.7622,A3,N,N
10/16/2022,14:00,15018.957,1972.401,4895.4946,1044.5159,12666.4346,9126.7471,4853.1313,1520.5708,51098.2523,A6,N,N
10/16/2022,14:00,15430,1954.7,4814.48,1052.24,13221.4004,9203.04,4748.6899,1446.62,51871.1703,E,N,N
10/16/2022,14:00,15331.4004,1879.01,4813.1401,1058.38,13126.2002,9114.04,4709.9199,1470.65,51502.7406,E1,N,N
10/16/2022,14:00,15811.7002,2036.8101,4826.4399,1014.16,12880.2998,9287.4102,4679.1099,1559.63,52095.5601,E2,N,N
10/16/2022,14:00,15424.7002,2102.5601,4717.48,1156.58,14900.5,9639.1602,4895.6299,1556.91,54393.5204,E3,Y,N
10/16/2022,14:00,15498.9199,2008.056,4783.1846,1080.7739,13700.0098,9354.5244,4773.0313,1519.4814,52717.9813,M,N,N
10/16/2022,15:00,15436.9424,2006.7924,5002.1948,982.8392,13385.4219,9517.2148,5066.7808,1426.1915,52824.3778,A3,N,N
10/16/2022,15:00,15557.5645,2110.3542,4971.3584,1053.8744,12851.957,9599.4102,5018.4312,1565.3745,52728.3244,A6,N,N
10/16/2022,15:00,16003.5996,2029.74,4889.7598,1063.01,13536.2998,9710.4404,4980.5,1494.03,53707.3796,E,N,N
10/16/2022,15:00,15904.5996,1976.38,4885.2202,1070.5699,13412.0996,9593.2695,4926.3101,1522.79,53291.2389,E1,N,N
10/16/2022,15:00,16459.6992,2116.6399,4906.0601,1025.04,13125.2002,9868.6504,4886.7798,1625.03,54013.0996,E2,N,N
10/16/2022,15:00,15858.2998,2188.3201,4786.2202,1167.86,15233,10157.2002,5077.3301,1607.29,56075.5204,E3,Y,N
10/16/2022,15:00,16042.0195,2093.6279,4856.4609,1092.105,13996.3193,9877.0664,4977.4131,1573.6111,54508.6232,M,N,N
10/16/2022,16:00,15802.7891,2069.9626,5057.0396,1007.1391,13557.2432,10002.5391,5138.4961,1442.1069,54077.3157,A3,N,N
10/16/2022,16:00,15917.8232,2188.4534,5047.2144,1079.1035,12875.4502,10008.1533,5076.0464,1570.8718,53763.1162,A6,N,N
10/16/2022,16:00,16359.2998,2089.8601,4916.02,1069.09,13871,10118.5,5138.4302,1530.09,55092.2901,E,N,N
10/16/2022,16:00,16285.0996,2042.79,4913.7402,1077.58,13729.2002,9998.1904,5078.8398,1560.8199,54686.2601,E1,N,N
10/16/2022,16:00,16864.0996,2154.25,4919.9902,1040.89,13379,10367.0996,5042.2002,1662.59,55430.1196,E2,N,N
10/16/2022,16:00,16080.5996,2231.6299,4773.1299,1178.29,15451.7002,10566.2002,5192.23,1652.34,57126.1198,E3,Y,N
10/16/2022,16:00,16369.4053,2143.8096,4866.4312,1102.3824,14265.7949,10307.2676,5118.3052,1613.6849,55787.0811,M,N,N
10/16/2022,17:00,15773.8164,2052.396,5054.8164,1012.2658,13663.0625,10197.2969,5183.7158,1442.6226,54379.9924,A3,N,N
10/16/2022,17:00,15801.6445,2188.4412,5058.3433,1094.7401,12990.7734,10242.0908,5202.3081,1539.4266,54117.768,A6,N,N
10/16/2022,17:00,16434.0996,2108.9099,4911.8398,1080.78,14082,10371.5996,5074.71,1483.41,55547.3489,E,N,N
10/16/2022,17:00,16380.7002,2087.97,4917.5898,1088.22,13923.7998,10252.5,5008.1099,1515.23,55174.1197,E1,N,N
10/16/2022,17:00,16833.4004,2140.3899,4900.96,1057.0601,13519.5,10649.7998,4981.1499,1600.5601,55682.8202,E2,N,N
10/16/2022,17:00,16046.7998,2226.8899,4728.6802,1198.48,15412.0996,10774.7002,5218.0698,1597.6,57203.3195,E3,Y,N
10/16/2022,17:00,16385.0195,2152.8379,4846.4517,1117.905,14367.3594,10552.4609,5084.8457,1560.619,56067.4991,M,N,N
10/16/2022,18:00,15487.2793,1988.8336,5082.7012,1018.4227,13365.626,10255.0479,5102.5459,1400.5973,53701.0539,A3,N,N
10/16/2022,18:00,15353.6543,2129.6938,5075.6079,1098.4799,12759.4453,10306.833,5143.6191,1464.5262,53331.8595,A6,N,N
10/16/2022,18:00,16132.7002,2073.47,4919.2402,1055.04,14101.2002,10440.2002,5029.6201,1423.83,55175.3009,E,N,N
10/16/2022,18:00,16087.7998,2070.53,4937.5498,1061.6,13935.7998,10324.7002,4958.7202,1458.98,54835.6798,E1,N,N
10/16/2022,18:00,16346.2002,2068.8501,4894.25,1034.88,13511.7002,10703.5,4928.5801,1513.9399,55001.9005,E2,N,N
10/16/2022,18:00,15685.2002,2173.3,4702.0298,1184.9399,15183.4004,10804.5,5126.1699,1521.17,56380.7102,E3,Y,N
10/16/2022,18:00,16018.2246,2106.5205,4841.5464,1097.105,14291.2441,10604.6553,5020.4277,1489.214,55468.9376,M,N,N
10/16/2022,19:00,14809.0225,1848.6525,4983.9121,1003.0566,12794.7197,9945.8447,4841.9458,1307.6917,51534.8456,A3,N,N
10/16/2022,19:00,14521.0244,1976.4117,4971.9253,1065.5682,12294.1426,10014.292,4806.9775,1321.9901,50972.3318,A6,N,N
10/16/2022,19:00,15576.7998,1990.77,4863.5498,1025.71,13782.5,10213.9004,4833.8398,1356.52,53643.5898,E,N,N
10/16/2022,19:00,15525,1988.97,4896.71,1032.87,13631.5996,10099.9004,4757.7798,1391.01,53323.8398,E1,N,N
10/16/2022,19:00,15626.7998,1960.4,4838.21,1002.96,13234.7998,10418.7002,4722.0298,1422.25,53226.1496,E2,N,N
10/16/2022,19:00,15100.0996,2070.95,4729.7998,1162.29,14685,10552.4004,4930.0698,1434.96,54665.5696,E3,Y,N
10/16/2022,19:00,15409.5039,2010.7905,4818.6924,1069.6155,13923.7246,10355.0752,4820.5527,1409.0291,53816.9839,M,N,N
10/16/2022,20:00,14474.8174,1839.1975,4941.3765,1037.8977,13038.2305,9699.4678,4714.2754,1258.6536,51003.9164,A3,N,N
10/16/2022,20:00,14172.2422,1938.241,4916.3672,1091.5522,12593.7715,9764.5322,4727.8184,1276.0347,50480.5594,A6,N,N
10/16/2022,20:00,15337.2002,1952.6,4945.6899,1035.88,13494.4004,9880.8701,4765.4199,1296.08,52708.1405,E,N,N
10/16/2022,20:00,15232.7998,1953.59,4972.6499,1041.73,13356.7998,9775.1104,4687.9399,1324.66,52345.2798,E1,N,N
10/16/2022,20:00,15212.2002,1908.16,4902.1499,999.978,12993.2002,10001.2998,4632.23,1328.12,51977.3381,E2,N,N
10/16/2022,20:00,14869.5996,2013.58,4760.98,1172.4301,14475.2002,10202.7002,4800.02,1359.74,53654.2501,E3,Y,N
10/16/2022,20:00,15116.1895,1963.0806,4876.8965,1076.1595,13677.9805,9997.1787,4724.8623,1333.5161,52765.8637,M,N,N
10/16/2022,21:00,14075.2402,1803.1504,4975.9072,1060.0789,12780.7793,9570.1904,4645.1543,1266.4515,50176.9522,A3,N,N
10/16/2022,21:00,13774.3271,1884.921,4925.5142,1111.9182,12417.8125,9542.6611,4646.8657,1288.197,49592.2168,A6,N,N
10/16/2022,21:00,14908.7998,1879.08,4938.1802,1030.03,13019.5996,9505.7998,4644.0098,1271.34,51196.8392,E,N,N
10/16/2022,21:00,14790.2002,1870.51,4967.6001,1034.27,12893.0996,9421.1602,4579.5698,1296.9399,50853.3498,E1,N,N
10/16/2022,21:00,14674.7002,1833,4903.5801,988.477,12556.5,9518.5898,4517.1499,1275.71,50267.707,E2,N,N
10/16/2022,21:00,14480.5,1934.53,4718.9199,1176.39,13959,9756.3799,4649.3301,1318.64,51993.6899,E3,Y,N
10/16/2022,21:00,14670.7197,1884.825,4860.144,1071.9277,13200.9902,9575.541,4598.0469,1295.3875,51157.582,M,N,N
10/16/2022,22:00,13368.834,1724.1459,4904.498,1058.4669,12250.1758,9100.416,4517.043,1238.4084,48161.988,A3,N,N
10/16/2022,22:00,13105.3818,1761.4978,4851.4268,1107.9092,11935.4404,9107.6963,4480.4551,1298.5897,47648.3971,A6,N,N
10/16/2022,22:00,14384.9004,1794.52,4938.3398,981.533,12342.0996,9040.7803,4403.6299,1192.6801,49078.4831,E,N,N
10/16/2022,22:00,14253.2002,1773.41,4963.2798,984.974,12245.9004,8982.3604,4345.3599,1214.25,48762.7347,E1,N,N
10/16/2022,22:00,14029.2002,1742.13,4913.9902,934.938,11957.9004,9020.3799,4283.0898,1173,48054.6285,E2,N,N
10/16/2022,22:00,14014.7998,1836.59,4702.1001,1122.89,13238.5996,9263.7998,4428.0801,1255.5699,49862.4293,E3,Y,N
10/16/2022,22:00,14133.5146,1790.8694,4855.8032,1020.2195,12535.7754,9099.1318,4367.4849,1215.1639,49017.9627,M,N,N
10/16/2022,23:00,12643.7168,1594.3204,4882.8608,1009.4605,11359.832,8368.1006,4225.6953,1190.6708,45274.6572,A3,N,N
10/16/2022,23:00,12402.2637,1627.8948,4819.959,1034.3615,11245.3047,8417.0068,4220.6475,1246.5673,45014.0053,A6,N,N
10/16/2022,23:00,13617,1675.75,4890.9399,939.011,11554.7998,8471.8398,4120.8799,1126.23,46396.4504,E,N,N
10/16/2022,23:00,13518.4004,1646.42,4905.1001,942.573,11496.2998,8444.0195,4083.02,1146.4399,46182.2727,E1,N,N
10/16/2022,23:00,13258.7998,1625.03,4882.5898,903.439,11267.5,8441.0303,4041.1299,1108.71,45528.2288,E2,N,N
10/16/2022,23:00,13390.4004,1718.85,4651.4199,1044.11,12228.4004,8677.6104,4197.6299,1218.64,47127.061,E3,Y,N
10/16/2022,23:00,13423.4902,1670.8225,4808.5605,967.7932,11704.1094,8529.2012,4118.3398,1159.246,46381.5628,M,N,N
10/16/2022,24:00,11922.125,1473.6501,4855.1826,959.1429,10474.2441,7656.2607,3906.7673,1144.1165,42391.4892,A3,N,N
10/16/2022,24:00,11884.4316,1502.6855,4809.5127,967.6626,10401.0615,7804.2651,3929.0974,1180.2772,42478.9936,A6,N,N
10/16/2022,24:00,12823.4004,1528.6899,4741.6699,888.033,10744.5,7844.23,3877.6101,1058.6801,43506.8134,E,N,N
10/16/2022,24:00,12690.9004,1493.8,4757.7402,892.38,10720.5996,7851.5,3848.21,1072.74,43327.8702,E1,N,N
10/16/2022,24:00,12414.2998,1480.21,4754.6802,857.099,10547.7998,7805.6499,3823.8501,1041.6,42725.1888,E2,N,N
10/16/2022,24:00,12669.4004,1573.3101,4530.6899,964.248,11239.5,8070.5098,3946.77,1179.25,44173.6782,E3,Y,N
10/16/2022,24:00,12634.1006,1523.4646,4675.0967,908.0615,10862.6006,7915.6006,3881.0264,1100.1245,43500.0755,M,N,N
10/17/2022,1:00,11255.4346,1386.9193,4786.0156,920.0496,9678.3779,6885.8018,3601.6799,1068.1664,39582.4451,A3,N,N
10/17/2022,1:00,11197.7959,1336.1791,4802.1172,917.6912,9641.5859,7081.0293,3627.2639,1008.0314,39611.6939,A6,N,N
10/17/2022,1:00,12029,1403.75,4621.23,862.34,10295.2998,7217.0098,3753.3999,1085.0601,41267.0896,E,N,N
10/17/2022,1:00,11878.9004,1377.62,4626.9302,868.256,10297,7269.8599,3744.26,1096.11,41158.9365,E1,N,N
10/17/2022,1:00,11690.2998,1356.4,4652.8101,832.581,10158,7192.0498,3764.1699,1077.6899,40724.0005,E2,N,N
10/17/2022,1:00,11973.2002,1446.09,4433.1201,895.141,10239.7002,7463.8901,3775.9199,1162.4399,41389.5014,E3,Y,N
10/17/2022,1:00,11887.2705,1400.199,4564.7119,867.8596,10241.9395,7310.3906,3761.6895,1113.063,41147.1236,M,N,N
10/17/2022,2:00,10806.1895,1330.5752,4783.4111,901.6977,9254.3184,6504.6196,3470.428,1045.8129,38097.0524,A3,N,N
10/17/2022,2:00,10851.9443,1277.5741,4767.1216,895.8755,9265.7197,6634.0137,3473.5684,971.6107,38137.428,A6,N,N
10/17/2022,2:00,11418.0996,1311.55,4577.3301,825.901,9637.3701,6742.5801,3616.9099,1083.1801,39212.9209,E,N,N
10/17/2022,2:00,11266,1290.22,4569.1602,832.453,9674.5498,6824.2202,3615.6799,1097.08,39169.3631,E1,N,N
10/17/2022,2:00,11148,1261.3,4607.3599,796.334,9552.3398,6736.54,3658.6399,1085.87,38846.3836,E2,N,N
10/17/2022,2:00,11412.7998,1347.09,4392.02,839.064,9488.3096,7022.1201,3628.4099,1137.17,39266.9834,E3,Y,N
10/17/2022,2:00,11310.6953,1306.094,4517.9365,824.7543,9573.2363,6859.3193,3631.0601,1106.224,39129.3198,M,N,N
10/17/2022,3:00,10511.1758,1286.5789,4859.6567,888.8071,9012.4795,6280.0239,3351.8176,1001.4907,37192.0302,A3,N,N
10/17/2022,3:00,10535.5859,1222.7061,4847.8403,881.6453,9003.4844,6435.8228,3355.4094,946.8564,37229.3506,A6,N,N
10/17/2022,3:00,10982,1251.47,4547.71,814.125,9267.9199,6447.6602,3450.3101,1021.9,37783.0952,E,N,N
10/17/2022,3:00,10828.2002,1237.35,4531.1201,821.374,9325.8398,6554.0601,3456.0601,1036.16,37790.1643,E1,N,N
10/17/2022,3:00,10781,1209.3101,4581.0601,784.929,9223,6457.6602,3522.1799,1030.1801,37589.3194,E2,N,N
10/17/2022,3:00,11029.4004,1288.4399,4361.8999,810.108,8961.6299,6757.9502,3523.3201,1060.3,37793.0484,E3,Y,N
10/17/2022,3:00,10909.8906,1250.3395,4486.8667,807.2323,9163.9688,6585.3613,3495.2686,1040.975,37739.9028,M,N,N
10/17/2022,4:00,10399.2871,1262.9852,4840.2202,884.992,8853.7119,6108.4053,3271.3948,991.6217,36612.6182,A3,N,N
10/17/2022,4:00,10447.2578,1217.4657,4783.0117,878.2308,8901.3096,6272.2681,3275.1414,961.9167,36736.6018,A6,N,N
10/17/2022,4:00,10833.2002,1231.33,4557.2202,802.711,9038.0703,6256.0298,3307.1499,1015.9,37041.6114,E,N,N
10/17/2022,4:00,10682.4004,1216.36,4533.9102,810.327,9100.0898,6367.5,3306.53,1035.11,37052.2274,E1,N,N
10/17/2022,4:00,10631.2998,1189.24,4582.4199,775.161,9007.1504,6276.1299,3377.3201,1026.8199,36865.541,E2,N,N
10/17/2022,4:00,10915,1270.23,4373.6299,799.599,8798.3604,6558,3451.05,1039.15,37205.0193,E3,Y,N
10/17/2022,4:00,10773.6553,1230.6799,4493.436,796.6383,8961.9463,6394.6123,3374.9028,1031.5701,37057.441,M,N,N
10/17/2022,5:00,10522.7021,1275.5311,4787.4248,884.2613,8954.2852,6127.0879,3253.8997,994.4348,36799.6269,A3,N,N
10/17/2022,5:00,10588.7441,1244.5106,4750.8965,879.4879,9192.8701,6296.7139,3283.4463,997.869,37234.5384,A6,N,N
10/17/2022,5:00,10872.5996,1249.26,4563.0601,809.461,9170.3701,6235.0698,3366.46,1029.28,37295.5606,E,N,N
10/17/2022,5:00,10727.2002,1232.38,4534.8701,817.083,9215.1396,6342.7002,3358.3301,1048.65,37276.3532,E1,N,N
10/17/2022,5:00,10692.7998,1210.63,4577.4902,781.048,9120.2598,6250.23,3420.51,1040.14,37093.1078,E2,N,N
10/17/2022,5:00,10941.4004,1280.48,4387.3301,809.466,8907.0098,6520.7002,3441.28,1030.3199,37317.9864,E3,Y,N
10/17/2022,5:00,10815.3799,1246.3094,4498.1147,804.265,9076.8584,6365.7383,3404.127,1037.2014,37247.9941,M,N,N
10/17/2022,6:00,10862.3584,1331.3588,4763.5483,911.2914,9373.1914,6259.8623,3406.417,998.4799,37906.5075,A3,N,N
10/17/2022,6:00,10922.1357,1286.2429,4703.2847,900.594,9651.1074,6461.7832,3426.0244,1000.5337,38351.706,A6,N,N
10/17/2022,6:00,11219.2002,1327.03,4618.5698,854.185,9720.6396,6431.2798,3441.8401,1063.4,38676.1445,E,N,N
10/17/2022,6:00,11077.9004,1314.2,4588.7998,863.615,9721.5498,6535.8901,3429.1499,1075.85,38606.955,E1,N,N
10/17/2022,6:00,11047.4004,1298.11,4632.79,826.423,9625.1201,6440.6899,3487.0801,1066.83,38424.4435,E2,N,N
10/17/2022,6:00,11258.0996,1366.03,4454.6802,855.425,9483.2695,6684.0801,3550.1499,1062.47,38714.2043,E3,Y,N
10/17/2022,6:00,11154.54,1330.2424,4557.3213,850.0359,9613.9082,6548.2646,3487.886,1067.0444,38609.2428,M,N,N
10/17/2022,7:00,11246.2734,1448.7435,4760.2158,971.894,10184.6914,6566.146,3506.9092,1039.541,39724.4143,A3,N,N
10/17/2022,7:00,11369.0576,1398.6804,4762.5615,979.7392,10537.5615,6811.2158,3569.9165,1047.5404,40476.2729,A6,N,N
10/17/2022,7:00,11776.7998,1486.29,4704.4199,960.938,10910.7998,6822.52,3630.6201,1137.92,41430.3076,E,N,N
10/17/2022,7:00,11628.0996,1482.65,4674.7402,971.207,10831,6917.4399,3607.6299,1138.16,41250.9266,E1,N,N
10/17/2022,7:00,11613.0996,1478.99,4722.8101,934.367,10722,6817.1802,3650.55,1126.54,41065.5369,E2,N,N
10/17/2022,7:00,11783.5,1539.27,4564.7002,964.979,10590.5996,7028.4902,3827.29,1162.37,41461.199,E3,Y,N
10/17/2022,7:00,11701.0449,1502.098,4652.6958,958.2769,10731.5801,6917.0049,3698.6895,1143.6925,41305.0826,M,N,N
10/17/2022,8:00,11609.3184,1494.1855,4771.9482,1003.6074,10693.6055,6853.9731,3626.7153,1066.6823,41120.0357,A3,N,N
10/17/2022,8:00,11513.917,1441.4818,4798.6836,1016.9395,10994.0986,6986.0425,3664.8474,1083.6674,41499.6778,A6,N,N
10/17/2022,8:00,12068.0996,1555.4301,4763.5898,1021.62,11732.7998,7060.3901,3738.6201,1186.5601,43127.1096,E,N,N
10/17/2022,8:00,11902,1554.24,4734.6602,1033.24,11615.7998,7134.52,3717.6001,1177.15,42869.2101,E1,N,N
10/17/2022,8:00,11872.2002,1559.64,4783.5698,999.05,11491.0996,7042.9302,3733.5701,1163.39,42645.4499,E2,N,N
10/17/2022,8:00,12081.0996,1609.67,4638.27,1024.1,11286.2002,7246.73,3954.1201,1201.99,43042.1799,E3,Y,N
10/17/2022,8:00,11982.1494,1575.1691,4717.4907,1019.7505,11486.8145,7139.7764,3807.5278,1183.8156,42912.494,M,N,N
10/17/2022,9:00,11832.1162,1497.3459,4780.1479,1033.38,10966.0947,6892.7324,3736.8,1065.7416,41804.3587,A3,N,N
10/17/2022,9:00,11734.6973,1510.9337,4809.4072,1022.5173,11203.6104,7018.1846,3735.0366,1184.6777,42219.0648,A6,N,N
10/17/2022,9:00,12206.2002,1569.16,4699.9502,1035.17,11797.9004,7140.0698,3620.4399,1191.0699,43259.9604,E,N,N
10/17/2022,9:00,12060.2002,1567.29,4670.5098,1045.6,11688.5996,7196.1699,3602.6899,1174.65,43005.7094,E1,N,N
10/17/2022,9:00,12144.7998,1574.78,4710.8599,1017.02,11587.5996,7103.6299,3642.8799,1169.79,42951.3591,E2,N,N
10/17/2022,9:00,12253.7998,1614.9399,4555.5,1033.96,11502.9004,7349.8901,3996.22,1174.92,43482.1302,E3,Y,N
10/17/2022,9:00,12171.0098,1586.1205,4644.7598,1032.8165,11614.75,7218.4219,3753.1355,1175.9926,43197.0066,M,N,N
10/17/2022,10:00,12321.9648,1554.3467,4789.0908,1043.4929,11504.2871,7042.8428,4024.9995,1106.7231,43387.7477,A3,N,N
10/17/2022,10:00,12377.707,1567.1427,4687.5767,1027.9335,11619.8828,7179.5718,4007.1206,1268.7625,43735.6976,A6,N,N
10/17/2022,10:00,12579.7002,1609.15,4672.75,1082.0601,12034.7998,7266.0098,3788.46,1181.0699,44213.9998,E,N,N
10/17/2022,10:00,12406.2002,1605.58,4647.8301,1083.13,11937.2002,7301.8198,3770.95,1161.48,43914.1903,E1,N,N
10/17/2022,10:00,12531,1609.22,4682.1201,1054.83,11893.9004,7201.7002,3830.71,1168.84,43972.3207,E2,N,N
10/17/2022,10:00,12621.9004,1653.83,4488.1899,1081.0699,11833.2998,7480.9199,4223.0601,1152.16,44534.43,E3,Y,N
10/17/2022,10:00,12538.9199,1623.913,4604.2666,1075.1735,11904.6504,7334.1035,3946.7551,1162.9965,44190.7785,M,N,N
10/17/2022,11:00,12570.9336,1592.5668,4828.6597,1040.158,11513.6201,7251.4019,4228.8442,1151.5449,44177.7292,A3,N,N
10/17/2022,11:00,12833.207,1604.387,4748.395,1043.4207,11668.6016,7354.1147,4199.6738,1347.8153,44799.6151,A6,N,N
10/17/2022,11:00,13000,1640.83,4685.1899,1119.8199,12253.7998,7437.6001,4134.4502,1217.3199,45489.0098,E,N,N
10/17/2022,11:00,12798,1634.16,4667.54,1120.39,12162.5,7449.2002,4099.9502,1192.65,45124.3904,E1,N,N
10/17/2022,11:00,12985.4004,1634.7,4703.8501,1101.67,12157,7352.8701,4162.5801,1209.14,45307.2107,E2,N,N
10/17/2022,11:00,13037.4004,1678.87,4479.52,1115.98,12108,7649.6299,4460.8599,1181.51,45711.7702,E3,Y,N
10/17/2022,11:00,12958.9395,1650.944,4613.458,1114.0811,12155.7451,7493.5273,4247.1011,1196.574,45430.3701,M,N,N
10/17/2022,12:00,12886.1777,1612.0044,4850.1421,1030.4803,11497.2021,7398.125,4507.4502,1174.0991,44955.6809,A3,N,N
10/17/2022,12:00,13203.666,1631.8036,4755.3516,1056.4014,11586.6191,7455.3169,4459.7979,1389.337,45538.2935,A6,N,N
10/17/2022,12:00,13404.2998,1673.23,4706.2798,1131.53,12374,7563.0801,4322.6001,1257.17,46432.1898,E,N,N
10/17/2022,12:00,13183.2998,1661.1899,4697.27,1140.66,12300.7002,7552.6602,4273.3301,1229.1801,46038.2903,E1,N,N
10/17/2022,12:00,13429.5996,1663.58,4734.0098,1146.11,12317.0996,7485.7598,4322.5098,1248.4301,46347.0987,E2,N,N
10/17/2022,12:00,13479.2998,1705.64,4485.9199,1131.85,12293.0996,7782.8101,4696.46,1211.6899,46786.7693,E3,Y,N
10/17/2022,12:00,13381.624,1679.151,4633.834,1137.5695,12313.1348,7618.0503,4441.1113,1232.0695,46436.5444,M,N,N
10/17/2022,13:00,13136.418,1679.3711,4866.0029,1012.5165,11442.0664,7489.0244,4682.7539,1231.6173,45539.7705,A3,N,N
10/17/2022,13:00,13340.1738,1733.3633,4750.9751,1047.2418,11361.0557,7580.394,4605.0127,1381.7991,45800.0155,A6,N,N
10/17/2022,13:00,13716.2002,1705.4,4706.1499,1139.76,12552.9004,7671.3101,4438.9302,1314.52,47245.1708,E,N,N
10/17/2022,13:00,13486.2998,1685.41,4699,1152.29,12492.5996,7633.6401,4375.9199,1282.13,46807.2894,E1,N,N
10/17/2022,13:00,13778.7002,1692.6899,4734.6299,1172.28,12504.7002,7616.0498,4418.8901,1304.65,47222.5901,E2,N,N
10/17/2022,13:00,13835.5996,1729.9399,4478.0098,1144.01,12440.7002,7887.23,4892.6201,1251.83,47659.9396,E3,Y,N
10/17/2022,13:00,13716.1396,1705.814,4631.6333,1152.51,12486.5049,7723.6494,4576.959,1282.0135,47275.2237,M,N,N
10/17/2022,14:00,13497.3184,1706.5903,4850.4365,1001.8067,11434.5518,7606.3364,4855.457,1221.5894,46174.0865,A3,N,N
10/17/2022,14:00,13568.6494,1788.8073,4729.8667,1048.6682,11265.7217,7739.6899,4796.7114,1361.8761,46299.9907,A6,N,N
10/17/2022,14:00,14088.9004,1735.75,4693.27,1156.54,12669.7998,7691.96,4637.3301,1332.78,48006.3303,E,N,N
10/17/2022,14:00,13825.0996,1705.12,4684.73,1169.23,12595.7998,7636.4702,4568.4502,1297.7,47482.5998,E1,N,N
10/17/2022,14:00,14145.2002,1718.22,4718.0898,1195.24,12637.2002,7673.8901,4607.9102,1317.17,48012.9205,E2,N,N
10/17/2022,14:00,14178.2002,1749.4,4468.2798,1159.5,12567.0996,7892.75,5061.6699,1255.79,48332.6895,E3,Y,N
10/17/2022,14:00,14068.2803,1728.4875,4618.5938,1170.4235,12607.2051,7743.8467,4761.2744,1293.161,47991.2723,M,N,N
10/17/2022,15:00,13912.1758,1749.1895,4859.4478,1004.0091,11788.2236,7633.25,4867.873,1237.3837,47051.5525,A3,N,N
10/17/2022,15:00,13822.915,1882.5856,4770.8027,1057.7769,11373.8184,7800.0562,4855.9165,1365.8909,46929.7622,A6,N,N
10/17/2022,15:00,14290.0996,1742.53,4665.3999,1170.7,12676.9004,7684.8501,4752.9102,1327.15,48310.5402,E,N,N
10/17/2022,15:00,13977.2002,1700.95,4648.6401,1181.78,12555.5,7617.1401,4679.8599,1292.01,47653.0803,E1,N,N
10/17/2022,15:00,14289.5996,1714.77,4679.0698,1203.26,12612.7002,7738.5,4741.5098,1308.6,48288.0094,E2,N,N
10/17/2022,15:00,14350.7002,1757.73,4439.0698,1169.0699,12583.7998,7859.9399,5149.6499,1274.8101,48584.7696,E3,Y,N
10/17/2022,15:00,14232.96,1730.5151,4585.4116,1181.0394,12597.915,7742.6167,4870.6563,1295.4084,48236.5225,M,N,N
10/17/2022,16:00,14109.5186,1764.0751,4870.2573,1009.6608,11932.2744,7669.3833,4834.3809,1234.8951,47424.4455,A3,N,N
10/17/2022,16:00,13929.0176,1933.4202,4812.3037,1064.4091,11455.9092,7801.3135,4819.6221,1329.2944,47145.2898,A6,N,N
10/17/2022,16:00,14353.2002,1739.17,4676.8398,1175.41,12733.7002,7602.1602,4789.2402,1321.6899,48391.4105,E,N,N
10/17/2022,16:00,13964,1688.4,4658.5698,1186.77,12536,7531.3101,4705.6201,1291.4399,47562.1099,E1,N,N
10/17/2022,16:00,14317.2998,1692.58,4684.3599,1207.91,12654,7669.9902,4775.8799,1300.5699,48302.5897,E2,N,N
10/17/2022,16:00,14344.5,1737.58,4447.1499,1174.45,12565.7002,7754.1201,5152.8101,1289.47,48465.7803,E3,Y,N
10/17/2022,16:00,14243.8809,1714.2734,4593.7607,1186.0391,12605.5498,7654.5913,4892.2446,1297.5704,48187.9102,M,N,N
10/17/2022,17:00,13954.4287,1749.9669,4869.9287,1014.1984,12101.3633,7622.8672,4770.1753,1229.2083,47312.1368,A3,N,N
10/17/2022,17:00,13721.7852,1920.308,4830.9004,1075.2666,11581.4453,7783.9438,4834.7891,1271.0697,47019.5081,A6,N,N
10/17/2022,17:00,14284.5,1736.38,4709.71,1183.45,12874.4004,7517.4902,4626.5,1282.52,48214.9506,E,N,N
10/17/2022,17:00,13852,1682.5601,4688.6001,1197.86,12594.0996,7452.8799,4535.6099,1251.64,47255.2496,E1,N,N
10/17/2022,17:00,14202.2002,1681.04,4711.9702,1219.25,12794.7998,7574.04,4620.1001,1252.72,48056.1203,E2,N,N
10/17/2022,17:00,14231.2998,1729.48,4477.29,1183.9,12596.5,7663.7202,5061.3799,1263.15,48206.7199,E3,Y,N
10/17/2022,17:00,14137.1797,1706.675,4623.6504,1196.1599,12687.1602,7566.6553,4754.3853,1260.5706,47932.4364,M,N,N
10/17/2022,18:00,13466.0449,1679.6759,4855.9561,1005.7666,11868.748,7464.1597,4626.8911,1175.8811,46143.1234,A3,N,N
10/17/2022,18:00,13107.9912,1852.8573,4813.2539,1066.13,11444.8467,7598.459,4679.0317,1178.2561,45740.8259,A6,N,N
10/17/2022,18:00,13980.7002,1713.29,4735.3799,1159.79,12971.7002,7447.3301,4480.1401,1219.97,47708.3005,E,N,N
10/17/2022,18:00,13515,1661.33,4715.7998,1176.17,12589.2002,7393.9702,4378.04,1192.01,46621.5202,E1,N,N
10/17/2022,18:00,13835.2998,1650.85,4735.4502,1192.4,12901.9004,7474.1201,4483.7002,1181.9399,47455.6606,E2,N,N
10/17/2022,18:00,13910.7998,1717.88,4503.5498,1165.03,12590,7611.77,4860.3501,1213.34,47572.7197,E3,Y,N
10/17/2022,18:00,13803.4609,1686.2966,4649.3623,1173.8716,12725.0303,7498.2412,4588.5786,1201.152,47325.9935,M,N,N
10/17/2022,19:00,12619.3096,1569.6064,4783.8101,981.308,11503.0146,7154.7241,4287.7451,1093.6661,43993.184,A3,N,N
10/17/2022,19:00,12296.9326,1733.5974,4747.7144,1035.0446,11118.7949,7305.1978,4248.5693,1040.8615,43526.7125,A6,N,N
10/17/2022,19:00,13569.0996,1698.25,4784.7002,1130.6801,12852.7002,7342.8398,4269.2798,1192.34,46839.8897,E,N,N
10/17/2022,19:00,13115,1654.84,4764.6499,1152.42,12464,7306.4502,4167.5,1163.9399,45788.8,E1,N,N
10/17/2022,19:00,13385.2002,1643.27,4786.6099,1158.83,12814.7998,7335.0801,4274.04,1144.47,46542.3,E2,N,N
10/17/2022,19:00,13516.4004,1708.9,4573.96,1133.78,12409.2002,7556.5498,4640.7002,1174.41,46713.9006,E3,Y,N
10/17/2022,19:00,13391.1553,1677.38,4706.4063,1144.2375,12590.8262,7406.6011,4375.022,1166.9971,46458.6255,M,N,N
10/17/2022,20:00,12280.4873,1528.7426,4757.7866,1014.1945,11861.1738,7087.3027,4177.4761,1076.528,43783.6916,A3,N,N
10/17/2022,20:00,12191.8975,1709.6935,4714.2021,1066.2352,11498.708,7138.6865,4151.6299,1031.6808,43502.7335,A6,N,N
10/17/2022,20:00,13646.5,1722.98,4879.9102,1150.38,12733.2002,7341.27,4273.5098,1194.21,46941.9602,E,N,N
10/17/2022,20:00,13249.2002,1691.25,4869.27,1179.5,12340.5,7314.0698,4181.2402,1168.23,45993.2602,E1,N,N
10/17/2022,20:00,13484,1679.25,4897.1699,1175.74,12699.5996,7303.4302,4259.8301,1145.78,46644.7998,E2,N,N
10/17/2022,20:00,13665.7998,1742.77,4669.1401,1152.05,12398.7998,7571.0298,4635.0098,1174.0601,47008.6594,E3,Y,N
10/17/2022,20:00,13513.3047,1711.0415,4807.7959,1164.5845,12509.585,7405.4258,4373.5474,1168.5551,46653.8399,M,N,N
10/17/2022,21:00,11746.8301,1507.1362,4878.4614,1048.3877,11806.501,7118.8428,4146.9941,1107.6105,43360.7638,A3,N,N
10/17/2022,21:00,11919.3545,1695.1008,4800.77,1104.625,11534.0654,7045.853,4069.6003,1083.7734,43253.1424,A6,N,N
10/17/2022,21:00,13362.7002,1681.02,4902.9702,1146.74,12390.0996,7230.2998,4225.0601,1192.0699,46130.9598,E,N,N
10/17/2022,21:00,12999.7998,1651.6899,4895.5898,1170.9,11940.5,7217.5,4136.21,1165.33,45177.5195,E1,N,N
10/17/2022,21:00,13233.9004,1632.98,4924.1001,1152.37,12316.7002,7167.9399,4215.5,1137.9399,45781.4305,E2,N,N
10/17/2022,21:00,13455.0996,1700.66,4713.4102,1147.23,12118.5996,7432.8799,4543.1099,1189.21,46300.1992,E3,Y,N
10/17/2022,21:00,13272.1152,1668.5515,4840.0615,1154.359,12164.3252,7282.4126,4311.7749,1170.8514,45864.4513,M,N,N
10/17/2022,22:00,11141.8848,1440.0439,4878.4287,1046.1281,11404.9346,6909.9873,3934.7861,1103.4177,41859.6112,A3,N,N
10/17/2022,22:00,11551.3291,1583.2472,4790.2935,1110.7487,11206.0322,6833.7715,3864.7178,1121.363,42061.503,A6,N,N
10/17/2022,22:00,12912,1600.1,4888.1899,1094.76,11692.9004,6965.5098,4020.73,1124.1899,44298.38,E,N,N
10/17/2022,22:00,12571.2998,1572.6899,4880.9302,1118.55,11258.2998,6970.0298,3934.3401,1100.0601,43406.1997,E1,N,N
10/17/2022,22:00,12800.2002,1552.4,4914.0498,1092.53,11627.7998,6899.5601,4010.47,1062.5,43959.5099,E2,N,N
10/17/2022,22:00,13061.2998,1616.02,4705.7798,1095.7,11512.7998,7172.9102,4339.2598,1119.01,44622.7794,E3,Y,N
10/17/2022,22:00,12851.1299,1586.8945,4828.9966,1100.479,11504.9395,7022.7427,4108.0527,1100.922,44104.1569,M,N,N
10/17/2022,23:00,10465.3516,1361.9412,4870.4175,996.7597,10752.999,6491.6519,3678.6423,1081.6594,39699.4226,A3,N,N
10/17/2022,23:00,10939.1699,1481.5911,4773.1958,1048.698,10691.4434,6490.2275,3624.6965,1103.2893,40152.3115,A6,N,N
10/17/2022,23:00,12260.5996,1496.97,4785.1499,1035.97,10897.5,6626.3701,3765.1299,1044.78,41912.4695,E,N,N
10/17/2022,23:00,11910,1471.84,4783.6499,1055.54,10586.7002,6617.75,3662.3999,1035.12,41123,E1,N,N
10/17/2022,23:00,12101.0996,1447.5699,4820.5098,1024.53,10835,6537.0098,3760.1699,1010.63,41536.519,E2,N,N
10/17/2022,23:00,12376.5996,1508.6801,4607.3701,1027.8199,10723,6757.75,4139.8398,1049.05,42190.1095,E3,Y,N
10/17/2022,23:00,12173.6738,1482.436,4731.3921,1035.15,10743.1006,6647.8579,3869.356,1035.322,41718.2884,M,N,N
10/17/2022,24:00,10042.6426,1274.5978,4835.8423,948.6246,10007.7402,6083.6504,3416.9875,1058.619,37668.7044,A3,N,N
10/17/2022,24:00,10529.2256,1367.9928,4761.519,995.934,10000.1328,6086.3896,3383.1704,1080.245,38204.6092,A6,N,N
10/17/2022,24:00,11538.2002,1383.64,4676.8999,977.857,10116.4004,6231.4902,3517.5801,980.565,39422.6328,E,N,N
10/17/2022,24:00,11185.4004,1362.1,4681.7998,996.119,9935.6396,6210.6499,3405.3201,979.874,38756.9028,E1,N,N
10/17/2022,24:00,11344.2998,1335.42,4721.1201,957.866,10048.5,6128.98,3526.9199,973.849,39036.9548,E2,N,N
10/17/2022,24:00,11602.7998,1392.8199,4509.4399,963.154,9909.6904,6312.9102,3908.21,974.742,39573.7662,E3,Y,N
10/17/2022,24:00,11424.1348,1369.413,4630.5693,972.2787,9981.8867,6229.1494,3628.5703,976.6752,39212.6774,M,N,N
10/18/2022,1:00,9541.4971,1194.8628,4774.0859,919.4933,9395.2783,5626.9341,3147.2695,993.0413,35592.4623,A3,N,N
10/18/2022,1:00,9922.5186,1239.5862,4784.7378,966.8016,9395.4023,5644.2876,3107.9861,943.0884,36004.4086,A6,N,N
10/18/2022,1:00,10955.2002,1317.22,4542.2598,941.343,9910.6396,5906.02,3362.8301,1029.67,37965.1827,E,N,N
10/18/2022,1:00,10553.4004,1305.61,4569.6699,956.917,9904.8398,5852.7598,3222.6201,1040.49,37406.307,E1,N,N
10/18/2022,1:00,10663.5,1272.05,4618.02,910.87,9795.79,5753.3999,3397.53,1064.25,37475.4099,E2,N,N
10/18/2022,1:00,10864.2002,1334.8199,4385.1401,911.42,9383.0703,5843.4702,3765.02,973.406,37460.5467,E3,Y,N
10/18/2022,1:00,10749.9756,1309.1849,4513.0605,927.1451,9695.8281,5832.6572,3477.2192,1021.3276,37526.3982,M,N,N
10/18/2022,2:00,9331.9629,1157.2053,4774.4121,900.0661,9057.5557,5477.814,3003.2141,992.5215,34694.7517,A3,N,N
10/18/2022,2:00,9769.543,1182.6876,4749.498,952.4807,9096.123,5461.6597,2984.9539,944.2025,35141.1484,A6,N,N
10/18/2022,2:00,10525.9004,1258.4,4466.7798,903.672,9512.5,5567.8101,3173.2,1056.92,36465.1823,E,N,N
10/18/2022,2:00,10076.0996,1257.54,4512.25,916.698,9589.79,5521.6899,3034.21,1074.11,35982.3875,E1,N,N
10/18/2022,2:00,10183.0996,1221.03,4559.6099,870.815,9300.5703,5418.29,3234.1299,1094.74,35882.2847,E2,N,N
10/18/2022,2:00,10341.7002,1280.24,4315.9502,866.227,8930.21,5452.5698,3570.4399,981.254,35738.5911,E3,Y,N
10/18/2022,2:00,10263.2803,1256.4866,4448.5645,885.6085,9275.0381,5478.5659,3292.7188,1044.1895,35944.4522,M,N,N
10/18/2022,3:00,9154.3262,1133.1307,4853.4268,893.6988,8834.0918,5360.0522,2892.3757,971.4575,34092.5597,A3,N,N
10/18/2022,3:00,9481.4492,1131.7725,4827.8022,956.2584,8889.2207,5384.9434,2883.0735,959.9164,34514.4363,A6,N,N
10/18/2022,3:00,10224.7998,1227.39,4426.7402,888.884,9344.2803,5412.8101,2979.78,1023.79,35528.4744,E,N,N
10/18/2022,3:00,9740.3301,1233.84,4484.5498,902.733,9517.7002,5359.4199,2842.6201,1043.52,35124.7131,E1,N,N
10/18/2022,3:00,9831.4004,1196.58,4533.02,853.554,9141.3096,5242.9102,3057.3,1045.66,34901.7342,E2,N,N
10/18/2022,3:00,9964.6797,1252.8,4267.3701,845.5,8677.4102,5233.8901,3452.8301,931.101,34625.5812,E3,Y,N
10/18/2022,3:00,9914.29,1230.1935,4411.9829,868.3293,9103.4883,5294.3657,3130.4375,1001.7489,34954.8361,M,N,N
10/18/2022,4:00,9168.2344,1128.6091,4836.7124,913.3642,8830.4678,5317.6621,2807.3579,970.3697,33972.7776,A3,N,N
10/18/2022,4:00,9424.2148,1129.3391,4787.5542,965.6523,8900.3125,5350.8975,2795.3052,1001.7615,34355.0371,A6,N,N
10/18/2022,4:00,10119.2998,1204.16,4432.1699,880.352,9187.3799,5287.0098,2812.1499,1038.54,34961.0613,E,N,N
10/18/2022,4:00,9652.5195,1214.76,4485.7402,896.926,9368.5195,5256.3701,2694.79,1062.04,34631.6653,E1,N,N
10/18/2022,4:00,9716.6602,1178.77,4520.6099,843.018,8935.79,5127.4102,2895.95,1041.05,34259.2583,E2,N,N
10/18/2022,4:00,9863.4404,1227.1899,4272.4102,839.064,8556.8301,5091.52,3362.1299,926.158,34138.7425,E3,Y,N
10/18/2022,4:00,9812.3945,1208.5229,4411.7568,860.7112,8949.0752,5171.0283,2996.2529,1005.7089,34415.4507,M,N,N
10/18/2022,5:00,9320.4512,1157.1212,4785.875,946.0943,9065.9961,5410.1392,2792.3374,990.7108,34468.7252,A3,N,N
10/18/2022,5:00,9513.3896,1156.0242,4751.4102,986.9529,9153.2012,5473.7026,2800.7761,1072.5107,34907.9675,A6,N,N
10/18/2022,5:00,10186.2002,1236.13,4434.9199,890.031,9386.1504,5355.98,2869.6101,1052.05,35411.0716,E,N,N
10/18/2022,5:00,9763.2197,1246.2,4482.6201,909.321,9581.79,5335.52,2755.8601,1076.35,35150.8809,E1,N,N
10/18/2022,5:00,9780.2197,1213.62,4501.3198,853.313,9124.4697,5170.73,2942.1599,1053.48,34639.3121,E2,N,N
10/18/2022,5:00,9933.71,1255.5699,4277.8799,850.568,8745.0898,5130.1602,3383.6399,923.513,34500.1307,E3,Y,N
10/18/2022,5:00,9890.5879,1239.824,4408.481,871.8619,9145.2686,5225.5156,3039.2205,1013.4946,34834.2541,M,N,N
10/18/2022,6:00,9715.8203,1223.1249,4764.2324,1009.8476,9719.543,5575.9453,2861.22,1011.2524,35880.9859,A3,N,N
10/18/2022,6:00,9861.1758,1191.9272,4678.0132,1037.0236,9822.792,5709.9946,2892.7532,1107.6019,36301.2815,A6,N,N
10/18/2022,6:00,10564,1338.14,4509.2798,951.322,10029.9004,5715.3501,3028.96,1080.58,37217.5323,E,N,N
10/18/2022,6:00,10254.2998,1350.46,4561.29,981.019,10251.0996,5692.4399,2912.79,1106.86,37110.2583,E1,N,N
10/18/2022,6:00,10143.5,1309.74,4583.9102,904.753,9809,5463.54,3059.75,1109.54,36383.7332,E2,N,N
10/18/2022,6:00,10335.2998,1364,4345.5,909.188,9465.7695,5454.5,3620.6101,964.046,36458.9134,E3,Y,N
10/18/2022,6:00,10301.4043,1343.171,4483.6167,932.3571,9832.5293,5555.3726,3214.6924,1053.6031,36716.7465,M,N,N
10/18/2022,7:00,10261.4102,1353.5773,4763.1504,1116.8502,10788.9209,5990.4858,2977.8774,1078.1658,38330.438,A3,N,N
10/18/2022,7:00,10353.5635,1302.672,4720.4575,1123.7969,10909.5547,6143.4844,3004.1345,1196.7423,38754.4058,A6,N,N
10/18/2022,7:00,11164.0996,1541.5601,4619.8799,1077.51,11295.5996,6394.54,3418.51,1134.79,40646.4892,E,N,N
10/18/2022,7:00,11009.5,1548.1,4678.6099,1127.78,11543.2002,6325.21,3284.23,1166.48,40683.1101,E1,N,N
10/18/2022,7:00,10719,1507.7,4704.5,1017.4,11162.4004,6001.75,3364.1499,1238.23,39715.1303,E2,N,N
10/18/2022,7:00,10970.9004,1571.67,4450.9902,1034.8199,10789.5996,6082.1499,4218.4702,1059.5,40178.1002,E3,Y,N
10/18/2022,7:00,10946.5557,1545.2686,4596.606,1060.1085,11147.0996,6169.6733,3651.3362,1142.2209,40258.8688,M,N,N
10/18/2022,8:00,10490.9951,1412.1783,4776.0034,1173.589,11424.2266,6246.6899,3066.4031,1124.3207,39714.4061,A3,N,N
10/18/2022,8:00,10576.6787,1353.4884,4742.0435,1179.8447,11526.5566,6364.9873,3072.5464,1264.0746,40080.2202,A6,N,N
10/18/2022,8:00,11394.7002,1642.48,4676.7598,1142.48,12054.5996,6751.6201,3555.46,1170.3,42388.3997,E,N,N
10/18/2022,8:00,11362,1650.5,4732.7202,1202.1899,12332.7998,6698.0098,3409.9199,1201.52,42589.6596,E1,N,N
10/18/2022,8:00,10991.7998,1599.87,4761.1899,1076.51,12056.5,6337.6802,3456.3501,1314.76,41594.66,E2,N,N
10/18/2022,8:00,11230.4004,1689.67,4512.7998,1097.3101,11620.7998,6478.8701,4426.4199,1092.75,42149.0201,E3,Y,N
10/18/2022,8:00,11228.2949,1650.349,4654.4717,1125.1055,11972.7949,6539.27,3799.1338,1187.0775,42156.4973,M,N,N
10/18/2022,9:00,10689.2646,1431.4739,4784.7075,1172.7932,11692.6484,6331.2109,3099.8137,1137.7102,40339.6224,A3,N,N
10/18/2022,9:00,10768.6123,1374.3453,4689.7495,1192.0756,11810.1025,6463.5571,3097.2346,1316.5686,40712.2455,A6,N,N
10/18/2022,9:00,11445.7998,1636.48,4551.8398,1142.65,11881.0996,6722.4502,3301.6699,1142.84,41824.8293,E,N,N
10/18/2022,9:00,11402.5,1647.62,4593.25,1196.13,12170.9004,6687.6899,3168.21,1166.48,42032.7803,E1,N,N
10/18/2022,9:00,11010.4004,1590.79,4625.8701,1077.86,11959.2998,6399.1401,3241.24,1294.79,41199.3904,E2,N,N
10/18/2022,9:00,11228.4004,1678.78,4414.4199,1098.55,11729.7998,6526.04,4269.0098,1047.33,41992.3299,E3,Y,N
10/18/2022,9:00,11250.0352,1642.6475,4532.603,1124.3876,11920.1445,6564.1895,3591.7666,1153.3091,41779.083,M,N,N
10/18/2022,10:00,10904.1738,1478.7437,4792.1519,1143.6881,11797.5313,6439.3447,3279.918,1165.5984,41001.1499,A3,N,N
10/18/2022,10:00,11121.7598,1426.1791,4670.6455,1183.2175,12026.9414,6576.4858,3283.6855,1401.304,41690.2186,A6,N,N
10/18/2022,10:00,11616.0996,1615.65,4478,1184.98,11835.0996,6684.6401,3318.3101,1078.1899,41810.9693,E,N,N
10/18/2022,10:00,11526.5,1625.08,4518.04,1231.58,12106.2998,6635.9502,3176.8899,1094.9399,41915.2798,E1,N,N
10/18/2022,10:00,11184.2002,1575.05,4559.52,1118.1801,11986.9004,6433.0698,3287.7,1239.88,41384.5005,E2,N,N
10/18/2022,10:00,11370.9004,1660.63,4344.52,1142.51,11860.5,6523.6201,4343.6401,987.727,42234.0476,E3,Y,N
10/18/2022,10:00,11399.9053,1623.6006,4461.6719,1165.0656,11949.7402,6553.2183,3634.168,1091.1379,41878.5078,M,N,N
10/18/2022,11:00,10955.0088,1502.7146,4830.3247,1084.2665,11565.5215,6615.8188,3327.1055,1199.9462,41080.7066,A3,N,N
10/18/2022,11:00,11471.0957,1449.3182,4734.1582,1168.9233,11823.1738,6738.5669,3347.0369,1450.9653,42183.2383,A6,N,N
10/18/2022,11:00,11763.7002,1592.35,4477.8599,1211.62,11891.5996,6676.0801,3464.79,1077.15,42155.1498,E,N,N
10/18/2022,11:00,11643.2002,1605.5699,4506.2002,1256.76,12132.5,6636.3999,3297.47,1085.36,42163.4602,E1,N,N
10/18/2022,11:00,11384.0996,1565.27,4574.7798,1144.65,12081.0996,6551.2002,3458.3899,1244.33,42003.8191,E2,N,N
10/18/2022,11:00,11515.7998,1657.1899,4342.5,1166.77,12056.7002,6574.2998,4409.7998,989.025,42712.0845,E3,Y,N
10/18/2022,11:00,11551.9102,1611.579,4461.7988,1190.4651,12056.9854,6599.3169,3752.1133,1090.1538,42314.3225,M,N,N
10/18/2022,12:00,11013.0078,1508.3021,4850.3545,1023.9881,11396.3408,6763.9092,3471.4692,1215.7148,41243.0865,A3,N,N
10/18/2022,12:00,11656.9502,1469.098,4743.6777,1143.255,11565.9121,6826.9175,3499.0085,1460.9017,42365.7207,A6,N,N
10/18/2022,12:00,11825.4004,1562.86,4479.1602,1197.08,11910.2998,6694.8799,3452.1399,1111.5,42233.3202,E,N,N
10/18/2022,12:00,11672.5,1577.9301,4499.8501,1238.29,12137.2998,6632.1001,3264.76,1108.28,42131.0101,E1,N,N
10/18/2022,12:00,11518.5,1557.3199,4587.8398,1137.15,12143.2002,6659.4902,3475.97,1288.74,42368.2101,E2,N,N
10/18/2022,12:00,11601.2002,1636.9,4341.9302,1153.97,12156.0996,6631.8301,4451.9199,1015.24,42989.09,E3,Y,N
10/18/2022,12:00,11631.9805,1591.1565,4463.4717,1177.3115,12111.3047,6648.2705,3761.1753,1121.314,42505.9847,M,N,N
10/18/2022,13:00,11078.1514,1561.6686,4865.6787,994.1031,11255.418,6877.3208,3510.0044,1220.8212,41363.1662,A3,N,N
10/18/2022,13:00,11695.4189,1560.7598,4743.5117,1113.6282,11229.1494,6956.9497,3504.053,1424.0685,42227.5392,A6,N,N
10/18/2022,13:00,11775.0996,1548.95,4467.5801,1189.3101,11998.2002,6700.0098,3377.77,1147.0601,42203.9799,E,N,N
10/18/2022,13:00,11595.4004,1561.16,4482.52,1225.38,12224.2002,6635.0601,3169.5701,1137.8199,42031.1107,E1,N,N
10/18/2022,13:00,11540.5,1565.1899,4577.23,1134.23,12277,6787.2002,3432.25,1343.73,42657.3301,E2,N,N
10/18/2022,13:00,11592.2998,1632.35,4340.1201,1147.6899,12183.2002,6681.8999,4437.6499,1038.73,43053.9398,E3,Y,N
10/18/2022,13:00,11607.5449,1585.2524,4454.1167,1169.9905,12189.1504,6699.2314,3710.2981,1156.002,42571.5864,M,N,N
10/18/2022,14:00,11407.1494,1578.8734,4850.606,975.2176,11165.1299,7037.7612,3564.1763,1214.6981,41793.6119,A3,N,N
10/18/2022,14:00,11957.4814,1617.9915,4727.6919,1099.2183,11049.002,7135.6187,3574.73,1381.7303,42543.4641,A6,N,N
10/18/2022,14:00,11838.4004,1554.27,4472.46,1200.65,12073,6760.04,3414.2,1167.89,42480.9104,E,N,N
10/18/2022,14:00,11649.5,1567.6,4468.1802,1235.92,12294.2002,6638.46,3181.55,1155.96,42191.3704,E1,N,N
10/18/2022,14:00,11660.4004,1592.8101,4553.8101,1146.75,12363.2998,6867.7402,3494.0801,1372.2,43051.0907,E2,N,N
10/18/2022,14:00,11702.9004,1651.09,4357.5298,1153.6899,12225.5996,6773.1299,4485.5801,1044.84,43394.3597,E3,Y,N
10/18/2022,14:00,11699.25,1601.1245,4451.502,1179.5565,12254.2852,6761.1514,3750.9907,1172.9175,42870.7778,M,N,N
10/18/2022,15:00,11762.7881,1622.7607,4860.8281,971.5268,11484.2344,7179.2695,3530.3877,1234.4189,42646.2142,A3,N,N
10/18/2022,15:00,12280.7715,1718.0253,4774.2559,1097.5266,11110.8008,7295.9282,3614.874,1371.5471,43263.7294,A6,N,N
10/18/2022,15:00,11905,1542.34,4479.75,1219.4,12158.0996,6832.29,3435.25,1159.5,42731.6296,E,N,N
10/18/2022,15:00,11691,1557.11,4463.2002,1251.96,12355.9004,6668.8101,3195.8899,1142.76,42326.6306,E1,N,N
10/18/2022,15:00,11714.9004,1601.84,4519.5,1168.29,12338.5,6845.1099,3541.3201,1345.01,43074.4704,E2,N,N
10/18/2022,15:00,11804.4004,1650.63,4366.6299,1166.59,12291.2002,6933,4523.0898,1034.28,43769.8203,E3,Y,N
10/18/2022,15:00,11768.7656,1598.8091,4445.958,1196.2791,12299.2344,6829.873,3782.6714,1157.8655,43079.4561,M,N,N
10/18/2022,16:00,12029.4531,1643.3365,4873.2856,974.1491,11607.8926,7302.0308,3518.8943,1238.9044,43187.9464,A3,N,N
10/18/2022,16:00,12424.9688,1774.3173,4821.7358,1094.6981,11169.5342,7357.0635,3605.7295,1328.6567,43576.7039,A6,N,N
10/18/2022,16:00,12042.5,1553.8101,4509.48,1230.23,12316.5,6900.46,3438.78,1161.4301,43153.1902,E,N,N
10/18/2022,16:00,11800,1567.97,4483.98,1262.98,12496.5,6729.3701,3198.6499,1145.29,42684.74,E1,N,N
10/18/2022,16:00,11818.2002,1604.3101,4527.5498,1180.21,12385.7998,6890.2202,3554.4299,1332.47,43293.19,E2,N,N
10/18/2022,16:00,11959.7998,1667.24,4404.3999,1177.91,12357.5,7045.6201,4542.3901,1037.49,44192.3499,E3,Y,N
10/18/2022,16:00,11896.8545,1609.6755,4470.8442,1207.6005,12393.1748,6905.9336,3793.9233,1156.776,43434.7824,M,N,N
10/18/2022,17:00,12061.79,1628.3472,4874.3271,979.1359,11776.5469,7341.5923,3492.6321,1237.8872,43392.2587,A3,N,N
10/18/2022,17:00,12365.1074,1772.8795,4845.6865,1101.6593,11285.6953,7428.1787,3670.0493,1268.4274,43737.6834,A6,N,N
10/18/2022,17:00,12171.0996,1577.23,4571.7998,1246.16,12594.2002,7038.9199,3370.78,1113.29,43683.4795,E,N,N
10/18/2022,17:00,11951,1588.79,4545.27,1280.2,12774,6848.0601,3147.8401,1112.92,43248.0802,E1,N,N
10/18/2022,17:00,11875.2002,1615.61,4570.6201,1195.99,12569.2998,6937.0601,3476.0901,1279.9,43519.7703,E2,N,N
10/18/2022,17:00,12085.7002,1693.99,4464.7998,1189.71,12488.5,7163.3198,4559.3301,1005.72,44651.0699,E3,Y,N
10/18/2022,17:00,12012.21,1630.5809,4527.4229,1222.37,12595.9297,7009.2803,3757.3652,1117.2004,43872.3594,M,N,N
10/18/2022,18:00,11805.998,1568.2819,4861.6533,970.7151,11567.6396,7243.7808,3463.9243,1186.7344,42668.7274,A3,N,N
10/18/2022,18:00,11929.8096,1708.6942,4832.2734,1095.1322,11160.0107,7317.6509,3622.9851,1176.2972,42842.8533,A6,N,N
10/18/2022,18:00,12049,1584.77,4601.0601,1235.92,12734,7186.6299,3359.6699,1111.36,43862.4099,E,N,N
10/18/2022,18:00,11843.2002,1596.38,4573.2598,1265.97,12922.2998,6990.3901,3163.27,1097.0601,43451.83,E1,N,N
10/18/2022,18:00,11726.5,1610.6899,4600.1201,1186.4,12624.7998,6973.6299,3447.7,1233.15,43402.9897,E2,N,N
10/18/2022,18:00,11957.7998,1698.51,4482.3599,1184.89,12506.5,7253.8599,4584.5601,992.123,44660.6027,E3,Y,N
10/18/2022,18:00,11885.0059,1633.9615,4552.3301,1213.1919,12674.1504,7107.8506,3761.2891,1096.4995,43924.279,M,N,N
10/18/2022,19:00,11301.4619,1468.7715,4789.8311,950.8124,11244.5146,6970.3774,3265.457,1102.9148,41094.1407,A3,N,N
10/18/2022,19:00,11287.8047,1598.1062,4769.1729,1071.5282,10869.1016,7083.6074,3316.9658,1039.9805,41036.2673,A6,N,N
10/18/2022,19:00,11735.7998,1592.73,4640.04,1230.86,12725.5,7245.4399,3287.6399,1125.3199,43583.3295,E,N,N
10/18/2022,19:00,11548,1602.26,4605.4702,1258.5699,12933,7064.27,3119.1201,1101.13,43231.8202,E1,N,N
10/18/2022,19:00,11452.7998,1609.96,4631.77,1181.51,12526.9004,6931.27,3365.8799,1219.6,42919.6901,E2,N,N
10/18/2022,19:00,11619.0996,1696.6899,4490.6299,1175.3101,12348.9004,7283.8398,4485.6001,999.455,44099.5248,E3,Y,N
10/18/2022,19:00,11577.2549,1635.8059,4577.0361,1206.0076,12595.916,7135.0449,3684.356,1098.7898,43510.2112,M,N,N
10/18/2022,20:00,11303.8818,1446.095,4762.478,990.6412,11707.5322,6919.8594,3271.9971,1079.2616,41481.7463,A3,N,N
10/18/2022,20:00,11313.2021,1587.5344,4735.4351,1116.2843,11344.2783,6957.7144,3315.2473,1031.1248,41400.8207,A6,N,N
10/18/2022,20:00,11768,1650.1801,4749.71,1262.49,12672.0996,7290.8901,3456.6799,1165.62,44015.6697,E,N,N
10/18/2022,20:00,11661.5,1654.96,4733.21,1293.14,12880.2002,7131.2202,3300.7,1144.12,43799.0504,E1,N,N
10/18/2022,20:00,11539.7998,1649.88,4752.7598,1212.3199,12470.4004,6922.79,3517.49,1241.4399,43306.8798,E2,N,N
10/18/2022,20:00,11620.2998,1746.58,4587.04,1204.76,12491.7998,7294.3101,4622.4399,1041.72,44608.9496,E3,Y,N
10/18/2022,20:00,11632.6309,1685.04,4689.4131,1237.4045,12610.5947,7160.1445,3840.9036,1135.835,43991.9663,M,N,N
10/18/2022,21:00,11147.9355,1444.1561,4881.0171,1033.7843,11763.502,6983.481,3358.2217,1106.6619,41718.7596,A3,N,N
10/18/2022,21:00,11156.3135,1590.297,4818.7803,1173.0283,11492.1289,6906.7725,3346.2576,1084.0623,41567.6404,A6,N,N
10/18/2022,21:00,11531.0996,1642.8199,4780.25,1264.59,12443.0996,7166.9199,3480.5601,1189.39,43498.7291,E,N,N
10/18/2022,21:00,11430.5,1643.9399,4789.5601,1291.9399,12633,7030.3301,3354.5901,1169.66,43343.5201,E1,N,N
10/18/2022,21:00,11323.0996,1629.74,4805.2002,1216.73,12178.2998,6787.4102,3542.01,1257.24,42739.7298,E2,N,N
10/18/2022,21:00,11345,1727.38,4622.9902,1207.25,12305.2002,7084.3101,4594.6201,1079.9399,43966.6905,E3,Y,N
10/18/2022,21:00,11388.8145,1669.426,4733.7739,1239.3934,12376.1094,7008.9814,3854.3511,1163.1125,43433.9622,M,N,N
10/18/2022,22:00,10807.2373,1398.5787,4879.3838,1040.8173,11465.3174,6794.8149,3250.5334,1100.1597,40736.8425,A3,N,N
10/18/2022,22:00,10851.4141,1492.8612,4804.2588,1198.3871,11276.4814,6709.7788,3226.801,1123.7524,40683.7348,A6,N,N
10/18/2022,22:00,11114.7998,1584.92,4755.6099,1219.3101,11869.5996,6800.3501,3305.6201,1157.22,41807.4296,E,N,N
10/18/2022,22:00,10977.2998,1584.76,4751.6899,1239.34,12044.5996,6709.5,3210,1131.39,41648.5793,E1,N,N
10/18/2022,22:00,10922.4004,1569.33,4765.8799,1176.96,11531.2998,6471.0698,3380.4099,1194.52,41011.8698,E2,N,N
10/18/2022,22:00,10904.5,1658.3199,4578.77,1161.75,11715,6692.7598,4375.9302,1037.98,42125.0099,E3,Y,N
10/18/2022,22:00,10958.7197,1606.6725,4695.3032,1193.584,11774.665,6657.6606,3675.021,1118.3535,41679.9795,M,N,N
10/18/2022,23:00,10244.0957,1328.4227,4870.5962,1001.2304,10940.5244,6389.4082,3084.3267,1077.2866,38935.8909,A3,N,N
10/18/2022,23:00,10339.3916,1403.9221,4782.9692,1156.4562,10891.7246,6378.2373,3075.6001,1110.9685,39139.2696,A6,N,N
10/18/2022,23:00,10693.5,1503.37,4689.25,1143.42,11249.5996,6375.1499,3061.3101,1092.59,39808.1896,E,N,N
10/18/2022,23:00,10533.2002,1513.73,4695.3398,1156.45,11436.7002,6300.6299,3003.75,1095.09,39734.8901,E1,N,N
10/18/2022,23:00,10476.2002,1501.67,4687.6201,1102.76,10723.0996,6081.5601,3148.0901,1123.13,38844.1301,E2,N,N
10/18/2022,23:00,10506,1554.98,4506.5498,1095.03,10911.7002,6230.9902,4064.99,974.491,39844.7312,E3,Y,N
10/18/2022,23:00,10533.4746,1523.5984,4626.4199,1119.5759,11046.4854,6232.666,3419.9028,1059.5154,39561.6384,M,N,N
10/18/2022,24:00,9841.0342,1251.1521,4835.9033,987.9402,10313.7959,5990.4517,2917.2339,1055.922,37193.4333,A3,N,N
10/18/2022,24:00,10054.9814,1296.1467,4766.6479,1111.0573,10318.9063,5991.5581,2919.3076,1095.1584,37553.7637,A6,N,N
10/18/2022,24:00,10288.2998,1430.05,4622.9399,1080.3,10733.5,5955.8301,2851.6001,1018.79,37981.3099,E,N,N
10/18/2022,24:00,10099.0996,1450.24,4625.5801,1087.9,10936.0996,5890.75,2796.3601,1049.88,37935.9094,E1,N,N
10/18/2022,24:00,10029.7002,1448.1,4597.8501,1040.76,10014,5688.2998,2923.3401,1043.51,36785.5602,E2,N,N
10/18/2022,24:00,10131.5,1453.83,4428.9702,1043.5,10163,5799.6201,3726.5,901.61,37648.5303,E3,Y,N
10/18/2022,24:00,10121.4707,1447.933,4549.438,1059.4351,10404.5996,5818.0039,3161.9399,991.7295,37554.5497,M,N,N
10/19/2022,1:00,9389.3184,1183.9496,4774.645,999.911,9888.0713,5567.3569,2736.1577,993.2195,35532.6294,A3,N,N
10/19/2022,1:00,9530.46,1142.6531,4786.436,1091.6644,9906.3818,5593.2065,2729.7112,968.1968,35748.7098,A6,N,N
10/19/2022,1:00,10086.5996,1424.26,4560.98,1021.89,10841.7998,5726.8999,2809.3201,1035.13,37506.8794,E,N,N
10/19/2022,1:00,9955.7002,1466.34,4569,1033.15,11091.7002,5628.8501,2738.6899,1137.66,37621.0904,E1,N,N
10/19/2022,1:00,9775.9902,1468.83,4520.0801,972.217,9806.4502,5435.6899,2825.5701,1113.3101,35918.1376,E2,N,N
10/19/2022,1:00,10016.2998,1403.72,4342.8501,1004.5,9641.1904,5491.5898,3525.28,863.731,36289.1611,E3,Y,N
10/19/2022,1:00,9951.6172,1438.7335,4476.4146,1006.2002,10225.2246,5547.2266,3046.311,1020.3179,36712.0456,M,N,N
10/19/2022,2:00,9252.0527,1160.1141,4775.9111,1014.1719,9671.1465,5454.0718,2659.8276,997.1427,34984.4384,A3,N,N
10/19/2022,2:00,9458.6387,1133.082,4748.6646,1088.5248,9827.3848,5460.4443,2662.6165,984.6739,35364.0296,A6,N,N
10/19/2022,2:00,9771.75,1408.9301,4507.7202,974.241,10682.7998,5465.6001,2689.98,1050.71,36551.7312,E,N,N
10/19/2022,2:00,9686.6104,1467.51,4522.5698,991.483,10951.4004,5363.2998,2627.4099,1192.34,36802.6233,E1,N,N
10/19/2022,2:00,9479.3799,1471.17,4472.6899,912.57,9406.29,5196.9502,2713.98,1141.37,34794.4,E2,N,N
10/19/2022,2:00,9739.2305,1355.23,4255.6899,967.774,9204.3896,5234.4902,3355.8201,854.244,34966.8683,E3,Y,N
10/19/2022,2:00,9665.9902,1420.34,4414.4648,960.8703,9913.3789,5291.9741,2913.3813,1040.0194,35620.419,M,N,N
10/19/2022,3:00,9153.5723,1150.854,4856.1836,1038.2339,9599.7549,5380.9443,2602.0166,981.3454,34762.905,A3,N,N
10/19/2022,3:00,9253.7646,1137.9264,4825.0005,1103.6266,10006.9727,5340.4985,2604.9736,1014.08,35286.8429,A6,N,N
10/19/2022,3:00,9639.0801,1428.41,4481.2402,956.877,10751.5,5401.29,2592.55,1028.4301,36279.3774,E,N,N
10/19/2022,3:00,9605.7305,1500.76,4503.1299,978.192,11038,5284.75,2530,1203.64,36644.2024,E1,N,N
10/19/2022,3:00,9341.8799,1506.29,4452.1099,884.287,9252.96,5118.1699,2598.02,1127.65,34281.3667,E2,N,N
10/19/2022,3:00,9645.7695,1347.36,4235.8999,960.014,8983.6797,5131.6499,3253.1799,819.356,34376.9089,E3,Y,N
10/19/2022,3:00,9558.7842,1437.6001,4393.561,945.1562,9829.7529,5207.001,2809.5005,1023.8616,35205.2175,M,N,N
10/19/2022,4:00,9277.6846,1193.4243,4841.6841,1063.4807,9655.3252,5387.3359,2565.7622,986.7293,34971.4263,A3,N,N
10/19/2022,4:00,9610.4805,1192.5297,4782.9092,1120.0865,10264.418,4860.1631,2552.8486,1070.7263,35454.1619,A6,N,N
10/19/2022,4:00,9568.1602,1432.3,4471.7598,962.286,10743.2998,5301.52,2482.01,1069.7,36031.0358,E,N,N
10/19/2022,4:00,9556.3896,1509.34,4493.0498,984.221,11014,5202.4302,2426.3799,1245.64,36431.4505,E1,N,N
10/19/2022,4:00,9267.5098,1513.6,4437.8701,882.578,9122.3496,5024.3799,2492.1001,1131.73,33872.1175,E2,N,N
10/19/2022,4:00,9535.0801,1341.79,4239.9302,965.605,8936.5898,5008.3799,3226.3301,836.695,34090.4001,E3,Y,N
10/19/2022,4:00,9478.4775,1440.2064,4387.4697,949.0044,9773.3887,5104.8633,2731.137,1047.6407,34912.1877,M,N,N
10/19/2022,5:00,9574.502,1338.6676,4793.3672,1097.2588,10019.0928,5537.0732,2588.2542,1013.9551,35962.1709,A3,N,N
10/19/2022,5:00,10118.7539,1272.8147,4745.8491,1153.6587,10816.3604,5198.4839,2592.0408,1154.8016,37052.7631,A6,N,N
10/19/2022,5:00,9744.9805,1478.04,4467.8301,982.635,11097.4004,5430.6499,2539.3401,1107.55,36848.426,E,N,N
10/19/2022,5:00,9765.1299,1553.7,4488.1201,1003.68,11346.2998,5336.98,2490.99,1275.8199,37260.7197,E1,N,N
10/19/2022,5:00,9416.8398,1559.04,4423.46,900.792,9362.0303,5098,2550.9099,1134.8,34445.872,E2,N,N
10/19/2022,5:00,9653.8203,1387.5601,4247.8198,986.965,9234.5,5066.2402,3272.3501,844.284,34693.5395,E3,Y,N
10/19/2022,5:00,9636.0762,1485.537,4384.8066,968.951,10073.7676,5196.5264,2786.6985,1064.2869,35596.6502,M,N,N
10/19/2022,6:00,10130.6436,1564.2612,4774.3755,1166.2039,10797.4941,5761.8647,2686.6421,1042.2764,37923.7615,A3,N,N
10/19/2022,6:00,10809.0742,1371.2395,4672.0723,1218.2314,11787.335,5621.5771,2712.5247,1203.8555,39395.9097,A6,N,N
10/19/2022,6:00,10415.5996,1593.99,4521.6201,1071.48,11877.0996,5850.73,2734.8,1173.65,39238.9693,E,N,N
10/19/2022,6:00,10495.5,1661.7,4537.4399,1087.46,12092.7002,5753.6401,2676.03,1319.14,39623.6102,E1,N,N
10/19/2022,6:00,9970.3701,1663.38,4462.79,982.063,10051.2002,5395.77,2683.74,1166.9399,36376.2532,E2,N,N
10/19/2022,6:00,10219.5996,1512.05,4324.7402,1061.03,10095,5374.8701,3543.1101,865.263,36995.663,E3,Y,N
10/19/2022,6:00,10255.668,1599.5861,4441.9595,1049.4633,10850.79,5546.1665,2990.251,1100.4095,37834.2939,M,N,N
10/19/2022,7:00,10830.4219,1787.6205,4775.4805,1278.3257,12015.1953,6248.9897,2827.4204,1116.0416,40879.4956,A3,N,N
10/19/2022,7:00,11644.3789,1538.0334,4714.6865,1319.3002,13171.292,6348.2515,2845.7437,1268.7284,42850.4146,A6,N,N
10/19/2022,7:00,11431.7002,1797.87,4627.4199,1246.59,13265.7002,6600.3301,3136.5801,1265.38,43371.5705,E,N,N
10/19/2022,7:00,11585,1847.92,4656.9102,1252.53,13433.9004,6475.6699,3056.1799,1387.04,43695.1504,E1,N,N
10/19/2022,7:00,10822.7998,1846.54,4550.8501,1151.48,11395,5940.1699,2978.3899,1267.8101,39953.0398,E2,N,N
10/19/2022,7:00,11109.5,1736.12,4499.71,1214.0699,11591.9004,5935.1699,4130.0298,916.067,41132.567,E3,Y,N
10/19/2022,7:00,11205.0303,1800.9375,4570.9517,1212.9154,12254.2451,6171.3188,3424.6396,1174.1429,41814.1813,M,N,N
10/19/2022,8:00,11130.7744,1895.4303,4789.6729,1331.7659,12668.46,6549.1689,2939.3713,1163.6296,42468.2733,A3,N,N
10/19/2022,8:00,12063.0195,1607.9977,4736.625,1386.6125,13914.543,6676.4551,2938.0439,1319.2417,44642.5384,A6,N,N
10/19/2022,8:00,11901.2002,1884.03,4709.46,1329.27,13949.7998,7080.1001,3318.0701,1321.86,45493.7902,E,N,N
10/19/2022,8:00,12082.2998,1922.86,4728.2598,1329.67,14088.2002,6936.2402,3227.28,1428.28,45743.09,E1,N,N
10/19/2022,8:00,11207,1914.38,4601.3599,1231.6801,12148.7002,6305.48,3103.5901,1315.8199,41828.0102,E2,N,N
10/19/2022,8:00,11580.4004,1837.0601,4597.52,1282.39,12472.7998,6280.1201,4348.5498,919.899,43318.7392,E3,Y,N
10/19/2022,8:00,11660.6445,1884.8855,4647.9556,1288.5645,13017.1758,6570.4873,3602.4204,1206.2686,43878.4022,M,N,N
10/19/2022,9:00,11280.3906,1912.8931,4796.4097,1310.8579,12721.0654,6609.5562,2990.269,1172.1442,42793.5861,A3,N,N
10/19/2022,9:00,12167.9629,1622.7551,4684.7007,1379.8049,13966.7656,6661.0195,2975.4551,1368.7395,44827.2033,A6,N,N
10/19/2022,9:00,11980.0996,1829.48,4571.0098,1299.16,13383.2002,7023.2798,3105.97,1223.28,44415.4794,E,N,N
10/19/2022,9:00,12131,1865.74,4587.8101,1298.8199,13525,6885.0298,3018.77,1323.03,44635.1998,E1,N,N
10/19/2022,9:00,11300.2002,1845.1899,4475.96,1211.8,11892.0996,6330.8701,2918.49,1238.15,41212.7598,E2,N,N
10/19/2022,9:00,11725,1784.96,4423.25,1254.21,12494.7998,6276.0298,4197.1802,852.759,43008.1888,E3,Y,N
10/19/2022,9:00,11758.5654,1826.8905,4499.7314,1261.5024,12734.9346,6554.0771,3419.2236,1122.2527,43177.1777,M,N,N
10/19/2022,10:00,11295.7109,1862.1639,4799.9849,1263.5818,12638.165,6631.0005,3164.0425,1186.6426,42841.2921,A3,N,N
10/19/2022,10:00,12192.3594,1589.4725,4665.2139,1345.2039,13727.1396,6545.7471,3153.5154,1475.3274,44693.9792,A6,N,N
10/19/2022,10:00,12070.7998,1727.22,4463.6899,1302.4301,12787.2998,6851.23,3108.5801,1044.25,43355.4997,E,N,N
10/19/2022,10:00,12176.2998,1762.99,4483.9399,1297.04,12949.0996,6713.4902,3021,1147.3101,43551.1696,E1,N,N
10/19/2022,10:00,11449,1733.4,4409.29,1237.53,11724.5996,6324.4199,2955.8799,1133.66,40967.7794,E2,N,N
10/19/2022,10:00,11883.7002,1702.66,4289.6201,1253.95,12427.2998,6221.7202,4223.0298,772.628,42774.6081,E3,Y,N
10/19/2022,10:00,11876.2402,1729.1116,4394.228,1267.8895,12436.0742,6464.7642,3438.5674,997.2998,42604.1749,M,N,N
10/19/2022,11:00,11107.4395,1622.9517,4833.0034,1170.2255,12104.8652,6716.1777,3208.7671,1206.4221,41969.8522,A3,N,N
10/19/2022,11:00,11939.7734,1507.6213,4729.2114,1295.6056,12668.2676,6351.4375,3216.001,1509.6617,43217.5795,A6,N,N
10/19/2022,11:00,12130.5,1626.37,4440.8599,1299.22,12331,6710.0801,3198.8201,976.798,42713.6481,E,N,N
10/19/2022,11:00,12199.5,1661.99,4458.4199,1290.89,12515.7002,6580.7002,3121.3601,1073.4301,42901.9905,E1,N,N
10/19/2022,11:00,11576.2002,1627,4414.6499,1248.96,11646.2998,6353.2598,3104.6499,1121.51,41092.5296,E2,N,N
10/19/2022,11:00,11980.9004,1632.98,4275.7798,1243.62,12407.7002,6207.2402,4236.27,759.27,42743.7606,E3,Y,N
10/19/2022,11:00,11956.8145,1637.746,4380.9194,1265.1125,12232.8457,6412.5361,3519.02,960.9992,42365.9934,M,N,N
10/19/2022,12:00,10988.0898,1533.8931,4850.3345,1051.6344,11699.7539,6785.0288,3360.5825,1215.9497,41485.2667,A3,N,N
10/19/2022,12:00,11490.3525,1445.6166,4740.7559,1236.2224,11941.8408,6424.8159,3372.0354,1482.0275,42133.667,A6,N,N
10/19/2022,12:00,12030.7998,1541.28,4404.0098,1261.83,11918.7998,6604.0298,3162.8501,973.526,41897.1253,E,N,N
10/19/2022,12:00,12073.2998,1576.48,4421.6001,1253.89,12124.9004,6480.9702,3099.97,1072.62,42103.7305,E1,N,N
10/19/2022,12:00,11578.2002,1544.24,4407.21,1227.61,11535.7998,6394.79,3137.8301,1188.52,41014.2001,E2,N,N
10/19/2022,12:00,11939.0996,1566.74,4265.9102,1207.0601,12251.7002,6212.8501,4283.0898,785.452,42511.902,E3,Y,N
10/19/2022,12:00,11896.1797,1559.731,4360.8726,1232.1206,11991.0898,6384.0425,3532.959,986.2221,41943.2173,M,N,N
10/19/2022,13:00,10951.2617,1567.687,4866.022,994.7451,11394.4111,6855.2632,3421.2344,1223.5542,41274.1787,A3,N,N
10/19/2022,13:00,11428.877,1473.3586,4744.064,1178.0287,11400.7217,6997.332,3401.3416,1422.5798,42046.3034,A6,N,N
10/19/2022,13:00,11845.5996,1474.17,4353.2998,1222.79,11701.0996,6529.7002,3122.9099,983.891,41233.4601,E,N,N
10/19/2022,13:00,11879.5996,1507.63,4375.4302,1215.12,11926,6406.4399,3067.26,1090.16,41467.6397,E1,N,N
10/19/2022,13:00,11494.7002,1482.36,4391,1203.73,11560.2998,6450.8999,3148.0901,1262.22,40993.3,E2,N,N
10/19/2022,13:00,11839.7002,1517.62,4240.73,1171.87,12075.2002,6232.52,4382.21,815.154,42275.0044,E3,Y,N
10/19/2022,13:00,11764.3105,1499.79,4328.8579,1198.2854,11853.0605,6375.1719,3556.0474,1020.9825,41596.5061,M,N,N
10/19/2022,14:00,11233.7109,1572.4496,4853.6094,975.8818,11203.8848,6999.5923,3512.3679,1226.0829,41577.5796,A3,N,N
10/19/2022,14:00,11605.1445,1564.7046,4733.9326,1140.9069,11097.2646,7120.4023,3505.8071,1372.1932,42140.3558,A6,N,N
10/19/2022,14:00,11865.2002,1459.67,4349.1899,1224.14,11582.7998,6517.8501,3215.6699,994.477,41208.9969,E,N,N
10/19/2022,14:00,11909.2998,1490.22,4374.1401,1215.25,11819.9004,6401.46,3159.9199,1104.26,41474.4502,E1,N,N
10/19/2022,14:00,11576.5996,1472.6801,4414.3101,1215,11629.5,6559.5898,3272.1001,1325.75,41465.5297,E2,N,N
10/19/2022,14:00,11914,1516.04,4298.1201,1164.39,11958.5996,6286.5698,4556.1699,842.519,42536.4084,E3,Y,N
10/19/2022,14:00,11821.1543,1490.2896,4353.833,1198.72,11785.2793,6418.2393,3685.0149,1051.5557,41804.0861,M,N,N
10/19/2022,15:00,11590.7861,1610.6592,4867.5459,976.4291,11480.7842,7136.0952,3518.593,1259.2871,42440.1798,A3,N,N
10/19/2022,15:00,11909.1387,1671.7103,4786.9204,1121.6665,11108.5166,7257.1743,3573.3716,1363.5162,42792.0146,A6,N,N
10/19/2022,15:00,11924.2998,1435.65,4384.6201,1223.65,11543.0996,6626.4302,3302.6799,989.433,41429.8626,E,N,N
10/19/2022,15:00,11985.4004,1462.6899,4409.54,1213.62,11785.5,6514.75,3246.6299,1106.91,41725.0402,E1,N,N
10/19/2022,15:00,11681.0996,1454.6,4451.02,1225.98,11750.0996,6744.7202,3380.1201,1376.95,42064.5895,E2,N,N
10/19/2022,15:00,12031.9004,1504.12,4392.52,1160.6801,11923.5,6434.4399,4693.2402,864.88,43005.2806,E3,Y,N
10/19/2022,15:00,11916.4355,1471.1121,4410.2148,1199.6855,11788.5898,6560.8857,3794.7234,1072.0879,42213.7347,M,N,N
10/19/2022,16:00,11901.0908,1629.2485,4884.981,985.0889,11595.9385,7273.5571,3530.3477,1277.3774,43077.6299,A3,N,N
10/19/2022,16:00,12134.6396,1725.4955,4842.2773,1107.4288,11163.6494,7331.1665,3578.5068,1328.5685,43211.7324,A6,N,N
10/19/2022,16:00,12083.0996,1442.84,4413.6001,1232.65,11639.5996,6787.6099,3393.1499,1025,42017.5491,E,N,N
10/19/2022,16:00,12161.5996,1467.47,4437.3301,1221.79,11878.9004,6688.5698,3336.78,1140.37,42332.8099,E1,N,N
10/19/2022,16:00,11891,1455.1899,4480.6899,1240.52,11982.2998,6948.46,3478.9299,1435.54,42912.6295,E2,N,N
10/19/2022,16:00,12200.0996,1519.01,4460.6299,1168.71,11941.7002,6597.7798,4788.8501,904.647,43581.4266,E3,Y,N
10/19/2022,16:00,12095.6494,1478.7445,4452.7656,1209.5236,11890.8359,6736.6221,3888.9976,1114.354,42867.4927,M,N,N
10/19/2022,17:00,11946.7236,1615.0211,4889.3403,996.0441,11783.2168,7327.814,3533.6016,1287.8672,43379.6287,A3,N,N
10/19/2022,17:00,12116.9346,1724.6145,4872.9507,1106.4908,11304.8174,7413.4395,3668.6362,1278.6453,43486.529,A6,N,N
10/19/2022,17:00,12297.2998,1482.0601,4481.6802,1247.9,11869.5,6985.6699,3408.5601,1010.13,42782.8001,E,N,N
10/19/2022,17:00,12392.4004,1501.27,4504.1699,1235.04,12102.5,6899.79,3347.1101,1112.41,43094.6904,E1,N,N
10/19/2022,17:00,12099.0996,1485.71,4539.2998,1260.25,12335.0996,7126.9199,3469.99,1401.17,43717.5389,E2,N,N
10/19/2022,17:00,12381.7998,1561.8199,4559.02,1175.74,12048.7002,6774.5601,4845.5698,903.442,44250.6518,E3,Y,N
10/19/2022,17:00,12301.0996,1515.6909,4528.7764,1222.5165,12106.8691,6925.624,3911.5085,1096.1193,43608.2043,M,N,N
10/19/2022,18:00,11677.6123,1558.0219,4877.9365,989.4534,11585.4307,7256.2988,3504.6382,1237.6464,42687.0382,A3,N,N
10/19/2022,18:00,11666.8926,1665.6235,4863.7861,1095.5409,11195.0293,7329.166,3624.1714,1193.1702,42633.38,A6,N,N
10/19/2022,18:00,12211.0996,1497.59,4506.0801,1209.48,12008.9004,7190.7202,3442.25,1025.48,43091.6003,E,N,N
10/19/2022,18:00,12306.2002,1510.8101,4530.27,1197.11,12229.5,7114.8999,3370.49,1120.76,43380.0402,E1,N,N
10/19/2022,18:00,12033.5996,1492.34,4567.0801,1222.55,12545.5,7264.5601,3467.79,1384.77,43978.1898,E2,N,N
10/19/2022,18:00,12315.4004,1572.4,4580.9199,1146.7,12079.2002,6921.27,4861.4902,906.848,44384.2287,E3,Y,N
10/19/2022,18:00,12227.0049,1525.7661,4553.5713,1187.682,12222.8047,7095.918,3927.4292,1097.6013,43837.7775,M,N,N
10/19/2022,19:00,11188.3174,1461.8577,4805.2393,969.2574,11258.5615,6984.2549,3289.0884,1152.4769,41109.0535,A3,N,N
10/19/2022,19:00,11061.4014,1562.1881,4802.2808,1066.6205,10897.79,7101.7183,3310.9028,1059.1106,40862.0125,A6,N,N
10/19/2022,19:00,11885.4004,1515.34,4525.0801,1173.16,11980.7002,7308.4199,3358.8201,1056.36,42803.2807,E,N,N
10/19/2022,19:00,11960.2002,1523.21,4556.27,1160.83,12186.9004,7238.23,3293.1299,1135.83,43054.6005,E1,N,N
10/19/2022,19:00,11749.2998,1503.6,4592.54,1178.46,12490.4004,7296.52,3366.28,1368.9,43546.0002,E2,N,N
10/19/2022,19:00,11943.4004,1581.84,4611.3101,1111.9,11917.0996,6994.8101,4717.1699,905.602,43783.1321,E3,Y,N
10/19/2022,19:00,11890.375,1537.6475,4579.9229,1149.9615,12137.415,7178.1343,3819.6851,1101.5972,43394.7385,M,N,N
10/19/2022,20:00,11192.4395,1439.9634,4775.5801,1004.4756,11702.8418,6923.7314,3277.5313,1119.9688,41436.5319,A3,N,N
10/19/2022,20:00,11085.1104,1560.0355,4767.96,1106.6832,11347.2109,6965.6548,3306.009,1045.1921,41183.8559,A6,N,N
10/19/2022,20:00,12013.4004,1568.85,4644.5,1197.83,11914.4004,7405.3799,3440.02,1108.52,43292.9007,E,N,N
10/19/2022,20:00,12080.2002,1568.59,4670.02,1183.1,12097.2002,7329.02,3384.23,1167.9,43480.2604,E1,N,N
10/19/2022,20:00,11836.5996,1546.35,4676.5,1201.9399,12413.5996,7282.9199,3414.2,1359.59,43731.699,E2,N,N
10/19/2022,20:00,11999.7998,1633.77,4728.3398,1137.23,12068,7033.6899,4722.7402,922.704,44246.2737,E3,Y,N
10/19/2022,20:00,11981.1396,1585.8821,4688.2241,1173.965,12138.6602,7225.5835,3868.5698,1121.0969,43783.1212,M,N,N
10/19/2022,21:00,11041.6006,1439.6471,4890.2344,1041.293,11736.1797,6966.8076,3317.9133,1137.1393,41570.815,A3,N,N
10/19/2022,21:00,10960.4111,1547.2776,4848.2729,1155.9772,11462.5322,6895.5483,3311.7727,1089.6846,41271.4766,A6,N,N
10/19/2022,21:00,11745,1574.88,4712.7202,1197.14,11697.2002,7298.9502,3404.3799,1155.38,42785.6505,E,N,N
10/19/2022,21:00,11785,1571.95,4726.73,1181.88,11868.2998,7234.1001,3360.2,1201.38,42929.5399,E1,N,N
10/19/2022,21:00,11598.5996,1551.1899,4714.0098,1201.67,12166.9004,7153.0098,3373.9099,1353.3199,43112.6093,E2,N,N
10/19/2022,21:00,11694.2998,1626.3199,4752.73,1136.0699,11868.5,6870.48,4584.1001,946.255,43478.7547,E3,Y,N
10/19/2022,21:00,11700.6543,1586.229,4730.5483,1173.083,11917.3555,7096.2881,3798.6196,1143.1713,43145.9491,M,N,N
10/19/2022,22:00,10735.6816,1395.6816,4885.8213,1041.7437,11414.7266,6779.1274,3191.929,1122.9895,40567.7007,A3,N,N
10/19/2022,22:00,10699.8838,1422.5913,4830.9077,1170.1912,11214.8691,6704.8862,3181.0959,1121.9103,40346.3355,A6,N,N
10/19/2022,22:00,11249.0996,1521.24,4676.8799,1132.63,11148.4004,6907.25,3220.78,1124.0601,40980.34,E,N,N
10/19/2022,22:00,11251.2002,1520.01,4694.79,1120.76,11316,6859.1602,3187.23,1167.6899,41116.8403,E1,N,N
10/19/2022,22:00,11154.7998,1504.4,4666.1802,1135.1899,11561.5996,6807.3599,3204,1292.41,41325.9394,E2,N,N
10/19/2022,22:00,11204,1560.3199,4733.0298,1078.83,11241.5,6514.27,4347.1099,915.124,41594.1836,E3,Y,N
10/19/2022,22:00,11210.2656,1530.4004,4698.335,1111.4724,11326.1855,6732.7119,3602.4131,1103.9275,41315.7114,M,N,N
10/19/2022,23:00,10225.0332,1328.7827,4873.9629,994.9868,10833.3916,6372.4478,3030.8254,1092.1571,38751.5875,A3,N,N
10/19/2022,23:00,10214.1426,1388.4823,4805.0269,1115.0977,10775.5488,6368.7803,3030.7478,1101.5085,38799.3349,A6,N,N
10/19/2022,23:00,10709.2998,1436.36,4639.1802,1049.15,10506.0996,6434.7402,2995.9299,1046.5,38817.2597,E,N,N
10/19/2022,23:00,10680.9004,1441.9301,4635.8701,1043.13,10679.9004,6390.52,2945.9299,1097.83,38916.0109,E1,N,N
10/19/2022,23:00,10632.9004,1420.1,4618.1499,1044.03,10705.7998,6374.1201,2994.76,1210.83,39000.6902,E2,N,N
10/19/2022,23:00,10662.5,1456.9301,4639.27,1009.24,10421.7002,6090.5601,4032.3701,864.008,39176.5785,E3,Y,N
10/19/2022,23:00,10666.7207,1440.8871,4633.1265,1032.3965,10569.9346,6288.0674,3345.8916,1036.5428,39013.5672,M,N,N
10/19/2022,24:00,9878.1865,1250.6274,4837.0107,949.1971,10156.7285,5986.7607,2863.4856,1063.8097,36985.8062,A3,N,N
10/19/2022,24:00,9985.6875,1339.9824,4784.9873,1067.0146,10157.9492,5991.2896,2872.1299,1079.0775,37278.118,A6,N,N
10/19/2022,24:00,10161.2002,1351.47,4564.9902,967.253,9869.1797,5915.6401,2777.71,952.802,36560.2452,E,N,N
10/19/2022,24:00,10101.9004,1363.66,4543.8999,966.645,10053.0996,5874.27,2710.54,1009.53,36623.5449,E1,N,N
10/19/2022,24:00,10086.5996,1340.08,4539.71,954.942,9838.4404,5900.3398,2788.28,1114.05,36562.4418,E2,N,N
10/19/2022,24:00,10122.2998,1352.11,4519.1499,944.41,9559.6602,5663.8799,3686.0701,808.598,36656.1779,E3,Y,N
10/19/2022,24:00,10114.1104,1351.894,4537.3535,956.0282,9799.1426,5813.3564,3081.4861,956.8246,36610.1958,M,N,N
10/20/2022,1:00,9457.4463,1181.3921,4774.1689,921.4763,9637.8672,5578.8784,2688.9651,994.6219,35234.8162,A3,N,N
10/20/2022,1:00,9515.1602,1280.4351,4801.3672,1040.3308,9654.2109,5607.8008,2690.1824,946.3503,35535.8377,A6,N,N
10/20/2022,1:00,9950.6104,1314.6801,4500.3501,922.026,9763.79,5623.9199,2754.47,969.794,35799.6405,E,N,N
10/20/2022,1:00,9894.1699,1328.58,4447.3198,924.778,9953.1299,5565.5,2636.22,1037.09,35786.7876,E1,N,N
10/20/2022,1:00,9791.6201,1287.86,4460.29,898.016,9385.4199,5554.25,2730.9299,1165.0601,35273.446,E2,N,N
10/20/2022,1:00,9859.1699,1305.49,4413.6001,911.569,9060.4805,5345.1299,3479.8601,764.365,35139.6645,E3,Y,N
10/20/2022,1:00,9864.748,1308.2335,4446.7148,913.0516,9470.374,5494.3208,2972.9092,963.5343,35433.8862,M,N,N
10/20/2022,2:00,9327.8115,1153.6954,4774.0601,902.9215,9370.4043,5470.0933,2623.2429,992.8828,34615.1118,A3,N,N
10/20/2022,2:00,9707.958,1259.5432,4761.6191,1037.7008,9430.1055,5475.6938,2634.8291,952.0815,35259.531,A6,N,N
10/20/2022,2:00,9771.8896,1273.38,4456.0801,889.612,9458.4297,5409.6899,2692.97,982.847,34934.8983,E,N,N
10/20/2022,2:00,9721.1201,1284.34,4393.6099,893.3,9636.8799,5340.3701,2551.29,1050.2,34871.11,E1,N,N
10/20/2022,2:00,9528.1904,1240.3101,4404.9502,864.031,8914.3701,5279.54,2638.3201,1185.4399,34055.1518,E2,N,N
10/20/2022,2:00,9639.9102,1266.58,4381.6201,880.375,8709.3398,5106.77,3332.46,738.302,34055.3571,E3,Y,N
10/20/2022,2:00,9652.0801,1265.4724,4401.6191,880.9058,9104.8457,5253.8008,2867.709,964.7427,34391.1756,M,N,N
10/20/2022,3:00,9243.7109,1139.4551,4853.418,904.2595,9160.7979,5397.2852,2580.0161,971.2754,34250.2181,A3,N,N
10/20/2022,3:00,9741.0068,1241.797,4835.0684,1041.5167,9250.0117,5215.6948,2587.2048,976.1642,34888.4644,A6,N,N
10/20/2022,3:00,9709.3203,1267.6801,4434.3901,874.348,9370.0898,5341.1299,2639.9399,965.626,34602.5241,E,N,N
10/20/2022,3:00,9665.4404,1274.21,4360.27,878.035,9539.0801,5260.0601,2469.05,1035.2,34481.3456,E1,N,N
10/20/2022,3:00,9395.79,1225.48,4374.1001,843.176,8666.71,5156.54,2546.6299,1163.4399,33371.8659,E2,N,N
10/20/2022,3:00,9540.3799,1258.05,4343.3599,868.375,8530.7803,5009.6602,3250.6101,701.441,33502.6564,E3,Y,N
10/20/2022,3:00,9560.8389,1255.392,4368.9268,865.3862,8942.7344,5158.7007,2787.6245,940.0082,33879.6117,M,N,N
10/20/2022,4:00,9326.4043,1142.4111,4837.4668,917.4191,9152.7734,5392.0278,2554.0513,970.1438,34292.6976,A3,N,N
10/20/2022,4:00,9861.8662,1271.1135,4791.2437,1049.0118,9258.207,4889.1606,2546.5569,1025.4094,34692.5691,A6,N,N
10/20/2022,4:00,9674.3496,1262.6,4427.8701,866.218,9259.1904,5253.1201,2553.5601,996.91,34293.8183,E,N,N
10/20/2022,4:00,9619.9502,1264.4399,4350.6099,869.97,9412.7305,5170.4399,2379.0901,1064.72,34131.9505,E1,N,N
10/20/2022,4:00,9314.2002,1218.98,4355.3301,833.253,8559.25,5046.0298,2441.04,1169.73,32937.8131,E2,N,N
10/20/2022,4:00,9480.6797,1249.4301,4344.9702,860.737,8470.8398,4910.2798,3232.21,717.408,33266.5546,E3,Y,N
10/20/2022,4:00,9502.9277,1247.5455,4361.4053,856.9964,8846.668,5060.6836,2719.3398,959.2418,33554.8081,M,N,N
10/20/2022,5:00,9567.8662,1177.2161,4787.3501,929.5096,9366.9463,5510.7446,2584.0483,990.9246,34914.6058,A3,N,N
10/20/2022,5:00,10187.3848,1329.3123,4752.8901,1062.8384,9487.2354,5039.7344,2591.9233,1097.6493,35548.968,A6,N,N
10/20/2022,5:00,9816.2598,1312.13,4412.7998,879.873,9467.5996,5315.54,2621.97,1016.87,34843.0422,E,N,N
10/20/2022,5:00,9748.3203,1308.64,4336.3501,882.029,9612.3203,5226.0601,2434.6899,1081.66,34630.0697,E1,N,N
10/20/2022,5:00,9427.6797,1256.5601,4330.75,844.879,8755.5996,5080.9399,2484.04,1174.24,33354.6883,E2,N,N
10/20/2022,5:00,9595.3301,1279.89,4345.4502,875.127,8673.25,4949.77,3274.8501,721.466,33715.1334,E3,Y,N
10/20/2022,5:00,9624.8047,1286.0811,4349.6025,870.0024,9047.7578,5106.5005,2769.1755,969.0186,34022.9431,M,N,N
10/20/2022,6:00,10044.6367,1249.6178,4767.4087,976.3351,9933.5059,5695.9443,2687.4944,1011.8565,36366.7994,A3,N,N
10/20/2022,6:00,10691.7285,1393.5448,4677.4141,1105.8151,10058.0088,5309.5518,2715.6199,1135.0464,37086.7294,A6,N,N
10/20/2022,6:00,10308.5,1437.48,4457.23,931.781,10054.7998,5584.0698,2777.1599,1049.09,36600.1105,E,N,N
10/20/2022,6:00,10211.7002,1427.86,4383.0098,932.728,10199,5487.3198,2552.9399,1106.77,36301.3277,E1,N,N
10/20/2022,6:00,9886.4502,1353.52,4354.8301,883.857,9320.7402,5325.6201,2591.4299,1192.16,34908.6075,E2,N,N
10/20/2022,6:00,10042,1364.2,4399.1499,925.36,9302.21,5193.52,3507.5801,738.502,35472.522,E3,Y,N
10/20/2022,6:00,10085.5127,1388.437,4392.7471,917.7894,9643.9287,5358.5771,2930.3193,990.5717,35707.883,M,N,N
10/20/2022,7:00,10653.2246,1378.6023,4767.5771,1054.9403,10942.1445,6128.6089,2831.6875,1080.0546,38836.8398,A3,N,N
10/20/2022,7:00,11320.4521,1534.0569,4718.7734,1180.688,11056.9521,5758.2139,2850.9695,1225.6702,39645.7761,A6,N,N
10/20/2022,7:00,11037.2002,1670.49,4571.21,1043.95,11168.7002,6073.7202,3070.48,1099.3199,39735.0705,E,N,N
10/20/2022,7:00,10907.2002,1653.89,4492.4199,1042.89,11327.2002,5964.0898,2797.2,1153.53,39338.4201,E1,N,N
10/20/2022,7:00,10595.7998,1545.5699,4442.48,969.858,10422.4004,5806.5801,2825.53,1265.78,37873.9982,E2,N,N
10/20/2022,7:00,10704.7998,1527.02,4501.1499,1040.28,10401.7002,5648.5601,3984.52,775.366,38583.396,E3,Y,N
10/20/2022,7:00,10778.0098,1584.8955,4494.8091,1023.8774,10753.2998,5830.7217,3260.8367,1041.1036,38767.5536,M,N,N
10/20/2022,8:00,10844.7305,1438.5344,4781.2197,1095.4282,11495.6396,6384.3608,2945.2202,1123.9576,40109.091,A3,N,N
10/20/2022,8:00,11524.0615,1587.1586,4739.7959,1229.3691,11574.7705,5900.1299,2943.5859,1289.6241,40788.4955,A6,N,N
10/20/2022,8:00,11365.2002,1758.71,4648.8599,1096.84,11762.5,6364.73,3201.8701,1127.78,41326.4902,E,N,N
10/20/2022,8:00,11220.7998,1743.3199,4574.0898,1095.17,11922.2998,6254.1099,2917.0801,1178.1899,40905.0592,E1,N,N
10/20/2022,8:00,10904.4004,1621.23,4518.9199,1011.84,11027,6102.6201,2934.47,1295.05,39415.5304,E2,N,N
10/20/2022,8:00,10993.5996,1592.89,4556.1001,1092.76,10970.5996,5903.0898,4154.5601,779.407,40043.0062,E3,Y,N
10/20/2022,8:00,11083.8398,1662.4554,4565.2168,1073.7445,11341.4102,6109.9736,3397.2639,1060.2694,40294.1736,M,N,N
10/20/2022,9:00,10913.3643,1449.3202,4787.9321,1074.9775,11524.1094,6427.1792,2999.5166,1134.5181,40310.9174,A3,N,N
10/20/2022,9:00,11399.2441,1571.0259,4687.9146,1222.1847,11617.875,5866.395,2983.623,1325.8683,40674.1306,A6,N,N
10/20/2022,9:00,11430.7002,1716.34,4500.9702,1097.09,11500.7998,6401.5098,3003.03,1084.77,40735.21,E,N,N
10/20/2022,9:00,11297.5,1707.39,4429.3599,1093.05,11637.2998,6294.0698,2780.22,1133.1,40371.9895,E1,N,N
10/20/2022,9:00,11018.7998,1598.13,4401.6299,1022.61,10849.0996,6167.75,2800.6201,1245.29,39103.9294,E2,N,N
10/20/2022,9:00,11071.7998,1579.28,4413.5801,1093.83,11007.2002,5958.0698,4017.8201,750.218,39891.798,E3,Y,N
10/20/2022,9:00,11168.8096,1636.5791,4427.646,1076.319,11199.2402,6161.0059,3251.9016,1019.8893,39941.3907,M,N,N
10/20/2022,10:00,10936.7891,1486.0397,4793.2295,1044.3276,11555.7451,6467.3525,3192.2178,1158.994,40634.6953,A3,N,N
10/20/2022,10:00,11078.4951,1537.9915,4669.4497,1168.5892,11744.4111,6603.5728,3181.2305,1369.9319,41353.6718,A6,N,N
10/20/2022,10:00,11531.5,1664.25,4392.3901,1123.88,11392.7002,6404.1802,2971.52,980.604,40461.0245,E,N,N
10/20/2022,10:00,11433.5,1663.8101,4331.5601,1118.5,11497.5,6321.21,2833.3401,1029.35,40228.7703,E1,N,N
10/20/2022,10:00,11252.0996,1578.99,4336.1699,1058.65,10850.2002,6241.2402,2874.9099,1151.16,39343.4198,E2,N,N
10/20/2022,10:00,11232.4004,1572.25,4318.2202,1119.14,11168.7998,6014.27,3994.03,697.785,40116.8954,E3,Y,N
10/20/2022,10:00,11332.4648,1610.625,4337.168,1104.5685,11204.9102,6206.2344,3270.7012,936.4429,40003.115,M,N,N
10/20/2022,11:00,10937.3545,1502.984,4828.8906,1033.5895,11398.9316,6616.5439,3279.5073,1197.2538,40795.0552,A3,N,N
10/20/2022,11:00,11434.0342,1426.951,4736.374,1134.7742,11598.6494,6720.9458,3277.4609,1399.7009,41728.8904,A6,N,N
10/20/2022,11:00,11683.0996,1628.9301,4357.7402,1141.8101,11419.7998,6476.3999,3059.6299,972.625,40740.0346,E,N,N
10/20/2022,11:00,11616.5,1630.86,4314.9102,1131.72,11470.2002,6415.1699,3007.8201,1024.67,40611.8504,E1,N,N
10/20/2022,11:00,11532.7002,1573.48,4345.4702,1085.64,10974.2002,6386.7798,3054.21,1153.54,40106.0204,E2,N,N
10/20/2022,11:00,11446,1582.08,4311.6401,1133.1801,11444.0996,6151.5,4000.51,711.149,40780.1588,E3,Y,N
10/20/2022,11:00,11545.8643,1599.1526,4327.8301,1122.2245,11329.5049,6324.9722,3374.6304,939.3484,40563.5274,M,N,N
10/20/2022,12:00,11070.9492,1509.9492,4851.354,1026.5345,11348.5586,6821.8003,3479.4817,1228.0365,41336.664,A3,N,N
10/20/2022,12:00,11783.1006,1426.7799,4753.5586,1107.1694,11465.3975,6858.7148,3472.5066,1401.3759,42268.6033,A6,N,N
10/20/2022,12:00,11807.5,1604.15,4346.02,1141.13,11535.2998,6586.23,3045.8301,1006.75,41072.9099,E,N,N
10/20/2022,12:00,11770.0996,1604.25,4323.1201,1132.01,11488,6538.3501,3089.2,1065.42,41010.4498,E1,N,N
10/20/2022,12:00,11778.2002,1580.05,4374.2998,1096.1,11162.4004,6565.0601,3122.46,1219.08,40897.6505,E2,N,N
10/20/2022,12:00,11668.4004,1592.45,4324.3198,1136.13,11747.2998,6337.8599,4045.8701,746.662,41598.992,E3,Y,N
10/20/2022,12:00,11742.1406,1594.0549,4339.77,1125.8425,11504.4492,6482.0381,3425.8442,983.4692,41197.6087,M,N,N
10/20/2022,13:00,11204.2734,1575.2025,4875.1519,1019.5631,11457.1729,7081.7544,3612.834,1259.0476,42084.9998,A3,N,N
10/20/2022,13:00,12106.4561,1537.6727,4765.5776,1069.9149,11411.3369,7127.0288,3562.5898,1380.1552,42960.732,A6,N,N
10/20/2022,13:00,11902.4004,1603.9,4318.8901,1146.03,11894.7998,6766.1401,3047.21,1062.17,41741.5404,E,N,N
10/20/2022,13:00,11886.9004,1598.86,4318.0801,1136.39,11715.7002,6717.23,3167.5,1127.85,41668.5107,E1,N,N
10/20/2022,13:00,11964.5996,1610.29,4378.6201,1114.41,11551.4004,6798.9502,3177.05,1308.78,41904.1003,E2,N,N
10/20/2022,13:00,11884.7998,1619.99,4320.4502,1144.65,12145.5996,6585.2202,4157.2202,793.686,42651.616,E3,Y,N
10/20/2022,13:00,11907.9141,1609.869,4334.166,1135.2319,11851.9551,6698.793,3498.2461,1046.2732,42082.4484,M,N,N
10/20/2022,14:00,11954.5205,1612.4325,4872.1396,1029.9454,11641.2012,7409.7759,3766.1497,1285.2527,43571.4175,A3,N,N
10/20/2022,14:00,12704.4141,1598.2721,4765.5435,1053.8373,11591.0146,7484.7393,3718.4443,1373.4283,44289.6935,A6,N,N
10/20/2022,14:00,12123.2998,1657,4322.75,1171.03,12339.5,7020.8999,3184.98,1113.65,42933.1097,E,N,N
10/20/2022,14:00,12121.7998,1639.72,4339.7598,1161.24,12017.7998,6970.48,3369.3,1185.05,42805.1494,E1,N,N
10/20/2022,14:00,12259.4004,1675.3101,4409.8301,1145.84,12036.5,7100.8398,3348.5801,1388.73,43365.0305,E2,N,N
10/20/2022,14:00,12210.2002,1677.29,4346.2002,1167.62,12646.0996,6891.3799,4349.6602,830.923,44119.3731,E3,Y,N
10/20/2022,14:00,12187.3652,1664.359,4356.98,1161.0916,12290.6348,6982.9478,3679.5981,1101.3156,43424.2921,M,N,N
10/20/2022,15:00,12794.6943,1694.0426,4896.6084,1057.2679,12240.9004,7740.4287,3828.1594,1340.774,45592.8757,A3,N,N
10/20/2022,15:00,13379.6094,1702.4839,4830.2476,1056.1642,12026.8809,7866.3828,3839.9495,1409.3231,46111.0414,A6,N,N
10/20/2022,15:00,12335.2998,1705.55,4357.3799,1202.28,12772.5996,7306.96,3323.3301,1152.8,44156.1994,E,N,N
10/20/2022,15:00,12340,1674.9,4393.6699,1194.5699,12328.5996,7252.8501,3552.73,1235.09,43972.4095,E1,N,N
10/20/2022,15:00,12499.7998,1724.04,4452.0898,1182.83,12507.7998,7420.2998,3499.5,1458.11,44744.4692,E2,N,N
10/20/2022,15:00,12512.5996,1729.75,4400.8599,1197.15,13112.4004,7219.2202,4515.52,860.926,45548.4261,E3,Y,N
10/20/2022,15:00,12439.6543,1710.98,4405.3477,1193.6946,12714.3301,7291.0586,3841.9893,1147.5441,44744.5987,M,N,N
10/20/2022,16:00,13444.0791,1764.9586,4920.6973,1083.6383,12576.6377,8010.9106,3866.0872,1371.1768,47038.1856,A3,N,N
10/20/2022,16:00,13845.3789,1765.9972,4894.8779,1063.0231,12380.9404,8094.1299,3878.0579,1410.2993,47332.7046,A6,N,N
10/20/2022,16:00,12567.2998,1750.79,4371.6602,1224.87,13244.7002,7571.9399,3461.8799,1205.67,45398.81,E,N,N
10/20/2022,16:00,12573.5996,1712.62,4422.8101,1220.38,12698.0996,7514.4102,3701.8401,1296,45139.7596,E1,N,N
10/20/2022,16:00,12710.2998,1756.46,4476.0298,1207.21,13017.7998,7686.3999,3619.03,1526.16,45999.3893,E2,N,N
10/20/2022,16:00,12785.7002,1769.66,4414.6099,1222.88,13505.4004,7490.3101,4652.7202,898.631,46739.9118,E3,Y,N
10/20/2022,16:00,12681.0654,1749.2695,4425.5723,1218.636,13142.5703,7557.6021,3977.9517,1200.9114,45953.5787,M,N,N
10/20/2022,17:00,13698.8086,1782.1396,4931.5835,1100.533,12813.5732,8111.5132,3890.5649,1383.2161,47711.9321,A3,N,N
10/20/2022,17:00,13969.3447,1772.4875,4934.6763,1076.6196,12616.0039,8259.7266,4006.0503,1381.5264,48016.4353,A6,N,N
10/20/2022,17:00,12743.5,1796.02,4426.3901,1240.9301,13663.2998,7749.2202,3486.52,1191.24,46297.1202,E,N,N
10/20/2022,17:00,12742.7998,1753.9,4488.0898,1242.41,13062.0996,7691.3301,3694.6001,1281.38,45956.6094,E1,N,N
10/20/2022,17:00,12831.9004,1780.91,4526.1499,1221.92,13463.2998,7837.23,3602.1499,1490.38,46753.94,E2,N,N
10/20/2022,17:00,12938.2002,1801.9,4467.2598,1239.41,13757,7645.98,4731.1401,896.576,47477.4661,E3,Y,N
10/20/2022,17:00,12833.5703,1783.7705,4481.0596,1236.0156,13495.7949,7720.6162,4003.0645,1185.4276,46739.3192,M,N,N
10/20/2022,18:00,13332.1025,1737.8198,4925.4028,1097.7738,12613.7031,8049.0381,3862.842,1335.5403,46954.2224,A3,N,N
10/20/2022,18:00,13529.1084,1714.4886,4933.6948,1070.3088,12512.999,8172.0186,3977.2783,1305.8394,47215.7359,A6,N,N
10/20/2022,18:00,12623.7998,1769.3,4444.1201,1208.62,13760.4004,7828.0098,3496.54,1180.4301,46311.2202,E,N,N
10/20/2022,18:00,12616.7002,1729.51,4507.2798,1213.92,13171.2002,7769,3660.54,1270.79,45938.9402,E1,N,N
10/20/2022,18:00,12627.5996,1738.51,4544.3198,1194.4301,13594.5,7859.3999,3572.8999,1451.96,46583.6193,E2,N,N
10/20/2022,18:00,12799.5,1777.8101,4469.0098,1210.9,13691.7998,7671.9199,4719.2002,891.313,47231.4528,E3,Y,N
10/20/2022,18:00,12684.4688,1754.6335,4493.6714,1207.1956,13547.6152,7766.4736,3984.561,1169.7115,46608.3306,M,N,N
10/20/2022,19:00,12563.1934,1642.1422,4849.6997,1067.4354,12141.2207,7744.6938,3649.8376,1237.9158,44896.1386,A3,N,N
10/20/2022,19:00,12696.7734,1603.9637,4873.7949,1039.1296,12047.3564,7945.5352,3672.1423,1165.5958,45044.2913,A6,N,N
10/20/2022,19:00,12309.4004,1723.53,4480.8501,1156.4,13527.7002,7761.8301,3397.04,1172.17,45528.9208,E,N,N
10/20/2022,19:00,12297,1691.26,4541.5898,1164.16,13004.5,7702.5498,3523.72,1256.87,45181.6496,E1,N,N
10/20/2022,19:00,12219.5,1686.42,4568.8599,1144.4,13361,7728.0698,3439.97,1414.39,45562.6097,E2,N,N
10/20/2022,19:00,12432.2998,1739.61,4509.5698,1158.71,13358.5996,7568.6401,4569.73,880.938,46218.0973,E3,Y,N
10/20/2022,19:00,12326.8398,1711.813,4528.0894,1156.1484,13296.04,7670.9536,3849.884,1151.9688,45691.737,M,N,N
10/20/2022,20:00,12170.4717,1594.4932,4816.6196,1088.9307,12342.3398,7610.333,3607.5056,1193.1293,44423.8229,A3,N,N
10/20/2022,20:00,12511.0986,1594.7913,4839.2451,1067.7754,12202.1836,7726.8145,3645.4541,1134.7792,44722.1418,A6,N,N
10/20/2022,20:00,12327.7002,1731.53,4596.9199,1162.75,13172.2998,7628.6602,3433.6001,1173.28,45226.7402,E,N,N
10/20/2022,20:00,12301.7998,1710.66,4639.5601,1172.1899,12756.9004,7569.5898,3533.6399,1247.9301,44932.27,E1,N,N
10/20/2022,20:00,12161.2998,1677.71,4650.4199,1141.1801,13008.0996,7550.1699,3455.22,1371.24,45015.3393,E2,N,N
10/20/2022,20:00,12358.0996,1734.65,4618.4902,1164.01,13151.2002,7391.7998,4536.5298,877.627,45832.4066,E3,Y,N
10/20/2022,20:00,12290.2646,1713.9495,4628.5044,1160.1584,13020.0156,7511.3691,3850.0403,1137.954,45312.2559,M,N,N
10/20/2022,21:00,11706.4414,1566.8645,4923.1338,1107.5631,12143.6152,7522.584,3631.4727,1197.4297,43799.1044,A3,N,N
10/20/2022,21:00,12210.0596,1595.6726,4914.8877,1102.347,12024.4639,7489.1738,3628.4136,1159.8475,44124.8657,A6,N,N
10/20/2022,21:00,12097.5,1684.53,4643.6001,1150.12,12742.2998,7426.02,3387.27,1181.36,44312.6999,E,N,N
10/20/2022,21:00,12068.7998,1670.6,4660.7202,1158.3101,12404.7998,7373.8999,3479.03,1249.89,44066.0498,E1,N,N
10/20/2022,21:00,11871.4004,1629.9,4669.5601,1124.97,12582.0996,7315.04,3410.8999,1348.77,43952.64,E2,N,N
10/20/2022,21:00,12075.4004,1685.23,4635.4102,1147.6899,12697.2002,7098.7798,4408.0498,888.751,44636.5113,E3,Y,N
10/20/2022,21:00,12026.0654,1667.635,4651.5039,1145.0295,12602.0898,7270.7109,3773.3904,1137.9319,44274.3568,M,N,N
10/20/2022,22:00,11104.1367,1485.6023,4912.0986,1091.6204,11649.6426,7234.1787,3479.5203,1171.4221,42128.2217,A3,N,N
10/20/2022,22:00,11742.0205,1498.1134,4891.605,1104.9038,11544.7041,7200.4873,3468.8367,1171.8171,42622.4879,A6,N,N
10/20/2022,22:00,11714.5996,1587.27,4596.3599,1101.61,12072.7002,7080.9199,3222.8701,1143.01,42519.3397,E,N,N
10/20/2022,22:00,11686.2998,1583.3,4597.2402,1109.38,11788.9004,7031.5801,3295.9399,1207.65,42300.2904,E1,N,N
10/20/2022,22:00,11421.7002,1547.33,4610.6802,1082.65,11908.0996,6937.8799,3240.2,1283.62,42032.1599,E2,N,N
10/20/2022,22:00,11662.2998,1611.8,4579.9702,1095.25,12027.4004,6721.0898,4196.2998,860.752,42754.862,E3,Y,N
10/20/2022,22:00,11615.9951,1584.8781,4594.4238,1096.5865,11944.7451,6906.8843,3586.1704,1095.5322,42425.2155,M,N,N
10/20/2022,23:00,10452.5684,1382.0403,4894.5376,1029.0715,10896.3154,6707.2339,3283.3369,1128.4556,39773.5596,A3,N,N
10/20/2022,23:00,11023.7559,1409.1865,4859.8208,1039.3362,10883.4688,6736.5322,3286.4443,1129.531,40368.0757,A6,N,N
10/20/2022,23:00,11228,1456.9399,4534.5498,1029.14,11211.0996,6638.75,3027.25,1070.39,40196.1193,E,N,N
10/20/2022,23:00,11196.5996,1459.3,4531.6802,1035.49,10984.2998,6581.6201,3082.74,1140.0699,40011.7996,E1,N,N
10/20/2022,23:00,10921.2998,1428.74,4564.29,1013.47,11036.9004,6487.3301,3052.98,1208.78,39713.7903,E2,N,N
10/20/2022,23:00,11131.2002,1508.35,4529.8398,1017.98,11124.0996,6318.9902,3919.5901,835.592,40385.6419,E3,Y,N
10/20/2022,23:00,11109.5947,1468.4735,4539.6191,1022.9039,11080.4004,6474.6963,3359.874,1040.2281,40095.79,M,N,N
10/20/2022,24:00,10026.0449,1287.1144,4852.5278,971.4144,10090.8574,6229.27,3085.2136,1093.3636,37635.8061,A3,N,N
10/20/2022,24:00,10573.9756,1308.3901,4834.2363,979.1748,10099.916,6266.8354,3096.356,1088.5634,38247.4476,A6,N,N
10/20/2022,24:00,10691.5,1320.63,4450.8799,961.406,10334.0996,6156.8301,2845.29,985.45,37746.0856,E,N,N
10/20/2022,24:00,10657.7998,1328.8101,4441.9502,966.121,10163.0996,6089.5698,2880.8701,1057.15,37585.3706,E1,N,N
10/20/2022,24:00,10380.4004,1313.16,4498.3398,949.692,10137.5996,6002.2402,2874.3601,1115.79,37271.5821,E2,N,N
10/20/2022,24:00,10555.2998,1397.7,4455.46,947.529,10186.0996,5913.6899,3619.96,809.114,37884.8523,E3,Y,N
10/20/2022,24:00,10557.6299,1347.782,4462.1157,954.7993,10190.4248,6016.2686,3132.5869,974.2424,37635.8496,M,N,N
10/21/2022,1:00,9527.8418,1204.3574,4858.0137,933.0599,9421.0264,5721.3926,2887.1919,1017.0688,35569.9525,A3,N,N
10/21/2022,1:00,9902.3135,1189.1107,4843.4707,944.1832,9421.2354,5750.0776,2883.4126,937.0419,35870.8456,A6,N,N
10/21/2022,1:00,10295.0996,1243.09,4357.46,913.909,9838.0098,5734.8501,2800.6101,982.145,36165.1736,E,N,N
10/21/2022,1:00,10254.2002,1251.38,4361.0898,916.856,9723.96,5654.3799,2805.3501,1075.2,36042.416,E1,N,N
10/21/2022,1:00,10037.0996,1225.89,4441.6099,895.46,9635.4102,5598.54,2836.8501,1161.0699,35831.9297,E2,Y,N
10/21/2022,1:00,10086.4004,1312.96,4409.7998,893.902,9428.9297,5583.5898,3409.3401,808.042,35932.9638,E3,N,N
10/21/2022,1:00,10147.3301,1265.317,4397.7236,903.031,9615.6689,5627.7139,3023.9106,989.204,35969.8991,M,N,N
10/21/2022,2:00,9317.9375,1165.4314,4823.9922,906.0806,9047.1719,5538.5566,2788.936,1008.1705,34596.2767,A3,N,N
10/21/2022,2:00,9735.0137,1131.1447,4795.1567,924.9185,9071.3115,5538.9814,2798.3225,926.1872,34921.0362,A6,N,N
10/21/2022,2:00,9949.0098,1194.8,4297.48,876.671,9306.6904,5410.9302,2723.25,967.581,34726.4124,E,N,N
10/21/2022,2:00,9912.75,1202.1,4316.0801,879.438,9221.3496,5330.98,2707.1299,1070.3199,34640.1475,E1,N,N
10/21/2022,2:00,9714.4805,1168.25,4393.5698,855.065,9088.1396,5280.21,2749.98,1171.83,34421.5249,E2,Y,N
10/21/2022,2:00,9692.9502,1248.13,4380.6001,853.391,8905.5596,5317.8501,3249.3799,801.341,34449.2019,E3,N,N
10/21/2022,2:00,9791.6914,1208.653,4355.2446,863.8132,9090.3223,5325.6846,2910.0479,986.144,34531.601,M,N,N
10/21/2022,3:00,9146.8643,1139.4249,4897.8071,892.488,8772.3721,5395.791,2721.5654,979.8796,33946.1924,A3,N,N
10/21/2022,3:00,9442.3037,1075.4869,4863.3765,919.0912,8805.8887,5432.2109,2729.9534,929.5623,34197.8736,A6,N,N
10/21/2022,3:00,9746.6504,1167.42,4267.0498,856.018,9020.6602,5244.75,2646.29,931.195,33880.0334,E,N,N
10/21/2022,3:00,9711.6699,1171.85,4295.5498,857.187,8960.0596,5160.8301,2604.6599,1041.46,33803.2663,E1,N,N
10/21/2022,3:00,9539.8096,1133.5,4380.02,829.759,8793.2002,5121.96,2658.1899,1153.3,33609.7387,E2,Y,N
10/21/2022,3:00,9447.0195,1208.35,4387.5801,830.902,8590.71,5200.4502,3151.8,781.588,33598.3998,E3,N,N
10/21/2022,3:00,9581.3242,1174.373,4344.603,840.9549,8798.1621,5177.5674,2815.7861,961.925,33694.6957,M,N,N
10/21/2022,4:00,9136.8799,1134.1588,4867.2959,885.9944,8699.957,5335.6006,2667.9412,972.9011,33700.7289,A3,N,N
10/21/2022,4:00,9363.9287,1067.8409,4813.6436,921.8368,8748.6348,5377.5024,2664.4822,962.4225,33920.2919,A6,N,N
10/21/2022,4:00,9660.3203,1155.9301,4265.9302,842.957,8900.5498,5135.3799,2562.4099,946.775,33470.2522,E,N,N
10/21/2022,4:00,9632.3701,1159.6899,4293.8799,843.386,8839.4502,5053.6001,2504.45,1053.1899,33380.0161,E1,N,N
10/21/2022,4:00,9438.7598,1119.98,4362.6899,816.929,8645.0801,5002.8101,2548.21,1154.6899,33089.1488,E2,Y,N
10/21/2022,4:00,9335.5498,1192.97,4393.98,819.945,8528.6699,5074.1299,3120.76,788.417,33254.4216,E3,N,N
10/21/2022,4:00,9484.2734,1160.8464,4341.9248,828.5031,8691.249,5060.355,2739.7925,969.9321,33276.8763,M,N,N
10/21/2022,5:00,9300.0049,1161.0092,4818.8105,886.6558,8872.8438,5415.5386,2683.198,989.0227,34127.0835,A3,N,N
10/21/2022,5:00,9456.4229,1102.1505,4770.27,931.0317,8934.0303,5477.9043,2693.2429,1021.0698,34386.1224,A6,N,N
10/21/2022,5:00,9750.1104,1178.27,4265.54,853.108,9111,5178.77,2625.9099,950.929,33913.6373,E,N,N
10/21/2022,5:00,9726.6396,1180.86,4294.1099,851.445,9022.5098,5091.8301,2552.1799,1054.04,33773.6143,E1,N,N
10/21/2022,5:00,9521.8398,1142.97,4354.7998,825.939,8801.0195,5034.0498,2587.47,1150.75,33418.8379,E2,Y,N
10/21/2022,5:00,9421.8799,1214.91,4394.7998,830.574,8748.3203,5101.54,3144.0901,785.772,33641.8861,E3,N,N
10/21/2022,5:00,9572.2949,1182.9165,4340.2383,838.0131,8884.4443,5093.8242,2779.2305,968.8571,33659.8189,M,N,N
10/21/2022,6:00,9706.2695,1223.8304,4774.0088,919.6591,9383.9893,5574.5469,2777.3833,1005.4208,35365.1081,A3,N,N
10/21/2022,6:00,9811.999,1192.6315,4690.9292,969.674,9454.624,5700.4346,2804.0127,1045.4512,35669.7562,A6,N,N
10/21/2022,6:00,10165.0996,1248.17,4322.3101,891.907,9670.6904,5418.71,2741,965.181,35423.0681,E,N,N
10/21/2022,6:00,10142.2002,1249.29,4343.0098,887.039,9547.5996,5321.7202,2636.51,1056.78,35184.1488,E1,N,N
10/21/2022,6:00,9932.2598,1209.95,4389.9902,860.683,9287.4404,5259.96,2661.9299,1145.5,34747.7133,E2,Y,N
10/21/2022,6:00,9826.46,1287.83,4451.3999,867.508,9413.4805,5330.71,3313.23,790.638,35281.2564,E3,N,N
10/21/2022,6:00,9982.6406,1252.776,4389.5869,874.3444,9454.0811,5323.9751,2895.3906,972.0704,35144.8651,M,N,N
10/21/2022,7:00,10261.3574,1349.1924,4771.5811,992.535,10332.3389,5984.1611,2913.9353,1069.6399,37674.7411,A3,N,N
10/21/2022,7:00,10324.251,1317.1624,4729.229,1045.9194,10409.0908,6124.8525,2926.8452,1124.8838,38002.2341,A6,N,N
10/21/2022,7:00,10813.0996,1385.62,4430.6099,977.477,10757.2002,5886.4199,2969.6299,1001.79,38221.8465,E,N,N
10/21/2022,7:00,10788.5,1382.08,4432.77,966.281,10578.0996,5772.5801,2826.1599,1082.8199,37829.2905,E1,N,N
10/21/2022,7:00,10584.9004,1343.1899,4461.8101,937.49,10292,5723.4502,2841.0801,1175.36,37359.2807,E2,Y,N
10/21/2022,7:00,10453.7998,1428.98,4558.7002,952.578,10562.4004,5780.1899,3678.76,820.61,38236.0183,E3,N,N
10/21/2022,7:00,10624.1445,1389.3035,4483.7813,955.9666,10527.9453,5780.0371,3149.8206,1002.027,37913.0259,M,N,N
10/21/2022,8:00,10490.3955,1403.3101,4798.4067,1029.3591,10848.707,6235.2153,3019.1077,1113.0494,38937.5508,A3,N,N
10/21/2022,8:00,10574.5811,1338.5481,4778.6572,1089.9917,10895.29,6328.2534,3012.6155,1184.4475,39202.3845,A6,N,N
10/21/2022,8:00,11116.0996,1457.34,4524.48,1022.95,11439.4004,6192.23,3090.1299,1037.9399,39880.5698,E,N,N
10/21/2022,8:00,11091.2998,1451.78,4514.1602,1010.05,11210.5996,6074.1899,2936.71,1111.84,39400.6295,E1,N,N
10/21/2022,8:00,10887.9004,1407.5699,4551.1001,980.487,10922.5,6044.1499,2947,1204.12,38944.8273,E2,Y,N
10/21/2022,8:00,10731.9004,1502.98,4632.3398,995.316,11260,6066.0801,3826.9099,828.958,39844.4842,E3,N,N
10/21/2022,8:00,10918.3809,1459.4814,4566.3062,999.4374,11190.1855,6081.5474,3273.8655,1024.8163,39514.0206,M,N,N
10/21/2022,9:00,10703.0938,1420.9189,4794.7222,1030.1824,11070.7656,6319.2905,3082.1042,1127.0756,39548.1532,A3,N,N
10/21/2022,9:00,10804.3496,1315.5322,4739.9937,1086.569,11117.6348,6426.9351,3060.4709,1223.4272,39774.9125,A6,N,N
10/21/2022,9:00,11329.2002,1471.67,4395.96,1034.14,11324.2998,6280.0498,2938.7,1018.45,39792.4698,E,N,N
10/21/2022,9:00,11292.7002,1465.08,4408.6001,1025.24,11100.5,6172.8501,2834.8701,1091.15,39390.9905,E1,N,N
10/21/2022,9:00,11111.5,1425.27,4478.3398,1001.87,10872.5,6154.6899,2848.24,1181.67,39074.0797,E2,Y,N
10/21/2022,9:00,10972.9004,1514.15,4509.8198,1008.07,11361.4004,6166.29,3762.77,799.812,40095.2126,E3,N,N
10/21/2022,9:00,11140.9453,1473.2905,4459.5659,1014.723,11168.3848,6182.0938,3178.552,1000.9067,39618.462,M,N,N
10/21/2022,10:00,10998.8301,1478.8732,4775.0869,1042.1337,11421.1035,6456.4937,3297.6895,1161.2471,40631.4577,A3,N,N
10/21/2022,10:00,11250.2051,1419.2378,4688.3936,1074.6658,11538.6338,6570.0674,3309.365,1291.5525,41142.121,A6,N,N
10/21/2022,10:00,11705,1494.65,4313.0098,1072.5601,11331.5,6373.3398,2960.96,945.786,40196.8057,E,N,N
10/21/2022,10:00,11641.9004,1485.9,4349.2598,1068.4399,11131.2998,6281.6201,2934.75,1023.66,39916.83,E1,N,N
10/21/2022,10:00,11516.9004,1458.62,4432.9702,1050.66,11012.2002,6281.21,2960.3701,1120.16,39833.0909,E2,Y,N
10/21/2022,10:00,11401,1540.1801,4432.6001,1046.36,11520.2002,6272.3599,3812.5,748.035,40773.2353,E3,N,N
10/21/2022,10:00,11535.7998,1499.3905,4393.9189,1056.885,11267.6699,6292.0342,3252.2991,939.6351,40237.6325,M,N,N
10/21/2022,11:00,11158.8135,1519.6975,4806.0625,1049.4926,11581.2021,6739.3804,3419.116,1216.3114,41490.076,A3,N,N
10/21/2022,11:00,11875.4609,1444.2566,4745.7646,1068.9327,11713.791,6842.4644,3442.7256,1351.5344,42484.9302,A6,N,N
10/21/2022,11:00,12117.5,1519.83,4294.9902,1105.02,11472.0996,6552.1299,3101.8301,957.51,41120.9098,E,N,N
10/21/2022,11:00,12020.5996,1508.4,4344,1107.4301,11266.7002,6467.6201,3147.8501,1040.16,40902.7601,E1,N,N
10/21/2022,11:00,11948,1500.04,4464.9102,1097.42,11270,6485.9399,3176.4099,1140.99,41083.71,E2,Y,N
10/21/2022,11:00,11853.2002,1576.03,4422.5801,1076.6,11760.4004,6453.9199,3875.3899,761.946,41780.0665,E3,N,N
10/21/2022,11:00,11958.3945,1531.6951,4394.3789,1093.7756,11471.1309,6480.0811,3402.7261,955.5951,41287.7773,M,N,N
10/21/2022,12:00,11685.8711,1553.653,4838.4004,1062.4078,11849.6904,7079.6475,3665.7219,1269.1221,43004.5142,A3,N,N
10/21/2022,12:00,12423.4316,1475.9126,4773.5107,1077.2344,11929.9189,7118.1162,3656.709,1390.6724,43845.5058,A6,N,N
10/21/2022,12:00,12505.5,1550.6,4289.75,1112.88,11707.2002,6757.6699,3147.0801,1016.43,42087.1102,E,N,N
10/21/2022,12:00,12374.7002,1532.25,4359.1099,1122.61,11482.9004,6670.8301,3253.6899,1108.59,41904.6805,E1,N,N
10/21/2022,12:00,12334.5,1548.16,4526.3599,1120.6801,11597.5996,6713.23,3278.27,1222.05,42340.8496,E2,Y,N
10/21/2022,12:00,12274,1608.23,4433.9199,1088.8199,12076.9004,6661.3799,3967.8999,806.36,42917.51,E3,N,N
10/21/2022,12:00,12349.0254,1565.573,4416.7021,1108.8416,11753.1201,6691.1484,3493.8169,1017.3505,42395.578,M,N,N
10/21/2022,13:00,12556.1055,1672.1191,4853.5596,1075.8313,12170.3545,7474.7583,3842.0872,1322.2719,44967.0874,A3,N,N
10/21/2022,13:00,12946.5908,1582.6554,4774.8262,1069.5857,12132.8213,7511.3447,3779.3154,1467.2002,45264.3397,A6,N,N
10/21/2022,13:00,12863,1597.88,4277.3599,1127.3101,12193.4004,7026.5498,3201.0801,1087.77,43374.3503,E,N,N
10/21/2022,13:00,12699.2998,1569.75,4370.5801,1145,11905.5,6922.4502,3341.6699,1190.34,43144.59,E1,N,N
10/21/2022,13:00,12659.2998,1605.29,4554.6499,1150.83,12120.5,6992.8901,3360.1399,1315.83,43759.4297,E2,Y,N
10/21/2022,13:00,12662.7998,1656.14,4438.8799,1105.95,12533.7002,6914.3599,4103.2002,856.685,44271.715,E3,N,N
10/21/2022,13:00,12701.0801,1613.0911,4426.5195,1130.1365,12222.3047,6952.8438,3591.7344,1089.5477,43727.2578,M,N,N
10/21/2022,14:00,13479.9248,1764.7977,4850.6763,1106.4067,12608.6787,7946.3022,3992.8123,1366.2192,47115.8179,A3,N,N
10/21/2022,14:00,13546.4219,1660.4698,4773.4668,1073.9337,12474.9951,7970.8188,3956.4004,1487.0526,46943.5591,A6,N,N
10/21/2022,14:00,13329.7998,1663.51,4304.23,1154.54,12777,7394.5601,3384.8899,1151.5,45160.0298,E,N,N
10/21/2022,14:00,13140.2998,1625.62,4403.9102,1178.5699,12431.5,7271.1499,3545.6101,1258.9,44855.5599,E1,N,N
10/21/2022,14:00,13086.7998,1683.8,4621.5898,1189.55,12749,7363.1299,3554.1101,1389.04,45637.0196,E2,Y,N
10/21/2022,14:00,13155.5996,1720.01,4472.27,1132,13115.0996,7247.6299,4298.1401,899.951,46040.7002,E3,N,N
10/21/2022,14:00,13160.7051,1678.885,4467.3037,1161.411,12801.959,7304.4243,3787.0127,1149.6929,45511.3937,M,N,N
10/21/2022,15:00,14231.1963,1863.4674,4896.2339,1139.3217,13035.6982,8341.6387,4047.0894,1429.876,48984.5216,A3,N,N
10/21/2022,15:00,14261.9082,1778.4667,4849.7583,1092.1442,13037.5459,8406.9658,4066.2859,1554.3468,49047.4218,A6,N,N
10/21/2022,15:00,13700.5,1717.6,4368.54,1186.9301,13308.5,7775.1899,3553.3999,1205.01,46815.6699,E,N,N
10/21/2022,15:00,13502.7998,1674.3199,4473,1215.95,12916.0996,7635.7598,3723.1399,1320.35,46461.419,E1,N,N
10/21/2022,15:00,13407.2998,1739.72,4717.27,1226.88,13323.2002,7744.1201,3722.5801,1454.48,47335.5502,E2,Y,N
10/21/2022,15:00,13531.2002,1772.53,4536.8301,1161.45,13649.2998,7605.2598,4471.23,940.513,47668.3129,E3,N,N
10/21/2022,15:00,13518.5205,1731.5354,4540.7393,1195.2545,13333.3545,7673.0894,3959.3704,1203.6385,47155.5025,M,N,N
10/21/2022,16:00,14795.1201,1902.5233,4925.3438,1153.3711,13355.1992,8636.0391,4096.9082,1468.8093,50333.3141,A3,N,N
10/21/2022,16:00,14682.3926,1833.1833,4908.6196,1107.5934,13373.7344,8623.4404,4129.2925,1569.3219,50227.5781,A6,N,N
10/21/2022,16:00,13984.2998,1764.02,4415.1099,1206.88,13847.7002,8116.6899,3698.95,1262.65,48296.2998,E,N,N
10/21/2022,16:00,13799.9004,1721.1899,4523.4199,1240.17,13411.7998,7967.3901,3854.25,1383.74,47901.8601,E1,N,N
10/21/2022,16:00,13634.2002,1776.16,4789.9702,1250.63,13900.2002,8071.4399,3841.8401,1514.1801,48778.6207,E2,Y,N
10/21/2022,16:00,13803.2002,1816.15,4583.8301,1183.37,14106.2998,7913.1299,4602.29,987.728,48995.998,E3,N,N
10/21/2022,16:00,13787.29,1774.593,4594.9546,1217.9116,13842.3604,7996.8066,4089.6665,1259.5824,48563.1651,M,N,N
10/21/2022,17:00,14924.3408,1928.5638,4950.5815,1159.2839,13681.2227,8678.1328,4130.2334,1481.5521,50933.911,A3,N,N
10/21/2022,17:00,14808.5439,1862.1704,4963.061,1120.5338,13647.915,8736.5957,4238.1147,1527.6204,50904.5549,A6,N,N
10/21/2022,17:00,14108.5996,1781.73,4486.21,1222.37,14285,8295.2002,3682.3701,1248.77,49110.2499,E,N,N
10/21/2022,17:00,13949.7998,1742.36,4588.27,1256.27,13823.7002,8150.1001,3807.74,1365.78,48684.0201,E1,N,N
10/21/2022,17:00,13715.2998,1777.66,4856.2402,1262.52,14370.9004,8231.4199,3786.8301,1479.08,49479.9504,E2,Y,N
10/21/2022,17:00,13883.7002,1833.91,4649.2798,1197.6801,14409,8070.73,4645.27,987.385,49676.9551,E3,N,N
10/21/2022,17:00,13891.8604,1789.1331,4661.3071,1232.241,14234.5508,8164.4155,4076.8425,1244.1152,49294.4656,M,N,N
10/21/2022,18:00,14568.3994,1877.0389,4961.0225,1152.3926,13294.8604,8524.001,4072.2964,1426.7693,49876.7805,A3,N,N
10/21/2022,18:00,14432.8223,1811.3025,4977.2588,1114.101,13307.9639,8616.8818,4166.4399,1429.1952,49855.9654,A6,N,N
10/21/2022,18:00,13854.7002,1751.6,4491.1699,1197.1899,14299.4004,8314.3301,3649.25,1231.58,48789.2205,E,N,N
10/21/2022,18:00,13732,1720.64,4591.0801,1230.38,13859,8179.9399,3743.0701,1336.61,48392.7201,E1,N,N
10/21/2022,18:00,13420.2998,1731.12,4857.7998,1231.28,14430,8224.6699,3720.9399,1436.73,49052.8394,E2,Y,N
10/21/2022,18:00,13613.2998,1803.12,4654.8901,1175.0699,14316.2002,8077.96,4593.2998,981.11,49214.9498,E3,N,N
10/21/2022,18:00,13630.9355,1756.772,4665.1069,1206.2681,14227.8301,8175.5879,4021.0449,1221.4604,48905.0058,M,N,N
10/21/2022,19:00,13309.4258,1737.9401,4934.6514,1118.4945,12713.1191,8160.7983,3798.5916,1321.8928,47094.9136,A3,N,N
10/21/2022,19:00,13483.8467,1670.119,4950.3071,1076.2747,12667.6016,8308.3164,3805.2568,1268.358,47230.0803,A6,N,N
10/21/2022,19:00,13308.0996,1687.9399,4509.7002,1143.48,13873.2002,8106.5801,3509.1399,1200.89,47339.0299,E,N,N
10/21/2022,19:00,13223.2998,1664.88,4604.0698,1172.8101,13481.5,7988.75,3572.4399,1294.08,47001.8296,E1,N,N
10/21/2022,19:00,12858.0996,1654.67,4835.6802,1167.16,13998.7002,7995.29,3554.1399,1380.5601,47444.3,E2,Y,N
10/21/2022,19:00,13064,1742.3,4705.8701,1121.84,13843,7905.6401,4416.1099,955.751,47754.5111,E3,N,N
10/21/2022,19:00,13088.9648,1692.8835,4683.4473,1149.1584,13796.0801,7978.9712,3853.6543,1183.3064,47426.466,M,N,N
10/21/2022,20:00,12894.75,1682.9105,4912.019,1123.7726,12698.2422,7920.5527,3766.7397,1268.0731,46267.0598,A3,N,N
10/21/2022,20:00,13160.1602,1649.3848,4919.9351,1087.2266,12618.3398,8050.1367,3758.3738,1221.509,46465.066,A6,N,N
10/21/2022,20:00,13088.4004,1660.4301,4591.3501,1136.83,13329.5996,7828.3101,3490.8401,1177.41,46303.1704,E,N,N
10/21/2022,20:00,13030.5,1644.9399,4653.27,1157.84,12983.9004,7717.98,3542.1299,1253.45,45984.0102,E1,N,N
10/21/2022,20:00,12646.9004,1616.9399,4846.1201,1143.35,13434.2998,7702.2998,3528.6399,1323.95,46242.4999,E2,Y,N
10/21/2022,20:00,12816.5,1715.6801,4775.52,1111.78,13518,7655.6299,4346.04,942.607,46881.757,E3,N,N
10/21/2022,20:00,12868.3848,1665.0225,4734.9819,1134.9451,13335.29,7708.7871,3812.4324,1150.8739,46410.7177,M,N,N
10/21/2022,21:00,12392.6318,1639.1246,4929.0947,1122.5176,12361.6094,7749.0313,3718.636,1263.6711,45176.3165,A3,N,N
10/21/2022,21:00,12765.8242,1622.0453,4922.9077,1097.7141,12325.0508,7750.6318,3682.5339,1246.9937,45413.7015,A6,N,N
10/21/2022,21:00,12703.9004,1606.99,4605.1001,1121.01,12781.7998,7530.8599,3403.6001,1160.9399,44914.2002,E,N,N
10/21/2022,21:00,12669.5,1597.1801,4638.9502,1136.03,12481.7998,7436.9902,3457.8101,1226.53,44644.7904,E1,N,N
10/21/2022,21:00,12265.4004,1561.01,4809.04,1116.26,12894.5996,7393.5,3443.3701,1288.48,44771.6601,E2,Y,N
10/21/2022,21:00,12400.2002,1652.15,4758.23,1092.45,12995.2998,7308.8301,4185.4702,940.176,45332.8063,E3,N,N
10/21/2022,21:00,12479.3799,1608.8484,4718.1431,1113.5815,12809.7246,7395.3418,3700.7495,1131.9551,44957.7239,M,N,N
10/21/2022,22:00,11870.4746,1577.6141,4902.8657,1107.3937,11899.5049,7418.6792,3579.5806,1231.2308,43587.3436,A3,N,N
10/21/2022,22:00,12281.9014,1521.3196,4884.061,1095.9685,11855.4004,7442.7612,3533.9326,1248.7518,43864.0965,A6,N,N
10/21/2022,22:00,12241.5,1539.05,4544.8901,1083.89,12104.9004,7146.73,3231.53,1120.0699,43012.5604,E,N,N
10/21/2022,22:00,12226.5996,1532.75,4578.6001,1095.75,11847.9004,7070.8701,3278.6899,1179.46,42810.6201,E1,N,N
10/21/2022,22:00,11800.2998,1488.92,4726.0601,1073.86,12214.5,7001.8599,3263.97,1232.1801,42801.6499,E2,Y,N
10/21/2022,22:00,11920.5996,1583.1899,4696.04,1053.4399,12332,6931.9702,3985.74,911.492,43414.4716,E3,N,N
10/21/2022,22:00,12015.1602,1540.3915,4651.5127,1073.6899,12147.5352,7016.3813,3515.4036,1089.9427,43050.0171,M,N,N
10/21/2022,23:00,11119.0947,1482.8682,4877.6782,1064.6827,11460.4063,7028.0684,3399.0771,1184.7888,41616.6644,A3,N,N
10/21/2022,23:00,11626.8262,1450.6215,4851.5464,1044.7218,11390.4688,7074.9131,3375.4412,1223.611,42038.15,A6,N,N
10/21/2022,23:00,11751.4004,1451.23,4490.77,1035.63,11354.2998,6734.48,3073.4299,1070.66,40961.9001,E,N,N
10/21/2022,23:00,11744,1447.8,4527.4399,1034.0601,11132.9004,6692.0298,3126.8899,1130.39,40835.5101,E1,N,N
10/21/2022,23:00,11369.7998,1403.04,4675.25,1030.87,11442.2002,6610.2998,3125.6101,1194.04,40851.1099,E2,Y,N
10/21/2022,23:00,11478.5,1496.66,4665.5298,1006.09,11554,6565.8799,3768.6399,897.13,41432.4296,E3,N,N
10/21/2022,23:00,11558.6348,1454.2256,4607.2236,1023.7085,11390.8203,6633.8125,3343.1633,1055.702,41067.2906,M,N,N
10/21/2022,24:00,10581.7705,1394.6774,4861.7046,1014.4282,10653.0615,6611.541,3256.7246,1139.744,39513.6518,A3,N,N
10/21/2022,24:00,11233.5791,1361.9822,4846.8828,992.2355,10609.7295,6629.5288,3228.7617,1167.064,40069.7636,A6,N,N
10/21/2022,24:00,11187,1352.73,4429.5098,988.028,10553.7998,6273.2202,2942.0701,1002.21,38728.5679,E,N,N
10/21/2022,24:00,11183.7998,1348.8199,4462.77,973.115,10357.5996,6260.2002,2999.78,1060.1899,38646.2744,E1,N,N
10/21/2022,24:00,10868.7002,1311,4610.8901,987.627,10603.2998,6173.4199,3014.0801,1129.0699,38698.087,E2,Y,N
10/21/2022,24:00,10968.5,1395.04,4623.8599,959.234,10691.7998,6177.4502,3541.6899,869.309,39226.8828,E3,N,N
10/21/2022,24:00,11030.1494,1356.1285,4551.1924,974.1216,10565.4248,6211.4956,3184.3669,1001.9047,38874.7839,M,N,N
10/22/2022,1:00,9902.3418,1294.7327,4799.2627,977.6077,10087.9385,6032.0317,3057.1853,1087.505,37238.6054,A3,N,N
10/22/2022,1:00,10477.5869,1229.594,4835.8721,949.8957,9963.585,6081.665,3043.2056,995.4031,37576.8074,A6,N,N
10/22/2022,1:00,10765.4004,1263.24,4373.54,954.133,10086.7002,5835.2798,2918.98,1010.85,37208.1234,E,N,N
10/22/2022,1:00,10750.5996,1261.12,4409.77,915.888,9915.46,5867.2402,2990.0601,1075.6,37185.7379,E1,N,N
10/22/2022,1:00,10563,1227.17,4557.6099,964.119,10134,5779.9502,3031.3899,1186.84,37444.079,E2,N,N
10/22/2022,1:00,10663.7998,1306.5,4635.4902,924.57,9949.71,5802.8599,3358.73,856.109,37497.7689,E3,Y,N
10/22/2022,1:00,10675.54,1268.8335,4520.2974,936.7212,10007.7686,5818.0908,3118.7649,1016.8756,37362.892,M,N,N
10/22/2022,2:00,9476.9287,1244.6123,4795.3652,944.7593,9584.1836,5800.6909,2972.2632,1064.2054,35883.0086,A3,N,N
10/22/2022,2:00,10239.0801,1186.4154,4801.7251,925.7592,9504.0918,5822.4653,2957.8127,966.5251,36403.8747,A6,N,N
10/22/2022,2:00,10376.7998,1190.66,4327.3198,918.442,9498.0596,5484.7998,2840.5,992.484,35629.065,E,N,N
10/22/2022,2:00,10346.7002,1191.4399,4372.9502,870.546,9354.4502,5543.46,2909.6599,1054.48,35643.6864,E1,N,N
10/22/2022,2:00,10225.2002,1161.67,4506.71,934.209,9566.9502,5446.4502,2960.9299,1197.34,35999.4595,E2,N,N
10/22/2022,2:00,10328.2998,1234.25,4648.6001,888.362,9357.3799,5503.1699,3213.96,829.177,36003.1987,E3,Y,N
10/22/2022,2:00,10314.4004,1198.864,4496.0234,899.8818,9430.1426,5496.3071,3018.6084,1002.0396,35856.2673,M,N,N
10/22/2022,3:00,9152.209,1178.4678,4826.4893,922.7627,9165.3965,5594.6064,2847.5811,1020.6887,34708.2015,A3,N,N
10/22/2022,3:00,9773.4463,1123.3315,4840.5688,910.0936,9110.4355,5626.9355,2856.8142,952.6544,35194.2798,A6,N,N
10/22/2022,3:00,10120.2002,1138.0601,4344.1299,898.471,9127.7002,5271.6699,2734.8101,956.386,34591.4274,E,N,N
10/22/2022,3:00,10078.4004,1137.76,4364.29,837.948,9011.2002,5351.4502,2799.49,1024.4399,34604.9787,E1,N,N
10/22/2022,3:00,10023.9004,1113.96,4476.46,921.545,9220.1602,5245.23,2856.6101,1170.6899,35028.5556,E2,N,N
10/22/2022,3:00,10116,1182.7,4669.7998,867.451,8943.9297,5328.8501,3101.3999,804.594,35014.7245,E3,Y,N
10/22/2022,3:00,10084.2051,1147.584,4496.2373,878.2518,9057.3701,5305.0181,2909.7366,973.8483,34852.2513,M,N,N
10/22/2022,4:00,9044.8408,1148.6802,4797.5933,900.2537,8909.5352,5456.2476,2772.8958,998.2021,34028.2487,A3,N,N
10/22/2022,4:00,9572.2109,1108.1718,4783.042,898.4542,8893.0498,5507.6196,2784.1221,969.6111,34516.2815,A6,N,N
10/22/2022,4:00,9927.7402,1106.87,4323.9199,879.904,8901.1396,5115.9502,2619.4199,965.41,33840.3538,E,N,N
10/22/2022,4:00,9876.4199,1108.79,4339.1201,819.643,8797.5195,5191.04,2669.8701,1024.6801,33827.0827,E1,N,N
10/22/2022,4:00,9814.4404,1082.49,4431.0098,905.272,8985.3701,5078.9199,2719.73,1174.36,34191.5922,E2,N,N
10/22/2022,4:00,9900.5,1152.4301,4652.8101,850.678,8738.0098,5167.4399,3043.73,803.419,34309.0169,E3,Y,N
10/22/2022,4:00,9877.0508,1117.201,4469.604,860.9517,8839.1973,5143.4863,2805.6184,975.7682,34088.8777,M,N,N
10/22/2022,5:00,9058.874,1146.9269,4757.6973,884.512,8808.0908,5412.7021,2799.8352,996.9687,33865.607,A3,N,N
10/22/2022,5:00,9528.7012,1111.0247,4750.1543,892.4145,8865.1943,5467.4409,2801.3379,1009.7689,34426.0367,A6,N,N
10/22/2022,5:00,9838.7305,1100.6,4271.4702,871.18,8889.3799,5055.3999,2650.8701,965.995,33643.6256,E,N,N
10/22/2022,5:00,9776.5703,1101.67,4298.9902,807.932,8794.9102,5117.46,2686.76,1023.07,33607.3627,E1,N,N
10/22/2022,5:00,9707.3096,1079.45,4375.77,894.476,8947.6201,5005.54,2733.0601,1175.2,33918.4258,E2,N,N
10/22/2022,5:00,9790.6699,1142.4301,4622.1602,842.08,8717.8496,5097.29,3027.8201,799.377,34039.6769,E3,Y,N
10/22/2022,5:00,9773.5137,1110.2205,4427.1665,851.007,8820.2871,5073.1113,2812.3228,974.2487,33841.8776,M,N,N
10/22/2022,6:00,9169.2227,1171.3855,4735.3774,889.7938,8887.6855,5387.2085,2816.3508,979.2251,34036.2493,A3,N,N
10/22/2022,6:00,9575.9678,1130.7386,4681.5342,896.6924,8983.5908,5511.7065,2854.5842,996.065,34630.8795,A6,N,N
10/22/2022,6:00,9910.7598,1131.4301,4243.1401,869.714,9033.5596,5080.8101,2677.3201,970.402,33917.1358,E,N,N
10/22/2022,6:00,9831.8701,1130.46,4295.0498,811.098,8939.75,5134.9902,2689.28,1020.18,33852.6781,E1,N,N
10/22/2022,6:00,9742.7598,1110.3199,4364.3599,891.779,9036.29,5014.3999,2729.24,1151.5699,34040.7184,E2,N,N
10/22/2022,6:00,9820.5098,1166.67,4620.6401,844.297,8896.6904,5127.4399,3074.47,802.004,34352.7212,E3,Y,N
10/22/2022,6:00,9817.4502,1138.244,4418.5474,851.6803,8962.8857,5094.0732,2832.2925,969.1992,34084.3725,M,N,N
10/22/2022,7:00,9386.7969,1211.7107,4693.2866,914.0812,9265.9961,5506.0576,2812.7422,998.7421,34789.4134,A3,N,N
10/22/2022,7:00,9767.04,1164.8668,4678.1294,920.6996,9417.2344,5664.3105,2863.5676,1023.3024,35499.1507,A6,N,N
10/22/2022,7:00,10158.5996,1194.67,4263.5698,897.747,9493.5898,5231.8701,2745.8799,960.158,34946.0842,E,N,N
10/22/2022,7:00,10060,1189.45,4308.4102,846.384,9369.4102,5264.8901,2729.6599,1004.75,34772.9544,E1,N,N
10/22/2022,7:00,9949.9902,1170.98,4358.2202,911.707,9411.3096,5157.0801,2763.97,1114.55,34837.8071,E2,N,N
10/22/2022,7:00,10005.2002,1215.75,4612.29,876.61,9301.96,5267.9199,3202.01,806.042,35287.7821,E3,Y,N
10/22/2022,7:00,10028.1074,1194.8204,4420.4946,880.9983,9374.9043,5234.0449,2905.9932,955.9634,34995.3265,M,N,N
10/22/2022,8:00,9646.2891,1251.0365,4725.0947,933.1974,9658.7979,5677.2783,2881.9221,1033.6309,35807.2469,A3,N,N
10/22/2022,8:00,9986.5313,1206.4792,4717.6924,943.2863,9778.8887,5805.2983,2915.9092,1068.7031,36422.7885,A6,N,N
10/22/2022,8:00,10372.0996,1256.73,4327.2002,932.122,9984.8398,5474.9502,2816.23,987.153,36151.3248,E,N,N
10/22/2022,8:00,10266.9004,1249.23,4363.1001,884.059,9804.7402,5471.1099,2785.5601,1030.0699,35854.7696,E1,N,N
10/22/2022,8:00,10136.5,1220.88,4413.4302,941.808,9809.25,5404.1201,2818.9199,1123.09,35867.9982,E2,N,N
10/22/2022,8:00,10212.7998,1276.15,4630.54,912.477,9715.7002,5471.98,3299.1699,812.706,36331.5229,E3,Y,N
10/22/2022,8:00,10231.1445,1252.6895,4463.9014,915.652,9801.7188,5455.2432,2978.2639,970.81,36069.4233,M,N,N
10/22/2022,9:00,10061.043,1290.3983,4795.0332,955.536,10164.6963,5911.3091,3015.6838,1070.3468,37264.0465,A3,N,N
10/22/2022,9:00,10416.1533,1264.1149,4743.6255,958.614,10261.8594,6033.5483,3024.2131,1147.5471,37849.6756,A6,N,N
10/22/2022,9:00,10795.2998,1329.54,4294.4199,958.675,10241.7002,5744.5898,2771.53,1009.68,37145.4347,E,N,N
10/22/2022,9:00,10659.2002,1320.05,4317.6099,914.573,10028.2002,5733.6802,2749.55,1062.6801,36785.5436,E1,N,N
10/22/2022,9:00,10547.7998,1288.49,4375.9302,973.987,10036.5,5705.1602,2782.48,1156.4399,36866.7871,E2,N,N
10/22/2022,9:00,10665.4004,1346.64,4603.3501,942.094,10166.9004,5733.04,3378.73,827.412,37663.5669,E3,Y,N
10/22/2022,9:00,10653.9355,1322.89,4428.7202,945.6742,10110.8457,5727.9629,2981.2925,995.8262,37167.1472,M,N,N
10/22/2022,10:00,10487.5684,1382.3282,4791.9805,988.8215,10843.708,6224.377,3302.8818,1130.8217,39152.4871,A3,N,N
10/22/2022,10:00,11122.5264,1348.0262,4701.8306,976.3976,10973.0342,6349.9473,3308.1235,1244.0056,40023.8914,A6,N,N
10/22/2022,10:00,11410.4004,1389.14,4296.3799,1015.82,10607.5,5988.0698,2921.9399,999.201,38628.451,E,N,N
10/22/2022,10:00,11247.7998,1378.3,4319,982.486,10400.7002,6014.75,2920.04,1045,38308.076,E1,N,N
10/22/2022,10:00,11168.4004,1350.71,4381.8501,1038.71,10407.2998,6017.71,2946.8301,1129.22,38440.7304,E2,N,N
10/22/2022,10:00,11295.4004,1408.03,4615.77,998.932,10769.5996,5978.75,3546.1001,810.968,39423.5501,E3,Y,N
10/22/2022,10:00,11269,1383.4341,4435.189,1007.2982,10562.4844,5998.8877,3146.1436,977.274,38779.711,M,N,N
10/22/2022,11:00,11428.1191,1452.0509,4854.543,1005.9954,11297.8516,6657.9922,3513.3889,1204.2028,41414.1439,A3,N,N
10/22/2022,11:00,11911.6514,1398.3701,4788.5664,990.2705,11417.4004,6774.811,3498.1489,1330.3965,42109.6152,A6,N,N
10/22/2022,11:00,12019.7998,1437.92,4346.3901,1043.5699,11003,6255.6602,3193.8101,1033.96,40334.1101,E,N,N
10/22/2022,11:00,11828.2002,1426.24,4366.1899,1034.15,10745.0996,6327.0801,3186.3899,1089.13,40002.4797,E1,N,N
10/22/2022,11:00,11764,1409.4,4458.96,1078.4,10739.2998,6360.1201,3220.6299,1166.21,40197.0198,E2,N,N
10/22/2022,11:00,11908.5,1462.92,4651.2402,1027.72,11313.7002,6235.1201,3687.23,856.183,41142.6135,E3,Y,N
10/22/2022,11:00,11868.9951,1436.6201,4486.1802,1044.375,10981.3447,6292.4414,3371.3569,1018.593,40499.9064,M,N,N
10/22/2022,12:00,12182.9648,1531.5859,4883.1772,1036.1768,11695.3857,7094.5376,3768.8113,1264.027,43456.6663,A3,N,N
10/22/2022,12:00,12584.0957,1446.1749,4810.8096,1018.0524,11785.1123,7158.6089,3755.6355,1384.285,43942.7743,A6,N,N
10/22/2022,12:00,12590.5,1497.79,4371.7202,1054.97,11309.2002,6518.79,3354.72,1113.79,41811.4804,E,N,N
10/22/2022,12:00,12367.2998,1479.77,4407.9399,1066.02,11082.4004,6625.46,3329.4199,1178.53,41536.84,E1,N,N
10/22/2022,12:00,12304.7998,1478.4399,4530.3301,1102.6,11054.7002,6706.8701,3378.6599,1258.01,41814.41,E2,N,N
10/22/2022,12:00,12489.2998,1514.67,4679.3701,1046.53,11762,6474.3198,3836.1799,927.018,42729.3876,E3,Y,N
10/22/2022,12:00,12427.8545,1494.3555,4528.1055,1066.686,11347.3555,6576.9131,3522.8911,1100.6598,42064.821,M,N,N
10/22/2022,13:00,12850.6016,1663.483,4899.8145,1062.566,12266.1572,7496.604,3904.2871,1336.4347,45479.9481,A3,N,N
10/22/2022,13:00,13161.8652,1564.9403,4818.8164,1028.7888,12181.4414,7604.1313,3875.1958,1429.9471,45665.1263,A6,N,N
10/22/2022,13:00,13103.2002,1560.01,4391.71,1072.37,11824,6818.3198,3487.51,1201.63,43458.75,E,N,N
10/22/2022,13:00,12827,1535.97,4438.96,1107.98,11561.5,6942.5498,3441.49,1282.34,43137.7898,E1,N,N
10/22/2022,13:00,12755.5,1539.97,4573.8301,1133.39,11504.4004,7072.5,3502.0901,1359.53,43441.2106,E2,N,N
10/22/2022,13:00,13017.7998,1568,4692.6602,1070.0699,12201.7002,6719.79,4018.1201,1003.46,44291.6002,E3,Y,N
10/22/2022,13:00,12917.3359,1551.7865,4554.3853,1095.7224,11810.6699,6878.4375,3665.3635,1191.9231,43665.6241,M,N,N
10/22/2022,14:00,13637.1904,1761.8577,4933.0068,1078.704,12701.166,7946.6592,4034.573,1379.2705,47472.4276,A3,N,N
10/22/2022,14:00,13793.3936,1650.6555,4853.3052,1038.4895,12574.7354,8068.5342,4010.0298,1459.8931,47449.0363,A6,N,N
10/22/2022,14:00,13616.2002,1639.49,4411.96,1094.23,12335.7998,7169.4502,3715.74,1263.42,45246.2902,E,N,N
10/22/2022,14:00,13283.2998,1605.83,4463.8198,1146.05,12050,7299.1001,3648.47,1356.74,44853.3097,E1,N,N
10/22/2022,14:00,13207.7998,1622.55,4612.9199,1167.28,11993.2002,7462.8301,3706.8999,1432.2,45205.6799,E2,N,N
10/22/2022,14:00,13514.0996,1629.54,4704.73,1091.37,12680.5,7016.46,4236.5898,1053.37,45926.6594,E3,Y,N
10/22/2022,14:00,13395.1396,1623.3575,4577.6348,1124.4465,12299.3447,7221.6611,3879.01,1255.4275,45376.0217,M,N,N
10/22/2022,15:00,14213.6299,1893.0171,4987.9209,1120.5619,13300.9365,8359.835,4102.2583,1439.7748,49417.9344,A3,N,N
10/22/2022,15:00,14401.8965,1774.373,4943.5674,1071.8755,13124.6025,8500.3242,4116.103,1524.6844,49457.4265,A6,N,N
10/22/2022,15:00,14022,1711.04,4462.79,1128.27,12848.7002,7542.9199,3903.99,1324.59,46944.3001,E,N,N
10/22/2022,15:00,13634.2002,1672.91,4531.3398,1192.76,12575.4004,7672.0498,3820.6201,1436.5601,46535.8404,E1,N,N
10/22/2022,15:00,13559.5996,1690.42,4690.0098,1207.77,12544.2998,7825.4502,3879.97,1500.35,46897.8694,E2,N,N
10/22/2022,15:00,13874.7002,1688.42,4747.52,1123.9,13206,7364.7402,4411.0898,1112.1899,47528.5601,E3,Y,N
10/22/2022,15:00,13757.8945,1688.4355,4636.3877,1162.738,12829.3301,7583.4717,4054.6274,1322.1825,47035.0674,M,N,N
10/22/2022,16:00,14646.0352,1970.0704,5031.5098,1176.6296,13831.6904,8662.29,4156.6982,1495.0012,50969.9248,A3,N,N
10/22/2022,16:00,14634.874,1861.9172,5025.7393,1114.0135,13649.0352,8719.793,4170.792,1540.0414,50716.2056,A6,N,N
10/22/2022,16:00,14326.2998,1771.37,4489.0898,1160.4399,13422.5996,7909.1699,4038.8501,1376.35,48494.1691,E,N,N
10/22/2022,16:00,13879.5996,1731.5601,4570,1240.29,13189.9004,8024.5601,3945.04,1501.0699,48082.0201,E1,N,N
10/22/2022,16:00,13832.0996,1737.25,4737.2598,1243.8101,13167.4004,8118.5801,3994.47,1553.99,48384.86,E2,N,N
10/22/2022,16:00,14098.7998,1738.36,4754.1699,1161.3199,13717.9004,7718.1401,4552.4399,1167.0699,48908.1999,E3,Y,N
10/22/2022,16:00,14011.4492,1741.334,4664.1377,1201.553,13403.9805,7923.5098,4184.0591,1378.6919,48508.7152,M,N,N
10/22/2022,17:00,14622.4746,1975.8953,5083.9419,1209.0747,14212.749,8813.1357,4123.8364,1505.0354,51546.143,A3,N,N
10/22/2022,17:00,14705.6875,1861.4641,5092.0356,1148.4883,14029.1064,8946.21,4243.2598,1500.4441,51526.6958,A6,N,N
10/22/2022,17:00,14417,1794.22,4525.6899,1190.14,13966.2998,8152.7598,4001.48,1352.42,49400.0095,E,N,N
10/22/2022,17:00,13928.5,1759.64,4607.3301,1275.1899,13773.5,8246.4102,3900.45,1477.99,48969.0102,E1,N,N
10/22/2022,17:00,13890.2998,1746.74,4770.1699,1271.45,13776.2002,8254.6797,3926.01,1518.0601,49153.6097,E2,N,N
10/22/2022,17:00,14109.0996,1761.8,4766.1499,1189.24,14107.7998,7942.04,4606.7402,1154.04,49636.9095,E3,Y,N
10/22/2022,17:00,14055.4346,1762.358,4691.3809,1231.4149,13920.0996,8127.9004,4169.1958,1355.7896,49313.5738,M,N,N
10/22/2022,18:00,14221.0869,1921.4845,5068.4404,1216.4463,14079.252,8768.1436,4050.7368,1481.3832,50806.9737,A3,N,N
10/22/2022,18:00,14254.2891,1825.895,5079.959,1158.2234,13955.292,8943.584,4161.436,1448.3445,50827.023,A6,N,N
10/22/2022,18:00,14196.7998,1778.79,4549.5298,1181.3101,14142.5996,8235.4004,3948.2,1321.47,49354.0997,E,N,N
10/22/2022,18:00,13670.5,1751.03,4627.48,1267.4301,14028.9004,8296.46,3846.0701,1445.14,48933.0106,E1,N,N
10/22/2022,18:00,13611.2998,1720.48,4764.0898,1259.5699,14064.7998,8226.7002,3857.8501,1470.4,48975.1896,E2,N,N
10/22/2022,18:00,13859.2002,1754.6801,4772.1401,1183.89,14202.2002,8014.6699,4552.9399,1128.21,49467.9304,E3,Y,N
10/22/2022,18:00,13800.6895,1748.834,4700.5713,1223.3081,14115.5859,8171.2344,4111.7388,1321.979,49193.941,M,N,N
10/22/2022,19:00,13426.6592,1803.3458,5009.0547,1185.4927,13677.4551,8491.3848,3780.7107,1382.6533,48756.7563,A3,N,N
10/22/2022,19:00,13355.5928,1686.6924,5022.6021,1123.5416,13493.9131,8666.1064,3816.5735,1308.2574,48473.2793,A6,N,N
10/22/2022,19:00,13736.2002,1710.88,4532.9902,1135.4,13810.7002,8076.46,3782.6101,1283.24,48068.4807,E,N,N
10/22/2022,19:00,13236.0996,1694.17,4614.0098,1212.53,13771.4004,8088.2002,3685.1499,1395.63,47697.1899,E1,N,N
10/22/2022,19:00,13132.7998,1646.62,4714.8599,1205,13837.7002,7972.79,3694.04,1409.5699,47613.3798,E2,N,N
10/22/2022,19:00,13443.0996,1704.47,4811.77,1138.29,13864.7998,7859.6299,4392.1401,1084.09,48298.2894,E3,Y,N
10/22/2022,19:00,13357.7402,1688.394,4696.2856,1173.094,13826.5596,7977.5869,3949.438,1273.2175,47942.3158,M,N,N
10/22/2022,20:00,13042.8223,1773.1588,4999.4956,1182.5746,13601.3232,8229.916,3733.2263,1323.3761,47885.8929,A3,N,N
10/22/2022,20:00,12981.6904,1669.7488,5001.3901,1130.192,13452.4023,8368.9746,3781.2749,1256.5824,47642.2555,A6,N,N
10/22/2022,20:00,13517.0996,1676.7,4572.7598,1128.16,13345.7998,7832.0298,3726.1201,1243.36,47042.0291,E,N,N
10/22/2022,20:00,13091.7002,1668.6801,4640.4302,1185.1801,13324.7002,7831.6899,3654.2,1333.48,46730.0607,E1,N,N
10/22/2022,20:00,12919,1608.74,4707.1001,1183.96,13353.5,7678.8101,3691.26,1350.5601,46492.9303,E2,N,N
10/22/2022,20:00,13319.9004,1681.36,4824.2202,1125.34,13647.5,7682.52,4309.7402,1043.3199,47633.9007,E3,Y,N
10/22/2022,20:00,13192.2051,1659.3362,4711.2734,1155.3781,13448.0449,7741.3115,3903.6919,1222.676,47033.9171,M,N,N
10/22/2022,21:00,12553.2988,1734.0974,5062.4678,1187.0282,13135.9268,7999.8672,3730.5579,1309.9973,46713.2414,A3,N,N
10/22/2022,21:00,12529.4258,1636.7426,5047.7075,1142.5828,13059.3926,8076.1157,3743.2593,1263.0696,46498.2959,A6,N,N
10/22/2022,21:00,13121.2002,1614.1899,4546.0498,1115.23,12854.5996,7554.6499,3623.73,1219.4,45649.0494,E,N,N
10/22/2022,21:00,12743.2998,1609.05,4592.04,1157.83,12823.5,7557.6201,3572.5,1294.42,45350.2599,E1,N,N
10/22/2022,21:00,12553.2998,1550.55,4666.1802,1160.0601,12874.2002,7382.1099,3618.4199,1304.76,45109.5801,E2,N,N
10/22/2022,21:00,12981.9004,1621.92,4778.6401,1110.42,13167.5996,7406.21,4154.5898,1034.58,46255.8599,E3,Y,N
10/22/2022,21:00,12835.9951,1599.7006,4668.9863,1135.4041,12961.2754,7460.3032,3795.396,1194.808,45651.8687,M,N,N
10/22/2022,22:00,11967.2734,1655.8345,5034.1797,1162.0895,12647.4785,7694.3574,3593.1897,1275.5509,45029.9536,A3,N,N
10/22/2022,22:00,11992.4512,1528.0706,5009.687,1129.3298,12551.332,7790.4487,3586.3845,1274.8578,44862.5616,A6,N,N
10/22/2022,22:00,12658.5,1536.5699,4506.9102,1075.3101,12167.7002,7190.7598,3434.0901,1151.15,43720.9903,E,N,N
10/22/2022,22:00,12326.5996,1538.21,4552.5801,1106.73,12159.7002,7215.0898,3386.3501,1218.7,43503.9598,E1,N,N
10/22/2022,22:00,12131.4004,1473.04,4623.3198,1114.12,12257.4004,6998.3701,3426.6001,1238.49,43262.7408,E2,N,N
10/22/2022,22:00,12612.7998,1559.29,4746.46,1066.02,12430.2002,7121.75,3964.0601,985.341,44485.9211,E3,Y,N
10/22/2022,22:00,12427.7549,1529.0496,4631.2725,1089.616,12280,7124.5918,3605.772,1131.8394,43819.8962,M,N,N
10/22/2022,23:00,11387.0596,1557.416,4982.3105,1110.2905,11975.0684,7223.9165,3451.9419,1240.3427,42928.3461,A3,N,N
10/22/2022,23:00,11443.3818,1458.2394,4950.1919,1066.3121,11928.6709,7365.5581,3442.0918,1241.8008,42896.2468,A6,N,N
10/22/2022,23:00,12200.7002,1460.28,4478.04,1031.98,11408.0996,6835.9399,3263.9099,1087.15,41766.0996,E,N,N
10/22/2022,23:00,11871.5,1456.63,4531.7798,1060.5699,11440.7002,6847.75,3243.0701,1153.6,41605.6,E1,N,N
10/22/2022,23:00,11808.4004,1395.64,4621.9102,1054.95,11632.7002,6691.1802,3313.3,1174.8101,41692.8911,E2,N,N
10/22/2022,23:00,12247,1484.73,4737.21,1019.56,11653.2998,6790.98,3759.5801,965.151,42657.5109,E3,Y,N
10/22/2022,23:00,12036.5293,1451.7649,4618.1519,1040.5229,11558.2207,6786.9668,3444.532,1082.9779,42019.6664,M,N,N
10/22/2022,24:00,10733.2676,1440.2355,4932.8604,1061.5223,11129.0205,6724.7124,3331.3538,1196.9052,40549.8777,A3,N,N
10/22/2022,24:00,11005.7373,1359.9625,4915.1948,1010.9935,11123.3037,6890.7236,3320.8918,1187.2988,40814.106,A6,N,N
10/22/2022,24:00,11673.7002,1363.72,4423.3198,986.648,10634,6426.8198,3131.28,1018.52,39658.0078,E,N,N
10/22/2022,24:00,11374.7998,1355.33,4461.48,1010.56,10681.7998,6434.9702,3137.0701,1079.05,39535.0599,E1,N,N
10/22/2022,24:00,11429.7998,1304.37,4567.21,996.466,10965.2002,6334.6001,3235.5,1106.49,39939.6361,E2,N,N
10/22/2022,24:00,11806.5,1388.84,4706.0801,974.386,10881.2002,6428.6802,3544.79,941.151,40671.6275,E3,Y,N
10/22/2022,24:00,11584.4805,1355.577,4567.7983,990.7888,10815.2695,6406.4536,3303.511,1028.5659,40052.4446,M,N,N
