DeliveryDate,HourEnding,Coast,East,FarWest,North,NorthCentral,SouthCentral,Southern,West,SystemTotal,Model,InUseFlag,DSTFlag
03/11/2021,1:00,9096.6826,1283.1825,3590.7258,639.7521,9421.9619,4818.6187,2523.7256,1042.6698,32417.319,A3,N,N
03/11/2021,1:00,8694.5879,1218.0199,3602.0945,640.036,9281.5127,4860.8203,2664.0415,1075.74,32036.8528,A6,N,N
03/11/2021,1:00,9354.7197,1207.4,3647.05,659.13,9238.8496,5050.9199,2641.1201,995.406,32794.5953,E,N,N
03/11/2021,1:00,9444.5,1217.88,3636.3799,647.531,9442.54,5142.9502,2680.3601,1032.48,33244.6212,E1,N,N
03/11/2021,1:00,9449.2998,1220.49,3636.48,647.789,9447.4102,5145.02,2679.6699,1033,33259.1589,E2,N,N
03/11/2021,1:00,9431.8896,1220.3101,3632.8,647.277,9451.54,5146.4399,2680.3899,1038.45,33249.0965,E3,N,N
03/11/2021,1:00,9371.5537,1224.1973,3631.8684,649.5918,9389.3818,5077.7266,2651.5388,1026.718,33022.5764,M,Y,N
03/11/2021,2:00,9225.6514,1174.571,3660.9294,614.342,9042.3242,4916.5078,2525.4136,973.1033,32132.8427,A3,N,N
03/11/2021,2:00,9128.6582,1184.5852,3657.8455,614.2672,9000.7822,4912.0884,2513.4309,977.9377,31989.5953,A6,N,N
03/11/2021,2:00,9214.8701,1177.83,3671.97,590.92,9004.75,4950.0498,2556.3401,938.513,32105.243,E,N,N
03/11/2021,2:00,9130.4297,1175.34,3684.1201,588.425,8859.5596,4905.1499,2494.76,906.473,31744.2573,E1,N,N
03/11/2021,2:00,9126.7002,1177,3683.6399,587.495,8859.4502,4903.6602,2495.3601,907.275,31740.5806,E2,N,N
03/11/2021,2:00,9137.2803,1177.88,3651.8899,592.056,8853.7803,4901.0801,2494.8101,904.596,31713.3727,E3,N,N
03/11/2021,2:00,9154.5186,1176.8109,3669.7451,592.8733,8914.2813,4915.1113,2514.1494,922.3621,31859.852,M,Y,N
03/11/2021,3:00,9017.4141,1131.6951,3650.981,595.7702,8856.9902,4777.0103,2443.708,952.4,31425.9689,A3,N,N
03/11/2021,3:00,8934.0938,1092.2159,3656.8896,598.0296,8743.7305,4772.1001,2430.1526,956.0782,31183.2903,A6,N,N
03/11/2021,3:00,9054.6201,1103.89,3672.6001,573.383,8756.4199,4807.9302,2460.03,917.542,31346.4153,E,N,N
03/11/2021,3:00,8964.3604,1070.75,3679.05,580.25,8611.5,4778.23,2403.3201,911.202,30998.6625,E1,N,N
03/11/2021,3:00,8964.3896,1074.49,3678.5601,581.282,8609.46,4775.8501,2403.3601,910.742,30998.1339,E2,N,N
03/11/2021,3:00,8983.6904,1043.13,3660.4199,579.731,8649.4697,4785.7002,2410.21,932.325,31044.6762,E3,N,N
03/11/2021,3:00,9002.0283,1080.5784,3668.8618,580.6015,8682.8877,4783.9736,2424.5918,923.4648,31146.9879,M,Y,N
03/11/2021,4:00,9036.3662,1182.9663,3668.6836,597.6594,8616.9775,4727.1509,2390.5637,889.8065,31110.1741,A3,N,N
03/11/2021,4:00,9013.2637,1164.7556,3667.1741,585.6718,8556.2813,4715.5308,2382.9077,927.0614,31012.6464,A6,N,N
03/11/2021,4:00,9005.5703,1112.48,3675.5901,565.993,8607.4297,4733.1001,2408.99,874.395,30983.5482,E,N,N
03/11/2021,4:00,8940.9199,1134.46,3683.23,570.591,8469.9404,4672.7402,2378.4099,835.016,30685.3074,E1,N,N
03/11/2021,4:00,8937.1299,1133.97,3683.9399,570.816,8472,4671.8999,2378.6599,834.851,30683.2666,E2,N,N
03/11/2021,4:00,8949.1299,1180.61,3669.0901,572.898,8482.3496,4654.73,2398.6599,812.153,30719.6205,E3,N,N
03/11/2021,4:00,8961.3369,1145.9745,3676.144,573.2618,8523.2734,4688.6909,2393.1675,846.3315,30808.1805,M,Y,N
03/11/2021,5:00,9105.3809,1210.984,3708.4397,598.6597,9035.2861,4751.7935,2415.533,857.9305,31684.0074,A3,N,N
03/11/2021,5:00,9158.6143,1159.8773,3702.2712,602.0316,8608.1465,4744.4766,2405.7244,896.8936,31278.0355,A6,N,N
03/11/2021,5:00,9126.6699,1144.62,3688.3,592.674,8741.46,4772.0698,2410.47,846.918,31323.1817,E,N,N
03/11/2021,5:00,9034.6699,1155.04,3713.78,600.934,8640.8701,4717.2798,2399.22,826.307,31088.1008,E1,N,N
03/11/2021,5:00,9037.1299,1155.09,3713.78,602.864,8636.6602,4719.23,2399.53,826.507,31090.7911,E2,N,N
03/11/2021,5:00,9032.1396,1157.78,3700.8501,606.889,8651.6602,4720.7002,2405.3899,828.029,31103.438,E3,N,N
03/11/2021,5:00,9061.7002,1160.0593,3703.7417,600.5031,8715.4512,4736.6338,2404.844,835.9855,31218.9188,M,Y,N
03/11/2021,6:00,9552.2598,1252.8658,3704.7617,643.5331,9300.6064,5006.6704,2500.5681,917.0602,32878.3255,A3,N,N
03/11/2021,6:00,9622.2949,1228.7085,3688.9739,644.3469,9207.0059,4984.6738,2474.8833,918.9206,32769.8078,A6,N,N
03/11/2021,6:00,9522.2197,1236.83,3706.04,627.719,9224.9404,5063.4399,2504.6399,879.912,32765.7409,E,N,N
03/11/2021,6:00,9520.7402,1230.28,3679.76,631.726,9151.0098,4990.2598,2454.5,912.657,32570.9328,E1,N,N
03/11/2021,6:00,9524.75,1230.84,3680.78,631.197,9147.79,4992.4399,2455.77,912.075,32575.6419,E2,N,N
03/11/2021,6:00,9546.3203,1208.42,3679.45,634.704,9126.4102,4999.52,2430.8501,941.984,32567.6586,E3,N,N
03/11/2021,6:00,9532.4473,1229.4843,3689.5955,632.8647,9176.5391,5015.0435,2466.2671,912.2811,32654.5226,M,Y,N
03/11/2021,7:00,10180.2773,1323.8729,3678.3389,710.0336,10341.9209,5413.4541,2652.571,1053.7942,35354.2629,A3,N,N
03/11/2021,7:00,10208.2432,1307.2047,3666.9277,715.1254,10088.8379,5322.0073,2606.6038,1067.0023,34981.9523,A6,N,N
03/11/2021,7:00,10205.9004,1345.9301,3712.22,710.134,10207.5996,5543.02,2718.9099,990.965,35434.679,E,N,N
03/11/2021,7:00,10110.9004,1293.41,3639.28,726.94,9925.2197,5326.4102,2621.99,1073.55,34717.7003,E1,N,N
03/11/2021,7:00,10116.2998,1294.73,3639.99,726.329,9923.6602,5322.6802,2622.73,1072.67,34719.0892,E2,N,N
03/11/2021,7:00,10058.9004,1273.0601,3659.46,740.89,9906.5498,5272.1602,2617.03,1091.86,34619.9105,E3,N,N
03/11/2021,7:00,10124.1348,1305.5903,3667.5601,723.8723,10038.1416,5375.3643,2648.187,1054.8995,34937.7499,M,Y,N
03/11/2021,8:00,10272.5801,1338.9609,3686.0032,757.5852,10949.7549,5507.9634,2734.0942,1037.6412,36284.5831,A3,N,N
03/11/2021,8:00,10428.207,1339.822,3676.7871,785.509,10456.7578,5544.2813,2718.7971,1042.9583,35993.1196,A6,N,N
03/11/2021,8:00,10259.4004,1313.4301,3675.6001,740.734,10203.7998,5433.1099,2648.5901,1023.95,35298.6144,E,N,N
03/11/2021,8:00,10347.2998,1340.53,3703.6201,763.505,10571,5595.9399,2716.27,1009.82,36047.9848,E1,N,N
03/11/2021,8:00,10359.2002,1344.34,3706.1699,762.346,10596.7998,5597.5698,2715.29,1009.89,36091.6057,E2,N,N
03/11/2021,8:00,10326.0996,1350.4301,3718.8,754.246,10590.9004,5570.3799,2723.6499,964.966,35999.4719,E3,N,N
03/11/2021,8:00,10310.4316,1336.5417,3698.8684,754.3827,10533.0645,5538.2529,2704.0029,1005.5223,35881.067,M,Y,N
03/11/2021,9:00,10791.5488,1399.4426,3659.791,785.1263,10958.958,5756.9302,2750.3782,980.3527,37082.5278,A3,N,N
03/11/2021,9:00,10621.1768,1390.3759,3673.3489,857.278,10984.9053,5664.0435,2812.2302,966.0901,36969.4487,A6,N,N
03/11/2021,9:00,10449.0996,1341.03,3640.5701,778.5,10282.4004,5440.5,2669.22,1017.52,35618.8401,E,N,N
03/11/2021,9:00,10610.2002,1390.7,3690.6699,774.029,10740.9004,5795.3701,2784.98,986.542,36773.3916,E1,N,N
03/11/2021,9:00,10607.7998,1395.63,3690.5801,773.483,10764.2998,5802.8398,2790.47,987.035,36812.1375,E2,N,N
03/11/2021,9:00,10649.7002,1405.99,3691.04,762.842,10690.4004,5858.9902,2799.8601,986.983,36845.8059,E3,N,N
03/11/2021,9:00,10599.8408,1384.4805,3674.3506,773.5467,10646.6602,5720.8218,2758.0938,993.709,36551.5034,M,Y,N
03/11/2021,10:00,11080.6143,1465.1946,3735.907,826.8803,11821.6563,5983.7139,3008.9084,932.3832,38855.258,A3,N,N
03/11/2021,10:00,10803.1016,1436.6694,3744.4014,846.8031,11224.4854,6004.335,3023.7249,929.2381,38012.7589,A6,N,N
03/11/2021,10:00,10837.7998,1424.87,3682.29,803.123,10862.2002,5815.54,2835.1499,949.371,37210.3439,E,N,N
03/11/2021,10:00,11143.2998,1467.35,3798.3999,795.076,11239.5,6075.23,3068.75,930.033,38517.6387,E1,N,N
03/11/2021,10:00,11155.7002,1474.02,3795.4399,794.896,11249.9004,6073.4902,3058.25,930.743,38532.4397,E2,N,N
03/11/2021,10:00,11219.4004,1473.65,3778.26,797.038,11296.9004,6093.7202,3107.28,923.961,38690.21,E3,N,N
03/11/2021,10:00,11077.0898,1458.8175,3755.6382,801.4147,11233.002,6002.0356,3006.3005,933.6761,38267.9744,M,Y,N
03/11/2021,11:00,11355.5078,1481.3403,3766.3306,819.879,11433.5303,6184.6655,3100.551,936.1153,39077.9198,A3,N,N
03/11/2021,11:00,11535.9893,1480.9243,3731.0337,879.9979,11426.4287,6151.8779,3100.0107,960.0609,39266.3234,A6,N,N
03/11/2021,11:00,11330.0996,1467.65,3801.25,817.181,11314.7998,6185.2202,3129.3101,924.9,38970.4107,E,N,N
03/11/2021,11:00,11424.7998,1472.59,3828.0901,797.109,11312.7998,6231.5,3173.54,871.545,39111.9737,E1,N,N
03/11/2021,11:00,11427.7998,1470.26,3828.3601,796.492,11296,6236.9902,3180.6101,871.696,39108.2082,E2,N,N
03/11/2021,11:00,11375.5,1451.03,3793.3701,789.435,11265,6211.6001,3124.9199,860.807,38871.6621,E3,N,N
03/11/2021,11:00,11380.3691,1465.4309,3804.9482,803.3059,11309.9395,6207.0005,3145.5342,890.2112,39006.7395,M,Y,N
03/11/2021,12:00,11565.041,1509.8992,3746.6714,802.1994,11895.2354,6373.4019,3302.8677,966.0272,40161.3432,A3,N,N
03/11/2021,12:00,11611.0879,1516.0568,3716.7378,804.0403,11631.3828,6376.4238,3311.5486,1066.1781,40033.4561,A6,N,N
03/11/2021,12:00,11773.5996,1531.42,3834.9299,795.302,11664,6477.7402,3339.1101,906.148,40322.2498,E,N,N
03/11/2021,12:00,11674.7998,1511.71,3748.8799,778.341,11586.5996,6337.3101,3306.1299,956.995,39900.7653,E1,N,N
03/11/2021,12:00,11663.5996,1508.8101,3748.47,778.462,11566,6337.5,3302,956.596,39861.4377,E2,N,N
03/11/2021,12:00,11644.9004,1520.95,3734.1599,766.478,11657.7998,6334.6299,3290.6599,1018.37,39967.9479,E3,N,N
03/11/2021,12:00,11676.543,1516.7312,3766.5354,782.2973,11652.249,6371.4766,3305.436,960.4641,40031.7326,M,Y,N
03/11/2021,13:00,11722.2295,1570.1259,3676.5535,821.5474,11481.1777,6503.585,3434.6948,969.1472,40179.061,A3,N,N
03/11/2021,13:00,11819.709,1553.593,3653.2864,819.2692,11716.6904,6488.5146,3441.2646,1064.5182,40556.8454,A6,N,N
03/11/2021,13:00,12025.7002,1568.03,3751.1201,803.051,11848.4004,6655.2002,3501.52,928.368,41081.3899,E,N,N
03/11/2021,13:00,11869.7998,1540.42,3658.71,812.421,11674.2998,6651.2002,3444.48,972.15,40623.4808,E1,N,N
03/11/2021,13:00,11858,1545.13,3660,813.136,11651.9004,6661.8198,3459.9199,971.69,40621.5961,E2,N,N
03/11/2021,13:00,11885.9004,1556.41,3686.01,844.348,11643.2998,6707.8999,3477.05,972.611,40773.5291,E3,N,N
03/11/2021,13:00,11886.0371,1556.323,3691.6423,819.7885,11686.9844,6653.0483,3473.5608,960.7775,40728.1619,M,Y,N
03/11/2021,14:00,11970.5039,1555.6031,3747.8955,806.8745,11676.459,6558.0635,3524.1355,977.836,40817.371,A3,N,N
03/11/2021,14:00,11974.0713,1522.6931,3745.3872,802.578,11682.1357,6545.9824,3531.8694,1017.6796,40822.3967,A6,N,N
03/11/2021,14:00,12308.5,1577.16,3724.03,817.787,12033.2002,6738.02,3586.1899,966.624,41751.5111,E,N,N
03/11/2021,14:00,12172.2002,1537.85,3726.76,819.125,11709.2998,6520.73,3553.8799,986.851,41026.6959,E1,Y,N
03/11/2021,14:00,12162.5996,1535.46,3726.47,812.835,11703.0996,6515.6699,3553.7,986.747,40996.5811,E2,N,N
03/11/2021,14:00,12196,1519.05,3745.3999,804.171,11690.2998,6414.7402,3540.6799,968.15,40878.4908,E3,N,N
03/11/2021,14:00,12181.832,1542.7517,3733.0005,811.0291,11783.0713,6550.0635,3553.2495,976.1584,41131.156,M,N,N
03/11/2021,15:00,12083.791,1551.4153,3763.2676,842.8714,11696.6943,6663.1245,3610.5417,979.525,41191.2308,A3,N,N
03/11/2021,15:00,12117.1201,1542.7218,3776.842,840.2987,11671.4346,6705.6846,3631.5676,981.2239,41266.8933,A6,N,N
03/11/2021,15:00,12319.2998,1567.13,3734.53,844.264,11894.2998,6720.3501,3647.28,987.109,41714.2627,E,N,N
03/11/2021,15:00,12290.7998,1538.51,3774.23,842.369,11637.9004,6567.6699,3613.54,961.024,41226.0431,E1,Y,N
03/11/2021,15:00,12290.0996,1539.04,3771.55,841.136,11642.7998,6571.79,3615.5801,961.397,41233.3925,E2,N,N
03/11/2021,15:00,12263.7998,1545.03,3761.1699,852.027,11669,6616.46,3603.6001,972.569,41283.6558,E3,N,N
03/11/2021,15:00,12265.124,1549.0408,3758.9998,845.0118,11718.3496,6630.999,3619.625,972.8374,41359.9874,M,N,N
03/11/2021,16:00,11981.9043,1557.1689,3792.0281,851.1244,11659.6357,6672.1929,3651.0786,979.5833,41144.7162,A3,N,N
03/11/2021,16:00,12064.2939,1543.3969,3811.248,848.6136,11641.7471,6748.3003,3683.8848,1007.8489,41349.3335,A6,N,N
03/11/2021,16:00,12317,1567.23,3742.24,844.143,11970.4004,6760.3501,3684.2,1024.54,41910.1035,E,N,N
03/11/2021,16:00,12372.7998,1556.24,3793.27,836.293,11739.2998,6677.77,3663.6799,993.763,41633.1155,E1,Y,N
03/11/2021,16:00,12384.4004,1560.83,3787,834.557,11731.2002,6661.25,3673.27,990.734,41623.2416,E2,N,N
03/11/2021,16:00,12300.5,1572.33,3760.52,852.714,11803.7002,6698.5,3643.3401,1045.13,41676.7343,E3,N,N
03/11/2021,16:00,12294.8135,1564.2737,3770.6021,843.7806,11801.1924,6698.7705,3664.5474,1011.7693,41649.7495,M,N,N
03/11/2021,17:00,11832.1514,1562.6605,3817.3425,824.575,11761.0508,6753.8213,3638.261,1027.1514,41217.0139,A3,N,N
03/11/2021,17:00,11916.7266,1568.9121,3821.7957,805.8007,11719.71,6756.9551,3673.2898,1138.0215,41401.2115,A6,N,N
03/11/2021,17:00,12235,1586.3101,3737.02,889.412,12123.0996,6792.7598,3679.24,1118.25,42161.0915,E,N,N
03/11/2021,17:00,12289.7998,1585.78,3849.1399,836.831,11982.5,6779.0898,3644.6799,1066.33,42034.1504,E1,Y,N
03/11/2021,17:00,12356.7002,1577.54,3750.05,841.329,11832.5,6619.98,3655.75,1055.03,41688.8792,E2,N,N
03/11/2021,17:00,12199.5,1573.38,3684.9199,838.19,11694,6709.8501,3625.4399,1201.71,41526.9899,E3,N,N
03/11/2021,17:00,12213.0439,1577.8625,3751.3079,849.9084,11880.3438,6722.2612,3650.4751,1105.4326,41750.6354,M,N,N
03/11/2021,18:00,11714.5576,1572.2065,3817.842,802.3433,12060.751,6913.8047,3570.9719,1067.2327,41519.7097,A3,N,N
03/11/2021,18:00,11796.7666,1568.0896,3793.7354,791.215,12020.7217,6923.4971,3601.2344,1229.6365,41724.8963,A6,N,N
03/11/2021,18:00,12140.5,1588.76,3732.0601,926.511,12358.7002,6819.5698,3571.5601,1211.01,42348.6712,E,N,N
03/11/2021,18:00,12020.9004,1594.71,3893.6699,833.761,11853,6791.3999,3539.1599,1222.24,41748.8411,E1,Y,N
03/11/2021,18:00,12203.0996,1562.52,3673.6499,830.806,11917.9004,6652.8501,3553.3701,1105.55,41499.7461,E2,N,N
03/11/2021,18:00,11897.9004,1588.48,3751.3999,834.307,11791.0996,6633.3398,3527.8401,1164.52,41188.8868,E3,N,N
03/11/2021,18:00,12027.3066,1580.8046,3753.2163,852.4191,12006.1445,6739.5908,3551.959,1156.4541,41667.895,M,N,N
03/11/2021,19:00,11830.4141,1644.1906,3852.7134,830.3249,12376.5869,7092.9688,3524.7998,1062.4659,42214.4644,A3,N,N
03/11/2021,19:00,11876.5439,1614.8284,3814.2097,825.9587,12358.4287,7036.5762,3547.9551,1222.3794,42296.8801,A6,N,N
03/11/2021,19:00,12161.4004,1659.46,3750.1599,968.299,12702.9004,6987.6299,3518.79,1277.23,43025.8696,E,N,N
03/11/2021,19:00,11881.2998,1658.66,3959.99,792.656,11959.2002,6941.1899,3490.98,1289.01,41972.9859,E1,Y,N
03/11/2021,19:00,12155.7998,1660.86,3659.04,846.385,12325.9004,6784.3701,3489.8301,1198.55,42120.7354,E2,N,N
03/11/2021,19:00,11772.0996,1604.67,3741.5801,920.475,12574.5,6715.4902,3399.9299,1172.15,41900.8948,E3,N,N
03/11/2021,19:00,11986.2891,1644.1038,3764.283,886.6624,12442.7988,6876.1421,3479.1099,1205.917,42285.3061,M,N,N
03/11/2021,20:00,11868.0557,1669.9019,3881.9089,854.5692,12390.6016,7178.749,3551.4456,1080.6271,42475.859,A3,N,N
03/11/2021,20:00,11925.5176,1620.5321,3819.9187,853.0748,12396.5977,7167.4741,3575.9856,1258.0714,42617.172,A6,N,N
03/11/2021,20:00,11993.7002,1622.91,3751.0701,936.882,12350.2002,6883.9502,3546.75,1318.63,42404.0927,E,N,N
03/11/2021,20:00,11754.5996,1641.55,4032.3999,877.081,12395.7998,7070.8501,3557.28,1306.02,42635.5804,E1,Y,N
03/11/2021,20:00,12095.2002,1642.77,3674.7,893.202,12441.2002,6857.3101,3527.1001,1273.39,42404.8726,E2,N,N
03/11/2021,20:00,11769.7002,1579.22,3785.24,843.635,12413.5996,6895.9302,3440.8799,1227.6,41955.8049,E3,N,N
03/11/2021,20:00,11917.4814,1625.1565,3792.0413,884.886,12399.5508,6940.4971,3517.2732,1253.236,42330.1223,M,N,N
03/11/2021,21:00,11501.6934,1635.0667,3883.0354,818.7351,12031.2344,6870.9697,3473.7388,1068.7002,41283.1737,A3,N,N
03/11/2021,21:00,11601.915,1572.4094,3846.7515,825.1099,12019.2188,6903.5522,3516.5505,1209.6974,41495.2047,A6,N,N
03/11/2021,21:00,11724.5996,1592.09,3693.3501,926.071,12106.7998,6577.6602,3444.0801,1349.02,41413.6708,E,N,N
03/11/2021,21:00,11553,1614.47,3860.98,843.469,12251,6811.9702,3419.51,1399.6899,41754.0891,E1,Y,N
03/11/2021,21:00,11786.0996,1588.65,3692.24,898.896,12260,6544.4502,3452.71,1213.0699,41436.1157,E2,N,N
03/11/2021,21:00,11450.4004,1581.03,3742.02,811.678,12212,6727.8999,3420.3899,1203.71,41149.1282,E3,N,N
03/11/2021,21:00,11622.1113,1596.6345,3749.9043,866.9367,12179.9795,6672.8701,3440.9509,1249.9988,41379.3861,M,N,N
03/11/2021,22:00,10991.8672,1533.2371,3878.9065,756.6301,11438.5605,6437.7744,3332.2307,1046.2255,39415.432,A3,N,N
03/11/2021,22:00,11157.8174,1476.0643,3887.2815,761.1455,11415.5869,6513.668,3383.0361,1139.5717,39734.1714,A6,N,N
03/11/2021,22:00,11311.2002,1527.53,3681.5,885.735,11630.9004,6244.48,3334.0701,1327.9301,39943.3458,E,N,N
03/11/2021,22:00,11197.2998,1555.22,3897.55,817.49,11807.4004,6494.3599,3297.26,1314,40380.5801,E1,Y,N
03/11/2021,22:00,11278.7998,1498.38,3665.4199,856.695,11669.2002,6242.7798,3328.29,1223.33,39762.8947,E2,N,N
03/11/2021,22:00,11028.2002,1477.62,3645.97,768.31,11658.4004,6381.5801,3309.1101,1247.89,39517.0808,E3,N,N
03/11/2021,22:00,11178.1953,1511.9396,3720.2795,824.45,11645.3691,6333.7266,3321.554,1244.8157,39780.3298,M,N,N
03/11/2021,23:00,10380.7236,1412.7484,3838.2551,703.8942,10725.2246,5937.731,3111.0974,1000.5693,37110.2436,A3,N,N
03/11/2021,23:00,10541.5068,1387.007,3855.9412,713.0621,10658.5605,6037.8579,3168.4417,1080.5094,37442.8866,A6,N,N
03/11/2021,23:00,10723.2998,1430.84,3612.55,812.3,10915.5996,5795.2998,3117.3401,1280.02,37687.2493,E,N,N
03/11/2021,23:00,10959.2002,1491.4399,3866.3799,784.477,11390.5996,6246.4702,3168.78,1289.9399,39197.2867,E1,Y,N
03/11/2021,23:00,10714.7998,1418.39,3642.0901,802.631,10691.5996,5758.4502,3116.29,1114.74,37258.9907,E2,N,N
03/11/2021,23:00,10517.4004,1360.76,3701.8101,802.91,10832.2002,6029.3198,3065.8899,1110.12,37420.4104,E3,N,N
03/11/2021,23:00,10656.3652,1415.521,3702.1919,790.5067,10874.3281,5918.793,3109.8645,1162.5337,37630.1041,M,N,N
03/11/2021,24:00,9800.8613,1325.3649,3775.728,657.1048,9958.4697,5465.9331,2871.9812,967.3923,34822.8353,A3,N,N
03/11/2021,24:00,9844.0039,1295.2736,3783.5891,658.01,9858.8564,5571.4858,2928.3601,1043.3162,34982.8951,A6,N,N
03/11/2021,24:00,10106,1316.08,3515.72,741.996,10094.9004,5358.1699,2862.97,1212.86,35208.6963,E,N,N
03/11/2021,24:00,10721.5,1424.7,3835.01,751.656,10964.7998,5992.27,3038.71,1262.7,37991.3458,E1,Y,N
03/11/2021,24:00,10033.0996,1288.51,3647.9299,756.819,9734.9502,5236.0098,2845.21,1131.51,34674.0385,E2,N,N
03/11/2021,24:00,9951.8398,1313.95,3599.8799,697.033,10000.9004,5584.2998,2853.3701,1139.76,35141.033,E3,N,N
03/11/2021,24:00,10088.0293,1323.3931,3642.2246,725.0571,10073.0957,5476.8955,2879.2239,1149.7941,35357.7133,M,N,N
03/12/2021,1:00,8976.4717,1273.0559,3713.0532,640.712,9585.2295,4785.4473,2526.8796,1036.6288,32537.478,A3,N,N
03/12/2021,1:00,8627.1826,1239.8365,3618.9832,658.3762,9372.1113,4833.7813,2688.3303,1081.0114,32119.6128,A6,N,N
03/12/2021,1:00,9639.9199,1228.99,3477.8999,688.897,9430.4297,5042.5098,2658.3799,1154.01,33321.0362,E,Y,N
03/12/2021,1:00,10146.7998,1294.5601,3831.6399,689.662,9814.3301,5372.77,2773.49,1186.4399,35109.6918,E1,N,N
03/12/2021,1:00,9532.2803,1187.3,3715.95,725.909,9119.6396,4890.7598,2649.5701,1116.1801,32937.5889,E2,N,N
03/12/2021,1:00,9414.5098,1222.6,3543.1599,673.661,9269.4404,5149.6699,2614.28,1141.28,33028.601,E3,N,N
03/12/2021,1:00,9537.0859,1230.6744,3627.3391,688.4135,9379.8232,5040.5117,2643.1038,1130.7512,33277.7028,M,N,N
03/12/2021,2:00,8734.9053,1223.4988,3701.1018,630.3435,9225.0928,4582.7402,2409.5923,1023.1484,31530.4231,A3,N,N
03/12/2021,2:00,8359.4199,1202.9789,3608.0396,642.196,9000.0781,4632.9243,2551.6338,1056.3459,31053.6165,A6,N,N
03/12/2021,2:00,9285.4502,1158.02,3470.1899,652.816,8874.0098,4751.4399,2503.01,1102.61,31797.5458,E,Y,N
03/12/2021,2:00,9712.4902,1216.33,3870.49,672.399,8717.6699,4825.1699,2577.3201,1094.2,32686.0691,E1,N,N
03/12/2021,2:00,9206.4404,1110.3101,3825.8101,729.029,8791.7598,4681.1201,2527.03,1054.96,31926.4595,E2,N,N
03/12/2021,2:00,9075.9102,1150.38,3558.4099,687.529,8958.9004,4871.1499,2464.8701,1134.92,31902.0695,E3,N,N
03/12/2021,2:00,9197.875,1159.6561,3660.0515,680.1863,8899.0127,4751.916,2497.0916,1087.791,31933.5802,M,N,N
03/12/2021,3:00,8613.5605,1188.9492,3716.7769,622.1721,9071.4229,4482.7852,2344.4038,1033.1383,31073.2089,A3,N,N
03/12/2021,3:00,8207.7754,1163.4695,3604.1406,631.5779,8792.2734,4510.0186,2470.5215,1052.1211,30431.898,A6,N,N
03/12/2021,3:00,9075.9199,1111.46,3494.1299,633.43,8551.4902,4569.3901,2390.4199,1073.62,30899.86,E,Y,N
03/12/2021,3:00,9195.2197,1112.6899,3856.5601,632.412,8404.9404,4653.48,2349.5601,1135.3101,31340.1723,E1,N,N
03/12/2021,3:00,8957.5,1091.3199,3674.1499,708.174,8544.0303,4465.48,2394.8101,1093.98,30929.4442,E2,N,N
03/12/2021,3:00,8936.9004,1121.8199,3498.27,642.691,8816.29,4787.5,2377.8899,1189.41,31370.7712,E3,N,N
03/12/2021,3:00,8968.6777,1118.8549,3613.3047,652.8967,8662.498,4597.6255,2377.5254,1110.3086,31101.6915,M,N,N
03/12/2021,4:00,8611.9482,1191.6962,3720.9141,619.4281,8967.6504,4448.7397,2305.1101,1030.4905,30895.9773,A3,N,N
03/12/2021,4:00,8208.5146,1181.4912,3603.5371,627.8514,8667.3906,4470.6611,2422.0847,1041.1393,30222.67,A6,N,N
03/12/2021,4:00,8988.25,1089.05,3500.05,640.897,8341.6904,4451.52,2344.22,1055.7,30411.3774,E,Y,N
03/12/2021,4:00,9153.9902,1087.13,3661.6299,609.155,8614.5703,4496.6099,2340.3301,1092.49,31055.9054,E1,N,N
03/12/2021,4:00,8926.8701,1068.15,3651.26,709.998,8344.1904,4370.4902,2358.75,1080.02,30509.7287,E2,N,N
03/12/2021,4:00,8909.8896,1132.85,3561.6599,646.071,8677.4004,4745.3198,2372.1499,1185.42,31230.7606,E3,N,N
03/12/2021,4:00,8926.9951,1107.3658,3601.0605,652.8144,8538.5977,4510.001,2349.46,1095.6576,30781.9521,M,N,N
03/12/2021,5:00,8768.8564,1206.2466,3750.8877,632.0782,9158.7354,4521.6406,2313.7961,1042.8667,31395.1077,A3,N,N
03/12/2021,5:00,8396.6055,1202.9231,3614.9517,639.2375,8723.7295,4535.4053,2419.1277,1044.8124,30576.7927,A6,N,N
03/12/2021,5:00,9116.7695,1101.75,3506.0901,667.203,8445.4805,4496.73,2343.5,1077.6899,30755.213,E,Y,N
03/12/2021,5:00,9201.7305,1177.33,3896.1499,670.75,8625.71,4515.3398,2284.47,1102.59,31474.0702,E1,N,N
03/12/2021,5:00,9096.5498,1075.28,3647.51,735.08,8549.96,4453.9102,2352.0901,1114.62,31025.0001,E2,N,N
03/12/2021,5:00,9045.7998,1139.88,3552.9199,644.683,8866.3496,4764.3799,2338.78,1096.41,31449.2022,E3,N,N
03/12/2021,5:00,9061.1035,1127.1746,3632.5098,674.5951,8688.5039,4558.3779,2333.3757,1090.3621,31166.0026,M,N,N
03/12/2021,6:00,9243.8691,1276.8079,3787.7317,671.3421,9807.1709,4794.2529,2429.427,1101.4076,33112.0092,A3,N,N
03/12/2021,6:00,8881.6963,1282.5873,3626.9307,667.8434,9308.8916,4797.6372,2519.2534,1088.3843,32173.2242,A6,N,N
03/12/2021,6:00,9591.3398,1177.51,3522.96,709,9027.3604,4817.1401,2476.4199,1128.01,32449.7402,E,Y,N
03/12/2021,6:00,9822.2695,1233.99,3923.55,699.648,9147.7998,4938.8301,2392.3999,1119.01,33277.4973,E1,N,N
03/12/2021,6:00,9600.2803,1164.72,3679.0701,770.006,9397.9004,4831.23,2521.1299,1174.95,33139.2867,E2,N,N
03/12/2021,6:00,9465.0703,1201.97,3611.5901,688.029,9535.3398,4946.8999,2443.5701,1113.03,33005.4992,E3,N,N
03/12/2021,6:00,9547.4404,1199.8997,3667.3152,713.1325,9359.5215,4865.4531,2463.0083,1131.5497,32947.3204,M,N,N
03/12/2021,7:00,9925.9814,1394.4657,3820.197,729.7725,10664.0586,5276.624,2635.9626,1204.347,35651.4088,A3,N,N
03/12/2021,7:00,9563.8916,1411.7053,3662.6978,732.7547,10268.8604,5236.4336,2695.2346,1192.0687,34763.6467,A6,N,N
03/12/2021,7:00,10401.9004,1342.0699,3598.8799,789.671,10203.2002,5468.8101,2768.5701,1196.84,35769.9416,E,Y,N
03/12/2021,7:00,10492.2002,1407.14,3756.1899,740.612,10244.7002,5669.4302,2658.6799,1184.98,36153.9324,E1,N,N
03/12/2021,7:00,10359.9004,1324.39,3698.5,816.783,10652.9004,5527.21,2822.0701,1255.22,36456.9739,E2,N,N
03/12/2021,7:00,10090.9004,1326.64,3626.26,759.137,10083,5495.8599,2630.6399,1221.15,35233.5872,E3,N,N
03/12/2021,7:00,10265.4473,1348.4757,3677.9583,775.1958,10348.3701,5491.2266,2717.1501,1216.9684,35840.7923,M,N,N
03/12/2021,8:00,10142.2686,1422.2368,3839.6235,760.1883,11150.9746,5511.9277,2761.5881,1241.8732,36830.6808,A3,N,N
03/12/2021,8:00,9887.2266,1449.5913,3775.2378,792.6329,10792.6855,5517.9722,2814.9937,1220.5034,36250.8434,A6,N,N
03/12/2021,8:00,10663.2002,1372.54,3636.26,817.203,10687.0996,5741.5098,2858.9299,1215.67,36992.4125,E,Y,N
03/12/2021,8:00,10861,1442.3101,3961.4399,766.619,10759.7998,5981.46,2799.51,1306.79,37878.9288,E1,N,N
03/12/2021,8:00,10619.9004,1356.84,3725.0701,883.175,10854.2002,5808.9502,2875.6899,1215.34,37339.1658,E2,N,N
03/12/2021,8:00,10356.4004,1383.65,3679.52,790.443,10729.7998,5789.5,2804.52,1298.59,36832.4232,E3,N,N
03/12/2021,8:00,10535.2832,1386.3258,3735.3457,813.5562,10806.6221,5771.6631,2829.9224,1250.9829,37129.7014,M,N,N
03/12/2021,9:00,10507.9121,1434.2804,3783.5784,791.3682,11455.208,5659.958,2794.1348,1188.8293,37615.2692,A3,N,N
03/12/2021,9:00,10123.1465,1465.1005,3746.9792,885.9464,11131.8887,5644.5664,2913.2656,1146.6725,37057.5658,A6,N,N
03/12/2021,9:00,11013.5,1400.58,3610.3701,832.443,10706.5,5817.7998,2891.74,1199.03,37471.9629,E,Y,N
03/12/2021,9:00,10898.2998,1398.9399,3889.3201,751.918,11139.2002,6179.9399,2808.1101,1205.55,38271.278,E1,N,N
03/12/2021,9:00,10846.0996,1364.64,3741.5,889.519,10958.4004,5738.3901,2952.1899,1271.91,37762.649,E2,N,N
03/12/2021,9:00,10700.5,1386,3642.5701,822.75,11246.5996,5964.8301,2883.05,1284.78,37931.0798,E3,N,N
03/12/2021,9:00,10815.8008,1391.9575,3707.7224,829.0887,11052.1758,5860.2422,2882.0256,1238.2275,37777.2405,M,N,N
03/12/2021,10:00,10831.21,1448.9622,3762.0278,837.9681,11813.2227,5751.9453,2917.3567,1143.3553,38506.0481,A3,N,N
03/12/2021,10:00,10232.7578,1493.8894,3778.7856,919.1129,11496.998,5754.8521,3137.3186,1092.8711,37906.5855,A6,N,N
03/12/2021,10:00,11232.4004,1433.96,3594.8201,851.586,11004.5996,5969.6099,3016.45,1211.37,38314.796,E,Y,N
03/12/2021,10:00,11237.2002,1468.25,3944.8501,829.136,11350.5,6129.21,2986.53,1265.38,39211.0563,E1,N,N
03/12/2021,10:00,11131.2998,1378.49,3703.0901,846.443,11093.5,5827.5,3009.8201,1179.25,38169.393,E2,N,N
03/12/2021,10:00,11067.0996,1442.0601,3669.8701,859.706,11370.4004,6105.4702,3026.8101,1208.66,38750.0765,E3,N,N
03/12/2021,10:00,11116.252,1428.2789,3705.3047,847.8218,11262.5898,5960.7896,3001.2559,1200.9119,38523.2046,M,N,N
03/12/2021,11:00,11105.4854,1459.9994,3699.3562,847.7117,12014.5205,5854.1284,3034.5657,1150.9553,39166.7226,A3,N,N
03/12/2021,11:00,10753.5527,1526.0823,3722.1941,934.3823,11772.1045,5846.2427,3257.3567,1125.7798,38937.6951,A6,N,N
03/12/2021,11:00,11500.4004,1447.21,3608.53,872.579,10987.9004,6090.25,3174.3601,1213.27,38894.4999,E,Y,N
03/12/2021,11:00,11723,1513.72,3893.1001,801.015,11659.9004,6311.4102,3167,1264.78,40333.9257,E1,N,N
03/12/2021,11:00,11433.9004,1400.83,3691.6001,859.9,11384,6039.1201,3118.48,1207.73,39135.5606,E2,N,N
03/12/2021,11:00,11445.9004,1476.36,3661.6599,851.651,11691,6234.9702,3210.76,1229.42,39801.7215,E3,N,N
03/12/2021,11:00,11448.6113,1452.8149,3689.5044,852.1233,11475.0273,6111.7778,3151.0957,1214.5719,39395.5266,M,N,N
03/12/2021,12:00,11356.6416,1473.0664,3644.5962,864.5081,12148.0566,6024.4043,3190.5674,1146.4288,39848.2694,A3,N,N
03/12/2021,12:00,10989.4414,1537.9792,3644.5217,954.2269,11962.7734,6017.5981,3415.0032,1146.3416,39667.8855,A6,N,N
03/12/2021,12:00,11761.9004,1492.6801,3622.6299,881.463,11178.2998,6386.5801,3336,1235.4399,39894.9932,E,Y,N
03/12/2021,12:00,11875.2998,1551.55,3912.98,820.94,11741.7998,6536.4502,3293.3701,1306.6,41038.9899,E1,N,N
03/12/2021,12:00,11685.7002,1436.6,3673.8,893.641,11309.4004,5944.6802,3274.9099,1157.12,39375.8517,E2,N,N
03/12/2021,12:00,11707.2998,1503.5699,3686.8301,870.248,11804.0996,6436.6001,3347.22,1215.16,40571.0275,E3,N,N
03/12/2021,12:00,11692.7178,1486.2896,3690.512,872.019,11559.1816,6262.0718,3300.0247,1208.5586,40071.3751,M,N,N
03/12/2021,13:00,11444.8838,1490.5555,3585.1743,871.283,12163.8887,6224.6113,3349.4006,1127.1039,40256.9011,A3,N,N
03/12/2021,13:00,11144.584,1563.3666,3587.4868,951.4426,12073.5039,6125.3286,3567.0393,1160.051,40172.8028,A6,N,N
03/12/2021,13:00,11985.2998,1534.9,3640.3601,884.566,11455.5,6609.1401,3492.3101,1258.14,40860.2161,E,Y,N
03/12/2021,13:00,11976.9004,1577.71,3930.9299,773.849,11811.5,6649.5601,3424.03,1313.8,41458.2794,E1,N,N
03/12/2021,13:00,11940.7002,1469.4,3624.25,940.109,11484.0996,6156.4102,3430.3899,1139.3101,40184.669,E2,N,N
03/12/2021,13:00,11798.0996,1521.38,3635.6001,858.736,11857.7998,6618.25,3448.26,1251.52,40989.6455,E3,N,N
03/12/2021,13:00,11858.748,1514.9531,3664.5654,876.4943,11696.2744,6455.2217,3439.4187,1217.3555,40723.0311,M,N,N
03/12/2021,14:00,11542.6211,1501.3781,3582.7783,864.7372,12174.0264,6309.8555,3491.0559,1131.2019,40597.6544,A3,N,N
03/12/2021,14:00,11453.5488,1579.0872,3598.533,937.0357,12175.6426,6380.8184,3659.6006,1180.6017,40964.868,A6,N,N
03/12/2021,14:00,12227,1569.58,3702.3401,895.832,11697.5,6743.9102,3596.96,1273.52,41706.6423,E,Y,N
03/12/2021,14:00,12218.7002,1583.22,3992.3,799.394,11984.4004,6787.5898,3520.3201,1345,42230.9245,E1,N,N
03/12/2021,14:00,12113.4004,1511.42,3657.8301,902.551,11631.2998,6239.0601,3576.23,1127.6801,40759.4715,E2,N,N
03/12/2021,14:00,12045.2002,1578.03,3695.29,849.553,12082.2002,6675.6299,3553.55,1281.1899,41760.6432,E3,N,N
03/12/2021,14:00,12066.5654,1550.3323,3710.7498,870.0004,11872.5537,6551.8311,3558.1069,1230.1228,41410.2624,M,N,N
03/12/2021,15:00,11549.8027,1514.9567,3606.7805,866.3947,12070.8008,6367.9556,3563.0059,1134.2371,40673.934,A3,N,N
03/12/2021,15:00,11458.6445,1588.7615,3646.5408,933.5707,12165.3994,6491.3457,3728.5701,1164.4666,41177.2993,A6,N,N
03/12/2021,15:00,12330.5,1586.9,3768.5901,911.968,11814.2002,6887.8501,3667.4199,1300.5699,42267.9982,E,Y,N
03/12/2021,15:00,12293.5,1619.33,4035.02,802.877,12178.2998,6733.2998,3598.72,1294.6899,42555.7365,E1,N,N
03/12/2021,15:00,12333.5,1526.8101,3671.47,887.222,11559.2002,6257.0801,3664.3701,1159.61,41059.2625,E2,N,N
03/12/2021,15:00,12110.5,1558.7,3715.1001,863.437,12369.2002,6779.3198,3583.8401,1300.53,42280.6272,E3,N,N
03/12/2021,15:00,12174.0381,1559.8884,3744.0151,874.3157,11966.7881,6618.7197,3624.123,1243.7935,41805.6816,M,N,N
03/12/2021,16:00,11467.6992,1549.8496,3617.6948,871.1527,12017.3154,6486.0771,3592.6497,1125.7058,40728.1443,A3,N,N
03/12/2021,16:00,11413.1543,1582.3928,3687.5623,929.1498,12140.5068,6571.2451,3774.928,1186.0475,41284.9866,A6,N,N
03/12/2021,16:00,12284.7998,1586.26,3779.3701,919.142,11937.5,6965.8599,3679.3101,1334.33,42486.5719,E,Y,N
03/12/2021,16:00,12238.5996,1642.16,4069.02,831.148,12028.5996,7159.48,3637.73,1386.79,42993.5272,E1,N,N
03/12/2021,16:00,12281.0996,1496.71,3676.6101,883.568,11537.0996,6312.79,3607.4399,1195.0601,40990.3773,E2,N,N
03/12/2021,16:00,12034.7998,1558.42,3753.75,860.945,12116.0996,6794.1401,3648.5,1344.77,42111.4245,E3,N,N
03/12/2021,16:00,12113.4619,1559.3486,3763.272,878.7014,11903.4141,6723.8926,3637.6099,1282.6021,41862.3026,M,N,N
03/12/2021,17:00,11362.9766,1577.4802,3650.8406,849.6782,12117.7402,6628.7583,3540.7256,1165.6224,40893.8221,A3,N,N
03/12/2021,17:00,11319.0723,1602.8175,3698.9087,882.179,12171.4844,6623.521,3703.0347,1278.8191,41279.8367,A6,N,N
03/12/2021,17:00,12104.4004,1575.76,3804.23,935.466,12092.2998,6999.7002,3640.6299,1360.45,42512.9363,E,Y,N
03/12/2021,17:00,12148.2002,1627.24,4004.0601,823.446,12392.2002,6944.3999,3640.8101,1312.5699,42892.9264,E1,N,N
03/12/2021,17:00,12220.5996,1555.22,3667.24,867.563,11610.7002,6340.8799,3543.55,1224.49,41030.2427,E2,N,N
03/12/2021,17:00,11966.0996,1572.46,3659.28,809.198,11730.2998,6764.04,3643.6699,1486.62,41631.6673,E3,N,N
03/12/2021,17:00,12011.6719,1576.45,3739.5503,862.1973,11922.0674,6722.7998,3604.6543,1327.6641,41767.0551,M,N,N
03/12/2021,18:00,11225.7197,1601.045,3652.6418,823.1245,12340.6299,6861.6152,3436.408,1197.219,41138.4031,A3,N,N
03/12/2021,18:00,11097.7148,1596.8484,3660.269,859.0845,12375.8877,6692.0571,3585.4524,1356.3126,41223.6265,A6,N,N
03/12/2021,18:00,11883.2002,1553.89,3755.99,940.164,12246.5996,6953.6201,3497.3701,1375.26,42206.094,E,Y,N
03/12/2021,18:00,11782.7002,1594.51,4075.8301,819.636,11632.5996,7155.9399,3469.6001,1484.35,42015.1659,E1,N,N
03/12/2021,18:00,11992.7998,1516.37,3615.1899,840.073,11739.7998,6627.8301,3466.74,1215.58,41014.3826,E2,N,N
03/12/2021,18:00,11652.5,1558.47,3789.52,812.159,11626.5996,6707.48,3503.74,1305.67,40956.1386,E3,N,N
03/12/2021,18:00,11758.1777,1556.627,3756.2339,853.444,11899.9043,6824.4268,3480.2136,1309.3236,41438.3509,M,N,N
03/12/2021,19:00,11210.2891,1668.0814,3683.7378,846.2135,12707.7822,7077.4072,3340.8018,1186.5316,41720.8446,A3,N,N
03/12/2021,19:00,11072.9268,1622.057,3663.7886,878.9805,12672.0596,6918.7446,3464.3606,1341.3997,41634.3174,A6,N,N
03/12/2021,19:00,11918.5,1608.86,3772.05,936.077,12542,7089.0601,3433.73,1383.34,42683.6171,E,Y,N
03/12/2021,19:00,11746.5,1635.3101,3975.1299,774.395,11914.5,7127.1299,3440.52,1450.46,42063.9449,E1,N,N
03/12/2021,19:00,11934.7998,1602.73,3656.6399,845.724,12133.2998,6826.6899,3407.3201,1278.17,41685.3735,E2,N,N
03/12/2021,19:00,11472.7998,1558.28,3676.01,876.877,12376.5996,6642.0801,3388.04,1247.24,41237.9265,E3,N,N
03/12/2021,19:00,11701.124,1605.3914,3733.5334,867.2456,12340.7598,6915.0244,3404.9377,1306.8115,41874.8278,M,N,N
03/12/2021,20:00,11149.6572,1676.0421,3695.4963,859.5409,12575.3799,7011.8511,3358.1206,1209.3632,41535.4513,A3,N,N
03/12/2021,20:00,11091.3516,1630.1613,3659.8105,895.2859,12626.8994,6899.2471,3470.676,1378.8394,41652.2712,A6,N,N
03/12/2021,20:00,11742.5996,1562.96,3788.1499,887.336,12034.2998,6897.7202,3443.78,1394.92,41751.7655,E,Y,N
03/12/2021,20:00,11571.2998,1640.63,4047.46,852.05,12227.5,7020.2598,3487.46,1413.04,42259.6996,E1,N,N
03/12/2021,20:00,11800.2002,1580.58,3703.6399,915.145,12220.2002,6787.7002,3469.47,1351.91,41828.8455,E2,N,N
03/12/2021,20:00,11405.2998,1563.8101,3811.8999,835.697,12157.5,6833.4399,3364.8101,1338.17,41310.6268,E3,N,N
03/12/2021,20:00,11577.1445,1591.4215,3793.792,873.4933,12203.3604,6883.729,3425.2124,1349.0504,41697.2035,M,N,N
03/12/2021,21:00,10850.4922,1616.3207,3682.7419,831.339,12219.793,6641.0898,3278.9561,1193.8314,40314.5641,A3,N,N
03/12/2021,21:00,10799.585,1569.0082,3689.02,869.9911,12221.6104,6647.8379,3371.936,1309.7389,40478.7275,A6,N,N
03/12/2021,21:00,11473.4004,1522.1,3709.8601,872.816,11771.0996,6540.3999,3319.8,1395.1,40604.576,E,Y,N
03/12/2021,21:00,11510.9004,1589.33,3647.6101,826.742,12086.2002,6790.6499,3364.75,1495.71,41311.8926,E1,N,N
03/12/2021,21:00,11452.5996,1513.73,3711.21,909.845,12055.5,6434.21,3361.9199,1276.76,40715.7745,E2,N,N
03/12/2021,21:00,11138.7998,1516.25,3797.8501,805.482,11928,6643.1401,3346.1499,1281.8199,40457.4918,E3,N,N
03/12/2021,21:00,11311.374,1538.7263,3721.0239,854.2958,11976.8984,6583.4053,3337.4307,1324.6127,40647.7671,M,N,N
03/12/2021,22:00,10494.7256,1542.7722,3668.5142,785.532,11698.3877,6275.9756,3188.3743,1159.9397,38814.2213,A3,N,N
03/12/2021,22:00,10464.665,1497.9886,3721.0801,817.4969,11652.1611,6309.6851,3255.4795,1221.863,38940.4193,A6,N,N
03/12/2021,22:00,11081.0996,1472.89,3695.79,842.186,11326.9004,6209.1299,3189.01,1376.91,39193.9159,E,Y,N
03/12/2021,22:00,11137.7002,1545.1899,3936.3401,805.28,11662.5,6450.5601,3234.6899,1373.5601,40145.8203,E1,N,N
03/12/2021,22:00,11020.2998,1429.04,3691.1799,860.652,11491.2998,6123.3701,3231.04,1316.5,39163.3816,E2,N,N
03/12/2021,22:00,10725.7998,1429.25,3725.6399,769.777,11443.7998,6346.52,3194,1318.11,38952.8965,E3,N,N
03/12/2021,22:00,10910.8535,1468.7903,3728.759,817.0052,11485.6113,6260.5718,3206.3955,1319.5675,39197.5541,M,N,N
03/12/2021,23:00,9962.9619,1443.931,3643.5557,745.4116,11044.3691,5832.1143,3035.2993,1106.7716,36814.4145,A3,N,N
03/12/2021,23:00,9990.126,1417.5563,3700.8254,777.113,10993.1211,5887.5688,3099.1477,1164.9332,37030.3915,A6,N,N
03/12/2021,23:00,10530.7002,1383.58,3675.29,801.577,10698.0996,5752.4902,3019.1001,1340.1801,37201.0172,E,Y,N
03/12/2021,23:00,10896,1483.05,3889.1699,782.251,11267.2998,6191.6401,3126.6101,1323.92,38959.9409,E1,N,N
03/12/2021,23:00,10390.4004,1326.17,3586,822.484,10614,5638.2998,3055.78,1222.3,36655.4342,E2,N,N
03/12/2021,23:00,10342.2998,1342.0601,3734.6899,804.619,10850.2002,6015.0098,3018.2,1219.9301,37327.0089,E3,N,N
03/12/2021,23:00,10423.2207,1378.8251,3690.5854,798.1278,10829.5332,5854.4194,3043.5088,1249.439,37267.6594,M,N,N
03/12/2021,24:00,9528.9893,1377.9152,3615.4934,699.9386,10445.4502,5414.2666,2868.6113,1063.5161,35014.1807,A3,N,N
03/12/2021,24:00,9449.0615,1335.5895,3654.0591,718.7952,10305.3516,5535.9082,2926.2249,1123.2791,35048.2691,A6,N,N
03/12/2021,24:00,9976.2803,1281.23,3621.8301,749.333,9956.0703,5312.73,2825.76,1281.09,35004.3237,E,Y,N
03/12/2021,24:00,10654.2998,1420.91,3841.99,759.222,10872,5932.7202,3018.52,1274.28,37773.942,E1,N,N
03/12/2021,24:00,9849.9004,1241.4,3625.3799,786.106,9850.0195,5189.3799,2838.1599,1245.1899,34625.5355,E2,N,N
03/12/2021,24:00,9832.1396,1303.83,3674.98,714.033,10205.9004,5609.6099,2862.71,1232.9,35436.1029,E3,N,N
03/12/2021,24:00,9937.4912,1306.4681,3662.7329,744.7631,10167.6787,5446.3032,2867.5488,1232.0195,35365.0055,M,N,N
03/13/2021,1:00,9069.5908,1323.1771,3605.7478,652.9043,9870.3926,4960.4985,2654.6228,1056.3324,33193.2663,A3,N,N
03/13/2021,1:00,8791.9658,1274.3541,3610.0059,677.1644,9614.4512,5030.8364,2754.7197,1107.067,32860.5645,A6,N,N
03/13/2021,1:00,9520.0898,1195.33,3615.4199,714.227,9289.2402,4900.73,2661.54,1224.13,33120.7069,E,N,N
03/13/2021,1:00,10107.0996,1286.5699,3797.8799,712.829,9725.1602,5311.21,2768.3501,1178.76,34887.8587,E1,N,N
03/13/2021,1:00,9395.1104,1170.0699,3647.3999,749.26,9226.3701,4833.98,2667.0701,1247.96,32937.2204,E2,N,N
03/13/2021,1:00,9194.9297,1219.3101,3625.8301,699.031,9573.1104,5054.75,2644.3501,1255.23,33266.5414,E3,N,N
03/13/2021,1:00,9424.6182,1222.3959,3647.616,711.3462,9471.624,4981.3286,2671.1118,1211.2166,33341.2573,M,Y,N
03/13/2021,2:00,8782.3633,1274.0098,3626.3284,627.6849,9384.0127,4725.772,2527.7837,1021.6965,31969.6513,A3,N,N
03/13/2021,2:00,8509.666,1232.3207,3621.7998,653.285,9156.8057,4746.0439,2610.5698,1060.3613,31590.8522,A6,N,N
03/13/2021,2:00,9158.2402,1122.4301,3564.6799,681.452,8687.6602,4542.3701,2512.4399,1175.62,31444.8924,E,N,N
03/13/2021,2:00,9800.75,1195.3101,3783.8301,718.547,8596.6201,4845.9702,2579.75,1066.52,32587.2975,E1,N,N
03/13/2021,2:00,9052.6602,1111.35,3665.1899,709.83,8662.5996,4593.71,2546.8401,1233.01,31575.1898,E2,N,N
03/13/2021,2:00,8863.2695,1142.67,3599.22,691.635,9111.6201,4766.46,2482.55,1207.87,31865.2946,E3,N,N
03/13/2021,2:00,9091.4316,1152.7775,3633.5422,689.0082,8863.0488,4672.1025,2523.8992,1165.1521,31790.9621,M,Y,N
03/13/2021,3:00,8671.2822,1227.2831,3638.6912,619.413,9167.292,4642.0483,2464.4641,1029.4602,31459.9341,A3,N,N
03/13/2021,3:00,8359.8271,1188.0591,3617.7524,638.2305,8914.0811,4639.2319,2530.6084,1051.6986,30939.4891,A6,N,N
03/13/2021,3:00,8933.3799,1070.71,3571.6399,669.633,8301.6201,4295.7998,2401.46,1145.58,30389.8227,E,N,N
03/13/2021,3:00,9110.4404,1111.67,3756.98,650.67,8313.9697,4457.75,2349.04,1039.0601,30789.5802,E1,N,N
03/13/2021,3:00,8797.3096,1062.01,3670.0801,711.042,8141.75,4370.7998,2420.26,1185.8,30359.0515,E2,N,N
03/13/2021,3:00,8677.2695,1120.52,3589.48,659.255,8522.9004,4592.1802,2400.8501,1210.16,30772.6152,E3,N,N
03/13/2021,3:00,8824.7051,1105.6792,3632.2588,668.7429,8426.7246,4452.1699,2407.3306,1143.9501,30661.5612,M,Y,N
03/13/2021,4:00,8574.2598,1229.9214,3610.8416,619.1456,8967.1885,4570.3203,2418.8201,1042.3149,31032.8122,A3,N,N
03/13/2021,4:00,8303.917,1193.5514,3548.1252,625.6559,8696.1055,4569.0161,2476.7195,1057.1359,30470.2265,A6,N,N
03/13/2021,4:00,8790.5098,1039.91,3584.0801,668.861,8054.5698,4120.5898,2326.74,1131.87,29717.1305,E,N,N
03/13/2021,4:00,9075.9902,1091.35,3675.04,618.943,8350.2998,4334.0801,2329.26,1006.28,30481.2431,E1,N,N
03/13/2021,4:00,8718.04,1047.6801,3648.8601,709.151,8068.8799,4314.3501,2347.25,1155.13,30009.3412,E2,N,N
03/13/2021,4:00,8515.4902,1086.9399,3605.05,637.969,8315.6797,4533.3799,2341.8,1169.52,30205.8287,E3,N,N
03/13/2021,4:00,8712.291,1083.7914,3620.2327,658.7563,8274.4688,4355.1299,2347.4575,1120.2043,30172.3319,M,Y,N
03/13/2021,5:00,8585.2129,1173.5151,3607.7476,621.3402,8905.8828,4587.998,2416.9314,1055.304,30953.932,A3,N,N
03/13/2021,5:00,8381.3105,1195.8398,3546.3318,618.3452,8755.3066,4568.3623,2469.7078,1062.5629,30597.7669,A6,N,N
03/13/2021,5:00,8766.6504,1024.6801,3535.05,679.653,8006.6602,4050.05,2301.4399,1137.25,29501.4336,E,N,N
03/13/2021,5:00,8888.75,1128.63,3779.5901,669.179,8182.0098,4314.27,2248.6799,1006.7,30217.8088,E1,N,N
03/13/2021,5:00,8769.1201,1053.26,3619.8201,721.033,8117.79,4278.2998,2348.51,1173.51,30081.343,E2,N,N
03/13/2021,5:00,8563.4805,1081.47,3594.04,655.993,8311.4004,4395.9902,2310.4199,1208.61,30121.404,E3,N,N
03/13/2021,5:00,8709.0586,1077.6206,3610.6448,675.4846,8244.9492,4293.8682,2323.2939,1137.593,30072.5129,M,Y,N
03/13/2021,6:00,8786.7422,1231.3541,3611.7661,646.4525,9232.4492,4718.8779,2480.2717,1085.5685,31793.4822,A3,N,N
03/13/2021,6:00,8622.9609,1238.6085,3547.1587,634.453,9079.0537,4693.2041,2524.1333,1079.3223,31418.8945,A6,N,N
03/13/2021,6:00,8940.6201,1052.5699,3507.1699,707.307,8198.3701,4137.96,2344.6899,1149.5,30038.1869,E,N,N
03/13/2021,6:00,8971.4199,1136.49,3792.3201,675.33,8316.6699,4262.6602,2239,1028.53,30422.4201,E1,N,N
03/13/2021,6:00,8909.1904,1105.45,3623.52,738.128,8497.2402,4395.9902,2415.26,1179.9301,30864.7089,E2,N,N
03/13/2021,6:00,8563.0996,1106.39,3539.23,676.905,8708.1602,4608.8701,2325.52,1244.85,30773.0249,E3,N,N
03/13/2021,6:00,8822.998,1112.083,3592.9907,695.8078,8544.582,4408.3975,2361.2764,1157.8324,30695.9678,M,Y,N
03/13/2021,7:00,9110.9658,1282.595,3632.5798,684.2669,9641.7383,4978.3315,2574.5642,1146.2462,33051.2877,A3,N,N
03/13/2021,7:00,8979.79,1297.4292,3558.0688,674.8359,9554.3809,4903.2344,2619.4893,1139.2731,32726.5016,A6,N,N
03/13/2021,7:00,9247.9199,1112.23,3531.4399,744.242,8570.9805,4373.0098,2432.6799,1177.99,31190.492,E,N,N
03/13/2021,7:00,9239.8701,1195.49,3643.77,664.796,8491.2402,4567.46,2325.2,1090.8101,31218.6364,E1,N,N
03/13/2021,7:00,9205.8896,1119.05,3640.23,753.12,9069.4902,4728.5601,2534.99,1249.25,32300.5799,E2,N,N
03/13/2021,7:00,8835.0098,1177.78,3555.6399,693.083,9225.5195,4721.5,2412.96,1337.2,31958.6922,E3,N,N
03/13/2021,7:00,9116.0586,1162.0256,3591.3713,716.2441,8983.1191,4648.9917,2457.6279,1220.7419,31896.1802,M,Y,N
03/13/2021,8:00,9322.2744,1302.9858,3632.9138,719.8913,10072.3145,5167.3359,2634.2388,1181.6783,34033.6328,A3,N,N
03/13/2021,8:00,9191.6104,1335.5446,3578.3582,731.2485,9867.3164,5079.9624,2679.0662,1163.5615,33626.6682,A6,N,N
03/13/2021,8:00,9422.0898,1135.78,3578.6001,773.033,8941.4004,4527.5601,2479.46,1212.17,32070.0934,E,N,N
03/13/2021,8:00,9481.5195,1241.3101,3798.5801,685.792,9114.6699,4812.3101,2380.54,1130.92,32645.6417,E1,N,N
03/13/2021,8:00,9415.6201,1162.24,3709.8,804.095,9582.0498,4818.8799,2592.5,1260.16,33345.3448,E2,N,N
03/13/2021,8:00,8972.3496,1178.4399,3552.1799,723.726,9532.5098,4976.4502,2467.96,1381.02,32784.6354,E3,N,N
03/13/2021,8:00,9302.9883,1187.152,3639.0818,750.924,9412.3633,4828.1782,2511.8274,1252.4124,32884.9274,M,Y,N
03/13/2021,9:00,9674.6172,1346.083,3580.4487,781.8096,10417.2695,5338.9531,2773.0159,1156.0885,35068.2855,A3,N,N
03/13/2021,9:00,9492.4063,1388.8018,3539.3589,843.029,10493.1592,5354.2583,2816.2083,1134.0544,35061.2762,A6,N,N
03/13/2021,9:00,9977.3604,1232.49,3619.27,828.01,9572.2402,4867.4502,2639.3799,1239.15,33975.3507,E,N,N
03/13/2021,9:00,9714.46,1256.74,3761.95,701.111,9688.9004,5496.29,2511.8899,1017.3,34148.6413,E1,N,N
03/13/2021,9:00,9876.2402,1212.09,3663.9199,844.872,9891.4004,5162.1499,2794.8701,1236.53,34682.0725,E2,N,N
03/13/2021,9:00,9347.7197,1244.34,3544.79,802.179,9746.3799,5215.96,2617.4299,1400.67,33919.4685,E3,N,N
03/13/2021,9:00,9723.9648,1247.5828,3624.7947,804.1303,9815.7764,5165.7959,2673.5332,1240.7611,34296.3392,M,Y,N
03/13/2021,10:00,9919.1113,1393.8384,3588.502,820.8876,10969.2754,5447.5542,2911.9041,1104.3248,36155.3978,A3,N,N
03/13/2021,10:00,9727.1074,1433.061,3596.8071,886.123,10999.4688,5487.2202,2986.6318,1068.6614,36185.0807,A6,N,N
03/13/2021,10:00,10401.5996,1312.15,3672.8899,899.337,9962.8701,5147.5801,2926.4099,1280.84,35603.6766,E,N,N
03/13/2021,10:00,10183.9004,1319.53,3809.75,788.625,10256.2002,5521,2793.6599,1133.53,35806.1955,E1,N,N
03/13/2021,10:00,10238.5,1278.5,3651.8401,833.693,10241.4004,5290.3501,2845.46,1284.98,35664.7236,E2,N,N
03/13/2021,10:00,9835.8203,1267.05,3459.3501,815.698,10391.5,5413.73,2825.96,1390.59,35399.6984,E3,N,N
03/13/2021,10:00,10131.8564,1303.5961,3620.8013,838.371,10302.127,5333.9844,2862.6531,1268.8344,35662.2237,M,Y,N
03/13/2021,11:00,10261.8984,1389.5814,3540.4912,830.3236,11175.0313,5565.3018,2967.7366,1103.5585,36833.9228,A3,N,N
03/13/2021,11:00,10262.2646,1467.0204,3550.4856,893.4266,11266.6016,5551.8232,3072.7805,1088.0023,37152.4048,A6,N,N
03/13/2021,11:00,10844.7998,1349.78,3670.76,915.203,10288.5996,5399.6899,3071.5701,1253.9,36794.3024,E,N,N
03/13/2021,11:00,10739.9004,1379.88,3845.45,799.989,10639.5,5738.3198,3000.8101,1208.5699,37352.4192,E1,N,N
03/13/2021,11:00,10473.5996,1288.41,3620.6101,859.718,10537.7002,5404.3398,2944.1001,1244.92,36373.3978,E2,N,N
03/13/2021,11:00,10258,1300.9301,3487.3401,805.324,10716.0996,5583.3901,2930.8601,1332.99,36414.934,E3,N,N
03/13/2021,11:00,10519.3242,1330.9628,3617.9202,848.8503,10612.416,5509.8076,2982.7009,1246.9685,36668.9505,M,Y,N
03/13/2021,12:00,10558.7949,1386.1127,3516.3325,833.9212,11357.9111,5713.6309,3053.7344,1105.1899,37525.6276,A3,N,N
03/13/2021,12:00,10491.0313,1476.7133,3539.5327,900.6326,11354.5576,5651.3486,3203.4871,1091.8704,37709.1736,A6,N,N
03/13/2021,12:00,11106,1361.72,3664.4399,914.28,10423.5,5590.8198,3262.5701,1270.6899,37594.0197,E,N,N
03/13/2021,12:00,10949.5996,1403.72,3798.8799,791.053,10734.5996,5882.3301,3160.8799,1235.25,37956.3121,E1,N,N
03/13/2021,12:00,10740.4004,1327.29,3685.49,883.538,10567.0996,5475.6099,3076.76,1246.34,37002.5279,E2,N,N
03/13/2021,12:00,10503.2998,1315.9,3530.46,802.615,10829.7002,5783.3301,3098.8301,1428.41,37292.5452,E3,N,N
03/13/2021,12:00,10775.9746,1349.9565,3634.499,853.23,10716.6387,5661.9351,3136.3669,1278.915,37407.5158,M,Y,N
03/13/2021,13:00,10785.2031,1389.9929,3502.3884,831.083,11546.3193,5792.0942,3123.8516,1092.6533,38063.5858,A3,N,N
03/13/2021,13:00,10724.5205,1496.1003,3476.4907,896.8791,11364.1914,5687.9492,3300.6926,1110.5944,38057.4182,A6,N,N
03/13/2021,13:00,11378.7998,1391.73,3655.0801,916.961,10475.5,5780.8301,3368.71,1295.04,38262.651,E,N,N
03/13/2021,13:00,11174.2998,1422.39,3810.8799,802.36,10739,5998.3198,3309.1899,1228.55,38484.9894,E1,N,N
03/13/2021,13:00,11089.5,1341.65,3630.1299,883.628,10601.0996,5405.4302,3141.48,1232.16,37325.0777,E2,N,N
03/13/2021,13:00,10728.5,1352.88,3513.1799,808.134,10875.2998,5897.4302,3182.4399,1469.55,37827.4138,E3,N,N
03/13/2021,13:00,11044.1387,1373.1129,3613.7559,856.3611,10773.6396,5744.7241,3227.2876,1289.3379,37922.3578,M,Y,N
03/13/2021,14:00,10825.2754,1379.8083,3505.9712,825.6124,11476.0303,5825.5112,3182.5515,1099.6382,38120.3985,A3,N,N
03/13/2021,14:00,10845.7471,1488.5077,3461.9487,879.8976,11257.2285,5711.5273,3370.2617,1137.0533,38152.1719,A6,N,N
03/13/2021,14:00,11579.7998,1422.91,3669.8899,929.917,10570.2998,6007.5698,3471.2,1305.3,38956.8863,E,N,N
03/13/2021,14:00,11325.7002,1451.12,3845.9299,785.825,10807.2998,6040.2998,3377.2,1229.01,38862.3847,E1,N,N
03/13/2021,14:00,11214.7002,1379.86,3697.4399,843.529,10658,5410.04,3300.6001,1192.77,37696.9392,E2,N,N
03/13/2021,14:00,10761.7998,1342.28,3529.2,830.351,10981.7998,5808.6699,3250.6499,1405.33,37910.0804,E3,N,N
03/13/2021,14:00,11157.9473,1390.1287,3643.1201,852.3789,10837.9414,5789.7964,3325.5815,1266.931,38263.8253,M,Y,N
03/13/2021,15:00,10873.8438,1361.1221,3509.6267,814.4486,11336.9434,5906.8794,3214.4214,1116.722,38134.0074,A3,N,N
03/13/2021,15:00,10960.1064,1468.6465,3519.4731,859.8889,11151.835,5798.5444,3406.4465,1135.2817,38300.2225,A6,N,N
03/13/2021,15:00,11760.7998,1449.67,3658.1799,944.044,10658.9004,6155.71,3513.26,1325.37,39465.9341,E,N,N
03/13/2021,15:00,11344.2002,1464.48,3901.99,790.204,10841.5996,6249.3101,3462,1265.47,39319.2539,E1,N,N
03/13/2021,15:00,11135.0996,1399.79,3645.8,847.248,10831,5536.5601,3367.29,1198.0699,37960.8576,E2,N,N
03/13/2021,15:00,10891.2002,1380.48,3518.47,852.775,10924.5,6065.3599,3370.3501,1419.6801,38422.8153,E3,N,N
03/13/2021,15:00,11224.0303,1410.6852,3632.0645,861.5984,10875.918,5958.9312,3397.2778,1283.554,38644.0594,M,Y,N
03/13/2021,16:00,10786.6367,1382.7516,3497.0708,825.2459,11286.1758,5954.7207,3248.9241,1122.7236,38104.2492,A3,N,N
03/13/2021,16:00,10921.0254,1471.428,3534.7324,864.9691,11213.9775,5838.4854,3448.8623,1139.217,38432.6971,A6,N,N
03/13/2021,16:00,11780,1455.8199,3610.79,949.261,10805.5996,6235.27,3521.1799,1377.9,39735.8204,E,N,N
03/13/2021,16:00,11286.2998,1490.88,3831.76,773.057,10632.4004,6236.6201,3485.03,1325.87,39061.9173,E1,N,N
03/13/2021,16:00,11124.2002,1397.08,3600.75,835.809,10352.9004,5567.23,3248.0901,1259.09,37385.1497,E2,N,N
03/13/2021,16:00,10969.0996,1397.15,3563.9099,821.679,10940.7002,6109.4502,3415.6899,1437.4,38655.0788,E3,N,N
03/13/2021,16:00,11227.4414,1421.7164,3609.9663,851.4751,10764.6221,6001.9053,3387.9844,1324.6716,38589.7826,M,Y,N
03/13/2021,17:00,10653.6445,1417.9723,3500.1765,806.7168,11302.7666,6057.4907,3231.6833,1165.9602,38136.4109,A3,N,N
03/13/2021,17:00,10844.5264,1490.5492,3542.1987,819.7872,11260.4443,5922.7593,3389.6909,1220.5782,38490.5342,A6,N,N
03/13/2021,17:00,11682.5,1453.73,3541.0901,957.809,10881.2002,6262.5801,3498.8701,1419.92,39697.6995,E,N,N
03/13/2021,17:00,11231.0996,1490.47,3835.1899,794.806,10912.5996,6312.73,3475.77,1288.26,39340.9251,E1,N,N
03/13/2021,17:00,11160.9004,1403.0601,3614.5701,826.076,10557,5559.5,3192.05,1273.59,37586.7466,E2,N,N
03/13/2021,17:00,10944.0996,1391.21,3478.1001,825.696,11201.4004,6101.21,3417.8501,1383.92,38743.4862,E3,N,N
03/13/2021,17:00,11182.4688,1425.5553,3575.3608,852.5856,10936.8203,6027.1006,3365.624,1326.135,38691.6504,M,Y,N
03/13/2021,18:00,10577.6094,1442.9683,3509.9954,786.4307,11502.6533,6210.0054,3163.0085,1204.666,38397.337,A3,N,N
03/13/2021,18:00,10752.3799,1495.8241,3529.1799,800.1616,11487.4736,6096.8892,3311.4531,1280.3241,38753.6855,A6,N,N
03/13/2021,18:00,11584.5996,1462.53,3551.3101,947.721,11211.2998,6362.5,3379.3799,1455.03,39954.3704,E,N,N
03/13/2021,18:00,10961.4004,1508.48,3818.25,785.374,10752.7998,6328.77,3340.5801,1292.98,38788.6343,E1,N,N
03/13/2021,18:00,10915.9004,1406.9,3519.6101,813.842,10695.4004,5948.0601,3158.71,1297.76,37756.183,E2,N,N
03/13/2021,18:00,10871.7998,1386.1899,3463.6599,820.802,11122.5,6129.7402,3264.1799,1422.73,38481.6017,E3,N,N
03/13/2021,18:00,11035.4521,1432.8361,3549.6758,842.0668,11039.2324,6177.4219,3263.5161,1356.0857,38696.2869,M,Y,N
03/13/2021,19:00,10772.3428,1506.9507,3552.5522,801.6172,11830.167,6388.4004,3133.3604,1190.7922,39176.1829,A3,N,N
03/13/2021,19:00,10887.2832,1532.7103,3556.6245,818.4908,11786.3066,6217.123,3281.9348,1246.9124,39327.3856,A6,N,N
03/13/2021,19:00,11696.0996,1496.34,3574.28,954.246,11377.5996,6503.96,3329.3701,1477.86,40409.7553,E,N,N
03/13/2021,19:00,11212,1524.6801,3893.8101,749.897,11171.5,6339.98,3274.28,1339.9399,39506.0871,E1,N,N
03/13/2021,19:00,11187.7998,1462.15,3557.6201,806.817,11061.5,5939.8999,3207.5801,1291.5601,38514.927,E2,N,N
03/13/2021,19:00,10888.2998,1444.25,3599.95,827.047,11355.0996,6192.6001,3246.77,1382.1801,38936.1966,E3,N,N
03/13/2021,19:00,11191.0928,1479.6389,3613.7578,840.9668,11323.7578,6250.1626,3246.8853,1354.2416,39300.5036,M,Y,N
03/13/2021,20:00,10858.6035,1540.0178,3612.5481,832.4751,12090.5107,6502.8857,3145.4302,1191.5725,39774.0436,A3,N,N
03/13/2021,20:00,10866.4102,1541.4668,3592.7827,850.3607,11914.709,6424.8843,3263.0659,1267.7614,39721.441,A6,N,N
03/13/2021,20:00,11603.5996,1477.73,3638.02,927.368,11131.4004,6346.02,3325.6101,1506.4399,39956.188,E,N,N
03/13/2021,20:00,11142.7998,1511.5,3934.26,817.212,11293.9004,6492.27,3372.3,1445.33,40009.5722,E1,N,N
03/13/2021,20:00,11343.0996,1468.79,3682.6201,879.193,11358.0996,6125.52,3240.4299,1331.88,39429.6322,E2,N,N
03/13/2021,20:00,10896.2002,1494.02,3644.3101,843.708,11676,6443.7002,3275.6399,1493.77,39767.3484,E3,N,N
03/13/2021,20:00,11210.9004,1491.5747,3684.5884,868.7781,11464.4258,6353.2041,3275.1362,1412.6353,39761.243,M,Y,N
03/13/2021,21:00,10545.9297,1505.4619,3612.447,806.846,11777.6123,6283.1582,3064.74,1177.0137,38773.2088,A3,N,N
03/13/2021,21:00,10575.5732,1497.8278,3622.5369,827.8168,11617.4668,6246.7949,3182.1523,1225.6011,38795.7698,A6,N,N
03/13/2021,21:00,11300,1435.04,3643.0901,893.705,10763.7998,6068.98,3194.8999,1434.96,38734.4748,E,N,N
03/13/2021,21:00,10948.5,1493.36,3823.8101,790.109,11041.7998,6153.6899,3232.52,1390.12,38873.9088,E1,N,N
03/13/2021,21:00,11031.7998,1419.39,3696.0701,869.805,11218.2002,5846.3398,3172.8701,1359.79,38614.265,E2,N,N
03/13/2021,21:00,10674.2998,1455.25,3621.4299,835.226,11443.7998,6155.46,3127.76,1434.74,38747.9655,E3,N,N
03/13/2021,21:00,10938.3291,1452.2727,3669.6797,849.3034,11208.877,6072.3008,3161.04,1378.2642,38730.0669,M,Y,N
03/13/2021,22:00,10161.5371,1433.6213,3560.9404,759.8033,11321.2773,5972.873,2978.2678,1180.5107,37368.8309,A3,N,N
03/13/2021,22:00,10270.3008,1413.765,3624.9219,773.1678,11146.4512,5944.2656,3080.2434,1181.5514,37434.6671,A6,N,N
03/13/2021,22:00,10983.9004,1389.11,3663.46,853.294,10485.2002,5763.5601,3092.29,1379.09,37609.9047,E,N,N
03/13/2021,22:00,10723.7002,1421.9301,3804.28,787.432,10734.4004,5955.54,3060.7,1332.5,37820.4827,E1,N,N
03/13/2021,22:00,10692.5,1355.05,3672.27,860.422,10918.5996,5642.0498,3053.4099,1332.74,37527.0413,E2,N,N
03/13/2021,22:00,10253.7998,1390,3632.4399,813.176,11027.4004,5877.8501,2991.29,1384.39,37370.3462,E3,N,N
03/13/2021,22:00,10593.2051,1390.4839,3662.6948,825.1274,10864.7598,5811.9165,3039.1184,1338.1813,37525.4872,M,Y,N
03/13/2021,23:00,9788.4492,1368.8873,3539.687,716.0767,10803.2891,5623.1567,2835.6831,1143.9718,35819.2009,A3,N,N
03/13/2021,23:00,9839.3662,1350.0499,3612.8396,731.1742,10609.1133,5616.2075,2937.3013,1131.9247,35827.9767,A6,N,N
03/13/2021,23:00,10619.7998,1307.87,3618.1399,788.464,10012.7998,5388.8799,2953.9299,1304.1801,35994.0634,E,N,N
03/13/2021,23:00,10553.5996,1390.52,3781.5801,778.461,10517,5787.1602,3022.3999,1292.38,37123.1008,E1,N,N
03/13/2021,23:00,10296.7998,1291.67,3652.1899,828.972,10005.2002,5334.5801,2901.71,1312.84,35623.962,E2,N,N
03/13/2021,23:00,10020.5,1335.2,3642.47,776.053,10245.7998,5582.8799,2861,1345.76,35809.6627,E3,N,N
03/13/2021,23:00,10277.0313,1328.6108,3643.3582,785.1895,10230.9863,5502.874,2911.4204,1295.239,35974.7095,M,Y,N
03/13/2021,24:00,9349.6836,1297.1538,3537.4629,675.6981,10102.5889,5240.2842,2698.4509,1099.4312,34000.7536,A3,N,N
03/13/2021,24:00,9363.6172,1282.2885,3589.9153,673.8266,9899.8418,5244.6099,2797.3325,1082.3777,33933.8095,A6,N,N
03/13/2021,24:00,10084.7998,1226.22,3572.29,719.154,9301.6104,5004.1899,2809.6599,1216.8,33934.724,E,N,N
03/13/2021,24:00,10383.5,1359.1,3758.8899,769.49,10299.5996,5618.79,2984.0901,1252.26,36425.7196,E1,N,N
03/13/2021,24:00,9819.9004,1206.37,3642.26,776.701,9494.5898,5011.0898,2747.8701,1275.5601,33974.3412,E2,N,N
03/13/2021,24:00,9594.4902,1259.79,3609.0801,721.272,9658.2998,5280.04,2717.3701,1243.74,34084.0822,E3,N,N
03/13/2021,24:00,9841.4453,1255.1267,3617.9517,734.9302,9663.8984,5181.2139,2779.0427,1227.9863,34301.5952,M,Y,N
03/14/2021,1:00,8860.7568,1257.4854,3510.7092,641.9487,9438.3301,4795.4297,2505.3452,1085.2059,32095.211,A3,N,N
03/14/2021,1:00,8759.9736,1228.6262,3533.8291,642.5545,9191.5059,4765.0713,2661.436,1075.0785,31858.0751,A6,N,N
03/14/2021,1:00,9674.2197,1164.41,3511.75,659.015,8685.29,4696.8799,2684.8401,1147.37,32223.7747,E,N,N
03/14/2021,1:00,9944.2998,1266.72,3753.1499,720.637,9560.7402,5185.0698,2828.99,1168.39,34427.9967,E1,N,N
03/14/2021,1:00,9413.9404,1127.8101,3654.6699,726.917,8876.3301,4711.04,2599.03,1229.05,32338.7875,E2,N,N
03/14/2021,1:00,9208.7998,1189.1,3689.74,674.993,9033.3604,4865.9702,2546.6001,1165.8199,32374.3834,E3,N,N
03/14/2021,1:00,9424.8721,1185.8557,3622.0225,685.5544,9023.6289,4816.0352,2624.4097,1167.2595,32549.638,M,Y,N
03/14/2021,2:00,8603.4707,1201.0458,3505.968,624.0737,9020.6064,4553.9614,2396.1282,1082.3907,30987.6449,A3,N,N
03/14/2021,2:00,8474.7129,1185.7981,3525.4697,618.5797,8746.5107,4544.9287,2531.3843,1055.4724,30682.8565,A6,N,N
03/14/2021,2:00,9336.5195,1112.95,3458.3101,619.677,8158.9399,4426.23,2566.3,1082.99,30761.9165,E,N,N
03/14/2021,2:00,9566.4102,1157.8101,3770.96,662.668,8737.3799,4768.8799,2621.49,1100.3,32385.8981,E1,N,N
03/14/2021,2:00,9040.6504,1049.8199,3676.23,684.696,8150.2002,4355.3599,2452.3601,1191.27,30600.5865,E2,N,N
03/14/2021,2:00,8897.21,1103.9399,3739.99,639.284,8539.9502,4480.1899,2391.8401,1074.64,30867.0441,E3,N,N
03/14/2021,2:00,9089.8301,1111.5344,3628.2485,646.757,8432.0205,4480.7998,2479.8274,1110.0614,30979.0791,M,Y,N
03/14/2021,4:00,8370.9453,1173.6523,3520.5393,621.5934,8675.5557,4371.6167,2293.2659,1081.4009,30108.5695,A3,N,N
03/14/2021,4:00,8156.7559,1154.7148,3521.0146,598.0685,8332.6807,4371.6646,2410.6543,1028.4319,29573.9853,A6,N,N
03/14/2021,4:00,8948,1061.96,3453.9099,583.55,7657.8901,4157.2402,2428.5601,1093.11,29384.2203,E,N,N
03/14/2021,4:00,9123.6201,1091.96,3751.05,664.163,7986.4902,4281.5898,2421.9399,1106.4,30427.213,E1,N,N
03/14/2021,4:00,8700.9805,1018.44,3666.1499,668.139,7682.2798,4109.48,2266.5,1204.97,29316.9392,E2,N,N
03/14/2021,4:00,8444.8496,1124.66,3788.26,597.308,7982.2202,4238.4199,2150.74,1119.8199,29446.2776,E3,N,N
03/14/2021,4:00,8710.2783,1084.4666,3636.0286,622.9688,7913.3535,4207.936,2300.8508,1127.9501,29603.8327,M,Y,N
03/14/2021,5:00,8379.5801,1110.759,3521.0171,627.3666,8560.1553,4386.668,2293.0034,1107.7725,29986.322,A3,N,N
03/14/2021,5:00,8208.9775,1152.7471,3491.1448,590.8952,8370.7373,4366.1221,2383.8123,1045.8479,29610.2842,A6,N,N
03/14/2021,5:00,8846.7695,1049.27,3473.1899,593.993,7602.46,4095.74,2375.23,1105.8199,29142.4723,E,N,N
03/14/2021,5:00,8974.1602,1074.03,3703,655.619,7578.2598,4250.9302,2359.1499,1063.23,29658.3791,E1,N,N
03/14/2021,5:00,8557.5498,1006.9,3655.1399,675.799,7608.98,4030.0701,2233.3601,1160.04,28927.8389,E2,N,N
03/14/2021,5:00,8314.8203,1081.6,3722.53,613.114,7940.6401,4166.6201,2148.4299,1135.59,29123.3444,E3,N,N
03/14/2021,5:00,8599.0029,1057.5411,3615.717,631.0997,7805.3218,4152.8076,2270.7742,1121.7378,29254.0021,M,Y,N
03/14/2021,6:00,8512.9307,1144.5905,3536.6113,643.0663,8774.1836,4464.6367,2329.9517,1159.9467,30565.9175,A3,N,N
03/14/2021,6:00,8372.1094,1186.2495,3460.7507,600.4173,8600.6738,4399.7007,2399.4504,1086.1217,30105.4735,A6,N,N
03/14/2021,6:00,8812.2197,1048.33,3573.6899,618.04,7672.3501,4104.25,2347.77,1105.8101,29282.4598,E,N,N
03/14/2021,6:00,8744.5703,1069.62,3761.0901,689.241,7726.6802,4112.1699,2385.26,1076.34,29564.9715,E1,N,N
03/14/2021,6:00,8572.6201,997.011,3690.55,694.378,7768.71,4064.78,2227.72,1165.39,29181.1591,E2,N,N
03/14/2021,6:00,8182.6899,1072.47,3726.8401,648.958,7958.46,4154.5801,2118.1799,1142.77,29004.948,E3,N,N
03/14/2021,6:00,8549.0703,1056.229,3659.9827,656.8824,7912.4883,4153.0034,2262.8188,1133.0283,29383.5032,M,Y,N
03/14/2021,7:00,8772.9209,1179.1925,3545.6069,679.2548,9085.4678,4713.189,2396.3149,1240.0627,31612.0095,A3,N,N
03/14/2021,7:00,8640.7529,1231.2721,3439.5891,635.8297,9032.3047,4587.4585,2451.8083,1170.6182,31189.6335,A6,N,N
03/14/2021,7:00,8909.0801,1078.73,3639.9399,648.551,7838.54,4189.21,2352.02,1147.9301,29804.0011,E,N,N
03/14/2021,7:00,9061.5,1114.13,3739.26,661.61,8181.3398,4352.4399,2358.3899,1090.74,30559.4096,E1,N,N
03/14/2021,7:00,8535.8203,1048.04,3687.3799,711.067,7880.2598,4169.7402,2228.3,1209.99,29470.5972,E2,N,N
03/14/2021,7:00,8263.9404,1103.6899,3687.73,654.679,7882.5898,4312.1099,2106.24,1253.86,29264.839,E3,N,N
03/14/2021,7:00,8656.5127,1094.2803,3664.3706,671.1824,8058.6982,4300.9688,2265.9783,1194.2954,29906.2867,M,Y,N
03/14/2021,8:00,8870.9336,1208.0078,3545.636,713.2172,9551.1621,4912.7891,2447.6702,1283.483,32532.899,A3,N,N
03/14/2021,8:00,8758.8262,1262.5844,3462.2683,690.211,9358.8916,4749.3555,2488.1497,1206.9823,31977.269,A6,N,N
03/14/2021,8:00,9073.6104,1155.6,3752.8501,685.185,8368.6504,4385.3901,2431.1299,1220.62,31073.0359,E,N,N
03/14/2021,8:00,9168.1504,1175.52,3758.3301,704.111,8677.8398,4451.6499,2471.8101,1132.54,31539.9513,E1,N,N
03/14/2021,8:00,8849.2402,1101.6899,3745.3701,743.298,8296.0098,4350.75,2345.77,1245.4301,30677.5581,E2,N,N
03/14/2021,8:00,8442.7402,1151.58,3715.0701,700.251,8346.5596,4453.1699,2185.25,1332.29,30326.9108,E3,N,N
03/14/2021,8:00,8846.2832,1150.1584,3716.3184,709.3495,8531.4307,4467.8823,2355.4727,1251.5879,31028.4831,M,Y,N
03/14/2021,9:00,9224.3105,1273.5798,3503.8105,783.7025,9983.1133,5151.5728,2582.377,1271.2235,33773.6899,A3,N,N
03/14/2021,9:00,9024.1602,1333.1478,3449.3728,805.5386,10085.6436,5035.042,2598.1848,1195.1206,33526.2104,A6,N,N
03/14/2021,9:00,9436.0098,1273.8199,3727.25,734.956,8972,4704.8999,2491.1499,1263.21,32603.2955,E,N,N
03/14/2021,9:00,9152.8896,1207.87,3854.21,735.467,9235.6396,4792.1299,2459.79,1204.95,32642.9461,E1,N,N
03/14/2021,9:00,9099.9199,1222.08,3755.54,778.26,8912.4902,4637.6099,2417.96,1306.35,32130.21,E2,N,N
03/14/2021,9:00,8615.5195,1250.85,3714.74,738.087,8940.5098,4743.8999,2246.53,1345.22,31595.3562,E3,N,N
03/14/2021,9:00,9085.0117,1246.8688,3719.1353,752.7219,9108.5938,4764.5654,2419.1809,1288.2168,32384.2946,M,Y,N
03/14/2021,10:00,9530.5605,1326.2135,3496.3403,839.9734,10683.7764,5370.2837,2721.0352,1250.9569,35219.1399,A3,N,N
03/14/2021,10:00,9294.3584,1388.7454,3504.1719,857.1867,10737.4053,5269.6631,2769.9312,1170.364,34991.826,A6,N,N
03/14/2021,10:00,9553.6104,1283.21,3783.8401,808.169,9403.0596,4876.02,2590.53,1207.3,33505.7391,E,N,N
03/14/2021,10:00,9559.1504,1272.86,3845.5701,786.851,9748.4297,5070.23,2621.23,1185.47,34089.7912,E1,N,N
03/14/2021,10:00,9496.5303,1243.66,3794.8799,814.654,9660.3203,4882.4399,2537.1299,1274.91,33704.5243,E2,N,N
03/14/2021,10:00,9162.46,1267.34,3709.51,778.927,9559.6904,4908.0498,2436.46,1315.53,33137.9672,E3,N,N
03/14/2021,10:00,9439.3643,1273.4366,3739.7964,803.7906,9709.793,4971.6914,2558.813,1253.9885,33750.6738,M,Y,N
03/14/2021,11:00,9793.7764,1328.7036,3476.0276,856.9479,10983.9297,5502.2446,2813.1689,1249.0488,36003.8475,A3,N,N
03/14/2021,11:00,9968.8691,1411.6476,3532.03,873.1916,11161.7324,5427.0225,2859.9944,1190.8643,36425.3519,A6,N,N
03/14/2021,11:00,10027,1325.02,3739.0701,849.755,9792.1299,5133.9502,2665.5701,1218.3101,34750.8054,E,N,N
03/14/2021,11:00,9873.5996,1306.22,3852.3101,807.454,10034.7002,5247.8198,2733.8999,1209.22,35065.2236,E1,N,N
03/14/2021,11:00,9864.1797,1278.53,3777.54,850.37,10002,5220.4702,2623.9099,1262.79,34879.7898,E2,N,N
03/14/2021,11:00,9521.25,1309.33,3709.1899,791.592,10049.0996,5225.3599,2557.26,1260.58,34423.6614,E3,N,N
03/14/2021,11:00,9811.5293,1307.5854,3722.4922,830.9796,10088.1367,5238.7031,2655.0686,1242.7036,34897.1985,M,Y,N
03/14/2021,12:00,10041.6689,1317.2363,3489.9294,844.6535,11119.7344,5594.5874,2893.7759,1237.7446,36539.3304,A3,N,N
03/14/2021,12:00,10174.1309,1408.9197,3524.3982,873.1922,11226.1094,5569.7021,2960.406,1182.0826,36918.9411,A6,N,N
03/14/2021,12:00,10284,1343.78,3715.96,849.367,10048.0996,5265.8198,2749.1101,1210.9399,35467.0764,E,N,N
03/14/2021,12:00,10230.2002,1318.5601,3819.9099,803.922,10036.7002,5356.0298,2876.21,1186.75,35628.2822,E1,N,N
03/14/2021,12:00,10077.4004,1301.88,3765.8701,847.222,10218.2002,5345.5801,2744.3401,1292.96,35593.4529,E2,N,N
03/14/2021,12:00,9775.4502,1321.1801,3724.04,785.755,10350.5996,5346.0801,2660.3101,1313.2,35276.6151,E3,N,N
03/14/2021,12:00,10068.1963,1321.1846,3715.1975,826.658,10298.7793,5358.1973,2759.6885,1257.3368,35605.2383,M,Y,N
03/14/2021,13:00,10116.6914,1339.9508,3459.7078,850.7258,11038.54,5605.8735,2971.0471,1211.0911,36593.6275,A3,N,N
03/14/2021,13:00,10262.9717,1419.0968,3471.6287,876.0014,11113.0469,5539.9385,3025.8955,1181.9163,36890.4958,A6,N,N
03/14/2021,13:00,10389.4004,1362.3,3679.77,873.037,10173.7002,5317.4302,2828.8701,1179.77,35804.2779,E,N,N
03/14/2021,13:00,10475.7998,1343.5601,3909.9099,795.413,10265.5996,5377.2798,2904.76,1162.22,36234.5422,E1,N,N
03/14/2021,13:00,10155.4004,1332.34,3666.96,860.402,10323.4004,5302.6699,2815.98,1256.74,35713.8927,E2,N,N
03/14/2021,13:00,9957.7695,1370.53,3700.48,821.063,10578.7998,5334.2598,2813.52,1274.65,35851.0721,E3,N,N
03/14/2021,13:00,10199.7041,1351.7314,3683.0049,844.3928,10431.9922,5361.4844,2849.0684,1224.4539,35945.8321,M,Y,N
03/14/2021,14:00,10125.876,1333.4734,3455.4265,834.2589,10844.5576,5563.3677,3028.4983,1193.1295,36378.5879,A3,N,N
03/14/2021,14:00,10363.2412,1402.2383,3468.8784,851.9957,10942.4297,5462.1147,3040.1563,1177.2159,36708.2702,A6,N,N
03/14/2021,14:00,10470,1360.5,3617.28,874.004,10091.7002,5344.0498,2894.1499,1169.64,35821.3239,E,N,N
03/14/2021,14:00,10595.9004,1345.03,3777.6899,785.398,10088.2002,5344.21,3024.8401,1235.45,36196.7186,E1,N,N
03/14/2021,14:00,10183.2998,1285.97,3728.1399,839.153,10111.7998,5270.1699,2863.8201,1235.47,35517.8225,E2,N,N
03/14/2021,14:00,10009.2002,1351.17,3691.8401,835.349,10687.5,5314.9902,2823.53,1253.4301,35967.0096,E3,N,N
03/14/2021,14:00,10255.8467,1334.2229,3663.4543,839.5836,10339.3447,5345.7495,2902.0422,1218.2074,35898.4513,M,Y,N
03/14/2021,15:00,10094.6367,1326.3053,3456.6682,821.3401,10669.0889,5563.4468,3074.4512,1184.7434,36190.6806,A3,N,N
03/14/2021,15:00,10367.8145,1387.0486,3494.4973,838.856,10713.0293,5437.2734,3043.636,1141.5023,36423.6574,A6,N,N
03/14/2021,15:00,10550.9004,1338.52,3578.23,863.746,9955.6797,5317.23,2961.3601,1164.78,35730.4462,E,N,N
03/14/2021,15:00,10665.7998,1324.4399,3837.4199,790.475,9814.1602,5218.3999,3067.97,1154.9399,35873.6046,E1,N,N
03/14/2021,15:00,10182.4004,1289.08,3672.4099,824.818,10026.7998,5238.8101,2886.6699,1237.3101,35358.2982,E2,N,N
03/14/2021,15:00,10056.7002,1303.58,3650.73,836.233,10295.7002,5418.02,2929.29,1267.67,35757.9234,E3,N,N
03/14/2021,15:00,10292.5547,1314.1382,3637.1035,832.6761,10129.9512,5341.2456,2962.1326,1209.9004,35719.7023,M,Y,N
03/14/2021,16:00,9932.749,1328.1011,3471.6377,822.4034,10615.1484,5551.0347,3123.9849,1171.0018,36016.061,A3,N,N
03/14/2021,16:00,10301.8779,1379.485,3519.6116,836.8203,10617.1572,5414.7505,3057.8542,1118.9683,36246.525,A6,N,N
03/14/2021,16:00,10431.7998,1323.8199,3564.3,861.958,9919.1504,5330.6699,3002.97,1163.58,35598.248,E,N,N
03/14/2021,16:00,10603.0996,1338.4,3847.72,798.139,9908.0801,5351.0801,3073.0701,1171.85,36091.4389,E1,N,N
03/14/2021,16:00,10221.7998,1301.33,3611.1599,834.818,9927.2402,5261.1001,2931.3301,1202.15,35290.9281,E2,N,N
03/14/2021,16:00,9902.0996,1334.34,3555.5601,840.972,10457.4004,5431.3999,2933.8201,1307,35762.5921,E3,N,N
03/14/2021,16:00,10205.9063,1323.1851,3597.6748,837.0048,10141.3516,5368.5571,2991.6621,1211.0389,35676.3807,M,Y,N
03/14/2021,17:00,9777.8691,1323.1301,3483.7434,786.7923,10607.6611,5652.105,3155.2544,1200.6724,35987.2278,A3,N,N
03/14/2021,17:00,10213.4307,1388.1254,3522.2495,779.7151,10539.4385,5459.8599,3018.8306,1186.1783,36107.828,A6,N,N
03/14/2021,17:00,10365.9004,1319.85,3554,857.979,9997.8398,5410.3198,3022.3999,1183.29,35711.5789,E,N,N
03/14/2021,17:00,10843.9004,1305.4301,3770.9199,747.791,10582.2002,5543.3301,3206.8101,1210.39,37210.7718,E1,N,N
03/14/2021,17:00,9939.0801,1298.89,3674.04,805.583,10181,5306.48,2986.9299,1181.45,35373.453,E2,N,N
03/14/2021,17:00,10089.2002,1329.47,3588.01,798.344,10765.5996,5513.46,2936.6101,1291.84,36312.5339,E3,N,N
03/14/2021,17:00,10176.2666,1315.6226,3610.8452,807.2994,10384.8418,5456.9941,3031.7432,1215.5278,35999.1407,M,Y,N
03/14/2021,18:00,9768.457,1316.4611,3505.458,759.4218,10793.043,5800.7788,3138.8767,1223.2737,36305.7701,A3,N,N
03/14/2021,18:00,10141.0049,1385.9897,3517.0798,757.4343,10711.6396,5565.0835,2969.3647,1234.6671,36282.2636,A6,N,N
03/14/2021,18:00,10348.5996,1346.91,3601.49,866.802,10232.2998,5643.3101,3024.55,1208.54,36272.5015,E,N,N
03/14/2021,18:00,10526,1337.5601,3787.26,786.835,11005.5996,5853.4502,3212.54,1224.59,37733.8349,E1,N,N
03/14/2021,18:00,10000.0996,1304.49,3611.3,827.706,10286.2998,5381.8799,3053.26,1213.88,35678.9153,E2,N,N
03/14/2021,18:00,10009.0996,1337.9,3628.6101,816.762,10774.7002,5798.6201,2990.4199,1269.84,36625.9519,E3,N,N
03/14/2021,18:00,10126.2568,1329.0776,3621.9397,821.0996,10548.1553,5662.7314,3060.9846,1229.048,36399.293,M,Y,N
03/14/2021,19:00,10069.7998,1374.8088,3560.1899,777.5614,11189.876,6079.9712,3123.9902,1193.2219,37369.4192,A3,N,N
03/14/2021,19:00,10346.0195,1426.3304,3549.4983,780.5849,11099.583,5813.3047,2949.8008,1194.6948,37159.8164,A6,N,N
03/14/2021,19:00,10395,1376.61,3607.74,849.488,10281.9004,5732.8101,2995.8601,1291.17,36530.5786,E,N,N
03/14/2021,19:00,10518.5,1358.21,3755.48,755.956,10125.9004,5753.75,3227.78,1265.0601,36760.6365,E1,N,N
03/14/2021,19:00,9909.96,1286.59,3640.75,800.067,10194.7002,5517.7798,2967.6399,1250.36,35567.8469,E2,N,N
03/14/2021,19:00,9833.8496,1313.14,3670.8501,775.875,11000,5678.8599,3014.4199,1271.64,36558.6345,E3,N,N
03/14/2021,19:00,10108.2402,1335.7124,3644.2939,798.0472,10533.6221,5711.5776,3038.4514,1260.5778,36430.5226,M,Y,N
03/14/2021,20:00,10363.0869,1426.1611,3614.8413,821.2797,11404,6313.5093,3158.3303,1220.504,38321.7126,A3,N,N
03/14/2021,20:00,10527.3486,1445.0829,3575.4592,819.1597,11359.9551,6081.8608,3023.2078,1256.3507,38088.4248,A6,N,N
03/14/2021,20:00,10457.4004,1388.15,3634.9199,831.413,10480.5,5830.8398,2991.8301,1342.3,36957.3532,E,N,N
03/14/2021,20:00,10449.9004,1397.79,3900.21,739.425,10511.7998,5931.1899,3153.01,1272.1899,37355.515,E1,N,N
03/14/2021,20:00,10103.4004,1343.22,3678.46,805.159,10367.2998,5641.1001,2943.8799,1298.09,36180.6092,E2,N,N
03/14/2021,20:00,9918.8203,1376.67,3747.26,764.463,10653.5,5806.27,2942.3,1408.5601,36617.8434,E3,N,N
03/14/2021,20:00,10221.5293,1380.0039,3704.5415,795.3468,10614.7998,5850.1396,3008.4199,1323.8242,36898.605,M,Y,N
03/14/2021,21:00,10164.7031,1412.4812,3643.7573,800.6175,11192.0801,6141.5801,3066.946,1208.0698,37630.2351,A3,N,N
03/14/2021,21:00,10301.2627,1411.6852,3629.9519,794.8267,11196.3145,5981.376,2967.2744,1229.0616,37511.753,A6,N,N
03/14/2021,21:00,10617.5996,1442.12,3743.8201,856.809,10876.2998,5901.3999,3042.23,1406.53,37886.8084,E,N,N
03/14/2021,21:00,10580.7002,1382.77,3878.9399,784.974,11033.2998,6085.1201,3148.48,1357.12,38251.404,E1,N,N
03/14/2021,21:00,10421.2002,1368.46,3682.96,842.363,10676.5,5792.1699,3024.3401,1353.4,37161.3932,E2,N,N
03/14/2021,21:00,10037.0996,1434.16,3817.98,793.366,11132.2002,6068.2998,2994.9399,1375.64,37653.6855,E3,N,N
03/14/2021,21:00,10362.1504,1410.5914,3751.5273,821.3334,10949.4229,5968.8047,3042.3057,1354.5413,37660.6771,M,Y,N
03/14/2021,22:00,9744.0234,1363.0743,3638.8774,760.8249,10734.9756,5844.606,2951.7048,1185.3557,36223.4421,A3,N,N
03/14/2021,22:00,9981.2471,1344.1799,3675.2666,741.626,10808.1533,5774.9395,2879.1125,1166.7015,36371.2264,A6,N,N
03/14/2021,22:00,10383.5996,1392.26,3761.5,835.648,10681.2998,5666.7998,2983.97,1411.33,37116.4072,E,N,N
03/14/2021,22:00,10372.5996,1343.95,3807.3701,794.653,10317.5,5708.25,3055.6399,1275.6801,36675.6427,E1,N,N
03/14/2021,22:00,10158.0996,1329.05,3712.26,803.169,10567.2002,5616.8198,2929.1699,1342.95,36458.7185,E2,N,N
03/14/2021,22:00,9848.7598,1375.77,3664.8601,767.746,10820.4004,5834.8799,2823.54,1377.63,36513.5862,E3,N,N
03/14/2021,22:00,10112.1924,1362.6479,3715.436,796.0754,10648.7852,5723.7314,2935.0881,1340.6069,36634.5633,M,Y,N
03/14/2021,23:00,9217.1162,1293.9283,3604.0713,723.8215,10130.1592,5481.9961,2755.7285,1140.3529,34347.174,A3,N,N
03/14/2021,23:00,9462.668,1272.8456,3653.97,699.5487,10255.6328,5481.3013,2718.832,1119.7039,34664.5023,A6,N,N
03/14/2021,23:00,10004.2002,1318.11,3660.27,776.714,10003.0996,5319.9399,2845.04,1324.65,35252.0237,E,N,N
03/14/2021,23:00,10164.4004,1320.72,3769.1899,783.841,10095.7998,5498.1099,2970.02,1250.5,35852.581,E1,N,N
03/14/2021,23:00,9770.7402,1278.8,3730.9199,754.269,9838.7598,5345.48,2864.55,1291.91,34875.4289,E2,N,N
03/14/2021,23:00,9422.7695,1290.61,3764.1299,745.056,9911.9502,5566.3799,2809.8601,1365.89,34876.6456,E3,N,N
03/14/2021,23:00,9722.1172,1298.7111,3710.4875,757.4675,9966.6973,5430.4629,2845.5811,1294.4691,35025.9937,M,Y,N
03/14/2021,24:00,8711.2813,1227.3274,3566.323,683.0524,9519.0518,5118.6479,2553.0662,1096.1278,32474.8778,A3,N,N
03/14/2021,24:00,8815.5293,1188.9224,3600.3354,639.2488,9608.3779,5145.4243,2534.5029,1084.6802,32617.0212,A6,N,N
03/14/2021,24:00,9507.6797,1220.01,3565.6799,716.818,9211.8799,4879.1099,2673.0701,1220,32994.2475,E,N,N
03/14/2021,24:00,9956.2402,1297.49,3731.01,773.028,9874.21,5287.96,2884.3999,1225.3101,35029.6482,E1,N,N
03/14/2021,24:00,9289.9004,1204.2,3693.55,728.581,8971.9697,4886.5298,2636.8501,1212.25,32623.831,E2,N,N
03/14/2021,24:00,9038.8799,1201.35,3750.3999,695.645,9193.2305,5029.2798,2554.8301,1222.67,32686.2852,E3,N,N
03/14/2021,24:00,9292.5557,1221.9922,3664.5742,717.2711,9268.4277,4999.5557,2645.8706,1203.9098,33014.157,M,Y,N
03/15/2021,1:00,8316.0732,1237.3108,3575.1897,650.5179,8969.0918,4734.0688,2301.1711,1071.5404,30854.9637,A3,N,N
03/15/2021,1:00,8228.0479,1145.7301,3550.1489,612.7204,8943.335,4748.2998,2362.4912,1075.9889,30666.7622,A6,N,N
03/15/2021,1:00,9145.8799,1147.12,3512.5,671.479,8556.6797,4506.4302,2526,1131.28,31197.3688,E,N,N
03/15/2021,1:00,9477.7695,1229.3199,3715.4299,740.994,9242.4697,4906.3999,2688.3301,1150.64,33151.353,E1,N,N
03/15/2021,1:00,8926.0801,1144.9399,3662.3101,694.644,8299.6602,4537.5801,2444.9399,1172.3199,30882.4742,E2,N,N
03/15/2021,1:00,8810.7305,1150.53,3666.75,649.345,8576.4297,4651.4102,2358.7,1081.5699,30945.4653,E3,N,N
03/15/2021,1:00,8944.9023,1168.9763,3621.7173,677.806,8634.6377,4628.9141,2456.0977,1124.0651,31257.1165,M,Y,N
03/15/2021,2:00,8111.207,1208.2008,3573.1226,638.4229,8706.3887,4542.0977,2169.5688,1059.8566,30008.8651,A3,N,N
03/15/2021,2:00,7972.6826,1114.1787,3500.4243,600.3098,8680.9219,4592.6782,2240.1455,1129.6141,29830.9551,A6,N,N
03/15/2021,2:00,8914.5703,1102.3101,3490.05,648.223,8116.5098,4250.5098,2403.51,1083.58,30009.263,E,N,N
03/15/2021,2:00,9131.4805,1145.58,3715.6399,731.218,8479.4902,4751.4702,2494.8201,1094.59,31544.2889,E1,N,N
03/15/2021,2:00,8663.9805,1103.6801,3630.45,672.343,7869.6299,4299.6802,2294.5,1149.62,29683.8837,E2,N,N
03/15/2021,2:00,8566.2305,1131.8199,3611.26,653.16,8278.9502,4445.8701,2182.8601,982.754,29852.9048,E3,N,N
03/15/2021,2:00,8691.5313,1128.675,3594.0352,664.6366,8214.5068,4410.7109,2303.2661,1073.2943,30080.6562,M,Y,N
03/15/2021,3:00,7909.6953,1191.4596,3566.4082,627.1521,8348.3672,4377.9922,2015.7986,1060.1144,29096.9876,A3,N,N
03/15/2021,3:00,7766.5249,1060.4736,3464.6494,587.0655,8333.3545,4524.4839,2135.7876,1126.594,28998.9334,A6,N,N
03/15/2021,3:00,8793.6299,1088.14,3492.52,639.305,7910.7798,4096.75,2339.4199,1039.89,29400.4346,E,N,N
03/15/2021,3:00,8982.3096,1116.49,3701.0901,668.896,8321.8203,4390.3799,2414.4299,1022.11,30617.5258,E1,N,N
03/15/2021,3:00,8572.1299,1078.92,3666.8101,653.723,7770.5801,4229.1001,2238.6399,1172.1,29382.0031,E2,N,N
03/15/2021,3:00,8494.96,1085.91,3596.1699,642.293,8110.6099,4346.79,2137.4199,1079.3199,29493.4726,E3,N,N
03/15/2021,3:00,8576.6807,1101.7362,3597.3123,645.8363,8031.7656,4264.2061,2232.6484,1083.1055,29533.2911,M,Y,N
03/15/2021,4:00,7947.7876,1217.7878,3573.3206,640.0385,8369.2354,4423.1245,1983.0723,1071.5062,29225.8729,A3,N,N
03/15/2021,4:00,7795.7979,1096.8629,3455.1338,590.952,8360.3027,4711.9263,2105.3181,1114.0634,29230.3571,A6,N,N
03/15/2021,4:00,8829.6201,1097.97,3477.1399,643.706,7958.04,4084.24,2320.05,1030.54,29441.306,E,N,N
03/15/2021,4:00,9127.9902,1117.48,3715.22,680.356,8447.71,4350.8999,2324.4199,1028.8199,30792.8959,E1,N,N
03/15/2021,4:00,8538.8496,1103.25,3670.22,664.989,7792.2598,4292.21,2204.54,1134.26,29400.5784,E2,N,N
03/15/2021,4:00,8534.4297,1093.63,3620.97,638.225,8128.4399,4368.0098,2246.95,1058.79,29689.4444,E3,N,N
03/15/2021,4:00,8610.1973,1115.621,3603.1499,651.7793,8071.8032,4282.8682,2231.3215,1068.4382,29635.1786,M,Y,N
03/15/2021,5:00,8185.5615,1277.108,3596.7705,664.6747,8524.7871,4594.4902,1999.8531,1087.5042,29930.7493,A3,N,N
03/15/2021,5:00,7994.1338,1136.2241,3471.8481,603.1168,9018.4717,4947.3633,2132.9233,1097.0826,30401.1637,A6,N,N
03/15/2021,5:00,9035.8398,1147.76,3484.26,659.89,8261.4199,4201.6499,2340.6201,1063.5699,30195.0096,E,N,N
03/15/2021,5:00,9064.2002,1153.23,3677.75,718.689,8380.9902,4473.7202,2372.8201,1050.12,30891.5197,E1,N,N
03/15/2021,5:00,8750.6504,1134.74,3637.5801,686.182,8030.73,4444.1001,2259.3,1209.42,30152.7026,E2,N,N
03/15/2021,5:00,8765.04,1171.5601,3625.6001,663.219,8343.7695,4427.3198,2205.04,1055.88,30257.4285,E3,N,N
03/15/2021,5:00,8794.1025,1167.3073,3596.1753,675.2432,8272.2021,4401.7939,2247.8242,1099.4205,30254.069,M,Y,N
03/15/2021,6:00,8662.7461,1386.6783,3633.8342,701.1318,9236.5195,4933.75,2075.9182,1127.0309,31757.609,A3,N,N
03/15/2021,6:00,8441.5225,1233.8188,3498.3853,638.0353,9703.5576,5336.8638,2227.2502,1124.7471,32204.1806,A6,N,N
03/15/2021,6:00,9524.2598,1239.95,3537.02,712.574,8975.5498,4579.1401,2450.4399,1125.6,32144.5336,E,N,N
03/15/2021,6:00,9524.5801,1230.05,3746.0901,747.089,8987.7803,4678.21,2414.4099,1093.87,32422.0794,E1,N,N
03/15/2021,6:00,9235.0098,1243.91,3662.52,729.433,8779.6904,4572.4102,2362.78,1190.41,31776.1634,E2,N,N
03/15/2021,6:00,9172.3604,1258.8199,3721.52,693.05,8984.9199,4813.8501,2305.1499,1103.77,32053.4402,E3,N,N
03/15/2021,6:00,9256.3232,1262.761,3652.7554,714.7918,8963.0781,4692.8452,2340.8833,1132.5576,32015.9956,M,Y,N
03/15/2021,7:00,9321.9717,1557.073,3688.4976,773.0742,10796.2021,5503.1807,2232.5332,1228.2489,35100.7814,A3,N,N
03/15/2021,7:00,9042.2676,1360.6852,3541.8059,732.9186,10785.0195,6141.9463,2493.3381,1233.7238,35331.705,A6,N,N
03/15/2021,7:00,10184.5,1423.03,3654.73,781.477,10283.7998,5183.8701,2686.9399,1283.8,35482.1468,E,N,N
03/15/2021,7:00,10085.7998,1376.77,3785.8899,793.369,9992.54,5307.1499,2623.03,1173.0699,35137.6185,E1,N,N
03/15/2021,7:00,9700.7402,1442.61,3737.1001,794.901,9944.8301,5165.73,2633.8201,1309.11,34728.8415,E2,N,N
03/15/2021,7:00,9954.8701,1395.6801,3722.45,765.296,9939.5801,5381.1602,2440.53,1216.42,34815.9865,E3,N,N
03/15/2021,7:00,9885.999,1432.0604,3712.8684,781.2239,10140.6445,5283.9814,2547.2681,1252.4973,35036.543,M,Y,N
03/15/2021,8:00,9977.9102,1590.1213,3708.0688,799.9479,11209.2041,5992.3657,2332.9355,1264.8799,36875.4334,A3,N,N
03/15/2021,8:00,9274.9355,1406.5029,3580.5037,800.9871,11315.3184,6402.2715,2611.594,1263.3949,36655.508,A6,N,N
03/15/2021,8:00,10558.7998,1510.0699,3768.1201,812.792,10977.4004,5520.73,2812.45,1358.4301,37318.7923,E,N,N
03/15/2021,8:00,10476.9004,1423.8,3661.75,825.442,10737.9004,5496.3999,2736.29,1209.29,36567.7727,E1,N,N
03/15/2021,8:00,10338.0996,1491.4301,3796.24,817.641,11014.7002,5720.0098,2801.5901,1309.98,37289.6908,E2,N,N
03/15/2021,8:00,10202.7998,1479.34,3803.21,788.435,10622.2998,5796.23,2678.95,1317.05,36688.3146,E3,N,N
03/15/2021,8:00,10331.7764,1496.9502,3763.1199,807.8907,10896.9883,5695.3384,2706.9006,1305.6362,37004.6007,M,Y,N
03/15/2021,9:00,10225.2949,1592.3959,3644.8228,860.7446,11806.0576,6052.5566,2662.6147,1203.9855,38048.4726,A3,N,N
03/15/2021,9:00,9522.5156,1466.2848,3531.7302,877.2384,11551.4141,6328.0723,2682.5505,1262.2084,37222.0143,A6,N,N
03/15/2021,9:00,10635.5996,1492.54,3698.49,811.764,10884.7002,5458.0298,2792.3401,1303.53,37076.9937,E,N,N
03/15/2021,9:00,10648.5,1439.8,3826.7,858.447,10902.7998,5673.3301,2786.21,1244.4399,37380.2268,E1,N,N
03/15/2021,9:00,10360.9004,1490.27,3784.53,826.487,10819.7002,5680.6401,2741.96,1373.65,37078.1377,E2,N,N
03/15/2021,9:00,10331.2002,1480.8199,3801.8999,823.665,10834.5996,5833.6099,2700.03,1226.5,37032.3245,E3,N,N
03/15/2021,9:00,10441.1494,1494.932,3755.1704,830.3779,10973.3574,5708.8057,2739.6858,1281.9731,37225.4517,M,Y,N
03/15/2021,10:00,10294.3486,1536.8091,3627.4219,895.9252,11483.917,5903.7686,2740.7244,1171.8826,37654.7974,A3,N,N
03/15/2021,10:00,9915.1943,1462.7428,3639.4932,912.4571,11694.1592,6013.1035,2757.0361,1176.7244,37570.9106,A6,N,N
03/15/2021,10:00,10842.4004,1515.92,3717.6599,855.063,11121,5524.73,2856.3799,1176.9399,37610.0931,E,N,N
03/15/2021,10:00,10761.7998,1434.1,3880.1499,842.362,10886,5570.9902,2892.3401,1155.58,37423.322,E1,N,N
03/15/2021,10:00,10467.5,1453.95,3763.04,860.206,10852.2998,5606.5498,2827.8501,1249.55,37080.9457,E2,N,N
03/15/2021,10:00,10421.4004,1462.89,3791.1001,865.127,10957.9004,5685.4502,2733.6399,1171.71,37089.218,E3,N,N
03/15/2021,10:00,10564.8438,1479.5537,3756.3965,862.3849,11029.0391,5638.5273,2808.6003,1190.4828,37329.8284,M,Y,N
03/15/2021,11:00,10284.167,1493.1989,3593.1389,880.8158,11489.2188,5727.1309,2795.1843,1177.2469,37440.1015,A3,N,N
03/15/2021,11:00,10326.6895,1457.6804,3604.0339,902.0694,11686.7764,5804.9917,2791.4829,1178.4576,37752.1818,A6,N,N
03/15/2021,11:00,11027.5996,1493.01,3679.5801,860.067,11208.9004,5551.4502,2939.6101,1170.5,37930.7174,E,N,N
03/15/2021,11:00,10940.7002,1431.84,3847.8,845.025,10872,5510.0698,2979.3799,1128.2,37555.0149,E1,N,N
03/15/2021,11:00,10670,1447.01,3733.21,865.307,10819.2002,5604.6499,2897.6201,1187.71,37224.7072,E2,N,N
03/15/2021,11:00,10651.7002,1446.77,3745.3799,869.59,10994.9004,5672.3599,2914.8799,1141.41,37436.9903,E3,N,N
03/15/2021,11:00,10740.4336,1462.3273,3719.6599,864.4711,11050.9023,5611.7651,2909.8479,1163.0859,37522.4931,M,Y,N
03/15/2021,12:00,10353.1523,1445.7465,3565.877,873.4696,11406.3672,5653.6001,2890.2083,1170.4575,37358.8785,A3,N,N
03/15/2021,12:00,10497.7842,1441.1188,3568.8213,904.001,11577.8887,5718.2285,2883.9482,1168.4896,37760.2803,A6,N,N
03/15/2021,12:00,11192.5,1481.64,3669.25,840.936,11299.5,5573.5098,2984.2,1139.5,38181.0358,E,N,N
03/15/2021,12:00,11163.2998,1416.85,3799.03,857.869,10830.7998,5649.79,2997.29,1127.8,37842.7286,E1,N,N
03/15/2021,12:00,11022.5,1441.09,3741.3701,858.651,10983.5996,5634.1699,3034.23,1195.99,37911.6006,E2,N,N
03/15/2021,12:00,10868.0996,1432.9,3773.0701,872.016,11104.0996,5683.23,3020.76,1144.3199,37898.4952,E3,N,N
03/15/2021,12:00,10960.332,1446.7321,3716.5361,859.3181,11126.4453,5635.6514,2995.7349,1157.2347,37897.9846,M,Y,N
03/15/2021,13:00,10419.9521,1424.8021,3524.5803,857.09,11337.3828,5620.9326,2988.3582,1185.976,37359.0741,A3,N,N
03/15/2021,13:00,10639.5635,1444.8005,3511.6411,895.7967,11496.0859,5666.4331,2968.2283,1155.318,37777.8671,A6,N,N
03/15/2021,13:00,11335.7998,1474.36,3629.0701,829.987,11316,5586.5801,3033.8799,1094.03,38299.7069,E,N,N
03/15/2021,13:00,11281.7998,1434.88,3830.9099,852.358,10900.7998,5682.2798,3095.5701,1099.7,38178.2974,E1,N,N
03/15/2021,13:00,11263.2002,1435.95,3699.0601,854.65,11047.5996,5826.4902,3114.1001,1181.25,38422.3002,E2,N,N
03/15/2021,13:00,11144.7998,1435.14,3676.8601,862.037,11222.0996,5772.7798,3173.3601,1101.1,38388.1764,E3,N,N
03/15/2021,13:00,11148.6689,1443.8228,3670.6838,850.3495,11176.1973,5709.3638,3090.8262,1129.8046,38219.7169,M,Y,N
03/15/2021,14:00,10594.4775,1407.3169,3539.176,834.0078,11227.2139,5666.5605,3078.7332,1177.3494,37524.8352,A3,N,N
03/15/2021,14:00,10818.2549,1447.3014,3526.2498,870.86,11369.5547,5668.0835,3039.5369,1164.0792,37903.9204,A6,N,N
03/15/2021,14:00,11592.5996,1495.26,3607.71,825.999,11362.4004,5794.9502,3186.0701,1085.35,38950.3393,E,N,N
03/15/2021,14:00,11629.2002,1481.64,3791.04,837.436,10874.7998,5734.3501,3235.8201,1170.4301,38754.7163,E1,N,N
03/15/2021,14:00,11515.2002,1473.73,3810.5701,832.732,11140.4004,5980.6201,3236.78,1193.6899,39183.7227,E2,N,N
03/15/2021,14:00,11551.2002,1456.9301,3673.6899,851.38,11315.7002,5771.54,3232.6101,1169.4399,39022.4904,E3,N,N
03/15/2021,14:00,11442.709,1467.5997,3689.2695,836.4583,11217.377,5811.8916,3203.1843,1155.5924,38824.0818,M,Y,N
03/15/2021,15:00,10854.8379,1408.6027,3562.6531,824.5397,11175.1377,5810.3232,3157.4766,1172.7305,37966.3014,A3,N,N
03/15/2021,15:00,11006.8262,1445.8434,3574.4485,858.1929,11285.3975,5774.7964,3101.7104,1136.0483,38183.2636,A6,N,N
03/15/2021,15:00,11921.7998,1507.5699,3601.6899,808.786,11417.0996,6091.2798,3310.5801,1100.0601,39758.8652,E,N,N
03/15/2021,15:00,11908.7002,1489.85,3780.55,837.766,10670.5,5951.9102,3378.96,1148.64,39166.8764,E1,N,N
03/15/2021,15:00,11851.2998,1500.14,3811,834.836,11078.0996,6182.4399,3326.1499,1167.86,39751.8252,E2,N,N
03/15/2021,15:00,11539.2002,1453.47,3711.8201,827.905,11336,5971.4502,3276.3601,1193.38,39309.5856,E3,N,N
03/15/2021,15:00,11673.5166,1477.6016,3699.0278,825.67,11188.5039,6031.5713,3295.3271,1155.4963,39346.7146,M,Y,N
03/15/2021,16:00,11019.7246,1403.673,3588.8462,824.2766,11131.2266,5921.8638,3230.2625,1157.9844,38277.8577,A3,N,N
03/15/2021,16:00,11135.3262,1452.1271,3612.9993,853.475,11240.8604,5846.7852,3176.8293,1118.4663,38436.8688,A6,N,N
03/15/2021,16:00,12151.5,1526.74,3619.79,799.109,11454.9004,6307.2998,3403.5701,1126.8101,40389.7194,E,N,N
03/15/2021,16:00,12182.2998,1515.36,3819.3999,864.335,10929.7998,6175.3901,3444.05,1165.15,40095.7846,E1,N,N
03/15/2021,16:00,12089.2002,1489.92,3676.3301,854.142,11039.7998,6287.1899,3394.9199,1189.27,40020.7719,E2,N,N
03/15/2021,16:00,11777.4004,1427.6801,3705.98,811.838,11351.7002,6152.6802,3439.4299,1189.5601,39856.2689,E3,N,N
03/15/2021,16:00,11904.7793,1475.9641,3676.5557,827.3488,11219.2285,6198.9492,3393.769,1166.8018,39863.3964,M,Y,N
03/15/2021,17:00,11072.3926,1419.8616,3619.6382,791.3375,11197.6299,6063.7422,3269.8579,1194.7579,38629.2178,A3,N,N
03/15/2021,17:00,11156.2461,1480.599,3633.6968,796.9905,11266.3281,5941.4185,3200.4729,1200.4948,38676.2467,A6,N,N
03/15/2021,17:00,12280.4004,1548.88,3644.3201,792.05,11546.7998,6511.5601,3460.0701,1173.17,40957.2505,E,N,N
03/15/2021,17:00,12483.5,1529.52,3806.3899,802.842,11495.7002,6526.3398,3518.22,1190.62,41353.1319,E1,N,N
03/15/2021,17:00,11925.2998,1527.25,3749.3501,838.954,11213.7998,6368,3465.75,1214.59,40302.9937,E2,N,N
03/15/2021,17:00,12108.2002,1497.64,3708.78,766.672,11484,6415.75,3559.72,1181.1,40721.8622,E3,N,N
03/15/2021,17:00,12022.9619,1512.1152,3703.866,798.6914,11397.8164,6397.5879,3469.8948,1190.3873,40493.3209,M,Y,N
03/15/2021,18:00,11122.4629,1427.1334,3635.5547,764.0381,11363.7607,6220.4087,3257.7886,1223.5061,39014.6532,A3,N,N
03/15/2021,18:00,11184.6289,1485.5923,3621.2678,770.2653,11442.6055,6091.5044,3188.1011,1256.2314,39040.1967,A6,N,N
03/15/2021,18:00,12362.2998,1566.25,3635.4099,780.827,11726.7998,6623.2798,3456.6499,1239.21,41390.7262,E,N,N
03/15/2021,18:00,12304,1524.51,3770.3501,834.137,11772.4004,6643.98,3528.25,1220.61,41598.2375,E1,N,N
03/15/2021,18:00,11956,1510.23,3736.03,851.789,11257.7002,6495.8101,3512.6201,1226.4,40546.5794,E2,N,N
03/15/2021,18:00,11995.9004,1504,3773.6299,764.957,11396.9004,6563.4199,3502.3799,1268.87,40770.0575,E3,N,N
03/15/2021,18:00,12006.8574,1514.0754,3712.0056,799.1652,11487.3691,6528.6763,3466.1672,1239.1345,40753.4507,M,Y,N
03/15/2021,19:00,11393.4873,1501.4413,3687.9673,794.6208,11722.5869,6482.7051,3277.2988,1210.8651,40070.9726,A3,N,N
03/15/2021,19:00,11384.8291,1548.2123,3655.2568,799.7449,11771.3047,6354.9619,3190.3699,1233.7686,39938.4482,A6,N,N
03/15/2021,19:00,12100.0996,1560.23,3630.0701,768.652,11764.7998,6703.6099,3399.4199,1354.34,41281.2213,E,N,N
03/15/2021,19:00,12028.5996,1521.86,3826.8601,808.438,11355.7002,6631.7002,3556.96,1272.87,41002.9881,E1,N,N
03/15/2021,19:00,11615.4004,1501.59,3738.48,817.242,11108.7002,6515.8501,3390.6799,1286.66,39974.6026,E2,N,N
03/15/2021,19:00,11644.2002,1473.23,3765.0901,739.966,11313.5,6463.1602,3426.01,1277.99,40103.1465,E3,N,N
03/15/2021,19:00,11767.6865,1511.6752,3722.7634,781.8474,11431.5361,6559.9556,3408.3098,1290.2144,40473.9884,M,Y,N
03/15/2021,20:00,11512.5107,1544.4645,3741.156,832.6418,11878.9717,6648.2871,3332.0613,1233.8602,40723.9533,A3,N,N
03/15/2021,20:00,11469.29,1567.4711,3679.1409,834.5541,11927.6758,6555.2603,3259.7817,1284.2035,40577.3774,A6,N,N
03/15/2021,20:00,11931.9004,1550.75,3620.5901,769.263,11817,6673.8599,3353.6299,1378.5699,41095.5632,E,N,N
03/15/2021,20:00,11847.9004,1511.78,3861.76,780.495,11165.0996,6595.1099,3491.8601,1288.85,40542.855,E1,N,N
03/15/2021,20:00,11524.7002,1493.11,3751.5,822.563,11122.4004,6398.0698,3315.49,1283.76,39711.5934,E2,N,N
03/15/2021,20:00,11585.5996,1480,3847.3201,758.945,11370.2002,6521.9702,3340.6101,1234.0601,40138.7053,E3,N,N
03/15/2021,20:00,11680.6016,1512.9955,3755.217,789.3348,11457.9092,6553.8999,3355.4229,1289.4363,40394.8172,M,Y,N
03/15/2021,21:00,11054.5488,1516.7883,3752.8333,809.7593,11571.9102,6364.5391,3252.5195,1221.5454,39544.4439,A3,N,N
03/15/2021,21:00,11100.0605,1518.6071,3720.4231,812.465,11638.6641,6334.2832,3190.8892,1250.1481,39565.5403,A6,N,N
03/15/2021,21:00,11878.0996,1571.75,3679.46,794.748,12032.9004,6701.48,3395.3301,1431.3,41485.0681,E,N,N
03/15/2021,21:00,11711.2002,1510.6,3896.2,829.936,11509.0996,6686.5801,3437.78,1318.14,40899.5359,E1,N,N
03/15/2021,21:00,11581.5,1514.17,3738.25,824.259,11399.2002,6439.73,3450.6799,1347.97,40295.7591,E2,N,N
03/15/2021,21:00,11699.2002,1493.62,3832.77,776.042,11620.2002,6494.8999,3480.74,1209.65,40607.1223,E3,N,N
03/15/2021,21:00,11635.4189,1523.3086,3768.749,803.7242,11648.2012,6540.4175,3417.9751,1314.6907,40652.4852,M,Y,N
03/15/2021,22:00,10546.0967,1436.7767,3743.3281,757.932,11020.3252,5983.0557,3119.8191,1195.2727,37802.6062,A3,N,N
03/15/2021,22:00,10631.9912,1427.5419,3763.8916,753.1105,11124.1162,6010.1206,3074.8362,1175.5159,37961.1241,A6,N,N
03/15/2021,22:00,11475.0996,1494.98,3659.76,780.68,11515.9004,6355.6201,3314.8401,1404.67,40001.5502,E,N,N
03/15/2021,22:00,11314.9004,1462.1,3794.3701,820.414,11086.4004,6223.73,3315.7,1258.1899,39275.8048,E1,N,N
03/15/2021,22:00,11110.0996,1449.28,3737.2,829.653,10995.2998,6083.3101,3328.3701,1312.8,38846.0126,E2,N,N
03/15/2021,22:00,11325.5,1429.21,3786.1599,744.656,11158.9004,6280.5498,3324.4099,1206.99,39256.376,E3,N,N
03/15/2021,22:00,11210.2988,1455.7271,3737.9922,786.0405,11180.8652,6205.7188,3296.345,1287.7979,39160.7855,M,Y,N
03/15/2021,23:00,9805.0244,1333.3745,3698.9849,715.0804,10316.4043,5531.1328,2887.4189,1147.7626,35435.1828,A3,N,N
03/15/2021,23:00,9948.0547,1340.0153,3732.5642,708.5514,10465.4727,5606.2983,2852.3313,1118.8448,35772.1327,A6,N,N
03/15/2021,23:00,10729.9004,1376.52,3610.04,745.382,10601.0996,5800.3999,3091.5,1303.28,37258.1219,E,N,N
03/15/2021,23:00,10984.2998,1412.88,3762.55,806.882,10705,5964.6802,3182.3899,1234.64,38053.3219,E1,N,N
03/15/2021,23:00,10675.7998,1375.59,3692.6399,807.655,10377.4004,5620.04,3103.53,1244.1,36896.7551,E2,N,N
03/15/2021,23:00,10528.7002,1318.21,3800,737.639,10447.5996,5835.5098,3097.99,1147.9399,36913.5885,E3,N,N
03/15/2021,23:00,10582.2656,1360.8618,3708.3618,762.9143,10484.2002,5750.9644,3081.9812,1221.6304,36953.1797,M,Y,N
03/15/2021,24:00,9263.7109,1244.3508,3638.0745,674.8893,9587.9131,5071.6479,2664.6479,1107.707,33252.9414,A3,N,N
03/15/2021,24:00,9273.0645,1254.1888,3661.4045,653.3464,9758.0098,5153.8608,2645.042,1083.825,33482.7418,A6,N,N
03/15/2021,24:00,10038.4004,1270.75,3558.6799,706.832,9661.96,5170.2402,2835.8201,1196.77,34439.4526,E,N,N
03/15/2021,24:00,10653.7002,1363.66,3730.73,793.35,10323.7002,5705.6299,3049.0801,1211.09,36830.9404,E1,N,N
03/15/2021,24:00,9934.3398,1252.86,3693.48,747.226,9459.2197,5119.6401,2871.45,1186.38,34264.5956,E2,N,N
03/15/2021,24:00,9932.5195,1255.76,3720.8799,678.656,9609.54,5316.6401,2877.1299,1110.67,34501.7954,E3,N,N
03/15/2021,24:00,9965.9912,1270.8438,3664.3606,716.7084,9671.6309,5248.79,2860.3159,1163.3046,34561.9454,M,Y,N
03/16/2021,1:00,8733.2686,1211.1417,3582.6353,655.102,9052.0654,4611.5117,2414.7476,1080.0391,31340.5114,A3,N,N
03/16/2021,1:00,8568.5273,1195.9119,3602.3083,627.3492,9169.4805,4654.1855,2455.4023,1075.8348,31348.9998,A6,N,N
03/16/2021,1:00,9449.4502,1184.12,3560.9099,675.827,8877.5801,4672.71,2625.53,1118.24,32164.3672,E,N,N
03/16/2021,1:00,9927.46,1258.9399,3712.8,761.029,9438.3301,5175.21,2773.8401,1153.53,34201.1391,E1,N,N
03/16/2021,1:00,9420.1201,1170.47,3695.8301,703.013,8832.2998,4753.1699,2637.9399,1126.35,32339.1928,E2,N,N
03/16/2021,1:00,9256.3301,1183.65,3654.72,670.823,8912.1201,4805.7798,2627.1699,1046.85,32157.4429,E3,N,N
03/16/2021,1:00,9364.0664,1193.3202,3639.7942,689.4321,8966.7998,4781.2549,2621.2334,1102.0562,32357.9572,M,Y,N
03/16/2021,2:00,8430.0049,1175.1742,3573.0847,658.1332,8796.3564,4439.6279,2289.5347,1074.7601,30436.6761,A3,N,N
03/16/2021,2:00,8229.8438,1163.1202,3589.0667,619.5633,8919.1494,4496.0317,2312.2046,1058.0338,30387.0135,A6,N,N
03/16/2021,2:00,9080.4404,1127.9,3560.3999,652.176,8383.3799,4369.3198,2470.25,1082.5,30726.366,E,N,N
03/16/2021,2:00,9401.79,1186.73,3736.5,752.791,8604.8496,4855.3398,2507.0601,1123.23,32168.2905,E1,N,N
03/16/2021,2:00,9064.54,1123.25,3691.1399,686.274,8416.1699,4486.8101,2438.74,1113.09,31020.0139,E2,N,N
03/16/2021,2:00,8873.1396,1164.42,3650.1499,676.95,8577.79,4572.5601,2452.27,967.809,30935.0886,E3,N,N
03/16/2021,2:00,8983.5049,1149.1305,3639.1206,680.2155,8519.4863,4519.0435,2439.8892,1065.5985,30995.989,M,Y,N
03/16/2021,3:00,8324.4043,1153.9501,3566.4658,662.2115,8751.7373,4400.2109,2237.0098,1094.7169,30190.7066,A3,N,N
03/16/2021,3:00,8068.5947,1129.0017,3587.2026,618.8806,8846.3037,4434.5562,2249.8945,1062.7466,29997.1806,A6,N,N
03/16/2021,3:00,8831.0703,1095.4,3584.55,648.626,8090.75,4176.1201,2373.78,1045.75,29846.0464,E,N,N
03/16/2021,3:00,9091.4697,1116.1899,3702.6899,714.084,8345.9004,4457.73,2418.22,1087.1899,30933.4738,E1,N,N
03/16/2021,3:00,8907.4199,1082.6801,3734.6599,675.177,8239.3398,4371.5801,2342.77,1089.16,30442.7868,E2,N,N
03/16/2021,3:00,8672.5303,1098.96,3637.3701,661.379,8492.7803,4446.71,2342.0801,997.94,30349.7498,E3,N,N
03/16/2021,3:00,8779.7393,1103.0275,3647.7896,668.3324,8342.9229,4355.8452,2346.5613,1055.9508,30300.169,M,Y,N
03/16/2021,4:00,8260.4287,1173.8674,3575.0691,672.7651,8789.3691,4429.9565,2201.356,1101.5796,30204.3915,A3,N,N
03/16/2021,4:00,8044.1191,1156.5669,3591.8193,626.1632,8871.9795,4454.3848,2209.8965,1064.1564,30019.0857,A6,N,N
03/16/2021,4:00,8793.21,1095.36,3578.48,651.625,8089.9199,4144.8701,2327.6799,1040.3,29721.4449,E,N,N
03/16/2021,4:00,9161.3096,1102.96,3704.55,704.427,8473.6699,4257.4502,2309.6899,1081.98,30796.0366,E1,N,N
03/16/2021,4:00,8811.2998,1098.4301,3674.74,685.132,8311.5498,4325.29,2317.47,1097.54,30321.4517,E2,N,N
03/16/2021,4:00,8618,1104.41,3654.5,659.146,8436.6396,4390.8501,2377.8701,1018.86,30260.2758,E3,N,N
03/16/2021,4:00,8733.3447,1109.1534,3636.8823,671.1248,8367.4072,4301.1787,2319.6357,1062.12,30200.8468,M,Y,N
03/16/2021,5:00,8449.3555,1204.262,3603.1855,699.2509,9135.4082,4573.3389,2214.9136,1128.0825,31007.7971,A3,N,N
03/16/2021,5:00,8219.1143,1184.5381,3611.9473,649.2373,9116.6582,4577.5659,2219.2837,1084.5376,30662.8824,A6,N,N
03/16/2021,5:00,8932.1904,1124.51,3575.3101,672.989,8359.4502,4222.5601,2330.47,1061.64,30279.1198,E,N,N
03/16/2021,5:00,9008.8496,1162.78,3677.6399,746.796,8543.25,4448.54,2374.8701,1084.34,31047.0656,E1,N,N
03/16/2021,5:00,8911.2803,1113.09,3726.51,706.532,8514.9404,4407.8101,2339.49,1111.98,30831.6328,E2,N,N
03/16/2021,5:00,8749.4004,1160.33,3670.3701,687.231,8687.2695,4408.4399,2378.3701,1003.7,30745.111,E3,N,N
03/16/2021,5:00,8830.4941,1145.3628,3653.1506,697.4438,8600.2471,4387.4375,2335.8054,1070.8828,30720.8241,M,Y,N
03/16/2021,6:00,8941.2207,1296.2019,3645.0266,760.763,9915.0596,4921.3247,2330.5215,1203.9899,33014.1079,A3,N,N
03/16/2021,6:00,8691.9678,1271.8003,3635.4353,695.1243,9892.6367,4908.2983,2320.0791,1150.8126,32566.1544,A6,N,N
03/16/2021,6:00,9383.6104,1196.27,3641.3401,739.04,9079.5596,4471.6699,2448.29,1111.98,32071.76,E,N,N
03/16/2021,6:00,9423.9404,1236.99,3747.3799,787.881,9256.7002,4585.9199,2346.02,1127.76,32512.5914,E1,N,N
03/16/2021,6:00,9367.9502,1196.1801,3789.47,753.342,9434.2695,4636.9502,2488.26,1086.3101,32752.7321,E2,N,N
03/16/2021,6:00,9164.1201,1225.64,3736.8501,730.623,9372.4102,4681.1099,2402.5,1065.52,32378.7733,E3,N,N
03/16/2021,6:00,9274.5654,1221.1715,3715.9658,749.3318,9368.0293,4635.8379,2419.3301,1107.4213,32491.6531,M,Y,N
03/16/2021,7:00,9634.7832,1438.3306,3704.6499,839.7187,10937.2871,5461.2998,2534.7859,1326.4192,35877.2744,A3,N,N
03/16/2021,7:00,9363.6396,1410.1987,3683.6438,760.718,11088.4248,5387.6567,2494.3372,1279.4333,35468.0521,A6,N,N
03/16/2021,7:00,10032.2002,1355.04,3735.75,826.151,10382.2998,5015.8101,2697.79,1243.02,35288.0611,E,N,N
03/16/2021,7:00,9849,1362.89,3779.28,859.419,10163.7002,5248.8701,2570.45,1174.87,35008.4793,E1,N,N
03/16/2021,7:00,9963.4404,1351.97,3839.46,820.5,10727.4004,5287.8398,2724.78,1253.6,35968.9906,E2,N,N
03/16/2021,7:00,9709.96,1362.6801,3833.27,809.797,10308.5,5223.75,2591.6399,1151.16,34990.757,E3,N,N
03/16/2021,7:00,9861.873,1367.5751,3787.6113,826.5042,10492.1738,5220.6211,2641.707,1224.6062,35422.6717,M,Y,N
03/16/2021,8:00,9851.7393,1477.3281,3728.4578,881.7589,11462.3711,5686.5171,2647.4812,1371.7546,37107.4081,A3,N,N
03/16/2021,8:00,9683.9453,1445.3815,3699.6182,826.6795,11718.3174,5660.5146,2604.1433,1321.7351,36960.3349,A6,N,N
03/16/2021,8:00,10385.2002,1422.3101,3801.4199,862.501,11076.0996,5328.6699,2824.0601,1295.98,36996.2408,E,N,N
03/16/2021,8:00,10248.2998,1393.5,3661.3401,895.766,11111.4004,5355.29,2700.77,1240.91,36607.2763,E1,N,N
03/16/2021,8:00,10433,1421.09,3871.55,859.459,11357.2998,5694.4302,2864.28,1257.05,37758.159,E2,N,N
03/16/2021,8:00,10109.4004,1425.67,3835.52,826.154,11048.0996,5502.6401,2808.4399,1229.1,36785.024,E3,N,N
03/16/2021,8:00,10244.4053,1426.121,3800.8472,859.2191,11192.0957,5511.6611,2792.7266,1272.1156,37099.1916,M,Y,N
03/16/2021,9:00,10103.3193,1486.244,3662.1626,907.7933,11542.748,5788.8008,2668.1841,1310.0375,37469.2896,A3,N,N
03/16/2021,9:00,9869.8467,1450.4895,3653.2759,906.4711,11862.9463,5766.438,2681.8386,1237.3329,37428.639,A6,N,N
03/16/2021,9:00,10601.9004,1431.41,3724.3601,857.187,10840.9004,5320.6499,2818.4099,1246.51,36841.3277,E,N,N
03/16/2021,9:00,10482.2002,1392.59,3814.74,886.543,11100.2998,5589.8501,2731.3999,1251.33,37248.953,E1,N,N
03/16/2021,9:00,10512.2002,1422.74,3844.1101,849.61,11268.7002,5597.8501,2875.3799,1263.2,37633.7905,E2,N,N
03/16/2021,9:00,10325.5,1413.62,3807.8601,847.16,11111.4004,5643.5298,2818.96,1210.36,37178.3903,E3,N,N
03/16/2021,9:00,10433.0898,1426.7968,3778.6956,862.7813,11135.6309,5562.8389,2803.1355,1250.1885,37253.1573,M,Y,N
03/16/2021,10:00,10177.2568,1478.4303,3637.7822,929.1688,11622.0205,5748.5293,2768.8015,1245.9755,37607.9649,A3,N,N
03/16/2021,10:00,9912.2852,1454.1163,3654.9766,936.6992,11896.0156,5747.415,2783.0305,1159.1997,37543.7381,A6,N,N
03/16/2021,10:00,10789.7998,1440.63,3711.3501,887.602,11081.2002,5422.6099,2879.25,1130.39,37342.832,E,N,N
03/16/2021,10:00,10736.5,1452.0601,3869.3401,886.863,11014.2002,5527.7402,2840.9199,1201.3199,37528.9434,E1,N,N
03/16/2021,10:00,10641.4004,1424.12,3786.25,864.088,11135.5,5661.6499,2892.48,1163.26,37568.7483,E2,N,N
03/16/2021,10:00,10499.5,1438.22,3765.8101,898.779,11161.0996,5669.4199,2944.75,1163.41,37540.9886,E3,N,N
03/16/2021,10:00,10596.8945,1442.0537,3754.2427,889.6213,11173.9785,5597.9536,2880.3352,1170.1769,37505.2564,M,Y,N
03/16/2021,11:00,10359.958,1455.687,3595.6177,898.7302,11544.1592,5664.5327,2849.9106,1231.6942,37600.2896,A3,N,N
03/16/2021,11:00,10357.6367,1454.7126,3612.7908,913.7684,11800.1357,5673.3643,2849.1523,1164.0673,37825.6281,A6,N,N
03/16/2021,11:00,11140.5996,1451.0601,3679.9399,892.403,11072.7002,5576.2202,3012.8101,1112.4399,37938.173,E,N,N
03/16/2021,11:00,11055.9004,1452.12,3852.3,894.721,11011.5,5637.5601,3008.9299,1158.74,38071.7714,E1,N,N
03/16/2021,11:00,10818.7002,1420.8,3785.5801,867.748,11064.4004,5664.7798,2982.1001,1140.96,37745.0686,E2,N,N
03/16/2021,11:00,10799.9004,1426.03,3753.79,873.626,11156.7002,5782.7798,3056.4399,1094.5601,37943.8264,E3,N,N
03/16/2021,11:00,10866.7813,1437.9485,3735.8171,882.6256,11142.9072,5668.7065,2995.1924,1135.7943,37865.7729,M,Y,N
03/16/2021,12:00,10560.2246,1427.5814,3565.9771,877.9727,11406.3291,5645.3433,2969.6238,1204.8065,37657.8585,A3,N,N
03/16/2021,12:00,10542.832,1440.7308,3572.5693,907.882,11626.5234,5681.1611,2976.5549,1156.3516,37904.6051,A6,N,N
03/16/2021,12:00,11353.2002,1451.23,3674.8301,862.521,11157.9004,5632.2598,3126.2,1103.48,38361.6215,E,N,N
03/16/2021,12:00,11375.5,1456.3101,3815.6599,881.084,11002.5996,5829.4302,3113.1499,1159.96,38633.6937,E1,N,N
03/16/2021,12:00,11248.0996,1428.34,3769.6299,850.832,11159.9004,5769.5498,3183.1399,1117.34,38526.8316,E2,N,N
03/16/2021,12:00,11125,1429.35,3716.01,879.692,11254.9004,5835.79,3232.24,1124.0601,38597.0425,E3,N,N
03/16/2021,12:00,11173.541,1437.7164,3712.822,868.1433,11194.291,5743.7461,3145.7417,1131.8158,38407.8173,M,Y,N
03/16/2021,13:00,10675.1348,1417.1616,3525.5415,858.0142,11311.8154,5627.1064,3087.3254,1168.083,37670.1823,A3,N,N
03/16/2021,13:00,10689.915,1446.827,3512.2197,896.9403,11500.3525,5673.105,3082.2986,1147.5433,37949.2014,A6,N,N
03/16/2021,13:00,11554.9004,1451.5601,3661.8301,851.487,11147,5689.9102,3280.74,1083.8,38721.2278,E,N,N
03/16/2021,13:00,11631.4004,1497.21,3829.78,872.343,11018.4004,5931.7402,3201.9199,1113.2,39095.9939,E1,N,N
03/16/2021,13:00,11521.2998,1433.04,3721.52,849.58,11190.2998,5975.8901,3304.4399,1103.21,39099.2796,E2,N,N
03/16/2021,13:00,11460.0996,1430.67,3631.96,878.497,11255,5989.9502,3398.1299,1054,39098.3067,E3,N,N
03/16/2021,13:00,11422.3926,1443.114,3673.2427,861.1857,11189.3525,5858.793,3281.9832,1095.4128,38825.4765,M,Y,N
03/16/2021,14:00,10953.1484,1412.8331,3544.0793,833.3926,11225.8584,5668.9844,3184.3577,1156.6646,37979.3185,A3,N,N
03/16/2021,14:00,10834.0498,1447.8207,3526.4158,870.6851,11365.1074,5693.5249,3175.6094,1161.4248,38074.6379,A6,N,N
03/16/2021,14:00,11949.2998,1479.6801,3660.9199,852.028,11237,5950.2998,3445.0601,1104.85,39679.1377,E,N,N
03/16/2021,14:00,12027.7998,1531.67,3835.8601,870.683,11122.5996,6241.8799,3429.72,1177.88,40238.0924,E1,N,N
03/16/2021,14:00,11814.7002,1490.97,3832.6599,833.933,11369.7998,6165.29,3441.5,1163.67,40112.5229,E2,N,N
03/16/2021,14:00,11909.9004,1478.02,3660.8301,864.254,11347.9004,6167.1201,3592.3401,1161.45,40181.8151,E3,N,N
03/16/2021,14:00,11791.0938,1480.2303,3711.095,850.5632,11282.2324,6059.5361,3446.4846,1149.3105,39770.5459,M,Y,N
03/16/2021,15:00,11180.5273,1421.9659,3571.5105,825.5469,11193.957,5798.2485,3286.376,1151.4963,38429.6284,A3,N,N
03/16/2021,15:00,10995.2393,1448.896,3576.3804,858.8035,11293.2432,5819.6084,3275.1809,1140.1221,38407.4738,A6,N,N
03/16/2021,15:00,12392.5,1514.11,3674.1399,842.294,11337.0996,6220.3599,3586.1899,1149.83,40716.5233,E,N,N
03/16/2021,15:00,12312,1554.28,3849.9299,871.104,10993.5,6674.6299,3544.8401,1161.74,40962.0239,E1,N,N
03/16/2021,15:00,12208.7002,1516.62,3829.2,842.328,11294.4004,6372.6499,3538.9299,1105.84,40708.6684,E2,N,N
03/16/2021,15:00,12026.2002,1471.55,3738.04,839.56,11445.7998,6358.2998,3662.4199,1197.28,40739.1497,E3,N,N
03/16/2021,15:00,12093.416,1497.6008,3738.0249,843.1269,11292.7568,6296.9375,3550.7869,1152.3921,40465.0419,M,Y,N
03/16/2021,16:00,11358.2363,1418.0966,3602.6121,829.0291,11186.4521,5932.8711,3364.2671,1137.9141,38829.4785,A3,N,N
03/16/2021,16:00,11098.3525,1454.9058,3618.2053,856.1786,11277.1816,5949.1768,3370.9402,1129.8356,38754.7764,A6,N,N
03/16/2021,16:00,12634.0996,1552.53,3691.21,841.607,11427.2998,6479.52,3675.71,1203.9,41505.8764,E,N,N
03/16/2021,16:00,12584.5996,1582.5699,3833.1699,859.938,11434.7002,6715.25,3660.8701,1200.1801,41871.2778,E1,N,N
03/16/2021,16:00,12513.5,1546.91,3687.1001,861.678,11365.0996,6553.0601,3642.54,1134.73,41304.6178,E2,N,N
03/16/2021,16:00,12330.5,1451.67,3720.8401,862.827,11457.7002,6500.5098,3793.8501,1206.9301,41324.8273,E3,N,N
03/16/2021,16:00,12362.3799,1512.8608,3704.2603,852.6489,11390.1689,6464.2876,3656.167,1178.6517,41121.4251,M,Y,N
03/16/2021,17:00,11344.5869,1431.4012,3639.4399,800.5705,11257.9326,6128.1626,3394.4314,1175.1586,39171.6837,A3,N,N
03/16/2021,17:00,11099.6299,1487.9849,3643.5464,802.2276,11316.8213,6093.9082,3397.4509,1218.8989,39060.4681,A6,N,N
03/16/2021,17:00,12753.7998,1578.71,3704.3899,834.104,11620.4004,6751.6499,3724.6899,1266.54,42234.2839,E,N,N
03/16/2021,17:00,12734.4004,1632.73,3832.4299,853.962,11575,6998.2998,3724.6101,1249.17,42600.6022,E1,N,N
03/16/2021,17:00,12447.5,1576.3199,3779.23,857.576,11495.5,6664.3301,3705.77,1174.1801,41700.4061,E2,N,N
03/16/2021,17:00,12578.7998,1519.4399,3733.4399,799.153,11612.2002,6760.5098,3913.03,1208.9,42125.4726,E3,N,N
03/16/2021,17:00,12454.8984,1551.6339,3738.2485,829.5248,11536.1416,6684.9302,3725.7527,1215.446,41736.5761,M,Y,N
03/16/2021,18:00,11335.2842,1437.5717,3661.4683,773.5751,11416.5,6336.9385,3361.1863,1205.9619,39528.486,A3,N,N
03/16/2021,18:00,11063.7471,1486.0808,3636.6118,775.5176,11494.1807,6295.8042,3369.6885,1279.6605,39401.2912,A6,N,N
03/16/2021,18:00,12732,1587.8199,3696.53,835.952,11881.7002,6902.3198,3687.79,1312.53,42636.6419,E,N,N
03/16/2021,18:00,12584.7998,1608.41,3840.1299,885.077,12137.7002,7231.8901,3758.51,1269.6,43316.117,E1,N,N
03/16/2021,18:00,12302.2002,1536.36,3850.3101,863.217,11491.2998,6802.0601,3753.6399,1190.34,41789.4271,E2,N,N
03/16/2021,18:00,12271.5996,1532.6899,3779.01,799.367,11564.7998,6961.29,3881.4399,1319.92,42110.1162,E3,N,N
03/16/2021,18:00,12316.4609,1544.9652,3769.1621,831.9655,11678.7246,6862.5215,3720.6797,1265.1427,41989.6222,M,Y,N
03/16/2021,19:00,11490.3232,1507.1458,3708.9719,804.5352,11751.2959,6625.1812,3383.9709,1195.9082,40467.3323,A3,N,N
03/16/2021,19:00,11189.9141,1540.6481,3671.4187,805.7077,11807.7354,6564.2026,3394.2327,1257.9536,40231.8129,A6,N,N
03/16/2021,19:00,12410.0996,1577.55,3682.26,818.377,11999.7002,6967.4302,3606.49,1393.65,42455.557,E,N,N
03/16/2021,19:00,12235.4004,1588.9,3862.48,842.145,12054.5996,7346.3599,3638.02,1319.27,42887.1749,E1,N,N
03/16/2021,19:00,11819.9004,1513.77,3769.8401,815.602,11331.2002,6786.9702,3601.27,1228.71,40867.2629,E2,N,N
03/16/2021,19:00,11930.5996,1499.62,3774.21,776.188,11468.5,6971.5498,3729.6101,1289.04,41439.3175,E3,N,N
03/16/2021,19:00,12005.8652,1534.7407,3753.009,808.3768,11675.5869,6927.9297,3612.0916,1292.2473,41609.8472,M,Y,N
03/16/2021,20:00,11515.6162,1548.0203,3753.0371,839.5209,11879.1768,6762.9272,3442.2134,1219.2114,40959.7233,A3,N,N
03/16/2021,20:00,11210.4121,1558.074,3692.2832,839.0334,11941.3076,6714.7642,3460.4595,1305.7706,40722.1046,A6,N,N
03/16/2021,20:00,12201.5,1561.6801,3667.8501,801.405,11962.5,6871.8101,3540.73,1400.37,42007.8453,E,N,N
03/16/2021,20:00,11998.2998,1571.04,3793.1201,820.914,11696.9004,7229.3799,3556.3701,1358.9399,42024.9642,E1,N,N
03/16/2021,20:00,11670.7998,1501.01,3756.0601,821.75,11266.2002,6629.2598,3508.3101,1232.63,40386.02,E2,N,N
03/16/2021,20:00,11779.2998,1491.23,3828.76,782.495,11598,6915.48,3569.29,1230.74,41195.2948,E3,N,N
03/16/2021,20:00,11852.1396,1528.3625,3756.437,808.9669,11653.6846,6853.1758,3529.4055,1288.2039,41270.3758,M,Y,N
03/16/2021,21:00,11110.333,1522.3987,3754.0042,811.7811,11552.9463,6491.4697,3359.1443,1206.9232,39809.0005,A3,N,N
03/16/2021,21:00,10885.2852,1511.1342,3726.8123,814.6626,11633.7959,6513.6958,3395.5161,1265.3479,39746.25,A6,N,N
03/16/2021,21:00,12159.4004,1582.1801,3702.9099,826.841,12195,6871.9502,3573.6399,1455.17,42367.0915,E,N,N
03/16/2021,21:00,11884.2998,1570.1,3890.6399,819.076,11998.5,7224.4702,3534.3,1354.79,42276.1759,E1,N,N
03/16/2021,21:00,11683.5,1522.78,3731.4199,815.743,11483,6640.02,3608.76,1311.99,40797.2129,E2,N,N
03/16/2021,21:00,11809.7002,1502.15,3820.6101,789.619,11781,6853.9302,3660.03,1253.3101,41470.3496,E3,N,N
03/16/2021,21:00,11787.4795,1538.3398,3769.3157,811.9078,11808.6807,6805.9678,3572.2881,1325.3317,41419.3111,M,Y,N
03/16/2021,22:00,10511.6299,1441.1072,3737.4727,757.0851,11013.3057,6046.9067,3202.4451,1178.7805,37888.7329,A3,N,N
03/16/2021,22:00,10408.041,1421.6193,3763.6968,753.9089,11123.5146,6111.4609,3242.7275,1184.1116,38009.0806,A6,N,N
03/16/2021,22:00,11700,1501.71,3684.8999,810.036,11661.4004,6511.25,3469.8999,1435.5,40774.6962,E,N,N
03/16/2021,22:00,11460.5,1521.48,3817.28,832.196,11571.7002,6692.77,3367.73,1336.46,40600.1162,E1,N,N
03/16/2021,22:00,11311.0996,1452.51,3778.3201,807.272,11058.0996,6328.0698,3465.3899,1296.28,39497.041,E2,N,N
03/16/2021,22:00,11355.2002,1424.5,3785.3,763.089,11311.9004,6596.2798,3497.24,1247.9,39981.4094,E3,N,N
03/16/2021,22:00,11338.0908,1465.0034,3756.4741,793.7594,11330.9746,6451.3594,3429.4043,1309.3251,39874.3911,M,Y,N
03/16/2021,23:00,9805.7676,1343.104,3690.1465,713.3314,10316.1953,5557.6206,2962.7822,1134.1542,35523.1018,A3,N,N
03/16/2021,23:00,9783.2734,1337.0701,3727.5256,708.6456,10464.1074,5660.2373,3004.7854,1121.8235,35807.4683,A6,N,N
03/16/2021,23:00,10950.4004,1371.58,3620.8301,764.048,10762.7998,5950.8799,3241.21,1326.63,37988.3782,E,N,N
03/16/2021,23:00,11116.9004,1466.5601,3776.8999,810.549,11116.5996,6364.8198,3238.0701,1296.88,39187.2789,E1,N,N
03/16/2021,23:00,10679.2998,1361.6,3768.6799,773.819,10386.5,5858.1899,3255.74,1269.5601,37353.3887,E2,N,N
03/16/2021,23:00,10700.5996,1319.61,3775.5901,725.316,10574.5996,6098.02,3273.4299,1117.89,37585.0552,E3,N,N
03/16/2021,23:00,10697.9082,1364.4055,3724.6558,756.2808,10610.0742,5967.0776,3217.7014,1232.3993,37570.5028,M,Y,N
03/16/2021,24:00,9243.3799,1254.4469,3627.53,675.0016,9588.96,5077.2471,2722.0781,1100.5033,33289.1469,A3,N,N
03/16/2021,24:00,9117.332,1253.024,3652.938,653.3766,9758.6592,5170.8428,2772.7517,1083.7681,33462.6924,A6,N,N
03/16/2021,24:00,10228.5,1262.96,3557.05,718.467,9777.4697,5331.0498,2976.49,1216.96,35068.9465,E,N,N
03/16/2021,24:00,10773.2998,1411.65,3736.53,788.902,10661.5,6036.8701,3108.3999,1257.3,37774.4518,E1,N,N
03/16/2021,24:00,10018.7998,1253.78,3727.78,728.155,9550.6396,5306.8901,2997.8501,1167.48,34751.3746,E2,N,N
03/16/2021,24:00,10114.4004,1268.37,3725.8999,681.221,9741,5546.3999,3010.6399,1093.03,35180.9611,E3,N,N
03/16/2021,24:00,10092.5098,1279.5396,3673.1899,714.9487,9798.585,5435.3496,2975.0549,1164.093,35133.2705,M,Y,N
03/17/2021,1:00,8705.5518,1210.4731,3574.6472,657.2518,9065.9463,4610.1758,2463.3582,1080.3174,31367.7216,A3,N,N
03/17/2021,1:00,8443.6924,1196.5966,3594.0664,627.7849,9192.1738,4654.686,2559.0796,1075.6956,31343.7753,A6,N,N
03/17/2021,1:00,9588.5801,1176.39,3526.73,692.749,8968.0996,4846.5498,2746.03,1113.45,32658.5785,E,N,N
03/17/2021,1:00,10018.5996,1276.27,3695.51,742.297,9645.7002,5349.7998,2834.4399,1171.7,34734.3165,E1,N,N
03/17/2021,1:00,9483.1504,1160.13,3714.21,698.207,8849.6396,4885.1499,2755.21,1072.67,32618.3669,E2,N,N
03/17/2021,1:00,9419.3496,1194.75,3660.1799,682.935,8991.9697,4976.1001,2714.3201,1011.23,32650.8344,E3,N,N
03/17/2021,1:00,9463.2891,1193.6604,3634.0496,693.4164,9041.3828,4921.9468,2716.1147,1080.8396,32744.6994,M,Y,N
03/17/2021,2:00,8425.7314,1175.3639,3571.4636,659.2329,8839.8662,4444.4663,2337.5669,1078.684,30532.3752,A3,N,N
03/17/2021,2:00,8161.3794,1164.766,3585.0442,619.9093,8979.5635,4490.4009,2417.1943,1059.3628,30477.6204,A6,N,N
03/17/2021,2:00,9187.7695,1113.45,3501.6699,676.785,8437.8301,4546.7798,2575.3701,1046.59,31086.2444,E,N,N
03/17/2021,2:00,9447.79,1144.54,3675.55,722.456,8722.7305,4846.98,2573.6899,1113.87,32247.6064,E1,N,N
03/17/2021,2:00,9119.2695,1089.54,3741.1799,688.073,8338.6699,4592.9502,2561.77,1042.9399,31174.3924,E2,N,N
03/17/2021,2:00,9041.0303,1166.51,3661.6399,695.682,8650.0801,4729.6699,2514.05,914.731,31373.3932,E3,N,N
03/17/2021,2:00,9071.207,1132.363,3631.999,687.8461,8551.9697,4628.7808,2526.7046,1025.1345,31256.0047,M,Y,N
03/17/2021,3:00,8314.8271,1155.8815,3568.6152,664.5009,8806.54,4422.8149,2274.1863,1100.4364,30307.8023,A3,N,N
03/17/2021,3:00,8022.041,1132.9009,3587.0654,621.9379,8922.1143,4442.019,2336.4771,1066.1163,30130.6719,A6,N,N
03/17/2021,3:00,8913.5898,1081.04,3500.6799,672.993,8133.2998,4352.1401,2458.1001,1016.69,30128.5327,E,N,N
03/17/2021,3:00,9117.8398,1082.5601,3649.25,656.626,8249.8896,4386.9199,2433.77,1049.14,30625.9954,E1,N,N
03/17/2021,3:00,8929.96,1047.6899,3739.7,684.228,8075.6699,4467.54,2445.75,983.335,30373.8728,E2,N,N
03/17/2021,3:00,8819.0098,1108.53,3639.71,671.969,8371.6904,4495.0898,2405.2,935.552,30446.751,E3,N,N
03/17/2021,3:00,8844.7227,1089.1201,3622.2556,672.4384,8277.2188,4429.9092,2415.7571,1002.5913,30354.0132,M,Y,N
03/17/2021,4:00,8265.0039,1181.7775,3580.9761,678.0614,8908.6826,4461.9712,2229.137,1110.5647,30416.1744,A3,N,N
03/17/2021,4:00,8018.3184,1164.0555,3595.1619,632.1476,9015.5898,4469.7866,2276.5759,1073.7672,30245.4029,A6,N,N
03/17/2021,4:00,8847.6299,1079.23,3484.52,673.845,8135.7998,4296.5898,2410.3301,1019.83,29947.7746,E,N,N
03/17/2021,4:00,8975.4502,1074.67,3670.54,663.918,8218.6104,4270.7402,2385.8799,1038.98,30298.7887,E1,N,N
03/17/2021,4:00,8851.4102,1068.47,3729.78,703.627,8161.0601,4454.3701,2373.3701,962.582,30304.6695,E2,N,N
03/17/2021,4:00,8790.7998,1111.89,3657.71,679.49,8331.7998,4531.6201,2437.21,969.713,30510.2327,E3,N,N
03/17/2021,4:00,8777.5166,1096.9534,3624.4419,681.9879,8298.0762,4412.2339,2382.1045,1006.7244,30280.0388,M,Y,N
03/17/2021,5:00,8450.7295,1219.2251,3612.0479,714.4686,9347.5381,4618.1494,2239.1643,1138.8668,31340.1897,A3,N,N
03/17/2021,5:00,8206.9453,1197.0127,3618.6772,660.7325,9353.9453,4633.5313,2277.8953,1099.1808,31047.9204,A6,N,N
03/17/2021,5:00,8972.71,1108.6899,3496.3999,694.808,8391.9004,4345.5298,2404.28,1057.46,30471.778,E,N,N
03/17/2021,5:00,8942.71,1105.49,3623.29,705.566,8231.8896,4330.9502,2395.0601,1061.46,30396.4159,E1,N,N
03/17/2021,5:00,8962.6602,1090.25,3747.6101,732.242,8661.5498,4580.4502,2441.97,1017.93,31234.6623,E2,N,N
03/17/2021,5:00,8923.71,1124.36,3651.8899,693.612,8620.3701,4492.21,2414.8,953.679,30874.631,E3,N,N
03/17/2021,5:00,8888.9502,1121.4143,3628.3921,707.6698,8615.8838,4473.1851,2394.5405,1032.3081,30862.3439,M,Y,N
03/17/2021,6:00,8949.3271,1338.0652,3655.3174,781.1722,10174.1445,4995.252,2349.5217,1214.5179,33457.318,A3,N,N
03/17/2021,6:00,8691.6348,1287.6969,3644.6016,710.7912,10185.3281,5010.7632,2370.6985,1169.3865,33070.9008,A6,N,N
03/17/2021,6:00,9409.8096,1193.33,3606.8,756.642,9119.7402,4620.1299,2488.3301,1136.9399,32331.7217,E,N,N
03/17/2021,6:00,9211.0195,1160.71,3688.3701,743.846,8807.1699,4468.8301,2393.1399,1103.87,31576.9555,E1,N,N
03/17/2021,6:00,9420.6699,1156.89,3790.5901,790.378,9520.5996,4874.1499,2579.8799,1129.47,33262.6274,E2,N,N
03/17/2021,6:00,9288.4902,1205.47,3749.03,734.573,9207.3604,4771,2473.3101,1018.46,32447.6937,E3,N,N
03/17/2021,6:00,9299.7852,1201.2693,3704.5662,761.0255,9334.5898,4749.3301,2478.2126,1111.016,32639.7947,M,Y,N
03/17/2021,7:00,9633.4756,1507.7539,3720.667,867.3029,11245.1357,5566.6973,2551.5388,1342.0591,36434.6303,A3,N,N
03/17/2021,7:00,9366.7021,1423.8845,3697.0249,781.3379,11426.4766,5644.0107,2537.2449,1301.6429,36178.3245,A6,N,N
03/17/2021,7:00,10035.7002,1368.97,3732.3101,841.05,10402.4004,5121.2402,2729.52,1329.97,35561.1609,E,N,N
03/17/2021,7:00,9736.3398,1278.42,3765.3501,799.238,9821.3896,4946.2998,2594.3601,1158.8199,34100.2173,E1,N,N
03/17/2021,7:00,9922.75,1333.38,3840.4099,857.824,11201.2998,5337.3799,2810.8799,1143.8199,36447.7434,E2,N,N
03/17/2021,7:00,9878.7998,1326.9,3822.53,791.983,10321,5222.3901,2656.3899,1114.52,35134.5128,E3,N,N
03/17/2021,7:00,9880.5391,1355.5842,3784.5647,831.0319,10614.4912,5234.377,2692.4348,1209.6874,35602.7103,M,Y,N
03/17/2021,8:00,9866.498,1554.7549,3738.0696,916.6713,11910.748,5812.4331,2660.7864,1392.4392,37852.4005,A3,N,N
03/17/2021,8:00,9688.7275,1458.4567,3716.7595,853.3167,12302.0684,5935.7114,2637.0669,1350.4513,37942.5584,A6,N,N
03/17/2021,8:00,10394.2002,1442.22,3832.55,879.88,11147.2002,5406.8599,2859.47,1421.9,37384.2803,E,N,N
03/17/2021,8:00,10015.9004,1329.01,3630.6699,839.495,10624.0996,5255.0698,2724.24,1214.6,35633.0847,E1,N,N
03/17/2021,8:00,10472.2998,1421.87,3877.8401,897.165,11745.2998,5887.5698,2946.54,1167.26,38415.8445,E2,N,N
03/17/2021,8:00,10250.9004,1416.8199,3868.46,872.606,10920.7002,5616.6899,2840.3701,1191.35,36977.8965,E3,N,N
03/17/2021,8:00,10264.6504,1430.6981,3815.8049,881.9335,11270.1563,5611.2178,2834.7234,1271.0074,37380.1918,M,Y,N
03/17/2021,9:00,10124.9121,1558.4639,3670.012,946.0976,12064.3457,5921.3018,2677.1934,1340.8936,38303.2201,A3,N,N
03/17/2021,9:00,9870.6641,1466.4957,3789.2725,936.0515,12507.3594,6007.0571,2703.4705,1279.3406,38559.7114,A6,N,N
03/17/2021,9:00,10603.4004,1462.78,3767.0801,871.825,11015.5996,5428.0498,2846.72,1352.45,37347.9049,E,N,N
03/17/2021,9:00,10083.4004,1363.74,3801.3799,854.828,10818.0996,5437.8999,2742.3201,1241.91,36343.5779,E1,N,N
03/17/2021,9:00,10523.7002,1391.5699,3884.6299,891.599,11568.4004,5824.1699,2932.4199,1184.89,38201.3792,E2,N,N
03/17/2021,9:00,10378.2998,1399.55,3807.6499,867.659,11162.7002,5659.6899,2830.46,1169.8,37275.8088,E3,N,N
03/17/2021,9:00,10402.3896,1428.7505,3798.7642,882.8864,11296.9814,5647.8774,2829.8391,1249.6355,37537.1241,M,Y,N
03/17/2021,10:00,10211.5967,1533.1799,3661.2886,978.3198,12079.3125,5897.022,2775.2683,1285.8126,38421.8004,A3,N,N
03/17/2021,10:00,9907.0625,1470.4165,3804.6089,972.395,12468.0586,5950.2251,2798.9724,1212.0575,38583.7965,A6,N,N
03/17/2021,10:00,10694.2998,1480.16,3781.5,907.828,11202.2002,5481.5898,2893.5,1209.28,37650.3578,E,N,N
03/17/2021,10:00,10404.7998,1401.05,3828.8601,855.243,10960.9004,5531.1001,2870.3501,1187.15,37039.4535,E1,N,N
03/17/2021,10:00,10589.9004,1397.78,3820.3899,898.579,11489.2002,5719.6802,2901.55,1129.29,37946.3697,E2,N,N
03/17/2021,10:00,10575.5,1426.27,3797.3,940.449,11380,5710.21,2922.99,1126.02,37878.739,E3,N,N
03/17/2021,10:00,10541.9746,1442.8312,3786.0662,915.9094,11397.876,5656.3848,2885.2124,1175.2678,37801.5224,M,Y,N
03/17/2021,11:00,10257.2441,1512.7334,3621.6711,949.5184,11880.9395,5812.8584,2844.2683,1278.9069,38158.1401,A3,N,N
03/17/2021,11:00,10342.5107,1468.7936,3641.6672,948.6119,12306.0625,5867.7861,2851.762,1213.0956,38640.2896,A6,N,N
03/17/2021,11:00,11002.2998,1480.05,3738.46,906.458,11204,5537.1899,3003.8401,1171.91,38044.2078,E,N,N
03/17/2021,11:00,10809.0996,1421.39,3798.76,856.632,11060.0996,5629.5,3044.9299,1140.88,37761.2911,E1,N,N
03/17/2021,11:00,10712,1423.4,3829,909.312,11309.2002,5779.0298,2950.1101,1107.34,38019.3921,E2,N,N
03/17/2021,11:00,10882.5996,1422.58,3780.6599,905.836,11337.9004,5713.98,3053.6599,1085.15,38182.3658,E3,N,N
03/17/2021,11:00,10782.5176,1448.2729,3764.584,906.1703,11330.4043,5687.8447,2988.0522,1143.5734,38051.4194,M,Y,N
03/17/2021,12:00,10413.5127,1477.7384,3584.0073,918.7291,11615.0264,5750.3071,2945.6335,1254.6726,37959.6271,A3,N,N
03/17/2021,12:00,10499.7676,1447.5773,3600.0818,932.4451,12048.4727,5836.1763,2953.6768,1200.0364,38518.234,A6,N,N
03/17/2021,12:00,11199.4004,1465.95,3726.21,895.106,11206.2002,5579.75,3101.9099,1118.4,38292.9265,E,N,N
03/17/2021,12:00,11108.7998,1441.37,3758.55,864.486,11122.4004,5780.6201,3161.4099,1151.53,38389.1662,E1,N,N
03/17/2021,12:00,11049.5996,1402,3782.03,883.998,11270.0996,5697.5498,3129.9199,1101.05,38316.2469,E2,N,N
03/17/2021,12:00,11104.5996,1427.9399,3754.6201,908.119,11341.7998,5749.6201,3175.4199,1090.6,38552.7184,E3,N,N
03/17/2021,12:00,11028.6895,1438.861,3733.5347,894.7076,11296.7041,5698.0957,3115.1929,1128.2878,38334.0733,M,Y,N
03/17/2021,13:00,10420.4863,1457.0791,3529.0215,887.7785,11351.4697,5646.0254,3040.8494,1218.7223,37551.4322,A3,N,N
03/17/2021,13:00,10595.8857,1443.5865,3532.7456,913.0062,11753.2813,5739.8794,3033.9167,1180.4799,38192.7813,A6,N,N
03/17/2021,13:00,11329,1456.79,3681.9099,872.055,11067,5602.5898,3229.1101,1067.1,38305.5548,E,N,N
03/17/2021,13:00,11365.2002,1460.23,3773.8301,836.794,11314.7998,5755.23,3236.01,1127.12,38869.2141,E1,N,N
03/17/2021,13:00,11233.5,1408.0601,3738.3999,871.073,11188.9004,5820.3799,3213.4299,1077.35,38551.0932,E2,N,N
03/17/2021,13:00,11162.0996,1392.92,3658.4399,897.671,11245.2998,5768.23,3282.04,1035.96,38442.6603,E3,N,N
03/17/2021,13:00,11154.3613,1429.1062,3682.5439,875.7712,11208.584,5722.957,3215.7524,1088.3328,38377.4088,M,Y,N
03/17/2021,14:00,10491.916,1430.4636,3531.3511,853.1384,11113.1416,5569.1553,3109.948,1206.8282,37305.9422,A3,N,N
03/17/2021,14:00,10669.2588,1432.1134,3535.8381,879.5725,11435.4844,5652.3091,3084.3623,1180.8503,37869.7889,A6,N,N
03/17/2021,14:00,11540.2002,1457.24,3644.7,864.288,10937,5660.8901,3375.1101,1058.11,38537.5384,E,N,N
03/17/2021,14:00,11629.2002,1483.45,3755.29,836.456,11035,5831.2402,3440.79,1212.5601,39223.9865,E1,N,N
03/17/2021,14:00,11342.9004,1405.55,3806.5701,851.912,11071,5894.6802,3340.1201,1070.36,38783.0928,E2,N,N
03/17/2021,14:00,11466.2002,1413.08,3668.3401,890.369,11143.5996,5740.1499,3440.1899,1113.61,38875.5387,E3,N,N
03/17/2021,14:00,11352.4639,1433.2068,3690.7327,862.8416,11056.418,5748.9795,3357.6973,1112.9435,38615.2833,M,Y,N
03/17/2021,15:00,10597.04,1396.9434,3543.6838,832.7189,10952.7275,5562.5303,3171.7227,1198.0858,37255.4524,A3,N,N
03/17/2021,15:00,10736.2109,1416.9263,3572.9224,859.0076,11206.9033,5651.2744,3122.8794,1144.3318,37710.4561,A6,N,N
03/17/2021,15:00,11734.7002,1443.84,3651.71,845.83,10714.4004,5677.5601,3488.8501,1066.97,38623.8608,E,N,N
03/17/2021,15:00,11554.4004,1480.74,3759.78,846.19,10743.2002,5789.7402,3528.5601,1081.6,38784.2109,E1,N,N
03/17/2021,15:00,11476.2998,1418.27,3834.6001,848.808,11063,5845.25,3406.5601,1016.54,38909.328,E2,N,N
03/17/2021,15:00,11349.7998,1391.41,3729.6799,856.459,11007.5,5802.8501,3463.97,1135.11,38736.7788,E3,N,N
03/17/2021,15:00,11409.1309,1423.0905,3716.9304,847.6378,10908.2158,5750.4487,3427.3801,1089.6157,38572.4499,M,Y,N
03/17/2021,16:00,10762.2275,1360.2848,3561.1228,825.1716,10864.2031,5569.1313,3233.0786,1180.162,37355.3817,A3,N,N
03/17/2021,16:00,10778.6221,1413.5128,3601.3396,848.9503,11082.3643,5645.6797,3173.8311,1118.4567,37662.7566,A6,N,N
03/17/2021,16:00,11775.7002,1445.27,3655.54,837.412,10570.0996,5721.6001,3568.6299,1083.75,38658.0018,E,N,N
03/17/2021,16:00,11578,1491.64,3745.73,843.441,10776.7002,5893.0698,3640.95,1177.77,39147.301,E1,N,N
03/17/2021,16:00,11616.5996,1411.95,3716.6001,858.525,10969.2002,5889.3999,3467.1899,1038.67,38968.1347,E2,N,N
03/17/2021,16:00,11521.7998,1355.77,3705.1201,850.84,10883.7002,5716.3101,3552.24,1130.8,38716.5802,E3,N,N
03/17/2021,16:00,11521.0537,1409.7382,3682.6716,845.2708,10810.8623,5764.603,3506.2686,1108.0466,38648.5148,M,Y,N
03/17/2021,17:00,10729.9951,1353.7888,3583.2571,788.0562,10863.6416,5669.3887,3248.2515,1213.8098,37450.1888,A3,N,N
03/17/2021,17:00,10739.8555,1431.8505,3612.5957,788.696,11038.1689,5707.8687,3154.8174,1194.1686,37668.0213,A6,N,N
03/17/2021,17:00,11795.5,1453.25,3682.49,825.073,10630.2002,5825.9902,3613.26,1123.02,38948.7834,E,N,N
03/17/2021,17:00,11836.5996,1495.3101,3703.71,818.069,11297.2998,5953.5298,3693.8999,1145.89,39944.3082,E1,N,N
03/17/2021,17:00,11536.2002,1434.63,3765.72,843.224,11128.2002,6017.77,3510.8899,1086.25,39322.8843,E2,N,N
03/17/2021,17:00,11642,1376.33,3710.27,810.841,10767.2002,5930.4502,3701.6799,1147.33,39086.1013,E3,N,N
03/17/2021,17:00,11564.249,1422.1899,3700.4907,820.5501,10901.5176,5896.417,3574.2263,1134.1124,39013.753,M,Y,N
03/17/2021,18:00,10718.0342,1358.1836,3593.199,759.3069,11025.0205,5816.9736,3216.5688,1239.6936,37726.9802,A3,N,N
03/17/2021,18:00,10682.8818,1434.0229,3592.5476,760.3856,11203.375,5825.8589,3105.0444,1245.7399,37849.8561,A6,N,N
03/17/2021,18:00,11881.0996,1487.83,3696.03,819.463,10639.7998,6020.73,3585.27,1172.2,39302.4224,E,N,N
03/17/2021,18:00,11597.2002,1451.55,3711.0701,870.564,11214.0996,6101.1099,3735.47,1118.8,39799.8638,E1,N,N
03/17/2021,18:00,11505.2002,1433.85,3793.73,853.891,11184.9004,6130.3799,3534.71,1090.3101,39526.9716,E2,N,N
03/17/2021,18:00,11488.2998,1402.35,3751.7,793.975,10864,6070.73,3648.6799,1175.95,39195.6847,E3,N,N
03/17/2021,18:00,11508.0547,1432.2242,3723.3987,820.5662,10952.0645,6045.2207,3561.1699,1154.4268,39197.1257,M,Y,N
03/17/2021,19:00,10889.1143,1427.7928,3638.7671,789.5314,11382.5684,6098.6729,3237.7314,1225.4846,38689.6629,A3,N,N
03/17/2021,19:00,10844.8555,1491.2247,3619.1235,788.8457,11543.5078,6099.7651,3102.3855,1220.6638,38710.3716,A6,N,N
03/17/2021,19:00,11629.4004,1498.58,3679.53,812.083,10709.2998,6080.5,3514.7,1304.8101,39228.9033,E,N,N
03/17/2021,19:00,11419.4004,1482.21,3773.48,836.237,11001,6100.3599,3650.8799,1233.04,39496.6072,E1,N,N
03/17/2021,19:00,11211.0996,1426.97,3777.8101,829.744,11070.5996,6211.5098,3473.8301,1154.51,39156.0732,E2,N,N
03/17/2021,19:00,11204.5996,1377.8199,3727.51,778.85,10612,6094.7998,3545.05,1183.62,38524.2493,E3,N,N
03/17/2021,19:00,11299.8398,1439.5928,3722.7432,808.3904,10895.9209,6121.5811,3494.4714,1218.0505,39000.5901,M,Y,N
03/17/2021,20:00,10976.1973,1469.9537,3689.1104,831.1382,11620.3008,6333.5459,3312.4751,1248.5665,39481.2879,A3,N,N
03/17/2021,20:00,10937.6221,1520.7024,3638.2917,826.4078,11783.2129,6321.4297,3181.4446,1271.3844,39480.4956,A6,N,N
03/17/2021,20:00,11538.7998,1491.1,3670.3899,810.294,10831.4004,6109.98,3456.5901,1354.73,39263.2842,E,N,N
03/17/2021,20:00,11211.7998,1469.5,3852.28,798.535,10916.0996,6154.6001,3554.48,1260.4301,39217.7246,E1,N,N
03/17/2021,20:00,11175.2998,1414.1801,3768.6001,830.097,11005,6215.71,3391.52,1153.89,38954.297,E2,N,N
03/17/2021,20:00,11209.7002,1399.74,3812.3601,794.146,10975.4004,6097.6401,3447.6699,1174.25,38910.9067,E3,N,N
03/17/2021,20:00,11254.4492,1443.6868,3755.5115,812.3434,11020,6166.8506,3432.3145,1234.342,39119.498,M,Y,N
03/17/2021,21:00,10619.0586,1451.8448,3706.2771,813.3854,11408.5566,6201.2871,3248.8914,1235.3448,38684.6458,A3,N,N
03/17/2021,21:00,10693.3955,1490.0033,3680.0464,808.968,11590.1846,6236.54,3126.7046,1241.5175,38867.3599,A6,N,N
03/17/2021,21:00,11542.0996,1525.5601,3733.48,843.326,11233,6255.1802,3495.74,1450.61,40078.9959,E,N,N
03/17/2021,21:00,11322.0996,1476.95,3839.9399,846.322,11456.5996,6378.5498,3477.1799,1323.6899,40121.3307,E1,N,N
03/17/2021,21:00,11291.4004,1450.71,3772.21,832.344,11210.7002,6327.0498,3511.75,1250.78,39646.9444,E2,N,N
03/17/2021,21:00,11318.5996,1447.14,3869.8501,813.237,11221.7998,6306.2998,3537.4199,1179.77,39694.1162,E3,N,N
03/17/2021,21:00,11280.6699,1471.9519,3787.1621,829.6902,11274.5195,6294.6123,3476.9863,1290.1694,39705.7616,M,Y,N
03/17/2021,22:00,10206.5156,1389.6475,3703.4985,768.3153,10979.0576,5885.9805,3109.094,1210.0371,37252.1461,A3,N,N
03/17/2021,22:00,10292.8545,1411.4497,3726.625,755.1895,11188.9658,5942.1323,3009.3347,1171.6863,37498.2378,A6,N,N
03/17/2021,22:00,11139.2998,1461.72,3730.46,829.357,10940.5996,5967.02,3389.28,1453.73,38911.4664,E,N,N
03/17/2021,22:00,10969.5,1445.29,3800.3999,833.131,11020.9004,6037,3326.1799,1279.73,38712.1312,E1,N,N
03/17/2021,22:00,10922.5996,1396.4399,3807.0601,815.324,10896.2002,6042.4399,3373.8601,1240.23,38494.1538,E2,N,N
03/17/2021,22:00,10939.0996,1359.3101,3802.27,767.246,10856.2002,6090.7002,3343.79,1163.16,38321.7761,E3,N,N
03/17/2021,22:00,10897.252,1408.7347,3772.9346,803.1625,10923.2441,6015.4121,3331.1418,1275.5009,38427.3827,M,Y,N
03/17/2021,23:00,9648.8662,1316.1058,3670.6938,730.595,10367.9961,5477.7676,2888.2686,1165.6647,35265.9578,A3,N,N
03/17/2021,23:00,9727.6709,1335.7633,3702.3992,715.2598,10609.9824,5571.6343,2803.3347,1119.7394,35585.784,A6,N,N
03/17/2021,23:00,10445.2002,1351.1801,3652.22,784.639,10235.7002,5505.2402,3163.6201,1312.21,36450.0098,E,N,N
03/17/2021,23:00,10676.4004,1401.64,3776.9399,817.309,10690.2002,5789.8101,3183.23,1250.4,37585.9296,E1,N,N
03/17/2021,23:00,10427.2998,1325.3,3817.6299,779.859,10287.5996,5602.25,3160.1599,1166.72,36566.8182,E2,N,N
03/17/2021,23:00,10343.5,1303.33,3824.6201,744.794,10309,5729.0698,3174.73,1107.5,36536.5439,E3,N,N
03/17/2021,23:00,10344.6582,1334.6708,3754.5718,770.811,10340.3496,5617.5874,3133.5649,1198.6155,36494.8292,M,Y,N
03/17/2021,24:00,9101.8691,1253.8152,3618.8638,695.7261,9688.0469,5050.8169,2655.0349,1131.2666,33195.4395,A3,N,N
03/17/2021,24:00,9105.4893,1256.2164,3638.6548,667.8774,9945.6006,5145.2451,2585.6848,1089.4509,33434.2193,A6,N,N
03/17/2021,24:00,9812.0303,1234.83,3578.8301,743.157,9431.9199,5043.6401,2868.5901,1176.54,33889.5375,E,N,N
03/17/2021,24:00,10383.2998,1358,3753.47,801.487,10359.5,5542.6299,3040.28,1221.0601,36459.7268,E1,N,N
03/17/2021,24:00,9781.3701,1220.52,3764.5701,756.927,9528.7197,5204.9302,2903.75,1141,34301.7871,E2,N,N
03/17/2021,24:00,9870.75,1234.88,3753.95,706.235,9575.0996,5320.1299,2913.7,1055.29,34430.0345,E3,N,N
03/17/2021,24:00,9801.6836,1249.0344,3695.8792,738.7313,9639.8789,5216.3555,2883.4246,1137.2483,34362.2358,M,Y,N
03/18/2021,1:00,8580.7617,1229.0487,3573.4192,684.645,9214.4053,4615.771,2402.7891,1109.7336,31410.5736,A3,N,N
03/18/2021,1:00,8445.4736,1208.4063,3588.1328,651.15,9415.4053,4665.5288,2396.0654,1087.3413,31457.5035,A6,N,N
03/18/2021,1:00,9306.5596,1157.3,3542.01,711.913,8892.6699,4682.04,2628.52,1077.58,31998.5925,E,N,N
03/18/2021,1:00,9669.6904,1255.21,3738.5,767.468,9546.46,5034.52,2747.5,1152.6899,33912.0383,E1,N,N
03/18/2021,1:00,9308.8301,1150.92,3753.1001,742.295,9030.5996,4913.75,2698.53,1102.26,32700.2848,E2,N,N
03/18/2021,1:00,9297.04,1172.6801,3675.8,716.382,8969.71,4895.2402,2627.45,984.97,32339.2723,E3,N,N
03/18/2021,1:00,9259.4141,1180.7574,3656.7175,724.1617,9068.3535,4829.0439,2632.4111,1074.0054,32424.8646,M,Y,N
03/18/2021,2:00,8312.7783,1203.4833,3576.8757,692.1921,9083.8613,4466.1025,2282.6086,1106.0299,30723.9317,A3,N,N
03/18/2021,2:00,8168.6831,1182.6378,3586.49,651.1857,9291.8037,4521.2729,2273.7544,1078.1185,30753.9461,A6,N,N
03/18/2021,2:00,8983.9004,1115.85,3520.8501,693.672,8561.4199,4438.3101,2464.03,1031.84,30809.8725,E,N,N
03/18/2021,2:00,9119.2002,1164.39,3767.3899,756.102,8767.4404,4748.04,2510.3101,1107.5601,31940.4327,E1,N,N
03/18/2021,2:00,8963.9902,1100.74,3791.3,737.058,8752.6602,4639.27,2580.3999,1059.55,31624.9683,E2,N,N
03/18/2021,2:00,8916.1904,1150.26,3660.3501,730.187,8790.4004,4700.75,2443.8101,910.177,31302.125,E3,N,N
03/18/2021,2:00,8895.0176,1137.6967,3661.1582,721.266,8757.5332,4596.3501,2471.1748,1027.0906,31267.2872,M,Y,N
03/18/2021,3:00,8257.9238,1200.1901,3580.5103,708.3243,9164.3955,4446.7246,2227.0352,1128.5818,30713.6856,A3,N,N
03/18/2021,3:00,8030.3174,1153.1289,3595.0313,658.2272,9338.6191,4496.8887,2213.4285,1095.0618,30580.7029,A6,N,N
03/18/2021,3:00,8768.6797,1105.6801,3520.3201,686.63,8414.2305,4294.2202,2348.3701,994.412,30132.5427,E,N,N
03/18/2021,3:00,8869.25,1111.24,3728.73,727.807,8559.4199,4333.1299,2375.27,1058.34,30763.1868,E1,N,N
03/18/2021,3:00,8738.5303,1099.35,3763.22,722.027,8656.0596,4592.7402,2452.54,1021.2,31045.6671,E2,N,N
03/18/2021,3:00,8776.7598,1122.89,3681.3,713.514,8625.9502,4578.54,2341.6699,991.496,30832.1199,E3,N,N
03/18/2021,3:00,8711.8887,1120.9088,3654.865,710.0591,8639.5361,4463.8569,2360.9331,1025.1422,30687.1899,M,Y,N
03/18/2021,4:00,8296.3477,1239.4888,3600.9563,724.7617,9402.166,4517.4683,2191.9639,1138.9633,31112.116,A3,N,N
03/18/2021,4:00,8028.9199,1187.0851,3610.3054,673.3635,9576.6514,4601.5283,2180.3589,1107.4532,30965.6657,A6,N,N
03/18/2021,4:00,8729.0195,1112.5699,3541.0601,692.501,8459.9102,4291.2798,2308.8201,1001.99,30137.1506,E,N,N
03/18/2021,4:00,8825.0596,1111.98,3732.98,734.491,8675.7002,4259.0601,2295.1001,1074.27,30708.641,E1,N,N
03/18/2021,4:00,8715.79,1100.6899,3794.0801,740.384,8789.6396,4490.6201,2368.3201,1067.3,31066.8238,E2,N,N
03/18/2021,4:00,8737.3398,1129.9399,3697.26,717.251,8703.2402,4595.6001,2334.3999,984.803,30899.8339,E3,N,N
03/18/2021,4:00,8685.7129,1129.7335,3674.842,719.9406,8747.9316,4441.4409,2313.7681,1040.1775,30753.5471,M,Y,N
03/18/2021,5:00,8495.7607,1292.7679,3639.4282,759.5675,9884.9199,4710.3198,2205.9265,1172.6854,32161.3759,A3,N,N
03/18/2021,5:00,8209.4736,1211.2356,3641.0186,705.6501,10103.7432,4904.3784,2196.2979,1141.1719,32112.9693,A6,N,N
03/18/2021,5:00,8884.5303,1153.86,3566.8501,719.502,8734.3799,4409.7202,2306.0801,1037.73,30812.6526,E,N,N
03/18/2021,5:00,8817.5801,1169.98,3703.97,760.814,8889.1201,4324.2798,2343.26,1072.21,31081.214,E1,N,N
03/18/2021,5:00,8781.5498,1147.98,3776.5,767.069,9383.0703,4661.71,2408.72,1073.5,32000.0991,E2,N,N
03/18/2021,5:00,8899.4805,1162.76,3732.3799,738.323,9081.2998,4589.5098,2321.1899,1047.0699,31572.0128,E3,N,N
03/18/2021,5:00,8805.5576,1173.9934,3686.8572,746.2712,9146.4424,4544.5596,2327.646,1070.1869,31501.5143,M,Y,N
03/18/2021,6:00,8992.8027,1423.7405,3672.3677,819.757,10872.1572,5122.0381,2322.1802,1250.6326,34475.676,A3,N,N
03/18/2021,6:00,8689.3223,1313.3298,3673.4778,757.7244,11228.3916,5557.7661,2302.4209,1216.9957,34739.4286,A6,N,N
03/18/2021,6:00,9381.6299,1253.64,3646.47,782.756,9631.4805,4811.0698,2422.3501,1134.29,33063.6863,E,N,N
03/18/2021,6:00,9190.5303,1258.1,3774.01,797.233,9488,4496.75,2386.3401,1108.5,32499.4634,E1,N,N
03/18/2021,6:00,9249.04,1238.3,3846.3501,842.77,10231.2998,5012.1699,2508.49,1230.13,34158.5498,E2,N,N
03/18/2021,6:00,9249.4697,1297.46,3800.4199,792.297,9727.8096,4950.3701,2436.6699,1038.16,33292.6562,E3,N,N
03/18/2021,6:00,9242.9512,1282.5801,3754.1072,806.5795,9942.667,4895.751,2430.4426,1145.5366,33500.6152,M,Y,N
03/18/2021,7:00,9704.4053,1607.4163,3717.688,903.6676,11992.2813,5761.1885,2525.0095,1381.7882,37593.4447,A3,N,N
03/18/2021,7:00,9370.8818,1481.0195,3918.6748,836.6525,12579.2139,6239.375,2480.4353,1387.8473,38294.1001,A6,N,N
03/18/2021,7:00,10148,1451.9301,3765.02,866.28,10951.7002,5478.3101,2663.0901,1296.76,36621.0905,E,N,N
03/18/2021,7:00,9668.4102,1403.17,3787.8701,865.834,10499.2998,5104.75,2574.1101,1198.67,35102.1142,E1,N,N
03/18/2021,7:00,9863.4902,1426.85,3867.8401,891.641,11674.7998,5077.8999,2752.0901,1208.15,36762.7611,E2,N,N
03/18/2021,7:00,9897.7402,1416.79,3866.8701,844.88,10973,5294.6001,2623.5,1154.11,36071.4904,E3,N,N
03/18/2021,7:00,9898.9102,1450.2158,3813.1274,871.8879,11211.3223,5320.9448,2647.0601,1237.3123,36450.7808,M,Y,N
03/18/2021,8:00,9949.9727,1688.4148,3727.5398,944.5866,12730.7998,6130.7012,2636.1138,1433.5038,39241.6325,A3,N,N
03/18/2021,8:00,9705.7549,1543.1858,3930.8108,909.6386,13439.6709,6719.1006,2593.76,1452.0614,40293.983,A6,N,N
03/18/2021,8:00,10544.0996,1542.41,3850.8701,901.359,11671.5996,5915.8301,2781.96,1369.21,38577.3384,E,N,N
03/18/2021,8:00,10058.7998,1459.5699,3820.8701,904.961,11312.7002,5372.1201,2692.8701,1243.3101,36865.2013,E1,N,N
03/18/2021,8:00,10329.2998,1493.79,3908.0701,949.986,12500.2002,5923.5601,2920.73,1220.9399,39246.5761,E2,N,N
03/18/2021,8:00,10292.2002,1514.89,3919.49,891.027,11668.9004,5751.8599,2746.22,1240.04,38024.6275,E3,N,N
03/18/2021,8:00,10292.4961,1531.2706,3863.1589,916.7865,11965.6133,5835.665,2778.3503,1292.1492,38475.4899,M,Y,N
03/18/2021,9:00,10232.0293,1717.3678,3660.9587,975.5493,12870.2949,6300.9233,2654.0632,1381.0941,39792.2806,A3,N,N
03/18/2021,9:00,9894.6455,1554.1576,3822.4155,996.6216,13648.9092,6848.1567,2672.1887,1378.3656,40815.4604,A6,N,N
03/18/2021,9:00,10568.7998,1512.5699,3787.3601,906.087,11439.5996,5741.48,2756.97,1311.77,38024.6364,E,N,N
03/18/2021,9:00,10203.7002,1471.21,3921.77,930.292,11439.7002,5633.3398,2718.3401,1250.15,37568.5023,E1,N,N
03/18/2021,9:00,10444.2002,1463.62,3896.8,932.516,12462,5967.8701,2869.3799,1223.45,39259.8362,E2,N,N
03/18/2021,9:00,10455.2002,1500.45,3856.46,904.376,11784.9004,5971.96,2765.6299,1208.7,38447.6765,E3,N,N
03/18/2021,9:00,10421.5156,1517.7322,3832.9961,923.9749,11960.373,5912.1104,2769.5452,1264.8855,38603.1329,M,Y,N
03/18/2021,10:00,10339.5049,1722.6177,3653.2661,1013.0807,12943.4502,6269.6899,2741.4187,1328.2102,40011.2384,A3,N,N
03/18/2021,10:00,9920.874,1522.3287,3837.5815,1036.2612,13749.7764,6718.3511,2756.9973,1314.9481,40857.1183,A6,N,N
03/18/2021,10:00,10838.7998,1533.03,3801.3999,933.524,11604.7002,5828.6699,2796.6699,1203.39,38540.1837,E,N,N
03/18/2021,10:00,10516.7002,1476.05,3891.6799,919.967,11627,5642.5098,2760.47,1151.71,37986.0869,E1,N,N
03/18/2021,10:00,10564.5,1491.77,3858.51,950.293,12254.2998,5928.4902,2827.76,1163.45,39039.073,E2,N,N
03/18/2021,10:00,10566.2998,1518.9399,3840.6899,971.775,11941.2002,5826.5098,2768.02,1148.83,38582.2646,E3,N,N
03/18/2021,10:00,10599.4258,1535.7684,3818.2681,955.5289,12021.3564,5884.9424,2785.8486,1188.9075,38790.0461,M,Y,N
03/18/2021,11:00,10354.9902,1681.4545,3634.8364,989.553,12554.3281,6122.584,2795.2905,1317.9788,39451.0155,A3,N,N
03/18/2021,11:00,10326.9297,1503.5647,3878.4514,1003.9713,13182.3633,6532.5508,2789.7471,1301.6436,40519.2219,A6,N,N
03/18/2021,11:00,10996.2002,1514.1899,3756.1699,928.137,11478.2002,5770.5498,2852.6299,1165.71,38461.7869,E,N,N
03/18/2021,11:00,10759.0996,1458.9,3880.5901,926.278,11557.5,5581.0801,2892.4299,1166.16,38222.0377,E1,N,N
03/18/2021,11:00,10658.5,1483.39,3843.3201,952.08,11982.5996,5867.5298,2862.3201,1155.23,38804.9696,E2,N,N
03/18/2021,11:00,10864.2002,1490.26,3824.04,951.445,11781.4004,5796.3301,2874.6299,1099.4399,38681.7455,E3,N,N
03/18/2021,11:00,10768.9863,1514.5044,3795.3108,947.3944,11824.5273,5821.5605,2858.3601,1165.6123,38696.2561,M,Y,N
03/18/2021,12:00,10310.749,1598.0933,3597.4678,960.1426,12059.168,5993.2852,2874.3894,1295.1726,38688.4679,A3,N,N
03/18/2021,12:00,10442.6055,1487.731,3676.7512,984.9102,12575.168,6331.1538,2864.5886,1252.9657,39615.874,A6,N,N
03/18/2021,12:00,11138.2998,1475.8101,3717.55,904.02,11305.0996,5720.48,2896.48,1127.42,38285.1595,E,N,N
03/18/2021,12:00,10882.4004,1454.8101,3827.1299,915.802,11445.7002,5675.0801,2921,1164.65,38286.5727,E1,N,N
03/18/2021,12:00,10905.0996,1442.5699,3794.24,927.626,11801.5,5790.7998,2969.78,1112.64,38744.2553,E2,N,N
03/18/2021,12:00,10979.7002,1451.73,3792.6599,935.106,11735.9004,5743.75,2955.52,1100.47,38694.8365,E3,N,N
03/18/2021,12:00,10904.9189,1474.1404,3754.1873,926.181,11648.7324,5772.3032,2929.8687,1142.6104,38552.9423,M,Y,N
03/18/2021,13:00,10129.6846,1548.7218,3538.8672,920.8875,11675.876,5804.8423,2942.5073,1252.0126,37813.3993,A3,N,N
03/18/2021,13:00,10480.6836,1487.8715,3548.8057,947.7634,12183.4209,6037.1177,2910.6184,1218.9537,38815.2349,A6,N,N
03/18/2021,13:00,11196.7998,1432.85,3676.1101,881.628,11032.0996,5621.25,2923.22,1055.9,37819.8575,E,N,N
03/18/2021,13:00,10924.2998,1407.47,3863.73,893.327,11426.0996,5553.0801,2970.8301,1145.87,38184.7066,E1,N,N
03/18/2021,13:00,11006.2998,1441.65,3762.49,903.288,11646.9004,5772.4302,3003.6399,1068.3,38604.9983,E2,N,N
03/18/2021,13:00,10965.2998,1420.55,3693.8501,928.398,11528.9004,5650.5098,3068.02,1025.49,38281.0181,E3,N,N
03/18/2021,13:00,10923.8486,1443.2864,3708.4375,905.1053,11439.7207,5680.7876,2987.8872,1087.1578,38176.2311,M,Y,N
03/18/2021,14:00,10140.7979,1502.0286,3535.3064,878.5813,11322.7852,5662.4385,2987.3401,1236.2097,37265.4877,A3,N,N
03/18/2021,14:00,10515.4375,1459.032,3547.0681,905.2175,11758.1973,5853.667,2931.2344,1209.3188,38179.1726,A6,N,N
03/18/2021,14:00,11306.5,1412.58,3650.4299,869.609,10736,5611.6299,2983.3401,1032.62,37602.7089,E,N,N
03/18/2021,14:00,11093.9004,1417.27,3810.5901,882.639,11102.5,5521.4102,3056.0801,1123.01,38007.3998,E1,N,N
03/18/2021,14:00,11090.2002,1422.55,3811.6499,886.137,11465.2998,5873.0298,3110.8401,1039.35,38699.0568,E2,N,N
03/18/2021,14:00,11236.2998,1407.8101,3760.8999,910.218,11280.7002,5521.2798,3112.3,1106.59,38336.0978,E3,N,N
03/18/2021,14:00,11062.5869,1425.6473,3723.9819,886.6436,11173.6602,5649.4658,3057.0476,1089.5425,38068.5758,M,Y,N
03/18/2021,15:00,10145.4648,1449.0211,3542.4905,852.2076,11073.3086,5590.8267,3022.1885,1223.2308,36898.7386,A3,N,N
03/18/2021,15:00,10521.2109,1430.2356,3579.3118,878.3102,11442.0771,5777.1733,2943.5635,1163.7177,37735.6001,A6,N,N
03/18/2021,15:00,11355.5996,1394.0601,3628,840.662,10561.5,5576.48,3056.9299,1000.13,37413.3616,E,N,N
03/18/2021,15:00,11183.0996,1386.78,3828.28,870.628,11010,5498.1001,3154.8301,1074.47,38006.1878,E1,N,N
03/18/2021,15:00,11013.2002,1424.71,3853.78,873.96,11424.5,5777.0601,3162.5,1009.89,38539.6003,E2,N,N
03/18/2021,15:00,11048.5,1378.64,3772.46,873.791,11106.4004,5532.9399,3098.96,1077.1,37888.7913,E3,N,N
03/18/2021,15:00,11020.3955,1403.8276,3734.9063,862.4577,11033.5137,5607.7358,3101.7249,1058.9927,37823.5542,M,Y,N
03/18/2021,16:00,10200.9639,1397.5715,3555.6587,840.0645,10904.5762,5534.895,3053.4539,1202.4739,36689.6576,A3,N,N
03/18/2021,16:00,10545.0879,1414.8469,3603.26,863.2151,11220.6992,5687.1465,2966.229,1130.5328,37431.0174,A6,N,N
03/18/2021,16:00,11487.0996,1389.83,3601.01,830.013,10434.2998,5615.7202,3117.05,991.753,37466.7756,E,N,N
03/18/2021,16:00,11128.2002,1394.24,3825.1101,849.848,10789,5573.6499,3228.1299,1118.78,37906.9581,E1,N,N
03/18/2021,16:00,11043.2002,1399.8,3755.8301,865.373,11209.2998,5732.1602,3196.8201,1026.21,38228.6934,E2,N,N
03/18/2021,16:00,11154.4004,1326.51,3691.4199,857.058,10957.2002,5411.73,3152.21,1059.9301,37610.4586,E3,N,N
03/18/2021,16:00,11087.3203,1378.0115,3684.6611,849.3501,10861.8965,5578.4707,3151.718,1059.63,37651.0582,M,Y,N
03/18/2021,17:00,10168.0566,1377.569,3573.2546,798.9598,10855.3555,5575.793,3058.3955,1234.385,36641.769,A3,N,N
03/18/2021,17:00,10491.5879,1428.2686,3610.3296,798.6039,11115.791,5680.5806,2941.1794,1200.4042,37266.7452,A6,N,N
03/18/2021,17:00,11612.7998,1405.24,3601.78,819.916,10465.2002,5743.0898,3166.3501,1011.9,37826.2759,E,N,N
03/18/2021,17:00,11257.2002,1387.0601,3693.8,845.621,10788.2998,5786.54,3277.3799,1069.86,38105.761,E1,N,N
03/18/2021,17:00,10894.5996,1407.64,3789.0601,859.627,11225.7998,5875.8501,3202.97,1079.62,38335.1666,E2,N,N
03/18/2021,17:00,11256.5996,1356.6899,3727.95,819.239,10808.5,5599.8799,3146.24,1042.73,37757.8284,E3,N,N
03/18/2021,17:00,11119.1563,1387.9711,3688.0793,830.2681,10830.332,5724.9961,3170.8621,1071.5931,37823.2581,M,Y,N
03/18/2021,18:00,10137.6553,1365.4592,3581.0986,767.6666,11009.6982,5675.4507,3024.7344,1259.0205,36820.7835,A3,N,N
03/18/2021,18:00,10432.5049,1429.0338,3586.7454,767.4791,11256.3936,5741.8843,2886.2075,1247.2041,37347.4527,A6,N,N
03/18/2021,18:00,11546.7002,1386.09,3617.4299,816.449,10439.5,5893.6001,3180.26,1016.09,37896.1192,E,N,N
03/18/2021,18:00,11080.5,1404.85,3746.3101,865.076,11082.0996,5639.8301,3216.78,1101.65,38137.0958,E1,N,N
03/18/2021,18:00,10791,1404.24,3740.9299,852.949,11297.0996,5849.8799,3142.21,1075.33,38153.6384,E2,N,N
03/18/2021,18:00,10868.2002,1372,3758.72,810.179,10747.5,5712.8901,3193.0601,1112.17,37574.7194,E3,N,N
03/18/2021,18:00,10953.7441,1386.8711,3695.196,823.987,10882.5,5778.5029,3159.0718,1095.9813,37775.8542,M,Y,N
03/18/2021,19:00,10369.6865,1428.0198,3630.0183,801.1117,11384.3008,5911.5425,3030.9495,1247.6672,37803.2963,A3,N,N
03/18/2021,19:00,10596.334,1489.0345,3612.6545,797.2235,11607.4561,5972.5327,2871.4626,1218.8059,38165.5038,A6,N,N
03/18/2021,19:00,11193.5,1390.51,3606.6101,794.89,10517.9004,5959.1899,3138.0901,1102.58,37703.2705,E,N,N
03/18/2021,19:00,10939.2002,1414.97,3802.04,852.554,11053.5996,5731.6602,3115.6101,1189.64,38099.2741,E1,N,N
03/18/2021,19:00,10618.2002,1416.65,3753.8799,873.268,11260.7998,5937.5098,3143.6899,1140.9,38144.8976,E2,N,N
03/18/2021,19:00,10746.2002,1361.42,3748.9199,805.784,10591.9004,5716.5601,3049.73,1133.98,37154.4946,E3,N,N
03/18/2021,19:00,10803.0859,1397.5187,3706.3599,825.1937,10897.3887,5858.7153,3101.1978,1149.0284,37738.4884,M,Y,N
03/18/2021,20:00,10532.3135,1473.9381,3678.7251,847.9112,11669.7178,6148.8745,3100.1321,1270.8983,38722.5106,A3,N,N
03/18/2021,20:00,10711.0254,1529.002,3631.0266,837.1577,11887.7061,6221.5874,2943.9443,1268.7689,39030.2184,A6,N,N
03/18/2021,20:00,11063.7998,1421.1801,3638.0901,798.05,10726.5,5994.2002,3098.46,1168.23,37908.5102,E,N,N
03/18/2021,20:00,10940,1467.02,3850.3601,837.881,11102.7002,5912.9199,3111.4199,1214.37,38436.6711,E1,N,N
03/18/2021,20:00,10643,1409.53,3785.03,861.088,11294,5960.3398,3095.95,1148.77,38197.7078,E2,N,N
03/18/2021,20:00,10835.7002,1400.38,3787.73,803.055,11035.7998,5820.0098,3046.04,1119.4399,37848.1547,E3,N,N
03/18/2021,20:00,10819.6641,1425.3923,3743.8481,826.2723,11110.6279,5951.3618,3086.5564,1169.7686,38133.4915,M,Y,N
03/18/2021,21:00,10234.8984,1472.0131,3697.0471,840.7742,11546.0586,6061.2334,3054.2781,1260.4598,38166.7627,A3,N,N
03/18/2021,21:00,10478.1152,1512.6077,3673.1653,828.4602,11788.3467,6170.8369,2906.2197,1242.0156,38599.7673,A6,N,N
03/18/2021,21:00,11150.2002,1478.04,3732.6001,832.701,11129.7998,6183.1602,3161.97,1243.08,38911.5513,E,N,N
03/18/2021,21:00,10931.0996,1508.49,3900.4399,864.275,11577.9004,6107.4502,3211.6201,1302.53,39403.8052,E1,N,N
03/18/2021,21:00,10790.5996,1453.47,3792.73,871.697,11526.2002,6078.0498,3186.3301,1234.79,38933.8667,E2,N,N
03/18/2021,21:00,11053.5,1464.26,3886.76,829.618,11412,6072.6802,3144.72,1121,38984.5382,E3,N,N
03/18/2021,21:00,10894.3242,1471.5054,3802.7085,846.6351,11407.4941,6104.5576,3156.4922,1220.0912,38903.8083,M,Y,N
03/18/2021,22:00,9860.1016,1419.2225,3698.9858,804.1946,11192.9883,5846.6426,2951.7446,1235.5166,37009.3966,A3,N,N
03/18/2021,22:00,10113.208,1446.2347,3722.1895,781.4233,11469.9082,5979.4741,2824.7122,1177.8438,37514.9938,A6,N,N
03/18/2021,22:00,10811.7998,1427.97,3733.3701,827.036,10911,5982.7402,3085.5601,1237.72,38017.1962,E,N,N
03/18/2021,22:00,10694.7002,1435.14,3822.2,868.319,11208.5996,5848.2202,3158.3701,1261.98,38297.5291,E1,N,N
03/18/2021,22:00,10589.2002,1406.52,3799.6001,867.072,11246.2998,5879.5601,3113.8799,1212.55,38114.6821,E2,N,N
03/18/2021,22:00,10778.9004,1395.66,3849.0701,795.558,11074.7002,5838.6401,3052.05,1126.15,37910.7288,E3,N,N
03/18/2021,22:00,10614.3262,1414.3329,3785.6584,831.4807,11108.1982,5887.0933,3076.637,1206.2921,37924.0188,M,Y,N
03/18/2021,23:00,9436.4795,1350.858,3669.0942,775.3364,10610.1211,5523.9082,2766.9565,1190.6337,35323.3876,A3,N,N
03/18/2021,23:00,9570.5479,1378.0353,3700.2583,752.8145,10923.2793,5675.0854,2664.9912,1130.7738,35795.7857,A6,N,N
03/18/2021,23:00,10359.7002,1355.03,3677.3401,797.059,10305.4004,5614.0801,2939.03,1166.0699,36213.7097,E,N,N
03/18/2021,23:00,10396.5,1403.6,3788.72,845.297,10901.4004,5625.27,3035.23,1233.6899,37229.7073,E1,N,N
03/18/2021,23:00,10119.7002,1342.95,3811.5601,838.909,10751.5,5548.71,2962.99,1185.28,36561.5993,E2,N,N
03/18/2021,23:00,10344.4004,1317.61,3850.51,787.3,10672.0996,5730.3901,2974.6899,1080.91,36757.91,E3,N,N
03/18/2021,23:00,10185.0723,1348.2047,3767.0791,808.3962,10621.1895,5616.9424,2944.4507,1161.1055,36452.4404,M,Y,N
03/18/2021,24:00,9014.8643,1295.4753,3618.6941,754.441,9987.2861,5179.5933,2568.6555,1155.8075,33574.8171,A3,N,N
03/18/2021,24:00,8976.1152,1294.886,3637.9844,712.5853,10326.8164,5332.1128,2488.8442,1105.364,33874.7083,A6,N,N
03/18/2021,24:00,9789.0801,1265.23,3617.5701,768.432,9625.3496,5145.7002,2730.76,1078.64,34020.762,E,N,N
03/18/2021,24:00,10098.4004,1372.0601,3755.24,822.275,10594.2002,5402.3301,2912.0901,1205.4,36161.9959,E1,N,N
03/18/2021,24:00,9673.75,1268.8101,3773.1499,811.349,10041.2002,5201.1899,2762.0601,1137.8,34669.3092,E2,N,N
03/18/2021,24:00,9868.9004,1285.62,3761.6899,750.281,10011.0996,5328,2775.3501,1051.4,34832.341,E3,N,N
03/18/2021,24:00,9722.0898,1288.3569,3709.8442,779.605,9992.0977,5241.4629,2752.1357,1112.111,34597.7032,M,Y,N
