DeliveryDate,HourEnding,Coast,East,FarWest,North,NorthCentral,SouthCentral,Southern,West,SystemTotal,Model,InUseFlag,DSTFlag
11/26/2019,1:00,9376.5469,1204.9403,3527.7932,726.4816,9089.1768,4782.9019,2618.0708,1180.7137,32506.6252,A3,N,N
11/26/2019,1:00,9406.0586,1190.8395,3570.3506,731.3799,9112.0508,4840.6621,2696.5186,1248.9821,32796.8422,A6,N,N
11/26/2019,1:00,9485.4902,1159.14,3568.51,755.209,9202.5703,4801.73,2676.9299,1209.14,32858.7194,E,N,N
11/26/2019,1:00,9579.7002,1152.64,3567.8601,753.327,9308.6504,4865.4302,2679.1899,1222.97,33129.7678,E1,N,N
11/26/2019,1:00,9485.5,1169.53,3567.8799,755.209,9202.4199,4801.73,2677.24,1214.1899,32873.6987,E2,N,N
11/26/2019,1:00,9588.2695,1153.52,3567.48,748.569,9288.4404,4870.8799,2681.04,1230.41,33128.6088,E3,N,N
11/26/2019,1:00,9482.1123,1169.7064,3557.7476,750.2297,9236.7578,4835.2119,2664.7041,1214.5187,32910.9885,M,Y,N
11/26/2019,2:00,9305.0615,1120.9629,3569.3508,756.0814,9008.3926,4599.0781,2580.8313,1154.9099,32094.6685,A3,N,N
11/26/2019,2:00,9243.5479,1139.1409,3576.5435,754.7472,9007.2139,4564.751,2585.7446,1157.9906,32029.6796,A6,N,N
11/26/2019,2:00,9254.9697,1128.83,3572.99,753.313,8944.8896,4563.27,2581.71,1171.1,31971.0723,E,N,N
11/26/2019,2:00,9246.5801,1109.35,3562.6101,760.764,8935.21,4500.5601,2584.04,1125.27,31824.3843,E1,N,N
11/26/2019,2:00,9255.0098,1131.11,3572.72,753.313,8944.79,4563.27,2582.5801,1169.66,31972.4529,E2,N,N
11/26/2019,2:00,9240.3799,1101.8101,3561.97,770.337,8945.79,4496.48,2578.45,1128.12,31823.337,E3,N,N
11/26/2019,2:00,9261.3535,1115.239,3566.4402,759.4131,8947.0332,4534.582,2580.2529,1147.2625,31911.5764,M,Y,N
11/26/2019,3:00,9144.2725,1086.1389,3539.8335,753.1655,8736.1816,4470.8389,2491.5552,1160.7375,31382.7236,A3,N,N
11/26/2019,3:00,9205.1211,1063.2572,3528.6113,750.681,8731.9277,4390.1216,2480.7949,1178.3965,31328.9113,A6,N,N
11/26/2019,3:00,9151.96,1125.42,3547.1001,755.443,8806.5801,4512.5601,2475.8101,1157.97,31532.8434,E,N,N
11/26/2019,3:00,9212.46,1073.23,3558.7,765.136,8809.9902,4514.3101,2467.3301,1157.2,31558.3564,E1,N,N
11/26/2019,3:00,9151.9502,1111.74,3546.79,755.443,8806.7998,4512.5601,2475.74,1145.14,31506.1631,E2,N,N
11/26/2019,3:00,9173.3604,1078.11,3563.5701,771.157,8811.0498,4462.4502,2481.47,1122.5601,31463.7276,E3,N,N
11/26/2019,3:00,9165.4121,1088.0358,3552.0747,761.311,8802.751,4497.4844,2479.7852,1145.7264,31492.5806,M,Y,N
11/26/2019,4:00,9151.0752,1093.0352,3520.022,750.1224,8758.4639,4440.0635,2413.7817,1159.6733,31286.2372,A3,N,N
11/26/2019,4:00,9102.9775,1093.9432,3506.2146,755.3261,8725.7285,4398.7886,2402.605,1184.6633,31170.2468,A6,N,N
11/26/2019,4:00,9103.3604,1093.9,3540.27,754.85,8735.2402,4392.25,2411.8401,1143.55,31175.2607,E,N,N
11/26/2019,4:00,9128.4102,1047.3199,3554.23,753.467,8715.9805,4410.6899,2394.1201,1165.59,31169.8076,E1,N,N
11/26/2019,4:00,9103.3496,1088.6801,3540.4099,754.85,8735.1797,4392.25,2411.5,1150.29,31176.5093,E2,N,N
11/26/2019,4:00,9126.5303,1050.59,3559.4199,760.698,8717.3896,4399.6201,2407.6599,1148.41,31170.3178,E3,N,N
11/26/2019,4:00,9116.7861,1070.5588,3543.5029,755.3753,8728.2959,4404.6792,2406.8079,1153.9651,31179.9712,M,Y,N
11/26/2019,5:00,9284.7461,1107.1162,3546.7498,756.1239,8969.1592,4446.9854,2431.7158,1164.4404,31707.0368,A3,N,N
11/26/2019,5:00,9370.2354,1103.7268,3551.4766,757.0156,8913.3613,4409.7393,2424.2271,1177.8563,31707.6384,A6,N,N
11/26/2019,5:00,9322.5098,1134.22,3533.5601,762.687,8991.8203,4415.8999,2461,1164.15,31785.8471,E,N,N
11/26/2019,5:00,9335.8496,1116.83,3557.7,746.507,9029.4502,4412.6299,2439.1599,1151.15,31789.2766,E1,N,N
11/26/2019,5:00,9322.4902,1125.51,3533.6499,762.687,8991.9297,4415.8999,2461.9099,1166.77,31780.8466,E2,N,N
11/26/2019,5:00,9327.5195,1098.77,3565.05,759.352,9017.3301,4429.2402,2420.5,1160.9,31778.6618,E3,N,N
11/26/2019,5:00,9324.8369,1113.49,3550.6089,757.3738,9006.5859,4422.6421,2438.2078,1160.2874,31774.0328,M,Y,N
11/26/2019,6:00,9932.9541,1168.1331,3565.2651,792.1992,9665.1729,4809.3823,2581.946,1205.1953,33720.248,A3,N,N
11/26/2019,6:00,9885.5146,1161.6276,3579.1936,784.4481,9664.623,4813.2563,2564.5574,1203.0704,33656.291,A6,N,N
11/26/2019,6:00,9830.3701,1191.59,3556.1899,815.426,9677.2598,4822.5098,2574.0801,1205.96,33673.3857,E,N,N
11/26/2019,6:00,9787.6797,1132.53,3581.97,823.803,9611.1797,4836.8701,2626.73,1203.3199,33604.0824,E1,N,N
11/26/2019,6:00,9830.4805,1183.53,3556.1499,815.426,9677.1699,4822.5098,2573.1399,1216.74,33675.146,E2,N,N
11/26/2019,6:00,9805.4404,1154.23,3588.4399,819.5,9633.5303,4799.4102,2602.8201,1205.34,33608.7109,E3,N,N
11/26/2019,6:00,9824.335,1159.6661,3572.7822,816.275,9649.4795,4818.6113,2592.8718,1207.9065,33641.9274,M,Y,N
11/26/2019,7:00,10472.2842,1317.629,3611.2834,837.748,10522.4805,5302.4673,2795.7322,1268.546,36128.1706,A3,N,N
11/26/2019,7:00,10454.1338,1289.071,3603.512,822.012,10431.1592,5220.3877,2727.1836,1281.9781,35829.4374,A6,N,N
11/26/2019,7:00,10375.0996,1287.49,3610.28,874.982,10705.7002,5260.2998,2819.6599,1263.72,36197.2315,E,N,N
11/26/2019,7:00,10107.5996,1239.7,3617.6799,874.997,10530.0996,5155.3101,2720.3501,1249.25,35494.9863,E1,N,N
11/26/2019,7:00,10375,1256.58,3610.21,874.982,10705.7002,5260.2998,2820.6699,1279.5699,36183.0118,E2,N,N
11/26/2019,7:00,10166.5,1261.45,3618.52,877.397,10598.5996,5210.7402,2761.25,1255.6801,35750.1369,E3,N,N
11/26/2019,7:00,10272.6406,1271.2571,3614.396,870.814,10612.5664,5227.6982,2772.6025,1262.4069,35904.3817,M,Y,N
11/26/2019,8:00,10536.2588,1359.5431,3611.7764,866.6718,10742.1016,5429.7754,2807.8743,1298.155,36652.1564,A3,N,N
11/26/2019,8:00,10569.1445,1335.1564,3606.6738,871.4403,10820.5186,5537.9575,2810.4124,1327.3518,36878.6553,A6,N,N
11/26/2019,8:00,10453.4004,1302.11,3571.4399,877.662,10704.7002,5345.2798,2761,1299.0601,36314.6524,E,N,N
11/26/2019,8:00,10427.9004,1279.3101,3610.3,862.079,10638.5,5321.5601,2724.0801,1309.77,36173.4997,E1,N,N
11/26/2019,8:00,10453.2998,1297.25,3572.1101,877.662,10704.5,5345.2798,2767.6399,1292.03,36309.7716,E2,N,N
11/26/2019,8:00,10383.5,1269.98,3607.78,875.07,10722.5996,5343.9199,2756.8501,1299.22,36258.9196,E3,N,N
11/26/2019,8:00,10444.6563,1301.7124,3600.2766,872.2745,10696.6621,5349.0454,2763.2813,1300.5381,36328.4467,M,Y,N
11/26/2019,9:00,10825.9268,1378.5891,3589.0842,889.0049,10995.1748,5476.5728,2842.6599,1272.4316,37269.4441,A3,N,N
11/26/2019,9:00,10836.6914,1365.5505,3562.7576,893.8379,10972.54,5453.0449,2904.0278,1296.3782,37284.8283,A6,N,N
11/26/2019,9:00,10956,1342.41,3579.71,915.489,11148.9004,5546.8799,2924.1399,1328.2,37741.7292,E,N,N
11/26/2019,9:00,11251.2002,1398.73,3572.75,964.987,11478.2998,5713.5898,3038.6699,1307.4399,38725.6666,E1,N,N
11/26/2019,9:00,10956,1366.84,3579.21,915.489,11149.0996,5546.8799,2933.1799,1318.05,37764.7484,E2,N,N
11/26/2019,9:00,11105.4004,1354.85,3561.9299,906.181,11283.5,5625.0098,2946.1499,1289.5601,38072.5811,E3,N,N
11/26/2019,9:00,11049.752,1371.6284,3576.1313,922.2385,11247.0313,5599.6929,2939.9316,1304.1646,38010.5706,M,Y,N
11/26/2019,10:00,11466.4629,1427.2445,3550.0061,919.8873,11601.9629,5752.3013,3062.1572,1320.4028,39100.425,A3,N,N
11/26/2019,10:00,11609.4063,1459.9259,3565.5725,917.1736,11448.9512,5853.7275,3081.501,1274.7393,39210.9973,A6,N,N
11/26/2019,10:00,11475.7998,1409.01,3557.24,930.643,11451.9004,5794.27,3060.75,1341.9301,39021.5433,E,N,N
11/26/2019,10:00,11681,1548.4,3547.04,943.002,11531.7002,6071.48,3092.6699,1435.34,39850.6321,E1,N,N
11/26/2019,10:00,11475.7998,1432.64,3557.53,930.643,11451.7998,5794.27,3065.98,1315.13,39023.7926,E2,N,N
11/26/2019,10:00,11737,1508.76,3531.5,944.316,11546.9004,6011.02,3105.4099,1406.22,39791.1263,E3,N,N
11/26/2019,10:00,11575.6504,1477.6899,3546.5547,935.9255,11517.0684,5914.665,3086.7834,1371.6428,39425.9801,M,Y,N
11/26/2019,11:00,11737.9443,1546.3101,3579.7937,986.3051,11635.5488,5894.5352,3190.3162,1375.4082,39946.1616,A3,N,N
11/26/2019,11:00,11945.9199,1521.1481,3558.1658,990.6638,11793.3691,5905.5454,3185.2488,1313.4491,40213.51,A6,N,N
11/26/2019,11:00,11953.5,1557.38,3533.27,1003.48,11618.4004,5922.7402,3285.05,1382.65,40256.4706,E,N,N
11/26/2019,11:00,11930.7998,1610.22,3524.6899,1082.67,11407.2002,5882.8599,3217.1101,1373.01,40028.5599,E1,N,N
11/26/2019,11:00,11953.5,1598.17,3533.1101,1003.48,11618.5,5922.7402,3311.75,1376.04,40317.2903,E2,N,N
11/26/2019,11:00,12070.4004,1624.83,3508.3101,1053.59,11503.4004,6016.7798,3249.4399,1394.58,40421.3306,E3,N,N
11/26/2019,11:00,11927.541,1588.7407,3536.46,1033.2278,11543.8809,5935.7095,3252.9756,1378.717,40197.2525,M,Y,N
11/26/2019,12:00,12043.7793,1555.7327,3591.1226,986.6068,11662.042,5978.6499,3297.0249,1397.9193,40512.8775,A3,N,N
11/26/2019,12:00,12190.998,1541.8458,3612.0737,983.6852,11712.6406,5968.7178,3299.1741,1350.361,40659.4962,A6,N,N
11/26/2019,12:00,12239,1566.2,3585.28,987.264,11700.2998,6104.48,3423,1380.24,40985.7638,E,N,N
11/26/2019,12:00,12224.2002,1566.47,3519.49,948.121,11799.9004,6074.3701,3407.1101,1408.4,40948.0618,E1,N,N
11/26/2019,12:00,12239.0996,1613.41,3585.9399,987.264,11700,6104.48,3412.24,1371.12,41013.5535,E2,N,N
11/26/2019,12:00,12271,1613.41,3514.5,986.181,11709.5,6077.8101,3387.26,1423.05,40982.7111,E3,N,N
11/26/2019,12:00,12144.7734,1581.7164,3553.064,976.6472,11730.0293,6076.7251,3389.2488,1396.3125,40848.5167,M,Y,N
11/26/2019,13:00,12113.9063,1544.2755,3593.7571,959.4796,11616.6826,5995.876,3388.4768,1319.1106,40531.5645,A3,N,N
11/26/2019,13:00,12377.2217,1550.4965,3617.8528,962.4885,11663.6221,6065.1577,3411.2351,1287.2336,40935.308,A6,N,N
11/26/2019,13:00,12421.4004,1544.64,3582.04,917.606,11764.2998,6178.6001,3506.5701,1329.27,41244.4264,E,N,N
11/26/2019,13:00,12382.9004,1498.77,3550.78,906.684,11779,6135.0898,3482.52,1238.84,40974.5842,E1,N,N
11/26/2019,13:00,12421.2998,1566.5601,3581.6101,917.606,11764,6178.6001,3498.79,1321.97,41250.4361,E2,N,N
11/26/2019,13:00,12373,1534.13,3542.72,925.247,11767.2002,6101.2402,3475.1299,1287.97,41006.6373,E3,N,N
11/26/2019,13:00,12327.6533,1535.0474,3567.0271,922.6511,11755.6494,6126.7705,3469.2527,1294.6499,40998.7014,M,Y,N
11/26/2019,14:00,12356.9824,1544.8477,3573.1709,928.8748,11621.4844,6165.1279,3582.5989,1324.7754,41097.8624,A3,N,N
11/26/2019,14:00,12415.2881,1554.045,3586.5483,920.8705,11547.2188,6219.6802,3581.5735,1302.0227,41127.2471,A6,N,N
11/26/2019,14:00,12486.7998,1575.5,3567.21,953.299,11698.4004,6205.46,3530.5701,1325.52,41342.7593,E,N,N
11/26/2019,14:00,12286,1567.09,3568.03,912.961,11347.7002,6060.0698,3577.8701,1317.16,40636.8811,E1,N,N
11/26/2019,14:00,12486.9004,1600.99,3567.24,953.299,11698.5,6205.46,3538.29,1319.14,41369.8194,E2,N,N
11/26/2019,14:00,12290.2998,1548.33,3560.4199,896.596,11446,6080.4199,3583.23,1316.13,40721.4256,E3,N,N
11/26/2019,14:00,12363.8203,1563.401,3565.343,926.3343,11548.1797,6134.9448,3579.5947,1320.0641,41001.6819,M,Y,N
11/26/2019,15:00,12397.8242,1537.4656,3610.2144,939.1679,11584.2959,6213.4297,3619.4822,1254.3202,41156.2001,A3,N,N
11/26/2019,15:00,12384.0771,1546.2771,3619.2632,942.7424,11632.8486,6208.4712,3611.9475,1271.7649,41217.392,A6,N,N
11/26/2019,15:00,12522.2002,1533.5699,3573.79,910.65,11552.7002,6220.8198,3618.51,1243.4399,41175.68,E,N,N
11/26/2019,15:00,12637.5996,1533.21,3584.0801,957.105,11549.4004,6147.6001,3517.49,1200.26,41126.7452,E1,N,N
11/26/2019,15:00,12522.2002,1552.03,3573.9299,910.65,11552.7998,6220.8198,3622.45,1250.39,41205.2697,E2,N,N
11/26/2019,15:00,12527.9004,1518.9,3578.6899,944.705,11465.2002,6111.5098,3544.8101,1226.64,40918.3554,E3,N,N
11/26/2019,15:00,12521.3809,1533.0939,3586.7109,934.3423,11533.9746,6174.2637,3575.5654,1231.5426,41090.8743,M,Y,N
11/26/2019,16:00,12208.0361,1524.2739,3618.1348,930.7251,11626.7236,6321.4307,3698.551,1259.5952,41187.4704,A3,N,N
11/26/2019,16:00,12310.7227,1559.6125,3642.6643,938.2217,11686.4248,6320.4961,3662.4561,1274.8815,41395.4797,A6,N,N
11/26/2019,16:00,12457,1521.36,3570.1399,895.897,11557.7998,6347.1899,3703.8701,1269.66,41322.9167,E,N,N
11/26/2019,16:00,12751.2002,1525.23,3597.6699,949.877,11601.7998,6195.79,3529.4199,1222.26,41373.2468,E1,N,N
11/26/2019,16:00,12456.9004,1554.63,3569.9399,895.897,11557.7002,6347.1899,3701.6299,1277.5,41361.3873,E2,N,N
11/26/2019,16:00,12661.7998,1504.01,3614.74,932.652,11591,6176.5601,3564.01,1256.9301,41301.702,E3,N,N
11/26/2019,16:00,12519.4961,1522.8772,3600.1462,922.9342,11585.6904,6263.4629,3623.6826,1255.3295,41293.6191,M,Y,N
11/26/2019,17:00,11994.7607,1535.797,3607.2383,919.0208,11788.0225,6453.3716,3693.2346,1307.4286,41298.8741,A3,N,N
11/26/2019,17:00,12156.5449,1564.4897,3628.5471,923.5392,11847.2725,6461.189,3595.644,1319.9969,41497.2233,A6,N,N
11/26/2019,17:00,12312.2998,1532.6,3574.73,871.179,11684.4004,6456.2402,3710.46,1302.16,41444.0694,E,N,N
11/26/2019,17:00,12540.9004,1511.5,3619.54,911.217,11921.9004,6304.8198,3569.3,1259.4,41638.5776,E1,N,N
11/26/2019,17:00,12323.2002,1549.85,3574.76,871.179,11694.7002,6456.2402,3702.05,1309.64,41481.6196,E2,N,N
11/26/2019,17:00,12491.7998,1524.8101,3615.5,892.929,11888.4004,6321.23,3588.5901,1284.21,41607.4694,E3,N,N
11/26/2019,17:00,12336.3027,1528.333,3604.2559,892.6062,11810.3027,6384.2739,3639.345,1289.5111,41484.9305,M,Y,N
11/26/2019,18:00,12186.6055,1580.9641,3622.0535,940.0057,12269.126,6676.4468,3633.6572,1371.2393,42280.0981,A3,N,N
11/26/2019,18:00,12249.8682,1599.6713,3632.7158,935.7638,12385.749,6608.7578,3540.5825,1368.9641,42322.0725,A6,N,N
11/26/2019,18:00,12313.5996,1546.6,3595.71,867.986,12224.7998,6527.71,3571.2,1377.72,42025.3254,E,N,N
11/26/2019,18:00,12518.4004,1551.53,3637.73,915.935,12448.5996,6661.9502,3566.3601,1293.66,42594.1653,E1,N,N
11/26/2019,18:00,12353.2002,1578.7,3645.5601,892.969,12065.0996,6663.6201,3635.99,1411.8101,42246.9491,E2,N,N
11/26/2019,18:00,12318.0996,1561.0601,3673.02,884.75,12459.5,6564.3599,3607.6101,1275.0699,42343.4696,E3,N,N
11/26/2019,18:00,12339.127,1564.051,3638.3599,899.4125,12305.041,6623.002,3602.8057,1338.7549,42310.554,M,Y,N
11/26/2019,19:00,12248.9072,1611.5038,3697.3354,942.3027,12506.1064,7023.5132,3687.2993,1423.2032,43140.1712,A3,N,N
11/26/2019,19:00,12250.5986,1619.5212,3708.3174,933.7109,12630.5771,6925.0161,3612.5889,1384.3163,43064.6465,A6,N,N
11/26/2019,19:00,12473.9004,1546.1801,3690.8301,882.612,12874.5996,6690.2598,3549.21,1410.01,43117.602,E,N,N
11/26/2019,19:00,12544.5996,1562.64,3717.23,941.032,12963.9004,6796.46,3596.8799,1333.12,43455.8619,E1,N,N
11/26/2019,19:00,12366,1582.39,3747.53,924.074,12342.0996,6902.4302,3690.98,1497.13,43052.6338,E2,N,N
11/26/2019,19:00,12382.7998,1628.46,3807.4099,903.325,12950.4004,6810.7202,3621.47,1320.26,43424.8453,E3,N,N
11/26/2019,19:00,12399.0645,1591.7222,3735.2888,920.2221,12736.6875,6841.6245,3631.436,1391.7791,43247.8247,M,Y,N
11/26/2019,20:00,11977.3486,1575.2878,3686.4199,910.0937,12200.1904,6825.6699,3588.6094,1406.0265,42169.6462,A3,N,N
11/26/2019,20:00,11945.3984,1565.0638,3691.4404,905.8856,12276.7959,6739.6616,3530.293,1362.8098,42017.3485,A6,N,N
11/26/2019,20:00,12376.4004,1517.62,3727.48,874.915,12695.5996,6622.23,3482.3601,1336.59,42633.1951,E,N,N
11/26/2019,20:00,12280.7002,1552.24,3716.9099,936.985,12601.7998,6690.5601,3531.4099,1229.48,42540.0849,E1,N,N
11/26/2019,20:00,12156.5,1539.41,3752.8799,903.468,12088,6726.52,3610.0601,1435.58,42212.418,E2,N,N
11/26/2019,20:00,12264.7998,1559,3723.6699,892.731,12623.5,6700.75,3523.54,1371.64,42659.6307,E3,N,N
11/26/2019,20:00,12197.3252,1553.7607,3716.7949,906.4221,12440.2988,6710.4448,3547.4424,1352.0021,42424.491,M,Y,N
11/26/2019,21:00,11705.5332,1538.3306,3661.9224,883.0747,11831.7793,6579.0996,3483.4492,1374.0144,41057.2034,A3,N,N
11/26/2019,21:00,11739.9404,1530.7301,3660.2319,891.09,11870.459,6551.061,3441.6348,1358.9048,41044.052,A6,N,N
11/26/2019,21:00,12083.9004,1474.85,3733.0901,853.799,12279.7998,6441.77,3393.76,1290.65,41551.6193,E,N,N
11/26/2019,21:00,12146.7998,1489.99,3708.96,881.953,12148.2002,6517.1802,3426.22,1239.85,41559.1532,E1,N,N
11/26/2019,21:00,11909.5,1497.87,3735.3501,884.062,11725.2002,6528.3501,3529.5,1391.77,41201.6024,E2,N,N
11/26/2019,21:00,12026.7002,1527.03,3686.0901,871.156,12214.0996,6520.3901,3439.48,1324.59,41609.536,E3,N,N
11/26/2019,21:00,11968.9336,1510.4277,3697.7981,876.402,12035.8223,6519.0889,3452.6948,1322.1355,41383.3029,M,Y,N
11/26/2019,22:00,11298.1758,1474.4222,3653.9248,841.4624,11287.8477,6239.6372,3347.7329,1327.4989,39470.7019,A3,N,N
11/26/2019,22:00,11377.3711,1467.8131,3646.2891,859.9186,11329.6787,6187.9458,3338.0583,1340.0088,39547.0835,A6,N,N
11/26/2019,22:00,11592,1413.77,3685.53,812.586,11598.5,6113.4702,3258.0901,1336.62,39810.5663,E,N,N
11/26/2019,22:00,11660.7002,1454.49,3658.6799,856.578,11618.5,6141.71,3297.0601,1210.9301,39898.6483,E1,N,N
11/26/2019,22:00,11438,1423.83,3684.9099,842.796,11094.5996,6157.8101,3367.9299,1335.09,39344.9655,E2,N,N
11/26/2019,22:00,11599.2002,1458.39,3677.79,826.846,11588,6122.6699,3322.3601,1257.24,39852.4962,E3,N,N
11/26/2019,22:00,11518.2686,1451.5255,3668.9038,838.311,11436.0684,6149.686,3320.0408,1283.8298,39666.6339,M,Y,N
11/26/2019,23:00,10623.7139,1371.5366,3633.5032,781.4319,10464.5674,5759.4038,3116.7498,1262.6794,37013.586,A3,N,N
11/26/2019,23:00,10727.5703,1371.3944,3621.0142,794.8497,10513.8555,5659.0366,3132.7778,1303.741,37124.2395,A6,N,N
11/26/2019,23:00,10885.7998,1302.03,3629.55,764.064,10631.5,5694.5801,3068.8401,1301.16,37277.524,E,N,N
11/26/2019,23:00,10873.2002,1333.05,3617.8301,800.098,10667.5996,5702.0698,3091.6899,1183.59,37269.1276,E1,N,N
11/26/2019,23:00,10759.7998,1312.89,3628.51,782.164,10191.9004,5657.7598,3138.8401,1261.22,36733.0841,E2,N,N
11/26/2019,23:00,10890.4004,1415.1801,3688.24,772.298,10809.5,5670.0298,3139.46,1211.08,37596.1883,E3,N,N
11/26/2019,23:00,10802.5283,1356.8066,3642.1509,781.827,10554.2578,5689.2129,3112.9351,1234.4524,37174.171,M,Y,N
11/26/2019,24:00,9966.3457,1265.2788,3618.8062,740.3932,9716.0205,5243.7671,2878.5637,1197.4421,34626.6173,A3,N,N
11/26/2019,24:00,10010.7695,1270.3105,3604.9043,762.3109,9754.5146,5141.0928,2899.5122,1251.7933,34695.2081,A6,N,N
11/26/2019,24:00,10119,1192.49,3610.1799,733.661,9737.8096,5278.5298,2865.76,1172.28,34709.7103,E,N,N
11/26/2019,24:00,10198.2998,1246.36,3625.4199,777.872,9661.3701,5236.7998,2857.54,1078.5,34682.1616,E1,N,N
11/26/2019,24:00,10002.5996,1209.39,3613.95,750.732,9499.54,5163.5898,2867.1599,1193.5699,34300.5312,E2,N,N
11/26/2019,24:00,10196.0996,1274.0699,3645.3601,740.562,9989.5996,5213.77,2886.26,1134.25,35079.9712,E3,N,N
11/26/2019,24:00,10105.3867,1246.6622,3625.4128,751.5483,9719.3555,5218.8271,2872.2058,1147.7953,34687.1937,M,Y,N
11/27/2019,1:00,9296.1328,1193.9279,3601.3533,721.1139,9092.9141,4799.1782,2643.8599,1157.6184,32506.0985,A3,N,N
11/27/2019,1:00,9435.8643,1219.1825,3623.9585,725.6561,9124.7979,4781.2285,2727.7478,1224.405,32862.8406,A6,N,N
11/27/2019,1:00,9113.2197,1104.58,3624.95,723.989,9474.2803,4989.5898,2690.8999,1135.05,32856.5587,E,N,N
11/27/2019,1:00,9627.1299,1195.02,3621.54,758.186,9666.4502,4933.9702,2664.6001,1073.97,33540.8664,E1,N,N
11/27/2019,1:00,9236.0801,1177.1899,3619.0901,811.868,10130.7998,5004.98,2613.02,1152.54,33745.5679,E2,N,N
11/27/2019,1:00,9667.0195,1189.5601,3625.0701,727.624,9468.0801,4924.3301,2716.6101,1115.49,33433.784,E3,N,N
11/27/2019,1:00,9441.2324,1179.8481,3617.4958,755.0574,9637.2324,4939.416,2669.2576,1122.0835,33361.6232,M,Y,N
11/27/2019,2:00,8976.8281,1137.4078,3617.6277,734.0254,8890.6963,4588.1274,2538.3711,1138.058,31621.1418,A3,N,N
11/27/2019,2:00,9038.3154,1191.4987,3647.6924,729.4474,8962.3105,4535.6797,2627.8154,1188.1965,31920.956,A6,N,N
11/27/2019,2:00,8770.3301,1049.73,3647.04,720.96,9253.4805,4786.8398,2580.3601,1194.34,32003.0805,E,N,N
11/27/2019,2:00,9268.1699,1162.5601,3653.1599,717.135,9405.4199,4721.4199,2496.47,1148.0699,32572.4046,E1,N,N
11/27/2019,2:00,8907.8203,1153.09,3628.8,821.04,10115.4004,4847.29,2485.1899,1140.1,33098.7306,E2,N,N
11/27/2019,2:00,9324.75,1115.39,3641.72,718.441,9179.3799,4709.6499,2602.21,1163.96,32455.5008,E3,N,N
11/27/2019,2:00,9102.2061,1129.192,3637.6069,746.0272,9443.0723,4741.4609,2542.4565,1154.5823,32496.6042,M,Y,N
11/27/2019,3:00,8741.7041,1092.321,3612.3679,755.0266,8843.3037,4475.603,2470.1116,1150.7897,31141.2276,A3,N,N
11/27/2019,3:00,8755.958,1133.0396,3643.7439,741.4135,8960.5654,4370.8325,2549.3691,1206.3784,31361.3004,A6,N,N
11/27/2019,3:00,8606.1104,1014.28,3666.96,730.781,9198.54,4678.7402,2512.74,1171.35,31579.5016,E,N,N
11/27/2019,3:00,8992.8398,1132.35,3646.8799,763.347,9328.4297,4649.5,2421.27,1137.85,32072.4664,E1,N,N
11/27/2019,3:00,8724.8203,1141.4,3635.8999,824.027,10061.7998,4745.8501,2413.54,1152.95,32700.2871,E2,N,N
11/27/2019,3:00,8921.0996,1132.08,3606.5801,730.128,9208.9102,4507.8599,2514.0601,1127.89,31748.6079,E3,N,N
11/27/2019,3:00,8830.2773,1108.6477,3629.3145,765.1014,9405.0156,4620.0952,2467.1455,1144.9399,31970.5371,M,Y,N
11/27/2019,4:00,8556.8525,1107.0623,3582.2454,788.4141,9042.7354,4433.0913,2421.9067,1180.2085,31112.5162,A3,N,N
11/27/2019,4:00,8502.4326,1140.5204,3573.0762,767.8743,9227.7871,4311.144,2483.6279,1244.4619,31250.9244,A6,N,N
11/27/2019,4:00,8570.46,1019.81,3678.27,745.662,9320.5,4662.48,2474.6799,1165.41,31637.2719,E,N,N
11/27/2019,4:00,8747.6504,1140.6,3630.6299,800.939,9473.29,4548.46,2367.0801,1141.29,31849.9394,E1,N,N
11/27/2019,4:00,8664.4404,1135.95,3641.1699,833.401,10152.0996,4732.9502,2378.8,1179.88,32718.6911,E2,N,N
11/27/2019,4:00,8763.25,1165.5699,3572.6799,744.969,9226.96,4512.4199,2460.25,1115.45,31561.5487,E3,N,N
11/27/2019,4:00,8671.3008,1122.7781,3611.3186,786.5867,9508.4912,4585.4043,2418.9941,1152.3574,31857.2312,M,Y,N
11/27/2019,5:00,8619.8623,1137.9553,3589.9666,836.5814,9608.1055,4485.228,2431.5183,1221.0704,31930.2878,A3,N,N
11/27/2019,5:00,8530.7266,1159.8224,3527.5098,801.3132,9757.293,4388.4067,2478.9077,1283.1566,31927.136,A6,N,N
11/27/2019,5:00,8764.5801,1057.25,3704.6201,782.325,9753.8896,4804.98,2489.3101,1227.05,32584.0049,E,N,N
11/27/2019,5:00,8797,1194.77,3689.3899,831.269,9936.4697,4674.1299,2373.47,1157.8199,32654.3184,E1,N,N
11/27/2019,5:00,8822.0801,1169.05,3668.02,859.1,10580.0996,4874.1499,2395.2,1225.04,33592.7396,E2,N,N
11/27/2019,5:00,8842.7197,1167.85,3509.4199,779.858,9797.9697,4607.7002,2444.5701,1159.6,32309.6876,E3,N,N
11/27/2019,5:00,8763.2275,1153.4314,3618.7739,819.92,9998.8848,4700.2715,2422.9534,1191.6301,32669.0926,M,Y,N
11/27/2019,6:00,9039.5078,1215.5031,3614.7842,904.4387,10670.4746,4828.1226,2532.3315,1298.8651,34104.0276,A3,N,N
11/27/2019,6:00,8864.7148,1220.2687,3590.855,847.1472,10770.6084,4808.4512,2555.645,1341.0297,33998.72,A6,N,N
11/27/2019,6:00,9337.9502,1139.62,3759.1599,860.567,10725.7998,5248.1201,2605.0601,1274.15,34950.4271,E,N,N
11/27/2019,6:00,9225.2002,1265.73,3796.49,887.257,11015.5996,5119.75,2504.25,1248.4,35062.6768,E1,N,N
11/27/2019,6:00,9355.79,1258.84,3724.8701,920.194,11561.7998,5303.3101,2531.49,1317.46,35973.754,E2,N,N
11/27/2019,6:00,9161.9404,1288.05,3628.8999,855.383,10563.7998,5014.5898,2614.03,1233.25,34359.9429,E3,N,N
11/27/2019,6:00,9193.3799,1242.1282,3695.5474,886.3342,10959.834,5118.9429,2554.7217,1271.4044,34922.2927,M,Y,N
11/27/2019,7:00,9614.6621,1385.0127,3668.2212,981.3688,11982.5879,5409.8169,2773.6743,1409.8979,37225.2418,A3,N,N
11/27/2019,7:00,9423.9443,1363.6724,3654.4387,897.5567,12244.5469,5408.6792,2725.7563,1449.6912,37168.2857,A6,N,N
11/27/2019,7:00,10099.7998,1289.03,3813.9199,962.185,12124.5,5926.1699,2839.8999,1392.11,38447.6145,E,N,N
11/27/2019,7:00,9913.1699,1456.12,3913.74,1011.82,12520.2002,5644.5801,2762.75,1369.22,38591.6002,E1,N,N
11/27/2019,7:00,10134.5996,1435.33,3784.6101,1009.4,13002.4004,5975.5601,2828.3799,1458.0601,39628.3402,E2,N,N
11/27/2019,7:00,9969.9297,1403.53,3720.0601,958.456,12054.4004,5626.2202,2808.8799,1355.58,37897.0563,E3,N,N
11/27/2019,7:00,9903.7402,1401.7107,3775.3213,987.8633,12407.6367,5728.5884,2794.8611,1395.9661,38395.6878,M,Y,N
11/27/2019,8:00,9782.6348,1479.5508,3713.2058,1027.3041,12549.1904,5679.3257,2835.0273,1462.0574,38528.2963,A3,N,N
11/27/2019,8:00,9644.9531,1426.8248,3700.8682,944.4216,13094.2393,5812.7446,2790.5164,1506.3665,38920.9345,A6,N,N
11/27/2019,8:00,10363.2998,1346,3829.3401,1009.53,12813,6219.8301,2920.96,1414.58,39916.54,E,N,N
11/27/2019,8:00,9957.5596,1502,3979.05,1033.55,13215.5996,6111.5098,2820.4099,1423.7,40043.3789,E1,N,N
11/27/2019,8:00,10322.4004,1475.92,3818.52,1041.24,13621.2002,6227.6899,2884.6499,1519.47,40911.0904,E2,N,N
11/27/2019,8:00,10152.2998,1473.73,3834.47,998.244,12726.7998,6021.7202,2866.0801,1453.62,39526.9639,E3,N,N
11/27/2019,8:00,10058.8359,1466.5602,3837.6638,1022.8628,13061.1738,6077.6245,2856.0806,1458.7771,39839.5787,M,Y,N
11/27/2019,9:00,9896.3779,1506.7668,3697.7759,1037.3451,12623.4219,5728.7837,2815.8901,1424.5903,38730.9517,A3,N,N
11/27/2019,9:00,9808.9756,1435.2875,3659.5251,969.1262,13105.3975,5822.085,2845.7673,1477.9948,39124.159,A6,N,N
11/27/2019,9:00,10496.2998,1357.21,3805.77,1032.58,12888.2998,6216.73,2940.1799,1427.98,40165.0495,E,N,N
11/27/2019,9:00,10224.0996,1475.96,3929.73,1061.89,13065.4004,5999.4302,2790.4099,1394.55,39941.4701,E1,N,N
11/27/2019,9:00,10411,1474.75,3799.3201,1049.36,13510.5,6125.3901,2875.28,1468,40713.6002,E2,N,N
11/27/2019,9:00,10184.4004,1500.3101,3741.6899,1015.78,12843.5996,5999.0498,2900.46,1386.3199,39571.6097,E3,N,N
11/27/2019,9:00,10189.6318,1474.7543,3792.9351,1040.498,13043.8398,6024.1572,2853.6223,1418.7887,39838.2272,M,Y,N
11/27/2019,10:00,10080.1094,1508.6042,3687.2634,1048.0265,12723.9219,5782.3252,2939.9961,1388.4797,39158.7264,A3,N,N
11/27/2019,10:00,10077.5303,1458.2997,3647.4629,980.1262,13009.9121,6001.9351,2982.1147,1391.8706,39549.2516,A6,N,N
11/27/2019,10:00,10637,1354.4,3770.22,1052.55,12928,6233.6201,3011.4099,1359.7,40346.9,E,N,N
11/27/2019,10:00,10465.2002,1476.71,3894.3,1076.92,12915,6021.4502,2824.03,1347.41,40021.0204,E1,N,N
11/27/2019,10:00,10546.2998,1468.67,3770.6201,1063.55,13411.4004,6083.7598,2953.8,1420.28,40718.3801,E2,N,N
11/27/2019,10:00,10413,1512.23,3718.26,1046.38,12736.2002,5912.8501,2952.6899,1336.09,39627.7002,E3,N,N
11/27/2019,10:00,10387.4902,1477.2698,3767.561,1059.2847,12972.1396,6006.5083,2924.8306,1369.4675,39964.5517,M,Y,N
11/27/2019,11:00,10223.8721,1508.0042,3738.6709,1036.5316,12519.8867,5794.4141,3051.3779,1358.7192,39231.4767,A3,N,N
11/27/2019,11:00,10242.3174,1445.3633,3650.8586,965.7857,12654.3242,6020.4214,3093.2783,1320.673,39393.0219,A6,N,N
11/27/2019,11:00,10696,1345.1899,3735.24,1047.5601,12909.4004,6231.7998,3080.46,1388.79,40434.4402,E,N,N
11/27/2019,11:00,10491.2002,1481.66,3883.8501,1076.84,12817.0996,5929.2598,2931.26,1301.65,39912.8197,E1,N,N
11/27/2019,11:00,10669.2002,1447.1,3754.1599,1049.65,13280.2998,6023.7598,3035.6299,1389.4,40649.1996,E2,N,N
11/27/2019,11:00,10519.0996,1491.96,3660.9199,1025.47,12523.7002,5897.6699,3046.71,1310.66,39476.1896,E3,N,N
11/27/2019,11:00,10479.1934,1469.4423,3757.0352,1048.5015,12833.9355,5965.9492,3021.8484,1343.8662,39919.7717,M,Y,N
11/27/2019,12:00,10129.2783,1464.4098,3773.2061,1013.2102,12266.3682,5766.2979,3126.7683,1330.2043,38869.7431,A3,N,N
11/27/2019,12:00,10135.4307,1430.4224,3691.4197,952.6497,12575.2109,5933.1816,3180.6475,1291.3188,39190.2813,A6,N,N
11/27/2019,12:00,10630.7002,1328.58,3698.8401,1030.6801,12793.7998,6194.25,3122,1396.9399,40195.7901,E,N,N
11/27/2019,12:00,10495,1441.02,3863.1101,1057.75,12586.5,5886.71,2948.1101,1275.35,39553.5502,E1,N,N
11/27/2019,12:00,10713.7998,1418.55,3700.3,1023.67,13050.2002,5927.3501,3106.1001,1363.04,40303.0102,E2,N,N
11/27/2019,12:00,10550.5996,1458.54,3665.6399,1010.75,12478.0996,5845.0898,3045.96,1289.71,39344.3889,E3,N,N
11/27/2019,12:00,10461.7822,1434.3837,3750.3816,1028.5288,12661.2207,5909.856,3058.7222,1322.918,39627.7932,M,Y,N
11/27/2019,13:00,10094.8389,1447.4459,3766.2051,977.064,11920.415,5659.6323,3178.3235,1287.3038,38331.2285,A3,N,N
11/27/2019,13:00,10044.5352,1431.5323,3691.2859,946.7435,12266.2744,5785.6011,3259.1941,1238.085,38663.2515,A6,N,N
11/27/2019,13:00,10512.2998,1310.97,3657.5901,1006.11,12630.5,6145.9702,3140.1299,1316.47,39720.04,E,N,N
11/27/2019,13:00,10580.2998,1411.09,3828.8799,1070.15,12343.5,5826.46,2970.6499,1269.24,39300.2696,E1,N,N
11/27/2019,13:00,10720.4004,1385.73,3665.54,997.815,12783.0996,5824.96,3157.8,1333.34,39868.685,E2,N,N
11/27/2019,13:00,10734.5996,1433.75,3669.8601,982.07,12125.7998,5812.4702,3090.22,1241.6899,39090.4596,E3,N,N
11/27/2019,13:00,10506.5215,1410.1589,3731.6277,1010.4055,12381.9639,5841.6733,3097.0396,1286.5392,39265.9296,M,Y,N
11/27/2019,14:00,10164.7773,1425.0641,3747.2639,939.7911,11636.2725,5614.1182,3258.7314,1277.6603,38063.6788,A3,N,N
11/27/2019,14:00,10032.0254,1435.0928,3672.6609,927.493,11758.6416,5716.6343,3353.0544,1223.3657,38118.9681,A6,N,N
11/27/2019,14:00,10479.2998,1302.55,3637.99,1000.54,12505.5996,6089.9502,3148.1499,1263.3199,39427.3994,E,N,N
11/27/2019,14:00,10539.5,1416.01,3805.4399,1051.37,12174.5,5828.4302,2993.9399,1237.1801,39046.3701,E1,N,N
11/27/2019,14:00,10787.5996,1368.28,3648.75,982.033,12565.7002,5745.1499,3198.4299,1323.73,39619.6726,E2,N,N
11/27/2019,14:00,10567.2002,1403.03,3537.0601,974.885,11870.5,5727.23,3113.3301,1249.6801,38442.9155,E3,N,N
11/27/2019,14:00,10476.2314,1394.8799,3683.2837,994.6134,12170.4092,5788.2114,3134.823,1270.27,38912.722,M,Y,N
11/27/2019,15:00,10130.6035,1398.9279,3746.7922,906.602,11444.4941,5553.1382,3290.8992,1257.9307,37729.3878,A3,N,N
11/27/2019,15:00,9889.5371,1426.8499,3677.293,917.5521,11491.1396,5632.4287,3401.7197,1209.6714,37646.1915,A6,N,N
11/27/2019,15:00,10390,1292.62,3619.26,991.473,12371.7002,6045.6401,3126.8501,1267.52,39105.0634,E,N,N
11/27/2019,15:00,10495.2998,1358.3101,3780.6899,1001.02,11989.7998,5742.4399,3012.4299,1224.63,38604.6194,E1,N,N
11/27/2019,15:00,10781.5,1348.3199,3629.6299,968.132,12353.7998,5673.9902,3205.48,1313.12,39273.9718,E2,N,N
11/27/2019,15:00,10446.7002,1367.29,3592.9199,964.831,11607,5590.6299,3042.48,1229.58,37841.431,E3,N,N
11/27/2019,15:00,10414.5879,1361.2495,3686.2119,970.7551,11964.6748,5701.6123,3127.9937,1257.5139,38484.5991,M,Y,N
11/27/2019,16:00,10051.3232,1364.1289,3754.9731,883.014,11363.6367,5514.4673,3253.5667,1243.9482,37429.0581,A3,N,N
11/27/2019,16:00,9788.2275,1423.6404,3694.2751,909.6013,11313.7236,5557.6387,3353.5229,1171.4529,37212.0824,A6,N,N
11/27/2019,16:00,10291.2998,1286.48,3596.03,980.274,12277.2998,6031.2002,3080.75,1331.6,38874.9338,E,N,N
11/27/2019,16:00,10459.5,1303.58,3747.48,961.297,11523.7998,5692.04,2938.78,1254.63,37881.1068,E1,N,N
11/27/2019,16:00,10691.5996,1333.4,3610.5601,951.055,12249.7002,5632.8301,3167.6799,1316.71,38953.5349,E2,N,N
11/27/2019,16:00,10500.2998,1363.29,3557.3899,952.056,11528,5706.7798,3042.73,1233.6801,37884.2256,E3,N,N
11/27/2019,16:00,10375.6436,1335.2346,3665.7847,949.0131,11780.4922,5701.1206,3089.8228,1273.1986,38170.3102,M,Y,N
11/27/2019,17:00,9991.9795,1361.3782,3745.4297,872.0063,11533.4063,5553.9961,3184.8777,1278.1388,37521.2126,A3,N,N
11/27/2019,17:00,9738.5361,1426.9688,3676.4307,900.4921,11399.1172,5576.1626,3229.9121,1186.7867,37134.4063,A6,N,N
11/27/2019,17:00,10180.7002,1308.87,3606.1599,960.11,12423.2002,6102.3999,3027.3799,1333.6899,38942.51,E,N,N
11/27/2019,17:00,10256.2002,1369.83,3750.8999,920.193,11702.5996,5771.1001,2918.3501,1247.62,37936.7929,E1,N,N
11/27/2019,17:00,10565.5996,1343.89,3616.8799,923.451,12350.7998,5673.6099,3120.5901,1358.17,38952.9903,E2,N,N
11/27/2019,17:00,10374.4004,1339.09,3608.21,926.51,11845.5,5610.4199,2940.3301,1283.24,37927.7004,E3,N,N
11/27/2019,17:00,10248.9336,1349.1696,3679.0149,921.553,11969.3008,5720.832,3029.3857,1298.7361,38216.9257,M,Y,N
11/27/2019,18:00,10302.5352,1414.3373,3759.1589,906.129,12311.9375,5764.0332,3131.8792,1332.7697,38922.78,A3,N,N
11/27/2019,18:00,10062.6875,1477.2679,3673.5212,927.6273,12219.7256,5714.9312,3147.0627,1255.2732,38478.0966,A6,N,N
11/27/2019,18:00,10321.2998,1369.99,3653.97,987.244,13029.2002,6324.2002,3011.6299,1363.27,40060.8041,E,N,N
11/27/2019,18:00,10503,1434.8101,3840.3899,985.424,12646.7998,6111.1699,2904.96,1288.22,39714.7737,E1,N,N
11/27/2019,18:00,10731.0996,1424.02,3666.55,953.113,13011.4004,5932.9702,3089.72,1420.24,40229.1132,E2,N,N
11/27/2019,18:00,10568.2002,1470.22,3577.0901,958.174,12318.5996,5941.6201,2988.3301,1338.01,39160.2441,E3,N,N
11/27/2019,18:00,10474.9834,1429.093,3709.2249,960.8494,12661.8418,6007.4697,3018.9612,1348.6224,39611.0458,M,Y,N
11/27/2019,19:00,10510.9463,1470.5109,3832.5269,943.4677,12988.7939,6202.7773,3241.709,1415.0486,40605.7806,A3,N,N
11/27/2019,19:00,10358.5166,1525.863,3753.4124,954.4943,12971.832,6174.1421,3224.7344,1327.1476,40290.1424,A6,N,N
11/27/2019,19:00,10523.5,1428.4399,3734.6201,1031.2,13641.0996,6655.5698,3114.1799,1436.3199,41564.9292,E,N,N
11/27/2019,19:00,10955.7998,1475.55,4008.1101,1051.28,13246.0996,6360.8901,3059.9399,1390.33,41547.9995,E1,N,N
11/27/2019,19:00,10931.7998,1499.08,3752.8701,998.012,13628.0996,6303.04,3210.8701,1504.4,41828.1716,E2,N,N
11/27/2019,19:00,10852.0996,1553.92,3680.1499,1012.33,13225.9004,6346.4502,3092.28,1414.17,41177.3001,E3,N,N
11/27/2019,19:00,10761.624,1490.9352,3816.1333,1012.239,13353.7617,6359.8887,3139.1135,1433.646,41367.3414,M,Y,N
11/27/2019,20:00,10359.334,1466.6227,3815.7214,947.2794,13011.9326,6208.3765,3199.6333,1449.6152,40458.5151,A3,N,N
11/27/2019,20:00,10263.0049,1492.1218,3742.2473,952.7429,13077.4785,6224.6953,3157.1877,1359.5283,40269.0067,A6,N,N
11/27/2019,20:00,10473.0996,1427.95,3760.72,1031.29,13681.7998,6665,3122.4099,1422.27,41584.5393,E,N,N
11/27/2019,20:00,10587.0996,1491.87,4011.24,1024.71,13456.7002,6359.3101,3031.4199,1404.66,41367.0098,E1,N,N
11/27/2019,20:00,10863.0996,1488.22,3782.6101,997.295,13607.5996,6290.3701,3189.8799,1502.95,41722.0243,E2,N,N
11/27/2019,20:00,10787.7998,1505.74,3685.3601,1010.44,13199.7998,6342.9102,3057.4199,1430.85,41020.3198,E3,N,N
11/27/2019,20:00,10600.584,1480.5793,3820.9966,1005.4324,13402.7412,6357.3193,3111.1545,1443.6007,41222.408,M,Y,N
11/27/2019,21:00,10204.5244,1448.2034,3777.0552,951.1874,12865.5918,6148.8374,3130.0459,1465.9224,39991.3679,A3,N,N
11/27/2019,21:00,10165.0166,1463.1337,3714.0366,961.7411,12894.1982,6232.3892,3071.9739,1389.041,39891.5303,A6,N,N
11/27/2019,21:00,10285,1412.24,3758.46,1005.4,13453.5996,6544.1802,3090.6201,1475.83,41025.3299,E,N,N
11/27/2019,21:00,10585.7998,1477.9,3964.1201,1011.24,13164.0996,6382.0498,2956.1201,1404.03,40945.3594,E1,N,N
11/27/2019,21:00,10708.5996,1481.9399,3788.77,980.981,13476.4004,6229.9399,3147.3101,1475.75,41289.6909,E2,N,N
11/27/2019,21:00,10486,1520.88,3672.46,987.94,13022.7998,6352.6099,3045.26,1469.48,40557.4297,E3,N,N
11/27/2019,21:00,10443.2813,1473.5183,3796.8125,989.6136,13205.7236,6327.7769,3062.5977,1455.0341,40754.358,M,Y,N
11/27/2019,22:00,9892.1172,1404.5355,3747.917,933.6036,12533.5391,5950.5488,3035.8772,1456.642,38954.7804,A3,N,N
11/27/2019,22:00,9906.0723,1402.2865,3697.8989,947.8876,12470.5879,6027.1719,2989.1948,1405.3734,38846.4733,A6,N,N
11/27/2019,22:00,9905.9502,1369.35,3732.5,958.218,12946.2002,6245.2002,3000.8501,1417.0601,39575.3288,E,N,N
11/27/2019,22:00,9971.9004,1386.3101,3888.6699,938.983,12806.7002,6157.6899,2832.9199,1404.03,39387.2034,E1,N,N
11/27/2019,22:00,10345.9004,1435.64,3752.9199,943.249,13025.7998,5991.4702,3021.9099,1417.45,39934.3392,E2,N,N
11/27/2019,22:00,10146.5,1410.12,3580.03,942.366,12592.5,6121.5,2942.47,1404.39,39139.876,E3,N,N
11/27/2019,22:00,10034.1104,1400.8651,3739.8318,942.6272,12791.2178,6092.1338,2955.6616,1415.6803,39372.128,M,Y,N
11/27/2019,23:00,9416.6836,1326.6499,3702.0215,888.8491,11802.7383,5562.2178,2857.7419,1414.4985,36971.4006,A3,N,N
11/27/2019,23:00,9464.8057,1315.1479,3660.7278,900.4156,11702.5322,5585.1563,2810.3501,1391.2412,36830.3768,A6,N,N
11/27/2019,23:00,9355.1904,1283.03,3718.2,895.191,12127,5795.8301,2850.73,1365.55,37390.7215,E,N,N
11/27/2019,23:00,9648.2002,1379.24,3816.8101,908.406,12060.2998,5794.0898,2763.1101,1224.96,37595.116,E1,N,N
11/27/2019,23:00,9822.46,1347.74,3703.22,892.331,12284.2998,5624.77,2828.52,1351.97,37855.3108,E2,N,N
11/27/2019,23:00,9678.3301,1387.4301,3617.96,885.438,11952.5,5715.5,2848.3301,1374.8199,37460.3082,E3,N,N
11/27/2019,23:00,9583.0098,1352.1763,3711.8755,894.5488,12065.4922,5703.3457,2827.2017,1335.4436,37473.0936,M,Y,N
11/27/2019,24:00,8914.4434,1239.6017,3662.2629,847.0116,11080.8857,5184.4741,2661.01,1356.0085,34945.6979,A3,N,N
11/27/2019,24:00,8954.2109,1219.2797,3628.0327,871.1437,11040.8467,5259.3765,2610.5535,1351.0636,34934.5073,A6,N,N
11/27/2019,24:00,8781.6396,1204,3707.4199,837.804,11246.7998,5318.02,2664.3301,1285.5601,35045.5735,E,N,N
11/27/2019,24:00,9112.0996,1260.34,3761.1201,853.597,11362,5401.9302,2580.9399,1257.9,35589.9268,E1,N,N
11/27/2019,24:00,9255.0303,1266.29,3674.3301,856.786,11492.0996,5223.8101,2620.6299,1298.8,35687.776,E2,N,N
11/27/2019,24:00,9132.7998,1279.96,3606.3899,835.381,11260.5,5330.4199,2648.2,1275.34,35368.9906,E3,N,N
11/27/2019,24:00,9044.4199,1253.7617,3680.1619,847.043,11319.6113,5301.8521,2633.1575,1288.2061,35368.2135,M,Y,N
11/28/2019,1:00,8480.9736,1187.0293,3623.9158,829.7576,10507.8848,4831.54,2423.083,1327.3815,33211.5656,A3,N,N
11/28/2019,1:00,8397.7588,1156.7449,3623.7725,835.225,10455.9648,4998.3716,2489.0652,1357.7775,33314.6803,A6,N,N
11/28/2019,1:00,8443.5898,1140.55,3727.1699,791.688,9921.9102,4909.9702,2478.76,1244.6,32658.2381,E,N,N
11/28/2019,1:00,8730.0098,1179.41,3694.73,824.961,10693.0996,5046.46,2461.51,1227.3101,33857.4905,E1,N,N
11/28/2019,1:00,8650.5,1172.1801,3654.6799,843.853,10610.7998,4881.4902,2502.1001,1257.11,33572.7131,E2,N,N
11/28/2019,1:00,8689.8799,1192.49,3610.22,795.59,10770,5033.4502,2513.1101,1241.09,33845.8302,E3,N,N
11/28/2019,1:00,8611.9766,1178.8236,3654.9475,818.7817,10572.1992,4958.0391,2472.0332,1252.8751,33519.676,M,Y,N
11/28/2019,2:00,8258.3174,1160.3315,3607.0198,827.1141,10222.6143,4679.0571,2327.1685,1306.6685,32388.2912,A3,N,N
11/28/2019,2:00,8099.9087,1138.4167,3614.2598,839.0564,10183.9014,4730.9292,2399.6182,1336.5911,32342.6815,A6,N,N
11/28/2019,2:00,8165.98,1100.27,3737.3201,760.166,9423.0703,4652.2402,2342.26,1230.9301,31412.2367,E,N,N
11/28/2019,2:00,8414.3799,1143.9301,3680.6599,813.374,10321,4743.9399,2340.78,1173.38,32631.4438,E1,N,N
11/28/2019,2:00,8319.1797,1136.1,3638.9299,830.03,10160.5996,4664.52,2370.03,1239.6,32358.9892,E2,N,N
11/28/2019,2:00,8353.8496,1136.03,3621.4299,768.605,10435,4819.8599,2398.4399,1221.48,32754.6943,E3,N,N
11/28/2019,2:00,8317.2813,1139.6191,3649.3086,801.4123,10184.8604,4723.4917,2355.6333,1225.8148,32397.4215,M,Y,N
11/28/2019,3:00,8110.8618,1136.213,3592.8284,825.577,9912.3516,4587.0234,2263.7742,1291.8625,31720.4919,A3,N,N
11/28/2019,3:00,7925.2979,1084.9829,3583.0581,837.6506,9915.9678,4561.6855,2330.5916,1344.0325,31583.2669,A6,N,N
11/28/2019,3:00,7987.8799,1077.13,3752.95,733.328,9213.5596,4476.2998,2256.46,1249.79,30747.3973,E,N,N
11/28/2019,3:00,8176.9399,1126.64,3673.72,788.184,10027.4004,4652.77,2294.01,1154.1801,31893.8444,E1,N,N
11/28/2019,3:00,8110.29,1121.29,3624.4099,813.902,9925.3896,4528.79,2273.29,1239.6899,31637.0514,E2,N,N
11/28/2019,3:00,8072.5601,1097.5601,3629.49,742.017,10265.7002,4622.98,2336.8899,1226.0601,31993.2574,E3,N,N
11/28/2019,3:00,8102.3618,1114.9058,3646.1797,780.8889,9945.3613,4584.0503,2289.8872,1222.6891,31686.3241,M,Y,N
11/28/2019,4:00,8022.2563,1149.9939,3585.6584,834.0007,9959.5723,4562.0654,2213.8237,1297.2549,31624.6256,A3,N,N
11/28/2019,4:00,7770.4043,1096.1901,3563.5488,861.3043,9903.3965,4425.2861,2264.2917,1371.2625,31255.6843,A6,N,N
11/28/2019,4:00,7925.8301,1083.53,3720.45,732.63,9184.6904,4421.96,2212.3301,1269.48,30550.9006,E,N,N
11/28/2019,4:00,8035.1299,1113.74,3612.96,796.648,9996.6396,4473.5898,2216.5801,1171.12,31416.4074,E1,N,N
11/28/2019,4:00,8006.1802,1115.78,3606.22,815.782,9879.8799,4461.8999,2217.9199,1261.3,31364.9619,E2,N,N
11/28/2019,4:00,8025.7598,1102.78,3537.3899,746.174,10087.7002,4570.6201,2248.9199,1252.71,31572.0539,E3,N,N
11/28/2019,4:00,8012.2876,1116.5422,3599.8359,785.4799,9884.0869,4499.5303,2223.6123,1242.1243,31363.4994,M,Y,N
11/28/2019,5:00,8017.7954,1168.1353,3581.1218,841.7366,10081.8154,4541.7725,2199.3723,1307.2428,31738.9921,A3,N,N
11/28/2019,5:00,7769.1528,1108.6068,3584.3757,870.0307,9993.293,4349.0835,2241.0605,1394.9281,31310.5311,A6,N,N
11/28/2019,5:00,7981.7402,1106.36,3727.1299,758.741,9366.7998,4449.3398,2211.8899,1316.3101,30918.3107,E,N,N
11/28/2019,5:00,8109.27,1123.28,3633.22,820.545,9951.9404,4514.52,2190.3401,1216.77,31559.8855,E1,N,N
11/28/2019,5:00,8025.98,1135.63,3609.45,829.29,10006.0996,4462.6699,2207.4099,1284.51,31561.0394,E2,N,N
11/28/2019,5:00,8067.3999,1154.21,3500.1699,771.018,10075.2002,4555.54,2263.3101,1280.28,31667.1281,E3,N,N
11/28/2019,5:00,8049.5815,1141.655,3595.7002,805.2729,9939.3867,4507.0713,2215.668,1273.3341,31527.6697,M,Y,N
11/28/2019,6:00,8138.0415,1178.3522,3597.1479,851.2178,10423.3477,4690.4844,2214.1646,1338.64,32431.3961,A3,N,N
11/28/2019,6:00,7882.5278,1124.8014,3602.8623,871.5789,10350.4561,4451.3511,2242.7146,1420.7626,31947.0548,A6,N,N
11/28/2019,6:00,8176.3198,1137.4399,3763.1101,793.987,9829.6699,4605.9102,2271.03,1334.67,31912.1369,E,N,N
11/28/2019,6:00,8180.02,1165.72,3659.25,822.371,10283.2998,4722.5601,2245.8201,1246.3101,32325.3511,E1,N,N
11/28/2019,6:00,8156.8799,1172.83,3624.01,850.808,10412.4004,4616.71,2263.0901,1308.76,32405.4884,E2,N,N
11/28/2019,6:00,8096.0498,1165.62,3536.52,807.495,10370.2998,4738.1699,2306.21,1289.98,32310.3445,E3,N,N
11/28/2019,6:00,8145.1777,1166.2068,3621.6196,825.8191,10298.127,4681.4092,2258.3137,1295.4263,32292.0994,M,Y,N
11/28/2019,7:00,8286.4502,1258.0557,3616.8413,846.8108,10705.3916,4934.7666,2250.7866,1380.6484,33279.7512,A3,N,N
11/28/2019,7:00,8068.6289,1185.5068,3606.4009,860.925,10604.9131,4646.3765,2242.5027,1469.8254,32685.0793,A6,N,N
11/28/2019,7:00,8426.9004,1194.5601,3822.0801,834.501,10471.4004,4866.9399,2352.48,1361.1899,33330.0518,E,N,N
11/28/2019,7:00,8432.1797,1254.5699,3735.76,863.456,10648,4875.5601,2290.8799,1288.62,33389.0256,E1,N,N
11/28/2019,7:00,8376.0996,1235.34,3650.8401,879.298,10982.7998,4894.77,2342.04,1335.47,33696.6575,E2,N,N
11/28/2019,7:00,8261.7598,1199.39,3560.1499,844.484,10800.2002,4926.77,2312.55,1356.36,33261.6639,E3,N,N
11/28/2019,7:00,8345.4727,1231.7415,3662.3027,856.9734,10754.8486,4899.4883,2300.3691,1337.8423,33389.0386,M,Y,N
11/28/2019,8:00,8434.7305,1349.554,3645.9031,886.741,10988.0088,5135.9502,2300.6523,1415.5239,34157.0638,A3,N,N
11/28/2019,8:00,8266.1602,1256.2559,3620.6787,908.3317,10988.9326,4931.1123,2281.9065,1506.8284,33760.2063,A6,N,N
11/28/2019,8:00,8582.8496,1251.21,3852.74,902.297,11011.9004,5118.2002,2446.6001,1374.27,34540.0673,E,N,N
11/28/2019,8:00,8367.3096,1337.25,3781.1299,912.679,11133.7002,5397.5498,2333.1499,1311.2,34573.9684,E1,N,N
11/28/2019,8:00,8516.04,1309.5,3669.1201,936.025,11560.2998,5199.0098,2403.8201,1368.9399,34962.7547,E2,N,N
11/28/2019,8:00,8442.2803,1297.1801,3620.54,906.109,11362,5374.2598,2388.3301,1363.3,34753.9993,E3,N,N
11/28/2019,8:00,8448.4414,1316.0847,3702.1257,912.333,11263.9893,5274.4736,2361.8357,1359.5842,34638.8676,M,Y,N
11/28/2019,9:00,8817.7881,1397.4607,3641.5239,931.5848,11537.7529,5352.0415,2429.0146,1402.819,35509.9855,A3,N,N
11/28/2019,9:00,8649.2588,1292.202,3591.0615,952.379,11411.2363,5030.2959,2428.6965,1497.601,34852.731,A6,N,N
11/28/2019,9:00,8892.7998,1294.24,3880.0901,977.649,11612.9004,5373.79,2648.49,1415.04,36094.9993,E,N,N
11/28/2019,9:00,8883.1299,1368.17,3823.77,991.076,11955.5996,5709.0098,2592.4199,1330.01,36653.1852,E1,N,N
11/28/2019,9:00,8884.7197,1375.39,3693.8,1007.92,12299.2998,5489.54,2615.29,1377.95,36743.9095,E2,N,N
11/28/2019,9:00,8769.3701,1362.85,3675.24,982.443,12106.4004,5677.1099,2641.8201,1420.4399,36635.6734,E3,N,N
11/28/2019,9:00,8839.7617,1365.824,3731.8699,984.0139,11984.1563,5559.6436,2573.7861,1384.3324,36423.3879,M,Y,N
11/28/2019,10:00,9175.0889,1399.1981,3640.7942,982.644,12269.457,5548.2632,2615.4644,1365.3328,36996.2426,A3,N,N
11/28/2019,10:00,9107.3438,1334.0366,3600.0911,988.5328,12046.0615,5440.521,2648.4973,1402.1195,36567.2036,A6,N,N
11/28/2019,10:00,9245.4697,1309.9399,3876.4399,1013.23,12273.5996,5588.0298,2889.21,1409.78,37605.6989,E,N,N
11/28/2019,10:00,9351.8604,1416.86,3829.72,1036.48,12539.9004,5904.0801,2826.77,1323.84,38229.5109,E1,N,N
11/28/2019,10:00,9308.1797,1399.36,3694.53,1032.27,12814,5702.4902,2875.0901,1375.83,38201.75,E2,N,N
11/28/2019,10:00,9253.6504,1410.3101,3700.1699,1018.03,12508.4004,5907.3101,2877.01,1382.0601,38056.941,E3,N,N
11/28/2019,10:00,9264.3555,1395.2545,3739.0422,1021.1793,12533.457,5770.5068,2800.3486,1367.3217,37891.4656,M,Y,N
11/28/2019,11:00,9370.2559,1394.011,3712.2432,994.8841,12349.9814,5611.104,2745.3455,1316.3101,37494.1352,A3,N,N
11/28/2019,11:00,9394.875,1333.7064,3589.5032,994.9479,12255.8115,5644.1343,2768.0283,1300.5803,37281.5869,A6,N,N
11/28/2019,11:00,9562.0801,1301.1,3857.1399,1035.6801,12751.2998,5697.7798,3118.9099,1446.21,38770.1996,E,N,N
11/28/2019,11:00,9687.1699,1398.4,3836.1799,1050.8199,12634.2998,6071.5098,3144.01,1297.97,39120.3593,E1,N,N
11/28/2019,11:00,9711.7197,1387.9301,3691.45,1043.05,13146.7998,5793.4302,3135.5901,1360.89,39270.8599,E2,N,N
11/28/2019,11:00,9631.0195,1407.83,3707.01,1021.46,12831,5981.1499,3079.9399,1352.51,39011.9193,E3,N,N
11/28/2019,11:00,9581.3359,1386.189,3757.4319,1032.6531,12790.6855,5875.1328,3024.1362,1348.1575,38795.7219,M,Y,N
11/28/2019,12:00,9477.3691,1384.8229,3758.0295,1002.9579,12242.9297,5585.7534,2846.3625,1276.6,37574.825,A3,N,N
11/28/2019,12:00,9382.8799,1332.7198,3686.3972,999.7255,12068.4551,5526.8252,2877.863,1244.8184,37119.6841,A6,N,N
11/28/2019,12:00,9732.04,1263.03,3810.25,1015.61,12932.4004,5685.3501,3276.3101,1399.7,39114.6906,E,N,N
11/28/2019,12:00,9932.3203,1374.64,3792.5601,1066.8,12850.2002,6019.4199,3271.71,1296.34,39603.9905,E1,N,N
11/28/2019,12:00,10015.0996,1342.1801,3656.5801,1024.63,13253.5,5752.4102,3344.51,1329.5601,39718.4701,E2,N,N
11/28/2019,12:00,9835.7305,1372.36,3654.8601,989.967,13082.7998,6053.02,3294.5601,1332.1899,39615.4874,E3,N,N
11/28/2019,12:00,9779.7471,1358.6071,3734.7163,1022.6702,12943.542,5865.1006,3180.7607,1324.0599,39209.2039,M,Y,N
11/28/2019,13:00,9591.0898,1381.6648,3751.0793,1000.7762,11964.9805,5478.2666,2942.7791,1211.0496,37321.6859,A3,N,N
11/28/2019,13:00,9380.8926,1344.1259,3831.3423,1014.8233,11769.8906,5412.2109,2996.5625,1166.0529,36915.901,A6,N,N
11/28/2019,13:00,9817.1797,1193.88,3736.71,987.756,12754.7002,5564.73,3302.47,1320.04,38677.4659,E,N,N
11/28/2019,13:00,10070.7002,1298.0699,3723.26,1017.76,12469.2998,5832.27,3312.25,1229.77,38953.3799,E1,N,N
11/28/2019,13:00,10265.5996,1248.52,3617.3101,998.636,13015.0996,5588.9199,3414.0701,1289.3101,39437.4654,E2,N,N
11/28/2019,13:00,10108,1297.74,3597.29,956.596,12662.0996,5900.7002,3336.3899,1287.34,39146.1557,E3,N,N
11/28/2019,13:00,9952.7949,1299.6687,3687.1599,991.8145,12626.5859,5710.8467,3237.4221,1267.9912,38774.2839,M,Y,N
11/28/2019,14:00,9678.8623,1368.5281,3713.1274,955.1985,11739.3936,5372.731,3036.2554,1190.2507,37054.347,A3,N,N
11/28/2019,14:00,9390.3652,1358.9952,3785.8037,989.1813,11582.1045,5338.8477,3110.6604,1147.8634,36703.8214,A6,N,N
11/28/2019,14:00,9793.5098,1140.92,3675.9399,974.33,12414.2998,5392.8799,3270.3601,1304.37,37966.6095,E,N,N
11/28/2019,14:00,10165,1254.88,3671.5901,963.691,12096.7002,5624.98,3293.8401,1213.91,38284.5914,E1,N,N
11/28/2019,14:00,10368.5,1184.29,3588.98,986.896,12615.0996,5357.2202,3409.3401,1240.9,38751.2259,E2,N,N
11/28/2019,14:00,10128.5,1227.96,3481.8601,946.234,12253.0996,5625.8301,3300.29,1226.8101,38190.5839,E3,N,N
11/28/2019,14:00,10013.3418,1253.4933,3624.7595,965.3964,12260.4375,5497.709,3242.5588,1232.2325,38089.9288,M,Y,N
11/28/2019,15:00,9624.1465,1340.407,3685.2944,914.4847,11561.0547,5295.748,3096.2666,1157.703,36675.1049,A3,N,N
11/28/2019,15:00,9316.2822,1362.178,3747.3853,973.7211,11450.9287,5276.1362,3180.4746,1129.118,36436.2241,A6,N,N
11/28/2019,15:00,9741.6504,1116.39,3636.03,924.31,12068.2002,5241.4702,3249.5,1237.0601,37214.6109,E,N,N
11/28/2019,15:00,10157.2998,1178.24,3630.6399,935.296,11714.0996,5337.7202,3274.6799,1166.49,37394.4654,E1,N,N
11/28/2019,15:00,10408.5,1148.23,3565.0701,941.889,12255.2998,5169.9102,3403.55,1211.86,38104.3091,E2,N,N
11/28/2019,15:00,10005.2998,1178.84,3515.1799,883.798,11867.5,5451.9702,3306.1399,1197.9301,37406.6579,E3,N,N
11/28/2019,15:00,9965.4551,1207.4492,3607.916,920.0951,11912.8818,5307.0527,3250.9028,1193.4154,37365.1681,M,Y,N
11/28/2019,16:00,9524.332,1308.017,3671.9241,883.2661,11397.8096,5241.7793,3095.1489,1120.3073,36242.5843,A3,N,N
11/28/2019,16:00,9230.2598,1361.8407,3733.2773,956.6687,11329.1563,5246.9316,3181.344,1077.6692,36117.1476,A6,N,N
11/28/2019,16:00,9581.7402,1092.95,3605.8799,906.996,11849,5130.8301,3217.7,1243.34,36628.4362,E,N,N
11/28/2019,16:00,10073.2998,1212.84,3610.79,952.844,11070.2002,5249.0601,3270.4399,1147.45,36586.924,E1,N,N
11/28/2019,16:00,10299.7998,1113.73,3545.8301,922.503,11984.2002,5048.8701,3363.04,1181.42,37459.3932,E2,N,N
11/28/2019,16:00,9878.25,1187.34,3449.78,865.388,11448.2998,5277.75,3251.6399,1186.58,36545.0277,E3,N,N
11/28/2019,16:00,9854.1631,1202.8843,3577.0874,908.9665,11531.5264,5190.4961,3226.8997,1174.3184,36666.3419,M,Y,N
11/28/2019,17:00,9504.8223,1303.821,3648.4912,866.2243,11524.5605,5251.1797,3050.1799,1140.7433,36290.0222,A3,N,N
11/28/2019,17:00,9243.7754,1377.8551,3689.0417,943.1097,11341.1279,5235.3257,3107.5198,1080.9154,36018.6707,A6,N,N
11/28/2019,17:00,9366.5801,1082.17,3579.21,869.052,11692.5,5081.4302,3144.0901,1245.4,36060.4324,E,N,N
11/28/2019,17:00,9839.4297,1171.48,3566.2,936.227,11072.5,5000.8398,3166.1599,1184.98,35937.8164,E1,N,N
11/28/2019,17:00,10055.7998,1080.16,3526.3501,890.732,11734.7002,4969.25,3256.55,1191.97,36705.5121,E2,N,N
11/28/2019,17:00,9755.4404,1169.13,3420.0601,818.682,11386.7002,5264.4502,3160.76,1210.39,36185.6129,E3,N,N
11/28/2019,17:00,9702.7207,1181.399,3546.8828,878.3198,11450.6074,5100.2109,3144.355,1195.1029,36199.5985,M,Y,N
11/28/2019,18:00,9917.7139,1358.8022,3646.0457,894.3948,12211.4648,5437.396,3045.5029,1217.7203,37729.0406,A3,N,N
11/28/2019,18:00,9610.6074,1421.5314,3667.5674,962.9011,12040.2188,5360.5,3084.8281,1166.5861,37314.7403,A6,N,N
11/28/2019,18:00,9331.1602,1112.78,3581.1001,887.027,11877,5140.7202,3053.8201,1298.77,36282.3776,E,N,N
11/28/2019,18:00,9772.4805,1224.6899,3563.3501,890.177,11347.9004,5204.5601,3062.9399,1225.5601,36291.658,E1,N,N
11/28/2019,18:00,9974.8604,1128.36,3527.96,912.8,11875,5048.3999,3132.3799,1214.54,36814.3002,E2,N,N
11/28/2019,18:00,9591.1699,1243.11,3426.9399,839.133,11653.2998,5262.6499,3111.6599,1254.65,36382.6124,E3,N,N
11/28/2019,18:00,9733.5938,1236.7931,3547.7163,883.2053,11730.1084,5201.167,3078.3008,1238.2488,36649.1335,M,Y,N
11/28/2019,19:00,10241.9141,1401.5896,3726.9878,921.3351,12661.0918,5853.3857,3167.9958,1296.324,39270.6239,A3,N,N
11/28/2019,19:00,10042.3262,1459.4301,3737.1187,970.7073,12544.1885,5783.0024,3201.6563,1236.8364,38975.2659,A6,N,N
11/28/2019,19:00,9377.8896,1145.6801,3625.21,916.202,11986.2998,5232.5898,3044.28,1356.75,36684.9013,E,N,N
11/28/2019,19:00,9858.3096,1205.92,3614.95,934.809,11211.2998,5299.04,3022.1699,1288.29,36434.7883,E1,N,N
11/28/2019,19:00,9964.2803,1164.14,3555.72,932.446,11901.2998,5225.2798,3095.8401,1270.48,37109.486,E2,N,N
11/28/2019,19:00,9648,1227.63,3498.72,874.527,11448.2002,5389.7402,3058.97,1363.47,36509.2574,E3,N,N
11/28/2019,19:00,9854.8271,1247.5125,3607.7808,915.1377,11721.124,5364.2617,3079.7988,1312.1943,37102.6369,M,Y,N
11/28/2019,20:00,10192.5332,1397.9235,3740.1868,924.249,12706.8643,5879.085,3154.8257,1315.1439,39310.8114,A3,N,N
11/28/2019,20:00,9996.2363,1416.8289,3736.3176,959.6935,12544.2559,5823.0425,3168.3359,1256.186,38900.8966,A6,N,N
11/28/2019,20:00,9308.0195,1160.8101,3654.4299,914.988,11892.0996,5228.4199,2990.1499,1393.5601,36542.477,E,N,N
11/28/2019,20:00,9638.1904,1223.9,3625.46,891.971,11140,5157.21,2948,1244.9399,35869.6713,E1,N,N
11/28/2019,20:00,9809.7002,1165.55,3578.6001,931.279,11668.4004,5192.6401,2991.0701,1287.8,36625.0399,E2,N,N
11/28/2019,20:00,9630.71,1240.74,3492.55,883.58,11363,5308.6499,3017.1399,1373.42,36309.7898,E3,N,N
11/28/2019,20:00,9755.0732,1256.4358,3618.6777,906.6122,11617.7207,5303.0635,3027.6438,1315.1281,36800.355,M,Y,N
11/28/2019,21:00,10045.8115,1380.338,3709.5891,908.7865,12519.4131,5822.4531,3098.3267,1323.616,38808.334,A3,N,N
11/28/2019,21:00,9864.7285,1394.1803,3696.8789,946.6753,12365.4072,5821.2148,3106.3979,1277.8292,38473.3121,A6,N,N
11/28/2019,21:00,9203.6201,1164.48,3675.0801,900.699,11676.2998,5161.27,2915.45,1345.95,36042.849,E,N,N
11/28/2019,21:00,9465.1602,1200.9,3637.3899,890.627,10878.5996,5100.4102,2892.0901,1291.91,35357.087,E1,N,N
11/28/2019,21:00,9669.2402,1175.58,3590.0901,917.367,11448.7998,5146.8901,2885.76,1280.29,36114.0172,E2,N,N
11/28/2019,21:00,9404.7402,1220.98,3429.4099,876.594,11180.7002,5206.6499,2873.0701,1353.4,35545.5443,E3,N,N
11/28/2019,21:00,9588.0352,1243.062,3602.2434,897.3327,11401.4893,5236.4531,2941.0229,1315.0957,36224.7343,M,Y,N
11/28/2019,22:00,9792.2734,1340.7399,3693.0452,871.5497,12062.8525,5612.7905,3036.3643,1298.7554,37708.3709,A3,N,N
11/28/2019,22:00,9682.8145,1336.1622,3677.3289,913.0591,12002.6094,5595.4849,3059.897,1281.3068,37548.6628,A6,N,N
11/28/2019,22:00,9064.6904,1148.6899,3665.72,866.711,11301.2002,5038.6699,2847.99,1366.53,35300.2014,E,N,N
11/28/2019,22:00,9376.1201,1188.54,3616.2,702.844,10792.2002,4908.1699,2847.8,1277.6801,34709.5543,E1,N,N
11/28/2019,22:00,9493.7803,1161.75,3584.3401,899.278,11127.5996,5036.3301,2778.55,1263.12,35344.7481,E2,N,N
11/28/2019,22:00,9296.5,1182.95,3451.7,846.92,10942.2998,5049.6001,2847.47,1355.97,34973.4099,E3,N,N
11/28/2019,22:00,9436.0322,1216.8625,3596.4939,829.5431,11136.0322,5079.9575,2886.2261,1307.3533,35488.5008,M,Y,N
11/28/2019,23:00,9390.0273,1267.0696,3661.5066,817.2348,11359.9863,5258.7197,2888.2488,1254.156,35896.9491,A3,N,N
11/28/2019,23:00,9333.8467,1264.3304,3641.7383,852.4609,11360.9287,5193.2007,2916.3328,1268.5737,35831.4122,A6,N,N
11/28/2019,23:00,8823.6299,1117.88,3627.99,828.195,10805.0996,4891.1899,2791.8899,1314.04,34199.9143,E,N,N
11/28/2019,23:00,9253.54,1150.04,3578.5601,873.21,10304.4004,4931.02,2741.3,1291.13,34123.2005,E1,N,N
11/28/2019,23:00,9257.8701,1125.27,3565.29,872.106,10704.2002,4884.3701,2672.1201,1260.76,34341.9865,E2,N,N
11/28/2019,23:00,9121.9102,1163.47,3473.0901,811.967,10565.7002,4844.3799,2755.8601,1273.8199,34010.1974,E3,N,N
11/28/2019,23:00,9201.5566,1175.5386,3577.4492,844.9995,10664.2109,4933.6812,2779.3538,1277.452,34454.2418,M,Y,N
11/28/2019,24:00,8902.0244,1179.5077,3612.2607,777.7712,10487.8975,4887.9761,2710.3569,1199.8289,33757.6234,A3,N,N
11/28/2019,24:00,8873.8252,1171.2048,3595.8113,816.8873,10524.8838,4881.3799,2749.6304,1234.9534,33848.5761,A6,N,N
11/28/2019,24:00,8525.1602,1070.26,3585.6201,796.681,10312.0996,4708.9502,2698.0801,1292.36,32989.2112,E,N,N
11/28/2019,24:00,8936.5596,1093.8101,3563.3899,831.058,9691.6797,4608.0498,2637.1299,1242.09,32603.767,E1,N,N
11/28/2019,24:00,8927.3301,1081.79,3551.47,835.985,10187.5,4636.5498,2566.1299,1258.64,33045.3948,E2,N,N
11/28/2019,24:00,8895.5098,1121.37,3455.49,794.675,9995,4670.6201,2683.8799,1265.21,32881.7548,E3,N,N
11/28/2019,24:00,8865.084,1117.6782,3549.9216,812.236,10068.5449,4678.4209,2665.8679,1253.0087,33010.7622,M,Y,N
11/29/2019,1:00,8708.9316,1194.4607,3609.353,787.3619,10259.874,4796.2241,2666.3394,1183.667,33206.2117,A3,N,N
11/29/2019,1:00,8581.6211,1204.7813,3634.6345,815.6462,10058.5615,4806.4336,2700.4385,1265.6255,33067.7422,A6,N,N
11/29/2019,1:00,8464.6104,1021.88,3536.1499,779.981,9814.4199,4560.9702,2600.3999,1263.42,32041.8313,E,N,N
11/29/2019,1:00,8705.0195,1040.6801,3513.0601,795.7,9724.6602,4461.1699,2539.1799,1216.67,31996.1397,E1,N,N
11/29/2019,1:00,8878.1504,1060.13,3523.1599,784.39,9386.21,4375.2202,2613.0701,1265.98,31886.3106,E2,N,N
11/29/2019,1:00,8694.29,1073.4301,3444.4399,791.557,9564.3604,4497.6699,2622.05,1256.14,31943.9373,E3,N,N
11/29/2019,1:00,8694.9053,1087.3939,3524.127,788.8297,9678.0938,4503.1646,2608.5762,1240.5834,32125.6739,M,Y,N
11/29/2019,2:00,8497.2842,1157.9061,3582.897,770.0197,9849.0166,4614.459,2563.6111,1158.4961,32193.6898,A3,N,N
11/29/2019,2:00,8299.6563,1181.428,3626.5181,798.2334,9649.1602,4562.6094,2604.7585,1225.5017,31947.8656,A6,N,N
11/29/2019,2:00,8278.9902,983.763,3494.5,774.783,9480.8398,4433.8701,2517.51,1221.63,31185.8861,E,N,N
11/29/2019,2:00,8413.0098,996.763,3470.04,778.11,9311.6201,4324.6602,2447.3401,1194.79,30936.3332,E1,N,N
11/29/2019,2:00,8710.4404,1028.9,3482.3101,771.805,9006.7998,4217.79,2533.49,1264.38,31015.9153,E2,N,N
11/29/2019,2:00,8432.4697,1019.63,3457.6399,794.27,9167.0498,4279.2598,2546.8401,1266.14,30963.2993,E3,N,N
11/29/2019,2:00,8459.3701,1045.1576,3499.7456,779.1466,9287.5996,4336.4688,2520.8228,1228.8433,31157.1544,M,Y,N
11/29/2019,3:00,8316.6709,1120.7756,3542.3657,757.316,9522.5586,4475.1348,2491.4243,1152.8588,31379.1047,A3,N,N
11/29/2019,3:00,8105.9277,1125.677,3576.8396,788.322,9306.0156,4403.519,2526.0435,1234.0352,31066.3796,A6,N,N
11/29/2019,3:00,8133.3198,961.614,3485.3501,751.171,9305.4805,4354.3799,2452.0601,1201.98,30645.3554,E,N,N
11/29/2019,3:00,8317.5801,974.954,3480.8101,756.896,9045.6504,4341.0601,2353.4099,1208.48,30478.8406,E1,N,N
11/29/2019,3:00,8545.9902,1010.29,3485.9199,756.284,8800.7598,4124.29,2458.5601,1265.47,30447.564,E2,N,N
11/29/2019,3:00,8293.0098,1023.61,3447.2,776.514,9047.4199,4247.3599,2465.48,1243.23,30543.8236,E3,N,N
11/29/2019,3:00,8316.7285,1026.3229,3489.0029,760.9844,9076.9629,4281.8667,2441.4063,1223.6499,30616.9245,M,Y,N
11/29/2019,4:00,8217.3643,1125.7421,3507.9966,755.2769,9443.499,4407.4746,2445.833,1158.8096,31061.9961,A3,N,N
11/29/2019,4:00,7947.832,1141.3047,3531.5762,792.6296,9198.3633,4307.9277,2460.1992,1254.8689,30634.7016,A6,N,N
11/29/2019,4:00,8086.0498,960.75,3482.1201,751.051,9246.3701,4322.75,2402.9299,1235.6,30487.6209,E,N,N
11/29/2019,4:00,8286.1201,963.313,3470.23,760.032,8962.2998,4234.5801,2308.1499,1201.46,30186.1849,E1,N,N
11/29/2019,4:00,8476.4102,1003.65,3479.75,764.198,8766.21,4092.1799,2417.1899,1262.53,30262.118,E2,N,N
11/29/2019,4:00,8191.5698,1040.73,3410.2,779.421,8927.6201,4196.7598,2408.4199,1262.67,30217.3906,E3,N,N
11/29/2019,4:00,8244.0703,1027.9963,3467.3406,764.2037,9000.2666,4222.1582,2393.1157,1230.9662,30350.1176,M,Y,N
11/29/2019,5:00,8266.7891,1141.672,3519.0154,757.1197,9353.334,4395.8027,2431.1646,1170.7391,31035.6366,A3,N,N
11/29/2019,5:00,8006.4097,1155.2852,3555.1946,789.9722,9073.8672,4282.522,2435.2744,1273.2837,30571.809,A6,N,N
11/29/2019,5:00,8160.1001,978.402,3464.5,761.816,9360.6299,4356.3999,2388.73,1227.65,30698.2279,E,N,N
11/29/2019,5:00,8295.25,1031.79,3445.6399,790.005,8942.7002,4257.7598,2341.8301,1240.21,30345.185,E1,N,N
11/29/2019,5:00,8542.0498,1028.45,3452.8601,771.612,8888.2598,4138,2417.6101,1270.47,30509.3118,E2,N,N
11/29/2019,5:00,8298.7598,1056.29,3351.49,786.543,8877.9102,4217.6602,2393.3501,1226.1,30208.1033,E3,N,N
11/29/2019,5:00,8302.9688,1058.2946,3443.7063,776.907,9016.4629,4247.3804,2392.3787,1233.9937,30472.0924,M,Y,N
11/29/2019,6:00,8463.9414,1153.8827,3555.8423,765.69,9608.2354,4549.2412,2470.469,1200.5599,31767.8619,A3,N,N
11/29/2019,6:00,8221.5439,1181.4889,3611.8772,787.0547,9368.5615,4443.0723,2465.6306,1288.9346,31368.1637,A6,N,N
11/29/2019,6:00,8362.6104,1009.48,3473.3899,788.259,9666.4404,4483.6401,2411.9199,1250.08,31445.8197,E,N,N
11/29/2019,6:00,8499.7998,1047.1801,3463.9299,789.121,9199.2402,4484.0498,2384.1299,1222.77,31090.2207,E1,N,N
11/29/2019,6:00,8754.3301,1067.41,3472.73,793.427,9183.0498,4306.7598,2455.6299,1285.99,31319.3266,E2,N,N
11/29/2019,6:00,8627.5596,1065.97,3394.25,809.279,9186.8896,4402.5601,2444.76,1285.73,31216.9983,E3,N,N
11/29/2019,6:00,8537.4424,1076.3694,3471.7705,792.2004,9301.6299,4427.4526,2433.2834,1254.9524,31295.101,M,Y,N
11/29/2019,7:00,8797.832,1227.4716,3589.3193,767.1218,9959.3281,4802.9863,2530.3955,1230.8499,32905.3045,A3,N,N
11/29/2019,7:00,8547.5635,1259.9185,3635.3003,770.7385,9631.8027,4674.3584,2493.5879,1324.8695,32338.1393,A6,N,N
11/29/2019,7:00,8611.71,1051.89,3480.79,829.718,10054.5,4681.3999,2453.29,1308.95,32472.2479,E,N,N
11/29/2019,7:00,8704.4805,1100.8,3492.21,852.53,9525.9004,4632.98,2414.77,1288.86,32012.5309,E1,N,N
11/29/2019,7:00,9022.3701,1111.73,3505.96,831.802,9562.5898,4538.0298,2509.74,1350.63,32432.8517,E2,N,N
11/29/2019,7:00,8596,1110.9399,3384.8201,842.584,9604.54,4639.0601,2455.54,1338.47,31971.9541,E3,N,N
11/29/2019,7:00,8728.8379,1130.2554,3489.9312,831.334,9674.9863,4638.0659,2470.5552,1311.9648,32275.9307,M,Y,N
11/29/2019,8:00,9041.2949,1280.1956,3621.7976,790.6663,10119.3027,5026.9922,2614.0977,1254.5068,33748.8538,A3,N,N
11/29/2019,8:00,8830.1045,1320.1654,3654.3301,788.7863,9865.2881,4978.0747,2574.2996,1354.3735,33365.4222,A6,N,N
11/29/2019,8:00,8694.1699,1077.62,3494.3201,858.068,10322.5996,4838.3101,2484.1599,1352.2,33121.4476,E,N,N
11/29/2019,8:00,8683.5801,1122.11,3520.3701,870.814,9989.5801,4894.7002,2445.05,1337.48,32863.6845,E1,N,N
11/29/2019,8:00,9051.6104,1135.67,3529.23,851.131,9881.8496,4786.5698,2529.01,1409.12,33174.1908,E2,N,N
11/29/2019,8:00,8727.6602,1133.86,3432.8301,861.747,9967.3701,4857,2492.1799,1410.1801,32882.8274,E3,N,N
11/29/2019,8:00,8831.3564,1160.7026,3521.6934,852.0148,10014.9375,4867.7305,2514.478,1365.0334,33127.9466,M,Y,N
11/29/2019,9:00,9521.2217,1298.693,3604.7944,794.0557,10458.3193,5231.9351,2755.1462,1231.2968,34895.4622,A3,N,N
11/29/2019,9:00,9272.1787,1346.145,3621.5598,799.9235,10080.1035,5147.6636,2750.2236,1335.1959,34352.9936,A6,N,N
11/29/2019,9:00,8953.8701,1124.2,3520.9199,906.195,10599.9004,4974.0898,2623.52,1349.01,34051.7052,E,N,N
11/29/2019,9:00,9185.8799,1153.3199,3546.6101,925.466,10405.2002,5233.5601,2615.3601,1311.25,34376.6463,E1,N,N
11/29/2019,9:00,9342.8604,1186.24,3556.6399,905.438,10260.0996,4997.4199,2684.6299,1399.8,34333.1277,E2,N,N
11/29/2019,9:00,9211.0596,1193.39,3432.04,901.358,10110.5996,5127.6099,2706.72,1338.24,34021.0171,E3,N,N
11/29/2019,9:00,9266.6309,1200.1558,3530.5562,895.5968,10326.252,5115.4004,2682.8254,1334.8608,34352.2783,M,Y,N
11/29/2019,10:00,9909.9922,1281.4291,3569.8821,813.0391,10813.2578,5399.6392,2934.8623,1200.0355,35922.1373,A3,N,N
11/29/2019,10:00,9747.6855,1370.2297,3616.9429,810.9075,10384.4326,5493.2607,2966.3801,1248.4072,35638.2462,A6,N,N
11/29/2019,10:00,9303.5195,1168.97,3514.8101,961.349,10832.4004,5134.7002,2825.25,1297.55,35038.5492,E,N,N
11/29/2019,10:00,9695.7598,1221.97,3550.25,976.476,10729.7998,5404.25,2906.99,1289.47,35774.9656,E1,N,N
11/29/2019,10:00,9762.8398,1221.02,3555.8401,955.463,10561.2002,5257.5801,2910.95,1318.4399,35543.3331,E2,N,N
11/29/2019,10:00,9785.0303,1245.95,3484.6399,948.644,10693.0996,5395.3198,2943.9099,1310.23,35806.8235,E3,N,N
11/29/2019,10:00,9730.9902,1236.0859,3535.0242,941.9443,10701.7324,5331.0801,2913.4656,1291.7332,35682.0559,M,Y,N
11/29/2019,11:00,10234.332,1278.3463,3603.6318,825.7325,11027.4619,5551.8994,3105.96,1181.8854,36809.2493,A3,N,N
11/29/2019,11:00,10169.6396,1352.8201,3588.5098,810.6362,10894.3047,5731.623,3171.4443,1180.8987,36899.8764,A6,N,N
11/29/2019,11:00,9597.4297,1203.66,3513.3799,965.158,10893.7998,5256.6499,3005.8999,1278.05,35714.0272,E,N,N
11/29/2019,11:00,10065,1243.1801,3586.22,967.792,10910.2002,5649.6001,3137.1799,1184.62,36743.7923,E1,N,N
11/29/2019,11:00,10120.5996,1244.88,3576.3601,961.451,10724.5,5465.04,3085.8301,1269.9399,36448.6007,E2,N,N
11/29/2019,11:00,9966.4697,1320.46,3472.73,942.854,10972.7002,5615.52,3122.21,1283.7,36696.6439,E3,N,N
11/29/2019,11:00,10031.2041,1266.5641,3551.8628,941.8856,10892.0078,5533.6084,3102.8037,1242.0569,36561.9934,M,Y,N
11/29/2019,12:00,10341.5713,1280.3086,3600.3943,852.7505,11005.5625,5654.4556,3213.8218,1192.2036,37141.0682,A3,N,N
11/29/2019,12:00,10291.8896,1342.7958,3598.1484,822.4128,10954.1445,5823.6699,3330.5957,1184.9003,37348.557,A6,N,N
11/29/2019,12:00,9775.04,1205.75,3489.01,934.926,10751.9004,5314.3701,3167.5701,1283.75,35922.3166,E,N,N
11/29/2019,12:00,10313.2998,1276.5,3574.55,967.929,10997.2002,5821.6602,3232.02,1206.6801,37389.8393,E1,N,N
11/29/2019,12:00,10308.5,1238.4,3560.01,936.266,10647.7002,5568.9399,3220.0801,1241.03,36720.9262,E2,N,N
11/29/2019,12:00,10281.2998,1266.35,3453.05,909.091,10977.5996,5680.8501,3280.96,1240.4,37089.6005,E3,N,N
11/29/2019,12:00,10244.4854,1261.3083,3538.126,926.7811,10875.3086,5638.9658,3230.1567,1231.5217,36946.6536,M,Y,N
11/29/2019,13:00,10388.1582,1293.4719,3585.9548,864.5948,10812.0684,5687.5835,3323.8206,1173.0208,37128.673,A3,N,N
11/29/2019,13:00,10298.0723,1344.7966,3603.4746,837.1888,10859.5029,5832.5884,3487.4312,1142.6978,37405.7526,A6,N,N
11/29/2019,13:00,9880.0996,1198.9399,3468.5,929.652,10525.5,5328.6699,3295.74,1272.2,35899.3014,E,N,N
11/29/2019,13:00,10442.5,1244.52,3580.02,947.947,10762.9004,5740.7998,3383.3701,1188.46,37290.5173,E1,N,N
11/29/2019,13:00,10338.4004,1219.98,3556.8701,926.713,10470.9004,5604.6099,3336.73,1175.9301,36630.1339,E2,N,N
11/29/2019,13:00,10479.7998,1274.9301,3506.79,903.765,10785.4004,5687.4102,3392.8999,1239.21,37270.2054,E3,N,N
11/29/2019,13:00,10354.9268,1255.5955,3546.3625,918.8871,10671.9961,5635.2368,3354.0815,1206.5526,36943.6389,M,Y,N
11/29/2019,14:00,10508.9121,1319.2253,3563.1155,857.3847,10690.9551,5705.5283,3420.8994,1187.1833,37253.2037,A3,N,N
11/29/2019,14:00,10309.6641,1350.5773,3587.6287,830.9612,10704.1025,5895.4648,3624.6965,1147.6458,37450.7409,A6,N,N
11/29/2019,14:00,9987.0498,1189.36,3470.46,920.235,10359.5,5363.8901,3384.2,1227.45,35902.1449,E,N,N
11/29/2019,14:00,10601.0996,1242.24,3605.77,933.406,10773.0996,5686.6802,3428.27,1163.85,37434.4154,E1,N,N
11/29/2019,14:00,10388.9004,1204.6,3573.5,918.199,10320.2998,5652.79,3422.2,1124.21,36604.6992,E2,N,N
11/29/2019,14:00,10550.2998,1287.12,3424.9199,893.34,10614,5649.5,3456.97,1162.87,37039.0197,E3,N,N
11/29/2019,14:00,10462.0723,1261.3914,3528.9463,908.4387,10558.1572,5630.9199,3427.3347,1164.5616,36941.8221,M,Y,N
11/29/2019,15:00,10399.5098,1323.7762,3572.4536,845.2528,10503.0361,5722.3384,3488.0088,1187.229,37041.6047,A3,N,N
11/29/2019,15:00,10180.833,1344.125,3605.0764,820.03,10570.4775,5932.4912,3696.1079,1151.5458,37300.6868,A6,N,N
11/29/2019,15:00,10069.0996,1186.0699,3473.21,897.171,10285.2998,5402.4399,3429.1201,1242.38,35984.7903,E,N,N
11/29/2019,15:00,10571.5,1210.59,3624.1001,917.951,10679,5675.4199,3487.3999,1169.1801,37335.141,E1,N,N
11/29/2019,15:00,10395.7002,1201.04,3582.6399,892.434,10247.5996,5691.52,3484.1499,1123.48,36618.5636,E2,N,N
11/29/2019,15:00,10541.5,1222.05,3482.8501,865.159,10522.9004,5686.6099,3467.51,1216.0601,37004.6395,E3,N,N
11/29/2019,15:00,10436.2266,1237.4929,3551.832,886.689,10460.917,5653.9844,3474.8884,1180.8811,36882.9114,M,Y,N
11/29/2019,16:00,10281.9355,1325.35,3577.6445,836.1658,10396.6621,5721.9063,3496.7244,1189.5533,36825.9419,A3,N,N
11/29/2019,16:00,10054.7021,1338.5376,3631.6265,815.652,10482.9619,5943.647,3685.7185,1128.9194,37081.765,A6,N,N
11/29/2019,16:00,10143.9004,1192.03,3458.77,888.091,10368.2998,5466.9702,3423.6399,1246.95,36188.6513,E,N,N
11/29/2019,16:00,10488.5996,1255.0699,3623.23,889.521,10918.7002,5727.73,3396,1206.52,37505.3707,E1,N,N
11/29/2019,16:00,10490.2998,1207.71,3574.3501,883.682,10319.2998,5778.1499,3486.47,1169.88,36909.8416,E2,N,N
11/29/2019,16:00,10480.9004,1276.49,3503.75,856.443,10905.0996,5647.8398,3482.4099,1222.7,37375.6327,E3,N,N
11/29/2019,16:00,10392.1338,1264.1951,3555.2961,872.9436,10631.3945,5687.0396,3457.5476,1204.3379,37064.8882,M,Y,N
11/29/2019,17:00,10192.8467,1350.572,3579.4573,828.0814,10512.9111,5769.7471,3439.2747,1222.1027,36894.993,A3,N,N
11/29/2019,17:00,9922.8848,1348.2421,3629.9844,807.8509,10562.2139,5974.8779,3598.4814,1142.8112,36987.3466,A6,N,N
11/29/2019,17:00,10134,1208.11,3448.1599,845.785,10538.5,5567.8799,3399.6299,1279.77,36421.8347,E,N,N
11/29/2019,17:00,10470.5,1261.5601,3604.25,859.357,10990.0996,5735.4902,3385.73,1283.71,37590.6969,E1,N,N
11/29/2019,17:00,10430.5,1217.99,3559.6201,843.992,10521.7998,5886.6201,3474.77,1251.76,37187.052,E2,N,N
11/29/2019,17:00,10466,1246.8101,3446.77,813.37,11029.2002,5837.7998,3438.1299,1292.77,37570.85,E3,N,N
11/29/2019,17:00,10352.8994,1267.998,3533.5918,838.4131,10766.7012,5782.1807,3425.0837,1269.7941,37236.662,M,Y,N
11/29/2019,18:00,10498.2344,1425.519,3592.1157,850.5563,11057.9131,5923.1523,3358.8762,1287.9749,37994.3419,A3,N,N
11/29/2019,18:00,10210.8018,1393.2233,3638.0024,827.1777,11199.2656,6048.7017,3523.7842,1222.6614,38063.6181,A6,N,N
11/29/2019,18:00,10313.4004,1267.9301,3465,861.175,11125.7002,5753.4902,3336.05,1299.23,37421.9759,E,N,N
11/29/2019,18:00,10850.5,1285.27,3619.6899,862.804,11497.0996,6014.2402,3295.21,1301.88,38726.6937,E1,N,N
11/29/2019,18:00,10713.2998,1290.21,3572.26,866.177,11199.0996,6101.9702,3413.0601,1292.2,38448.2767,E2,N,N
11/29/2019,18:00,10771,1348.3101,3478.6399,827.43,11445.0996,6059.5698,3341.4299,1336.17,38607.6493,E3,N,N
11/29/2019,18:00,10658.2715,1334.5422,3552.2688,853.0692,11308.2773,6003.5254,3342.5178,1305.9631,38358.4353,M,Y,N
11/29/2019,19:00,10685.5107,1461.1345,3635.6707,874.3172,11327.3896,6217.3828,3418.948,1374.0577,38994.4112,A3,N,N
11/29/2019,19:00,10500.3281,1420.103,3682.5774,846.4318,11593.8613,6384.9209,3597.1558,1307.1903,39332.5686,A6,N,N
11/29/2019,19:00,10495.5,1315.6801,3495.8701,886.307,11502.7002,5949.5698,3339.0801,1367.8199,38352.5272,E,N,N
11/29/2019,19:00,11051,1329.76,3641.1399,887.273,11722.7002,6245.4302,3426.1599,1368.02,39671.4832,E1,N,N
11/29/2019,19:00,10874.2002,1340.45,3599.73,877.547,11646.9004,6287.9302,3445.25,1341.46,39413.4678,E2,N,N
11/29/2019,19:00,11024.7998,1348.27,3503.4399,852.916,11680.9004,6214.0801,3426.1299,1337.78,39388.3161,E3,N,N
11/29/2019,19:00,10861.54,1366.8074,3582.0127,874.5121,11616.3867,6207.729,3415.8508,1354.5498,39279.3885,M,Y,N
11/29/2019,20:00,10558.8672,1468.1836,3611.5625,870.653,11250.7236,6126.2388,3320.48,1391.89,38598.5987,A3,N,N
11/29/2019,20:00,10417.916,1374.0098,3655.9663,839.4072,11509.4229,6348.1812,3509.9946,1331.8799,38986.7779,A6,N,N
11/29/2019,20:00,10490.5,1305.0601,3483.3,873.577,11411.7002,5900.0898,3273.9199,1386.26,38124.407,E,N,N
11/29/2019,20:00,10931.4004,1312.03,3582.1299,854.914,11458.7998,6006.8198,3316.24,1328.48,38790.8139,E1,N,N
11/29/2019,20:00,10759.0996,1316.0601,3571.51,855.334,11460,6111.6201,3349.72,1339.9301,38763.2739,E2,N,N
11/29/2019,20:00,10964.4004,1333.86,3468.72,845.597,11473.0996,6083.8701,3314.8701,1388.36,38872.7772,E3,N,N
11/29/2019,20:00,10769.8672,1356.1584,3547.4541,856.99,11430.7773,6053.8691,3315.8525,1361.4612,38692.4298,M,Y,N
11/29/2019,21:00,10359.874,1434.2194,3592.5103,858.1652,11050.5732,5998.2827,3195.6641,1375.7976,37865.0865,A3,N,N
11/29/2019,21:00,10285.7207,1337.9072,3627.8445,839.6085,11330.9658,6247.7197,3391.5664,1334.6224,38395.9552,A6,N,N
11/29/2019,21:00,10369.5,1273.37,3482.6201,862.003,11198.4004,5797.5298,3172.55,1356.09,37512.0633,E,N,N
11/29/2019,21:00,10687.9004,1311.4,3556.4199,837.804,11163.7002,6045.3398,3199.99,1310.21,38112.7643,E1,N,N
11/29/2019,21:00,10662.5,1291.37,3554.1899,841.272,11262.2998,5992.7402,3271.51,1277.99,38153.8719,E2,N,N
11/29/2019,21:00,10801,1335.9,3388.6799,839.422,11385.2002,5933.21,3229.53,1335.62,38248.5621,E3,N,N
11/29/2019,21:00,10591.1934,1340.9723,3514.0037,844.6455,11233.9219,5967.2988,3211.8035,1322.4409,38026.28,M,Y,N
11/29/2019,22:00,10123.2451,1411.6115,3583.2217,827.6154,10842.8193,5790.8389,3093.9331,1341.0233,37014.3083,A3,N,N
11/29/2019,22:00,10047.3486,1306.1698,3612.6265,821.5622,11094.7227,5999.4321,3297.7131,1337.3176,37516.8926,A6,N,N
11/29/2019,22:00,10157.7998,1232.67,3465.6499,849.073,10857.5996,5637.4199,3070.3701,1317.84,36588.4223,E,N,N
11/29/2019,22:00,10479.0996,1248.73,3518.3999,827.619,10965.0996,5852.3799,3133.6001,1307.71,37332.6381,E1,N,N
11/29/2019,22:00,10450.4004,1248.17,3509.0601,825.614,10906.7998,5782.4302,3158.74,1245.41,37126.6245,E2,N,N
11/29/2019,22:00,10479.5996,1276.22,3386.8999,831.155,10933.0996,5831.6699,3137.4199,1303.11,37179.1739,E3,N,N
11/29/2019,22:00,10346.5117,1294.2454,3493.9692,830.683,10913.8027,5795.1523,3119.877,1296.4154,37090.6567,M,Y,N
11/29/2019,23:00,9840.7266,1348.4374,3580.8149,790.1984,10374.9746,5494.9233,2951.5313,1288.37,35669.9765,A3,N,N
11/29/2019,23:00,9768.0098,1253.8322,3598.325,784.2048,10634.0244,5641.3398,3141.4241,1319.3445,36140.5046,A6,N,N
11/29/2019,23:00,9819.5,1191.05,3446.6799,817.277,10348.2998,5440.3799,2958.25,1266.54,35287.9766,E,N,N
11/29/2019,23:00,10027.0996,1224.59,3446.0601,794.98,10723.9004,5620.3901,2970.6499,1239.1,36046.7701,E1,N,N
11/29/2019,23:00,10129.5996,1189.62,3457.47,792.929,10382.2002,5516.3198,3030.6399,1219.8,35718.5785,E2,N,N
11/29/2019,23:00,10071.7998,1244.8101,3387.8301,804.14,10522.0996,5550.77,3060.6299,1318.54,35960.6195,E3,N,N
11/29/2019,23:00,9978.5439,1252.0431,3466.6951,798.9467,10497.459,5538.7827,2994.314,1263.7239,35790.5084,M,Y,N
11/29/2019,24:00,9480.8779,1263.9126,3552.5547,751.345,9884.0732,5180.1655,2806.5718,1235.4989,34154.9996,A3,N,N
11/29/2019,24:00,9374.9834,1180.9897,3566.5054,761.3404,10066.6641,5399.3198,2986.4763,1286.4458,34622.7249,A6,N,N
11/29/2019,24:00,9427.1201,1124.62,3435.27,768.94,9777.21,5177.02,2827.24,1239.61,33777.0301,E,N,N
11/29/2019,24:00,9650.2305,1154.96,3433.27,759.13,9926.7695,5259.8301,2833.4399,1203.14,34220.77,E1,N,N
11/29/2019,24:00,9696.8398,1120.0601,3448.05,746.886,9783.5498,5154.3198,2873.9199,1170.91,33994.5354,E2,N,N
11/29/2019,24:00,9604.3398,1187.48,3388.5801,767.599,10019.7002,5253.04,2882.22,1241.51,34344.4691,E3,N,N
11/29/2019,24:00,9574.3574,1182.1731,3454.0161,758.4393,9890.165,5211.4453,2843.2029,1213.2786,34127.0777,M,Y,N
11/30/2019,1:00,9176.3311,1257.6168,3570.5571,719.3351,9526.7813,5060.5479,2766.6472,1180.8301,33258.6466,A3,N,N
11/30/2019,1:00,9026.1113,1214.594,3584.7971,730.2714,9525.083,5223.1152,2889.7141,1269.9403,33463.6264,A6,N,N
11/30/2019,1:00,9045.8896,1085.7,3376.6101,731.589,9151.5195,4914.7402,2699.3501,1197.58,32202.9785,E,N,N
11/30/2019,1:00,9251.0596,1103.41,3377.1201,733.318,9223.0303,4950.6099,2695.3799,1163.3199,32497.2477,E1,N,N
11/30/2019,1:00,9212.3301,1124.5,3375.7,712.046,9157.7402,4832.2598,2721.6599,1142.72,32278.956,E2,N,N
11/30/2019,1:00,9135.6104,1139.15,3319.75,737.031,9516.25,4949.8799,2730.9099,1183.67,32712.2512,E3,N,N
11/30/2019,1:00,9173.0273,1151.3192,3410.8955,726.9643,9309.043,4930.0986,2725.8606,1169.7288,32596.9373,M,Y,N
11/30/2019,2:00,8956.4551,1218.7561,3550.679,700.3238,9143.1494,4853.2842,2656.1726,1149.6338,32228.454,A3,N,N
11/30/2019,2:00,8766.4873,1192.1904,3580.9526,715.943,9139.0527,4918.8677,2773.354,1225.1841,32312.0318,A6,N,N
11/30/2019,2:00,8693.7598,1038.0699,3359.52,705.648,8610.71,4650.9399,2580.48,1129.6899,30768.8175,E,N,N
11/30/2019,2:00,8846.0996,1039.8101,3311.95,708.708,8900.8896,4750.8301,2551.96,1128.77,31239.0174,E1,N,N
11/30/2019,2:00,8892.6504,1084.98,3346.73,692.65,8682.2803,4588.5801,2592.51,1119.28,30999.6608,E2,N,N
11/30/2019,2:00,8725.04,1086.13,3276.3201,709.724,9107.6504,4659.5298,2600.71,1133.98,31299.0843,E3,N,N
11/30/2019,2:00,8830.1992,1101.5553,3373.0186,703.517,8891.9375,4687.7632,2598.8345,1130.423,31317.2483,M,Y,N
11/30/2019,3:00,8761.1299,1180.066,3525.0537,688.6293,8881.9883,4674.8208,2568.2056,1140.5651,31420.4587,A3,N,N
11/30/2019,3:00,8565.2979,1139.4674,3542.52,710.9169,8843.0361,4689.2949,2675.2754,1230.7666,31396.5752,A6,N,N
11/30/2019,3:00,8453.4404,1006.52,3356.55,693.888,8298.5498,4475.6201,2499.48,1156.95,29940.9983,E,N,N
11/30/2019,3:00,8659.4902,1039.86,3275.48,698.749,8457.04,4464.7798,2445.6299,1121.05,30162.0789,E1,N,N
11/30/2019,3:00,8677.9902,1049.6899,3339.3301,686.187,8373.1299,4419.4902,2498.1699,1110.71,30154.6972,E2,N,N
11/30/2019,3:00,8503.79,1058.11,3223,700.061,8599.5996,4455.1001,2498.0601,1146.37,30184.0908,E3,N,N
11/30/2019,3:00,8622.5313,1076.5353,3342.8684,694.064,8505.0098,4478.6475,2502.6802,1131.7219,30354.0584,M,Y,N
11/30/2019,4:00,8645.3555,1184.603,3504.5154,685.2947,8805.499,4588.6157,2513.842,1146.1877,31073.913,A3,N,N
11/30/2019,4:00,8402.6484,1156.3365,3510.8218,717.381,8723.7256,4570.334,2594.1816,1250.5121,30925.941,A6,N,N
11/30/2019,4:00,8322.8701,984.306,3355.23,689.464,8147.8901,4386.8799,2437.54,1162.78,29486.9601,E,N,N
11/30/2019,4:00,8503.6797,998.011,3269.71,706.717,8234.9805,4320.6401,2374.8201,1127.21,29535.7684,E1,N,N
11/30/2019,4:00,8558.9297,1030.88,3340.6299,682.202,8217.5,4335.8198,2440.1299,1100.28,29706.3713,E2,N,N
11/30/2019,4:00,8406.5898,1038.08,3231.5901,695.705,8480.6299,4353.3301,2423.9399,1123.71,29753.5748,E3,N,N
11/30/2019,4:00,8499.1309,1057.0718,3338.436,693.0009,8352.4512,4374.3848,2437.8594,1126.4209,29878.7559,M,Y,N
11/30/2019,5:00,8670.6416,1201.3933,3529.9873,688.6325,8830.4951,4556.8062,2493.7957,1161.0398,31132.7915,A3,N,N
11/30/2019,5:00,8438.9609,1171.9688,3550.2607,718.7554,8686.6885,4494.519,2557.9744,1269.0634,30888.1911,A6,N,N
11/30/2019,5:00,8299.9404,985.539,3366.6899,694.292,8183.2202,4376.04,2408.6101,1167.48,29481.8116,E,N,N
11/30/2019,5:00,8475.2695,1037.42,3286.78,700.718,8156.8501,4267.8799,2365.77,1121.97,29412.6575,E1,N,N
11/30/2019,5:00,8574.6396,1033.39,3357.6399,684.89,8227.0898,4315.8398,2423.04,1104.72,29721.2491,E2,N,N
11/30/2019,5:00,8370.21,1036.59,3231,699.607,8360.4199,4324.04,2402.8799,1136.13,29560.8768,E3,N,N
11/30/2019,5:00,8488.3525,1071.217,3352.4832,694.1693,8312.8047,4343.5459,2419.5676,1131.77,29813.9102,M,Y,N
11/30/2019,6:00,8864.9863,1211.2827,3577.7705,702.9429,9151.0361,4700.7651,2526.9473,1196.0695,31931.8004,A3,N,N
11/30/2019,6:00,8654.6455,1200.5706,3621.7861,720.9837,9017.6055,4644.2612,2578.4492,1286.2528,31724.5546,A6,N,N
11/30/2019,6:00,8412.0801,1010.15,3382.47,716.201,8464.29,4469.0601,2422.3701,1184.46,30061.0813,E,N,N
11/30/2019,6:00,8620.3896,1010.49,3329.3999,714.772,8374.9297,4262.21,2391.48,1156.8,29860.4712,E1,N,N
11/30/2019,6:00,8730.6396,1052.98,3386.5,699.696,8461.1299,4398.5898,2466.21,1138.53,30334.2753,E2,N,N
11/30/2019,6:00,8555.1504,1063.04,3282.25,724.394,8528.8203,4316.6499,2434.9199,1170.8,30076.0245,E3,N,N
11/30/2019,6:00,8652.9717,1079.0945,3393.4763,712.1085,8543.1357,4390.5908,2449.4092,1164.0986,30384.8853,M,Y,N
11/30/2019,7:00,9210.0361,1286.6528,3620.5054,713.448,9507.25,4944.0996,2584.4431,1233.9973,33100.4323,A3,N,N
11/30/2019,7:00,9017.5615,1281.8367,3659.1594,713.8657,9277.6797,4844.5083,2596.2568,1324.7655,32715.6336,A6,N,N
11/30/2019,7:00,8624.6797,1073.03,3386.3701,742.934,8949.0703,4686.4102,2464.8201,1226.8101,31154.1245,E,N,N
11/30/2019,7:00,8832.3496,1062.88,3364.0801,714.667,8549.7803,4530.8999,2458.53,1198.84,30712.0269,E1,N,N
11/30/2019,7:00,8999.7803,1111.95,3395.0601,727.371,8861.8301,4612.1499,2551.27,1199.6,31459.0114,E2,N,N
11/30/2019,7:00,8750.9102,1069.66,3289.1399,755.377,8679.79,4625.3501,2468.6799,1208.04,30846.9471,E3,N,N
11/30/2019,7:00,8901.3818,1127.9208,3416.1101,731.4015,8829.8906,4645.9136,2504.9243,1209.2209,31366.7636,M,Y,N
11/30/2019,8:00,9541.5576,1340.7172,3662.6682,745.5081,9767.2764,5137.9136,2664.5273,1265.7848,34125.9532,A3,N,N
11/30/2019,8:00,9383.0498,1345.3079,3692.1687,746.0547,9588.4727,5079.1929,2672.6123,1357.5688,33864.4278,A6,N,N
11/30/2019,8:00,8820.4297,1124.4301,3405.1699,779.415,9470.1699,4906.5498,2512.96,1267.27,32286.3944,E,N,N
11/30/2019,8:00,9131.2803,1123.2,3397.72,779.263,8891.6602,4778.2002,2516.6899,1243.14,31861.1536,E1,N,N
11/30/2019,8:00,9142.3701,1149.8101,3428.3899,761.14,9302.0703,4823.98,2573.8601,1255.72,32437.3405,E2,N,N
11/30/2019,8:00,9075.5801,1136.3101,3283.99,792.876,9031.3701,4770.48,2544.74,1239.41,31874.7563,E3,N,N
11/30/2019,8:00,9182.4551,1184.3368,3440.2896,773.9352,9210.9561,4848.7231,2567.3418,1251.1993,32459.237,M,Y,N
11/30/2019,9:00,10061.3525,1363.0531,3651.2192,762.2712,10197.4111,5351.8574,2806.2683,1246.1655,35439.5983,A3,N,N
11/30/2019,9:00,9911.6064,1378.6304,3670.5183,767.5499,9888.998,5256.292,2845.2542,1340.3102,35059.1594,A6,N,N
11/30/2019,9:00,9231.3799,1201.9301,3450.6101,826.831,10128.5996,5209.1802,2662.6299,1279.83,33990.9908,E,N,N
11/30/2019,9:00,9684.4805,1199.96,3497.01,806.542,9725.4502,5115.1802,2701.5901,1234.62,33964.833,E1,N,N
11/30/2019,9:00,9582.4004,1220.6801,3494.54,808.994,9867.5498,5107.52,2729.76,1324.2,34135.6443,E2,N,N
11/30/2019,9:00,9585.0098,1268.79,3315.1699,845.521,9799.9199,5104.9702,2734.1299,1269.92,33923.4307,E3,N,N
11/30/2019,9:00,9684.4336,1260.7771,3483.9937,813.902,9888.9824,5152.0474,2734.5457,1272.9344,34291.6163,M,Y,N
11/30/2019,10:00,10563.7979,1349.4398,3616.7229,793.5332,10664.8184,5497.9053,3007.812,1211.7435,36705.773,A3,N,N
11/30/2019,10:00,10483.9395,1410.5471,3672.8523,786.1626,10294.3125,5542.936,3086.6284,1252.4507,36529.8291,A6,N,N
11/30/2019,10:00,9669.0596,1277.37,3431.77,869.087,10707.7998,5493.8398,2859.5,1278.58,35587.0062,E,N,N
11/30/2019,10:00,10190.5996,1274.16,3488.4399,890.127,10344.2998,5413.8799,2961.76,1270.9,35834.1662,E1,N,N
11/30/2019,10:00,10061.0996,1274.33,3473.9399,849.343,10353.7002,5385.1899,2960.76,1258.76,35617.1226,E2,N,N
11/30/2019,10:00,10166.0996,1282.63,3336.3401,892.701,10433.9004,5470.0298,2961.73,1284.85,35828.2809,E3,N,N
11/30/2019,10:00,10196.3945,1295.5199,3473.5894,865.8702,10454.5527,5441.2427,2960.3579,1264.918,35952.4453,M,Y,N
11/30/2019,11:00,10851.0146,1350.1982,3646.3054,815.9146,10984.9268,5647.8589,3179.2629,1185.8625,37661.3439,A3,N,N
11/30/2019,11:00,10952.0322,1397.0758,3644.7048,794.4348,10897.7666,5751.0083,3291.5972,1181.6809,37910.3006,A6,N,N
11/30/2019,11:00,10026,1323.38,3423.53,887.086,11072,5706.1802,3053.8301,1289.52,36781.5263,E,N,N
11/30/2019,11:00,10643.7998,1320.54,3531.8401,897.401,10626.2998,5673.9399,3190.3701,1218.21,37102.4007,E1,N,N
11/30/2019,11:00,10489,1306.88,3468.3899,867.656,10676.7002,5601.0601,3167.75,1211.42,36788.8562,E2,N,N
11/30/2019,11:00,10570.0996,1327.86,3403.73,916.282,10741.2998,5667.6001,3174.53,1240.25,37041.6515,E3,N,N
11/30/2019,11:00,10580.6035,1328.432,3506.959,883.2098,10768.1904,5654.9048,3163.7383,1226.8928,37112.9306,M,Y,N
11/30/2019,12:00,10886.8594,1351.108,3633.9763,849.8003,11080.6084,5771.3296,3309.7544,1185.4349,38068.8713,A3,N,N
11/30/2019,12:00,11043.3711,1392.3472,3648.542,814.3925,11055.1064,5852.3486,3470.282,1180.376,38456.7658,A6,N,N
11/30/2019,12:00,10257.9004,1336.08,3396.74,880.369,11220.2998,5850.4199,3241.3701,1268.53,37451.7092,E,N,N
11/30/2019,12:00,10839.0996,1327.29,3519.3501,914.226,10818,5823.71,3384.03,1203.0601,37828.7658,E1,N,N
11/30/2019,12:00,10819.7998,1321.5,3443.8999,866.056,10813.0996,5758.7598,3359.8701,1168.87,37551.8552,E2,N,N
11/30/2019,12:00,10839.5,1333.64,3360.1699,903.975,10834.0996,5789.6602,3402.73,1225.3101,37689.0848,E3,N,N
11/30/2019,12:00,10776.0781,1335.207,3483.4541,887.3354,10903.9141,5795.751,3349.2837,1206.0557,37737.0791,M,Y,N
11/30/2019,13:00,10894.2822,1367.8179,3608.9878,864.9138,10951.248,5860.9478,3423.3506,1155.7465,38127.2946,A3,N,N
11/30/2019,13:00,11069.9141,1394.1499,3644.1572,834.7404,11011.5879,5915.1758,3627.1885,1131.8403,38628.7541,A6,N,N
11/30/2019,13:00,10395.0996,1349.24,3362.6799,872.414,11212.9004,5943.3301,3411.29,1239.8,37786.754,E,N,N
11/30/2019,13:00,10988.2002,1301.48,3488.5901,897.528,10765.5996,5830.0098,3572.24,1201.2,38044.8477,E1,N,N
11/30/2019,13:00,11049.5,1321,3411.6699,855.766,10801.7002,5870.8101,3539.75,1129.96,37980.1562,E2,N,N
11/30/2019,13:00,10859.2998,1317.38,3293.7,896.619,10889.2002,5879.3901,3515.9399,1184.13,37835.659,E3,N,N
11/30/2019,13:00,10866.0205,1330.4495,3444.6133,879.6443,10884.6436,5870.5874,3496.7627,1178.2657,37950.987,M,Y,N
11/30/2019,14:00,10850.6104,1380.9153,3573.5925,857.1845,10858.4033,5933.9722,3528.3557,1158.1027,38141.1366,A3,N,N
11/30/2019,14:00,10890.2305,1395.9816,3615.1846,833.3247,10854.7402,5957.562,3753.7476,1127.9471,38428.7183,A6,N,N
11/30/2019,14:00,10449.9004,1344.16,3329.0601,859.871,11091,5989.8101,3548.1299,1220.3101,37832.2416,E,N,N
11/30/2019,14:00,10984,1331.65,3453.72,881.817,10720.9004,5972.0098,3657.4299,1224.24,38225.7671,E1,N,N
11/30/2019,14:00,11162,1314.03,3366.28,848.958,10725.5996,5936.23,3686.52,1112.34,38151.9576,E2,N,N
11/30/2019,14:00,10873.5996,1321.16,3294.3899,883.768,10825.4004,5994.6099,3677.6499,1252.66,38123.2377,E3,N,N
11/30/2019,14:00,10878.54,1340.7052,3417.343,868.2677,10811.6504,5966.1851,3620.1899,1194.6116,38097.4929,M,Y,N
11/30/2019,15:00,10718.0635,1374.8561,3571.3667,841.4675,10671.2588,5963.1963,3607.6858,1145.3854,37893.2801,A3,N,N
11/30/2019,15:00,10692.2813,1384.5355,3617.9312,824.0186,10710.6807,5943.6133,3815.8069,1124.1035,38112.971,A6,N,N
11/30/2019,15:00,10426.2998,1326.8101,3301.6899,848.186,10978.7998,6011.8198,3629.2,1265.38,37788.1854,E,N,N
11/30/2019,15:00,10867.4004,1281.3199,3437.6299,902.072,10764.7002,5922.4702,3708.27,1226.01,38109.8726,E1,N,N
11/30/2019,15:00,11138,1295,3328.45,839.5,10641.5,5971.8799,3763.1699,1112.74,38090.2398,E2,N,N
11/30/2019,15:00,10801.0996,1234.71,3255.6101,872.722,10638.5996,6032.48,3733.05,1242.24,37810.5113,E3,N,N
11/30/2019,15:00,10792.1777,1300.4478,3394.9192,864.7802,10717.457,5978.585,3686.2976,1196.5931,37931.2576,M,Y,N
11/30/2019,16:00,10554.8848,1362.7166,3569.0354,825.3114,10502.1836,5970.5156,3601.0486,1135.1621,37520.8581,A3,N,N
11/30/2019,16:00,10415.5996,1372.7603,3631.1814,818.0812,10529.4219,5917.311,3793.7344,1093.5076,37571.5974,A6,N,N
11/30/2019,16:00,10296,1310.34,3284.48,831.785,10850.9004,6025.5601,3658.1699,1277.37,37534.6054,E,N,N
11/30/2019,16:00,10659.2998,1297.47,3446.24,872.611,10440.0996,5874.25,3665.8,1222.77,37478.5404,E1,N,N
11/30/2019,16:00,10944.0996,1283.41,3307.8799,827.529,10636.2002,5993.3501,3770.6101,1130.24,37893.3189,E2,N,N
11/30/2019,16:00,10630.0996,1273.28,3269.05,857.416,10534.2002,5981.48,3670.77,1254.87,37471.1658,E3,N,N
11/30/2019,16:00,10616.084,1307.5854,3395.1262,846.5261,10571.7598,5961.7798,3663.002,1203.5365,37565.3998,M,Y,N
11/30/2019,17:00,10364.9355,1372.8051,3568.5034,810.7321,10531.3213,5945.353,3498.3357,1159.7949,37251.781,A3,N,N
11/30/2019,17:00,10116.959,1371.2316,3620.4927,807.7438,10480.1514,5824.6206,3666.0471,1101.1511,36988.3973,A6,N,N
11/30/2019,17:00,10123.5,1306.41,3279.6799,801.541,10874.7998,6032.4399,3601.5,1332.8,37352.6706,E,N,N
11/30/2019,17:00,10370.7998,1254.51,3436.5,834.243,10611.2002,5672.96,3511.01,1272.41,36963.633,E1,N,N
11/30/2019,17:00,10662.5,1263.88,3303.8899,790.251,10606.2002,5974.5801,3697.2,1163.37,37461.8712,E2,N,N
11/30/2019,17:00,10347.4004,1222.6801,3224.8,815.719,10620.0996,5881.7998,3548.3799,1302.27,36963.1488,E3,N,N
11/30/2019,17:00,10369.0332,1283.785,3380.3972,811.5873,10635.1406,5879.5596,3551.7688,1246.0869,37157.3586,M,Y,N
11/30/2019,18:00,10542.3428,1420.7451,3584.6472,827.9785,10974.084,5953.3032,3385.781,1220.2494,37909.1312,A3,N,N
11/30/2019,18:00,10251.0723,1404.2533,3625.6575,823.8625,10981.9775,5759.0591,3545.4377,1177.3749,37568.6948,A6,N,N
11/30/2019,18:00,10148.4004,1345.9,3302,818.91,11227.7002,6075.7998,3488.1699,1358.02,37764.9003,E,N,N
11/30/2019,18:00,10426.7002,1258.38,3458.7,863.175,10826.4004,5780.0601,3362.03,1316.76,37292.2057,E1,N,N
11/30/2019,18:00,10604.2998,1307.9399,3325.3501,808.074,10971.7998,6025.0298,3575.0901,1222.34,37839.9235,E2,N,N
11/30/2019,18:00,10403.2002,1306.01,3263.5,836.092,10802,5870.1802,3430.4299,1317.2,37228.6123,E3,N,N
11/30/2019,18:00,10437.1484,1328.0138,3405.1306,832.6963,10925.2734,5922.4551,3427.4678,1286.3586,37564.544,M,Y,N
11/30/2019,19:00,10628.0947,1431.3135,3639.2236,852.0298,11181.6328,6133.5273,3422.896,1307.9063,38596.624,A3,N,N
11/30/2019,19:00,10408.7559,1423.2471,3675.8389,841.7393,11297.3486,5980.0508,3577.1675,1261.718,38465.8661,A6,N,N
11/30/2019,19:00,10284,1350.33,3371.04,847.089,11581.4004,6172.7998,3438.1001,1398.72,38443.4793,E,N,N
11/30/2019,19:00,10545.7002,1319.98,3592.5,863.423,11089,5951.8198,3454,1351.5601,38167.9831,E1,N,N
11/30/2019,19:00,10592.7998,1327.96,3420.55,839.574,11249.2998,6121.8999,3561.45,1304.54,38418.0735,E2,N,N
11/30/2019,19:00,10553.2002,1325.42,3361.97,868.115,11097.7998,6020.8799,3453.1201,1363.58,38044.085,E3,N,N
11/30/2019,19:00,10541.3486,1353.9646,3497.3723,855.1678,11204.4043,6061.9404,3457.4478,1343.2483,38314.8941,M,Y,N
11/30/2019,20:00,10339.5918,1407.2556,3630.8865,851.1442,11043.1475,5906.7749,3294.2024,1335.6694,37808.6723,A3,N,N
11/30/2019,20:00,10152.8008,1370.6321,3662.0872,834.0181,11135.334,5806.5088,3446.3872,1290.3154,37698.0836,A6,N,N
11/30/2019,20:00,10127.2002,1318.46,3396.0701,843.837,11319.2998,5970.5898,3319.9099,1352.88,37648.2468,E,N,N
11/30/2019,20:00,10228.5,1287.36,3579.3101,863.564,10895.2002,5672.7002,3321.6599,1327.8101,37176.1045,E1,N,N
11/30/2019,20:00,10292,1305.84,3458.8301,832.601,10965,5881.5,3379.9099,1338.05,37453.731,E2,N,N
11/30/2019,20:00,10238.4004,1280.02,3364.6399,859.227,11007.5,5748.54,3319.05,1380.26,37197.6373,E3,N,N
11/30/2019,20:00,10254.0234,1321.6964,3500.5715,850.7207,11012.2305,5810.3555,3321.2056,1347.5986,37418.4022,M,Y,N
11/30/2019,21:00,10044.5225,1354.0096,3627.2791,845.3318,10843.042,5701.6021,3147.4214,1336.0989,36899.3074,A3,N,N
11/30/2019,21:00,9913.7588,1327.9592,3650.1392,835.0421,10951.3486,5697.5952,3275.1453,1300.7075,36951.6959,A6,N,N
11/30/2019,21:00,9879.4902,1270.59,3404.6001,835.049,10970,5706.5801,3183.97,1349.83,36600.1094,E,N,N
11/30/2019,21:00,9870.46,1209.29,3552.05,831.913,10720.5996,5517.8999,3130.9199,1318.6,36151.7324,E1,N,N
11/30/2019,21:00,9989.8701,1282.1,3461.8501,824.347,10706.0996,5664.8901,3227.53,1343.28,36499.9669,E2,N,N
11/30/2019,21:00,9932.3896,1269.09,3392.72,849.119,10649.7002,5537.75,3134.5901,1332.1899,36097.5488,E3,N,N
11/30/2019,21:00,9945.5127,1277.1837,3501.3184,836.3923,10745.7305,5606.1577,3154.6702,1334.2585,36401.224,M,Y,N
11/30/2019,22:00,9722.2822,1328.8501,3635.0933,824.173,10672.625,5486.7847,3031.5916,1322.6589,36024.0588,A3,N,N
11/30/2019,22:00,9598.1436,1292.5342,3654.4863,822.6626,10776.4365,5480.7217,3152.6504,1314.239,36091.8743,A6,N,N
11/30/2019,22:00,9562.5996,1213.76,3396.77,816.48,10564.2998,5417.77,3048.1899,1319.09,35338.9593,E,N,N
11/30/2019,22:00,9590.4902,1209.8,3541.8799,743.698,10353.9004,5303.6401,2942.51,1290.9399,34976.8585,E1,N,N
11/30/2019,22:00,9594.21,1243.5601,3431.1899,806.636,10324.7002,5367.2202,3040.1001,1326.83,35134.4465,E2,N,N
11/30/2019,22:00,9574.54,1214.28,3376.96,828.551,10570.9004,5310.5298,2972.74,1308.72,35157.2212,E3,N,N
11/30/2019,22:00,9616.4297,1245.3976,3491.9783,799.8029,10466.9902,5358.417,2997.7466,1311.8411,35288.6034,M,Y,N
11/30/2019,23:00,9370.2344,1270.745,3645.5054,798.949,10286.1104,5202.3853,2874.3159,1290.2433,34738.4887,A3,N,N
11/30/2019,23:00,9264.5781,1239.6389,3658.4495,791.6377,10438.1973,5149.9355,2978.4648,1308.1165,34829.0183,A6,N,N
11/30/2019,23:00,9157.1602,1170.75,3379.54,794.771,10075.7998,5171.3799,2880.6101,1289.1801,33919.1911,E,N,N
11/30/2019,23:00,9317.1602,1178.89,3519.6201,791.277,9858.9805,5036.2002,2793.8899,1275.22,33771.2379,E1,N,N
11/30/2019,23:00,9150.9502,1190.03,3411.3,778.033,9881.2197,5046.3501,2863.78,1294.9301,33616.5931,E2,N,N
11/30/2019,23:00,9136.3701,1204.4301,3391.24,803.067,10240.7002,5033.1899,2837.6899,1299.27,33945.9572,E3,N,N
11/30/2019,23:00,9244.4551,1208.6138,3487.9465,792.3092,10040.4639,5075.6558,2844.5225,1289.783,33983.7498,M,Y,N
11/30/2019,24:00,8932.1758,1195.8127,3626.947,773.2612,9899.9678,4895.9897,2709.355,1255.4948,33289.004,A3,N,N
11/30/2019,24:00,8821.7559,1166.0206,3642.2295,775.4759,10013.6094,4935.1489,2799.8789,1288.8522,33442.9713,A6,N,N
11/30/2019,24:00,8682.4102,1115.16,3372.0701,772.406,9544.46,4898.5601,2705.8,1280.98,32371.8464,E,N,N
11/30/2019,24:00,8721.3301,1126.12,3505.6001,778.537,9435.1602,4767.3501,2630.24,1244.11,32208.4475,E1,N,N
11/30/2019,24:00,8718.8604,1141.78,3413.1201,756.521,9529.71,4764.3799,2699.3799,1251.25,32275.0013,E2,N,N
11/30/2019,24:00,8664.9004,1124.55,3379.1299,776.204,9816.5195,4778.6499,2658.55,1271.45,32469.9537,E3,N,N
11/30/2019,24:00,8754.7598,1143.7383,3476.0681,771.0239,9625.9014,4801.9136,2675.1838,1258.7617,32507.3506,M,Y,N
12/01/2019,1:00,8495.3613,1143.6526,3647.2368,764.3635,9417.0156,4658.2529,2516.9944,1218.9941,31861.8712,A3,N,N
12/01/2019,1:00,8403.2695,1151.7828,3676.7952,754.7031,9524.4121,4749.4502,2642.8398,1273.079,32176.3317,A6,N,N
12/01/2019,1:00,8097.5898,1106.22,3368.8601,758.718,9390.3496,4750.5801,2510.8899,1273.78,31256.9875,E,N,N
12/01/2019,1:00,8275.9902,1115.3199,3479.9199,761.796,9564.7695,4591.6099,2436.02,1235.72,31461.1454,E1,N,N
12/01/2019,1:00,8604.3701,1173.15,3413.5601,771.811,9859.2998,4812.2202,2596.6499,1227.5699,32458.631,E2,N,N
12/01/2019,1:00,8299.4297,1095.95,3337.6201,761.84,9503.4697,4594.4302,2485.9299,1246.89,31325.5596,E3,N,N
12/01/2019,1:00,8355.4404,1123.6519,3463.9968,764.2469,9582.8057,4675.6689,2498.1785,1239.1417,31703.1308,M,Y,N
12/01/2019,2:00,8216.6738,1123.9276,3643.6589,777.558,9341.2656,4503.2119,2390.604,1212.5885,31209.4883,A3,N,N
12/01/2019,2:00,8082.8569,1136.5062,3694.4312,766.1974,9473.5322,4556.1416,2514.1184,1253.7603,31477.5442,A6,N,N
12/01/2019,2:00,7857.7998,1101.34,3365.72,750.487,9168.3301,4635.5698,2355.55,1283.24,30518.0367,E,N,N
12/01/2019,2:00,7998.3101,1092.1801,3467,727.606,9177.8799,4420.8799,2259.54,1248.0699,30391.4659,E1,N,N
12/01/2019,2:00,8374.0596,1160.23,3401.25,765.472,9706.3701,4684.8398,2474.02,1216.33,31782.5715,E2,N,N
12/01/2019,2:00,8101.79,1069.42,3310.27,754.734,9241.7998,4432.2202,2315.3401,1240.62,30466.1941,E3,N,N
12/01/2019,2:00,8108.1758,1104.0782,3451.1035,752.9586,9345.2119,4526.8325,2345.0671,1238.2336,30871.6612,M,Y,N
12/01/2019,3:00,8083.9863,1110.5931,3615.9954,797.0807,9233.9268,4432.0532,2308.4736,1218.7596,30800.8687,A3,N,N
12/01/2019,3:00,7912.4243,1090.017,3604.4656,778.3281,9401.8105,4516.7344,2423.4424,1272.4373,30999.6596,A6,N,N
12/01/2019,3:00,7744.5298,1109.24,3362.1899,748.859,9076.0703,4603,2257.54,1252.34,30153.769,E,N,N
12/01/2019,3:00,7788.9502,1114.26,3463.52,759.433,9138.7803,4402.8501,2174.26,1219.51,30061.5636,E1,N,N
12/01/2019,3:00,8195.3496,1145.96,3402.7,761.117,9546.8701,4589.48,2389,1218.38,31248.8567,E2,N,N
12/01/2019,3:00,7797.0698,1095.36,3267.3701,752.13,9290.9199,4372.3701,2267.2,1226.97,30069.3899,E3,N,N
12/01/2019,3:00,7909.9863,1111.9532,3432.3325,761.4125,9282.8926,4470.5566,2268.301,1225.1025,30462.5372,M,Y,N
12/01/2019,4:00,8030.2583,1154.8895,3590.3904,819.4227,9495.582,4426.354,2241.4961,1244.6323,31003.0253,A3,N,N
12/01/2019,4:00,7793.1387,1099.7217,3534.0957,809.719,9433.9619,4448.9424,2329.8826,1311.1719,30760.6339,A6,N,N
12/01/2019,4:00,7698.6401,1111.2,3374.26,757.494,9148,4584.1899,2219.75,1275.52,30169.054,E,N,N
12/01/2019,4:00,7709.9702,1130.8,3474.99,777.548,9223.6201,4298.2002,2146.1699,1212,29973.2984,E1,N,N
12/01/2019,4:00,8085.6201,1139.84,3402.1799,764.201,9509.04,4560.2998,2339.4399,1227.03,31027.6507,E2,N,N
12/01/2019,4:00,7746.0601,1090.39,3302.73,760.602,9303.0898,4388.3101,2235.6299,1240.8199,30067.6318,E3,N,N
12/01/2019,4:00,7844.605,1125.3999,3439.0825,772.7023,9339.3848,4438.0205,2225.7227,1234.9816,30419.8993,M,Y,N
12/01/2019,5:00,8066.8916,1196.9932,3572.8516,846.5024,9879.7881,4445.5762,2214.2566,1281.6174,31504.4771,A3,N,N
12/01/2019,5:00,7839.6016,1108.6257,3574.2124,835.8372,9992.082,4485.7671,2288.8457,1364.8761,31489.8478,A6,N,N
12/01/2019,5:00,7758.98,1130.95,3400.8301,780.345,9379.79,4647.1899,2219.8601,1293.99,30611.9351,E,N,N
12/01/2019,5:00,7768.48,1144.42,3480.6201,783.83,9452.0596,4466.0298,2133.1399,1250.59,30479.1694,E1,N,N
12/01/2019,5:00,8056.71,1160.42,3424.6899,779.9,9628.9199,4605.7998,2316.3701,1249.36,31222.1697,E2,N,N
12/01/2019,5:00,7869.48,1113.14,3299.1799,782.196,9662.3398,4475.48,2220.75,1232.5699,30655.1356,E3,N,N
12/01/2019,5:00,7903.1743,1150.0596,3441.3528,789.8375,9593.2773,4523.4229,2209.0654,1255.0808,30865.2706,M,Y,N
12/01/2019,6:00,8232.7461,1231.3505,3575.8613,877.1639,10499.2236,4635.6509,2221.04,1336.0331,32609.0694,A3,N,N
12/01/2019,6:00,8014.8345,1142.8801,3611.7549,855.2909,10733.0391,4773.2363,2275.968,1418.1976,32825.2014,A6,N,N
12/01/2019,6:00,7940.46,1173.42,3448.1699,817.154,9859.5996,4830.4399,2260.9399,1332.2,31662.3833,E,N,N
12/01/2019,6:00,7937.4902,1176.64,3522.1499,819.164,10157.7002,4680.96,2162.21,1272.88,31729.1943,E1,N,N
12/01/2019,6:00,8148.4702,1201.8,3463.8701,809.617,10015.7002,4770.7998,2338.25,1286.9301,32035.4374,E2,N,N
12/01/2019,6:00,8002.7798,1177.3101,3342.4399,817.536,9969.0703,4667.1499,2252.1799,1286.5699,31515.0358,E3,N,N
12/01/2019,6:00,8054.3701,1193.2277,3474.1177,823.369,10080.4707,4712.9888,2233.7561,1295.1241,31867.4242,M,Y,N
12/01/2019,7:00,8405.7266,1319.8014,3587.0051,888.9561,11110.0986,4910.1123,2253.5129,1401.3536,33876.5666,A3,N,N
12/01/2019,7:00,8241.4688,1221.1544,3630.5146,863.3635,11390.6211,5041.9214,2266.4993,1493.272,34148.8151,A6,N,N
12/01/2019,7:00,8211.0098,1247.08,3482.21,869.792,10523.2998,5128.8501,2358.5701,1332.77,33153.5818,E,N,N
12/01/2019,7:00,8186.9102,1272.99,3551.0801,886.463,10789.0996,4886.5601,2194.6299,1323.66,33091.3929,E1,N,N
12/01/2019,7:00,8389.1699,1291.46,3489.0701,854.944,10651,5055.73,2429.98,1356.36,33517.714,E2,N,N
12/01/2019,7:00,8258.7803,1239.14,3372.1299,874.441,10595.7998,4974.79,2280.3401,1300.59,32896.0111,E3,N,N
12/01/2019,7:00,8287.877,1275.3003,3498.9639,873.8055,10713.1494,4984.1406,2280.6895,1336.9178,33250.844,M,Y,N
12/01/2019,8:00,8566.8672,1421.1028,3611.0496,936.6367,11306.5234,5120.2393,2300.8662,1436.8153,34700.1005,A3,N,N
12/01/2019,8:00,8456.5586,1298.0322,3656.1702,916.7468,11734.6924,5418.7729,2301.3325,1546.3406,35328.6462,A6,N,N
12/01/2019,8:00,8368.8799,1307.0699,3501.3999,922.115,11101,5374.1899,2437.6399,1374.85,34387.1445,E,N,N
12/01/2019,8:00,8303.3799,1348.88,3571,905.343,11346.2002,5350.4102,2320.99,1383.62,34529.8233,E1,N,N
12/01/2019,8:00,8471.2305,1343.15,3520.73,892.696,11195.4004,5288.8901,2458.26,1399.1801,34569.5371,E2,N,N
12/01/2019,8:00,8286.0303,1268.9399,3388.6699,924.307,11315.7998,5350.25,2359.55,1378.45,34271.9969,E3,N,N
12/01/2019,8:00,8394.083,1341.0081,3520.4463,912.9304,11265.29,5309.1914,2357.3389,1391.7708,34492.0589,M,Y,N
12/01/2019,9:00,8943.8545,1467.2756,3607.9971,980.5231,11728.5244,5315.1802,2428.9224,1419.1995,35891.4768,A3,N,N
12/01/2019,9:00,8806.126,1328.9403,3631.3923,963.5483,12094.2275,5394.519,2447.9148,1543.7745,36210.4427,A6,N,N
12/01/2019,9:00,8614.8896,1345.9301,3476.6799,971.947,11452.2002,5492.3198,2558.3799,1385.74,35298.0865,E,N,N
12/01/2019,9:00,8605.5801,1366.0699,3550.76,937.74,11433.4004,5397.7798,2328.52,1357.87,34977.7202,E1,N,N
12/01/2019,9:00,8735.5098,1391.17,3519.79,930.81,11613.5,5434.9102,2583.8201,1397.53,35607.0401,E2,N,N
12/01/2019,9:00,8613.5703,1364.76,3329.77,977.683,11563.5996,5419.1499,2495.75,1364.77,35129.0528,E3,N,N
12/01/2019,9:00,8709.5508,1391.6638,3496.6904,955.6171,11550.2148,5413.8975,2456.0732,1380.66,35354.3676,M,Y,N
12/01/2019,10:00,9279.3418,1461.4427,3610.8813,1020.3057,12272.3516,5463.3154,2609.9998,1364.6713,37082.3096,A3,N,N
12/01/2019,10:00,9224.8086,1333.5861,3641.2129,988.8923,12524.2949,5531.2783,2662.4951,1441.0175,37347.5857,A6,N,N
12/01/2019,10:00,8813.8301,1336.1,3468.05,996.133,11483.5996,5496.9399,2656.48,1335.85,35586.9826,E,N,N
12/01/2019,10:00,8902.4297,1353.03,3556.5801,952.083,11555.4004,5418.3799,2575.24,1310.34,35623.4831,E1,N,N
12/01/2019,10:00,9004.2998,1378.75,3511.1399,948.018,11778.2998,5457.5601,2714.96,1323.08,36116.1076,E2,N,N
12/01/2019,10:00,8963.1504,1383.36,3366.3401,1008.6,11795.9004,5432.7202,2593,1348.6,35891.6711,E3,N,N
12/01/2019,10:00,9013.4971,1388.8143,3505.8491,979.2301,11751.8945,5447.1973,2615.9897,1333.0702,36035.5423,M,Y,N
12/01/2019,11:00,9384.6035,1471.832,3687.0825,1007.6749,12095.2988,5530.4849,2728.0381,1298.0939,37203.1086,A3,N,N
12/01/2019,11:00,9439.0264,1334.4668,3628.0378,974.4356,12309.7041,5630.2471,2769.2805,1327.8988,37413.0971,A6,N,N
12/01/2019,11:00,8890.7695,1297.85,3426.0901,979.338,11272,5392.4199,2690.45,1269.29,35218.2075,E,N,N
12/01/2019,11:00,9051.8701,1348.61,3528.8899,969.99,11489.4004,5441.5298,2665.3701,1233.59,35729.2503,E1,N,N
12/01/2019,11:00,9140.5195,1320.86,3470.75,929.166,11621.0996,5360.77,2786.51,1247.04,35876.7151,E2,N,N
12/01/2019,11:00,9098.2197,1358.88,3376.1599,985.044,11502,5386.4199,2680.3401,1236.65,35623.7136,E3,N,N
12/01/2019,11:00,9137.585,1372.1693,3510.1382,969.4266,11574.0371,5412.543,2703.0571,1250.2429,35929.1992,M,Y,N
12/01/2019,12:00,9325.8633,1421.0994,3750.4929,986.004,11774.251,5509.4526,2801.4163,1250.3136,36818.8931,A3,N,N
12/01/2019,12:00,9370.6729,1333.4019,3677.8457,958.3374,11821.4512,5692.0313,2850.3938,1259.4226,36963.5568,A6,N,N
12/01/2019,12:00,8894.1602,1264.2,3369.96,952.724,10987.5,5271.1299,2723.5801,1206.48,34669.7342,E,N,N
12/01/2019,12:00,9186.6699,1291.88,3485.6699,985.851,11165.2998,5335.9199,2711.5901,1192.15,35355.0306,E1,N,N
12/01/2019,12:00,9177.8096,1269.3101,3427.8301,902.944,11358.5996,5230.7998,2848.01,1182.0601,35397.3633,E2,N,N
12/01/2019,12:00,9029.8096,1316.1,3338.6699,957.659,11449.2998,5333.0498,2769.8,1184.3199,35378.708,E3,N,N
12/01/2019,12:00,9144.582,1323.9585,3493.4319,953.9545,11338.5186,5322.5151,2767.1501,1196.7317,35540.8424,M,Y,N
12/01/2019,13:00,9315.6025,1401.082,3773.6492,954.0267,11300.0723,5414.5269,2863.8843,1184.3615,36207.2054,A3,N,N
12/01/2019,13:00,9308.209,1345.1405,3699.2969,945.0859,11558.3359,5560.3926,2935.6477,1170.9349,36523.0434,A6,N,N
12/01/2019,13:00,8859.2197,1249.97,3317.8201,929.636,10691.5996,5184.0098,2749.4299,1180.38,34162.0651,E,N,N
12/01/2019,13:00,9161.9297,1294.52,3435.5601,955.851,11002.4004,5251.1099,2718.6499,1152.65,34972.671,E1,N,N
12/01/2019,13:00,9184.3896,1229.8,3381.3301,883.791,11051.5,5103.0698,2897.1799,1135.4301,34866.4905,E2,N,N
12/01/2019,13:00,9231.5996,1269.48,3250.1599,934.675,11157.7998,5299.5898,2828.0801,1159.24,35130.6242,E3,N,N
12/01/2019,13:00,9182.7344,1301.2417,3452.2361,929.0371,11051.8838,5238.2598,2808.4797,1157.4226,35121.2952,M,Y,N
12/01/2019,14:00,9368.0762,1384.902,3727.2688,890.8828,10940.6738,5336.3193,2922.728,1165.7917,35736.6426,A3,N,N
12/01/2019,14:00,9265.5566,1360.1903,3821.8965,912.7687,11066.5146,5443.5942,3015.7727,1148.9802,36035.2738,A6,N,N
12/01/2019,14:00,8826.9004,1239.78,3273.6201,903.297,10384,5105.8501,2782,1190.51,33705.9576,E,N,N
12/01/2019,14:00,9168.3896,1296.8,3397.3101,950.167,10776.5,5209.0601,2797.1799,1083.0601,34678.4668,E1,N,N
12/01/2019,14:00,9185.9199,1191.76,3332.4099,861.23,10730.2002,4994.96,2940.4199,1100.38,34337.2799,E2,N,N
12/01/2019,14:00,9324.2305,1261.02,3206.24,905.662,10867.4004,5179.21,2897.23,1138,34778.9929,E3,N,N
12/01/2019,14:00,9216.7764,1289.623,3408.4585,903.5372,10759.1094,5151.0786,2869.5869,1124.8977,34723.0677,M,Y,N
12/01/2019,15:00,9329.7754,1357.3948,3700.3669,839.9603,10747.2461,5282.4023,2938.8784,1141.6172,35337.6414,A3,N,N
12/01/2019,15:00,9162.1074,1364.3563,3777.7551,878.3787,10765.6318,5371.1162,3043.5032,1132.5382,35495.3869,A6,N,N
12/01/2019,15:00,8784.25,1233.76,3244.8501,884.983,10157.0996,5086.5298,2792.4299,1156.41,33340.3124,E,N,N
12/01/2019,15:00,9187.1602,1254.6899,3371.24,919.562,10394.4004,5090.98,2803.6201,1105.49,34127.1426,E1,N,N
12/01/2019,15:00,9183.9805,1175.01,3291.3201,840.498,10454.2002,4930.8398,2959.8,1073.6801,33909.3287,E2,N,N
12/01/2019,15:00,9245.7998,1237.48,3194.9399,886.497,10812,5124.6899,2855.76,1117.08,34474.2466,E3,N,N
12/01/2019,15:00,9186.7129,1263.4874,3383.6582,877.2572,10528.1934,5082.7437,2868.5933,1111.3159,34301.962,M,Y,N
12/01/2019,16:00,9207.0518,1331.6978,3684.6118,816.2085,10662.1113,5250.3965,2909.4939,1113.7937,34975.3653,A3,N,N
12/01/2019,16:00,9039.625,1366.4457,3757.6868,866.1487,10596.5029,5335.0264,3017.7991,1083.4598,35062.6944,A6,N,N
12/01/2019,16:00,8777.3398,1245.35,3217.26,880.42,10112.9004,5146.9102,2773.6399,1146.34,33300.1603,E,N,N
12/01/2019,16:00,9112.2598,1245.6,3341.3501,932.49,10338.2002,5122.3198,2775.0601,1128.85,33996.13,E1,N,N
12/01/2019,16:00,9225.79,1176.2,3260.8799,829.01,10418.5996,4921.9102,2959.26,1073.2,33864.8497,E2,N,N
12/01/2019,16:00,9212.0898,1259.1899,3202.79,879.934,10494.5,5202.1001,2812.73,1147.58,34210.9138,E3,N,N
12/01/2019,16:00,9133.2412,1261.8157,3366.9553,872.4371,10409.7012,5111.2456,2840.9336,1119.9242,34116.2539,M,Y,N
12/01/2019,17:00,9144.9453,1333.4575,3667.5974,806.8,10844.9375,5281.8569,2846.739,1143.4575,35069.7911,A3,N,N
12/01/2019,17:00,9007.6465,1386.4597,3715.5566,867.3044,10681.9424,5354.3501,2913.2007,1089.7097,35016.1701,A6,N,N
12/01/2019,17:00,8846.6797,1290.24,3233.5801,889.49,10442.2998,5332.73,2745.1499,1199.5601,33979.7296,E,N,N
12/01/2019,17:00,9084.1602,1297.95,3346.0901,895.819,10528.2998,5286.1899,2785.8301,1123.25,34347.5891,E1,N,N
12/01/2019,17:00,9254.54,1210.1,3275.53,823.504,10603.9004,5011.8301,2940.1799,1110.79,34230.3744,E2,N,N
12/01/2019,17:00,9209.3301,1291.35,3199.95,878.662,10910.2998,5303,2823.9099,1187.6899,34804.1917,E3,N,N
12/01/2019,17:00,9122.2617,1293.2318,3367.0481,861.5325,10671.5293,5227.0781,2824.7861,1148.3097,34515.7773,M,Y,N
12/01/2019,18:00,9661.8711,1402.8214,3673.3879,846.5764,11654.7773,5510.7686,2811.8792,1231.5929,36793.6748,A3,N,N
12/01/2019,18:00,9424.7305,1426.6246,3699.4458,907.021,11553.6406,5535.584,2856.376,1181.2432,36584.6657,A6,N,N
12/01/2019,18:00,9252.4902,1386,3310.03,964.967,11411.7002,5765.9102,2764.24,1261.55,36116.8876,E,N,N
12/01/2019,18:00,9604.8799,1410.3101,3411.99,956.251,11532.7002,5691.4902,2813.9099,1233.25,36654.7813,E1,N,N
12/01/2019,18:00,9706.7305,1333.24,3349.47,885.696,11544.2998,5411.7598,2974.53,1202.3101,36408.0362,E2,N,N
12/01/2019,18:00,9714.29,1421.91,3233.6001,960.725,11753.5996,5728.71,2906.25,1233.9,36952.9847,E3,N,N
12/01/2019,18:00,9615.1631,1398.6654,3412.1821,927.111,11590.959,5617.5752,2850.356,1229.0079,36641.0197,M,Y,N
12/01/2019,19:00,10120.7422,1492.9219,3768.4229,900.4353,12476.2422,6022.5571,2933.407,1329.7574,39044.486,A3,N,N
12/01/2019,19:00,9944.4268,1503.7681,3779.5027,937.412,12516.9043,6078.9233,2965.8179,1261.6227,38988.3778,A6,N,N
12/01/2019,19:00,9699.1797,1452.46,3428.46,1029.79,12396.5,6241.27,2883.9299,1331.05,38462.6396,E,N,N
12/01/2019,19:00,10084.4004,1484.61,3529.8701,1003.46,12394.4004,6075.4302,2924.01,1307.47,38803.6511,E1,N,N
12/01/2019,19:00,10190.9004,1437.97,3467.79,945.106,12422.7998,5926.3398,3128.8301,1308.39,38828.1261,E2,N,N
12/01/2019,19:00,10125.2998,1489.88,3328.6201,1025.5699,12634.2002,6148.21,2998.3999,1345.9399,39096.1198,E3,N,N
12/01/2019,19:00,10068.8711,1478.1566,3518.7595,984.8121,12471.9424,6070.4736,2965.5493,1323.0509,38881.6155,M,Y,N
12/01/2019,20:00,10171.6182,1533.8287,3795.7349,934.2299,12837.0205,6192.668,2921.6533,1376.661,39763.4145,A3,N,N
12/01/2019,20:00,10005.8613,1514.3672,3790.8054,951.3019,12574.5693,6130.5093,2918.2886,1298.4414,39184.1444,A6,N,N
12/01/2019,20:00,9843.4697,1478.33,3458.4199,1049.6801,12837.7998,6431.46,2907.02,1406.16,39412.3395,E,N,N
12/01/2019,20:00,10248.7002,1534.54,3542.1499,1047.88,12894,6263.8198,3040.3401,1386.54,39957.97,E1,N,N
12/01/2019,20:00,10285.7998,1477.4301,3505.4099,968.051,12736.7998,6109.4902,3135.1001,1355.39,39573.4709,E2,N,N
12/01/2019,20:00,10270.7002,1533.77,3317.6299,1042.03,13006.2998,6283.3999,3077.01,1375.48,39906.3198,E3,N,N
12/01/2019,20:00,10188.9141,1520.0046,3534.3574,1012.479,12868.6279,6242.1938,3015.0156,1377.2052,39758.7976,M,Y,N
12/01/2019,21:00,10133.208,1566.985,3784.6096,951.9658,12897.041,6307.0293,2873.1467,1416.2698,39930.2552,A3,N,N
12/01/2019,21:00,10055.8984,1545.813,3768.2559,962.2668,12795.4395,6228.3608,2847.9192,1342.647,39546.6006,A6,N,N
12/01/2019,21:00,9858.46,1492.83,3470.72,1048.49,12970.7002,6450.4399,2886.0801,1404.5,39582.2202,E,N,N
12/01/2019,21:00,10324.7998,1546.3,3547.26,1008.14,12939.7002,6400.4902,2997.6899,1358.97,40123.3501,E1,N,N
12/01/2019,21:00,10258.7998,1501.16,3512.3301,964.137,12798.2998,6139.1899,3086.5701,1367.25,39627.7367,E2,N,N
12/01/2019,21:00,10266.0996,1559.0699,3353.4399,1041.97,13062.9004,6506.3901,3063.1599,1403.91,40256.9398,E3,N,N
12/01/2019,21:00,10195.6846,1542.3374,3544.2085,1003.6187,12933.6934,6356.2012,2980.0803,1385.1288,39940.9529,M,Y,N
12/01/2019,22:00,9959.2891,1577.7063,3764.8262,940.53,12791.0459,6261.2524,2825.8406,1428.573,39549.0635,A3,N,N
12/01/2019,22:00,9974.3975,1512.8708,3769.186,952.1646,12879.4092,6406.3481,2798.1997,1371.811,39664.3869,A6,N,N
12/01/2019,22:00,9739.6904,1482.2,3447.5,1021.04,12834.2998,6364.29,2836.45,1409.6801,39135.1503,E,N,N
12/01/2019,22:00,10012.5996,1544.65,3545.76,972.375,12852.2998,6348.4199,2990.0801,1391.62,39657.8044,E1,N,N
12/01/2019,22:00,10156.7998,1496.52,3481.3301,945.777,12726.2002,6083.23,3041.4299,1361.41,39292.697,E2,N,N
12/01/2019,22:00,10201.5,1563.33,3376.4099,1014.22,12896.5,6427.1802,3085.8201,1419.5601,39984.5203,E3,N,N
12/01/2019,22:00,10030.4082,1543.7615,3537.8528,978.2892,12821.918,6292.9004,2960.1702,1397.9292,39563.2295,M,Y,N
12/01/2019,23:00,9632.5332,1552.7173,3713.1685,911.3741,12451.2959,6031.4253,2703.3357,1418.1577,38414.0077,A3,N,N
12/01/2019,23:00,9730.667,1462.4094,3653.6765,916.7177,12761.4756,6169.0386,2665.0867,1391.158,38750.2295,A6,N,N
12/01/2019,23:00,9421.6699,1454.52,3391.47,969.194,12298.9004,6147.1802,2737.77,1395.52,37816.2245,E,N,N
12/01/2019,23:00,9760.1602,1478.91,3524.6201,946.23,12240.7998,6171.9502,2906.75,1362.73,38392.1503,E1,N,N
12/01/2019,23:00,9819.5703,1445.5,3434.71,907.907,12239.2998,5830.1001,2920.5,1304.5699,37902.1571,E2,N,N
12/01/2019,23:00,9609.4805,1499.51,3362.0601,964.436,12480,6232.5298,2913.51,1390.66,38452.1864,E3,N,N
12/01/2019,23:00,9655.6982,1495.2869,3503.2349,939.7142,12333.7998,6080.9707,2838.1826,1366.1997,38213.087,M,Y,N
12/01/2019,24:00,9200.8389,1495.1202,3647.7922,890.4832,11807.1484,5792.9316,2553.5891,1398.5372,36786.4408,A3,N,N
12/01/2019,24:00,9469.7119,1383.5167,3561.0352,899.8414,12271.8135,6051.604,2510.4604,1392.2538,37540.2369,A6,N,N
12/01/2019,24:00,9037.3301,1418.65,3344.73,922.781,11672.2998,5873.4702,2592.8999,1344.7,36206.861,E,N,N
12/01/2019,24:00,9276.2998,1420.55,3482.53,922.792,11575.0996,5919.8398,2683.05,1325.9301,36606.0913,E1,N,N
12/01/2019,24:00,9353.0195,1392.41,3395.6599,874.105,11609,5500.3999,2738.52,1239.46,36102.5743,E2,N,N
12/01/2019,24:00,9285,1430.87,3327.0901,920.671,11879.9004,5915.04,2729.1399,1332.17,36819.8814,E3,N,N
12/01/2019,24:00,9239.3281,1438.0176,3456.9019,906.05,11700.9316,5792.1201,2657.8721,1317.2947,36508.5161,M,Y,N
12/02/2019,1:00,8934.7861,1497.8916,3604.1907,891.4403,11263.3066,5611.6177,2393.6528,1393.0206,35589.9064,A3,N,N
12/02/2019,1:00,9242.0146,1345.2458,3556.5608,888.909,11753.5859,5927.7021,2401.5999,1410.8672,36526.4853,A6,N,N
12/02/2019,1:00,8923.0303,1416.11,3343.1399,902.3,11429,5702.1699,2500.45,1302.21,35518.4101,E,N,N
12/02/2019,1:00,8958.9297,1402.98,3428.25,918.194,11591.4004,5765.5098,2522.8201,1303.36,35891.444,E1,N,N
12/02/2019,1:00,8959.7695,1382.62,3423.25,857.281,11175.2002,5282.48,2554.98,1179.0699,34814.6506,E2,N,N
12/02/2019,1:00,9045.1904,1402.99,3330.46,907.54,11576.4004,5731.0098,2569.29,1304.1899,35867.0705,E3,N,N
12/02/2019,1:00,8970.0762,1425.8066,3436.5239,894.9713,11422.2891,5608.9731,2503.3696,1283.5587,35545.5685,M,Y,N
12/02/2019,2:00,8845.7197,1499.2714,3580.9832,898.3169,11283.9102,5591.1958,2321.3228,1398.6761,35419.3961,A3,N,N
12/02/2019,2:00,9159.9629,1354.0702,3566.9658,879.4832,11688.1797,5932.2456,2328.7192,1410.9509,36320.5775,A6,N,N
12/02/2019,2:00,8794,1422.09,3319.23,903.698,11308.2002,5602.2598,2445.9199,1270.02,35065.4179,E,N,N
12/02/2019,2:00,8688.1699,1397.35,3412.71,926.707,11266.7998,5689.5698,2395.6201,1296.17,35073.0966,E1,N,N
12/02/2019,2:00,8827.3799,1373.5699,3408.3501,855.812,11050,5207.4502,2450.8,1151.9301,34325.2922,E2,N,N
12/02/2019,2:00,8904.1396,1385.14,3334.76,913.387,11479.4004,5622.2002,2439.3101,1294.39,35372.7273,E3,N,N
12/02/2019,2:00,8812.1797,1419.8979,3423.0608,899.2283,11273.0645,5528.9863,2401.1533,1269.2096,35026.7804,M,Y,N
12/02/2019,3:00,8863.7793,1502.3027,3545.0105,919.9466,11413.1807,5630.1494,2292.7925,1419.1539,35586.3156,A3,N,N
12/02/2019,3:00,9198.7158,1323.3625,3539.5662,884.6676,11757.4932,5970.8823,2340.481,1447.6669,36462.8355,A6,N,N
12/02/2019,3:00,8796.75,1445.76,3305.8899,914.293,11387.7998,5628.5698,2447.97,1314.83,35241.8625,E,N,N
12/02/2019,3:00,8658.4297,1408.17,3401.0801,924.789,11500.2002,5643.6001,2415.77,1334.67,35286.7091,E1,N,N
12/02/2019,3:00,8842.8096,1382.34,3395.6201,862.992,11105.4004,5239.5298,2425.8401,1150.33,34404.862,E2,N,N
12/02/2019,3:00,8819.1396,1410.79,3318.0901,926.432,11608.7998,5688.1802,2448.8101,1313.73,35533.9718,E3,N,N
12/02/2019,3:00,8790.2822,1433.8281,3403.7339,907.8333,11403.7236,5550.167,2398.5693,1291.4305,35179.5679,M,Y,N
12/02/2019,4:00,9038.958,1546.7896,3529.1067,947.3951,11859.7979,5778.2251,2301.5488,1460.8326,36462.6538,A3,N,N
12/02/2019,4:00,9399.083,1365.9291,3531.7979,916.1492,12150.1768,6089.7866,2397.1672,1500.9907,37351.0805,A6,N,N
12/02/2019,4:00,8939.3701,1483.59,3325.3401,932.397,11676.5996,5770.8701,2477.29,1334.6801,35940.137,E,N,N
12/02/2019,4:00,8887.7197,1423.89,3410.77,931.368,11769.7998,5808.8101,2464.97,1347.74,36045.0676,E1,N,N
12/02/2019,4:00,8990.3604,1404.98,3409.0801,877.647,11334.9004,5363.7598,2443.3999,1179.47,35003.5976,E2,N,N
12/02/2019,4:00,8948.9805,1452.4,3316.24,943.216,11858,5719.0498,2392.6299,1361.63,35992.1462,E3,N,N
12/02/2019,4:00,8960.1309,1466.8412,3405.8318,923.0317,11682.7246,5666.542,2404.8735,1321.649,35831.6247,M,Y,N
12/02/2019,5:00,9379.1719,1614.6257,3554.8118,978.9414,12391.1143,6048.6724,2364.8201,1513.1503,37845.3079,A3,N,N
12/02/2019,5:00,9762.915,1417.4987,3575.8621,943.3328,12812.7139,6313.0479,2509.8223,1556.6967,38891.8894,A6,N,N
12/02/2019,5:00,9338.9805,1553.66,3372.5,973.538,12341.5,6129.0601,2580.3201,1408.92,37698.4787,E,N,N
12/02/2019,5:00,9248.8604,1505.59,3443.0601,968.904,12245.4004,6253.5298,2558.99,1402.9301,37627.2648,E1,N,N
12/02/2019,5:00,9372.0498,1463.61,3447.29,910.488,11857,5632.1602,2512.1001,1243.41,36438.1081,E2,N,N
12/02/2019,5:00,9386.8701,1502.39,3298.3899,983.524,12409.2998,6120.7598,2486.1899,1378.34,37565.7635,E3,N,N
12/02/2019,5:00,9342.6045,1532.8103,3426.5388,959.7889,12219.502,6023.8291,2489.0522,1371.4288,37365.5546,M,Y,N
12/02/2019,6:00,10262.9199,1722.4628,3595.4402,1044.2604,13777.4561,6679.3506,2506.6226,1608.9298,41197.4424,A3,N,N
12/02/2019,6:00,10527.4473,1515.2122,3627.5664,995.6929,14086.8691,6967.1445,2683.0637,1636.2715,42039.2676,A6,N,N
12/02/2019,6:00,10120.9004,1684.55,3460.5901,1051.08,13614.0996,6914.4502,2830.25,1466.58,41142.5003,E,N,N
12/02/2019,6:00,10028.5,1643.8,3508.03,1040.66,13352.5996,6827.3501,2741.79,1462.27,40604.9997,E1,N,N
12/02/2019,6:00,10174.2002,1585.15,3518.8799,977.772,12938,6239.8101,2710.45,1364.91,39509.1722,E2,N,N
12/02/2019,6:00,10141.5996,1640.24,3367.26,1062.5699,13533.2998,6739.7798,2778.2,1437.45,40700.3991,E3,N,N
12/02/2019,6:00,10145.1426,1660.3384,3490.1162,1032.168,13379.9189,6650.96,2699.2407,1450.5962,40508.481,M,Y,N
12/02/2019,7:00,11123.9014,1937.4895,3656.8599,1121.4053,15331.8301,7475.0508,2762.8384,1740.1504,45149.5258,A3,N,N
12/02/2019,7:00,11376.7178,1719.4808,3674.2737,1066.4581,15507.6016,7740.272,2964.437,1776.5587,45825.7997,A6,N,N
12/02/2019,7:00,11068.5,1887.79,3557.3701,1153.8,15285.9004,7943.6499,3237.01,1557.37,45691.3904,E,N,N
12/02/2019,7:00,11063.7002,1870.59,3585.73,1159.51,15036.5,7535.3301,3136.29,1584.5699,44972.2202,E1,N,N
12/02/2019,7:00,11210.2998,1797.86,3603.73,1079.13,14550.2002,7113.9399,3110.04,1538.83,44004.0299,E2,N,N
12/02/2019,7:00,10989.9004,1858.55,3456.01,1178.3,15123.9004,7595.4302,3118.8,1591.34,44912.231,E3,N,N
12/02/2019,7:00,11079.2246,1877.3638,3569.7876,1138.6357,15004.8672,7488.5127,3047.8633,1590.875,44797.1299,M,Y,N
12/02/2019,8:00,11339.3867,2016.564,3700.9487,1140.656,15766.3438,7742.2065,2858.6079,1766.9484,46331.662,A3,N,N
12/02/2019,8:00,11706.7881,1822.7772,3724.2178,1101.0574,16003.6123,8132.3579,3079.7651,1829.8967,47400.4725,A6,N,N
12/02/2019,8:00,11390,1953.2,3600.26,1198.01,15958.9004,8275.4502,3391.6201,1603.45,47370.8907,E,N,N
12/02/2019,8:00,11265.5,1916.34,3630.6599,1189.67,15575.9004,7879.6001,3363.95,1646.74,46468.3604,E1,N,N
12/02/2019,8:00,11518,1856.14,3651.75,1114.52,15187.5996,7419.5801,3230.0801,1594.3101,45571.9799,E2,N,N
12/02/2019,8:00,11591.2002,1885.01,3514.98,1220.61,15864.7998,7797.8999,3290.6899,1652.51,46817.6998,E3,N,N
12/02/2019,8:00,11412.5215,1930.646,3618.1484,1173.5332,15622.7314,7776.4771,3206.0244,1644.6897,46384.7717,M,Y,N
12/02/2019,9:00,11172.9951,2012.0302,3676.2197,1151.0211,15642.459,7499.5112,2944.1653,1640.7897,45739.1913,A3,N,N
12/02/2019,9:00,11796.2168,1819.2507,3718.49,1113.5654,15654.0674,7840.8081,3125.8821,1740.7913,46809.0718,A6,N,N
12/02/2019,9:00,11396.7998,1905.25,3521.1699,1195.01,15461.5996,7877.6499,3309.3999,1536.15,46203.0291,E,N,N
12/02/2019,9:00,11317.7002,1808.88,3560.96,1167.89,14701.5,7518.9302,3173.9299,1558.4399,44808.2302,E1,N,N
12/02/2019,9:00,11490.7998,1816.53,3600.77,1111.52,14771.5,7150.3301,3157.51,1478.49,44577.4499,E2,N,N
12/02/2019,9:00,11298.9004,1864.7,3469.8999,1213.35,14832.7998,7400.46,3213.28,1567.5601,44860.9502,E3,N,N
12/02/2019,9:00,11308.3477,1886.625,3567.0122,1166.444,14964.458,7439.5752,3141.2075,1548.2399,45021.9095,M,Y,N
12/02/2019,10:00,11126.6104,1965.532,3655.1873,1144.8116,14934.1572,7222.1616,2992.6665,1522.3187,44563.4453,A3,N,N
12/02/2019,10:00,11628.8809,1805.7097,3694.2036,1110.4857,15173.7451,7719.5381,3169.8198,1602.3417,45904.7246,A6,N,N
12/02/2019,10:00,11350.0996,1814.8199,3480.5901,1183.97,14741.7002,7333.1001,3223.74,1413.95,44541.9699,E,N,N
12/02/2019,10:00,11310.2002,1781.96,3532.1299,1153.7,14094.0996,6975.0698,3075.8101,1385.98,43308.9496,E1,N,N
12/02/2019,10:00,11403.7002,1743.73,3562.54,1111.03,14182.7998,6747.8398,3105.3999,1344.26,43201.2997,E2,N,N
12/02/2019,10:00,11363.7002,1771.05,3439.0801,1202.9399,14285.2998,6956.8701,3042.5601,1401.67,43463.1702,E3,N,N
12/02/2019,10:00,11294.3525,1824.4541,3536.9907,1158.0151,14350.0322,6989.3525,3068.9019,1400.011,43622.11,M,Y,N
12/02/2019,11:00,10952.9395,1915.3258,3719.9268,1113.6326,14362.2949,6884.2705,3009.2964,1427.2748,43384.9613,A3,N,N
12/02/2019,11:00,11409.6836,1751.9163,3683.394,1090.4709,14817.8291,7297.02,3112.8872,1481.759,44644.9601,A6,N,N
12/02/2019,11:00,11238,1710.13,3435.73,1147.84,14047.7998,6822.23,3118.3101,1332.25,42852.2899,E,N,N
12/02/2019,11:00,11073.5,1714.16,3495.55,1135.25,13623.7002,6716.52,3033.46,1310.24,42102.3802,E1,N,N
12/02/2019,11:00,11226.7002,1645.52,3531.8401,1084.41,13546.5,6340.8501,3021.01,1247.62,41644.4504,E2,N,N
12/02/2019,11:00,11144.4004,1705.6801,3429.5,1169.15,13748.2002,6656.96,3034.76,1327.0699,42215.7206,E3,N,N
12/02/2019,11:00,11100.7969,1753.2477,3532.1904,1129.8866,13780.8613,6641.8945,3036.7939,1316.1731,42291.8444,M,Y,N
12/02/2019,12:00,10635.6064,1841.1088,3773.2861,1069.2184,13640.7373,6534.0239,2999.8579,1349.8638,41843.7026,A3,N,N
12/02/2019,12:00,10937.2725,1700.5109,3703.8596,1087.3103,13998.1992,6840.7622,3026.3967,1395.33,42689.6414,A6,N,N
12/02/2019,12:00,11000.5996,1615.9,3389.75,1104.05,13372.7998,6381.5698,3010.1699,1261.01,41135.8491,E,N,N
12/02/2019,12:00,10817.7998,1630.22,3452.6799,1115.62,13138.7998,6394.54,2992.1799,1257.52,40799.3594,E1,N,N
12/02/2019,12:00,10948.7998,1557.37,3477.02,1043.6,12908.7002,5983.6299,2934.5801,1182.97,40036.67,E2,N,N
12/02/2019,12:00,10752,1607.4,3371.1699,1123.98,13228.2002,6292.6099,2970.75,1233.5,40579.61,E3,N,N
12/02/2019,12:00,10795.0273,1666.3409,3507.6301,1092.4586,13195.6172,6282.144,2983.7908,1244.8567,40767.8656,M,Y,N
12/02/2019,13:00,10350.168,1762.9153,3751.7888,1019.8395,12792.9873,6183.9893,2981.4866,1298.5575,40141.7323,A3,N,N
12/02/2019,13:00,10436.1504,1639.4841,3681.2227,1057.1187,12804.9238,6361.8223,2953.0671,1287.8496,40221.6387,A6,N,N
12/02/2019,13:00,10740.5,1536.98,3335.79,1051.9399,12756.0996,6053,2903.47,1198.1,39575.8795,E,N,N
12/02/2019,13:00,10575.4004,1560.26,3403.3899,1017.17,12598.2002,6102.4702,2916.3,1204.34,39377.5307,E1,N,N
12/02/2019,13:00,10635.2998,1481.37,3424.2,1004.51,12301.7002,5696.4902,2847,1127.3,38517.8702,E2,N,N
12/02/2019,13:00,10763.9004,1538.79,3331.8501,1070.6,12632,6048.2202,2844.1899,1207.85,39437.4006,E3,N,N
12/02/2019,13:00,10594.3418,1592.785,3466.7559,1032.0424,12576.6104,5991.4189,2904.3027,1196.9547,39355.2118,M,Y,N
12/02/2019,14:00,10249.873,1648.391,3696.269,972.5191,12389.1475,5973.3706,3011.6797,1264.3854,39205.6353,A3,N,N
12/02/2019,14:00,10282.1104,1608.7683,3791.1943,1015.3735,12306.667,5985.5708,3010.8918,1242.4003,39242.9764,A6,N,N
12/02/2019,14:00,10579.0996,1479.75,3302.78,1012.94,12244.7998,5841.5498,2830.95,1172.5601,38464.4293,E,N,N
12/02/2019,14:00,10636.9004,1524.55,3372.1201,1076.01,12213.2998,5919.4302,2880.1101,1156.6,38779.0206,E1,N,N
12/02/2019,14:00,10417.5,1423.04,3392.3999,973.524,11809.0996,5493.75,2793.48,1084.9399,37387.7334,E2,N,N
12/02/2019,14:00,10680.5996,1499.98,3257.3501,1032.54,12068.4004,5776.46,2864.0801,1167.75,38347.1602,E3,N,N
12/02/2019,14:00,10516.418,1531.079,3418.3325,1018.7009,12101.9434,5774.2754,2892.0212,1156.9407,38409.7111,M,Y,N
12/02/2019,15:00,10140.3379,1573.85,3675.1882,924.4785,12017.6465,5812.1167,3015.4607,1227.8313,38386.9098,A3,N,N
12/02/2019,15:00,10028.4102,1589.6263,3753.4973,980.8519,12004.7314,5803.2715,3031.5845,1212.1943,38404.1674,A6,N,N
12/02/2019,15:00,10468.7002,1440.0699,3281.9199,978.978,11815.7002,5720.54,2795.27,1179.2,37680.3782,E,N,N
12/02/2019,15:00,10391.2002,1485.17,3353.9199,1014.6,11622.5,5737.5098,2896.05,1151.35,37652.2999,E1,N,N
12/02/2019,15:00,10226,1385.4301,3373.27,945.311,11397.5996,5356.8301,2766.75,1067,36518.1908,E2,N,N
12/02/2019,15:00,10258,1436.21,3258.4399,998.352,11587.4004,5673.3999,2808.3999,1170.8199,37191.022,E3,N,N
12/02/2019,15:00,10284.2217,1476.995,3403.7856,977.4978,11631.043,5633.5171,2875.23,1148.1714,37430.4616,M,Y,N
12/02/2019,16:00,10048.5215,1514.8076,3669.8889,894.0508,11799.8262,5725.6528,2987.823,1205.9316,37846.5024,A3,N,N
12/02/2019,16:00,9848.9463,1579.7004,3741.2715,966.2773,11683.126,5810.1943,2998.9683,1163.6908,37792.1749,A6,N,N
12/02/2019,16:00,10463.5,1423.8,3259.8201,956.455,11577.7998,5730.3301,2789.9199,1144.17,37345.7949,E,N,N
12/02/2019,16:00,10343.0996,1466.22,3334,1039.51,11509,5674.1201,2833.98,1111.3,37311.2297,E1,N,N
12/02/2019,16:00,10177.4004,1370.47,3353.6699,921.027,11164.7998,5314.3901,2759.9099,1072.05,36133.7171,E2,N,N
12/02/2019,16:00,10434,1453.83,3265.95,975.317,11347.7998,5691.1299,2742.8701,1124.92,37035.8168,E3,N,N
12/02/2019,16:00,10286.5176,1457.9982,3394.146,965.2767,11427.6035,5601.9082,2834.897,1120.8302,37089.1774,M,Y,N
12/02/2019,17:00,10074.7021,1515.8333,3655.4067,883.4361,12016.9482,5796.1025,2947.469,1238.7427,38128.6406,A3,N,N
12/02/2019,17:00,9869.5264,1605.6437,3706.47,953.9855,11796.624,5827.2393,2909.5168,1176.0995,37845.1052,A6,N,N
12/02/2019,17:00,10588.7002,1464.41,3278.6201,948.722,11808.7998,5954.6201,2825.75,1183.6899,38053.3121,E,N,N
12/02/2019,17:00,10400.5,1490.84,3340.46,1000.9,11705.7002,5831.7798,2919.3701,1162.9301,37852.4802,E1,N,N
12/02/2019,17:00,10206,1403.49,3358.49,908.272,11338.9004,5435.77,2776.28,1120.28,36547.4824,E2,N,N
12/02/2019,17:00,10447.9004,1493.97,3266.45,960.866,11993.2998,5827.5801,2794.21,1154.58,37938.8563,E3,N,N
12/02/2019,17:00,10330.1133,1483.6484,3395.218,946.5292,11737.6943,5742.6226,2865.5159,1162.2516,37663.5933,M,Y,N
12/02/2019,18:00,10565.5811,1569.6257,3668.9534,927.0103,12831.1943,6065.4995,2940.4094,1299.3624,39867.6361,A3,N,N
12/02/2019,18:00,10340.3369,1707.4148,3695.3994,991.3872,12657.5566,5911.79,2878.4229,1245.4705,39427.7783,A6,N,N
12/02/2019,18:00,11044.2998,1584.12,3325.1101,1000.4,12784.5,6546.1699,2950.6001,1238.1801,40473.38,E,N,N
12/02/2019,18:00,10931.2002,1620.97,3372.6799,1013.81,12900.9004,6390.8901,3047.01,1223.79,40501.2506,E1,N,N
12/02/2019,18:00,10716.2998,1530.53,3401.5801,962.276,12321.4004,5888.8999,2862.55,1227.33,38910.8662,E2,N,N
12/02/2019,18:00,11000.0996,1632.02,3264.78,1015.8,12966.7002,6344.3501,2888.8799,1233.6899,40346.3197,E3,N,N
12/02/2019,18:00,10844.2949,1594.9852,3417.4397,988.8978,12749.2119,6232.4937,2945.7188,1238.3953,40011.4373,M,Y,N
12/02/2019,19:00,11035.2598,1648.5419,3754.8767,981.5471,13637.7178,6620.4429,3110.9365,1390.4304,42179.7531,A3,N,N
12/02/2019,19:00,10764.1465,1802.8942,3772.5427,1024.595,13328.0449,6284.0986,3013.4941,1321.4277,41311.2437,A6,N,N
12/02/2019,19:00,11484.2998,1699.36,3444.3999,1062.05,13806.2002,7225.9902,3210.6299,1361.96,43294.89,E,N,N
12/02/2019,19:00,11322.0996,1694.53,3479.1101,1096.0699,13564.7002,6831.7202,3130.4299,1365.13,42483.7899,E1,N,N
12/02/2019,19:00,11240.5996,1652.46,3506.47,1027.26,13349.9004,6469.9302,3093.6599,1371.58,41711.8601,E2,N,N
12/02/2019,19:00,11334.2002,1704.88,3405.22,1083.09,13711.5996,6805.1001,3136.1201,1377.01,42557.22,E3,N,N
12/02/2019,19:00,11263.502,1680.9655,3528.6604,1057.0547,13587.041,6757.4917,3132.408,1372.4788,42379.6021,M,Y,N
12/02/2019,20:00,11050.7021,1661.9089,3757.1589,997.3795,13663.7793,6793.7876,3126.478,1434.9661,42486.1604,A3,N,N
12/02/2019,20:00,10916.1016,1800.4259,3763.4807,1027.5372,13344.418,6549.1553,2993.9868,1359.7524,41754.8579,A6,N,N
12/02/2019,20:00,11593.2998,1744.6801,3478.1399,1081.4301,14158.2002,7422.9199,3330.9299,1431.26,44240.8599,E,N,N
12/02/2019,20:00,11403.5996,1730.77,3499.46,1135.8199,13845.0996,6946.8799,3239.6499,1400.17,43201.4489,E1,N,N
12/02/2019,20:00,11383.5,1694.53,3542.1399,1049.1801,13687.4004,6682.7598,3165.4199,1423.6899,42628.62,E2,N,N
12/02/2019,20:00,11544.4004,1734.8199,3394.0601,1101.0601,13942.7998,6818.54,3227.47,1388.67,43151.8203,E3,N,N
12/02/2019,20:00,11371.7754,1711.776,3540.2051,1081.3662,13846.5732,6889.1328,3210.4431,1411.4108,43062.6826,M,Y,N
12/02/2019,21:00,11015.6709,1657.8575,3746.1843,1009.9628,13676.5566,6856.8242,3119.2239,1459.8126,42542.0928,A3,N,N
12/02/2019,21:00,11128.9941,1783.7678,3742.0989,1040.6039,13601.2744,6702.2876,2978.1438,1396.6066,42373.7771,A6,N,N
12/02/2019,21:00,11555.7002,1763.27,3481.6799,1081.51,14231.5996,7413.1001,3392.77,1456.6899,44376.3197,E,N,N
12/02/2019,21:00,11445,1766.76,3510.03,1080.4301,13971,7093.3198,3306.1399,1438.59,43611.2698,E1,N,N
12/02/2019,21:00,11412.7998,1720.04,3547.3501,1048.87,13795,6763.2798,3193.8201,1441.75,42922.9098,E2,N,N
12/02/2019,21:00,11430.9004,1755.09,3328.1799,1103.3101,14036.0996,7098.0098,3274.8201,1393.66,43420.0699,E3,N,N
12/02/2019,21:00,11343.9551,1730.3407,3524.7273,1069.5867,13939.0449,7022.3926,3248.3699,1433.0629,43311.4801,M,Y,N
12/02/2019,22:00,10773.5645,1629.884,3744.2861,999.0363,13458.8535,6822.8359,3083.7556,1461.6678,41973.8837,A3,N,N
12/02/2019,22:00,11073.9834,1739.8143,3736.0398,1035.4889,13661.3057,6688.9634,3002.4163,1417.582,42355.5938,A6,N,N
12/02/2019,22:00,11276.5996,1739.11,3429.3201,1046.67,13910.5996,7168.2202,3379.8301,1423.04,43373.3896,E,N,N
12/02/2019,22:00,11103.7002,1733.51,3467.28,1067.74,13815.9004,6902.48,3345.2,1465.83,42901.6406,E1,N,N
12/02/2019,22:00,11251.0996,1703.22,3506.1101,1024.15,13647.0996,6679.8999,3171.9299,1418.79,42402.2991,E2,N,N
12/02/2019,22:00,11157.5,1726.96,3353.55,1067.62,13889.5996,6880.52,3249.1899,1430.7,42755.6395,E3,N,N
12/02/2019,22:00,11074.6533,1702.8798,3508.2078,1045.5908,13759.332,6864.6069,3238.5063,1439.4185,42633.1954,M,Y,N
12/02/2019,23:00,10365.501,1565.3813,3723.6357,959.1002,12830.9395,6539.9668,2956.4148,1434.0037,40374.943,A3,N,N
12/02/2019,23:00,10778.4092,1655.6825,3711.8079,992.15,13211.2031,6435.0889,2918.2676,1422.2805,41124.8897,A6,N,N
12/02/2019,23:00,10726,1662.1899,3362.3899,981.67,13117.7002,6687.2002,3232.8799,1363.8,41133.8301,E,N,N
12/02/2019,23:00,10725.2002,1643.42,3410.1799,1014.95,13043.9004,6606.6001,3114.77,1371.3199,40930.3405,E1,N,N
12/02/2019,23:00,10813.2998,1629.84,3448.99,981.57,13004.5,6365.2002,3046.3501,1325.72,40615.4701,E2,N,N
12/02/2019,23:00,10600.0996,1626.36,3309.9299,1007.02,13206,6612.1602,3114.96,1422.51,40899.0397,E3,N,N
12/02/2019,23:00,10615.1133,1620.2941,3462.3589,993.4813,13057.1797,6549.3857,3081.4399,1379.6129,40758.8658,M,Y,N
12/02/2019,24:00,9993.1201,1489.2291,3702.5413,926.5725,12329.8496,6268.2925,2801.9307,1390.3357,38901.8715,A3,N,N
12/02/2019,24:00,10378.6865,1559.9119,3698.4727,968.2225,12764.3848,6229.7007,2787.0991,1407.2949,39793.7731,A6,N,N
12/02/2019,24:00,10129.7998,1584.85,3309.3799,924.839,12300.0996,6194.6201,3019.71,1330.79,38794.0884,E,N,N
12/02/2019,24:00,10125.2002,1569.33,3373.3601,969.331,12342.7998,6300.0698,2891.3799,1340.88,38912.3508,E1,N,N
12/02/2019,24:00,10258.5,1558.0601,3406.72,939.016,12295.4004,5987.3501,2848.55,1235.91,38529.5066,E2,N,N
12/02/2019,24:00,10095.2002,1558.71,3294.53,961.019,12602.5996,6239.6602,2891.1699,1348.79,38991.6789,E3,N,N
12/02/2019,24:00,10101.917,1547.1809,3432.1206,948.7679,12388.9434,6189.6338,2879.6526,1321.5358,38809.752,M,Y,N
12/03/2019,1:00,9649.1445,1452.54,3637.1116,911.1911,11775.2227,6048.0708,2649.6243,1358.2872,37481.1922,A3,N,N
12/03/2019,1:00,10017.6084,1513.3086,3704.103,926.2573,12116.4648,6052.6772,2699.9851,1415.5425,38445.9469,A6,N,N
12/03/2019,1:00,9625.0195,1536.27,3280.5701,878.586,11755.2002,5857.8301,2794.8899,1306.4399,37034.8057,E,N,N
12/03/2019,1:00,9781.6797,1517.5699,3340.8899,942.712,12309.7002,6094.8999,2739.0801,1308.42,38034.9517,E1,N,N
12/03/2019,1:00,9559.7695,1498.58,3382.9099,907.714,11767,5624.8901,2591.1899,1167.01,36499.0634,E2,N,N
12/03/2019,1:00,9790.9297,1508.78,3285.6699,933.979,12308.7998,6031.3999,2728.6101,1307.23,37895.3984,E3,N,N
12/03/2019,1:00,9703.5371,1499.0789,3398.8528,919.8234,12037.6777,5926.0352,2702.5886,1278.7559,37466.3496,M,Y,N
12/03/2019,2:00,9588.2969,1438.6628,3613.0713,916.7419,11652.7822,6016.3359,2597.2129,1348.9011,37172.005,A3,N,N
12/03/2019,2:00,9870.793,1504.973,3598.5405,918.2198,11982.8877,5978.873,2676.2419,1405.9063,37936.4352,A6,N,N
12/03/2019,2:00,9434.2695,1517.1899,3269.1201,858.91,11588.5996,5708.75,2664.3501,1276.3101,36317.4993,E,N,N
12/03/2019,2:00,9621.9902,1487.62,3328.49,932.256,12063.2998,5973.7002,2648.8899,1278.86,37335.1061,E1,N,N
12/03/2019,2:00,9343.21,1485.4301,3371.01,901.141,11614.2002,5525.6899,2490.49,1137.72,35868.8912,E2,N,N
12/03/2019,2:00,9658.2803,1479.4,3287.98,926.725,12306.9004,5936.73,2624.48,1280.65,37501.1457,E3,N,N
12/03/2019,2:00,9564.3271,1476.7482,3387.4014,911.9869,11901.2734,5824.666,2612.0007,1252.4589,36930.8626,M,Y,N
12/03/2019,3:00,9464.8457,1445.4917,3581.8364,929.5515,11725.4551,6105.5464,2572.3157,1364.9165,37189.959,A3,N,N
12/03/2019,3:00,9760.0293,1465.7595,3538.6426,923.3333,11998.3535,6011.8477,2671.9211,1443.8407,37813.7277,A6,N,N
12/03/2019,3:00,9390.4297,1516.62,3274.7,855.117,11623.7998,5684.1201,2603.03,1366.29,36314.1066,E,N,N
12/03/2019,3:00,9517.8096,1477.61,3324.8101,949.69,12188.5996,5922.2202,2659.1201,1334.27,37374.1296,E1,N,N
12/03/2019,3:00,9304.8701,1495.42,3374.3799,909.679,11632.5996,5550.6802,2476.5701,1133.01,35877.2089,E2,N,N
12/03/2019,3:00,9511.0498,1484.12,3282.71,932.544,12335.4004,5970.29,2625.3601,1301.28,37442.7543,E3,N,N
12/03/2019,3:00,9460.3389,1478.3104,3378.4739,921.0618,11957.8066,5834.5059,2599.1489,1283.5408,36913.1872,M,Y,N
12/03/2019,4:00,9579.3018,1498.0774,3553.7014,946.5555,11970.1768,6231.9116,2578.1045,1403.1761,37761.0051,A3,N,N
12/03/2019,4:00,9789.9043,1500.8462,3521.3696,947.0093,12223.4883,6089.9429,2689.8174,1499.5415,38261.9195,A6,N,N
12/03/2019,4:00,9479.46,1549.24,3301.52,872.005,11845.9004,5810.0298,2619.54,1424.66,36902.3552,E,N,N
12/03/2019,4:00,9699.9902,1518.09,3342.6299,977.081,12388.7998,6056.48,2668.5601,1349.89,38001.521,E1,N,N
12/03/2019,4:00,9385.9805,1518.15,3391,924.216,11817.7998,5659.8999,2497.22,1163.95,36358.2162,E2,N,N
12/03/2019,4:00,9615.2002,1516.9399,3256.5801,947.861,12602.7998,6067.6699,2670.1399,1346.1801,38023.3709,E3,N,N
12/03/2019,4:00,9581.8027,1516.7006,3374.793,939.6096,12179.3604,5951.2554,2618.7961,1318.4845,37480.8023,M,Y,N
12/03/2019,5:00,9887.1943,1555.6667,3563.8018,983.4473,12412.2627,6494.3853,2631.0017,1440.748,38968.5078,A3,N,N
12/03/2019,5:00,10062.0898,1540.3224,3557.5298,979.01,12644.4482,6276.1782,2762.0127,1550.3385,39371.9296,A6,N,N
12/03/2019,5:00,9830.2002,1612.98,3337.04,910.857,12434.9004,6133.7002,2707.9099,1442.54,38410.1277,E,N,N
12/03/2019,5:00,9994.6699,1597.05,3365.8701,1016.3,12946.5,6401.9502,2732.3101,1409.91,39464.5603,E1,N,N
12/03/2019,5:00,9702.75,1578.65,3419.48,954.667,12300,5914.9399,2575.75,1230.3,37676.5369,E2,N,N
12/03/2019,5:00,9995.4902,1574.34,3227.02,980.734,12987.5996,6342.4399,2695.3799,1393.78,39196.7836,E3,N,N
12/03/2019,5:00,9910.957,1580.7179,3383.7378,974.7133,12664.4199,6243.3433,2675.1304,1368.9086,38801.9282,M,Y,N
12/03/2019,6:00,10531.7852,1656.5083,3591.1484,1037.1299,13570.5566,7065.6616,2786.5518,1520.0984,41759.4402,A3,N,N
12/03/2019,6:00,10706.332,1634.2759,3616.4243,1018.9706,13798.4063,6821.1299,2922.623,1620.146,42138.308,A6,N,N
12/03/2019,6:00,10602.4004,1735.08,3408.4199,985.559,13636.0996,6824.96,2939.96,1503.78,41636.2589,E,N,N
12/03/2019,6:00,10691.0996,1739.5699,3422.24,1063.51,13746.7998,6981.8701,2933.3601,1463.24,42041.6895,E1,N,N
12/03/2019,6:00,10482.4004,1702.21,3481.4099,1018.46,13381.9004,6499.9399,2789.05,1358.8,40714.1706,E2,N,N
12/03/2019,6:00,10716.5996,1716.02,3317.8799,1049.37,14072.9004,6951.0801,2944.3701,1613.17,42381.3901,E3,N,N
12/03/2019,6:00,10620.4707,1707.6858,3444.0459,1035.6711,13701.2324,6844.5503,2882.1968,1486.7874,41722.6404,M,Y,N
12/03/2019,7:00,11298.1152,1870.6255,3649.1536,1095.291,14945.2695,7835.4971,3080.2656,1618.9646,45393.1821,A3,N,N
12/03/2019,7:00,11539.3359,1824.261,3674.4424,1061.3361,15130.6953,7487.835,3176.6494,1739.4323,45633.9874,A6,N,N
12/03/2019,7:00,11557.5996,1914.83,3499.01,1087.33,15214.5,7752.4502,3338.03,1570.62,45934.3698,E,N,N
12/03/2019,7:00,11710.0996,1908.4399,3496.5,1141.75,15442.9004,7714.3901,3414.1299,1646.39,46474.5999,E1,N,N
12/03/2019,7:00,11539.9004,1906.5601,3555.0801,1115.39,14995.2002,7367.1899,3226.6599,1542.66,45248.6406,E2,N,N
12/03/2019,7:00,11623.2998,1908.4399,3412.9399,1151.54,15435.9004,7613.98,3398.7,1564.91,46109.71,E3,N,N
12/03/2019,7:00,11545.0664,1899.5502,3521.4097,1124.9977,15238.4707,7622.3833,3293.8601,1587.1881,45832.9262,M,Y,N
12/03/2019,8:00,11472.2314,1944.9478,3699.8887,1106.5803,15264.5313,7989.2412,3129.1123,1630.4575,46236.9905,A3,N,N
12/03/2019,8:00,11717.6836,1879.8965,3714.1208,1088.0718,15577.5801,7774.9639,3259.3503,1781.5505,46793.2175,A6,N,N
12/03/2019,8:00,11831.7998,1966.88,3532.48,1120.61,15765.5,8038.8501,3442.8601,1645.5,47344.48,E,N,N
12/03/2019,8:00,11841,1963.52,3528.8601,1171.73,16081,7963.6299,3468.6499,1604.59,47622.9799,E1,N,N
12/03/2019,8:00,11790.7998,1952.75,3586.97,1136.64,15525.2998,7646.0801,3334.78,1601.1801,46574.4998,E2,N,N
12/03/2019,8:00,12004.2002,1951.6801,3474.01,1176.02,16199.0996,7993.3999,3441.46,1580.64,47820.5098,E3,N,N
12/03/2019,8:00,11782.1826,1954.9907,3565.6211,1149.4963,15830.1035,7904.2891,3357.0105,1606.0973,47149.7911,M,Y,N
12/03/2019,9:00,11282.3203,1929.2623,3693.0215,1085.2573,14803.7051,7742.9805,3063.2842,1541.5757,45141.4069,A3,N,N
12/03/2019,9:00,11729.4258,1859.5867,3663.5854,1090.4576,15203.3809,7635.5771,3280.793,1713.6045,46176.411,A6,N,N
12/03/2019,9:00,11712.5996,1902.9399,3457.0701,1104.5601,15150.7002,7612.7798,3312.29,1541.9,45794.8397,E,N,N
12/03/2019,9:00,11620.5996,1861.1,3456.27,1144.91,14873.7002,7523.3301,3270.71,1496.54,45247.1599,E1,N,N
12/03/2019,9:00,11680.9004,1888.14,3527.1299,1120.09,14960.2998,7293.6001,3206.1899,1494.61,45170.9601,E2,N,N
12/03/2019,9:00,11498.9004,1895.0601,3390.78,1156.46,15084.7998,7516.6001,3282.1599,1509.03,45333.7903,E3,N,N
12/03/2019,9:00,11524.6426,1895.2406,3508.0427,1129.0922,14974.001,7502.8525,3218.8486,1510.4795,45263.1997,M,Y,N
12/03/2019,10:00,11143.125,1870.953,3688.8267,1066.9623,14147.3037,7363.2632,3059.5005,1451.1735,43791.1079,A3,N,N
12/03/2019,10:00,11594.8975,1847.8003,3643.3706,1085.847,14471.7598,7436.2563,3281.5103,1569.4933,44930.9351,A6,N,N
12/03/2019,10:00,11501.9004,1795.51,3415,1085.7,14314.5,7046.8501,3182.3101,1411.46,43753.2306,E,N,N
12/03/2019,10:00,11511.5996,1765.85,3428.1001,1115.74,14153.2002,7039.8301,3149.97,1379.46,43543.75,E1,N,N
12/03/2019,10:00,11521.5996,1780.96,3490.1799,1107.05,14226.7998,6827.6001,3095.6699,1331.14,43380.9993,E2,N,N
12/03/2019,10:00,11510.4004,1776.98,3386.04,1134.96,14175.7002,7035.1001,3108.5901,1367.8101,43495.5809,E3,N,N
12/03/2019,10:00,11419.2188,1800.5045,3488.8892,1108.5203,14196.6504,7026.8965,3114.2625,1377.4316,43532.3738,M,Y,N
12/03/2019,11:00,10861.4531,1802.8984,3756.3726,1023.6337,13449.1113,6906.0195,3027.2268,1373.7794,42200.4948,A3,N,N
12/03/2019,11:00,11228.1992,1784.177,3630.8965,1071.3339,13721.4258,6933.2949,3165.8201,1438.2084,42973.3558,A6,N,N
12/03/2019,11:00,11272,1687.48,3373.8401,1046.59,13550.5,6537,3041.8601,1317.8,41827.0702,E,N,N
12/03/2019,11:00,11302,1689.9399,3395.51,1097.59,13594.9004,6588.46,3064.1001,1287.42,42019.9204,E1,N,N
12/03/2019,11:00,11330.7998,1662.92,3474.2,1066.6,13529.5996,6394.7002,2982.1201,1232.34,41673.2797,E2,N,N
12/03/2019,11:00,11298.2002,1677.83,3357.74,1102.65,13672.0996,6649.5,3045.49,1278.77,42082.2798,E3,N,N
12/03/2019,11:00,11190.7627,1711.467,3483.4106,1075.4879,13574.1016,6588.5425,3037.2017,1286.08,41947.054,M,Y,N
12/03/2019,12:00,10439.1846,1668.8708,3745.2197,969.2194,12551.8125,6458.3179,2989.3162,1304.0775,40126.0186,A3,N,N
12/03/2019,12:00,10536.6338,1687.2101,3806.8232,1001.1655,12585.8711,6400.2524,3014.1819,1328.9291,40361.0671,A6,N,N
12/03/2019,12:00,10976.7998,1590.41,3339.1699,995.932,12851.0996,6117.98,2916.48,1253.66,40041.5313,E,N,N
12/03/2019,12:00,10980.7998,1591.33,3359.6699,1057.67,12981.9004,6327.1299,2966,1233.8199,40498.3199,E1,N,N
12/03/2019,12:00,11077.7002,1559.92,3423.98,1013.62,12889.4004,6053.2402,2889.9299,1166.72,40074.5107,E2,N,N
12/03/2019,12:00,10868.4004,1590.21,3304.6499,1050.71,12967.7998,6297.6099,2939.28,1235.71,40254.37,E3,N,N
12/03/2019,12:00,10828.9082,1606.3939,3447.7788,1026.1439,12885.1396,6241.5322,2949.4504,1228.7797,40214.1267,M,Y,N
12/03/2019,13:00,10139.416,1582.2468,3691.467,914.5856,11939.2285,6046.4272,2959.8276,1234.7156,38507.9143,A3,N,N
12/03/2019,13:00,10220.7441,1632.1331,3766.7905,967.2556,12049.5605,5860.708,2939.804,1235.2186,38672.2144,A6,N,N
12/03/2019,13:00,10686.5,1510.78,3296.3999,948.736,12279.2002,5822.3301,2819.04,1204.6,38567.5862,E,N,N
12/03/2019,13:00,10648.4004,1518.03,3321.78,1033.97,12464.5996,6057.8701,2917.54,1221.47,39183.6601,E1,N,N
12/03/2019,13:00,10818,1477,3387.73,968.308,12343,5806.3501,2830.99,1107.03,38738.4081,E2,N,N
12/03/2019,13:00,10669.9004,1516.58,3287.4399,1003.75,12431.7002,6031.8101,2866.21,1184.99,38992.3806,E3,N,N
12/03/2019,13:00,10552.4922,1527.6868,3410.688,984.4222,12337.1279,5957.6025,2892.1482,1183.2869,38845.4547,M,Y,N
12/03/2019,14:00,10049.6182,1513.3198,3646.9075,880.2169,11559.5176,5821.4404,2994.7544,1212.9249,37678.6997,A3,N,N
12/03/2019,14:00,9990.373,1588.3472,3710.7612,934.6472,11460.2666,5897.7202,3001.551,1201.2144,37784.8808,A6,N,N
12/03/2019,14:00,10490.2998,1454.26,3268.1499,917.668,11848.2002,5640.1499,2766.22,1178.15,37563.0978,E,N,N
12/03/2019,14:00,10624.7998,1466.29,3300.4399,991.034,12122,5915.5801,2861.75,1155.91,38437.8038,E1,N,N
12/03/2019,14:00,10658.5,1418.47,3371.1001,938.787,11939.5,5670.3799,2820.75,1078.3101,37895.7971,E2,N,N
12/03/2019,14:00,10607.5996,1463.33,3213.1799,974.491,12008,5767.3101,2820.45,1155.5601,38009.9207,E3,N,N
12/03/2019,14:00,10464.1035,1469.8262,3370.0378,950.8137,11943.3398,5771.0161,2867.6099,1146.3293,37983.0763,M,Y,N
12/03/2019,15:00,9926.8457,1456.8467,3635.8774,853.429,11272.1729,5658.9761,3007.8191,1187.2338,36999.2007,A3,N,N
12/03/2019,15:00,9752.998,1544.8323,3687.4214,910.038,11115.5703,5657.9346,3028.4924,1177.5679,36874.8549,A6,N,N
12/03/2019,15:00,10318.5996,1414.7,3255.02,890.51,11488.2998,5535.75,2742.5801,1187.22,36832.6795,E,N,N
12/03/2019,15:00,10483.4004,1441.46,3292.48,955.705,11624,5739.0898,2882.48,1168.1801,37586.7953,E1,N,N
12/03/2019,15:00,10509.7998,1379.84,3368.51,910.655,11569.7998,5595.0898,2832.1899,1068.98,37234.8643,E2,N,N
12/03/2019,15:00,10271.0996,1405.28,3199.3999,947.784,11493.0996,5701.1201,2835.0701,1177.14,37029.9933,E3,N,N
12/03/2019,15:00,10273.8867,1425.2141,3359.8804,921.5284,11516.7832,5658.166,2878.1887,1150.3817,37184.0292,M,Y,N
12/03/2019,16:00,9837.4551,1404.0361,3639.6616,837.2874,11157.5117,5577.8672,2986.3188,1173.899,36614.0369,A3,N,N
12/03/2019,16:00,9620.5654,1536.2413,3689.7563,898.1958,10919.3623,5533.6377,3001.1819,1136.1709,36335.1116,A6,N,N
12/03/2019,16:00,10230.5996,1394.26,3243.95,871.173,11292.4004,5529.98,2732.55,1142.7,36437.613,E,N,N
12/03/2019,16:00,10381.5996,1421.51,3286.4399,969.552,11524,5733.1802,2824.0701,1114.65,37255.0018,E1,N,N
12/03/2019,16:00,10454,1362.42,3365.04,887.695,11387.7998,5590.1001,2846.99,1093.91,36987.9549,E2,N,N
12/03/2019,16:00,10371.7998,1426.64,3275.5,928.388,11347.5,5749.1401,2784.45,1131.08,37014.4979,E3,N,N
12/03/2019,16:00,10233.2891,1407.6316,3376.5239,909.9663,11371.0645,5656.5859,2846.1523,1124.485,36925.6986,M,Y,N
12/03/2019,17:00,9852.5576,1395.1083,3629.8333,829.9832,11323.0117,5617.1299,2946.3503,1208.1244,36802.0987,A3,N,N
12/03/2019,17:00,9600.9424,1553.8184,3666.2666,887.0593,11006.749,5547.1606,2914.0474,1151.9567,36328.0004,A6,N,N
12/03/2019,17:00,10298.7002,1425.28,3261.0701,863.214,11505,5688.4502,2759.6001,1203.99,37005.3046,E,N,N
12/03/2019,17:00,10447.2002,1455,3298.0701,928.678,11630.2998,5773.6401,2859.5801,1192.52,37584.9883,E1,N,N
12/03/2019,17:00,10456.5,1388.55,3373.24,876.02,11552.5996,5708.48,2874.1399,1154.73,37384.2595,E2,N,N
12/03/2019,17:00,10370.7998,1472.99,3213.99,915.306,11842.9004,5902.6401,2819.1899,1192.1801,37729.9963,E3,N,N
12/03/2019,17:00,10262.04,1432.5034,3364.7622,891.6506,11609.9512,5759.3877,2860.4976,1186.3718,37367.1645,M,Y,N
12/03/2019,18:00,10303.8467,1450.392,3644.4009,864.8979,12077.6777,5841.3965,2932.46,1264.1348,38379.2065,A3,N,N
12/03/2019,18:00,10013.6279,1637.1312,3661.9312,915.9116,11798.7939,5677.7886,2881.1909,1220.6818,37807.0571,A6,N,N
12/03/2019,18:00,10733.9004,1523.09,3290.97,911.829,12366.2998,6145.75,2847.4399,1259.33,39078.6091,E,N,N
12/03/2019,18:00,10995.5,1569.14,3312.6899,937.392,12716.5,6253.3799,3005.4199,1250.63,40040.6517,E1,N,N
12/03/2019,18:00,10880.5,1500.8199,3389.8501,921.94,12364.5996,6106.3799,2953.3799,1256.8,39374.2694,E2,N,N
12/03/2019,18:00,10959.7002,1602.75,3250.6799,957.988,12695.5,6319.27,2936.8701,1239.14,39961.8982,E3,N,N
12/03/2019,18:00,10766.5615,1533.5593,3387.0452,926.4209,12499.6465,6168.1504,2943.7898,1252.0756,39477.2492,M,Y,N
12/03/2019,19:00,10705.1328,1512.1498,3725.0618,899.9884,12691.0723,6314.5449,3083.7336,1343.6895,40275.3731,A3,N,N
12/03/2019,19:00,10451.915,1758.0338,3738.7893,940.7608,12508.6777,6147.0093,3005.2988,1292.4562,39842.9409,A6,N,N
12/03/2019,19:00,11155.7998,1613.47,3386.03,966.995,13205.7998,6664.0698,3037.74,1366,41395.9044,E,N,N
12/03/2019,19:00,11247.2998,1617.4301,3394.6699,1017.57,13190.5,6649.8799,3175.9099,1353.8,41647.0596,E1,N,N
12/03/2019,19:00,11241.5,1607.67,3455.1001,975.825,13126,6580.8999,3159.22,1375.13,41521.345,E2,N,N
12/03/2019,19:00,11216.5996,1637.84,3374.5,1013.54,13363.5,6678.6699,3171.79,1368.1801,41824.6196,E3,N,N
12/03/2019,19:00,11091.9199,1594.4974,3478.699,985.1067,13157.1094,6599.6895,3132.4785,1362.9888,41402.4892,M,Y,N
12/03/2019,20:00,10705.4961,1535.4546,3720.7278,901.8116,12673.0635,6378.8472,3081.4324,1372.0522,40368.8854,A3,N,N
12/03/2019,20:00,10503.6162,1752.3727,3725.845,941.5362,12573.5264,6227.6885,2974.8445,1319.196,40018.6255,A6,N,N
12/03/2019,20:00,11244.2998,1645.33,3413.01,977.319,13411.9004,6784.6299,3092.99,1456.51,42025.9891,E,N,N
12/03/2019,20:00,11238.5996,1646.01,3407.1299,1006.45,13385.0996,6727.3198,3152.1699,1369.16,41931.9388,E1,N,N
12/03/2019,20:00,11254.5,1637.67,3481.21,991.529,13241,6660.6802,3189.0801,1432.38,41888.0493,E2,N,N
12/03/2019,20:00,11204.2002,1662.97,3374.8501,1021.98,13343,6690.6299,3112.45,1360.9,41770.9802,E3,N,N
12/03/2019,20:00,11099.4238,1621.4836,3487.4546,989.8811,13252.8955,6665.0918,3121.7717,1394.1803,41632.1824,M,Y,N
12/03/2019,21:00,10592.9014,1537.2572,3699.9468,904.9034,12577.4063,6383.5913,3046.7251,1382.7701,40125.5016,A3,N,N
12/03/2019,21:00,10526.1943,1740.6038,3696.6274,953.0952,12566.0029,6275.3125,2920.2034,1343.8511,40021.8906,A6,N,N
12/03/2019,21:00,11175.9004,1658.09,3429.3799,972.892,13401,6741.23,3097.6899,1412.99,41889.1722,E,N,N
12/03/2019,21:00,11244.2998,1671.38,3414.9299,1040.45,13356.5,6823.6401,3156.45,1403.76,42111.4098,E1,N,N
12/03/2019,21:00,11177,1658.89,3479.24,990.486,13188.5,6629.0498,3182.8501,1471.2,41777.2159,E2,N,N
12/03/2019,21:00,11148.0996,1674.03,3248.8601,1020.3,13562.7002,6841.1499,3130.6101,1431.5,42057.2499,E3,N,N
12/03/2019,21:00,11040.4375,1635.2893,3454.5117,997.5334,13274.2256,6714.063,3118.5139,1426.085,41660.6594,M,Y,N
12/03/2019,22:00,10302.5381,1512.7534,3692.239,889.96,12291.6064,6245.1157,2985.4644,1371.7793,39291.4563,A3,N,N
12/03/2019,22:00,10302.5449,1692.5684,3683.26,942.7015,12403.252,6142.0317,2868.5186,1355.5903,39390.4674,A6,N,N
12/03/2019,22:00,10883.9004,1633.87,3402.6001,938.309,13043.4004,6497.3999,3036.3899,1392.28,40828.1497,E,N,N
12/03/2019,22:00,10851.2002,1631.26,3387.98,991.928,13204.0996,6632.04,3083.97,1406.84,41189.3178,E1,N,N
12/03/2019,22:00,10923.7998,1639.9399,3443.9199,963.167,12889.4004,6456.7202,3133.3201,1449.88,40900.1473,E2,N,N
12/03/2019,22:00,10802.7998,1642.28,3328.6399,986.871,13302.5996,6609.52,3048.26,1373.7,41094.6703,E3,N,N
12/03/2019,22:00,10715.0967,1605.7996,3458.0298,964.0251,13015.9004,6517.3843,3050.6372,1403.1123,40729.9854,M,Y,N
12/03/2019,23:00,9832.6211,1459.7642,3666.5767,851.2371,11652.5078,5905.895,2835.4932,1329.8098,37533.9049,A3,N,N
12/03/2019,23:00,9861.4863,1605.9219,3652.2644,893.7429,11678.7529,5595.6108,2718.7773,1343.8784,37350.4349,A6,N,N
12/03/2019,23:00,10337.9004,1560.63,3331.1201,891.524,12241,6077.0098,2890.1799,1296.53,38625.8942,E,N,N
12/03/2019,23:00,10336.9004,1555.09,3325.8501,924.097,12280.2002,6211.8999,2908.25,1313.61,38855.8976,E1,N,N
12/03/2019,23:00,10412.7998,1568.96,3389.6399,916.362,12122.4004,6076.7798,2980.6399,1344.97,38812.5518,E2,N,N
12/03/2019,23:00,10338.7998,1543.37,3258.45,936.614,12505.7998,6248.1099,2876.1799,1335.55,39042.8734,E3,N,N
12/03/2019,23:00,10220.918,1530.7548,3402.8142,912.1134,12213.7881,6132.0601,2888.8333,1326.825,38628.1069,M,Y,N
12/03/2019,24:00,9368.1895,1386.3081,3647.4917,823.4763,11002.0771,5561.9873,2662.7815,1279.2721,35731.5836,A3,N,N
12/03/2019,24:00,9452.8252,1517.7101,3631.3589,869.4445,10914.7451,5190.4878,2547.5918,1311.5885,35435.7519,A6,N,N
12/03/2019,24:00,9787.4199,1482.97,3276.21,856.263,11478.4004,5669.3101,2708.5,1298.89,36557.9634,E,N,N
12/03/2019,24:00,9850.6299,1483.52,3292.3501,876.555,11544.5996,5858.8398,2712.8601,1283.21,36902.5645,E1,N,N
12/03/2019,24:00,9778.3203,1472.92,3353.3501,868.325,11247.7002,5627,2764.1699,1241.23,36353.0155,E2,N,N
12/03/2019,24:00,9815.54,1464.42,3250.8301,898.402,11684.2998,5824.1802,2691.95,1278.8101,36908.4322,E3,N,N
12/03/2019,24:00,9704.3076,1453.0482,3376.363,870.7878,11429.21,5731.417,2700.9817,1273.0828,36539.1981,M,Y,N
