DeliveryDate,HourEnding,Coast,East,FarWest,North,NorthCentral,SouthCentral,Southern,West,SystemTotal,Model,InUseFlag,DSTFlag
12/12/2017,1:00,9148.5352,1305.4962,2499.2356,801.7909,9843.75,5143.3384,2777.6558,1215.6971,32735.4992,A3,N,N
12/12/2017,1:00,9129.0801,1256.9861,2450.7761,792.4771,10029.5518,4916.02,2631.1082,1274.6117,32480.6111,A6,Y,N
12/12/2017,1:00,9119.1504,1281.92,2324.1699,798.086,9575.4902,5101.3101,2612.9199,1455.5699,32268.6164,E,N,N
12/12/2017,1:00,9010.3896,1274.1899,2307.02,804.4,9644.7598,5050.75,2546.0901,1426.1899,32063.7893,E1,N,N
12/12/2017,1:00,9033.0303,1255.01,2283.6799,802.851,9619.8398,5046.0098,2579.8899,1450.64,32070.9507,E2,N,N
12/12/2017,1:00,9119.7197,1281.09,2322.55,798.5,9587.5,5104.8501,2606.25,1455.01,32275.4698,E3,N,N
12/12/2017,2:00,8994.1689,1256.5636,2341.6824,814.6876,9382.2715,5070.856,2549.4766,1455.4901,31865.1967,A3,N,N
12/12/2017,2:00,8861.9297,1281.0667,2340.897,825.035,9343.3574,5239.4214,2586.3281,1446.1169,31924.1522,A6,Y,N
12/12/2017,2:00,8993.9805,1275.45,2382,826.781,9560.2402,5059.3999,2550.6001,1452.79,32101.2417,E,N,N
12/12/2017,2:00,9112.0498,1283.35,2375.21,825.909,9599.9297,5149.9102,2602.97,1446.84,32396.1687,E1,N,N
12/12/2017,2:00,9066.4697,1284.04,2417.3601,810.92,9521.5898,5095.6699,2551.8501,1450.64,32198.5396,E2,N,N
12/12/2017,2:00,9005.3203,1282.71,2386.49,827.324,9553.9102,5061.71,2546.9099,1451.79,32116.1644,E3,N,N
12/12/2017,3:00,9069.1729,1248.2913,2376.2551,803.2617,9337.5137,4998.5698,2520.1782,1483.5953,31836.838,A3,N,N
12/12/2017,3:00,8978.3975,1332.6398,2373.1455,806.2652,9267.9023,5096.1123,2541.6523,1475.6652,31871.7801,A6,Y,N
12/12/2017,3:00,8991.8701,1251.14,2391.26,777.486,9594.7002,5059.9302,2541.3101,1461.41,32069.1066,E,N,N
12/12/2017,3:00,9036.0098,1259.6,2400.6499,777.487,9563.8896,5107.6001,2562.0601,1453.72,32161.0165,E1,N,N
12/12/2017,3:00,9042.4902,1259.83,2423.3101,775.332,9552.9199,5106.1001,2539.5601,1463.13,32162.6724,E2,N,N
12/12/2017,3:00,8992.3496,1259.6801,2392.1799,777.656,9600.7998,5060.0801,2542.5,1462.0601,32087.3056,E3,N,N
12/12/2017,4:00,9008.1055,1277.9924,2422.0779,798.3665,9763.1318,4960.3149,2548.3491,1450.7264,32229.0645,A3,N,N
12/12/2017,4:00,9001.4395,1255.3795,2428.5051,802.4561,9843.1514,4889.9756,2572.019,1430.2502,32223.1764,A6,Y,N
12/12/2017,4:00,9057.29,1284.51,2442.6101,802.896,9701.9404,5147.71,2538.76,1406.23,32381.9465,E,N,N
12/12/2017,4:00,9085.2402,1280.3101,2446.3799,793.546,9655.4102,5153.7798,2556.6699,1409.03,32380.3661,E1,N,N
12/12/2017,4:00,9076.0498,1285.41,2464.9399,789.654,9675.5,5162.3101,2551.6299,1405.91,32411.4037,E2,N,N
12/12/2017,4:00,9053.6602,1283.3199,2444.0701,802.018,9699.4502,5146.1299,2540.6001,1406.5601,32375.8085,E3,N,N
12/12/2017,5:00,9171.918,1345.6017,2460.6321,824.9827,10137.3828,5254.2842,2634.8601,1412.6525,33242.3141,A3,N,N
12/12/2017,5:00,9171.4873,1356.0099,2460.0955,813.4625,9980.7871,5372.5283,2668.8535,1425.5496,33248.7737,A6,Y,N
12/12/2017,5:00,9301.3604,1327.76,2477.78,818.855,10181.0996,5365.2402,2652.1299,1416.11,33540.3351,E,N,N
12/12/2017,5:00,9299.8896,1325.97,2482.3899,820.099,10102.2998,5352.7202,2642.5801,1421.63,33447.5786,E1,N,N
12/12/2017,5:00,9293.2305,1322.22,2484.95,808.358,10120.0996,5358.48,2650.74,1403.26,33441.3381,E2,N,N
12/12/2017,5:00,9303.8496,1330.49,2476.9299,819.438,10198.5,5366.8799,2655.1201,1416.21,33567.4175,E3,N,N
12/12/2017,6:00,10031.707,1451.4716,2525.2566,880.4625,10960.7998,5796.6929,2802.4116,1447.9065,35896.7085,A3,N,N
12/12/2017,6:00,9857.9424,1406.1251,2527.9185,881.9492,10747.7861,5841.3369,2885.7952,1448.147,35597.0004,A6,Y,N
12/12/2017,6:00,10056,1443.1899,2596.98,871.356,11213.2998,5878.8799,2861.8501,1378.77,36300.3257,E,N,N
12/12/2017,6:00,10052.2998,1448.1801,2588.9399,865.4,11161.2002,5866.6201,2871.0701,1415.87,36269.5802,E1,N,N
12/12/2017,6:00,10084.5,1453.45,2595.3,859.335,11174.5,5851.3599,2881.1599,1369.22,36268.8248,E2,N,N
12/12/2017,6:00,10060,1445.13,2599.9099,870.6,11215.5996,5878.27,2862.8,1378.6,36310.9095,E3,N,N
12/12/2017,7:00,10844.5898,1607.1979,2635.1223,989.7202,12702.7813,6447.5757,3249.2891,1530.2054,40006.4817,A3,N,N
12/12/2017,7:00,10845.127,1603.5583,2646.8994,1018.4432,12383.0938,6001.1987,3378.3511,1546.5624,39423.2339,A6,Y,N
12/12/2017,7:00,11010.4004,1639.64,2706.74,1000.56,12871.7998,6692.6499,3375.6001,1461.16,40758.5502,E,N,N
12/12/2017,7:00,10972.2998,1639.83,2699.6001,994.067,12822.7002,6726.79,3355.3,1482.17,40692.7571,E1,N,N
12/12/2017,7:00,10978.2998,1645.9399,2727.1499,1000.51,12928.7998,6763.46,3394.46,1442.87,40881.4894,E2,N,N
12/12/2017,7:00,11007.2002,1646.54,2705.5901,1000.43,12873.5996,6693.48,3379.72,1460.6,40767.1599,E3,N,N
12/12/2017,8:00,11243.3633,1734.9287,2671.3994,1051.2904,13628.8916,6939.1802,3383.8713,1599.9508,42252.8757,A3,N,N
12/12/2017,8:00,11333.334,1727.8828,2685.5842,1069.8568,13861.958,7086.564,3409.1152,1569.9215,42744.2165,A6,Y,N
12/12/2017,8:00,11276.2998,1721.98,2674.3601,1033.67,13497.5,6990.1201,3416.96,1553.53,42164.42,E,N,N
12/12/2017,8:00,11256.2002,1698.5601,2675.1799,1033.25,13468,6970.29,3437.49,1573.41,42112.3802,E1,N,N
12/12/2017,8:00,11348.2998,1726.03,2658.22,1063.89,13577,7046.6299,3470.6201,1597.1,42487.7898,E2,N,N
12/12/2017,8:00,11288.7998,1724.85,2673.1899,1033.66,13504.5996,7001.1001,3452.6101,1553.14,42231.9495,E3,N,N
12/12/2017,9:00,11224.0879,1664.8944,2688.9075,1050.3472,13064.4648,6652.7993,3273.3384,1445.5771,41064.4166,A3,N,N
12/12/2017,9:00,11015.6211,1635.5177,2686.9517,1059.3707,12978.7637,6596.8164,3272.5159,1388.6617,40634.2189,A6,Y,N
12/12/2017,9:00,11241.2002,1684.01,2677.28,1046.0699,13310.2998,6704.8799,3304.79,1362.71,41331.2398,E,N,N
12/12/2017,9:00,11234.2002,1652.7,2674.25,1027.29,13155.4004,6635.8999,3323.1101,1391.48,41094.3306,E1,N,N
12/12/2017,9:00,11176.0996,1674.55,2678.3,1060.92,13267.2002,6683.2998,3271.49,1425.5601,41237.4197,E2,N,N
12/12/2017,9:00,11241.2002,1684.01,2675.55,1046.0699,13310.2998,6704.8799,3304.79,1362.71,41329.5098,E3,N,N
12/12/2017,10:00,11160.8398,1633.8536,2641.9065,1053.9502,12990.2852,6453.9009,3132.4316,1240.3624,40307.5302,A3,N,N
12/12/2017,10:00,11219.9463,1552.1719,2610.4595,1016.7639,13092.1826,6471.8486,3048.2598,1219.1754,40230.808,A6,Y,N
12/12/2017,10:00,11076.9004,1596.22,2645.54,1077.1899,12971.0996,6290.98,3114.3501,1330.48,40102.76,E,N,N
12/12/2017,10:00,11059.9004,1581.5699,2651.24,1065.64,12981.7998,6252.7202,3102.3701,1298.4,39993.6404,E1,N,N
12/12/2017,10:00,11188.5,1624.6,2630.45,1087.85,12965.2002,6306.0801,3092.8301,1375.4301,40270.9405,E2,N,N
12/12/2017,10:00,11078.9004,1590.4399,2634.96,1076.05,12963,6292.3101,3111.8799,1326.96,40074.5003,E3,N,N
12/12/2017,11:00,11022.9424,1547.5604,2613.3545,1092.572,12734.3369,6208.5015,2985.6396,1269.1074,39474.0147,A3,N,N
12/12/2017,11:00,11220.6582,1472.3281,2609.3726,1114.3894,13074.9414,6109.333,2846.4509,1230.3472,39677.8208,A6,Y,N
12/12/2017,11:00,11032.9004,1555.73,2602.9399,1140.09,12760.7002,6113.3398,2940.6599,1247.49,39393.8502,E,N,N
12/12/2017,11:00,11020.0996,1553.8199,2608.3101,1117.74,12932.4004,6100.77,2923.27,1285.29,39541.7,E1,N,N
12/12/2017,11:00,10984.7998,1543.4399,2594.73,1133.8101,12802.4004,6090.5698,2908,1279.66,39337.41,E2,N,N
12/12/2017,11:00,11037.2002,1555.1,2604,1140.26,12759.4004,6115.2002,2940.6599,1244.98,39396.8007,E3,N,N
12/12/2017,12:00,10993.7031,1535.0698,2576.697,1076.2269,12749.3916,6007.2144,2849.2061,1264.8188,39052.3277,A3,N,N
12/12/2017,12:00,10997.6201,1497.3348,2543.9568,1079.5205,13025.9141,6012.666,2937.5632,1218.569,39313.1445,A6,Y,N
12/12/2017,12:00,10921,1509.8,2541.52,1059.42,12512.5996,6003.0601,2851.4199,1232.1801,38630.9997,E,N,N
12/12/2017,12:00,10917.9004,1496.95,2556.52,1070.0601,12647.2002,6012.2598,2836.9399,1241.59,38779.4204,E1,N,N
12/12/2017,12:00,10888.7998,1485.92,2545.8301,1061.08,12482.9004,5923.8301,2830.8401,1181.76,38400.9605,E2,N,N
12/12/2017,12:00,10920.7002,1507.5601,2551,1058.22,12514.2998,6004.6299,2851.4199,1232.34,38640.1699,E3,N,N
12/12/2017,13:00,10743.2012,1443.0428,2525.0171,1030.0736,12000.5234,5850.1582,2832.8921,1209.6245,37634.5329,A3,N,N
12/12/2017,13:00,10731.5693,1478.8807,2402.0103,1044.8115,11982.3115,6029.252,2880.3638,1208.6539,37757.853,A6,Y,N
12/12/2017,13:00,10694.4004,1449.6899,2497.8501,1024.49,12156,5723.8301,2804.3799,1178.97,37529.6104,E,N,N
12/12/2017,13:00,10691.5,1438.85,2501.76,1029.42,12121,5714.7798,2819.9399,1179.54,37496.7897,E1,N,N
12/12/2017,13:00,10663.5,1439.04,2500.22,1033.84,12123.9004,5717.3701,2810.1799,1140.27,37428.3204,E2,N,N
12/12/2017,13:00,10694.4004,1449.28,2500.26,1023.89,12155.9004,5723.8301,2804.3799,1179,37530.9408,E3,N,N
12/12/2017,14:00,10623.0293,1419.8873,2464.6267,1017.7913,11842.6035,5647.8071,2805.0056,1188.217,37008.9678,A3,N,N
12/12/2017,14:00,10630.5459,1456.7858,2581.5715,1031.8369,11777.6875,5571.084,2746.0715,1201.0593,36996.6424,A6,Y,N
12/12/2017,14:00,10651.2002,1411.35,2461.05,1020.33,11835,5635.3999,2742.77,1179.1,36936.2001,E,N,N
12/12/2017,14:00,10633.5,1395.0699,2458.51,1010.51,11774.7998,5642.3599,2756.27,1176.98,36847.9996,E1,N,N
12/12/2017,14:00,10678.2002,1415.42,2452.3799,1001.54,11802.5,5668.8501,2762.02,1175.14,36956.0502,E2,N,N
12/12/2017,14:00,10651.2002,1411.41,2453.25,1020.08,11832.0996,5635.3999,2743.45,1178.6801,36925.5698,E3,N,N
12/12/2017,15:00,10484.6758,1397.8562,2428.7864,990.8292,11587.7021,5581.6748,2754.9956,1138.4873,36365.0074,A3,N,N
12/12/2017,15:00,10447.2607,1378.9677,2429.8303,1009.1334,11280.5879,5540.4639,2735.8782,1166.6759,35988.798,A6,Y,N
12/12/2017,15:00,10551.7002,1404.16,2407.0701,988.204,11524.5996,5553.73,2726.6101,1141.1899,36297.2639,E,N,N
12/12/2017,15:00,10534.2002,1404.39,2401.3701,988.797,11522.5996,5544.3501,2725.49,1125.64,36246.837,E1,N,N
12/12/2017,15:00,10530.7998,1409.37,2396.3999,1000.6,11572.2002,5556.54,2735.3999,1135.53,36336.8398,E2,N,N
12/12/2017,15:00,10551.7002,1404.66,2401.23,988.246,11521.9004,5553.73,2725.6699,1140.6899,36287.8264,E3,N,N
12/12/2017,16:00,10401.9463,1383.8613,2433.1829,953.6469,11284.3867,5569.2837,2788.9783,1113.3768,35928.6629,A3,N,N
12/12/2017,16:00,10306.1885,1353.5272,2425.1836,971.9248,10868.2666,5516.1846,2731.5,1169.4171,35342.1924,A6,Y,N
12/12/2017,16:00,10470.9004,1399.9,2400,972.943,11333.4004,5533.9302,2729.6299,1122.09,35962.7939,E,N,N
12/12/2017,16:00,10373.2002,1387.51,2389.27,975.579,11276.2002,5494.71,2715.6599,1107.59,35719.7193,E1,N,N
12/12/2017,16:00,10494.7998,1403.11,2381.8999,996.136,11461.5996,5555.5801,2735.04,1135.63,36163.7954,E2,N,N
12/12/2017,16:00,10470.9004,1398.03,2393.5901,972.228,11295.5996,5533.9302,2728.22,1119.8199,35912.3182,E3,N,N
12/12/2017,17:00,10476.2822,1411.9977,2463.0247,929.9857,11566.6797,5699.228,2843.865,1132.5776,36523.6406,A3,N,N
12/12/2017,17:00,10275.957,1387.3794,2455.7371,939.0346,11050.041,5634.4883,2769.6719,1183.3744,35695.6837,A6,Y,N
12/12/2017,17:00,10487.5996,1437.65,2421.8601,975.182,11426,5626.48,2819.25,1178.6899,36372.7116,E,N,N
12/12/2017,17:00,10275.7998,1396.1,2434.0701,979.901,11298,5544.3799,2738.04,1149.51,35815.8008,E1,N,N
12/12/2017,17:00,10466.0996,1421.98,2450.3201,978.987,11517.2002,5635.6401,2800.29,1146.36,36416.877,E2,N,N
12/12/2017,17:00,10435.7002,1412.87,2403.4399,962.967,11374.4004,5612.1499,2771.1201,1152.78,36125.4275,E3,N,N
12/12/2017,18:00,10952.2031,1533.3652,2506.8362,977.6273,12540.4121,6124.4443,2961.6157,1204.9862,38801.4901,A3,N,N
12/12/2017,18:00,10709.9844,1527.8369,2498.1204,980.4982,12072.1689,6083.5161,2882.1438,1273.0585,38027.3272,A6,Y,N
12/12/2017,18:00,10841.0996,1563.55,2458.76,1041.7,12332,6065.6699,2986.28,1297.8101,38586.8696,E,N,N
12/12/2017,18:00,10689,1502.72,2421.76,1029.23,12116.0996,5937.9399,2838.0901,1257.6801,37792.5197,E1,N,N
12/12/2017,18:00,10640.7998,1484.76,2467.46,999.596,11866.9004,5822.4199,2934.04,1195.5,37411.4761,E2,N,N
12/12/2017,18:00,10676.9004,1512.97,2411.8999,986.235,12209.2002,6014.4902,2902.54,1290.54,38004.7757,E3,N,N
12/12/2017,19:00,11440.5986,1661.933,2586.9314,1043.3708,13639.7744,6604.1538,3176.6943,1316.308,41469.7643,A3,N,N
12/12/2017,19:00,11132.0078,1671.1525,2563.0159,1058.3519,13334.4688,6641.8623,3124.8186,1407.3406,40933.0184,A6,Y,N
12/12/2017,19:00,11258.2002,1681.3199,2535.8101,1128.7,13373.5996,6630.4502,3340.6899,1461.16,41409.9299,E,N,N
12/12/2017,19:00,11033.5,1568.3,2611.74,1100.37,12882.7998,6482.1802,3047.4199,1435.34,40161.6499,E1,N,N
12/12/2017,19:00,10893.9004,1635.87,2627.6599,1040.52,12512.0996,6318.3999,3117.28,1274.37,39420.0998,E2,N,N
12/12/2017,19:00,11225.2998,1655.5601,2523.1101,1060.92,13339.7998,6513.1899,3261.25,1469.8101,41048.9398,E3,N,N
12/12/2017,20:00,11519.165,1722.4131,2600.2817,1070.1202,13880.498,6681.4971,3235.3445,1384.3738,42093.6934,A3,N,N
12/12/2017,20:00,11244.4736,1670.7212,2564.7278,1086.9618,13649.4736,6683.1714,3194.2676,1491.5891,41585.3861,A6,Y,N
12/12/2017,20:00,11359.4004,1705.1899,2563.3101,1163.97,13364.7002,6881.9102,3468.3101,1557.23,42064.0209,E,N,N
12/12/2017,20:00,10982.5996,1556.33,2598.8,1114.4399,12852,6781.3101,3119.7,1538.3199,40543.4995,E1,N,N
12/12/2017,20:00,10955,1721.0601,2725.1499,1137.89,13223.5996,6591.8701,3307.77,1383.39,41045.7297,E2,N,N
12/12/2017,20:00,11400.0996,1657.61,2510.23,1087.34,13255.7998,6772.3599,3242.1599,1543.63,41469.2292,E3,N,N
12/12/2017,21:00,11500.6289,1734.868,2596.9602,1081.7583,13942.6982,6735.4961,3262.4951,1439.5869,42294.4917,A3,N,N
12/12/2017,21:00,11070.834,1686.8314,2548.0469,1093.2876,13734.2109,6552.0239,3224.5208,1554.4556,41464.2111,A6,Y,N
12/12/2017,21:00,11450,1726.9,2564.77,1173.11,13493.2998,6999.6201,3506.6899,1634.4399,42548.8297,E,N,N
12/12/2017,21:00,10994.7998,1543.65,2722.3401,1103.28,12805.2998,6689.1699,3109.1201,1611.64,40579.2997,E1,N,N
12/12/2017,21:00,10747.7998,1739.59,2716.52,1083.35,12890.5,6510.7402,3149.1299,1411.53,40249.1599,E2,N,N
12/12/2017,21:00,11361.0996,1724.74,2473.5701,1107.86,13546.2002,6858.8901,3462.1499,1681.85,42216.3599,E3,N,N
12/12/2017,22:00,11325.3262,1715.228,2568.4736,1058.9834,13613.4346,6600.4033,3229.6416,1463.0355,41574.5262,A3,N,N
12/12/2017,22:00,11001.3643,1669.2263,2516.2546,1066.4248,13141.6943,6429.9727,3153.5989,1572.923,40551.4589,A6,Y,N
12/12/2017,22:00,11363.5996,1696.71,2547.46,1128.9,13264.0996,6865.5601,3432.8701,1630.62,41929.8194,E,N,N
12/12/2017,22:00,10789.7002,1560.49,2523.28,1100.5601,12719,6600.9702,3114.6499,1587.55,39996.2004,E1,N,N
12/12/2017,22:00,10751.2002,1732.03,2717.6201,1115.55,12774.7998,6446.2598,3195.71,1394.5601,40127.73,E2,N,N
12/12/2017,22:00,11247.2998,1684.9,2497.77,1076.46,13441.2002,6664.4199,3417.3501,1614.0601,41643.4601,E3,N,N
12/12/2017,23:00,10825.6396,1620.1755,2514.7708,1008.7516,12764.5352,6285.9092,3093.7581,1436.7365,39550.2765,A3,N,N
12/12/2017,23:00,10717.4932,1582.1566,2457.3706,1016.925,12312.0088,6268.0234,3062.5186,1535.0383,38951.5345,A6,Y,N
12/12/2017,23:00,11012,1607.91,2495.6201,1062.4,12495.4004,6548.6001,3293.7,1584.16,40099.7906,E,N,N
12/12/2017,23:00,10485.7002,1509.86,2510.27,1033.0699,12046.0996,6425,3043.3401,1447.58,38500.9198,E1,N,N
12/12/2017,23:00,10421,1656.79,2657.21,1022.54,12075.4004,6149.0298,3151.6201,1404.99,38538.5803,E2,N,N
12/12/2017,23:00,10888.5996,1594.0699,2547.3301,1001.69,12289.0996,6257.7002,3317.79,1615,39511.2794,E3,N,N
12/12/2017,24:00,10286.3213,1535.2125,2474.0632,956.2101,11769.5059,5958.3511,2923.9238,1404.8248,37308.4127,A3,N,N
12/12/2017,24:00,10392.6533,1526.7682,2331.3867,957.6356,11455.2842,6015.9839,2934.0527,1505.4755,37119.2401,A6,Y,N
12/12/2017,24:00,10483.2998,1524.1801,2460.9299,1000.76,11815.0996,6245.9199,3099.01,1553.41,38182.6093,E,N,N
12/12/2017,24:00,10199.5996,1463.6801,2435.04,982.588,11360.2998,5968.4102,2940.6101,1421.21,36771.4378,E1,N,N
12/12/2017,24:00,10157.5,1576.9399,2607.6799,944.088,11385.4004,5816.1099,2963.8201,1389.0601,36840.5983,E2,N,N
12/12/2017,24:00,10327.4004,1544.41,2443.1101,979.711,11583.9004,6012.2402,3056.9099,1571.4301,37519.1121,E3,N,N
12/13/2017,1:00,10053.8008,1483.9675,2498.7537,929.074,11349.2793,5748.2163,2879.533,1347.0912,36289.7158,A3,N,N
12/13/2017,1:00,10176.2305,1451.7111,2458.1704,924.7292,11236.7109,5739.2178,2831.6914,1362.9688,36181.4301,A6,Y,N
12/13/2017,1:00,10194.4004,1462.03,2441.6699,899.446,11123,5932.5,2870.49,1477.99,36401.5263,E,N,N
12/13/2017,1:00,10124.9004,1401.6899,2398.3999,945.024,10929.7998,5789.6001,2866,1314.6801,35770.0942,E1,N,N
12/13/2017,1:00,9636.4902,1517.27,2655.1201,846.628,11008.4004,5559.3701,2732.74,1416.55,35372.5688,E2,N,N
12/13/2017,1:00,9985.8496,1490.91,2382.95,920.911,10901,5815.9199,2836.6299,1539.0601,35873.2305,E3,N,N
12/13/2017,2:00,9922.3018,1457.1377,2475.2634,926.591,11106.543,5708.2544,2835.0112,1357.4438,35788.5463,A3,N,N
12/13/2017,2:00,10049.4971,1447.4214,2428.5979,931.3425,10873.6006,5741.7041,2794.5459,1386.4012,35653.1107,A6,Y,N
12/13/2017,2:00,9993.75,1438.5,2428.0601,898.87,10701.2002,5868.9502,2835.8799,1487.9399,35653.1503,E,N,N
12/13/2017,2:00,9935.5098,1328.16,2311.4199,926.075,10602.2002,5822.0601,2837.6599,1249.1899,35012.2748,E1,N,N
12/13/2017,2:00,9344.1504,1487.13,2706.4099,825.212,10931.7998,5441.1802,2629.45,1457.24,34822.5723,E2,N,N
12/13/2017,2:00,9783.4404,1481.55,2373.6699,926.038,10574.0996,5698.1699,2675.6001,1507.5,35020.0679,E3,N,N
12/13/2017,3:00,9951.5879,1468.1927,2466.655,929.9351,11128.3555,5726.4561,2816.8921,1384.0591,35872.1335,A3,N,N
12/13/2017,3:00,10163.0605,1468.6328,2425.9385,922.4285,10846.4287,5740.3301,2814.2166,1413.8086,35794.8443,A6,Y,N
12/13/2017,3:00,10055.0996,1425.23,2406.5801,911.95,10988,5874.3301,2840.73,1532,36033.9198,E,N,N
12/13/2017,3:00,9956.3701,1339.04,2347.1101,954.199,10587.7998,5795.3101,2854.78,1180.02,35014.6291,E1,N,N
12/13/2017,3:00,9410.75,1478.8199,2572.48,842.111,10629.2002,5416.46,2603.9299,1464.91,34418.661,E2,N,N
12/13/2017,3:00,9912.6699,1503.27,2369.48,917.253,10833.9004,5870.4702,2749.1799,1656.34,35812.5634,E3,N,N
12/13/2017,4:00,10139.9795,1531.0073,2479.9004,931.2079,11366.042,5867.4517,2857.8042,1418.4272,36591.8202,A3,N,N
12/13/2017,4:00,10418.1689,1502.7747,2445.8403,902.5661,11169.6563,5894.3213,2878.8667,1438.4963,36650.6906,A6,Y,N
12/13/2017,4:00,10202.7998,1451.42,2417.22,909.745,11316.7998,5925.1499,2856.25,1560.5699,36639.9544,E,N,N
12/13/2017,4:00,10177.4004,1391.95,2407.53,942.971,10650.7998,5730.7998,2886.99,1149.8199,35338.2609,E1,N,N
12/13/2017,4:00,9518.7305,1520.75,2726.47,829.716,10461.9004,5484.3198,2702.6201,1439.09,34683.5968,E2,N,N
12/13/2017,4:00,10150.2002,1551.55,2410.4199,935.487,11096.7998,5859.04,2787.8201,1665.02,36456.337,E3,N,N
12/13/2017,5:00,10412.9424,1606.0367,2497.4553,958.8358,11805.8496,6204.6104,2947.7104,1447.7466,37881.1872,A3,N,N
12/13/2017,5:00,10785.8857,1570.5446,2468.2166,897.9979,11467.3076,6156.2632,2987.3145,1466.0168,37799.5469,A6,Y,N
12/13/2017,5:00,10412.2002,1512.88,2426.8899,923.204,11593.7998,6070.7402,2949.8,1604.45,37493.9641,E,N,N
12/13/2017,5:00,10437.9004,1431.3,2389.75,956.998,10952.5,5924.3701,2995.1699,1185.0601,36273.0485,E1,N,N
12/13/2017,5:00,9919.9805,1574.25,2684.25,830.134,11335.7002,5826.5698,2814.4399,1572.1899,36557.5143,E2,N,N
12/13/2017,5:00,10385.5,1575.2,2403.3101,966.602,11678.0996,5978.3799,2915.7,1687.65,37590.4416,E3,N,N
12/13/2017,6:00,11200.833,1749.0497,2520.4502,1011.8637,12975.6406,6722.811,3175.9946,1543.1863,40899.8291,A3,N,N
12/13/2017,6:00,11650.2695,1681.6282,2499.7336,950.6907,12521.6592,6786.3291,3232.5923,1563.6072,40886.5098,A6,Y,N
12/13/2017,6:00,11195.4004,1646.0699,2437.0601,984.194,12614.0996,6489.8301,3179.7,1700.92,40247.2741,E,N,N
12/13/2017,6:00,11403.2998,1470.0699,2460.76,979.799,12164.5,6640.6401,3224.5701,1231.16,39574.7989,E1,N,N
12/13/2017,6:00,11061.2002,1741.86,2739.95,873.925,12390.7002,6428.2402,3261.2,1682.35,40179.4256,E2,N,N
12/13/2017,6:00,11197.9004,1753.25,2448.1201,1010.05,12172,6635.7402,3147.9299,1769.58,40134.5706,E3,N,N
12/13/2017,7:00,12302.874,1946.8322,2577.4443,1104.3875,14326.6289,7750.9126,3628.5659,1705.1116,45342.757,A3,N,N
12/13/2017,7:00,12866.4941,1879.6053,2566.6404,1070.3181,13985.4658,7653.3311,3735.5439,1725.2317,45482.6304,A6,Y,N
12/13/2017,7:00,11931.0996,1859.54,2458.04,1075,13884.4004,7108.8799,3630.1201,1845.89,43792.97,E,N,N
12/13/2017,7:00,12197.7002,1669.98,2495.6101,1089.42,13165,7389.0498,3572.8201,1306.6801,42886.2603,E1,N,N
12/13/2017,7:00,11652.2998,1900.08,2840.49,983.777,13592.2002,7328.6699,3622.0701,1776.67,43696.257,E2,N,N
12/13/2017,7:00,11977.7998,1900.7,2507.24,1043.38,14009.5,7512.73,3713.8999,1935.47,44600.7197,E3,N,N
12/13/2017,8:00,12403.4023,2023.2609,2622.675,1135.9552,15127.4512,7979.1528,3710.3691,1738.0923,46740.3588,A3,N,N
12/13/2017,8:00,13008.1641,1924.4694,2630.9814,1117.069,14850.6582,7772.6318,3829.6431,1771.0364,46904.6534,A6,Y,N
12/13/2017,8:00,12154.5,1887.02,2479.6001,1099.04,14557.9004,7289.4199,3719.1899,1870.8101,45057.4804,E,N,N
12/13/2017,8:00,12112.7998,1675.24,2628.3601,1112.03,13924,7421.1602,3584.8701,1249.35,43707.8102,E1,N,N
12/13/2017,8:00,11892.5996,1912.16,2741.03,1008.28,14155.0996,7377.7402,3777.4299,1801.3101,44665.6494,E2,N,N
12/13/2017,8:00,12219.7998,1894.84,2566.6899,1141.9399,14926.9004,7732.5898,3771.3101,1833.55,46087.6199,E3,N,N
12/13/2017,9:00,12192.2305,1951.1849,2609.5305,1118.5004,14247.084,7515.2441,3494.4663,1629.3141,44757.5548,A3,N,N
12/13/2017,9:00,12685.7646,1839.5383,2611.8303,1100.235,13695.2227,7336.0098,3573.5513,1623.3322,44465.4842,A6,Y,N
12/13/2017,9:00,11970.0996,1811.74,2484.4199,1097.71,13992.2002,7009.5898,3489.47,1740.21,43595.4395,E,N,N
12/13/2017,9:00,12151.7998,1676.24,2542.1101,1065.95,13309.4004,7108.5,3428.51,1355.51,42638.0203,E1,N,N
12/13/2017,9:00,11735.9004,1829.11,2734.8301,989.76,13499.4004,6986.5601,3423.1399,1684.6899,42883.3908,E2,N,N
12/13/2017,9:00,11694.0996,1798.1899,2548.76,1081.26,14027.0996,7201.5098,3367.48,1777.7,43496.0989,E3,N,N
12/13/2017,10:00,11838.8232,1846.7524,2606.3191,1086.0033,13452.1953,7034.9004,3342.9875,1458.877,42666.8582,A3,N,N
12/13/2017,10:00,12127.001,1742.7985,2540.5247,1084.774,12967.4893,7115.8257,3383.5288,1442.7732,42404.7152,A6,Y,N
12/13/2017,10:00,11767.7002,1710.04,2467.95,1085.38,13391,6624.04,3284.54,1553.53,41884.1802,E,N,N
12/13/2017,10:00,11740.2002,1540.35,2585.54,1072.59,12984.2002,6858.7202,3268.01,1309.62,41359.2306,E1,N,N
12/13/2017,10:00,11657.4004,1751.9,2690.4399,976.82,12962.7002,6716.1401,3327.6399,1538.96,41622.0005,E2,N,N
12/13/2017,10:00,11528.4004,1664.96,2473.52,1122.54,13150.5,6886.8301,3222.96,1512.08,41561.7905,E3,N,N
12/13/2017,11:00,11519.1475,1649.7625,2597.6465,1048.6096,12552.918,6558.1919,3160.7344,1317.9142,40404.9246,A3,N,N
12/13/2017,11:00,11512.4473,1604.738,2529.6741,1069.7782,12586.9453,6730.0386,3157.0747,1295.7031,40486.3993,A6,Y,N
12/13/2017,11:00,11445.2002,1606.46,2455.52,1047.53,12714.7998,6235.3599,3110.52,1419.62,40035.0099,E,N,N
12/13/2017,11:00,11746.2002,1462.4301,2577.6799,1051.4301,12575.2998,6476.3301,3103.7,1197.66,40190.7302,E1,N,N
12/13/2017,11:00,10975.2998,1595.1899,2657.74,907.744,12554.4004,6304.5698,3220.0601,1412.6899,39627.6939,E2,N,N
12/13/2017,11:00,11282,1632.83,2449.72,1088.55,12721.9004,6291.2598,3229.6101,1455.33,40151.2003,E3,N,N
12/13/2017,12:00,11314.5361,1595.8467,2547.9685,1009.5787,11985.333,6193.667,2987.7217,1233.1077,38867.7594,A3,N,N
12/13/2017,12:00,10871.6943,1494.9106,2551.5327,1027.8384,12116.0283,6126.0718,2929.6736,1206.6334,38324.3831,A6,Y,N
12/13/2017,12:00,11117.4004,1509.88,2455.02,1008.79,12062.9004,5947.2798,2963.6799,1338.13,38403.0805,E,N,N
12/13/2017,12:00,11516.2998,1442.9301,2490.55,1060.98,12328.5996,6039.02,2933.48,1121.1,38932.9595,E1,N,N
12/13/2017,12:00,11062.7002,1522.59,2644.29,866.911,11931.2002,6012.6001,3006.3201,1379.85,38426.4616,E2,N,N
12/13/2017,12:00,10943.2998,1474.29,2410.4099,1022.43,12070,5946.3198,2991.77,1344.6801,38203.1996,E3,N,N
12/13/2017,13:00,11039.7383,1511.8741,2495.479,975.3054,11475.0039,5964.0068,2887.5327,1173.9771,37522.9173,A3,N,N
12/13/2017,13:00,10854.9697,1438.9254,2441.7974,989.9325,11619.9453,5680.9087,2875.542,1180.2281,37082.2491,A6,Y,N
12/13/2017,13:00,10827.7998,1424.71,2438.95,962.026,11920.5996,5701.8701,2841.73,1270.1899,37387.8754,E,N,N
12/13/2017,13:00,11269.5,1414.8101,2428.04,1005.46,11500.2002,5730.9502,2756.1899,1104.21,37209.3604,E1,N,N
12/13/2017,13:00,11056.5,1563.7,2623.0601,913.704,11606,5930.7998,2903.72,1226.38,37823.8639,E2,N,N
12/13/2017,13:00,10566.9004,1378.13,2389.3701,1000.17,11607.7998,5543.3799,2830.4199,1272.8199,36588.99,E3,N,N
12/13/2017,14:00,10852.2881,1441.0088,2469.6675,974.0875,11217.6143,5772.2554,2849.8079,1147.1448,36723.8743,A3,N,N
12/13/2017,14:00,10644.2998,1405.0637,2416.4475,994.8634,11325.6396,5873.0552,2823.6265,1150.0731,36633.0688,A6,Y,N
12/13/2017,14:00,10674,1368.4399,2427.95,948.885,11562.5996,5539.1099,2778.1899,1236.83,36536.0043,E,N,N
12/13/2017,14:00,11221.5996,1407.01,2384.8201,966.208,11282.5,5457.6602,2836.54,1107.03,36663.3679,E1,N,N
12/13/2017,14:00,10832.2002,1482.2,2595.05,880.332,11507.9004,5750.0298,2916.5701,1188.3101,37152.5926,E2,N,N
12/13/2017,14:00,10504.7002,1404.45,2313.8101,983.913,11539.0996,5497.6699,2847.73,1270.8101,36362.1829,E3,N,N
12/13/2017,15:00,10617.4492,1397.1384,2459.97,961.8566,11087.9707,5657.7349,2821.8411,1125.8187,36129.7796,A3,N,N
12/13/2017,15:00,10411.7422,1304.5684,2406.801,972.8981,11037.5479,5682.4795,2787.0986,1135.85,35738.9857,A6,Y,N
12/13/2017,15:00,10610.0996,1326.77,2413.01,935.587,11122.5996,5432.8301,2732.25,1204.79,35777.9363,E,N,N
12/13/2017,15:00,10638,1363.41,2425.45,968.129,11097.2998,5460.2798,2685.27,1080.73,35718.5686,E1,N,N
12/13/2017,15:00,10613.7002,1390.87,2596.73,935.182,11475.7998,5623.9902,2908.8,1176.87,36721.9422,E2,N,N
12/13/2017,15:00,10368.2998,1243.47,2345.5601,963.728,11136.5,5374.8901,2820.6899,1219.47,35472.6079,E3,N,N
12/13/2017,16:00,10477.9131,1381.7782,2469.2703,946.1765,10989.2969,5612.5073,2829.564,1124.9171,35831.4234,A3,N,N
12/13/2017,16:00,10285.7832,1288.3339,2407.5249,947.951,10891.209,5603.7075,2769.6025,1141.1371,35335.2491,A6,Y,N
12/13/2017,16:00,10373.5,1318.26,2423.8101,905.873,10801.4004,5386.6201,2721.6499,1204.01,35135.1235,E,N,N
12/13/2017,16:00,10498.2998,1384.8101,2599.3501,939.182,11093.0996,5358.04,2728.49,1138.27,35739.5416,E1,N,N
12/13/2017,16:00,10550.7998,1402.79,2727.05,910.93,11065.7998,5693.0498,2869.8601,1165.24,36385.5195,E2,N,N
12/13/2017,16:00,10453.5,1218.87,2293.9099,952.62,10352.9004,5276.1001,2814.6399,1244.26,34606.8003,E3,N,N
12/13/2017,17:00,10534.2578,1399.2183,2495.7505,924.4617,11151.8359,5728.4341,2870.1658,1149.8188,36253.9429,A3,N,N
12/13/2017,17:00,10278.4063,1312.01,2440.2783,906.034,10967.3066,5687.6592,2796.8691,1159.2518,35547.8153,A6,Y,N
12/13/2017,17:00,10423.2998,1343.42,2439.3201,867.77,11166,5467.4399,2747.4399,1249.83,35704.5197,E,N,N
12/13/2017,17:00,10588,1341.76,2566.3101,919.466,10984.5,5563.2598,2684.73,1164.08,35812.1059,E1,N,N
12/13/2017,17:00,10588.2002,1439.62,2665.8,857.148,11362.7998,5752.5098,2944.9099,1187.01,36797.9977,E2,N,N
12/13/2017,17:00,9993.0703,1376.75,2392.6201,909.068,11081.2998,5170.46,2791.03,1300.02,35014.3182,E3,N,N
12/13/2017,18:00,11010.9287,1504.4939,2531.7788,959.6117,11954.8369,6140.9531,2980.1897,1217.0104,38299.8032,A3,N,N
12/13/2017,18:00,10723.624,1454.9825,2481.6399,931.7645,11752.7393,6095.8955,2901.3616,1246.4795,37588.4868,A6,Y,N
12/13/2017,18:00,10887.2998,1451.6801,2436.54,897.47,11990.0996,5818.3999,2860.54,1346.23,37688.2594,E,N,N
12/13/2017,18:00,10936,1434.42,2448,968.731,11657,5925.5098,2859.24,1187.91,37416.8108,E1,N,N
12/13/2017,18:00,11052.5996,1496.63,2786.6299,890.181,12035.9004,5954.21,3010.3601,1257.54,38484.051,E2,N,N
12/13/2017,18:00,10356.5,1410.36,2373.3999,927.594,11777.2002,5617.77,2928.3401,1409.24,36800.4042,E3,N,N
12/13/2017,19:00,11471.8223,1596.9253,2583.575,998.702,12620.4346,6587.1265,3204.4856,1307.5045,40370.5758,A3,N,N
12/13/2017,19:00,11131.1768,1578.212,2533.9871,979.9465,12488.2588,6583.9146,3146.6067,1369.2413,39811.3438,A6,Y,N
12/13/2017,19:00,11436.0996,1551.79,2448.8999,964.094,12694.0996,6226.1499,3098.1299,1457.34,39876.6029,E,N,N
12/13/2017,19:00,11681.7998,1512.23,2622.9199,1006.08,12366.2002,6489.4199,3074.9199,1272.14,40025.7097,E1,N,N
12/13/2017,19:00,11312.9004,1572.14,2655.1699,908.744,12232.9004,6545.1099,3231.3999,1414.7,39873.0645,E2,N,N
12/13/2017,19:00,11198.7002,1543.3199,2558.3,1025.15,12285.2002,6210.23,3136.1799,1479.9399,39437.0201,E3,N,N
12/13/2017,20:00,11479.3516,1616.618,2578.229,999.2955,12670.5762,6597.0264,3253.9548,1338.3816,40533.4331,A3,N,N
12/13/2017,20:00,11186.8174,1564.1722,2523.7966,991.6113,12517.4492,6671.4404,3207.3413,1430.6553,40093.2837,A6,Y,N
12/13/2017,20:00,11229.2998,1553.23,2453.7,975.138,12839.5,6353.8599,3152.2,1513.4,40070.3277,E,N,N
12/13/2017,20:00,11271.5996,1498.45,2590.6101,1011.9,12509.5,6591.52,3145.5,1298.6,39917.6797,E1,N,N
12/13/2017,20:00,10704.5996,1656.54,2609.6899,865.698,12085.7002,6307.0601,3252.98,1468.9399,38951.2077,E2,N,N
12/13/2017,20:00,11142.2002,1585.5601,2457.8999,1004.35,12782,6397.6699,3188.3401,1507.0699,40065.0901,E3,N,N
12/13/2017,21:00,11370.0439,1621.9246,2559.3315,993.2287,12552.7061,6544.9233,3269.033,1358.2982,40269.4893,A3,N,N
12/13/2017,21:00,11158.4307,1586.5588,2495.8071,992.8887,12482.5771,6706.0303,3229.7595,1476.3896,40128.4418,A6,Y,N
12/13/2017,21:00,11141.7002,1558.48,2441.8601,966.328,12478.2998,6369.6802,3140.0801,1559.67,39656.0984,E,N,N
12/13/2017,21:00,11319.4004,1484.74,2953.1499,982.493,12462.7998,6640.0298,3129.4299,1219.74,40191.7828,E1,N,N
12/13/2017,21:00,10581.0996,1673.34,2653.77,871.602,11748.5,6395.96,3195.5901,1472.65,38592.5117,E2,N,N
12/13/2017,21:00,10965.7002,1566.1899,2416.3601,1044.67,12202.9004,6364.5,3259.95,1572.52,39392.7906,E3,N,N
12/13/2017,22:00,11090.9609,1601.8252,2533.7471,967.518,12221.9482,6340.8726,3208.0471,1351.2246,39316.1437,A3,N,N
12/13/2017,22:00,10911.041,1559.0564,2458.052,968.0292,12154.3535,6022.9038,3169.1863,1472.9565,38715.5787,A6,Y,N
12/13/2017,22:00,10877.9004,1518.84,2426.1699,942.749,12367.7002,6219.4199,3073.6399,1560.4,38986.8193,E,N,N
12/13/2017,22:00,11157.7002,1484.59,2480.46,992.266,12067.0996,6405.21,3055.49,1324.89,38967.7058,E1,N,N
12/13/2017,22:00,10509.4004,1618.3,2653.73,890.413,11329.2002,6141.2402,3106.76,1470.5699,37719.6137,E2,N,N
12/13/2017,22:00,10676.5,1552.7,2438.8701,946.565,12352,6255.8799,3204.8301,1580.28,39007.6251,E3,N,N
12/13/2017,23:00,10532.4971,1524.6455,2501.9949,920.3207,11449.8242,5936.98,3042.5642,1301.9083,37210.7349,A3,N,N
12/13/2017,23:00,10217.4756,1443.613,2395.147,920.511,11329.6914,5658.4053,2985.2969,1437.7296,36387.8698,A6,Y,N
12/13/2017,23:00,10456.9004,1444.04,2410.97,922.159,11568.4004,5931.5498,2950.75,1517.16,37201.9296,E,N,N
12/13/2017,23:00,10422.7002,1396.83,2546.6399,946.272,11410.5,6212.7998,2951.22,1198.77,37085.7319,E1,N,N
12/13/2017,23:00,10220.2998,1521.87,2606.23,844.881,10784.7998,5877.9199,2928.96,1403.58,36188.5405,E2,N,N
12/13/2017,23:00,10272.2998,1427.02,2368.01,893.647,11167.5996,5950.0801,3097.8201,1516.79,36693.2666,E3,N,N
12/13/2017,24:00,9916.125,1459.7346,2486.1555,882.3295,10629.5723,5560.3164,2846.1938,1260.8206,35041.2477,A3,N,N
12/13/2017,24:00,9530.1807,1389.7567,2373.0664,875.9581,10553.8486,5538.4507,2752.5417,1404.1219,34417.9248,A6,Y,N
12/13/2017,24:00,9989.9502,1357.96,2413.3401,890.427,10714.5996,5633.6899,2763.48,1474.09,35237.5368,E,N,N
12/13/2017,24:00,9987.46,1328.92,2544.7,933.831,10710.9004,5739.6699,2759.3899,1163.5601,35168.4313,E1,N,N
12/13/2017,24:00,9751.3701,1445.96,2583.9399,807.06,10131.2998,5542.8398,2720.45,1325.83,34308.7496,E2,N,N
12/13/2017,24:00,9773.7803,1362.8,2354.96,888.528,10410.5996,5621.71,2840.49,1496.4,34749.2679,E3,N,N
12/14/2017,1:00,9534.4297,1413.9763,2516.4502,862.6353,10225.7334,5292.5078,2753.5579,1186.2911,33785.5817,A3,N,N
12/14/2017,1:00,9288.5947,1333.8792,2539.6631,840.8058,10295.2363,5225.833,2584.7949,1245.4562,33354.2632,A6,Y,N
12/14/2017,1:00,9639.9902,1301.89,2426.1001,838.494,10098.2998,5274.48,2510.3999,1423.38,33513.034,E,N,N
12/14/2017,1:00,9530.8496,1293.39,2492.05,935.65,10270.2002,5420.6499,2635.5701,1148.84,33727.1998,E1,N,N
12/14/2017,1:00,9334.1504,1385.6,2619.1899,780.325,9534.6904,5243.9502,2526.97,1263.54,32688.4159,E2,N,N
12/14/2017,1:00,9386.9102,1288.4399,2327.04,863.936,9925.5303,5342.29,2638.01,1468.6801,33240.8365,E3,N,N
12/14/2017,2:00,9324.4512,1400.7922,2497.8127,865.6852,10035.7227,5180.0786,2673.4314,1190.6084,33168.5824,A3,N,N
12/14/2017,2:00,9145.1709,1314.2551,2515.7495,851.4783,9991.0078,5121.1968,2513.9751,1255.3193,32708.1528,A6,Y,N
12/14/2017,2:00,9259.9697,1276.09,2417.5,848.986,9935.8896,5115.2998,2404.5901,1424.04,32682.3652,E,N,N
12/14/2017,2:00,9102.8896,1246.46,2151.22,920.771,10213.9004,5304.3501,2603.1599,1114.62,32657.371,E1,N,N
12/14/2017,2:00,9102.1904,1348.1899,2666.0701,779.574,9117.6201,4962.0498,2444.1699,1246.39,31666.2542,E2,N,N
12/14/2017,2:00,8999.4805,1253.78,2289.3101,875.649,9935.4502,5125.6899,2530.9099,1424.49,32434.7596,E3,N,N
12/14/2017,3:00,9307.0801,1387.5668,2483.3652,873.6983,10061.9326,5140.1094,2633.6445,1226.2947,33113.6916,A3,N,N
12/14/2017,3:00,9246.2715,1334.7163,2470.9712,861.3809,9808.0078,5037.1294,2506.0718,1263.9052,32528.4541,A6,Y,N
12/14/2017,3:00,9326.0898,1270.21,2406.9099,865.609,9946.0703,5067.48,2353.3,1460.04,32695.709,E,N,N
12/14/2017,3:00,8973.4004,1237.5601,2339.4399,954.263,9952.3604,5193.29,2545.97,1135.49,32331.7738,E1,N,N
12/14/2017,3:00,9152.54,1331.3,2542.3501,850.882,9225.2695,5049.29,2463.26,1209.85,31824.7416,E2,N,N
12/14/2017,3:00,9196.6396,1264.6801,2340.8401,879.047,9431.9502,5114.6001,2423.97,1468.12,32119.8471,E3,N,N
12/14/2017,4:00,9456.4355,1395.3037,2494.1785,878.2844,10345.6758,5196.5068,2663.5515,1264.5427,33694.4789,A3,N,N
12/14/2017,4:00,9485.7588,1350.3307,2406.1755,869.6469,9896.8584,5145.5889,2560.4089,1288.2024,33002.9705,A6,Y,N
12/14/2017,4:00,9380.6602,1294.46,2418.3501,865.358,10098.7998,5064.7402,2335.3501,1478.73,32936.4484,E,N,N
12/14/2017,4:00,9045.9199,1281.54,2448.3999,958.998,10308.2998,5183.5698,2527.01,1106.1899,32859.9273,E1,N,N
12/14/2017,4:00,9139.21,1368.75,2687.8401,805.525,9459.46,5069.71,2376.1399,1367.1801,32273.8151,E2,N,N
12/14/2017,4:00,9260.2998,1285.96,2335.5701,874.778,9390.7305,5251.9199,2448.28,1472.64,32320.1783,E3,N,N
12/14/2017,5:00,9627.1543,1448.0817,2509.2571,907.5034,10705.5176,5424.6968,2684.7905,1303.0189,34610.0203,A3,N,N
12/14/2017,5:00,9740.875,1412.6267,2434.3413,893.4572,10133.1152,5387.313,2594.8206,1316.0585,33912.6075,A6,Y,N
12/14/2017,5:00,9520.4297,1369.41,2429.3401,896.19,10494.9004,5220.6802,2400.05,1518.09,33849.0904,E,N,N
12/14/2017,5:00,9116.1299,1306.0699,2741.8201,995.549,10610.0996,5541.4902,2646.29,1145.48,34102.9287,E1,N,N
12/14/2017,5:00,9443.8604,1437.24,2698.8701,838.333,9606.8096,5415.9702,2488.6399,1323.1801,33252.9033,E2,N,N
12/14/2017,5:00,9431.1699,1324.1801,2325.3,887.411,10045.5996,5373.1001,2516.75,1548.49,33452.0007,E3,N,N
12/14/2017,6:00,10283.6865,1565.1619,2528.9338,971.086,11737.1279,5965.6162,2845.2017,1398.098,37294.912,A3,N,N
12/14/2017,6:00,10422.1064,1526.318,2472.5564,956.8854,11068.8154,6023.0576,2786.6523,1414.8893,36671.2808,A6,Y,N
12/14/2017,6:00,10145.2998,1526.9,2445.7,984.233,11675.0996,5735.8198,2619.76,1625.62,36758.4322,E,N,N
12/14/2017,6:00,10007.0996,1353.35,2473.5,1062.17,11548.0996,5966.3198,2737,1204.9,36352.439,E1,N,N
12/14/2017,6:00,10137.2002,1568.72,2773.1001,921.235,10747.9004,5969.4302,2685.1699,1398.9,36201.6558,E2,N,N
12/14/2017,6:00,10100.5996,1476.1899,2382.1399,1015.52,11411.2998,5889.6401,2688.24,1595.37,36558.9993,E3,N,N
12/14/2017,7:00,11279.7939,1758.9463,2585.3684,1071.2418,13280.4219,6752.7983,3164.9548,1537.5487,41431.0741,A3,N,N
12/14/2017,7:00,11587.5381,1716.3978,2542.8599,1084.2809,12725.3232,6867.7441,3172.6301,1569.9135,41266.6876,A6,Y,N
12/14/2017,7:00,11108.9004,1797.6,2484.8799,1114.48,13394.2002,6565.25,3105.26,1792.74,41363.3105,E,N,N
12/14/2017,7:00,10714,1550.41,2537.1299,1147.3101,12948.7998,6610.9399,3077.1001,1291.77,39877.4598,E1,N,N
12/14/2017,7:00,11015.4004,1749.65,2825.45,1015.97,12592.7998,6594.98,3013.1899,1621.0699,40428.51,E2,N,N
12/14/2017,7:00,11028.2998,1670.51,2444.0801,1089.66,13481,6682.1299,3189.79,1743.8199,41329.2897,E3,N,N
12/14/2017,8:00,11453.5957,1821.4346,2628.304,1108.2245,14313.9053,7014.6865,3229.2861,1632.3397,43201.7764,A3,N,N
12/14/2017,8:00,11687.3906,1774.204,2612.5256,1102.019,13884.7109,6930.6846,3261.0088,1640.6305,42893.174,A6,Y,N
12/14/2017,8:00,11079.2998,1853.45,2526.28,1160.87,13678.5,6844.3101,3204.1001,1814.3101,42161.1201,E,N,N
12/14/2017,8:00,11060.4004,1586.71,2722.0701,1164.85,13804.5996,6810.3999,3033.04,1236,41418.07,E1,N,N
12/14/2017,8:00,11217.0996,1757.39,2802.0701,1066.67,13144.7998,6747.6899,3016.75,1654.64,41407.1094,E2,N,N
12/14/2017,8:00,11015.7998,1692.29,2516.1599,1131.0601,14009,6936.3101,3226.3999,1736.74,42263.7598,E3,N,N
12/14/2017,9:00,11340.8271,1763.3733,2611.6465,1105.6819,13580.8945,6683.2456,3056.7876,1557.9283,41700.3848,A3,N,N
12/14/2017,9:00,11434.3721,1678.8938,2600.9465,1096.8094,13037.959,6604.1006,3003.5796,1524.7839,40981.4449,A6,Y,N
12/14/2017,9:00,10903.9004,1810.28,2535.4099,1176.83,13321.5,6623.6001,3022.8401,1702.34,41096.7005,E,N,N
12/14/2017,9:00,10966.0996,1506.04,2576.1001,1156.49,13340.9004,6552.96,2936.6201,1342.63,40377.8402,E1,N,N
12/14/2017,9:00,11246.0996,1708.97,2800.0901,1064.3199,12776.9004,6496.5498,2912.76,1529.5601,40535.2499,E2,N,N
12/14/2017,9:00,10716.9004,1635.47,2473.8999,1084.16,13251.7002,6654.3501,2948.48,1664.67,40429.6306,E3,N,N
12/14/2017,10:00,11192.4463,1691.2194,2605.0208,1097.4347,13386.0918,6440.9585,2988.2678,1439.1173,40840.5566,A3,N,N
12/14/2017,10:00,10976.3643,1572.4473,2537.2644,1094.1503,12997.6689,6494.7578,2850.4722,1362.7484,39885.8736,A6,Y,N
12/14/2017,10:00,11115.2002,1734.33,2512.8,1169.6801,13027.2998,6349.0498,2947.26,1557.86,40413.4799,E,N,N
12/14/2017,10:00,10915.7002,1506.45,3021.98,1192.4399,13262.4004,6476.4902,2986.77,1312.29,40674.5207,E1,N,N
12/14/2017,10:00,11112.7002,1663.5601,2780.5,1056.47,12615.5996,6302.9302,2956.71,1384.99,39873.4601,E2,N,N
12/14/2017,10:00,10905.0996,1511.0601,2408.6799,1110.52,12732.2002,6441.6001,3007.5801,1500.38,39617.12,E3,N,N
12/14/2017,11:00,11038.5313,1604.3792,2587.5522,1090.0731,13052.5879,6185.6274,2924.3916,1361.6604,39844.8031,A3,N,N
12/14/2017,11:00,10992.9102,1447.5872,2540.5496,1112.7825,12560.9688,6249.3384,2844.8777,1255.5012,39004.5156,A6,Y,N
12/14/2017,11:00,10958,1665.1899,2500.8701,1154.34,12645.5,6053.71,2936.75,1442.58,39356.94,E,N,N
12/14/2017,11:00,10969.2002,1426.73,2990.73,1177.24,12849.4004,6260.6001,2939.47,1223.9,39837.2707,E1,N,N
12/14/2017,11:00,10978.7998,1576.12,2756.1699,1079.14,12177.4004,6129.54,2987.3601,1288.67,38973.2002,E2,N,N
12/14/2017,11:00,10777.5996,1547.61,2423.3799,1083.09,12642.7998,6109.3901,2960.22,1441.1899,38985.2793,E3,N,N
12/14/2017,12:00,10971.3506,1540.5385,2570.554,1084.8391,12725.6982,5964.0781,2854.7,1309.2498,39021.0083,A3,N,N
12/14/2017,12:00,10967.2393,1385.386,2509.6926,1111.0175,12938.7041,5708.8125,2825.1343,1204.3798,38650.3661,A6,Y,N
12/14/2017,12:00,10845.7998,1587.4399,2499.4199,1132.27,12245.0996,5834.8398,2937.78,1365.84,38448.489,E,N,N
12/14/2017,12:00,10885.7002,1429.77,2559.5701,1146.1899,12383.9004,5879.6001,2947.75,1112.74,38345.2207,E1,N,N
12/14/2017,12:00,10948.5,1512.91,2721.95,1029.12,12140.7998,6010.3901,2998.6699,1249.9301,38612.2699,E2,N,N
12/14/2017,12:00,10621,1448.27,2383.46,1064.12,12278.7998,5885.3301,2931.5701,1355.45,37968,E3,N,N
12/14/2017,13:00,10807.3359,1492.8999,2542.9141,1052.0985,12179.4912,5841.5884,2838.5916,1269.5715,38024.4911,A3,N,N
12/14/2017,13:00,10764.4453,1347.1085,2405.1526,1081.8823,12386.9834,6025.7061,2857.5432,1204.2028,38073.0242,A6,Y,N
12/14/2017,13:00,10697.5996,1531,2476.3601,1078.4301,11973.2002,5647.1899,2979.5701,1298.48,37681.83,E,N,N
12/14/2017,13:00,10652.7998,1397.65,2664.98,1093.45,11860.2998,5682.6699,2871.4299,1118.14,37341.4194,E1,N,N
12/14/2017,13:00,11193.2998,1486.53,2587.71,1008.78,11836.7002,5919.0098,3061.6699,1163.54,38257.2397,E2,N,N
12/14/2017,13:00,10470.4004,1399.01,2332.0601,1051.76,12027.5,5592.0601,3038.1399,1280.05,37190.9805,E3,N,N
12/14/2017,14:00,10686.5195,1442.3071,2515.5349,1037.4475,11859.1035,5711.1133,2867.0164,1241.4059,37360.4481,A3,N,N
12/14/2017,14:00,10651.1191,1332.6564,2471.6846,1094.6622,11963.7939,5770.981,2832.4937,1191.2491,37308.64,A6,Y,N
12/14/2017,14:00,10721.0996,1482.22,2457.6001,1067.95,11835.4004,5533.8799,3045.8101,1267.83,37411.7901,E,N,N
12/14/2017,14:00,10678.5,1399.99,2746.98,1057.99,11682,5475.1299,2990.1201,1110.53,37141.24,E1,N,N
12/14/2017,14:00,11041.2998,1489.53,2598.5601,1009.26,11434.7002,5787.1001,3005.95,1160.83,37527.2302,E2,N,N
12/14/2017,14:00,10495.2998,1459.55,2245.6699,1046.26,11911.2002,5652.1499,2988.1299,1270.27,37068.5297,E3,N,N
12/14/2017,15:00,10562.2734,1414.2499,2500.5547,1008.7435,11531.6309,5626.5151,2903.9282,1214.74,36762.6357,A3,N,N
12/14/2017,15:00,10539.7676,1263.7833,2461.4285,1074.3478,11374.25,5623.9526,2845.0291,1180.5846,36363.1435,A6,Y,N
12/14/2017,15:00,10623.7998,1462.77,2436.6201,1058.28,11530.5,5482.6401,3080.23,1236.13,36910.97,E,N,N
12/14/2017,15:00,10246.0996,1337.84,2437.9399,1068.1801,11229,5450.71,2856.55,1089.64,35715.9596,E1,N,N
12/14/2017,15:00,10771.5,1418.99,2611.8101,996.798,11111,5668.3999,3119.99,1107.4,36805.888,E2,N,N
12/14/2017,15:00,10548.4004,1308.33,2294.6699,1020.92,11440.5,5499.48,3017.5701,1250.24,36380.1104,E3,N,N
12/14/2017,16:00,10460.6006,1390.5757,2497.092,975.9228,11412.0898,5607.9683,2910.6064,1187.5782,36442.4338,A3,N,N
12/14/2017,16:00,10390.1377,1269.3602,2451.9185,1030.3542,11095.791,5578.6758,2826.5903,1182.24,35825.0677,A6,Y,N
12/14/2017,16:00,10198.5,1453.78,2452.6299,1030.58,11351.4004,5478.2202,3119.8999,1230.75,36315.7604,E,N,N
12/14/2017,16:00,10050.5996,1385.16,2642.23,1039.89,11053.5,5400.7002,2910.3301,1134.41,35616.8199,E1,N,N
12/14/2017,16:00,10724.5,1417.65,2659.1599,988.954,10800.7002,5745.7202,3101.3201,1092.4399,36530.4443,E2,N,N
12/14/2017,16:00,10092.2002,1305.61,2299.22,956.409,11091.7998,5448.5601,3024.23,1228.47,35446.4991,E3,N,N
12/14/2017,17:00,10490.9463,1413.769,2523.5183,949.2556,11655.5986,5727.9482,2950.0957,1216.875,36928.0067,A3,N,N
12/14/2017,17:00,10387.7793,1283.3519,2480.9749,986.1395,11216.8359,5680.0127,2856.8105,1199.3506,36091.2553,A6,Y,N
12/14/2017,17:00,10526.5,1494.48,2475.6799,998.141,11795.2998,5611.2598,3155,1281.41,37337.7705,E,N,N
12/14/2017,17:00,10295,1343.88,2596.4099,1022.74,11333.0996,5542.5,2812.0601,1189.9301,36135.6197,E1,N,N
12/14/2017,17:00,10526.7998,1398.61,2719.3701,951.507,11626.9004,5803.0898,3096.6799,1135.72,37258.677,E2,N,N
12/14/2017,17:00,10101.2998,1434.24,2339.8701,968.207,11781,5479.3701,2970.8,1312.48,36387.267,E3,N,N
12/14/2017,18:00,10902.3359,1523.2853,2561.2095,997.0333,12615.8721,6137.0527,3048.177,1291.5254,39076.4912,A3,N,N
12/14/2017,18:00,10784.7197,1392.8109,2519.717,1030.5602,12195.4453,6090.0273,2953.4297,1286.4918,38253.2019,A6,Y,N
12/14/2017,18:00,11125.2002,1634.86,2478.03,1063.95,12796.9004,6066.6099,3240.26,1380.59,39786.4005,E,N,N
12/14/2017,18:00,10829,1450.4,2515.95,1064.54,12232.7002,5925.6802,2942.1899,1245.0601,38205.5204,E1,N,N
12/14/2017,18:00,11019.2998,1552.72,2602.79,994.602,12014.7002,6026.1099,3111.0901,1299.85,38621.162,E2,N,N
12/14/2017,18:00,10743.7002,1514.45,2323.05,1010.75,12633.9004,5931.9399,3050.5901,1413.1899,38621.5705,E3,N,N
12/14/2017,19:00,11307.8643,1638.5693,2626.7834,1066.7751,13692.748,6569.918,3235.6096,1412.1887,41550.4564,A3,N,N
12/14/2017,19:00,11136.7559,1523.6788,2578.1936,1095.103,13382.502,6578.7349,3170.1553,1420.3805,40885.504,A6,Y,N
12/14/2017,19:00,11148.0996,1740.3,2509.79,1135.45,13510.5996,6587,3448.3101,1496.22,41575.7693,E,N,N
12/14/2017,19:00,11228.5996,1507.53,2663.3101,1126.45,13137.7998,6422.96,3137.5801,1305.11,40529.3396,E1,N,N
12/14/2017,19:00,11342,1647.4,2734.01,1056.79,12567.5,6605.8301,3243.6899,1314.66,40511.88,E2,N,N
12/14/2017,19:00,10999,1602.34,2468.3799,1075.99,13554.7002,6414.98,3426.3501,1491.42,41033.1602,E3,N,N
12/14/2017,20:00,11291.1191,1682.5557,2630.7153,1090.71,14098.1455,6544.9629,3254.2056,1469.1415,42061.5556,A3,N,N
12/14/2017,20:00,11157.9639,1535.2042,2575.8027,1117.011,13840.5898,6657.6919,3209.0281,1503.5887,41596.8803,A6,Y,N
12/14/2017,20:00,11093.5996,1734.11,2530.1899,1152.78,13440.2998,6727.6001,3444.8601,1546.4399,41669.8794,E,N,N
12/14/2017,20:00,10912.5,1494.7,2714.99,1123.05,13184.7998,6513.1201,3139.01,1314.23,40396.3999,E1,N,N
12/14/2017,20:00,10941.5,1715.35,2818.9099,1117.1899,13370.7998,6651.7798,3236.3101,1357.22,41209.0595,E2,N,N
12/14/2017,20:00,10990,1602.33,2509.6399,1119.6801,13677.7002,6556.8799,3209.01,1506.13,41171.3701,E3,N,N
12/14/2017,21:00,11193.7021,1711.9635,2614.3467,1099.814,14126.0303,6449.4116,3238.0876,1505.2981,41938.6539,A3,N,N
12/14/2017,21:00,11110.6807,1564.868,2553.0076,1121.2212,13751.4043,6736.6885,3210.0454,1565.6149,41613.5306,A6,Y,N
12/14/2017,21:00,10935.9004,1732.64,2522.1799,1138.64,13799.5,6736.1201,3378.01,1582.36,41825.3504,E,N,N
12/14/2017,21:00,10914,1467.9301,3043.26,1111.79,13176.9004,6581.2998,3116.5,1245.8101,40657.4904,E1,N,N
12/14/2017,21:00,10721.7002,1709.75,2769.8999,1061.09,12874.7002,6556.4102,3232.9299,1385.89,40312.3704,E2,N,N
12/14/2017,21:00,10714.5,1622.54,2395.1799,1122.41,14125.9004,6536.1899,3287.05,1629.23,41433.0002,E3,N,N
12/14/2017,22:00,10920.7246,1698.3621,2588.3154,1078.0322,13757.4727,6234.8013,3152.2834,1501.0549,40931.0466,A3,N,N
12/14/2017,22:00,10849.2568,1544.1614,2518.3066,1094.9396,13158.4746,6000.6621,3145.3765,1572.748,39883.9256,A6,Y,N
12/14/2017,22:00,10641.0996,1675.35,2493.03,1093,13341,6526.8501,3240.8701,1575,40586.1998,E,N,N
12/14/2017,22:00,10754.7998,1482.4,2540.22,1106.38,12855.4004,6292.79,3015.05,1388,39435.0402,E1,N,N
12/14/2017,22:00,10637.2002,1663.87,2776.74,1103.48,12953.5,6421.52,3236.6201,1357.98,40150.9103,E2,N,N
12/14/2017,22:00,10398.0996,1598.33,2430.1799,1037.0699,13664.5996,6369.9399,3119.1299,1568.63,40185.9788,E3,N,N
12/14/2017,23:00,10401.292,1624.1758,2539.6384,1025.8894,12966.7822,5842.3657,2971.2478,1450.9702,38822.3615,A3,N,N
12/14/2017,23:00,10326.6934,1462.877,2453.5183,1042.0374,12464.4609,5727.6978,2972.2275,1532.1666,37981.6789,A6,Y,N
12/14/2017,23:00,10239.2002,1567.13,2460.9399,1044.1801,12656.5996,6177.3101,3071.05,1525.92,38742.3299,E,N,N
12/14/2017,23:00,10049.2002,1364.8,2521.1499,1049.25,12210.2002,6155.3101,2884.1599,1245.33,37479.4003,E1,N,N
12/14/2017,23:00,10175.7002,1578.51,2664.1001,1024.36,12043.5,5978.6899,3019.3999,1369.86,37854.1201,E2,N,N
12/14/2017,23:00,9999.21,1542.16,2352.8999,999.938,12506.2002,6025.7402,3039.51,1605.22,38070.8783,E3,N,N
12/14/2017,24:00,9823.2529,1535.6306,2500.7393,974.2382,12027.5967,5452.2925,2769.7605,1400.5676,36484.0783,A3,N,N
12/14/2017,24:00,9526.6748,1412.9911,2418.1624,985.962,11681.5127,5514.6924,2751.7292,1477.8099,35769.5345,A6,Y,N
12/14/2017,24:00,9797.4102,1458.84,2454.25,980.612,11988.0996,5803.77,2814.74,1471.71,36769.4318,E,N,N
12/14/2017,24:00,9708.4902,1358.66,2710.6899,1009.14,11564.0996,5724.4902,2705.8101,1198.14,35979.52,E1,N,N
12/14/2017,24:00,9779.4297,1498.13,2612.03,965.509,11333,5612.02,2717.6899,1334.46,35852.2686,E2,N,N
12/14/2017,24:00,9641.9297,1452.08,2331.4399,984.476,11538.5,5744.4102,2798.8501,1509.12,36000.8059,E3,N,N
12/15/2017,1:00,9497.4795,1484.7623,2551.0403,948.4075,11492.96,5197.0015,2679.8489,1309.2692,35160.7692,A3,N,N
12/15/2017,1:00,9217.9873,1372.2722,2512.811,939.5029,11355.6924,5433.8789,2584.3552,1317.8934,34734.3933,A6,Y,N
12/15/2017,1:00,9421.8896,1391.26,2474.73,911.618,11337,5423.1899,2522.3701,1424.33,34906.3876,E,N,N
12/15/2017,1:00,9314.2402,1343.01,2642.9299,988.659,11192.0996,5467.2202,2590.55,1180.23,34718.9389,E1,N,N
12/15/2017,1:00,9306.5195,1433.8199,2550.28,902.714,10789,5332.25,2441.3999,1361.51,34117.4933,E2,N,N
12/15/2017,1:00,9322.4697,1382.78,2336.55,923.506,10523.4004,5459.2002,2596.7,1495.01,34039.6163,E3,N,N
12/15/2017,2:00,9337.1025,1452.4723,2526.3823,946.7786,11299.5586,5107.501,2601.7051,1304.6514,34576.1518,A3,N,N
12/15/2017,2:00,9098.3037,1353.6918,2405.8679,922.862,11059.5293,5437.5098,2478.4153,1326.4286,34082.6084,A6,Y,N
12/15/2017,2:00,8998.46,1364.21,2470.97,924.351,11070.2998,5314.9302,2440.95,1428.0699,34012.2409,E,N,N
12/15/2017,2:00,8757.5303,1285.17,2280.0901,967.856,11053.2002,5426.0801,2583.1201,1171.79,33524.8368,E1,N,N
12/15/2017,2:00,8936.5195,1390.34,2422.29,880.798,10410.5996,5220.8999,2362.96,1395.9,33020.307,E2,N,N
12/15/2017,2:00,8916.4805,1337.8,2347.3501,889.26,10039.7002,5168.6401,2473.6201,1453.4399,32626.2909,E3,N,N
12/15/2017,3:00,9315.9385,1477.0615,2507.1575,950.5137,11320.959,5077.0518,2562.4172,1336.2029,34547.3021,A3,N,N
12/15/2017,3:00,9131.2666,1397.2269,2405.1472,905.0807,11057.4053,5454.1743,2428.2222,1351.2405,34129.7637,A6,Y,N
12/15/2017,3:00,9071.2803,1358.58,2468.3701,949.951,11158.2002,5304.1001,2398.23,1464.26,34172.9717,E,N,N
12/15/2017,3:00,8848.6396,1326.24,2365.04,996.416,10938.5,5333.54,2524.04,1179.38,33511.7956,E1,N,N
12/15/2017,3:00,9017.25,1393.91,2485.04,939.594,10369.5996,5069.6201,2314.8301,1431.89,33021.7338,E2,N,N
12/15/2017,3:00,8988.6797,1422.85,2369.3101,939.066,9566.1104,5351.0498,2321.54,1506.5601,32465.1661,E3,N,N
12/15/2017,4:00,9443.8643,1508.5034,2507.9548,955.252,11580.4316,5143.6484,2581.8708,1365.9102,35087.4355,A3,N,N
12/15/2017,4:00,9355.8447,1428.3862,2428.0632,898.6866,11422.4902,5603.9751,2465.4849,1376.4283,34979.3592,A6,Y,N
12/15/2017,4:00,9164.8701,1379.52,2474.5801,955.795,11193.7998,5339.6499,2396.98,1470.75,34375.9449,E,N,N
12/15/2017,4:00,8972.4404,1388.76,2434.8401,999.17,11242.7998,5266.6201,2526.02,1154.4301,33985.0805,E1,N,N
12/15/2017,4:00,9285.8604,1462.21,2625.45,944.03,10599.5,5250.8999,2454.9199,1401.1899,34024.0601,E2,N,N
12/15/2017,4:00,9167.5596,1381.85,2406.0601,955.083,9691.5303,5468.2402,2384.51,1537.67,32992.5032,E3,N,N
12/15/2017,5:00,9862.415,1581.0487,2524.011,978.5423,12005.7266,5353.2314,2642.7349,1394.4626,36342.1725,A3,N,N
12/15/2017,5:00,9682.9238,1486.5273,2455.019,916.1691,11702.8281,5808.0464,2573.9773,1412.1356,36037.6266,A6,Y,N
12/15/2017,5:00,9433.0195,1436.78,2482.8899,973.053,11527.7998,5516.6699,2469.1001,1497.27,35336.5822,E,N,N
12/15/2017,5:00,9276.1396,1410.1899,2741.03,1043.96,11519.2998,5678.5,2608.8201,1185.14,35463.0794,E1,N,N
12/15/2017,5:00,9472.2598,1474.76,2467.23,947.464,11186.5,5419.3701,2427.1499,1511.77,34906.5038,E2,N,N
12/15/2017,5:00,9424.5,1424.61,2431.2,1012.92,10460.2002,5582.6001,2469.9099,1625.28,34431.2202,E3,N,N
12/15/2017,6:00,10623.6797,1719.2125,2540.0513,1040.4148,13254.8652,5809.938,2831.6804,1490.873,39310.7149,A3,N,N
12/15/2017,6:00,10469.6924,1583.8905,2491.0671,996.7322,12852.4961,6371.7168,2817,1508.7192,39091.3143,A6,Y,N
12/15/2017,6:00,10083,1569.08,2488.1499,1059.0699,12744.5,6031.8398,2662.9299,1578.41,38216.9795,E,N,N
12/15/2017,6:00,10164.5,1466.4399,2498.97,1122.73,12723.0996,6178.0098,2752.54,1235.04,38141.3293,E1,N,N
12/15/2017,6:00,10272.0996,1608.1801,2504.8701,1019.34,12095.5,5969.3901,2681.27,1619.59,37770.2399,E2,N,N
12/15/2017,6:00,10109.7998,1557.5699,2470.25,1077.8,11693.2002,6107.0298,2663.45,1644.78,37323.8797,E3,N,N
12/15/2017,7:00,11577.2793,1907.8292,2588.5103,1139.6923,14800.0283,6535.9326,3204.4165,1635.671,43389.3595,A3,N,N
12/15/2017,7:00,11394.0371,1767.4208,2557.2102,1129.1415,14556.333,6993.9878,3276.0757,1660.2661,43334.4722,A6,Y,N
12/15/2017,7:00,11053.7998,1797.47,2503.6599,1176.03,14423.5996,6839.2998,3080.5801,1697.33,42571.7692,E,N,N
12/15/2017,7:00,10894,1655.86,2529.1599,1197.8199,13806.5996,6818.5098,3126,1325.6899,41353.6391,E1,N,N
12/15/2017,7:00,11226.7998,1832.5601,2712.75,1132.67,13783.0996,6829.5498,3029.99,1718.45,42265.8693,E2,N,N
12/15/2017,7:00,10954.0996,1717.11,2530.1399,1145.04,13648.7998,6892.8398,3180.5801,1792.46,41861.0692,E3,N,N
12/15/2017,8:00,12101.4375,2025.2939,2621.5916,1185.9734,15623.2451,6992.8887,3316.4868,1746.7458,45613.6628,A3,N,N
12/15/2017,8:00,12020.2725,1849.9318,2601.4124,1179.3041,15555.5391,7467.2402,3468.5796,1734.4098,45876.6895,A6,Y,N
12/15/2017,8:00,11215.9004,1857.67,2524.0701,1211.1,14930.5996,7143.71,3222.8201,1716.41,43822.2802,E,N,N
12/15/2017,8:00,11452.0996,1675.35,2692.6299,1207.8,14697.7002,6983.46,3211.71,1251.5601,43172.3098,E1,N,N
12/15/2017,8:00,11360,1893.55,2614.8799,1146.71,14427,6978.27,3133.1101,1841.74,43395.26,E2,N,N
12/15/2017,8:00,11048.0996,1792.95,2563.6101,1221.8199,14170.2002,7196.2598,3269.54,1782.6,43045.0796,E3,N,N
12/15/2017,9:00,12114.4258,1970.2573,2612.5225,1184.432,15317.5752,6876.4043,3220.6204,1663.4139,44959.6514,A3,N,N
12/15/2017,9:00,12114.8496,1761.4227,2595.9587,1164.8813,15161.3926,7323.4844,3383.5527,1626.0903,45131.6323,A6,Y,N
12/15/2017,9:00,11311.2998,1822.9301,2529.3201,1225.41,14306.9004,6965.6802,3153.1201,1634.72,42949.3807,E,N,N
12/15/2017,9:00,11347.5996,1698.04,2594.97,1177.67,14234.5996,6725.4199,3104.8701,1377.6899,42260.8591,E1,N,N
12/15/2017,9:00,11344.4004,1819.89,2600.3601,1136.75,13944.4004,6777.4702,3066.1101,1733.25,42422.6312,E2,N,N
12/15/2017,9:00,11055.5,1726.78,2535.6101,1184.39,14081.5996,6979.5601,3015.77,1703.92,42283.1298,E3,N,N
12/15/2017,10:00,11729.3965,1903.8829,2575.9622,1167.37,14811.084,6635.0781,3179.2695,1561.0311,43563.0743,A3,N,N
12/15/2017,10:00,11832.2773,1698.5021,2546.7903,1101.457,14778.8701,7174.5566,3327.6248,1478.8413,43938.9195,A6,Y,N
12/15/2017,10:00,11316.2002,1756.34,2508.54,1213.46,13977.9004,6703.23,3170.1499,1518.8199,42164.6404,E,N,N
12/15/2017,10:00,11388.7002,1581.74,2991.8,1211.99,13877.2998,6622.75,3089.78,1315.9399,42079.9999,E1,N,N
12/15/2017,10:00,11522,1759.72,2548.02,1121.14,13562.2998,6577.1001,3140.76,1588.51,41819.5499,E2,N,N
12/15/2017,10:00,11149.4004,1566.67,2505.72,1184.21,13316,6674.4399,3061.6699,1540.65,40998.7602,E3,N,N
12/15/2017,11:00,11402.293,1755.8839,2568.1995,1140.5132,14299.8164,6324.1855,3099.8677,1456.4388,42047.198,A3,N,N
12/15/2017,11:00,11373.7051,1582.5623,2538.6179,1103.7271,14124.1006,6776.9321,3195.9727,1349.4525,42045.0703,A6,Y,N
12/15/2017,11:00,11138.5996,1690.08,2505.46,1175.5699,13378.4004,6379.8501,3221.28,1422.9301,40912.1701,E,N,N
12/15/2017,11:00,11504.7998,1519.29,2667.48,1190.47,13320.4004,6352.4702,3138.8,1267.77,40961.4804,E1,N,N
12/15/2017,11:00,11051.5996,1623.83,2531.1499,1122.02,12972.9004,6309.5801,3069.8201,1475.5699,40156.47,E2,N,N
12/15/2017,11:00,10877.5,1598.58,2490.99,1145.59,13049,6279.3198,3083.1101,1460.92,39985.0099,E3,N,N
12/15/2017,12:00,11270.207,1658.4308,2569.5232,1108.2366,13405.1699,6071.9609,2991.3933,1370.8696,40445.7913,A3,N,N
12/15/2017,12:00,10841.7607,1483.3284,2521.3518,1166.3549,13023.4727,6192.7334,3026.916,1273.906,39529.8239,A6,Y,N
12/15/2017,12:00,11081.9004,1601.41,2509.8401,1136.48,12684.5996,6126.1699,3236.6799,1361.01,39738.0899,E,N,N
12/15/2017,12:00,11242.5,1484.62,2537.51,1156.71,12587.9004,6009.7402,3000.9199,1111.35,39131.2505,E1,N,N
12/15/2017,12:00,11028.2998,1551.66,2536.4099,1058.1,12369,6107.0298,2890.02,1448.76,38989.2795,E2,N,N
12/15/2017,12:00,10687.0996,1435.84,2457.4399,1107.7,12249.7998,5972.0298,3041.24,1372.22,38323.3691,E3,N,N
12/15/2017,13:00,11052.5488,1603.9541,2528.3208,1056.7939,12446.4385,5755.2861,2945.8323,1305.1627,38694.3372,A3,N,N
12/15/2017,13:00,10865.3203,1447.1785,2365.843,1102.1548,12609.1084,5822.437,2944.4185,1271.845,38428.3055,A6,Y,N
12/15/2017,13:00,10819.0996,1518.4,2488.1001,1076.22,12235.5996,5880.02,3250.03,1302.63,38570.0993,E,N,N
12/15/2017,13:00,10942.7998,1454.48,2534.1499,1103.11,12161.7998,5769.8999,2885.1399,1135.95,37987.3293,E1,N,N
12/15/2017,13:00,11210.5996,1511.4399,2480.1599,1016.59,12238.9004,5957.8198,3054.77,1348.22,38818.4996,E2,N,N
12/15/2017,13:00,10481.7998,1338.1,2449.9299,1073.99,12035.5996,5651.3398,2990.99,1300.5,37322.2491,E3,N,N
12/15/2017,14:00,10882.1523,1524.5542,2485.1628,1029.0464,11951.3936,5662.6626,2895.3245,1250.7844,37681.0808,A3,N,N
12/15/2017,14:00,10650.6289,1443.2212,2477.8831,1087.0341,11836.6387,5791.0205,2824.2847,1245.7417,37356.4529,A6,Y,N
12/15/2017,14:00,10693.9004,1457.83,2472.6299,1046.66,12024.5,5722.79,3285.6799,1260.54,37964.5302,E,N,N
12/15/2017,14:00,10932.9004,1464.65,2642.25,1065.22,11777.0996,5483.02,2865.46,1121.88,37352.48,E1,N,N
12/15/2017,14:00,10724.4004,1432.91,2426.24,1003.43,11541.2998,5740.4199,2819.1299,1353.9301,37041.7601,E2,N,N
12/15/2017,14:00,10408.7998,1431.08,2380.9299,1028.62,11943.9004,5669.9702,2913.3101,1264.59,37041.2004,E3,N,N
12/15/2017,15:00,10684.2744,1469.8124,2463.5879,991.0702,11287.998,5630.6294,2883.4641,1206.9581,36617.7945,A3,N,N
12/15/2017,15:00,10409.1768,1398.546,2450.4902,1051.3896,11314.624,5782.1772,2799.2048,1221.449,36427.0576,A6,Y,N
12/15/2017,15:00,10535.4004,1415.3101,2455,1017.94,11502.9004,5635.1899,3281.01,1222.96,37065.7108,E,N,N
12/15/2017,15:00,10390.7002,1392.52,2435.2,1078.8199,11375.5,5478.3999,2806.3899,1116.72,36074.2499,E1,N,N
12/15/2017,15:00,10574.5996,1372.8101,2414.03,983.677,11101.4004,5593.9102,2825.53,1286.38,36152.3373,E2,N,N
12/15/2017,15:00,10284.4004,1191.33,2405.96,1036.97,11347.5,5506.3799,2805.29,1262.52,35840.3503,E3,N,N
12/15/2017,16:00,10556.8008,1439.9263,2468.4617,962.6995,11115.3965,5634.2529,2878.1453,1183.6295,36239.3125,A3,N,N
12/15/2017,16:00,10237.1924,1372.7589,2425.3723,1020.2897,10995.9678,5717.2998,2773.6831,1215.4651,35758.0291,A6,Y,N
12/15/2017,16:00,10197.5,1395.13,2467.48,983.506,11320.5996,5598.3701,3299.6001,1215.22,36477.4058,E,N,N
12/15/2017,16:00,10166.2002,1386.49,2631.21,1048.59,11133.0996,5442.1499,2917.1399,1128.08,35852.9596,E1,N,N
12/15/2017,16:00,10206,1375.67,2456.96,979.652,10688.2998,5560.0298,2771.5901,1231.64,35269.8417,E2,N,N
12/15/2017,16:00,10160,1171.14,2409.3701,970.334,10757.0996,5402.0698,2785.25,1222.04,34877.3035,E3,N,N
12/15/2017,17:00,10636.1729,1469.9575,2480.9436,936.6075,11272.1055,5755.0957,2882.6814,1198.9902,36632.5543,A3,N,N
12/15/2017,17:00,10199.1104,1404.8096,2440.1274,977.6278,11002.3184,5751.7622,2771.2671,1213.8031,35760.826,A6,Y,N
12/15/2017,17:00,10420.2002,1427,2489.5,950.504,11551.5,5717.9502,3353.8,1241.0699,37151.5243,E,N,N
12/15/2017,17:00,10484.4004,1415.39,2591.28,1025.91,11479.2002,5624.6499,2980.26,1178.34,36779.4305,E1,N,N
12/15/2017,17:00,10574.5996,1425.66,2511.3799,940.741,10596.7998,5767.54,2925.6699,1193.37,35935.7602,E2,N,N
12/15/2017,17:00,9789.9004,1358.23,2367.75,978.293,11649.2998,5466.52,2717.8701,1271.49,35599.3533,E3,N,N
12/15/2017,18:00,11130.8242,1581.8069,2496.4434,969.3495,12087.4346,6142.8784,2976.3977,1267.7299,38652.8646,A3,N,N
12/15/2017,18:00,10648.8691,1538.6382,2462.9443,994.7206,11795.0732,6127.7476,2864.4846,1293.0444,37725.522,A6,Y,N
12/15/2017,18:00,10931.7002,1558.96,2484.75,994.451,12520.7002,6212.54,3514.8501,1330.6801,39548.6316,E,N,N
12/15/2017,18:00,11115.5,1517.91,2482.9299,1067.76,12361.2002,6094.0601,3024.27,1215.67,38879.3002,E1,N,N
12/15/2017,18:00,10702.2002,1527.1,2377.5601,979.165,11582.7002,6040.0498,3008.4299,1359.1801,37576.3853,E2,N,N
12/15/2017,18:00,10231.2002,1422.4399,2434.0901,996.617,12124.2002,5899.6401,2656.5801,1373.26,37138.0276,E3,N,N
12/15/2017,19:00,11316.1846,1664.156,2548.1951,1010.8918,12742.3486,6520.0981,3165.6826,1364.9307,40332.4875,A3,N,N
12/15/2017,19:00,11041.8379,1621.4476,2512.0764,1030.0133,12608.1113,6552.6865,3082.8335,1401.7834,39850.7899,A6,Y,N
12/15/2017,19:00,11269.5996,1663.77,2497.3301,1059.71,13311.4004,6696.29,3748.1899,1422.37,41668.66,E,N,N
12/15/2017,19:00,11467.4004,1576.98,2671.9099,1137.9301,13106.7998,6572.0698,3216.8,1279.83,41029.72,E1,N,N
12/15/2017,19:00,11566.5,1648.05,2604.48,1041.13,12704.2002,6463.0601,3264.0801,1427.85,40719.3504,E2,N,N
12/15/2017,19:00,10887.2002,1518.85,2605.6499,1081.6801,12594.4004,6232.4199,3157.76,1449.26,39527.2205,E3,N,N
12/15/2017,20:00,11259.0049,1686.8032,2555.0571,1016.9826,12838.207,6449.5371,3188.4148,1403.7747,40397.7814,A3,N,N
12/15/2017,20:00,10942.3936,1619.4548,2502.1047,1046.9109,12697.0303,6593.8491,3123.7141,1457.9702,39983.4277,A6,Y,N
12/15/2017,20:00,11222.0996,1661.26,2505.3999,1066.5,13051.5996,6761.6699,3772.7,1468.38,41509.609,E,N,N
12/15/2017,20:00,11298.7002,1570.75,2675.8301,1134.09,13150.7002,6722.6001,3214.52,1317.97,41085.1606,E1,N,N
12/15/2017,20:00,11117.5,1653.24,2623.24,1074.52,12661.7002,6454.8999,3214.1699,1525.99,40325.26,E2,N,N
12/15/2017,20:00,10909.7998,1526.8101,2604.3301,1092.5,12550.5996,6397.3301,3212.1201,1489.77,39783.2598,E3,N,N
12/15/2017,21:00,11182.0742,1702.5715,2556.4883,1020.08,12744.0967,6352.7754,3209.8567,1437.5725,40205.5153,A3,N,N
12/15/2017,21:00,10755.7061,1619.2926,2494.8518,1055.6041,12756.4609,6161.2817,3107.3174,1508.8585,39459.3731,A6,Y,N
12/15/2017,21:00,11050.2002,1662.83,2493.73,1058.87,13186.2998,6763.4902,3746.6399,1490.0699,41452.13,E,N,N
12/15/2017,21:00,11269.2002,1554.35,3008.21,1124.88,13265.2002,6619.3999,3185.6499,1250.8101,41277.7003,E1,N,N
12/15/2017,21:00,11058,1718.75,2661.9399,1052.6899,12936.7002,6627.27,3305.53,1546.39,40907.27,E2,N,N
12/15/2017,21:00,10606.5996,1578.73,2505.3101,1096.1899,12670.2002,6433.5898,3270.6599,1583.16,39744.4395,E3,N,N
12/15/2017,22:00,11079.3398,1669.1099,2560.1028,1010.4764,12806.4971,6282.4004,3191.4976,1450.1526,40049.5766,A3,N,N
12/15/2017,22:00,10819.8457,1618.1317,2480.4377,1042.5781,12627.2314,6133.1475,3049.5256,1535.7969,39306.6946,A6,Y,N
12/15/2017,22:00,10767,1629.83,2482.23,1037.89,12959.9004,6621.4702,3679.6399,1490.8199,40668.7804,E,N,N
12/15/2017,22:00,11133.4004,1567.89,2540.3101,1116.61,13053.2002,6479.4199,3274,1385.88,40550.7106,E1,N,N
12/15/2017,22:00,10800.7002,1662.0699,2620.55,1066.8101,12379.5,6276.27,3341.8,1539.02,39686.7202,E2,N,N
12/15/2017,22:00,10382.5,1567.4301,2494.51,1028.6801,12789,6337.98,3257.9099,1537.58,39395.5901,E3,N,N
12/15/2017,23:00,10707.0684,1605.6974,2552.3472,981.9951,12471.042,6162.1943,3117.7798,1407.5665,39005.6907,A3,N,N
12/15/2017,23:00,10586.7578,1578.9585,2442.9004,1016.8837,11798.3867,6263.0654,3010.665,1517.8816,38215.4991,A6,Y,N
12/15/2017,23:00,10548.2998,1579.99,2458.8301,1013.03,12748.5,6384.2002,3579.3799,1477.8,39790.03,E,N,N
12/15/2017,23:00,10714,1523.24,2554.3,1049.36,12368.7002,6327.02,3146.22,1276.6,38959.4402,E1,N,N
12/15/2017,23:00,10618.7002,1603.09,2576.02,1007.34,12005.4004,6046.8501,3350.8701,1527.78,38736.0508,E2,N,N
12/15/2017,23:00,10268.4004,1515.96,2512.02,979.909,12100.5996,6222.29,3192.8101,1539.4301,38331.4192,E3,N,N
12/15/2017,24:00,10331.0957,1572.1948,2527.5422,944.7043,11911.2861,5973.3237,3041.6042,1369.441,37671.192,A3,N,N
12/15/2017,24:00,10366.4814,1552.2998,2440.3313,986.4241,11380.9688,6135.415,2942.1357,1515.4199,37319.476,A6,Y,N
12/15/2017,24:00,10175.5,1510.45,2452.72,979.211,12293.5,6105.6602,3434.8401,1460.85,38412.7313,E,N,N
12/15/2017,24:00,10312.5996,1461.9301,2592.72,1004.5,11745.4004,5923.8501,3111.8999,1252.97,37405.8701,E1,N,N
12/15/2017,24:00,10323,1549.48,2568.02,950.844,11597,5827.3101,3175.23,1482.48,37473.3641,E2,N,N
12/15/2017,24:00,9948.1299,1456.46,2430.8999,979.024,11844,6036.0801,3015.4399,1500.49,37210.5238,E3,N,N
12/16/2017,1:00,10045.6729,1543.6401,2553.3679,910.0455,11320.2998,5633.6157,3002.6003,1284.0497,36293.2919,A3,N,N
12/16/2017,1:00,10188.4971,1491.2573,2530.4839,944.9614,11096.0459,5772.7437,2870.9729,1375.5112,36270.4734,A6,N,N
12/16/2017,1:00,9981.6504,1504.65,2552.8301,964.761,11812,5731.71,3206.8301,1282.45,37036.8816,E,N,N
12/16/2017,1:00,10195.4004,1509.28,2516.1299,970.119,11561.7002,5822.4502,3055.1399,1226.2,36856.4196,E1,N,N
12/16/2017,1:00,9938.5996,1518.85,2716.72,1035.24,11250.2002,5624.54,3027.8601,1312.27,36424.2799,E2,N,N
12/16/2017,1:00,9847.0303,1444.41,2471.3501,925.548,11551.5,5917.4702,2841.76,1358.4399,36357.5085,E3,Y,N
12/16/2017,2:00,9853.4863,1528.1359,2527.9946,914.8661,11113.0186,5505.1328,2956.3577,1273.4041,35672.3961,A3,N,N
12/16/2017,2:00,10048.3857,1481.0762,2433.1555,928.2364,10775.1328,5708.6445,2837.5618,1377.3353,35589.5282,A6,N,N
12/16/2017,2:00,9812.9404,1487.41,2534.3601,943.778,11640.5996,5627.5698,3152.5,1301.65,36500.8079,E,N,N
12/16/2017,2:00,9954.04,1436.58,2278.04,950.601,11399,5768.1699,3001.96,1154.98,35943.3709,E1,N,N
12/16/2017,2:00,9849.54,1514.6801,2815.3999,1027.9399,10946.2002,5430.3101,2854.6101,1282.73,35721.4103,E2,N,N
12/16/2017,2:00,9790.8701,1432.75,2420.3601,911.469,11480.7002,5690.2598,2583.53,1313.35,35623.2892,E3,Y,N
12/16/2017,3:00,9869.9717,1521.2313,2507.4824,910.2838,11058.5879,5414.3613,2928.9949,1304.8604,35515.7737,A3,N,N
12/16/2017,3:00,10075.8164,1485.6487,2420.7756,915.3209,10660.4844,5653.0645,2853.4202,1401.8735,35466.4042,A6,N,N
12/16/2017,3:00,9807.1104,1479.97,2513.1499,946.176,11731.2998,5614.6001,3127.6499,1362.88,36582.8361,E,N,N
12/16/2017,3:00,9918.3096,1435.85,2348.6699,935.092,11002.2002,5669.3999,2962.71,1261.6801,35533.9117,E1,N,N
12/16/2017,3:00,9873.6904,1460.58,2641.1201,1002.8,10800.0996,5425.3901,3101.3401,1400.04,35705.0603,E2,N,N
12/16/2017,3:00,9819.2002,1463.23,2414.8101,804.362,11491.7002,6013.75,2843.05,1372.91,36223.0125,E3,Y,N
12/16/2017,4:00,10024.5342,1541.4929,2505.8865,904.1307,11368.9971,5420.3291,2946.75,1318.6814,36030.8019,A3,N,N
12/16/2017,4:00,10314.6641,1485.3127,2431.189,893.1873,11034.1211,5701.167,2884.8567,1413.5741,36158.072,A6,N,N
12/16/2017,4:00,9790.8301,1487.6801,2511.5801,948.066,11628.2002,5616.7798,3093.5901,1390.8,36467.5264,E,N,N
12/16/2017,4:00,10003.5,1442.38,2391.48,922.713,11244.5,5492.1699,3001.52,1226.5699,35724.8328,E1,N,N
12/16/2017,4:00,9927.2803,1482.3199,2579.3301,1030.0699,10630.2998,5362.6299,2853.6101,1383.53,35249.07,E2,N,N
12/16/2017,4:00,9884.1699,1486.26,2383.3899,852.038,11669.2002,5878.29,2824.95,1354.6801,36332.9781,E3,Y,N
12/16/2017,5:00,10164.4902,1583.9191,2508.5107,913.3379,11539.8613,5604.6611,2993.1001,1310.4984,36618.3788,A3,N,N
12/16/2017,5:00,10593.6416,1514.2245,2438.981,892.3866,11213.6816,5925.6934,2937.9182,1407.4449,36923.9718,A6,N,N
12/16/2017,5:00,9932.0898,1513.1899,2520.79,950.204,11840.4004,5673.3398,3085.1001,1410.83,36925.944,E,N,N
12/16/2017,5:00,10148.5996,1491.65,2414.04,930.738,11528.5996,5782.7402,3016.8,1214.12,36527.2874,E1,N,N
12/16/2017,5:00,10174.9004,1519.0699,2737.48,994,11048.7998,5594.6099,2865.78,1371.63,36306.27,E2,N,N
12/16/2017,5:00,10015.4004,1472.23,2357.8701,918.471,11404.0996,6002.9199,2732.4299,1595.85,36499.2709,E3,Y,N
12/16/2017,6:00,10511.6953,1686.67,2505.4663,951.651,12079.9229,5856.7637,3088.0466,1369.8086,38050.0244,A3,N,N
12/16/2017,6:00,10955.2695,1607.0063,2441.2686,934.7166,11653.2803,6291.7358,3053.4346,1476.1202,38412.8319,A6,N,N
12/16/2017,6:00,10249.2998,1560.9,2511.95,958.508,12178.0996,5788.79,3095.5801,1449.12,37792.2475,E,N,N
12/16/2017,6:00,10397.4004,1493.61,2422.8101,954.988,11961.5996,6014.02,3101.3301,1175.64,37521.3982,E1,N,N
12/16/2017,6:00,10479.5996,1563.05,2695.52,1021.8,11599,5869.0098,3152.8999,1425.47,37806.3493,E2,N,N
12/16/2017,6:00,10249.0996,1574.45,2389.6101,894.415,11805.7998,6184.79,3268.6499,1490.27,37857.0844,E3,Y,N
12/16/2017,7:00,10670.4639,1718.5485,2511.2239,981.4802,12762.1455,6334.3145,3234.1238,1412.5461,39624.8464,A3,N,N
12/16/2017,7:00,11148.8535,1681.1846,2456.9319,999.5579,12408.8447,6755.5806,3259.3911,1561.6748,40272.0191,A6,N,N
12/16/2017,7:00,10617.0996,1646.72,2537.6899,973.959,12682.5,5979.1899,3114.3799,1521.27,39072.8083,E,N,N
12/16/2017,7:00,10860.9004,1582.46,2418.48,1016.32,12420.2002,6358.29,3065.5701,1156.46,38878.6807,E1,N,N
12/16/2017,7:00,10445.5,1650.71,2586.22,1109.79,11869.5,6071.4199,3035.25,1476.33,38244.7199,E2,N,N
12/16/2017,7:00,10608.5,1586.03,2360.96,947.225,12841.2002,6555.8101,3140.4199,1537.9,39578.0452,E3,Y,N
12/16/2017,8:00,10678.7246,1760.6285,2539.5813,993.4912,13098.7754,6546.707,3226.4888,1444.9172,40289.314,A3,N,N
12/16/2017,8:00,11143.959,1706.329,2505.2837,1022.2151,12811.583,6809.6904,3266.3845,1571.1931,40836.6378,A6,N,N
12/16/2017,8:00,10701.2002,1699.98,2582.5,1005.04,13229.5,6195.8301,3198.72,1608.23,40221.0003,E,N,N
12/16/2017,8:00,10449.2002,1574.14,2525.3899,1027.59,12631.5,6446.27,3087.0901,1276.4301,39017.6103,E1,N,N
12/16/2017,8:00,10712.5,1687.63,2691,1048.64,12178,6321.96,3324.27,1571.72,39535.72,E2,N,N
12/16/2017,8:00,10869.0996,1695.52,2466.99,996.618,13724.2998,6847.9502,3303.77,1654.46,41558.7076,E3,Y,N
12/16/2017,9:00,10681.541,1744.0879,2555.0208,1008.1763,12902.2422,6401.5479,3103.2148,1373.678,39769.5089,A3,N,N
12/16/2017,9:00,11022.9375,1655.7557,2505.5334,1032.0165,12339.2588,6604.8008,3109.9917,1460.7765,39731.0709,A6,N,N
12/16/2017,9:00,10924.2002,1727.26,2598.1001,1043.23,13399.7998,6253.6401,3270.8999,1601.42,40818.5501,E,N,N
12/16/2017,9:00,10833.5,1622.5699,2474.75,1028.16,12767.7002,6387.3101,3186.22,1279.9,39580.1102,E1,N,N
12/16/2017,9:00,10813.2998,1692.4301,2710.02,1095.1801,12411.2002,6336.5298,3199.6201,1548.28,39806.5601,E2,N,N
12/16/2017,9:00,10539.7998,1679.98,2430.6599,1049.71,13266.5996,6930.3599,3128.1101,1612.91,40638.1293,E3,Y,N
12/16/2017,10:00,10887.8682,1658.5115,2559.5378,1016.8898,12945.374,6423.2681,3078.6633,1303.0972,39873.2099,A3,N,N
12/16/2017,10:00,10971.4102,1579.4364,2472.5955,1017.9706,12454.9258,6898.4185,3070.3425,1332.5444,39797.6439,A6,N,N
12/16/2017,10:00,11088.5,1691.89,2574.8999,1052.99,13053.2998,6176.7998,3260.5701,1499.99,40398.9396,E,N,N
12/16/2017,10:00,10545.4004,1569.76,2883.5601,1086.21,12814.2998,6351.1602,3208.23,1279.34,39737.9605,E1,N,N
12/16/2017,10:00,10841.9004,1672.04,2678.78,1143.51,12553.2002,6388.77,3228.49,1450.54,39957.2306,E2,N,N
12/16/2017,10:00,10942.7002,1597.15,2518.96,1075.85,12762.5,6591.9702,3206.3101,1538.74,40234.1805,E3,Y,N
12/16/2017,11:00,10729.6484,1527.9667,2540.4714,1007.7972,12411.9971,6233.7363,3013.9438,1235.8313,38701.3922,A3,N,N
12/16/2017,11:00,10666.4775,1478.4548,2484.0635,1077.3057,11802.7178,6509.0103,2944.772,1215.2826,38178.0842,A6,N,N
12/16/2017,11:00,10668.5996,1636.87,2547.79,1041.17,12577.2998,5996.6802,3194.51,1399,39061.9196,E,N,N
12/16/2017,11:00,10910,1496.0699,2725.6101,1045.71,12715.5996,6276.1602,3079.3501,1233.23,39481.7299,E1,N,N
12/16/2017,11:00,10755.7998,1575.6,2643.5601,1091.21,12291,6126.4702,3212.1899,1341.67,39037.5,E2,N,N
12/16/2017,11:00,10480,1535.77,2425.5,1027.52,12424.2002,6304.8999,3123.0601,1409.92,38730.8702,E3,Y,N
12/16/2017,12:00,10499.2764,1487.7338,2521.127,980.032,11853.2744,5993.7534,2878.158,1211.9324,37425.2874,A3,N,N
12/16/2017,12:00,10405.3545,1383.6768,2460.5632,1015.6414,11858.0996,5993.8926,2742.7717,1157.1082,37017.108,A6,N,N
12/16/2017,12:00,10381.2998,1562.55,2504.03,1052.22,12122.7002,5775.4199,3060.98,1317,37776.1999,E,N,N
12/16/2017,12:00,10734.0996,1446.64,2432.8601,1082.99,12231.5,5884.8501,2906.26,1206.3101,37925.5099,E1,N,N
12/16/2017,12:00,10388.2998,1500.08,2632.72,1143.0699,11733.2002,5899.1899,3043.4399,1342.39,37682.3897,E2,N,N
12/16/2017,12:00,10115.7998,1339.5699,2368.4099,985.828,11894.2998,6042.2202,2987.49,1302.05,37035.6676,E3,Y,N
12/16/2017,13:00,10221.207,1415.3662,2466.0461,951.7213,11177.9111,5719.7759,2781.3708,1171.6505,35905.0489,A3,N,N
12/16/2017,13:00,10326.0293,1341.2424,2410.1814,975.4937,11249.166,5546.498,2768.7671,1158.4341,35775.812,A6,N,N
12/16/2017,13:00,10092.5996,1490.04,2435.53,1031.91,11806.5,5567.1602,2952.97,1266.52,36643.2298,E,N,N
12/16/2017,13:00,10496.4004,1423.03,2402.6299,1011.77,11554.2998,5633.3999,2751.49,1205.25,36478.27,E1,N,N
12/16/2017,13:00,10394.5996,1384.55,2567.5,1174.7,11341.7002,5752.9902,2840.6699,1287.67,36744.3799,E2,N,N
12/16/2017,13:00,9807.5,1240.33,2373.1399,935.9,11340,5557.75,2802.0701,1251.01,35307.7,E3,Y,N
12/16/2017,14:00,9993.3457,1345.1748,2430.6858,926.0009,10679.9121,5492.1172,2729.072,1148.2345,34744.543,A3,N,N
12/16/2017,14:00,10039.5166,1308.4913,2381.637,956.2004,10679.9619,5596.3945,2711.3145,1139.8038,34813.32,A6,N,N
12/16/2017,14:00,9962.8096,1427.28,2417.4199,1021.04,11178.7998,5424.5898,2881.77,1210.61,35524.3191,E,N,N
12/16/2017,14:00,10357.2998,1409.02,2356.3701,931.651,11203.5,5347.3501,2588.98,1155.1899,35349.3609,E1,N,N
12/16/2017,14:00,10273.4004,1364.0699,2507.95,1058.95,10955.7998,5568.8501,2810.8101,1162.77,35702.6003,E2,N,N
12/16/2017,14:00,9730.7402,1248.86,2333.8701,931.13,10831.7998,5397.0698,2788.4199,1142.3101,34404.1999,E3,Y,N
12/16/2017,15:00,9741.1211,1298.5555,2403.406,900.9025,10294.625,5365.1558,2691.0625,1111.1372,33805.9656,A3,N,N
12/16/2017,15:00,9792.6035,1228.5319,2359.3479,925.283,10224.583,5417.8208,2675.2471,1122.639,33746.0562,A6,N,N
12/16/2017,15:00,9498.6602,1385.59,2391.1001,1002,10869,5276.3701,2822.3101,1186.67,34431.7005,E,N,N
12/16/2017,15:00,9776.6201,1349.28,2369.8701,952.232,10898.7998,5332.1699,2618.6799,1187.6801,34485.3319,E1,N,N
12/16/2017,15:00,10035.7002,1333.6801,2454.21,1070.46,10658.7998,5412.8799,2678.0901,1144.21,34788.0301,E2,N,N
12/16/2017,15:00,9292.4199,1184.41,2323.6001,969.601,10353.7998,5184.4399,2597.21,1230.6801,33136.1608,E3,Y,N
12/16/2017,16:00,9656.6074,1284.3989,2395.075,882.6437,10148.1484,5314.7158,2666.2334,1118.39,33466.2126,A3,N,N
12/16/2017,16:00,9635.3623,1226.0167,2346.6431,903.7959,9982.0029,5326.5347,2640.4829,1136.5266,33197.3651,A6,N,N
12/16/2017,16:00,9443.5498,1369.42,2376.8501,970.432,11003.2002,5246.4199,2807.6799,1185.66,34403.2119,E,N,N
12/16/2017,16:00,9726.3398,1384.5601,2523.29,933.576,10775.5,5257.6099,2658.73,1255.7,34515.3058,E1,N,N
12/16/2017,16:00,9885.6699,1321.59,2462.8799,1016.41,10595,5483.21,2590.1201,1241.36,34596.2399,E2,N,N
12/16/2017,16:00,9354.4102,1106.09,2204.5601,888.917,10212.2998,5113.54,2592.8301,1174.22,32646.8672,E3,Y,N
12/16/2017,17:00,9671.0371,1304.9572,2413.8518,843.9587,10294.2344,5390.8359,2652.9067,1155.1626,33726.9444,A3,N,N
12/16/2017,17:00,9572.4219,1255.0554,2370.8757,851.1964,10026.71,5406.9443,2638.3208,1169.076,33290.6005,A6,N,N
12/16/2017,17:00,9738.6797,1380.4301,2393.6899,898.513,10791.2998,5299.3599,2823.6799,1225.17,34550.8223,E,N,N
12/16/2017,17:00,9894.6396,1386.33,2480.9099,900.288,10883.7998,5373.5601,2663.3301,1241.87,34824.7275,E1,N,N
12/16/2017,17:00,10178.7998,1308.64,2614.8,949.704,10806.2002,5533.0698,2672.96,1243.3101,35307.4839,E2,N,N
12/16/2017,17:00,9356.0996,1111.25,2293.3301,855.702,10492.5996,5208.6802,2643.28,1239.53,33200.4715,E3,Y,N
12/16/2017,18:00,10226.9229,1423.5977,2457.4807,879.5284,11132.1885,5771.564,2756.6404,1229.6449,35877.5675,A3,N,N
12/16/2017,18:00,10085.6338,1405.3726,2417.0869,873.0657,10877.6885,5779.3447,2749.1633,1262.1403,35449.4958,A6,N,N
12/16/2017,18:00,10283.7002,1483.5601,2457.25,891.274,11685,5498.7002,2911.01,1274.03,36484.5245,E,N,N
12/16/2017,18:00,10323.5996,1493.85,2374.72,939.212,11524.4004,5678.4502,2864.3101,1273.6,36472.1423,E1,N,N
12/16/2017,18:00,10635.5,1493.26,2453.01,1007.42,11178.5996,5731.8101,2911.5,1249.08,36660.1797,E2,N,N
12/16/2017,18:00,9918.71,1194.73,2323.1001,867.722,11310.0996,5589.98,2759.1299,1290.77,35254.2416,E3,Y,N
12/16/2017,19:00,10676.1465,1521.2386,2519.0911,927.3032,11681.2178,6206.6919,3006.824,1316.7278,37855.2409,A3,N,N
12/16/2017,19:00,10613.4531,1469.5602,2476.2358,919.8032,11644.2373,6228.1836,3008.7249,1377.0396,37737.2377,A6,N,N
12/16/2017,19:00,10770.5,1529.83,2544.97,920.565,12233.7002,5657.2798,3007.1101,1345.26,38009.2151,E,N,N
12/16/2017,19:00,11155.9004,1558.61,2569.1201,988.284,12355,6273.5298,3064.3501,1399.67,39364.4644,E1,N,N
12/16/2017,19:00,11036.9004,1577.3,2736.0801,1102.79,11595.7002,6130.0498,3138.3601,1301.59,38618.7706,E2,N,N
12/16/2017,19:00,10468.5996,1348.0699,2463.72,884.624,11454.7002,5878.2402,2873.55,1378.76,36750.2639,E3,Y,N
12/16/2017,20:00,10614.6533,1526.5134,2509.8369,930.2148,11568.1475,6097.0488,3034.4514,1328.1913,37609.0574,A3,N,N
12/16/2017,20:00,10652.9941,1439.1049,2464.7505,928.7897,11574.1367,6210.813,3050.1799,1419.5226,37740.2914,A6,N,N
12/16/2017,20:00,10451.4004,1509.8101,2542.6499,936.787,12056.4004,5611.48,3009.3501,1373.17,37491.0479,E,N,N
12/16/2017,20:00,10715,1564,2548.04,987.508,12555.0996,6228.1401,3082.5801,1368.98,39049.3478,E1,N,N
12/16/2017,20:00,10910.9004,1560.03,2726.8401,1100.6801,11893.7002,6165.9302,3153.5701,1387.13,38898.7811,E2,N,N
12/16/2017,20:00,10142.4004,1281.84,2442.95,926.013,11478.2998,6011.8301,2904.5,1279.87,36467.7033,E3,Y,N
12/16/2017,21:00,10488.2783,1527.1436,2492.7256,920.7466,11382.374,5956.4927,3017.9028,1319.7535,37105.4171,A3,N,N
12/16/2017,21:00,10555.3945,1417.1003,2440.1299,922.6379,11465.7002,6182.7129,3032.1125,1439.8308,37455.619,A6,N,N
12/16/2017,21:00,10429.7002,1493.97,2534.0601,939.093,11961.2002,5560.0298,2993.24,1412.5,37323.7933,E,N,N
12/16/2017,21:00,10775.2998,1543.62,2909.02,994.836,12334.2998,6254.3999,3039.3601,1311.4399,39162.2755,E1,N,N
12/16/2017,21:00,10793.9004,1590.3101,2708.23,1091.1899,11696.2002,6110.4199,3273.46,1418.88,38682.5905,E2,N,N
12/16/2017,21:00,10178.4004,1371.75,2430.04,950.321,11172.4004,5944.2998,2844.97,1460.47,36352.6516,E3,Y,N
12/16/2017,22:00,10284.4932,1499.1283,2482.6199,902.444,11117.332,5780.2021,2969.5559,1299.0354,36334.8108,A3,N,N
12/16/2017,22:00,10286.2275,1392.3325,2415.5645,896.5975,11159.6182,5901.355,2977.5845,1437.3362,36466.6159,A6,N,N
12/16/2017,22:00,10217.0996,1462.45,2521.8101,928.511,11973.5,5449.96,2958.8201,1387.4301,36899.5809,E,N,N
12/16/2017,22:00,10665.5996,1464.65,2427.1699,936.859,11891,6104.8999,3026.5,1317.72,37834.3984,E1,N,N
12/16/2017,22:00,10409.5,1511.26,2692.98,1066.62,11297.2998,5984.6299,3160.6201,1386.4301,37509.3399,E2,N,N
12/16/2017,22:00,9959.04,1325.49,2394.1399,895.674,11453.7998,5909.21,2823.97,1356.49,36117.8137,E3,Y,N
12/16/2017,23:00,9915.5645,1429.9696,2475.0186,865.2449,10568.0225,5517.8701,2867.335,1238.6042,34877.6294,A3,N,N
12/16/2017,23:00,9926.9355,1313.9941,2371.8069,861.2284,10462.2539,5514.1909,2854.271,1404.6229,34709.3036,A6,N,N
12/16/2017,23:00,9862.9902,1418.99,2492.8101,900.055,11118.7998,5252.8701,2855.22,1327.86,35229.5952,E,N,N
12/16/2017,23:00,10031.4004,1408.38,2487.05,945.737,11386.0996,5875.3301,2909.21,1212.6,36255.8071,E1,N,N
12/16/2017,23:00,10102.4004,1408.77,2626.6499,970.266,11079.0996,5669.27,2983.0601,1298.02,36137.536,E2,N,N
12/16/2017,23:00,9595,1282.3,2388.24,907.857,10470.4004,5675.9199,2742.6899,1266.13,34328.5372,E3,Y,N
12/16/2017,24:00,9483.9834,1379.7156,2471.8381,825.8392,9949.8213,5224.2441,2754.9548,1190.8765,33281.273,A3,N,N
12/16/2017,24:00,9497.9102,1274.2395,2368.0713,833.7136,9831.6729,5136.0996,2698.5947,1371.4417,33011.7435,A6,N,N
12/16/2017,24:00,9417.7305,1354.8,2460.6001,864.495,10767.5,5032.75,2740.6001,1313.65,33952.1257,E,N,N
12/16/2017,24:00,9675.8096,1369.83,2574.6101,924.779,10641.2998,5501.9102,2782.8401,1153.77,34624.8488,E1,N,N
12/16/2017,24:00,9623.04,1361.62,2589.3899,902.75,10282.5,5271.3999,2841.2,1269.84,34141.7398,E2,N,N
12/16/2017,24:00,9191.0596,1195.45,2323.4299,851.952,10168.0996,5432.02,2619.48,1314.65,33096.1411,E3,Y,N
12/17/2017,1:00,9147.9111,1335.8497,2518.4551,801.6566,9583.4219,4977.4731,2708.1055,1122.8607,32195.7337,A3,N,N
12/17/2017,1:00,9130.1689,1225.7207,2550.4221,801.9019,9477.7285,4654.9097,2560.3589,1227.1724,31628.3831,A6,N,N
12/17/2017,1:00,8950.6396,1288.97,2515.8799,819.944,10279.5996,4949.6699,2674.8201,1175.6899,32655.213,E,N,N
12/17/2017,1:00,9186.0195,1288.42,2531.8201,904.608,10039.9004,5248.7402,2681.98,1088.9,32970.3882,E1,N,N
12/17/2017,1:00,8979.3301,1317.61,2624.28,882.593,9606.4697,4952.1299,2620.9099,1148.58,32131.9026,E2,N,N
12/17/2017,1:00,8752.2998,1135.97,2336.6599,801.478,9724.9004,5204.6299,2571.1001,1232.13,31759.1681,E3,Y,N
12/17/2017,2:00,8870.1348,1306.7849,2519.7197,792.6656,9499.9443,4783.9482,2615.4951,1113.1284,31501.821,A3,N,N
12/17/2017,2:00,8766.2783,1189.5055,2531.7383,814.0617,9194.7793,4473.937,2460.9109,1229.2711,30660.4821,A6,N,N
12/17/2017,2:00,8636.0996,1247.41,2499.4199,771.651,10097,4743.6201,2593.3101,1155.35,31743.8607,E,N,N
12/17/2017,2:00,8624.3301,1177.95,2161.8401,869.468,9881.8398,5123.0601,2619.6799,1063.95,31522.118,E1,N,N
12/17/2017,2:00,8733.3701,1338.89,2610.3301,839.653,9222.8604,4805.04,2466.9199,1120.66,31137.7235,E2,N,N
12/17/2017,2:00,8450.71,1131.6899,2307.8701,749.302,9509.4199,4925.4302,2449.3799,1201.5,30725.302,E3,Y,N
12/17/2017,3:00,8750.5869,1268.9032,2524.6685,795.7869,9396.2207,4639.1611,2562.1157,1123.4874,31060.9304,A3,N,N
12/17/2017,3:00,8669.6572,1185.4601,2529.4973,816.0065,9058.0684,4356.9424,2406.7163,1221.5792,30243.9274,A6,N,N
12/17/2017,3:00,8521.5801,1213.39,2480.4199,748.762,9893.7695,4639.4502,2532.8301,1174.25,31204.4518,E,N,N
12/17/2017,3:00,8378.46,1206.6899,2315.1699,899.608,9611.8701,5004.2202,2527.8601,1033.05,30976.9282,E1,N,N
12/17/2017,3:00,8786.2695,1206.4301,2563.48,855.482,8958.3799,4638.2202,2560.8201,1126.45,30695.5318,E2,N,N
12/17/2017,3:00,8329.1299,1124.92,2273.6599,700.495,8979.6396,4913.1499,2544.97,1203.8,30069.7643,E3,Y,N
12/17/2017,4:00,8734.9932,1269.4309,2531.6135,796.4738,9425.9785,4570.3223,2554.2996,1137.7522,31020.864,A3,N,N
12/17/2017,4:00,8668.7402,1188.9263,2547.52,814.6339,9226.9561,4362.2656,2396.0942,1217.0417,30422.178,A6,N,N
12/17/2017,4:00,8411.7402,1197.86,2486.2,741.966,9468.0801,4573.4702,2486.3101,1193.61,30559.2366,E,N,N
12/17/2017,4:00,8384.2002,1145.58,2396.1201,900.621,9372.2598,4825.73,2471.79,944.47,30440.7711,E1,N,N
12/17/2017,4:00,8842.7305,1204.29,2637.8501,901.925,9015.6797,4574.3999,2402.3201,1192.12,30771.3153,E2,N,N
12/17/2017,4:00,8263.9404,1111.3101,2280.4099,767.228,8718.5303,4871.8198,2500.5701,1199.83,29713.6386,E3,Y,N
12/17/2017,5:00,8734.0879,1287.8896,2540.0588,808.1071,9519.4004,4613.3125,2560.7129,1148.6072,31212.1764,A3,N,N
12/17/2017,5:00,8660.418,1213.4413,2497.4724,816.5175,9240,4465.417,2410.6667,1219.8038,30523.7367,A6,N,N
12/17/2017,5:00,8425.1699,1213.34,2491.4099,732.399,9788.0195,4588.6099,2455.6499,1218.05,30912.6481,E,N,N
12/17/2017,5:00,8318.4004,1261.09,2697.9299,910.531,9672.8896,4905.9102,2456.6699,987.204,31210.625,E1,N,N
12/17/2017,5:00,8824.3398,1237.04,2585.1899,830.537,9097.21,4632.6899,2316.46,1148.35,30671.8166,E2,N,N
12/17/2017,5:00,8243.1602,1065.53,2231.1001,776.696,8890.9404,4917.8301,2440.22,1368.46,29933.9368,E3,Y,N
12/17/2017,6:00,8891.4258,1322.6644,2532.738,837.2946,9874.1123,4730.9438,2636.1106,1196.432,32021.7215,A3,N,N
12/17/2017,6:00,8836.8496,1261.2684,2410.3938,842.1159,9495.2656,4685.3628,2494.6787,1271.5504,31297.4852,A6,N,N
12/17/2017,6:00,8475.2402,1234.96,2477.53,735.11,10125.5,4705.3198,2432.78,1283.7,31470.14,E,N,N
12/17/2017,6:00,8454.2803,1189.9,2366.21,920.435,9958.5098,4963.5801,2368.4299,1016.92,31238.2651,E1,N,N
12/17/2017,6:00,8688.5703,1273.49,2565.9399,884.982,9314.3896,4683.8901,2438.8101,1167.87,31017.942,E2,N,N
12/17/2017,6:00,8406.4502,1112.28,2290.0701,809.64,9236.4697,5017.5698,2471.51,1253.16,30597.1498,E3,Y,N
12/17/2017,7:00,9078.2285,1331.3398,2542.3813,878.6202,10249.9707,4998.7026,2695.8945,1245.9711,33021.1087,A3,N,N
12/17/2017,7:00,9033.418,1313.458,2438.2913,909.678,9940.2354,4857.1978,2642.0217,1335.594,32469.8942,A6,N,N
12/17/2017,7:00,8698.7998,1283.3199,2497.6599,759.474,10473.7998,4937.0601,2413.46,1365.4301,32429.0036,E,N,N
12/17/2017,7:00,8656.29,1308.4399,2424.1001,966.036,10414.2998,5141.0298,2524.1101,1007.55,32441.8557,E1,N,N
12/17/2017,7:00,8817.6104,1363.89,2652.48,956.759,9774.4502,4901.6299,2537.0801,1250.01,32253.9096,E2,N,N
12/17/2017,7:00,8751.4102,1141.8,2305.1201,836.383,9912.8203,5165.8198,2558.6299,1298.0601,31970.0434,E3,Y,N
12/17/2017,8:00,9118.2939,1410.3574,2570.3164,894.4511,10665.4033,5260.998,2701.3325,1282.1827,33903.3353,A3,N,N
12/17/2017,8:00,9088.3516,1342.1136,2487.3062,931.7618,10153.0518,5273.5215,2654.1707,1360.3893,33290.6665,A6,N,N
12/17/2017,8:00,8770.6797,1351.91,2532.0601,802.43,10757.2002,5179.4199,2449.8101,1463.28,33306.79,E,N,N
12/17/2017,8:00,8890.5195,1323.9,2526.27,981.059,10816.9004,5358.29,2489.8799,984.798,33371.6168,E1,N,N
12/17/2017,8:00,9304.6699,1450.77,2576.24,925.695,9949.7803,5093.9102,2703.75,1356.66,33361.4754,E2,N,N
12/17/2017,8:00,8765.0596,1261.33,2394.1599,842.062,10487.7002,5434.0498,2553.9199,1410.71,33148.9914,E3,Y,N
12/17/2017,9:00,9306.0693,1400.0914,2577.8945,915.8088,10418.1807,5249.5757,2633.7451,1249.5076,33750.8731,A3,N,N
12/17/2017,9:00,9151.1113,1300.3334,2483.2559,948.0124,9941.2686,4941.2617,2539.1294,1264.6781,32569.0508,A6,N,N
12/17/2017,9:00,8927.9902,1441.8101,2548.9099,885.553,11039,5378.27,2540.9299,1472.64,34235.1031,E,N,N
12/17/2017,9:00,9149.2305,1299.86,2445.21,1048.51,11148.2002,5443.0498,2574.29,1110.6,34218.9505,E1,N,N
12/17/2017,9:00,8871.2402,1471.5601,2590.54,1011.77,10394.0996,5259.98,2389.3799,1291.04,33279.6098,E2,N,N
12/17/2017,9:00,8764.9697,1353.53,2378.76,951.263,10559.4004,5549.29,2653.9299,1443.4,33654.543,E3,Y,N
12/17/2017,10:00,9709.4629,1362.4226,2559.686,944.5522,10894.6797,5512.2627,2702.8784,1196.7366,34882.6811,A3,N,N
12/17/2017,10:00,9610.9023,1248.1244,2447.5911,934.879,10658.8584,5353.3892,2592.4924,1139.5168,33985.7536,A6,N,N
12/17/2017,10:00,9521.6904,1441.59,2535.49,920.019,11146.2002,5478.2598,2606.5,1376.1899,35025.9393,E,N,N
12/17/2017,10:00,9414.1396,1297.1899,2919.8501,1113.09,11466.5,5653.1802,2744.28,1124.4399,35732.6697,E1,N,N
12/17/2017,10:00,9368.7998,1501.1899,2571.03,1059.3199,10828,5403.2002,2594.74,1217.8199,34544.0997,E2,N,N
12/17/2017,10:00,9448.1104,1259.1,2410.0701,999.992,10698.0996,5620.0298,2817.53,1413.1801,34666.112,E3,Y,N
12/17/2017,11:00,9849.3984,1303.6138,2529.6306,954.0729,11154.3525,5561.0381,2733.3306,1202.1321,35287.569,A3,N,N
12/17/2017,11:00,9976.3154,1156.3989,2446.1831,947.6093,11100.5771,5530.8271,2641.6982,1081.921,34881.5301,A6,N,N
12/17/2017,11:00,9451.5303,1403.78,2518.3601,917.667,11043.7998,5450.7798,2626.75,1257.88,34670.547,E,N,N
12/17/2017,11:00,9628.3799,1320.14,2896.0601,1141.04,11534,5798.6699,2797.6001,980.141,36096.031,E1,N,N
12/17/2017,11:00,9636.8799,1416.08,2552.1699,986.251,10900.0996,5432.3701,2762.27,1113.01,34799.1305,E2,N,N
12/17/2017,11:00,9355.5996,1242.29,2367.0601,974.546,10756.5996,5634.5298,2831.75,1305.09,34467.4651,E3,Y,N
12/17/2017,12:00,9894.084,1282.5972,2500.2556,976.694,11146.3955,5510.3354,2717.5784,1205.1726,35233.1127,A3,N,N
12/17/2017,12:00,10234.8945,1117.5024,2429.9575,958.5006,11188.5361,5597.6782,2683.8101,1095.9581,35306.8375,A6,N,N
12/17/2017,12:00,9517.2695,1378.2,2488.8,946.916,10938.5,5405.5801,2618.8701,1159.74,34453.8757,E,N,N
12/17/2017,12:00,9732.3301,1287.21,2462.9099,1105.86,10998.5,5568.7998,2809.1299,896.665,34861.4047,E1,N,N
12/17/2017,12:00,9802.7197,1381.3,2575.51,1080.5,10830.2002,5342.5498,2779.3701,1147.2,34939.3498,E2,N,N
12/17/2017,12:00,9374.6396,1190.13,2347.3101,953.934,10863.4004,5513.8799,2817.29,1216.22,34276.804,E3,Y,N
12/17/2017,13:00,9972.625,1272.4384,2470.6624,951.623,10864.582,5427.4058,2729.3667,1203.2944,34891.9977,A3,N,N
12/17/2017,13:00,10247.8975,1098.6198,2396.4041,936.6606,10969.2979,5545.2896,2749.7332,1123.6384,35067.5411,A6,N,N
12/17/2017,13:00,9587.9297,1355.1899,2433.6299,949.041,10806.2002,5415.79,2630.78,1115.63,34294.1907,E,N,N
12/17/2017,13:00,9669.25,1322.47,2509.8401,1009,10557.2998,5494.48,2812.45,970.092,34344.8819,E1,N,N
12/17/2017,13:00,9879.3604,1369.47,2528.95,1141.16,10714.2002,5408.2798,2737.6799,1098.67,34877.7703,E2,N,N
12/17/2017,13:00,9396.1396,1136.6,2310.5,946.299,10691,5415.54,2959.8,1202.52,34058.3986,E3,Y,N
12/17/2017,14:00,9944.6045,1250.5708,2440.5862,928.6645,10543.915,5364.0146,2753.917,1183.6334,34409.906,A3,N,N
12/17/2017,14:00,10233.4619,1165.1073,2380.2634,938.3528,10606.4824,5400.3477,2731.4036,1129.1965,34584.6156,A6,N,N
12/17/2017,14:00,9696.9102,1329.36,2415.7,962.612,10360.2998,5444.5898,2678.52,1063.67,33951.6618,E,N,N
12/17/2017,14:00,9708.1797,1296.55,2617.6299,949.143,10405.0996,5489.46,2868.8301,837.989,34172.8813,E1,N,N
12/17/2017,14:00,9805.0703,1334.12,2455.6399,1040.84,10461.2998,5380.77,2713.72,1048.39,34239.85,E2,N,N
12/17/2017,14:00,9483.8799,1145.54,2272.1699,952.375,10306.5,5372.9902,2975.6001,1174.0699,33683.125,E3,Y,N
12/17/2017,15:00,9858.3281,1240.3282,2423.1443,890.7483,10320.2412,5326.0488,2796.4116,1163.1174,34018.3679,A3,N,N
12/17/2017,15:00,10119.6611,1156.5583,2372.8816,916.3848,10255.8262,5335.1616,2756.1155,1135.3544,34047.9435,A6,N,N
12/17/2017,15:00,9518.54,1329.1801,2397.7,966.109,10415.2998,5417.73,2717.02,1058.8199,33820.3988,E,N,N
12/17/2017,15:00,9618.4199,1271.1,2383.78,977.731,9970,5353.0801,2823.6699,909.043,33306.8239,E1,N,N
12/17/2017,15:00,9906.9697,1324.64,2429.29,1075.79,10267.7998,5366.3198,2717.75,1007.87,34096.4293,E2,N,N
12/17/2017,15:00,9271.8398,1126.74,2306.8899,949.187,10191.2002,5299.4399,2857.5701,1175.8,33178.6669,E3,Y,N
12/17/2017,16:00,9830.7881,1239.8921,2420.8525,859.5317,10270.2373,5327.6064,2777.0896,1160.4808,33886.4785,A3,N,N
12/17/2017,16:00,9988.1064,1158.6487,2370.6946,897.0334,10060.7383,5341.7031,2738.1689,1154.5609,33709.6543,A6,N,N
12/17/2017,16:00,9585.5801,1314.14,2389.53,939.25,10592.7998,5450.0898,2765.3301,1073.98,34110.6998,E,N,N
12/17/2017,16:00,9662.9697,1266.0699,2542.6399,959.832,9966.8496,5276.04,2826.8701,971.069,33472.3402,E1,N,N
12/17/2017,16:00,9647.1504,1313.41,2462.6001,1023.88,10221.9004,5340.8501,2764.74,1065.61,33840.141,E2,N,N
12/17/2017,16:00,9274.4102,1067.55,2279.45,911.602,10427.7998,5237.8198,2837.48,1143.84,33179.9518,E3,Y,N
12/17/2017,17:00,9858.0508,1282.3323,2448.843,823.3736,10444.0684,5441.8628,2759.7659,1195.8738,34254.1706,A3,N,N
12/17/2017,17:00,9972.71,1191.2629,2405.2913,856.8929,10121.377,5443.7124,2730.5613,1186.105,33907.9128,A6,N,N
12/17/2017,17:00,9603.6602,1328.3199,2415.3601,888.328,10555.5,5549.2598,2790.97,1131.33,34262.728,E,N,N
12/17/2017,17:00,9582.6797,1271.0601,2499.1699,929.309,10149.5,5344.8501,2791.47,971.612,33539.6508,E1,N,N
12/17/2017,17:00,9855.9697,1344.9,2529.6499,1007.2,10301.4004,5423.29,2725.6101,1031.55,34219.5701,E2,N,N
12/17/2017,17:00,9264.8604,1145.77,2303.3899,875.521,10577,5428.6699,2881.26,1263.12,33739.5912,E3,Y,N
12/17/2017,18:00,10335.0938,1419.7089,2499.5356,872.6503,11372.542,5875.1118,2872.3826,1278.1859,36525.2109,A3,N,N
12/17/2017,18:00,10436.9785,1297.7014,2462.0356,898.3301,11090.6592,5870.8047,2844.668,1284.0259,36185.2034,A6,N,N
12/17/2017,18:00,9822.9199,1437.13,2475.96,921.991,11506.9004,5820.5601,2823.9099,1229.67,36039.0413,E,N,N
12/17/2017,18:00,10180,1389.04,2421.3899,956.544,10880.5996,5607.1899,2772.71,1057.67,35265.1434,E1,N,N
12/17/2017,18:00,10255.7002,1505.71,2367.6201,1012.72,10895.0996,5653.9102,2800.74,1143.22,35634.7201,E2,N,N
12/17/2017,18:00,9652.3203,1276.54,2336.55,910.432,11422.5,5793.8398,3042.5,1309.5,35744.1821,E3,Y,N
12/17/2017,19:00,10693.459,1538.3723,2572.3408,977.8074,12161.3701,6377.5566,3101.9641,1386.1229,38808.9932,A3,N,N
12/17/2017,19:00,10924.292,1325.825,2531.8198,980.8641,12061.6084,6385.8525,3087.8477,1412.0463,38710.1558,A6,N,N
12/17/2017,19:00,10623.5996,1478.53,2553.6001,974.645,11892.7998,6125.3901,2860.77,1363.71,37873.0446,E,N,N
12/17/2017,19:00,10562.7002,1433.99,2576.25,1019.64,11688.5996,6114.3999,3057.45,1157.41,37610.4397,E1,N,N
12/17/2017,19:00,10822.7998,1575.72,2712.1599,1088.23,11190.2002,6007.4702,3016.45,1162.4301,37575.4602,E2,N,N
12/17/2017,19:00,10390.5,1346.02,2434.52,944.959,11947.5996,6211.3501,3118.1699,1335.73,37728.8486,E3,Y,N
12/17/2017,20:00,10651.1279,1558.0276,2571.7324,999.8065,12285.8066,6339.6338,3142.0447,1422.9093,38971.0888,A3,N,N
12/17/2017,20:00,10886.084,1309.4436,2527.6545,1000.4526,12220.293,6411.2749,3133.7617,1479.7512,38968.7155,A6,N,N
12/17/2017,20:00,10468.0996,1463.25,2548.8701,984.133,11834.0996,6065.9702,2846.96,1411.35,37622.7325,E,N,N
12/17/2017,20:00,10343.9004,1439.78,2591.46,973.282,11575.2998,6078.77,3045.6001,1120.27,37168.3623,E1,N,N
12/17/2017,20:00,10911.2998,1557.1,2728.27,1171.49,11820.9004,6048.6899,3074.8301,1200.55,38513.1302,E2,N,N
12/17/2017,20:00,10284.7998,1337.12,2486.1899,991.992,12051.5996,6326.6899,3170.8401,1257.41,37906.6413,E3,Y,N
12/17/2017,21:00,10554.75,1562.755,2550.4365,993.6548,12134.2158,6174.9063,3108.199,1438.4996,38517.417,A3,N,N
12/17/2017,21:00,10791.0234,1313.369,2503.2888,991.8152,12208.5518,6397.98,3125.5273,1525.5682,38857.1237,A6,N,N
12/17/2017,21:00,10478.0996,1447.27,2525.76,986.199,12130.2002,5908.3599,2813.6499,1449.34,37738.8786,E,N,N
12/17/2017,21:00,10342.4004,1419.12,2942.27,1028.42,11432.5996,6007.2202,2966.5601,1150.35,37288.9403,E1,N,N
12/17/2017,21:00,10503,1512.03,2695.8201,1163.41,11401.5996,5886.0801,3089.3899,1249.14,37500.4697,E2,N,N
12/17/2017,21:00,10335.5,1414.33,2409.6101,921.003,12351,6183.4902,3143.1001,1472.38,38230.4134,E3,Y,N
12/17/2017,22:00,10399.6797,1518.1941,2525.4968,969.9782,11803.5107,5978.3071,3044.3381,1444.5396,37684.0443,A3,N,N
12/17/2017,22:00,10502.3359,1295.6382,2475.4568,956.8347,11864.4932,6110.9268,3072.0017,1541.3921,37819.0794,A6,N,N
12/17/2017,22:00,10137.2002,1406.01,2506.4099,949.868,11609.5996,5659.2998,2754.9199,1434.79,36458.0974,E,N,N
12/17/2017,22:00,9889.7305,1337.53,2462.3701,981.81,11172,5945.8198,2873.8201,1148.13,35811.2105,E1,N,N
12/17/2017,22:00,10243.2998,1473.41,2667.3501,1135.11,11397.9004,5793.2798,2996.8999,1223.21,36930.46,E2,N,N
12/17/2017,22:00,10061.4004,1366.28,2369.71,930.392,12007.4004,6109.8101,3098.5901,1364.5699,37308.1529,E3,Y,N
12/17/2017,23:00,9954.4248,1428.08,2483.4456,921.877,11099.9395,5616.3042,2888.2368,1386.1428,35778.4507,A3,N,N
12/17/2017,23:00,10020.7646,1221.2737,2419.7241,906.3201,11103.3828,5625.1743,2912.3579,1501.576,35710.5735,A6,N,N
12/17/2017,23:00,9644.71,1340.89,2479.3101,912.367,10903.9004,5292,2622.3899,1373.38,34568.9474,E,N,N
12/17/2017,23:00,9792.1602,1329.5,2397.4399,964.257,10933.2002,5649.4199,2712.6399,924.721,34703.3381,E1,N,N
12/17/2017,23:00,9746.0996,1388.22,2615.29,1038.05,10722.5996,5508.04,2779.02,1185.14,34982.4592,E2,N,N
12/17/2017,23:00,9567.8203,1274.78,2386,958.147,11162.7002,5611.79,2952.6299,1222.6,35136.4674,E3,Y,N
12/17/2017,24:00,9468.0254,1368.9958,2447.7781,884.2944,10118.5967,5233.7744,2703.6721,1345.2117,33570.3486,A3,N,N
12/17/2017,24:00,9455.0313,1205.1151,2308.0376,859.6685,10260.0078,4979.9746,2697.9092,1460.1266,33225.8707,A6,N,N
12/17/2017,24:00,9010.1299,1279.54,2432.26,889.406,10270.7002,4877.3398,2463.46,1366.4399,32589.2758,E,N,N
12/17/2017,24:00,9279.8203,1344.02,2535.8301,937.204,10278.2998,5336.6401,2574.6699,1035.16,33321.6442,E1,N,N
12/17/2017,24:00,9223.6396,1345.4301,2593.23,966.05,10031.7998,5246.9702,2610.71,1189.89,33207.7197,E2,N,N
12/17/2017,24:00,9064.1699,1198.26,2293.76,875.842,10506.0996,5347.3101,2709.8701,1294.15,33289.4617,E3,Y,N
12/18/2017,1:00,9161.959,1358.6697,2503.9514,862.5782,9945.6484,4988.4883,2635.4998,1287.2924,32744.0872,A3,N,N
12/18/2017,1:00,9026.3389,1197.2316,2424.6443,822.0433,10093.2129,4864.1523,2538.1665,1314.5242,32280.314,A6,N,N
12/18/2017,1:00,8478.3301,1233.6,2428.1899,858.789,9731.54,4825.1602,2349.1299,1403.12,31307.8591,E,N,N
12/18/2017,1:00,8832.4199,1296.47,2480.46,918.986,9780.0596,5026.8501,2469.8799,1084.04,31889.1655,E1,N,N
12/18/2017,1:00,8614.2197,1277.52,2625.01,813.428,9590.8096,5033.6899,2328.6299,1242.28,31525.5871,E2,N,N
12/18/2017,1:00,8601.9805,1119.37,2254.26,849.942,9904.5596,5059.6001,2536.7,1347.46,31673.8722,E3,Y,N
12/18/2017,2:00,8960.1465,1339.3044,2481.582,870.9384,9661.2266,4855.811,2552.605,1288.1451,32009.759,A3,N,N
12/18/2017,2:00,8550.1162,1194.8298,2399.3057,836.1349,9663.6875,4847.3418,2439.1724,1324.9945,31255.5828,A6,N,N
12/18/2017,2:00,8138.8701,1203.0601,2419.0801,882.461,9633.0098,4656.4302,2219.71,1419.8199,30572.4412,E,N,N
12/18/2017,2:00,8446.5996,1316.73,2328.01,898.253,9656.1396,4985.0298,2465.99,1054.2,31150.952,E1,N,N
12/18/2017,2:00,8415.7305,1206.25,2717.8201,772.987,9522.7803,4794.9302,2202.3701,1218.04,30850.9082,E2,N,N
12/18/2017,2:00,8230.1797,1090.36,2256.6101,857.193,9668.0703,4785.9302,2423.4099,1317.76,30629.5132,E3,Y,N
12/18/2017,3:00,8952.4063,1325.6633,2473.1118,880.3856,9775.4111,4752.2061,2512.4961,1310.8531,31982.5334,A3,N,N
12/18/2017,3:00,8684.3457,1205.5184,2399.7935,843.7997,9399.2441,4868.833,2405.0334,1338.3003,31144.8681,A6,N,N
12/18/2017,3:00,8177.5601,1192.17,2414.3301,925.655,9639.6201,4620.6001,2141.8601,1455.24,30567.0355,E,N,N
12/18/2017,3:00,8388.9004,1284.6801,2299.9399,938.094,9670.2305,4893.9199,2349.3301,1119.86,30944.9549,E1,N,N
12/18/2017,3:00,8419.1504,1229.67,2549.9399,835.573,9238.2002,4697.9199,2110.9099,1217.24,30298.6033,E2,N,N
12/18/2017,3:00,8444.0801,1071,2264.5701,868.682,9451.21,4948.3301,2336.47,1479.4301,30863.7724,E3,Y,N
12/18/2017,4:00,9139.6738,1352.6558,2484.2244,890.0811,10195.0977,4819.7354,2562.8936,1324.0092,32768.371,A3,N,N
12/18/2017,4:00,8984.8857,1247.1313,2423.8879,845.4019,9739.5156,4999.8403,2412.9619,1356.0652,32009.6898,A6,N,N
12/18/2017,4:00,8298.6504,1215.29,2428.02,915.049,9649.8398,4648.6299,2128.5701,1461.95,30745.9992,E,N,N
12/18/2017,4:00,8516.4404,1353.16,2318.76,937.887,9804.8701,4802.1699,2344.3401,1101.6801,31179.3076,E1,N,N
12/18/2017,4:00,8371.0996,1246.49,2664.49,804.733,9215.0303,4664.9399,2142.6399,1256.41,30365.8327,E2,N,N
12/18/2017,4:00,8674.8701,1106.45,2271.8999,888.573,9181.5996,4933.3101,2347.4199,1446.5,30850.6226,E3,Y,N
12/18/2017,5:00,9414.7188,1408.3749,2500.4788,927.664,10707.7305,4999.8794,2644.8918,1341.1287,33944.8669,A3,N,N
12/18/2017,5:00,9273.1846,1317.2397,2444.5562,863.6971,10435.7227,5237.0869,2482.6384,1367.7914,33421.917,A6,N,N
12/18/2017,5:00,8511.25,1297.1801,2437.8999,923.05,10168.5,4815.96,2178.73,1483.8101,31816.3801,E,N,N
12/18/2017,5:00,8673.1504,1378.45,2334.23,969.823,10150.2998,5088.29,2387.8999,1081.78,32063.9231,E1,N,N
12/18/2017,5:00,9503.0303,1308.52,2702.3301,840.79,9743.4805,4967.3799,2357.4199,1293.48,32716.4307,E2,N,N
12/18/2017,5:00,8810.9502,1166.52,2289.8101,905.033,9782.8896,5032.9199,2392.1101,1581.95,31962.1829,E3,Y,N
12/18/2017,6:00,10206.1904,1526.7916,2520.0549,993.9243,11561.4922,5517.0181,2873.9231,1401.4796,36600.8742,A3,N,N
12/18/2017,6:00,10069.0957,1423.9785,2474.2905,921.7584,11245.8018,5992.5117,2726.937,1440.7644,36295.138,A6,N,N
12/18/2017,6:00,9247.4805,1428.37,2444.3401,976.655,11347.7002,5279.2998,2327.1899,1553.55,34604.5855,E,N,N
12/18/2017,6:00,9380.5195,1460.1,2394.6799,998.822,11068.0996,5635.0098,2519.74,1118.4301,34575.4009,E1,N,N
12/18/2017,6:00,9718.2598,1404.9301,2732.8701,886.691,10540.0996,5335.8198,2556.96,1383.53,34559.1604,E2,N,N
12/18/2017,6:00,9514.2002,1304.71,2374.8501,990.557,11123.0996,5556.8101,2654.4099,1559.99,35078.6269,E3,Y,N
12/18/2017,7:00,11272.3662,1664.8577,2580.3237,1082.8456,13055.2363,6152.916,3229.45,1501.803,40539.7985,A3,N,N
12/18/2017,7:00,11131.7227,1610.8969,2536.6545,1055.298,12763.0752,6398.4873,3152.9604,1558.3785,40207.4735,A6,N,N
12/18/2017,7:00,10038.2002,1606.99,2460.1001,1074.21,12354.9004,5897.4399,2578.6299,1599.92,37610.3905,E,N,N
12/18/2017,7:00,10166.2002,1603.5699,2435.2,1097.39,12404.2998,6166.98,2757.3401,1249.84,37880.82,E1,N,N
12/18/2017,7:00,10568.4004,1595.0699,2807.6101,994.279,12344.7002,6014.4302,2861.1899,1519.03,38704.7097,E2,N,N
12/18/2017,7:00,10502.7998,1517.1899,2383.1101,1042.21,12889.0996,6303.6699,3068.1399,1686.84,39393.0592,E3,Y,N
12/18/2017,8:00,11326.7334,1729.5924,2630.2012,1091.1249,13637.3506,6584.2559,3275.4336,1527.9214,41802.6134,A3,N,N
12/18/2017,8:00,11170.9824,1663.9984,2589.6467,1084.7532,13344.9277,6707.2061,3237.748,1573.5618,41372.8243,A6,N,N
12/18/2017,8:00,10187,1692.74,2494.49,1113.36,13290.2998,6285.8901,2714.3899,1614.1,39392.2698,E,N,N
12/18/2017,8:00,10613.0996,1644.5,2521.54,1099.13,12801.5,6348.3799,2781.99,1133.63,38943.7695,E1,N,N
12/18/2017,8:00,10747,1668.33,2788.74,1007.17,12781.0996,6434.04,2887.0801,1581.11,39894.5697,E2,N,N
12/18/2017,8:00,10541.4004,1541.42,2460.52,1114.45,13640.7002,6593.1299,3168.75,1589.39,40649.7605,E3,Y,N
12/18/2017,9:00,11251.7041,1672.1047,2620.9551,1071.7937,12890.6123,6353.6221,3057.0903,1440.1241,40358.0064,A3,N,N
12/18/2017,9:00,10981.2822,1613.1263,2560.2959,1068.4944,12390.4121,6381.4229,3010.9385,1444.5648,39450.5371,A6,N,N
12/18/2017,9:00,10275.5,1695.05,2511.1201,1113.0699,12872.7998,6359.6401,2748.4199,1553.17,39128.7698,E,N,N
12/18/2017,9:00,10471.0996,1664.67,2435.73,1079.1,12398.0996,6039.0098,2759.55,1217.33,38064.589,E1,N,N
12/18/2017,9:00,10746.2998,1674.98,2790.7,1001.04,12298.7002,6247.8101,2762.49,1449.29,38971.3101,E2,N,N
12/18/2017,9:00,10417.2002,1493.12,2432.53,1086.12,12771,6347.6299,2937.8701,1563.0699,39048.5401,E3,Y,N
12/18/2017,10:00,11274.8896,1627.3425,2610.8469,1064.403,12891.6924,6329.7266,3024.5364,1338.9598,40162.3972,A3,N,N
12/18/2017,10:00,10890.1514,1541.8651,2530.5413,1023.5958,12254.7285,6370.5908,2922.4451,1284.947,38818.865,A6,N,N
12/18/2017,10:00,10416.0996,1620.52,2495.21,1089.37,12532.2998,6239.7798,2784.3101,1451.51,38629.0993,E,N,N
12/18/2017,10:00,10589.4004,1660.62,2509.4199,1098.9399,12328.5996,6015.4399,2836.03,1209.75,38248.1997,E1,N,N
12/18/2017,10:00,10737.5996,1641.75,2746.3501,999.236,12150.7002,6114.1899,2850.97,1321.95,38562.7458,E2,N,N
12/18/2017,10:00,10563.4004,1377.11,2438.3101,1125.73,12431,6198.48,3000.3999,1329.4301,38463.8605,E3,Y,N
12/18/2017,11:00,11171.7471,1546.7794,2594.0879,1054.243,12512.2109,6170.8623,2968.5552,1275.6895,39294.1753,A3,N,N
12/18/2017,11:00,10934.0195,1444.7002,2530.8015,1040.3115,12555.6055,6172.0747,2844.644,1179.7081,38701.865,A6,N,N
12/18/2017,11:00,10408.4004,1535.08,2492.2,1035.63,12230,6028.6201,2813.52,1346.4301,37889.8806,E,N,N
12/18/2017,11:00,10557.7002,1852.99,2497.26,1072.11,11940.2002,5893.9199,2835.47,1097.6899,37747.3402,E1,N,N
12/18/2017,11:00,10613.5,1566.66,2758.4399,995.666,11919.5996,5929.5498,2836.48,1189.83,37809.7253,E2,N,N
12/18/2017,11:00,10441.2998,1451.1,2403.95,1053.03,12294.5,5973.71,2942.72,1285.11,37845.4198,E3,Y,N
12/18/2017,12:00,11073.0049,1500.0894,2568.0227,1033.8506,12112.1377,5963.877,2885.698,1231.6497,38368.33,A3,N,N
12/18/2017,12:00,10985.6748,1385.3295,2494.5649,1025.8646,12256.2393,5764.0039,2848.0361,1163.3218,37923.0349,A6,N,N
12/18/2017,12:00,10424,1475.9,2490.0801,996.141,11690.5996,5828.4199,2841.76,1249.67,36996.5706,E,N,N
12/18/2017,12:00,10524.5,1680.86,2428.0601,1068.5,11720.5,5691.1602,2872.3999,997.981,36983.9612,E1,N,N
12/18/2017,12:00,10607.7002,1496.4301,2657.53,913.626,11598,5807.9502,2788.51,1203.8199,37073.5664,E2,N,N
12/18/2017,12:00,10310.7002,1325.38,2373.3899,1051.96,11627.2998,5741.4302,2898.1299,1221.65,36549.94,E3,Y,N
12/18/2017,13:00,10894.832,1459.9064,2513.96,992.8868,11619.9873,5825.6079,2841.0208,1197.9281,37346.1293,A3,N,N
12/18/2017,13:00,10774.2773,1340.6064,2462.1438,997.0161,11765.1709,5974.6445,2859.2144,1149.5741,37322.6475,A6,N,N
12/18/2017,13:00,10261.7002,1424.9301,2468.8601,948.708,11626.7998,5671.4102,2860.9099,1187.51,36450.8283,E,N,N
12/18/2017,13:00,10322.9004,1494.75,2335.05,1004.72,10993.4004,5625.0498,2798.05,1043.01,35616.9306,E1,N,N
12/18/2017,13:00,10952.7998,1567.29,2644.8101,974.388,11437.2998,5748.6001,2882.3799,1096.59,37304.1577,E2,N,N
12/18/2017,13:00,10127.9004,1264.13,2332.8,1014.83,11605.9004,5533.73,2841.72,1152.6,35873.6108,E3,Y,N
12/18/2017,14:00,10731.8242,1413.9326,2483.8208,983.842,11289.667,5686.9067,2838.1914,1168.4337,36596.6184,A3,N,N
12/18/2017,14:00,10644.0332,1312.5358,2436.425,1002.7527,11371.3867,5715.8423,2811.8167,1138.1313,36432.9237,A6,N,N
12/18/2017,14:00,10366.4004,1410.76,2451.6699,943.147,11272.7002,5572.48,2910.1399,1153.6801,36080.9775,E,N,N
12/18/2017,14:00,10353.2002,1399.87,2328.1699,980.709,10881.7998,5652.0801,2857.1499,926.746,35379.7249,E1,N,N
12/18/2017,14:00,10719,1493.53,2608.8501,965.224,11274,5757.2598,2913.8,1073.04,36804.7039,E2,N,N
12/18/2017,14:00,10197.7998,1318.01,2254.8301,1003.66,11143.4004,5626.9702,2842.0601,1092.87,35479.6006,E3,Y,N
12/18/2017,15:00,10514.6826,1388.1733,2466.8813,961.3062,11100.6445,5616.9478,2833.9409,1137.4316,36020.0082,A3,N,N
12/18/2017,15:00,10476.793,1276.5109,2421.2485,977.8738,10986.2441,5583.8228,2799.1479,1129.8326,35651.4736,A6,N,N
12/18/2017,15:00,10253.5996,1374.73,2432.1599,915.605,11083.2002,5516.71,2925.8999,1135.12,35637.0246,E,N,N
12/18/2017,15:00,10195.9004,1421.2,2402.9199,985.901,10477.2998,5612.3101,2842.49,1016.39,34954.4112,E1,N,N
12/18/2017,15:00,10534.2002,1427.8,2590.74,975.17,11115.7998,5778.2998,2981.1599,1016.53,36419.6997,E2,N,N
12/18/2017,15:00,10112,1247.75,2333.3201,992.92,10827.0996,5462.3301,2826.6499,1158.2,34960.2697,E3,Y,N
12/18/2017,16:00,10428.8838,1381.3226,2474.3213,940.0499,10982.4307,5609.9082,2840.4031,1134.7885,35792.1081,A3,N,N
12/18/2017,16:00,10336.5195,1267.2813,2418.7317,957.093,10762.7227,5576.2056,2784.1062,1142.7195,35245.3795,A6,N,N
12/18/2017,16:00,9967.5596,1349.14,2447.47,883.589,11062.7002,5504.6699,2938.47,1133.4,35286.9987,E,N,N
12/18/2017,16:00,10007.7998,1371.17,2436.3,956.654,10625.9004,5514.98,2874.1799,1052.66,34839.6441,E1,N,N
12/18/2017,16:00,10370.9004,1418.0699,2715.0701,914.845,10860.2002,5723.0298,2978.1201,1002.95,35983.1855,E2,N,N
12/18/2017,16:00,9768.6699,1276.02,2294.1201,965.159,10833.5,5411.27,2835.1799,1100.58,34484.4989,E3,Y,N
12/18/2017,17:00,10505.9697,1403.4686,2502.4844,916.5997,11157.3662,5728.8032,2875.3691,1160.5232,36250.5841,A3,N,N
12/18/2017,17:00,10290.3711,1278.1239,2452.0894,917.4521,10821.8438,5678.2144,2809.7607,1165.6385,35413.4939,A6,N,N
12/18/2017,17:00,10138.7002,1353.1,2469.98,857.719,11191.2998,5581.98,2951.3601,1147.96,35692.0991,E,N,N
12/18/2017,17:00,10139.7998,1360.52,2540.45,934.648,10609.2998,5588.1602,2842.9299,1076.61,35092.4177,E1,N,N
12/18/2017,17:00,10436,1415.01,2703.6799,892.709,11027.7998,5832.8398,2985.6699,1064.09,36357.7984,E2,N,N
12/18/2017,17:00,9854.8896,1277.9301,2360.46,919.386,11252.7002,5521.52,2762.28,1136.36,35085.5259,E3,Y,N
12/18/2017,18:00,11001.8496,1514.8844,2541.9355,957.2664,12069.2578,6137.9106,2981.6206,1232.1105,38436.8354,A3,N,N
12/18/2017,18:00,10710.7373,1415.161,2494.5085,945.8417,11690.0576,6085.5708,2908.8113,1255.9441,37506.6323,A6,N,N
12/18/2017,18:00,10374.7002,1485.62,2470.26,917.337,12068.7998,5969.9102,3012.54,1225.27,37524.4372,E,N,N
12/18/2017,18:00,10630.5996,1431.34,2366.23,975.189,11359.5,5845,2919.7,1086.46,36614.0186,E1,N,N
12/18/2017,18:00,10902.7002,1478.12,2706.45,953.683,11750.7998,6060.8198,3064.8899,1191.0699,38108.5326,E2,N,N
12/18/2017,18:00,10225.7998,1359.49,2399.1399,942.432,12089.7998,5901.0898,2978.75,1245.51,37142.0113,E3,Y,N
12/18/2017,19:00,11395.6924,1609.6262,2598.3933,1005.8606,12821.8955,6572.6709,3203.9463,1327.2188,40535.304,A3,N,N
12/18/2017,19:00,11131.249,1520.921,2548.9182,994.1014,12573.6279,6563.9565,3148.0242,1378.7085,39859.5067,A6,N,N
12/18/2017,19:00,10828.2002,1561.1,2481.21,992.679,12451.5996,6452.6899,3159.51,1314.64,39241.6287,E,N,N
12/18/2017,19:00,10989.2998,1524.14,2589.52,1021.56,12116.2002,6310.5098,3168.03,1169.61,38888.8698,E1,N,N
12/18/2017,19:00,11321.9004,1599.46,2695.95,934.494,12114.2998,6413.3999,3157.5901,1282.88,39519.9742,E2,N,N
12/18/2017,19:00,10685.2002,1460.14,2503.9399,1045.54,12372,6274.8398,3176.5601,1372.51,38890.73,E3,Y,N
12/18/2017,20:00,11378.5244,1626.7466,2592.5789,1011.072,12893.9375,6551.4199,3247.7441,1353.5348,40655.5582,A3,N,N
12/18/2017,20:00,11175.0098,1496.7463,2540.0547,1003.5678,12691.7432,6615.6411,3199.5125,1437.5446,40159.82,A6,N,N
12/18/2017,20:00,10834.7002,1538.63,2475.1899,1005.74,12392.5996,6453.1201,3151.95,1375.74,39227.6698,E,N,N
12/18/2017,20:00,10737.9004,1501.7,2491.79,1030.3101,12083.5996,6281.4199,3125.3799,1189.16,38441.2599,E1,N,N
12/18/2017,20:00,11020.7002,1644.11,2704.8601,955.369,11987.4004,6388.6699,3209.9399,1241.1,39152.1495,E2,N,N
12/18/2017,20:00,10755.2998,1416.21,2445.6101,1037.5601,12345.5,6421.8701,3031.5901,1425.0601,38878.7003,E3,Y,N
12/18/2017,21:00,11268.9697,1633.3964,2575.9656,1007.4139,12769.5381,6447.7847,3254.4741,1372.7344,40330.2769,A3,N,N
12/18/2017,21:00,11132.7715,1499.9939,2514.4109,999.7501,12688.3047,6627.2109,3209.7329,1480.5648,40152.7397,A6,N,N
12/18/2017,21:00,10693.0996,1526.17,2458.8601,984.953,12703,6303.7998,3100.25,1418.99,39189.1225,E,N,N
12/18/2017,21:00,10712.2998,1500.78,2483.1599,994.615,12079.7002,6219.6401,3095.74,1134.8199,38220.7549,E1,N,N
12/18/2017,21:00,10476.2998,1619.4399,2733.0801,943.855,11467.7002,6158.52,3125.04,1315.17,37839.105,E2,N,N
12/18/2017,21:00,10573,1525.96,2392.53,1038.12,12755.9004,6337.0601,3163.47,1377.24,39163.2805,E3,Y,N
12/18/2017,22:00,10948.8545,1589.4541,2549.5769,979.5676,12396.2598,6229.2769,3186.2476,1364.0405,39243.2779,A3,N,N
12/18/2017,22:00,10848.3516,1473.8315,2477.7544,967.4648,12337.5469,6294.332,3151.6814,1473.9363,39024.8989,A6,N,N
12/18/2017,22:00,10372.7998,1456.13,2438.8999,945.612,12120.2998,6044.2402,3008.3701,1415.08,37801.4318,E,N,N
12/18/2017,22:00,10397.0996,1454.77,2437.1001,980.549,11704.4004,6036.98,2976.24,1175.95,37163.0891,E1,N,N
12/18/2017,22:00,10312.5,1565.41,2689.27,959.221,11423.2002,6022.2598,3168.8201,1311.3,37451.9811,E2,N,N
12/18/2017,22:00,10206.2998,1436.4301,2405.23,968.873,12518.9004,6116.5601,3008.1599,1347.84,38008.2933,E3,Y,N
12/18/2017,23:00,10364.3633,1494.1658,2513.9114,932.2557,11545.8486,5821.4541,3016.5132,1307.22,36995.7321,A3,N,N
12/18/2017,23:00,10285.21,1379.6423,2413.2566,914.7766,11441.4766,5752.0874,2980.667,1431.7217,36598.8382,A6,N,N
12/18/2017,23:00,9884.6602,1389.71,2418.28,940.747,11414.0996,5701.6499,2860.5901,1395.21,36004.9468,E,N,N
12/18/2017,23:00,9941.3496,1418.09,2408.48,946.455,11016,5665.7798,2798.8401,1095.42,35290.4145,E1,N,N
12/18/2017,23:00,9737.96,1467.13,2579.28,930.073,10665.9004,5573.4502,2928.51,1279.3,35161.6036,E2,N,N
12/18/2017,23:00,9730.7598,1384.78,2374.3501,925.006,11534.2998,5725.27,2905.5601,1274.76,35854.7858,E3,Y,N
12/18/2017,24:00,9758.5918,1420.2148,2493.9619,889.5324,10661.3086,5408.2979,2815.1873,1266.1321,34713.2268,A3,N,N
12/18/2017,24:00,9676.7832,1328.4095,2388.5071,868.5184,10595.5107,5152.2515,2757.6196,1396.9806,34164.5806,A6,N,N
12/18/2017,24:00,9469.6904,1336.36,2417.53,916.554,10594.2998,5280.3301,2661.5,1377.28,34053.5443,E,N,N
12/18/2017,24:00,9445.5098,1335.1,2379.1499,918.251,10270.5,5271.3301,2574.46,1117.38,33311.6808,E1,N,N
12/18/2017,24:00,9324.8301,1407.62,2537.4099,897.284,10003.5,5269.9902,2670.76,1272.87,33384.2642,E2,N,N
12/18/2017,24:00,9271.79,1280.34,2300.96,916.013,10833.5,5379.5298,2708.4199,1253.95,33944.5027,E3,Y,N
12/19/2017,1:00,9373.9121,1370.4401,2520.1797,864.6536,10189,5109.0503,2721.7903,1181.0059,33330.032,A3,Y,N
12/19/2017,1:00,9181.0547,1289.9697,2551.491,829.2418,10247.6777,4722.1235,2583.5007,1235.3972,32640.4563,A6,N,N
12/19/2017,1:00,9151.1904,1357.95,2463.4399,877.389,9868.9102,4943.3999,2358.3401,1342.72,32363.3395,E,N,N
12/19/2017,1:00,9063.6602,1283.8199,2345.3999,895.895,9739.4297,5018.8101,2414.6399,1123.59,31885.2447,E1,N,N
12/19/2017,1:00,8806.0098,1343.0699,2502.96,875.033,9468.2402,4937.9502,2440.6499,1272.02,31645.933,E2,N,N
12/19/2017,1:00,8916.2803,1220.72,2281.1599,880.296,9993.8896,5118.1401,2579.5901,1276.52,32266.596,E3,N,N
12/19/2017,2:00,9193.6133,1348.6696,2499.165,864.9794,9944.1338,4990.9111,2640.8557,1187.265,32669.5929,A3,Y,N
12/19/2017,2:00,8784.9424,1286.2318,2521.6533,836.4028,9879.4199,4679.0679,2477.5417,1248.1741,31713.4339,A6,N,N
12/19/2017,2:00,8779.4004,1355.55,2460.3301,903.148,9589.3096,4813.5298,2229.95,1346.84,31478.0579,E,N,N
12/19/2017,2:00,8667.8203,1258.86,2212.0901,873.827,9494.75,4951.0098,2414.55,1089.46,30962.3672,E1,N,N
12/19/2017,2:00,8669.8799,1220.23,2385.8101,858.434,9086.9805,4481.79,2447.75,1218.46,30369.3345,E2,N,N
12/19/2017,2:00,8472.8301,1193.3199,2251.0601,879.806,9576.9199,4956.2598,2510.97,1255.53,31096.6958,E3,N,N
12/19/2017,3:00,9095.4414,1338.114,2488.8345,871.4041,9871.5713,4907.064,2595.1426,1207.0422,32374.6141,A3,Y,N
12/19/2017,3:00,8708.7461,1296.0071,2489.209,841.7383,9760.9004,4667.1489,2428.5378,1256.5597,31448.8473,A6,N,N
12/19/2017,3:00,8747.5996,1377.51,2456.3401,952.297,9767.1602,4805.1699,2159.8899,1364.98,31630.9467,E,N,N
12/19/2017,3:00,8635.3096,1215.03,2278.47,920.533,9341.4697,4890.8501,2268.3401,1111.66,30661.6625,E1,N,N
12/19/2017,3:00,8678.3799,1264.41,2432.8501,909.426,9003.2803,4547.7598,2273.6899,1252.89,30362.686,E2,N,N
12/19/2017,3:00,8597.2402,1218.58,2328.72,935.745,9436.3604,4973.75,2446.03,1282.47,31218.8956,E3,N,N
12/19/2017,4:00,9158.8945,1363.9412,2499.1763,872.556,10161.3281,4944.4038,2614.0327,1226.0713,32840.4039,A3,Y,N
12/19/2017,4:00,8830.6094,1315.8502,2431.7373,843.0938,9977.7451,4774.1494,2464.4006,1261.4441,31899.0299,A6,N,N
12/19/2017,4:00,8773.3896,1381.0699,2467.71,937.112,9925.9199,4818.3101,2147.76,1374.53,31825.8015,E,N,N
12/19/2017,4:00,8695.2002,1259.55,2303.3401,922.779,9517.4805,4867.7998,2262.27,1072.9,30901.3196,E1,N,N
12/19/2017,4:00,8581.6699,1275.75,2610.55,863.742,9069,4591.2002,2219.21,1293.3101,30504.4322,E2,N,N
12/19/2017,4:00,8712.4502,1207.15,2311,927.045,9138.5898,5001.8398,2474.74,1270.87,31043.6848,E3,N,N
12/19/2017,5:00,9353.9795,1417.1364,2516.4739,900.579,10388.5723,5156.7437,2672.6311,1253.308,33659.4239,A3,Y,N
12/19/2017,5:00,9109.1885,1360.9886,2424.1692,854.1689,10035.4063,5138.9492,2563.3284,1274.3562,32760.5553,A6,N,N
12/19/2017,5:00,8926.0898,1434.9399,2475.72,941.109,10333.9004,4939.6899,2201.3301,1402.33,32655.1091,E,N,N
12/19/2017,5:00,8744.8398,1294.21,2306.04,948.656,9765.4902,5111.1099,2264.8,1116.9,31552.0459,E1,N,N
12/19/2017,5:00,9567.6201,1354.05,2459.23,941.879,9493.04,4782.21,2460.4099,1367.35,32425.789,E2,N,N
12/19/2017,5:00,8804.0098,1265.76,2346.98,951.641,9718.3203,5088.75,2499.23,1447.85,32122.5411,E3,N,N
12/19/2017,6:00,10032.6787,1524.39,2538.0801,963.9841,11266.7959,5616.9346,2855.5535,1339.7559,36138.1728,A3,Y,N
12/19/2017,6:00,9835.6289,1464.0487,2457.7131,909.7904,10599.6709,5630.3486,2792.5029,1358.1914,35047.8949,A6,N,N
12/19/2017,6:00,9462.3096,1520.86,2478.9199,985.973,11385.9004,5301.75,2358.71,1488.45,34982.8729,E,N,N
12/19/2017,6:00,9420.4102,1342.62,2378.22,964.932,10629.2998,5660.7998,2407.8701,1157.34,33961.4919,E1,N,N
12/19/2017,6:00,9684.0195,1488.45,2506.8601,1003.97,10618.2998,5289.8398,2736.6499,1428.5601,34756.6492,E2,N,N
12/19/2017,6:00,9314.1602,1403.62,2359.6899,1024.1,10593,5474.21,2685.8301,1431.71,34286.3202,E3,N,N
12/19/2017,7:00,10901.168,1663.7954,2594.1973,1056.0339,12603.2891,6346.8159,3205.9829,1458.9904,39830.2729,A3,Y,N
12/19/2017,7:00,10787.8408,1632.5443,2526.0332,1023.0239,11833.4717,6173.8931,3200.3557,1491.6381,38668.8008,A6,N,N
12/19/2017,7:00,10171.7002,1634.59,2488.99,1061.34,12400.0996,5821.8101,2646.8401,1555.9,37781.27,E,N,N
12/19/2017,7:00,10124.2002,1522.21,2431.8799,1070.37,11991.4004,6276.96,2645.4099,1246.16,37308.5904,E1,N,N
12/19/2017,7:00,10139.5996,1641.9301,2739.8999,1073.15,11899.4004,5999.77,2950.21,1551.5699,37995.5299,E2,N,N
12/19/2017,7:00,10030.2002,1569.1899,2376.9099,1087.53,12148.2002,6038.9199,2944.71,1536.71,37732.3701,E3,N,N
12/19/2017,8:00,11068.5605,1723.6317,2639.6521,1069.6144,12891.3076,6598.1797,3234.6475,1501.9841,40727.5776,A3,Y,N
12/19/2017,8:00,10921.5723,1667.6204,2591.8186,1049.6602,12374.085,6384.8818,3226.5842,1515.4774,39731.6999,A6,N,N
12/19/2017,8:00,10278.4004,1677.34,2514.0901,1091.4301,13021.4004,6140.8301,2785.48,1588.75,39097.7211,E,N,N
12/19/2017,8:00,10506.7002,1558.91,2520.21,1076.25,12306.2002,6417.5601,2749.95,1192.83,38328.6105,E1,N,N
12/19/2017,8:00,10339.5996,1763,2534.3101,1106.5601,11843.4004,6092.8599,2921.05,1488.22,38089.0001,E2,N,N
12/19/2017,8:00,10211.2002,1540.6,2500.72,1135.65,12669.9004,6406.8501,3060.6001,1450.11,38975.6308,E3,N,N
12/19/2017,9:00,10999.2314,1654.7656,2627.3633,1054.4252,12286.1064,6285.9565,3040.7607,1411.9803,39360.5894,A3,Y,N
12/19/2017,9:00,10553.8496,1585.8047,2572.6501,1034.8481,11778.6836,5897.7686,2936.7822,1380.1984,37740.5853,A6,N,N
12/19/2017,9:00,10273.5,1664.25,2530.27,1089.41,12781.7998,6141.8301,2788.2,1510.08,38779.3399,E,N,N
12/19/2017,9:00,10376.2998,1582.59,2443.8,1061.47,12039,6139.2998,2658.4099,1241.13,37541.9995,E1,N,N
12/19/2017,9:00,10466.9004,1703.05,2546,1106.97,11757.7998,5960.75,2790.1201,1440.8199,37772.4102,E2,N,N
12/19/2017,9:00,10231.7002,1551.8199,2436.6899,1124.1899,12309,6259.4199,2888.8401,1432.51,38234.1699,E3,N,N
12/19/2017,10:00,11044.3193,1608.2239,2613.6345,1056.3434,12262.2432,6240.0078,2990.4092,1317.458,39132.6393,A3,Y,N
12/19/2017,10:00,10755.915,1504.7296,2515.2139,993.6385,12127.4502,5967.5083,2852.4871,1232.0769,37949.0195,A6,N,N
12/19/2017,10:00,10612.2002,1588.75,2513.0601,1060.8101,12700.5996,5972.21,2790.95,1384.38,38622.96,E,N,N
12/19/2017,10:00,10455.7002,1564.03,2505.6899,1072.77,12026.5,6072.1499,2729.8501,1261.84,37688.5301,E1,N,N
12/19/2017,10:00,10732,1689.64,2536.3401,1122.38,11474.4004,5930.75,2884.98,1383.62,37754.1105,E2,N,N
12/19/2017,10:00,10475.4004,1426.35,2403.9099,1121.3,12346.4004,6118.9399,2983.99,1256.97,38133.2606,E3,N,N
12/19/2017,11:00,10980.4189,1522.0938,2596.6855,1049.0764,12157.2764,6067.1157,2939.4302,1259.2721,38571.369,A3,Y,N
12/19/2017,11:00,10978.7676,1406.709,2518.9204,1008.9914,12144.1826,5867.0151,2847.8384,1161.2078,37933.6323,A6,N,N
12/19/2017,11:00,10665.4004,1522.66,2507.04,1009.14,12279.5996,5743.96,2795.6399,1270.01,37793.4499,E,N,N
12/19/2017,11:00,10341.2998,1720.11,2493.2,1046.49,11690.5,5911.2202,2725.2,1139.01,37067.03,E1,N,N
12/19/2017,11:00,10569.5,1599.6,2551.23,1123.63,11739.5996,5822.4102,2889.25,1304.58,37599.7998,E2,N,N
12/19/2017,11:00,10462.2998,1453.42,2392.3101,1030.92,12246.4004,5904.7002,2875.27,1201.54,37566.8605,E3,N,N
12/19/2017,12:00,10914.4258,1471.0157,2561.8289,1020.819,11931.7764,5880.8413,2861.4329,1216.3882,37858.5282,A3,Y,N
12/19/2017,12:00,10926.8291,1335.6809,2543.6111,1000.0613,12053.2803,5991.7764,2826.896,1126.9449,37805.08,A6,N,N
12/19/2017,12:00,10568.2998,1473.76,2510.4099,968.86,11679.0996,5551.0498,2810.6799,1166.36,36728.519,E,N,N
12/19/2017,12:00,10360.7998,1581.62,2425.1799,1042.76,11476.7998,5725.3799,2709.3601,1072.9301,36394.8296,E1,N,N
12/19/2017,12:00,10578.5,1480.9301,2567.76,1156.58,11284.5996,5618.7402,2937.8601,1240.99,36865.96,E2,N,N
12/19/2017,12:00,10325.0996,1363.9399,2399.1399,1021.91,11625,5638.4902,2802.6799,1111.67,36287.9295,E3,N,N
12/19/2017,13:00,10771.9043,1438.2902,2509.1392,983.634,11511.4414,5762.4478,2834.6311,1174.3766,36985.8646,A3,Y,N
12/19/2017,13:00,10767.6514,1290.2345,2452.1006,975.9396,11661.999,5846.6392,2856.0352,1122.535,36973.1345,A6,N,N
12/19/2017,13:00,10405.2002,1431.41,2493.74,927.842,11584.7998,5382.1299,2817.8701,1091.84,36134.832,E,N,N
12/19/2017,13:00,10158.7998,1405.96,2330.5901,981.162,10832.0996,5654.9502,2702.29,1070.3101,35136.1618,E1,N,N
12/19/2017,13:00,10701.9004,1544.46,2557.28,1058.61,11128.0996,5583.8999,3001.23,1123.3199,36698.7998,E2,N,N
12/19/2017,13:00,10106.2998,1328.34,2358.73,966.508,11499.2998,5453.1201,2805.0801,1016.65,35534.0278,E3,N,N
12/19/2017,14:00,10653.3506,1398.2725,2478.6086,978.0172,11253.3535,5658.3433,2853.8779,1150.132,36423.9556,A3,Y,N
12/19/2017,14:00,10680.8291,1286.2527,2427.8682,987.8904,11346.4277,5651.8716,2828.0498,1117.3153,36326.5048,A6,N,N
12/19/2017,14:00,10392.7002,1418.92,2480.2,930.121,11180.5,5272.48,2874.74,1048.97,35598.6312,E,N,N
12/19/2017,14:00,10200.0996,1380.09,2325.6499,966.074,10760.2998,5690.27,2743.3101,1043.4,35109.1934,E1,N,N
12/19/2017,14:00,10586,1468.41,2547.1699,1035.47,10947,5663.7002,3013.3101,1092.37,36353.4302,E2,N,N
12/19/2017,14:00,10092.9004,1383.96,2225.6299,975.876,11204.2002,5441.77,2732.53,960.497,35017.3635,E3,N,N
12/19/2017,15:00,10540.9248,1381.6149,2465.28,960.7577,11097.9551,5619.1841,2861.0139,1130.2739,36057.0044,A3,Y,N
12/19/2017,15:00,10515.3193,1285.2633,2416.7097,972.1169,10986.042,5582.7373,2825.313,1119.8362,35703.3377,A6,N,N
12/19/2017,15:00,10298.9004,1395.33,2465.22,904.779,10954.7002,5207.54,2898.77,1034.53,35159.7696,E,N,N
12/19/2017,15:00,10211.4004,1383.23,2398.78,965.689,10397.9004,5696.27,2795.5701,1076.61,34925.4499,E1,N,N
12/19/2017,15:00,10352.9004,1447.02,2568.8501,1031.1899,10974.5996,5681.1099,3063.27,1069.83,36188.7699,E2,N,N
12/19/2017,15:00,9837.2305,1272.96,2314.52,935.869,10906.5,5334.5801,2707.6899,1023.84,34333.1895,E3,N,N
12/19/2017,16:00,10470.5508,1375.3446,2473.1235,940.258,10975.4922,5623.6084,2877.3962,1128.4413,35864.215,A3,Y,N
12/19/2017,16:00,10394.7529,1283.1118,2415.9587,949.9446,10763.248,5589.8467,2823.1555,1134.1973,35354.2155,A6,N,N
12/19/2017,16:00,10202.2998,1364.58,2484.8999,874.271,11025.5996,5162.04,2918.4399,1032.49,35064.6202,E,N,N
12/19/2017,16:00,10125.5,1356.35,2427.9399,936.71,10642.7002,5577.8301,2790.6799,1101.45,34959.1601,E1,N,N
12/19/2017,16:00,10387.2002,1397.62,2641.8501,1000.5,10625.9004,5516.8999,3042.8799,1060.23,35673.0805,E2,N,N
12/19/2017,16:00,9571.6504,1294.75,2326.3501,929.3,10900.9004,5292.3799,2692.03,995.62,34002.9808,E3,N,N
12/19/2017,17:00,10465.4736,1397.769,2500.8643,916.7159,11151.9102,5744.7002,2917.4648,1152.8877,36247.7857,A3,Y,N
12/19/2017,17:00,10361.6172,1295.8146,2449.6013,910.2017,10819.9834,5697.7407,2855.2039,1156.2784,35546.4412,A6,N,N
12/19/2017,17:00,10114.7998,1362.92,2506.8301,844.946,10932.4004,5208.04,2937.1101,1055.78,34962.8264,E,N,N
12/19/2017,17:00,10044.4004,1321.48,2540.51,914.172,10543.5,5607.52,2783.51,1120.36,34875.4524,E1,N,N
12/19/2017,17:00,10344.7002,1498.77,2673.05,976.885,10845.4004,5728.8901,3112.23,1122.97,36302.8957,E2,N,N
12/19/2017,17:00,9747.1104,1266.52,2393.76,891.644,11195.9004,5348.3301,2721.99,1005.02,34570.2749,E3,N,N
12/19/2017,18:00,10917.7344,1505.4802,2542.2993,955.8232,12031.1895,6145.4561,3018.4021,1222.3654,38338.7502,A3,Y,N
12/19/2017,18:00,10758.5977,1385.9283,2493.7825,938.4516,11686.5,6100.311,2952.0393,1246.0691,37561.6795,A6,N,N
12/19/2017,18:00,10390.7998,1441.8101,2501.9199,889.82,11791.7002,5522.54,2988.3501,1142.53,36669.4701,E,N,N
12/19/2017,18:00,10548.7002,1403.14,2363,964.971,11258,5849.96,2891.1101,1129.46,36408.3413,E1,N,N
12/19/2017,18:00,10809.7998,1539.74,2665.8899,989.378,11506.0996,5891.2002,3205.1499,1203.55,37810.8074,E2,N,N
12/19/2017,18:00,10070.5996,1360.58,2350.0601,955.528,12013.0996,5688.4102,2843.8501,1122.9399,36405.0675,E3,N,N
12/19/2017,19:00,11285.4863,1596.3881,2599.2251,1002.4642,12730.8896,6549.4951,3227.1313,1316.848,40307.9277,A3,Y,N
12/19/2017,19:00,11140.6572,1500.0251,2548.8416,984.8054,12535.8652,6542.5981,3179.8013,1367.5996,39800.1935,A6,N,N
12/19/2017,19:00,10655.7998,1500.41,2507.9099,960.45,12338.9004,5912.6299,3144.23,1270.4,38290.73,E,N,N
12/19/2017,19:00,10878,1470.88,2588.1799,1000.3,12008.5996,6301.8398,3087.0601,1222.24,38557.0994,E1,N,N
12/19/2017,19:00,11088.5,1599.4399,2639.9199,1039.1801,11888.0996,6235.6299,3288.6201,1294.4,39073.7895,E2,N,N
12/19/2017,19:00,10368.7002,1443.8,2478.96,1070.84,12390.9004,6140.77,3046.4099,1266.75,38207.1305,E3,N,N
12/19/2017,20:00,11250.2861,1606.7911,2596.072,1006.8961,12777.6025,6476.0039,3252.0281,1346.7384,40312.4182,A3,Y,N
12/19/2017,20:00,11157.0332,1473.4661,2541.655,993.9797,12612.3311,6543.2905,3218.9856,1425.8138,39966.555,A6,N,N
12/19/2017,20:00,10734.2998,1498.36,2505.8201,976.641,12151,5979.6201,3142.3201,1343.15,38331.2111,E,N,N
12/19/2017,20:00,10664.7002,1453.26,2487.3999,1008.55,11929.7002,6290.3101,3062.47,1246.96,38143.3504,E1,N,N
12/19/2017,20:00,10997.9004,1632.92,2601.23,1059.12,11746.7998,6311.1499,3283.95,1287.62,38920.6901,E2,N,N
12/19/2017,20:00,10518.2998,1386.15,2434.25,1062.79,12203.0996,6131.29,2854.1001,1337.4,37927.3795,E3,N,N
12/19/2017,21:00,11113.874,1608.2875,2580.3206,1002.6378,12606.0684,6337.0918,3238.1655,1367.6949,39854.1405,A3,Y,N
12/19/2017,21:00,11087.7607,1474.7152,2517.0425,988.4688,12558.5967,6520.2349,3218.7178,1467.6035,39833.1401,A6,N,N
12/19/2017,21:00,10571.5,1497.78,2492.0701,966.085,12254.7998,5897.3799,3095.1499,1386.01,38160.7747,E,N,N
12/19/2017,21:00,10629.5,1434.22,2476.4199,968.673,11898.7002,6216.77,3024.8701,1180.67,37829.8232,E1,N,N
12/19/2017,21:00,10486,1609.6,2634.28,1039.8199,11219.0996,6111.4102,3192.1201,1357.72,37650.0498,E2,N,N
12/19/2017,21:00,10360.2002,1508.72,2387.52,1016.21,12393.7002,6088.8198,2902.3799,1277.33,37934.8801,E3,N,N
12/19/2017,22:00,10825.1738,1565.1447,2555.2144,976.2568,12215.3535,6079.7119,3152.1921,1367.4036,38736.4508,A3,Y,N
12/19/2017,22:00,10801.126,1450.6281,2481.6948,952.4764,12170.3359,6153.457,3148.3992,1460.5918,38618.7092,A6,N,N
12/19/2017,22:00,10282.7002,1451.3,2477.77,929.379,11827.7998,5700.6499,3007.6101,1380.88,37058.089,E,N,N
12/19/2017,22:00,10384.5,1397.62,2437.6201,963.656,11543.4004,6048.3301,2922.01,1243.92,36941.0566,E1,N,N
12/19/2017,22:00,10107.2002,1541.8101,2584.55,1040.01,10855.7002,5618.1401,3213.8799,1321.22,36282.5105,E2,N,N
12/19/2017,22:00,10088.2002,1420.5601,2377,988.171,12063.5,5864.8501,2843.6799,1287.85,36933.8113,E3,N,N
12/19/2017,23:00,10265.2207,1464.634,2520.5637,923.4637,11351.9873,5662.8911,2969.2974,1320.2365,36478.2944,A3,Y,N
12/19/2017,23:00,10254.291,1350.6833,2418.4976,895.1422,11246.0488,5754.1021,2967.6616,1420.7305,36307.1571,A6,N,N
12/19/2017,23:00,9877.5195,1420.4399,2452.53,918.986,11091.4004,5425.9502,2840.75,1345.08,35372.656,E,N,N
12/19/2017,23:00,9879.4902,1343.49,2404.28,927.089,10856.7998,5647.4399,2760.3,1160.53,34979.4189,E1,N,N
12/19/2017,23:00,9542.5303,1445.9,2528.3999,967.39,10313.0996,5326.1499,2990.79,1320.46,34434.7197,E2,N,N
12/19/2017,23:00,9687.71,1389,2322.6101,927.02,11071.7998,5648.54,2723.03,1240.4399,35010.1498,E3,N,N
12/19/2017,24:00,9682.252,1388.5492,2496.4121,877.059,10444.6455,5247.2686,2762.1812,1281.9148,34180.2824,A3,Y,N
12/19/2017,24:00,9676.1768,1304.7953,2392.1577,847.6693,10368.9824,5337.7368,2738.9365,1389.6154,34056.0702,A6,N,N
12/19/2017,24:00,9372.0498,1400.77,2446.6001,900.178,10370,5108.1401,2635.0701,1311.1899,33543.998,E,N,N
12/19/2017,24:00,9317.0801,1277.54,2377.71,910.33,10111.7998,5254.3999,2534.5701,1146.1899,32929.6198,E1,N,N
12/19/2017,24:00,9206.7803,1385.45,2503.73,923.165,9722.1904,5010.6001,2687,1319.1801,32758.0959,E2,N,N
12/19/2017,24:00,9274.6504,1294.05,2301.52,905.174,10432.2998,5266.1201,2586.7,1233.72,33294.2343,E3,N,N
