DeliveryDate,HourEnding,Coast,East,FarWest,North,NorthCentral,SouthCentral,Southern,West,SystemTotal,Model,InUseFlag,DSTFlag
11/23/2021,1:00,9839.8438,1368.5643,4098.4658,907.1435,10467.2061,5613.5923,2433.5229,1251.3572,35979.6959,A3,N,N
11/23/2021,1:00,9831.9697,1378.0614,4105.9316,920.2368,10390.7051,5790.3228,2432.4209,1162.5239,36012.1722,A6,N,N
11/23/2021,1:00,9655.2695,1390.88,4007.03,908.381,10132.2998,5461.04,2395.3501,1268.23,35218.4804,E,N,N
11/23/2021,1:00,9662.8799,1423.63,4008.5601,907.445,10193.5,5517.1602,2397.78,1275.41,35386.3652,E1,Y,N
11/23/2021,1:00,9655.2695,1376.08,3999.8999,908.381,10132.2998,5517.1602,2395.3501,1268.23,35252.6705,E2,N,N
11/23/2021,1:00,9666.9404,1379.4301,3999.8999,899.183,10053.0996,5286.4902,2397.78,1268.23,34951.0532,E3,N,N
11/23/2021,1:00,9660.0898,1392.505,4003.8477,905.8475,10127.8008,5445.4624,2396.5649,1270.025,35202.1431,M,N,N
11/23/2021,2:00,9585.5332,1380.6959,4041.6865,922.1984,10084.459,5428.9966,2379.4192,1279.2168,35102.2056,A3,N,N
11/23/2021,2:00,9507.3545,1388.2168,4031.6194,937.9758,10101.9531,5552.543,2353.3704,1340.0579,35213.0909,A6,N,N
11/23/2021,2:00,9620.96,1382.63,4022.8899,944.555,10144.2002,5348.3799,2398.6899,1269.25,35131.5549,E,N,N
11/23/2021,2:00,9630.2998,1400.89,4027.8899,939.103,10180.7998,5393.6802,2398.6201,1275.4301,35246.7129,E1,Y,N
11/23/2021,2:00,9620.96,1367.47,4026.9299,944.555,10144.2002,5393.6802,2398.6899,1269.25,35165.7352,E2,N,N
11/23/2021,2:00,9605.2695,1372.45,4026.9299,935.554,10046.5,5157.3501,2398.6201,1269.25,34811.9236,E3,N,N
11/23/2021,2:00,9619.3721,1380.8601,4026.1599,940.9417,10128.9248,5323.2725,2398.655,1270.795,35088.9811,M,N,N
11/23/2021,3:00,9499.2568,1365.8612,3999.2361,946.3738,9911.6895,5484.0293,2348.7234,1286.3894,34841.5595,A3,N,N
11/23/2021,3:00,9425.6504,1334.8822,4029.2173,962.1409,9894.3916,5575.3853,2345.3218,1313.281,34880.2705,A6,N,N
11/23/2021,3:00,9526.0996,1361.66,4036.78,954.993,10116.4004,5342.04,2357.49,1290.2,34985.663,E,N,N
11/23/2021,3:00,9547.3096,1370.5,4038.03,954.919,10152.2998,5381.98,2358.9199,1293.34,35097.2983,E1,Y,N
11/23/2021,3:00,9526.0996,1333.11,4035.6699,954.993,10116.4004,5381.98,2357.49,1290.2,34995.9429,E2,N,N
11/23/2021,3:00,9500.04,1332.14,4035.6699,940.938,10018.2002,5122.6201,2358.9199,1290.2,34598.7281,E3,N,N
11/23/2021,3:00,9524.8877,1349.3525,4036.5376,951.4608,10100.8252,5307.1553,2358.2051,1290.985,34919.4092,M,N,N
11/23/2021,4:00,9543.1113,1385.3169,4003.4285,960.0528,9995.1572,5486.3975,2313.1594,1283.7002,34970.3238,A3,N,N
11/23/2021,4:00,9467.2656,1379.8016,4024.5764,976.1421,9978.0869,5542.9834,2310.0032,1316.5291,34995.3883,A6,N,N
11/23/2021,4:00,9535.8701,1373.46,4049.96,982.624,10270,5386.7402,2350.21,1285.2,35234.0643,E,N,N
11/23/2021,4:00,9544.3203,1382.45,4055.9099,979.722,10220.5996,5420.54,2357.55,1288.2,35249.2918,E1,Y,N
11/23/2021,4:00,9535.8701,1354.54,4040.78,982.624,10270,5420.54,2350.21,1285.2,35239.7641,E2,N,N
11/23/2021,4:00,9490.04,1353.27,4040.78,967.575,10166.5,5183.46,2357.55,1285.2,34844.375,E3,N,N
11/23/2021,4:00,9526.5254,1365.9301,4046.8577,978.1362,10231.7754,5352.8203,2353.8799,1285.95,35141.875,M,N,N
11/23/2021,5:00,9722.3887,1424.3513,4036.7168,992.2264,10647.5439,5517.7593,2350.7065,1322.558,36014.2509,A3,N,N
11/23/2021,5:00,9632.4355,1434.5929,4045.2222,1021.8476,10589.1377,5578.3008,2340.1062,1363.2943,36004.9372,A6,N,N
11/23/2021,5:00,9693.4004,1427.9,4079.79,1013.22,10639,5551.77,2376.0601,1318.99,36100.1305,E,N,N
11/23/2021,5:00,9705.54,1434.83,4086.29,1017.97,10575.5996,5590.5801,2372.48,1320.36,36103.6497,E1,Y,N
11/23/2021,5:00,9693.4004,1407.42,4067.78,1013.22,10639,5590.5801,2376.0601,1318.99,36106.4506,E2,N,N
11/23/2021,5:00,9640.21,1411.4301,4067.78,1003.78,10544.2998,5355.6499,2372.48,1318.99,35714.6198,E3,N,N
11/23/2021,5:00,9683.1377,1420.395,4075.4102,1012.0475,10599.4746,5522.145,2374.27,1319.3325,36006.2125,M,N,N
11/23/2021,6:00,10088.7539,1585.1588,4138.6904,1063.2094,11333.0313,6194.6606,2436.3411,1337.1376,38176.9831,A3,N,N
11/23/2021,6:00,10063.4492,1563.4436,4135.4019,1068.7889,11319.9365,6191.9922,2464.1711,1389.4827,38196.6661,A6,N,N
11/23/2021,6:00,10197.5,1544.14,4143.5601,1074.66,11424.5996,6008.4399,2512.2,1352.05,38257.1496,E,N,N
11/23/2021,6:00,10198,1562.8101,4150.3301,1076.02,11397.5996,6034.2998,2511.26,1353.6899,38284.0095,E1,Y,N
11/23/2021,6:00,10197.5,1528.89,4133.0601,1074.66,11424.5996,6034.2998,2512.2,1352.05,38257.2595,E2,N,N
11/23/2021,6:00,10159.7998,1530.76,4133.0601,1065.99,11368.9004,5840.0098,2511.26,1352.05,37961.8301,E3,N,N
11/23/2021,6:00,10188.2002,1541.6501,4140.0029,1072.8325,11403.9238,5979.2622,2511.73,1352.46,38190.0617,M,N,N
11/23/2021,7:00,10776.8994,1784.9972,4212.1709,1152.9215,12639.5635,6901.5708,2650.3096,1451.8357,41570.2686,A3,N,N
11/23/2021,7:00,10729.0117,1750.7864,4199.374,1143.4617,12508.6045,6868.208,2657.3743,1498.703,41355.5236,A6,N,N
11/23/2021,7:00,10859.2002,1744.0699,4231.8198,1147.53,12570.7002,6650.71,2735.5801,1459.11,41398.7202,E,N,N
11/23/2021,7:00,10864.9004,1752.38,4237.8799,1152.3,12571.5,6694.8701,2725.8999,1460.6801,41460.4104,E1,Y,N
11/23/2021,7:00,10859.2002,1721.8,4228.0898,1147.53,12570.7002,6694.8701,2735.5801,1459.11,41416.8804,E2,N,N
11/23/2021,7:00,10804.5,1723.05,4228.0898,1134.75,12508.2002,6469.46,2725.8999,1459.11,41053.0599,E3,N,N
11/23/2021,7:00,10846.9502,1735.325,4231.4697,1145.5276,12555.2744,6627.4775,2730.7402,1459.5024,41332.267,M,N,N
11/23/2021,8:00,11154.8691,1818.0559,4250.6099,1182.3948,13011.5674,7142.4116,2719.0259,1508.5992,42787.5338,A3,N,N
11/23/2021,8:00,11038.6416,1814.426,4254.6841,1194.913,13010.4678,7087.6323,2763.0127,1508.434,42672.2115,A6,N,N
11/23/2021,8:00,10960.4004,1793.88,4271.5801,1179.52,12874.7002,6839.8501,2703.8301,1484.78,42108.5409,E,N,N
11/23/2021,8:00,10940.5996,1797.92,4273.9302,1178.77,12862.5,6876.8301,2693.8899,1484.25,42108.6898,E1,N,N
11/23/2021,8:00,10960.4004,1776.99,4264.0601,1179.52,12874.7002,6876.8301,2703.8301,1484.78,42121.1109,E2,Y,N
11/23/2021,8:00,10863,1764,4264.0601,1163.71,12733.7998,6663.2998,2693.8899,1484.78,41630.5396,E3,N,N
11/23/2021,8:00,10931.0996,1783.1975,4268.4077,1175.38,12836.4248,6814.2021,2698.8599,1484.6475,41992.2191,M,N,N
11/23/2021,9:00,11126.3818,1834.4598,4152.2378,1207.8254,13125.1006,6953.0171,2790.8154,1530.6688,42720.5067,A3,N,N
11/23/2021,9:00,11386.2578,1833.4506,4163.1797,1235.8628,13109.5322,7162.4048,2763.6907,1511.1101,43165.4887,A6,N,N
11/23/2021,9:00,11374.9004,1815.88,4244.1602,1232.3,12588.9004,6723.6602,2739.25,1331.76,42050.8112,E,N,N
11/23/2021,9:00,11070.5,1802.9,4216.3301,1196.14,12683.2998,6766.8198,2686.21,1449.48,41871.6797,E1,N,N
11/23/2021,9:00,11374.9004,1800.67,4208.6602,1232.3,12588.9004,6766.8198,2739.25,1331.76,42043.2608,E2,Y,N
11/23/2021,9:00,10989.9004,1800.17,4208.6602,1189.47,12705.4004,6772.7598,2686.21,1331.76,41684.3308,E3,N,N
11/23/2021,9:00,11202.5508,1804.905,4219.4526,1212.5525,12641.625,6757.5151,2712.73,1361.1899,41912.5209,M,N,N
11/23/2021,10:00,11249.29,1745.8867,4167.1104,1219.8281,12501.3672,6490.0015,2908.073,1505.928,41787.4849,A3,N,N
11/23/2021,10:00,11504.8359,1706.7157,4167.5703,1166.7239,12464.8535,6473.5332,2863.033,1533.5443,41880.8098,A6,N,N
11/23/2021,10:00,11419.7002,1726.35,4133.9102,1242.17,12441.2998,6584.7998,2902.6201,1396.86,41847.7101,E,N,N
11/23/2021,10:00,11325.0996,1741.6899,4114.1802,1236.9,12518.9004,6676.71,2865.3101,1447.34,41926.1302,E1,N,N
11/23/2021,10:00,11419.7002,1703.54,4099.8701,1242.17,12441.2998,6676.71,2902.6201,1396.86,41882.7702,E2,Y,N
11/23/2021,10:00,11194,1701.05,4099.8701,1222.55,12391.2002,6486.6099,2865.3101,1396.86,41357.4503,E3,N,N
11/23/2021,10:00,11339.625,1718.1575,4111.9575,1235.9475,12448.1748,6606.207,2883.9653,1409.48,41753.5146,M,N,N
11/23/2021,11:00,11405.4707,1624.0333,3975.95,1188.6053,12084.2236,6215.9678,2992.4956,1391.8007,40878.547,A3,N,N
11/23/2021,11:00,11429.8867,1641.2312,3967.24,1172.9688,12094.624,6196.5347,3010.6965,1368.6348,40881.8167,A6,N,N
11/23/2021,11:00,11564.0996,1633.99,4054.1799,1253.42,12235.7002,6384.3398,3120.8799,1415.0601,41661.6695,E,N,N
11/23/2021,11:00,11520.0996,1645.99,4051.1499,1257.98,12228,6392.8198,3081.49,1426.39,41603.9193,E1,Y,N
11/23/2021,11:00,11564.0996,1627.83,4037.9099,1253.42,12235.7002,6392.8198,3120.8799,1415.0601,41647.7195,E2,N,N
11/23/2021,11:00,11477.2002,1624.61,4037.9099,1245.39,12123.7998,6288.71,3081.49,1415.0601,41294.17,E3,N,N
11/23/2021,11:00,11531.374,1633.105,4045.2876,1252.5525,12205.7998,6364.6729,3101.1851,1417.8926,41551.8695,M,N,N
11/23/2021,12:00,11492.0342,1587.0323,4013.0627,1122.3805,12047.8945,6171.877,3122.8479,1377.0574,40934.1865,A3,N,N
11/23/2021,12:00,11473.1758,1619.2745,3973.4243,1120.3716,12020.1738,6331.3076,3130.7297,1385.0975,41053.5548,A6,N,N
11/23/2021,12:00,11555.7998,1591.64,4006.74,1183.63,12117.7998,6234.0898,3187.1201,1438.95,41315.7695,E,N,N
11/23/2021,12:00,11544.2998,1589.89,4003.97,1184.66,12100.2998,6232.7598,3180.8701,1435.98,41272.7295,E1,Y,N
11/23/2021,12:00,11555.7998,1587.78,3992.71,1183.63,12117.7998,6232.7598,3187.1201,1438.95,41296.5495,E2,N,N
11/23/2021,12:00,11513.5,1588.02,3992.71,1185.49,12070.2002,6218.1401,3180.8701,1438.95,41187.8804,E3,N,N
11/23/2021,12:00,11542.3496,1589.3325,3999.0325,1184.3525,12101.5244,6229.4375,3183.9951,1438.2075,41268.2316,M,N,N
11/23/2021,13:00,11604.04,1497.3315,4048.793,1122.485,12071.7725,6116.1982,3184.2402,1282.2043,40927.0647,A3,N,N
11/23/2021,13:00,11523.9893,1531.2417,4038.1414,1100.7192,12071.7178,6132.792,3182.5913,1270.5261,40851.7188,A6,N,N
11/23/2021,13:00,11411.7002,1525.0601,4005.23,1161.9399,12039,6116.7402,3166.1201,1357.25,40783.0405,E,N,N
11/23/2021,13:00,11411.7998,1524.78,4004.6201,1161.97,12033.5,6141.1899,3176.52,1354.6801,40809.0599,E1,Y,N
11/23/2021,13:00,11411.7002,1522.92,3992.8,1161.9399,12039,6141.1899,3166.1201,1357.25,40792.9201,E2,N,N
11/23/2021,13:00,11383.7998,1523.46,3992.8,1161.45,11997.2002,6132.6299,3176.52,1357.25,40725.1099,E3,N,N
11/23/2021,13:00,11404.75,1524.0551,3998.8625,1161.825,12027.1748,6132.9375,3171.3198,1356.6075,40777.5322,M,N,N
11/23/2021,14:00,11708.1152,1503.5701,4060.0381,1118.0765,11872.2129,6044.9268,3268.7231,1247.2826,40822.9453,A3,N,N
11/23/2021,14:00,11651.6416,1514.7137,4063.0308,1093.2122,11945.8545,5985.7832,3255.3564,1228.5194,40738.1118,A6,N,N
11/23/2021,14:00,11419.0996,1504.26,4026.3201,1108.36,11935.5996,6034.6099,3218.3999,1282.33,40528.9791,E,N,N
11/23/2021,14:00,11425.7998,1506.13,4025.76,1108.39,11945.2998,6050.3501,3239.48,1281.25,40582.4597,E1,Y,N
11/23/2021,14:00,11419.0996,1504.86,4013.95,1108.36,11935.5996,6050.3501,3218.3999,1282.33,40532.9492,E2,N,N
11/23/2021,14:00,11397.0996,1502.79,4013.95,1108.25,11912.7002,5932.3901,3188.54,1263.17,40318.8899,E3,N,N
11/23/2021,14:00,11415.2754,1504.51,4019.9951,1108.34,11932.2998,6016.9253,3216.2048,1277.27,40490.8204,M,N,N
11/23/2021,15:00,11655.4678,1499.4531,4050.2869,1091.531,11767.7861,6019.1572,3288.9634,1302.5907,40675.2362,A3,N,N
11/23/2021,15:00,11658.0908,1509.86,4044.2976,1077.4403,11873.4932,5986.2881,3285.6284,1300.4681,40735.5665,A6,N,N
11/23/2021,15:00,11459.9004,1473.23,4033.7,1075.16,11763.9004,5975.6499,3305.7,1253.3,40340.5407,E,N,N
11/23/2021,15:00,11484.2998,1475.67,4033.04,1075.89,11784.5996,6000.9902,3299.3701,1254.52,40408.3797,E1,Y,N
11/23/2021,15:00,11459.9004,1475.38,4017.0601,1075.16,11763.9004,6000.9902,3305.7,1253.3,40351.3911,E2,N,N
11/23/2021,15:00,11403.7002,1471.36,4017.0601,1075.46,11731,5891.02,3260.8301,1235.6899,40086.1203,E3,N,N
11/23/2021,15:00,11451.9502,1473.9099,4025.2153,1075.4175,11760.8496,5967.1626,3292.9001,1249.2025,40296.6077,M,N,N
11/23/2021,16:00,11618.54,1477.0804,4069.0247,1077.366,11687.4443,6044.4468,3288.0439,1294.4573,40556.4034,A3,N,N
11/23/2021,16:00,11634.2168,1499.6724,4065.6536,1060.4512,11840.9648,5994.9595,3274.5859,1278.7172,40649.2214,A6,N,N
11/23/2021,16:00,11379.4004,1453.15,4030.3701,1065.35,11599.7998,5915.3999,3307.03,1248.03,39998.5302,E,N,N
11/23/2021,16:00,11417.7998,1456.52,4029.9299,1066.65,11642.7002,5958.2998,3296.8601,1250.17,40118.9298,E1,Y,N
11/23/2021,16:00,11379.4004,1456.95,4013.05,1065.35,11599.7998,5958.2998,3307.03,1248.03,40027.91,E2,N,N
11/23/2021,16:00,11308,1451.38,4013.05,1066.17,11567,5814.2798,3246.72,1227.46,39694.0598,E3,N,N
11/23/2021,16:00,11371.1504,1454.5,4021.5999,1065.88,11602.3252,5911.5698,3289.4099,1243.4226,39959.8578,M,N,N
11/23/2021,17:00,11483.9404,1459.4733,4100.0283,1043.4542,11732.1484,6117.0815,3238.9065,1270.9816,40446.0142,A3,N,N
11/23/2021,17:00,11575.7617,1480.5161,4089.6694,1033.134,11867.6377,6070.0527,3231.5264,1246.3954,40594.6934,A6,N,N
11/23/2021,17:00,11361.0996,1441.26,4027.6201,1042.21,11671.0996,5964.1499,3234.5,1286.64,40028.5792,E,N,N
11/23/2021,17:00,11401.5,1448.98,4027.4299,1045.12,11724.4004,5990.7798,3206.6599,1299.75,40144.62,E1,Y,N
11/23/2021,17:00,11361.0996,1442.24,4011.4099,1042.21,11671.0996,5990.7798,3234.5,1286.64,40039.9789,E2,N,N
11/23/2021,17:00,11267.2002,1442.64,4011.4099,1046.89,11631.2998,5887.1401,3161.3401,1282.58,39730.5001,E3,N,N
11/23/2021,17:00,11347.7246,1443.78,4019.4675,1044.1075,11674.4756,5958.2124,3209.25,1288.9026,39985.9202,M,N,N
11/23/2021,18:00,11551.2695,1479.7836,4160.8447,1036.6869,12124.8467,6307.9277,3194.3765,1273.2515,41128.9871,A3,N,N
11/23/2021,18:00,11606.1143,1523.3241,4161.6899,1024.1678,12197.2949,6244.3774,3196.9612,1276.9272,41230.8568,A6,N,N
11/23/2021,18:00,11437.0996,1460.87,4041.0901,1050.08,11943,6076.7002,3164.3101,1310.13,40483.28,E,N,N
11/23/2021,18:00,11411.9004,1469.05,4043.0601,1049.6801,11962.2002,6078.1899,3141.8,1332.22,40488.1007,E1,Y,N
11/23/2021,18:00,11437.0996,1458.09,4025.98,1050.08,11943,6078.1899,3164.3101,1310.13,40466.8796,E2,N,N
11/23/2021,18:00,11209.2998,1464.46,4025.98,1053.54,11808.2998,5957.3501,3069.02,1306.45,39894.3997,E3,N,N
11/23/2021,18:00,11373.8506,1463.1174,4034.0278,1050.845,11914.125,6047.6074,3134.8599,1314.7324,40333.1655,M,N,N
11/23/2021,19:00,11703.918,1545.8191,4204.4644,1078.6174,12468.7842,6634.6655,3262.1284,1331.958,42230.355,A3,N,N
11/23/2021,19:00,11710.6934,1587.9694,4197.3105,1059.2699,12421.6455,6573.0552,3266.2593,1351.3749,42167.5781,A6,N,N
11/23/2021,19:00,11614.0996,1523.14,4098.4102,1070.4399,12438.5996,6328.8101,3213.5,1362.26,41649.2594,E,N,N
11/23/2021,19:00,11639.2998,1538.09,4101.54,1072.63,12442.0996,6331.7598,3187.0901,1397.34,41709.8493,E1,Y,N
11/23/2021,19:00,11614.0996,1524.09,4083.8301,1070.4399,12438.5996,6331.7598,3213.5,1362.26,41638.579,E2,N,N
11/23/2021,19:00,11559.2998,1534.23,4083.8301,1078.65,12390,6323.4702,3129.01,1378.62,41477.1101,E3,N,N
11/23/2021,19:00,11606.7002,1529.8875,4091.9026,1073.0399,12427.3242,6328.9502,3185.7749,1375.1201,41618.6996,M,N,N
11/23/2021,20:00,11550.2275,1541.5657,4180.3936,1057.1683,12154.1113,6616.2915,3192.3298,1343.4773,41635.565,A3,N,N
11/23/2021,20:00,11608.7676,1579.1978,4176.459,1032.2245,12063.8135,6530.9268,3186.741,1354.3918,41532.522,A6,N,N
11/23/2021,20:00,11587.0996,1504.84,4110.54,1034.65,12278.5996,6252.4502,3144.6001,1374.46,41287.2395,E,N,N
11/23/2021,20:00,11596.4004,1524.29,4116.1299,1041.0601,12279.4004,6252,3128.1899,1410.09,41347.5607,E1,Y,N
11/23/2021,20:00,11587.0996,1515.3199,4104.6899,1034.65,12278.5996,6252,3144.6001,1374.46,41291.4191,E2,N,N
11/23/2021,20:00,11512.2998,1519.74,4104.6899,1048.08,12289.2002,6277.2598,3089.0901,1396.4,41236.7598,E3,N,N
11/23/2021,20:00,11570.7256,1516.0474,4109.0122,1039.61,12281.4502,6258.4272,3126.6201,1388.8524,41290.7451,M,N,N
11/23/2021,21:00,11353.2598,1528.0027,4161.3911,1032.0791,11815.7168,6476.4331,3104.0796,1329.7194,40800.6816,A3,N,N
11/23/2021,21:00,11406.2129,1573.5892,4152.3267,999.7502,11683.1543,6396.6196,3099.3167,1351.8142,40662.7838,A6,N,N
11/23/2021,21:00,11394.9004,1490.55,4102.0601,1014.23,11967.9004,6005.27,3066.24,1378.51,40419.6609,E,N,N
11/23/2021,21:00,11386.5996,1512.84,4095.78,1021.34,11942.0996,6009.23,3046.24,1415.03,40429.1592,E1,Y,N
11/23/2021,21:00,11394.9004,1516.54,4080.01,1014.23,11967.9004,6009.23,3066.24,1378.51,40427.5608,E2,N,N
11/23/2021,21:00,11278.4004,1504.48,4080.01,1032.78,12002.7998,6018.21,3031.74,1397.29,40345.7102,E3,N,N
11/23/2021,21:00,11363.6992,1506.1025,4089.4648,1020.645,11970.1748,6010.4854,3052.615,1392.335,40405.5217,M,N,N
11/23/2021,22:00,11023.8408,1485.4396,4127.894,992.3646,11305.7793,6218.1899,3005.5549,1297.1307,39456.1938,A3,N,N
11/23/2021,22:00,11031.6699,1529.5159,4116.9199,951.7243,11123.4063,6140.9795,3009.145,1320.323,39223.6838,A6,N,N
11/23/2021,22:00,11011.4004,1443.0601,4088.01,999.492,11503.5996,5754.27,2933.54,1344.5601,39077.9322,E,N,N
11/23/2021,22:00,11020.7002,1466.67,4086.6899,1007.89,11460.7998,5773.8101,2926.5801,1379.23,39122.3701,E1,Y,N
11/23/2021,22:00,11011.4004,1475.6899,4076.3999,999.492,11503.5996,5773.8101,2933.54,1344.5601,39118.492,E2,N,N
11/23/2021,22:00,10944.7998,1459.66,4076.3999,1007.6,11518.7998,5784.46,2915.4299,1361.03,39068.1794,E3,N,N
11/23/2021,22:00,10997.0752,1461.27,4081.875,1003.6185,11496.7002,5771.5879,2927.2725,1357.345,39096.7443,M,N,N
11/23/2021,23:00,10545.5752,1387.9269,4095.363,946.5323,10620.7891,5825.7158,2838.7039,1238.0779,37498.6841,A3,N,N
11/23/2021,23:00,10518.6143,1448.23,4098.6455,914.3449,10446.3818,5809.8145,2847.4604,1254.2462,37337.7376,A6,N,N
11/23/2021,23:00,10500.5996,1357.91,4063.0801,952.531,10818.9004,5444.77,2753.21,1280.87,37171.8711,E,N,N
11/23/2021,23:00,10515,1384.09,4054.21,960.735,10782,5462.7598,2732.8799,1313.45,37205.1247,E1,Y,N
11/23/2021,23:00,10500.5996,1380.84,4045.1799,952.531,10818.9004,5462.7598,2753.21,1280.87,37194.8907,E2,N,N
11/23/2021,23:00,10428.5,1370.98,4045.1799,959.15,10863.2998,5502.6201,2738.4399,1292.27,37200.4397,E3,N,N
11/23/2021,23:00,10486.1748,1373.455,4051.9124,956.2367,10820.7754,5468.2275,2744.4351,1291.865,37193.0819,M,N,N
11/23/2021,24:00,10102.3105,1308.1445,4059.241,908.6998,9839.4932,5409.1123,2671.5762,1187.0286,35485.6061,A3,N,N
11/23/2021,24:00,10097.3818,1355.8281,4075.019,877.0609,9681.4707,5362.5747,2682.8022,1187.4579,35319.5953,A6,N,N
11/23/2021,24:00,10020.2002,1282.16,4039.5601,899.977,10147.7002,5174.6401,2572.45,1224.45,35361.1376,E,N,N
11/23/2021,24:00,10039.5,1307.2,4028.1599,911.525,10109.2998,5190.71,2561.1201,1253.52,35401.0348,E1,Y,N
11/23/2021,24:00,10020.2002,1313.02,4018.76,899.977,10147.7002,5190.71,2572.45,1224.45,35387.2674,E2,N,N
11/23/2021,24:00,9962.5098,1303.16,4018.76,910.929,10203.2998,5236.9399,2562.5801,1233.92,35432.0986,E3,N,N
11/23/2021,24:00,10010.6016,1301.385,4026.3098,905.602,10152,5198.25,2567.1501,1234.085,35395.3835,M,N,N
11/24/2021,1:00,9787.0781,1233.6555,4044.4861,871.9449,9409,5135.354,2495.7959,1144.144,34121.4585,A3,N,N
11/24/2021,1:00,9785.1875,1292.6981,4067.843,834.6792,9312.3662,5158.3242,2506.5815,1088.7186,34046.3983,A6,N,N
11/24/2021,1:00,9635.7998,1229.27,4016.3501,869.585,9646.0703,4976.3101,2379.8201,1154.7,33907.9054,E,N,N
11/24/2021,1:00,9664.5801,1251.79,4005.48,885.724,9614.5,4984.0498,2374.6699,1185.62,33966.4138,E1,N,N
11/24/2021,1:00,9635.7998,1258.0601,3998.0601,869.585,9646.0703,4984.0498,2379.8201,1154.7,33926.1452,E2,Y,N
11/24/2021,1:00,9591.7002,1252.0601,3998.0601,885.974,9736.1602,5031.3101,2376.52,1163.96,34035.7447,E3,N,N
11/24/2021,1:00,9631.9697,1247.795,4004.4878,877.717,9660.7002,4993.9297,2377.7075,1164.7449,33959.0518,M,N,N
11/24/2021,2:00,9544.4648,1205.7094,4034.2305,862.3838,9094.3398,4956.2515,2414.2207,1131.8912,33243.4917,A3,N,N
11/24/2021,2:00,9551.2168,1254.233,4046.2595,837.1161,8985.7139,4966.0308,2399.1689,1089.1072,33128.8462,A6,N,N
11/24/2021,2:00,9380.4805,1191.46,4004.49,839.991,9270.9102,4830.7202,2283.5601,1121.39,32923.002,E,N,N
11/24/2021,2:00,9417.1201,1213.58,4002.1899,857.692,9242.54,4831.5298,2282.6101,1155.5601,33002.822,E1,N,N
11/24/2021,2:00,9380.4805,1221.67,4001.1399,839.991,9270.9102,4831.5298,2283.5601,1121.39,32950.6715,E2,Y,N
11/24/2021,2:00,9347.4102,1211.13,4001.1399,853.911,9356.0303,4869.9199,2278.8401,1128.08,33046.4614,E3,N,N
11/24/2021,2:00,9381.373,1209.46,4002.2397,847.8962,9285.0977,4840.9248,2282.1426,1131.6051,32980.7391,M,N,N
11/24/2021,3:00,9414.4854,1196.9532,4011.2305,872.5253,8933.1514,4868.2734,2382.772,1119.8074,32799.1986,A3,N,N
11/24/2021,3:00,9432.9092,1235.3468,4015.6741,850.4999,8806.4814,4893.2773,2374.542,1091.0532,32699.7839,A6,N,N
11/24/2021,3:00,9236.04,1182.5,3990.76,822.091,9081.29,4786.0698,2212.3601,1104.8,32415.9109,E,N,N
11/24/2021,3:00,9278.25,1200.5601,3982.8401,840.382,9055.6299,4790.7002,2218.5901,1141.17,32508.1224,E1,N,N
11/24/2021,3:00,9236.04,1200.6,3986.96,822.091,9081.29,4790.7002,2212.3601,1104.8,32434.8413,E2,Y,N
11/24/2021,3:00,9200.5801,1199.59,3986.96,838.639,9165.7598,4818.0698,2224.8101,1114.64,32549.0488,E3,N,N
11/24/2021,3:00,9237.7266,1195.8125,3986.8801,830.8007,9095.9922,4796.3848,2217.0303,1116.3525,32476.9797,M,N,N
11/24/2021,4:00,9430.082,1198.2986,4037.6353,871.7986,8894.8086,4852.1582,2361.376,1118.1714,32764.3287,A3,N,N
11/24/2021,4:00,9458.5859,1241.0839,4006.6455,841.0544,8763.0723,4844.5132,2358.457,1120.3959,32633.8081,A6,N,N
11/24/2021,4:00,9226.7402,1186.4301,3978.6799,816.814,9066.6904,4769.3999,2199.6001,1100.46,32344.8146,E,N,N
11/24/2021,4:00,9261.9102,1204.4,3969.6599,834.848,9042.54,4770.7598,2199.3201,1143.0601,32426.4981,E1,N,N
11/24/2021,4:00,9226.7402,1206.27,3977.5801,816.814,9066.6904,4770.7598,2199.6001,1100.46,32364.9146,E2,Y,N
11/24/2021,4:00,9199.96,1195.1899,3977.5801,830.672,9128.1797,4792.9502,2199.5,1119.36,32443.3919,E3,N,N
11/24/2021,4:00,9228.8379,1198.0725,3975.875,824.787,9076.0254,4775.9678,2199.5049,1115.835,32394.9055,M,N,N
11/24/2021,5:00,9612.5986,1223.394,4057.3521,897.4852,9116.2607,4960.9019,2380.4458,1122.2567,33370.695,A3,N,N
11/24/2021,5:00,9627.5068,1255.7583,4029.592,865.4622,8965.4893,4931.5996,2377.9268,1157.6208,33210.9558,A6,N,N
11/24/2021,5:00,9398.8799,1222.12,3985.01,834,9298.04,4873.2402,2217.99,1105.46,32934.7401,E,N,N
11/24/2021,5:00,9431.0498,1243.04,3977.0801,849.874,9280.8799,4864.25,2220.9199,1152.85,33019.9437,E1,N,N
11/24/2021,5:00,9398.8799,1245.39,3979.6399,834,9298.04,4864.25,2217.99,1105.46,32943.6498,E2,Y,N
11/24/2021,5:00,9363.2402,1223.95,3979.6399,846.049,9338.7197,4878.5698,2217.6201,1134.95,32982.7387,E3,N,N
11/24/2021,5:00,9398.0117,1233.625,3980.3423,840.9808,9303.9199,4870.0776,2218.6301,1124.6799,32970.2673,M,N,N
11/24/2021,6:00,10062.6934,1315.6353,4118.4019,962.0222,9711.4736,5219.896,2465.7893,1153.9233,35009.835,A3,N,N
11/24/2021,6:00,10050.8262,1343.1531,4122.8506,907.7009,9540.2041,5161.4858,2443.6501,1222.056,34791.9268,A6,N,N
11/24/2021,6:00,9912.4404,1295.35,4008.8201,880.131,10005,5142.5098,2360.52,1147.36,34752.1313,E,N,N
11/24/2021,6:00,9939.79,1318.84,4003.76,896.885,10002.5,5130.7002,2363.5,1195.9,34851.8752,E1,N,N
11/24/2021,6:00,9912.4404,1323.96,4007.6699,880.131,10005,5130.7002,2360.52,1147.36,34767.7815,E2,Y,N
11/24/2021,6:00,9859.96,1299.26,4007.6699,889.218,10058.7002,5134.9702,2358.77,1180.9,34789.4483,E3,N,N
11/24/2021,6:00,9906.1582,1309.3525,4006.98,886.5912,10017.7998,5134.7202,2360.8276,1167.88,34790.3095,M,N,N
11/24/2021,7:00,10706.3438,1453.4824,4199.5317,1054.3004,10713.1895,5774.2949,2661.2595,1224.6683,37787.0705,A3,N,N
11/24/2021,7:00,10666.0889,1489.0859,4218.2646,967.9851,10432.5195,5658.1973,2600.4153,1306.9316,37339.4882,A6,N,N
11/24/2021,7:00,10576.2998,1439.42,4062.55,949.87,11109.2998,5681.5,2584.96,1235.24,37639.1396,E,N,N
11/24/2021,7:00,10604.2002,1464.8199,4056.3101,966.454,11111.9004,5675.1899,2589.3201,1285.52,37753.7146,E1,N,N
11/24/2021,7:00,10576.2998,1472.02,4059.0801,949.87,11109.2998,5675.1899,2584.96,1235.24,37661.9596,E2,Y,N
11/24/2021,7:00,10500.7998,1444.47,4059.0801,957.248,11139.4004,5655.25,2590.5701,1272.85,37619.6684,E3,N,N
11/24/2021,7:00,10564.4004,1455.1824,4059.2551,955.8605,11117.4746,5671.7822,2587.4526,1257.2125,37668.6203,M,N,N
11/24/2021,8:00,11060.335,1503.6545,4236.9321,1098.7867,11130.0957,6051.6108,2755.5452,1277.9663,39114.9263,A3,N,N
11/24/2021,8:00,11039.8271,1512.0865,4286.9946,1011.0436,10918.0254,5951.5376,2700.627,1343.0323,38763.1741,A6,N,N
11/24/2021,8:00,10880.7002,1480.01,4089.28,985.954,11654.5996,5908.7202,2650.3201,1255.6801,38905.2642,E,N,N
11/24/2021,8:00,10900,1497.62,4078.4299,1001.81,11611.7998,5894.3501,2652.9199,1303.02,38939.9497,E1,N,N
11/24/2021,8:00,10880.7002,1520.91,4066.97,985.954,11654.5996,5894.3501,2650.3201,1255.6801,38909.4841,E2,Y,N
11/24/2021,8:00,10824.2998,1475.46,4066.97,1000.42,11629.7998,5859.02,2647.8401,1289.1899,38792.9996,E3,N,N
11/24/2021,8:00,10871.4248,1493.5,4075.4124,993.5344,11637.7002,5889.1099,2650.3501,1275.8926,38886.9244,M,N,N
11/24/2021,9:00,11517.2119,1517.1057,4163.5732,1114.6483,11292.0244,6071.5059,2861.2119,1290.2816,39827.5629,A3,N,N
11/24/2021,9:00,11465.5703,1539.3936,4237.8823,1037.6204,11037.0049,6027.9126,2825.9807,1303.8348,39475.1996,A6,N,N
11/24/2021,9:00,11204.2002,1481.76,4059.3701,997.367,11725.7002,6021.04,2680.3501,1212.14,39381.9276,E,N,N
11/24/2021,9:00,11215.0996,1506.6801,4048.03,1007.22,11722.9004,6003.52,2707.8999,1277.0601,39488.4101,E1,N,N
11/24/2021,9:00,11204.2002,1524.1899,4038.6699,997.367,11725.7002,6003.52,2680.3501,1212.14,39386.1373,E2,Y,N
11/24/2021,9:00,11117.5996,1487.36,4038.6699,1006.68,11862.2998,6018.7598,2697.23,1286.96,39515.5591,E3,N,N
11/24/2021,9:00,11185.2754,1499.9974,4046.1851,1002.1584,11759.1504,6011.71,2691.4575,1247.0751,39443.0093,M,N,N
11/24/2021,10:00,11878.2539,1501.0251,4042.7896,1122.6923,11560.7188,6095.3599,3020.396,1306.2993,40527.5349,A3,N,N
11/24/2021,10:00,11791.3604,1507.4833,4132.8252,1056.1147,11299.543,6008.0137,2983.2166,1305.2292,40083.7861,A6,N,N
11/24/2021,10:00,11469.0996,1500.8101,4064.27,1020.07,11997,6135.1001,2848.1201,1201.34,40235.8099,E,N,N
11/24/2021,10:00,11421.7998,1508.63,4049.3501,1034.4399,11884.9004,6076.9399,2818.27,1247.6,40041.9301,E1,N,N
11/24/2021,10:00,11469.0996,1519.8,4038.1001,1020.07,11997,6076.9399,2848.1201,1201.34,40170.4697,E2,Y,N
11/24/2021,10:00,11402.5,1496.05,4038.1001,1036.58,12081.5,6108.98,2815.05,1260.3199,40239.08,E3,N,N
11/24/2021,10:00,11440.625,1506.3225,4047.4551,1027.79,11990.0996,6099.4902,2832.3899,1227.6499,40171.8222,M,N,N
11/24/2021,11:00,12176.5762,1482.2786,3967.5942,1111.8223,11756.7207,6129.895,3159.3042,1313.7386,41097.9298,A3,N,N
11/24/2021,11:00,12155.3623,1486.2004,3946.9104,1066.7428,11547.5771,6104.3896,3107.5786,1336.001,40750.7622,A6,N,N
11/24/2021,11:00,11809,1511.48,4070.21,1014.02,12112.4004,6249.3901,2957.8601,1184.33,40908.6906,E,N,N
11/24/2021,11:00,11770.2998,1511.33,4056.5701,1030.49,11966.5,6162.3701,2919.8799,1223.15,40640.5899,E1,N,N
11/24/2021,11:00,11809,1514.74,4049.8301,1014.02,12112.4004,6162.3701,2957.8601,1184.33,40804.5507,E2,Y,N
11/24/2021,11:00,11663.0996,1501.62,4049.8301,1043.9,12178.0996,6205.5801,2891.6699,1233.85,40767.6493,E3,N,N
11/24/2021,11:00,11762.8496,1509.7925,4056.6101,1025.6075,12092.3496,6194.9272,2931.8176,1206.415,40780.3691,M,N,N
11/24/2021,12:00,12474.3965,1485.3054,3938.5515,1097.76,11831.9072,6197.415,3297.0691,1328.3516,41650.7563,A3,N,N
11/24/2021,12:00,12461.1523,1500.8169,3889.6577,1057.9574,11703.5938,6205.3008,3243.3535,1362.6505,41424.4829,A6,N,N
11/24/2021,12:00,12142.9004,1516.16,4064.29,1027.36,12151.9004,6298.8398,3131.6799,1190.48,41523.6105,E,N,N
11/24/2021,12:00,11869.7998,1511.4301,4049.54,1039.0699,11963.2998,6200.71,3078.0801,1227.34,40939.2697,E1,N,N
11/24/2021,12:00,12142.9004,1513.51,4045.4299,1027.36,12151.9004,6200.71,3131.6799,1190.48,41403.9706,E2,Y,N
11/24/2021,12:00,11840.2002,1502,4045.4299,1067.4301,12211.2002,6254.5601,3035.24,1237.17,41193.2305,E3,N,N
11/24/2021,12:00,11998.9502,1510.775,4051.1724,1040.3051,12119.5752,6238.7051,3094.1699,1211.3674,41265.0203,M,N,N
11/24/2021,13:00,12762.9023,1484.0713,3957.6677,1081.9341,11884.4404,6278.6245,3398.1228,1307.3191,42155.0822,A3,N,N
11/24/2021,13:00,12764.5557,1501.8848,3912.3682,1040.0353,11831.8066,6309.7202,3357.2961,1339.7761,42057.443,A6,N,N
11/24/2021,13:00,12405.9004,1520.98,4039.1899,1030.29,12117.5,6321.9199,3277.01,1199.22,41912.0102,E,N,N
11/24/2021,13:00,12118.7002,1514.0699,4026.4199,1040.35,11931.5,6217.1899,3220.0601,1238.84,41307.13,E1,N,N
11/24/2021,13:00,12405.9004,1516.13,4025.1299,1030.29,12117.5,6217.1899,3277.01,1199.22,41788.3702,E2,Y,N
11/24/2021,13:00,11978.9004,1502.84,4025.1299,1079.9,12195.2998,6273.3198,3151.1799,1252.89,41459.4598,E3,N,N
11/24/2021,13:00,12227.3496,1513.5049,4028.9675,1045.2075,12090.4502,6257.4048,3231.3149,1222.5425,41616.7419,M,N,N
11/24/2021,14:00,12957.3682,1514.1737,3996.8279,1088.7285,11909.0537,6400.0605,3515.5005,1294.9106,42676.6236,A3,N,N
11/24/2021,14:00,12924.7344,1517.9966,3967.1526,1043.8767,11933.6914,6458.0771,3467.2366,1312.1178,42624.8832,A6,N,N
11/24/2021,14:00,12579.2998,1538.67,4038.3201,1045.77,12050,6357.4399,3427.21,1214.6899,42251.3997,E,N,N
11/24/2021,14:00,12358.2998,1525.8,4026,1051.96,11935,6291.7798,3342.3401,1253.14,41784.3197,E1,N,N
11/24/2021,14:00,12579.2998,1520.4399,4025.73,1045.77,12050,6291.7798,3427.21,1214.6899,42154.9194,E2,Y,N
11/24/2021,14:00,12122.0996,1537.28,4025.73,1107.86,12208.7002,6378.5,3259.3201,1267.96,41907.4499,E3,N,N
11/24/2021,14:00,12409.75,1530.5476,4028.9453,1062.84,12060.9248,6329.875,3364.02,1237.62,42024.5227,M,N,N
11/24/2021,15:00,13020.6406,1541.1567,4027.8679,1084.6686,11940.6211,6480.4106,3582.4441,1303.7579,42981.5675,A3,N,N
11/24/2021,15:00,12975.3955,1520.8145,4003.0952,1040.4479,12040.4512,6563.0073,3528.9929,1322.8505,42995.055,A6,N,N
11/24/2021,15:00,12756.5,1563.6,4045.29,1054.8199,11980.9004,6513.5601,3531.8401,1224.8,42671.3105,E,N,N
11/24/2021,15:00,12462.7002,1538.11,4031.75,1060.5601,11885.5996,6439.8501,3430.74,1262.22,42111.53,E1,N,N
11/24/2021,15:00,12756.5,1518.15,4029.1001,1054.8199,11980.9004,6439.8501,3531.8401,1224.8,42535.9606,E2,Y,N
11/24/2021,15:00,12199.5,1548.03,4029.1001,1132.78,12272.7998,6468.1699,3340.6001,1284.8199,42275.7998,E3,N,N
11/24/2021,15:00,12543.7998,1541.9724,4033.8101,1075.7449,12030.0498,6465.3574,3458.7549,1249.16,42398.6493,M,N,N
11/24/2021,16:00,12914.6445,1550.9895,4053.6589,1069.1185,11953.6162,6576.73,3594.1284,1306.8942,43019.7802,A3,N,N
11/24/2021,16:00,12871.2383,1519.2072,4040.168,1034.3656,12101.2588,6726.6274,3539.9204,1311.2703,43144.056,A6,N,N
11/24/2021,16:00,12802.2998,1577.4,4057.1499,1049.71,11971,6642.2402,3581.53,1240.12,42921.4499,E,N,N
11/24/2021,16:00,12449.4004,1544.59,4043.1299,1059.42,11910.0996,6541.71,3479.8501,1280.76,42308.96,E1,N,N
11/24/2021,16:00,12802.2998,1521.12,4043.5601,1049.71,11971,6541.71,3581.53,1240.12,42751.0499,E2,Y,N
11/24/2021,16:00,12188,1552.39,4043.5601,1144.5,12360.2998,6524.5601,3381.8101,1304.05,42499.1701,E3,N,N
11/24/2021,16:00,12560.5,1548.875,4046.8501,1075.835,12053.1006,6562.5552,3506.1802,1266.2625,42620.1586,M,N,N
11/24/2021,17:00,12703.2764,1545.272,4090.6223,1049.4294,12075.0508,6653.2476,3566.9863,1290.2352,42974.12,A3,N,N
11/24/2021,17:00,12713.1133,1499.1836,4077.5278,1019.8462,12215.0537,6810.668,3514.2458,1284.1611,43133.7995,A6,N,N
11/24/2021,17:00,12726.7002,1576.59,4057.8301,1038.45,12050.7002,6749.4902,3569.25,1282.1801,43051.1908,E,N,N
11/24/2021,17:00,12297.5,1544.04,4045.1201,1054.1,12011.2998,6612.21,3472.8501,1322.6899,42359.8099,E1,N,N
11/24/2021,17:00,12726.7002,1526.3,4045.21,1038.45,12050.7002,6612.21,3569.25,1282.1801,42851.0005,E2,Y,N
11/24/2021,17:00,12102.7002,1545.04,4045.21,1146.2,12471.5,6591.1201,3373.46,1344.42,42619.6503,E3,N,N
11/24/2021,17:00,12463.3994,1547.9924,4048.3425,1069.2999,12146.0498,6641.2578,3496.2024,1307.8676,42720.4118,M,N,N
11/24/2021,18:00,12675.5088,1571.5021,4157.5449,1051.921,12518.0459,6875.3604,3527.7329,1295.8956,43673.5116,A3,N,N
11/24/2021,18:00,12655.7383,1530.3102,4159.9116,1015.0566,12635.2207,7058.3975,3481.1919,1315.7977,43851.6245,A6,N,N
11/24/2021,18:00,12810.5,1615.58,4080.29,1056.13,12426.7998,6914.7002,3484.54,1291.01,43679.55,E,N,N
11/24/2021,18:00,12460.5,1580.74,4068.3601,1069.6899,12370.2002,6802.6499,3396.52,1330.92,43079.5801,E1,N,N
11/24/2021,18:00,12810.5,1537.2,4064.47,1056.13,12426.7998,6802.6499,3484.54,1291.01,43473.2997,E2,Y,N
11/24/2021,18:00,12234,1565.62,4064.47,1164.71,12848.7998,6740.3501,3319.2,1337.5,43274.6499,E3,N,N
11/24/2021,18:00,12578.875,1574.7849,4069.3975,1086.6649,12518.1504,6815.0874,3421.2,1312.6101,43376.7702,M,N,N
11/24/2021,19:00,12796.7754,1633.8105,4204.4136,1104.2992,12894.9746,7165.709,3614.0974,1355.7216,44769.8013,A3,N,N
11/24/2021,19:00,12708.6602,1567.7588,4200.1563,1050.9122,12945.9258,7302.105,3576.5686,1387.9126,44739.9995,A6,N,N
11/24/2021,19:00,12785.5996,1633.25,4136.9399,1075.55,12753.7002,7066.54,3509.0701,1328.3101,44288.9599,E,N,N
11/24/2021,19:00,12542.7998,1617.05,4127.8799,1093.9301,12754.5,6997.0498,3451.6499,1373.24,43958.0995,E1,N,N
11/24/2021,19:00,12785.5996,1588.59,4116.9902,1075.55,12753.7002,6997.0498,3509.0701,1328.3101,44154.86,E2,Y,N
11/24/2021,19:00,12385.5996,1616.0699,4116.9902,1181.8101,13202.5,6958.3198,3396.1499,1377.86,44235.2995,E3,N,N
11/24/2021,19:00,12624.9004,1613.74,4124.7002,1106.71,12866.0996,7004.7402,3466.4849,1351.9301,44159.3054,M,N,N
11/24/2021,20:00,12550.6797,1614.8263,4176.3867,1085.4214,12545.748,7043.0776,3551.7163,1362.8324,43930.6884,A3,N,N
11/24/2021,20:00,12519.9336,1538.9469,4178.979,1021.2382,12562.874,7145.4204,3512.8674,1384.8619,43865.1214,A6,N,N
11/24/2021,20:00,12593.2998,1604.7,4144.5098,1067.54,12584.5,6966.0601,3439.97,1307.86,43708.4397,E,N,N
11/24/2021,20:00,12384.2002,1592.66,4135.3398,1090.15,12664.4004,6900.21,3395.2,1352.99,43515.1504,E1,N,N
11/24/2021,20:00,12593.2998,1582.13,4131.0498,1067.54,12584.5,6900.21,3439.97,1307.86,43606.5596,E2,Y,N
11/24/2021,20:00,12310.2002,1598.45,4131.0498,1170.41,13114.5996,6907.7402,3353.4199,1360.88,43946.7497,E3,N,N
11/24/2021,20:00,12470.25,1594.4849,4135.4873,1098.91,12737,6918.5552,3407.1399,1332.3975,43694.2248,M,N,N
11/24/2021,21:00,12266.1211,1589.129,4150.9507,1059.2188,12141.8418,6806.4585,3472.9885,1342.3408,42829.0492,A3,N,N
11/24/2021,21:00,12226.1514,1524.6873,4151.71,988.3857,12092.2598,6916.9585,3442.8594,1375.8135,42718.8256,A6,N,N
11/24/2021,21:00,12343,1561.14,4116.3398,1037.35,12192.2998,6767.0601,3362.8501,1302.4301,42682.4699,E,N,N
11/24/2021,21:00,12111.9004,1552.01,4105.6802,1062.21,12263.7998,6671.8101,3329.3,1336.9301,42433.6406,E1,N,N
11/24/2021,21:00,12343,1538.62,4118.1499,1037.35,12192.2998,6671.8101,3362.8501,1302.4301,42566.51,E2,Y,N
11/24/2021,21:00,12123.7002,1551.5,4118.1499,1133.79,12709.7002,6673.52,3305.97,1338.33,42954.6603,E3,N,N
11/24/2021,21:00,12230.3994,1550.8175,4114.5801,1067.675,12339.5244,6696.0498,3340.2424,1320.03,42659.3186,M,N,N
11/24/2021,22:00,11875.4434,1523.3568,4111.1416,1010.9389,11592.7188,6485.3174,3346.4717,1302.0066,41247.3952,A3,N,N
11/24/2021,22:00,11810.3047,1466.736,4109.1396,937.007,11464.501,6599.5483,3341.0955,1336.0963,41064.4284,A6,N,N
11/24/2021,22:00,11943.9004,1490.3,4095.97,992.733,11493.2998,6443.0698,3253.3899,1267.55,40980.2129,E,N,N
11/24/2021,22:00,11734,1477.72,4087.74,1017.12,11664,6339.6499,3207.77,1305.89,40833.8899,E1,N,N
11/24/2021,22:00,11943.9004,1468.13,4092.6899,992.733,11493.2998,6339.6499,3253.3899,1267.55,40851.3429,E2,Y,N
11/24/2021,22:00,11802.7998,1483.47,4092.6899,1079.38,12080.5,6340.23,3199.71,1302.54,41381.3197,E3,N,N
11/24/2021,22:00,11856.1504,1479.905,4092.2725,1020.4915,11682.7754,6365.6499,3228.5649,1285.8826,41011.6922,M,N,N
11/24/2021,23:00,11337.3027,1406.3213,4078.7314,956.1987,10835.3008,6024.4756,3164.6206,1238.5835,39041.5346,A3,N,N
11/24/2021,23:00,11244.499,1370.5483,4089.175,893.9372,10691.3682,6166.5996,3170.4597,1264.0652,38890.6522,A6,N,N
11/24/2021,23:00,11381.9004,1383.3101,4057.26,936.379,10731.4004,6046.2798,3086.5801,1202.16,38825.2698,E,N,N
11/24/2021,23:00,11199.2998,1381.65,4034.7,957.597,10927,5963.8501,3070.27,1243.7,38778.0669,E1,N,N
11/24/2021,23:00,11381.9004,1372.72,4040.1899,936.379,10731.4004,5963.8501,3086.5801,1202.16,38715.1799,E2,Y,N
11/24/2021,23:00,11349.2002,1388.89,4040.1899,1015.1,11318.7002,5979.04,3051.05,1236.71,39378.8803,E3,N,N
11/24/2021,23:00,11328.0752,1381.6425,4043.085,961.3638,10927.125,5988.2549,3073.6199,1221.1825,38924.3488,M,N,N
11/24/2021,24:00,10840.5547,1308.6874,4043.3591,911.3936,9969.6426,5577.3818,2970.1172,1185.9111,36807.0475,A3,N,N
11/24/2021,24:00,10763.373,1278.392,4063.8279,852.6864,9821.0879,5669.0488,2977.6147,1193.312,36619.3427,A6,N,N
11/24/2021,24:00,10738,1278.54,4011.8,886.421,10057.0996,5627.3398,2878.97,1146.64,36624.8104,E,N,N
11/24/2021,24:00,10635.2998,1276.51,3977.29,906.886,10141.9004,5564.25,2894.1699,1188.4,36584.7061,E1,N,N
11/24/2021,24:00,10738,1265.48,3979.8301,886.421,10057.0996,5564.25,2878.97,1146.64,36516.6907,E2,Y,N
11/24/2021,24:00,10837.5996,1291.91,3979.8301,954.696,10450,5536.3599,2864.97,1182.3199,37097.6855,E3,N,N
11/24/2021,24:00,10737.2246,1278.11,3987.1875,908.606,10176.5254,5573.0498,2879.2698,1166,36705.9731,M,N,N
11/25/2021,1:00,10381.3623,1212.8187,4045.4373,871.6195,9445.9648,5323.248,2812.8242,1144.6168,35237.8916,A3,N,N
11/25/2021,1:00,10372.4736,1207.5928,4067.8418,819.9598,9312.6934,5390.4302,2801.2346,1092.5649,35064.7911,A6,N,N
11/25/2021,1:00,10150,1184.45,3969.73,837.144,9596.0498,5289.79,2758.3301,1113.74,34899.2339,E,N,N
11/25/2021,1:00,10151.7002,1185.03,3912.5,857.001,9595.6201,5275.4102,2816.29,1158.13,34951.6815,E1,N,N
11/25/2021,1:00,10150,1176.36,3919.0901,837.144,9596.0498,5275.4102,2758.3301,1113.74,34826.1242,E2,Y,N
11/25/2021,1:00,10446,1207.5699,3919.0901,901.861,9776.9502,5231.0298,2769.3101,1146.41,35398.2211,E3,N,N
11/25/2021,1:00,10224.4248,1188.3524,3930.1025,858.2875,9641.167,5267.9102,2775.5649,1133.005,35018.8143,M,N,N
11/25/2021,2:00,10069.7939,1166.5009,4038.748,857.4684,9023.8027,5103.2026,2710.3782,1130.9619,34100.8566,A3,N,N
11/25/2021,2:00,10067.2881,1169.2341,4047.2507,816.0986,8896.0029,5143.168,2667.738,1089.9158,33896.6962,A6,N,N
11/25/2021,2:00,9708.6797,1114.22,3940.6001,803.923,9210.0195,4977.2002,2615.47,1071.9,33442.0125,E,N,N
11/25/2021,2:00,9757.7803,1116.51,3871.22,824.204,9178.5498,4990.8599,2694.1799,1121.27,33554.5739,E1,N,N
11/25/2021,2:00,9708.6797,1114.74,3886.45,803.923,9210.0195,4990.8599,2615.47,1071.9,33402.0421,E2,Y,N
11/25/2021,2:00,10092.2002,1140.8199,3886.45,861.752,9227.3398,4945.98,2638.49,1106.58,33899.6119,E3,N,N
11/25/2021,2:00,9816.835,1121.5725,3896.1802,823.4504,9206.4824,4976.2251,2640.9026,1092.9125,33574.5607,M,N,N
11/25/2021,3:00,9811.0635,1136.8815,4020.6196,865.0495,8781.502,4947.5371,2639.3611,1118.86,33320.8743,A3,N,N
11/25/2021,3:00,9825.6758,1148.9283,4019.7664,826.4836,8642.0225,4996.5728,2617.4314,1089.7441,33166.6249,A6,N,N
11/25/2021,3:00,9379.0498,1066.29,3921.1299,771.12,8924.3604,4811.75,2522.3,1038.49,32434.4901,E,N,N
11/25/2021,3:00,9485.2402,1072.09,3836.5,790.269,8869.5596,4848.8901,2616.6899,1082.09,32601.3288,E1,N,N
11/25/2021,3:00,9379.0498,1072.41,3856.45,771.12,8924.3604,4848.8901,2522.3,1038.49,32413.0703,E2,Y,N
11/25/2021,3:00,9843.2305,1097.8101,3856.45,829.036,8818.3604,4809.3901,2564.0701,1063.01,32881.3572,E3,N,N
11/25/2021,3:00,9521.6426,1077.15,3867.6326,790.3862,8884.1602,4829.7305,2556.3401,1055.52,32582.5622,M,N,N
11/25/2021,4:00,9740.418,1127.5292,4051.4548,864.0168,8662.6914,4863.7734,2597.0032,1118.8949,33025.7817,A3,N,N
11/25/2021,4:00,9734.8252,1147.6965,4015.0378,822.1392,8505.9668,4879.5737,2581.5642,1117.6814,32804.4848,A6,N,N
11/25/2021,4:00,9213.1904,1044.55,3939.54,758.334,8770.0801,4680.9902,2460.1499,1023.45,31890.2846,E,N,N
11/25/2021,4:00,9344.9199,1054.77,3851.1399,777.385,8709.2695,4719.2998,2558.53,1065.4301,32080.7442,E1,N,N
11/25/2021,4:00,9213.1904,1058.1899,3869.1201,758.334,8770.0801,4719.2998,2460.1499,1023.45,31871.8142,E2,Y,N
11/25/2021,4:00,9707.9297,1071.62,3869.1201,813.659,8624.8398,4685.8999,2500.3,1041.97,32315.3385,E3,N,N
11/25/2021,4:00,9369.8076,1057.2825,3882.23,776.928,8718.5674,4701.3726,2494.7825,1038.575,32039.5456,M,N,N
11/25/2021,5:00,9699.6318,1148.4639,4080.0254,891.0105,8655.9346,4842.1392,2554.5479,1126.0094,32997.7627,A3,N,N
11/25/2021,5:00,9723.9619,1169.3669,4045.0596,850.4647,8513.9434,4825.2075,2593.1287,1154.567,32875.6997,A6,N,N
11/25/2021,5:00,9195.7803,1041.24,3926.3701,772.406,8876.8096,4673.0601,2440.72,1012.02,31938.4061,E,N,N
11/25/2021,5:00,9322.5703,1052.02,3845.0701,790.879,8802.7803,4691.6299,2526.1599,1055.0699,32086.1794,E1,N,N
11/25/2021,5:00,9195.7803,1054.4399,3849.8601,772.406,8876.8096,4691.6299,2440.72,1012.02,31893.6658,E2,Y,N
11/25/2021,5:00,9662.2402,1063.64,3849.8601,824.547,8700.54,4666.8501,2468.4199,1032.13,32268.2273,E3,N,N
11/25/2021,5:00,9344.0938,1052.835,3867.7903,790.0594,8814.2344,4680.7925,2469.0049,1027.8099,32046.6202,M,N,N
11/25/2021,6:00,9767.7754,1231.7344,4151.0645,957.6983,8794.918,4878.9053,2545.2556,1166.0225,33493.374,A3,N,N
11/25/2021,6:00,9790.8916,1252.8707,4147.4219,896.4495,8687.0508,4831.0698,2650.4001,1222.146,33478.3004,A6,N,N
11/25/2021,6:00,9304.6104,1071.67,3942.22,779.988,8989.4697,4748.02,2469.22,1013.15,32318.3481,E,N,N
11/25/2021,6:00,9413.6201,1087.42,3867.02,799.063,8901.1699,4853.7798,2549.1499,1053.21,32524.4327,E1,N,N
11/25/2021,6:00,9304.6104,1091.76,3852.5701,779.988,8989.4697,4853.7798,2469.22,1013.15,32354.548,E2,Y,N
11/25/2021,6:00,9731.75,1094.41,3852.5701,832.062,8751.1104,4807.9302,2481.49,1032.86,32584.1827,E3,N,N
11/25/2021,6:00,9438.6475,1086.3151,3878.5952,797.7753,8907.8047,4815.8774,2492.27,1028.0924,32445.3776,M,N,N
11/25/2021,7:00,9883.0059,1362.1376,4243.3306,1059.7207,9022.2373,5015.3706,2563.1616,1247.454,34396.4183,A3,N,N
11/25/2021,7:00,9928.0254,1393.448,4254.0044,970.8973,8909.8145,4949.3491,2804.0845,1312.4398,34522.063,A6,N,N
11/25/2021,7:00,9509.8604,1122.98,4003.0701,823.73,9278.8604,4924.4102,2546.27,1030.48,33239.6611,E,N,N
11/25/2021,7:00,9646.4102,1139.38,3934.4199,844.615,9160.7002,5038.4102,2629.02,1073.53,33466.4855,E1,N,N
11/25/2021,7:00,9509.8604,1145.37,3909.5,823.73,9278.8604,5038.4102,2546.27,1030.48,33282.481,E2,Y,N
11/25/2021,7:00,9897.9697,1142.47,3909.5,882.388,8919.2803,4966.71,2560.8301,1054.51,33333.6581,E3,N,N
11/25/2021,7:00,9641.0244,1137.55,3939.1226,843.6157,9159.4258,4991.9854,2570.5977,1047.25,33330.5716,M,N,N
11/25/2021,8:00,10032.5195,1418.3577,4292.1938,1118.5004,9402.2646,5202.7915,2589.2656,1312.1787,35368.0718,A3,N,N
11/25/2021,8:00,10077.7109,1452.2965,4334.6206,1038.069,9318.4482,5142.8999,2903.438,1355.9911,35623.4742,A6,N,N
11/25/2021,8:00,9552.1797,1194.92,4063.73,862.908,9932.8398,5177.3398,2604.55,1087.87,34476.3373,E,N,N
11/25/2021,8:00,9761,1213.3199,4003.0601,879.266,9784,5307.5601,2709.4399,1115.1801,34772.8261,E1,N,N
11/25/2021,8:00,9552.1797,1222.14,3972.3701,862.908,9932.8398,5307.5601,2604.55,1087.87,34542.4177,E2,Y,N
11/25/2021,8:00,9985.6602,1217.24,3972.3701,907.477,9511.04,5227.4302,2641.8201,1094.5,34557.5376,E3,N,N
11/25/2021,8:00,9712.7549,1211.905,4002.8826,878.1398,9790.1797,5254.9727,2640.0901,1096.355,34587.2798,M,N,N
11/25/2021,9:00,10538.7764,1450.0718,4228.7339,1146.5463,10034.9609,5405.0669,2757.9236,1335.8048,36897.8846,A3,N,N
11/25/2021,9:00,10540.4121,1494.234,4297.0132,1088.9497,9895.5684,5367.5874,3017.8584,1328.0077,37029.6309,A6,N,N
11/25/2021,9:00,9915.9199,1307.34,4080.74,891.004,10490.0996,5597.46,2809.9199,1008.47,36100.9534,E,N,N
11/25/2021,9:00,10138.7998,1332.36,4033.6599,898.315,10486,5736.48,2932.8999,1122.95,36681.4646,E1,N,N
11/25/2021,9:00,9915.9199,1339.34,4006.74,891.004,10490.0996,5736.48,2809.9199,1008.47,36197.9734,E2,Y,N
11/25/2021,9:00,10337.7002,1336.79,4006.74,932.905,10390.9004,5700.29,2860.74,1128.27,36694.3356,E3,N,N
11/25/2021,9:00,10077.085,1328.9575,4031.97,903.3071,10464.2754,5692.6777,2853.3701,1067.04,36418.6828,M,N,N
11/25/2021,10:00,10989.5986,1459.8918,4110.2197,1163.7983,10748.4785,5645.584,2980.7822,1354.5876,38452.9407,A3,N,N
11/25/2021,10:00,10959.624,1477.5894,4199.5601,1126.4042,10613.6143,5554.7402,3168.4998,1332.7413,38432.7733,A6,N,N
11/25/2021,10:00,10586,1355.3199,4106.48,1001.74,11613.7998,5831.8999,3178.1201,1107.1899,38780.5496,E,N,N
11/25/2021,10:00,10760,1382.77,4044.99,1009.41,11551.2002,5968.6499,3273.3701,1179.7,39170.0902,E1,N,N
11/25/2021,10:00,10586,1394.42,4019.8601,1001.74,11613.7998,5968.6499,3178.1201,1107.1899,38869.7798,E2,Y,N
11/25/2021,10:00,10809.2002,1374.5601,4019.8601,1053.02,11333,5928.1699,3178.73,1168.2,38864.7403,E3,N,N
11/25/2021,10:00,10685.2998,1376.7675,4047.7976,1016.4775,11527.9502,5924.3423,3202.085,1140.5699,38921.2898,M,N,N
11/25/2021,11:00,11218.4863,1467.0608,4034.1943,1155.83,11110.6035,5742.3774,3117.9927,1353.3313,39199.8763,A3,N,N
11/25/2021,11:00,11264.6416,1476.2767,4018.2822,1144.2722,11066.6416,5669.0659,3266.458,1360.5801,39266.2183,A6,N,N
11/25/2021,11:00,10795.7998,1410.14,4052.1899,1059.85,12099.0996,6149.7798,3398.52,1158.34,40123.7191,E,N,N
11/25/2021,11:00,11022.2998,1439.38,4009.6699,1083.8,12027.4004,6224.0298,3505.1499,1223.76,40535.4898,E1,N,N
11/25/2021,11:00,10795.7998,1455.59,3995.3201,1059.85,12099.0996,6224.0298,3398.52,1158.34,40186.5493,E2,Y,N
11/25/2021,11:00,11242.5996,1425.02,3995.3201,1137.63,11795.4004,6223.2798,3381.9099,1212.0699,40413.2297,E3,N,N
11/25/2021,11:00,10964.125,1432.5325,4013.125,1085.2825,12005.25,6205.2798,3421.0249,1188.1274,40314.7471,M,N,N
11/25/2021,12:00,11371.0957,1488.8035,3990.5886,1133.4857,11074.0693,5768.2539,3241.0979,1350.4763,39417.8709,A3,N,N
11/25/2021,12:00,11429.4717,1500.4397,3955.75,1126.333,11122.498,5724.3813,3353.2988,1374.9103,39587.0828,A6,N,N
11/25/2021,12:00,11237,1406.89,3998.27,1060.87,12167.5996,6324.8198,3538.9299,1177.48,40911.8593,E,N,N
11/25/2021,12:00,11433.7002,1432.73,3948.3799,1081.16,12128,6426.7798,3656.6599,1247.28,41354.6898,E1,N,N
11/25/2021,12:00,11237,1448.64,3947.6001,1060.87,12167.5996,6426.7798,3538.9299,1177.48,41004.8994,E2,Y,N
11/25/2021,12:00,11639.5996,1416.8199,3947.6001,1149.86,11863.5,6402.1499,3518.4299,1236.53,41174.4894,E3,N,N
11/25/2021,12:00,11386.8242,1426.27,3960.4624,1088.1899,12081.6748,6395.1323,3563.2373,1209.6925,41111.4834,M,N,N
11/25/2021,13:00,11388.1963,1488.8068,3988.6309,1099.3035,11008.9639,5772.5508,3313.3408,1306.4391,39366.2321,A3,N,N
11/25/2021,13:00,11377.874,1500.7455,3964.5679,1086.652,11109.707,5721.2695,3397.5544,1335.4966,39493.8669,A6,N,N
11/25/2021,13:00,11600.2998,1363.36,3950.6799,1030.1899,11801.9004,6294.6602,3561.6499,1157.3101,40760.0502,E,N,N
11/25/2021,13:00,11743,1391.83,3899.5901,1049.5699,11780.2002,6420.9302,3672.0701,1231.03,41188.2205,E1,N,N
11/25/2021,13:00,11600.2998,1423.25,3902.1899,1030.1899,11801.9004,6420.9302,3561.6499,1157.3101,40897.7202,E2,Y,N
11/25/2021,13:00,11941.7002,1374.42,3902.1899,1134.63,11443.7002,6387.7002,3503.8601,1229.0601,40917.2607,E3,N,N
11/25/2021,13:00,11721.3252,1388.215,3913.6626,1061.1449,11706.9248,6381.0547,3574.8074,1193.6775,40940.8121,M,N,N
11/25/2021,14:00,11300.6396,1495.1477,4007.168,1079.9862,10888.7754,5770.4521,3340.7798,1266.4728,39149.4216,A3,N,N
11/25/2021,14:00,11292.8809,1509.8447,4000.1753,1077.6106,11019.291,5743.8535,3440.5654,1288.326,39372.5474,A6,N,N
11/25/2021,14:00,11763.5,1325.46,3927.6101,1003.73,11188.0996,6135.5,3520.6399,1122.52,39987.0596,E,N,N
11/25/2021,14:00,11845.0996,1351.97,3873.25,1022.91,11155.4004,6239.6499,3595.49,1192.76,40276.5299,E1,N,N
11/25/2021,14:00,11763.5,1383.1,3874.1499,1003.73,11188.0996,6239.6499,3520.6399,1122.52,40095.3893,E2,Y,N
11/25/2021,14:00,12003.5996,1334.39,3874.1499,1121.1801,10870.5,6244.8398,3404.25,1191.38,40044.2894,E3,N,N
11/25/2021,14:00,11843.9258,1348.73,3887.29,1037.8875,11100.5254,6214.9102,3510.2549,1157.295,40100.8188,M,N,N
11/25/2021,15:00,11226.5908,1487.0272,4018.3237,1051.8726,10890.7012,5759.7197,3316.3389,1251.3191,39001.8932,A3,N,N
11/25/2021,15:00,11109.5996,1508.7274,4014.1235,1063.0629,11011.6943,5721.7041,3420.3816,1279.3594,39128.6528,A6,N,N
11/25/2021,15:00,11737.7998,1298.8101,3915.51,980.726,10738.9004,5905.98,3454.76,1076.3101,39108.7964,E,N,N
11/25/2021,15:00,11737.2002,1332.64,3868.46,1004.1,10782.7998,6057.73,3501.3201,1143.27,39427.5201,E1,N,N
11/25/2021,15:00,11737.7998,1359.6,3858.6101,980.726,10738.9004,6057.73,3454.76,1076.3101,39264.4364,E2,Y,N
11/25/2021,15:00,11854.2998,1304.75,3858.6101,1103.86,10563.5996,6023.0601,3301.71,1143.9399,39153.8295,E3,N,N
11/25/2021,15:00,11766.7754,1323.9501,3875.2976,1017.353,10706.0498,6011.125,3428.1375,1109.9575,39238.6459,M,N,N
11/25/2021,16:00,11169.5313,1469.3748,4029.5525,1021.9389,10849.3711,5778.1641,3239.0322,1231.2367,38788.2016,A3,N,N
11/25/2021,16:00,11015.3594,1505.4895,4030.6616,1049.9684,11001.0371,5706.5005,3335.6973,1249.7979,38894.5117,A6,N,N
11/25/2021,16:00,11361.2998,1268.67,3933.9299,974.55,10388.4004,5681.8101,3312.3701,1035.28,37956.3103,E,N,N
11/25/2021,16:00,11363.4004,1307.33,3893.4399,1001.8,10581.0996,5917.2598,3372.28,1102.65,38539.2597,E1,N,N
11/25/2021,16:00,11361.2998,1336.25,3878.8,974.55,10388.4004,5917.2598,3312.3701,1035.28,38204.2101,E2,Y,N
11/25/2021,16:00,11537.7998,1275.36,3878.8,1111.08,10323,5806.8701,3171.75,1110.1899,38214.8498,E3,N,N
11/25/2021,16:00,11405.9502,1296.9025,3896.2424,1015.495,10420.2246,5830.7998,3292.1926,1070.8501,38228.6572,M,N,N
11/25/2021,17:00,10991.0059,1454.0479,4061.4563,994.5977,10908.3457,5815.2715,3158.738,1206.2458,38589.7088,A3,N,N
11/25/2021,17:00,10777.0977,1490.0244,4054.1438,1034.682,11042.7344,5770.5,3245.7996,1212.9254,38627.9073,A6,N,N
11/25/2021,17:00,11063,1258.41,3937.3401,952.753,10182.2002,5466.29,3092.21,1023.28,36975.4833,E,N,N
11/25/2021,17:00,11075.2002,1312.09,3911.1599,993.165,10533.9004,5762.1602,3164.6001,1100.77,37853.0458,E1,N,N
11/25/2021,17:00,11063,1334.14,3898.76,952.753,10182.2002,5762.1602,3092.21,1023.28,37308.5034,E2,Y,N
11/25/2021,17:00,11304.4004,1265.01,3898.76,1106.04,10303.4004,5604.7402,2994.53,1108.6,37585.481,E3,N,N
11/25/2021,17:00,11126.4004,1292.4126,3911.5049,1001.1777,10300.4258,5648.8374,3085.8875,1063.9825,37430.6288,M,N,N
11/25/2021,18:00,11089.5088,1482.6477,4127.9673,1008.2723,11409.3828,6030.5669,3093.8103,1217.5703,39459.7264,A3,N,N
11/25/2021,18:00,10943.8398,1532.8459,4128.0654,1054.7721,11572.1221,6002.2715,3176.5557,1244.5531,39655.0256,A6,N,N
11/25/2021,18:00,11002.4004,1323.92,3922.6201,987.959,10507.7998,5517.9199,2975.95,1069.62,37308.1892,E,N,N
11/25/2021,18:00,10868.9004,1367.15,3896.1001,1029.99,10628.2998,5903.46,3060.8601,1122.89,37877.6504,E1,N,N
11/25/2021,18:00,11002.4004,1378.9399,3906.9299,987.959,10507.7998,5903.46,2975.95,1069.62,37733.059,E2,Y,N
11/25/2021,18:00,11112.0996,1316.03,3906.9299,1144.6801,10377.7002,5595.1099,2927.1299,1121.76,37501.4396,E3,N,N
11/25/2021,18:00,10996.4512,1346.51,3908.145,1037.647,10505.3994,5729.9873,2984.9724,1095.9724,37605.0847,M,N,N
11/25/2021,19:00,11320.3096,1565.3163,4185.8052,1087.6,11871.5117,6326.6807,3143.3594,1303.5496,40804.1325,A3,N,N
11/25/2021,19:00,11246.8125,1587.8243,4169.9629,1119.4019,12062.0625,6296.4336,3254.916,1330.3828,41067.7965,A6,N,N
11/25/2021,19:00,10838.4004,1371.03,4025.1299,1041.46,11216.7998,5695.9199,2944.6599,1139.04,38272.4399,E,N,N
11/25/2021,19:00,10915.5,1407.02,3970.6101,1064.15,11121.0996,6056.1401,3057.73,1181.35,38773.5998,E1,N,N
11/25/2021,19:00,10838.4004,1418.47,3979.6001,1041.46,11216.7998,6056.1401,2944.6599,1139.04,38634.5703,E2,Y,N
11/25/2021,19:00,11114.2002,1359.63,3979.6001,1159.3101,10869,5768.1299,2955.23,1183.35,38388.4503,E3,N,N
11/25/2021,19:00,10926.625,1389.0375,3988.7349,1076.595,11105.9248,5894.083,2975.5698,1160.6951,38517.2651,M,N,N
11/25/2021,20:00,11245.8281,1599.6777,4182.5903,1090.3873,12133.0889,6323.1709,3061.2766,1347.2382,40983.258,A3,N,N
11/25/2021,20:00,11212.876,1576.3917,4163.5171,1118.9076,12298.4043,6292.4414,3173.384,1350.2371,41186.1592,A6,N,N
11/25/2021,20:00,10594.4004,1383.63,4022.53,1021.95,11310.7998,5578.6299,2853.79,1173.36,37939.0901,E,N,N
11/25/2021,20:00,10665.2998,1411.9301,3956.49,1046.98,11180.9004,5882.8701,2965.4399,1216.85,38326.7603,E1,N,N
11/25/2021,20:00,10594.4004,1409.27,3953.1101,1021.95,11310.7998,5882.8701,2853.79,1173.36,38199.5504,E2,Y,N
11/25/2021,20:00,10877.7002,1364.15,3953.1101,1136.29,10898.5996,5627.7998,2885.8501,1213.13,37956.6298,E3,N,N
11/25/2021,20:00,10682.9502,1392.245,3971.3101,1056.7925,11175.2754,5743.043,2889.7173,1194.1749,38105.5084,M,N,N
11/25/2021,21:00,11115.5156,1617.2549,4187.9727,1082.2323,12268.2549,6291.8247,2974.5754,1362.1521,40899.7826,A3,N,N
11/25/2021,21:00,11132.04,1577.2242,4160.7578,1116.9816,12369.5205,6294.5591,3081.4485,1365.4421,41097.9738,A6,N,N
11/25/2021,21:00,10435.5,1405.12,4006.79,994.148,11451.4004,5547.1899,2790.8899,1202.83,37833.8682,E,N,N
11/25/2021,21:00,10501.2002,1427.01,3936.95,1018.95,11323.2002,5825.8398,2894.3999,1232.09,38159.6401,E1,N,N
11/25/2021,21:00,10435.5,1419.14,3940.49,994.148,11451.4004,5825.8398,2790.8899,1202.83,38060.2381,E2,Y,N
11/25/2021,21:00,10708.9004,1379.75,3940.49,1090.3,10971.0996,5483.75,2839.1599,1206.05,37619.4999,E3,N,N
11/25/2021,21:00,10520.2754,1407.755,3956.1802,1024.3865,11299.2754,5670.6548,2828.835,1210.95,37918.3123,M,N,N
11/25/2021,22:00,10826.9014,1605.7274,4176.502,1052.6725,12044.3535,6152.729,2882.0522,1357.3385,40098.2765,A3,N,N
11/25/2021,22:00,10861.4941,1562.9124,4146.5996,1094.9573,11976.9619,6057.3452,2976.0715,1358.142,40034.484,A6,N,N
11/25/2021,22:00,10307.5,1416.02,3998.3,970.292,11523.5996,5505.3301,2742.95,1241.08,37705.0717,E,N,N
11/25/2021,22:00,10380.9004,1430.11,3925.5601,993.571,11326.2002,5734.1001,2832.1499,1283.74,37906.3317,E1,N,N
11/25/2021,22:00,10307.5,1417.52,3928.21,970.292,11523.5996,5734.1001,2742.95,1241.08,37865.2517,E2,Y,N
11/25/2021,22:00,10556.0996,1386.27,3928.21,1065.53,10987,5426.9502,2787.22,1225.05,37362.3298,E3,N,N
11/25/2021,22:00,10388,1412.48,3945.0701,999.9213,11340.0996,5600.1201,2776.3174,1247.7375,37709.746,M,N,N
11/25/2021,23:00,10370.457,1541.0051,4166.0894,1011.1872,11649.127,5894.2295,2737.8501,1325.1617,38695.107,A3,N,N
11/25/2021,23:00,10414.748,1485.3068,4152.3652,1073.4922,11572.6152,5730.6987,2807.7114,1312.9419,38549.8794,A6,N,N
11/25/2021,23:00,10055,1370.24,4005.2,955.923,11320.4004,5402.27,2649.3201,1170.91,36929.2635,E,N,N
11/25/2021,23:00,10159.4004,1392.6801,3942.4199,985.347,11119.9004,5648.6802,2728.3201,1223.21,37199.9581,E1,N,N
11/25/2021,23:00,10055,1375.49,3930.6599,955.923,11320.4004,5648.6802,2649.3201,1170.91,37106.3836,E2,Y,N
11/25/2021,23:00,10255.7002,1344.36,3930.6599,1027.11,10886.7998,5328.25,2665.1799,1186.34,36624.3998,E3,N,N
11/25/2021,23:00,10131.2754,1370.6925,3952.2351,981.0757,11161.876,5506.9702,2673.0349,1187.8425,36965.0023,M,N,N
11/25/2021,24:00,9981.4805,1497.142,4091.3994,988.0122,11048.9199,5522.2368,2589.2749,1298.4033,37016.869,A3,N,N
11/25/2021,24:00,10024.9893,1408.0426,4151.0913,1044.4037,11026.8213,5447.9717,2623.3464,1275.8624,37002.5287,A6,N,N
11/25/2021,24:00,9752.1699,1334.1,3990.71,920.706,11182.2998,5229.0601,2553.21,1136.96,36099.2158,E,N,N
11/25/2021,24:00,9881.8096,1358.0699,3937.77,956.529,10956.5,5471.0098,2617.1001,1188.2,36366.9884,E1,N,N
11/25/2021,24:00,9752.1699,1337.9301,3914.3701,920.706,11182.2998,5471.0098,2553.21,1136.96,36268.6557,E2,Y,N
11/25/2021,24:00,9895.21,1322.1899,3914.3701,968.738,10677,5174.0298,2533.28,1134.5699,35619.3877,E3,N,N
11/25/2021,24:00,9820.3398,1338.0725,3939.3049,941.6697,10999.5254,5336.2773,2564.2,1149.1725,36088.5621,M,N,N
11/26/2021,1:00,9799.3906,1438.3619,3953.1672,966.0388,11354.4961,5428.8467,2473.2644,1279.7832,36693.3489,A3,N,N
11/26/2021,1:00,9886.0957,1370.3724,4128.4072,1031.795,11210.0127,5655.5146,2450.0574,1242.1119,36974.3669,A6,N,N
11/26/2021,1:00,9487.9902,1299.95,3982.53,892.905,11156.5,5080.3799,2419.79,1089.9,35409.9451,E,N,N
11/26/2021,1:00,9666.1104,1333.9399,3957.54,945.512,10954.2998,5326.3799,2456.51,1151.7,35791.992,E1,N,N
11/26/2021,1:00,9487.9902,1312.8,3900.1101,892.905,11156.5,5326.3799,2419.79,1089.9,35586.3752,E2,Y,N
11/26/2021,1:00,9516.6699,1304.45,3900.1101,906.74,10649.5996,5057.5,2385.8701,1067.05,34787.9897,E3,N,N
11/26/2021,1:00,9539.6904,1312.7849,3935.0728,909.5155,10979.2246,5197.6602,2420.49,1099.6375,35394.0759,M,N,N
11/26/2021,2:00,9613.2314,1426.7992,3888.8926,973.9899,11185.6094,5300.6318,2383.5835,1292.2323,36064.9701,A3,N,N
11/26/2021,2:00,9669.209,1359.6752,3999.8596,1053.998,11015.3457,5589.4824,2341.4224,1266.6293,36295.6216,A6,N,N
11/26/2021,2:00,9279.3799,1278.88,3968.05,866.045,11155.9004,4958.6401,2328.3999,1067.66,34902.9553,E,N,N
11/26/2021,2:00,9484.4902,1324.49,3957.9299,931.62,11026.2002,5207.21,2352.6799,1143.09,35427.7102,E1,N,N
11/26/2021,2:00,9279.3799,1297.1,3884.53,866.045,11155.9004,5207.21,2328.3999,1067.66,35086.2252,E2,Y,N
11/26/2021,2:00,9253.0498,1291.3,3884.53,859.423,10667.2998,4934.3999,2293.3101,1025.59,34208.9026,E3,N,N
11/26/2021,2:00,9324.0752,1297.9426,3923.76,880.7832,11001.3252,5076.8647,2325.6975,1076,34906.4484,M,N,N
11/26/2021,3:00,9531.6719,1429.2811,3840.5134,999.0393,11429.0654,5234.1553,2336.1379,1304.0455,36103.9098,A3,N,N
11/26/2021,3:00,9493.5469,1360.2897,3865.2368,1075.5317,11001.6406,5630.1719,2315.8403,1287.0433,36029.3012,A6,N,N
11/26/2021,3:00,9153.0898,1292.3101,3997.1001,899.648,11224.2998,4912.73,2262.1899,1042.98,34784.3477,E,N,N
11/26/2021,3:00,9380.6299,1353.21,4000.1001,970.638,11144.7002,5174.5298,2276.54,1116.58,35416.928,E1,N,N
11/26/2021,3:00,9153.0898,1307.16,3908.6299,899.648,11224.2998,5174.5298,2262.1899,1042.98,34972.5272,E2,Y,N
11/26/2021,3:00,9054.5303,1315.85,3908.6299,876.668,10759.7002,4897.48,2225.77,987.88,34026.5084,E3,N,N
11/26/2021,3:00,9185.335,1317.1326,3953.615,911.6505,11088.25,5039.8174,2256.6724,1047.605,34800.0779,M,N,N
11/26/2021,4:00,9565.4824,1456.9696,3814.0845,1014.7629,11733.5645,5235.7661,2316.6624,1327.6564,36464.9488,A3,N,N
11/26/2021,4:00,9438.7617,1377.219,3757.1335,1092.8254,11086.4473,5730.1123,2303.8921,1334.3937,36120.785,A6,N,N
11/26/2021,4:00,9166.3203,1325.42,4029.76,900.093,11450.9004,4943.0098,2252.77,1054.48,35122.7535,E,N,N
11/26/2021,4:00,9395.6104,1389.55,4035.53,971.451,11431.0996,5222.04,2264.52,1120.75,35830.551,E1,N,N
11/26/2021,4:00,9166.3203,1328.1,3943.2,900.093,11450.9004,5222.04,2252.77,1054.48,35317.9037,E2,Y,N
11/26/2021,4:00,9086.0098,1344.13,3943.2,874.913,11001.5996,4932.25,2205.3899,992.153,34379.6453,E3,N,N
11/26/2021,4:00,9203.5645,1346.8,3987.9226,911.6375,11333.625,5079.835,2243.8625,1055.4657,35162.7128,M,N,N
11/26/2021,5:00,9672.7832,1516.2382,3806.3574,1059.193,12177.7207,5330.1611,2331.0444,1349.9419,37243.4399,A3,N,N
11/26/2021,5:00,9467.2822,1420.7555,3691.8713,1018.8177,11252.8457,5948.1636,2331.5752,1387.7255,36519.0367,A6,N,N
11/26/2021,5:00,9296.8701,1393.66,4038.1899,931.866,11942.9004,5090.48,2260.6699,1091.89,36046.5263,E,N,N
11/26/2021,5:00,9520.0596,1460.35,4039.0801,999.762,11923.5,5374.6699,2268.23,1158.58,36744.2316,E1,N,N
11/26/2021,5:00,9296.8701,1398.63,3958.3501,931.866,11942.9004,5374.6699,2260.6699,1091.89,36255.8464,E2,Y,N
11/26/2021,5:00,9230.0303,1420.26,3958.3501,901.738,11537.0996,5073.8501,2201.5,1020.89,35343.7181,E3,N,N
11/26/2021,5:00,9335.958,1418.2251,3998.4927,941.308,11836.5996,5228.4175,2247.7676,1090.8125,36097.581,M,N,N
11/26/2021,6:00,9872.8242,1645.4171,3835.4131,1142.8123,12923.6406,5500.8184,2357.3501,1404.9578,38683.2336,A3,N,N
11/26/2021,6:00,9605.2529,1535.9648,3698.9392,1007.9178,11699.1641,6307.8438,2418.3726,1470.9373,37744.3925,A6,N,N
11/26/2021,6:00,9684.8604,1470.36,4064.21,980.214,12472.4004,5452.3398,2288.75,1146.36,37559.4946,E,N,N
11/26/2021,6:00,9849.3301,1535.9399,4061.22,1047.4301,12383.2002,5768.98,2302.1699,1226.36,38174.6302,E1,N,N
11/26/2021,6:00,9684.8604,1477.98,3991.0801,980.214,12472.4004,5768.98,2288.75,1146.36,37810.6249,E2,Y,N
11/26/2021,6:00,9646.3799,1497.87,3991.0801,948.194,12047.7998,5392.9902,2234.72,1084.27,36843.304,E3,N,N
11/26/2021,6:00,9716.3574,1495.5375,4026.8975,989.0129,12343.9502,5595.8228,2278.5974,1150.8375,37597.0132,M,N,N
11/26/2021,7:00,10243.0049,1839.3654,3890.5796,1255.9708,13801.375,5835.9277,2421.3169,1495.7959,40783.3362,A3,N,N
11/26/2021,7:00,9897.1895,1721.5553,3734.2959,1083.3733,12337.9746,6962.2661,2639.0237,1574.7697,39950.4481,A6,N,N
11/26/2021,7:00,10075.7002,1576.5,4088.8899,1021.85,13271.2998,5833.75,2362.76,1192.55,39423.2999,E,N,N
11/26/2021,7:00,10259.5,1633.5,4095.3201,1084.34,13190.9004,6142.9702,2389.72,1264.5,40060.7507,E1,N,N
11/26/2021,7:00,10075.7002,1568.8101,4022.0901,1021.85,13271.2998,6142.9702,2362.76,1192.55,39658.0304,E2,Y,N
11/26/2021,7:00,10081.5,1596.1801,4022.0901,990.568,12842.2002,5746.6099,2306.96,1133.6899,38719.7982,E3,N,N
11/26/2021,7:00,10123.0996,1593.7476,4057.0974,1029.652,13143.9248,5966.5752,2355.55,1195.8225,39465.4691,M,N,N
11/26/2021,8:00,10473.209,1920.4241,3922.9387,1303.6917,14071.0547,6148.9956,2486.1604,1558.1198,41884.594,A3,N,N
11/26/2021,8:00,10149.9922,1800.4005,3816.5168,1142.2159,12734.1641,7359.3062,2764.8745,1622.3177,41389.7879,A6,N,N
11/26/2021,8:00,10467.2998,1670.98,4107.3101,1068.3,13859.2998,6254.1602,2511,1244.4301,41182.78,E,N,N
11/26/2021,8:00,10614.7002,1709.13,4108.2798,1123.7,13660.5,6491.3501,2499.22,1298.41,41505.2901,E1,N,N
11/26/2021,8:00,10467.2998,1645.92,4039.6599,1068.3,13859.2998,6491.3501,2511,1244.4301,41327.2597,E2,Y,N
11/26/2021,8:00,10446.2998,1677.49,4039.6599,1021.43,13306.0996,6025.27,2386.3701,1174.4,40077.0194,E3,N,N
11/26/2021,8:00,10498.9004,1675.8799,4073.7275,1070.4325,13671.3008,6315.5322,2476.8975,1240.4175,41023.0883,M,N,N
11/26/2021,9:00,10856.6338,1948.168,3858.3899,1302.4872,14316.1553,6366.2666,2619.2166,1542.3409,42809.6583,A3,N,N
11/26/2021,9:00,10566.5078,1841.3647,3763.9458,1166.1821,13104.6504,7464.4521,2863.2607,1576.2435,42346.6071,A6,N,N
11/26/2021,9:00,10672.5,1658.1801,4115.1802,1161.2,13736.9004,6204.8799,2589.21,1130.49,41268.5406,E,N,N
11/26/2021,9:00,10904.5,1739.51,4129.7402,1181.5601,13756.5996,6718.1401,2585.6799,1264.92,42280.6499,E1,N,N
11/26/2021,9:00,10672.5,1684.08,4069.73,1161.2,13736.9004,6718.1401,2589.21,1130.49,41762.2505,E2,Y,N
11/26/2021,9:00,10671.5,1715.63,4069.73,1073.9,13489.5996,6284.3901,2476.0601,1169.78,40950.5898,E3,N,N
11/26/2021,9:00,10730.25,1699.35,4096.0952,1144.465,13680,6481.3877,2560.04,1173.92,41565.5079,M,N,N
11/26/2021,10:00,11089.6523,1931.0924,3818.0828,1274.5717,14105.0215,6480.3711,2756.9788,1515.3052,42971.0758,A3,N,N
11/26/2021,10:00,10833.4072,1813.2198,3735.3245,1377.7281,13515.1621,7403.23,2947.335,1559.7289,43185.1356,A6,N,N
11/26/2021,10:00,10800.2998,1672.89,4075.6201,1213.36,13798.7002,6455.3398,2723.9399,1115.35,41855.4998,E,N,N
11/26/2021,10:00,10950.5,1732.64,4064.76,1255.3,13719.7998,6796.0298,2732.5801,1214.3199,42465.9296,E1,N,N
11/26/2021,10:00,10800.2998,1688.49,4011.21,1213.36,13798.7002,6796.0298,2723.9399,1115.35,42147.3797,E2,Y,N
11/26/2021,10:00,10817,1716.95,4011.21,1181.83,13437.5996,6495.8301,2615.8101,1119.73,41395.9598,E3,N,N
11/26/2021,10:00,10842.0254,1702.7424,4040.7,1215.9625,13688.6992,6635.8071,2699.0674,1141.1875,41966.1915,M,N,N
11/26/2021,11:00,11056.1387,1892.0269,3833.5586,1209.0022,13516.9248,6427.9556,2798.5918,1461.6182,42195.8168,A3,N,N
11/26/2021,11:00,10934.1709,1785.208,3660.126,1389.748,13365.7051,7258.4458,2918.0513,1554.6875,42866.1426,A6,N,N
11/26/2021,11:00,11106.7998,1618.1,4000.6499,1174.51,13388.5996,6490.02,2771.6699,1119.6899,41670.0391,E,N,N
11/26/2021,11:00,11257.2002,1690.04,4006.4299,1221.64,13340.2998,6754.6201,2784.1899,1220.63,42275.0499,E1,N,N
11/26/2021,11:00,11106.7998,1656.1,3956.5701,1174.51,13388.5996,6754.6201,2771.6699,1119.6899,41928.5594,E2,Y,N
11/26/2021,11:00,11233.2998,1678.95,3956.5701,1164.4399,13064.0996,6582.0801,2674.1599,1136.58,41490.1794,E3,N,N
11/26/2021,11:00,11176.0254,1660.7976,3980.0552,1183.7749,13295.4004,6645.3354,2750.4224,1149.1475,41840.9588,M,N,N
11/26/2021,12:00,11007.0234,1854.7386,3902.0073,1160.6958,12865.2461,6255.8364,2795.4004,1415.6199,41256.5679,A3,N,N
11/26/2021,12:00,11020.5479,1764.5681,3740.0957,1334.4916,12810.5029,6812.6128,2899.4387,1514.8945,41897.1522,A6,N,N
11/26/2021,12:00,11038.7002,1552.86,3950.98,1103.59,12771.2998,6353.8901,2787.0701,1071.27,40629.6602,E,N,N
11/26/2021,12:00,11110.7002,1610.71,3958.0601,1145.08,12574.7998,6506.4702,2816.95,1173.63,40896.4003,E1,N,N
11/26/2021,12:00,11038.7002,1594.2,3914.8301,1103.59,12771.2998,6506.4702,2787.0701,1071.27,40787.4304,E2,Y,N
11/26/2021,12:00,11275.4004,1604.09,3914.8301,1106.01,12368.2002,6421.8901,2703.76,1104.0699,40498.2507,E3,N,N
11/26/2021,12:00,11115.875,1590.4648,3934.675,1114.5674,12621.3994,6447.1802,2773.7124,1105.0599,40702.9341,M,N,N
11/26/2021,13:00,10909.4355,1796.6725,3910.5405,1118.3173,12163.3027,6089.0327,2779.0835,1337.6876,40104.0723,A3,N,N
11/26/2021,13:00,10993.9941,1722.9906,3894.7874,1231.4426,12241.1514,6531.5562,2909.2605,1448.7577,40973.9405,A6,N,N
11/26/2021,13:00,11113.0996,1479.8,3959.0701,1077.3101,12257,6155.71,2799.28,998.093,39839.3628,E,N,N
11/26/2021,13:00,11074.7998,1530.48,3960.1799,1106.0699,12043.9004,6262.5801,2775.8,1101.8101,39855.6202,E1,N,N
11/26/2021,13:00,11113.0996,1534.1801,3927.04,1077.3101,12257,6262.5801,2799.28,998.093,39968.5829,E2,Y,N
11/26/2021,13:00,11380.4004,1516.16,3927.04,1092.2,11916.5,6224.04,2712.1899,1036.83,39805.3603,E3,N,N
11/26/2021,13:00,11170.3496,1515.155,3943.3325,1088.2224,12118.5996,6226.2275,2771.6377,1033.7065,39867.2308,M,N,N
11/26/2021,14:00,10825.3438,1731.0398,3953.7563,1088.225,11616.5986,5955.6104,2776.458,1280.7632,39227.7951,A3,N,N
11/26/2021,14:00,10907.6699,1695.9734,3978.3999,1168.2617,11665.8711,6360.3545,2921.2759,1361.6135,40059.4199,A6,N,N
11/26/2021,14:00,11086.5996,1410.4,3964.6399,1053.14,11748.2002,6031.3799,2737.1799,966.304,38997.8435,E,N,N
11/26/2021,14:00,10890.7002,1461.0601,3961.8999,1078.6,11558.4004,6039.9102,2665.51,1065.4,38721.4808,E1,N,N
11/26/2021,14:00,11086.5996,1465.09,3926.1399,1053.14,11748.2002,6039.9102,2737.1799,966.304,39022.5638,E2,Y,N
11/26/2021,14:00,11248.9004,1438.5699,3926.1399,1073.21,11371.4004,6010.9399,2641.4299,996.754,38707.3444,E3,N,N
11/26/2021,14:00,11078.1992,1443.7799,3944.7048,1064.5225,11606.5508,6030.5347,2695.325,998.6906,38862.3075,M,N,N
11/26/2021,15:00,10693.1055,1659.2329,3981.1038,1049.4666,11311.5576,5823.1836,2774.2842,1256.3593,38548.2935,A3,N,N
11/26/2021,15:00,10782.7334,1674.8088,4004.3218,1115.4626,11332.6201,6114.6289,2947.574,1330.907,39303.0566,A6,N,N
11/26/2021,15:00,11004.7998,1344.26,3955.0601,1023.34,11405.2002,5885.0698,2654.4199,942.672,38214.8218,E,N,N
11/26/2021,15:00,10777.7002,1395.1899,3961.1201,1052.1,11292.7002,5935.8999,2585.3101,1041.88,38041.9004,E1,N,N
11/26/2021,15:00,11004.7998,1418.73,3928.05,1023.34,11405.2002,5935.8999,2654.4199,942.672,38313.1118,E2,Y,N
11/26/2021,15:00,11233.7998,1379.36,3928.05,1036.58,11035.5996,5889.3599,2538.02,992.112,38032.8813,E3,N,N
11/26/2021,15:00,11005.2754,1384.3849,3943.0701,1033.84,11284.6758,5911.5571,2608.0425,979.834,38150.6798,M,N,N
11/26/2021,16:00,10562.7871,1614.9807,4005.3335,1013.4391,11170.7939,5791.5889,2740.1907,1231.9557,38131.0696,A3,N,N
11/26/2021,16:00,10649.6934,1648.7273,4030.7144,1085.8169,11157.8525,6083.271,2873.1279,1290.901,38820.1044,A6,N,N
11/26/2021,16:00,10918.5996,1308.41,3954.1699,998.209,11146.9004,5815.6401,2602.72,941.859,37686.508,E,N,N
11/26/2021,16:00,10835.4004,1373.8199,3964.6001,1030.95,11186.4004,5916.7798,2547.6299,1037.96,37893.5405,E1,N,N
11/26/2021,16:00,10918.5996,1407.35,3933.03,998.209,11146.9004,5916.7798,2602.72,941.859,37865.4478,E2,Y,N
11/26/2021,16:00,11187.9004,1356.46,3933.03,1016.21,10867,5877.7402,2480.3401,993.694,37712.3747,E3,N,N
11/26/2021,16:00,10965.125,1361.51,3946.2075,1010.8945,11086.8008,5881.7349,2558.3523,978.843,37789.468,M,N,N
11/26/2021,17:00,10462.1436,1585.0364,4039.0757,979.394,11194.9844,5815.9717,2701.4263,1203.0817,37981.1138,A3,N,N
11/26/2021,17:00,10517.7197,1629.0327,4051.0698,1058.9319,11185.3076,6142.0977,2827.0037,1246.3646,38657.5277,A6,N,N
11/26/2021,17:00,11080.5,1336.85,3978.3999,990.907,11372.7002,5841.6802,2568.71,937.264,38107.0113,E,N,N
11/26/2021,17:00,11084.4004,1436.05,3986.1299,1034.17,11510.2002,6067.1001,2518.5801,1031.35,38667.9807,E1,N,N
11/26/2021,17:00,11080.5,1455.0699,3959.9099,990.907,11372.7002,6067.1001,2568.71,937.264,38432.1611,E2,Y,N
11/26/2021,17:00,11486.0996,1411.5601,3959.9099,1026.33,11186.7002,6078.6001,2444.1101,978.244,38571.554,E3,N,N
11/26/2021,17:00,11182.875,1409.8824,3971.0874,1010.5785,11360.5752,6013.6201,2525.0276,971.0305,38444.6767,M,N,N
11/26/2021,18:00,10678.1113,1622.4526,4095.6025,992.8557,11708.1758,6067.4536,2707.7483,1213.36,39085.7598,A3,N,N
11/26/2021,18:00,10776.7305,1687.6437,4110.4609,1069.0237,11695.1787,6293.0146,2815.5083,1260.9478,39708.5082,A6,N,N
11/26/2021,18:00,11582.2002,1447.23,4020.3999,1028.16,12228.7002,6259.6201,2656.8201,1000.94,40224.0705,E,N,N
11/26/2021,18:00,11430,1536.96,4016.6599,1074.53,12252.7998,6386.48,2589.8301,1092.83,40380.0898,E1,N,N
11/26/2021,18:00,11582.2002,1581.54,4002.6299,1028.16,12228.7002,6386.48,2656.8201,1000.94,40467.4704,E2,Y,N
11/26/2021,18:00,12015.2998,1538.13,4002.6299,1056.75,11967.2002,6358.2798,2467.6399,1019.98,40425.9096,E3,N,N
11/26/2021,18:00,11652.4248,1525.965,4010.5798,1046.9,12169.3496,6347.7148,2592.7776,1028.6725,40374.3841,M,N,N
11/26/2021,19:00,11106.8311,1700.1364,4173.5552,1046.8625,12261.6719,6430.4995,2842.4712,1296.498,40858.5258,A3,N,N
11/26/2021,19:00,11190.7051,1755.7017,4163.2056,1117.6793,12233.5137,6481.3359,2946.2161,1322.0583,41210.4157,A6,N,N
11/26/2021,19:00,11878.5996,1562,4064.99,1069.76,12703.7002,6659.0498,2838.21,1087.8101,41864.1197,E,N,N
11/26/2021,19:00,11646.2002,1598.77,4051.78,1098.03,12535.9004,6751.7202,2773.6299,1172,41628.0307,E1,N,N
11/26/2021,19:00,11878.5996,1630.09,4036.47,1069.76,12703.7002,6751.7202,2838.21,1087.8101,41996.3601,E2,Y,N
11/26/2021,19:00,12248.5,1589.4301,4036.47,1071.95,12266.0996,6782.6899,2659.1799,1097.21,41751.5295,E3,N,N
11/26/2021,19:00,11912.9746,1595.0725,4047.4275,1077.375,12552.3496,6736.2949,2777.3074,1111.2075,41810.009,M,N,N
11/26/2021,20:00,11136.5977,1711.1614,4177.2368,1046.3204,12338.8037,6499.938,2816.6738,1334.5238,41061.2556,A3,N,N
11/26/2021,20:00,11141.9414,1740.9364,4163.8438,1119.1727,12304.9932,6485.1689,2904.571,1336.1033,41196.7307,A6,N,N
11/26/2021,20:00,11685.2998,1533.39,4114.0801,1021.27,12339.2002,6444.5098,2866.6299,1094.46,41098.8398,E,N,N
11/26/2021,20:00,11557.4004,1564.87,4082.99,1057.12,12110.4004,6482.1001,2766.0801,1165.7,40786.661,E1,N,N
11/26/2021,20:00,11685.2998,1576.66,4040.98,1021.27,12339.2002,6482.1001,2866.6299,1094.46,41106.6,E2,Y,N
11/26/2021,20:00,12103.5,1562.73,4040.98,1026.17,11928.5996,6490.0098,2646.6201,1097.95,40896.5595,E3,N,N
11/26/2021,20:00,11757.875,1559.4125,4069.7578,1031.4575,12179.3496,6474.6797,2786.49,1113.1425,40972.1646,M,N,N
11/26/2021,21:00,11059.4678,1725.2886,4180.3325,1046.0021,12284.7344,6514.7485,2778.0361,1343.9568,40932.5668,A3,N,N
11/26/2021,21:00,10960.2275,1740.3069,4158.748,1112.7229,12127.7148,6483.4673,2836.926,1351.3232,40771.4366,A6,N,N
11/26/2021,21:00,11657.2002,1594.9399,4120.0298,1024.89,12616.2998,6425.3301,2875.8899,1049.33,41363.9097,E,N,N
11/26/2021,21:00,11513.9004,1616.5,4099.3901,1059.23,12318.2998,6436.4302,2755.23,1116.22,40915.2005,E1,N,N
11/26/2021,21:00,11657.2002,1609.97,4042.1499,1024.89,12616.2998,6436.4302,2875.8899,1049.33,41312.16,E2,Y,N
11/26/2021,21:00,12092.2998,1604.7,4042.1499,1015.42,11972.9004,6393.9399,2617.22,1043.91,40782.54,E3,N,N
11/26/2021,21:00,11730.1504,1606.5276,4075.9302,1031.1075,12380.9492,6423.0322,2781.0574,1064.6975,41093.452,M,N,N
11/26/2021,22:00,10884.123,1705.3685,4169.9082,1017.5004,12144.418,6432.3052,2739.6951,1328.6962,40422.0146,A3,N,N
11/26/2021,22:00,10681.4033,1700.7428,4145.5034,1090.6978,11850.749,6383.5029,2783.9258,1351.641,39988.166,A6,N,N
11/26/2021,22:00,11599.7998,1587.08,4149.1001,1026.29,12534.2998,6324.1099,2865.71,1002.45,41088.8396,E,N,N
11/26/2021,22:00,11373.9004,1600.65,4130.3599,1059.47,12181.4004,6346.4702,2721.78,1056.15,40470.1809,E1,N,N
11/26/2021,22:00,11599.7998,1587.92,4077.1201,1026.29,12534.2998,6346.4702,2865.71,1002.45,41040.0599,E2,Y,N
11/26/2021,22:00,11915.2002,1592.45,4077.1201,1016.53,11741.5996,6290.9302,2561.3799,963.977,40159.187,E3,N,N
11/26/2021,22:00,11622.1748,1592.0249,4108.4248,1032.145,12247.9004,6326.9951,2753.645,1006.2568,40689.5668,M,N,N
11/26/2021,23:00,10588.707,1642.6554,4145.1338,994.1914,11780.7207,6229.4346,2670.7893,1282.1339,39333.7661,A3,N,N
11/26/2021,23:00,10315.1738,1651.9945,4139.4683,1079.2654,11541.0244,6252.6777,2706.8098,1326.9845,39013.3984,A6,N,N
11/26/2021,23:00,11224.0996,1563.51,4115.6401,981.276,12043.2002,6120.7402,2816.8799,1062.8,39928.146,E,N,N
11/26/2021,23:00,11063.5996,1569.27,4095.22,1010.71,11815,6138.3501,2660.9199,1119.72,39472.7896,E1,N,N
11/26/2021,23:00,11224.0996,1540.02,4036.97,981.276,12043.2002,6138.3501,2816.8799,1062.8,39843.5958,E2,Y,N
11/26/2021,23:00,11529.2002,1557.4,4036.97,987.733,11491.4004,6087.2998,2516.46,1025.34,39231.8034,E3,N,N
11/26/2021,23:00,11260.249,1557.5499,4071.2,990.2488,11848.1992,6121.1846,2702.7849,1067.665,39619.0814,M,N,N
11/26/2021,24:00,10309.7529,1583.5955,4122.2271,961.3842,11291.0898,5966.936,2583.9976,1238.4,38057.3831,A3,N,N
11/26/2021,24:00,10046.125,1586.3903,4137.8296,1048.9517,11090.4277,5924.0322,2646.3386,1277.0027,37757.0978,A6,N,N
11/26/2021,24:00,10769.7998,1527.8,4059.45,949.895,11679,5872.3799,2760.98,1119.35,38738.6547,E,N,N
11/26/2021,24:00,10625.9004,1531.49,4037.4099,985.131,11408.0996,5843.6401,2612.22,1157.36,38201.251,E1,N,N
11/26/2021,24:00,10769.7998,1484.6899,3970.77,949.895,11679,5843.6401,2760.98,1119.35,38578.1248,E2,Y,N
11/26/2021,24:00,11136.0996,1530.1801,3970.77,967.4,11093.7002,5774.6499,2452.01,1071.99,37996.7998,E3,N,N
11/26/2021,24:00,10825.4004,1518.54,4009.6001,963.0802,11464.9502,5833.5776,2646.5476,1117.0125,38378.7086,M,N,N
11/27/2021,1:00,10174.4941,1519.499,4122.8218,942.7801,11273.6514,5761.4004,2503.0168,1232.6429,37530.3065,A3,N,N
11/27/2021,1:00,9869.1777,1525.64,4168.3716,1032.0745,11102.4121,5776.6489,2538.9983,1186.3616,37199.6847,A6,N,N
11/27/2021,1:00,10269.5996,1524.42,4036.3701,920.865,11457.5996,5693.46,2693.8899,1157.86,37754.0642,E,N,N
11/27/2021,1:00,10116.0996,1523.2,4020.51,961.357,11286.5996,5569.25,2572.1101,1165.15,37214.2763,E1,N,N
11/27/2021,1:00,10269.5996,1456.52,3947.71,920.865,11457.5996,5569.25,2693.8899,1157.86,37473.2941,E2,Y,N
11/27/2021,1:00,10735.7002,1525.71,3947.71,960.605,10915.2998,5471.1802,2405.8799,1079.72,37041.8051,E3,N,N
11/27/2021,1:00,10347.75,1507.4625,3988.075,940.923,11279.2744,5575.7852,2591.4424,1140.1475,37370.86,M,N,N
11/27/2021,2:00,10034.8906,1476.0349,4117.8711,932.3945,10940.9316,5611.8213,2443.499,1216.5612,36774.0042,A3,N,N
11/27/2021,2:00,9640.6719,1486.4922,4156.4258,1034.4232,10788.1377,5654.8579,2488.1729,1187.4232,36436.6048,A6,N,N
11/27/2021,2:00,9950.3896,1514.71,4027.73,901.386,11260.7998,5537.8501,2619.73,1142.11,36954.7055,E,N,N
11/27/2021,2:00,9770.79,1518.26,4013.1699,946.639,11230.5,5355.48,2506.73,1128.51,36470.0789,E1,N,N
11/27/2021,2:00,9950.3896,1431.75,3939.8899,901.386,11260.7998,5355.48,2619.73,1142.11,36601.5353,E2,Y,N
11/27/2021,2:00,10465.5,1510.53,3939.8899,947.307,10740.4004,5237.6699,2343.1001,1034.27,36218.6673,E3,N,N
11/27/2021,2:00,10034.2676,1493.8125,3980.1699,924.1794,11123.125,5371.6201,2522.3225,1111.75,36561.247,M,N,N
11/27/2021,3:00,9968.3506,1475.4319,4109.5483,939.7906,10856.9961,5517.3145,2413.3728,1203.5791,36484.3839,A3,N,N
11/27/2021,3:00,9489.4268,1474.531,4121.1328,1052.4197,10655.5771,5603.0498,2483.3269,1214.3807,36093.8448,A6,N,N
11/27/2021,3:00,9727.1904,1527.53,4028.52,896.793,11148.7002,5464.9702,2578.3701,1169.75,36541.8239,E,N,N
11/27/2021,3:00,9518.4902,1517.53,4025.3999,940.98,11220.0996,5229.9102,2480.3201,1139.38,36072.11,E1,N,N
11/27/2021,3:00,9727.1904,1411.1899,3951.1399,896.793,11148.7002,5229.9102,2578.3701,1169.75,36113.0437,E2,Y,N
11/27/2021,3:00,10269.2002,1517.35,3951.1399,953.233,10702.5,5099.1499,2314.8799,1029.09,35836.5429,E3,N,N
11/27/2021,3:00,9810.5176,1493.4,3989.0498,921.9497,11055,5255.9854,2487.9851,1126.9924,36140.88,M,N,N
11/27/2021,4:00,9952.0996,1462.9717,4128.8662,944.1317,10837.8086,5462.5503,2404.8315,1200.6558,36393.9154,A3,N,N
11/27/2021,4:00,9444.8027,1470.8966,4114.9497,1058.7842,10634.0703,5525.999,2479.6809,1256.6582,35985.8416,A6,N,N
11/27/2021,4:00,9753.5596,1528.21,4032.97,898.829,11158.5996,5488.9399,2588.3401,1172.09,36621.5382,E,N,N
11/27/2021,4:00,9513.25,1523.5601,4034.1799,942.216,11268.7002,5219.23,2475.0701,1133.55,36109.7563,E1,N,N
11/27/2021,4:00,9753.5596,1408.41,3950.0601,898.829,11158.5996,5219.23,2588.3401,1172.09,36149.1184,E2,Y,N
11/27/2021,4:00,10275.0996,1513.53,3950.0601,951.53,10718.0996,5072.1802,2300.0801,1014.11,35794.6896,E3,N,N
11/27/2021,4:00,9823.8672,1493.4275,3991.8174,922.851,11076,5249.895,2487.9575,1122.96,36168.7756,M,N,N
11/27/2021,5:00,10057.9805,1473.5492,4128.0454,966.0177,10937.0811,5486.2095,2424.2888,1199.092,36672.2642,A3,N,N
11/27/2021,5:00,9473.5,1490.3446,4136.2749,1079.1801,10680.5332,5517.2437,2502.7861,1303.2379,36183.1005,A6,N,N
11/27/2021,5:00,9898.8096,1561.05,4040.72,909.578,11455.2998,5568.5801,2600.78,1171.04,37205.8575,E,N,N
11/27/2021,5:00,9622.5898,1552.47,4034.1299,948.051,11531.2998,5285.4102,2481.53,1129.39,36584.8707,E1,N,N
11/27/2021,5:00,9898.8096,1425.11,3944.03,909.578,11455.2998,5285.4102,2600.78,1171.04,36690.0576,E2,Y,N
11/27/2021,5:00,10365.7002,1542.6899,3944.03,959.332,10907.7002,5120.5298,2304.0901,1002.78,36146.8522,E3,N,N
11/27/2021,5:00,9946.4766,1520.33,3990.7275,931.6348,11337.3994,5314.9824,2496.7949,1118.5625,36656.9081,M,N,N
11/27/2021,6:00,10185.085,1548.1228,4148.2344,1008.0848,11263.4072,5600.8389,2442.6936,1233.2947,37429.7614,A3,N,N
11/27/2021,6:00,9610.2324,1560.5752,4193.3169,1100.6273,10949.7549,5619.1245,2510.5483,1371.7493,36915.9288,A6,N,N
11/27/2021,6:00,10175.9004,1619.1,4048.28,933.383,11875.5,5816.6201,2664.29,1216.78,38349.8535,E,N,N
11/27/2021,6:00,9865.9297,1613.25,4031.0901,971.119,11864.0996,5530.8999,2558.9399,1178.58,37613.9082,E1,N,N
11/27/2021,6:00,10175.9004,1470.96,3911.2,933.383,11875.5,5530.8999,2664.29,1216.78,37778.9133,E2,Y,N
11/27/2021,6:00,10573,1608.36,3911.2,976.355,11332.2998,5242.1201,2334.1299,1026.5699,37004.0347,E3,N,N
11/27/2021,6:00,10197.6826,1577.9175,3975.4426,953.56,11736.8506,5530.1348,2555.4126,1159.6775,37686.6782,M,N,N
11/27/2021,7:00,10510.3008,1623.3802,4163.0771,1056.9448,11691.4971,5856.1206,2498.4729,1268.0148,38667.8083,A3,N,N
11/27/2021,7:00,9901.8135,1651.9818,4224.7368,1122.0093,11343.0986,5860.9956,2553.7144,1421.9714,38080.3214,A6,N,N
11/27/2021,7:00,10581.2998,1698.8101,4067,977.408,12538,6152.8599,2779.27,1262.49,40057.1378,E,N,N
11/27/2021,7:00,10251.2998,1681.49,4063.8501,1013.11,12430.7998,5866.7402,2679.1001,1204.61,39191,E1,N,N
11/27/2021,7:00,10581.2998,1524.6801,3935.26,977.408,12538,5866.7402,2779.27,1262.49,39465.1481,E2,Y,N
11/27/2021,7:00,10932.5,1677.9301,3935.26,1016.35,11840.5,5536.5698,2415.1699,1069.91,38424.1898,E3,N,N
11/27/2021,7:00,10586.5996,1645.7275,4000.3425,996.069,12336.8252,5855.7275,2663.2026,1199.875,39284.3689,M,N,N
11/27/2021,8:00,10636.7324,1663.2921,4217.5132,1087.5148,11911.1084,6074.6333,2538.6038,1301.1495,39430.5475,A3,N,N
11/27/2021,8:00,10153.1455,1691.4056,4291.6958,1153.7283,11609.6191,6106.3257,2597.5735,1435.3735,39038.867,A6,N,N
11/27/2021,8:00,10843.2998,1743.66,4080.7,1012.58,12977.7002,6393.3501,2842.3401,1307.28,41200.9102,E,N,N
11/27/2021,8:00,10516.5996,1709.83,4082.05,1046.35,12807.2998,6025.2598,2723.22,1248.33,40158.9392,E1,N,N
11/27/2021,8:00,10843.2998,1577.36,3966.8301,1012.58,12977.7002,6025.2598,2842.3401,1307.28,40552.65,E2,Y,N
11/27/2021,8:00,11136.9004,1700.85,3966.8301,1052.61,12206.4004,5691.6099,2462.1399,1121.58,39338.9207,E3,N,N
11/27/2021,8:00,10835.0254,1682.925,4024.1025,1031.03,12742.2754,6033.8696,2717.51,1246.1174,40312.8553,M,N,N
11/27/2021,9:00,10826.8672,1698.0334,4184.374,1097.9792,12140.6865,6173.272,2643.228,1305.5789,40070.0192,A3,N,N
11/27/2021,9:00,10567.1514,1749.7747,4269.7437,1166.4764,11791.9648,6207.311,2685.3425,1366.2157,39803.9802,A6,N,N
11/27/2021,9:00,11086.5996,1736.86,4067.9199,1079.61,13124.2998,6591.6201,2926.98,1269.27,41883.1594,E,N,N
11/27/2021,9:00,10831.7998,1747.76,4086.8899,1077.37,13314.5996,6360.48,2825.6599,1293.59,41538.1492,E1,N,N
11/27/2021,9:00,11086.5996,1665.22,3975.6001,1079.61,13124.2998,6360.48,2926.98,1269.27,41488.0595,E2,Y,N
11/27/2021,9:00,11450.0996,1747.67,3975.6001,1080.4301,12789.5,6039.79,2620.3701,1180.92,40884.3799,E3,N,N
11/27/2021,9:00,11113.7754,1724.3774,4026.5024,1079.255,13088.1748,6338.0928,2824.9973,1253.2625,41448.4376,M,N,N
11/27/2021,10:00,10963.8467,1659.7535,4044.0269,1132.3475,12064.6191,6242.917,2748.8623,1304.0344,40160.4074,A3,N,N
11/27/2021,10:00,10831.6357,1707.686,4144.4854,1188.8363,11802.2861,6231.7495,2742.4863,1308.5062,39957.6715,A6,N,N
11/27/2021,10:00,10976.4004,1669.63,4061.8999,1061.15,12632,6412.2998,2891.21,1237.51,40942.1001,E,N,N
11/27/2021,10:00,10820.0996,1665.45,4056.8899,1079.98,12806.7002,6276.98,2806.51,1251.71,40764.3197,E1,N,N
11/27/2021,10:00,10976.4004,1622.3101,3987.1899,1061.15,12632,6276.98,2891.21,1237.51,40684.7504,E2,Y,N
11/27/2021,10:00,11250.5,1664.7,3987.1899,1098.04,12470.2002,6053.02,2626.1101,1155.45,40305.2102,E3,N,N
11/27/2021,10:00,11005.8496,1655.5225,4023.2925,1075.08,12635.2246,6254.8198,2803.76,1220.5449,40674.0939,M,N,N
11/27/2021,11:00,10901.9941,1612.6113,3988.5957,1109.8448,11901.8398,6208.0737,2773.3652,1292.5695,39788.8941,A3,N,N
11/27/2021,11:00,10962.9658,1655.2822,3955.9663,1156.8113,11827.1553,6158.9883,2752.73,1326.4055,39796.3047,A6,N,N
11/27/2021,11:00,10953.7998,1597.36,4065.9099,1038.92,12428.7998,6335.0801,2802.5701,1182.62,40405.0597,E,N,N
11/27/2021,11:00,10883.0996,1610.75,4070.6899,1060.91,12705.4004,6312.7202,2774.3401,1209.51,40627.4202,E1,N,N
11/27/2021,11:00,10953.7998,1611.97,4008.4399,1038.92,12428.7998,6312.7202,2802.5701,1182.62,40339.8398,E2,Y,N
11/27/2021,11:00,11260,1618.61,4008.4399,1097.0699,12321,6070.4902,2685.49,1140.9,40202,E3,N,N
11/27/2021,11:00,11012.6748,1609.6725,4038.3696,1058.955,12471,6257.7529,2766.2427,1178.9125,40393.58,M,N,N
11/27/2021,12:00,10876.3936,1544.3959,3968.0962,1072.2111,11600.418,6120.207,2771.7717,1284.4932,39237.9867,A3,N,N
11/27/2021,12:00,11003.0225,1630.866,3912.3528,1114.9203,11566.7939,6059.8638,2771.3376,1330.7783,39389.9352,A6,N,N
11/27/2021,12:00,10734.5996,1524.71,4049.5,1018.7,12095.2998,6216.5298,2781.52,1145.49,39566.3492,E,N,N
11/27/2021,12:00,10705.7998,1540.45,4060.46,1046.13,12434.2002,6280.79,2799.8601,1182.27,40049.9601,E1,N,N
11/27/2021,12:00,10734.5996,1578.8,4017.2,1018.7,12095.2998,6280.79,2781.52,1145.49,39652.3994,E2,Y,N
11/27/2021,12:00,11085.5,1561.9,4017.2,1092.3199,12100.2002,6024.6602,2733.6201,1131.0601,39746.4605,E3,N,N
11/27/2021,12:00,10815.125,1551.465,4036.0901,1043.9625,12181.25,6200.6924,2774.1301,1151.0775,39753.7926,M,N,N
11/27/2021,13:00,10824.9443,1479.6954,3976.5063,1030.7446,11247.9434,6039.4805,2768.7507,1235.6974,38603.7626,A3,N,N
11/27/2021,13:00,10908.1182,1581.194,3935.3052,1062.7493,11224.8174,5900.9385,2787.2468,1293.2692,38693.6386,A6,N,N
11/27/2021,13:00,10595.5,1458.3101,4013.51,998.715,11695,6058.27,2763.99,1116.23,38699.5251,E,N,N
11/27/2021,13:00,10514.5,1483.37,4033.5601,1024.78,12018.4004,6210.52,2801.5901,1166.72,39253.4406,E1,N,N
11/27/2021,13:00,10595.5,1563.59,4001.55,998.715,11695,6210.52,2763.99,1116.23,38945.095,E2,Y,N
11/27/2021,13:00,10878,1503.45,4001.55,1086.48,11932,5923.0298,2752.3101,1130.01,39206.8299,E3,N,N
11/27/2021,13:00,10645.875,1502.1799,4012.5425,1027.1726,11835.0996,6100.585,2770.4702,1132.2975,39026.2223,M,N,N
11/27/2021,14:00,10796.3828,1444.6786,3983.5891,1004.899,10951.7305,5949.5522,2781.1165,1212.751,38124.6997,A3,N,N
11/27/2021,14:00,10878.9639,1537.3398,3967.564,1031.4821,10933.4551,5799.626,2807.2954,1257.2858,38213.0121,A6,N,N
11/27/2021,14:00,10526.2002,1413.84,3988.73,987.752,11369.4004,5822.2002,2729.6699,1111.02,37948.8127,E,N,N
11/27/2021,14:00,10504.2002,1429.52,4006.6001,1016.69,11726.5996,6153.1699,2772.9099,1145.96,38755.6497,E1,N,N
11/27/2021,14:00,10526.2002,1553.92,3994.52,987.752,11369.4004,6153.1699,2729.6699,1111.02,38425.6524,E2,Y,N
11/27/2021,14:00,10822.5,1451.71,3994.52,1079.54,11562,5817.1699,2726.4299,1120.5699,38574.4397,E3,N,N
11/27/2021,14:00,10594.7754,1462.2474,3996.0923,1017.9335,11506.8496,5986.4272,2739.6699,1122.1425,38426.1378,M,N,N
11/27/2021,15:00,10697.3984,1431.0618,3974.9863,978.448,10796.25,5853.5264,2793.6055,1215.557,37740.8334,A3,N,N
11/27/2021,15:00,10808,1522.9093,3973.6206,1006.2383,10812.5986,5878.667,2824.3464,1264.1865,38090.5667,A6,N,N
11/27/2021,15:00,10397.4004,1384.64,3956.71,959.82,10977.0996,5725.6099,2653.79,1124.9399,37180.0098,E,N,N
11/27/2021,15:00,10444.0996,1412.14,3986.98,986.973,11387.0996,6073.1899,2698.5,1150.72,38139.7021,E1,N,N
11/27/2021,15:00,10397.4004,1549.08,3987.9299,959.82,10977.0996,6073.1899,2653.79,1124.9399,37723.2497,E2,Y,N
11/27/2021,15:00,10709.5,1430.67,3987.9299,1061.84,11137.5,5826.8599,2676.28,1131.41,37961.9898,E3,N,N
11/27/2021,15:00,10487.0996,1444.1324,3979.8875,992.1133,11119.6992,5924.7124,2670.5901,1133.0024,37751.2369,M,N,N
11/27/2021,16:00,10580.873,1408.0646,3982.3035,966.0008,10706.7578,5855.4155,2769.4985,1197.4406,37466.3543,A3,N,N
11/27/2021,16:00,10704.1807,1506.5093,3992.208,1002.0535,10731.4619,5926.1196,2791.8679,1236.3516,37890.7525,A6,N,N
11/27/2021,16:00,10241.7002,1365.02,3941.78,948.691,10718.0996,5622.6201,2599.8701,1130.87,36568.651,E,N,N
11/27/2021,16:00,10308.2998,1396.73,3976,973.623,11139.5996,5999.9102,2644.8101,1153.52,37592.4927,E1,N,N
11/27/2021,16:00,10241.7002,1550.3101,3981.6799,948.691,10718.0996,5999.9102,2599.8701,1130.87,37171.1311,E2,Y,N
11/27/2021,16:00,10559.2002,1416.26,3981.6799,1046.12,10831.5,5831.75,2651,1132.65,37450.1601,E3,N,N
11/27/2021,16:00,10337.7246,1432.0801,3970.2849,979.2813,10851.8242,5863.5479,2623.8877,1136.9775,37195.6082,M,N,N
11/27/2021,17:00,10457.0469,1402.9724,4026.031,924.7466,10689.0127,5893.7944,2732.4116,1160.319,37286.3346,A3,N,N
11/27/2021,17:00,10552.5127,1506.2911,4023.7258,979.5443,10734.6377,6014.7153,2762.1519,1190.0219,37763.6007,A6,N,N
11/27/2021,17:00,10161.7002,1364.47,3932.3501,920.622,10711.9004,5637.3101,2574.1201,1158.8199,36461.2928,E,N,N
11/27/2021,17:00,10246.2002,1413.13,3967.22,948.236,11125.5,6052.73,2613.8701,1171.66,37538.5463,E1,N,N
11/27/2021,17:00,10161.7002,1593.5,3965.6899,920.622,10711.9004,6052.73,2574.1201,1158.8199,37139.0825,E2,Y,N
11/27/2021,17:00,10492.5,1420.9,3965.6899,1023.84,10791.9004,5932.1001,2630.6599,1151.96,37409.5503,E3,N,N
11/27/2021,17:00,10265.5254,1448,3957.7373,953.33,10835.3008,5918.7173,2598.1926,1160.3149,37137.1183,M,N,N
11/27/2021,18:00,10645.6904,1441.1888,4112.1074,918.2946,11110.8232,6120.4912,2732.5557,1156.3123,38237.4636,A3,N,N
11/27/2021,18:00,10785.9854,1572.7972,4114.1118,977.2836,11149.1035,6202.4248,2763.3071,1208.8794,38773.8928,A6,N,N
11/27/2021,18:00,10500.9004,1437.37,3951.9299,931.121,10978,5869.2598,2560.9199,1187.15,37416.651,E,N,N
11/27/2021,18:00,10681.5,1477.41,3984.96,966.51,11469.2002,6071.2202,2603.75,1190.25,38444.8004,E1,N,N
11/27/2021,18:00,10500.9004,1674.96,3975.6101,931.121,10978,6071.2202,2560.9199,1187.15,37879.8816,E2,Y,N
11/27/2021,18:00,10817.4004,1488.09,3975.6101,1033.48,10991.5,5948.73,2587.8201,1159.22,38001.8506,E3,N,N
11/27/2021,18:00,10625.1758,1519.4575,3972.0276,965.558,11104.1748,5990.1079,2578.3525,1180.9424,37935.7965,M,N,N
11/27/2021,19:00,11024.4756,1504.9556,4184.4795,960.8055,11477.2549,6448.7085,2858.2852,1217.9542,39676.919,A3,N,N
11/27/2021,19:00,11128.0566,1633.6332,4165.6777,1009.7393,11502.916,6417.3452,2900.0579,1268.7423,40026.1682,A6,N,N
11/27/2021,19:00,10854,1512.11,4015.03,960.928,11591.4004,6260.5698,2762.6599,1252.79,39209.4881,E,N,N
11/27/2021,19:00,11021,1549.14,4044.8,997.351,11988,6504.1602,2802.1001,1252.6,40159.1513,E1,N,N
11/27/2021,19:00,10854,1727.59,4024.51,960.928,11591.4004,6504.1602,2762.6599,1252.79,39678.0385,E2,Y,N
11/27/2021,19:00,11176.5996,1554.6899,4024.51,1065.05,11583.2998,6321.2402,2739.6699,1224.13,39689.1894,E3,N,N
11/27/2021,19:00,10976.4004,1585.8824,4027.2124,996.0643,11688.5254,6397.5327,2766.7725,1245.5775,39683.9676,M,N,N
11/27/2021,20:00,10997.9756,1511.1866,4168.0288,954.1382,11318.2813,6470.623,2820.6973,1255.5178,39496.4486,A3,N,N
11/27/2021,20:00,11073.3574,1623.3734,4144.7573,986.7069,11314.5303,6315.7588,2849.8894,1283.738,39592.1115,A6,N,N
11/27/2021,20:00,10823.7002,1529.0601,4035.23,954.537,11598.7998,6192.5298,2769.3501,1285.34,39188.547,E,N,N
11/27/2021,20:00,11024.9004,1561.26,4055.3101,994.867,11968.2002,6505.8301,2797.21,1290.22,40197.7978,E1,N,N
11/27/2021,20:00,10823.7002,1709.73,4029.1599,954.537,11598.7998,6505.8301,2769.3501,1285.34,39676.4471,E2,Y,N
11/27/2021,20:00,11178.7998,1558.89,4029.1599,1048.14,11678.7002,6285.04,2738.5601,1261.65,39778.94,E3,N,N
11/27/2021,20:00,10962.7754,1589.735,4037.2151,988.0203,11711.125,6372.3076,2768.6177,1280.6375,39710.4336,M,N,N
11/27/2021,21:00,10883.6797,1498.6877,4146.7373,946.8892,11120.9766,6417.1245,2769.6284,1272.4736,39056.197,A3,N,N
11/27/2021,21:00,10930.8701,1600.7467,4118.5117,965.0077,11050.5703,6129.1318,2787.6763,1301.7281,38884.2427,A6,N,N
11/27/2021,21:00,10699.2002,1533,4044.79,951.93,11658.9004,6110.1699,2745.8999,1284.9,39028.7904,E,N,N
11/27/2021,21:00,10881.7002,1553.04,4031.3,992.023,11827.2998,6324.52,2750.0801,1297.5699,39657.533,E1,N,N
11/27/2021,21:00,10699.2002,1684.59,3988.1799,951.93,11658.9004,6324.52,2745.8999,1284.9,39338.1204,E2,Y,N
11/27/2021,21:00,11011.2002,1540.42,3988.1799,1044.1801,11491.7998,6115.1001,2687.8899,1268.76,39147.53,E3,N,N
11/27/2021,21:00,10822.8252,1577.7625,4013.1123,985.0157,11659.2256,6218.5771,2732.4424,1284.0325,39292.9933,M,N,N
11/27/2021,22:00,10667.0566,1465.2573,4156.8525,923.2902,10884.0029,6253.9102,2719.1448,1247.2893,38316.8038,A3,N,N
11/27/2021,22:00,10661.6162,1576.0955,4119.1084,934.4887,10721.2061,5878.4512,2731.6094,1275.9656,37898.5411,A6,N,N
11/27/2021,22:00,10485.0996,1504.97,4037.5701,940.013,11435.7998,6009.29,2673.6201,1247.1899,38333.5525,E,N,N
11/27/2021,22:00,10625.0996,1518.05,4024.0801,969.643,11493,6169.4902,2654.1499,1274.86,38728.3728,E1,N,N
11/27/2021,22:00,10485.0996,1639.41,3980.0801,940.013,11435.7998,6169.4902,2673.6201,1247.1899,38570.7027,E2,Y,N
11/27/2021,22:00,10739.7002,1501.72,3980.0801,1026.48,11170.4004,6012.4702,2565.22,1223.79,38219.8609,E3,N,N
11/27/2021,22:00,10583.75,1541.0376,4005.4526,969.0372,11383.75,6090.1851,2641.6526,1248.2574,38463.1225,M,N,N
11/27/2021,23:00,10341.7549,1418.8322,4158.8359,906.1065,10507.4307,6011.9585,2637.625,1206.1794,37188.7231,A3,N,N
11/27/2021,23:00,10317.5117,1514.5935,4138.4741,925.5209,10353.1055,5631.6987,2646.0386,1227.7833,36754.7263,A6,N,N
11/27/2021,23:00,10219.7002,1465.13,4038.8799,931.934,11152.5996,5805.1602,2600.4199,1230.0699,37443.8937,E,N,N
11/27/2021,23:00,10367.2002,1481.52,4018.48,956.461,11092.2002,5974.0898,2565.3601,1255.58,37710.8913,E1,N,N
11/27/2021,23:00,10219.7002,1578.0601,3984.22,931.934,11152.5996,5974.0898,2600.4199,1230.0699,37671.0935,E2,Y,N
11/27/2021,23:00,10383.9004,1441.9399,3984.22,1003.27,10769.5,5749.54,2480.7,1165.95,36979.0203,E3,N,N
11/27/2021,23:00,10297.625,1491.6625,4006.45,955.8998,11041.7246,5875.7197,2561.7251,1220.4175,37451.2242,M,N,N
11/27/2021,24:00,10052.3242,1360.5968,4155.8105,885.1246,10023.4668,5713.7275,2542.2517,1168.6091,35901.9112,A3,N,N
11/27/2021,24:00,10060.1875,1445.6161,4149.521,906.2218,9886.4707,5336.9014,2549.2815,1174.8187,35509.0187,A6,N,N
11/27/2021,24:00,9979.9004,1412.99,4036.3601,899.451,10683.5996,5559.9102,2527.98,1191.71,36291.9013,E,N,N
11/27/2021,24:00,10147.0996,1426.33,4007.48,929.325,10606.9004,5698.6299,2475.95,1214.79,36506.5049,E1,N,N
11/27/2021,24:00,9979.9004,1500.26,3972.97,899.451,10683.5996,5698.6299,2527.98,1191.71,36454.5009,E2,Y,N
11/27/2021,24:00,10076.5,1376.58,3972.97,965.303,10238.5996,5480.21,2410.6101,1115.59,35636.3627,E3,N,N
11/27/2021,24:00,10045.8496,1429.04,3997.4448,923.3825,10553.1748,5609.3447,2485.6299,1178.45,36222.3163,M,N,N
11/28/2021,1:00,9816.4736,1303.3445,4165.0054,859.1262,9855.7979,5531.0024,2458.0942,1129.9351,35118.7793,A3,N,N
11/28/2021,1:00,9842.3232,1396.5059,4179.1006,885.8947,9824.2607,5228.9316,2448.0535,1069.0521,34874.1223,A6,N,N
11/28/2021,1:00,9805.0303,1372.89,4015.29,876.031,10238.9004,5339.8701,2476.8,1146.4301,35271.2419,E,N,N
11/28/2021,1:00,10018.2998,1392.61,3986.3501,915.937,10155.0996,5456.2202,2399.47,1167.51,35491.4967,E1,N,N
11/28/2021,1:00,9805.0303,1431.66,3971.8601,876.031,10238.9004,5456.2202,2476.8,1146.4301,35402.9321,E2,Y,N
11/28/2021,1:00,9777.9404,1318.3199,3971.8601,945.435,9702.3496,5229.52,2367.1899,1036.92,34349.5349,E3,N,N
11/28/2021,1:00,9851.5752,1378.87,3986.3401,903.3585,10083.8125,5370.4575,2430.0649,1124.3225,35128.8012,M,N,N
11/28/2021,2:00,9593.6045,1265.9436,4159.4292,851.6827,9558.249,5340.625,2403.1487,1120.131,34292.8137,A3,N,N
11/28/2021,2:00,9603.1738,1350.9738,4164.0747,892.267,9564.3164,5052.3145,2363.7473,1070.1145,34060.982,A6,N,N
11/28/2021,2:00,9615.2402,1344.4399,3984.1399,855.24,9908.96,5150.25,2420.5701,1103.6899,34382.53,E,N,N
11/28/2021,2:00,9851.2695,1367.22,3958.7,905.305,9833.9805,5259.6099,2328.8201,1120.27,34625.175,E1,N,N
11/28/2021,2:00,9615.2402,1386.64,3959.03,855.24,9908.96,5259.6099,2420.5701,1103.6899,34508.9801,E2,Y,N
11/28/2021,2:00,9521.5498,1277.23,3959.03,936.536,9300.21,5027.8999,2312.8601,957.981,33293.2968,E3,N,N
11/28/2021,2:00,9650.8252,1343.8824,3965.2251,888.0802,9738.0283,5174.3423,2370.7051,1071.4077,34202.4963,M,N,N
11/28/2021,3:00,9432.043,1251.549,4143.1064,864.7493,9433.2139,5185.8481,2369.3103,1124.4082,33804.2282,A3,N,N
11/28/2021,3:00,9422.2959,1329.5073,4134.0195,913.3442,9454.0156,4896.248,2337.3396,1087.4301,33574.2002,A6,N,N
11/28/2021,3:00,9501.4004,1327.51,3964.77,849.482,9690.9404,5032.9502,2388.8101,1101.11,33856.9731,E,N,N
11/28/2021,3:00,9748.9404,1354.08,3945.5701,886.805,9602.0703,5153.0098,2287.51,1122.98,34100.9656,E1,N,N
11/28/2021,3:00,9501.4004,1358.08,3965.6599,849.482,9690.9404,5153.0098,2388.8101,1101.11,34008.4926,E2,Y,N
11/28/2021,3:00,9330.3203,1249.41,3965.6599,901.941,9023.3096,4912.1802,2289.6499,937.072,32609.5429,E3,N,N
11/28/2021,3:00,9520.5156,1322.27,3960.415,871.9275,9501.8154,5062.7876,2338.6951,1065.5679,33643.9941,M,N,N
11/28/2021,4:00,9382.8564,1246.6498,4160.3003,871.3337,9411.2295,5101.3784,2350.9412,1134.0624,33658.7517,A3,N,N
11/28/2021,4:00,9361.0469,1330.8767,4120.4233,913.7964,9419.4404,4812.0615,2318.469,1129.3656,33405.4798,A6,N,N
11/28/2021,4:00,9451.1104,1323.61,3982.8301,847.063,9657.6504,4996.5601,2371.0801,1088.9399,33718.844,E,N,N
11/28/2021,4:00,9712.9502,1348.14,3962.0701,878.946,9581.5,5110.2402,2262.1799,1110.28,33966.3064,E1,N,N
11/28/2021,4:00,9451.1104,1351.17,3982.6799,847.063,9657.6504,5110.2402,2371.0801,1088.9399,33859.9339,E2,Y,N
11/28/2021,4:00,9292.3896,1236.49,3982.6799,882.523,8945.5,4888.6499,2269.0701,919.569,32416.8715,E3,N,N
11/28/2021,4:00,9476.8906,1314.8525,3977.5649,863.8987,9460.5752,5026.4229,2318.3525,1051.9323,33490.4896,M,N,N
11/28/2021,5:00,9378.4287,1265.8119,4141.8184,888.9865,9500.8242,5099.2583,2329.9001,1147.1824,33752.2105,A3,N,N
11/28/2021,5:00,9369.8223,1336.923,4111.208,941.4801,9482.333,4803.936,2306.0857,1176.834,33528.6221,A6,N,N
11/28/2021,5:00,9464.5596,1348.5699,3983.78,862.575,9773.0703,5027.6602,2367.8899,1083.41,33911.5149,E,N,N
11/28/2021,5:00,9727.8301,1368.3,3967.1799,893.11,9723.5801,5123.3799,2259.45,1106.86,34169.69,E1,N,N
11/28/2021,5:00,9464.5596,1366.71,3978.3601,862.575,9773.0703,5123.3799,2367.8899,1083.41,34019.9548,E2,Y,N
11/28/2021,5:00,9308.29,1251.77,3978.3601,898.571,9008.0898,4898.4502,2261.28,906.461,32511.2721,E3,N,N
11/28/2021,5:00,9491.3096,1333.8375,3976.9202,879.2078,9569.4531,5043.2178,2314.1274,1045.0353,33653.1087,M,N,N
11/28/2021,6:00,9468.4814,1310.5332,4136.8218,930.2496,9670.4482,5131.5308,2330.8635,1186.1755,34165.104,A3,N,N
11/28/2021,6:00,9447.2773,1381.5723,4148.0317,970.0088,9649.4434,4820.7539,2294.7236,1250.4119,33962.2229,A6,N,N
11/28/2021,6:00,9590.7002,1386.64,4000.3799,883.685,9982.3496,5063.3198,2363.71,1104.2,34374.9845,E,N,N
11/28/2021,6:00,9844.3496,1404.03,3974.3501,911.442,9934.9004,5153.25,2284.8999,1148.9301,34656.1521,E1,N,N
11/28/2021,6:00,9590.7002,1369.72,3957.4199,883.685,9982.3496,5153.25,2363.71,1104.2,34405.0347,E2,Y,N
11/28/2021,6:00,9417.96,1270.71,3957.4199,919.646,9230.2998,4932.0098,2280.78,928.165,32936.9905,E3,N,N
11/28/2021,6:00,9610.9277,1357.7749,3972.3926,899.6145,9782.4746,5075.4575,2323.2749,1071.3737,34093.2904,M,N,N
11/28/2021,7:00,9569.2969,1359.0575,4097.8896,968.4188,9866.375,5248.3311,2353.7617,1252.394,34715.5246,A3,N,N
11/28/2021,7:00,9587.6582,1436.1963,4142.1118,987.5695,9818.3818,4908.2319,2306.7463,1333.3241,34520.2199,A6,N,N
11/28/2021,7:00,9802.6602,1451,4019.9299,925.687,10471.7998,5275.1699,2405.6499,1162.12,35514.0167,E,N,N
11/28/2021,7:00,10018.5,1458.21,3998.79,953.072,10330.7002,5344.21,2348.1799,1195.2,35646.8621,E1,N,N
11/28/2021,7:00,9802.6602,1416.3101,3969.9399,925.687,10471.7998,5344.21,2405.6499,1162.12,35498.3769,E2,Y,N
11/28/2021,7:00,9630.5898,1324.11,3969.9399,967.911,9597.7402,5125.02,2322.6699,978.007,33915.9878,E3,N,N
11/28/2021,7:00,9813.6025,1412.4075,3989.6499,943.0892,10218.0098,5272.1523,2370.5376,1124.3617,35143.8105,M,N,N
11/28/2021,8:00,9670.2363,1422.6906,4061.0251,989.1144,10148.2021,5412.082,2376.4099,1314.9161,35394.6765,A3,N,N
11/28/2021,8:00,9744.4443,1504.1571,4156.459,1007.7953,10100.7109,5055.0488,2340.8708,1380.9678,35290.454,A6,N,N
11/28/2021,8:00,9924.9199,1527.48,4057.8999,973.138,10873.2002,5443.8398,2462.02,1212.89,36475.3878,E,N,N
11/28/2021,8:00,10126.2002,1518.97,4032.4399,985.836,10663.5996,5459.9702,2368.3799,1233.35,36388.7458,E1,N,N
11/28/2021,8:00,9924.9199,1469.39,4007.49,973.138,10873.2002,5459.9702,2462.02,1212.89,36383.0183,E2,Y,N
11/28/2021,8:00,9774.2305,1390.1801,4007.49,1004.36,10049.9004,5297.1201,2346.8401,1024.01,34894.1312,E3,N,N
11/28/2021,8:00,9937.5684,1476.505,4026.3301,984.118,10614.9746,5415.2256,2409.8149,1170.7849,36035.3215,M,N,N
11/28/2021,9:00,10060.4111,1491.6051,4005.2849,1034.5618,10537.9805,5555.2266,2498.5989,1337.5919,36521.2608,A3,N,N
11/28/2021,9:00,10168.1455,1563.6477,4116.8413,1059.0881,10497.6172,5407.8105,2472.3706,1356.6412,36642.1621,A6,N,N
11/28/2021,9:00,10157.2998,1539.45,4042.8701,1038.35,11067,5648.96,2591.9399,1161.14,37247.0098,E,N,N
11/28/2021,9:00,10399.2002,1578.0699,4030.25,1036.4,11122.2998,5781.8701,2491.4099,1267.6801,37707.18,E1,N,N
11/28/2021,9:00,10157.2998,1537.65,4005.3899,1038.35,11067,5781.8701,2591.9399,1161.14,37340.6397,E2,Y,N
11/28/2021,9:00,10095.5,1478.86,4005.3899,1034.16,10626.7002,5720.1899,2509.1201,1090.49,36560.4101,E3,N,N
11/28/2021,9:00,10202.3252,1533.5074,4020.9749,1036.8151,10970.75,5733.2222,2546.1025,1170.1125,37213.8098,M,N,N
11/28/2021,10:00,10318.2852,1483.9645,3943.7439,1064.3563,11051.4414,5712.4912,2651.1812,1352.7627,37578.2264,A3,N,N
11/28/2021,10:00,10496.9824,1549.6288,4053.2375,1084.0308,10954.4766,5651.4927,2629.2273,1360.8926,37779.9687,A6,N,N
11/28/2021,10:00,10438.2998,1527.5699,4056.4199,1041.48,11358.0996,5817.1299,2638.25,1154.35,38031.5991,E,N,N
11/28/2021,10:00,10702.5,1562.09,4024.1399,1066.52,11393,5826.1201,2519.52,1226.4301,38320.3201,E1,N,N
11/28/2021,10:00,10438.2998,1516.2,4017.71,1041.48,11358.0996,5826.1201,2638.25,1154.35,37990.5095,E2,Y,N
11/28/2021,10:00,10432.4004,1492.84,4017.71,1101.3,11206.7998,5891,2567.8201,1074.63,37784.5003,E3,N,N
11/28/2021,10:00,10502.875,1524.6749,4028.9949,1062.6951,11329,5840.0928,2590.96,1152.4399,38031.7326,M,N,N
11/28/2021,11:00,10393.9053,1457.6941,3920.0283,1051.3284,11176.8281,5746.8691,2705.9136,1327.7146,37780.2815,A3,N,N
11/28/2021,11:00,10650.1338,1532.5817,3915.4712,1078.7993,11111.2656,5717.1245,2693.0215,1359.6138,38058.0114,A6,N,N
11/28/2021,11:00,10492.2002,1479.71,4053.2,1036.4399,11275.7002,5795.54,2688.03,1114.89,37935.7103,E,N,N
11/28/2021,11:00,10796.2002,1527.09,4035.9099,1067.9399,11352.5,5821.3599,2605.8501,1177.85,38384.7,E1,N,N
11/28/2021,11:00,10492.2002,1472.09,4044.6399,1036.4399,11275.7002,5821.3599,2688.03,1114.89,37945.3501,E2,Y,N
11/28/2021,11:00,10604.9004,1488.42,4044.6399,1114.04,11343.2998,5977.79,2650.74,1040.0601,38263.8902,E3,N,N
11/28/2021,11:00,10596.375,1491.8274,4044.5974,1063.715,11311.7998,5854.0127,2658.1626,1111.9225,38132.4124,M,N,N
11/28/2021,12:00,10556.46,1450.8834,3899.2441,1024.7126,11060.3496,5745.5967,2771.2065,1318.585,37827.0379,A3,N,N
11/28/2021,12:00,10762.3516,1530.9617,3869.2432,1057.0491,11053.8398,5737.4707,2762.5063,1361.6407,38135.0631,A6,N,N
11/28/2021,12:00,10577.4004,1427.14,4038.3201,1027.67,11093.7002,5859.1001,2734.71,1095.4,37853.4408,E,N,N
11/28/2021,12:00,10903.7002,1492.77,4024.01,1061.5601,11179,5907.5801,2700.3701,1158.78,38427.7705,E1,N,N
11/28/2021,12:00,10577.4004,1449.86,4044,1027.67,11093.7002,5907.5801,2734.71,1095.4,37930.3207,E2,Y,N
11/28/2021,12:00,10721.5,1471.16,4044,1120.6899,11363.9004,5982.77,2731.1101,1035.34,38470.4704,E3,N,N
11/28/2021,12:00,10695,1460.2325,4037.5825,1059.3975,11182.5742,5914.2573,2725.2251,1096.23,38170.4991,M,N,N
11/28/2021,13:00,10645.6035,1433.6207,3908.856,1001.4196,10920.8359,5738.5493,2823.3857,1289.7772,37762.0479,A3,N,N
11/28/2021,13:00,10781.7959,1508.0453,3884.8916,1025.7698,10936.334,5715.1909,2813.5447,1340.4875,38006.0597,A6,N,N
11/28/2021,13:00,10652.5,1421.08,4009.1001,1026.3,11001.2002,5874.6699,2775.97,1083.4,37844.2202,E,N,N
11/28/2021,13:00,10978,1478.78,3996.28,1062.8199,11012.7998,5938.6899,2755.79,1153.89,38377.0496,E1,N,N
11/28/2021,13:00,10652.5,1455.5,4022.3101,1026.3,11001.2002,5938.6899,2775.97,1083.4,37955.8702,E2,Y,N
11/28/2021,13:00,10596.4004,1452.99,4022.3101,1132.74,11151.4004,5887.3901,2773.0701,1040.66,38056.9611,E3,N,N
11/28/2021,13:00,10719.8496,1452.0874,4012.5,1062.04,11041.6504,5909.8599,2770.2,1090.3375,38058.5248,M,N,N
11/28/2021,14:00,10715.8652,1413.1678,3935.0425,982.0852,10779.7764,5747.5088,2852.812,1263.0782,37689.3361,A3,N,N
11/28/2021,14:00,10812.2842,1490.157,3920.8025,1005.295,10816.1348,5743.4468,2846.9565,1295.9811,37931.0579,A6,N,N
11/28/2021,14:00,10711.2998,1402.54,3984.3799,1025.3101,10820.5,5837.0698,2773.76,1085.14,37639.9996,E,N,N
11/28/2021,14:00,10969.0996,1462.74,3966.05,1062.5,10846.0996,5897.0098,2764.3999,1143.8,38111.6989,E1,N,N
11/28/2021,14:00,10711.2998,1444.02,3999.9099,1025.3101,10820.5,5897.0098,2773.76,1085.14,37756.9496,E2,Y,N
11/28/2021,14:00,10521.7002,1428.58,3999.9099,1139.29,10735,5800.3901,2757.01,1033.61,37415.4902,E3,N,N
11/28/2021,14:00,10728.3496,1434.47,3987.5625,1063.1025,10805.5254,5857.8701,2767.2324,1086.9225,37731.035,M,N,N
11/28/2021,15:00,10785.7031,1388.9589,3968.5583,959.2115,10778.5986,5753.459,2866.5671,1246.6821,37747.7386,A3,N,N
11/28/2021,15:00,10773.4131,1480.5648,3953.7246,986.3634,10804.5898,5737.9043,2868.8909,1282.0685,37887.5194,A6,N,N
11/28/2021,15:00,10674,1374.79,3981.24,1010.04,10581.7998,5824.52,2760.1101,1097.4301,37303.93,E,N,N
11/28/2021,15:00,10852.2002,1440.83,3959.77,1046.6,10665.5996,5843.1699,2751.98,1143.9399,37704.0896,E1,N,N
11/28/2021,15:00,10674,1425.41,3980.3,1010.04,10581.7998,5843.1699,2760.1101,1097.4301,37372.2599,E2,Y,N
11/28/2021,15:00,10509.2002,1420.78,3980.3,1126.86,10557.5996,5729.6802,2708.78,1024.78,37057.98,E3,N,N
11/28/2021,15:00,10677.3496,1415.4526,3975.4023,1048.385,10596.6992,5810.1348,2745.2451,1090.895,37359.5636,M,N,N
11/28/2021,16:00,10830.0684,1387.4647,4025.1746,939.9716,10725.0996,5787.8477,2843.7402,1201.1261,37740.4929,A3,N,N
11/28/2021,16:00,10801.7422,1480.7272,4009.6089,972.793,10788.4668,5740.4663,2840.2605,1226.9806,37861.0455,A6,N,N
11/28/2021,16:00,10574.7002,1361.5699,3992.0601,1005.71,10454.2002,5805.4199,2763.53,1091.92,37049.1103,E,N,N
11/28/2021,16:00,10776,1433.41,3966.23,1042.48,10583.7002,5796.4502,2730.54,1137.4301,37466.2405,E1,N,N
11/28/2021,16:00,10574.7002,1418.89,3987.73,1005.71,10454.2002,5796.4502,2763.53,1091.92,37093.1306,E2,Y,N
11/28/2021,16:00,10440,1412.12,3987.73,1131.2,10484,5687.8999,2690.8,1016.07,36849.8199,E3,N,N
11/28/2021,16:00,10591.3496,1406.4976,3983.4375,1046.2749,10494.0254,5771.5552,2737.1001,1084.335,37114.5753,M,N,N
11/28/2021,17:00,10750.5703,1375.6927,4058.3159,921.6403,10752.4463,5843.2759,2845.1721,1156.6396,37703.7531,A3,N,N
11/28/2021,17:00,10681.8506,1469.964,4037.3979,960.7285,10793.0801,5823.7271,2827.3052,1176.1345,37770.1879,A6,N,N
11/28/2021,17:00,10528.7002,1366.76,3986.0601,984.977,10507.7998,5864.4702,2745.52,1116.61,37100.8973,E,N,N
11/28/2021,17:00,10775.5996,1441.89,3959.79,1028.53,10665.4004,5840.1899,2698.23,1161.38,37571.0099,E1,N,N
11/28/2021,17:00,10528.7002,1424.3101,3992.1899,984.977,10507.7998,5840.1899,2745.52,1116.61,37140.2969,E2,Y,N
11/28/2021,17:00,10472.9004,1424.4301,3992.1899,1135.97,10760,5754.5498,2672.0901,1042.22,37254.3503,E3,N,N
11/28/2021,17:00,10576.4746,1414.3475,3982.5576,1033.6135,10610.25,5824.8496,2715.3401,1109.2051,37266.638,M,N,N
11/28/2021,18:00,10919.1816,1420.7495,4126.751,929.6675,11238.9463,6058.7373,2852.2734,1163.0621,38709.3687,A3,N,N
11/28/2021,18:00,10908.1152,1525.2236,4117.0293,967.6298,11290.3291,6032.7397,2843.4775,1204.6294,38889.1736,A6,N,N
11/28/2021,18:00,10620.9004,1416,4019.01,1006.21,10893.7998,6035.9302,2722.54,1137.62,37852.0104,E,N,N
11/28/2021,18:00,10923.4004,1496.34,3995.7,1052.6899,11127.2002,5972.3501,2697.6499,1191.05,38456.3805,E1,N,N
11/28/2021,18:00,10620.9004,1452.3101,4016.3799,1006.21,10893.7998,5972.3501,2722.54,1137.62,37822.1103,E2,Y,N
11/28/2021,18:00,10923.0996,1514.48,4016.3799,1149.58,11334.7002,6100.54,2645.54,1087.75,38772.0697,E3,N,N
11/28/2021,18:00,10772.0752,1469.7825,4011.8674,1053.6725,11062.375,6020.293,2697.0674,1138.51,38225.643,M,N,N
11/28/2021,19:00,11258.2295,1471.9493,4175.811,978.6832,11649.4502,6338.3228,2970.6743,1229.2841,40072.4044,A3,N,N
11/28/2021,19:00,11242.7422,1568.1759,4153.416,1010.6711,11723.0039,6278.665,2982.5137,1270.8114,40229.9992,A6,N,N
11/28/2021,19:00,11120,1509.14,4085.28,1036.0699,11630.2002,6407.75,2851.1399,1224.65,39864.23,E,N,N
11/28/2021,19:00,11351,1580.3101,4062.3501,1087.75,11845,6400.1201,2867.0801,1269.21,40462.8204,E1,N,N
11/28/2021,19:00,11120,1544.3,4111.96,1036.0699,11630.2002,6400.1201,2851.1399,1224.65,39918.4401,E2,Y,N
11/28/2021,19:00,11319.7002,1622.27,4111.96,1195.72,12303.9004,6501.3701,2824.6001,1177.52,41057.0408,E3,N,N
11/28/2021,19:00,11227.6748,1564.005,4092.8875,1088.9023,11852.3242,6427.3398,2848.4897,1224.0074,40325.6307,M,N,N
11/28/2021,20:00,11207.166,1483.1425,4166.7588,972.8325,11649.4014,6303.3643,2936.7219,1262.8307,39982.2181,A3,N,N
11/28/2021,20:00,11221.0498,1577.222,4140.1445,993.6746,11695.2861,6226.8062,2945.4778,1278.3838,40078.0448,A6,N,N
11/28/2021,20:00,11116.4004,1518.5,4099.9902,1034.28,11719.5,6440.6001,2876.3799,1258.5699,40064.2205,E,N,N
11/28/2021,20:00,11310,1578.95,4077.1899,1086.6801,11925.0996,6444.6001,2882.1399,1302.8101,40607.4697,E1,N,N
11/28/2021,20:00,11116.4004,1542.23,4153.29,1034.28,11719.5,6444.6001,2876.3799,1258.5699,40145.2503,E2,Y,N
11/28/2021,20:00,11345,1625.97,4153.29,1195.9399,12397.2998,6555.46,2852.6001,1210.04,41335.5998,E3,N,N
11/28/2021,20:00,11221.9502,1566.4124,4120.9404,1087.7949,11940.3506,6471.3154,2871.875,1257.4974,40538.1363,M,N,N
11/28/2021,21:00,11117.0996,1481.8262,4139.3403,984.0509,11579.1357,6238.1743,2889.4424,1286.2543,39715.3237,A3,N,N
11/28/2021,21:00,11150.3652,1590.1519,4111.4067,996.4578,11584.5498,6167.4121,2894.7053,1298.3152,39793.364,A6,N,N
11/28/2021,21:00,11011.7998,1536.48,4102.8599,1026.04,11849.2998,6330.9702,2839.99,1268,39965.4397,E,N,N
11/28/2021,21:00,11145.9004,1582.12,4083.25,1073.28,12037.7002,6279.3599,2846.5601,1317.03,40365.2006,E1,N,N
11/28/2021,21:00,11011.7998,1535.3,4165.5801,1026.04,11849.2998,6279.3599,2839.99,1268,39975.3696,E2,Y,N
11/28/2021,21:00,11277.0996,1655.37,4165.5801,1186.23,12437.4004,6537.1299,2814.1699,1207.03,41280.0099,E3,N,N
11/28/2021,21:00,11111.6504,1577.3176,4129.3174,1077.8975,12043.4258,6356.7051,2835.1775,1265.015,40396.5063,M,N,N
11/28/2021,22:00,10830.3252,1455.3416,4102.4683,968.4102,11295.333,6053.7896,2829.5786,1277.7894,38813.0359,A3,N,N
11/28/2021,22:00,10869.3281,1547.8014,4075.9468,970.1395,11252.9385,5961.5474,2835.9141,1286.3872,38800.003,A6,N,N
11/28/2021,22:00,10805,1503.3,4091.55,1016.6,11612.7998,6206.79,2760.54,1235.25,39231.8298,E,N,N
11/28/2021,22:00,10908.5996,1540.6801,4066.8,1064.21,11777,6121.8999,2754.8701,1285.36,39519.4197,E1,N,N
11/28/2021,22:00,10805,1492.59,4148.5801,1016.6,11612.7998,6121.8999,2760.54,1235.25,39193.2598,E2,Y,N
11/28/2021,22:00,11082.0996,1622.28,4148.5801,1178.04,12263.2998,6367.8701,2744.5,1164.67,40571.3396,E3,N,N
11/28/2021,22:00,10900.1748,1539.7124,4113.8774,1068.8625,11816.4756,6204.6152,2755.1125,1230.1324,39628.9628,M,N,N
11/28/2021,23:00,10368.8408,1381.0828,4084.521,945.2017,10884.8496,5759.2881,2706.8816,1239.1844,37369.85,A3,N,N
11/28/2021,23:00,10408.7305,1480.2797,4072.76,953.5474,10853.0361,5727.6011,2714.426,1237.2374,37447.6182,A6,N,N
11/28/2021,23:00,10338.5,1450.99,4084.24,977.461,11161.7998,5888.2998,2655.6799,1220.39,37777.3605,E,N,N
11/28/2021,23:00,10517.4004,1482.5699,4061.1799,1024.5,11294.0996,5787.4102,2623.1599,1274.05,38064.3699,E1,N,N
11/28/2021,23:00,10338.5,1424.34,4128.8701,977.461,11161.7998,5787.4102,2655.6799,1220.39,37694.451,E2,Y,N
11/28/2021,23:00,10670.5,1567.53,4128.8701,1130.95,11805.4004,6118.98,2643.45,1179.85,39245.5305,E3,N,N
11/28/2021,23:00,10466.2246,1481.3574,4100.79,1027.593,11355.7754,5895.5254,2644.4924,1223.67,38195.4282,M,N,N
11/28/2021,24:00,9967.1748,1319.6042,4067.2009,905.2031,10281.6221,5358.8457,2571.0391,1188.842,35659.5319,A3,N,N
11/28/2021,24:00,9994.7451,1386.6566,4072.272,924.9828,10309.4941,5295.541,2577.571,1166.1222,35727.3848,A6,N,N
11/28/2021,24:00,9897.9297,1386.9399,4076.1299,929.258,10495.2998,5548.3101,2501.48,1170.92,36006.2674,E,N,N
11/28/2021,24:00,10073.7998,1410.22,4060.6101,976.313,10624.4004,5421.6602,2460.9399,1219.16,36247.1034,E1,N,N
11/28/2021,24:00,9897.9297,1346.42,4115.7798,929.258,10495.2998,5421.6602,2501.48,1170.92,35878.7475,E2,Y,N
11/28/2021,24:00,10208.2998,1511.91,4115.7798,1081.58,11276.0996,5762.1899,2494.6201,1139.3101,37589.7893,E3,N,N
11/28/2021,24:00,10019.4902,1413.8726,4092.0747,979.1023,10722.7754,5538.4551,2489.6299,1175.0775,36430.4777,M,N,N
11/29/2021,1:00,9611.3799,1287.8741,4078.7788,873.0347,9925.9834,5089.7881,2424.4954,1159.5774,34450.9118,A3,N,N
11/29/2021,1:00,9664.9736,1351.9055,4123.0786,909.1565,10012.4316,5125.6147,2434.7476,1073.238,34695.1461,A6,N,N
11/29/2021,1:00,9507.7197,1342.4301,4076.4399,892.45,9940.1201,5267.8599,2391.75,1133.36,34552.1297,E,N,N
11/29/2021,1:00,9782.0303,1351.12,4070.8701,939.879,10056.0996,5117.8198,2334.1499,1186.1801,34838.1488,E1,N,N
11/29/2021,1:00,9507.7197,1285.3,4098.1899,892.45,9940.1201,5117.8198,2391.75,1133.36,34366.7095,E2,Y,N
11/29/2021,1:00,9839.7803,1471.7,4098.1899,1042.79,10924.2998,5445.02,2401.0901,1132.6899,36355.56,E3,N,N
11/29/2021,1:00,9659.3125,1362.6375,4085.9224,941.8923,10215.1602,5237.1299,2379.6851,1146.3975,35028.1374,M,N,N
11/29/2021,2:00,9391.3369,1268.7319,4075.4426,865.8087,9682.4141,4961.8442,2344.563,1144.3887,33734.5301,A3,N,N
11/29/2021,2:00,9472.2109,1323.8618,4126.5273,913.7059,9689.8926,5016.1074,2326.26,1071.37,33939.9359,A6,N,N
11/29/2021,2:00,9269.1201,1323.22,4067.3401,877.134,9633.3203,5076.6299,2308.27,1115.5699,33670.6043,E,N,N
11/29/2021,2:00,9612.4297,1321.36,4064.3301,920.642,9727.54,4917.8398,2243.04,1172.52,33979.7016,E1,N,N
11/29/2021,2:00,9269.1201,1250.0601,4079.1599,877.134,9633.3203,4917.8398,2308.27,1115.5699,33450.4741,E2,Y,N
11/29/2021,2:00,9643.5303,1466.71,4079.1599,1017.03,10832.2998,5263.9902,2326.02,1135.45,35764.1902,E3,N,N
11/29/2021,2:00,9448.5508,1340.3375,4072.4976,922.985,9956.6201,5044.0752,2296.3999,1134.7773,34216.2434,M,N,N
11/29/2021,3:00,9304.8594,1267.5924,4059.2334,880.7907,9701.4053,4901.936,2324.8328,1135.5007,33576.1507,A3,N,N
11/29/2021,3:00,9409.9717,1304.9392,4102.0874,933.9717,9618.7813,4900.8999,2301.9214,1079.0214,33651.594,A6,N,N
11/29/2021,3:00,9138.1797,1320.84,4062.45,874.368,9517.3496,4985.5801,2267.8201,1102.3101,33268.8976,E,N,N
11/29/2021,3:00,9529.5195,1303.3101,4060.75,914.068,9591.8799,4814.5,2189.1499,1171.04,33574.2174,E1,N,N
11/29/2021,3:00,9138.1797,1232.65,4067.1699,874.368,9517.3496,4814.5,2267.8201,1102.3101,33014.3474,E2,Y,N
11/29/2021,3:00,9563.25,1476.4399,4067.1699,1014.16,10888.7998,5196.6899,2290.5701,1150.55,35647.6296,E3,N,N
11/29/2021,3:00,9342.2822,1333.3099,4064.385,919.241,9878.8447,4952.8174,2253.8401,1131.5525,33876.2728,M,N,N
11/29/2021,4:00,9380.2188,1276.0051,4090.8833,891.114,9803.1055,4941.3584,2320.7034,1146.3984,33849.7869,A3,N,N
11/29/2021,4:00,9445.2324,1321.6439,4090.8079,944.1089,9730.8027,4782.5991,2292.4771,1120.5632,33728.2352,A6,N,N
11/29/2021,4:00,9213.1396,1350.64,4081.3501,886.68,9660.9502,5027.4502,2271.4099,1103.33,33594.95,E,N,N
11/29/2021,4:00,9586.71,1317.96,4080.3,923.273,9733.75,4833.4502,2177.95,1168.14,33821.5332,E1,N,N
11/29/2021,4:00,9213.1396,1244.54,4080.25,886.68,9660.9502,4833.4502,2271.4099,1103.33,33293.7499,E2,Y,N
11/29/2021,4:00,9677.5703,1518.45,4080.25,1022.39,11184.9004,5353.48,2278.7,1146.64,36262.3807,E3,N,N
11/29/2021,4:00,9422.6396,1357.8975,4080.5376,929.7557,10060.1367,5011.9575,2249.8674,1130.36,34243.152,M,N,N
11/29/2021,5:00,9592.5566,1316.3715,4119.5771,924.5552,10097.2363,5102.7959,2340.3318,1167.3573,34660.7817,A3,N,N
11/29/2021,5:00,9592.376,1362.0604,4116.9536,983.2111,10150.416,4844.167,2312.522,1177.512,34539.2181,A6,N,N
11/29/2021,5:00,9456.0596,1425.83,4103.5898,917.152,10118.5996,5226.2598,2320.1201,1115.76,34683.3709,E,N,N
11/29/2021,5:00,9818.8203,1382.13,4102.3999,948.258,10193.0996,5000.1201,2221.52,1180.13,34846.4779,E1,N,N
11/29/2021,5:00,9456.0596,1306.1,4102.2202,917.152,10118.5996,5000.1201,2320.1201,1115.76,34336.1316,E2,Y,N
11/29/2021,5:00,10028.5,1612.48,4102.2202,1050.53,11853,5663.3901,2324.6899,1161.24,37796.0502,E3,N,N
11/29/2021,5:00,9689.8594,1431.635,4102.6079,958.273,10570.8242,5222.4727,2296.6125,1143.2225,35415.5072,M,N,N
11/29/2021,6:00,10048.1211,1423.3787,4182.0356,993.9811,10849.4902,5439.854,2408.0027,1215.4243,36560.2877,A3,N,N
11/29/2021,6:00,9994.0684,1488.2711,4224.2822,1036.9844,10844.791,5176.0034,2366.835,1261.6644,36392.8999,A6,N,N
11/29/2021,6:00,9990.5195,1564.3101,4141.5801,974.656,11225.5,5672.8599,2440.96,1186.35,37196.7356,E,N,N
11/29/2021,6:00,10387.2998,1509.05,4141.5698,1005.12,11214.2998,5386.46,2349.6799,1255.39,37248.8693,E1,N,N
11/29/2021,6:00,9990.5195,1400.04,4132.75,974.656,11225.5,5386.46,2440.96,1186.35,36737.2355,E2,Y,N
11/29/2021,6:00,10674.7998,1739.04,4132.75,1105.6,12761.2998,6171.79,2506.8201,1258.6801,40350.7798,E3,N,N
11/29/2021,6:00,10260.7852,1553.1101,4137.1626,1015.0081,11606.6504,5654.3926,2434.605,1221.6925,37883.4065,M,N,N
11/29/2021,7:00,10657.8262,1587.405,4263.6792,1095.698,11999.8076,6015.8672,2580.0513,1298.1199,39498.4544,A3,N,N
11/29/2021,7:00,10549.9512,1671.9219,4321.6875,1142.9031,11917.3877,5716.4141,2534.0374,1360.7592,39215.0621,A6,N,N
11/29/2021,7:00,10718.4004,1744.2,4213.7402,1067.79,12628.2002,6352.1201,2696.77,1279.37,40700.5909,E,N,N
11/29/2021,7:00,11165.2998,1682.04,4213.8501,1099.0699,12597.5996,6062.71,2588.46,1343.12,40752.1494,E1,N,N
11/29/2021,7:00,10718.4004,1571.61,4207.2798,1067.79,12628.2002,6062.71,2696.77,1279.37,40232.1304,E2,Y,N
11/29/2021,7:00,11527.9004,1909.6801,4207.2798,1205.0601,14184.4004,6926.98,2815.5901,1333.24,44110.1309,E3,N,N
11/29/2021,7:00,11032.5,1726.8826,4210.5371,1109.9275,13009.5996,6351.1299,2699.3975,1308.7749,41448.7491,M,N,N
11/29/2021,8:00,11065.3877,1650.9801,4296.2813,1138.2388,12458.4951,6314.3994,2657.6062,1352.3369,40933.7255,A3,N,N
11/29/2021,8:00,10856.7852,1749.3855,4395.1392,1194.4152,12453.373,6017.3779,2620.2361,1400.401,40687.1131,A6,N,N
11/29/2021,8:00,11103.7998,1831.76,4255.04,1111.27,13282.4004,6646.5898,2786.5801,1311.46,42328.9001,E,N,N
11/29/2021,8:00,11442.2998,1751.13,4255.4399,1134.14,13153.7002,6318.4199,2664.1001,1372.16,42091.3899,E1,N,N
11/29/2021,8:00,11103.7998,1633.22,4250.2002,1111.27,13282.4004,6318.4199,2786.5801,1311.46,41797.3504,E2,Y,N
11/29/2021,8:00,11910.5996,1961.4301,4250.2002,1244.37,14645,7217.1699,2910.8799,1358.51,45498.1597,E3,N,N
11/29/2021,8:00,11390.125,1794.3851,4252.7202,1150.2626,13590.875,6625.1499,2787.0349,1338.3975,42928.9502,M,N,N
11/29/2021,9:00,11271.3535,1657.0897,4211.4966,1166.3636,12456.2744,6291.646,2748.5613,1341.2828,41144.0679,A3,N,N
11/29/2021,9:00,11186.8301,1786.9343,4326.7686,1211.1052,12315.8965,6004.8701,2704.1318,1364.1775,40900.7141,A6,N,N
11/29/2021,9:00,11129,1785.2,4228.8701,1124.25,12774.7998,6472.5298,2793.6201,1188.45,41496.7198,E,N,N
11/29/2021,9:00,11518.5,1744.95,4237.2998,1145.39,13031,6344.71,2741.3701,1340.6,42103.8199,E1,N,N
11/29/2021,9:00,11129,1635.05,4238.6499,1124.25,12774.7998,6344.71,2793.6201,1188.45,41228.5298,E2,Y,N
11/29/2021,9:00,11942.4004,1946.4301,4238.6499,1240.9,14536.4004,7268.8799,2918.9099,1357.26,45449.8306,E3,N,N
11/29/2021,9:00,11429.7246,1777.9076,4235.8677,1158.6975,13279.25,6607.707,2811.8801,1268.6899,42569.7244,M,N,N
11/29/2021,10:00,11331.1064,1627.5852,4073.2627,1170.9609,12450.3809,6225.6885,2841.7952,1310.9875,41031.7673,A3,N,N
11/29/2021,10:00,11458.6934,1731.9032,4175.4341,1192.2202,12389.085,6211.9951,2809.1804,1346.4525,41314.9639,A6,N,N
11/29/2021,10:00,11338.9004,1701.9399,4183.2002,1113.4301,12502.7998,6421.3398,2854.73,1152,41268.3402,E,N,N
11/29/2021,10:00,11810,1696,4186.52,1147.35,12656.4004,6339.77,2803.5601,1259.22,41898.8205,E1,N,N
11/29/2021,10:00,11338.9004,1630.39,4184.6602,1113.4301,12502.7998,6339.77,2854.73,1152,41116.6805,E2,Y,N
11/29/2021,10:00,11885.5996,1812.75,4184.6602,1229.83,13242.2002,6803.1201,2913.5601,1241.3101,43313.0303,E3,N,N
11/29/2021,10:00,11593.3496,1710.27,4184.7603,1151.01,12726.0498,6476,2856.645,1201.1326,41899.2173,M,N,N
11/29/2021,11:00,11347,1580.124,3984.6113,1142.22,12210.6328,6130.1216,2895.9055,1295.7787,40586.3939,A3,N,N
11/29/2021,11:00,11458.6143,1676.2787,3975.6716,1160.6316,12141.9531,6133.7051,2859.1899,1356.7954,40762.8397,A6,N,N
11/29/2021,11:00,11273.2998,1642.2,4161.5,1093.66,12330.7998,6269.1499,2904.1699,1131.34,40806.1194,E,N,N
11/29/2021,11:00,11785.7998,1649.04,4177.7998,1137.04,12449.7998,6186.4902,2882.6299,1215.26,41483.8595,E1,N,N
11/29/2021,11:00,11273.2998,1593.38,4167.6299,1093.66,12330.7998,6186.4902,2904.1699,1131.34,40680.7696,E2,Y,N
11/29/2021,11:00,11802.7002,1727.16,4167.6299,1220.12,12810,6516.7202,2902.1299,1193.3199,42339.7801,E3,N,N
11/29/2021,11:00,11533.7744,1652.9451,4168.6396,1136.1201,12480.3496,6289.7129,2898.2749,1167.8149,41327.6315,M,N,N
11/29/2021,12:00,11351.8018,1551.0322,3943.5413,1101.3348,11931.6523,6070.791,2952.3306,1305.1975,40207.6815,A3,N,N
11/29/2021,12:00,11449.5127,1646.0332,3905.7256,1117.8949,11871.0488,6085.5151,2921.9565,1364.1003,40361.7871,A6,N,N
11/29/2021,12:00,11296.5,1587.67,4139.0601,1064.63,12096,6293.9902,2945.78,1110.4,40534.0303,E,N,N
11/29/2021,12:00,11820.7998,1599.21,4164.71,1118.67,12173.0996,6235.52,2940.9399,1183.35,41236.2993,E1,N,N
11/29/2021,12:00,11296.5,1589.5699,4154.2202,1064.63,12096,6235.52,2945.78,1110.4,40492.6201,E2,Y,N
11/29/2021,12:00,11549.0996,1635.99,4154.2202,1202.4301,12356,6259.3398,2921.1599,1153.13,41231.3696,E3,N,N
11/29/2021,12:00,11490.7246,1603.1099,4153.0527,1112.5901,12180.2754,6256.0923,2938.415,1139.3199,40873.5799,M,N,N
11/29/2021,13:00,11402.749,1519.7622,3948.8506,1069.3319,11688.6318,6041.8276,2972.3894,1287.6146,39931.1571,A3,N,N
11/29/2021,13:00,11454.2285,1598.1062,3914.2803,1074.4911,11635.915,6041.0605,2959.481,1325.1558,40002.7184,A6,N,N
11/29/2021,13:00,11326.5,1561.05,4104.6499,1048.17,11961.2002,6309.21,2974.0901,1093.8199,40378.6901,E,N,N
11/29/2021,13:00,11848.5,1585.92,4129.6401,1107.24,12044.0996,6264.3501,2964.8899,1161.3101,41105.9498,E1,N,N
11/29/2021,13:00,11326.5,1587.0601,4116.6499,1048.17,11961.2002,6264.3501,2974.0901,1093.8199,40371.8403,E2,Y,N
11/29/2021,13:00,11349.9004,1579.5,4116.6499,1194.41,12090.5,6158.8198,2920.76,1133.04,40543.5801,E3,N,N
11/29/2021,13:00,11462.8496,1578.3826,4116.8975,1099.4976,12014.25,6249.1826,2958.4575,1120.4974,40600.0148,M,N,N
11/29/2021,14:00,11554.1904,1505.1417,3977.9507,1062.9106,11532.6855,6056.3794,3010.9373,1264.5031,39964.6987,A3,N,N
11/29/2021,14:00,11495.9258,1578.968,3956.4788,1056.8268,11488.6953,6062.5645,3007.8281,1284.5726,39931.8599,A6,N,N
11/29/2021,14:00,11367.5996,1548.8,4082.8301,1043.41,11834,6293.1899,3009.6799,1095.4301,40274.9396,E,N,N
11/29/2021,14:00,11819.4004,1576.58,4109.3999,1106.03,11875.7002,6229.9902,2972.45,1159.1801,40848.7308,E1,N,N
11/29/2021,14:00,11367.5996,1593.0699,4091.79,1043.41,11834,6229.9902,3009.6799,1095.4301,40264.9697,E2,Y,N
11/29/2021,14:00,11281.7998,1556.35,4091.79,1196.4,11883.2002,6012.9902,2903.6299,1127.98,40054.1401,E3,N,N
11/29/2021,14:00,11459.1006,1568.7,4093.9526,1097.3125,11856.7246,6191.54,2973.8599,1119.505,40360.6952,M,N,N
11/29/2021,15:00,11566.0479,1489.6348,4000.6624,1048.6987,11418.8145,6038.2949,3023.3372,1261.2999,39846.7903,A3,N,N
11/29/2021,15:00,11466.5469,1572.2294,3981.7319,1037.5553,11408.4482,6036.5659,3025.9712,1283.5521,39812.6009,A6,N,N
11/29/2021,15:00,11340.5,1518.5699,4068.6399,1026.61,11606,6280.1299,3045.1699,1098,39983.6196,E,N,N
11/29/2021,15:00,11687.7998,1549.84,4096.04,1087.77,11590,6183.8901,2967.0901,1166.54,40328.97,E1,N,N
11/29/2021,15:00,11340.5,1578.96,4069.8899,1026.61,11606,6183.8901,3045.1699,1098,39949.0199,E2,Y,N
11/29/2021,15:00,11187.9004,1530.6,4069.8899,1182.41,11560.9004,5879.52,2839.8899,1132.5699,39383.6805,E3,N,N
11/29/2021,15:00,11389.1758,1544.4926,4076.1147,1080.85,11590.7246,6131.8574,2974.3298,1123.7775,39911.3224,M,N,N
11/29/2021,16:00,11504.5,1467.6447,4021.0291,1026.7416,11334.2109,6051.918,2996.04,1247.37,39649.4543,A3,N,N
11/29/2021,16:00,11421.252,1562.1893,4010.4941,1022.0956,11346.3262,6059.019,2994.4482,1259.4486,39675.273,A6,N,N
11/29/2021,16:00,11267.5,1492.51,4071.04,1007.26,11420.2998,6284.6401,3061.46,1107.8199,39712.5298,E,N,N
11/29/2021,16:00,11656.7002,1528.83,4102.8599,1070.92,11380.4004,6169.02,2967.3999,1160.92,40037.0504,E1,N,N
11/29/2021,16:00,11267.5,1566.9399,4079.23,1007.26,11420.2998,6169.02,3061.46,1107.8199,39679.5296,E2,Y,N
11/29/2021,16:00,11182.5,1504.4399,4079.23,1168.05,11341,5820.4102,2812.3999,1128.17,39036.2,E3,N,N
11/29/2021,16:00,11343.5498,1523.1799,4083.0898,1063.3726,11390.5,6110.7725,2975.6802,1126.1825,39616.3273,M,N,N
11/29/2021,17:00,11376.1855,1450.0912,4054.9524,996.7876,11388.8652,6095.9409,2977.1626,1223.4885,39563.4739,A3,N,N
11/29/2021,17:00,11329.3887,1546.3242,4042.0215,1001.2931,11366.4365,6118.1563,2968.9587,1225.7604,39598.3394,A6,N,N
11/29/2021,17:00,11184.9004,1488.53,4069.96,979.594,11422.4004,6343.1499,3040.3,1146.38,39675.2147,E,N,N
11/29/2021,17:00,11628.7002,1531.04,4102.5898,1051.4301,11421.0996,6230.6499,2951.79,1191.45,40108.7496,E1,N,N
11/29/2021,17:00,11184.9004,1567.5,4084.1699,979.594,11422.4004,6230.6499,3040.3,1146.38,39655.8946,E2,Y,N
11/29/2021,17:00,11177.7998,1533.12,4084.1699,1153.02,11378.2002,5879.1899,2805.1799,1162.04,39172.7197,E3,N,N
11/29/2021,17:00,11294.0752,1530.0476,4085.2224,1040.9095,11411.0244,6170.9097,2959.3923,1161.5625,39653.1436,M,N,N
11/29/2021,18:00,11411.1768,1475.8037,4120.8687,997.216,11878.8408,6275.0483,2972.7461,1226.9669,40358.6673,A3,N,N
11/29/2021,18:00,11396.4209,1596.4069,4120.8145,1000.9192,11820.6865,6273.3418,2963.3862,1255.8635,40427.8395,A6,N,N
11/29/2021,18:00,11207.4004,1515.88,4084.6699,989.192,11588.0996,6450.1001,3012.77,1170.15,40018.262,E,N,N
11/29/2021,18:00,11672.9004,1574.6801,4116.8198,1065.5,11626,6302.7202,2909.03,1196.16,40463.8105,E1,N,N
11/29/2021,18:00,11207.4004,1566.34,4104.3701,989.192,11588.0996,6302.7202,3012.77,1170.15,39941.0423,E2,Y,N
11/29/2021,18:00,11413.7002,1574.2,4104.3701,1165.38,11568.2002,6096.8101,2767.52,1163.25,39853.4306,E3,N,N
11/29/2021,18:00,11375.3506,1557.7749,4102.5576,1052.3159,11592.5996,6288.0879,2925.5225,1174.9275,40069.1365,M,N,N
11/29/2021,19:00,11662.0293,1552.7566,4168.9854,1052.3776,12393.0908,6615.8848,3100.9551,1295.2483,41841.3279,A3,N,N
11/29/2021,19:00,11625.916,1674.2115,4159.2559,1047.8936,12277.8594,6588.8779,3089.2776,1333.8231,41797.115,A6,N,N
11/29/2021,19:00,11416.7002,1605.29,4148.0298,1019.87,12227.5,6721.98,3081.9399,1226.77,41448.0799,E,N,N
11/29/2021,19:00,11906.0996,1659.51,4179.8701,1099.8,12364.7998,6692.3901,3021.6799,1278.03,42202.1795,E1,N,N
11/29/2021,19:00,11416.7002,1651.54,4179.0298,1019.87,12227.5,6692.3901,3081.9399,1226.77,41495.74,E2,Y,N
11/29/2021,19:00,11650,1671.92,4179.0298,1195.4301,12269.7002,6514.8901,2947.3501,1249.72,41678.0403,E3,N,N
11/29/2021,19:00,11597.375,1647.0649,4171.4897,1083.7426,12272.375,6655.4126,3033.2275,1245.3225,41706.0098,M,N,N
11/29/2021,20:00,11530.7988,1558.2712,4150.3882,1041.7267,12204.0908,6605.0356,3070.8823,1320.2266,41481.4202,A3,N,N
11/29/2021,20:00,11541.5303,1675.722,4142.2925,1030.9072,12091.5703,6532.8018,3048.5823,1341.5247,41404.9311,A6,N,N
11/29/2021,20:00,11290.7002,1603.3101,4171.1699,1005.69,12131.2002,6701.8301,3062.8301,1247.71,41214.4406,E,N,N
11/29/2021,20:00,11729.7002,1658.86,4198.5801,1087.1,12318.2002,6677.1201,3022.0601,1305.55,41997.1707,E1,N,N
11/29/2021,20:00,11290.7002,1642.26,4203.3999,1005.69,12131.2002,6677.1201,3062.8301,1247.71,41260.9105,E2,Y,N
11/29/2021,20:00,11503,1674.45,4203.3999,1173.61,12173.4004,6460.77,2958.97,1284.66,41432.2603,E3,N,N
11/29/2021,20:00,11453.5254,1644.72,4194.1377,1068.0225,12188.5,6629.21,3026.6726,1271.4075,41476.1957,M,N,N
11/29/2021,21:00,11344.543,1551.7524,4137.6416,1027.0769,11947.498,6466.0034,3016.9119,1314.6371,40806.0643,A3,N,N
11/29/2021,21:00,11373.0693,1691.3552,4124.231,1011.4567,11823.9639,6387.7432,2989.6572,1342.5725,40744.049,A6,N,N
11/29/2021,21:00,11062.4004,1604.79,4185.2002,998.163,11963.5996,6482.7202,3008.6799,1249.51,40555.0633,E,N,N
11/29/2021,21:00,11511.2002,1656.99,4199.9399,1074.29,12269.2998,6497.9502,2965.9199,1302.79,41478.38,E1,N,N
11/29/2021,21:00,11062.4004,1621.23,4226.0098,998.163,11963.5996,6497.9502,3008.6799,1249.51,40627.5429,E2,Y,N
11/29/2021,21:00,11325.5996,1684.48,4226.0098,1154.05,12175,6423.4199,2903.4399,1296.64,41188.6392,E3,N,N
11/29/2021,21:00,11240.4004,1641.8724,4209.29,1056.1665,12092.875,6475.5103,2971.6797,1274.6125,40962.4068,M,N,N
11/29/2021,22:00,11028.6865,1516.3827,4109.8179,995.2408,11548.5898,6217.3091,2933.2593,1290.8601,39640.1462,A3,N,N
11/29/2021,22:00,11042.9785,1648.2079,4093.1294,972.8004,11403.9531,6149.1479,2913.2197,1314.4041,39537.841,A6,N,N
11/29/2021,22:00,10751.4004,1560.14,4170.1802,978.078,11588,6251.1201,2905.3701,1195.73,39400.0188,E,N,N
11/29/2021,22:00,11197.7998,1610.51,4182.1099,1053.04,11913.9004,6312.8799,2857.8701,1252.84,40380.9501,E1,N,N
11/29/2021,22:00,10751.4004,1565.7,4214.9399,978.078,11588,6312.8799,2905.3701,1195.73,39512.0983,E2,Y,N
11/29/2021,22:00,11030.7002,1641.0699,4214.9399,1133.34,11852.2002,6282.04,2834.7,1247.6801,40236.6703,E3,N,N
11/29/2021,22:00,10932.8252,1594.3549,4195.5425,1035.634,11735.5244,6289.7295,2875.8276,1222.995,39882.4331,M,N,N
11/29/2021,23:00,10554.4561,1433.366,4085.1326,957.6409,10910.9453,5840.0317,2776.825,1241.87,37800.2676,A3,N,N
11/29/2021,23:00,10557.5029,1565.3717,4082.5117,951.567,10806.5332,5846.5044,2765.6079,1252.6678,37828.2666,A6,N,N
11/29/2021,23:00,10271.9004,1487.66,4161.25,951.057,10949.5996,5866.75,2745.8201,1153.6,37587.6371,E,N,N
11/29/2021,23:00,10657.4004,1534.74,4158.5801,1023.02,11277,5930.8198,2691.1001,1232.3199,38504.9803,E1,N,N
11/29/2021,23:00,10271.9004,1465,4198.79,951.057,10949.5996,5930.8198,2745.8201,1153.6,37666.5869,E2,Y,N
11/29/2021,23:00,10675.0996,1560.77,4198.79,1092.02,11264.5,6002.54,2702.78,1210.62,38707.1196,E3,N,N
11/29/2021,23:00,10469.0752,1512.0425,4179.3525,1004.2885,11110.1748,5932.7324,2721.3801,1187.535,38116.581,M,N,N
11/29/2021,24:00,10122.4014,1359.9675,4055.783,926.2828,10289.0215,5448.0679,2611.3833,1203.8643,36016.7717,A3,N,N
11/29/2021,24:00,10156.1855,1475.1487,4065.2483,923.1058,10226.2822,5439.5039,2601.8042,1193.1559,36080.4345,A6,N,N
11/29/2021,24:00,9762.0098,1410.24,4148.2002,910.193,10273,5478.5601,2548.04,1116.74,35646.9831,E,N,N
11/29/2021,24:00,10171.7998,1451.77,4138.5298,979.732,10576.5996,5560.6699,2489.73,1190.0601,36558.8912,E1,N,N
11/29/2021,24:00,9762.0098,1371.76,4183.2002,910.193,10273,5560.6699,2548.04,1116.74,35725.6129,E2,Y,N
11/29/2021,24:00,10269,1488.52,4183.2002,1040.3199,10623.9004,5679.1802,2519.3,1170.55,36973.9707,E3,N,N
11/29/2021,24:00,9991.2051,1430.5725,4163.2827,960.1095,10436.625,5569.77,2526.2776,1148.5225,36226.3649,M,N,N
11/30/2021,1:00,9788.2285,1290.8125,4062.6172,898.2154,9914.458,5201.3633,2465.7183,1175.255,34796.6682,A3,N,N
11/30/2021,1:00,9847.2461,1405.8173,4076.467,901.0038,9925.4199,5272.2915,2448.8411,1104.1267,34981.2134,A6,N,N
11/30/2021,1:00,9398.3096,1361.16,4137.8501,888.661,9801.8096,5192.1602,2398.3201,1098.96,34277.2306,E,N,N
11/30/2021,1:00,9782.6201,1390.65,4115.6699,956.373,10038.7998,5285.5698,2334.1499,1167.76,35071.5925,E1,N,N
11/30/2021,1:00,9398.3096,1299.8199,4167.8599,888.661,9801.8096,5285.5698,2398.3201,1098.96,34339.3099,E2,Y,N
11/30/2021,1:00,9994.4297,1439.85,4167.8599,1004.68,10190.7998,5473.77,2392.53,1158.4301,35822.3495,E3,N,N
11/30/2021,1:00,9643.417,1372.87,4147.3096,934.5937,9958.3047,5309.2676,2380.8301,1131.0275,34877.6202,M,N,N
11/30/2021,2:00,9572.6973,1273.1816,4059.6182,892.0086,9712.7959,5049.1909,2388.3992,1176.6108,34124.5025,A3,N,N
11/30/2021,2:00,9616.1631,1373.4603,4061.8879,909.299,9719.4092,5062.3052,2349.4744,1115.254,34207.2531,A6,N,N
11/30/2021,2:00,9188.9502,1332.95,4115.6001,876.35,9510.7598,5014.2202,2305.23,1087.27,33431.3303,E,N,N
11/30/2021,2:00,9543.2002,1359.66,4091.52,941.782,9730.6797,5098.3501,2236.49,1157.5,34159.182,E1,N,N
11/30/2021,2:00,9188.9502,1263.29,4150.3101,876.35,9510.7598,5098.3501,2305.23,1087.27,33480.5102,E2,Y,N
11/30/2021,2:00,9816.7598,1417.03,4150.3101,981.385,9930.9297,5324.0801,2312.9099,1153.85,35087.2546,E3,N,N
11/30/2021,2:00,9434.4648,1343.2324,4126.9351,918.9667,9670.7822,5133.75,2289.9648,1121.4725,34039.5685,M,N,N
11/30/2021,3:00,9477.7334,1273.9291,4045.0911,904.558,9676.6709,5006.6108,2356.1274,1174.1609,33914.8816,A3,N,N
11/30/2021,3:00,9475.8994,1362.6006,4039.6519,936.4237,9646.1855,4840.3271,2324.9368,1126.348,33752.373,A6,N,N
11/30/2021,3:00,9054.6201,1317.86,4109.9102,877.17,9375.6904,4911.8198,2254.1499,1069.35,32970.5704,E,N,N
11/30/2021,3:00,9386.6699,1337.77,4076.1899,942.411,9590.7002,5013.0898,2178.8,1161.74,33687.3708,E1,N,N
11/30/2021,3:00,9054.6201,1238.8199,4141.54,877.17,9375.6904,5013.0898,2254.1499,1069.35,33024.4301,E2,Y,N
11/30/2021,3:00,9809.6396,1410.61,4141.54,972.56,9829.0996,5272.0801,2270.6201,1150.88,34857.0294,E3,N,N
11/30/2021,3:00,9326.3877,1326.2649,4117.2949,917.3278,9542.7949,5052.52,2239.4302,1112.83,33634.8504,M,N,N
11/30/2021,4:00,9513.7705,1296.2079,4080.6594,906.3799,9742.9014,5032.3696,2334.3513,1183.6381,34090.2781,A3,N,N
11/30/2021,4:00,9488.0137,1373.5664,4040.1873,940.527,9663.1826,4902.8115,2310.3604,1165.991,33884.6399,A6,N,N
11/30/2021,4:00,9073.8799,1325.84,4115.8901,877.658,9440.0098,4904.8501,2250.52,1059.6,33048.2479,E,N,N
11/30/2021,4:00,9417.4102,1347.52,4090.3601,946.326,9695.54,5030.7002,2169.03,1163.53,33860.4165,E1,N,N
11/30/2021,4:00,9073.8799,1251.09,4151.0298,877.658,9440.0098,5030.7002,2250.52,1059.6,33134.4877,E2,Y,N
11/30/2021,4:00,9931.1797,1439.26,4151.0298,974.507,9928.8799,5346.0898,2259.4199,1141.73,35172.0961,E3,N,N
11/30/2021,4:00,9374.0869,1340.9275,4127.0771,919.0373,9626.1104,5078.085,2232.3726,1106.115,33803.8118,M,N,N
11/30/2021,5:00,9718.415,1340.6636,4113.6255,935.8553,10055.3359,5202.5957,2355.2629,1195.1417,34916.8956,A3,N,N
11/30/2021,5:00,9647.4004,1404.2703,4075.2515,978.9541,9930.2236,5089.959,2332.8845,1212.2797,34671.2231,A6,N,N
11/30/2021,5:00,9259.2998,1376.29,4128.6602,903.261,9795.9697,5033.73,2302.4299,1062.74,33862.3806,E,N,N
11/30/2021,5:00,9635.8604,1404.63,4113.04,969.111,10103.2002,5195.6499,2207.49,1176.24,34805.2215,E1,N,N
11/30/2021,5:00,9259.2998,1300.12,4165.4702,903.261,9795.9697,5195.6499,2302.4299,1062.74,33984.9405,E2,Y,N
11/30/2021,5:00,10187.7998,1511.95,4165.4702,987.728,10363.4004,5590.04,2307.53,1154.53,36268.4484,E3,N,N
11/30/2021,5:00,9585.5654,1398.2476,4143.1602,940.8403,10014.6348,5253.7676,2279.97,1114.0625,34730.2484,M,N,N
11/30/2021,6:00,10211.5566,1451.4935,4180.561,1002.0747,10842.1748,5508.8066,2436.3574,1237.257,36870.2816,A3,N,N
11/30/2021,6:00,10066.9336,1503.7185,4178.0972,1032.1604,10704.7344,5373.4844,2392.8264,1285.4814,36537.4363,A6,N,N
11/30/2021,6:00,9790.9902,1462.77,4159.1299,955.684,10485,5363.0098,2424.3301,1106.9399,35747.8539,E,N,N
11/30/2021,6:00,10207.9004,1517.97,4165.6401,1026.5,11107.4004,5576.7202,2347.51,1252.78,37202.4211,E1,N,N
11/30/2021,6:00,9790.9902,1374.8101,4230.9102,955.684,10485,5576.7202,2424.3301,1106.9399,35945.3847,E2,Y,N
11/30/2021,6:00,10680.0996,1624.54,4230.9102,1044.47,11321.7998,6037.1899,2481.0801,1256.2,38676.2896,E3,N,N
11/30/2021,6:00,10117.4951,1495.0225,4196.6475,995.5845,10849.7998,5638.4102,2419.3125,1180.715,36892.9871,M,N,N
11/30/2021,7:00,10859.3545,1619.0151,4264.3926,1100.0018,12059.2285,6096.125,2621.4756,1319.5125,39939.1056,A3,N,N
11/30/2021,7:00,10664.915,1671.0209,4280.668,1113.6794,11828.1045,5849.8364,2536.8779,1386.8835,39331.9856,A6,N,N
11/30/2021,7:00,10551.5,1626.24,4221.21,1040.62,11779.2998,6001.9502,2677.45,1208.13,39106.4,E,N,N
11/30/2021,7:00,11017.7002,1683.24,4230.5498,1116.59,12481.5996,6243.1499,2595.6201,1331.23,40699.6796,E1,N,N
11/30/2021,7:00,10551.5,1534.0699,4291.9702,1040.62,11779.2998,6243.1499,2677.45,1208.13,39326.1898,E2,Y,N
11/30/2021,7:00,11575.4004,1771.35,4291.9702,1138.09,12526.2002,6717.9902,2764.9399,1334.29,42120.2309,E3,N,N
11/30/2021,7:00,10924.0254,1653.725,4258.9253,1083.98,12141.5996,6301.5601,2678.8652,1270.4449,40313.1255,M,N,N
11/30/2021,8:00,11093.8818,1693.476,4300.4873,1147.1611,12538.0527,6393.395,2702.3784,1373.1581,41241.9904,A3,N,N
11/30/2021,8:00,10988.46,1740.17,4352.3623,1166.454,12381.1367,6129.3838,2624.2034,1432.8611,40815.0313,A6,N,N
11/30/2021,8:00,10845.7002,1692.0601,4266.5801,1077.61,12365.5996,6264.7998,2759.99,1250.55,40522.8898,E,N,N
11/30/2021,8:00,11265.2998,1752.62,4259,1145.85,13062,6492.29,2671.1799,1359.48,42007.7197,E1,N,N
11/30/2021,8:00,10845.7002,1592,4297.6001,1077.61,12365.5996,6492.29,2759.99,1250.55,40681.3399,E2,Y,N
11/30/2021,8:00,11860.5,1800.77,4297.6001,1154.77,12931.7998,6888.73,2830.48,1355.3199,43119.9698,E3,N,N
11/30/2021,8:00,11204.2998,1709.3625,4280.1948,1113.96,12681.25,6534.5273,2755.4102,1303.975,41582.9796,M,N,N
11/30/2021,9:00,11289.8535,1691.2739,4219.9863,1164.8059,12554.2061,6343.7222,2764.45,1375.5372,41403.8351,A3,N,N
11/30/2021,9:00,11294.9092,1760.9423,4300.604,1194.665,12334.2793,6024.605,2711.0996,1378.2205,40999.3249,A6,N,N
11/30/2021,9:00,10961.9004,1665.8,4219.8701,1087.29,11864.0996,6176.46,2765.3301,1147.62,39888.3702,E,N,N
11/30/2021,9:00,11348.7998,1739.95,4223.3901,1154.73,12960.2998,6497.6201,2724.8999,1330.64,41980.3297,E1,N,N
11/30/2021,9:00,10961.9004,1597.77,4266.9399,1087.29,11864.0996,6497.6201,2765.3301,1147.62,40188.5701,E2,Y,N
11/30/2021,9:00,11960.2002,1803.3101,4266.9399,1170.53,13009.4004,6979.02,2854.6299,1357.61,43401.6405,E3,N,N
11/30/2021,9:00,11308.2002,1701.7075,4244.2847,1124.96,12424.4746,6537.6797,2777.5476,1245.8724,41364.7267,M,N,N
11/30/2021,10:00,11344.8682,1641.8042,4090.689,1170.8678,12423.0293,6244.2275,2867.9275,1367.7063,41151.1198,A3,N,N
11/30/2021,10:00,11467.1533,1706.5671,4190.0664,1189.0842,12389.7813,6215.147,2823.0181,1360.3434,41341.1608,A6,N,N
11/30/2021,10:00,11109.9004,1635.78,4193.4502,1091.02,12161.5996,6235.6201,2832.1399,1119.5699,40379.0801,E,N,N
11/30/2021,10:00,11542.7998,1683.59,4177.8398,1151.3,12678.0996,6456.2798,2785.8,1255.98,41731.689,E1,N,N
11/30/2021,10:00,11109.9004,1582.54,4227.1099,1091.02,12161.5996,6456.2798,2832.1399,1119.5699,40580.1595,E2,Y,N
11/30/2021,10:00,11744.7998,1689.92,4227.1099,1173.29,12653.0996,6620.3799,2827.1499,1268.1899,42203.939,E3,N,N
11/30/2021,10:00,11376.8506,1647.9575,4206.3774,1126.6575,12413.5996,6442.1396,2819.3076,1190.8274,41223.7172,M,N,N
11/30/2021,11:00,11346.873,1588.8359,4000.332,1147.462,12212.5654,6136.2544,2935.3367,1340.7091,40708.3685,A3,N,N
11/30/2021,11:00,11462.75,1658.6124,3992.6179,1158.9315,12162.9902,6140.6216,2885.1719,1365.754,40827.4495,A6,N,N
11/30/2021,11:00,11167.5996,1591.61,4190.4702,1070.87,12118.0996,6227.6001,2891.3601,1114.1899,40371.7995,E,N,N
11/30/2021,11:00,11517.2002,1635.85,4169.96,1141.89,12457.7002,6330.54,2872.54,1201.16,41326.8404,E1,N,N
11/30/2021,11:00,11167.5996,1576.86,4219.4102,1070.87,12118.0996,6330.54,2891.3601,1114.1899,40488.9294,E2,Y,N
11/30/2021,11:00,11592.7002,1625.41,4219.4102,1167.6,12483.5996,6438.6401,2862.54,1227.47,41617.3701,E3,N,N
11/30/2021,11:00,11361.2744,1607.4325,4199.8125,1112.8075,12294.375,6331.8301,2879.4502,1164.2524,40951.2346,M,N,N
11/30/2021,12:00,11357.5352,1561.0073,3954.387,1106.6681,11951.2373,6069.8062,2998.8,1327.9854,40327.4265,A3,N,N
11/30/2021,12:00,11447.7246,1627.7617,3920.9429,1120.0719,11899.2275,6079.8774,2955.2539,1369.5245,40420.3844,A6,N,N
11/30/2021,12:00,11231.7002,1578.99,4173.6299,1042.34,12045.0996,6291.21,2941.21,1107.35,40411.5297,E,N,N
11/30/2021,12:00,11570.4004,1586.8,4150.3999,1120.5699,12165.2002,6374.4102,2937.6699,1167.58,41073.0305,E1,N,N
11/30/2021,12:00,11231.7002,1578,4206.7798,1042.34,12045.0996,6374.4102,2941.21,1107.35,40526.8898,E2,Y,N
11/30/2021,12:00,11517.9004,1596.92,4206.7798,1167.66,12430.4004,6415.7002,2867.71,1196.4399,41399.5107,E3,N,N
11/30/2021,12:00,11387.9258,1585.1775,4184.397,1093.2275,12171.4492,6363.9326,2921.95,1144.6799,40852.7395,M,N,N
11/30/2021,13:00,11435.0352,1523.5026,3954.0752,1071.2358,11708.4971,6046.418,3032.9065,1286.5031,40058.1735,A3,N,N
11/30/2021,13:00,11470.4385,1577.2567,3925.5781,1078.9523,11659.1143,6042.4722,3010.0671,1326.9829,40090.8621,A6,N,N
11/30/2021,13:00,11253.5,1573.66,4135.5098,1024.72,11981.0996,6351.4502,2980.8899,1099.48,40400.3095,E,N,N
11/30/2021,13:00,11580.4004,1567.09,4110.5,1105.23,11912.5,6401.25,2966.26,1141.38,40784.6104,E1,N,N
11/30/2021,13:00,11253.5,1580.12,4168.3301,1024.72,11981.0996,6401.25,2980.8899,1099.48,40489.3896,E2,Y,N
11/30/2021,13:00,11439.4004,1574.99,4168.3301,1168.26,12312.7998,6401.8101,2876.0901,1183.59,41125.2705,E3,N,N
11/30/2021,13:00,11381.6992,1573.9651,4145.6675,1080.7324,12046.875,6388.9399,2951.0325,1130.9824,40699.894,M,N,N
11/30/2021,14:00,11603.2188,1509.5909,3977.0884,1058.8047,11539.0703,6066.9263,3060.8679,1256.559,40072.1263,A3,N,N
11/30/2021,14:00,11531.3379,1571.1312,3961.9121,1063.5009,11494.3877,6075.3428,3052.3774,1282.4617,40032.4517,A6,N,N
11/30/2021,14:00,11364.5,1569.2,4123.3501,1016.72,11882,6385.77,3038.5601,1108.8,40488.9002,E,N,N
11/30/2021,14:00,11660.0996,1552.77,4089.98,1104.54,11736.7998,6414.1802,2990.3201,1144.1899,40692.8796,E1,N,N
11/30/2021,14:00,11364.5,1587.62,4144.96,1016.72,11882,6414.1802,3038.5601,1108.8,40557.3403,E2,Y,N
11/30/2021,14:00,11436.7002,1558.8101,4144.96,1174.2,12126.4004,6356.3501,2890.4099,1188.45,40876.2807,E3,N,N
11/30/2021,14:00,11456.4502,1567.1,4125.8125,1078.0449,11906.8008,6392.6201,2989.4624,1137.5601,40653.851,M,N,N
11/30/2021,15:00,11617.9805,1492.8525,3994.7791,1037.8129,11421.8057,6053.4175,3078.647,1249.2385,39946.5337,A3,N,N
11/30/2021,15:00,11517.5176,1564.2045,3980.9111,1044.7629,11404.7119,6053.3208,3079.3,1278.2871,39923.0159,A6,N,N
11/30/2021,15:00,11358.7002,1546.1801,4111.25,1002.84,11633.4004,6440.6899,3119.8301,1114.87,40327.7607,E,N,N
11/30/2021,15:00,11573.2998,1525.28,4077.46,1091.59,11442,6417.8301,3014.03,1149.91,40291.3999,E1,N,N
11/30/2021,15:00,11358.7002,1577.61,4132.23,1002.84,11633.4004,6417.8301,3119.8301,1114.87,40357.3108,E2,Y,N
11/30/2021,15:00,11297.0996,1526.45,4132.23,1171.77,11802,6328.8799,2916.74,1196.91,40372.0795,E3,N,N
11/30/2021,15:00,11396.9492,1543.8799,4113.2925,1067.26,11627.7002,6401.3076,3042.6077,1144.14,40337.1371,M,N,N
11/30/2021,16:00,11569.3359,1469.8705,4011.8582,1011.955,11331.3906,6049.915,3056.1045,1234.314,39734.7437,A3,N,N
11/30/2021,16:00,11484.0068,1554.1775,4004.2021,1029.2581,11331.1611,6063.5488,3050.2161,1252.9036,39769.4741,A6,N,N
11/30/2021,16:00,11282.9004,1530.48,4129.3799,985.792,11456.4004,6470.5801,3155.0901,1114.5601,40125.183,E,N,N
11/30/2021,16:00,11487.2002,1503.52,4091.26,1077.58,11219.0996,6391.6699,3015.95,1130.17,39916.4497,E1,N,N
11/30/2021,16:00,11282.9004,1570.35,4146.9702,985.792,11456.4004,6391.6699,3155.0901,1114.5601,40103.7331,E2,Y,N
11/30/2021,16:00,11221.7002,1502.86,4146.9702,1161.26,11548.5,6294.48,2939,1186.34,40001.1104,E3,N,N
11/30/2021,16:00,11318.6748,1526.8025,4128.645,1052.606,11420.0996,6387.1001,3066.2825,1136.4075,40036.618,M,N,N
11/30/2021,17:00,11364.5889,1452.3938,4044.9817,981.9594,11395.5029,6088.1831,3031.4236,1208.1195,39567.1529,A3,N,N
11/30/2021,17:00,11355.6299,1539.2578,4032.0522,1008.7787,11354.918,6117.7549,3020.8125,1217.73,39646.934,A6,N,N
11/30/2021,17:00,11160.4004,1529.49,4132.04,960.934,11501.9004,6524.9399,3130.51,1151.67,40091.8847,E,N,N
11/30/2021,17:00,11425.4004,1504.54,4092.53,1058.9399,11274,6429.27,2997.46,1155.05,39937.1903,E1,N,N
11/30/2021,17:00,11160.4004,1566.21,4149.52,960.934,11501.9004,6429.27,3130.51,1151.67,40050.4148,E2,Y,N
11/30/2021,17:00,11177.2998,1500.83,4149.52,1143.78,11566.9004,6332.3101,2940.54,1219.09,40030.2703,E3,N,N
11/30/2021,17:00,11230.876,1525.2676,4130.9023,1031.147,11461.1758,6428.9478,3049.7549,1169.37,40027.4414,M,N,N
11/30/2021,18:00,11418.874,1479.6804,4111.4268,987.3536,11906.9619,6261.3589,3019.5933,1213.8561,40399.105,A3,N,N
11/30/2021,18:00,11440.8682,1588.1746,4108.9438,1009.3638,11831.3447,6269.4819,3001.981,1247.6897,40497.8477,A6,N,N
11/30/2021,18:00,11177.5996,1558.29,4154.6802,980.389,11657.5996,6666.3901,3106.1201,1172.92,40473.9886,E,N,N
11/30/2021,18:00,11456,1554.8,4115.04,1080.67,11638.7002,6530.2998,2963.8,1169.5,40508.81,E1,N,N
11/30/2021,18:00,11177.5996,1559.63,4174.48,980.389,11657.5996,6530.2998,3106.1201,1172.92,40359.0381,E2,Y,N
11/30/2021,18:00,11339.2998,1527.08,4174.48,1154.3101,11676.5,6396.1699,2912.1299,1216.0601,40396.0298,E3,N,N
11/30/2021,18:00,11287.625,1549.9501,4154.6704,1048.9395,11657.5996,6530.7896,3022.0425,1182.85,40434.4667,M,N,N
11/30/2021,19:00,11659.4639,1559.0308,4163.6055,1049.9427,12465.0039,6607.1929,3142.5171,1287.7915,41934.5483,A3,N,N
11/30/2021,19:00,11638.8223,1666.4386,4148.9951,1057.952,12328.5078,6580.8169,3121.7832,1327.6249,41870.9408,A6,N,N
11/30/2021,19:00,11317.7002,1632.26,4225.6401,1024.73,12422,6864.8799,3158.8701,1239.37,41885.4503,E,N,N
11/30/2021,19:00,11730.9004,1643.55,4182.48,1124.3199,12353.7998,6910.5498,3070.71,1249.4,42265.7099,E1,N,N
11/30/2021,19:00,11317.7002,1612.26,4247.5601,1024.73,12422,6910.5498,3158.8701,1239.37,41933.0402,E2,Y,N
11/30/2021,19:00,11601,1618.27,4247.5601,1190.42,12400.0996,6785.6499,3045.97,1294.16,42183.1296,E3,N,N
11/30/2021,19:00,11491.8252,1626.5851,4225.8101,1091.0499,12399.4746,6867.9077,3108.605,1255.5751,42066.8327,M,N,N
11/30/2021,20:00,11533.2744,1568.0422,4149.5356,1046.3564,12272.7871,6605.8896,3102.439,1319.0731,41597.3974,A3,N,N
11/30/2021,20:00,11559.9678,1677.2216,4135.4307,1042.7548,12148.4932,6533.729,3077.9543,1337.9434,41513.4948,A6,N,N
11/30/2021,20:00,11207.5,1624.78,4237.7002,1026.02,12420.2002,6832.9302,3122.4199,1261.11,41732.6605,E,N,N
11/30/2021,20:00,11598.7998,1648.9399,4195.9199,1117.25,12324.2998,6884.75,3062.74,1276.45,42109.1494,E1,N,N
11/30/2021,20:00,11207.5,1596.71,4268.25,1026.02,12420.2002,6884.75,3122.4199,1261.11,41786.9601,E2,Y,N
11/30/2021,20:00,11494.7002,1614.27,4268.25,1173.74,12386.9004,6753.8599,3061.5701,1320.37,42073.6606,E3,N,N
11/30/2021,20:00,11377.125,1621.1749,4242.5303,1085.7576,12387.9004,6839.0723,3092.2876,1279.76,41925.6081,M,N,N
11/30/2021,21:00,11345.0127,1569.6422,4141.2622,1036.4432,12056.7461,6489.2847,3037.0203,1322.0693,40997.4807,A3,N,N
11/30/2021,21:00,11378.4688,1692.9143,4121.8179,1025.4796,11911.5049,6406.167,3010.7134,1342.4725,40889.5384,A6,N,N
11/30/2021,21:00,10937.7002,1607.86,4246.6201,1014.09,12254.5996,6549.23,3048.53,1257.51,40916.1399,E,N,N
11/30/2021,21:00,11399.5,1648.39,4198.1001,1097.36,12291.4004,6689.5898,3010.8899,1269.9301,41605.1603,E1,N,N
11/30/2021,21:00,10937.7002,1556.47,4261.1001,1014.09,12254.5996,6689.5898,3048.53,1257.51,41019.5897,E2,Y,N
11/30/2021,21:00,11401.2998,1607.35,4261.1001,1153.08,12166.7002,6567.96,3042.8999,1326.78,41527.17,E3,N,N
11/30/2021,21:00,11169.0498,1605.0175,4241.73,1069.655,12241.8252,6624.0928,3037.7124,1277.9325,41267.0152,M,N,N
11/30/2021,22:00,11027.6201,1547.9456,4116.9995,1008.5862,11619.1553,6259.2871,2944.5667,1305.6322,39829.7927,A3,N,N
11/30/2021,22:00,11036.5205,1658.5494,4095.3665,995.8315,11461.8594,6178.8457,2931.3064,1319.2043,39677.4837,A6,N,N
11/30/2021,22:00,10621.7002,1561.23,4227.4102,998.733,11862.4004,6263.0601,2930.1399,1212.61,39677.2838,E,N,N
11/30/2021,22:00,11078,1606.92,4182.71,1075.2,11905.7998,6505.4502,2881.97,1242.4399,40478.4899,E1,N,N
11/30/2021,22:00,10621.7002,1492.1801,4254.5098,998.733,11862.4004,6505.4502,2930.1399,1212.61,39877.7236,E2,Y,N
11/30/2021,22:00,11125.2998,1568.4399,4254.5098,1128.72,11752.2998,6393.5898,2931,1279.5601,40433.4192,E3,N,N
11/30/2021,22:00,10861.6748,1557.1925,4229.7852,1050.3464,11845.7256,6416.8877,2918.3125,1236.8049,40116.7296,M,N,N
11/30/2021,23:00,10552.6621,1469.8007,4095.116,971.2159,11063.8799,5893.5952,2790.9854,1263.7144,38100.9696,A3,N,N
11/30/2021,23:00,10544.5254,1574.9865,4088.7266,967.4493,10927.9063,5895.147,2785.2275,1264.6584,38048.627,A6,N,N
11/30/2021,23:00,10184.5996,1475.33,4182.5498,960.748,11221.9004,5864.46,2774.8,1172.3101,37836.6979,E,N,N
11/30/2021,23:00,10579.5,1524.84,4138.6899,1033.41,11356,6098.6099,2718.3501,1239.54,38688.9399,E1,N,N
11/30/2021,23:00,10184.5996,1398.47,4205.1099,960.748,11221.9004,6098.6099,2774.8,1172.3101,38016.5479,E2,Y,N
11/30/2021,23:00,10765.9004,1492.6,4205.1099,1071.55,11133.9004,5985.6602,2741.04,1227.65,38623.4109,E3,N,N
11/30/2021,23:00,10428.6504,1472.8099,4182.8647,1006.614,11233.4258,6011.835,2752.2476,1202.9525,38291.3999,M,N,N
11/30/2021,24:00,10119.46,1406.3926,4070.0916,939.4025,10438.6279,5500.6523,2620.8018,1229.2023,36324.631,A3,N,N
11/30/2021,24:00,10133.5205,1484.615,4075.7151,936.7903,10325.1357,5496.3135,2616.4675,1211.0331,36279.5907,A6,N,N
11/30/2021,24:00,9771.3398,1405.4301,4148.4302,922.763,10622.2998,5503.5801,2601.1699,1129.64,36104.6529,E,N,N
11/30/2021,24:00,10202.2002,1456.53,4107.21,987.87,10772.7998,5745.9199,2545.49,1205.29,37023.3099,E1,N,N
11/30/2021,24:00,9771.3398,1310.11,4169.1401,922.763,10622.2998,5745.9199,2601.1699,1129.64,36272.3825,E2,Y,N
11/30/2021,24:00,10458.7998,1427.49,4169.1401,1016.76,10540.2998,5634.9502,2561.8701,1185.14,36994.45,E3,N,N
11/30/2021,24:00,10050.9199,1399.8899,4148.4805,962.539,10639.4248,5657.5928,2577.425,1162.4276,36598.6995,M,N,N
