DeliveryDate,HourEnding,Coast,East,FarWest,North,NorthCentral,SouthCentral,Southern,West,SystemTotal,Model,InUseFlag,DSTFlag
08/06/2017,1:00,13233.1963,1711.2885,2355.8818,1073.1967,15184.4805,7814.3999,3951.5325,1659.0387,46983.0149,A3,N,N
08/06/2017,1:00,13367.6973,1691.4692,2380.4617,1110.1838,15382.0225,8007.52,3963.5393,1650.2791,47553.1729,A6,N,N
08/06/2017,1:00,12801.7002,1698.64,2418.3201,1142.33,15116.0996,8022.6201,3877.76,1714.83,46792.3,E,N,N
08/06/2017,1:00,12826.7998,1699.9399,2421.6699,1126.63,15125.9004,8012.23,3874.55,1698.8101,46786.5301,E1,N,N
08/06/2017,1:00,12826.7998,1702.48,2422.6299,1134.29,15127.7998,8025.2202,3879.5701,1709.04,46827.8298,E2,Y,N
08/06/2017,1:00,12808.2002,1716.22,2418.48,1150.89,15284.2002,8183.04,3955.52,1695.71,47212.2604,E3,N,N
08/06/2017,2:00,12426.9756,1624.8348,2364.2551,1123.4199,14330.1123,7499.5972,3677.3374,1616.9994,44663.5317,A3,N,N
08/06/2017,2:00,12379.543,1620.4698,2369.8206,1131.3107,14306.6934,7491.5742,3689.1763,1614.1656,44602.7536,A6,N,N
08/06/2017,2:00,12250.7002,1635.67,2396.3501,1098.16,14311.2998,7456.8198,3697.79,1577.4399,44424.2298,E,N,N
08/06/2017,2:00,12261.4004,1637.23,2383.8999,1108.6,14300.2998,7459.9902,3699.95,1605.14,44456.5103,E1,N,N
08/06/2017,2:00,12248,1630.78,2390.01,1107.76,14292,7452.96,3695.6499,1576.76,44393.9199,E2,Y,N
08/06/2017,2:00,12268.7002,1660.23,2396.9099,1110.83,14451.7998,7603.2002,3773.1001,1556.5,44821.2702,E3,N,N
08/06/2017,3:00,11857.8496,1520.9526,2304.3279,1023.1588,13576.5791,6993.377,3541.3828,1554.1213,42371.7491,A3,N,N
08/06/2017,3:00,11938.9727,1533.6927,2318.5635,1026.3519,13511.6953,6965.7354,3531.2292,1547.8662,42374.1069,A6,N,N
08/06/2017,3:00,11806.5,1540.99,2313.3,983.118,13662.0996,7073.3901,3551.03,1538.86,42469.2877,E,N,N
08/06/2017,3:00,11807.4004,1549.5601,2310.3401,994,13689.9004,7085.77,3550.8799,1545.83,42533.6809,E1,N,N
08/06/2017,3:00,11806,1552.23,2311.1799,996.2,13668,7072.5298,3551.49,1549.58,42507.2097,E2,Y,N
08/06/2017,3:00,11804.9004,1555.51,2313.49,993.698,13795.0996,7220.2798,3619.02,1518.2,42820.1978,E3,N,N
08/06/2017,4:00,11568.7002,1485.6057,2271.8816,1037.5612,13293.2734,6717.5425,3445.5969,1428.4368,41248.5983,A3,N,N
08/06/2017,4:00,11477.0342,1499.9545,2275.6538,1017.7416,13269.6924,6730.606,3425.9485,1432.1925,41128.8235,A6,N,N
08/06/2017,4:00,11472.2998,1497.9,2263.73,1045.39,13265,6676.5801,3446.03,1358.83,41025.7599,E,N,N
08/06/2017,4:00,11469.2002,1498.89,2269.73,1040.9,13257,6696.25,3449.9399,1396.78,41078.6901,E1,N,N
08/06/2017,4:00,11482.2002,1502.51,2263.1299,1035.4399,13263.2002,6687.0098,3446.6799,1378.73,41058.8999,E2,Y,N
08/06/2017,4:00,11480.4004,1515.6899,2263.9199,1054.55,13371.9004,6809.9199,3518.5,1346,41360.8805,E3,N,N
08/06/2017,5:00,11320.2539,1499.1447,2226.761,964.103,12843.9922,6511.3857,3369.728,1401.9915,40137.36,A3,N,N
08/06/2017,5:00,11360.3848,1495.3315,2230.8391,969.6793,12716.3994,6489.1055,3375.7681,1413.7499,40051.2576,A6,N,N
08/06/2017,5:00,11306.5,1494.72,2214.1499,1028.01,12860.7998,6537.48,3393.3701,1354.99,40190.0198,E,N,N
08/06/2017,5:00,11302.4004,1488.87,2214.51,1001.58,12771.9004,6534.54,3399.28,1378.23,40091.3108,E1,N,N
08/06/2017,5:00,11314.7998,1489.92,2206.5601,1017.85,12865.0996,6540.4199,3397.1499,1364.64,40196.4393,E2,Y,N
08/06/2017,5:00,11301.4004,1504.9399,2213.7,1034.9301,12965.5,6669.52,3461.6299,1341.24,40492.8603,E3,N,N
08/06/2017,6:00,11393.9736,1497.7516,2191.2188,929.0175,12555.2285,6337.2749,3366.573,1379.702,39650.7399,A3,N,N
08/06/2017,6:00,11340.875,1507.3864,2208.5806,930.7468,12575.1523,6280.8408,3350.7075,1384.3207,39578.6101,A6,N,N
08/06/2017,6:00,11257.9004,1506.17,2190.71,947.466,12582,6370.8301,3357.45,1353.4,39565.9265,E,N,N
08/06/2017,6:00,11270.4004,1509.79,2194.8601,971.533,12607.4004,6384.3799,3369.1201,1359.58,39667.0639,E1,N,N
08/06/2017,6:00,11258.2002,1511.77,2193.47,955.478,12578.9004,6373.6401,3355.1001,1357.92,39584.4788,E2,Y,N
08/06/2017,6:00,11258,1517.46,2190.6899,961.591,12702.5,6495.29,3425.9199,1343.58,39895.0308,E3,N,N
08/06/2017,7:00,11344.9912,1522.2917,2186.4731,930.0275,12665.8604,6436.5664,3359.6282,1358.1096,39803.9481,A3,N,N
08/06/2017,7:00,11315.8525,1527.7848,2198.272,933.9737,12632.6855,6577.9404,3315.2595,1366.1444,39867.9128,A6,N,N
08/06/2017,7:00,11268.2002,1535.61,2189.73,891.638,12595.7998,6442.2598,3380.71,1382.09,39686.0378,E,N,N
08/06/2017,7:00,11256.2998,1528.91,2189.71,918.712,12587.0996,6391.6802,3378.9199,1355.6801,39607.0116,E1,N,N
08/06/2017,7:00,11265.5,1521.38,2197.3501,901.928,12602.2002,6410.7598,3376.76,1364.03,39639.9081,E2,Y,N
08/06/2017,7:00,11317,1549.65,2189.7,913.288,12752.7998,6570.21,3444.5901,1371.13,40108.3679,E3,N,N
08/06/2017,8:00,11297.4248,1508.2964,2174.918,972.4045,12916.1787,6433.436,3357.4365,1377.4978,40037.5927,A3,N,N
08/06/2017,8:00,11126.8369,1501.0739,2173.2512,979.2671,12912.0127,6464.3374,3337.9812,1373.1154,39867.8758,A6,N,N
08/06/2017,8:00,11157.5,1530.71,2172.52,970.582,12678.5,6424.2202,3317.49,1384.29,39635.8122,E,N,N
08/06/2017,8:00,11213.7998,1527,2170.75,965.478,12726.2002,6417.1001,3307.45,1362.8199,39690.598,E1,N,N
08/06/2017,8:00,11176.5,1514.24,2170.54,976.328,12656.5,6400.5298,3318.1499,1374.3199,39587.1076,E2,Y,N
08/06/2017,8:00,11187.2002,1541.45,2170.8401,980.032,12822.0996,6550.2798,3384.0701,1377.23,40013.2018,E3,N,N
08/06/2017,9:00,12304.8301,1680.2103,2232.385,1064.2567,13488.083,6854.3413,3550.7051,1408.2402,42583.0517,A3,N,N
08/06/2017,9:00,12238.6543,1658.9376,2242.2788,1076.3353,13595.9717,6840.8965,3543.5237,1399.7087,42596.3066,A6,N,N
08/06/2017,9:00,12045.9004,1647.01,2224.3501,1066.3101,13685.5996,6864.0801,3566.96,1414.08,42514.2903,E,N,N
08/06/2017,9:00,12044.5996,1636.3,2225.3799,1041.64,13697.5996,6906.2998,3575.28,1394.83,42521.9289,E1,N,N
08/06/2017,9:00,12101.2002,1643.64,2225.72,1076.88,13661.7998,6881.8101,3573.98,1401.22,42566.2501,E2,Y,N
08/06/2017,9:00,12057.7998,1664.58,2224.51,1079.02,13864.7002,7010.3799,3638.9299,1395.6899,42935.6097,E3,N,N
08/06/2017,10:00,13387.0879,1794.2111,2311.55,1120.7147,14795.4346,7410.5645,3815.8616,1469.0695,46104.4939,A3,N,N
08/06/2017,10:00,13251.6797,1799.6565,2329.0105,1174.0452,14832.96,7423.0576,3855.5605,1475.0029,46140.9729,A6,N,N
08/06/2017,10:00,13171.9004,1800.5699,2327.23,1190.1,14253.5,7347.1401,3829.22,1417.17,45336.8304,E,N,N
08/06/2017,10:00,13225.4004,1792.25,2323.3799,1169.51,14375.7002,7357.3101,3838.8999,1445.4301,45527.8806,E1,N,N
08/06/2017,10:00,13191.7002,1809.9301,2325.6499,1178.83,14272.5,7357.8101,3823.99,1443.1899,45403.6002,E2,Y,N
08/06/2017,10:00,13257.5,1816.13,2327.4399,1200.1,14361.9004,7496.29,3908.54,1406.58,45774.4803,E3,N,N
08/06/2017,11:00,14342.002,1916.2565,2420.6194,1202.4767,16274.8955,7826.2764,4206.0825,1566.0812,49754.6902,A3,N,N
08/06/2017,11:00,14172.7256,1930.3265,2429.1748,1262.7297,16240.8164,7967.7734,4221.4575,1584.2317,49809.2356,A6,N,N
08/06/2017,11:00,14002.5996,1861.28,2396.8799,1231.62,15995.0996,7728.6699,4187.96,1529.89,48933.999,E,Y,N
08/06/2017,11:00,14051.2002,1868.1,2396.48,1244.3101,15888.2002,7738.0498,4172.96,1528.55,48887.8503,E1,N,N
08/06/2017,11:00,14038.2998,1881.85,2395.3899,1230.27,15997.2998,7738.8301,4185.77,1526.27,48993.9796,E2,N,N
08/06/2017,11:00,14011.0996,1886.26,2397.28,1247.67,16101.4004,7884.7798,4273.77,1512.63,49314.8898,E3,N,N
08/06/2017,12:00,15186.2305,2057.738,2538.803,1262.5422,17688.877,8260.2949,4496.5864,1623.2866,53114.3586,A3,N,N
08/06/2017,12:00,15104.6943,2108.7354,2523.4009,1304.4777,17723.5879,8279.8828,4479.3286,1647.2695,53171.3771,A6,N,N
08/06/2017,12:00,15046.2002,2082.6001,2503.53,1272.84,17795.5,8137.2598,4546.6401,1622.39,53006.9602,E,N,N
08/06/2017,12:00,15055,2070.01,2498.54,1265.1899,17723.1992,8141.4199,4534.7002,1625.0601,52913.1193,E1,Y,N
08/06/2017,12:00,15038.2002,2080.5601,2501.6299,1257.1899,17818.5996,8130.6201,4542.77,1615.01,52984.5798,E2,N,N
08/06/2017,12:00,15035.0996,2111.47,2503.0601,1280.54,17933,8286.1396,4640.25,1592.53,53382.0893,E3,N,N
08/06/2017,13:00,16061.6924,2222.2581,2634.4319,1319.9908,18884.998,8679.6875,4730.9321,1717.6216,56251.6124,A3,N,N
08/06/2017,13:00,16022.7764,2199.9919,2622.9121,1348.2111,18969.7285,8801.6953,4755.7856,1720.7494,56441.8503,A6,N,N
08/06/2017,13:00,16244.9004,2231.4399,2644.4199,1259.6899,18748.3008,8531.3301,4778.5698,1731.76,56170.4108,E,N,N
08/06/2017,13:00,16260.2002,2228.51,2638.8999,1271.2,18778.6992,8533.2197,4784.8599,1732.1801,56227.769,E1,Y,N
08/06/2017,13:00,16278.7002,2227.29,2646.9099,1269.84,18756.8008,8561.4404,4778.1899,1722.0601,56241.2313,E2,N,N
08/06/2017,13:00,16129,2236.48,2645.0601,1253.9,18757.6992,8542.9902,4822.3799,1730.41,56117.9194,E3,N,N
08/06/2017,14:00,16317.2998,2275.5615,2715.6504,1324.6926,20032.3965,9502.0283,5064.936,1863.7975,59096.3626,A3,N,N
08/06/2017,14:00,16372.5293,2316.3694,2706.0989,1399.2657,20082.877,9671.4463,5042.2368,1856.838,59447.6614,A6,N,N
08/06/2017,14:00,16232.5996,2310.5601,2729.6101,1400.36,19715.8008,9338.3496,5044.3799,1792.59,58564.2501,E,N,N
08/06/2017,14:00,16138.4004,2322.9299,2731.79,1394.58,19744.0996,9313.54,5049.3599,1807.27,58501.9698,E1,Y,N
08/06/2017,14:00,16152.2998,2313.3899,2734.0601,1392.4399,19725,9358.9805,5048.3901,1804.15,58528.7103,E2,N,N
08/06/2017,14:00,16047.2002,2311.25,2730.3501,1402.84,19703.0996,9349.1602,5096.23,1792.23,58432.3601,E3,N,N
08/06/2017,15:00,16513.6211,2344.3296,2776.8577,1380.2041,20616.3223,9865.1582,5227.042,1917.157,60640.692,A3,N,N
08/06/2017,15:00,17029.623,2394.2651,2784.4695,1440.3424,20896.1484,9965.2021,5222.9307,1895.1456,61628.1268,A6,N,N
08/06/2017,15:00,16007.2998,2346.6799,2767.05,1384.41,20847.0996,9986.6699,5267.5298,1914.36,60521.099,E,N,N
08/06/2017,15:00,15761.5996,2358.79,2784.6599,1410.75,20871.5,10010.2998,5273.0801,1903.63,60374.3094,E1,Y,N
08/06/2017,15:00,15830.9004,2357.6299,2767.5901,1396.37,20833.4004,9998.4102,5270.6802,1913.5601,60368.5413,E2,N,N
08/06/2017,15:00,15626.4004,2348.03,2766.6499,1386.22,20892.8008,9992.6699,5323.04,1919.47,60255.281,E3,N,N
08/06/2017,16:00,16764.2422,2409.8838,2820.0435,1425.6163,21461.752,10166.6797,5321.4771,1996.3264,62366.021,A3,N,N
08/06/2017,16:00,17420.709,2478.6799,2836.054,1496.7136,21640.3379,10148.4883,5343.8901,1963.7805,63328.6533,A6,N,N
08/06/2017,16:00,16116,2388.1201,2786.3,1383.6801,21443.9004,10410.2002,5342.9399,1965.12,61836.2607,E,N,N
08/06/2017,16:00,15710.2002,2403.72,2806.6699,1436.78,21507.8008,10461.2998,5369.6899,1955.58,61651.7406,E1,Y,N
08/06/2017,16:00,15954,2404.6599,2791.8799,1408.72,21422.3008,10430.2998,5345.8501,1966.95,61724.6605,E2,N,N
08/06/2017,16:00,15671.9004,2399.3799,2786.1101,1393.25,21540.6992,10419.0996,5400.4199,1971.11,61581.9691,E3,N,N
08/06/2017,17:00,16916.2285,2427.2092,2838.7556,1467.3511,22224.8691,10576.6074,5302.4429,2036.7906,63790.2544,A3,N,N
08/06/2017,17:00,17596.1523,2489.0574,2873.9619,1529.4697,22608.5215,10707.0605,5335.6201,2002.0702,65141.9136,A6,N,N
08/06/2017,17:00,16600.0996,2419.7,2794.1899,1405.87,21877.3008,10742.7002,5324.0801,2005.15,63169.0906,E,N,N
08/06/2017,17:00,15989.7998,2483.95,2807.6299,1448.64,21875.6992,10832.2002,5361.27,1993.23,62792.4191,E1,Y,N
08/06/2017,17:00,16361.5,2443.6101,2802.6001,1442.22,21945,10730,5334.7402,2006.95,63066.6204,E2,N,N
08/06/2017,17:00,16070.2998,2448.05,2797.6399,1441.9301,21928.6992,10735.0996,5374.9199,2012.4,62809.0385,E3,N,N
08/06/2017,18:00,16848.1406,2424.1733,2824.3926,1456.5958,21824.6914,10631.8867,5250.3486,2018.6642,63278.8932,A3,N,N
08/06/2017,18:00,17388.8184,2474.2515,2879.8552,1516.8901,22252.0059,10744.9707,5294.4922,2004.2316,64555.5156,A6,N,N
08/06/2017,18:00,16752.5996,2425.02,2785.9199,1407.8,22045.0996,10835.5,5247.2202,2026.86,63526.0193,E,N,N
08/06/2017,18:00,16275.0996,2462.4399,2798.75,1425.35,21652.5,11003.7002,5323.6602,2002.76,62944.2599,E1,Y,N
08/06/2017,18:00,16495.6992,2473.3201,2782.3501,1426.73,22085.5996,10799.9004,5250.9502,2015.91,63330.4596,E2,N,N
08/06/2017,18:00,16299.9004,2461.71,2796.8101,1470.79,21704,10837.9004,5290.4399,2030.53,62892.0808,E3,N,N
08/06/2017,19:00,16510.998,2354.2578,2766.0693,1380.238,20650.6738,10255.8721,5133.9604,1979.1932,61031.2626,A3,N,N
08/06/2017,19:00,16774.9023,2428.9941,2831.0366,1445.7504,21046.5762,10322.2256,5167.8149,1954.8595,61972.1596,A6,N,N
08/06/2017,19:00,16572.1992,2361.21,2754.6399,1389.1899,21348.0996,10626.2002,5110.79,1985.34,62147.6688,E,N,N
08/06/2017,19:00,16038,2431.71,2798.5,1347.47,20463.6992,10772,5185.6299,1968.21,61005.2191,E1,Y,N
08/06/2017,19:00,16341.2998,2435.97,2769.6899,1383.97,21199.0996,10578.9004,5169.4902,1995.16,61873.5799,E2,N,N
08/06/2017,19:00,16264.5,2398.9099,2768.9299,1465.45,20796.3008,10650.5,5147.2598,1985.9301,61477.7805,E3,N,N
08/06/2017,20:00,15796.2852,2248.0159,2700.1521,1268.5029,19601.9648,9861.0215,4937.2534,1932.7018,58345.8976,A3,N,N
08/06/2017,20:00,16092.0195,2339.5049,2754.699,1344.5004,19759.8418,9953.9053,4966.9746,1911.0898,59122.5353,A6,N,N
08/06/2017,20:00,15364.7998,2274.23,2710.9199,1385.49,20261.1992,10153.5996,4958.3999,1909.66,59018.2984,E,N,N
08/06/2017,20:00,15862.2998,2344.51,2741.3601,1241.35,19561.4004,10359,4961.5898,1927.52,58999.0301,E1,Y,N
08/06/2017,20:00,15969.0996,2327.4199,2711.1201,1340.42,20110.3008,10345.7998,5001.8398,1940.6899,59746.6899,E2,N,N
08/06/2017,20:00,15849.2998,2310.8101,2722.8401,1455.3,19575.9004,10154.9004,4990.6699,1905.65,58965.3707,E3,N,N
08/06/2017,21:00,15609.3975,2181.9829,2629.5022,1196.2456,18516.3086,9537.4648,4802.3545,1874.4706,56347.7267,A3,N,N
08/06/2017,21:00,15907.9307,2281.9915,2677.9697,1265.5974,18521.2363,9775.9971,4852.9307,1860.385,57144.0384,A6,N,N
08/06/2017,21:00,16138.5,2240.05,2667.6101,1372.52,19369.5996,9862.2197,4909.4502,1851.02,58410.9696,E,N,N
08/06/2017,21:00,15512.0996,2238.3201,2640.6299,1175.77,18210.1992,10057.5,4869.48,1931.38,56635.3788,E1,Y,N
08/06/2017,21:00,15978.5,2334.3601,2641.3601,1285.22,19120.6992,9964.5098,5010.5698,1844.0699,58179.2889,E2,N,N
08/06/2017,21:00,15714.2998,2278.46,2675.6499,1441.22,18623.8008,9888.8604,4951.9102,1849.1899,57423.391,E3,N,N
08/06/2017,22:00,15343.0967,2080.8457,2610.8071,1161.6104,18120.8105,9296.0381,4694.7119,1846.5603,55154.4807,A3,N,N
08/06/2017,22:00,15522.1367,2202.1138,2636.553,1219.8325,17936.3262,9603.5283,4744.1572,1853.292,55717.9397,A6,N,N
08/06/2017,22:00,15270.0996,2163.1201,2639.7,1377.85,18763.6992,9507.0996,4781.5298,1808.87,56311.9683,E,N,N
08/06/2017,22:00,15243,2182.1101,2629.5701,1175.42,17998.1992,9725.5,4751.6699,1887.85,55593.3193,E1,Y,N
08/06/2017,22:00,15271,2254.8899,2623.22,1240.13,18533.8008,9975.9902,4760.6699,1803.09,56462.7908,E2,N,N
08/06/2017,22:00,15188.5996,2188.4099,2645.75,1411.65,17798.3008,9523.4102,4809.0098,1816.74,55381.8703,E3,N,N
08/06/2017,23:00,14526.5088,1969.6011,2523.1394,1091.6094,16746.8809,8731.71,4444.4604,1746.5629,51780.4729,A3,N,N
08/06/2017,23:00,14713.7715,2088.9165,2546.3342,1137.3945,16552.0332,8996.7305,4496.1641,1755.2816,52286.6261,A6,N,N
08/06/2017,23:00,14756.2998,2012.9301,2553.8301,1261.95,17542.0996,8892.7695,4520.8501,1675.01,53215.7392,E,N,N
08/06/2017,23:00,14460.0996,2015.73,2489.1201,1117.1899,16756.8008,9196.3799,4455.8599,1663.59,52154.7702,E1,Y,N
08/06/2017,23:00,14768.5,2089.8101,2511.55,1219.48,17436.3008,8997,4528.5098,1713.63,53264.7807,E2,N,N
08/06/2017,23:00,14351.4004,2029.73,2559.45,1293.14,16531.1992,8922.96,4533.4102,1688.83,51910.1198,E3,N,N
08/06/2017,24:00,13535.2832,1793.1453,2426.0591,993.0875,15286.127,8117.3955,4163.4756,1646.6853,47961.2585,A3,N,N
08/06/2017,24:00,13728.3184,1881.1924,2445.0857,1048.7201,15040.8164,8373.8203,4173.9546,1673.7776,48365.6855,A6,N,N
08/06/2017,24:00,13673.7998,1878.6,2457.1299,1159.3,15902.7998,8197.5996,4232.3901,1579.8199,49081.4391,E,N,N
08/06/2017,24:00,13605.0996,1804.97,2441.1699,1022.77,15141,8540.71,4210.29,1729.89,48495.8995,E1,Y,N
08/06/2017,24:00,13717.9004,1935.98,2440.78,1056.47,15981.7002,8413.5596,4218.71,1554.3,49319.4002,E2,N,N
08/06/2017,24:00,13361,1882.67,2462.47,1192.49,15147.0996,8223.8496,4244.8301,1576.14,48090.5493,E3,N,N
08/07/2017,1:00,13156.4502,1699.5109,2351.4099,920.5216,14311.293,7455.6323,3897.5266,1549.1713,45341.5158,A3,N,N
08/07/2017,1:00,13309.2236,1759.4537,2364.0642,983.0638,14243.7012,7628.5376,3938.0432,1557.0426,45783.1299,A6,Y,N
08/07/2017,1:00,13121.5,1778.52,2340.6899,1027.24,14609.0996,7605.1401,3941.3899,1440.48,45864.0595,E,N,N
08/07/2017,1:00,12798.7002,1722.4399,2306.6299,951.04,13895.7002,7923.5098,3967.6899,1734.55,45300.2599,E1,N,N
08/07/2017,1:00,13153,1790.65,2349.73,982.103,14786.7998,7800.0098,3924.3101,1456.79,46243.3927,E2,N,N
08/07/2017,1:00,12647.7002,1764.58,2339.02,1079.9,14026,7601.29,3977.3501,1420.5,44856.3403,E3,N,N
08/07/2017,2:00,12407.3213,1607.0157,2293.1252,911.1746,13617.501,7046.0498,3681.4524,1485.7842,43049.4242,A3,N,N
08/07/2017,2:00,12560.8887,1641.5673,2302.9985,983.884,13512.2813,7225.2114,3711.2161,1491.4961,43429.5434,A6,Y,N
08/07/2017,2:00,12675.4004,1701.14,2282.8,978.76,13800.0996,7152.75,3723.76,1353.29,43668,E,N,N
08/07/2017,2:00,12089.2998,1614.46,2208.5601,859.781,13123.4004,7371.54,3744.79,1505.34,42517.1713,E1,N,N
08/07/2017,2:00,12616.4004,1664.38,2289.3401,988.033,13771.7998,7445.3901,3718,1358.54,43851.8834,E2,N,N
08/07/2017,2:00,12072.7998,1655.8,2277.6201,1032.6899,13203.2998,7164.1099,3768.6299,1334.77,42509.7194,E3,N,N
08/07/2017,3:00,12327.0635,1552.7513,2253.377,906.8879,13119.9258,6726.0537,3545.5818,1443.296,41874.937,A3,N,N
08/07/2017,3:00,12282.916,1576.1086,2266.1526,972.3744,13022.3398,6875.3472,3564.9209,1439.7218,41999.8813,A6,Y,N
08/07/2017,3:00,12419.4004,1634.11,2250.51,940.961,13082.4004,6884.1201,3570.4199,1294.03,42075.9518,E,N,N
08/07/2017,3:00,11791.7002,1485.65,2193.76,863.636,12368.7998,7016.21,3663.6499,1463.54,40846.9459,E1,N,N
08/07/2017,3:00,12504.5,1555.8,2241.1799,921.238,13362.2998,7083,3595.0801,1339.46,42602.5578,E2,N,N
08/07/2017,3:00,11749.5996,1572.37,2241.3899,1000.66,12770.5996,6939.6899,3629.3799,1274.42,41178.1089,E3,N,N
08/07/2017,4:00,12091.7715,1546.5649,2227.3091,879.3197,13048.7578,6577.5469,3450.8716,1406.5168,41228.6583,A3,N,N
08/07/2017,4:00,11944.9443,1572.8408,2239.4128,933.0983,13013.3604,6771.8584,3469.0542,1410.8356,41355.4048,A6,Y,N
08/07/2017,4:00,12959.7998,1600.14,2230.25,923.484,12986.5996,6692.3198,3470.9199,1267.36,42130.8731,E,N,N
08/07/2017,4:00,11500.9004,1472.22,2168.74,865.539,12542.7998,6842.4902,3557.3701,1387.9399,40337.9994,E1,N,N
08/07/2017,4:00,12154.5996,1585.75,2221.8201,929.421,13002.7002,6986.25,3487.75,1290.35,41658.6409,E2,N,N
08/07/2017,4:00,11607.7998,1535.03,2221.27,976.257,12486.2998,6769.7998,3530.29,1249.74,40376.4864,E3,N,N
08/07/2017,5:00,12194.9629,1557.5505,2209.926,853.6375,12959.6084,6558.397,3415.927,1392.9187,41142.928,A3,N,N
08/07/2017,5:00,11997.4063,1591.6749,2217.4082,908.804,12947.9014,6724.1211,3439.0596,1406.1112,41232.4867,A6,Y,N
08/07/2017,5:00,12317.7998,1615,2218.54,922.312,12888.2998,6631.23,3427.6101,1262.22,41283.0117,E,N,N
08/07/2017,5:00,11521.0996,1502.1,2179.6899,847.631,12436.7998,6781.52,3493.9299,1388.6,40151.3702,E1,N,N
08/07/2017,5:00,12494.5996,1584.79,2217.1399,920.262,12903.9004,6855.8599,3456.1299,1304.26,41736.9417,E2,N,N
08/07/2017,5:00,11730.2002,1547.92,2212.04,979.183,12483.4004,6726.1802,3485.9199,1245.05,40409.8937,E3,N,N
08/07/2017,6:00,12805.1484,1616.8083,2216.2815,879.2792,13416.1729,6808.5483,3467.9529,1410.4564,42620.6479,A3,N,N
08/07/2017,6:00,12723.6172,1679.9749,2232.7092,927.7264,13504.3242,6989.5767,3492.938,1423.0924,42973.959,A6,Y,N
08/07/2017,6:00,12680,1695.95,2220.1599,946.952,13470.7002,6874.7998,3463.3799,1282.55,42634.4918,E,N,N
08/07/2017,6:00,11961.2998,1527.48,2171.25,869.337,12922.7002,6970.6499,3496.6599,1394.15,41313.5268,E1,N,N
08/07/2017,6:00,12878.5,1654.73,2216.8101,961.088,13334,6999.5801,3454.6399,1349.0601,42848.4082,E2,N,N
08/07/2017,6:00,12186.7998,1623.84,2217.48,1008.34,12944.2998,6990.8101,3517.8401,1261.23,41750.6398,E3,N,N
08/07/2017,7:00,13501.8496,1723.0955,2243.4229,950.8975,14253.6221,7279.8569,3598.7246,1461.1624,45012.6315,A3,N,N
08/07/2017,7:00,13487.2119,1813.4481,2266.9673,1025.2849,14365.2012,7648.7788,3683.5027,1473.3785,45763.7734,A6,Y,N
08/07/2017,7:00,13208,1844.5601,2248.4299,1004.58,14197.7002,7276.6699,3608.5801,1329.05,44717.5702,E,N,N
08/07/2017,7:00,12612.2002,1625.33,2214.54,905.114,13528.2002,7469.4302,3684.0701,1377.5,43416.3847,E1,N,N
08/07/2017,7:00,13292.5996,1870.37,2250.1599,995.953,13961.5996,7420.9302,3592.8601,1358.3101,44742.7825,E2,N,N
08/07/2017,7:00,12730.7002,1778.55,2251.26,1076.11,13848.2002,7369.73,3664.0901,1307.28,44025.9205,E3,N,N
08/07/2017,8:00,13859.1455,1759.7383,2249.7664,958.9537,14550.084,7467.8257,3665.3264,1474.1697,45985.0097,A3,N,N
08/07/2017,8:00,13719.4326,1861.0309,2269.9736,1032.4038,14761.9346,7644.5967,3761.8105,1481.2729,46532.4556,A6,Y,N
08/07/2017,8:00,13339.5,1883.66,2269.4099,1020.27,14562.7002,7411.1899,3641,1348.14,45475.87,E,N,N
08/07/2017,8:00,12861.5,1633.8,2191.96,927.347,13802.9004,7257.1401,3719.51,1392.9,43787.0575,E1,N,N
08/07/2017,8:00,13519.2002,1869.1801,2269.8701,1035.1,14391.5996,7447.7002,3607.8,1409.23,45549.6802,E2,N,N
08/07/2017,8:00,12893.7998,1829.11,2267.21,1090.29,14219.2002,7446.3799,3677.8601,1325.28,44749.13,E3,N,N
08/07/2017,9:00,14494.1553,1859.8019,2298.5422,1047.6973,15063.8398,7788.5137,3857.8311,1491.3093,47901.6906,A3,N,N
08/07/2017,9:00,14480.9541,1965.2256,2310.7839,1099.5564,15342.3145,7983.6992,3922.7205,1497.2467,48602.5009,A6,Y,N
08/07/2017,9:00,14108.7002,1942.74,2311.0801,1044.09,15071.7998,7710.9502,3806.28,1377.09,47372.7303,E,N,N
08/07/2017,9:00,13490.5,1759.46,2258.1201,979.146,14013.5,7817.1699,3960.3,1414.88,45693.076,E1,N,N
08/07/2017,9:00,14006,1901.6,2303.8201,1077.0699,14874.9004,7795.3101,3883.9399,1410.91,47253.5504,E2,N,N
08/07/2017,9:00,13639.2998,1912.79,2307.01,1117.5,14790.9004,7738.1602,3813.2,1358.27,46677.1304,E3,N,N
08/07/2017,10:00,15140.1621,1950.9927,2377.7253,1127.355,15951.6689,8242.3789,4170.8711,1532.5316,50493.6856,A3,N,N
08/07/2017,10:00,15025.1836,2078.2876,2413.1443,1215.5037,16323.5586,8444.0322,4216.8862,1546.5255,51263.1217,A6,Y,N
08/07/2017,10:00,14863.4004,2024.41,2379.4399,1093.28,15626.2998,8194.0596,4121.6699,1423.8101,49726.3697,E,N,N
08/07/2017,10:00,14049.2998,1771.09,2357.8501,1025.49,14785.5996,8095.9399,4190.7998,1482.12,47758.1892,E1,N,N
08/07/2017,10:00,14754.7002,2013.84,2375.97,1111.9,15717,8235.5898,4160.8398,1435.03,49804.8698,E2,N,N
08/07/2017,10:00,14739.5,2009.9301,2377.3301,1176.71,15723.9004,8193.4805,4178.9302,1401.8101,49801.5914,E3,N,N
08/07/2017,11:00,15790.6797,2066.0027,2451.4524,1182,16937.1309,8742.4941,4507.7695,1586.0991,53263.6284,A3,N,N
08/07/2017,11:00,15676.6846,2221.0686,2491.6106,1296.8446,17282.5234,8975.0801,4567.1719,1622.6707,54133.6545,A6,Y,N
08/07/2017,11:00,15850.0996,2097.48,2465.3701,1145.61,16774.0996,8799.7998,4452.98,1492.0601,53077.4992,E,N,N
08/07/2017,11:00,14765.0996,1889.13,2413.23,1069.39,15831.7998,8601.0098,4576.3101,1521.85,50667.8193,E1,N,N
08/07/2017,11:00,15516.7002,2112.8401,2431.8501,1167.63,16769.9004,8763.7695,4547.5498,1514.72,52824.9601,E2,N,N
08/07/2017,11:00,15710.5,2106.8999,2464.1101,1229.05,16797.1992,8748.71,4512.2998,1471.49,53040.259,E3,N,N
08/07/2017,12:00,16346.1836,2148.1519,2529.6411,1220.9612,17921.752,9224.9834,4822.6885,1641.2144,55855.5761,A3,N,N
08/07/2017,12:00,16232.6748,2342.2944,2554.0002,1351.3867,18317.7891,9438.0684,4829.3325,1694.4297,56759.9758,A6,Y,N
08/07/2017,12:00,16533.6992,2155.03,2554.0801,1186.67,18182.3008,9399.5898,4820.2998,1573.28,56404.9497,E,N,N
08/07/2017,12:00,15830.4004,1992.3,2478.55,1118.13,17117.9004,9221.1699,4839.3999,1579.73,54177.5806,E1,N,N
08/07/2017,12:00,16087.7998,2117.05,2505.6399,1221.46,18105.5,9595.9805,4883.9902,1653.64,56171.0604,E2,N,N
08/07/2017,12:00,16476.3008,2185.6599,2549.4399,1272.77,17846.4004,9327.4697,4858.04,1552.48,56068.5607,E3,N,N
08/07/2017,13:00,16736.2207,2215.3416,2584.2334,1261.0884,18599.666,9662.3008,5084.3818,1716.4401,57859.6728,A3,N,N
08/07/2017,13:00,16439.1426,2406.7253,2608.6768,1394.6963,19032.0547,9886.3672,5075.8071,1748.4113,58591.8813,A6,Y,N
08/07/2017,13:00,17030.5996,2221.73,2612.1599,1207.11,18487,9940.8096,5118.4702,1669.47,58287.3493,E,N,N
08/07/2017,13:00,16598,2033.92,2575.24,1140.99,17593,9848.7803,5165.9399,1662.73,56618.6002,E1,N,N
08/07/2017,13:00,16482.9004,2244.3899,2577.3799,1294.6899,18632.1992,10118,5140.79,1703.39,58193.7393,E2,N,N
08/07/2017,13:00,17013,2292.8301,2606.4199,1289.13,18719.9004,9786.2598,5177.8799,1652.35,58537.7701,E3,N,N
08/07/2017,14:00,17212.082,2283.2024,2645.2507,1292.8577,19317.2031,10162.4961,5346.1611,1797.4536,60056.7067,A3,N,N
08/07/2017,14:00,16606.1016,2500.3374,2665.6624,1431.7747,19854.6113,10382.4805,5272.3564,1835.7832,60549.1075,A6,Y,N
08/07/2017,14:00,17350.8008,2294.6699,2679.2,1242.3,19373,10485.2002,5356.6401,1742.76,60524.571,E,N,N
08/07/2017,14:00,17541.4004,2158.8899,2649.04,1188.73,18883.5996,10396.4004,5366.1401,1750.5601,59934.7605,E1,N,N
08/07/2017,14:00,17505.4004,2373.21,2634.1299,1306.01,19334.6992,10395.7002,5369.8198,1776.2,60695.1695,E2,N,N
08/07/2017,14:00,17260.3008,2382.4099,2675.26,1319.21,19276.3008,10286.5996,5451.02,1730.4399,60381.541,E3,N,N
08/07/2017,15:00,17555.998,2313.8235,2705.2341,1309.136,19821.8867,10498.1143,5543.3208,1867.3447,61614.8581,A3,N,N
08/07/2017,15:00,17531.2051,2597.6604,2717.8542,1472.7759,20420.0098,10644.4531,5463.2695,1893.4261,62740.6541,A6,Y,N
08/07/2017,15:00,18263.1992,2333.96,2733.1201,1273.98,19427.9004,10887.7998,5531.8301,1796.8,62248.5896,E,N,N
08/07/2017,15:00,17197.1992,2212.51,2693.8999,1231.1,19226,10811.2002,5564.8599,1860.75,60797.5192,E1,N,N
08/07/2017,15:00,18153.5996,2357.74,2702.72,1326.4301,19680.1992,10774,5582.3799,1819.33,62396.3988,E2,N,N
08/07/2017,15:00,17347.6992,2426.3401,2720.49,1346.13,19565.3008,10683.5996,5646.4399,1788.2,61524.1996,E3,N,N
08/07/2017,16:00,17536.3418,2361.6643,2746.1772,1305.7686,19997.127,10754.2686,5607.6963,1889.0911,62198.1349,A3,N,N
08/07/2017,16:00,17716.5234,2672.9785,2748.6453,1467.8118,20698.082,10839.9541,5582.3809,1925.4645,63651.8405,A6,Y,N
08/07/2017,16:00,17860,2338.1299,2759.3201,1292.91,19637.5996,11146.5996,5573.0898,1832.62,62440.269,E,N,N
08/07/2017,16:00,17618.1992,2274.03,2727.45,1222.4,19567.6992,11191.7002,5538.2402,1890.9399,62030.6587,E1,N,N
08/07/2017,16:00,18307.4004,2370.23,2719.6499,1347.0699,20138.5,10998.7002,5544.8701,1838.79,63265.2105,E2,N,N
08/07/2017,16:00,17325.5996,2428.8999,2743.6899,1356.64,19551.5,10968,5674.5898,1823.38,61872.2992,E3,N,N
08/07/2017,17:00,17581.6289,2356.647,2811.0896,1298.0087,19743.2871,11179.8662,5578.7397,1879.8501,62429.1173,A3,N,N
08/07/2017,17:00,17812.3438,2617.4441,2796.5493,1428.6445,20620.3828,11247.5254,5596.8838,1942.8419,64062.6156,A6,Y,N
08/07/2017,17:00,18202.6992,2339.74,2779.0601,1305.48,19478.5,11287.2998,5526.0298,1823.24,62742.0489,E,N,N
08/07/2017,17:00,17340.5996,2270.47,2772.79,1211.05,19925.4004,11456.7998,5554.29,1885.74,62417.1398,E1,N,N
08/07/2017,17:00,18081.8008,2403.55,2739.1599,1334.47,19313.5996,10898.2998,5470.5498,1836.75,62078.1799,E2,N,N
08/07/2017,17:00,17411.8008,2435.8899,2756.9099,1351.42,19326.0996,11171.4004,5610.1899,1815.7,61879.4105,E3,N,N
08/07/2017,18:00,17684.3145,2294.6755,2778.2864,1282.9285,18997.8867,11198.1299,5435.6592,1859.4633,61531.344,A3,N,N
08/07/2017,18:00,18106.6367,2613.7725,2785.0469,1388.3773,19772.5215,11385.583,5509.1855,1934.5167,63495.6401,A6,Y,N
08/07/2017,18:00,17613.9004,2298.53,2752.4099,1298.13,18699.6992,11247.7998,5395.0898,1800.9399,61106.499,E,N,N
08/07/2017,18:00,17561.5,2249.1299,2714.47,1178.96,18584.3008,11426.9004,5293.25,1879.65,60888.1611,E1,N,N
08/07/2017,18:00,18208.5,2271.2,2666.26,1307.92,19073.5996,11147.4004,5321.4702,1796.28,61792.6302,E2,N,N
08/07/2017,18:00,17326.1992,2382.74,2735.71,1325.71,18890.3008,11211.7998,5433.8198,1795.29,61101.5696,E3,N,N
08/07/2017,19:00,16887.8145,2224.2158,2708.6792,1246.5586,18293.4414,10804.3164,5225.9893,1808.2732,59199.2884,A3,N,N
08/07/2017,19:00,17049.4766,2538.1582,2728.4136,1337.7864,18810.625,10869.7031,5328.2388,1876.7618,60539.1635,A6,Y,N
08/07/2017,19:00,17109.3008,2252.97,2699.0901,1273.26,18367.8008,10973.2998,5207.9702,1761.48,59645.1717,E,N,N
08/07/2017,19:00,16379.7998,2225.6799,2657.49,1174.91,17423.0996,11227.0996,5186.9199,1823.42,58098.4188,E1,N,N
08/07/2017,19:00,17396.5996,2244.49,2634.04,1311.95,18713.5,10956.9004,5224.2998,1786.39,60268.1698,E2,N,N
08/07/2017,19:00,16910.0996,2326.02,2685.6599,1286.8199,18210.9004,10991.5996,5226.4302,1758.4301,59395.9597,E3,N,N
08/07/2017,20:00,16290.6045,2128.2798,2618.8794,1178.4679,17468.1016,10355.0811,5012.9497,1769.8123,56822.1763,A3,N,N
08/07/2017,20:00,16389.1855,2451.5354,2642.3347,1257.3812,17832.5313,10429.4258,5123.0337,1838.9875,57964.4151,A6,Y,N
08/07/2017,20:00,16717.8008,2191.24,2648.1799,1229.6801,17905.8008,10457.5,5026.02,1732.95,57909.1716,E,N,N
08/07/2017,20:00,16308.7002,2028.38,2580.3899,1103.99,17383.9004,10736,5061.23,1760.9,56963.4905,E1,N,N
08/07/2017,20:00,17115.1992,2108.1799,2564.98,1196.1,18055.4004,10559.4004,5023.3398,1708.48,58331.0797,E2,N,N
08/07/2017,20:00,16363.2998,2242.1499,2629.1499,1248.6,17421.1992,10542.5,5064.6802,1721.96,57233.539,E3,N,N
08/07/2017,21:00,15898.6943,2058.5554,2547.1555,1122.7759,16741.3477,9955.8701,4893.0229,1726.9398,54944.3616,A3,N,N
08/07/2017,21:00,16049.001,2365.8955,2567.104,1186.8158,17065.6895,10083.127,5018.0254,1788.9583,56124.6165,A6,Y,N
08/07/2017,21:00,16333.2002,2183.47,2591.77,1222.17,17317.6992,10133.5996,4941.8198,1718.76,56442.4888,E,N,N
08/07/2017,21:00,15704.2002,2014.46,2518.47,1110.01,16846.4004,10272.9004,4852.1699,1771.71,55090.3209,E1,N,N
08/07/2017,21:00,16454.3008,2106.27,2549.0901,1253.47,16859.6992,10339.7998,4916.9199,1708.5699,56188.1197,E2,N,N
08/07/2017,21:00,16200.0996,2212,2570.4299,1248.22,17076.1992,10252,5007.1699,1704.65,56270.7686,E3,N,N
08/07/2017,22:00,15584.4346,1991.223,2507.3755,1095.3992,16338.4033,9712.8213,4777.6392,1710.8268,53718.1229,A3,N,N
08/07/2017,22:00,15609.8887,2284.0139,2520.675,1145.6342,16507.6445,9846.4033,4883.5273,1779.7325,54577.5194,A6,Y,N
08/07/2017,22:00,15596.9004,2132.3501,2542.95,1195.9301,16982,9687.71,4797.25,1665.28,54600.3706,E,N,N
08/07/2017,22:00,15458.4004,1943.09,2419.25,1103.63,16484.1992,9931.6699,4766.8701,1738.54,53845.6496,E1,N,N
08/07/2017,22:00,15938.2998,2101.8301,2556.28,1212.15,16628.4004,9818.1299,4780.3701,1632.86,54668.3203,E2,N,N
08/07/2017,22:00,15610,2142.4099,2527.8101,1225.36,16537,9798.7803,4858.04,1643.1801,54342.5804,E3,N,N
08/07/2017,23:00,14919.2656,1871.7577,2431.0925,1013.4769,15338.915,8998.2188,4493.665,1628.4436,50694.8351,A3,N,N
08/07/2017,23:00,14899.9541,2135.6167,2439.1558,1060.5149,15404.8984,9006.7246,4574.7715,1670.6313,51192.2673,A6,Y,N
08/07/2017,23:00,14803,1969.73,2454.3999,1123.03,15638.0996,8908.6299,4495.8999,1531.47,50924.2593,E,N,N
08/07/2017,23:00,14664,1864.26,2362.29,1060.13,15417.7998,9229.2695,4428.7598,1623.39,50649.8991,E1,N,N
08/07/2017,23:00,14998.0996,1915.9,2491.6599,1153.3101,15806,9173.0996,4519.96,1575.72,51633.7492,E2,N,N
08/07/2017,23:00,14661.4004,1969.6899,2435.1499,1139.85,15233,9035.9902,4553.8701,1522.3199,50551.2704,E3,N,N
08/07/2017,24:00,13983.0332,1686.9973,2343.7261,945.6663,14066.9961,8251.4648,4168.1304,1540.3677,46986.3819,A3,N,N
08/07/2017,24:00,13883.7891,1892.6135,2346.7339,1001.6935,14168.6094,8295.3174,4218.1357,1584.0935,47390.986,A6,Y,N
08/07/2017,24:00,13878.7998,1808.86,2361.3201,1038.84,14316.7002,8087.9902,4158.6602,1384.74,47035.9105,E,N,N
08/07/2017,24:00,13659.5,1645.6,2303.29,1014.98,13896.2002,8441.9102,4111.1299,1520.3101,46592.9204,E1,N,N
08/07/2017,24:00,13976.0996,1792.14,2376.3501,1075.4301,14391.5,8302.6299,4184.1201,1425.01,47523.2798,E2,N,N
08/07/2017,24:00,13700.2998,1805.9,2348.48,1049.4399,13867,8201.1104,4227.6099,1384.65,46584.49,E3,N,N
08/08/2017,1:00,13281.0928,1564.77,2249.7551,885.5734,12961.5703,7523.4185,3891.1248,1439.6624,43796.9673,A3,N,N
08/08/2017,1:00,13345.9014,1762.8251,2250.2686,941.4506,13087.9229,7575.4058,3967.2327,1458.6426,44389.6497,A6,N,N
08/08/2017,1:00,13024.7998,1656.21,2285.5901,967.438,13170,7394.1299,3851.0801,1271.26,43620.5079,E,N,N
08/08/2017,1:00,12759.4004,1530.5601,2236,955.818,12601.9004,7631.3999,3818.5901,1427.17,42960.8389,E1,N,N
08/08/2017,1:00,13085.4004,1663.26,2295.3799,1011.06,13197.7998,7473.8398,3872.3201,1300.16,43899.22,E2,Y,N
08/08/2017,1:00,12848.0996,1662.98,2272.48,973.112,12761.5996,7467.8398,3936.9099,1286.08,43209.1009,E3,N,N
08/08/2017,2:00,12563.3096,1487.95,2196.1064,876.3163,12091.3418,7060.4595,3674.8406,1382.8887,41333.2129,A3,N,N
08/08/2017,2:00,12677.0771,1647.777,2192.8396,937.6456,12169.9316,7084.8848,3736.2024,1392.869,41839.2271,A6,N,N
08/08/2017,2:00,12562.7002,1553.78,2232.8999,915.15,12390.9004,6923.9302,3627.46,1207.79,41414.6107,E,N,N
08/08/2017,2:00,12096.7002,1458.6,2162.55,850.465,11684.9004,6902.0298,3591.1899,1282.86,40029.2953,E1,N,N
08/08/2017,2:00,12420.7998,1569.48,2249.3999,956.219,12375.7998,6953.8799,3670.7,1250.7,41446.9784,E2,Y,N
08/08/2017,2:00,12249.2998,1553.9301,2220.98,918.924,12012,6991.21,3724.78,1231.1801,40902.304,E3,N,N
08/08/2017,3:00,12227.8301,1429.9985,2162.3059,854.4225,11391.8428,6724.4097,3525.0347,1341.5791,39657.4233,A3,N,N
08/08/2017,3:00,12365.3379,1591.2513,2155.6143,917.2361,11429.085,6703.0771,3579.6426,1340.0016,40081.2459,A6,N,N
08/08/2017,3:00,12096.9004,1467.86,2208.97,878.688,11680.2998,6607.73,3460.5901,1155.61,39556.6483,E,N,N
08/08/2017,3:00,11622,1355.76,2121.8899,830.273,10787.2998,6454.46,3427.98,1309.88,37909.5427,E1,N,N
08/08/2017,3:00,12156.7998,1446.92,2179.6201,942.106,11627.5,6616.71,3500.48,1183.84,39653.9759,E2,Y,N
08/08/2017,3:00,11832.2998,1474.24,2193.8799,880.74,11513.5996,6674.7202,3566.2,1186.15,39321.8295,E3,N,N
08/08/2017,4:00,11949.8867,1412.8344,2140.6428,837.2806,11151.0176,6481.8853,3418.8071,1318.877,38711.2315,A3,N,N
08/08/2017,4:00,12044.1807,1556.6238,2128.8523,883.4047,11142.0234,6473.3008,3463.3633,1315.0968,39006.8458,A6,N,N
08/08/2017,4:00,12112.9004,1430.46,2192.8301,864.466,11571.9004,6412.1401,3353.3301,1131.24,39069.2671,E,N,N
08/08/2017,4:00,11317.9004,1311.42,2101.29,814.661,10593.7002,6198.3799,3321.4399,1297.0601,36955.8515,E1,N,N
08/08/2017,4:00,11823.0996,1440.9,2166.21,922.548,11402.5996,6471.75,3395.98,1157.41,38780.4972,E2,Y,N
08/08/2017,4:00,11644.7002,1437.62,2176.72,862.587,11216,6484.6401,3452.75,1159.74,38434.7573,E3,N,N
08/08/2017,5:00,12001.8223,1427.2388,2129.4304,822.637,10987.8252,6421.6719,3363.186,1312.2961,38466.1077,A3,N,N
08/08/2017,5:00,12087.1895,1554.7498,2113.1453,866.5507,10938.3506,6448.7075,3409.1672,1316.7595,38734.6201,A6,N,N
08/08/2017,5:00,12020.5996,1438.28,2177.3899,862.071,11477.7998,6357.6001,3307.51,1127.0699,38768.3203,E,N,N
08/08/2017,5:00,11301.5996,1353.3,2117,829.489,10584.7998,6194.4902,3275.5601,1303.89,36960.1287,E1,N,N
08/08/2017,5:00,12029.2002,1463.08,2153.23,909.103,11319.2002,6371.23,3373.1799,1148.5,38766.7233,E2,Y,N
08/08/2017,5:00,11720.2002,1443.0601,2163.3601,863.435,11254.0996,6427.0498,3392.99,1157.55,38421.7448,E3,N,N
08/08/2017,6:00,12497.9902,1479.7764,2149.7051,843.7401,11551.7988,6605.3286,3361.7456,1333.7563,39823.8411,A3,N,N
08/08/2017,6:00,12570.2598,1609.163,2141.0801,896.0137,11463.3984,6616.5034,3438.8005,1332.3468,40067.5657,A6,N,N
08/08/2017,6:00,12354.7002,1513.46,2179.8601,883.956,12023.7998,6589.8101,3348.5801,1150.71,40044.8763,E,N,N
08/08/2017,6:00,11661.9004,1377.5699,2118.6201,839.052,11283.7998,6436.1699,3242.8899,1280.23,38240.232,E1,N,N
08/08/2017,6:00,12508.2002,1524.39,2172.8999,930.534,11837.2998,6615.96,3388.3301,1191.4301,40169.0441,E2,Y,N
08/08/2017,6:00,12181.4004,1516.46,2168.53,888.191,11715.2998,6675.7998,3416.1699,1179.28,39741.1309,E3,N,N
08/08/2017,7:00,13032.1621,1584.1923,2190.1938,889.1432,12101.6523,7036.6138,3495.1511,1379.5398,41708.6484,A3,N,N
08/08/2017,7:00,13218.1924,1707.4607,2193.6553,931.3509,12142.7031,7121.5752,3625.3452,1377.0261,42317.3089,A6,N,N
08/08/2017,7:00,12870.0996,1666.49,2208.8201,939.509,12816.2002,7028.9902,3505.9199,1209.4399,42245.4689,E,N,N
08/08/2017,7:00,12004.2998,1521.8199,2135.3301,876.898,11845.9004,6888.52,3434.8799,1301.35,40008.9981,E1,N,N
08/08/2017,7:00,13010.7002,1657.9301,2211.73,977.429,12637.9004,7033.6099,3544.3,1264.17,42337.7696,E2,Y,N
08/08/2017,7:00,12787.5996,1671.73,2200.55,954.522,12508.5,7128.2798,3544.05,1232.08,42027.3114,E3,N,N
08/08/2017,8:00,12951.9932,1617.7821,2199.2336,898.1415,12585.3398,7049.0313,3567.7126,1395.3646,42264.5987,A3,N,N
08/08/2017,8:00,13235.0391,1752.0453,2211.5115,940.0186,12646.0879,7090.7417,3684.7087,1382.8558,42943.0086,A6,N,N
08/08/2017,8:00,13048.5996,1703.83,2225.6001,952.541,13156,7160.04,3547.9099,1237.25,43031.7706,E,N,N
08/08/2017,8:00,11977.9004,1527.55,2135.8701,892.737,12338,6817.1401,3519.8999,1329.9399,40539.0374,E1,N,N
08/08/2017,8:00,13143.2002,1668.15,2228.3601,990.98,12986.7998,7239.3301,3602.8201,1270.7,43130.3403,E2,Y,N
08/08/2017,8:00,12916.2002,1710.1,2213.71,967.445,12873,7227.8398,3576.51,1256.95,42741.755,E3,N,N
08/08/2017,9:00,13725.6904,1696.5259,2236.8303,960.5628,13187.3486,7323.5161,3752.4702,1405.2506,44288.1949,A3,N,N
08/08/2017,9:00,13969.1816,1831.5466,2257.1697,1010.1909,13291.6816,7395.2861,3838.967,1379.5015,44973.525,A6,N,N
08/08/2017,9:00,13550,1763.88,2248.28,974.561,13570.7002,7411.7598,3716.6399,1264.9399,44500.7608,E,N,N
08/08/2017,9:00,12729.9004,1647.4399,2192.8501,946.255,12909.2998,7171.8398,3690.8701,1355.29,42643.7451,E1,N,N
08/08/2017,9:00,13568.7002,1736.5601,2236.3301,1040.53,13420.4004,7402.5601,3767.74,1287.3,44460.1209,E2,Y,N
08/08/2017,9:00,13474.2998,1783.62,2234.77,986.482,13254.7002,7471.4399,3730.1001,1279.71,44215.122,E3,N,N
08/08/2017,10:00,14403.6973,1774.5149,2301.1206,1049.9022,13922.334,7744.9902,4026.8428,1438.9337,46662.3357,A3,N,N
08/08/2017,10:00,14639.2646,1926.0388,2329.4011,1126.2123,14067.5996,7839.7329,4091.5356,1425.0513,47444.8362,A6,N,N
08/08/2017,10:00,14474.9004,1840.92,2296.1299,1021.55,14035.0996,7817.0698,4004.8601,1307.75,46798.2798,E,N,N
08/08/2017,10:00,13455.2998,1680.4301,2273.04,1071.14,13248,7559.5298,3946.7,1384.89,44619.0297,E1,N,N
08/08/2017,10:00,14298.7998,1835.37,2266.96,1077.4,13951.7002,7793.3101,4019.28,1365.85,46608.6701,E2,Y,N
08/08/2017,10:00,14354.2998,1862.12,2282.3,1036.52,14004.7998,7872.7598,4063.28,1318.16,46794.2394,E3,N,N
08/08/2017,11:00,15074.6494,1879.1353,2370.9033,1115.1456,14676.6348,8255.499,4359.3838,1496.9501,49228.3013,A3,N,N
08/08/2017,11:00,15301.1621,2059.791,2401.5046,1205.3256,14808.5518,8368.0146,4430.9561,1503.3225,50078.6283,A6,N,N
08/08/2017,11:00,15440.4004,1912.62,2366.3101,1079.3,14898,8363.0195,4328.1499,1365.59,49753.3899,E,N,N
08/08/2017,11:00,14169.2998,1794.59,2336.1499,1095.9,14248.5,8111.48,4343.1499,1433.59,47532.6596,E1,N,N
08/08/2017,11:00,15186.7998,1882.84,2340.73,1136.59,14826.2002,8278.96,4345.3999,1426.3199,49423.8398,E2,Y,N
08/08/2017,11:00,15314.7998,1941.22,2347.4199,1095.71,14912.2998,8428.0898,4414.1099,1375.72,49829.3692,E3,N,N
08/08/2017,12:00,15601.3867,1935.5082,2429.9592,1170.7264,15484.6377,8727.293,4682.0566,1557.4202,51588.988,A3,N,N
08/08/2017,12:00,15712.7373,2141.2959,2445.7593,1259.7611,15677.6016,8786.9639,4729.7441,1577.1873,52331.0505,A6,N,N
08/08/2017,12:00,15789.7002,1978.8101,2444.6799,1125.48,15480.2998,8884.0801,4702.3301,1433.8,51839.1802,E,N,N
08/08/2017,12:00,15032.9004,1872.8101,2380.6201,1168.34,15698.4004,8703.75,4670.7598,1475.13,51002.7108,E1,N,N
08/08/2017,12:00,15496.7002,1937.72,2396.3501,1182.15,15570.9004,8777.8896,4698.4102,1455.73,51515.8505,E2,Y,N
08/08/2017,12:00,16141.0996,2014.22,2421.51,1142.04,15722.5,8986.96,4767.1602,1444.3101,52639.7999,E3,N,N
08/08/2017,13:00,16148.0635,1996.778,2474.7529,1219.7578,16210.1152,9241.9541,4942.2744,1611.778,53845.4739,A3,N,N
08/08/2017,13:00,16025.8193,2223.886,2485.7415,1300.2772,16455.0352,9339.0928,5000.7632,1631.4562,54462.0714,A6,N,N
08/08/2017,13:00,16155.7998,2034.78,2495.1299,1156.61,16332.7998,9370.7197,4992.4399,1490.33,54028.6091,E,N,N
08/08/2017,13:00,15960.7002,1931.05,2445.6101,1218.46,15804.5,9320.6699,4941.27,1548.34,53170.6002,E1,N,N
08/08/2017,13:00,15725,2018.1899,2418.3501,1217.99,16208.7002,9281.46,4980.6499,1562.21,53412.5501,E2,Y,N
08/08/2017,13:00,16721.5996,2084.99,2471.1101,1171.16,16259.2002,9516.7998,5042.1802,1498.79,54765.8299,E3,N,N
08/08/2017,14:00,16916.9277,2060.8125,2534.6636,1256.3412,16801.8145,9711.7373,5175.9814,1683.7922,56142.0704,A3,N,N
08/08/2017,14:00,16527.6016,2316.6838,2536.7422,1327.631,17204.2559,9713.8643,5194.2104,1714.2448,56535.234,A6,N,N
08/08/2017,14:00,16721.4004,2104.25,2550.25,1205.89,16948.5,9868.9805,5227.1201,1543.02,56169.411,E,N,N
08/08/2017,14:00,16966.9004,2000.17,2541.9199,1243.5601,16480.1992,9834.4404,5189.46,1615.46,55872.11,E1,N,N
08/08/2017,14:00,16211.2998,2079.51,2482.1699,1268.11,17077.5,9722.0596,5171.8701,1589.24,55601.7594,E2,Y,N
08/08/2017,14:00,16922.8008,2156.51,2527.51,1222.3,16656.1992,10024.0996,5269.0498,1550.8199,56329.2893,E3,N,N
08/08/2017,15:00,16997.2754,2104.1594,2591.6726,1287.5229,17249.9375,10027.1533,5363.6572,1741.0288,57362.4071,A3,N,N
08/08/2017,15:00,17248.2383,2407.2927,2592.4209,1373.03,17773.5977,10025.8184,5404.1304,1762.6219,58587.1503,A6,N,N
08/08/2017,15:00,17038.4004,2153.25,2596.1599,1246.7,17320.1992,10221,5395.1899,1596.97,57567.8694,E,N,N
08/08/2017,15:00,16608.3008,1990.73,2587.73,1284.91,17066.5996,10264.7998,5381.7002,1704.0601,56888.8305,E1,N,N
08/08/2017,15:00,17362.0996,2140.8999,2526.01,1302.1,17541.8008,10067.2998,5397.6201,1633.37,57971.2002,E2,Y,N
08/08/2017,15:00,16828.3008,2202.1899,2571.1899,1262.9301,16952.6992,10401,5445.48,1604.5,57268.2899,E3,N,N
08/08/2017,16:00,16912.5391,2170.3477,2633.9795,1304.1116,17609.6895,10399.5498,5388.7319,1787.0964,58206.0455,A3,N,N
08/08/2017,16:00,17251.9746,2446.7783,2632.9309,1378.3417,18219.5762,10284.248,5422.7788,1807.8477,59444.4762,A6,N,N
08/08/2017,16:00,16942.5,2167.03,2623.4399,1270.23,17454.5,10462.5,5445.1201,1641.1801,58006.5001,E,N,N
08/08/2017,16:00,16843.9004,2051.1001,2589.26,1288.88,17457.0996,10723.7002,5389.6899,1784.3199,58127.9501,E1,N,N
08/08/2017,16:00,17382.5,2204.0701,2567.3501,1310.88,17844.3008,10255.7002,5416.8799,1702.9,58684.5811,E2,Y,N
08/08/2017,16:00,16636.6992,2212.29,2596.6299,1284.46,17128,10653.0996,5495.4199,1644.72,57651.3186,E3,N,N
08/08/2017,17:00,16846.1328,2203.8616,2671.9509,1324.8768,17623.3047,10651.2949,5338.8691,1818.988,58479.2788,A3,N,N
08/08/2017,17:00,17284.6738,2461.2715,2673.304,1360.4553,18437.7793,10756.2334,5415.0366,1839.8619,60228.6158,A6,N,N
08/08/2017,17:00,17449,2185.3501,2653.24,1288.14,17800.1992,10616.0996,5405.75,1657.46,59055.2389,E,N,N
08/08/2017,17:00,16407.5996,2111.45,2631.3799,1368.13,17554.9004,10758.2002,5297.8501,1808.29,57937.8002,E1,N,N
08/08/2017,17:00,17553.6992,2226.1799,2587.3401,1357.9399,18125,10296.7998,5409.3398,1689.1899,59245.4886,E2,Y,N
08/08/2017,17:00,16551.8008,2230.6899,2624.3501,1298.49,17321,10768.2002,5458.0298,1656.83,57909.3908,E3,N,N
08/08/2017,18:00,16763.127,2144.0605,2703.5107,1330.4636,17966.043,10537.1406,5209.8936,1776.2924,58430.5314,A3,N,N
08/08/2017,18:00,17064.9395,2419.9797,2695.4192,1351.4891,18586.7539,10476.0703,5304.5918,1826.8605,59726.104,A6,N,N
08/08/2017,18:00,17021.8008,2157.96,2638.4299,1287.88,17377.0996,10621.2998,5271.6099,1640.63,58016.71,E,N,N
08/08/2017,18:00,16205.5,2044.33,2635.97,1286.75,18051.1992,10625.4004,5212.2402,1771,57832.3898,E1,N,N
08/08/2017,18:00,17439.8008,2130.25,2574.8201,1329.71,17620.6992,10469.4004,5264.48,1654.6801,58483.8406,E2,Y,N
08/08/2017,18:00,16394.3008,2185.9399,2609.1499,1293.41,17242.5,10706.2998,5313,1639.52,57384.1204,E3,N,N
08/08/2017,19:00,16033.7246,2077.9746,2639.322,1298.1697,16953.1387,10150.2461,5033.5762,1737.1462,55923.2981,A3,N,N
08/08/2017,19:00,16171.6475,2331.0317,2650.3569,1308.8771,17630.8242,10161.0605,5132.2769,1773.1368,57159.2116,A6,N,N
08/08/2017,19:00,16301.7998,2107.7,2617.53,1266.9301,17267.5996,10372.7002,5076.6499,1612.1899,56623.0995,E,N,N
08/08/2017,19:00,15576.4004,1981.98,2557.2,1268.74,16346.5996,10464.7002,5053.6099,1716.35,54965.5801,E1,N,N
08/08/2017,19:00,16577.0996,2117.8201,2559.8101,1321.98,17192.0996,10215.2002,5159.0098,1633.79,56776.8094,E2,Y,N
08/08/2017,19:00,15898.9004,2122.1399,2588.3401,1271.12,16877.9004,10461.7998,5104.7798,1609.8199,55934.8003,E3,N,N
08/08/2017,20:00,15386.0557,1986.4286,2575.5564,1230.9613,16197.6396,9726.1563,4832.4087,1714.2262,53649.4328,A3,N,N
08/08/2017,20:00,15358.5645,2243.0752,2583.5034,1233.8726,16725.7148,9804.21,4930.7808,1739.2798,54619.0011,A6,N,N
08/08/2017,20:00,15951,2056.8799,2586.1201,1216.04,16592.6992,9955.9697,4881.48,1592.3199,54832.5088,E,N,N
08/08/2017,20:00,15517,1825.38,2514.8601,1190.3101,16120,9989.6797,4896.3999,1699.76,53753.3898,E1,N,N
08/08/2017,20:00,16335.5,1979.48,2496.51,1281.84,16814.8008,9864.7598,4941.8501,1587.0699,55301.8106,E2,Y,N
08/08/2017,20:00,15392.0996,2064.1399,2554.3,1223.16,16456.5996,10042.2002,4924.3999,1591.52,54248.4192,E3,N,N
08/08/2017,21:00,15214.6387,1952.6464,2505.0864,1185.9652,16154.4658,9517.6963,4706.8926,1681.1637,52918.5551,A3,N,N
08/08/2017,21:00,15113.208,2188.7188,2515.7368,1184.9088,16539.3711,9560.3809,4824.0381,1699.5575,53625.92,A6,N,N
08/08/2017,21:00,15801.7998,2057.1599,2541.8501,1200.15,16564.5,9681.9697,4795.3599,1571.89,54214.6794,E,N,N
08/08/2017,21:00,15123.7998,1875.73,2462.03,1191.2,16281.9004,9791.2002,4694.71,1688.28,53108.8504,E1,N,N
08/08/2017,21:00,15718.2002,2030.51,2480.6699,1243.22,16339.2998,9679.1104,4855.5898,1562.35,53908.9501,E2,Y,N
08/08/2017,21:00,15286.5996,2062.3101,2509.6599,1208.84,16171.0996,9775.0303,4838.4199,1567.4,53419.3594,E3,N,N
08/08/2017,22:00,14841.5576,1884.9204,2468.3252,1154.277,15619.4355,9252.3223,4576.8506,1657.4004,51455.089,A3,N,N
08/08/2017,22:00,14701.1094,2110.6958,2474.7627,1140.9579,15961.6709,9275.3438,4676.5752,1684.6436,52025.7593,A6,N,N
08/08/2017,22:00,15106.2998,1992.55,2508.0901,1159.67,16065.5996,9295.5596,4649.6499,1539.8101,52317.2291,E,N,N
08/08/2017,22:00,14770,1817.77,2398.04,1172.98,15611.2998,9310.4502,4588.4502,1664.9399,51333.9301,E1,N,N
08/08/2017,22:00,15170.7002,1955.74,2462.78,1205.95,16126.9004,9276.8799,4678.9399,1516.1,52393.9904,E2,Y,N
08/08/2017,22:00,14817.2998,1992.1,2478.3701,1167.2,15687.5996,9358.1201,4703.04,1533.49,51737.2196,E3,N,N
08/08/2017,23:00,14190.8145,1773.6189,2392.9346,1068.1353,14684.5859,8514.9189,4307.4839,1580.364,48512.856,A3,N,N
08/08/2017,23:00,14037.6143,1975.0994,2397.4258,1056.8492,14889.2783,8458.3057,4372.1294,1576.7266,48763.4287,A6,N,N
08/08/2017,23:00,14478.7002,1838.66,2436.1001,1081.4399,14758.9004,8589.3799,4347.8799,1438.3199,48969.3803,E,N,N
08/08/2017,23:00,14002.2002,1754.59,2349.02,1128.21,14668.5996,8649.6504,4246.1401,1566.86,48365.2703,E1,N,N
08/08/2017,23:00,14359.5,1824.95,2407.1499,1127.02,14820.4004,8686.5596,4394.0298,1396.02,49015.6297,E2,Y,N
08/08/2017,23:00,13956.5996,1843.88,2404.0601,1089.3,14572.5996,8618.6396,4402.3999,1433.85,48321.3288,E3,N,N
08/08/2017,24:00,13341.748,1600.9795,2296.8269,982.7723,13506.9521,7813.4121,4002.1775,1496.9744,45041.8428,A3,N,N
08/08/2017,24:00,13203.6875,1749.9706,2297.4192,992.0004,13697.6758,7716.8589,4023.6597,1499.6326,45180.9047,A6,N,N
08/08/2017,24:00,13424.0996,1689.01,2360.1001,990.814,13586.0996,7848.96,4022.71,1327.2,45248.9933,E,N,N
08/08/2017,24:00,13029.4004,1537.85,2273.6499,1069.42,13358.2998,7944.0298,3940.9299,1456.85,44610.4298,E1,N,N
08/08/2017,24:00,13273.2998,1662.9301,2317,1049.42,13671.7002,7893.5,4063.98,1324.7,45256.5301,E2,Y,N
08/08/2017,24:00,13060.5,1693.4399,2331.01,993.839,13354,7844.8599,4063.47,1330.86,44671.9788,E3,N,N
08/09/2017,1:00,12543.0928,1487.9019,2207.1758,918.6125,12486.1123,7111.1191,3710.3577,1403.007,41867.3791,A3,N,N
08/09/2017,1:00,12624.0703,1642.889,2200.1245,938.1494,12695.3301,7024.9824,3758.9536,1382.2825,42266.7818,A6,N,N
08/09/2017,1:00,12480.9004,1569.0601,2288.49,908.978,12574.7998,7191.75,3722.7,1233.17,41969.8483,E,N,N
08/09/2017,1:00,12186.2002,1468.05,2216.1299,995.854,12340.2998,7272.25,3660.1499,1381.39,41520.3238,E1,N,N
08/09/2017,1:00,12460.5,1546.59,2234.8201,972.488,12727.2002,7106.9502,3743.22,1256.4,42048.1685,E2,Y,N
08/09/2017,1:00,12265.5,1589.4,2261.48,916.753,12322,7151.4702,3760.3601,1233.76,41500.7233,E3,N,N
08/09/2017,2:00,11857.6826,1409.9578,2161.991,906.9737,11752.8799,6653.8896,3508.6528,1350.0457,39602.0731,A3,N,N
08/09/2017,2:00,12095.6104,1546.451,2148.3777,935.6526,11890.4688,6501.8169,3548.2327,1322.1151,39988.7252,A6,N,N
08/09/2017,2:00,11891.5,1483.62,2231.6499,849.017,11842.9004,6709.1499,3503.3201,1173.58,39684.7373,E,N,N
08/09/2017,2:00,11638.5996,1402.4399,2169.1799,888.607,11631.9004,6668.1899,3472.24,1244.8199,39115.9766,E1,N,N
08/09/2017,2:00,11846.2998,1476.66,2181.95,919.943,11982,6556.98,3548.27,1198.49,39710.5928,E2,Y,N
08/09/2017,2:00,11689.5996,1507.05,2207.8301,858.991,11557.2002,6658.5698,3530.1699,1161.7,39171.1106,E3,N,N
08/09/2017,3:00,11672.248,1364.5031,2130.3857,879.4199,11217.4385,6287.9966,3355.2009,1316.8234,38224.0161,A3,N,N
08/09/2017,3:00,11829.8867,1495.3052,2116.6062,914.8702,11287.9951,6141.9258,3390.1553,1279.3763,38456.1208,A6,N,N
08/09/2017,3:00,11488.0996,1416.59,2205.54,811.326,11253.5,6373.2598,3339.1499,1129.85,38017.3153,E,N,N
08/09/2017,3:00,11244.0996,1330.75,2139.3999,878.091,10947.5,6286.3599,3293.4299,1277.27,37396.9003,E1,N,N
08/09/2017,3:00,11546.2002,1403.9399,2141.6201,888.158,11322.9004,6309.29,3384.45,1151.83,38148.3886,E2,Y,N
08/09/2017,3:00,11314.7998,1449.99,2181.03,822.651,11099.2998,6316.1001,3367.4399,1110.92,37662.2306,E3,N,N
08/09/2017,4:00,11418.4473,1353.2634,2114.7798,855.277,10943.9072,6071.1665,3243.2124,1291.6948,37291.7484,A3,N,N
08/09/2017,4:00,11528.001,1474.0317,2096.9209,879.1254,10996.2949,6010.082,3269.4158,1256.6073,37510.479,A6,N,N
08/09/2017,4:00,11306.2002,1376.1,2185.8201,798.344,11040.7998,6153.98,3233.96,1114.25,37209.4541,E,N,N
08/09/2017,4:00,10986.5996,1288.0699,2129.97,833.657,10753.9004,6065.3398,3199.6799,1252.29,36509.5066,E1,N,N
08/09/2017,4:00,11344.7998,1372.0601,2118.75,853.74,11088.2002,6191.3999,3256.71,1109.4,37335.06,E2,Y,N
08/09/2017,4:00,11127.7998,1408.65,2162.0901,806.718,10814.0996,6114.73,3269,1092.48,36795.5675,E3,N,N
08/09/2017,5:00,11611.4531,1360.7717,2100.1912,837.1178,10725.3213,6015.6294,3167.6357,1287.3088,37105.429,A3,N,N
08/09/2017,5:00,11693.8789,1475.2607,2081.4023,860.3358,10723.292,5963.0405,3215.0305,1254.3639,37266.6046,A6,N,N
08/09/2017,5:00,11345.5,1379.01,2179.3999,798.369,11048.5996,6077.7002,3193.96,1113.35,37135.8887,E,N,N
08/09/2017,5:00,11135,1306.92,2111.8601,851.679,10621.2002,6016.1201,3093.8101,1280.55,36417.1395,E1,N,N
08/09/2017,5:00,11381.5,1368.61,2115.8601,869.337,11167.0996,6065.6001,3221.3701,1113.1801,37302.557,E2,Y,N
08/09/2017,5:00,11190.2002,1406.95,2157.4399,814.488,10838.5996,6049.5,3237.8701,1092.9399,36787.9877,E3,N,N
08/09/2017,6:00,12009.1768,1421.3091,2105.9136,852.4585,11243.0713,6184.1479,3160.2168,1304.6003,38280.8943,A3,N,N
08/09/2017,6:00,12081.1016,1527.1239,2102.366,887.3921,11179.4551,6132.7632,3246.7488,1266.4697,38423.4204,A6,N,N
08/09/2017,6:00,11792.7998,1455.5601,2187.47,827.213,11614.0996,6287.02,3243.8501,1136.27,38544.2826,E,N,N
08/09/2017,6:00,11462.7998,1350.6,2134.3601,867.679,11254.7002,6229.8999,3076.22,1226.38,37602.639,E1,N,N
08/09/2017,6:00,11855.2002,1474.11,2139.77,924.771,11568.2998,6305.3301,3257.6799,1113.86,38639.021,E2,Y,N
08/09/2017,6:00,11633.7002,1475.4399,2166.6399,849.941,11341.5996,6260.6899,3290.3899,1115.52,38133.9204,E3,N,N
08/09/2017,7:00,12611.4473,1503.3842,2153.5015,877.546,11988.5117,6551.8979,3313.3469,1351.1603,40350.7958,A3,N,N
08/09/2017,7:00,12692.7988,1629.1631,2157.6338,916.0352,12022.0459,6602.8257,3422.9517,1311.7769,40755.2311,A6,N,N
08/09/2017,7:00,12420.4004,1610.27,2216.3701,888.918,12390.0996,6747.6001,3415.25,1193.85,40882.7582,E,N,N
08/09/2017,7:00,11861.2998,1485.8101,2182.3799,873.531,12088.2002,6671.3198,3345.73,1265.29,39773.5608,E1,N,N
08/09/2017,7:00,12530.7998,1598.89,2176.6799,987.807,12298.2998,6767.25,3394.3701,1207.99,40962.0866,E2,Y,N
08/09/2017,7:00,12224.5996,1621.2,2198.3101,930.924,12187.7002,6724.2402,3455.4399,1179.64,40522.054,E3,N,N
08/09/2017,8:00,12645.3574,1553.9254,2176.3999,901.9311,12542.5625,6724.1519,3362.032,1368.4939,41274.8541,A3,N,N
08/09/2017,8:00,12716.9326,1648.6931,2183.9778,937.9491,12648.9873,6778.8887,3471.1587,1324.453,41711.0403,A6,N,N
08/09/2017,8:00,12616.7998,1650.85,2230.8301,909.746,12848.7998,6907.4502,3461.29,1225.86,41851.6259,E,N,N
08/09/2017,8:00,11905.5,1498.59,2170.8301,925.883,12623.2998,6822.3799,3369.72,1311.37,40627.5728,E1,N,N
08/09/2017,8:00,12679.2002,1587.37,2186.48,952.809,12833.2998,7008.79,3474.23,1224.8199,41946.9989,E2,Y,N
08/09/2017,8:00,12414.0996,1660.24,2210.1299,956.28,12682,6873.8501,3500.5601,1211.88,41509.0397,E3,N,N
08/09/2017,9:00,13194.1895,1633.1937,2229.8892,962.8829,13167.8408,6976.8979,3527.7974,1386.0471,43078.7385,A3,N,N
08/09/2017,9:00,13280.4395,1722.1318,2242.3162,1006.703,13343.2402,6969.9424,3610.0867,1328.8403,43503.7001,A6,N,N
08/09/2017,9:00,13173.2998,1705.47,2261.23,950.236,13452.5,7213.54,3633.51,1246.92,43636.7058,E,N,N
08/09/2017,9:00,12412.2998,1570.4301,2234.3201,965.776,13098.2002,7043.9102,3539.3101,1333.9,42198.1465,E1,N,N
08/09/2017,9:00,13160.9004,1634.53,2231.9299,1036.1,13368.4004,7239.71,3640.3301,1253.38,43565.2808,E2,Y,N
08/09/2017,9:00,13040.4004,1725.71,2240.45,1006.05,13311.4004,7160.5698,3644.8701,1237.38,43366.8307,E3,N,N
08/09/2017,10:00,13883.9199,1699.8108,2299.8052,1056.5172,14010.3389,7428.6221,3755.2139,1424.0011,45558.2291,A3,N,N
08/09/2017,10:00,14023.7764,1826.127,2322.48,1125.5325,14181.7139,7502.4321,3832.4187,1373.8357,46188.3163,A6,N,N
08/09/2017,10:00,13963.7002,1798.12,2325.23,1011.68,14218.4004,7736.2998,3903.8701,1298.48,46255.7805,E,N,N
08/09/2017,10:00,13265.2998,1676.22,2300.72,1051.13,13711.9004,7526.6201,3822.45,1406.51,44760.8503,E1,N,N
08/09/2017,10:00,13799.5996,1741.4,2277.45,1067.29,14190.2998,7720.6001,3867.0901,1301.72,45965.4496,E2,Y,N
08/09/2017,10:00,13979.5996,1812.62,2304.6001,1089.66,14264.0996,7658.9902,3886.8501,1289.28,46285.6996,E3,N,N
08/09/2017,11:00,14856.0352,1807.5197,2378.4272,1129.4629,15004.6748,8035.9434,4044.5459,1492.5117,48749.1208,A3,N,N
08/09/2017,11:00,14977.375,1988.0542,2403.6541,1210.7415,15204.1689,8175.3838,4149.8906,1460.4663,49569.7344,A6,N,N
08/09/2017,11:00,15061.4004,1894.24,2404.72,1077.11,15245.5996,8403.5,4224.5801,1365.98,49677.1301,E,N,N
08/09/2017,11:00,14207.7002,1808.5,2382.54,1139.73,14869.9004,8169.5898,4118,1446.46,48142.4204,E1,N,N
08/09/2017,11:00,14906.0996,1794.89,2354.24,1184.79,15277.2002,8315.4199,4167.8198,1388.26,49388.7195,E2,Y,N
08/09/2017,11:00,14935.2002,1903.41,2382.4099,1170.1899,15366.7002,8301.4004,4104.9702,1367.9399,49532.2207,E3,N,N
08/09/2017,12:00,15641.127,1874.3436,2456.4346,1194.9547,16015.1895,8640.5732,4361.3135,1562.0076,51745.9437,A3,N,N
08/09/2017,12:00,15793.8926,2105.0378,2464.7676,1273.7825,16275.541,8777.4395,4446.5132,1550.8301,52687.8043,A6,N,N
08/09/2017,12:00,15776.4004,1991.59,2490.26,1138.5,16331.5,9058.9199,4602.71,1440.72,52830.6003,E,N,N
08/09/2017,12:00,15159.5996,1853.5699,2421.47,1243.25,16573,8837.8398,4512.1802,1490.11,52091.0195,E1,N,N
08/09/2017,12:00,15744,1921.4399,2440.03,1216.84,16414.8008,8936.9404,4559.27,1476.3,52709.6211,E2,Y,N
08/09/2017,12:00,15781.5996,1998.41,2464.1101,1247.45,16442.6992,8922.8604,4532.1099,1454.02,52843.2592,E3,N,N
08/09/2017,13:00,16267.29,1957.3008,2516.8774,1261.041,16966.1445,9126.5771,4596.4551,1633.5702,54325.2561,A3,N,N
08/09/2017,13:00,16286.6201,2196.2104,2522.8193,1326.6514,17241.2832,9248.1689,4695.9341,1621.0383,55138.7257,A6,N,N
08/09/2017,13:00,16562.9004,2068.9399,2555.1899,1185.42,17331,9671.0303,4907.4399,1509.3101,55791.2305,E,N,N
08/09/2017,13:00,16139.2002,1953.1,2517.3601,1303.0601,16891.8008,9433.8496,4695.3398,1571.8,54505.5106,E1,N,N
08/09/2017,13:00,16365.2998,1971.23,2511.1299,1257.37,17343.6992,9624.6396,4851.9702,1573.42,55498.7587,E2,Y,N
08/09/2017,13:00,16371.5996,2076.29,2527.5801,1303.84,17349.5,9513.1201,4870.3301,1533.02,55545.2799,E3,N,N
08/09/2017,14:00,16834.0293,2049.804,2586.7693,1319.3783,17869.1484,9687.5996,4883.0801,1723.3391,56953.1481,A3,N,N
08/09/2017,14:00,16763.6738,2306.9597,2590.7957,1375.7134,18189.7305,9755.4463,4939.4106,1723.7369,57645.4669,A6,N,N
08/09/2017,14:00,17197.8008,2163.0601,2624.26,1241.63,18263.9004,10235.2998,5144.5098,1576.41,58446.8709,E,N,N
08/09/2017,14:00,17034.9004,2024.33,2605.05,1382.92,17982,10068,5070.6699,1439.49,57607.3603,E1,N,N
08/09/2017,14:00,17039.5996,2095.24,2568.1101,1302.83,18469.5996,10014,5056.8901,1636.58,58182.8494,E2,Y,N
08/09/2017,14:00,16737.4004,2170.1699,2599.1001,1366.1899,18138.0996,10060.2998,5126.71,1617.92,57815.8897,E3,N,N
08/09/2017,15:00,17325.6777,2136.3826,2658.2305,1368.814,18510.4121,10049.4482,5058.2427,1792.3087,58899.5165,A3,N,N
08/09/2017,15:00,17511.5313,2404.7258,2662.8936,1438.3556,18962.7051,10066.8174,5122.1104,1786.0638,59955.203,A6,N,N
08/09/2017,15:00,17871.5,2226.6001,2680.8799,1288.09,18855.1992,10645.5,5315.2998,1640.95,60524.019,E,N,N
08/09/2017,15:00,17138.4004,2023.35,2662.3101,1394.17,18597,10506.5996,5234.77,1631.72,59188.3201,E1,N,N
08/09/2017,15:00,17877.0996,2177.95,2627.8,1352.45,19100.4004,10429.2002,5275.77,1692.73,60533.4002,E2,Y,N
08/09/2017,15:00,16806.0996,2238.77,2653.28,1418.15,18750.5996,10480.2002,5291.79,1691.84,59330.7294,E3,N,N
08/09/2017,16:00,16969.6777,2229.0352,2709.8555,1401.8949,19232.0684,10364.8281,5217.3452,1845.7227,59970.4277,A3,N,N
08/09/2017,16:00,17525.5957,2438.3328,2707.033,1464.5707,19714.707,10313.3916,5275.8594,1840.0846,61279.5748,A6,N,N
08/09/2017,16:00,17797,2254.3701,2718.23,1313.76,19350.4004,10930.2998,5382.4902,1690.0699,61436.6204,E,N,N
08/09/2017,16:00,16931.3008,2082.9299,2674.6699,1445.8,19467.5,10893.5996,5280.6099,1755.74,60532.1501,E1,N,N
08/09/2017,16:00,17966.9004,2201.1001,2667.1799,1389.01,19571.8008,10620.2002,5317.3398,1739.3101,61472.8413,E2,Y,N
08/09/2017,16:00,16874.5996,2277.1201,2691.3301,1446.61,19261.9004,10779.5,5385.6899,1742.05,60458.8001,E3,N,N
08/09/2017,17:00,17020.2246,2247.8513,2758.96,1426.2719,19394.4883,10574.5508,5183.6904,1881.8876,60487.9249,A3,N,N
08/09/2017,17:00,17565.3184,2442.9839,2752.8403,1455.5364,20120.7324,10530.6309,5272.0112,1876.1466,62016.2001,A6,N,N
08/09/2017,17:00,18004.1992,2279.6599,2754.3601,1333.0699,19833.1992,11098.7998,5354.1201,1711.55,62368.9582,E,N,N
08/09/2017,17:00,16624.5996,2154.6201,2721.3201,1436.79,19666.0996,10896.5,5210.79,1809.33,60520.0494,E1,N,N
08/09/2017,17:00,18144.0996,2203.6201,2681.22,1332.48,20013.6992,10814.4004,5304.46,1747.52,62241.4993,E2,Y,N
08/09/2017,17:00,16939,2312.4299,2725.1899,1465.35,19619.9004,10970.2002,5378.8901,1767.0699,61178.0304,E3,N,N
08/09/2017,18:00,17234.6738,2274.6675,2767.1897,1421.2577,19373.8281,10667.4111,5081.2085,1855.552,60675.7884,A3,N,N
08/09/2017,18:00,17501.4805,2484.4128,2764.644,1429.8851,20068.4531,10544.9521,5240.0322,1875.0656,61908.9254,A6,N,N
08/09/2017,18:00,17746.5,2248.03,2752.99,1331.08,19608.3008,11105.4004,5227.1001,1705.88,61725.2813,E,N,N
08/09/2017,18:00,16863.5,2138.1699,2700.0601,1386.86,19599.8008,11057.5,5015.04,1738.4,60499.3308,E1,N,N
08/09/2017,18:00,18031.3008,2220.3201,2687.25,1332.71,19697.4004,10969,5178.3799,1748.46,61864.8212,E2,Y,N
08/09/2017,18:00,16792.9004,2295.04,2725.52,1455.05,19672.5996,10984.0996,5263.8501,1760.12,60949.1797,E3,N,N
08/09/2017,19:00,16479.8379,2195.4778,2745.4653,1376.0027,18517.0156,10251.2568,4892.1118,1801.8075,58258.9754,A3,N,N
08/09/2017,19:00,16644.1738,2389.8552,2741.479,1380.3317,19106.041,10205.7578,5043.7505,1822.3131,59333.7021,A6,N,N
08/09/2017,19:00,16967.3008,2189.0901,2731.9199,1302.1801,19060.5996,10876.2002,5040.02,1676.46,59843.7707,E,N,N
08/09/2017,19:00,15769.5,1994.51,2697.47,1343.59,18209.0996,10716.5996,4848.8501,1694.3,57273.9193,E1,N,N
08/09/2017,19:00,17457.8008,2161.4299,2663.3,1364.79,19143.3008,10750.5,5070.6899,1730.86,60342.6714,E2,Y,N
08/09/2017,19:00,16312.7002,2215.2,2702.54,1408.74,19307.6992,10755.7998,5052.7798,1728.88,59484.339,E3,N,N
08/09/2017,20:00,15866.7803,2107.7188,2669.8088,1300.0151,17680.377,9813.0859,4693.396,1778.3783,55909.5602,A3,N,N
08/09/2017,20:00,16008.0273,2297.5308,2674.3792,1300.7952,18126.9199,9889.4961,4840.6279,1796.5232,56934.2996,A6,N,N
08/09/2017,20:00,16526.9004,2112,2681.71,1241.24,18340,10399,4839.1802,1645.33,57785.3606,E,N,N
08/09/2017,20:00,15663.7998,2015.12,2620.72,1256.4399,17754.4004,10231.5,4671.7598,1732.58,55946.3199,E1,N,N
08/09/2017,20:00,16849.0996,2059.3,2616.8201,1296.76,18487,10325.7998,4849.54,1664.4,58148.7195,E2,Y,N
08/09/2017,20:00,15759,2136.6201,2651.51,1343.55,18459.4004,10272.9004,4837.3398,1693.02,57153.3407,E3,N,N
08/09/2017,21:00,15598.416,2049.4026,2589.6418,1233.5867,17072.8516,9518.5381,4611.269,1731.8055,54405.5113,A3,N,N
08/09/2017,21:00,15681.6846,2232.2693,2603.4492,1227.6676,17448.5293,9674.0352,4762.8457,1749.0271,55379.508,A6,N,N
08/09/2017,21:00,16075.7998,2098.3,2618.29,1206.08,17874.3008,9995.0195,4747.9399,1617.1899,56232.9199,E,N,N
08/09/2017,21:00,15408.5996,1952.21,2559.4399,1245.34,17074,9925.96,4564.1099,1676.75,54406.4094,E1,N,N
08/09/2017,21:00,16182.4004,2069.8,2561.55,1244.79,17723,9999.0195,4763.7998,1630.1899,56174.5496,E2,Y,N
08/09/2017,21:00,15584.2998,2124.78,2586.95,1301.5601,17789.9004,9877.7197,4748.2798,1649.49,55662.9798,E3,N,N
08/09/2017,22:00,15320.4063,1987.5125,2549.4097,1208.0321,16658.0801,9227.1367,4484.8232,1714.4669,53149.8675,A3,N,N
08/09/2017,22:00,15411.5156,2148.5359,2561.6741,1183.4119,16840.7441,9376.3242,4607.8184,1738.0707,53868.0949,A6,N,N
08/09/2017,22:00,15490.4004,2020.74,2580.3899,1160,17168.6992,9560.8604,4602.8398,1580.53,54164.4597,E,N,N
08/09/2017,22:00,15089.0996,1917.95,2509.1599,1221.03,16624.3008,9444,4440.23,1710.9,52956.6703,E1,N,N
08/09/2017,22:00,15570.2998,1965.53,2526.8101,1222.49,17325.0996,9571.96,4574.6499,1570.3199,54327.1593,E2,Y,N
08/09/2017,22:00,15113.4004,2045.33,2553.27,1240.86,17076.9004,9432.7803,4590.48,1608.74,53661.7611,E3,N,N
08/09/2017,23:00,14426.5234,1855.5305,2459.5476,1106.525,15338.1709,8445.9668,4225.3887,1641.481,49499.1339,A3,N,N
08/09/2017,23:00,14485.0596,1995.9366,2476.2876,1085.9005,15421.3438,8505.9385,4306.209,1640.7262,49917.4018,A6,N,N
08/09/2017,23:00,14629.5996,1867.39,2492.01,1084.78,15920.9004,8816.5801,4317.3701,1481.73,50610.3602,E,N,N
08/09/2017,23:00,14131.5996,1784.6801,2422.8,1122.0601,15333.7998,8735.9297,4124.1099,1623.89,49278.8692,E1,N,N
08/09/2017,23:00,14631.2002,1853.47,2462.4199,1118.64,15844.5,8926.8896,4331.4502,1470.51,50639.0799,E2,Y,N
08/09/2017,23:00,14268.5,1896.53,2466.6399,1152.76,15708.7002,8708.7197,4311.29,1508.02,50021.1598,E3,N,N
08/09/2017,24:00,13443.2832,1668.4668,2356.6174,1017.3707,13962.5898,7711.7954,3922.3083,1546.9825,45629.4141,A3,N,N
08/09/2017,24:00,13447.7793,1765.2755,2375.1353,1015.0998,14027.6602,7808.2319,3959.0688,1553.5111,45951.7619,A6,N,N
08/09/2017,24:00,13501.0996,1705.1,2398.05,994.482,14429,8004.3901,3988.79,1368.97,46389.8817,E,N,N
08/09/2017,24:00,13124.0996,1587.08,2335.25,1068.92,13868.5,8029.02,3847.0801,1527.88,45387.8297,E1,N,N
08/09/2017,24:00,13506.5,1688.62,2349.04,1039.5,14503.7002,8069,3992.52,1377.36,46526.2402,E2,Y,N
08/09/2017,24:00,13278.5996,1743.14,2377.76,1048.24,14254.5996,7919.1699,4000.3201,1392.0699,46013.8991,E3,N,N
08/10/2017,1:00,12751.7861,1555.8695,2262.8689,946.0958,12867.46,7054.7998,3648.27,1445.0278,42532.1779,A3,N,N
08/10/2017,1:00,12904.2861,1648.1338,2278.4509,953.5056,12915.1426,7166.123,3696.9771,1428.9858,42991.6049,A6,N,N
08/10/2017,1:00,12578.2002,1581.91,2311.1399,910.522,13274.2002,7322.8799,3697.24,1277.6,42953.6922,E,Y,N
08/10/2017,1:00,12352.7998,1535.15,2268.05,995.54,12747.2002,7419.4502,3586.6599,1483.11,42387.9601,E1,N,N
08/10/2017,1:00,12667.7002,1574.58,2267.3201,963.635,13425.9004,7278.1401,3681.47,1300.96,43159.7058,E2,N,N
08/10/2017,1:00,12456.9004,1626.25,2295.0901,973.251,13040.4004,7262.6001,3734.48,1302.83,42691.802,E3,N,N
08/10/2017,2:00,12146.0625,1482.8639,2215.5071,926.3998,12103.7979,6692.8955,3448.582,1388.0497,40404.1584,A3,N,N
08/10/2017,2:00,12235.2715,1540.8931,2225.6707,947.4645,12067.1738,6726.7446,3486.8118,1368.3145,40598.3445,A6,N,N
08/10/2017,2:00,11981.0996,1493.1899,2244,852.576,12485.2998,6820.8101,3492.25,1216.28,40585.5054,E,Y,N
08/10/2017,2:00,11889.7998,1480.34,2199.6799,875.925,11960.4004,6935.6001,3393.4199,1374.02,40109.1851,E1,N,N
08/10/2017,2:00,11989.7998,1496.38,2228.53,913.231,12593.0996,6769.8799,3495.6101,1247.51,40734.0404,E2,N,N
08/10/2017,2:00,11828.5,1533.1899,2231.3999,922.293,12225.0996,6776.4702,3524.54,1240.85,40282.3426,E3,N,N
08/10/2017,3:00,11828.2236,1427.2042,2187.8113,903.1072,11467.3223,6396.6841,3294.1287,1346.127,38850.6084,A3,N,N
08/10/2017,3:00,11922.3633,1489.7291,2194.0823,929.7202,11424.2656,6353.98,3328.7363,1317.6107,38960.4875,A6,N,N
08/10/2017,3:00,11568.2998,1420.64,2205.6101,817.094,11700.2002,6484.1001,3342.23,1170.34,38708.5142,E,Y,N
08/10/2017,3:00,11407.2998,1394.9301,2194.95,863.174,11347,6553.5698,3232.9299,1369.8101,38363.6637,E1,N,N
08/10/2017,3:00,11685.4004,1412.9301,2178.97,875.948,11798.5996,6463.7402,3324.6599,1162.99,38903.2382,E2,N,N
08/10/2017,3:00,11438.2002,1465.53,2193.52,895.245,11645.7002,6450.1499,3382.9099,1198.58,38669.8352,E3,N,N
08/10/2017,4:00,11566.5186,1413.446,2162.5703,884.7701,11244.8604,6209.3862,3209.1248,1317.8853,38008.5617,A3,N,N
08/10/2017,4:00,11709.4482,1471.2441,2165.0554,896.8744,11182.7012,6188.6558,3225.97,1291.8402,38131.7893,A6,N,N
08/10/2017,4:00,11325.0996,1381.25,2183.1599,805.594,11402,6249.3101,3247.9199,1151.76,37746.0935,E,Y,N
08/10/2017,4:00,11182.2002,1365.38,2163.5801,850.032,11298.5996,6305.7598,3184.75,1354.12,37704.4217,E1,N,N
08/10/2017,4:00,11409.0996,1403.02,2147.22,854.362,11537.2998,6303.5498,3220.3201,1151.54,38026.4113,E2,N,N
08/10/2017,4:00,11207.9004,1423.54,2170.03,877.028,11336,6219.77,3280.3101,1178.87,37693.4485,E3,N,N
08/10/2017,5:00,11545.1865,1417.6702,2146.6697,861.2166,11136.8232,6106.2603,3143.0576,1306.6675,37663.5516,A3,N,N
08/10/2017,5:00,11656.0791,1460.3942,2144.5276,876.9175,11045.4551,6086.3843,3174.2061,1286.3069,37730.2708,A6,N,N
08/10/2017,5:00,11316.7998,1383.84,2171.78,802.907,11438.2002,6145.4199,3212.3501,1141.48,37612.777,E,Y,N
08/10/2017,5:00,11167.0996,1372.01,2145.3501,848.976,11236.2002,6175.3901,3065.79,1302.24,37313.056,E1,N,N
08/10/2017,5:00,11381.5,1362.79,2139.6899,846.432,11404.5,6148.8599,3179.74,1148.28,37611.7918,E2,N,N
08/10/2017,5:00,11235,1423.1899,2160.1899,879.027,11326,6124.7998,3221.8701,1167.33,37537.4067,E3,N,N
08/10/2017,6:00,11893.3115,1453.3354,2143.3948,870.3405,11466.6152,6195.6572,3137.7729,1313.5547,38473.9822,A3,N,N
08/10/2017,6:00,11982.957,1499.0479,2154.4861,899.9492,11388.5518,6142.9565,3201.3298,1278.1814,38547.4597,A6,N,N
08/10/2017,6:00,11737.7998,1455.34,2177.79,830.101,11890.2002,6330.46,3265.5601,1159.6801,38846.9312,E,Y,N
08/10/2017,6:00,11549.7002,1409.2,2158.4099,855.893,11596.7998,6290.5601,3059.26,1273.3,38193.123,E1,N,N
08/10/2017,6:00,11845.5996,1492.8199,2149,957.069,11827.2998,6355.52,3196.75,1152.5699,38976.6282,E2,N,N
08/10/2017,6:00,11661.7002,1491.49,2166.8101,906.68,11735.5,6319.6699,3265.26,1186.3199,38733.4301,E3,N,N
08/10/2017,7:00,12208.6777,1537.6797,2166.2095,896.7402,11960.585,6491.4214,3231.0129,1352.6823,39845.0087,A3,N,N
08/10/2017,7:00,12427.7803,1595.9542,2190.0447,926.0729,11965.4238,6509.5659,3338.4907,1311.6056,40264.9381,A6,N,N
08/10/2017,7:00,12363.4004,1608.33,2209.0601,888.287,12674.2998,6761.3999,3450.52,1209.28,41164.5772,E,Y,N
08/10/2017,7:00,11733,1526.23,2224.95,875.097,12257.5996,6587.6099,3257.1299,1353.08,39814.6964,E1,N,N
08/10/2017,7:00,12458.7998,1617.38,2189.28,965.291,12534.7998,6833.8198,3358.29,1226.23,41183.8904,E2,N,N
08/10/2017,7:00,12220.5,1639.78,2200.97,976.735,12541.7998,6757.8599,3429.78,1233.3101,41000.7348,E3,N,N
08/10/2017,8:00,12715.3926,1588.7836,2181.9045,922.1697,12667.251,6671.1245,3300.3831,1377.7662,41424.7752,A3,N,N
08/10/2017,8:00,12748.5391,1642.7695,2205.6123,948.4793,12658.1514,6772.5776,3417.46,1332.7098,41726.299,A6,N,N
08/10/2017,8:00,12637.2002,1653.87,2222.76,914.651,12953.5996,6910.75,3489.8799,1231.59,42014.3007,E,Y,N
08/10/2017,8:00,12213.7002,1571.59,2199.95,915.381,12901.9004,6863.9102,3353.1001,1365.98,41385.5119,E1,N,N
08/10/2017,8:00,12667.2998,1615.4,2201.9199,944.209,13010.9004,7026.4502,3453,1234.52,42153.6993,E2,N,N
08/10/2017,8:00,12429.2002,1686.99,2213.9299,1001.01,12919.2998,6886.3999,3482.3999,1249.08,41868.3097,E3,N,N
08/10/2017,9:00,13370.7451,1688.2108,2236.4985,994.1237,13394.0518,7038.9893,3503.7612,1402.1373,43628.5177,A3,N,N
08/10/2017,9:00,13393.9297,1745.0616,2259.7024,1022.9666,13440.3203,7039.606,3592.5945,1343.3348,43837.5159,A6,N,N
08/10/2017,9:00,13280.2002,1721.28,2264.0901,955.84,13766.7998,7308.0898,3619.8501,1262.14,44178.29,E,Y,N
08/10/2017,9:00,12748.4004,1685.76,2254.6699,974.49,13428.4004,7213.25,3555.9399,1392.9301,43253.8407,E1,N,N
08/10/2017,9:00,13294.7998,1685.5,2255.6399,1015.71,13716.5996,7352.1201,3597.01,1279.5699,44196.9493,E2,N,N
08/10/2017,9:00,13091.5,1773.59,2254.04,1046.97,13568.7998,7257.3701,3658.9099,1277.04,43928.2198,E3,N,N
08/10/2017,10:00,14189.7324,1809.7053,2321.3318,1095.1959,14507.2188,7611.249,3789.0945,1450.5765,46774.1042,A3,N,N
08/10/2017,10:00,14331.0498,1871.9626,2346.1709,1148.0199,14656.5283,7643.981,3856.4773,1404.8982,47259.088,A6,N,N
08/10/2017,10:00,14111,1821.55,2336.8999,1020.46,14811.4004,7889.6499,3866.0701,1319.52,47176.5503,E,Y,N
08/10/2017,10:00,13616.0996,1784.73,2324.3101,1052.62,14481.4004,7789.9199,3799.26,1440.17,46288.51,E1,N,N
08/10/2017,10:00,14082.2998,1797.8101,2315.55,1067.85,14741.7998,7939.4502,3853.8,1358.38,47156.9399,E2,N,N
08/10/2017,10:00,13980.5,1887.74,2325.3401,1123.55,14591,7849.4199,3935.1599,1336.6,47029.3099,E3,N,N
08/10/2017,11:00,15219.7061,1958.1401,2413.0105,1172.8274,15598.1533,8259.7139,4106.7856,1532.6567,50260.9936,A3,N,N
08/10/2017,11:00,15389.1211,2047.983,2436.7632,1238.8309,15884.2822,8276.3086,4200.4849,1511.2179,50984.9918,A6,N,N
08/10/2017,11:00,15382,1933.16,2423.8701,1093.87,15864.2002,8572.0801,4188.8101,1388.8101,50846.8006,E,Y,N
08/10/2017,11:00,14622.7998,1957.29,2424.45,1128.8101,15586.2002,8425.8604,4137.8799,1506.64,49789.9304,E1,N,N
08/10/2017,11:00,15401.5,1906.0699,2388.26,1194.09,15988.5996,8589.8604,4175.1401,1461.08,51104.6,E2,N,N
08/10/2017,11:00,15006.2002,2015.83,2410.3701,1206,15740.7998,8534,4288.77,1410.24,50612.2101,E3,N,N
08/10/2017,12:00,15951.1924,2062.3674,2502.6455,1247.401,16742.1914,8879.3555,4441.9058,1614.4506,53441.5096,A3,N,N
08/10/2017,12:00,16130.1738,2177.0825,2510.3162,1310.8693,17150.5898,8915.1426,4508.4702,1608.0985,54310.7429,A6,N,N
08/10/2017,12:00,16052.2998,2034.34,2521.3799,1161.84,17222.6992,9257.8301,4514.8398,1464.0601,54229.2889,E,Y,N
08/10/2017,12:00,15665.9004,2038.76,2490.73,1222.77,17471.0996,9099.3496,4455.1099,1584.01,54027.7295,E1,N,N
08/10/2017,12:00,16181.4004,1994.8,2478.04,1262.92,17289.4004,9247.1699,4538.4502,1515.15,54507.3309,E2,N,N
08/10/2017,12:00,16038.5996,2135,2504.1599,1281.13,16978.8008,9221.0801,4657.8999,1493.1801,54309.8504,E3,N,N
08/10/2017,13:00,16548.6074,2147.5178,2573.5569,1313.3546,17727.8281,9424.4277,4660.501,1685.48,56081.2735,A3,N,N
08/10/2017,13:00,16626.541,2252.0532,2583.0376,1371.1736,18178.8496,9534.6113,4732.3833,1677.8135,56956.4631,A6,N,N
08/10/2017,13:00,17003.4004,2134.8,2597.6799,1211.12,18316.5996,9909.1797,4778.3301,1536.35,57487.4597,E,Y,N
08/10/2017,13:00,16540.8008,2163.96,2590.6799,1281.15,17882.1992,9788.4297,4661.25,1672.87,56581.3396,E1,N,N
08/10/2017,13:00,16913.4004,2065.29,2552.24,1286.8199,18255,9885.2402,4806.25,1600.92,57365.1605,E2,N,N
08/10/2017,13:00,16992.4004,2243.22,2581.05,1334.61,18062.9004,9839.8701,4951.1001,1567.02,57572.171,E3,N,N
08/10/2017,14:00,16921.1035,2245.1816,2649.7236,1360.7698,18532.9258,9881.4297,4900.6797,1772.4636,58264.2773,A3,N,N
08/10/2017,14:00,16781.7188,2365.9895,2659.2749,1415.7861,19124.4531,9946.3545,4942.687,1773.2941,59009.558,A6,N,N
08/10/2017,14:00,17652.9004,2231.1201,2675.73,1269.15,19272.1992,10509,4989.3701,1621.9399,60221.4097,E,Y,N
08/10/2017,14:00,17402.4004,2250.5601,2666.48,1368.53,19211.0996,10307.4004,4927.0098,1760.3199,59893.8002,E1,N,N
08/10/2017,14:00,17499.6992,2199.8301,2618.8101,1319.65,19321.0996,10363.4004,4989.3901,1708.25,60020.1295,E2,N,N
08/10/2017,14:00,17708.9004,2350.8401,2663,1398.7,19130.9004,10422.2002,5171.9399,1657.3199,60503.8009,E3,N,N
08/10/2017,15:00,17786.9043,2306.73,2723.0464,1404.8135,19160.6855,10208.2783,5098.4028,1846.7717,60535.6325,A3,N,N
08/10/2017,15:00,18230.9238,2481.1511,2726.0481,1477.4113,19798.4648,10309.6943,5156.9326,1836.8112,62017.4372,A6,N,N
08/10/2017,15:00,18312.5996,2297.71,2733.1101,1317.37,19973.1992,10957.2998,5148.3501,1692.83,62432.4688,E,Y,N
08/10/2017,15:00,17723.5,2272.79,2723.0901,1390.8101,19617.5,10744.0996,5130.5801,1869.54,61471.9099,E1,N,N
08/10/2017,15:00,18547.6992,2276.3601,2678.3899,1381.29,20108.1992,10779.5996,5194.79,1749.3101,62715.6381,E2,N,N
08/10/2017,15:00,18070.5,2430.1699,2722.4199,1451.79,20025.8008,10853.5996,5351.5601,1731.49,62637.3303,E3,N,N
08/10/2017,16:00,18060.4824,2365.9065,2771.0313,1422.5465,19681.1191,10468.2686,5131.0493,1908.3478,61808.7515,A3,N,N
08/10/2017,16:00,18754.2285,2545.5393,2767.0667,1490.5691,20301.4336,10573.876,5178.5332,1889.7439,63500.9903,A6,N,N
08/10/2017,16:00,18408.1992,2320.1399,2771.97,1341.4399,20510.9004,11249.7002,5197.29,1746.38,63546.0196,E,Y,N
08/10/2017,16:00,18040.0996,2300.3401,2754.3101,1424.16,20302.4004,11119,5125.3999,1926.2,62991.9101,E1,N,N
08/10/2017,16:00,18527.1992,2266.1799,2710.8799,1398.47,20589.6992,10987.5996,5236.6401,1806.01,63522.6779,E2,N,N
08/10/2017,16:00,18221.0996,2462.99,2762.4299,1482.46,20673.8008,11139.2002,5359.8599,1780.39,63882.2304,E3,N,N
08/10/2017,17:00,17816.4219,2380.0554,2818.4009,1438.9023,19873.5605,10869.8496,5102.3691,1954.1532,62253.7129,A3,N,N
08/10/2017,17:00,18514.0762,2581.6699,2812.6675,1477.5898,20650.1465,11074.6426,5209.8164,1932.4954,64253.1043,A6,N,N
08/10/2017,17:00,18593,2345.8101,2798.6299,1357.64,20963.8008,11423.5996,5164.1802,1773.38,64420.0406,E,Y,N
08/10/2017,17:00,17488.0996,2356.48,2782.02,1417.53,20775.9004,11301.7002,5047.8599,1984.96,63154.5501,E1,N,N
08/10/2017,17:00,18689.5,2295.8999,2732.5801,1417.8,20945,11148.7002,5219.5698,1817.58,64266.63,E2,N,N
08/10/2017,17:00,18273.0996,2487.1699,2789.6399,1505.08,21093.9004,11305.9004,5268.7002,1805.59,64529.0804,E3,N,N
08/10/2017,18:00,17669.7383,2390.1152,2825.8711,1451.1627,20391.0801,10838.5264,4992.4229,1920.277,62479.1937,A3,N,N
08/10/2017,18:00,18290.3359,2550.3694,2833.0171,1477.5155,21083.2891,10819.4639,5131.0107,1928.9974,64113.999,A6,N,N
08/10/2017,18:00,18380.0996,2312.48,2787.8301,1354.1,20672.1992,11462.5996,5029.5898,1761,63759.8983,E,Y,N
08/10/2017,18:00,17336.3008,2347.4199,2794.6399,1410.87,20893.0996,11250.7002,4923.6802,1939.92,62896.6306,E1,N,N
08/10/2017,18:00,18556.5996,2280.9399,2721.6699,1432.0699,20717.4004,11317.4004,5085.4902,1842.17,63953.7403,E2,N,N
08/10/2017,18:00,18148.5,2446.4099,2780.4199,1500.15,21071.1992,11330.2998,5093.3599,1790.0699,64160.4086,E3,N,N
08/10/2017,19:00,16940.8262,2299.958,2775.2905,1435.7745,19396.8555,10425.5049,4797.5615,1882.2483,59954.0194,A3,N,N
08/10/2017,19:00,17367.9609,2468.1917,2793.6199,1448.0417,20154.9434,10507.9922,4941.7393,1878.7656,61561.2547,A6,N,N
08/10/2017,19:00,17774.4004,2249.3201,2757.6299,1326.3101,20004.9004,11256.2002,4843.48,1725.6899,61937.931,E,Y,N
08/10/2017,19:00,16328.5996,2211.4199,2742.3899,1392.3,19359,11017.0996,4748.48,1885.0699,59684.3589,E1,N,N
08/10/2017,19:00,17981.4004,2185.6299,2690.04,1389.64,20368.0996,11120.5,4977.7798,1808.67,62521.7597,E2,N,N
08/10/2017,19:00,17489.4004,2346.8401,2747.3201,1463.34,20489.0996,11096.0996,4884.98,1747.98,62265.0598,E3,N,N
08/10/2017,20:00,16224.5303,2202.5039,2708.9612,1368.9655,18670.0684,9988.4834,4612.7808,1855.8979,57632.1914,A3,N,N
08/10/2017,20:00,16530.3164,2372.5667,2723.6951,1372.3477,19299.8066,10193.0283,4758.3057,1849.7373,59099.8038,A6,N,N
08/10/2017,20:00,17099.1992,2176.8101,2710.05,1266.39,19501.9004,10790.5,4670.2202,1693.8101,59908.88,E,Y,N
08/10/2017,20:00,16072.0996,2133.79,2669.5901,1275.6801,18905.0996,10520.2998,4570.0298,1850.89,57997.479,E1,N,N
08/10/2017,20:00,17296.5996,2111.8999,2635.53,1347.16,19655.1992,10731.0996,4757.4199,1736.09,60270.9982,E2,N,N
08/10/2017,20:00,16748.0996,2252.3401,2693.5701,1403.47,19594.0996,10612.7998,4701.5801,1713.78,59719.7393,E3,N,N
08/10/2017,21:00,16100.1436,2137.7756,2638.9475,1298.3188,18156.0352,9695.8652,4539.5474,1801.6766,56368.3099,A3,N,N
08/10/2017,21:00,16285.8232,2309.5857,2650.2808,1295.7949,18731.2324,9948.3799,4690.231,1803.8368,57715.1647,A6,N,N
08/10/2017,21:00,16592.5,2148.02,2649.23,1232.76,18861.5996,10363.4004,4608.73,1660.05,58116.29,E,Y,N
08/10/2017,21:00,15891.5996,2105.1101,2598.79,1243.26,18218.5,10189.0996,4509.73,1840.13,56596.2193,E1,N,N
08/10/2017,21:00,16603.5996,2100,2577.51,1274.92,18681.3008,10438.4004,4703.7002,1697.78,58077.211,E2,N,N
08/10/2017,21:00,16316.9004,2229.52,2626.1799,1364.3,18836.0996,10196.7002,4617.8198,1674.61,57862.1299,E3,N,N
08/10/2017,22:00,15667.7754,2071.6262,2600.238,1259.0273,17602.1191,9457.748,4434.3594,1777.6426,54870.536,A3,N,N
08/10/2017,22:00,15858.791,2224.0054,2609.551,1243.4666,18046.625,9703.4395,4555.2402,1789.8829,56031.0016,A6,N,N
08/10/2017,22:00,16018,2067.6001,2602.6299,1184.72,18202.8008,9899,4477.8599,1617.48,56070.0907,E,Y,N
08/10/2017,22:00,15428.5,1988.74,2563.21,1203.09,17637.0996,9781.5195,4412.4102,1815.9399,54830.5092,E1,N,N
08/10/2017,22:00,15999.2002,2026.55,2555.6799,1250.3199,18321.6992,9912.2803,4527.3999,1649.5601,56242.6895,E2,N,N
08/10/2017,22:00,15704,2136.8799,2583.0901,1306.9399,17973.5996,9724.5303,4493.4902,1630.73,55553.26,E3,N,N
08/10/2017,23:00,14811.2363,1934.1088,2507.6602,1153.8727,16086.5918,8727.8232,4165.251,1695.2802,51081.8242,A3,N,N
08/10/2017,23:00,14869.999,2069.3271,2523.3125,1137.8732,16407.3574,8868.751,4240.0771,1689.3265,51806.0238,A6,N,N
08/10/2017,23:00,15035.2002,1911.08,2513.5601,1113.6,16736.3008,9131.04,4214.2998,1528.4301,52183.511,E,Y,N
08/10/2017,23:00,14483.2998,1907.59,2458.2,1148.5601,16143.2002,9088.4102,4067.45,1688.29,50985.0003,E1,N,N
08/10/2017,23:00,14973.5996,1885.89,2481.4099,1150.3,16797.5,9293.21,4285.2002,1549.17,52416.2797,E2,N,N
08/10/2017,23:00,14695.9004,1974.16,2494.8301,1218.1899,16533,8986.0303,4240.4302,1535.58,51678.1209,E3,N,N
08/10/2017,24:00,13772.8701,1740.489,2397.804,1056.2542,14669.8789,7953.3325,3864.1199,1596.887,47051.6356,A3,N,N
08/10/2017,24:00,13778.1934,1833.4263,2418.2874,1057.0198,14900.5557,8046.2041,3906.9272,1599.6729,47540.2868,A6,N,N
08/10/2017,24:00,13879,1749.36,2422.49,1029.9301,15329.7002,8311.1104,3908.98,1422.87,48053.4407,E,Y,N
08/10/2017,24:00,13419.4004,1669.85,2367.0901,1100.9,14641.2002,8312.3203,3803.8301,1604.24,46918.8311,E1,N,N
08/10/2017,24:00,13807.4004,1734.99,2380.79,1069.04,15403.5,8427.04,3971.24,1414.05,48208.0504,E2,N,N
08/10/2017,24:00,13613.5,1809.87,2404.99,1114.76,15017.4004,8187.9199,3938.6499,1424.0699,47511.1601,E3,N,N
08/11/2017,1:00,12975.79,1612.2412,2305.1125,980.3564,13572.085,7271.8389,3608.8511,1492.5743,43818.8494,A3,N,N
08/11/2017,1:00,13069.8662,1699.0698,2318.9822,991.2944,13793.5742,7408.9639,3669.1204,1474.9795,44425.8506,A6,N,N
08/11/2017,1:00,12895.0996,1624.16,2338.7,955.227,14092.9004,7591.79,3632.6399,1348.24,44478.7569,E,Y,N
08/11/2017,1:00,12596.9004,1581.09,2290.21,1030.35,13438.7002,7665.3799,3562.1599,1581.63,43746.4204,E1,N,N
08/11/2017,1:00,12940,1610.4,2302,1002.36,14204.5,7633.9702,3672.8701,1325.26,44691.3603,E2,N,N
08/11/2017,1:00,12701.4004,1683.5,2326.45,1033.5,13794.7998,7523.1499,3680.1201,1336.75,44079.6702,E3,N,N
08/11/2017,2:00,12417.5488,1533.7489,2242.1399,962.4238,12724.8174,6896.9292,3414.3965,1432.657,41624.6615,A3,N,N
08/11/2017,2:00,12463.4893,1589.7744,2263.3474,983.0894,12914.3848,6947.918,3463.6533,1413.6501,42039.3067,A6,N,N
08/11/2017,2:00,12269.5,1527.99,2273.76,900.104,13138.2998,7064.1899,3437.1699,1286.53,41897.5436,E,Y,N
08/11/2017,2:00,12166.9004,1501.23,2204.8701,914.745,12515.2998,7176.9102,3379.53,1489.4301,41348.9156,E1,N,N
08/11/2017,2:00,12244.2998,1519.78,2252.22,958.198,13285.5,7125.1001,3493.3701,1303.5,42181.968,E2,N,N
08/11/2017,2:00,12040.9004,1582,2267.46,978.082,12898.9004,7023.1201,3492.5,1269.24,41552.2029,E3,N,N
08/11/2017,3:00,11991.4805,1475.0366,2216.4023,939.6932,12176.2354,6592.8613,3289.9734,1389.2765,40070.9592,A3,N,N
08/11/2017,3:00,12030.665,1534.6265,2231.3347,964.6944,12310.332,6578.8008,3318.0029,1362.2712,40330.7275,A6,N,N
08/11/2017,3:00,11755.2002,1458.79,2234.47,859.226,12437,6708.6299,3288.99,1253.99,39996.2961,E,Y,N
08/11/2017,3:00,11508.2002,1409.54,2209.48,913.492,12076,6806.8501,3266.2,1484.91,39674.6723,E1,N,N
08/11/2017,3:00,11880.2998,1437.53,2209.0801,888.584,12475.5,6771.9102,3326.76,1223.0601,40212.7242,E2,N,N
08/11/2017,3:00,11611,1515.63,2231.4399,939.793,12286.4004,6696.8701,3335.1001,1228.29,39844.5235,E3,N,N
08/11/2017,4:00,11801.3906,1457.7761,2187.0166,921.5052,11828.5879,6401.8779,3204.1931,1355.7695,39158.1169,A3,N,N
08/11/2017,4:00,11782.3975,1503.8232,2200.946,929.8931,11948.3047,6428.252,3220.8523,1334.3687,39348.8375,A6,N,N
08/11/2017,4:00,11514.2002,1413.9399,2210.6201,843.646,12086.2998,6463.2402,3194.1899,1222.85,38948.9861,E,Y,N
08/11/2017,4:00,11383.5996,1362.02,2178.95,886.705,11781.2998,6562.0898,3204.4299,1410.49,38769.5841,E1,N,N
08/11/2017,4:00,11612.4004,1400.74,2175.7,884.091,12158.2002,6556.3501,3225.0601,1192.47,39205.0118,E2,N,N
08/11/2017,4:00,11384,1467.74,2209.98,921.591,11896.7002,6458.5098,3240.6001,1197.23,38776.3511,E3,N,N
08/11/2017,5:00,11827.4688,1461.7411,2166.2329,893.7282,11664.167,6298.8848,3139.0571,1340.5651,38791.845,A3,N,N
08/11/2017,5:00,11827.2178,1503.8383,2174.5027,907.1168,11739.8291,6314.2681,3162.2031,1326.2924,38955.2683,A6,N,N
08/11/2017,5:00,11447.7002,1407.8,2198.5,839.112,12009.2998,6352.1699,3161.74,1202.8199,38619.1418,E,Y,N
08/11/2017,5:00,11394.2002,1377.1,2158.1599,876.579,11699.2002,6439.8901,3077.49,1356.88,38379.4994,E1,N,N
08/11/2017,5:00,11560.2998,1373.4,2161.0801,881.303,12010.2002,6411.8501,3179.04,1169.89,38747.0632,E2,N,N
08/11/2017,5:00,11391.2002,1457.28,2200.5901,919.208,11836,6360.21,3223.4399,1179.46,38567.3882,E3,N,N
08/11/2017,6:00,12131.2734,1498.7274,2171.644,905.8719,11990.9883,6395.2808,3142.9905,1348.1062,39584.8825,A3,N,N
08/11/2017,6:00,12175.2061,1544.8972,2186.0383,908.9085,12036.168,6393.395,3194.49,1327.3541,39766.4572,A6,N,N
08/11/2017,6:00,11803.4004,1469.74,2200.5901,864.444,12430.9004,6510.8599,3200.1299,1214.12,39694.1847,E,Y,N
08/11/2017,6:00,11709.5996,1404.39,2174.6399,893.758,12022,6509.1401,3080.79,1375.89,39170.2076,E1,N,N
08/11/2017,6:00,11952.4004,1471.1801,2170.1399,896.193,12366.0996,6562.1299,3197.3899,1165.1801,39780.7129,E2,N,N
08/11/2017,6:00,11749,1518.49,2204.54,944.946,12176.7002,6529.3901,3261.53,1193.85,39578.4463,E3,N,N
08/11/2017,7:00,12559.2246,1597.1543,2198.8496,938.9758,12569.5977,6704.605,3231.5103,1387.4265,41187.3438,A3,N,N
08/11/2017,7:00,12638.8311,1646.3414,2222.125,952.2935,12682.8926,6783.4731,3318.6096,1357.5566,41602.1229,A6,N,N
08/11/2017,7:00,12359.0996,1596.8199,2227.0601,918.452,13154.7002,6902.0801,3369.0701,1255.9301,41783.2121,E,Y,N
08/11/2017,7:00,11950.5996,1540.96,2248.74,912.929,12757.4004,6871.6299,3276.1201,1403.5601,40961.9391,E1,N,N
08/11/2017,7:00,12443.5,1571.85,2197.5801,965.413,12954,6993.9702,3332.7,1231.36,41690.3733,E2,N,N
08/11/2017,7:00,12234.5996,1646.14,2234.8601,1010.15,12895.2002,6922.6699,3419.6799,1240.38,41603.6797,E3,N,N
08/11/2017,8:00,12948.3262,1653.8124,2202.6592,964.4789,13208.2959,6892.4004,3311.0442,1416.2659,42597.2831,A3,N,N
08/11/2017,8:00,12974.2021,1696.1797,2223.3896,969.9146,13312.1455,7031.8203,3389.5112,1375.9607,42973.1237,A6,N,N
08/11/2017,8:00,12668.7998,1645.99,2237.6499,946.526,13495.7002,7045.52,3416.6299,1277.71,42734.5258,E,Y,N
08/11/2017,8:00,12329.2998,1577.78,2213.22,953.357,13356.2998,7069.8101,3363.6399,1418.1801,42281.5867,E1,N,N
08/11/2017,8:00,12713.5,1625.3101,2206.4199,984.893,13456.0996,7170.9902,3421.4299,1258.41,42837.0527,E2,N,N
08/11/2017,8:00,12448.5,1692.96,2243.49,1032.12,13334.9004,7042.96,3485.8999,1261.1801,42542.0104,E3,N,N
08/11/2017,9:00,13704.458,1756.8501,2264.8606,1038.6326,14110.2559,7235.2446,3521.1023,1438.4766,45069.8807,A3,N,N
08/11/2017,9:00,13646.2656,1801.5968,2284.0254,1050.7589,14344.8271,7328.834,3573.6743,1389.8428,45419.8249,A6,N,N
08/11/2017,9:00,13317.9004,1741.63,2278.9299,1003.45,14438.0996,7468.0498,3580.74,1320.14,45148.9397,E,Y,N
08/11/2017,9:00,12958.5,1671.22,2269.8799,1009.21,13948.2002,7380.6201,3547.3,1447.2,44232.1302,E1,N,N
08/11/2017,9:00,13433.2998,1700.76,2262.98,1045.4,14346.7002,7514.9302,3607.9199,1316.01,45228.0001,E2,N,N
08/11/2017,9:00,13191.4004,1806.63,2282.95,1082.53,14113.5,7439.5,3646.3301,1293.72,44856.5605,E3,N,N
08/11/2017,10:00,14544.3984,1882.6166,2349.644,1148.0576,15376.6836,7843.2192,3810.9211,1490.7749,48446.3154,A3,N,N
08/11/2017,10:00,14605.0352,1934.4659,2380.0208,1190.5742,15700.46,7938.5444,3845.0276,1459.2491,49053.3772,A6,N,N
08/11/2017,10:00,14272.9004,1862.96,2353.8401,1083.3101,15662.5,8086.54,3844.3999,1397.63,48564.0805,E,Y,N
08/11/2017,10:00,13846.5,1749.92,2347.03,1090.78,15148.7002,8011.2598,3795.22,1520.91,47510.32,E1,N,N
08/11/2017,10:00,14311,1825.89,2332.4399,1128.23,15556.4004,8103.6001,3864.8601,1408.4301,48530.8506,E2,N,N
08/11/2017,10:00,14261.5996,1945.72,2357.6399,1166.23,15334.5,8051.3799,3897.01,1364.95,48379.0294,E3,N,N
08/11/2017,11:00,15588.8496,2048.9009,2447.9102,1236.478,16704.7051,8560.8262,4141.5015,1578.085,52307.2565,A3,N,N
08/11/2017,11:00,15683.5938,2116.8809,2481.7075,1289.5126,17125.2695,8677.8555,4210.7627,1558.984,53144.5665,A6,N,N
08/11/2017,11:00,15478.7998,1991.7,2445.54,1169.37,16879,8799.5801,4175.8701,1479.0699,52418.9299,E,Y,N
08/11/2017,11:00,14863.7998,1888.28,2439.6499,1176.66,16491,8675.7695,4149.8398,1595.38,51280.379,E1,N,N
08/11/2017,11:00,15658.0996,1980.17,2415.29,1240.71,16977.8008,8816.9502,4206.5698,1540.05,52835.6404,E2,N,N
08/11/2017,11:00,15389.2998,2090.98,2446.98,1252.79,16710.4004,8750.4404,4246.6899,1446.5699,52334.1504,E3,N,N
08/11/2017,12:00,16421.8105,2158.3479,2528.7124,1312.2273,18040.6953,9129.3867,4463.5957,1660.0276,55714.8034,A3,N,N
08/11/2017,12:00,16601.043,2255.0273,2553.4116,1367.8047,18577.459,9188.6982,4528.7734,1652.0253,56724.2425,A6,N,N
08/11/2017,12:00,16176.2002,2112.75,2542.0601,1255.45,18221.5996,9494.5898,4514.54,1566.74,55883.9297,E,Y,N
08/11/2017,12:00,15957.5,2001.74,2508.8701,1273.34,17876.5,9318.9805,4480.1699,1694.47,55111.5705,E1,N,N
08/11/2017,12:00,16429.0996,2080.55,2497.9399,1311.91,18398.8008,9458.7803,4567.1401,1630.51,56374.7307,E2,N,N
08/11/2017,12:00,16345.2002,2224.6499,2538.9299,1333.8101,18100.3008,9438.6396,4599.8101,1540.29,56121.6306,E3,N,N
08/11/2017,13:00,16908.3672,2248.8857,2587.7244,1379.681,19024.5723,9740.4541,4686.2983,1739.7491,58315.7321,A3,N,N
08/11/2017,13:00,17002.4434,2347.2607,2614.9058,1437.7412,19666.9551,9831.5049,4728.9185,1746.5392,59376.2688,A6,N,N
08/11/2017,13:00,16961.9004,2219.51,2615.98,1323.6899,19266.3008,10117.4004,4788.8198,1656.89,58950.4913,E,Y,N
08/11/2017,13:00,16778.1992,2112.3101,2612.0901,1337.39,18908.5,10029.7998,4700.27,1792.01,58270.5692,E1,N,N
08/11/2017,13:00,17019.5996,2197.6201,2566.24,1382.21,19464.0996,10046.7998,4859.7002,1695.9,59232.1693,E2,N,N
08/11/2017,13:00,17080.5996,2337.21,2611.1001,1392.84,19295.6992,10035.5,4887.04,1625.24,59265.2289,E3,N,N
08/11/2017,14:00,17567.5879,2349.9497,2669.0437,1428.9083,19859.4883,10168.5254,4906.981,1831.2317,60781.716,A3,N,N
08/11/2017,14:00,17596.957,2461.4739,2680.8555,1484.6864,20339.7695,10206.6455,4948.3955,1845.8135,61564.5968,A6,N,N
08/11/2017,14:00,17616.6992,2329.6101,2693.9199,1391.0601,20356.1992,10680.7002,5012.5601,1736.48,61817.2288,E,Y,N
08/11/2017,14:00,17765.6992,2207.78,2686.95,1436.76,20079.8008,10611.2002,4952.54,1859.47,61600.2002,E1,N,N
08/11/2017,14:00,17729,2283.3899,2644.51,1419.59,20538.6992,10571,5050.52,1774.04,62010.7491,E2,N,N
08/11/2017,14:00,17636.6992,2454.22,2688.75,1456.71,20366.5,10603.2998,5123.8198,1711.55,62041.5488,E3,N,N
08/11/2017,15:00,18185.9551,2411.9333,2733.7922,1474.3695,20696.041,10422.0908,5086.5269,1905.0663,62915.7751,A3,N,N
08/11/2017,15:00,18710.9609,2573.7119,2735.1357,1545.28,21190.7246,10569.4287,5110.6611,1909.2799,64345.1828,A6,N,N
08/11/2017,15:00,18223.4004,2405.51,2752.4399,1440.77,21019.6992,11089.9004,5192.6602,1803.92,63928.3001,E,Y,N
08/11/2017,15:00,18003.6992,2223.55,2740.1201,1449.77,20683.5,10967.2998,5153.3101,1987.4301,63208.6793,E1,N,N
08/11/2017,15:00,18662.3008,2362.1001,2714.8301,1481.22,21325.4004,10952.5,5262.52,1834.65,64595.5214,E2,N,N
08/11/2017,15:00,17953.1992,2538.3201,2744.1899,1504.75,21152.9004,11048.2002,5309.9399,1778.53,64030.0297,E3,N,N
08/11/2017,16:00,17973.6348,2457.4773,2758.2271,1496.2704,21015.0156,10616.0146,5134.0547,1977.8955,63428.59,A3,N,N
08/11/2017,16:00,18677.8301,2632.4302,2754.3533,1562.6835,21495.709,10748.6973,5144.2744,1957.7965,64973.7743,A6,N,N
08/11/2017,16:00,18240.9004,2430.03,2791.1001,1462.6899,21613.9004,11344.2002,5274.6401,1856.1899,65013.651,E,Y,N
08/11/2017,16:00,18009,2266.78,2776.5701,1504.72,21351.5,11401.7002,5156.2598,2049.9399,64516.47,E1,N,N
08/11/2017,16:00,18634.3008,2365.4399,2733.01,1479.17,21933.4004,11145.4004,5284.2202,1866.6801,65441.6218,E2,N,N
08/11/2017,16:00,18103.8008,2571.52,2781.03,1528.95,21671.8008,11335.9004,5364.3101,1826.76,65184.0721,E3,N,N
08/11/2017,17:00,18142.5684,2474.751,2783.6855,1499.2355,21158.7832,11162.0977,5092.5161,1996.4193,64310.0567,A3,N,N
08/11/2017,17:00,18557.3926,2654.1643,2785.2314,1542.9728,21781.7441,11277.4023,5165.9985,1997.791,65762.697,A6,N,N
08/11/2017,17:00,18386.3008,2432.6899,2816.5601,1469.6801,21973.0996,11482.0996,5279.1001,1871.77,65711.3002,E,Y,N
08/11/2017,17:00,17838.0996,2343.23,2805.49,1478.6801,21796,11625.2998,5118.21,2083.24,65088.2495,E1,N,N
08/11/2017,17:00,18752.8008,2366.46,2745.3799,1495.49,22010.8008,11285.4004,5247.5801,1863.7,65767.612,E2,N,N
08/11/2017,17:00,18219.5,2578.0701,2801.03,1540.54,21915.5,11458.0996,5336.73,1838.71,65688.1797,E3,N,N
08/11/2017,18:00,17848.7012,2420.1912,2786.9292,1500.7085,21180.8223,11006.9482,4991.6572,1972.7728,63708.7306,A3,N,N
08/11/2017,18:00,18220.7734,2623.5032,2798.2786,1530.7219,21887.6191,11036.9258,5076.3882,1988.3655,65162.5757,A6,N,N
08/11/2017,18:00,18147.3008,2386.53,2805.0601,1455.36,21547.6992,11486,5169.7202,1857.22,64854.8903,E,Y,N
08/11/2017,18:00,17429.1992,2300.73,2817.3201,1492.58,21697.0996,11385.7002,4920.6299,2052.8701,64096.1291,E1,N,N
08/11/2017,18:00,18490.5996,2343.0701,2737.54,1502.95,21707.1992,11375.7998,5118.2402,1898.5699,65173.9688,E2,N,N
08/11/2017,18:00,18103.5996,2521.21,2789.8799,1522.11,21583.9004,11420.2002,5210.73,1819.0601,64970.6902,E3,N,N
08/11/2017,19:00,17347.25,2314.873,2741.0901,1479.8358,19988.8965,10611.8115,4839.6074,1932.4271,61255.7914,A3,N,N
08/11/2017,19:00,17492.6016,2522.5027,2756.8196,1492.8068,20798.7598,10674.792,4919.3159,1909.0974,62566.6958,A6,N,N
08/11/2017,19:00,17371.0996,2295.2,2776.4199,1411.55,20709.8008,11217,4976.7998,1818.51,62576.3801,E,Y,N
08/11/2017,19:00,16573.0996,2222.1599,2769,1428.41,20345.9004,11297,4764.02,1994.45,61394.0399,E1,N,N
08/11/2017,19:00,17928.9004,2252.79,2704.5801,1437.3199,21062.9004,11123,4979.7202,1858.38,63347.591,E2,N,N
08/11/2017,19:00,17357.0996,2384.3799,2757.8899,1464.98,20652.3008,11122.5,4985.0698,1771.12,62495.34,E3,N,N
08/11/2017,20:00,16707.8672,2194.554,2680.2339,1390.1333,19141.0566,10103.7559,4658.6938,1903.6527,58779.9474,A3,N,N
08/11/2017,20:00,16762.0781,2403.3982,2691.6123,1407.1404,19824.0527,10270.7715,4724.2715,1872.0175,59955.3422,A6,N,N
08/11/2017,20:00,16728.4004,2191.45,2724.05,1337.27,19965.5,10676.9004,4768.5898,1775.36,60167.5206,E,Y,N
08/11/2017,20:00,16331.0996,2118.96,2702.54,1322.48,19633.0996,10787.4004,4603.1699,1939.64,59438.3895,E1,N,N
08/11/2017,20:00,17124.5996,2144.75,2666.1899,1367.35,20185.1992,10735.7002,4777.21,1752.0601,60753.059,E2,N,N
08/11/2017,20:00,16515.1992,2260.4199,2701.21,1392.64,19543.0996,10561.7002,4761.75,1722.5601,59458.579,E3,N,N
08/11/2017,21:00,16300.2773,2121.1697,2604.8611,1314.6133,18404.7051,9692.6514,4540.6841,1845.4296,56824.3916,A3,N,N
08/11/2017,21:00,16297.1729,2321.0615,2617.7358,1330.8447,19133.1855,9907.96,4590.5581,1816.531,58015.0495,A6,N,N
08/11/2017,21:00,16165,2148.1699,2656.74,1284.27,19107.8008,10226.9004,4651.1001,1729.21,57969.1912,E,Y,N
08/11/2017,21:00,16045.7002,2077.28,2626.0701,1290.03,18869.1992,10487.9004,4505.0098,1892.6,57793.7897,E1,N,N
08/11/2017,21:00,16407.3008,2100.54,2596.27,1331.49,18939.6992,10326.5,4680.1299,1727.27,58109.1999,E2,N,N
08/11/2017,21:00,16046.5996,2223.8301,2631.52,1347.2,18682.0996,10086,4641.2202,1673.34,57331.8095,E3,N,N
08/11/2017,22:00,15739.5723,2061.845,2587.2913,1289.5631,17844.5879,9474.2129,4421.6138,1819.4154,55238.1017,A3,N,N
08/11/2017,22:00,15741.0869,2246.7439,2592.9863,1294.3339,18409.0176,9624.4229,4448.7324,1804.9574,56162.2813,A6,N,N
08/11/2017,22:00,15607.0996,2072.76,2612.0701,1237.85,18479.0996,9792.5703,4519.8198,1685.8199,56007.0893,E,Y,N
08/11/2017,22:00,15599,2005.42,2589.75,1248.84,18159.3008,10039.5,4403.29,1872.4399,55917.5407,E1,N,N
08/11/2017,22:00,15872.5,2063.1101,2578.3899,1287.5601,18538.9004,9840.5898,4501.9199,1698.88,56381.8502,E2,N,N
08/11/2017,22:00,15469.2002,2138.3999,2592.6599,1297.0699,17871.3008,9645.3701,4501,1633.9399,55148.9407,E3,N,N
08/11/2017,23:00,14900.1055,1965.39,2495.5127,1197.387,16374.4736,8770.3809,4181.6074,1730.0573,51614.9144,A3,N,N
08/11/2017,23:00,14926.29,2116.9651,2514.561,1204.41,16875.5898,8885.5098,4195.7212,1722.2162,52441.2631,A6,N,N
08/11/2017,23:00,14801.0996,1933.35,2536.21,1167.95,17126.4004,9157.1104,4290.5601,1599.99,52612.6705,E,Y,N
08/11/2017,23:00,14705,1901.48,2487.78,1122.78,16679.4004,9272.25,4122.9902,1734.04,52025.7206,E1,N,N
08/11/2017,23:00,15009.9004,1880.6,2514.1899,1245.8199,17157.4004,9253.54,4296.5898,1561.96,52920.0004,E2,N,N
08/11/2017,23:00,14612.2002,1988.24,2517.27,1221.15,16614.0996,9028.04,4264.4102,1550.61,51796.02,E3,N,N
08/11/2017,24:00,13846.5615,1775.8951,2403.5586,1105.1198,15103.9189,8066.7402,3906.1804,1625.1149,47833.0894,A3,N,N
08/11/2017,24:00,13992.832,1903.2728,2426.0735,1125.3173,15492.4434,8208.1455,3901.897,1640.4739,48690.4554,A6,N,N
08/11/2017,24:00,13828.7002,1785.6,2452.8201,1095.51,15810.7002,8442.4697,4031.99,1498.89,48946.6802,E,Y,N
08/11/2017,24:00,13580.9004,1685.92,2390.3799,1084.74,15100.2998,8517.5703,3852.74,1672.37,47884.9204,E1,N,N
08/11/2017,24:00,13958.2998,1768.65,2418.9299,1159.08,15870.2998,8519.5703,4032.3899,1483.9,49211.1197,E2,N,N
08/11/2017,24:00,13666.7002,1833.98,2435.6499,1138.88,15351.5996,8340.8301,4003.6599,1449.51,48220.8097,E3,N,N
08/12/2017,1:00,13208.4863,1689.5138,2311.3464,1036.8688,13964.3809,7444.4482,3677.4417,1554.6483,44887.1344,A3,N,N
08/12/2017,1:00,13448.4082,1778.6732,2332.9446,1055.0591,14359.1406,7644.8354,3697.9841,1523.8943,45840.9395,A6,N,N
08/12/2017,1:00,12717.4004,1664.6801,2377.22,1096,14578.0996,7815.02,3775.48,1408.5699,45432.47,E,N,N
08/12/2017,1:00,12713.4004,1645.54,2322.3501,1020.68,13864.2002,7855.3301,3659.25,1540.03,44620.7808,E1,N,N
08/12/2017,1:00,12772.2998,1661.36,2364.1299,1117.75,14637.2002,7902.7002,3792.8601,1374.47,45622.7702,E2,N,N
08/12/2017,1:00,12703.4004,1687.9,2354.52,1129.13,14171.7002,7759.77,3717.53,1364.5601,44888.5107,E3,Y,N
08/12/2017,2:00,12610.4395,1574.0706,2259.8179,1023.5175,13251.0469,7053.9185,3472.8152,1497.453,42743.0791,A3,N,N
08/12/2017,2:00,12743.1963,1649.9935,2278.1423,1047.7075,13569.0107,7186.9922,3479.9329,1462.8466,43417.822,A6,N,N
08/12/2017,2:00,12082.4004,1567.25,2315.23,1041.14,13692.7998,7236.8398,3546.8601,1351.49,42834.0101,E,N,N
08/12/2017,2:00,12217.0996,1517.92,2293.4399,897.096,13011.2002,7298.8901,3450.1201,1425.9399,42111.7058,E1,N,N
08/12/2017,2:00,11998.2998,1565.55,2297.99,1065.2,13791.5996,7682.0898,3573.6399,1307.66,43282.0291,E2,N,N
08/12/2017,2:00,11996.5996,1583.9399,2292.05,1078.17,13275.2002,7208.3999,3479.45,1305.14,42218.9496,E3,Y,N
08/12/2017,3:00,12074.2139,1504.3225,2224.053,1003.4515,12617.4814,6756.2788,3312.0659,1454.3538,40946.2208,A3,N,N
08/12/2017,3:00,12186.7939,1561.0426,2240.8577,1026.8403,12954.9395,6839.8853,3305.6106,1414.0957,41530.0656,A6,N,N
08/12/2017,3:00,11326.7002,1486.62,2270.5801,993.049,13025.5,6813.9702,3367.8701,1311.75,40596.0396,E,N,N
08/12/2017,3:00,11512.5996,1440.45,2291.6201,892.899,12539.2002,7067.2998,3311.55,1372.08,40427.6987,E1,N,N
08/12/2017,3:00,11478.5996,1452.72,2255.4399,1031.7,13025.7002,6906.02,3389.78,1248.8,40788.7597,E2,N,N
08/12/2017,3:00,11412.2998,1498.8199,2243.5601,1041.22,12646,6815.79,3294.8201,1256.23,40208.7399,E3,Y,N
08/12/2017,4:00,11737.2783,1468.6343,2203.1165,973.1689,12189.1348,6491.6416,3209.8391,1414.5776,39687.3911,A3,N,N
08/12/2017,4:00,11849.8389,1522.4561,2216.446,983.8988,12548.7148,6575.3306,3196.325,1384.8901,40277.9003,A6,N,N
08/12/2017,4:00,11141.9004,1432.23,2242.8501,960.256,12506.7002,6493.8799,3247.71,1285.91,39311.4366,E,N,N
08/12/2017,4:00,11263.5,1410.9301,2225.3301,889.921,12018.7002,6674,3194.8501,1286.23,38963.4615,E1,N,N
08/12/2017,4:00,11167.2998,1416.64,2224.6299,1007.18,12542.0996,6579.0098,3275.01,1218.47,39430.3391,E2,N,N
08/12/2017,4:00,11074.5996,1444.85,2216.75,1007.51,12191.4004,6511.4199,3174.23,1228.4,38849.1599,E3,Y,N
08/12/2017,5:00,11553.2139,1452.8636,2179.2729,947.4648,11845.2998,6305.4189,3130.9297,1388.256,38802.7196,A3,N,N
08/12/2017,5:00,11604.5449,1492.4319,2187.8965,958.8967,12115.4658,6445.7236,3124.7571,1370.0439,39299.7604,A6,N,N
08/12/2017,5:00,10876.2998,1412.72,2218.28,944.491,12176.9004,6311.5601,3172.8701,1274.6801,38387.8015,E,N,N
08/12/2017,5:00,11006.2998,1382.9399,2163.95,870.751,11665.2998,6482.5801,3056.1001,1357.6801,37985.6008,E1,N,N
08/12/2017,5:00,11063.9004,1379.86,2208.6699,967.675,12253.7998,6340.0698,3186.9199,1188.21,38589.1048,E2,N,N
08/12/2017,5:00,10894.0996,1423.13,2193.24,997.659,11911.2998,6347.2402,3106.72,1219.79,38093.1786,E3,Y,N
08/12/2017,6:00,11464.6367,1452.5725,2162.5613,941.4926,11688.9814,6185.355,3079.0117,1370.6481,38345.2593,A3,N,N
08/12/2017,6:00,11515.6328,1479.4305,2177.488,953.86,11934.7158,6229.3882,3082.916,1349.194,38722.6253,A6,N,N
08/12/2017,6:00,10997.2002,1426.52,2214.9199,948.724,12202.4004,6281.9502,3160.99,1258.42,38491.1247,E,N,N
08/12/2017,6:00,10808,1367.5699,2197.28,854.805,11387.9004,6241.02,3061.9099,1302.0699,37220.5551,E1,N,N
08/12/2017,6:00,11158,1422.1,2196.8201,971.4,12200.5996,6278.1001,3179.72,1168.78,38575.5198,E2,N,N
08/12/2017,6:00,10923.4004,1438.73,2189.9099,1001.33,11910.9004,6320.3398,3106.96,1208.9399,38100.5104,E3,Y,N
08/12/2017,7:00,11374.8574,1468.3389,2170.7803,938.9398,11824.8213,6184.604,3065.3953,1362.5953,38390.3323,A3,N,N
08/12/2017,7:00,11454.9541,1502.6815,2189.2014,953.9944,11919.9619,6266.7378,3061.771,1338.4293,38687.7314,A6,N,N
08/12/2017,7:00,11242.7002,1469.1801,2230.8401,964.888,12375.7998,6364.8101,3210.24,1257.85,39116.3083,E,N,N
08/12/2017,7:00,10699.2002,1386.02,2225.3799,830.109,11585.5,6145.5801,3063.25,1325.02,37260.0592,E1,N,N
08/12/2017,7:00,11353.7998,1430.46,2211.6201,994.19,12305.5996,6437.5498,3237.22,1181.97,39152.4093,E2,N,N
08/12/2017,7:00,11062.5996,1482.33,2208.6001,1022.01,12099.5,6401.8301,3177.3501,1211.53,38665.7499,E3,Y,N
08/12/2017,8:00,11688.3252,1477.152,2166.8569,949.546,12147.8096,6312.1694,3070.5723,1373.9486,39186.38,A3,N,N
08/12/2017,8:00,11669.0518,1515.4602,2183.5295,964.7086,12286.7529,6409.0269,3077.5249,1340.0253,39446.0801,A6,N,N
08/12/2017,8:00,11419.0996,1497.39,2226.3799,973.107,12502.9004,6401.8398,3194.5701,1267.8,39483.0868,E,N,N
08/12/2017,8:00,10828.5996,1409.53,2202.8201,864.558,11887.2002,6380.29,3044.21,1328.7,37945.9079,E1,N,N
08/12/2017,8:00,11443.2002,1468.59,2195.52,997.79,12543.5,6440.04,3247.4299,1199.2,39535.2701,E2,N,N
08/12/2017,8:00,11137.4004,1507.15,2204.28,1033.9301,12261.5996,6426.8101,3168.2,1221.38,38960.7502,E3,Y,N
08/12/2017,9:00,12810.8682,1610.7932,2230.8508,1035.8806,13188.3916,6793.8638,3315.8035,1422.9219,42409.3736,A3,N,N
08/12/2017,9:00,12605.4482,1650.5125,2249.0054,1053.1401,13424.8389,6819.543,3341.8726,1383.0345,42527.3952,A6,N,N
08/12/2017,9:00,12168.0996,1613.02,2279.9199,1034.77,13520.7002,6891.5698,3403.3701,1312.92,42224.3696,E,N,N
08/12/2017,9:00,11821.7998,1453.76,2266.5901,934.694,12765.2002,6848.3301,3300.3799,1296.8199,40687.574,E1,N,N
08/12/2017,9:00,12450.5996,1582.65,2242.8701,1053.75,13501.2998,6896.77,3434.9199,1274.89,42437.7494,E2,N,N
08/12/2017,9:00,12087.9004,1629.42,2258.6299,1085.6,13132.4004,6886.1401,3358.6201,1259.33,41698.0409,E3,Y,N
08/12/2017,10:00,13846.8037,1736.9805,2328.3462,1170.5774,14624.4609,7489.1284,3623.6245,1499.9999,46319.9215,A3,N,N
08/12/2017,10:00,13721.2979,1800.1682,2358.4819,1208.1991,14947.9805,7549.1245,3656.5767,1466.4974,46708.3262,A6,N,N
08/12/2017,10:00,13361.4004,1764.88,2378.8201,1131.42,15010.2002,7597.4502,3761.27,1387.1899,46392.6308,E,N,N
08/12/2017,10:00,12802.7002,1595.92,2373.72,1044.74,14351.5996,7543.3301,3624.78,1379.41,44716.1999,E1,N,N
08/12/2017,10:00,13520.9004,1716.29,2327.23,1136.52,15057.2002,7620.5098,3756.77,1360.1801,46495.6005,E2,N,N
08/12/2017,10:00,13362,1790.17,2360.4099,1172.21,14444.7998,7578.8799,3721.3601,1329.52,45759.3497,E3,Y,N
08/12/2017,11:00,14971.0322,1917.3595,2425.8047,1265.6948,16076.3428,8274.5781,4008.0591,1588.1201,50526.9913,A3,N,N
08/12/2017,11:00,14793.3203,2001.9017,2458.4282,1315.0404,16471.8789,8369.8584,4082.0266,1570.6898,51063.1443,A6,N,N
08/12/2017,11:00,14894.0996,1913.86,2479.9299,1225.22,16373.7002,8314.0498,4153.3701,1485.27,50839.4996,E,N,N
08/12/2017,11:00,14140.4004,1744.27,2480.6799,1102.23,15737.4004,8318.2803,3985.8501,1483.51,48992.6211,E1,N,N
08/12/2017,11:00,15150.5,1874.83,2420.5701,1256.67,16482,8462.4902,4226.8599,1414.66,51288.5802,E2,N,N
08/12/2017,11:00,14729.2002,1941.49,2462.5,1252.9399,15876,8289.7803,4142.73,1432.16,50126.8004,E3,Y,N
08/12/2017,12:00,15592.2725,2047.0758,2512.5061,1337.3516,17448.3066,9015.2959,4347.5596,1674.7887,53975.1568,A3,N,N
08/12/2017,12:00,15584.0068,2162.3093,2535.6453,1396.2688,17873.1563,9057.5938,4388.9326,1671.4678,54669.3807,A6,N,N
08/12/2017,12:00,15589.7002,2038.2,2561.1499,1317.86,17965,9090.2598,4494.8501,1576.67,54633.69,E,N,N
08/12/2017,12:00,15150.2002,1927.97,2526.1799,1169.84,16881.3008,9038.2598,4349.21,1570.75,52613.7107,E1,N,N
08/12/2017,12:00,16137.7998,2016.8,2520.1101,1319.8,18093.3008,9166.5996,4575.3198,1542.02,55371.7501,E2,N,N
08/12/2017,12:00,15772.4004,2069.23,2545.0801,1330.62,17375.6992,9046.9297,4511.1602,1536.5,54187.6196,E3,Y,N
08/12/2017,13:00,15954.1006,2126.8816,2586.0037,1396.0542,18354.8672,9622.3223,4593.3838,1760.3392,56393.9526,A3,N,N
08/12/2017,13:00,16006.3301,2221.425,2606.7522,1460.1626,18927.9043,9702.8682,4643.043,1757.2046,57325.69,A6,N,N
08/12/2017,13:00,15954.2998,2152.3999,2632.3401,1390.3101,18801.8008,9750.8203,4778.8301,1647.8101,57108.6112,E,N,N
08/12/2017,13:00,16069.7002,2003.1899,2635.04,1230.03,18209.8008,9667.8701,4625.5098,1703.53,56144.6708,E1,N,N
08/12/2017,13:00,16156.2002,2117.1201,2586.21,1416.28,18954.9004,9801.0898,4812.4199,1635.38,57479.6004,E2,N,N
08/12/2017,13:00,16381.2998,2186.3799,2620.3301,1387.24,18682.6992,9675.3398,4818.4199,1610.59,57362.2987,E3,Y,N
08/12/2017,14:00,15919.0693,2220.5063,2663.0332,1415.6515,19216.623,10072.7588,4794.8838,1846.1619,58148.6878,A3,N,N
08/12/2017,14:00,16026.5029,2322.6423,2666.8455,1477.6945,19874.0469,10066.4268,4840.8857,1848.533,59123.5776,A6,N,N
08/12/2017,14:00,16003.5996,2255.52,2689.3601,1459.17,19663.9004,10302,4997.3501,1734.09,59104.9902,E,N,N
08/12/2017,14:00,16931.9004,2089.1201,2715.4199,1294.71,19242.3008,10303.5996,4868.0898,1786.92,59232.0606,E1,N,N
08/12/2017,14:00,15820.2002,2205.4299,2663.26,1439.85,19886.6992,10387,5052.4302,1681.0601,59135.9296,E2,N,N
08/12/2017,14:00,16524.1992,2292.5801,2683.54,1447.55,19721.8008,10233.2002,5051.6201,1707.33,59661.8204,E3,Y,N
08/12/2017,15:00,17394.6113,2278.1626,2728.2427,1455.4937,19790.3926,10312.3486,4998.1426,1909.007,60866.4011,A3,N,N
08/12/2017,15:00,17995.4336,2438.1755,2721.2883,1532.4187,20499.1875,10355.6992,5056.2813,1900.7188,62499.2029,A6,N,N
08/12/2017,15:00,16294.7002,2329.03,2738.8301,1508.38,20664.1992,10699.4004,5165.5898,1789.04,61189.1697,E,N,N
08/12/2017,15:00,17450,2138.6201,2766.8601,1340.54,19821.8008,10702.5,5012.3301,1804.3101,61036.9612,E1,N,N
08/12/2017,15:00,17091.4004,2288.9199,2734.8201,1467.6899,20671.9004,10790.0996,5165.7798,1790.51,62001.1201,E2,N,N
08/12/2017,15:00,16696,2373.5701,2736.5,1488.91,20472.5996,10686.7002,5234.9199,1765.58,61454.7798,E3,Y,N
08/12/2017,16:00,17348.0664,2327.7183,2755.416,1482.0461,20074.9219,10492.2383,5066.6113,1951.05,61498.0683,A3,N,N
08/12/2017,16:00,18142.7012,2513.4119,2755.4158,1552.7795,20826.959,10505.4404,5079.5776,1948.2208,63324.5062,A6,N,N
08/12/2017,16:00,16796.6992,2380.6799,2769.0601,1535.05,20845.5,10977.5996,5262.3101,1830.25,62397.1489,E,N,N
08/12/2017,16:00,17318.5,2211.5701,2766.6001,1380.37,20305.5996,11034.0996,5123.79,1840.4,61980.9294,E1,N,N
08/12/2017,16:00,16895.5,2323.28,2744.0601,1489.23,20914.5996,10927.2998,5251.2998,1810.04,62355.3093,E2,N,N
08/12/2017,16:00,17190.5,2431.6299,2767.6499,1512.55,20939.4004,11024.5,5317.1499,1801.12,62984.5001,E3,Y,N
08/12/2017,17:00,17435.5176,2337.4878,2772.7415,1478.6549,20816.6738,10778.6533,5092.4399,1999.1547,62711.3235,A3,N,N
08/12/2017,17:00,18139.0469,2526.3345,2782.5625,1538.9874,21567.0488,10811.4141,5140.1382,1997.9489,64503.4813,A6,N,N
08/12/2017,17:00,17560.5,2399.8799,2785.77,1540.6801,21351.1992,11236,5302.6899,1860.27,64036.9891,E,N,N
08/12/2017,17:00,17162.3008,2208.8999,2772.6699,1404.1899,21029,11200.0996,5134.4199,1940.76,62852.34,E1,N,N
08/12/2017,17:00,17604.4004,2345.1201,2756.29,1506.26,21328,10978.0996,5277.7798,1824.48,63620.4299,E2,N,N
08/12/2017,17:00,17554.6992,2454.3799,2782.97,1516.21,21207.1992,11294.5,5336.6201,1825.87,63972.4484,E3,Y,N
08/12/2017,18:00,17016.6055,2376.7256,2782.0239,1470.6942,20514.4512,10985.7412,5036.8379,1968.8036,62151.8831,A3,N,N
08/12/2017,18:00,17669.9883,2508.9709,2804.79,1513.5167,21357.293,10961.6553,5069.5601,2004.4286,63890.2029,A6,N,N
08/12/2017,18:00,17203.5996,2378.46,2775.54,1541.95,20721.5,11272.2998,5241.0098,1872.29,63006.6492,E,N,N
08/12/2017,18:00,16912.6992,2327.5701,2804.29,1393.05,20415.3008,11414.7002,5054.75,1937.8199,62260.1802,E1,N,N
08/12/2017,18:00,17163.5996,2371.5,2751.1499,1518.4301,20744.3008,11102.9004,5227.1299,1854.41,62733.4207,E2,N,N
08/12/2017,18:00,17440.5996,2431.95,2774.8899,1510.89,20922.5,11336.2002,5254.23,1830.54,63501.7997,E3,Y,N
08/12/2017,19:00,16546.707,2289.9365,2737.9436,1424.1924,19865.8027,10588.0537,4865.7119,1917.0616,60235.4094,A3,N,N
08/12/2017,19:00,16930.2109,2437.8704,2766.8003,1461.6737,20566.4238,10523.9092,4915.4204,1937.0233,61539.332,A6,N,N
08/12/2017,19:00,16854.0996,2299.8701,2749.6001,1501.33,20448.3008,11022.7998,5094.73,1835.88,61806.6104,E,N,N
08/12/2017,19:00,16187.5,2181.05,2777.45,1341.63,19749.9004,11157.5,4878.46,1876.35,60149.8404,E1,N,N
08/12/2017,19:00,16740.6992,2281.5,2744.46,1442.36,20261.9004,10763.2002,5106.7402,1813.4399,61154.2999,E2,N,N
08/12/2017,19:00,16835.3008,2332.3101,2743.47,1460.23,20210.4004,11073.7002,5083.23,1783.8,61522.4415,E3,Y,N
08/12/2017,20:00,16027.1035,2175.3135,2678.7693,1347.8887,19097.3379,10224.7891,4672.8975,1890.2126,58114.3121,A3,N,N
08/12/2017,20:00,16281.3418,2344.332,2702.0095,1376.944,19629.252,10218.2539,4721.9609,1900.8967,59174.9908,A6,N,N
08/12/2017,20:00,15750.5996,2192.8701,2709.5801,1445.64,19536.5,10505.2998,4875.2002,1792.24,58807.9298,E,N,N
08/12/2017,20:00,15983.0996,1982.45,2692.3301,1254.1,19138.9004,10778.7002,4680.0898,1861.27,58370.9401,E1,N,N
08/12/2017,20:00,16124.7002,2166.5701,2676.77,1375.71,19387.4004,10622.2998,4916.4102,1726.78,58996.6407,E2,N,N
08/12/2017,20:00,16027.0996,2215.53,2693.8601,1407.12,19153.6992,10526.7002,4844.9902,1728.84,58597.8393,E3,Y,N
08/12/2017,21:00,15727.9551,2127.5847,2611.564,1285.3962,18306.7031,9871.6699,4562.2964,1835.9987,56329.1681,A3,N,N
08/12/2017,21:00,15854.0127,2276.0051,2632.3643,1303.4836,18861.2988,9937.1328,4626.0229,1849.038,57339.3582,A6,N,N
08/12/2017,21:00,15790.7002,2148.4199,2664.0701,1380.74,18668,10078.7002,4737.7998,1748.6,57217.0302,E,N,N
08/12/2017,21:00,15585.7998,2103.3201,2639.75,1206.38,18387.5,10456.2002,4626.7402,1817.38,56823.0703,E1,N,N
08/12/2017,21:00,15916.9004,2150.49,2616.6299,1332.34,18572.3008,10123.7998,4809.7998,1692.67,57214.9307,E2,N,N
08/12/2017,21:00,15591.5996,2169.75,2640.6299,1362.4,18417.4004,10110.5996,4711.5801,1681.78,56685.7396,E3,Y,N
08/12/2017,22:00,15398.4121,2069.166,2588.335,1253.1732,17630.6133,9640.917,4419.561,1807.5031,54807.6807,A3,N,N
08/12/2017,22:00,15642.2246,2204.4897,2595.4309,1266.2529,18173.9023,9747.9424,4474.7993,1836.3213,55941.3634,A6,N,N
08/12/2017,22:00,15145.2998,2067.1899,2633.6899,1361.27,18026.9004,9694.1904,4574.5298,1734.22,55237.2902,E,N,N
08/12/2017,22:00,15347.5996,1982.73,2644.6899,1183.75,17888.4004,10079.7998,4465.0801,1802.8199,55394.8697,E1,N,N
08/12/2017,22:00,15139.7998,2079.8601,2591.3501,1298.86,17863.1992,9932.2598,4591.2598,1651.36,55147.9488,E2,N,N
08/12/2017,22:00,15020.9004,2085.1899,2609.8999,1337.6801,17670.5996,9716.3301,4529.8101,1664.83,54635.2401,E3,Y,N
08/12/2017,23:00,14664.2891,1953.5917,2512.5046,1161.9595,16362.3477,9072.9473,4158.522,1716.7347,51602.8966,A3,N,N
08/12/2017,23:00,14883.0283,2068.5247,2528.8774,1175.6809,16827.4336,9131.0293,4205.8882,1729.8508,52550.3132,A6,N,N
08/12/2017,23:00,14554.2998,1926.6801,2566.95,1261.34,16917.8008,9100.9297,4319.6602,1636.3199,52283.9805,E,N,N
08/12/2017,23:00,14447.5996,1885.3199,2535.99,1116.11,16460.4004,9368.5303,4128.4702,1659.96,51602.3804,E1,N,N
08/12/2017,23:00,14623.5,1930.23,2507.3101,1254.02,17015.8008,9088.3203,4331.5098,1532.13,52282.821,E2,N,N
08/12/2017,23:00,14273.2002,1941.5699,2545.55,1252.74,16642.5,9116.1104,4276.2998,1568.6899,51616.6602,E3,Y,N
08/12/2017,24:00,13791.4697,1782.3049,2428.2178,1072.4958,15240.8818,8439.502,3897.9241,1634.6711,48287.4672,A3,N,N
08/12/2017,24:00,14044.8691,1872.5883,2448.115,1099.647,15591.9736,8478.084,3936.5786,1656.0946,49127.9502,A6,N,N
08/12/2017,24:00,13638.5,1785.61,2482.8101,1178.26,15725.4004,8448.2598,4077.8101,1562.92,48899.5704,E,N,N
08/12/2017,24:00,13472.2998,1688.1801,2461.0701,1034.26,15068.9004,8667.3301,3888.2,1610.23,47890.4705,E1,N,N
08/12/2017,24:00,13710.2002,1780.1801,2439.6001,1138.49,15793.5,8499.3496,4080.45,1451.16,48892.93,E2,N,N
08/12/2017,24:00,13469.2002,1798.83,2466.78,1170.14,15512.0996,8453.1602,4035.3301,1493.01,48398.5501,E3,Y,N
08/13/2017,1:00,13189.3135,1688.4808,2318.6807,986.5674,14126.6846,7704.585,3690.9495,1534.2094,45239.4709,A3,N,N
08/13/2017,1:00,13480.2363,1744.7943,2347.1506,1021.8499,14559.1807,7847.9517,3735.3977,1530.6948,46267.256,A6,N,N
08/13/2017,1:00,12865.5996,1650.36,2364.73,1109.95,14523,7813.27,3810.6001,1417.4,45554.9097,E,N,N
08/13/2017,1:00,12690.5,1677.46,2320.24,962.46,13912.7998,7996.3701,3685.1201,1570.16,44815.11,E1,N,N
08/13/2017,1:00,12861.5996,1652.21,2365.8999,1047.96,14576.4004,7939.0298,3847,1392.58,45682.6797,E2,N,N
08/13/2017,1:00,12649.5996,1669.67,2357.54,1104.47,14170.2998,7827.6401,3763.3601,1349.8199,44892.3995,E3,Y,N
08/13/2017,2:00,12651.5703,1600.1454,2261.8328,967.5526,13357.9766,7191.6455,3491.915,1473.7513,42996.3895,A3,N,N
08/13/2017,2:00,12861.3115,1653.5111,2290.6914,1010.3854,13649.1943,7290.1724,3538.5374,1465.7762,43759.5797,A6,N,N
08/13/2017,2:00,12320.4004,1549.9301,2300.0601,1064.65,13760.0996,7244.5801,3599.0901,1347.13,43185.9404,E,N,N
08/13/2017,2:00,12236.2998,1544.36,2287.8601,861.126,13040.7998,7384.5698,3450.9299,1449.21,42255.1554,E1,N,N
08/13/2017,2:00,12093.5,1544.03,2300.28,987.958,13769,7760.1499,3632.4199,1332.96,43420.2978,E2,N,N
08/13/2017,2:00,11980.4004,1568.03,2295.5,1057.74,13288.5996,7280.9702,3553.75,1285.21,42310.2002,E3,Y,N
08/13/2017,3:00,12135.3574,1508.9192,2226.2876,943.1818,12770.0557,6795.9966,3339.5593,1433.2748,41152.6324,A3,N,N
08/13/2017,3:00,12309.4219,1568.7209,2256.2798,983.4251,12962.0449,6866.1787,3378.7319,1414.1682,41738.9714,A6,N,N
08/13/2017,3:00,11522.5,1466.39,2252.0801,1019.05,13069.7002,6807.5698,3423.6699,1293.21,40854.17,E,N,N
08/13/2017,3:00,11570.4004,1459.7,2291.6001,860.224,12296.7002,7129.46,3331,1392.1899,40331.2746,E1,N,N
08/13/2017,3:00,11600.2002,1445.99,2253.3501,935.738,13075.7998,6917.8301,3447.21,1259.08,40935.1982,E2,N,N
08/13/2017,3:00,11490.9004,1484.91,2248.0901,1025.73,12651.5,6870.2998,3384.8301,1230.4301,40386.6905,E3,Y,N
08/13/2017,4:00,11788.4756,1468.0394,2198.9922,924.2274,12408.3047,6453.105,3201.5437,1396.0996,39838.7876,A3,N,N
08/13/2017,4:00,11921.8662,1529.146,2228.0642,944.2966,12605.3613,6523.9238,3232.9424,1377.2755,40362.876,A6,N,N
08/13/2017,4:00,11321.7998,1415.79,2223.0701,989.799,12607.4004,6469.8799,3295.8899,1256.9399,39580.569,E,N,N
08/13/2017,4:00,11299.5,1417.1,2209.6699,834.116,11999.5,6652.8599,3182.25,1288.22,38883.2158,E1,N,N
08/13/2017,4:00,11303.4004,1413.89,2221.4299,937.072,12627.5996,6555.3999,3314.6599,1226.8199,39600.2716,E2,N,N
08/13/2017,4:00,11137.4004,1435.91,2217.8701,994.404,12175.0996,6554.3599,3247.6001,1197.6899,38960.334,E3,Y,N
08/13/2017,5:00,11500.6455,1454.0466,2171.0718,879.2964,12071.6709,6236.0264,3102.0864,1370.0217,38784.8657,A3,N,N
08/13/2017,5:00,11618.542,1502.1311,2195.7957,907.5979,12184.2217,6367.561,3143.6152,1357.4124,39276.877,A6,N,N
08/13/2017,5:00,11031,1390.6,2200.45,982.587,12170.2002,6252.8398,3206.5701,1233.78,38468.0271,E,N,N
08/13/2017,5:00,11017.7998,1390.74,2166.8899,835.679,11723.4004,6461.0898,3053.1599,1351.5,38000.2588,E1,N,N
08/13/2017,5:00,11115.7998,1366.2,2210.0601,918.17,12297.5996,6291.8501,3206.9299,1183.27,38589.8795,E2,N,N
08/13/2017,5:00,10927.7002,1416.51,2194.96,987.746,11895.2998,6360.2002,3152.1799,1181.37,38115.9661,E3,Y,N
08/13/2017,6:00,11338.7539,1438.0139,2149.6536,863.2272,11705.96,6066.793,3023.6838,1355.1174,37941.2028,A3,N,N
08/13/2017,6:00,11458.332,1487.783,2181.3037,894.721,11857.2139,6127.9771,3077.48,1334.2318,38419.0425,A6,N,N
08/13/2017,6:00,11032.2002,1395.66,2195.6499,973.119,12096.2002,6174.7798,3165.3701,1223.92,38256.8992,E,N,N
08/13/2017,6:00,10837.2002,1357.77,2199.7,823.833,11427.5996,6229.5,3040.5801,1312.72,37228.9029,E1,N,N
08/13/2017,6:00,11120.5,1415.58,2198.0801,910.571,12118.4004,6193.3999,3176.4299,1184.87,38317.8313,E2,N,N
08/13/2017,6:00,10880.0996,1423.33,2187.4299,983.092,11845.2002,6279.1499,3121.22,1175.6,37895.1216,E3,Y,N
08/13/2017,7:00,11187.8398,1431.1965,2136.6179,853.1956,11527.7012,6003.6006,2964.4756,1344.3643,37448.9915,A3,N,N
08/13/2017,7:00,11310.6436,1487.4064,2175.1545,884.4477,11571.7021,6089.5625,2992.9902,1320.3929,37832.2999,A6,N,N
08/13/2017,7:00,10986.2002,1423.64,2202.74,981.002,12192.2002,6164.96,3169.6001,1220.5,38340.8425,E,N,N
08/13/2017,7:00,10715,1373.71,2189.4099,790.949,11370.4004,6135.2202,3019.0601,1343.02,36936.7696,E1,N,N
08/13/2017,7:00,11096.5996,1417.66,2191.7,938.099,12066.7002,6279.6499,3213.79,1177.5,38381.6987,E2,N,N
08/13/2017,7:00,10901.7998,1456.39,2195.1299,1003.82,11933.4004,6281.2202,3161.0601,1174.88,38107.7004,E3,Y,N
08/13/2017,8:00,11389.8486,1445.6799,2126.4495,866.2656,11877.7783,6082.4297,2951.4333,1353.4011,38093.286,A3,N,N
08/13/2017,8:00,11411.5859,1504.2449,2159.939,899.7366,11879.7031,6182.6963,2976.792,1321.4362,38336.134,A6,N,N
08/13/2017,8:00,11160.0996,1452.12,2189.9099,989.539,12125.7998,6160.0698,3117.6201,1222.4399,38417.5981,E,N,N
08/13/2017,8:00,10852.4004,1393.17,2169.73,846.59,11889.0996,6338.2202,3008.3401,1397.65,37895.2003,E1,N,N
08/13/2017,8:00,11160.9004,1444.5,2167,956.097,12172.7002,6199.1499,3174.25,1196.61,38471.2075,E2,N,N
08/13/2017,8:00,10848.0996,1485,2184.26,1017.5,11894.5996,6253.3101,3098.3799,1179.74,37960.8892,E3,Y,N
08/13/2017,9:00,12256.2363,1598.5803,2194.3706,969.5175,12790.1465,6556.1128,3172.5686,1404.1637,40941.6963,A3,N,N
08/13/2017,9:00,12203.1436,1658.5259,2228.8525,1004.8127,12958.8555,6553.7085,3210.3738,1365.7325,41184.005,A6,N,N
08/13/2017,9:00,11814.4004,1577.2,2240.05,1044.46,13018.7002,6657.8701,3331.5601,1270.12,40954.3608,E,N,N
08/13/2017,9:00,11735,1426.3199,2236.1299,904.297,12546.5,6853.23,3272.46,1308.59,40282.5268,E1,N,N
08/13/2017,9:00,12033.4004,1568.95,2221.1001,978.981,13045.9004,6659.9102,3352.22,1261.88,41122.3421,E2,N,N
08/13/2017,9:00,11645.9004,1601.08,2235.0801,1065.89,12584.5996,6726.5698,3275.1299,1224.3,40358.5498,E3,Y,N
08/13/2017,10:00,13253.8799,1752.8163,2285.7571,1077.8608,14060.5869,7234.8042,3490.0576,1474.7748,44630.5376,A3,N,N
08/13/2017,10:00,13254.4678,1821.2568,2333.7778,1142.7311,14386.1494,7273.751,3532.9978,1449.4423,45194.574,A6,N,N
08/13/2017,10:00,12970.7002,1723.88,2339.71,1107.58,14239.7998,7420.8799,3694.6201,1345.95,44843.12,E,N,N
08/13/2017,10:00,12718.5996,1554.42,2353.05,1000.8,13806.4004,7501.9702,3586.6399,1399.21,43921.0901,E1,N,N
08/13/2017,10:00,13089.4004,1695.52,2304.3999,1080.85,14285.2998,7401.1299,3683.03,1336.98,44876.61,E2,N,N
08/13/2017,10:00,12833.7998,1740.5,2334.3401,1147.7,13756,7470.27,3636.9199,1288,44207.5298,E3,Y,N
08/13/2017,11:00,14545.0586,1877.6831,2374.5227,1134.4586,15364.5098,7990.3379,3882.9431,1566.4884,48736.0022,A3,N,N
08/13/2017,11:00,14548.0703,1971.7332,2429.386,1221.7745,15777.1533,8070.7334,3945.7761,1562.01,49526.6368,A6,N,N
08/13/2017,11:00,14512.9004,1841.89,2449.1699,1158.3199,15333.5996,8196.2002,4080.8401,1440.4,49013.3201,E,N,N
08/13/2017,11:00,13995.7002,1687.76,2430.6699,1053.22,15109.5,8280.4297,3934.0701,1497.5,47988.8499,E1,N,N
08/13/2017,11:00,14751.5,1826.45,2391.6799,1153.75,15460.2998,8303.6602,4126.7998,1404.53,49418.6697,E2,N,N
08/13/2017,11:00,14096.5,1852.88,2438.5701,1211.3,15056.9004,8211.2402,4037.24,1370.16,48274.7907,E3,Y,N
08/13/2017,12:00,15439.5215,1978.0331,2472.8057,1197.8086,16415.1211,8680.8682,4262.9351,1638.2646,52085.3579,A3,N,N
08/13/2017,12:00,15591.3203,2127.001,2513.1135,1286.698,16957.4219,8747.3018,4281.6577,1648.4194,53152.9336,A6,N,N
08/13/2017,12:00,15238.4004,1944.12,2542.46,1212.04,16674.0996,9024.5703,4427.5601,1534.23,52597.4804,E,N,N
08/13/2017,12:00,15050.2002,1847.2,2492.8999,1077.99,16017.4004,8991.0098,4295.0801,1559.91,51331.6904,E1,N,N
08/13/2017,12:00,15797.7998,1943.85,2476.52,1180.29,16909.4004,9042.5,4482.2202,1502.04,53334.6204,E2,N,N
08/13/2017,12:00,15214.7998,1958.23,2527.27,1278.28,16427.0996,8995.0801,4420.52,1453.47,52274.7495,E3,Y,N
08/13/2017,13:00,16132.0244,2076.1155,2566.0364,1279.7007,17381.6484,9358.2285,4492.5098,1707.7599,54994.0236,A3,N,N
08/13/2017,13:00,16136.0967,2228.4797,2595.6147,1362.9459,18009.0859,9427.0488,4506.1147,1718.8949,55984.2813,A6,N,N
08/13/2017,13:00,15967.9004,2055.95,2628.75,1255.52,17586.6992,9762.5098,4722.3799,1625.39,55605.0993,E,N,N
08/13/2017,13:00,15901.2998,1914.22,2596.7,1136.65,17337.5996,9625.2803,4567.3999,1691.99,54771.1396,E1,N,N
08/13/2017,13:00,16045,2033.74,2553.4199,1258.9,17761.5996,9697.5,4751.27,1621.22,55722.6495,E2,N,N
08/13/2017,13:00,16103.2002,2081.8899,2611.3401,1322.33,17743.1992,9661.8301,4745.4502,1536.37,55805.6097,E3,Y,N
08/13/2017,14:00,16494.8457,2151.3738,2636.2156,1304.47,18423.6172,9939.2197,4727.0049,1790.3088,57467.0557,A3,N,N
08/13/2017,14:00,16220.0029,2318.4998,2651.03,1388.7957,19014.1777,9910.3477,4718.7661,1812.4406,58034.0605,A6,N,N
08/13/2017,14:00,15993.7998,2160.6101,2695.3401,1303.61,18604.9004,10371.2998,4959.3701,1716.0699,57805.0002,E,N,N
08/13/2017,14:00,16715.6992,1989.1899,2681.51,1189.59,18304.3008,10251.2002,4806.4902,1744.27,57682.2503,E1,N,N
08/13/2017,14:00,15877.4004,2152.02,2633.52,1291.76,18662.8008,10387.2002,5014.9199,1683.92,57703.5413,E2,N,N
08/13/2017,14:00,16580.9004,2193.99,2677.4399,1376.79,18802.6992,10245.7998,5004.02,1629.85,58511.4893,E3,Y,N
08/13/2017,15:00,17473.252,2189.7671,2709.2871,1317.3542,19152.8164,10236.7246,4934.5898,1853.7582,59867.5494,A3,N,N
08/13/2017,15:00,17918.6152,2433.0327,2707.9121,1426.9033,19850.9004,10276.6689,4924.8335,1866.3148,61405.1809,A6,N,N
08/13/2017,15:00,16469.5,2230.75,2746.8601,1342.2,19452.5996,10817.4004,5138.75,1776.53,59974.5901,E,N,N
08/13/2017,15:00,17215.9004,2030.08,2732.7,1222.4,18810.1992,10656.4004,4955.1699,1776.95,59399.7999,E1,N,N
08/13/2017,15:00,16996.8008,2208.5701,2682.02,1335.99,19394.5,10821.9004,5174.1201,1763.11,60377.0114,E2,N,N
08/13/2017,15:00,16896.8008,2277.28,2729.6101,1410.64,19582.4004,10701.5,5207.3101,1695.24,60500.7814,E3,Y,N
08/13/2017,16:00,17426.6836,2257.9324,2749.7029,1332.7639,19857.5176,10450.085,5048.5845,1894.7964,61018.0663,A3,N,N
08/13/2017,16:00,17881.5879,2496.9551,2745.3804,1442.5769,20555.3887,10420.4102,5017.4561,1898.2649,62458.0202,A6,N,N
08/13/2017,16:00,16887.4004,2270.96,2765.5901,1366.92,19764,11129,5244.1299,1815.92,61243.9204,E,N,N
08/13/2017,16:00,17082,2105.4299,2730.4199,1245.54,19501.6992,11009.2002,5095.1899,1833.13,60602.6091,E1,N,N
08/13/2017,16:00,16845.5996,2236.48,2708.48,1360.73,19802.5,10965.5,5252.9199,1774.63,60946.8395,E2,N,N
08/13/2017,16:00,17226.0996,2329.95,2752.0601,1429.91,20075.6992,11020.5996,5324.0801,1736.46,61894.8586,E3,Y,N
08/13/2017,17:00,17412.5371,2267.8486,2767.0593,1362.1444,20248.1406,10923.4482,5063.7983,1942.3959,61987.3724,A3,N,N
08/13/2017,17:00,18000.5195,2522.8787,2776.3467,1447.8993,21137.9199,11023.1396,5078.6299,1934.1248,63921.4584,A6,N,N
08/13/2017,17:00,17527.0996,2295.3501,2768.5601,1380.83,20087.5,11389.7002,5297.3701,1831.24,62577.6501,E,N,N
08/13/2017,17:00,16898.5,2129.99,2726.8101,1251.7,20117.6992,11270.0996,5110.3799,1908.65,61413.8288,E1,N,N
08/13/2017,17:00,17415.9004,2279.0701,2719.6299,1279.37,20096.5,11079.4004,5300.7798,1778.9399,61949.5905,E2,N,N
08/13/2017,17:00,17471.6992,2364.3501,2759.22,1436.88,20248.5996,11259.9004,5363.04,1759.02,62662.7093,E3,Y,N
08/13/2017,18:00,17157.377,2315.7673,2766.1553,1359.9841,19831.7676,10685.5352,5033.3018,1924.3365,61074.2248,A3,N,N
08/13/2017,18:00,17626.2266,2527.6572,2787.5132,1429.7202,20753.207,10666.1328,5062.3804,1932.6656,62785.503,A6,N,N
08/13/2017,18:00,17154.0996,2281.6001,2736.29,1404.84,19754.5,11463.7002,5264.8999,1841.03,61900.9598,E,N,N
08/13/2017,18:00,16681.3008,2225.0801,2728.3899,1286.92,19171.3008,11165.2998,5057.4199,1926.74,60242.4513,E1,N,N
08/13/2017,18:00,17074.8008,2314.47,2729,1354.9,19759.3008,11228.0996,5278.5,1822.96,61562.0312,E2,N,N
08/13/2017,18:00,17361.9004,2352.3,2736.49,1440.24,20090.9004,11285.9004,5297.3101,1770.08,62335.1213,E3,Y,N
08/13/2017,19:00,16696.2988,2251.8835,2719.3264,1302.8857,19170.4141,10471.6182,4902.6563,1905.2753,59420.3583,A3,N,N
08/13/2017,19:00,16923.8438,2460.176,2749.0476,1375.4854,19887.5957,10440.4785,4930.5664,1894.201,60661.3944,A6,N,N
08/13/2017,19:00,16859.5,2212.8201,2693.25,1393.78,19558.6992,11275.5996,5150.5298,1803.3199,60947.4986,E,N,N
08/13/2017,19:00,16046.5,2113.6599,2724,1237.8,18696.5,11098.2002,4879.02,1865.14,58660.8201,E1,N,N
08/13/2017,19:00,16790.6992,2245.4399,2657.53,1342.36,19322.8008,10895.4004,5190.4302,1792,60236.6605,E2,N,N
08/13/2017,19:00,16818.9004,2279.98,2696.0901,1403.7,19379.4004,11049.2002,5162,1736.27,60525.5411,E3,Y,N
08/13/2017,20:00,15951.2588,2154.9873,2649.9382,1230.9146,18284.8496,10110.3223,4722.8608,1879.9463,56985.0779,A3,N,N
08/13/2017,20:00,16051.3652,2353.3806,2674.0217,1299.2994,18856.2051,10147.2314,4766.9946,1856.4037,58004.9017,A6,N,N
08/13/2017,20:00,15943.5,2132.76,2642.1499,1375.64,18692,10814.2998,4966.7402,1752.64,58319.7299,E,N,N
08/13/2017,20:00,15693.9004,1929.63,2640.4199,1162.12,18070.5,10661.2998,4686.6699,1854.73,56699.27,E1,N,N
08/13/2017,20:00,16221.7998,2163.3899,2603.4299,1323.46,18406.1992,10770.9004,5007,1723.51,58219.6892,E2,N,N
08/13/2017,20:00,16112.5996,2191.03,2645.45,1374.2,18487.0996,10520.7002,4956.7002,1684.42,57972.1996,E3,Y,N
08/13/2017,21:00,15767.4248,2095.0688,2584.5471,1183.9473,17700.1914,9747.8545,4610.4072,1819.5037,55508.9448,A3,N,N
08/13/2017,21:00,15786.0068,2284.959,2602.7329,1237.8273,18238.2539,9837.2979,4668.9932,1805.5455,56461.6165,A6,N,N
08/13/2017,21:00,16095.7998,2108.9099,2600.6101,1338.5601,18246.5996,10398.0996,4866.29,1706.47,57361.3391,E,N,N
08/13/2017,21:00,15492.2998,2018.8199,2585.0701,1116.96,17479.6992,10332.4004,4646.4102,1814.39,55486.0496,E1,N,N
08/13/2017,21:00,16114.7998,2134.04,2545.22,1264.3199,18004.4004,10283.2002,4916.75,1673.72,56936.4503,E2,N,N
08/13/2017,21:00,15757,2163.5601,2601.8401,1343.6899,17927.0996,10143.5,4870.4302,1640.25,56447.3699,E3,Y,N
08/13/2017,22:00,15383.8574,2032.1217,2570.0583,1162.8933,17311.4238,9494.7197,4493.3179,1787.1527,54235.5448,A3,N,N
08/13/2017,22:00,15502.2559,2214.6526,2576.8787,1199.1373,17732.7441,9716.7002,4546.394,1793.1056,55281.8684,A6,N,N
08/13/2017,22:00,15267,2030.34,2572.7,1325.67,17654.0996,9976.5596,4721.27,1672.11,55219.7492,E,N,N
08/13/2017,22:00,15093.5996,1908.21,2595.2,1105.1,17075.3008,9987.5703,4466.6899,1787.52,54019.1906,E1,N,N
08/13/2017,22:00,15272,2080.9299,2539.3201,1220.88,17474.3008,10193.2002,4704.1201,1622.2,55106.9511,E2,N,N
08/13/2017,22:00,15154,2079.3999,2575.3501,1320.65,17198.1992,9745.54,4696.0898,1611.76,54380.989,E3,Y,N
08/13/2017,23:00,14384.5996,1928.1825,2483.126,1090.0901,15924.0645,8802.457,4206.894,1695.3328,50514.7465,A3,N,N
08/13/2017,23:00,14580.7236,2090.4407,2495.3481,1114.9252,16309.5293,8973.1113,4257.2046,1694.9073,51516.1901,A6,N,N
08/13/2017,23:00,14651.0996,1873.42,2499.78,1219.41,16592.1992,9255.5303,4426.1401,1557.28,52074.8592,E,N,N
08/13/2017,23:00,14159.0996,1817.1899,2480.6399,1071.64,15807,9258.9502,4097.4399,1638.98,50330.9395,E1,N,N
08/13/2017,23:00,14676.7998,1923.08,2443.6101,1141.86,16616.4004,9163.3896,4420.4399,1488.15,51873.7298,E2,N,N
08/13/2017,23:00,14264.5,1921.41,2502.1599,1216.9301,15971.0996,9072.25,4376.9199,1509.87,50835.1395,E3,Y,N
08/13/2017,24:00,13429.0195,1742.74,2385.5322,986.3878,14724.2598,8066.4243,3911.6555,1601.8684,46847.8875,A3,N,N
08/13/2017,24:00,13575.6865,1867.3412,2397.6584,1025.1139,15026.3838,8221.0361,3939.0728,1616.3743,47668.667,A6,N,N
08/13/2017,24:00,13502.2998,1722.8,2413.52,1127.1801,15176.9004,8455.5303,4106.8198,1465.96,47971.0104,E,N,N
08/13/2017,24:00,13286.7998,1620.85,2413.47,981.774,14510.7998,8549.2305,3875.6499,1589.01,46827.584,E1,N,N
08/13/2017,24:00,13581.5,1740.53,2362.1299,1019.76,15280.0996,8467.2197,4108.3501,1416.3101,47975.8994,E2,N,N
08/13/2017,24:00,13251.0996,1772.76,2414.0701,1120.1899,14635.7998,8324.1504,4046.76,1416.8199,46981.6497,E3,Y,N
