DeliveryDate,HourEnding,Coast,East,FarWest,North,NorthCentral,SouthCentral,Southern,West,SystemTotal,Model,InUseFlag,DSTFlag
06/16/2018,1:00,12811.877,1766.668,2892.7412,1078.7297,15262.7969,7205.0283,3609.1411,1529.8987,46156.8809,A3,N,N
06/16/2018,1:00,12985.6172,1784.9305,2886.0793,1111.4332,15293.2432,7246.3042,3608.8896,1531.96,46448.4572,A6,N,N
06/16/2018,1:00,12805.7998,1783.63,2948.78,1115.6899,15441.2002,7359.5601,3653.6699,1537.5699,46645.8998,E,N,N
06/16/2018,1:00,12818.2002,1737.54,3028.48,1166.62,15060.2998,7310.8101,3674.6101,1454.33,46250.8902,E1,N,N
06/16/2018,1:00,12615.9004,1763.75,2967.8401,1137.22,15390.2002,7302.23,3637.6201,1519.53,46334.2908,E2,N,N
06/16/2018,1:00,12807.7002,1773.78,2948.0801,1121.8,15441.2002,7359.5601,3668.3201,1516.34,46636.7807,E3,N,N
06/16/2018,1:00,12807.5176,1768.3832,2945.3335,1121.9155,15314.8232,7297.2485,3642.042,1514.938,46412.2015,M,Y,N
06/16/2018,2:00,12198.1738,1634.1287,2926.4604,1069.9814,14506.2998,6852.6758,3493.7158,1461.9386,44143.3743,A3,N,N
06/16/2018,2:00,12249.8457,1634.5901,2941.9292,1076.5427,14583.3877,6873.5737,3465.749,1479.6991,44305.3172,A6,N,N
06/16/2018,2:00,12297,1662.28,2989.8799,1062.33,14829.2002,6759.4902,3460.6299,1476.71,44537.5202,E,N,N
06/16/2018,2:00,12179.2002,1609,2982.4399,1061.34,14248.0996,6625.02,3454.4099,1389.85,43549.3596,E1,N,N
06/16/2018,2:00,12240.2002,1664.89,2934.01,1067.01,14720.9004,6809.9199,3458.22,1464.03,44359.1805,E2,N,N
06/16/2018,2:00,12287.9004,1655.1801,2983.9399,1057.67,14829.2002,6759.4902,3451.5801,1482.48,44507.4409,E3,N,N
06/16/2018,2:00,12242.0537,1643.345,2959.7766,1065.8124,14619.5146,6780.0293,3464.051,1459.1179,44233.7005,M,Y,N
06/16/2018,3:00,11761.0498,1582.8019,2850.8486,1020.2759,13780.2031,6509.1636,3303.4592,1431.9458,42239.7479,A3,N,N
06/16/2018,3:00,11761.7549,1582.4167,2861.3301,1024.2407,13843.8848,6504.9863,3286.865,1444.0427,42309.5212,A6,N,N
06/16/2018,3:00,11750.7998,1592.5,2887.23,1028.55,13850.7002,6529.2598,3319.3999,1421.25,42379.6897,E,N,N
06/16/2018,3:00,11615.7998,1521.71,2866.3899,1083.76,13183.7998,6375.3901,3320.77,1337.87,41305.4896,E1,N,N
06/16/2018,3:00,11774.9004,1588.36,2886.9399,1030.84,13905.7998,6519.0698,3312.3401,1417.72,42435.97,E2,N,N
06/16/2018,3:00,11752.2998,1571.5601,2892.6299,1026.23,13850.7002,6529.2598,3312.4299,1419.51,42354.6197,E3,N,N
06/16/2018,3:00,11736.1016,1573.2249,2874.2283,1035.6494,13735.8486,6494.5215,3309.2109,1412.0564,42170.8416,M,Y,N
06/16/2018,4:00,11370.3721,1513.9893,2831.1628,984.7722,13294.4668,6323.7056,3215.3772,1369.9552,40903.8012,A3,N,N
06/16/2018,4:00,11507.5342,1495.8097,2834.1565,985.4432,13223.2549,6336.5952,3185.9143,1393.6453,40962.3533,A6,N,N
06/16/2018,4:00,11429.7002,1485.5699,2817.25,1009.29,13263.7998,6341.5498,3194.0801,1433.2,40974.4398,E,N,N
06/16/2018,4:00,11205.4004,1449.47,2877.8999,1085.01,12558.7998,6170.4502,3195.3899,1292.71,39835.1302,E1,N,N
06/16/2018,4:00,11437.5,1499.35,2811.4099,1003.92,13294.9004,6326.0498,3187.8201,1409.33,40970.2802,E2,N,N
06/16/2018,4:00,11430.2002,1488.09,2813.3,1002.05,13263.7998,6341.5498,3189.1399,1440.5699,40968.6996,E3,N,N
06/16/2018,4:00,11396.7852,1488.7133,2830.8633,1011.7476,13149.8359,6306.6504,3194.6206,1389.9017,40769.118,M,Y,N
06/16/2018,5:00,11056.5225,1493.6191,2805.8501,969.0439,12784.2764,6213.085,3090.1934,1361.7004,39774.2908,A3,N,N
06/16/2018,5:00,11088.4482,1496.8615,2778.9377,968.4695,12780.6592,6215.7251,3082.1724,1366.6732,39777.9468,A6,N,N
06/16/2018,5:00,11205,1495.9,2788.21,984.452,12978.5,6232.23,3104.1499,1391.33,40179.7719,E,N,N
06/16/2018,5:00,10978.7998,1444.6,2865.95,996.783,12326.2998,5973.6602,3114.77,1278.76,38979.6228,E1,N,N
06/16/2018,5:00,11245.2002,1495.13,2778.54,976.49,12983.5996,6207.6201,3104.21,1381.84,40172.6299,E2,N,N
06/16/2018,5:00,11204.4004,1491.16,2784.3899,980.131,12978.5,6232.23,3101.4199,1399.79,40172.0212,E3,N,N
06/16/2018,5:00,11129.7295,1486.2117,2800.313,979.2283,12805.3066,6179.0918,3099.4861,1363.349,39842.716,M,Y,N
06/16/2018,6:00,11155.2002,1455.1075,2764.0923,977.0877,12726.8311,6180.7803,3047.1758,1367.0293,39673.3042,A3,N,N
06/16/2018,6:00,11218.9336,1456.7656,2760.5784,964.5529,12579.5908,6156.6548,3038.603,1360.5374,39536.2165,A6,N,N
06/16/2018,6:00,11188.0996,1453.42,2784.23,976.624,12876.2002,6192.6699,3069.99,1373.05,39914.2837,E,N,N
06/16/2018,6:00,10997.5,1370.6,2842.8401,1014.17,12017.7002,5969.1201,3099.04,1243.92,38554.8904,E1,N,N
06/16/2018,6:00,11178.9004,1461.92,2784.6201,976.006,12835.0996,6192.27,3074.76,1337.22,39840.7961,E2,N,N
06/16/2018,6:00,11184.4004,1467.92,2782.8,983.339,12876.2002,6192.6699,3076.01,1343.51,39906.8495,E3,N,N
06/16/2018,6:00,11153.8398,1444.2889,2786.5269,981.9633,12651.9375,6147.3613,3067.5967,1337.5446,39571.059,M,Y,N
06/16/2018,7:00,11073.0439,1439.9473,2760.854,940.951,12518.8057,6088.8262,2997.1008,1307.3276,39126.8565,A3,N,N
06/16/2018,7:00,10949.3945,1440.173,2779.7971,937.0912,12335.5254,6060.5254,2983.1992,1284.0461,38769.7519,A6,N,N
06/16/2018,7:00,11160.7998,1472.29,2798.1299,978.838,12643.5996,6241.0298,3059.8,1305.46,39659.9471,E,N,N
06/16/2018,7:00,10863.0996,1377.37,2811.79,1002.87,11904.4004,6030.2202,3098.71,1231.08,38319.5402,E1,N,N
06/16/2018,7:00,11121.5996,1441.87,2788.98,975.238,12591.2002,6238.48,3046.8101,1301.38,39505.5579,E2,N,N
06/16/2018,7:00,11162.9004,1454.78,2800.3799,980.974,12643.5996,6241.0298,3059.1101,1292.36,39635.1338,E3,N,N
06/16/2018,7:00,11055.1396,1437.7384,2789.9885,969.3271,12439.5215,6150.0186,3040.7886,1286.9423,39169.4646,M,Y,N
06/16/2018,8:00,11361.6924,1497.4049,2827.9128,1017.7357,13021.1006,6307.5859,3125.822,1345.3816,40504.6359,A3,N,N
06/16/2018,8:00,11393.8027,1491.1577,2817.8159,1019.9544,13022.0781,6419.1768,3129.4666,1359.2378,40652.69,A6,N,N
06/16/2018,8:00,11389.2002,1459.65,2823.8999,977.924,12843.2002,6373.4702,3100.73,1307.11,40275.1845,E,N,N
06/16/2018,8:00,11258.7002,1443.6899,2835.1299,1006.54,12439.2002,6147.1699,3176.6299,1265.4301,39572.4901,E1,N,N
06/16/2018,8:00,11458.7998,1510.73,2807.72,992.943,13003.9004,6410.3101,3131.9399,1334.55,40650.8932,E2,N,N
06/16/2018,8:00,11395,1490.33,2823.8501,980.924,12843.2002,6373.4702,3094.4199,1308.95,40310.1444,E3,N,N
06/16/2018,8:00,11376.2002,1482.1604,2822.7214,999.3368,12862.1133,6338.5303,3126.5015,1320.11,40327.6739,M,Y,N
06/16/2018,9:00,12754.1943,1674.2974,2937.178,1095.7679,14211.8711,7050.6724,3425.7,1384.8507,44534.5318,A3,N,N
06/16/2018,9:00,12714.5596,1660.3484,2935.7847,1119.1681,14401.0752,7124.6616,3465.2903,1415.1035,44835.9914,A6,N,N
06/16/2018,9:00,12606.5996,1593.66,2922.6699,1049.5601,14317.7002,6854.73,3424.22,1403.6,44172.7398,E,N,N
06/16/2018,9:00,12617.2002,1588.1899,2877.4099,1085.5,13567.7998,6579.75,3511.1201,1373.78,43200.7499,E1,N,N
06/16/2018,9:00,12527.2998,1615.38,2902.1699,1058.11,14105,6867.5698,3450.3201,1412.26,43938.1096,E2,N,N
06/16/2018,9:00,12596.9004,1573.6,2925.3101,1060.14,14317.7002,6854.73,3431.6201,1414.13,44174.1308,E3,N,N
06/16/2018,9:00,12636.126,1617.5793,2916.7539,1078.041,14153.5234,6888.6855,3451.3787,1400.6208,44142.7086,M,Y,N
06/16/2018,10:00,13689.9541,1808.6874,2935.9314,1178.0736,15395.958,7502.3364,3768.2629,1558.7367,47837.9405,A3,N,N
06/16/2018,10:00,13789.4346,1820.5492,2965.7292,1180.8157,15534.1641,7467.5293,3736.9099,1535.6868,48030.8188,A6,N,N
06/16/2018,10:00,13797.4004,1750.6801,2949.54,1142.3,15593.7002,7424.0698,3740.79,1612.63,48011.1105,E,N,N
06/16/2018,10:00,13800.4004,1835.16,2926.1399,1180.9399,14481.2998,7200.9302,3749.6201,1461.38,46635.8703,E1,N,N
06/16/2018,10:00,13809.7998,1762.77,2932,1139.4301,15371.5,7353.8101,3715.47,1549.9399,47634.7199,E2,N,N
06/16/2018,10:00,13802,1766.58,2952.4399,1148.98,15593.7002,7424.0698,3733.6001,1586.22,48007.59,E3,N,N
06/16/2018,10:00,13781.5,1790.7378,2943.6301,1161.7566,15328.3877,7395.457,3740.7754,1550.7656,47693.0102,M,Y,N
06/16/2018,11:00,14501.3428,1961.8225,3004.8318,1323.8685,16587.4219,8026.9463,4063.0198,1546.4128,51015.6664,A3,N,N
06/16/2018,11:00,14710.7354,1974.3668,3033.4363,1320.2518,16689.418,8011.9849,4001.7209,1568.7528,51310.6669,A6,N,N
06/16/2018,11:00,14780.2002,1915.9399,3007.8601,1404.1899,16735.4004,7905.79,4063.0901,1489.3,51301.7706,E,N,N
06/16/2018,11:00,14641.0996,1989.64,2957.29,1377.04,15700.9004,7743.27,4133.1299,1457.77,50000.1399,E1,N,N
06/16/2018,11:00,14795.2998,1923.61,2980.48,1346.63,16676.1992,7881.6001,4051.8701,1521.62,51177.3092,E2,N,N
06/16/2018,11:00,14783.2998,1939.47,3006.27,1396.11,16735.4004,7905.79,4058.5601,1536.84,51361.7403,E3,N,N
06/16/2018,11:00,14701.9961,1950.8083,2998.3613,1361.3484,16520.7891,7912.564,4061.8987,1520.116,51027.8819,M,Y,N
06/16/2018,12:00,15714.207,2076.7185,3099.4929,1371.3329,17763.7754,8557.4961,4323.9058,1572.9276,54479.8562,A3,N,N
06/16/2018,12:00,15529.415,2026.4712,3116.2595,1364.2395,17775.0215,8585.8076,4391.2808,1567.6011,54356.0962,A6,N,N
06/16/2018,12:00,15437.7002,2121.24,3077.1599,1437.5699,17517.1992,8431.46,4299.5601,1573.52,53895.4093,E,N,N
06/16/2018,12:00,15418.4004,2171.28,3057.1001,1328.87,16640.6992,8359.1104,4403.9302,1538.71,52918.1003,E1,N,N
06/16/2018,12:00,15519.9004,2094.3401,3082.29,1407.84,17632,8399.3203,4306.5698,1579,54021.2606,E2,N,N
06/16/2018,12:00,15465.5996,2115.8101,3083.3101,1444.91,17517.1992,8431.46,4302.1899,1603.39,53963.8689,E3,N,N
06/16/2018,12:00,15514.2051,2100.9768,3085.9355,1392.4604,17474.3164,8460.7764,4337.9063,1572.5249,53939.1018,M,Y,N
06/16/2018,13:00,16307.0811,2241.1155,3151.7915,1434.1322,18774.4961,8966.3057,4534.4692,1669.8608,57079.2521,A3,N,N
06/16/2018,13:00,16397.0293,2293.4683,3133.5715,1446.5131,18660.2773,9030.5635,4558.9751,1660.2446,57180.6427,A6,N,N
06/16/2018,13:00,16350.0996,2252.3601,3166.78,1474.34,18637.9004,8936.29,4523.6699,1634.21,56975.65,E,N,N
06/16/2018,13:00,16347.4004,2270.3201,3080.6201,1367.9399,17967,9048.4004,4658.8999,1606.36,56346.9408,E1,N,N
06/16/2018,13:00,16266.4004,2226.0801,3155.02,1444.62,18578.3008,8909.1104,4506.54,1656.4,56742.4717,E2,N,N
06/16/2018,13:00,16340,2265.51,3168.1201,1470.9301,18637.9004,8936.29,4533.4399,1635.21,56987.4005,E3,N,N
06/16/2018,13:00,16334.6699,2258.1423,3142.6506,1439.7458,18542.6465,8971.1602,4552.666,1643.7142,56885.3955,M,Y,N
06/16/2018,14:00,16610.1992,2279.6062,3237.52,1479.1702,19806.4531,9277.0254,4706.6509,1735.4109,59132.0359,A3,N,N
06/16/2018,14:00,16508.8672,2300.7949,3228.2732,1477.9729,19848.2266,9364.9219,4777.1333,1735.3676,59241.5576,A6,N,N
06/16/2018,14:00,16979.0996,2332.75,3246.53,1468.91,19605,9542.9297,4715.4102,1769.97,59660.5995,E,N,N
06/16/2018,14:00,16993.1992,2332.48,3178.0701,1466.14,19266.5996,9624.8799,4794.6401,1662.86,59318.8689,E1,N,N
06/16/2018,14:00,16873.8008,2306.3701,3227.3101,1477.97,19493,9467.79,4709.48,1716.25,59271.971,E2,N,N
06/16/2018,14:00,17004.8008,2306.8401,3249.54,1454.1899,19605,9542.9297,4716.02,1724.26,59603.5805,E3,N,N
06/16/2018,14:00,16828.3281,2309.8069,3227.874,1470.7256,19604.0469,9470.0791,4736.5557,1724.0198,59371.4361,M,Y,N
06/16/2018,15:00,17203.8281,2426.114,3271.082,1517.4512,20400.8496,9741.2773,4836.3965,1818.1272,61215.1259,A3,N,N
06/16/2018,15:00,17163.8789,2438.717,3238.1516,1533.6569,20359.4961,9839.8896,4870.2476,1830.4342,61274.4719,A6,N,N
06/16/2018,15:00,17229.3008,2425.3999,3213.5901,1515.08,20216.4004,9831.21,4861.79,1860.9,61153.6712,E,N,N
06/16/2018,15:00,17315.5,2470.5601,3146.3201,1531.36,19986.0996,9758.6299,4943.8101,1738.4399,60890.7197,E1,N,N
06/16/2018,15:00,17237.3008,2426.8401,3239.3601,1522.49,20138.4004,9818.7197,4851.8901,1818.15,61053.1512,E2,N,N
06/16/2018,15:00,17228.5,2429.3101,3212.8501,1509.09,20216.4004,9831.21,4858.8501,1865.77,61151.9807,E3,N,N
06/16/2018,15:00,17229.7188,2436.157,3220.2258,1521.5214,20219.6074,9803.4902,4870.4971,1821.9703,61123.188,M,Y,N
06/16/2018,16:00,17078.5547,2460.939,3328.46,1536.1011,20917.1719,10017.0264,4816.2656,1845.7229,62000.2416,A3,N,N
06/16/2018,16:00,17391.9141,2475.3669,3279.8081,1554.4753,20823.5625,10033.3848,4884.8892,1855.286,62298.6869,A6,N,N
06/16/2018,16:00,17339.5996,2467.1599,3242.1399,1534.53,20561.5,10048.2998,4919.4302,1907.3199,62019.9793,E,N,N
06/16/2018,16:00,17523.5996,2562.3501,3149.5701,1565.6899,20336.3008,9977.8701,4991.96,1804.24,61911.5806,E1,N,N
06/16/2018,16:00,17284.3008,2491.79,3271.47,1549.0699,20510.0996,10070,4924.9399,1850.51,61952.1802,E2,N,N
06/16/2018,16:00,17231.6992,2474.1101,3239.8501,1535.72,20638.1992,10014.7002,4921.21,1910.0699,61965.5587,E3,N,N
06/16/2018,16:00,17308.2773,2488.6191,3251.8833,1545.9312,20631.1387,10026.8809,4909.7827,1862.1915,62024.7047,M,Y,N
06/16/2018,17:00,16905.1484,2439.5825,3354.7014,1549.1436,21039.2949,9873.8291,4796.7095,1871.361,61829.7704,A3,N,N
06/16/2018,17:00,17215.0703,2481.4609,3304.4419,1570.1262,20990.8672,9805.6455,4868.0439,1887.7113,62123.3672,A6,N,N
06/16/2018,17:00,17222.1992,2471.6699,3263.5,1527.5699,20810.8008,10095.5996,4934.8398,1910.59,62236.7692,E,N,N
06/16/2018,17:00,17405.5996,2526.9399,3200.8701,1550.33,20387.8008,10129.5996,5008.1299,1817.33,62026.5999,E1,N,N
06/16/2018,17:00,17104.5,2497.52,3288.22,1549.13,20671,10173.9004,4947.4102,1868.87,62100.5506,E2,N,N
06/16/2018,17:00,17071,2460.79,3282.3799,1551.58,20905.1992,10091.0996,4945.21,1928.78,62236.0387,E3,N,N
06/16/2018,17:00,17153.9199,2479.6606,3282.3525,1549.6466,20800.8262,10028.2793,4916.7241,1880.7737,62092.1829,M,Y,N
06/16/2018,18:00,16632.2227,2445.748,3351.6848,1508.4252,20871.2832,10013.3184,4696.354,1830.3372,61349.3735,A3,N,N
06/16/2018,18:00,16842.5879,2502.2673,3291.8887,1536.7994,20735.002,10309.4814,4780.0103,1849.2078,61847.2448,A6,N,N
06/16/2018,18:00,16815.8008,2434.02,3246.1899,1490.99,20843.5,10051.2002,4905.0698,1878.58,61665.3507,E,N,N
06/16/2018,18:00,16933.6992,2567.1899,3180.8899,1565.37,20452.3008,9924.8496,4906.79,1865.99,61397.0794,E1,N,N
06/16/2018,18:00,16737.5996,2484.4099,3276.6699,1523.4301,20552.5,10096.5996,4895.3701,1865.88,61432.4592,E2,N,N
06/16/2018,18:00,16657.1992,2375.0901,3281.1699,1533.91,20943.0996,10034.7998,4880.4502,1897.33,61603.0488,E3,N,N
06/16/2018,18:00,16769.8516,2468.1208,3271.416,1526.4875,20732.9492,10071.709,4844.0073,1864.5542,61549.0956,M,Y,N
06/16/2018,19:00,16127.9746,2367.9377,3306.1768,1466.0146,20132.4063,9752.4854,4600.7104,1806.3741,59560.0799,A3,N,N
06/16/2018,19:00,16177.1152,2418.8347,3246.0725,1498.7135,20171.6777,9729.3018,4648.3516,1838.2819,59728.3489,A6,N,N
06/16/2018,19:00,16181,2450,3202.1201,1451.33,20270.4004,9803.3301,4728.6299,1856.9301,59943.7406,E,N,N
06/16/2018,19:00,16450.1992,2498.96,3129.6201,1494.52,19985.4004,9763.5303,4795.8599,1790.15,59908.2399,E1,N,N
06/16/2018,19:00,16190.0996,2423.8201,3243.24,1475.48,20018.1992,9859.7998,4747.4302,1839.55,59797.6189,E2,N,N
06/16/2018,19:00,16043.9004,2376.4199,3237.1799,1472.6899,20378.3008,9771.1797,4695.6802,1885.55,59860.9008,E3,N,N
06/16/2018,19:00,16195.0479,2422.6621,3227.4016,1476.4581,20159.3984,9779.9385,4702.7769,1836.1394,59799.8229,M,Y,N
06/16/2018,20:00,15150.0723,2248.8918,3241.293,1370.1453,19165.1328,9388.3896,4469.0752,1785.2936,56818.2936,A3,N,N
06/16/2018,20:00,15330.8154,2279.5752,3165.623,1408.8615,19277.3711,9300.1357,4520.54,1834.0433,57116.9652,A6,N,N
06/16/2018,20:00,15494,2318.3301,3164.7,1403.71,19466.4004,9391.2305,4533.4702,1782,57553.8412,E,N,N
06/16/2018,20:00,15868.9004,2402.8,3138.8999,1424.6801,18842.3008,9400.7197,4574.5801,1756.01,57408.891,E1,N,N
06/16/2018,20:00,15523.4004,2297.6299,3174.54,1409.83,19168.4004,9491.6104,4551.0801,1794.45,57410.9412,E2,N,N
06/16/2018,20:00,15396.9004,2318.72,3189.6001,1423.12,19474.0996,9319.1904,4500.1802,1897.4,57519.2107,E3,N,N
06/16/2018,20:00,15460.6826,2310.9912,3179.1096,1406.7245,19232.2852,9381.8799,4524.8213,1808.1995,57304.6938,M,Y,N
06/16/2018,21:00,14695.5957,2255.5864,3145.1152,1279.0107,18318.2227,8919.3047,4295.1797,1716.1255,54624.1406,A3,N,N
06/16/2018,21:00,14685.2354,2276.1667,3075.6008,1307.8561,18393.0176,8936.9678,4355.6899,1765.3285,54795.8628,A6,N,N
06/16/2018,21:00,15170.0996,2182.1899,3107.01,1356.64,18790.8008,9153.75,4458.1401,1734.41,55953.0404,E,N,N
06/16/2018,21:00,15399.7998,2309.29,3091.8601,1388.26,18086.3008,9113.6904,4430.1401,1703.41,55522.7512,E1,N,N
06/16/2018,21:00,15025,2209.7,3100.8,1335.17,18275.5996,9116.9902,4383.04,1746.9399,55193.2397,E2,N,N
06/16/2018,21:00,15163.5,2206.04,3117.5601,1391.5699,18702.1992,9149.5,4353.79,1829.01,55913.1692,E3,N,N
06/16/2018,21:00,15023.2061,2239.8291,3106.3247,1343.0845,18427.6914,9065.0342,4379.3301,1749.2041,55333.7042,M,Y,N
06/16/2018,22:00,14406.7139,2110.5107,3064.7253,1231.7321,17700.4473,8822.8027,4220.1138,1719.6725,53276.7183,A3,N,N
06/16/2018,22:00,14461.377,2139.5574,3027.4739,1266.4525,17774.6621,8835.3252,4261.5938,1735.0348,53501.4767,A6,N,N
06/16/2018,22:00,14617.4004,2150.8799,3058.1499,1281.65,17959.5,8940.8496,4383.6299,1702.55,54094.6097,E,N,N
06/16/2018,22:00,14950.2002,2199.3401,3031.4299,1346.61,17571,8852.5195,4329.8799,1689.24,53970.2196,E1,N,N
06/16/2018,22:00,14623.0996,2141.0801,3065.4299,1292.83,17684.5996,8873.9102,4285.8101,1717.1899,53683.9494,E2,N,N
06/16/2018,22:00,14470.5,2189.51,3027.5,1333.63,17852.5996,8890.4199,4249.23,1835.63,53849.0195,E3,N,N
06/16/2018,22:00,14588.2158,2155.1465,3045.7849,1292.1506,17757.1348,8869.3047,4288.3765,1733.2196,53729.3334,M,Y,N
06/16/2018,23:00,13873.8467,1983.401,2956.4529,1186.1605,16965.3574,8367.9805,4036.9885,1677.022,51047.2095,A3,N,N
06/16/2018,23:00,13934.0488,1995.9153,2949.0862,1223.1904,17116.8047,8325.3564,4078.8374,1666.79,51290.0292,A6,N,N
06/16/2018,23:00,14088.2998,1993.51,3020.99,1221.27,16963.4004,8409.7197,4189.6802,1643.74,51530.6101,E,N,N
06/16/2018,23:00,14255.5996,2064.0901,2936.53,1279.7,16358.0996,8293.8096,4140.54,1610.54,50938.9089,E1,N,N
06/16/2018,23:00,14023.7998,1998.67,3012.04,1237.03,16639.4004,8351.6699,4078.79,1632.9,50974.3001,E2,N,N
06/16/2018,23:00,13855.9004,2049.4099,2873.4299,1285.85,16890.3008,8354.3496,4067.27,1758.38,51134.8906,E3,N,N
06/16/2018,23:00,14005.25,2014.1661,2958.0881,1238.8668,16822.2266,8350.4814,4098.6846,1664.8954,51152.659,M,Y,N
06/16/2018,24:00,13196.4756,1855.2028,2882.1768,1100.2069,15800.2568,7816.1377,3797.3625,1589.1534,48036.9725,A3,N,N
06/16/2018,24:00,13268.251,1872.0204,2888.0159,1140.4402,15970.082,7834.0425,3826.2007,1570.5173,48369.57,A6,N,N
06/16/2018,24:00,13354.5,1827.22,2957.47,1115.36,15706.4004,7797.27,3897.04,1511.87,48167.1304,E,N,N
06/16/2018,24:00,13481.4004,1883.09,2878.29,1235.09,15330.7998,7666.8501,3890.2,1503.1801,47868.9004,E1,N,N
06/16/2018,24:00,13280.7002,1839.48,2942.8201,1161.09,15406.7002,7713.3701,3837.9099,1515.17,47697.2405,E2,N,N
06/16/2018,24:00,13131.5,1854.39,2922.8301,1148.71,15601,7722.3999,3863.73,1559.92,47804.48,E3,N,N
06/16/2018,24:00,13285.4727,1855.2339,2911.9338,1150.1495,15635.874,7758.3447,3852.074,1541.6351,47990.7177,M,Y,N
06/17/2018,1:00,12445.6289,1720.6648,2800.9709,1019.3245,14714.0176,7203.083,3536.9414,1499.6141,44940.2452,A3,N,N
06/17/2018,1:00,12582.4121,1781.5869,2789.3284,1057.1765,14831.8037,7253.9927,3537.0483,1500.6813,45334.0299,A6,N,N
06/17/2018,1:00,12748,1636.52,2853.78,1016.77,14632.5,7219.0098,3612.03,1487.28,45205.8898,E,Y,N
06/17/2018,1:00,12810.7998,1730.28,2828.47,1144.75,14349.7002,7103.9399,3654.49,1393.12,45015.5499,E1,N,N
06/17/2018,1:00,12748.5,1706.6899,2876.24,1117.97,14282.5,7173.3101,3632.1799,1404.55,44941.9399,E2,N,N
06/17/2018,1:00,12503.2002,1678.34,2893.6899,1060.6,14643,7121.21,3608.52,1536.5,45045.0601,E3,N,N
06/17/2018,1:00,12639.7578,1709.0137,2840.4133,1069.4319,14575.5869,7179.0908,3596.8682,1470.291,45080.4536,M,N,N
06/17/2018,2:00,11748.1377,1603.5947,2749.6184,975.4391,13784.8926,6697.6216,3323.5625,1431.5559,42314.4225,A3,N,N
06/17/2018,2:00,11955.1328,1645.2133,2751.8342,1011.2645,13892.2568,6718.5234,3323.4241,1442.5924,42740.2415,A6,N,N
06/17/2018,2:00,12231.5,1560.86,2788.3899,974.229,13570.5996,6722.5601,3382.4199,1381.09,42611.6485,E,Y,N
06/17/2018,2:00,12170.7002,1597.02,2777.8,1028.7,13412.4004,6578.9302,3424.3201,1308.24,42298.1109,E1,N,N
06/17/2018,2:00,12188.7998,1592.33,2820.27,1058.9399,13328.7002,6648.1001,3430.3999,1315.9399,42383.4798,E2,N,N
06/17/2018,2:00,11831.2002,1595.05,2904.1201,988.009,13600.2002,6622.25,3404.75,1428.49,42374.0695,E3,N,N
06/17/2018,2:00,12020.9121,1599.0114,2798.6721,1006.0969,13598.1758,6664.6646,3381.4795,1384.6515,42453.6639,M,N,N
06/17/2018,3:00,11333.2373,1513.2157,2703.522,941.393,13089.6211,6419.9751,3163.8162,1381.2019,40545.9823,A3,N,N
06/17/2018,3:00,11556.3086,1562.5809,2699.2937,973.5604,13184.5264,6453.1592,3152.2515,1401.4647,40983.1454,A6,N,N
06/17/2018,3:00,11823.7002,1432.5,2795.21,951.364,12905,6381.6802,3257.54,1362.35,40909.3444,E,Y,N
06/17/2018,3:00,11659.5996,1499.52,2748.3301,1024.84,12497,6171.2202,3280.3401,1226.62,40107.47,E1,N,N
06/17/2018,3:00,11780.4004,1506.48,2782.76,1015.55,12589.4004,6285.2202,3280.77,1229.55,40470.131,E2,N,N
06/17/2018,3:00,11439.4004,1509.55,2879.3,946.876,13081.7002,6278.8599,3279.5801,1383.8101,40799.0767,E3,N,N
06/17/2018,3:00,11598.7744,1503.9745,2768.0693,975.5972,12891.208,6331.6855,3235.7163,1330.8329,40635.8581,M,N,N
06/17/2018,4:00,11036.7988,1476.1207,2687.0789,908.3876,12387.4395,6212.3403,3064.6357,1323.0991,39095.9006,A3,N,N
06/17/2018,4:00,11256.5029,1514.6095,2705.8357,934.0491,12452.3936,6170.3984,3042.4341,1355.5829,39431.8062,A6,N,N
06/17/2018,4:00,11521.0996,1461.46,2787.97,805.415,12334.2002,6190.5898,3151.5,1250.04,39502.2746,E,Y,N
06/17/2018,4:00,11314.2002,1454.8199,2770.78,1032.92,11954.4004,5950.1602,3148.8401,1182.37,38808.4908,E1,N,N
06/17/2018,4:00,11428.2002,1448.2,2765.0601,995.017,12111.4004,6024.6499,3154.78,1179.58,39106.8876,E2,N,N
06/17/2018,4:00,11105.2002,1416.84,2840.47,914.95,12437.2002,6046.9399,3155.26,1329.65,39246.5103,E3,N,N
06/17/2018,4:00,11277,1462.0084,2759.5322,931.7899,12279.5059,6099.1802,3119.575,1270.0537,39198.6453,M,N,N
06/17/2018,5:00,10792.6494,1442.6743,2662.7524,887.8477,12012.2744,6061.314,2967.7009,1280.9286,38108.1417,A3,N,N
06/17/2018,5:00,11001.9883,1473.9609,2705.9502,910.7645,12037.8438,6017.8076,2942.6699,1316.847,38407.8322,A6,N,N
06/17/2018,5:00,11297.2002,1407.16,2749.6001,875.474,12004,6049.8901,3012.3899,1230.26,38625.9743,E,Y,N
06/17/2018,5:00,11041.2002,1429.17,2743.3501,985.654,11639.0996,5789.6899,3062.8999,1161.78,37852.8437,E1,N,N
06/17/2018,5:00,11222.9004,1424.35,2753.77,967.237,11779.4004,5874.29,3072.1899,1149.5,38243.6377,E2,N,N
06/17/2018,5:00,10960.2998,1425.78,2825.71,886.493,12041.7002,5914.6699,3064.8201,1275.03,38394.503,E3,N,N
06/17/2018,5:00,11052.707,1433.8492,2740.189,918.9118,11919.0537,5951.2769,3020.4453,1235.7244,38272.1573,M,N,N
06/17/2018,6:00,10754.1592,1425.147,2639.063,874.2492,11655.1914,5978.2139,2909.6638,1262.3524,37498.0399,A3,N,N
06/17/2018,6:00,10942.5859,1447.8568,2667.2019,886.7551,11524.1055,5924.0459,2875.7388,1284.4802,37552.7701,A6,N,N
06/17/2018,6:00,11243.5,1441.62,2681.8999,913.568,11963.2002,5997.9902,2953.9199,1273.4301,38469.1283,E,Y,N
06/17/2018,6:00,10987.0996,1423.6,2681.1001,974.811,11446.2002,5739.3501,3009.1599,1120.22,37381.5409,E1,N,N
06/17/2018,6:00,11139.4004,1421.9,2729.51,955.43,11628.0996,5820.5801,3036.1499,1135.16,37866.23,E2,N,N
06/17/2018,6:00,10850.5996,1412.3199,2846.3401,888.585,11859.5996,5851.4102,3039.78,1293.6801,38042.3145,E3,N,N
06/17/2018,6:00,10986.2246,1428.7407,2707.5195,915.5664,11679.3994,5885.2651,2970.7354,1228.2205,37801.6716,M,N,N
06/17/2018,7:00,10476.666,1412.8367,2614.0483,843.2999,11259.6299,5792.2583,2774.054,1251.4631,36424.2562,A3,N,N
06/17/2018,7:00,10669.1094,1423.1135,2623.7974,851.1793,10985.5654,5688.6426,2720.9292,1243.0918,36205.4286,A6,N,N
06/17/2018,7:00,11209.5996,1428.64,2708.02,863.112,11709.5,5993.9902,2927.6101,1229.84,38070.3119,E,Y,N
06/17/2018,7:00,10792.2998,1400.04,2704.53,964.034,11140.2998,5708.1899,2942.1399,1106.67,36758.2034,E1,N,N
06/17/2018,7:00,11013,1410.21,2710.28,936.276,11427.4004,5802.0601,2988.96,1130.33,37418.5165,E2,N,N
06/17/2018,7:00,10760,1453.55,2875.8,873.473,11665.7998,5844.5498,3027.8101,1290.1899,37791.1726,E3,N,N
06/17/2018,7:00,10820.1123,1421.3984,2706.0793,888.5624,11364.6992,5804.9487,2896.9172,1208.5974,37111.3149,M,N,N
06/17/2018,8:00,10655.3105,1478.1333,2624.5313,891.9106,11430.8721,5972.9312,2831.9531,1243.9386,37129.5807,A3,N,N
06/17/2018,8:00,10892.875,1471.8915,2639.4929,903.6043,11245.8672,5937.9775,2776.3391,1262.1211,37130.1686,A6,N,N
06/17/2018,8:00,11328,1551.58,2745.3,915.493,11859.5,6159.5898,3113.6101,1220,38893.0729,E,Y,N
06/17/2018,8:00,11033.5996,1468.63,2690.25,995.686,11511.0996,5828.1499,3002.4299,1126.85,37656.695,E1,N,N
06/17/2018,8:00,11232.5,1459.3199,2689.77,975.754,11764.5996,5891.3999,3021.0801,1139.0601,38173.4836,E2,N,N
06/17/2018,8:00,10936.5996,1496.99,2825.54,932.651,11761.2002,5986.3198,3036.7,1288.05,38264.0506,E3,N,N
06/17/2018,8:00,11013.1475,1487.7574,2702.4807,935.8499,11595.5234,5962.7285,2963.6855,1213.3368,37874.5097,M,N,N
06/17/2018,9:00,11657.4941,1670.3053,2729.7158,991.1324,12771.1543,6562.4673,3158.1274,1306.3065,40846.7031,A3,N,N
06/17/2018,9:00,11802.0469,1656.5094,2741.7222,1026.7272,12747.4531,6600.6855,3157.3079,1343.0518,41075.504,A6,N,N
06/17/2018,9:00,12281.2002,1687.27,2730.9299,1275.21,13138.4004,6605.6499,3272.24,1253.3,42244.2004,E,Y,N
06/17/2018,9:00,11972,1624.49,2703.4199,1083.86,12545.4004,6300.8398,3301.99,1207.11,40739.1101,E1,N,N
06/17/2018,9:00,12077.9004,1616.6899,2749.96,1072.9,12778.9004,6393.9302,3310.1101,1192.13,41192.521,E2,N,N
06/17/2018,9:00,11892.9004,1632.4301,2869.3,1032.8,12912.4004,6429.1099,3318.4199,1289.04,41376.4007,E3,N,N
06/17/2018,9:00,11947.2578,1647.9492,2754.1748,1080.4382,12815.6191,6482.1143,3253.033,1265.1564,41245.7428,M,N,N
06/17/2018,10:00,12781.4092,1823.5854,2785.8933,1104.6494,14126.1377,7215.4951,3535.7983,1408.1667,44781.1351,A3,N,N
06/17/2018,10:00,12954.4141,1804.2961,2817.0745,1136.0933,14189.3662,7279.7476,3539.2637,1414.9576,45135.2131,A6,N,N
06/17/2018,10:00,13531.7002,1823.25,2771.6399,1199.09,14392.7002,7222.8501,3732.9399,1373.22,46047.3903,E,Y,N
06/17/2018,10:00,13118.9004,1784.83,2760.6201,1186.67,13812.0996,6956.3198,3630.3,1318.13,44567.8699,E1,N,N
06/17/2018,10:00,13285.9004,1787.0601,2780.1399,1205.42,14071.7002,7054.96,3669.1699,1306.16,45160.5105,E2,N,N
06/17/2018,10:00,13000.2998,1764.52,2915.8301,1147.91,14198.4004,7083.8999,3674.9399,1388.27,45174.0701,E3,N,N
06/17/2018,10:00,13112.1035,1797.9237,2805.1997,1163.3054,14131.7344,7135.5454,3630.4021,1368.1508,45144.365,M,N,N
06/17/2018,11:00,13714.8604,1936.9548,2847.9238,1179.3796,15207.5908,7892.7051,3878.2522,1482.4817,48140.1484,A3,N,N
06/17/2018,11:00,13809.626,1921.8955,2887.6787,1197.0437,15422.248,8014.4204,3898.2271,1497.6295,48648.7689,A6,N,N
06/17/2018,11:00,14231.7998,1938.66,2793.1699,1303.91,15383.0996,7841.71,3954.8799,1443.87,48891.0992,E,Y,N
06/17/2018,11:00,13924.5,1932.5,2752.3701,1243.1,14991.0996,7603.0898,3976.5701,1364.29,47787.5196,E1,N,N
06/17/2018,11:00,14006.0996,1897.97,2834.9099,1259.73,15342.7998,7673.9502,4007.46,1377.5,48400.4195,E2,N,N
06/17/2018,11:00,13899.7998,1876.13,3009.8101,1223.51,15362.7998,7723.71,4018.96,1449.9399,48564.6596,E3,N,N
06/17/2018,11:00,13931.1133,1917.3518,2854.3105,1234.4456,15284.9395,7791.5981,3955.7251,1435.9519,48405.4358,M,N,N
06/17/2018,12:00,14454.9316,2062.177,2920.1785,1253.0854,16267.5527,8431.1182,4152.1187,1536.6807,51077.8428,A3,N,N
06/17/2018,12:00,14538.3184,1986.2766,3003.6865,1258.5482,16486.7793,8562.1328,4210.1807,1533.926,51579.8485,A6,N,N
06/17/2018,12:00,15165.2002,2105.4399,2854.04,1300.6,16467.3008,8281.9404,4279.0801,1536.24,51989.8414,E,Y,N
06/17/2018,12:00,14680.0996,2069.9299,2784.8601,1322.1,15943.7002,8157.8501,4319.0601,1425.25,50702.85,E1,N,N
06/17/2018,12:00,14861.7002,2021.85,2889.4399,1322.27,16487,8298.2402,4311.73,1454.09,51646.3203,E2,N,N
06/17/2018,12:00,14461.0996,1987.09,3052.9299,1301.14,16372.0996,8242.5195,4281.8301,1501.0699,51199.7786,E3,N,N
06/17/2018,12:00,14693.5596,2038.7938,2917.5225,1292.9573,16337.4063,8328.9668,4258.9995,1497.8762,51366.082,M,N,N
06/17/2018,13:00,15001.7715,2163.511,2978.7795,1313.024,17432.9121,8798.3281,4366.9131,1599.4141,53654.6534,A3,N,N
06/17/2018,13:00,14949.4189,2079.8125,3072.0564,1330.028,17610.7852,8968.002,4480.5498,1578.5962,54069.249,A6,N,N
06/17/2018,13:00,15630.9004,2239.2,2974.3501,1351.46,17630.6992,8739.2197,4542.8301,1581.85,54690.5095,E,Y,N
06/17/2018,13:00,15266.7002,2198.47,2874.8899,1357.6899,17235.0996,8772.7695,4591.5098,1507.8199,53804.9488,E1,N,N
06/17/2018,13:00,15516.7998,2141.1399,2953.3301,1383.0601,17684.8008,8871.3896,4584.5698,1549.62,54684.7101,E2,N,N
06/17/2018,13:00,14881.0996,2094.95,3085.3999,1358.75,17736.1992,8682.6299,4577.1499,1580.61,53996.7885,E3,N,N
06/17/2018,13:00,15207.7832,2152.8472,2989.8013,1349.0021,17555.082,8805.3906,4523.9204,1566.3184,54150.1452,M,N,N
06/17/2018,14:00,15519.9541,2215.6362,3031.6541,1362.3427,18214.3516,9212.4502,4515.1377,1668.6753,55740.2019,A3,N,N
06/17/2018,14:00,15781.5117,2149.4771,3118.7729,1376.5024,18509.6816,9441.9639,4649.4873,1650.8041,56678.201,A6,N,N
06/17/2018,14:00,15712,2444.47,2976.1699,1424.11,18531.8008,9200.0098,4750.0498,1739.65,56778.2603,E,Y,N
06/17/2018,14:00,16219.9004,2279.3,2900.22,1434.63,18376.6992,9205.3896,4757.7598,1541.23,56715.129,E1,N,N
06/17/2018,14:00,15860.2998,2223.8401,2998.48,1434.42,18580.9004,9339.3203,4782.6899,1620.23,56840.1805,E2,N,N
06/17/2018,14:00,15393.0996,2172.26,3132.1299,1422.8,18673.3008,9198.6602,4683.6499,1675.38,56351.2804,E3,N,N
06/17/2018,14:00,15747.7939,2247.4973,3026.238,1409.1343,18481.123,9266.2998,4689.7959,1649.3282,56517.2104,M,N,N
06/17/2018,15:00,15437.8711,2272.696,3078.6567,1401.062,19069.2988,9482.0859,4681.8042,1734.1609,57157.6356,A3,N,N
06/17/2018,15:00,15762.6973,2227.9924,3130.116,1431.6293,19284.1816,9745.5488,4780.937,1719.9678,58083.0702,A6,N,N
06/17/2018,15:00,15891.7002,2264.3201,3012.8401,1466.64,19416.5,9600.4902,4836.6602,1733.13,58222.2808,E,Y,N
06/17/2018,15:00,15909.5996,2338.1001,2966.55,1484.34,19150.9004,9642.9199,4888.5498,1599.6,57980.5598,E1,N,N
06/17/2018,15:00,16008.7002,2288.8,3035.1299,1479.99,19355.3008,9719.2803,4893.7798,1695.58,58476.561,E2,N,N
06/17/2018,15:00,15640.5,2218.7,3207.8799,1477.58,19410.9004,9632.3301,4822.1001,1705.21,58115.2005,E3,N,N
06/17/2018,15:00,15775.1777,2268.4348,3071.8623,1456.8735,19281.1797,9637.1094,4817.3057,1697.9414,58005.8845,M,N,N
06/17/2018,16:00,15324.9941,2293.3896,3147.6907,1456.7648,19851.8223,9644.5645,4642.0347,1767.2291,58128.4898,A3,N,N
06/17/2018,16:00,15569.8467,2165.5173,3145.2388,1473.1532,20081.1719,9939.5596,4762.4761,1741.8597,58878.8233,A6,N,N
06/17/2018,16:00,15264.9004,2674.1599,3058.0901,1502.46,20164.0996,9747.0098,4974.02,1793.0699,59177.8097,E,Y,N
06/17/2018,16:00,15831,2306.5901,3008.6201,1530.76,19614.0996,9851.8096,4959.7998,1683.4,58786.0792,E1,N,N
06/17/2018,16:00,15785.7998,2326.05,3075.02,1514.85,19920.1992,10007.2002,4947.3301,1754.13,59330.5793,E2,N,N
06/17/2018,16:00,14841.2998,2192.3899,3249.6101,1527.3,20376.5996,9758.4697,4880.1899,1765.71,58591.569,E3,N,N
06/17/2018,16:00,15436.3076,2326.3496,3114.0449,1500.8813,20001.332,9824.7695,4860.9756,1750.8998,58815.5603,M,N,N
06/17/2018,17:00,15186.5527,2249.645,3194.8247,1461.9756,20405.3789,10010.1816,4573.1533,1806.1503,58887.8621,A3,N,N
06/17/2018,17:00,15309.3232,2187.2039,3162.4321,1491.2686,20702.8926,10252.1992,4741.8687,1778.2966,59625.4849,A6,N,N
06/17/2018,17:00,15426,2362.71,3060.73,1490.58,20751,9955.2305,4890.8799,1845.26,59782.3904,E,Y,N
06/17/2018,17:00,15484.7998,2318.48,2999.72,1511.95,20011.8008,10060.2998,4990.9199,1717.05,59095.0203,E1,N,N
06/17/2018,17:00,15585,2318.3601,3108.45,1523.52,20239.1992,10128.5996,4939.3101,1795.03,59637.469,E2,N,N
06/17/2018,17:00,14778,2189.8701,3300.8799,1555.55,20825.4004,10044,4890.98,1819.16,59403.8404,E3,N,N
06/17/2018,17:00,15294.9463,2271.0449,3137.8396,1505.8074,20489.2793,10075.085,4837.8525,1793.4912,59405.3462,M,N,N
06/17/2018,18:00,15073.3428,2248.4663,3221.3923,1435.9045,20262.5703,10011.3506,4688.2935,1806.9412,58748.2615,A3,N,N
06/17/2018,18:00,15159.5127,2207.9487,3176.1328,1481.941,20637.4648,10643.4531,4749.0884,1772.0309,59827.5724,A6,N,N
06/17/2018,18:00,15318,2278.76,3108.28,1455.17,20820,9958.6504,5066.5098,1823.05,59828.4202,E,Y,N
06/17/2018,18:00,15635.2998,2323.47,3058.0801,1529.79,20158.5996,9925.7197,4934.9199,1714.59,59280.4691,E1,N,N
06/17/2018,18:00,15354.7002,2291.8999,3114.21,1511.98,20296.9004,10109.5996,4880,1819.17,59378.4601,E2,N,N
06/17/2018,18:00,14674.2998,2149.79,3248.1001,1530.96,20805.9004,9978.5195,4893.75,1812.1,59093.4198,E3,N,N
06/17/2018,18:00,15202.5273,2250.0559,3154.3657,1490.9576,20496.9063,10104.5488,4868.7607,1791.3137,59359.436,M,N,N
06/17/2018,19:00,14674.375,2249.9204,3220.8433,1401.6125,19741.7598,9951.8857,4581.1973,1792.0499,57613.6439,A3,N,N
06/17/2018,19:00,14659.4063,2192.0967,3168.1748,1452.3889,20326.1289,10352.5352,4626.1162,1768.7628,58545.6098,A6,N,N
06/17/2018,19:00,14907.0996,2378.5601,3074.75,1427.9,20390.4004,9779.9502,4710.29,1826.05,58495.0003,E,Y,N
06/17/2018,19:00,14631,2263.1899,3028.9099,1480.29,19760.1992,9744.3301,4814.6802,1708.37,57430.9693,E1,N,N
06/17/2018,19:00,14857,2244.1699,3126.6499,1470.91,19844.9004,9877.6602,4753.77,1821.98,57997.0404,E2,N,N
06/17/2018,19:00,14204.0996,2191.8601,3201.9299,1457.11,20482.8008,9775.54,4742.5601,1836.5601,57892.4606,E3,N,N
06/17/2018,19:00,14655.498,2253.2996,3136.8765,1448.3687,20091.0313,9913.6504,4704.769,1792.2955,57995.789,M,N,N
06/17/2018,20:00,14225.8291,2145.6047,3141.6384,1332.0062,18722.4902,9661.1084,4493.1636,1804.8533,55526.6939,A3,N,N
06/17/2018,20:00,14083.7949,2070.4814,3088.416,1376.8181,19423.3672,9851.2773,4540.145,1813.6771,56247.977,A6,N,N
06/17/2018,20:00,14550.4004,2282.04,3098.1001,1394.78,19350.9004,9395.9102,4558.6899,1779.6,56410.421,E,Y,N
06/17/2018,20:00,14629.0996,2189.6699,3027.21,1419.05,18674.6992,9342.9902,4622.54,1683.1899,55588.4488,E1,N,N
06/17/2018,20:00,14557.0996,2141.9299,3100.01,1411.36,19048.6992,9550.6904,4608.6499,1769.33,56187.769,E2,N,N
06/17/2018,20:00,14122.2998,2088.3501,3153.03,1403.33,19444.8008,9339.5,4588.8398,1848.47,55988.6205,E3,N,N
06/17/2018,20:00,14361.4219,2153.0127,3101.4009,1389.5574,19110.8262,9523.5801,4568.6719,1783.1869,55991.658,M,N,N
06/17/2018,21:00,13888.2354,2086.1733,3066.0544,1269.823,17810.0391,9200.9463,4375.8115,1756.7825,53453.8655,A3,N,N
06/17/2018,21:00,13692.1045,2014.2438,3021.1655,1292.8059,18498.1055,9395.2275,4429.3271,1761.6097,54104.5895,A6,N,N
06/17/2018,21:00,14442.2002,2111.1599,3020.3899,1337.46,18656.5996,9276.4199,4488.5698,1722.08,55054.8793,E,Y,N
06/17/2018,21:00,14527.4004,2079.22,3010.01,1352.13,17941.3008,9121.8604,4514.1001,1618.95,54164.9717,E1,N,N
06/17/2018,21:00,14398,2078.6599,3053.55,1337.35,18259.4004,9228.2305,4502.4502,1703.5699,54561.2109,E2,N,N
06/17/2018,21:00,13970.2998,2051.8301,3153.05,1364.1,18451.0996,9231.7402,4454.77,1775.87,54452.7597,E3,N,N
06/17/2018,21:00,14153.041,2070.2146,3054.0366,1325.6115,18269.4238,9242.4043,4460.8384,1723.1438,54298.714,M,N,N
06/17/2018,22:00,13602.8916,2045.0957,2975.8232,1231.6228,17218.0547,8969.3672,4306.8838,1735.3674,52085.1064,A3,N,N
06/17/2018,22:00,13541.7178,1995.1289,2967.8369,1243.8969,17834.4297,9199.2051,4354.3252,1717.1921,52853.7326,A6,N,N
06/17/2018,22:00,13880.7998,2077.6201,3022.29,1310.23,18065.5996,8931.71,4370.25,1664.61,53323.1095,E,Y,N
06/17/2018,22:00,14329.9004,2039.98,2998.95,1296.66,17613.1992,8913.2695,4459.6499,1608.08,53259.689,E1,N,N
06/17/2018,22:00,14214.2002,2019.09,3027.6799,1299.28,17672.1992,8983.6201,4419.2202,1685.41,53320.6996,E2,N,N
06/17/2018,22:00,13637.5,2046.92,3087.51,1253.0601,17986.8008,8852.04,4388.02,1751.67,53003.5209,E3,N,N
06/17/2018,22:00,13867.835,2037.3058,3013.3484,1272.4583,17731.7148,8974.8691,4383.0586,1693.7217,52974.3117,M,N,N
06/17/2018,23:00,13328.54,1903.0925,2866.7583,1162.5001,16152.6221,8423.6934,4108.7358,1656.6104,49602.5526,A3,N,N
06/17/2018,23:00,13266.6738,1865.4695,2876.1638,1171.2609,16736.2461,8510.1006,4153.209,1630.7297,50209.8534,A6,N,N
06/17/2018,23:00,13535.4004,1932.02,2973.3799,1211.33,16821.6992,8460.6299,4172.25,1586.55,50693.2594,E,Y,N
06/17/2018,23:00,13622.4004,1898.1899,2932.0801,1285.9,16405,8264,4197.3799,1548.6899,50153.6402,E1,N,N
06/17/2018,23:00,13554.5,1867.36,2970.8401,1235.17,16406.6992,8324.6904,4172.1299,1579.5601,50110.9497,E2,N,N
06/17/2018,23:00,13051.7002,1899.77,2962.77,1217.52,16769.8008,8376.5498,4152.6699,1669.0699,50099.8506,E3,N,N
06/17/2018,23:00,13393.2031,1894.3171,2930.332,1213.9469,16548.6797,8393.2783,4159.396,1611.8684,50145.0215,M,N,N
06/17/2018,24:00,12476.0869,1743.6014,2807.5354,1064.1884,14589.0273,7718.2236,3837.1416,1517.6062,45753.4108,A3,N,N
06/17/2018,24:00,12626.4043,1725.4631,2810.2905,1072.125,15069.9121,7847.3872,3830.3799,1506.1477,46488.1098,A6,N,N
06/17/2018,24:00,12679.4004,1752.1801,2923.1001,1111.01,15339.5,7693.1099,3885.8301,1436.99,46821.1206,E,Y,N
06/17/2018,24:00,12768.7998,1737.12,2887.5901,1176.61,14986.4004,7553.3599,3907.8601,1402.45,46420.1903,E1,N,N
06/17/2018,24:00,12821.4004,1712.25,2898.1699,1146.77,14934.2002,7547.2598,3853.24,1442.33,46355.6203,E2,N,N
06/17/2018,24:00,12383.7998,1717.05,2965.9099,1095.41,15309.7998,7601.4302,3886.3301,1485.5699,46445.2997,E3,N,N
06/17/2018,24:00,12625.9824,1731.2776,2882.0994,1111.0189,15038.1406,7660.1289,3866.7969,1465.1823,46380.627,M,N,N
06/18/2018,1:00,11822.9414,1638.3871,2782.1987,983.9777,13482.3467,7087.5913,3556.8359,1429.7528,42784.0316,A3,N,N
06/18/2018,1:00,11948.418,1639.7562,2699.0261,993.5825,13834.2803,7182.0239,3522.0068,1432.0887,43251.1825,A6,N,N
06/18/2018,1:00,12010.7998,1592.47,2824.6201,1027.53,14140.7002,6990.5298,3592.6001,1466.09,43645.34,E,N,N
06/18/2018,1:00,12098.9004,1598.3199,2826.1201,1092.9301,13848.2998,6937.6699,3650.6201,1279.9399,43332.8002,E1,N,N
06/18/2018,1:00,12184,1577.24,2828.24,1091.04,13669.2998,6862.5801,3570.54,1309.66,43092.5999,E2,Y,N
06/18/2018,1:00,11885.5996,1634.0601,2892.05,1045.91,14228.5,6990.8701,3626.76,1388.17,43691.9198,E3,N,N
06/18/2018,1:00,11991.7773,1613.3722,2808.7092,1039.1617,13867.2383,7008.5444,3586.5605,1384.2836,43299.6472,M,N,N
06/18/2018,2:00,11323.0498,1535.8387,2732.075,942.6007,12615.334,6653.6172,3372.5806,1354.6019,40529.6979,A3,N,N
06/18/2018,2:00,11533.9785,1534.0347,2691.4099,953.144,12900.6953,6688.2476,3328.7502,1375.6156,41005.8758,A6,N,N
06/18/2018,2:00,11539.9004,1501.29,2769.3201,981.043,13291.2002,6531.9702,3403.96,1396.3101,41414.994,E,N,N
06/18/2018,2:00,11588.2002,1501,2759.77,1037.54,12934.5,6411.2798,3444.26,1198.33,40874.88,E1,N,N
06/18/2018,2:00,11641.5996,1469.73,2770.1899,1040.97,12655.9004,6325.4502,3346.6299,1218.22,40468.69,E2,Y,N
06/18/2018,2:00,11407.7998,1587.87,2823.8899,992.264,13371.2002,6533.52,3457.5801,1300.22,41474.344,E3,N,N
06/18/2018,2:00,11505.7549,1521.6273,2757.7759,991.2603,12961.4727,6524.0142,3392.2937,1307.2163,40961.4153,M,N,N
06/18/2018,3:00,10971.249,1468.4302,2673.6279,914.2414,12134.748,6349.7734,3207.8416,1323.2039,39043.1154,A3,N,N
06/18/2018,3:00,11197.3584,1481.1202,2673.2559,921.9651,12349.1172,6350.0083,3174.2214,1348.9214,39495.9679,A6,N,N
06/18/2018,3:00,11186.4004,1426.53,2718.26,990.141,12635.7998,6247.98,3207.8,1499.71,39912.6212,E,N,N
06/18/2018,3:00,11173.2998,1426,2729.01,1023.85,12237.4004,6059.3799,3253.8601,1121.79,39024.5902,E1,N,N
06/18/2018,3:00,11303.4004,1399.87,2730.8401,1008.3,11927.4004,5987.3198,3197.95,1143.15,38698.2307,E2,Y,N
06/18/2018,3:00,11143.9004,1491.08,2762.6201,955.126,12738.7998,6268.6802,3287.1101,1211.26,39858.5766,E3,N,N
06/18/2018,3:00,11162.6016,1448.8384,2714.6023,968.9373,12337.2109,6210.5234,3221.4639,1274.6726,39338.8504,M,N,N
06/18/2018,4:00,10847.2715,1465.5197,2670.8726,884.2775,11773.0811,6201.1982,3108.8396,1259.6947,38210.7549,A3,N,N
06/18/2018,4:00,11069.6465,1460.8466,2689.5881,890.2288,11819.8662,6158.1992,3083.9185,1302.953,38475.2469,A6,N,N
06/18/2018,4:00,11147.7998,1363.26,2701.01,921.977,12246,6064.8999,3128.3701,1338.1899,38911.5067,E,N,N
06/18/2018,4:00,11055.5,1414.98,2706.8301,973.511,11800.4004,5911.23,3156.1101,1108.28,38126.8416,E1,N,N
06/18/2018,4:00,11160.5996,1367.11,2711.3899,984.071,11574.7998,5848.3799,3114.0701,1098.79,37859.2103,E2,Y,N
06/18/2018,4:00,10961.2002,1438.14,2770.1799,933.816,12337.9004,6072.9302,3202.1599,1170.72,38887.0466,E3,N,N
06/18/2018,4:00,11040.3359,1418.3093,2708.312,931.3135,11925.3418,6042.8066,3132.2449,1213.1047,38411.7687,M,N,N
06/18/2018,5:00,10893.749,1459.785,2666.8013,883.8984,11698.6807,6184.2603,3058.532,1243.7825,38089.4892,A3,N,N
06/18/2018,5:00,11119.7188,1456.3975,2664.5044,890.7116,12118.5439,6159.6709,3046.7278,1287.8342,38744.1091,A6,N,N
06/18/2018,5:00,11284.2998,1374.37,2695.8201,917.247,12281.9004,6121.3398,3009.1599,1310.29,38994.427,E,N,N
06/18/2018,5:00,11159.5,1419.14,2688.2,998.751,11865.4004,5932.3301,3136.9199,1075.5,38275.7414,E1,N,N
06/18/2018,5:00,11287.7002,1376.01,2696.1001,971.951,11580.4004,5861.8599,3089.54,1094.33,37957.8916,E2,Y,N
06/18/2018,5:00,11140.7002,1485.05,2715.8601,975.132,12339.5996,6127.0098,3147.77,1170.71,39101.8317,E3,N,N
06/18/2018,5:00,11147.6113,1428.4587,2687.8809,939.6151,11980.7539,6064.4121,3081.4419,1197.0745,38527.2484,M,N,N
06/18/2018,6:00,11231.3721,1533.1989,2662.3743,899.2667,12116.9307,6412.3911,3108.2549,1283.5382,39247.3269,A3,N,N
06/18/2018,6:00,11577.7832,1519.2267,2650.8032,904.1345,12381.8174,6393.521,3101.3843,1316.6929,39845.3632,A6,N,N
06/18/2018,6:00,11638.4004,1461.88,2692.5801,934.841,12730.7002,6378.27,3058.5701,1422.8101,40318.0519,E,N,N
06/18/2018,6:00,11578.2998,1462.54,2683.1499,1009.78,12339.7998,6167,3220.26,1104.79,39565.6195,E1,N,N
06/18/2018,6:00,11738.2002,1438.83,2702,1002.54,12067.7998,6160.8799,3176.6299,1120.45,39407.3298,E2,Y,N
06/18/2018,6:00,11499.9004,1494.25,2748.46,977.421,12744.4004,6381.5298,3219.45,1212.54,40277.9516,E3,N,N
06/18/2018,6:00,11543.9932,1484.9877,2689.8945,954.6639,12396.9082,6315.5991,3147.425,1243.4702,39776.9418,M,N,N
06/18/2018,7:00,11148.7969,1648.5022,2660.2041,915.1721,12676.2314,6758.9702,3209.0303,1331.7448,40348.652,A3,N,N
06/18/2018,7:00,11695.3545,1589.767,2640.4241,931.5899,12952.2725,6821.292,3232.7407,1336.1066,41199.5473,A6,N,N
06/18/2018,7:00,11950.0996,1554.7,2694.3201,992.688,13396.7002,6775.1299,3210.8701,1418.08,41992.5879,E,N,N
06/18/2018,7:00,11943,1561.6801,2824.52,1034.85,12968.4004,6613.8799,3353.9199,1125.4,41425.6503,E1,N,N
06/18/2018,7:00,12245.2002,1548.17,2723.49,1038.73,12830,6647.0098,3372.6299,1173.17,41578.3999,E2,Y,N
06/18/2018,7:00,11798.5,1651.65,2785.8101,951.683,13358.7002,6738.46,3359.5901,1218.34,41862.7334,E3,N,N
06/18/2018,7:00,11796.8252,1592.4116,2721.4617,977.4522,13030.3857,6725.7905,3289.7969,1267.1403,41401.2641,M,N,N
06/18/2018,8:00,11974.9629,1753.9182,2714.7944,964.0193,13235.7637,7107.3477,3310.3396,1348.5304,42409.6762,A3,N,N
06/18/2018,8:00,12176.4814,1665.8518,2713.1929,988.4883,13560.3428,7126.918,3350.6895,1369.9082,42951.8729,A6,N,N
06/18/2018,8:00,12436.2998,1639.3199,2714.8401,1083.5699,14001,7017.98,3362.1201,1493.11,43748.2398,E,N,N
06/18/2018,8:00,12286.9004,1649.66,2738.5601,1061.95,13591.7002,6866.1699,3465.4299,1159.09,42819.4605,E1,N,N
06/18/2018,8:00,12581.7002,1624.9301,2741.99,1095.4,13477.0996,6897.5601,3489.3501,1203.4301,43111.4602,E2,Y,N
06/18/2018,8:00,12211.9004,1683.62,2797.8899,1040.58,13962.0996,6990.96,3480.79,1293.91,43461.7499,E3,N,N
06/18/2018,8:00,12278.041,1669.55,2736.8779,1039.0012,13638.001,7001.1563,3409.7866,1311.3298,43083.7438,M,N,N
06/18/2018,9:00,12666.9385,1891.2723,2822.7292,1065.0498,14082.9668,7463.5693,3558.998,1372.3623,44923.8862,A3,N,N
06/18/2018,9:00,12832.7363,1797.1284,2806.9111,1084.1255,14463.2666,7522.1084,3585.0537,1440.5681,45531.8981,A6,N,N
06/18/2018,9:00,12988.5996,1724.08,2794.7,1085.91,14578.2998,7282.6602,3496.0901,1504.78,45455.1197,E,N,N
06/18/2018,9:00,12985.9004,1737.22,2759.9099,1167.9,14251.5996,7097.3799,3657.53,1194.54,44851.9798,E1,N,N
06/18/2018,9:00,13126.5,1721.46,2809.5901,1173.15,14264,7177.0498,3672.76,1241.39,45185.8999,E2,Y,N
06/18/2018,9:00,12875,1770.88,2868.8,1141.5,14578.0996,7283.4702,3683.9199,1301.72,45503.3897,E3,N,N
06/18/2018,9:00,12912.6133,1773.6736,2810.4399,1119.606,14369.707,7304.3726,3609.0586,1342.5602,45242.0312,M,N,N
06/18/2018,10:00,13569.7852,1995.8256,2879.5488,1155.3864,15178.2012,7771.6421,3795.8472,1447.2058,47793.4423,A3,N,N
06/18/2018,10:00,13853,1909.7126,2912.8545,1175.6348,15434.4004,7811.543,3816.4773,1467.3029,48380.9255,A6,N,N
06/18/2018,10:00,13844.2998,1820.75,2877.8701,1202.95,15507.0996,7598.9199,3767.24,1544.11,48163.2394,E,N,N
06/18/2018,10:00,13843,1834.9,2848.8601,1232.33,15055.2998,7434.4199,3887.5901,1279.16,47415.5599,E1,N,N
06/18/2018,10:00,13998.2998,1846.64,2862.04,1301.7,15276.0996,7615.0801,3915.6299,1323.24,48138.7294,E2,Y,N
06/18/2018,10:00,13893.7998,1847.9301,2943.47,1221.22,15528.2002,7585.77,3906.0901,1311.41,48237.8902,E3,N,N
06/18/2018,10:00,13833.6973,1875.9597,2887.4407,1214.8702,15329.8838,7636.229,3848.146,1395.4049,48021.6316,M,N,N
06/18/2018,11:00,14338.6963,2153.5454,2964.3188,1228.9916,16080.1846,8227.8281,4055.4871,1502.3979,50551.4498,A3,N,N
06/18/2018,11:00,14556.5156,2046.8563,3003.2153,1235.1533,16446.1211,8359.5234,4076.0232,1536.6271,51260.0353,A6,N,N
06/18/2018,11:00,14663.5,1930.83,2944.9199,1277.5699,16491.5,8023.4902,4014.6699,1584.86,50931.3399,E,N,N
06/18/2018,11:00,14442.7002,1957.39,2898.8301,1251.11,16064.7002,7913.77,4152.5601,1381.79,50062.8506,E1,N,N
06/18/2018,11:00,14564.0996,1930.99,2938.01,1368.99,16437,8026.23,4170.7798,1377.5699,50813.6693,E2,Y,N
06/18/2018,11:00,14425.5996,1965.3101,3070.1101,1318.8199,16493.1992,8015.27,4199.3301,1394.04,50881.679,E3,N,N
06/18/2018,11:00,14498.5186,1997.4871,2969.9009,1280.1058,16335.4512,8094.3521,4111.4751,1462.8809,50750.1717,M,N,N
06/18/2018,12:00,15045.0605,2250.7466,3056.0894,1282.9878,17126.6406,8692.7246,4249.2935,1550.567,53254.11,A3,N,N
06/18/2018,12:00,14983.71,2130.0774,3131.8472,1287.4238,17518.1328,8922.2881,4290.1294,1575.1555,53838.7642,A6,N,N
06/18/2018,12:00,15299.2002,2002.3199,3058.76,1343.78,17366.5996,8484.4102,4237.3301,1670.99,53463.39,E,N,N
06/18/2018,12:00,15097,2107.47,3001.54,1297.9,17089.5,8345.8203,4376.98,1421.39,52737.6003,E1,N,N
06/18/2018,12:00,15225.0996,2021.8199,3020.8,1425.09,17565.1992,8467.7998,4416.73,1444.29,53586.8285,E2,Y,N
06/18/2018,12:00,15010.2998,2052.74,3160.3601,1341.1,17384.3008,8474.6602,4418.9102,1470.05,53312.4211,E3,N,N
06/18/2018,12:00,15110.0625,2094.1956,3071.5659,1329.7136,17341.7285,8564.6172,4331.562,1522.0737,53365.519,M,N,N
06/18/2018,13:00,15141.7939,2350.761,3122.02,1321.4618,17962.5898,9032.1523,4404.8706,1614.0356,54949.685,A3,N,N
06/18/2018,13:00,15068.791,2209.4995,3190.8442,1341.827,18350.7266,9261.2871,4490.3994,1621.6709,55535.0457,A6,N,N
06/18/2018,13:00,15485.7998,2072.05,3113.72,1412.63,18309.1992,8832.9102,4454.3301,1699.59,55380.2293,E,N,N
06/18/2018,13:00,15314.7998,2162.96,3056.54,1361.15,18089.5996,8714.0801,4587.4102,1486.3199,54772.8596,E1,N,N
06/18/2018,13:00,15705.5,2095.99,3091.75,1474.45,18618.6992,8851.0098,4632.52,1518.15,55988.069,E2,Y,N
06/18/2018,13:00,15286.5996,2150.25,3186.3999,1397.6,18301.4004,8835.2305,4562.4199,1556.01,55275.9103,E3,N,N
06/18/2018,13:00,15333.8818,2173.585,3126.8792,1384.8531,18272.0352,8921.1123,4521.9917,1582.6294,55316.9677,M,N,N
06/18/2018,14:00,15559.5557,2417.1831,3202.8542,1364.0229,18812.2852,9366.0137,4634.8301,1667.6666,57024.4115,A3,N,N
06/18/2018,14:00,15767.7949,2317.8796,3213.0225,1392.3557,19280.2695,9615.4629,4696.894,1687.1166,57970.7957,A6,N,N
06/18/2018,14:00,15525.9004,2268.6699,3174.24,1422.98,19285.5,9084.7002,4671.3398,1847.12,57280.4503,E,N,N
06/18/2018,14:00,15506.7002,2205,3136.23,1401.89,19179.8008,9059.6797,4791.3301,1547.66,56828.2908,E1,N,N
06/18/2018,14:00,15979.9004,2155.0901,3163.6599,1519.63,19507,9138.5996,4777.29,1570.58,57811.75,E2,Y,N
06/18/2018,14:00,15505.2002,2207.28,3274.0601,1407.61,19278.6992,9086.0703,4745.3198,1617.45,57121.6896,E3,N,N
06/18/2018,14:00,15640.8428,2261.8506,3194.0112,1418.0814,19223.9277,9225.0879,4719.5005,1656.2656,57339.5677,M,N,N
06/18/2018,15:00,15605.9658,2472.084,3268.4595,1403.7946,19426.0742,9588.1338,4683.4624,1697.5248,58145.4991,A3,N,N
06/18/2018,15:00,15922.874,2328.1604,3260.1587,1442.7178,19903.6328,9844.4453,4684.0215,1730.8558,59116.8663,A6,N,N
06/18/2018,15:00,15297.2002,2178.3601,3242.5701,1756.77,19776.8008,9319.6904,4722.6499,1827.27,58121.3115,E,N,N
06/18/2018,15:00,15401.2002,2244.8999,3191.4099,1437.12,19610.0996,9283.9805,4846.52,1590.74,57605.9701,E1,N,N
06/18/2018,15:00,15963.7002,2200.1299,3226.74,1560.15,20159.5,9337.2002,4868.1099,1618.29,58933.8202,E2,Y,N
06/18/2018,15:00,15280.5996,2252.8301,3311.3101,1444.79,19827,9293.3799,4789.0098,1672.0699,57870.9894,E3,N,N
06/18/2018,15:00,15578.5908,2279.4109,3250.1082,1507.5571,19783.8516,9444.4717,4765.6294,1689.4586,58299.0783,M,N,N
06/18/2018,16:00,15427.4707,2485.8762,3345.7397,1436.4739,20150.9688,9665.666,4626.3843,1727.1865,58865.7661,A3,N,N
06/18/2018,16:00,15831.874,2329.4307,3310.437,1467.3284,20546.7266,10000.5684,4676.5005,1745.7913,59908.6569,A6,N,N
06/18/2018,16:00,15596.5996,2346.5801,3294.99,1476.29,20431.1992,9459.6904,4822.54,2035.4399,59463.3292,E,N,N
06/18/2018,16:00,15366.2002,2265.26,3243.3999,1473.4,19861.5,9372.4004,4845.4199,1616.23,58043.8104,E1,N,N
06/18/2018,16:00,15819.2998,2228.6001,3259.51,1584.8,20470.1992,9448.5303,4895.6001,1656.9301,59363.4696,E2,Y,N
06/18/2018,16:00,14957.2998,2237.75,3327.3701,1427.58,20452.5996,9467.5898,4886.3301,1693.29,58449.8094,E3,N,N
06/18/2018,16:00,15499.791,2315.5828,3296.908,1477.6453,20318.8672,9569.0742,4792.1294,1745.8113,59015.8092,M,N,N
06/18/2018,17:00,15395.3906,2409.0869,3400.9395,1436.5759,20392.4082,9551.0732,4593.792,1745.6456,58924.9119,A3,N,N
06/18/2018,17:00,15613.335,2354.6702,3342.7798,1480.1469,20882.0898,9710.5137,4690.998,1756.573,59831.1064,A6,N,N
06/18/2018,17:00,15625.0996,2094,3330.3999,1479.38,20683.9004,9385.0596,4779.2998,1886.71,59263.8493,E,N,N
06/18/2018,17:00,15366.5,2266.54,3261.71,1453.27,20230,9357.5801,4833.98,1638.1899,58407.77,E1,N,N
06/18/2018,17:00,15681.5,2223.3101,3287.73,1583.88,20513.6992,9450.0801,4857.6201,1673.39,59271.2095,E2,Y,N
06/18/2018,17:00,14958.9004,2133.8799,3408.3101,1437.59,20637.5,9357.6602,4816.0601,1688.9301,58438.8308,E3,N,N
06/18/2018,17:00,15440.123,2246.9146,3338.645,1478.4739,20556.6016,9468.6621,4761.9585,1731.5732,59022.9519,M,N,N
06/18/2018,18:00,15167.5791,2349.5981,3400.4646,1429.2383,20114.2754,9579.7236,4453.3833,1718.8712,58213.1336,A3,N,N
06/18/2018,18:00,15380.7344,2331.157,3351.4692,1471.6417,20675.998,10221.5781,4585.6704,1722.0879,59740.3367,A6,N,N
06/18/2018,18:00,15420.7998,2076.52,3314.27,1419.25,20730.0996,9237.9805,4688.71,1871.86,58759.4899,E,N,N
06/18/2018,18:00,15007,2236.79,3256.8601,1408.54,19850.3008,9110.3096,4740.6802,1619.22,57229.7007,E1,N,N
06/18/2018,18:00,15429.9004,2187.74,3274.1299,1549.34,20246.3008,9321.2598,4733.2998,1668.86,58410.8307,E2,Y,N
06/18/2018,18:00,14677,2103.8101,3327.6001,1423.4301,20699.5996,9211.9199,4716.4102,1683.39,57843.16,E3,N,N
06/18/2018,18:00,15180.5029,2214.2693,3320.7993,1450.24,20386.0957,9447.1289,4653.0259,1714.0481,58366.1101,M,N,N
06/18/2018,19:00,14863.4287,2275.667,3363.3875,1399.4891,19509.9551,9416.1113,4365.7607,1702.5018,56896.3012,A3,N,N
06/18/2018,19:00,14965.1016,2285.8313,3324.3499,1439.942,20182.2344,9776.168,4475.8345,1714.9922,58164.4539,A6,N,N
06/18/2018,19:00,14900.4004,2036.61,3282.8899,1446.4,20233.4004,9068.7998,4531.29,1851.64,57351.4305,E,N,N
06/18/2018,19:00,14673.2002,2151.6799,3246.47,1396.78,19439.6992,9110.6504,4536.79,1673.1,56228.3697,E1,N,N
06/18/2018,19:00,14980.5,2148.96,3257.23,1504.11,19660.5996,9144.5898,4546.3398,1656.27,56898.5992,E2,Y,N
06/18/2018,19:00,14267.5,2089.3501,3288.8401,1464.73,20299.8008,9047.0703,4600.96,1731.73,56789.9813,E3,N,N
06/18/2018,19:00,14775.0225,2164.6831,3293.8613,1441.9086,19887.6172,9260.5654,4509.4961,1721.7058,57054.86,M,N,N
06/18/2018,20:00,14344.752,2175.1052,3293.7131,1315.7692,18587.3672,9084.0068,4295.2969,1674.7842,54770.7946,A3,N,N
06/18/2018,20:00,14386.751,2172.198,3247.8799,1355.3638,19273.9648,9250.8945,4392.2358,1717.1304,55796.4182,A6,N,N
06/18/2018,20:00,14566.9004,1979,3228.3101,1389.28,19255.8008,8848.04,4392.4502,1832.27,55492.0515,E,N,N
06/18/2018,20:00,14247.4004,2081.3701,3214.5,1350.95,18352.6992,8849.5,4361.7402,1531.8,53989.9599,E1,N,N
06/18/2018,20:00,14625.2002,2071.0901,3206.76,1436.95,18860.3008,8890.5801,4397.7798,1616.08,55104.741,E2,Y,N
06/18/2018,20:00,13983.5,2026.73,3237.45,1341.8,19247.9004,8868.3496,4474.0801,1651.98,54831.7901,E3,N,N
06/18/2018,20:00,14359.084,2084.249,3238.1023,1365.0188,18929.6719,8965.2295,4385.5972,1670.6741,54997.6268,M,N,N
06/18/2018,21:00,13831.5244,2043.3126,3218.1111,1227.2507,17359.8281,8503.4932,4158.7017,1617.5892,51959.811,A3,N,N
06/18/2018,21:00,13691.957,2053.999,3169.7217,1253.6898,18081.6543,8761.4639,4266.3984,1662.075,52940.9591,A6,N,N
06/18/2018,21:00,14463.4004,1960.88,3127.3301,1269.6899,18465.1992,8641.75,4258.3198,1750.39,53936.9594,E,N,N
06/18/2018,21:00,14388.0996,2051.1599,3128.95,1315.85,17671.1992,8635.96,4343.5698,1532.9399,53067.7284,E1,N,N
06/18/2018,21:00,14568,2027.45,3139.6201,1375.35,18094.6992,8646.79,4332.9302,1561.17,53746.0095,E2,Y,N
06/18/2018,21:00,13985.2002,1926.71,3189.0601,1263.74,18464.8008,8629.4805,4418.6001,1665.85,53543.4417,E3,N,N
06/18/2018,21:00,14154.6973,2010.5852,3162.1323,1284.2617,18022.8984,8636.4902,4296.4199,1631.6689,53199.1539,M,N,N
06/18/2018,22:00,13761.4971,1976.0598,3133.8723,1201.6448,16582.9043,8223.0322,4079.6101,1606.0142,50564.6348,A3,N,N
06/18/2018,22:00,13607.5205,2004.1217,3113.7378,1216.1366,17243.6621,8538.5957,4190.2485,1621.3804,51535.4033,A6,N,N
06/18/2018,22:00,14165.7002,1929.71,3114.3101,1313.8,17810.1992,8406.1201,4152.2002,1692.3,52584.3398,E,N,N
06/18/2018,22:00,14072.5,1980.01,3077.8999,1281.26,17342.5,8414.9004,4276.23,1505.1801,51950.4804,E1,N,N
06/18/2018,22:00,14289.5,1976.8,3101.0901,1342.27,17432,8441.0098,4259.9102,1527.0601,52369.6402,E2,Y,N
06/18/2018,22:00,13587,1945.1801,3144.03,1245.16,17863.9004,8411.04,4374.1699,1592.83,52163.3104,E3,N,N
06/18/2018,22:00,13913.9531,1968.647,3114.1567,1266.7119,17379.1953,8405.7832,4222.0615,1590.7942,51861.3029,M,N,N
06/18/2018,23:00,13269.5996,1843.5183,3008.1821,1145.7522,15483.6006,7654.9873,3873.0256,1562.2533,47840.919,A3,N,N
06/18/2018,23:00,13299.3408,1882.2059,3013.8142,1147.7532,16078.4619,7869.1484,3961.5803,1549.4215,48801.7262,A6,N,N
06/18/2018,23:00,13573.5996,1819.4301,3029.5,1138.95,16347.7998,7794.5698,4008.95,1602.26,49315.0593,E,N,N
06/18/2018,23:00,13481.9004,1828.62,3054.45,1173.99,15938.2002,7810.7002,4032.4099,1425.6,48745.8707,E1,N,N
06/18/2018,23:00,13539.2998,1828.91,3013.24,1272.99,16044.9004,7832.8999,4016.04,1435.49,48983.7701,E2,Y,N
06/18/2018,23:00,13063.5,1789.62,3048.0801,1204.5601,16444.8008,7801.54,4021.6699,1351.9,48725.6709,E3,N,N
06/18/2018,23:00,13371.207,1832.0508,3027.8777,1180.666,16056.2949,7793.9746,3985.6128,1487.8208,48735.5046,M,N,N
06/18/2018,24:00,12463.1201,1690.0394,2910.0442,1046.837,14285.0713,7162.5566,3618.623,1461.8903,44638.1819,A3,N,N
06/18/2018,24:00,12453.2568,1736.6191,2919.3848,1045.5637,14715.2441,7280.8979,3683.3093,1453.2628,45287.5385,A6,N,N
06/18/2018,24:00,12654.2002,1668.97,2969.8301,1099.58,14965.7002,7179.2998,3705.1201,1493.4301,45736.1305,E,N,N
06/18/2018,24:00,12634.2002,1685.99,2977.3601,1111.2,14541.2002,7080.6099,3741.3701,1267.37,45039.3005,E1,N,N
06/18/2018,24:00,12698.0996,1663.3101,2925.8601,1170.95,14523.5,7078.5801,3708.22,1314.66,45083.1799,E2,Y,N
06/18/2018,24:00,12287.7002,1683.97,2973.3701,1105.29,15067.5996,7185.21,3755.72,1304.0601,45362.92,E3,N,N
06/18/2018,24:00,12531.7627,1688.1499,2945.9751,1096.5702,14683.0518,7161.1934,3702.0605,1382.4456,45191.2092,M,N,N
06/19/2018,1:00,11614.6709,1563.0443,2821.1826,973.5598,12975.624,6713.2773,3337.4856,1376.4358,41375.2803,A3,N,N
06/19/2018,1:00,11756.3145,1628.146,2803.1387,967.5166,13388.5205,6793.1782,3358.8909,1390.3867,42086.0921,A6,N,N
06/19/2018,1:00,11891.7002,1553.14,2906.26,1022.78,13624.5,6575.0298,3441.3301,1360.74,42375.4801,E,N,N
06/19/2018,1:00,11942.5,1560.05,2916.27,1053.5699,13383,6489.2002,3490.77,1148.48,41983.8401,E1,N,N
06/19/2018,1:00,11987.2998,1526.6,2847.22,1095.64,13314.7998,6466.1802,3461.6499,1208.1801,41907.5698,E2,Y,N
06/19/2018,1:00,11611.0996,1587.59,2880.6599,1026.87,13709.2998,6580.2402,3466.5601,1204.24,42066.5596,E3,N,N
06/19/2018,1:00,11800.5977,1569.7617,2862.4551,1023.3228,13399.291,6602.8516,3426.1145,1281.4105,41965.8049,M,N,N
06/19/2018,2:00,11137.1221,1453.2389,2756.373,922.9366,12142.3652,6375.8501,3182.478,1326.6274,39296.9913,A3,N,N
06/19/2018,2:00,11384.9678,1533.5201,2755.7209,911.7535,12440.5625,6408.3442,3176.3794,1349.1285,39960.3769,A6,N,N
06/19/2018,2:00,11387.2002,1485.8,2841.97,953.39,12727.2002,6176,3275.1499,1255.49,40102.2003,E,N,N
06/19/2018,2:00,11391.5,1466.12,2880.1101,1004.95,12454.9004,6004.0601,3269.78,1077.4399,39548.8605,E1,N,N
06/19/2018,2:00,11420,1418.9399,2791.6399,1033.5601,12328.5996,5985.1099,3253.0901,1134.62,39365.5595,E2,Y,N
06/19/2018,2:00,11115.5,1542.85,2815.7,972.294,12812.4004,6185.8799,3316.01,1149.73,39910.3643,E3,N,N
06/19/2018,2:00,11306.0479,1483.4114,2806.9189,966.4808,12484.3389,6189.2075,3245.4814,1215.506,39697.3928,M,N,N
06/19/2018,3:00,10814.6221,1386.6235,2684.623,889.8777,11692.9492,6138.4028,3050.5029,1299.4436,37957.0448,A3,N,N
06/19/2018,3:00,11111.0518,1465.8917,2694.3977,873.9271,11886.9707,6140.1377,3034.9763,1326.4354,38533.7884,A6,N,N
06/19/2018,3:00,11121.0996,1374.4,2780.54,873.465,12179.7998,5932.4302,3111.2,1434.64,38807.5746,E,N,N
06/19/2018,3:00,11020,1397.6899,2800.95,983.435,11707.5,5739.1299,3127.53,1049.4399,37825.6747,E1,N,N
06/19/2018,3:00,11043,1349.9301,2755.78,993.236,11610.5,5686.0298,3121.0901,1070.47,37630.036,E2,Y,N
06/19/2018,3:00,10903.9004,1460.99,2741.45,930.835,12280.2998,5950.4399,3200.27,1095.09,38563.2751,E3,N,N
06/19/2018,3:00,11002.2793,1405.9209,2742.9565,924.1293,11893.0039,5931.0957,3107.595,1212.5865,38219.5671,M,N,N
06/19/2018,4:00,10604.2725,1382.3815,2665.855,858.5855,11410.9805,6032.8403,2957.8938,1245.3766,37158.1857,A3,N,N
06/19/2018,4:00,10910.6592,1447.4327,2711.7158,842.8681,11527.8584,6010.8833,2952.5342,1286.0144,37689.9661,A6,N,N
06/19/2018,4:00,10988.9004,1398.13,2752.04,867.169,11944.0996,5781.6401,3035.3401,1383.21,38150.5292,E,N,N
06/19/2018,4:00,10794.2998,1382.51,2748.8701,953.218,11382.2998,5582.2002,3021.73,1012.23,36877.3579,E1,N,N
06/19/2018,4:00,10858.5,1311.08,2738.3101,965.852,11262.0996,5546.4399,3029.1201,1029.53,36740.9317,E2,Y,N
06/19/2018,4:00,10671.2998,1384.35,2762.01,924.025,12020,5797.7798,3065.6001,1081.45,37706.5147,E3,N,N
06/19/2018,4:00,10804.6553,1384.314,2729.8003,901.953,11591.2227,5791.9639,3010.3699,1172.9685,37387.2476,M,N,N
06/19/2018,5:00,10577.7051,1384.1285,2656.1499,857.8852,11439.7461,6016.2876,2947.4819,1233.767,37113.1513,A3,N,N
06/19/2018,5:00,10904.1172,1432.9758,2685.218,845.2144,11453.0713,5998.8477,2943.436,1268.1366,37531.017,A6,N,N
06/19/2018,5:00,11072.2002,1376.5699,2731.54,861.896,11945.4004,5750.48,3019.8101,1261.45,38019.3466,E,N,N
06/19/2018,5:00,10885.5,1389.33,2743.79,934.344,11471.7002,5616.8398,3021.8999,1002.19,37065.5939,E1,N,N
06/19/2018,5:00,10943.7002,1318.45,2720.47,951.13,11255.9004,5552.54,3011.0601,1031.29,36784.5407,E2,Y,N
06/19/2018,5:00,10821.2002,1431.04,2706.76,944.832,12020.5996,5759.7798,3052.0701,1084.33,37820.6117,E3,N,N
06/19/2018,5:00,10867.4033,1388.7491,2707.3215,899.2169,11597.7373,5782.4629,2999.293,1146.8606,37389.0446,M,N,N
06/19/2018,6:00,10973.7891,1444.1637,2641.3892,870.6411,11658.627,6233.0015,3011.3547,1267.8553,38100.8216,A3,N,N
06/19/2018,6:00,11403.8135,1484.8658,2661.8545,857.715,11632.7168,6236.9419,3006.0005,1285.9248,38569.8328,A6,N,N
06/19/2018,6:00,11489.0996,1467.66,2699.5901,882.104,12346.7002,6039.23,3071.53,1440.21,39436.1239,E,N,N
06/19/2018,6:00,11351.5996,1431.66,2713.04,971.948,11867.7002,5831.1602,3084.23,1038.79,38290.128,E1,N,N
06/19/2018,6:00,11424.0996,1377.62,2726.6101,977.702,11761.4004,5806.1299,3100.51,1056.67,38230.742,E2,Y,N
06/19/2018,6:00,11247.2002,1452.12,2730.1399,946.113,12386.5,6047.6899,3123.76,1133.5601,39067.0831,E3,N,N
06/19/2018,6:00,11314.9336,1443.0149,2695.4375,917.7038,11942.2744,6032.3589,3066.231,1203.8351,38615.7892,M,N,N
06/19/2018,7:00,11340.7188,1548.991,2628.8347,879.5935,12249.2969,6593.3936,3133.1138,1329.4514,39703.3937,A3,N,N
06/19/2018,7:00,11691.8477,1552.6467,2632.7749,872.1428,12233.9717,6585.0205,3135.9924,1307.6414,40012.0381,A6,N,N
06/19/2018,7:00,12068.5,1550.87,2701.3301,951.079,13008.7998,6478.9502,3210.5801,1393.51,41363.6192,E,N,N
06/19/2018,7:00,11988.9004,1531.42,2797.6201,970.605,12503.4004,6320.6802,3279.9399,1060.24,40452.806,E1,N,N
06/19/2018,7:00,12002.2998,1481.73,2747.24,1013.15,12591.2002,6280.6099,3316.3301,1106.78,40539.34,E2,Y,N
06/19/2018,7:00,11693.0996,1577.67,2762.24,936.407,13032.2002,6460.9102,3289.79,1169.45,40921.767,E3,N,N
06/19/2018,7:00,11797.5605,1540.5547,2711.6733,937.163,12603.1445,6453.2607,3227.6245,1227.8455,40498.8267,M,N,N
06/19/2018,8:00,11772.4941,1660.0577,2695.6919,940.9438,12660.082,6827.2075,3237.5337,1355.0649,41149.0756,A3,N,N
06/19/2018,8:00,12096.2773,1622.4886,2709.3469,935.2084,12702.791,6865.8447,3254.9023,1345.335,41532.1942,A6,N,N
06/19/2018,8:00,12306.7998,1659.26,2739.9099,1104.89,13569.4004,6776.77,3317.72,1497.86,42972.6101,E,N,N
06/19/2018,8:00,12140.2998,1565.3199,2741.45,1012.99,13184.2002,6590.29,3387.79,1087.9301,41710.27,E1,N,N
06/19/2018,8:00,12335.2998,1557.4301,2756.1699,1059.08,13173.7998,6546.21,3427.1201,1133.89,41988.9997,E2,Y,N
06/19/2018,8:00,12009.7002,1609.42,2789.6699,1012.94,13606,6767.4102,3429.99,1188.58,42413.7103,E3,N,N
06/19/2018,8:00,12110.1445,1612.3293,2738.7065,1011.0088,13149.3799,6728.9556,3342.5095,1268.11,41961.1441,M,N,N
06/19/2018,9:00,12086.5723,1782.291,2803.2034,1011.1452,13297.2451,7116.0469,3404.563,1363.2612,42864.3281,A3,N,N
06/19/2018,9:00,12585.5977,1719.9427,2816.5786,1020.3066,13464.9033,7163.6582,3460.9116,1375.2898,43607.1885,A6,N,N
06/19/2018,9:00,12670.2998,1740.98,2801.45,1050.5601,13935.9004,6944,3389.48,1507.11,44039.7803,E,N,N
06/19/2018,9:00,12633.7002,1694.28,2791.27,1099.9,13584.4004,6764.71,3537.52,1120.42,43226.2006,E1,N,N
06/19/2018,9:00,12827,1654.1801,2802.97,1129.37,13726.0996,6799.23,3592.4099,1163.28,43694.5396,E2,Y,N
06/19/2018,9:00,12368,1680.77,2854.3799,1073.65,14031.5996,6963.54,3501.4099,1200.17,43673.5194,E3,N,N
06/19/2018,9:00,12528.5293,1712.074,2811.6421,1064.1554,13673.3594,6958.5313,3481.0493,1288.2551,43517.5959,M,N,N
06/19/2018,10:00,12842.6006,1866.5261,2860.7861,1089.2261,13876.126,7435.4507,3597.9141,1412.3389,44980.9686,A3,N,N
06/19/2018,10:00,13418.1211,1804.0258,2888.4058,1093.9421,14132.1182,7485.1655,3637.6997,1405.5647,45865.0429,A6,N,N
06/19/2018,10:00,13295.5996,1830.16,2861.0601,1154.61,14596.0996,7157.5601,3554.3899,1522.0601,45971.5394,E,N,N
06/19/2018,10:00,13361.5,1782.58,2831.3301,1153.63,14034.9004,7020.8901,3715.7,1214.5601,45115.0907,E1,N,N
06/19/2018,10:00,13559.7002,1761,2837.95,1241.48,14478,7174.8398,3788.98,1244.3,46086.25,E2,Y,N
06/19/2018,10:00,13164.2998,1766.05,2938.98,1173.9399,14699.7998,7155.1099,3728.0901,1225.37,45851.6395,E3,N,N
06/19/2018,10:00,13273.6377,1801.7238,2869.7522,1151.1381,14302.8418,7238.1699,3670.4622,1337.3657,45645.0914,M,N,N
06/19/2018,11:00,13728.793,1982.808,2945.3232,1152.7936,14628.9902,7762.0234,3808.2314,1466.8645,47475.8273,A3,N,N
06/19/2018,11:00,14338.4785,1930.7798,2977.1033,1136.6067,14935.5488,7855.5737,3859.0288,1471.2964,48504.416,A6,N,N
06/19/2018,11:00,14217.5,1915.9301,2915.79,1253.1,15210.7998,7467.6201,3854.5701,1580.05,48415.3601,E,N,N
06/19/2018,11:00,14091.2002,1879.25,2895.1101,1221.6899,14802.4004,7369.1201,3960.4299,1262.83,47482.0306,E1,N,N
06/19/2018,11:00,14269,1857.37,2888.3701,1306.26,15370.2998,7529.2002,4069.53,1299.39,48589.4201,E2,Y,N
06/19/2018,11:00,13790,1849.74,3052.0601,1275.55,15289,7457.7402,3964.97,1313,47992.0603,E3,N,N
06/19/2018,11:00,14072.4961,1902.6464,2945.6262,1224.3335,15039.5068,7573.5469,3919.4602,1398.9052,48076.5213,M,N,N
06/19/2018,12:00,14632.0732,2073.0366,3036.0532,1198.2117,15515.0918,8079.8535,3998.3591,1518.3619,50051.041,A3,N,N
06/19/2018,12:00,15291.3613,1999.9506,3103.5833,1171.2323,15774.1992,8280.5869,4049.231,1514.1125,51184.2571,A6,N,N
06/19/2018,12:00,15147.4004,2008.02,2981.5601,1281.75,15917.4004,7855.1099,4155.71,1667.58,51014.5308,E,N,N
06/19/2018,12:00,14939.2002,2025.73,2943.27,1277.47,15636,7714.3301,4225.9102,1324.49,50086.4005,E1,N,N
06/19/2018,12:00,14955,1954.4301,2952.74,1357.9,16233.5,7880.73,4315.3999,1363.67,51013.37,E2,Y,N
06/19/2018,12:00,14623.0996,1928.3,3133.4399,1293.48,15950.5996,7837.6499,4227.5,1342.26,50336.329,E3,N,N
06/19/2018,12:00,14931.3564,1998.2446,3025.1079,1263.3407,15837.7988,7941.377,4162.0186,1455.0791,50614.3231,M,N,N
06/19/2018,13:00,15002.7324,2132.1509,3086.9727,1240.2487,16222.2646,8261.8516,4163.5503,1568.8358,51678.607,A3,N,N
06/19/2018,13:00,15583.918,2078.855,3161.9241,1225.8545,16550.9531,8493.9063,4236.105,1561.3796,52892.8956,A6,N,N
06/19/2018,13:00,15488.7998,2063.1799,3063.3701,1374.6801,16783.4004,8144.1602,4466.7998,1671.5,53055.8903,E,N,N
06/19/2018,13:00,15377.5,2080.0801,3016.48,1286.01,16222.5,7957.8701,4473,1392.92,51806.3602,E1,N,N
06/19/2018,13:00,15462.7998,2036.5601,3011.27,1403.09,17021.0996,8210.0498,4530.5098,1423.63,53099.0091,E2,Y,N
06/19/2018,13:00,14908.2998,2013.99,3186.8201,1362.46,16811.9004,8122.54,4470.7202,1433.75,52310.4805,E3,N,N
06/19/2018,13:00,15304.0098,2067.4695,3087.8064,1315.3906,16602.0195,8198.3965,4390.1143,1508.6693,52473.8759,M,N,N
06/19/2018,14:00,15596.207,2189.3074,3143.146,1271.5433,16776.6211,8520.4961,4350.731,1625.2494,53473.3013,A3,N,N
06/19/2018,14:00,15947.165,2132.5837,3211.4749,1262.0367,17245.3535,8826.0244,4432.9819,1626.2515,54683.8716,A6,N,N
06/19/2018,14:00,15452,2272.3601,3105.4099,1401.6,17371.6992,8302.6104,4676.21,1799.01,54380.8996,E,N,N
06/19/2018,14:00,15686.0996,2132.8601,3068.77,1357.08,17197.5996,8217.6699,4615.46,1445.0699,53720.6091,E1,N,N
06/19/2018,14:00,15722.7998,2098.53,3079.76,1447.7,17831.4004,8476.1396,4691.0698,1465.77,54813.1696,E2,Y,N
06/19/2018,14:00,15023.2998,2076.27,3232.6101,1410.74,17386.1992,8296.8301,4640.3999,1484.36,53550.7091,E3,N,N
06/19/2018,14:00,15571.2617,2150.3186,3140.1951,1358.45,17301.4785,8439.9619,4567.8091,1574.2853,54103.7602,M,N,N
06/19/2018,15:00,15151.1064,2250.8625,3177.8997,1292.6628,17165.5723,8619.5869,4426.4253,1654.0209,53738.1368,A3,N,N
06/19/2018,15:00,15706.4717,2181.343,3202.8511,1296.6654,17630.2051,8998.4063,4489.1924,1661.5814,55166.7164,A6,N,N
06/19/2018,15:00,15051.7998,2188.0601,3130.74,1629.84,17702.5,8433.7197,4613.2598,1734.84,54484.7594,E,N,N
06/19/2018,15:00,15280.4004,2179.1399,3122.02,1401.26,17611.9004,8478.2402,4743.8799,1476.54,54293.3808,E1,N,N
06/19/2018,15:00,15753.9004,2155.2,3140.23,1488.96,18459.1992,8692.5801,4797.96,1500.6801,55988.7098,E2,Y,N
06/19/2018,15:00,14671.7998,2142.3301,3301.6599,1451.64,17689.3008,8398.0801,4651.46,1510.53,53816.8007,E3,N,N
06/19/2018,15:00,15269.2471,2182.8225,3179.2336,1426.8381,17709.7793,8603.4355,4620.3628,1589.6989,54581.4178,M,N,N
06/19/2018,16:00,14929.9766,2264.8291,3238.7476,1288.2444,17548.6348,8679.792,4441.1846,1671.4866,54062.8957,A3,N,N
06/19/2018,16:00,15479.3789,2150.022,3216.02,1293.9379,17972.8477,9042.542,4533.397,1670.3242,55358.4697,A6,N,N
06/19/2018,16:00,15417.0996,2397.5901,3222.53,1436.47,18340.1992,8673.1201,4837.3301,1913.38,56237.7191,E,N,N
06/19/2018,16:00,15620.7998,2235.8401,3181.24,1410.02,18227.9004,8610.1904,4747.5498,1511.54,55545.0805,E1,N,N
06/19/2018,16:00,15734.2998,2188.6699,3183.8999,1514.77,18923.4004,8857.9004,4851.8901,1545.5699,56800.4004,E2,Y,N
06/19/2018,16:00,14740.5,2129.3101,3316,1423.05,18327.6992,8682.1299,4802.2998,1532.63,54953.619,E3,N,N
06/19/2018,16:00,15320.3418,2227.7102,3226.4065,1394.4155,18223.4473,8757.6123,4702.2754,1640.8219,55493.0309,M,N,N
06/19/2018,17:00,15172.8926,2265.4023,3303.4182,1294.2278,17963.9043,8897.8721,4425.6313,1679.1761,55002.5247,A3,N,N
06/19/2018,17:00,15494.9004,2215.3042,3249.5742,1313.0979,18271.6523,9283.0703,4569.6938,1676.7407,56074.0338,A6,N,N
06/19/2018,17:00,15794.7002,2153.3,3255.47,1462.78,18552.1992,8778.7598,4740.9702,1822.26,56560.4394,E,N,N
06/19/2018,17:00,15754.5996,2229.51,3181.4399,1408.61,18599.8008,8748.6797,4736.8101,1527.55,56187.0001,E1,N,N
06/19/2018,17:00,15711.0996,2192.73,3229.2,1521.52,19290.5996,8941.4102,4851.5698,1575.83,57313.9592,E2,Y,N
06/19/2018,17:00,14849,2073.5901,3364.8701,1402.5,18524.1992,8744.2002,4808.1602,1591.42,55357.9398,E3,N,N
06/19/2018,17:00,15462.8652,2188.3062,3263.9956,1400.4559,18533.7266,8899,4688.8062,1645.4961,56082.6518,M,N,N
06/19/2018,18:00,14943.5254,2219.187,3319.2695,1306.5819,18741.8242,9053.3281,4534.7119,1678.051,55796.479,A3,N,N
06/19/2018,18:00,15287.0059,2301.6155,3254.0269,1334.7715,18848.2129,9600.6309,4619.957,1680.9951,56927.2157,A6,N,N
06/19/2018,18:00,15518.2002,2143.9199,3258.1799,1395.96,19229.3008,8677.8496,4908.8799,1807.29,56939.5803,E,N,N
06/19/2018,18:00,15465.9004,2201.6899,3186.8899,1388.98,18943,8642.9502,4914.98,1525.47,56269.8604,E1,N,N
06/19/2018,18:00,15540.5996,2153.5,3242.8799,1496.12,19393.5,8916.4404,4774.8999,1584.96,57102.8998,E2,Y,N
06/19/2018,18:00,14764.7002,2042.7,3308.8,1405.1801,19189.5996,8669.4697,4925.0498,1578.13,55883.6294,E3,N,N
06/19/2018,18:00,15253.3223,2177.1021,3261.6743,1387.9323,19057.5742,8926.7793,4779.7466,1642.4827,56486.6138,M,N,N
06/19/2018,19:00,14947.2998,2163.8843,3345.9587,1300.7627,17938.0762,9058.2764,4391.9546,1676.4353,54822.648,A3,N,N
06/19/2018,19:00,15063.3379,2189.1235,3261.7158,1316.5767,18401.9141,9195.3965,4464.5688,1686.2013,55578.8346,A6,N,N
06/19/2018,19:00,15319.5,2125.8301,3207.3899,1408.45,18749,8646.7695,4605.4702,1799.9301,55862.3398,E,N,N
06/19/2018,19:00,15352,2150.76,3168.1699,1352.48,18412.6992,8681.3301,4526.1899,1549.37,55192.9991,E1,N,N
06/19/2018,19:00,15178.4004,2109.8601,3223.0801,1461.85,19061.1992,8810.1699,4619.6802,1579.6801,56043.92,E2,Y,N
06/19/2018,19:00,14699.5996,2058.25,3235.8899,1423.73,18807.4004,8604.29,4648.6499,1604.28,55082.0898,E3,N,N
06/19/2018,19:00,15093.3574,2132.9514,3240.3672,1377.3082,18561.7148,8832.7061,4542.7524,1649.3162,55430.4737,M,N,N
06/19/2018,20:00,14456.1816,2075.2986,3260.1726,1222.6779,17162.8965,8660.5723,4356.6362,1647.8712,52842.3069,A3,N,N
06/19/2018,20:00,14711.25,2085.6887,3187.3198,1234.6858,17711.7012,8719.7754,4403.4932,1695.2261,53749.1402,A6,N,N
06/19/2018,20:00,14771.5,2067.22,3208.79,1351.39,17726.0996,8517.4004,4510.8999,1794.01,53947.3099,E,N,N
06/19/2018,20:00,14588.5,2065.25,3167.78,1308.53,17608.8008,8417.1104,4420.3701,1502.96,53079.3013,E1,N,N
06/19/2018,20:00,14797.2002,2029.83,3182.9299,1398.47,18383.8008,8618.3496,4464.8501,1544.04,54419.4706,E2,Y,N
06/19/2018,20:00,14368.0996,1980.9399,3179.1599,1361.33,17710.8008,8529.29,4585.5,1570.96,53286.0802,E3,N,N
06/19/2018,20:00,14615.4561,2050.7048,3197.6919,1312.8473,17717.3516,8577.084,4456.9585,1625.8445,53553.9387,M,N,N
06/19/2018,21:00,14045.3682,1970.0607,3157.083,1153.0854,16227.874,8257.5469,4234.6372,1587.2706,50632.926,A3,N,N
06/19/2018,21:00,14252.8076,2014.5356,3104.0298,1144.078,16852.1602,8453.5078,4289.5449,1635.7499,51746.4138,A6,N,N
06/19/2018,21:00,14586.2002,1966.78,3110.4099,1227.46,17572.5996,8346.0498,4374.3301,1724.38,52908.2096,E,N,N
06/19/2018,21:00,14645.0996,2024.4301,3098.3501,1259.5,16916.5,8222.1104,4314.1499,1411.99,51892.1301,E1,N,N
06/19/2018,21:00,14708.2998,1986.21,3126.8401,1340.65,17739.5,8435.29,4388.5698,1484.9,53210.2597,E2,Y,N
06/19/2018,21:00,14217.5,1905.8,3133.8999,1244.65,17563.0996,8346.5,4444.52,1539.4,52395.3695,E3,N,N
06/19/2018,21:00,14409.2129,1977.9695,3121.7688,1228.2373,17145.2891,8343.501,4340.9585,1563.9485,52130.8856,M,N,N
06/19/2018,22:00,13798.0029,1930.7061,3076.0918,1146.7847,15648.8184,8008.7627,4168.7734,1570.4604,49348.4004,A3,N,N
06/19/2018,22:00,14112.8359,1988.1095,3051.3213,1124.5013,16210.3857,8206.2363,4223.2095,1600.0977,50516.6972,A6,N,N
06/19/2018,22:00,14269,1923.23,3061.8701,1282,16967.3008,8106.0898,4235.3701,1670.26,51515.1208,E,N,N
06/19/2018,22:00,14320,1970.5699,3121.9199,1237.0699,16538.0996,8101.2002,4284.8701,1407.53,50981.2596,E1,N,N
06/19/2018,22:00,14427.5996,1936.4399,3093.1201,1306.4301,17217.5,8270.75,4315.79,1462.9,52030.5297,E2,Y,N
06/19/2018,22:00,13882.5996,1895.77,3101.76,1204.03,17042.8008,8120.1001,4383.6201,1487.4399,51118.1205,E3,N,N
06/19/2018,22:00,14135.0068,1940.8043,3084.3474,1216.8027,16604.1523,8135.5239,4268.6055,1533.1147,50918.3576,M,N,N
06/19/2018,23:00,13057.7646,1799.8312,2959.9663,1098.4349,14796.6416,7508.3589,3925.866,1518.5994,46665.4629,A3,N,N
06/19/2018,23:00,13383.2383,1828.9374,2957.1123,1066.7703,15332.377,7632.8975,3967.5366,1521.9854,47690.8548,A6,N,N
06/19/2018,23:00,13515.2002,1828.15,2996.8201,1130.0699,15678.5,7523.3101,4030.3799,1527.6801,48230.1103,E,N,N
06/19/2018,23:00,13484.9004,1803.8199,2975.99,1191.29,15309.4004,7478.6802,4045.24,1281.9399,47571.2608,E1,N,N
06/19/2018,23:00,13590.2002,1787.3101,3011.2,1242.12,15825.2002,7667.4199,4053.1001,1373.35,48549.9005,E2,Y,N
06/19/2018,23:00,13169.2002,1751.35,3042.47,1171.08,15798.9004,7534.5,4064.98,1363.92,47896.4006,E3,N,N
06/19/2018,23:00,13366.75,1799.8997,2990.5933,1149.9609,15456.8369,7557.5283,4014.5171,1431.2458,47767.332,M,N,N
06/19/2018,24:00,12270.9707,1649.9139,2868.7397,1010.4936,13551.8008,6980.5352,3631.415,1429.2498,43393.1187,A3,N,N
06/19/2018,24:00,12552.2744,1673.6704,2867.5864,976.0406,13979.9209,7076.041,3656.2434,1422.447,44204.2241,A6,N,N
06/19/2018,24:00,12659.2002,1679.6899,2940.1599,1075.76,14452.9004,6973.71,3717.5601,1372.53,44871.5105,E,N,N
06/19/2018,24:00,12715.7998,1658.05,2991.4099,1077.75,14034.0996,6837.3701,3754.04,1179.23,44247.7494,E1,N,N
06/19/2018,24:00,12731.2002,1625.72,2945.96,1147.23,14296.7002,6944.8901,3750.8899,1256.9,44699.4904,E2,Y,N
06/19/2018,24:00,12394.7998,1627.27,2966.5801,1102.05,14570.2002,6979.3701,3788.26,1252.26,44680.7902,E3,N,N
06/19/2018,24:00,12554.042,1652.3857,2930.0728,1064.8875,14147.6035,6965.3193,3716.4016,1318.7695,44349.4819,M,N,N
06/20/2018,1:00,11495.9033,1527.0421,2783.6558,947.0399,12419.6563,6504.5884,3344.3198,1350.535,40372.7406,A3,N,N
06/20/2018,1:00,11818.335,1578.9457,2755.0481,909.1614,12785.2461,6618.0488,3354.1758,1358.6067,41177.5676,A6,N,N
06/20/2018,1:00,11844.2002,1553.88,2891.53,975.388,13171.7998,6378.21,3441.5601,1142.61,41399.1781,E,N,N
06/20/2018,1:00,12029.7998,1534.85,2949.1299,1014,12976.7002,6266.5698,3497.96,1081.83,41350.8397,E1,N,N
06/20/2018,1:00,11935.9004,1494.8101,2881.1201,1077.71,13022.2998,6324.48,3490.6499,1145.12,41372.0903,E2,Y,N
06/20/2018,1:00,11709.4004,1529.23,2867.3,1020.47,13240.0996,6387.8398,3462.0801,1147.42,41363.8399,E3,N,N
06/20/2018,1:00,11805.5898,1536.4597,2854.6309,990.6282,12935.9668,6413.29,3431.7913,1204.3536,41172.7103,M,N,N
06/20/2018,2:00,10993.8945,1440.2013,2733.0964,905.1228,11760.5166,6193.0786,3190.7964,1302.4238,38519.1304,A3,N,N
06/20/2018,2:00,11425.1934,1476.6003,2726.77,870.5488,12049.1143,6211.9419,3185.2478,1322.5449,39267.9614,A6,N,N
06/20/2018,2:00,11305.2998,1422.13,2860.3899,885.054,12356.5996,5983.1699,3284.76,989.515,39086.9182,E,N,N
06/20/2018,2:00,11486.7998,1449.58,2881.3999,986.865,12177.2002,5813.0298,3298.8501,1018.27,39111.9948,E1,N,N
06/20/2018,2:00,11336.2998,1393.92,2820.75,1018.64,12040.4004,5832.8501,3280.25,1067.36,38790.4703,E2,Y,N
06/20/2018,2:00,11217.2002,1462.09,2805.6101,948.283,12422.7998,5998.25,3314.4099,1087.33,39255.973,E3,N,N
06/20/2018,2:00,11294.1152,1440.7537,2804.6694,935.7523,12134.4385,6005.3872,3259.0525,1131.2407,39005.4095,M,N,N
06/20/2018,3:00,10690.8311,1380.4109,2674.4558,879.8586,11378.2285,5964.084,3085.7581,1279.1912,37332.8182,A3,N,N
06/20/2018,3:00,11032.0625,1410.223,2699.9478,848.0747,11634.1826,5962.3887,3067.1182,1302.6949,37956.6924,A6,N,N
06/20/2018,3:00,11023.5,1377.99,2795.8899,830.088,11765.4004,5715.1802,3152.8301,1227.6,37888.4786,E,N,N
06/20/2018,3:00,11042.2998,1384.27,2829.2,954.916,11428.7002,5528.5601,3145.9199,991.02,37304.886,E1,N,N
06/20/2018,3:00,10919.0996,1323.37,2776.77,980.385,11330.7002,5522.4302,3135.01,1001.97,36989.735,E2,Y,N
06/20/2018,3:00,10964.5996,1419.1899,2752.9399,917.393,11833.7002,5736.4399,3170.5901,1031.6,37826.4526,E3,N,N
06/20/2018,3:00,10945.3994,1382.5756,2754.8672,901.786,11561.8184,5738.1807,3126.2043,1139.0127,37549.8443,M,N,N
06/20/2018,4:00,10560.2734,1369.8785,2663.4927,855.7805,11138.7607,5929.2744,3006.239,1241.8993,36765.5985,A3,N,N
06/20/2018,4:00,10896.9434,1384.2203,2699.3081,825.9763,11327.6045,5927.9033,2984.6379,1271.7209,37318.3147,A6,N,N
06/20/2018,4:00,10903.0996,1358.52,2758.1299,766.925,11439.0996,5612.6201,3043.3701,986.962,36868.7263,E,N,N
06/20/2018,4:00,10886.7002,1363.8101,2791.3301,922.033,11051.4004,5406.3101,3066.25,966.589,36454.4229,E1,N,N
06/20/2018,4:00,10744.0996,1281,2749.73,955.839,10979.2002,5379.4702,3045.46,969.062,36103.861,E2,Y,N
06/20/2018,4:00,10778,1367.78,2772.3301,887.266,11484.9004,5629.1899,3080.6299,1024.29,37024.3863,E3,N,N
06/20/2018,4:00,10794.8525,1354.2017,2739.0535,868.97,11236.8281,5647.4614,3037.7646,1076.7539,36755.8857,M,N,N
06/20/2018,5:00,10632.1318,1361.4851,2648.9414,849.4886,11044.79,5940.1973,2977.1223,1219.6969,36673.8534,A3,N,N
06/20/2018,5:00,10997.1123,1374.3679,2671.563,823.1534,11178.0088,5935.6787,2966.7803,1249.6897,37196.3541,A6,N,N
06/20/2018,5:00,11029,1346.24,2750.47,763.483,11428.5996,5575.21,2993.53,1011.38,36897.9126,E,N,N
06/20/2018,5:00,10978,1369.52,2775.21,903.065,11074.2998,5428.7998,3025.77,969.535,36524.1996,E1,N,N
06/20/2018,5:00,10830.4004,1284.6,2735.71,943.055,10971,5383.3501,3023.25,966.481,36137.8465,E2,Y,N
06/20/2018,5:00,10860.7002,1381.4399,2710.25,894.434,11466.5,5588.3799,3046.29,1002.14,36950.134,E3,N,N
06/20/2018,5:00,10887.8906,1352.9423,2715.3572,862.7798,11193.8662,5641.936,3005.4573,1069.8204,36730.0498,M,N,N
06/20/2018,6:00,10957.3457,1410.4358,2633.1943,862.8198,11257.7764,6198.9648,3015.4255,1246.9325,37582.8948,A3,N,N
06/20/2018,6:00,11323.9463,1432.2865,2649.8643,835.4911,11348.7256,6201.4468,3013.1462,1258.1365,38063.0433,A6,N,N
06/20/2018,6:00,11443.2998,1427,2756.26,771.278,11775.2002,5873.0898,3017.9099,1155.8101,38219.8478,E,N,N
06/20/2018,6:00,11429.0996,1401.9399,2781.53,959.549,11427.4004,5658.3101,3091.6799,982.709,37732.2179,E1,N,N
06/20/2018,6:00,11292.4004,1336.89,2742.1299,969.83,11449.7002,5643.6499,3109.49,993.904,37537.9944,E2,Y,N
06/20/2018,6:00,11304.2002,1412.09,2730.5701,907.674,11785.7002,5887.6001,3110.45,1032.49,38170.7746,E3,N,N
06/20/2018,6:00,11291.7158,1403.4404,2715.5916,884.4404,11507.418,5910.5103,3059.6836,1111.6637,37884.4638,M,N,N
06/20/2018,7:00,11241.2393,1521.6665,2625.2214,869.0817,11542.5762,6507.561,3099.6907,1297.0267,38704.0635,A3,N,N
06/20/2018,7:00,11676.4365,1509.6542,2625.3967,844.3173,11641.4307,6516.0107,3111.9631,1266.0342,39191.2434,A6,N,N
06/20/2018,7:00,12027.5,1515.88,2753.72,786.921,12450.0996,6314.0898,3139.5901,1134.4301,40122.2306,E,N,N
06/20/2018,7:00,12052.7002,1508.71,2795.3999,955.583,12186.5,6171.9502,3249.99,1010.53,39931.3633,E1,N,N
06/20/2018,7:00,11846,1437.61,2763.4399,1005.09,12263.2998,6143.9399,3325.3501,1052.63,39837.3597,E2,Y,N
06/20/2018,7:00,11747.5996,1531.1801,2759.8799,920.429,12454.2002,6316.4502,3281.1299,1089.28,40100.1489,E3,N,N
06/20/2018,7:00,11765.2461,1504.1168,2720.5098,896.9037,12089.6846,6328.3335,3201.2856,1141.6553,39647.7354,M,N,N
06/20/2018,8:00,11805.9648,1632.6261,2687.0481,931.7242,12404.2686,6762.8198,3236.4485,1322.7649,40783.665,A3,N,N
06/20/2018,8:00,12198.3301,1569.4442,2699.7131,911.8885,12438.0361,6805.958,3243.1741,1314.645,41181.1891,A6,N,N
06/20/2018,8:00,12314.7998,1610.3199,2777.1299,818.516,13156,6612.2798,3299.24,1140.73,41729.0154,E,N,N
06/20/2018,8:00,12247.9004,1560.21,2794.25,989.964,12806.4004,6445.5098,3396.97,1043.77,41284.9746,E1,N,N
06/20/2018,8:00,12172.2002,1512.1,2770.8799,1046.46,12839.5,6418.96,3437.04,1088.63,41285.7701,E2,Y,N
06/20/2018,8:00,12114.7998,1597.8101,2789.3201,987.076,13168.2998,6617.3701,3439.8401,1134.13,41848.646,E3,N,N
06/20/2018,8:00,12142.332,1580.4185,2753.0569,947.6049,12802.085,6610.4834,3342.1189,1174.1117,41352.2113,M,N,N
06/20/2018,9:00,12315.6807,1754.4886,2795.5916,1009.0436,13059.5146,7061.7988,3428.1375,1336.0619,42760.3173,A3,N,N
06/20/2018,9:00,12733.0635,1668.7295,2807.9377,1004.2753,13254.1162,7114.3828,3463.5798,1343.958,43390.0428,A6,N,N
06/20/2018,9:00,12821.0996,1690.53,2847.1101,1047.74,13622.9004,6817.5,3437.96,1151.86,43436.7001,E,N,N
06/20/2018,9:00,12834.4004,1666.41,2849.6001,1073.67,13376,6626.2598,3537.3401,1066.22,43029.9004,E1,N,N
06/20/2018,9:00,12677.4004,1600.3199,2826.5701,1114.3101,13464,6700.4302,3594.76,1119.7,43097.4907,E2,Y,N
06/20/2018,9:00,12610.5996,1649.27,2866.5601,1044.17,13658.9004,6841.0298,3539.8301,1135.52,43345.88,E3,N,N
06/20/2018,9:00,12665.375,1671.6248,2832.2283,1048.8682,13405.9053,6860.2334,3500.2681,1192.22,43176.7231,M,N,N
06/20/2018,10:00,13176.7168,1853.8785,2860.8203,1099.246,13938.6787,7386.7212,3634.7764,1396.3495,45347.1874,A3,N,N
06/20/2018,10:00,13478.0459,1762.9792,2885.5984,1088.0411,14200.4434,7444.2651,3660.6797,1381.5247,45901.5775,A6,N,N
06/20/2018,10:00,13500.5996,1796.87,2919.1699,1022.05,14377.4004,7074.25,3601.6699,1175.64,45467.6498,E,N,N
06/20/2018,10:00,13601.2002,1740.08,2912.3401,1133.4301,14107.2002,6955.4502,3731.1399,1131.97,45312.8107,E1,N,N
06/20/2018,10:00,13477.7002,1707.17,2872.6201,1224.0699,14347.2002,7069.3701,3798.8101,1191.42,45688.3606,E2,Y,N
06/20/2018,10:00,13497.7998,1742.6801,2930.77,1163.63,14419,7082.8799,3753.24,1169.8,45759.7998,E3,N,N
06/20/2018,10:00,13455.3438,1767.2764,2896.8865,1121.7445,14231.6543,7168.8228,3696.7195,1241.1174,45579.5652,M,N,N
06/20/2018,11:00,13980.3984,1990.7797,2951.9131,1179.8743,14830.9072,7806.1865,3868.8423,1450.9579,48059.8594,A3,N,N
06/20/2018,11:00,14235.252,1884.3269,2981.0156,1143.8445,15220.8184,7972.4736,3894.6699,1453.6484,48786.0493,A6,N,N
06/20/2018,11:00,14471.5996,1906.15,2985.8301,1184.78,15387.2002,7376.75,3872.77,1343.91,48528.9899,E,N,N
06/20/2018,11:00,14347.2002,1851.28,2973.49,1170.89,15131.2002,7320.23,4010.8101,1201.62,48006.7205,E1,N,N
06/20/2018,11:00,14217.9004,1810.99,2937.75,1277.24,15295.0996,7496.0898,4074.51,1267.59,48377.1698,E2,Y,N
06/20/2018,11:00,14256.9004,1838,3039.55,1239.16,15412.2002,7380.02,4033.6799,1214.37,48413.8805,E3,N,N
06/20/2018,11:00,14251.543,1880.2546,2978.2583,1199.2982,15212.9053,7558.6255,3959.2136,1322.0161,48362.1146,M,N,N
06/20/2018,12:00,14663.417,2091.5969,3049.3459,1232.0605,15676.6729,8206.6514,4039.3386,1506.1456,50465.2288,A3,N,N
06/20/2018,12:00,14805.4805,1941.7328,3115.5898,1179.6068,16148.8154,8411.2725,4078.0007,1503.4063,51183.9048,A6,N,N
06/20/2018,12:00,15107,1996.46,3085.04,1242.1899,16331.5996,7839.9102,4133.7002,1406.41,51142.3099,E,N,N
06/20/2018,12:00,15034.2998,2009.91,3070.0801,1229.13,16084,7730.3901,4243.4502,1223.99,50625.2502,E1,N,N
06/20/2018,12:00,14967.5,1921.38,3017.49,1323.4301,16237.4004,7891.3999,4318.6499,1340.24,51017.4903,E2,Y,N
06/20/2018,12:00,14967.7998,1941.78,3133.25,1252.88,16335.9004,7840.6099,4270.52,1246.8199,50989.56,E3,N,N
06/20/2018,12:00,14924.25,1983.8099,3078.4663,1243.2163,16135.7324,7986.7061,4180.6099,1371.1687,50903.9596,M,N,N
06/20/2018,13:00,15001.3047,2175.0125,3107.2722,1269.233,16368.3477,8476.8516,4181.1245,1562.0591,52141.2053,A3,N,N
06/20/2018,13:00,15097.1504,2033.254,3183.333,1230.0203,16823.3477,8752.9053,4261.9097,1553.3193,52935.2397,A6,N,N
06/20/2018,13:00,15434.2002,2063.05,3127,1283.45,16939.0996,8205.8604,4387.1802,1408.35,52848.1904,E,N,N
06/20/2018,13:00,15602.5,2078.8301,3111.3999,1262.36,16662.5996,8030.6602,4459.1401,1335.0601,52542.55,E1,N,N
06/20/2018,13:00,15477.0996,2013.55,3088.2,1367.52,17129.0996,8257.0703,4532.04,1403.39,53267.9695,E2,Y,N
06/20/2018,13:00,15410.2998,1991.17,3170.6299,1337.95,16936.8008,8204.29,4416.1602,1347.5699,52814.8706,E3,N,N
06/20/2018,13:00,15337.0918,2059.1445,3131.3062,1291.7556,16809.8828,8321.2734,4372.9258,1434.958,52758.3381,M,N,N
06/20/2018,14:00,15582.0977,2231.6389,3184.2324,1298.7728,17035.1758,8824.0557,4349.6816,1619.1158,54124.7707,A3,N,N
06/20/2018,14:00,15719.4502,2092.3091,3203.55,1268.7029,17590.9043,9071.4473,4464.3628,1627.7374,55038.464,A6,N,N
06/20/2018,14:00,15820.2002,2264.0801,3207.4299,1328.26,17778.6992,8485.0195,4590.27,1512.24,54986.1989,E,N,N
06/20/2018,14:00,16123.4004,2181.3601,3188.4099,1315.11,17674.8008,8418.2695,4597.5,1433.34,54932.1907,E1,N,N
06/20/2018,14:00,15799.2998,2091.1599,3169.05,1406.77,17939.1992,8586.1504,4691.0098,1466.58,55149.2191,E2,Y,N
06/20/2018,14:00,15516.7998,2076.49,3244.79,1382.27,17777.0996,8486.3799,4603.3501,1430.71,54517.8894,E3,N,N
06/20/2018,14:00,15760.209,2156.1729,3199.5771,1333.3143,17632.6484,8645.2207,4549.3623,1514.9539,54791.4586,M,N,N
06/20/2018,15:00,15717.0684,2291.5676,3247.6006,1319.1968,17621.8926,9005.9541,4457.98,1670.4708,55331.7309,A3,N,N
06/20/2018,15:00,15721.7725,2183.0129,3240.0869,1305.8956,18124.4727,9277.377,4575.499,1688.9437,56117.0603,A6,N,N
06/20/2018,15:00,15846.9004,2220.24,3263.2,1327.2,18529.0996,8653.6201,4658.29,1434.51,55933.0601,E,N,N
06/20/2018,15:00,16138.5,2217.73,3253.6399,1332.88,18253.8008,8696.0596,4723.1899,1448.02,56063.8202,E1,N,N
06/20/2018,15:00,15954.5996,2165.9299,3238.8201,1444.45,18556.3008,8829.4404,4808.8701,1522.33,56520.7409,E2,Y,N
06/20/2018,15:00,15867.2998,2180.75,3291.0601,1425.97,18506.4004,8632.9902,4696.5801,1565.42,56166.4706,E3,N,N
06/20/2018,15:00,15874.3564,2209.8718,3255.7346,1359.2654,18265.3281,8849.2412,4653.4014,1554.9492,56022.1481,M,N,N
06/20/2018,16:00,15648.3164,2300.4724,3335.5283,1331.532,18134.6191,9338.584,4468.165,1705.6898,56262.907,A3,N,N
06/20/2018,16:00,15587.9629,2139.6816,3296.7468,1322.8512,18536.3438,9602.9814,4607.6074,1717.3353,56811.5104,A6,N,N
06/20/2018,16:00,16043.2002,2431.1899,3321.8401,1363.13,18877.3008,8902.3398,4789.5601,1626.17,57354.7309,E,N,N
06/20/2018,16:00,16195,2292.2,3293.3,1358.89,18570.0996,8857.29,4769.96,1487.75,56824.4896,E1,N,N
06/20/2018,16:00,16013.5996,2216.29,3283.1699,1462.91,18903.4004,9030.0303,4872.6899,1559.84,57341.9301,E2,Y,N
06/20/2018,16:00,15855.5996,2187.4299,3311.72,1403.8199,18849.5996,8918.3301,4807.4199,1487.72,56821.639,E3,N,N
06/20/2018,16:00,15890.6133,2261.2107,3307.051,1373.8556,18645.2266,9108.2598,4719.2339,1597.4177,56902.8686,M,N,N
06/20/2018,17:00,15407.6221,2268.9468,3407.4558,1334.7587,18882.8867,9175.0332,4528.9702,1726.2819,56731.9554,A3,N,N
06/20/2018,17:00,15344.8027,2179.427,3340.1611,1339.281,19160.8047,9243.5938,4684.6094,1732.7029,57025.3826,A6,N,N
06/20/2018,17:00,16155.9004,2189.23,3365.79,1426.12,19517.4004,8993.9102,4769.5298,1525.89,57943.7708,E,N,N
06/20/2018,17:00,16031.2998,2288.98,3323.3899,1362.05,18913.5,8982.9199,4803.3398,1498.27,57203.7494,E1,N,N
06/20/2018,17:00,15948.5996,2234.1001,3322.73,1470.4301,19111.5,9149.7998,4885.1499,1579.29,57701.5995,E2,Y,N
06/20/2018,17:00,15682.5,2149.52,3376.9299,1421.4301,19473.1992,8990.4902,4831.4302,1567.1801,57492.6797,E3,N,N
06/20/2018,17:00,15761.7871,2218.3674,3356.0762,1392.3451,19176.5488,9089.291,4750.5049,1604.9359,57349.8564,M,N,N
06/20/2018,18:00,15122.6982,2269.0198,3400.5896,1305.5759,18268.7852,9285.2959,4430.7925,1713.8273,55796.5844,A3,N,N
06/20/2018,18:00,15096.5186,2175.8215,3349.4443,1310.984,18679.1387,9867.5156,4587.314,1720.9556,56787.6923,A6,N,N
06/20/2018,18:00,15953.9004,2179.54,3380.21,1329.13,19222.1992,8917.4404,4697.9902,1524.65,57205.0602,E,N,N
06/20/2018,18:00,15877.2002,2258.8301,3337.05,1347.3,18720.9004,8897.0596,4783.1401,1518.45,56739.9304,E1,N,N
06/20/2018,18:00,15692,2206.6001,3326.1101,1437.42,19037.6992,9155.0898,4806.8599,1583.2,57244.9791,E2,Y,N
06/20/2018,18:00,15356.4004,2111.97,3278.8401,1426.21,19150.9004,8924.3604,4763.6499,1542.96,56555.2912,E3,N,N
06/20/2018,18:00,15516.4531,2200.2969,3345.3743,1359.4368,18846.6055,9174.4609,4678.291,1600.6738,56721.5923,M,N,N
06/20/2018,19:00,14796.3652,2189.2734,3366.3462,1273.8381,17649.5195,9106.2168,4356.6538,1665.5233,54403.7363,A3,N,N
06/20/2018,19:00,14826.6982,2118.2471,3333.6521,1280.2781,18132.373,9378.5,4452.4976,1704.8402,55227.0863,A6,N,N
06/20/2018,19:00,15372.7002,2138.1699,3328.01,1315.1801,18553.5996,8804.0898,4522.9399,1504.21,55538.8995,E,N,N
06/20/2018,19:00,15360.2002,2221.54,3307.51,1306.97,17981.1992,8852.8301,4591.1001,1530.8199,55152.1695,E1,N,N
06/20/2018,19:00,15212.2002,2166.78,3298.2,1394.8199,18559.8008,9035.1104,4643.3101,1571.97,55882.1914,E2,Y,N
06/20/2018,19:00,14986,2101.5901,3220.47,1389.61,18558.6992,8794.3096,4619.77,1559.5601,55230.009,E3,N,N
06/20/2018,19:00,15092.3623,2155.9336,3309.0313,1326.7827,18239.2012,8995.1758,4531.0449,1589.4873,55239.0191,M,N,N
06/20/2018,20:00,14290.9785,2095.27,3296.0083,1195.1256,16893.375,8732.5791,4300.8604,1634.6575,52438.8544,A3,N,N
06/20/2018,20:00,14294.8721,2012.6642,3258.3591,1204.1337,17410.4121,8899.0703,4370.1748,1702.8605,53152.5468,A6,N,N
06/20/2018,20:00,14883.0996,2087.8999,3280.1399,1252.72,17877,8687.7803,4419.2598,1487.09,53974.9895,E,N,N
06/20/2018,20:00,14798.7998,2131.6899,3277.7,1252.7,17411.8008,8582.21,4417.75,1414.63,53287.2805,E1,N,N
06/20/2018,20:00,14731.2002,2074.71,3243.1699,1331.15,17816.8008,8785.6396,4476.6699,1527.46,53986.8004,E2,Y,N
06/20/2018,20:00,14662.2002,2046.1899,3147.76,1318.27,17833.9004,8714.2695,4524.46,1526,53773.05,E3,N,N
06/20/2018,20:00,14610.1924,2074.7373,3250.5227,1259.0166,17540.5488,8733.5918,4418.1958,1548.7831,53435.5885,M,N,N
06/20/2018,21:00,13966.1865,2001.0127,3218.489,1125.1333,16157.1748,8374.583,4190.4141,1569.4603,50602.4537,A3,N,N
06/20/2018,21:00,13931.4326,1946.0149,3174.814,1115.7601,16696.5742,8635.7822,4267.7871,1639.067,51407.2321,A6,N,N
06/20/2018,21:00,14637.5,2004.22,3202.1201,1138.36,17289.3008,8453.6602,4305.48,1432.02,52462.6611,E,N,N
06/20/2018,21:00,14771.7002,2052.5701,3213.1799,1215.14,16882.5996,8343.0303,4336.7002,1381.39,52196.3103,E1,N,N
06/20/2018,21:00,14530.5,2008.46,3184.97,1277.55,17159.4004,8518.2402,4392.8501,1468.0699,52540.0406,E2,Y,N
06/20/2018,21:00,14414.7998,1958.0699,3162.4099,1218.48,17245.4004,8464.1396,4410.2998,1486.64,52360.2394,E3,N,N
06/20/2018,21:00,14375.3535,1995.0581,3192.6641,1181.7373,16905.0762,8464.9063,4317.2554,1496.1079,51928.1588,M,N,N
06/20/2018,22:00,13855.6152,1951.5613,3139.5459,1118.6422,15477.1201,8187.7686,4139.9004,1560.3239,49430.4776,A3,N,N
06/20/2018,22:00,13805.4932,1923.7744,3119.4226,1093.8677,16031.2588,8480.8662,4205.9756,1605.1912,50265.8497,A6,N,N
06/20/2018,22:00,14313.2998,1952.84,3148.8601,1246.54,16839.4004,8211.3496,4164.8999,1409.73,51286.9198,E,N,N
06/20/2018,22:00,14433.0996,1994.16,3189.1699,1201.9399,16264,8120.5698,4284.8999,1362.41,50850.2491,E1,N,N
06/20/2018,22:00,14197.0996,1948.14,3141.1201,1248.12,16630.9004,8318.3799,4318.27,1438.96,51240.99,E2,Y,N
06/20/2018,22:00,14071.5996,1953.34,3091.79,1174.6899,16847.3008,8225.3799,4357.8999,1443.92,51165.9201,E3,N,N
06/20/2018,22:00,14112.7012,1953.9692,3138.3184,1180.6333,16348.3311,8257.3857,4245.3076,1470.0891,50706.7356,M,N,N
06/20/2018,23:00,13122.2422,1816.462,3012.4543,1067.5367,14623.1709,7617.375,3913.5488,1513.7589,46686.5488,A3,N,N
06/20/2018,23:00,13100.2412,1771.8514,3019.2527,1031.1145,15156.127,7788.877,3955.6189,1532.5525,47355.6352,A6,N,N
06/20/2018,23:00,13638.2002,1838.05,3072.72,1153.27,15542,7612.6499,3972.1001,1371.45,48200.4402,E,N,N
06/20/2018,23:00,13701.7998,1846.35,3096.1101,1154.86,15180.7998,7573.75,4050.9199,1275.88,47880.4696,E1,N,N
06/20/2018,23:00,13438.4004,1799.5601,3048.8701,1192.83,15310.0996,7728.6001,4069.0601,1344.0699,47931.4903,E2,Y,N
06/20/2018,23:00,13419.2002,1802.23,3037.47,1140.23,15582.5,7622.9399,4028.74,1330.63,47963.9401,E3,N,N
06/20/2018,23:00,13403.3467,1812.4174,3047.813,1123.3069,15232.4512,7657.3652,3998.3315,1394.7236,47669.7555,M,N,N
06/20/2018,24:00,12292.1963,1663.5167,2905.2781,980.4206,13437.29,7061.1357,3627.1853,1426.416,43393.4387,A3,N,N
06/20/2018,24:00,12288.4316,1624.015,2918.7654,946.5891,13788.2305,7207.6729,3636.1912,1433.9696,43843.8653,A6,N,N
06/20/2018,24:00,12721.2002,1682.73,2994.8301,1067.5601,14280.4004,7011.1299,3678.78,1280.02,44716.6507,E,N,N
06/20/2018,24:00,12833.7002,1680.42,3045.5801,1054.3199,13737.2002,6901,3751.3601,1148.55,44152.1305,E1,N,N
06/20/2018,24:00,12566.2002,1632.41,2973.47,1098.26,13814,6986.7598,3755.1001,1217.66,44043.8601,E2,Y,N
06/20/2018,24:00,12544.4004,1652.11,2949.47,1059.9399,14319.7998,7015.8501,3750.6101,1201,44493.1803,E3,N,N
06/20/2018,24:00,12541.0225,1655.8671,2964.5657,1034.5149,13896.1543,7030.5918,3699.8711,1284.6027,44107.1901,M,N,N
06/21/2018,1:00,11599.1055,1536.6205,2808.4121,914.6746,12359.5088,6530.3315,3328.2429,1347.7262,40424.6221,A3,N,N
06/21/2018,1:00,11694.3467,1520.4518,2795.4492,883.1691,12677.5801,6680.6377,3314.6599,1369.728,40936.0225,A6,N,N
06/21/2018,1:00,11960.9004,1569.91,2935.4199,989.971,13008.2998,6414.7798,3419.6201,1180.79,41479.691,E,N,N
06/21/2018,1:00,12166.7002,1551.27,2989.03,995.782,12638.7002,6343.3701,3500.8301,1056.15,41241.8326,E1,N,N
06/21/2018,1:00,11853.2998,1501,2900.1799,1029.48,12646.7998,6395.52,3499.3999,1108.65,40934.3294,E2,Y,N
06/21/2018,1:00,11823,1545.9301,2854.8999,984.918,13051.0996,6416.5098,3443,1101.14,41220.4974,E3,N,N
06/21/2018,1:00,11849.5586,1537.5304,2880.5652,966.3325,12730.332,6463.5254,3417.6255,1194.0308,41039.5004,M,N,N
06/21/2018,2:00,11146.0391,1438.717,2752.1248,872.4303,11744.9131,6234.5703,3173.8044,1294.3896,38656.9886,A3,N,N
06/21/2018,2:00,11344.377,1434.6317,2750.3616,844.8559,12005.7969,6312.1973,3140.4941,1328.3356,39161.0501,A6,N,N
06/21/2018,2:00,11489.7998,1503.11,2904.22,938.674,12199.2002,6007.3701,3274.4399,1095.52,39412.334,E,N,N
06/21/2018,2:00,11643.9004,1456.1801,2934.8201,959.486,11841.2002,5908.9902,3314.45,1006.74,39065.767,E1,N,N
06/21/2018,2:00,11297.2998,1396.09,2837.04,973.845,11750,5914.3101,3289.8601,1038.74,38497.185,E2,Y,N
06/21/2018,2:00,11321.4004,1490.04,2785.8301,955.341,12244.4004,6011.9102,3293.47,1039.84,39142.2321,E3,N,N
06/21/2018,2:00,11373.8027,1453.1281,2827.3994,924.1054,11964.252,6064.8916,3247.7529,1133.9276,38989.2597,M,N,N
06/21/2018,3:00,10867.5469,1384.0267,2690.3335,847.3558,11364.5029,6049.0923,3068.5625,1271.8169,37543.2375,A3,N,N
06/21/2018,3:00,11084.0195,1364.441,2694.0117,822.9772,11608.6221,6124.7314,3027.9651,1307.9247,38034.6927,A6,N,N
06/21/2018,3:00,11206.5996,1389.15,2832.8799,812.033,11651.7002,5737.6802,3163.6899,1143.42,37937.1528,E,N,N
06/21/2018,3:00,11158.2998,1386.54,2886.4099,941.309,11163.5996,5591.0698,3171.46,963.576,37262.2641,E1,N,N
06/21/2018,3:00,10926.0996,1330.9,2791.0601,934.775,11106.7998,5614.02,3149.76,977.823,36831.2375,E2,Y,N
06/21/2018,3:00,11025.9004,1425.76,2753.0701,904.312,11701.7002,5746.1001,3157.8,1011.72,37726.3628,E3,N,N
06/21/2018,3:00,11044.7451,1380.1364,2774.6277,877.1271,11432.8203,5810.4492,3123.2063,1112.7135,37555.8256,M,N,N
06/21/2018,4:00,10671.3877,1371.0442,2677.2405,826.825,11086.8125,5995.627,2998.8274,1230.6877,36858.452,A3,N,N
06/21/2018,4:00,10892.6465,1331.2968,2709.8303,803.5937,11274.9941,6016.1533,2963.8623,1277.2476,37269.6246,A6,N,N
06/21/2018,4:00,11037.5996,1388.76,2796.71,863.164,11277.4004,5581.1401,3073.4399,1208.71,37226.924,E,N,N
06/21/2018,4:00,11047.7998,1366.92,2830.3799,932.546,10792.2998,5456.73,3081.4199,918.809,36426.9044,E1,N,N
06/21/2018,4:00,10732.2998,1290.87,2766.1201,909.829,10789.7002,5452.3999,3060.73,943.637,35945.586,E2,Y,N
06/21/2018,4:00,10893.4004,1373.71,2773.8899,882.049,11313.2002,5590.3501,3075.1201,965.861,36867.5807,E3,N,N
06/21/2018,4:00,10879.1895,1353.7668,2759.0283,869.6678,11089.0684,5682.0669,3042.2332,1090.8254,36765.8463,M,N,N
06/21/2018,5:00,10771.8447,1364.2245,2665.9966,831.069,11059.042,5969.1997,2982.9207,1210.2894,36854.5866,A3,N,N
06/21/2018,5:00,10994.0996,1352.823,2695.8088,808.9776,11189.5254,6007.957,2954.7324,1255.5955,37259.5193,A6,N,N
06/21/2018,5:00,11106,1394.84,2787.8301,850.752,11277.5,5560.9102,3047.47,1145.3,37170.6023,E,N,N
06/21/2018,5:00,11089.7002,1373.95,2819.46,923.132,10869.7998,5457.6001,3052.8799,932.392,36518.914,E1,N,N
06/21/2018,5:00,10802.7998,1295.9399,2748.52,897.196,10811.7002,5437.96,3033.6799,944.532,35972.3278,E2,Y,N
06/21/2018,5:00,10941.5,1408.5,2702.26,904.26,11310.7998,5565.4302,3040.02,1002.18,36874.95,E3,N,N
06/21/2018,5:00,10950.9902,1365.0463,2736.6462,869.2311,11086.3945,5666.5098,3018.6172,1081.7148,36775.1501,M,N,N
06/21/2018,6:00,11085.7549,1412.7672,2646.3274,846.3795,11395.9492,6216.0903,3031.0549,1247.8108,37882.1342,A3,N,N
06/21/2018,6:00,11426.9756,1402.5652,2669.6233,822.7718,11445.2988,6263.6909,3012.1106,1271.6835,38314.7197,A6,N,N
06/21/2018,6:00,11552.7998,1437.15,2799.3799,872.571,11641,5809.2798,3057.9299,1142.71,38312.8204,E,N,N
06/21/2018,6:00,11538.2002,1426.12,2848.6599,904.247,11246.9004,5674.4702,3140.01,951.57,37730.1777,E1,N,N
06/21/2018,6:00,11260.7998,1344.8101,2751.3601,922.315,11354,5683.23,3112.5801,972.667,37401.7621,E2,Y,N
06/21/2018,6:00,11427.7998,1414.02,2727.25,893.893,11657.2998,5814.8701,3119.6699,1010.09,38064.8926,E3,N,N
06/21/2018,6:00,11382.0547,1406.2388,2740.4336,877.0296,11456.7422,5910.272,3078.8928,1099.422,37951.0857,M,N,N
06/21/2018,7:00,11368.7422,1523.7109,2633.5793,856.7634,11582.7266,6432.5776,3130.9888,1287.0074,38816.0962,A3,N,N
06/21/2018,7:00,11708.0488,1477.7214,2639.3826,833.4783,11692.666,6432.8569,3125.3354,1272.6146,39182.104,A6,N,N
06/21/2018,7:00,12146.4004,1562.8199,2789.47,900.32,12414.7002,6252.1401,3182.27,1250.59,40498.7106,E,N,N
06/21/2018,7:00,12118,1528.49,2850.97,930.666,12085.7002,6180.9702,3286.78,981.46,39963.0364,E1,N,N
06/21/2018,7:00,11812.7002,1445.95,2769.23,960.248,12208.5996,6173.1201,3316.21,1030.34,39716.3979,E2,Y,N
06/21/2018,7:00,11838.4004,1543.04,2732.3401,871.817,12427.5,6243.4199,3268.3701,1062.95,39987.8375,E3,N,N
06/21/2018,7:00,11832.0488,1513.6221,2735.8286,892.2155,12068.6484,6285.8477,3218.3257,1147.4937,39694.0305,M,N,N
06/21/2018,8:00,12071.4688,1634.3557,2696.6282,917.967,12354.7568,6729.4604,3277.1819,1322.7385,41004.5573,A3,N,N
06/21/2018,8:00,12336.0313,1539.7784,2712.6794,899.1408,12404.2148,6877.625,3258.7888,1319.845,41348.1035,A6,N,N
06/21/2018,8:00,12478.7002,1636.86,2814.2,1005.16,13066.7002,6530.46,3346.22,1329.27,42207.5704,E,N,N
06/21/2018,8:00,12385.5,1608.92,2838.1899,964.423,12776.5996,6425.6401,3422.1299,1036.6899,41458.0924,E1,N,N
06/21/2018,8:00,12179.0996,1521.62,2777.01,1005.17,12851.0996,6431.6299,3421.51,1062.33,41249.4691,E2,Y,N
06/21/2018,8:00,12240.4004,1603.99,2794.3201,961.962,13086,6527.77,3430.4399,1106.3199,41751.2023,E3,N,N
06/21/2018,8:00,12281.8662,1590.9208,2772.1711,958.9705,12756.5625,6587.0977,3359.3784,1196.199,41503.1662,M,N,N
06/21/2018,9:00,12548.6191,1755.9218,2805.3472,986.9533,13081.415,7093.3193,3462.6064,1335.6725,43069.8546,A3,N,N
06/21/2018,9:00,12785.6982,1637.3832,2820.1475,985.1724,13279.1016,7267.2759,3485.4722,1355.4265,43615.6775,A6,N,N
06/21/2018,9:00,13065.5996,1730.98,2880.29,1068.76,13535.7998,6887.46,3467.9399,1320.42,43957.2493,E,N,N
06/21/2018,9:00,13056.7002,1692.22,2886.24,1042.2,13277.5,6732.29,3566.53,1065.28,43318.9602,E1,N,N
06/21/2018,9:00,12799.7998,1621.1899,2833.55,1068.29,13372.7002,6765.3999,3599.8201,1089.02,43149.7699,E2,Y,N
06/21/2018,9:00,12836.4004,1685.39,2878.25,1058.49,13584.7002,6897.6401,3547.8999,1123.8101,43612.5807,E3,N,N
06/21/2018,9:00,12848.8037,1687.1809,2850.6375,1034.9777,13355.2031,6940.5645,3521.7114,1214.9382,43454.017,M,N,N
06/21/2018,10:00,13428.0986,1843.3329,2865.9187,1066.58,13875.4131,7488.3965,3682.7947,1386.2213,45636.7558,A3,N,N
06/21/2018,10:00,13660.416,1731.8335,2894.2834,1061.7318,14152.3623,7602.9805,3687.4504,1388.983,46180.0409,A6,N,N
06/21/2018,10:00,13823.4004,1857.77,2961.28,1155.42,14199.0996,7220.7598,3635.1299,1342.35,46195.2097,E,N,N
06/21/2018,10:00,13906.2998,1826.91,2947.8301,1119.47,13948.5996,7109.1001,3798.75,1122.7,45779.6596,E1,N,N
06/21/2018,10:00,13635.4004,1733.74,2879.5601,1160.61,14098.2998,7189.5898,3826.53,1156.15,45679.8801,E2,Y,N
06/21/2018,10:00,13840.4004,1809.83,2962.6899,1177.01,14249.7002,7218.0601,3787.3501,1146.95,46191.9907,E3,N,N
06/21/2018,10:00,13715.6709,1800.5695,2918.5938,1123.4702,14087.2461,7304.8145,3736.3345,1257.2257,45943.9252,M,N,N
06/21/2018,11:00,14334.7217,1977.2996,2954.6753,1134.3823,14585.9912,7940.0977,3935.8394,1437.98,48300.9872,A3,N,N
06/21/2018,11:00,14470.3281,1853.2181,2987.0771,1108.0133,14960.1035,8137.5977,3927.5259,1460.8856,48904.7493,A6,N,N
06/21/2018,11:00,14863.0996,1978.76,3015.6299,1278.49,15046.7998,7740.5698,3950.1799,1311.14,49184.669,E,N,N
06/21/2018,11:00,14725.0996,1927.38,3006.8601,1180.77,14694.5,7639.71,4077.8899,1192.9399,48445.1495,E1,N,N
06/21/2018,11:00,14512.0996,1865.38,2937.3401,1224.72,14968.7002,7711.9102,4138.4502,1206.16,48564.7603,E2,Y,N
06/21/2018,11:00,14678.7998,1969.61,3067.8701,1278.4,15080.2002,7735.2998,4090.9299,1184.99,49086.0998,E3,N,N
06/21/2018,11:00,14597.3594,1928.6079,2994.9089,1200.7959,14889.3828,7817.5313,4020.1362,1299.0159,48747.7383,M,N,N
06/21/2018,12:00,15190.9834,2090.5068,3047.1975,1172.9515,15441.8965,8358.6514,4145.1582,1479.1067,50926.452,A3,N,N
06/21/2018,12:00,15240.1787,1915.9094,3116.562,1136.7473,15866.4688,8575.5391,4161.1055,1498.4358,51510.9466,A6,N,N
06/21/2018,12:00,15626.5996,2107.3799,3114.5901,1335.61,16023.0996,8185.3301,4217.1899,1352.97,51962.7692,E,N,N
06/21/2018,12:00,15625.9004,2051.76,3101.76,1273.28,15650.7002,8128.4399,4353.7002,1266.99,51452.5307,E1,N,N
06/21/2018,12:00,15345.5,1985.4301,3014.3101,1275.13,15809.9004,8182.1802,4408.6201,1260.0601,51281.131,E2,Y,N
06/21/2018,12:00,15539,2066.8601,3176.0601,1327.6801,16038.4004,8175.2598,4328.46,1228.79,51880.5105,E3,N,N
06/21/2018,12:00,15428.0293,2036.3077,3095.0801,1253.5667,15805.0781,8267.5674,4269.0391,1347.7255,51502.3939,M,N,N
06/21/2018,13:00,15752.7783,2161.688,3102.9937,1205.6431,15986.0664,8681.4961,4314.5532,1528.3445,52733.5633,A3,N,N
06/21/2018,13:00,15608.4043,1994.0645,3180.3196,1178.5547,16458.1055,8911.8018,4362.7871,1548.6234,53242.6609,A6,N,N
06/21/2018,13:00,16010,2204.9399,3154.8201,1390.11,16462.3008,8636.5,4488.3198,1387.5,53734.4906,E,N,N
06/21/2018,13:00,16320.5,2178.5601,3148.4299,1291.5,16076.7002,8554.0098,4599.8799,1284.8101,53454.39,E1,N,N
06/21/2018,13:00,15937.5996,2096.6101,3084.22,1322.04,16606.6992,8671,4644.3901,1315.15,53677.709,E2,Y,N
06/21/2018,13:00,15902.2998,2162.0801,3216.6899,1382.13,16477.1992,8628.5703,4532.4902,1292.8101,53594.2696,E3,N,N
06/21/2018,13:00,15921.9316,2132.9907,3147.9124,1294.9962,16344.5127,8680.5625,4490.4038,1392.873,53406.1829,M,N,N
06/21/2018,14:00,16160.7188,2227.833,3171.863,1241.2169,16527.6348,9009.8398,4487.2739,1577.1309,54403.5111,A3,N,N
06/21/2018,14:00,16299.4658,2055.2566,3205.6052,1210.7623,17073.1445,9244.2109,4541.2637,1617.181,55246.89,A6,N,N
06/21/2018,14:00,16599.8008,2470.6699,3227.0701,1422.04,17115,8912.71,4697.4302,1599.88,56044.601,E,N,N
06/21/2018,14:00,16764.6992,2258.0901,3213.1001,1353.77,16933.0996,8901.0898,4773.5601,1352.7,55550.1089,E1,N,N
06/21/2018,14:00,16356.7002,2180.78,3158.77,1370.8199,17302.4004,9107.8496,4827.0801,1365.52,55669.9202,E2,Y,N
06/21/2018,14:00,16315.9004,2253.3101,3296.1799,1405.15,17128.6992,8910.1396,4700.7598,1367.0699,55377.2089,E3,N,N
06/21/2018,14:00,16416.2148,2240.99,3212.0979,1333.96,17013.3301,9014.3066,4671.2285,1479.9137,55382.0416,M,N,N
06/21/2018,15:00,16166.0195,2273.5193,3230.3789,1253.9636,17048.7148,9232.4561,4605.2808,1621.7235,55432.0565,A3,N,N
06/21/2018,15:00,16315.1318,2130.6431,3225.7068,1237.3027,17471.2246,9459.3916,4641.4575,1677.8434,56158.7015,A6,N,N
06/21/2018,15:00,16630.8008,2395.1899,3274.73,1471.88,17907.0996,9300.1396,4766.98,1591.61,57338.4299,E,N,N
06/21/2018,15:00,16909.5996,2335.3601,3270.3301,1392.6801,17496.5,9310.3799,4917.9502,1385.99,57018.79,E1,N,N
06/21/2018,15:00,16570.9004,2257.04,3221.72,1411.21,17823.0996,9476.1797,4957.0098,1402.89,57120.0495,E2,Y,N
06/21/2018,15:00,16591.5,2377.47,3341.1899,1495.36,17904.3008,9281.8896,4813.2998,1471.65,57276.6601,E3,N,N
06/21/2018,15:00,16530.6582,2294.8706,3260.676,1377.066,17608.4902,9343.4063,4783.6631,1525.2845,56724.1149,M,N,N
06/21/2018,16:00,16130.9453,2282.2517,3310.4758,1250.8094,17587.8398,9387.4453,4716.1187,1644.0404,56309.9264,A3,N,N
06/21/2018,16:00,16193.2979,2140.6006,3275.7773,1238.511,17844.957,9571.126,4791.6558,1702.0956,56758.0212,A6,N,N
06/21/2018,16:00,16828.4004,2365.8,3336.9199,1493.26,18167,9580.4805,4947.4399,1766.8101,58486.1108,E,N,N
06/21/2018,16:00,16996.8008,2412.1499,3313.8799,1399.74,17671.5,9598.0996,4964.7002,1432.04,57788.9104,E1,N,N
06/21/2018,16:00,16613.0996,2300.4099,3264.3601,1435.55,18057.3008,9735.8301,5017.46,1451.84,57875.8505,E2,Y,N
06/21/2018,16:00,16587.3008,2379.21,3322.8301,1493.66,18154.6992,9587.79,4964.8198,1426.7,57917.0099,E3,N,N
06/21/2018,16:00,16558.3086,2313.4038,3304.0405,1385.2551,17913.8828,9576.7959,4900.3662,1570.5878,57522.6407,M,N,N
06/21/2018,17:00,16163,2277.7378,3370.8882,1251.595,18125.8496,9640.3096,4687.2847,1648.1462,57164.8111,A3,N,N
06/21/2018,17:00,16114.4609,2222.9729,3310.9126,1257.2892,18232.9727,9814.2686,4761.9917,1714.1215,57428.9901,A6,N,N
06/21/2018,17:00,16969.3008,2360.27,3365.3401,1517.51,18418.1992,9733.9199,4891.8599,1627.4301,58883.83,E,N,N
06/21/2018,17:00,16722.3008,2414.3701,3331.8999,1424.97,17807.3008,9770.1396,4993.3999,1452.87,57917.2511,E1,N,N
06/21/2018,17:00,16518.6992,2315.5801,3304.28,1454.24,18191.9004,9844.2598,5017.6699,1481.95,58128.5794,E2,Y,N
06/21/2018,17:00,16357.5,2347.1799,3446.8201,1502.79,18397.5996,9714.1299,4967.4102,1504.4,58237.8297,E3,N,N
06/21/2018,17:00,16474.2109,2323.0186,3355.0237,1401.3989,18195.6367,9752.8379,4886.603,1571.4863,57960.216,M,N,N
06/21/2018,18:00,15810.9307,2228.2986,3398.4844,1249.7588,17608.1328,9729.7559,4614.7202,1649.0029,56289.0843,A3,N,N
06/21/2018,18:00,15747.1289,2180.5171,3329.0474,1254.859,17862.7754,10317.1504,4703.4048,1711.5917,57106.4747,A6,N,N
06/21/2018,18:00,16572.6992,2341.5801,3380.2,1473.34,18005.5996,9663.6797,4848.8198,1636.95,57922.8684,E,N,N
06/21/2018,18:00,16475.0996,2376.1699,3342.1299,1406.63,17590.9004,9668.7305,4987.6602,1442.74,57290.0605,E1,N,N
06/21/2018,18:00,16191.7002,2283.5801,3311.02,1436.11,18016.6992,9800.5996,4921.3501,1484.9301,57445.9893,E2,Y,N
06/21/2018,18:00,16065.7002,2269.8301,3363.73,1515.5699,17977.5,9657.21,4932.04,1488.71,57270.2902,E3,N,N
06/21/2018,18:00,16143.877,2279.9958,3354.1021,1389.3779,17843.6016,9806.1885,4834.666,1568.9874,57220.7963,M,N,N
06/21/2018,19:00,15363.3818,2165.6973,3365.1135,1226.7592,16991.0508,9510.2158,4518.7007,1624.8871,54765.8062,A3,N,N
06/21/2018,19:00,15303.5195,2134.6563,3318.2966,1225.1471,17407.6367,9816.959,4577.5156,1710,55493.7308,A6,N,N
06/21/2018,19:00,15894,2286.4299,3345.24,1460.08,17577.6992,9438.5996,4666.6099,1616.8199,56285.4785,E,N,N
06/21/2018,19:00,15920.7998,2320.22,3322.4299,1388.12,16945.5996,9529.2002,4730.5801,1410.29,55567.2396,E1,N,N
06/21/2018,19:00,15641.2002,2248.0701,3284.7,1400.22,17545.8008,9638.8604,4743.04,1474.28,55976.1715,E2,Y,N
06/21/2018,19:00,15587,2241.21,3256.3899,1482.72,17604.1992,9411.3398,4766.1602,1489.0601,55838.0792,E3,N,N
06/21/2018,19:00,15618.3184,2232.7139,3315.3618,1363.8411,17345.332,9557.5293,4667.1011,1554.2229,55654.4205,M,N,N
06/21/2018,20:00,14789.6201,2073.1467,3294.2922,1154.6945,16239.0674,9169.1309,4472.5239,1607.7573,52800.233,A3,N,N
06/21/2018,20:00,14704.2393,2008.1686,3243.0742,1150.871,16706.2285,9322.7188,4513.0063,1712.2411,53360.5478,A6,N,N
06/21/2018,20:00,15251.2998,2218.8999,3296.2,1363.3,17048.8008,9240.4805,4559.6201,1635.9301,54614.5312,E,N,N
06/21/2018,20:00,15328.7998,2228.96,3295.4099,1340.3,16501,9151.8301,4579.1299,1391.46,53816.8897,E1,N,N
06/21/2018,20:00,15058.2002,2153.5,3242.0601,1344.1,16973.3008,9323.7695,4561.75,1434.51,54091.1906,E2,Y,N
06/21/2018,20:00,15053.0996,2190.4299,3198.1499,1408.7,17035.1992,9247.1299,4652.1001,1461.67,54246.4786,E3,N,N
06/21/2018,20:00,15030.877,2145.5176,3261.5308,1293.661,16750.5996,9242.5107,4556.355,1540.5948,53821.6465,M,N,N
06/21/2018,21:00,14407.5176,1977.2916,3214.4133,1089.1213,15514.8203,8738.6475,4342.7886,1560.8151,50845.4153,A3,N,N
06/21/2018,21:00,14305.0928,1938.8019,3159.7827,1064.0094,16006.0137,8997.4141,4384.9551,1656.2974,51512.3671,A6,N,N
06/21/2018,21:00,14936,2123.8301,3231.6699,1253.27,16619.5996,8928.6104,4406.04,1585.85,53084.87,E,N,N
06/21/2018,21:00,15107.7002,2133.3501,3242.3999,1274.0699,16177.5,8881.4805,4462.4702,1308.59,52587.5608,E1,N,N
06/21/2018,21:00,14756.9004,2085.3201,3189.1699,1287.58,16563.8008,9003.79,4462.4502,1377.85,52726.8614,E2,Y,N
06/21/2018,21:00,14696.5,2110.75,3235.0901,1295.5601,16609.0996,8928.6602,4520.52,1440.85,52837.03,E3,N,N
06/21/2018,21:00,14701.6191,2061.5574,3212.0879,1210.6018,16248.4736,8913.1016,4429.8711,1488.3755,52265.688,M,N,N
06/21/2018,22:00,14050.3379,1936.5253,3139.4688,1085.6115,14977.876,8528.4092,4278.2466,1548.3838,49544.8591,A3,N,N
06/21/2018,22:00,13995.4785,1894.733,3111.2488,1044.9431,15497.8262,8829.0605,4304.6162,1619.839,50297.7453,A6,N,N
06/21/2018,22:00,14574,2079.1899,3189.25,1278.5601,16196,8626.2002,4268.8198,1552.5,51764.52,E,N,N
06/21/2018,22:00,14750.9004,2076.6101,3227.9199,1236.86,15650.5996,8557.3799,4394.7202,1311.67,51206.6601,E1,N,N
06/21/2018,22:00,14400.4004,2024.35,3149.21,1258.58,16156.2002,8759.1299,4380.6299,1366.3101,51494.8105,E2,Y,N
06/21/2018,22:00,14352.5996,2057.1299,3160.6799,1228.4,16228.5996,8629.8398,4466.3301,1393.96,51517.5389,E3,N,N
06/21/2018,22:00,14353.9531,2011.4231,3162.9634,1188.8257,15784.5176,8655.0039,4348.894,1465.4438,50971.0246,M,N,N
06/21/2018,23:00,13269.8457,1803.6626,3016.3779,1038.4894,14173.1602,7972.1689,4009.5166,1509.2709,46792.4922,A3,N,N
06/21/2018,23:00,13219.8184,1742.5043,3015.6794,995.6716,14658.5879,8154.376,4015.9182,1547.314,47349.8698,A6,N,N
06/21/2018,23:00,13895.0996,1957.8199,3122.1101,1220.91,14985.2998,8022.2402,4053.1399,1508.39,48765.0095,E,N,N
06/21/2018,23:00,13979.4004,1971.76,3122.6499,1187.88,14607.9004,8053.1299,4169.3701,1312.8101,48404.9008,E1,N,N
06/21/2018,23:00,13635.5,1872.47,3063.1001,1196.48,14950.0996,8120.46,4135.5698,1304.92,48278.5995,E2,Y,N
06/21/2018,23:00,13681.7002,1935.26,3091.6499,1231.65,15041.5996,8024.6699,4115.4702,1270.98,48392.9798,E3,N,N
06/21/2018,23:00,13613.5605,1880.5796,3071.9277,1145.1802,14736.1094,8057.8408,4083.1641,1408.9475,47997.3098,M,N,N
06/21/2018,24:00,12412.6123,1652.7765,2914.4414,951.6344,13034.5791,7320.5801,3698.0352,1418.9446,43403.6036,A3,N,N
06/21/2018,24:00,12362.9111,1608.4893,2921.0181,915.0352,13395.0449,7418.2202,3686.7034,1450.354,43757.7762,A6,N,N
06/21/2018,24:00,12963.0996,1793.88,3060.8999,1115.63,13773.4004,7335.73,3765.3,1422.6801,45230.62,E,N,N
06/21/2018,24:00,13088.2002,1772.87,3095.3,1080.42,13319.0996,7289.9902,3875.01,1155.97,44676.86,E1,N,N
06/21/2018,24:00,12786,1700.63,2991.95,1088.84,13541.4004,7331.3901,3825.29,1200.58,44466.0805,E2,Y,N
06/21/2018,24:00,12784.5,1760.63,3016.6001,1118.1899,13828,7338.7998,3864.4099,1213.84,44924.9697,E3,N,N
06/21/2018,24:00,12732.8867,1714.8794,3000.0347,1044.9583,13481.9219,7339.1187,3785.7915,1310.3948,44409.986,M,N,N
06/22/2018,1:00,11699.9893,1537.7788,2798.6589,893.6747,11952.2295,6746.6196,3414.3652,1341.412,40384.728,A3,N,N
06/22/2018,1:00,11741.8584,1506.7152,2802.196,858.0438,12302.2705,6857.4282,3375.1238,1385.6918,40829.3277,A6,N,N
06/22/2018,1:00,12146.7998,1668.1,3006.5601,1015.92,12554.2998,6692.8599,3500.8301,1301.02,41886.3897,E,N,N
06/22/2018,1:00,12388.4004,1616.38,3042.4399,1002.14,12354.9004,6666.27,3602.6599,1042.66,41715.8506,E1,N,N
06/22/2018,1:00,12064.9004,1565.48,2920.04,1001.57,12436.4004,6680.73,3566.27,1113.76,41349.1508,E2,Y,N
06/22/2018,1:00,12037,1622.16,2927,1026.64,12610.4004,6695.8101,3548.3899,1119.16,41586.5604,E3,N,N
06/22/2018,1:00,12013.1582,1586.1024,2916.1492,966.3315,12368.417,6723.2861,3501.2734,1217.2839,41292.0017,M,N,N
06/22/2018,2:00,11260.3711,1450.8973,2743.9011,858.2891,11354.0586,6368.6997,3240.2742,1291.4956,38567.9867,A3,N,N
06/22/2018,2:00,11375.4023,1422.0912,2760.6775,824.156,11656.9043,6472.0698,3197.8132,1341.2885,39050.4028,A6,N,N
06/22/2018,2:00,11653.7998,1569.5601,2953.0801,963.08,11791.7002,6254.0601,3331.01,1205.9,39722.1903,E,N,N
06/22/2018,2:00,11850.7998,1492.52,2983.1399,936.726,11675,6160.75,3345.8201,993.079,39437.8348,E1,N,N
06/22/2018,2:00,11480.5996,1453.73,2853.5601,934.3,11531,6153.8599,3356.1201,1041.78,38804.9497,E2,Y,N
06/22/2018,2:00,11533.5996,1530.9,2853.96,979.686,11845.5996,6259.4902,3371.6001,1046.11,39420.9455,E3,N,N
06/22/2018,2:00,11525.7617,1486.6166,2858.053,916.0396,11642.3779,6278.1558,3307.1067,1153.2755,39167.3868,M,N,N
06/22/2018,3:00,10971.6641,1399.894,2708.3159,833.7085,11070.1152,6186.4214,3132.1436,1268,37570.2627,A3,N,N
06/22/2018,3:00,11104.5869,1353.2899,2701.7373,802.1497,11318.2471,6268.5688,3081.5288,1319.9979,37950.1064,A6,N,N
06/22/2018,3:00,11305.7002,1471.13,2902.99,848.859,11324.5,5992,3236.01,1348.6801,38429.8693,E,N,N
06/22/2018,3:00,11417.0996,1409.47,2935.04,919.764,10883,5818.1499,3214.24,919.547,37516.3105,E1,N,N
06/22/2018,3:00,11083.5996,1386.08,2810.4299,893.08,10883.2998,5808.27,3211.5,984,37060.2593,E2,Y,N
06/22/2018,3:00,11197.0996,1481.27,2831.5601,933.69,11389.9004,6006.4102,3235.6101,986.151,38061.6914,E3,N,N
06/22/2018,3:00,11179.959,1416.8557,2815.0122,871.8752,11144.8438,6013.3037,3185.1721,1137.7294,37764.7511,M,N,N
06/22/2018,4:00,10845.4063,1391.7474,2699.0193,813.7518,10847.7861,6063.2515,3038.6782,1230.7573,36930.3979,A3,N,N
06/22/2018,4:00,11009.9063,1344.0908,2706.0623,783.6454,11046.7559,6063.8765,2992.1941,1286.8223,37233.3536,A6,N,N
06/22/2018,4:00,11180.7002,1451.9399,2849.04,879.352,11049.0996,5791.6401,3115.8701,1328.39,37646.0319,E,N,N
06/22/2018,4:00,11205.0996,1384.64,2884.21,896.82,10590,5641.6899,3140.26,898.382,36641.1015,E1,N,N
06/22/2018,4:00,10882.9004,1341.04,2781.4299,873.529,10534.4004,5628.4399,3115.8601,943.238,36100.8377,E2,Y,N
06/22/2018,4:00,11095.7998,1435.98,2834.8401,1005.07,11101.9004,5801.04,3128.1101,930.202,37332.9424,E3,N,N
06/22/2018,4:00,11036.6357,1391.573,2792.4338,875.3614,10861.6563,5831.6563,3088.4956,1102.9653,36980.7774,M,N,N
06/22/2018,5:00,10771.3945,1385.172,2676.6021,815.5213,10872.416,6038.2813,3021.4395,1208.8158,36789.6425,A3,N,N
06/22/2018,5:00,11034.7793,1336.626,2715.7678,788.2018,11013.0527,6047.229,2978.0566,1266.0132,37179.7264,A6,N,N
06/22/2018,5:00,11171.5,1445.2,2833.02,870.757,11050.5996,5734.4399,3088.8899,1287.25,37481.6564,E,N,N
06/22/2018,5:00,11219.5,1384.03,2856.96,879.369,10602.7998,5616.1001,3124.8201,888.619,36572.198,E1,N,N
06/22/2018,5:00,10933.5,1335.3101,2763.8401,860.416,10497.7002,5598.1899,3085.3999,931.763,36006.1192,E2,Y,N
06/22/2018,5:00,11088.7002,1438.29,2777.73,897.468,11093,5740.5498,3091.95,929.107,37056.795,E3,N,N
06/22/2018,5:00,11036.5625,1387.438,2770.6533,851.9556,10854.9277,5795.7983,3065.0925,1085.2614,36847.6893,M,N,N
06/22/2018,6:00,11054.2627,1431.7784,2656.6345,829.6029,11101.1895,6210.6279,3047.1848,1238.8722,37570.1529,A3,N,N
06/22/2018,6:00,11455.4404,1375.9446,2692.9885,805.4982,11204.3574,6207.9243,3018.4077,1274.1716,38034.7327,A6,N,N
06/22/2018,6:00,11600.0996,1485.48,2843.9199,888.88,11326.2998,5964.6699,3085.8701,1333.15,38528.3693,E,N,N
06/22/2018,6:00,11580.5,1402.71,2860.6699,866.621,10876.5,5795.6299,3155.4299,893.24,37431.3007,E1,N,N
06/22/2018,6:00,11343.5996,1374.35,2763.5801,887.507,10903.7002,5799.6099,3156.2,954.067,37182.6138,E2,Y,N
06/22/2018,6:00,11520.2002,1428.8,2782.01,903.591,11343.0996,5969.8701,3153.8401,948.623,38050.034,E3,N,N
06/22/2018,6:00,11425.6836,1416.5105,2766.6338,863.6167,11125.8584,5991.3892,3102.8223,1107.0208,37799.5353,M,N,N
06/22/2018,7:00,11269.5781,1517.532,2646.4817,839.3193,11135.9824,6466.0273,3138.0757,1273.8396,38286.8361,A3,N,N
06/22/2018,7:00,11618.6426,1434.2195,2667.0767,815.5585,11262.418,6447.9233,3121.1631,1270.1925,38637.1942,A6,N,N
06/22/2018,7:00,12070.5996,1618.61,2831.72,935.351,11891.7998,6357.3901,3194.6201,1381.58,40281.6706,E,N,N
06/22/2018,7:00,12162.9004,1481.66,2831.4099,903.634,11603.5,6244.9502,3286.71,931.026,39445.7905,E1,N,N
06/22/2018,7:00,11847.7002,1459.16,2778.23,924.363,11621.5,6231.4702,3340.8501,1012.6,39215.8735,E2,Y,N
06/22/2018,7:00,11825.9004,1541.55,2794.8101,942.238,11888.7998,6341.27,3302.5901,1002.3,39639.4584,E3,N,N
06/22/2018,7:00,11799.2197,1508.7887,2758.2881,893.4106,11567.334,6348.1724,3230.6682,1145.2563,39251.138,M,N,N
06/22/2018,8:00,11903.3184,1622.6608,2678.7102,902.0641,12123.1299,6728.8306,3264.8154,1302.4005,40525.9299,A3,N,N
06/22/2018,8:00,12200.2539,1514.8765,2699.3882,889.0361,12122.7793,6803.582,3252.9326,1315.8013,40798.6499,A6,N,N
06/22/2018,8:00,12392,1673.5601,2833.2,1044.59,12516.2998,6607.8701,3342.3799,1455.17,41865.0699,E,N,N
06/22/2018,8:00,12365.5996,1569.23,2903.77,963.158,12203.7998,6498.2002,3422.3999,996.934,40923.0915,E1,N,N
06/22/2018,8:00,12190.2002,1540.92,2781.5801,974.88,12199.4004,6497.4502,3447.96,1048.5699,40680.9608,E2,Y,N
06/22/2018,8:00,12147.2002,1597.3199,2852.8701,1001.1,12517.9004,6597.5601,3437.27,1047.96,41199.1807,E3,N,N
06/22/2018,8:00,12199.7627,1586.428,2791.5864,962.4713,12280.5527,6622.2495,3361.2935,1194.4727,40998.8168,M,N,N
06/22/2018,9:00,12415.1729,1753.806,2794.0525,977.2475,12830.7451,7117.3232,3446.3918,1316.1105,42650.8495,A3,N,N
06/22/2018,9:00,12734.4131,1613.1058,2807.5396,982.7828,13032.8018,7274.8291,3476.2942,1346.2847,43268.0511,A6,N,N
06/22/2018,9:00,13031.5,1760.02,2901.49,1082.4301,13294.7002,7028.96,3461.8,1434.42,43995.3203,E,N,N
06/22/2018,9:00,13097.4004,1701.48,2906.22,1033.1,12929.5,6855.5,3590.95,1020.02,43134.1704,E1,N,N
06/22/2018,9:00,12770.0996,1666.67,2844.03,1056.54,12992.2002,6880.46,3638.3301,1081.14,42929.4699,E2,Y,N
06/22/2018,9:00,12794.2002,1750.15,2931.0701,1110.67,13328,7038.25,3574.3701,1075.97,43602.6804,E3,N,N
06/22/2018,9:00,12807.1328,1707.5386,2864.0671,1040.4618,13067.9922,7032.5547,3531.356,1212.3242,43263.4274,M,N,N
06/22/2018,10:00,13379.293,1855.608,2886.2808,1063.6838,13658.6436,7569.5068,3694.1262,1373.3245,45480.4667,A3,N,N
06/22/2018,10:00,13622.1523,1708.7944,2909.3589,1057.2877,13967.4971,7721.23,3734.231,1384.4285,46104.9799,A6,N,N
06/22/2018,10:00,13878.4004,1905.4,2994.1399,1164.78,14124.2002,7420.0801,3666.8101,1472.59,46626.4007,E,N,N
06/22/2018,10:00,13976.2002,1881.77,2970.5801,1116.35,13634.9004,7306.54,3838.53,1105.74,45830.6107,E1,N,N
06/22/2018,10:00,13655.2002,1789.3101,2899.1101,1158.5,13937.9004,7369.0801,3882.03,1158.0699,45849.2008,E2,Y,N
06/22/2018,10:00,13852.5996,1900.64,3019.1101,1239.23,14167,7416.3501,3846.8899,1078.6899,46520.5096,E3,N,N
06/22/2018,10:00,13727.3076,1840.2539,2946.4299,1133.3053,13915.0244,7467.1318,3777.103,1262.1405,46068.6964,M,N,N
06/22/2018,11:00,14298.7715,2011.4908,2997.9563,1140.0692,14578.8535,8088.7686,3947.2495,1436.2202,48499.3796,A3,N,N
06/22/2018,11:00,14442.1914,1847.3977,3015.4114,1119.7621,15036.5801,8255.8516,3986.0796,1463.4241,49166.698,A6,N,N
06/22/2018,11:00,14982.2002,2040.38,3066.26,1281.6,15307.7002,7970.3101,3992.71,1460.37,50101.5305,E,N,N
06/22/2018,11:00,14917.2998,2042.3,3036.95,1202.98,14793.2998,7915.3701,4144.6699,1168.86,49221.7296,E1,N,N
06/22/2018,11:00,14506.2998,1952.78,2971.3799,1227.62,15047.5,7935.3501,4196.5898,1240.25,49077.7696,E2,Y,N
06/22/2018,11:00,14680.2002,2068.98,3131.55,1360.47,15336.5996,7964.7598,4158.1499,1175.1801,49875.8896,E3,N,N
06/22/2018,11:00,14637.8281,1993.8882,3036.5847,1222.0835,15016.7559,8021.7354,4070.9082,1324.0508,49323.8348,M,N,N
06/22/2018,12:00,15159.7129,2120.4451,3104.1223,1188.892,15539.5342,8483.7275,4165.4775,1491.7827,51253.6942,A3,N,N
06/22/2018,12:00,15212.8643,1911.729,3165.5117,1148.7694,16076.668,8648.8955,4235.3433,1515.802,51915.5832,A6,N,N
06/22/2018,12:00,15703.2002,2174.8301,3169.24,1333.23,16303.4004,8500.8301,4290.7998,1537.72,53013.2506,E,N,N
06/22/2018,12:00,15795.2998,2168.1201,3154.76,1239.91,15784.7998,8460.8799,4428.48,1261.37,52293.6196,E1,N,N
06/22/2018,12:00,15366.7002,2082.9399,3056.8101,1292.11,16035.2002,8442.46,4472.1299,1317.25,52065.6003,E2,Y,N
06/22/2018,12:00,15523.7998,2164.96,3248.8999,1398.38,16320,8491.7998,4395.8901,1235.09,52778.8196,E3,N,N
06/22/2018,12:00,15460.2627,2103.8374,3149.8906,1266.882,16009.9336,8504.7656,4331.3535,1393.1692,52220.0946,M,N,N
06/22/2018,13:00,15637.8496,2208.8752,3174.7803,1223.5043,16246.5293,8856.0781,4335.8467,1553.7089,53237.1724,A3,N,N
06/22/2018,13:00,15581.8623,1993.4642,3240.5271,1175.5807,16773.3477,8997.6406,4409.4473,1576.6018,53748.4717,A6,N,N
06/22/2018,13:00,16069.0996,2311.72,3219.0801,1388.77,16942.9004,8975.9902,4596.9399,1571.8,55076.3002,E,N,N
06/22/2018,13:00,16462.1992,2301.1399,3211.49,1309.6801,16392.5,8890.79,4669.6299,1328.62,54566.0491,E1,N,N
06/22/2018,13:00,16021.7002,2195.03,3135.21,1338.86,16892,8942.2803,4713.3799,1393.4301,54631.8905,E2,Y,N
06/22/2018,13:00,15749.2002,2293.8999,3293.1101,1458.47,16949.6992,8968.5996,4612.02,1318.03,54643.029,E3,N,N
06/22/2018,13:00,15920.3184,2217.355,3212.3662,1315.8109,16699.4961,8938.5635,4556.2109,1457.0317,54317.1527,M,N,N
06/22/2018,14:00,16283.8877,2267.8882,3272.2512,1256.0453,16980.7695,9272.0684,4501.2314,1626.86,55461.0017,A3,N,N
06/22/2018,14:00,15983.2471,2052.4248,3288.6921,1209.9427,17382.9902,9497.0283,4643.2681,1650.4014,55707.9947,A6,N,N
06/22/2018,14:00,16774.6992,2377.1101,3303.5601,1451.03,17860.5,9361.2002,4827.02,1775.8101,57730.9297,E,N,N
06/22/2018,14:00,16979.6992,2396.6599,3263.8999,1360.24,17383.3008,9412.5596,4882.5498,1388.9399,57067.8491,E1,N,N
06/22/2018,14:00,16450.6992,2287.77,3216.4199,1391.1899,17797.9004,9414.9297,4899.8101,1460.59,56919.3092,E2,Y,N
06/22/2018,14:00,16407.5996,2386.3401,3377.5901,1511.3199,17863,9359.6504,4832.5898,1401.48,57139.5699,E3,N,N
06/22/2018,14:00,16479.9727,2294.699,3287.0691,1363.2947,17544.7422,9386.2393,4764.4116,1550.6802,56671.1088,M,N,N
06/22/2018,15:00,16558.6504,2328.5896,3352.5093,1288.8394,17507.5117,9536.1807,4631.2227,1685.818,56889.3218,A3,N,N
06/22/2018,15:00,16775.0391,2143.8923,3333.3806,1265.97,17936.4531,9722.9844,4757.9146,1724.5109,57660.145,A6,N,N
06/22/2018,15:00,16965.8008,2498.78,3362.2,1477.55,18424.8008,9727.6699,4915.2202,1742.85,59114.8717,E,N,N
06/22/2018,15:00,17202,2486.1201,3348.3101,1442.23,18018.8008,9784.8496,5003.8398,1450.4,58736.5504,E1,N,N
06/22/2018,15:00,16642,2357.1499,3284.9099,1438.47,18489.3008,9806.5303,5022.52,1516.04,58556.9209,E2,Y,N
06/22/2018,15:00,16860,2459.55,3377.8201,1565.6,18432,9703.2598,4917.54,1459.27,58775.0399,E3,N,N
06/22/2018,15:00,16833.916,2379.0139,3343.1882,1413.11,18134.8125,9713.5791,4874.7095,1596.4814,58288.8106,M,N,N
06/22/2018,16:00,16334.7871,2345.8347,3429.3914,1303.8823,17941.2168,9654.5703,4785.3657,1733.6703,57528.7186,A3,N,N
06/22/2018,16:00,16470.207,2148.3564,3376.6201,1280.735,18249.3613,9838.749,4895.0718,1755.9329,58015.0335,A6,N,N
06/22/2018,16:00,17120.3008,2466.7,3395.73,1516.7,19038.5996,10008.5,5099.3999,1764.5601,60410.4904,E,N,N
06/22/2018,16:00,17198.5,2520.6299,3380.77,1481.89,18615.4004,10048.7998,5037.1802,1493.67,59776.8403,E1,N,N
06/22/2018,16:00,16626.5996,2390.95,3326.6399,1473.1801,19046.8008,10109.7998,5069.04,1583.91,59626.9202,E2,Y,N
06/22/2018,16:00,16991.3008,2500.28,3417.49,1570.38,19037.6992,10016.2998,5059.3198,1483.6801,60076.4497,E3,N,N
06/22/2018,16:00,16790.2832,2395.4585,3387.7734,1437.7946,18654.8457,9946.1211,4990.8965,1635.9039,59239.0769,M,N,N
06/22/2018,17:00,16313.7422,2351.0244,3454.0923,1338.0009,18466.2559,9812.3926,4714.187,1760.618,58210.3133,A3,N,N
06/22/2018,17:00,16397.0684,2221.7229,3402.5933,1316.5411,18587,9874.0479,4840.3003,1796.4475,58435.7214,A6,N,N
06/22/2018,17:00,17134.9004,2479.99,3420.25,1545.17,19603.6992,10202,4991.0098,1852.21,61229.2294,E,N,N
06/22/2018,17:00,16991,2504.0801,3388.49,1474.22,18996.6992,10221.2998,5056.3101,1520.34,60152.4392,E1,N,N
06/22/2018,17:00,16491.1992,2385.51,3359.25,1492.51,19433.0996,10258.4004,5051.0898,1620.72,60091.779,E2,Y,N
06/22/2018,17:00,16630.0996,2469.9199,3476.8799,1582.23,19576.0996,10179.4004,5030.5098,1564.11,60509.2492,E3,N,N
06/22/2018,17:00,16659.6699,2402.0413,3416.926,1458.1121,19110.4766,10091.2568,4947.2344,1685.741,59771.4581,M,N,N
06/22/2018,18:00,16010.7295,2278.981,3444.3379,1328.2115,18727.2773,10152.2207,4674.3398,1765.688,58381.7857,A3,N,N
06/22/2018,18:00,16045.9746,2151.9983,3408.645,1310.9218,18762.2363,10814.5684,4754.332,1781.8912,59030.5676,A6,N,N
06/22/2018,18:00,16788.1992,2457.9199,3440.5701,1534.52,19616.0996,10198.5,4978.7202,1865.24,60879.769,E,N,N
06/22/2018,18:00,16655.3008,2494.23,3406.29,1480.75,19127.8008,10278.7998,4955.96,1554.62,59953.7514,E1,N,N
06/22/2018,18:00,16148.2002,2347.8101,3358.9299,1472.25,19468.5996,10268.5,4947.75,1625.4399,59637.4797,E2,Y,N
06/22/2018,18:00,16323.9004,2364.26,3391.8899,1584.84,19586.5996,10187.4004,5001.6602,1521.23,59961.7805,E3,N,N
06/22/2018,18:00,16328.7188,2349.2002,3408.4438,1451.9156,19214.7695,10316.665,4885.4604,1685.6848,59640.8581,M,N,N
06/22/2018,19:00,15326.9053,2208.4712,3406.8838,1295.2974,17914.627,9944.4551,4527.3228,1741.5199,56365.4825,A3,N,N
06/22/2018,19:00,15436.9404,2089.1238,3384.3582,1277.2227,18119.5273,10089.9727,4579.1528,1762.8293,56739.1272,A6,N,N
06/22/2018,19:00,16124,2372.1399,3399.4299,1501.09,18822.3008,9968.3896,4753.1602,1808.66,58749.1704,E,N,N
06/22/2018,19:00,16069.7002,2401.04,3381.8999,1419.7,18360.9004,10100.2002,4746.9199,1601.6899,58082.0505,E1,N,N
06/22/2018,19:00,15521,2288.1899,3332.3401,1431.92,18890.5,10058.9004,4757.8799,1605.61,57886.3403,E2,Y,N
06/22/2018,19:00,15805.2998,2348.79,3278.6799,1560.41,18860.8008,9944.0195,4810.1099,1549.51,58157.6199,E3,N,N
06/22/2018,19:00,15713.9746,2284.626,3363.9321,1414.2734,18494.7773,10017.6572,4695.7578,1678.3033,57663.3017,M,N,N
06/22/2018,20:00,14754.877,2094.5146,3318.1887,1215.8848,16994.7695,9569.2549,4499.5767,1714.0433,54161.1095,A3,N,N
06/22/2018,20:00,14769.3555,1959.1094,3298.8621,1197.9126,17300.7383,9478.0195,4495.752,1781.5903,54281.3397,A6,N,N
06/22/2018,20:00,15365.9004,2287.9099,3373.6101,1403.2,17945.1992,9629.25,4704.1899,1833.83,56543.0895,E,N,N
06/22/2018,20:00,15432.2002,2307.97,3365.25,1368.41,17543.3008,9614.3799,4566.1099,1448.05,55645.6708,E1,N,N
06/22/2018,20:00,14864.7998,2184.02,3284.3101,1356.85,17931.9004,9638.5996,4540.5298,1544.64,55345.6497,E2,Y,N
06/22/2018,20:00,15120.2998,2320.29,3233.9199,1486.55,17933.5,9643.5596,4687.1899,1505.27,55930.5792,E3,N,N
06/22/2018,20:00,15051.2393,2192.3025,3312.3569,1338.1345,17608.2363,9595.5107,4582.2246,1637.9039,55317.9087,M,N,N
06/22/2018,21:00,14268.6299,1994.592,3227.1597,1135.7465,16071.5381,9066.7061,4348.4434,1651.7573,51764.573,A3,N,N
06/22/2018,21:00,14153.9961,1872.4979,3208.9233,1103.1823,16423.6602,9099.9219,4363.3262,1704.1017,51929.6096,A6,N,N
06/22/2018,21:00,14990,2175.3301,3299.79,1311.58,17153.9004,9213.7305,4520.23,1728.64,54393.201,E,N,N
06/22/2018,21:00,15085.7002,2229.48,3298.1899,1274.91,16533.3008,9162.7695,4432.6699,1367.85,53384.8703,E1,N,N
06/22/2018,21:00,14530.2998,2100.73,3221.25,1282.84,17024.8008,9192.5898,4394.7598,1468.13,53215.4002,E2,Y,N
06/22/2018,21:00,14726.5996,2178.22,3261.8401,1350.6801,17146.3008,9211.1201,4511.6899,1457.87,53844.3206,E3,N,N
06/22/2018,21:00,14625.8721,2091.8086,3252.8589,1243.1565,16725.584,9157.8066,4428.52,1563.0583,53088.665,M,N,N
06/22/2018,22:00,14074.5117,1951.6234,3180.0366,1112.0399,15366.8184,8747.2295,4233.7075,1623.5502,50289.5172,A3,N,N
06/22/2018,22:00,13976.8223,1839.8727,3170.8999,1070.889,15823.6768,8813.623,4261.6938,1657.0452,50614.5227,A6,N,N
06/22/2018,22:00,14647.7998,2126.23,3250.3799,1280.97,16632.8008,8914.4902,4349.0498,1698.5601,52900.2806,E,N,N
06/22/2018,22:00,14751.9004,2137.8701,3280.2,1264.91,16229.5,8890.1201,4345.1099,1363.65,52263.2605,E1,N,N
06/22/2018,22:00,14219.5996,2042.58,3178.4399,1248.22,16497.1992,8936.3203,4311.77,1463.4399,51897.5689,E2,Y,N
06/22/2018,22:00,14404,2121.5601,3180.6799,1317.8101,16673,8922.9102,4440.4102,1409.59,52469.9605,E3,N,N
06/22/2018,22:00,14345.7734,2036.6227,3206.7727,1215.8066,16203.834,8870.7822,4323.624,1535.9725,51739.1881,M,N,N
06/22/2018,23:00,13295.7334,1866.6282,3076.1726,1086.7111,14790.0508,8232.8398,4034.3589,1560.1085,47942.6033,A3,N,N
06/22/2018,23:00,13271.1074,1736.4639,3082.9153,1038.9435,15232.2822,8297.3848,4060.7549,1598.4791,48318.3311,A6,N,N
06/22/2018,23:00,13980.7998,2015.62,3177.3501,1246.27,15713.5996,8377.6904,4122.52,1665.54,50299.3899,E,N,N
06/22/2018,23:00,14030.4004,2018.86,3205.73,1202.25,15212.4004,8336.3701,4161.3398,1305.35,49472.7007,E1,N,N
06/22/2018,23:00,13586.2002,1915.89,3111.6101,1195.35,15446.0996,8377.3398,4111.8999,1400.54,49144.9296,E2,Y,N
06/22/2018,23:00,13771.7998,2031.78,3104.98,1295.89,15785.4004,8385.4004,4141.4502,1302.14,49818.8408,E3,N,N
06/22/2018,23:00,13656.0068,1930.8737,3126.4595,1177.5691,15363.3066,8334.5039,4105.3877,1472.0262,49166.1335,M,N,N
06/22/2018,24:00,12553.8975,1732.5767,2979.0825,1009.1727,13524.7637,7668.8984,3788.989,1460.8789,44718.2594,A3,N,N
06/22/2018,24:00,12554.2002,1620.3435,2997.9211,959.3995,14013.5078,7742.0415,3802.1423,1510.0753,45199.6312,A6,N,N
06/22/2018,24:00,13177.5996,1882.61,3130.1201,1136.45,14530.0996,7744.77,3853.73,1584.96,47040.3393,E,N,N
06/22/2018,24:00,13243.4004,1844.12,3155.4199,1140.5601,14042.4004,7635.04,3915.0601,1189.22,46165.2209,E1,N,N
06/22/2018,24:00,12858.9004,1762.26,3055.0901,1106.75,14154.2998,7687.1499,3866.48,1282.38,45773.3102,E2,Y,N
06/22/2018,24:00,13028.2002,1865.12,3040.97,1177.91,14602.7002,7749.3301,3938.95,1224.39,46627.5705,E3,N,N
06/22/2018,24:00,12902.7012,1784.5049,3059.7673,1088.3738,14144.6289,7704.5386,3860.8918,1375.3174,45920.7239,M,N,N
06/23/2018,1:00,11859.917,1579.912,2864.5505,936.1394,12600.4277,7024.4814,3517.2444,1389.7488,41772.4212,A3,N,N
06/23/2018,1:00,11969.8672,1520.8373,2869.2205,899.8439,12996.2139,7097.5894,3504.5386,1431.5914,42289.7022,A6,N,N
06/23/2018,1:00,12402.5996,1692.23,3065.6299,998.937,13294.2002,7150.6099,3607.52,1358.1801,43569.9067,E,N,N
06/23/2018,1:00,12571,1710.38,3097.55,1074.26,13083.7002,7032.2002,3670.0701,1099.4,43338.5605,E1,N,N
06/23/2018,1:00,12201.2002,1639.88,3004.6799,1035.73,13085.5,7074.6001,3639.0701,1186.74,42867.4003,E2,Y,N
06/23/2018,1:00,12382,1682.63,2924.3401,1063,13279.2998,7093.5,3629.4299,1172.72,43226.9198,E3,N,N
06/23/2018,1:00,12231.0977,1637.645,2970.9951,1001.3184,13056.5576,7078.8306,3594.6458,1273.0635,42844.1537,M,N,N
06/23/2018,2:00,11375.7578,1468.9279,2807.125,896.7258,11874.3389,6599.3384,3333.2048,1338.4205,39693.8391,A3,N,N
06/23/2018,2:00,11513.1689,1423.5177,2825.884,867.0179,12271.9961,6678.0249,3307.5811,1386.2296,40273.4202,A6,N,N
06/23/2018,2:00,11916.9004,1598.88,3009.1799,955.756,12271.7998,6619.96,3422.3,1166.51,40961.2861,E,N,N
06/23/2018,2:00,11971.2998,1594.74,3028.5901,978.17,12210.7002,6556.4702,3424.8201,1037.25,40802.0404,E1,N,N
06/23/2018,2:00,11594.0996,1526.5,2946.3999,966.102,12129.5996,6524.0498,3419.52,1114.28,40220.5509,E2,Y,N
06/23/2018,2:00,11795.7002,1636.1899,2895.4299,1018.99,12285.7998,6590.8599,3446.71,1098.98,40768.6597,E3,N,N
06/23/2018,2:00,11694.4883,1541.4594,2918.7681,947.127,12174.0391,6594.7842,3392.356,1190.2784,40453.3005,M,N,N
06/23/2018,3:00,11046.5693,1420.4719,2739.6704,864.5838,11405.3096,6307.8643,3200.7742,1317.0479,38302.2914,A3,N,N
06/23/2018,3:00,11205.501,1369.6903,2764.55,839.6207,11731.5479,6360.6494,3157.0713,1365.8809,38794.5115,A6,N,N
06/23/2018,3:00,11525.5,1444.8,2962.0901,923.221,11610.2002,6368.9502,3329.3999,1365.5601,39529.7215,E,N,N
06/23/2018,3:00,11594.2002,1506.41,2977.4399,1003.43,11350.0996,6147.7998,3265.4399,993.788,38838.6074,E1,N,N
06/23/2018,3:00,11133.9004,1456.23,2908.8601,925.698,11412.7998,6145.3901,3262.6299,1054.04,38299.5483,E2,Y,N
06/23/2018,3:00,11396.0996,1561.3199,2871.1101,1025.86,11756.5,6334.46,3292.96,1047.9399,39286.2495,E3,N,N
06/23/2018,3:00,11316.9619,1459.8203,2870.6201,930.4023,11544.4111,6277.5186,3251.3794,1190.7095,38841.8232,M,N,N
06/23/2018,4:00,10815.8145,1393.121,2728.4519,838.8597,11077.4746,6148.0327,3114.3765,1262.0835,37378.2144,A3,N,N
06/23/2018,4:00,11014.168,1333.7029,2750.9885,814.673,11285.2393,6173.0659,3061.0452,1322.8077,37755.6905,A6,N,N
06/23/2018,4:00,11255.9004,1509.7,2939.7,938.606,11199.2998,6155.73,3221.8201,1173.53,38394.2863,E,N,N
06/23/2018,4:00,11297.7002,1462.26,2949.3701,981.873,10908.5,5926.54,3156.01,944.366,37626.6193,E1,N,N
06/23/2018,4:00,10827,1402.49,2874.9299,900.373,10953.2002,5897.73,3145.3701,1015.5,37016.5932,E2,Y,N
06/23/2018,4:00,11155.7002,1474.77,2845.47,939.884,11253.2002,6121.3501,3189.6101,1023.54,38003.5246,E3,N,N
06/23/2018,4:00,11061.0469,1429.3407,2848.1519,902.3782,11112.8193,6070.4087,3148.0386,1123.6379,37695.8222,M,N,N
06/23/2018,5:00,10658.8662,1372.7244,2721.8625,824.0945,10880.8438,6029.2944,3037.5842,1226.8757,36752.1457,A3,N,N
06/23/2018,5:00,10955.1201,1313.6068,2720.637,801.295,11041.3213,6071.189,2985.272,1285.2483,37173.6895,A6,N,N
06/23/2018,5:00,11073.5996,1448.5,2904.52,872.3,10990,5993.0601,3103.0601,1237.86,37622.8998,E,N,N
06/23/2018,5:00,11133.0996,1432.16,2910.77,945.89,10737.2002,5762.3999,3084.23,941.766,36947.5157,E1,N,N
06/23/2018,5:00,10669.7002,1377.22,2838.96,881.139,10693,5753.27,3083.29,994.085,36290.6642,E2,Y,N
06/23/2018,5:00,11012.5996,1458.83,2840.55,950.536,11013.9004,5956.7998,3095.6201,1016.93,37345.7659,E3,N,N
06/23/2018,5:00,10917.165,1400.5068,2822.8833,879.2091,10892.7119,5927.6689,3064.843,1117.1274,37022.1154,M,N,N
06/23/2018,6:00,10530.1445,1357.1566,2689.675,833.8735,10752.7393,5923.6353,2970.3406,1228.8777,36286.4425,A3,N,N
06/23/2018,6:00,10946.4824,1297.3369,2724.8274,800.7719,10748.0898,5955.1743,2932.7498,1268.5708,36674.0033,A6,N,N
06/23/2018,6:00,11119.7002,1427.88,2883.4099,883.508,11073.9004,5969.3599,3021.0901,1297.41,37676.2585,E,N,N
06/23/2018,6:00,11084.7998,1379.65,2892.77,984.514,10654.5,5770.9902,3053.46,916.206,36736.89,E1,N,N
06/23/2018,6:00,10685.7002,1372.33,2812.8201,879.133,10674.4004,5735.52,3084.0801,984.986,36228.9698,E2,Y,N
06/23/2018,6:00,10902.5,1431.78,2830.6799,914.233,10993.9004,5925.73,3101.26,1002.73,37102.8133,E3,N,N
06/23/2018,6:00,10878.2217,1377.689,2805.697,882.6722,10816.2549,5880.0684,3027.1636,1116.4635,36784.2303,M,N,N
06/23/2018,7:00,10231.2305,1362.1199,2658.8416,801.3417,10391.6729,5915.8188,2861.9194,1221.1649,35444.1097,A3,N,N
06/23/2018,7:00,10648.2881,1276.579,2677.3342,768.3216,10264.9424,5849.8965,2824.5759,1227.439,35537.3767,A6,N,N
06/23/2018,7:00,11218.2998,1482.92,2869.04,837.937,10924.5,6077.8901,2944.49,1238.16,37593.2369,E,N,N
06/23/2018,7:00,11066.7002,1390.64,2872.21,943.312,10685.2998,5810.9702,3031.3501,910.535,36711.0173,E1,N,N
06/23/2018,7:00,10724,1365.5601,2790.9299,871.839,10663.7998,5766.0801,3122.6799,993.69,36298.5788,E2,Y,N
06/23/2018,7:00,10970.5996,1456,2831.75,918.163,10866.2002,6028.8101,3070.51,1155.1,37297.1329,E3,N,N
06/23/2018,7:00,10809.8535,1388.9698,2783.3508,856.8191,10632.7363,5908.2446,2975.9211,1124.3481,36480.2433,M,N,N
06/23/2018,8:00,10788.7227,1432.3495,2674.6655,865.9726,11174.6602,6131.8521,2952.7346,1249.924,37270.8812,A3,N,N
06/23/2018,8:00,11111.6563,1332.8978,2680.5713,841.5947,10945.1494,6168.7412,2928.0366,1271.2703,37279.9176,A6,N,N
06/23/2018,8:00,11510.5996,1535.59,2824.53,904.883,11513.4004,6279.6401,3086.6499,1268.8199,38924.1129,E,N,N
06/23/2018,8:00,11395,1436.3199,2943.72,963.135,11089.9004,5983.23,3129.21,946.122,37886.6373,E1,N,N
06/23/2018,8:00,11042.7998,1420.37,2774.75,908.744,11047.2002,5931.6499,3171.3101,1005.25,37302.074,E2,Y,N
06/23/2018,8:00,11337.5,1503.35,2845.8999,953.727,11454.5,6215.1499,3143.6299,1017.94,38471.6967,E3,N,N
06/23/2018,8:00,11197.7129,1443.4796,2790.6895,906.3428,11204.1348,6118.3774,3068.5952,1126.5544,37855.8866,M,N,N
06/23/2018,9:00,11578.8643,1607.5792,2787.4004,961.2888,12316.0967,6725.1855,3256.6682,1293.528,40526.6111,A3,N,N
06/23/2018,9:00,11873.7588,1483.042,2792.4282,955.118,12357.2676,6828.2344,3293.001,1334.7356,40917.5856,A6,N,N
06/23/2018,9:00,12441,1656.98,2933.04,1226.09,12645.7002,6777.1699,3214.6201,1262.35,42156.9502,E,N,N
06/23/2018,9:00,12208.5996,1594.71,2955.0701,1013.3,12174.7002,6503.6201,3384.48,999.867,40834.347,E1,N,N
06/23/2018,9:00,11906.2998,1566.04,2855.49,996.692,12202,6475.5601,3411.8101,1047.22,40461.112,E2,Y,N
06/23/2018,9:00,12051.2998,1666.36,2907.47,1032.4,12497.2002,6697.7998,3389.04,1050.4301,41291.9999,E3,N,N
06/23/2018,9:00,12009.9697,1595.7853,2871.8167,1030.8148,12365.4941,6667.9277,3324.9368,1164.6885,41031.4336,M,N,N
06/23/2018,10:00,12632.6895,1752.2144,2862.2219,1066.2644,13465.4512,7342.7896,3567.3867,1387.8583,44076.876,A3,N,N
06/23/2018,10:00,12891.8447,1625.7327,2891.0857,1053.4564,13616.7949,7444.8301,3587.5925,1404.483,44515.82,A6,N,N
06/23/2018,10:00,13436.5996,1823.65,3021.24,1163.87,13794,7387.3701,3555.1201,1380.78,45562.6298,E,N,N
06/23/2018,10:00,13201.7998,1790.01,3008.1399,1104.55,13244.7002,7161.2798,3672.8899,1096.1,44279.4696,E1,N,N
06/23/2018,10:00,13016.5,1730.97,2927.3701,1124.6899,13503.2002,7154.3501,3758.6201,1143.65,44359.3504,E2,Y,N
06/23/2018,10:00,13223.5,1837.46,2979.9299,1140.76,13670.0996,7319.6899,3729.8999,1151.14,45052.4793,E3,N,N
06/23/2018,10:00,13067.1563,1760.0061,2948.3313,1108.9319,13549.041,7301.7188,3645.252,1260.6687,44641.1061,M,N,N
06/23/2018,11:00,13739.1924,1912.2264,2950.1702,1145.7,14441.9893,7886.9985,3862.0657,1459.6552,47397.9977,A3,N,N
06/23/2018,11:00,13899.0859,1782.7157,2998.7144,1113.6205,14799.9766,8040.2085,3887.2861,1489.7087,48011.3164,A6,N,N
06/23/2018,11:00,14706,1965.38,3126.05,1280.1899,15121.2002,7969.8799,3866.1799,1459.62,49494.4999,E,N,N
06/23/2018,11:00,14445.7002,1982.14,3107.54,1198.62,14580.5996,7757.71,4015.6699,1133.72,48221.6997,E1,N,N
06/23/2018,11:00,14089.0996,1895.64,3015.22,1196.92,14838.9004,7793.23,4072.27,1229.48,48130.76,E2,Y,N
06/23/2018,11:00,14432.7002,1995.08,3059.3301,1268.1899,15110.5996,7908.98,4069.22,1219.86,49063.9598,E3,N,N
06/23/2018,11:00,14218.6299,1922.1971,3042.8376,1200.54,14815.5449,7892.835,3962.1152,1332.0073,48386.707,M,N,N
06/23/2018,12:00,14723.8252,2013.7653,3064.3228,1195.4155,15579.8652,8385.7627,4092.5203,1510.5352,50566.0122,A3,N,N
06/23/2018,12:00,14698.0313,1864.5684,3134.2444,1147.7837,15953.8477,8518.2588,4153.4922,1533.3542,51003.5807,A6,N,N
06/23/2018,12:00,15657.2002,2169.4299,3218.79,1276.0601,16111.0996,8411.8301,4212.3599,1553.6899,52610.4597,E,N,N
06/23/2018,12:00,15334.4004,2152.99,3200.3101,1268.33,15823.2998,8421.2197,4321.79,1223.87,51746.21,E1,N,N
06/23/2018,12:00,15081.2002,2034.8199,3105.26,1264,15946.2002,8406.6396,4371.8198,1308.74,51518.6797,E2,Y,N
06/23/2018,12:00,15307,2122.21,3154.77,1359.1899,16071.7998,8395.3896,4289.8901,1301.04,52001.2894,E3,N,N
06/23/2018,12:00,15133.6094,2059.6306,3146.2827,1251.7965,15914.3535,8423.1836,4240.3125,1405.2048,51574.3736,M,N,N
06/23/2018,13:00,15038.834,2099.3403,3152.4419,1232.951,16369.1367,8709.0889,4292.5771,1574.4031,52468.773,A3,N,N
06/23/2018,13:00,14986.541,1946.3282,3181.5442,1196.3812,16671.6719,8839.1328,4373.0376,1588.9135,52783.5504,A6,N,N
06/23/2018,13:00,16121.7998,2348.3999,3288.76,1332.9,16994.8008,8948.0098,4488.4102,1574.1,55097.1805,E,N,N
06/23/2018,13:00,15957.2002,2265.3701,3295.8701,1316.51,16502.4004,8945.6699,4613.79,1301.5699,54198.3806,E1,N,N
06/23/2018,13:00,15780.4004,2153.8201,3185.9399,1323.79,16934.4004,8940.4102,4632.0801,1381.89,54332.7311,E2,Y,N
06/23/2018,13:00,15570.4004,2277.6499,3223.73,1412.45,17066.5996,8930.3896,4572.79,1315.9,54369.9095,E3,N,N
06/23/2018,13:00,15575.8633,2181.8181,3221.3811,1302.4971,16756.502,8885.4502,4495.4478,1456.1294,53875.089,M,N,N
06/23/2018,14:00,15307.2383,2155.958,3239.4773,1268.1199,17168.6465,8956.6465,4469.2822,1631.2722,54196.6409,A3,N,N
06/23/2018,14:00,15294.4521,1990.7194,3257.6401,1236.7529,17381.2383,9139.0176,4591.0439,1656.4507,54547.315,A6,N,N
06/23/2018,14:00,16250,2381.8,3383.9099,1422.38,17640.5996,9282.8398,4728.9502,1733.62,56824.0995,E,N,N
06/23/2018,14:00,16556.3008,2347.1599,3372.1599,1387.0699,17411.9004,9345.6699,4768.9702,1340.61,56529.841,E1,N,N
06/23/2018,14:00,16157.5,2250.2,3259.3899,1375.85,17861.1992,9394.2305,4811.23,1446.86,56556.4596,E2,Y,N
06/23/2018,14:00,16147.5996,2335.0801,3257.9299,1504.14,17750.9004,9285.5801,4691.3101,1377.33,56349.8702,E3,N,N
06/23/2018,14:00,15952.1826,2243.4863,3295.0847,1365.7188,17535.7461,9233.998,4676.7979,1531.0237,55834.0381,M,N,N
06/23/2018,15:00,15843.5635,2213.3372,3293.5872,1302.7903,17913.8105,9169.7783,4580.4912,1687.9972,56005.3554,A3,N,N
06/23/2018,15:00,15781.9023,2071.76,3306.9597,1290.2745,17988.6543,9288.8896,4695.0918,1725.9799,56149.5121,A6,N,N
06/23/2018,15:00,16652.8008,2431.3,3437.8501,1473.3101,18656.6992,9633.6396,4754.4902,1737.85,58777.94,E,N,N
06/23/2018,15:00,16841.1992,2456.8401,3425.99,1437.53,18271.5,9766.6299,4875.2798,1424.74,58499.709,E1,N,N
06/23/2018,15:00,16371,2331.1899,3321.3899,1428.4301,18569.9004,9792.3604,4895.52,1501.12,58210.9107,E2,Y,N
06/23/2018,15:00,16478.6992,2420.77,3359.5701,1504.85,18679.5,9632.0996,4812.3799,1445.9,58333.7688,E3,N,N
06/23/2018,15:00,16328.1943,2320.8662,3357.5576,1406.1975,18346.6777,9547.2334,4768.876,1587.2644,57662.8671,M,N,N
06/23/2018,16:00,15712.5117,2240.5867,3336.3914,1330.1157,18485.1387,9363.9043,4687.5752,1735.1564,56891.3801,A3,N,N
06/23/2018,16:00,16033.7715,2116.043,3355.0718,1319.1803,18425.3965,9557.0518,4803.0386,1768.1222,57377.6757,A6,N,N
06/23/2018,16:00,16256.5996,2525.4299,3474.98,1520.36,19164.5,9883.9502,4997.8999,1745.52,59569.2396,E,N,N
06/23/2018,16:00,16935.0996,2523.1499,3473.24,1508.03,18637.5,10079.7998,4909.4199,1475.72,59541.9592,E1,N,N
06/23/2018,16:00,16419.9004,2398.9299,3362.05,1473.6899,19181.6992,10134.5996,4943.2598,1568.05,59482.1788,E2,Y,N
06/23/2018,16:00,16443,2402.8899,3398.96,1560.95,19316.4004,9888.6504,4873.6201,1516.95,59401.4208,E3,N,N
06/23/2018,16:00,16300.1475,2367.8384,3400.1155,1452.0543,18868.4395,9817.9932,4869.1357,1634.9198,58710.6439,M,N,N
06/23/2018,17:00,15576.4814,2241.8174,3364.8892,1353.644,18957.0996,9451.1162,4585.917,1766.8992,57297.864,A3,N,N
06/23/2018,17:00,15796.4834,2211.4065,3386.7085,1347.074,18839.2988,9617.1797,4733.7451,1800.6238,57732.5198,A6,N,N
06/23/2018,17:00,16426.8008,2576.74,3501.49,1521.51,19801,10049.7002,4887.7998,1821.13,60586.1708,E,N,N
06/23/2018,17:00,16801.6992,2519.6599,3483.4099,1500.75,19091.1992,10277,4932.6699,1543.24,60149.6281,E1,N,N
06/23/2018,17:00,16388.3008,2406.53,3384.5,1495.4301,19598.5996,10331.7002,4919.8101,1618.1,60142.9708,E2,Y,N
06/23/2018,17:00,16361.5,2461.0901,3398.8601,1600.73,19825.1992,10092.4004,4885.98,1585.51,60211.2698,E3,N,N
06/23/2018,17:00,16225.2119,2402.874,3419.9766,1469.8564,19352.0664,9969.8496,4824.3203,1689.2505,59353.4057,M,N,N
06/23/2018,18:00,15485.7842,2282.6816,3369.4309,1369.3724,19187.3652,9980.6895,4547.0083,1795.3226,58017.6547,A3,N,N
06/23/2018,18:00,15669.6104,2182.7954,3403.666,1360.5858,18987.043,10465.7246,4665.9199,1823.7474,58559.0925,A6,N,N
06/23/2018,18:00,16242.4004,2546.6101,3503.4399,1498.22,19899.5996,10220.7998,5041.4902,1829.7,60782.26,E,N,N
06/23/2018,18:00,16596.6992,2547.1499,3490.25,1454.77,19298.1992,10262.7998,4852.5,1568.09,60070.4581,E1,N,N
06/23/2018,18:00,16155.5,2398.8799,3392.1399,1487,19610.5996,10342.4004,4847.8101,1641.8199,59876.1498,E2,Y,N
06/23/2018,18:00,16111.2002,2402.29,3396.54,1556.29,19879.6992,10202.2998,4930.0098,1549.54,60027.869,E3,N,N
06/23/2018,18:00,16043.5342,2393.4014,3425.9116,1454.3732,19477.0859,10245.7852,4814.123,1701.37,59555.5845,M,N,N
06/23/2018,19:00,14997.8193,2205.1343,3328.7136,1330.6437,18378.6191,9759.0332,4466.334,1773.4847,56239.7819,A3,N,N
06/23/2018,19:00,15108.7754,2110.9807,3383.0544,1323.6404,18448.875,9918.0908,4536.0391,1820.0085,56649.4643,A6,N,N
06/23/2018,19:00,15654.7998,2606.6599,3471.8,1457.91,19106.8008,9969.5098,4697.0498,1810.29,58774.8201,E,N,N
06/23/2018,19:00,16045.5,2485.4399,3458.75,1458.6801,18790.0996,10021.7002,4685.3999,1511.21,58456.7797,E1,N,N
06/23/2018,19:00,15691.9004,2341.8301,3376.3999,1445.49,19109,10132.0996,4695.0298,1628.91,58420.6598,E2,Y,N
06/23/2018,19:00,15610.0996,2431.46,3361.4399,1492.88,19178.6992,9954.9199,4726.7002,1575.62,58331.8188,E3,N,N
06/23/2018,19:00,15518.1504,2363.5842,3396.6931,1418.2074,18835.3496,9959.2256,4634.4253,1686.5872,57812.2228,M,N,N
06/23/2018,20:00,14421.9609,2081.8887,3263.7344,1244.6219,17535.9648,9384.6865,4367.251,1752.9418,54053.05,A3,N,N
06/23/2018,20:00,14479.2734,1987.6709,3312.053,1243.4359,17702.3848,9394.0342,4425.6826,1823.9911,54368.5259,A6,N,N
06/23/2018,20:00,15286,2442.4099,3435.4099,1387.66,18427.5,9584.5703,4528.2202,1800.03,56891.8003,E,N,N
06/23/2018,20:00,15551.2998,2355.99,3443.2,1413.5699,17986.6992,9671.0996,4518.7002,1480.91,56421.4687,E1,N,N
06/23/2018,20:00,15059.7998,2222.6201,3336.45,1370.78,18216.1992,9713.1201,4489.2002,1580.9,55989.0694,E2,Y,N
06/23/2018,20:00,14973.2998,2351.98,3267.3301,1442.24,18413.0996,9551.3896,4560.75,1537.1899,56097.279,E3,N,N
06/23/2018,20:00,14961.9385,2240.4265,3343.0298,1350.3846,18046.9746,9549.8174,4481.6343,1662.6605,55636.8662,M,N,N
06/23/2018,21:00,14014.7363,2092.6938,3176.3679,1165.0121,16556.2852,8886.708,4225.4897,1681.4718,51798.7648,A3,N,N
06/23/2018,21:00,13924.6465,1983.8307,3222.5615,1151.2667,16779.2891,9040.249,4284.125,1754.7858,52140.7543,A6,N,N
06/23/2018,21:00,15005.2002,2275.0601,3365.5801,1364.28,17577.6992,9300.3701,4494.8398,1727.48,55110.5095,E,N,N
06/23/2018,21:00,15206.4004,2258.49,3372.96,1324.04,16847.3008,9268.1396,4388.9199,1410.01,54076.2607,E1,N,N
06/23/2018,21:00,14687.0996,2133.8201,3277.5,1285.95,17271.4004,9264.0498,4340.54,1509.54,53769.8999,E2,Y,N
06/23/2018,21:00,14686.4004,2254.21,3228.8501,1412.83,17543.8008,9320.21,4391.2998,1501.1801,54338.7812,E3,N,N
06/23/2018,21:00,14587.415,2166.3508,3273.9702,1283.8965,17095.9629,9179.9541,4354.2026,1597.4113,53539.1634,M,N,N
06/23/2018,22:00,13908.6982,1968.1216,3122.3687,1139.7795,15924.2725,8743.5596,4137.6401,1659.3992,50603.8394,A3,N,N
06/23/2018,22:00,13918.0293,1893.5868,3165.9287,1120.2013,16190.7197,8835.1338,4189.5889,1718.4177,51031.6062,A6,N,N
06/23/2018,22:00,14480.5996,2239.75,3329.5801,1282.91,16879.8008,9026.6299,4381.6499,1684.6899,53305.6102,E,N,N
06/23/2018,22:00,14843,2164.6001,3327.76,1275.3,16468.0996,8975.1201,4284.98,1396.5601,52735.4199,E1,N,N
06/23/2018,22:00,14380.7002,2072.3,3232.6599,1250.11,16727.5,9013.2598,4238.79,1494.3101,52409.63,E2,Y,N
06/23/2018,22:00,14255.7002,2228.52,3178.0701,1382.92,16823.9004,8999.5498,4297.6201,1476.54,52642.8206,E3,N,N
06/23/2018,22:00,14297.7881,2094.4797,3226.0615,1241.8702,16502.3828,8932.209,4255.0449,1571.6528,52121.489,M,N,N
06/23/2018,23:00,13299.0654,1839.1332,3041.6624,1095.3153,15257.2305,8277.7441,3950.3374,1620.6112,48381.0995,A3,N,N
06/23/2018,23:00,13323.9658,1767.9238,3072.501,1073.8857,15607.5596,8331.1914,4003.5896,1643.7563,48824.3732,A6,N,N
06/23/2018,23:00,13920.5,2092.6001,3242.1201,1237.77,15852.4004,8489.7197,4176.1699,1617.35,50628.6302,E,N,N
06/23/2018,23:00,14129.5,2026.88,3248.8999,1226.96,15571,8420.54,4079.1299,1338.95,50041.8598,E1,N,N
06/23/2018,23:00,13772.0996,1941.97,3162.1899,1196.8199,15722,8464.9102,4050.01,1422.77,49732.7696,E2,Y,N
06/23/2018,23:00,13627.7002,2095.73,3032.6399,1296.67,15839.9004,8457.2305,4086.25,1341.8,49777.921,E3,N,N
06/23/2018,23:00,13678.8047,1960.7063,3133.3357,1187.9036,15641.6826,8406.8896,4057.5813,1497.5396,49564.4434,M,N,N
06/23/2018,24:00,12773.2051,1707.0785,2965.6541,1013.4022,14029.9668,7684.9063,3745.6758,1532.4478,45452.3366,A3,N,N
06/23/2018,24:00,12839.7725,1663.166,2998.1479,993.1181,14436.5684,7721.5571,3782.23,1545.5369,45980.0969,A6,N,N
06/23/2018,24:00,13241.9004,1912.64,3184.8401,1126.25,14681.9004,7836.5698,3886.01,1484.5601,47354.6708,E,N,N
06/23/2018,24:00,13438.4004,1856.9,3176.54,1185.88,14376.2002,7771.7002,3868.46,1211.85,46885.9308,E1,N,N
06/23/2018,24:00,13085.7002,1795.72,3101.5801,1119.23,14536.5,7819.1299,3831.3899,1310.02,46599.2701,E2,Y,N
06/23/2018,24:00,13033.4004,1880.5601,3040.75,1162.33,14616.2002,7783.6401,3885.0901,1209,46610.9709,E3,N,N
06/23/2018,24:00,13068.7305,1802.6775,3077.9187,1100.035,14446.2227,7769.5845,3833.1426,1382.2358,46480.5473,M,N,N
