DeliveryDate,HourEnding,Coast,East,FarWest,North,NorthCentral,SouthCentral,Southern,West,SystemTotal,Model,InUseFlag,DSTFlag
09/21/2017,1:00,12415.8975,1643.1173,2510.0288,1057.7423,15180.4219,7275.519,3708.6799,1338.4413,45129.848,A3,N,N
09/21/2017,1:00,12692.5742,1680.9001,2532.7944,1096.533,15070.1455,7276.2251,3684.1809,1379.9575,45413.3107,A6,N,N
09/21/2017,1:00,12431.2002,1676.67,2496.3501,991.583,14710.2998,7372.5898,3666.1299,1305.4,44650.2228,E,N,N
09/21/2017,1:00,12376.2998,1669.99,2507.9199,971.128,14610.7998,7344.96,3648.6899,1298.89,44428.6774,E1,Y,N
09/21/2017,1:00,12423,1677.26,2503.9099,994.647,14688.5996,7377.4399,3650.54,1297.98,44613.3764,E2,N,N
09/21/2017,1:00,12628.5,1688.04,2502.98,1010.41,14979,7401.8999,3717.8999,1318.96,45247.6898,E3,N,N
09/21/2017,2:00,11890.5332,1584.7087,2465.2554,1006.4794,13825.1992,6954.1592,3477.061,1296.8593,42500.2554,A3,N,N
09/21/2017,2:00,11818.8945,1598.3467,2470.0852,1013.137,13814.6973,6987.9316,3481.2637,1301.4868,42485.8428,A6,N,N
09/21/2017,2:00,11841.4004,1574.62,2494.1001,1043.8199,13852.9004,6971.8799,3500.3601,1313.62,42592.7008,E,N,N
09/21/2017,2:00,11845.5996,1587.3199,2487.9299,1050.46,13916.5996,6978.7002,3502.8201,1291.09,42660.5193,E1,Y,N
09/21/2017,2:00,11843.5996,1576.5,2492.95,1048.76,13860.4004,6977.4199,3496.73,1312.0699,42608.4298,E2,N,N
09/21/2017,2:00,12081.2002,1608.91,2498.1299,1058.37,14165.5,7050.7202,3570.77,1323.9301,43357.5304,E3,N,N
09/21/2017,3:00,11568.3867,1500.2018,2437.4778,982.8456,12989.4238,6740.4009,3351.3074,1263.218,40833.262,A3,N,N
09/21/2017,3:00,11572.6113,1517.3259,2440.7583,974.2314,13032.541,6728.6704,3361.4368,1260.5813,40888.1564,A6,N,N
09/21/2017,3:00,11473,1477.02,2444.3201,1007.9,13085.4004,6773.4902,3364.01,1296.91,40922.0507,E,N,N
09/21/2017,3:00,11483.9004,1483.22,2448.8899,1008.12,13133,6789.5698,3367.53,1259.64,40973.8701,E1,Y,N
09/21/2017,3:00,11480.2998,1486.84,2444.5701,1007.77,13099.9004,6776.8599,3373.28,1292.66,40962.1802,E2,N,N
09/21/2017,3:00,11702.2002,1491.62,2452.6201,1028.92,13359.0996,6880.7402,3438.8799,1290.73,41644.81,E3,N,N
09/21/2017,4:00,11306.958,1526.4418,2431.1628,977.0634,12655.0781,6570.4985,3268.8125,1263.1301,39999.1452,A3,N,N
09/21/2017,4:00,11270.7588,1515.5778,2428.9812,976.9346,12681.374,6587.9336,3259.9648,1253.2959,39974.8207,A6,N,N
09/21/2017,4:00,11343.7002,1512.04,2425.9399,1004.6,12789.2998,6654.1099,3257.1799,1269.66,40256.5297,E,N,N
09/21/2017,4:00,11349,1516.58,2422.2,1008.18,12795.5996,6667.6899,3268.6899,1250.22,40278.1594,E1,Y,N
09/21/2017,4:00,11349.4004,1515.49,2421.6399,1005.79,12800,6669.1401,3266.72,1276.55,40304.7304,E2,N,N
09/21/2017,4:00,11574.5,1525.7,2423.2,1032.14,13032.4004,6720.2798,3334.03,1274.74,40916.9902,E3,N,N
09/21/2017,5:00,11459.957,1511.3687,2416.5945,976.7853,12969.6494,6582.9536,3261.6487,1244.1693,40423.1265,A3,N,N
09/21/2017,5:00,11373.249,1484.1985,2424.2864,980.6664,12922.2256,6574.3042,3255.7249,1243.147,40257.802,A6,N,N
09/21/2017,5:00,11434.0996,1502.46,2407.0701,985.153,12879.5996,6593.6099,3244.47,1245.97,40292.4322,E,N,N
09/21/2017,5:00,11432.2002,1502.96,2410.24,990.292,12838.2002,6588.02,3248.5901,1227.6801,40238.1826,E1,N,N
09/21/2017,5:00,11440.2998,1499.95,2403.45,982.981,12880.9004,6592.96,3252.6001,1250.6,40303.7413,E2,N,N
09/21/2017,5:00,11652.9004,1512.96,2409.3301,1007.39,13121.9004,6651.3999,3314.4399,1251.23,40921.5507,E3,Y,N
09/21/2017,6:00,11768.6016,1601.8433,2424.8618,1004.3912,13427.6797,6860.7192,3303.0647,1265.2374,41656.3989,A3,N,N
09/21/2017,6:00,11735.4551,1605.3145,2430.374,990.2193,13424.7061,6844.6689,3311.2429,1271.0983,41613.0791,A6,N,N
09/21/2017,6:00,11880.7998,1605.35,2418.3201,1016.76,13388,6816.77,3321.77,1280.6899,41728.4598,E,N,N
09/21/2017,6:00,11893.5,1603.42,2415.3401,1016.42,13408.4004,6823.5,3328.8899,1265.8,41755.2704,E1,N,N
09/21/2017,6:00,11886.7002,1608.1801,2418.51,1012.73,13390,6811,3318.4299,1280.29,41725.8402,E2,N,N
09/21/2017,6:00,12125.5996,1619.17,2409.3701,1024.42,13660.0996,6875.8599,3387.55,1290.34,42392.4092,E3,Y,N
09/21/2017,7:00,12615.8027,1758.4247,2466.1575,1074.0629,14494.7979,7488.5952,3609.5293,1331.8907,44839.2609,A3,N,N
09/21/2017,7:00,12448.7148,1736.318,2455.0891,1068.4082,14480.4951,7487.7261,3611.6877,1333.2339,44621.6729,A6,N,N
09/21/2017,7:00,12533.7998,1728.67,2473.1699,1053.1899,14424.5,7419.8799,3607.1899,1332.8,44573.1994,E,N,N
09/21/2017,7:00,12534.7998,1742.72,2466.29,1069.71,14459.5996,7438.04,3604.1799,1342.02,44657.3593,E1,N,N
09/21/2017,7:00,12512.0996,1730.6801,2477.6201,1056.79,14419,7420.04,3599.1001,1329.16,44544.4899,E2,N,N
09/21/2017,7:00,12807,1763.24,2472.45,1073.2,14748.9004,7523.29,3672.3799,1362.5699,45423.0302,E3,Y,N
09/21/2017,8:00,12800.3857,1761.8622,2486.2756,1084.9177,14871.6582,7568.7031,3652.6438,1376.877,45603.3233,A3,N,N
09/21/2017,8:00,12800.0967,1776.8322,2482.6335,1092.6997,14904.7705,7519.7207,3650.78,1375.5038,45603.0371,A6,N,N
09/21/2017,8:00,12720.5,1782.2,2494.0601,1108.05,14760.5,7584.6899,3630.51,1375.4,45455.91,E,N,N
09/21/2017,8:00,12695.4004,1786.46,2502.9099,1094.34,14795.7998,7566.52,3641.77,1371.36,45454.5601,E1,N,N
09/21/2017,8:00,12696.2998,1774.8,2496.99,1108.47,14757.5,7562.1499,3631.0901,1367.7,45394.9998,E2,N,N
09/21/2017,8:00,12983.9004,1815.3,2502.01,1127.37,15100.4004,7659.46,3701.6499,1399.25,46289.3407,E3,Y,N
09/21/2017,9:00,13047.3135,1803.0817,2460.0737,1131.3051,15052.6699,7666.0137,3736.5251,1357.6367,46254.6194,A3,N,N
09/21/2017,9:00,13065.8604,1786.9954,2469.6997,1135.5255,15092.5762,7674.0117,3732.2417,1356.6406,46313.5512,A6,N,N
09/21/2017,9:00,13096.2002,1796.86,2513.9399,1149.55,14991.5,7750.25,3746.1299,1363.39,46407.82,E,N,N
09/21/2017,9:00,13009.4004,1779.84,2502.78,1116.7,14900.0996,7689.9702,3714.9199,1360.83,46074.5401,E1,N,N
09/21/2017,9:00,13121.5,1808.15,2508.75,1145.41,15016.0996,7758.8701,3754.2,1357.8199,46470.7996,E2,N,N
09/21/2017,9:00,13361.7002,1825.65,2506.1699,1161.99,15356.7002,7824.1201,3821.74,1383.62,47241.6904,E3,Y,N
09/21/2017,10:00,13759.3916,1902.86,2556.4692,1202.6409,15550.8779,7982.6133,3998.4963,1354.0892,48307.4384,A3,N,N
09/21/2017,10:00,13810.6904,1909.5742,2549.7024,1195.9073,15603.8682,8003.3521,4020.7429,1353.4215,48447.259,A6,N,N
09/21/2017,10:00,13742,1891.65,2547.3401,1182.3101,15738.7998,7930.2202,3977.79,1410.71,48420.8202,E,N,N
09/21/2017,10:00,13800.7998,1885.23,2539.28,1162.66,15629.4004,7904.5801,3965.8701,1408.97,48296.7904,E1,Y,N
09/21/2017,10:00,13737.7998,1906.5601,2541.75,1185.78,15693,7937.6699,3970.1201,1417.12,48389.7999,E2,N,N
09/21/2017,10:00,14025.2998,1905.63,2542.1699,1219.24,15952.9004,8002.52,4056.73,1410.42,49114.9101,E3,N,N
09/21/2017,11:00,14801.5596,2035.8325,2649.1023,1271.4504,16715.1973,8568.8076,4208.8306,1405.6051,51656.3854,A3,N,N
09/21/2017,11:00,14647.4717,1999.7874,2644.9341,1273.7993,16649.793,8529.209,4221.5278,1367.744,51334.2663,A6,N,N
09/21/2017,11:00,14743.2002,1990.29,2636.6899,1263.84,16442.5,8362.9697,4265.96,1441.7,51147.1498,E,N,N
09/21/2017,11:00,14746.4004,1970.35,2629.1899,1255.9399,16364.2002,8350.5596,4259.9199,1422.4399,50998.9998,E1,Y,N
09/21/2017,11:00,14748.4004,1987.77,2635.78,1259.53,16448.9004,8363.2197,4258.6401,1442.05,51144.2906,E2,N,N
09/21/2017,11:00,15015.4004,1995.03,2639,1291.1,16738.3008,8435.6396,4349.5298,1456.16,51920.1606,E3,N,N
09/21/2017,12:00,14939.8691,2176.031,2740.1248,1346.7683,17901.9844,8894.2764,4582.2632,1497.4551,54078.7723,A3,N,N
09/21/2017,12:00,14530.5986,2158.1887,2762.7068,1346.162,17738.0117,8960.2266,4580.3979,1532.8214,53609.1137,A6,N,N
09/21/2017,12:00,15273.7002,2148.2,2736.96,1343.8101,17441.5996,8851.8701,4512.3999,1492.95,53801.4899,E,N,N
09/21/2017,12:00,15242.2998,2153.8999,2743.6599,1364.72,17466.6992,8877.1201,4508.6299,1488.96,53845.9888,E1,Y,N
09/21/2017,12:00,15249.5,2147.72,2740.4399,1346.64,17428.6992,8842.5596,4503.8501,1491.91,53751.3188,E2,N,N
09/21/2017,12:00,15387.2002,2170.6499,2742.3,1350.02,17401.9004,8845.25,4550.4902,1500.51,53948.3207,E3,N,N
09/21/2017,13:00,15983.8506,2318.4255,2811.1418,1451.0287,18753.1055,9436.1025,4748.729,1553.328,57055.7116,A3,N,N
09/21/2017,13:00,15793.1016,2284.2969,2801.761,1442.6743,18726.4336,9457.1328,4790.6904,1570.8827,56866.9733,A6,N,N
09/21/2017,13:00,15666.7002,2323.0801,2812.3101,1421.9399,18745,9589.7002,4720.04,1575.76,56854.5305,E,N,N
09/21/2017,13:00,15647.5996,2332.1001,2823.05,1436.13,18765.4004,9593.9102,4719.71,1586.6801,56904.5804,E1,Y,N
09/21/2017,13:00,15667.5,2321.73,2818.95,1421.6,18738.4004,9591.0098,4716.9902,1572.21,56848.3904,E2,N,N
09/21/2017,13:00,15819.4004,2344.5,2813.0701,1420.64,18736.4004,9585.4902,4767.71,1591.9,57079.1111,E3,N,N
09/21/2017,14:00,14837.8652,2378.1274,2889.8477,1514.2753,19954.125,10121.3037,4949.9673,1646.8422,58292.3538,A3,N,N
09/21/2017,14:00,14840.1523,2382.0901,2889.6284,1505.8081,19909.4512,10037.665,4833.2764,1665.233,58063.3045,A6,N,N
09/21/2017,14:00,14710,2388.8799,2888.3401,1489.05,19989.3008,10018.2002,4934.0098,1697.74,58115.5208,E,N,N
09/21/2017,14:00,14734.7002,2385.04,2890.3,1504.78,20048.5996,10021.2998,4930.1499,1693.9301,58208.7996,E1,Y,N
09/21/2017,14:00,14732.2002,2386.3301,2886.1101,1493.98,20007.1992,10026.2002,4935.3398,1696.45,58163.8096,E2,N,N
09/21/2017,14:00,14849,2402.99,2883.8899,1499.8199,20002.4004,10010.2002,4980.7402,1696.92,58325.9606,E3,N,N
09/21/2017,15:00,14485.8125,2460.5181,2940.8767,1519.6138,20983.0293,10467.8359,5081.8218,1738.918,59678.4261,A3,N,N
09/21/2017,15:00,14217.001,2448.5862,2942.0476,1554.9916,20969.5313,10477.541,5088.2988,1743.9021,59441.8996,A6,N,N
09/21/2017,15:00,13018.2998,2482.96,2960.1299,1600.3199,21068.1992,10499.5,5027.1001,1731.38,58387.8889,E,N,N
09/21/2017,15:00,13047.7998,2480.3799,2960.6299,1606.29,21140.1992,10504.7002,5036.2798,1743.11,58519.3888,E1,Y,N
09/21/2017,15:00,13035.2998,2474.3,2959.1399,1598.4399,21100.3008,10490.2998,5036.5498,1736.88,58431.21,E2,N,N
09/21/2017,15:00,13170,2496.3999,2964.1201,1594.4301,21131.0996,10502.7998,5085.4902,1757.55,58701.8897,E3,N,N
09/21/2017,16:00,14459.9316,2430.0867,2944.0872,1544.5026,21636.1875,10648.2568,5055.2822,1773.337,60491.6716,A3,N,N
09/21/2017,16:00,14192.7793,2417.6079,2934.8784,1573.9967,21585.4707,10558.5498,5079.6729,1778.7103,60121.666,A6,N,N
09/21/2017,16:00,12593.0996,2493.8899,2980.48,1626.22,21642,10787.5,5068.6299,1789.23,58981.0494,E,N,N
09/21/2017,16:00,12542.7998,2491.3899,2988.0901,1622.88,21717.9004,10795.5,5065.7202,1794.27,59018.5504,E1,Y,N
09/21/2017,16:00,12646.4004,2487.9399,2985.28,1622.52,21654.9004,10793.7002,5066.6099,1797.97,59055.3208,E2,N,N
09/21/2017,16:00,12719.7002,2503.6299,2988.6599,1603.5601,21707.9004,10796.7002,5112.2798,1811.1801,59243.6106,E3,N,N
09/21/2017,17:00,14351.7754,2374.8853,2964.2908,1539.5886,21471.4512,10667.2344,5021.1143,1802.9612,60193.3012,A3,N,N
09/21/2017,17:00,14101.2246,2447.0979,2945.2544,1563.0526,21358.7031,10798.4766,5049.7988,1793.5028,60057.1108,A6,N,N
09/21/2017,17:00,13227,2449.03,2962.9399,1618.1899,21881.8008,10875.7002,5083.6001,1818.88,59917.1409,E,N,N
09/21/2017,17:00,13137.5,2449.8899,3004.8701,1595.92,22007.3008,10852.7998,5083.6699,1821.48,59953.4305,E1,Y,N
09/21/2017,17:00,13341.2998,2400.0801,2963.79,1603.6899,22032.4004,10871.2002,5082.8501,1832.67,60127.9805,E2,N,N
09/21/2017,17:00,13363.2998,2463.99,2974.55,1570.73,22031.4004,10857,5112.1802,1839.78,60212.9304,E3,N,N
09/21/2017,18:00,14293.6309,2365.3484,2931.3225,1503.4512,21144.7676,10514.0508,4936.4404,1745.9735,59434.9853,A3,N,N
09/21/2017,18:00,14251.1553,2402.4014,2910.5051,1525.9707,21099.0723,10484.4424,4964.7241,1739.1305,59377.4018,A6,N,N
09/21/2017,18:00,13771.2002,2356.29,2910.6899,1572.73,21657.9004,10762.5,4968,1792.39,59791.7005,E,N,N
09/21/2017,18:00,13896.2002,2329.8301,2918.3999,1532.99,21503.0996,10634.0996,5010.27,1770.08,59594.9694,E1,Y,N
09/21/2017,18:00,13951.7998,2343.3501,2923.6299,1551.73,21789.5,10773.2002,4957.9302,1811.8,60102.9402,E2,N,N
09/21/2017,18:00,13973.2998,2373.5901,2925.6599,1512.79,21747.6992,10712.7002,4988.6001,1809.75,60044.0893,E3,N,N
09/21/2017,19:00,13803.4932,2301.7925,2906.8108,1410.2627,20532.373,10170.3213,4737.6738,1714.9186,57577.6459,A3,N,N
09/21/2017,19:00,13881.0449,2370.5874,2896.0713,1436.8364,20501.9531,10315.3887,4731.9297,1696.1351,57829.9466,A6,N,N
09/21/2017,19:00,14070,2239.3101,2862.2,1486.25,20877,10419.2002,4770.0898,1733.5601,58457.6102,E,N,N
09/21/2017,19:00,13923.2002,2314.3101,2863.47,1444.5601,20740,10418.5,4823.1499,1720.9399,58248.1302,E1,Y,N
09/21/2017,19:00,14042.5,2179.98,2785.8,1447.76,20679.0996,10385,4745.96,1757.61,58023.7096,E2,N,N
09/21/2017,19:00,14327.5996,2269.6699,2867.4199,1434.34,20910.1992,10401.7002,4811.1099,1740.42,58762.4587,E3,N,N
09/21/2017,20:00,13726.3984,2221.1321,2848.1145,1330.6323,19552.3184,9804.4922,4600.2671,1659.4662,55742.8212,A3,N,N
09/21/2017,20:00,13964.6201,2311.6804,2830.8376,1351.9946,19630.3789,9891.2939,4581.9888,1634.6714,56197.4657,A6,N,N
09/21/2017,20:00,14231.7002,2167.8799,2804.26,1422.64,19877.5,10023.9004,4625.0298,1645.95,56798.8603,E,N,N
09/21/2017,20:00,14603.7002,2271.8701,2750.01,1339.29,20094,10061,4718.4102,1669.28,57507.5605,E1,Y,N
09/21/2017,20:00,14325.7998,2072.1201,2719.49,1350.1801,20002.6992,9920.71,4607.6401,1717.71,56716.3493,E2,N,N
09/21/2017,20:00,14690.2002,2206.73,2809.6001,1381.75,19995.6992,10026.2998,4671.96,1660.0601,57442.2994,E3,N,N
09/21/2017,21:00,13617.8467,2184.5613,2811.8279,1301.1516,18855.3164,9471.9346,4573.9526,1631.3384,54447.9295,A3,N,N
09/21/2017,21:00,13833.543,2248.2546,2784.4258,1302.0944,18764.3184,9487.0732,4526.2729,1612.1698,54558.1521,A6,N,N
09/21/2017,21:00,14439,2124.02,2779.6101,1383.34,19082.8008,9784.4297,4609.27,1599.8101,55802.2807,E,N,N
09/21/2017,21:00,14885.9004,2216.4399,2768.6699,1244.92,19140.5,9684.9902,4693.3701,1633.35,56268.1405,E1,Y,N
09/21/2017,21:00,14390.5996,2032.24,2701.8501,1323.38,19313,9593.79,4601.8301,1637.63,55594.3198,E2,N,N
09/21/2017,21:00,14886.7998,2167,2776.6599,1347.7,19521.0996,9796.2002,4657.6401,1628.05,56781.1496,E3,N,N
09/21/2017,22:00,13207.582,2045.2974,2729.8042,1235.8292,17903.9766,8865.6572,4331.0044,1565.5815,51884.7325,A3,N,N
09/21/2017,22:00,13362.7207,2113.6377,2716.04,1225.6061,17751.0605,8834.4023,4268.7515,1541.454,51813.6728,A6,N,N
09/21/2017,22:00,13967.2998,1991.6801,2719.52,1304.26,18190.5,9207.4902,4394.7598,1525.84,53301.3499,E,N,N
09/21/2017,22:00,14283.2002,2077.04,2655.6899,1227.5601,18027.4004,9067.3604,4358.77,1586.47,53283.491,E1,Y,N
09/21/2017,22:00,13737.5,1932.66,2651.8799,1265.7,18222.8008,8982.8799,4384.8999,1592.85,52771.1705,E2,N,N
09/21/2017,22:00,14414.2998,2032.71,2714.76,1272.03,18398.3008,9222.4502,4432.7002,1551.02,54038.271,E3,N,N
09/21/2017,23:00,12445.5723,1876.5845,2634.8633,1139.5544,16089.582,8105.7441,3981.9661,1470.1611,47744.0278,A3,N,N
09/21/2017,23:00,12602.9609,1946.0515,2628.0769,1114.1172,16053.1709,8147.0229,3947.7583,1445.8478,47885.0064,A6,N,N
09/21/2017,23:00,13150,1819.24,2621.8999,1226.72,16629.5996,8398.96,4116.21,1436.66,49399.2895,E,N,N
09/21/2017,23:00,13350.5996,1920.9,2656.6101,1202.0699,16220.5,8251.3398,4076.02,1466.73,49144.7694,E1,Y,N
09/21/2017,23:00,13132.5,1834.29,2575.3601,1173.91,16684.4004,8307.6904,4072.95,1446.79,49227.8909,E2,N,N
09/21/2017,23:00,13577.0996,1858.88,2617.9299,1191.76,16806.5996,8426.8203,4127.2002,1461.53,50067.8196,E3,N,N
09/21/2017,24:00,11710.5879,1703.6117,2548.8997,1062.1238,14563.8086,7366.0425,3681.7563,1369.9974,44006.8279,A3,N,N
09/21/2017,24:00,11862.6396,1763.9808,2539.3911,1049.9144,14530.376,7419.9136,3634.1931,1355.5792,44155.9878,A6,N,N
09/21/2017,24:00,12296,1648.5,2527.04,1127.02,14984,7569.3101,3816.6399,1347.13,45315.64,E,N,N
09/21/2017,24:00,12503.5996,1743.87,2553.5801,1111.03,14625.5996,7480.5601,3804.3899,1358.03,45180.6593,E1,Y,N
09/21/2017,24:00,12153.5,1667.9,2472.03,1090.04,15060,7470.54,3762.9299,1327.37,45004.3099,E2,N,N
09/21/2017,24:00,12632.7002,1690.21,2517.1899,1087.6,15122.2998,7612.7598,3803.3201,1374.5601,45840.6399,E3,N,N
09/22/2017,1:00,11399.3975,1558.9725,2491.98,1007.8055,13585.6836,6776.0918,3475.8838,1265.0781,41560.8928,A3,N,N
09/22/2017,1:00,11397.8193,1633.8164,2474.8726,1047.5963,13628.124,6758.1943,3404.9907,1297.5109,41642.9245,A6,N,N
09/22/2017,1:00,11447.7002,1505.66,2430.8601,1055.7,13660.2002,6844.4399,3502.22,1254.67,41701.4504,E,N,N
09/22/2017,1:00,11416.2002,1527.4301,2486.3401,1038.92,13305.0996,6720.73,3513.8101,1266.4301,41274.9602,E1,N,N
09/22/2017,1:00,11393.2002,1525.14,2394.6399,1020.04,13760.2002,6850.6099,3516.03,1277.7,41737.5602,E2,N,N
09/22/2017,1:00,11735.7002,1556.87,2431.72,1007.81,13662.9004,6893.6899,3496.27,1281.5,42066.4605,E3,Y,N
09/22/2017,2:00,10872.2734,1486.0044,2435.5437,963.317,12608.9736,6384.647,3287.8879,1210.1954,39248.8424,A3,N,N
09/22/2017,2:00,10876.9902,1550.8291,2419.3945,997.8805,12744.2529,6346.7852,3223.1038,1244.9639,39404.2001,A6,N,N
09/22/2017,2:00,10975.9004,1402.8,2369.8799,1008.85,12784.7002,6374.7402,3312.0901,1196.34,39425.3008,E,N,N
09/22/2017,2:00,10935.5,1425.41,2516.8899,956.571,12183.2002,6266.1899,3215.3799,1199.91,38699.0509,E1,N,N
09/22/2017,2:00,10839.4004,1413.15,2340.3401,962.231,12862.7998,6435.7202,3326.04,1257.45,39437.1315,E2,N,N
09/22/2017,2:00,11206.2998,1456.17,2373.3899,958.805,12749.4004,6431.2002,3301.2,1221.24,39697.7053,E3,Y,N
09/22/2017,3:00,10595.9531,1429.1835,2408.2292,918.2647,12079.9219,6087.6646,3159.7297,1170.7023,37849.649,A3,N,N
09/22/2017,3:00,10612.9775,1502.6187,2383.7983,937.3987,12202.8848,6049.1987,3084.7598,1200.1465,37973.783,A6,N,N
09/22/2017,3:00,10564.5,1331.04,2325.99,971.596,12150.2002,6058.1201,3176.74,1153.39,37731.5763,E,N,N
09/22/2017,3:00,10509.7998,1384.8101,2362.6499,896.509,11403.5,5875.6499,3073.5701,1160.66,36667.1488,E1,N,N
09/22/2017,3:00,10426.9004,1355.3199,2306.6799,897.138,12127.5,6086.7002,3190.27,1189.86,37580.3684,E2,N,N
09/22/2017,3:00,10807.2002,1391.12,2330.49,917.437,12050.2002,6125.9702,3155.1101,1175.47,37952.9977,E3,Y,N
09/22/2017,4:00,10333.792,1394.5195,2377.7258,894.1108,11671.6816,5970.7954,3087.3879,1151.7183,36881.7313,A3,N,N
09/22/2017,4:00,10408.5723,1468.5026,2348.9885,910.8458,11827.8262,5981.4639,3009.7244,1170.3054,37126.2291,A6,N,N
09/22/2017,4:00,10326.2998,1292.5,2303.8501,956.627,11816.7002,5914.2402,3088.1001,1125.83,36824.1474,E,N,N
09/22/2017,4:00,10368.5,1371.3101,2314.1799,880.741,11165.2998,5719.0601,3019.27,1128.39,35966.7509,E1,N,N
09/22/2017,4:00,10270.7002,1321.92,2278.28,894.889,11735.2998,5988.25,3098.0801,1159.9301,36747.3492,E2,N,N
09/22/2017,4:00,10631,1351.41,2304.4399,906.089,11677.2002,5979.3501,3066.4399,1150.3101,37066.2392,E3,Y,N
09/22/2017,5:00,10426.4805,1377.418,2364.1624,887.6663,11665.8047,6000.3384,3046.1736,1140.6311,36908.675,A3,N,N
09/22/2017,5:00,10443.9697,1447.4668,2343.3142,904.1947,11754.6416,5992.5317,2973.6331,1152.8347,37012.5865,A6,N,N
09/22/2017,5:00,10382.2998,1288.1801,2298.8101,947.969,11760.2002,5927.8198,3056.23,1116.52,36778.029,E,N,N
09/22/2017,5:00,10355.5,1352.0601,2308.4199,834.256,11330.7002,5782.9199,2975.9099,1141.65,36081.416,E1,N,N
09/22/2017,5:00,10286.5996,1303.5699,2275.0701,896.281,11755.9004,5986.3501,3050.9399,1152.5601,36707.2711,E2,N,N
09/22/2017,5:00,10687.2002,1343.39,2301.6399,896.697,11613.9004,5993.29,3030.27,1141.6899,37008.0774,E3,Y,N
09/22/2017,6:00,10777.0146,1436.1593,2376.7332,897.7971,12156.5391,6324.4922,3124.6919,1157.8529,38251.2803,A3,N,N
09/22/2017,6:00,10800.7852,1504.4989,2372.3237,891.2716,12223.3555,6299.1538,3074.0149,1171.6805,38337.0841,A6,N,N
09/22/2017,6:00,10855.7998,1342.49,2316.52,970.347,12207.5996,6236.6299,3153.8401,1137.8101,38221.0365,E,N,N
09/22/2017,6:00,10771.7002,1384.1899,2291.4099,911.537,11870.7002,6163.8398,3029.3301,1120.0699,37542.777,E1,N,N
09/22/2017,6:00,10771.9004,1379.6,2276.0901,916.555,12231.5996,6254.4102,3150.3899,1169.51,38150.0552,E2,N,N
09/22/2017,6:00,11149.9004,1398.02,2314.8501,916.043,12036.2002,6297.5098,3132.4099,1164.66,38409.5934,E3,Y,N
09/22/2017,7:00,11423.1621,1577.363,2413.7739,956.785,13286.6279,6908.3232,3408.7441,1227.1958,41201.975,A3,N,N
09/22/2017,7:00,11461.1455,1651.0411,2424.3396,961.3175,13326.875,6901.6895,3380.9778,1237.8497,41345.2357,A6,N,N
09/22/2017,7:00,11574,1490.4301,2366.49,1034.39,13325.5996,6836.2402,3432.9199,1208.05,41268.1198,E,N,N
09/22/2017,7:00,11475,1550.66,2336.5,943.976,13144.5996,6858.6099,3394.55,1217.26,40921.1555,E1,N,N
09/22/2017,7:00,11523.5996,1529.01,2318.74,962.859,13202.9004,6814.7402,3415.8799,1246.98,41014.7091,E2,N,N
09/22/2017,7:00,11861.5,1538.46,2361.99,979.586,13105.5996,6876.8799,3399.22,1233.65,41356.8855,E3,Y,N
09/22/2017,8:00,11471.3057,1586.2421,2432.804,967.6743,13531.4922,6961.939,3413.6406,1242.6176,41607.7155,A3,N,N
09/22/2017,8:00,11591.1621,1658.3865,2427.324,975.3674,13669.1016,6909.5371,3411.1133,1284.038,41926.03,A6,N,N
09/22/2017,8:00,11743.9004,1526.15,2396.73,1054.4399,13715.2002,7029.6602,3464.6899,1239.01,42169.7806,E,N,N
09/22/2017,8:00,11838.0996,1536.01,2449.5901,963.613,13219.7998,6863.21,3422.4099,1239.34,41532.0724,E1,N,N
09/22/2017,8:00,11690.2998,1513.09,2357.01,1004.43,13602,7050.75,3442.55,1253.46,41913.5898,E2,N,N
09/22/2017,8:00,12010.5,1578.3,2387.4299,994.745,13524.9004,7064.8599,3433.3401,1264.36,42258.4353,E3,Y,N
09/22/2017,9:00,12115.6445,1643.7855,2419.1096,1002.8668,13867.3359,7048.5942,3479.2795,1247.1344,42823.7504,A3,N,N
09/22/2017,9:00,12134.5762,1720.4215,2421.6746,1012.863,13979.4717,7015.9839,3477.7258,1288.4016,43051.1183,A6,N,N
09/22/2017,9:00,12342,1585.85,2380.1299,1099.79,13934,7108.3501,3514.6899,1243.15,43207.9599,E,N,N
09/22/2017,9:00,12237.5,1592.99,2378.0901,1015.54,13698.2998,6995.8301,3453.78,1234.53,42606.56,E1,N,N
09/22/2017,9:00,12160.2998,1603.97,2370.28,1044.63,13914.7998,7121.6001,3537.46,1264.54,43017.5797,E2,N,N
09/22/2017,9:00,12410.7998,1640.11,2364.97,1035.29,13789.2002,7135.5098,3491.3899,1264.08,43131.3497,E3,Y,N
09/22/2017,10:00,13024.9756,1743.2467,2470.2495,1100.8214,14708.2412,7362.3213,3757.7268,1244.4249,45412.0074,A3,N,N
09/22/2017,10:00,13009.291,1831.2883,2479.2363,1111.0229,14811.1729,7268.6675,3724.23,1263.2308,45498.1397,A6,N,N
09/22/2017,10:00,13131.2002,1699.55,2424.7,1188.84,14658.2002,7449.5801,3779.3999,1258.53,45590.0004,E,N,N
09/22/2017,10:00,13097.5,1735.22,2428.21,1092.92,14095.2998,7237.6201,3750.1299,1225.38,44662.2798,E1,N,N
09/22/2017,10:00,13066,1723.67,2411.74,1135.29,14747.7998,7426.2998,3779.05,1301.6899,45591.5395,E2,N,N
09/22/2017,10:00,13310.2002,1752.99,2394.5,1110.8199,14567,7455.21,3768.01,1272.14,45630.8701,E3,Y,N
09/22/2017,11:00,13904.5234,1874.0887,2542.9421,1201.0493,15785.6641,7833.9189,4013.1177,1275.0906,48430.3948,A3,N,N
09/22/2017,11:00,13991.2793,1981.6163,2556.4172,1207.1677,15898.0576,7802.7549,3954.7263,1239.1677,48631.187,A6,N,N
09/22/2017,11:00,14222.2998,1854.7,2487.9399,1272.6,15686,7926.4302,4072.05,1280.05,48802.0699,E,N,N
09/22/2017,11:00,13983,1890.23,2489.9199,1225.55,15109.4004,7701.9902,3989.01,1215.24,47604.3405,E1,N,N
09/22/2017,11:00,14010.7998,1841.95,2470.0801,1210.21,15891.4004,7935.75,4062.1499,1358.63,48780.9702,E2,N,N
09/22/2017,11:00,14230,1910.59,2446.55,1192.17,15546.2998,7925.2202,4070.8201,1285.79,48607.4401,E3,Y,N
09/22/2017,12:00,14687.0254,2014.7616,2601.0378,1256.6752,16809.0273,8313.2549,4265.8926,1354.5331,51302.2079,A3,N,N
09/22/2017,12:00,14635.9824,2111.2959,2610.4578,1265.5361,16922.8633,8329.7061,4233.6636,1365.087,51474.5922,A6,N,N
09/22/2017,12:00,14863.7998,1999.47,2558.6799,1345.21,16791.8008,8363.2803,4335.98,1351.72,51609.9408,E,N,N
09/22/2017,12:00,14696.2002,2007.77,2554.54,1316.87,16394.6992,8196.8604,4270.6099,1329.73,50767.2797,E1,N,N
09/22/2017,12:00,14793.2998,2004.27,2543.9399,1258.74,17072.3008,8419.1299,4322.71,1428.1,51842.4904,E2,N,N
09/22/2017,12:00,15073.0996,2055.6699,2498.7,1263.0601,16655.1992,8368.71,4318.71,1353.21,51586.3588,E3,Y,N
09/22/2017,13:00,15446.2109,2146.6201,2654.6365,1349.5565,17899.4648,8921.8516,4533.4063,1392.0345,54343.7812,A3,N,N
09/22/2017,13:00,15562.6172,2228.198,2648.3623,1348.5052,17914.9648,8790.8135,4477.2607,1448.9833,54419.705,A6,N,N
09/22/2017,13:00,15622.5996,2119.48,2615.9299,1411.8101,17939.5996,8842.21,4580.3301,1413.98,54545.9393,E,N,N
09/22/2017,13:00,15180.5996,2114.6001,2615.5601,1385.51,17377.1992,8719.4297,4544.3398,1446.85,53384.0885,E1,N,N
09/22/2017,13:00,15587.5,2123.3601,2609.9299,1328.72,18248.5996,8932.0898,4590.46,1485.95,54906.6094,E2,N,N
09/22/2017,13:00,15823.0996,2177.48,2562.9399,1328.4399,17782.5996,8843.4199,4560.3599,1411.83,54490.1688,E3,Y,N
09/22/2017,14:00,16060.2744,2265.6772,2740.5237,1440.712,18895.5391,9390.1064,4672.7773,1441.505,56907.1151,A3,N,N
09/22/2017,14:00,16088.5137,2345.429,2756.739,1407.3647,18886.2246,9220.2813,4641.8823,1535.5428,56881.9774,A6,N,N
09/22/2017,14:00,16369.2998,2224.8201,2690.52,1471.4399,18972.8008,9315.3604,4797.46,1474.5601,57316.2611,E,N,N
09/22/2017,14:00,16053.2002,2245.6799,2794.5601,1427.76,18487.3008,9033.29,4781.1299,1519.03,56341.9509,E1,N,N
09/22/2017,14:00,16260.7998,2204.6699,2672.8201,1400.12,19208.5996,9275.1299,4824.1802,1546.72,57393.0395,E2,N,N
09/22/2017,14:00,16403.8008,2287.4399,2654.4199,1389.3,18865,9301.8799,4774.4199,1470.1801,57146.4405,E3,Y,N
09/22/2017,15:00,16307.3135,2341.9546,2802.3176,1427.5184,19785.0625,9771.7471,4833.083,1548.1233,58817.12,A3,N,N
09/22/2017,15:00,16385.1094,2438.7778,2800.1951,1435.896,19490.4688,9740.2246,4816.3442,1626.083,58733.0989,A6,N,N
09/22/2017,15:00,16638.3008,2300.3,2744.1499,1507.8101,19779.1992,9675.5303,4938.5898,1577.97,59161.8501,E,N,N
09/22/2017,15:00,16319.0996,2336.45,2919.1399,1476.84,19437.9004,9577.2695,4966.1001,1577.61,58610.4095,E1,N,N
09/22/2017,15:00,16807,2289.03,2736.6201,1419.65,19908.5996,9712,4947.8799,1618.77,59439.5496,E2,N,N
09/22/2017,15:00,16677.1992,2361.0701,2719.3501,1432.9301,19697,9659.5,4908.96,1583.2,59039.2095,E3,Y,N
09/22/2017,16:00,16262.9531,2350.3628,2798.9282,1423.8718,20223.7637,9951.9756,4771.3726,1569.4445,59352.6723,A3,N,N
09/22/2017,16:00,16230.9893,2463.5493,2772.147,1456.1213,19850.5625,9794.1172,4754.5244,1650.3807,58972.3917,A6,N,N
09/22/2017,16:00,16653.5996,2326.9099,2732.97,1533.02,20205.6992,9880.5303,4968.5298,1620.5699,59921.8287,E,N,N
09/22/2017,16:00,16007,2329.98,2865.4399,1524.52,20016.3008,9906.5898,4992.71,1643.12,59285.6605,E1,N,N
09/22/2017,16:00,16943.0996,2302.3601,2749.6399,1447.53,20566.8008,9948.5596,4991.3599,1656.12,60605.4699,E2,N,N
09/22/2017,16:00,16711.6992,2381.4199,2710.8799,1458.25,20169.1992,9863.1201,4942.5601,1624.79,59861.9184,E3,Y,N
09/22/2017,17:00,16515.4902,2364.4866,2820.0166,1445.7059,20478.9316,10230.8047,4735.6963,1611.0973,60202.2292,A3,N,N
09/22/2017,17:00,16510.6367,2459.5347,2774.5264,1463.2876,19817.9863,10072.5234,4768.3701,1678.4882,59545.3534,A6,N,N
09/22/2017,17:00,16595.1992,2321.6101,2733.46,1534.76,20426.9004,9961.8096,4959.7202,1648.8199,60182.2794,E,N,N
09/22/2017,17:00,16171.5,2327.1799,2929.3101,1496.5699,20220.4004,10233.0996,5002.3701,1659.97,60040.4,E1,N,N
09/22/2017,17:00,16770,2302.3601,2752.4199,1436.9399,20651.1992,10076.5996,4991.2798,1686.72,60667.5185,E2,N,N
09/22/2017,17:00,16678.8008,2377.3,2722.3,1469.42,20360,9940.1299,4930.7598,1650.5,60129.2105,E3,Y,N
09/22/2017,18:00,16082.3184,2318.9919,2801.4966,1420.807,19966.6426,10039.1797,4671.9922,1591.3092,58892.7376,A3,N,N
09/22/2017,18:00,16091.6016,2446.886,2752.4802,1425.4941,19398.2344,9890.6475,4688.2285,1636.7651,58330.3374,A6,N,N
09/22/2017,18:00,16111.9004,2272.6799,2707.3999,1498.42,20097.5,9973.3398,4827.6499,1637.04,59125.9299,E,N,N
09/22/2017,18:00,16517.6992,2220.8201,2788.73,1469.55,19675.8008,10047.5996,4929.02,1638.9,59288.1197,E1,N,N
09/22/2017,18:00,16234.0996,2249.8799,2709.5801,1418.26,20371.1992,10057.9004,4835.2798,1673.1899,59549.3889,E2,N,N
09/22/2017,18:00,16337.0996,2326.5701,2706.73,1440.54,20064.0996,9936.2695,4801.2998,1637.24,59249.8486,E3,Y,N
09/22/2017,19:00,15713.9893,2230.7283,2777.6116,1332.0438,19177.0957,9759.4531,4458.0327,1564.0389,57012.9934,A3,N,N
09/22/2017,19:00,15679.2012,2358.0537,2740.365,1342.4153,18780.5098,9757.9141,4467.457,1581.8429,56707.759,A6,N,N
09/22/2017,19:00,15389.5996,2172.3701,2685.47,1426.01,19324.0996,9745.2402,4616.8398,1604.17,56963.7993,E,N,N
09/22/2017,19:00,14982.7002,2264.74,2732.6799,1400.17,19240.0996,9951.7002,4717.5898,1596.47,56886.1497,E1,N,N
09/22/2017,19:00,15688.5996,2137.8301,2659.4299,1329.29,19442.8008,9756.4297,4580.04,1646.61,57241.0301,E2,N,N
09/22/2017,19:00,15583.0996,2222.05,2683.8701,1367.23,19106.0996,9686.9502,4591.9102,1607.52,56848.7297,E3,Y,N
09/22/2017,20:00,15200.8789,2134.2271,2735.3005,1260.2883,18201.793,9380.0264,4322.5571,1521.8059,54756.8772,A3,N,N
09/22/2017,20:00,15285.3008,2258.3389,2690.6746,1264.8257,17967.4375,9406.8848,4325.4946,1527.9968,54726.9537,A6,N,N
09/22/2017,20:00,15267.5,2079.8601,2637.3701,1359.71,18376.4004,9358.7002,4435.6299,1557.8199,55072.9906,E,N,N
09/22/2017,20:00,15080.2998,2173.95,2642.1101,1299,18782.6992,9695.6504,4611.6899,1566.7,55852.0994,E1,N,N
09/22/2017,20:00,15287.4004,2056.05,2625.55,1259.3101,18570.5,9319.9199,4438.0898,1588.98,55145.8002,E2,N,N
09/22/2017,20:00,15188.5996,2128.48,2636.2,1304,18186.6992,9331.7197,4412.0801,1559.6899,54747.4685,E3,Y,N
09/22/2017,21:00,14690.9287,2077.8213,2692.2439,1234.2034,17346.0801,9040.8379,4244.5967,1509.6489,52836.3609,A3,N,N
09/22/2017,21:00,14717.3662,2166.9375,2656.5554,1219.452,17197.3574,9056.749,4236.9683,1499.9116,52751.2974,A6,N,N
09/22/2017,21:00,14668.2002,2021.16,2625.79,1317.71,17746.8008,9074.3604,4371.52,1538.8,53364.3414,E,N,N
09/22/2017,21:00,14901.4004,2157.54,2733.1599,1238.24,18149.4004,9413.9805,4596.8799,1518.02,54708.6211,E1,N,N
09/22/2017,21:00,14758.0996,1981.09,2585.8999,1228.79,18065.5996,9051.4697,4370.4702,1580.48,53621.899,E2,N,N
09/22/2017,21:00,14838.7002,2065.3701,2614.03,1262.51,17589.0996,9038.8496,4345.0098,1539.87,53293.4393,E3,Y,N
09/22/2017,22:00,14050.8594,1969.1708,2623.4924,1181.3179,16445.7285,8437.5576,4018.7073,1457.7111,50184.545,A3,N,N
09/22/2017,22:00,14005.335,2045.52,2608.4958,1157.7321,16278.4492,8448.7354,3984.0405,1435.6854,49963.9934,A6,N,N
09/22/2017,22:00,14084.2002,1904.72,2578.78,1246.3,16748.5,8563.4199,4161.2002,1488.34,50775.4603,E,N,N
09/22/2017,22:00,14128.0996,2001.5699,2554.28,1204.7,17013.3008,8781.8301,4311.5,1483.6899,51478.9703,E1,N,N
09/22/2017,22:00,13937,1889.35,2545.6201,1188.38,16812.6992,8480.9805,4124.6899,1538.22,50516.9397,E2,N,N
09/22/2017,22:00,14243.2998,1948.01,2564,1188.12,16631,8536.9902,4131.6201,1491.3101,50734.3502,E3,Y,N
09/22/2017,23:00,13241.6387,1837.0608,2554.8279,1101.1938,15276.6982,7829.8149,3800.5884,1372.5635,47014.3862,A3,N,N
09/22/2017,23:00,13092.3389,1899.8425,2548.623,1067.4659,15091.4629,7899.8789,3723.7,1369.2344,46692.5465,A6,N,N
09/22/2017,23:00,13140.0996,1767.4301,2509.27,1180.35,15483,7935.5898,3926.3799,1414.9399,47357.0593,E,N,N
09/22/2017,23:00,13225.2998,1856.13,2594.1399,1169.4301,15418.2002,8090.9102,3947.3101,1401.23,47702.6503,E1,N,N
09/22/2017,23:00,13079,1732.98,2457.3501,1104.73,15491.7002,7882.0601,3889.23,1484.05,47121.1004,E2,N,N
09/22/2017,23:00,13392,1808.11,2494.49,1119,15458.4004,7929.0898,3897.6799,1421.86,47520.6301,E3,Y,N
09/22/2017,24:00,12291.7822,1710.7806,2503.9492,1039.7177,14081.5059,7318.7637,3573.6328,1291.9731,43812.1052,A3,N,N
09/22/2017,24:00,12193.1992,1756.625,2491.2859,1022.1919,13984.8105,7319.3125,3502.2017,1296.6925,43566.3192,A6,N,N
09/22/2017,24:00,12322.2002,1628.3,2438.1799,1098.42,14137.5996,7258.6099,3689.6101,1343.16,43916.0797,E,N,N
09/22/2017,24:00,12436.7998,1714.78,2489.51,1089.23,13940.9004,7358.2002,3679.1399,1317.16,44025.7203,E1,N,N
09/22/2017,24:00,12198.2998,1593.01,2398.21,1053.4,14183.2002,7212.7998,3646.0801,1353.2,43638.1999,E2,N,N
09/22/2017,24:00,12491.7998,1665.85,2427.8501,1036.46,14176.7998,7289.5298,3661.23,1350.42,44099.9395,E3,Y,N
09/23/2017,1:00,11402.3857,1584.6455,2455.4321,987.8273,13116.3203,6722.3223,3353.2625,1233.2395,40855.4352,A3,N,N
09/23/2017,1:00,11517.6318,1638.7329,2444.1248,1021.2792,13199.9336,6743.9458,3284.5703,1254.5708,41104.7892,A6,N,N
09/23/2017,1:00,11514.2002,1506.5,2375.6001,1055.5699,13051.7998,6663.48,3475.1201,1270.5601,40912.8302,E,N,N
09/23/2017,1:00,11716.2998,1598.16,2400.97,1045.4301,12806.2998,6692.9302,3441.01,1270.05,40971.1499,E1,N,N
09/23/2017,1:00,11484.7002,1483.58,2336.3401,992.377,13055.9004,6669.1602,3437.98,1280.73,40740.7679,E2,N,N
09/23/2017,1:00,11798.2998,1552.34,2370.1101,948.477,13011.9004,6719.7998,3463.6101,1260.24,41124.7772,E3,Y,N
09/23/2017,2:00,10794.792,1493.687,2396.0305,950.9813,12177.4141,6266.6816,3179.8257,1176.6178,38436.03,A3,N,N
09/23/2017,2:00,10935.0752,1535.7402,2372.2122,979.9743,12334.2744,6272.9653,3110.782,1201.337,38742.3606,A6,N,N
09/23/2017,2:00,10897.4004,1412.59,2327.0701,1002.64,12224.7998,6192.8398,3277.1499,1219.8101,38554.3001,E,N,N
09/23/2017,2:00,11122,1547.61,2336.8401,1012.18,11845.2002,6222.4399,3221.99,1198.66,38506.9202,E1,N,N
09/23/2017,2:00,10931.2002,1397.29,2284.8899,931.446,12155.9004,6183.77,3257.6599,1237.21,38379.3664,E2,N,N
09/23/2017,2:00,11130.9004,1454.85,2321.45,897.834,12107.9004,6254.8198,3264.9099,1204.33,38636.9945,E3,Y,N
09/23/2017,3:00,10566.5928,1426.5383,2358.925,912.8774,11598.7041,5959.6206,3017.0383,1140.6821,36980.9786,A3,N,N
09/23/2017,3:00,10639.54,1475.9398,2324.1997,919.7702,11726.0527,5945.6592,2972.0544,1157.498,37160.714,A6,N,N
09/23/2017,3:00,10384.5,1342.05,2287.8101,960.349,11554.4004,5861.9102,3129.52,1196.5601,36717.0998,E,N,N
09/23/2017,3:00,10601.9004,1428.96,2250.5801,871.113,11219.4004,5825.96,3072.3201,1131.34,36401.574,E1,N,N
09/23/2017,3:00,10432.7998,1334.11,2248.6699,886.436,11459.2002,5857.7402,3117.02,1214.0601,36550.0362,E2,N,N
09/23/2017,3:00,10623,1384.04,2285.74,859.044,11436.7002,5930.3101,3117.5701,1170.1801,36806.5845,E3,Y,N
09/23/2017,4:00,10231.7314,1365.5476,2338.8682,881.9927,11105.1738,5725.9111,2939.7246,1111.6006,35700.55,A3,N,N
09/23/2017,4:00,10337.9141,1419.1536,2308.196,889.2017,11258.7783,5761.8345,2896.7795,1116.3273,35988.185,A6,N,N
09/23/2017,4:00,10024.7998,1292.25,2276.6699,937.89,11107.5996,5665.5298,3031.0601,1173.9,35509.6992,E,N,N
09/23/2017,4:00,10338.4004,1339.3199,2264.1599,876.576,10762.2002,5587.9302,3018.5801,1087.73,35274.8967,E1,N,N
09/23/2017,4:00,10187.7998,1298.47,2228.6001,878.834,10945.5996,5736.02,3011.1599,1169.34,35455.8234,E2,N,N
09/23/2017,4:00,10301.2002,1335.78,2268.0701,845.754,10956.7998,5729.21,3009.1699,1148.09,35594.074,E3,Y,N
09/23/2017,5:00,10169.1699,1331.1178,2319.3015,871.3546,10809.3555,5640.0298,2853.7385,1092.4985,35086.5661,A3,N,N
09/23/2017,5:00,10277.8887,1372.7056,2299.9355,883.493,10998.0205,5676.9546,2839.9539,1113.4689,35462.4207,A6,N,N
09/23/2017,5:00,9893.5898,1272.77,2266.29,916.532,10708.5,5540.7402,2969.03,1162.13,34729.582,E,N,N
09/23/2017,5:00,10117.2998,1330.14,2237.52,870.198,10483,5466.02,2912.1899,1120.46,34536.8277,E1,N,N
09/23/2017,5:00,10047.7998,1248.5699,2215.1201,843.737,10793.5996,5594.6499,2956.0801,1139.66,34839.2164,E2,N,N
09/23/2017,5:00,10145,1310.45,2252.8799,825.024,10687.9004,5607.1201,2933.8201,1133.47,34895.6645,E3,Y,N
09/23/2017,6:00,10105.0557,1315.65,2312.6904,856.2712,10935.0186,5697.7285,2842.9536,1099.859,35165.227,A3,N,N
09/23/2017,6:00,10277.46,1375.0432,2304.5337,855.3247,11109.1846,5721.7017,2852.3977,1135.5972,35631.2428,A6,N,N
09/23/2017,6:00,9992.1104,1277.71,2265.3,919.507,10753.4004,5548.79,2963.3799,1155.7,34875.8977,E,N,N
09/23/2017,6:00,10028.5,1312.05,2188.6101,888.772,10494.7002,5458.1699,2872.1699,1104.03,34347.0021,E1,N,N
09/23/2017,6:00,10167.9004,1283.16,2208.76,850.052,10887,5641,2982.99,1136.12,35156.9824,E2,N,N
09/23/2017,6:00,10186.2998,1319.15,2258.3899,830.697,10713,5609.8101,2931.6399,1124.13,34973.1167,E3,Y,N
09/23/2017,7:00,10378.5879,1359.047,2327.6187,874.1388,11187.9531,5837.8672,2922.7659,1123.6104,36011.589,A3,N,N
09/23/2017,7:00,10510.3867,1418.2203,2325.3325,885.2573,11442.8896,5859.4668,2964.6833,1173.1519,36579.3884,A6,N,N
09/23/2017,7:00,10178.5,1328.96,2271.6599,941.586,11084,5709.2402,3029.1899,1173.86,35716.996,E,N,N
09/23/2017,7:00,10711.2002,1335.72,2253.49,845.731,10631.0996,5530.52,2983.8799,1127.02,35418.6607,E1,N,N
09/23/2017,7:00,10407.0996,1336.37,2219.47,871.446,11222.9004,5847.6299,3097.8799,1174,36176.7958,E2,N,N
09/23/2017,7:00,10378.7998,1367.46,2264.8101,854.802,10964.2002,5766.4502,2987.8799,1142.4,35726.8022,E3,Y,N
09/23/2017,8:00,10229.2949,1375.2996,2334.8813,862.0502,11252.2773,5873.0254,2912.9534,1127.9376,35967.7197,A3,N,N
09/23/2017,8:00,10477.1104,1417.7892,2332.1929,885.0518,11538.8203,5859.9897,2961.6553,1174.7806,36647.3902,A6,N,N
09/23/2017,8:00,10297.4004,1339.87,2283.74,953.003,11276,5835.9702,3045.8201,1191.09,36222.8937,E,N,N
09/23/2017,8:00,10294.4004,1356.42,2310.54,1171.9301,10693.2998,5633.6001,2990.72,1156.28,35607.1904,E1,N,N
09/23/2017,8:00,10567.2002,1336.33,2235.6201,833.265,11533.7002,5918.9399,3073,1186.21,36684.2654,E2,N,N
09/23/2017,8:00,10505.4004,1385.38,2281.6101,865.352,11161.7002,5887.23,3009.3401,1165.11,36261.1228,E3,Y,N
09/23/2017,9:00,11031.3223,1469.0404,2336.3752,916.2889,12143.0664,6178.1372,3091.0061,1153.3823,38318.6188,A3,N,N
09/23/2017,9:00,11153.79,1523.418,2336.8118,943.7366,12334.6641,6144.6763,3105.5417,1199.9896,38742.6281,A6,N,N
09/23/2017,9:00,11009.2002,1427.35,2280.6299,1008.31,12087.9004,6145.3301,3210.4299,1202.65,38371.8005,E,N,N
09/23/2017,9:00,10961.0996,1443.64,2288.1299,926.52,11795.5,6107.4502,3135.03,1114.0699,37771.4396,E1,N,N
09/23/2017,9:00,11156.9004,1416.49,2246.1201,912.833,12260.0996,6278.0801,3241.7,1211.14,38723.3632,E2,N,N
09/23/2017,9:00,11232.7002,1479.65,2274.51,918.073,11994,6187.0801,3195.24,1182.1801,38463.4334,E3,Y,N
09/23/2017,10:00,12063.9033,1593.9221,2401.479,1019.8667,13254.8604,6699.3545,3405.292,1173.475,41612.153,A3,N,N
09/23/2017,10:00,12015.1816,1655.4819,2406.5557,1040.6536,13436.4961,6596.2578,3410.7512,1214.53,41775.9079,A6,N,N
09/23/2017,10:00,12133.7002,1568.1801,2293.4099,1109.0699,13224.7998,6674.3101,3540.52,1220.54,41764.53,E,N,N
09/23/2017,10:00,11926.7002,1590.42,2370.5,1046.51,12642.0996,6696.3101,3500.54,1179.3101,40952.39,E1,N,N
09/23/2017,10:00,12096.9004,1557.64,2307.1299,1014.24,13401.2002,6751.96,3526.9399,1242.02,41898.0304,E2,N,N
09/23/2017,10:00,12294.7998,1629.3,2297.05,1011.72,13187.7998,6717.54,3545.5,1206.6801,41890.3897,E3,Y,N
09/23/2017,11:00,13173.543,1759.2687,2474.9766,1124.0692,14611.8174,7323.1089,3695.4377,1197.3208,45359.5423,A3,N,N
09/23/2017,11:00,13142.1787,1825.6581,2485.3806,1139.1588,14755.8018,7262.2998,3667.8586,1194.8859,45473.2223,A6,N,N
09/23/2017,11:00,13283,1734.42,2334.6599,1199.6801,14651.7002,7246.9302,3880.8799,1260.55,45591.8203,E,N,N
09/23/2017,11:00,12956,1734.1899,2393.8,1152.45,14304.9004,7251.2202,3768.8899,1205.71,44767.1604,E1,N,N
09/23/2017,11:00,13168.7998,1737.6899,2364.9099,1118.08,14786.4004,7361.5,3880.29,1267.99,45685.66,E2,N,N
09/23/2017,11:00,13427.9004,1807.35,2351.3301,1095.67,14531.0996,7293.6401,3897.78,1250.16,45654.9302,E3,Y,N
09/23/2017,12:00,14021.1943,1917.6887,2545.699,1181.6226,15909.5957,7933.5854,3965.1453,1284.6803,48759.2113,A3,N,N
09/23/2017,12:00,13912.8926,1980.494,2546.0229,1197.4852,15935.8682,7866.0146,3944.2366,1289.4574,48672.4715,A6,N,N
09/23/2017,12:00,13992.2002,1866.29,2396.77,1267.9301,15884.9004,7787.8101,4199.54,1323.86,48719.3008,E,N,N
09/23/2017,12:00,13939,1900.0601,2511.9199,1225.22,15544,7870.79,4123.1899,1321.37,48435.5499,E1,N,N
09/23/2017,12:00,14132.0996,1908.02,2426.53,1181.99,16011.0996,7904.5298,4169.1602,1348.0601,49081.4893,E2,N,N
09/23/2017,12:00,14282,1948.39,2424.3701,1161.74,15751.0996,7851.2202,4212.8101,1310.9301,48942.5601,E3,Y,N
09/23/2017,13:00,15035.5322,2045.7688,2599.6199,1267.7679,17011.7227,8498.8926,4219.438,1331.9381,52010.6802,A3,N,N
09/23/2017,13:00,14944.9014,2108.6287,2584.9417,1280.2959,16954.8809,8300.1982,4224.9165,1373.7869,51772.5502,A6,N,N
09/23/2017,13:00,14947,1985.88,2447.1101,1334.6899,16979.9004,8285.4805,4445.9399,1384.96,51810.9608,E,N,N
09/23/2017,13:00,15108.2002,2056.46,2533.5801,1320.64,16674.0996,8411.6699,4343.6602,1332.4,51780.71,E1,N,N
09/23/2017,13:00,15001.4004,2024.79,2495.0701,1245.79,17157.4004,8475.6104,4419.6299,1402.8199,52222.5111,E2,N,N
09/23/2017,13:00,15014.7998,2074.8201,2479.22,1223.88,16908.6992,8383.6201,4464.3301,1367.77,51917.1393,E3,Y,N
09/23/2017,14:00,15648.6006,2161.1157,2655.657,1352.7827,17974.7324,8892.0693,4379.4375,1375.8497,54440.2449,A3,N,N
09/23/2017,14:00,15404.1484,2200.2607,2630.9741,1341.7756,17725.9414,8572.3135,4403.6763,1451.3464,53730.4364,A6,N,N
09/23/2017,14:00,15438,2072.75,2479.1499,1388.36,18026.4004,8769.6396,4647.0298,1439.34,54260.6697,E,N,N
09/23/2017,14:00,15762.7002,2152,2597.5601,1347.47,17774.0996,8903.5498,4631.8901,1362.88,54532.1498,E1,N,N
09/23/2017,14:00,15605.9004,2108.73,2516.7,1289.58,18360.8008,8873.3096,4678.7002,1449.7,54883.421,E2,N,N
09/23/2017,14:00,15576.5,2171.02,2524.5701,1279.02,17905.4004,8868.0996,4673.79,1427.97,54426.3701,E3,Y,N
09/23/2017,15:00,15898.5146,2250.5076,2691.9749,1342.9291,18711.1816,9347.1885,4552.0313,1468.3192,56262.6468,A3,N,N
09/23/2017,15:00,15688.1074,2273.146,2677.585,1363.4653,18289.3223,9170.3418,4607.4043,1529.5411,55598.9132,A6,N,N
09/23/2017,15:00,15895.5,2133.6499,2494.51,1422.53,18647.0996,9153.2803,4769.46,1501.38,56017.4098,E,N,N
09/23/2017,15:00,16111.2998,2283.77,2696.1699,1362.4399,18590.1992,9263.25,4765.9199,1488.78,56561.8287,E1,N,N
09/23/2017,15:00,16037.5,2135.0901,2543.4099,1300.92,18832,9277.54,4772.3701,1540.4399,56439.27,E2,N,N
09/23/2017,15:00,15999.5,2232.96,2553.9399,1318.4,18705.5996,9271.1104,4792.2598,1487.87,56361.6397,E3,Y,N
09/23/2017,16:00,16266.8545,2261.5818,2701.929,1366.948,19305.5625,9595.1328,4572.4863,1502.6006,57573.0955,A3,N,N
09/23/2017,16:00,16241.8945,2306.645,2676.1987,1387.1893,18694.4355,9242.5146,4595.1641,1562.2175,56706.2592,A6,N,N
09/23/2017,16:00,16103.5996,2158.0701,2516.8201,1455.24,19274.1992,9467.46,4830.71,1537.75,57343.849,E,N,N
09/23/2017,16:00,16649.3008,2371,2694.6299,1434.1801,19169.5,9543.1602,4771.1499,1556.83,58189.7509,E1,N,N
09/23/2017,16:00,16256.2998,2187.1499,2577.05,1328.52,19303.6992,9559.8896,4859.0098,1535.65,57607.2683,E2,N,N
09/23/2017,16:00,16339.7998,2260.9099,2578.27,1346.47,19285.0996,9603.1797,4852.3901,1526.63,57792.7491,E3,Y,N
09/23/2017,17:00,15940.3379,2285.2502,2729.5569,1367.7565,19566.4043,9758.3691,4590.4033,1540.2072,57778.2854,A3,N,N
09/23/2017,17:00,15775.5127,2276.0474,2674.4114,1371.6991,18750.0762,9480.0137,4590.8179,1595.7863,56514.3647,A6,N,N
09/23/2017,17:00,16269.2002,2151.49,2527.29,1463.15,19492.8008,9684.9004,4834.8599,1560.99,57984.6813,E,N,N
09/23/2017,17:00,15970,2324.04,2751.23,1440.61,19459.4004,9858.7197,4719.96,1600.21,58124.1701,E1,N,N
09/23/2017,17:00,16118.0996,2167.47,2582.71,1335.04,19541.1992,9676.3203,4803.1802,1600.14,57824.1593,E2,N,N
09/23/2017,17:00,16520.9004,2255.0801,2589.97,1364.17,19524.5,9843.6602,4861.1899,1552.5,58511.9706,E3,Y,N
09/23/2017,18:00,15694.4121,2271.1226,2726.3108,1329.4094,19257.5117,9739.8057,4545.2217,1550.2041,57113.9981,A3,N,N
09/23/2017,18:00,15608.2109,2286.2585,2661.7444,1337.204,18432.5332,9349.0049,4544.0225,1585.8041,55804.7825,A6,N,N
09/23/2017,18:00,16017.2002,2109.0601,2523.24,1436.72,19307.6992,9673.3203,4716.96,1575.0699,57359.2697,E,N,N
09/23/2017,18:00,15933.9004,2277.1799,2708.6399,1430.92,19593.6992,9940.5195,4672.6499,1663.9301,58221.4389,E1,N,N
09/23/2017,18:00,15671.9004,2115.48,2547.77,1313.97,19339.5,9675.5996,4705.0498,1603.72,56972.9898,E2,N,N
09/23/2017,18:00,16286.2998,2212.1201,2577.3799,1342.63,19395.6992,9846.2803,4747.4199,1564.33,57972.1592,E3,Y,N
09/23/2017,19:00,15008.4688,2195.6484,2698.8093,1258.3516,18682.3066,9436.1152,4375.5161,1523.0842,55178.3002,A3,N,N
09/23/2017,19:00,14956.1006,2223.0054,2652.5681,1268.8315,18041.9551,9229.793,4342.5737,1543.9558,54258.7832,A6,N,N
09/23/2017,19:00,15199,2036.86,2504.8101,1369.0601,18567.8008,9376.3896,4553.23,1565.1801,55172.3307,E,N,N
09/23/2017,19:00,15436.2998,2193.1001,2597.6699,1357.58,18577.1992,9623.4297,4506.29,1563.27,55854.8387,E1,N,N
09/23/2017,19:00,15323.0996,2027.76,2516.54,1252.09,18781,9405.1104,4493.8799,1597.8199,55397.2998,E2,N,N
09/23/2017,19:00,15581.0996,2139.3201,2556.78,1270.63,18598.3008,9531.1797,4573.3198,1558.36,55808.99,E3,Y,N
09/23/2017,20:00,14735.1016,2099.7947,2643.2195,1205.2623,17886.8594,9154.5361,4233.1646,1485.5527,53443.4909,A3,N,N
09/23/2017,20:00,14855.7461,2138.219,2598.7583,1207.625,17492.4844,9064.8691,4212.4492,1491.8118,53061.9629,A6,N,N
09/23/2017,20:00,15040.0996,1949.8199,2482.02,1303.85,17850.1992,8944.8496,4388.4702,1529.4399,53488.7484,E,N,N
09/23/2017,20:00,15420,2234.77,2570.1899,1190.3101,17975.5996,9337.9297,4433.73,1406.79,54569.3193,E1,N,N
09/23/2017,20:00,14861.2998,1938.41,2457.6299,1173.89,17849.4004,9083.9297,4352.3999,1572.75,53289.7097,E2,N,N
09/23/2017,20:00,15075.2002,2049,2519.99,1206.0601,17673.6992,9065.8799,4404.1699,1518.0699,53512.0692,E3,Y,N
09/23/2017,21:00,14317.5771,2019.8436,2607.3586,1197.2032,16677.8398,8751.2686,4134.7104,1450.3325,51156.1338,A3,N,N
09/23/2017,21:00,14399.8584,2038.1326,2568.9204,1166.5254,16536.2734,8658.5391,4120.8662,1450.0074,50939.1229,A6,N,N
09/23/2017,21:00,14547.7002,1904.77,2476.96,1248.61,17057.4004,8718.79,4325.7998,1511.27,51791.3004,E,N,N
09/23/2017,21:00,15517.2998,2018.02,2579.1599,1201.27,17059.1992,8904.8604,4435.0601,1490.3,53205.1694,E1,N,N
09/23/2017,21:00,14426.2998,1863.09,2447.9199,1136.96,17232.8008,8766.8799,4288.9502,1545.71,51708.6106,E2,N,N
09/23/2017,21:00,14713.4004,1988.02,2508.6799,1166.16,16998.5996,8829.3799,4333.3398,1496.2,52033.7796,E3,Y,N
09/23/2017,22:00,13586.0078,1901.5552,2552.4612,1126.285,15613.3135,8152.3022,3893.0928,1397.0991,48222.1168,A3,N,N
09/23/2017,22:00,13719.0508,1920.0287,2524.5625,1089.4594,15452.6455,8134.499,3848.6348,1380.9937,48069.8744,A6,N,N
09/23/2017,22:00,13878,1792.87,2431.6299,1178.35,15902.2002,8187.7798,4100,1444,48914.8299,E,N,N
09/23/2017,22:00,14302.5,1900.78,2468.4099,1156.48,16162.4004,8337.5195,4182.8301,1420.73,49931.6499,E1,N,N
09/23/2017,22:00,13597.9004,1780.13,2420.8601,1096.33,15953.5,8208.2402,4060.4399,1494.83,48612.2306,E2,N,N
09/23/2017,22:00,14045.2002,1869.9399,2451.8799,1093.99,15955.5996,8269.4404,4096.4902,1432.95,49215.4902,E3,Y,N
09/23/2017,23:00,12707.5762,1780.2358,2499.2888,1061.5341,14528.6104,7615.7021,3658.7175,1326.7487,45178.4136,A3,N,N
09/23/2017,23:00,12832.6025,1796.8247,2476.7222,1010.8309,14361.9893,7659.2593,3585.0164,1305.5452,45028.7905,A6,N,N
09/23/2017,23:00,13007,1668.97,2370.3501,1114.3101,14820.7998,7547.8301,3836.6201,1370.11,45735.9902,E,N,N
09/23/2017,23:00,13485.0996,1760.79,2498.6899,1179.71,14957.2998,7827.6802,3823.53,1355.89,46888.6895,E1,N,N
09/23/2017,23:00,12820.2998,1642.54,2344.4199,997.499,14775.7998,7593.5,3802.8701,1435.12,45412.0486,E2,N,N
09/23/2017,23:00,13214.7002,1738.03,2383.9099,1039.01,14786.0996,7617.9102,3825.1499,1354.11,45958.9198,E3,Y,N
09/23/2017,24:00,12030.5732,1665.0809,2441.0989,988.344,13541.21,7102.769,3438.7993,1261.0564,42468.9317,A3,N,N
09/23/2017,24:00,12219.7773,1669.286,2411.5396,960.5802,13454.6338,7139.5098,3352.937,1241.5587,42449.8224,A6,N,N
09/23/2017,24:00,12150.7002,1542.84,2304.9099,1043.37,13588.5996,6941.2002,3590.5801,1296.66,42458.86,E,N,N
09/23/2017,24:00,12522.9004,1649.14,2383.01,1073.46,13600.5,7077.6602,3595.1399,1257.58,43159.3905,E1,N,N
09/23/2017,24:00,11999.9004,1528.64,2312.03,958.47,13584.9004,7006.5801,3569.27,1366.7,42326.4909,E2,N,N
09/23/2017,24:00,12336.5,1609.13,2311.3799,973.709,13602.5,7005.1802,3579.8999,1276.42,42694.719,E3,Y,N
09/24/2017,1:00,11275.0127,1545.6794,2402.7285,930.4938,12637.4063,6529.4658,3274.856,1187.0262,39782.6687,A3,N,N
09/24/2017,1:00,11539.2217,1548.9224,2359.9348,956.423,12749.6074,6557.5122,3161.2864,1193.4034,40066.3113,A6,N,N
09/24/2017,1:00,11340.9004,1433.48,2257.71,997.006,12540.0996,6440.6299,3381.5801,1238.61,39630.016,E,N,N
09/24/2017,1:00,11520.2002,1596.1801,2352.8601,1002.47,12493.7998,6443.0498,3370.8899,1210.6899,39990.1398,E1,N,N
09/24/2017,1:00,11319.5,1426.1801,2265.96,900.06,12527.2002,6489.5098,3356.54,1296.3101,39581.2602,E2,N,N
09/24/2017,1:00,11527.2002,1495.5,2245.1499,931.304,12621.5996,6504.1899,3366.7,1216.83,39908.4736,E3,Y,N
09/24/2017,2:00,10757.4893,1470.115,2360.553,893.304,11850.0234,6101.1714,3091.4375,1133.5193,37657.6129,A3,N,N
09/24/2017,2:00,11017.4824,1474.3843,2320.5537,917.5607,12005.0781,6088.7324,3003.5996,1144.3436,37971.7348,A6,N,N
09/24/2017,2:00,10766.5996,1343.5601,2213.21,956.598,11700,5981.0601,3182.6001,1181.96,37325.5879,E,N,N
09/24/2017,2:00,10890.2998,1539.28,2332.77,943.831,11640.7998,6020.6802,3160.3799,1145.62,37673.6607,E1,N,N
09/24/2017,2:00,10798.0996,1331.6801,2215.54,847.579,11648.2002,5987.5498,3159.9099,1243.39,37231.9486,E2,N,N
09/24/2017,2:00,10930,1402.4,2198.5701,896.373,11780.7002,6039.21,3158.9399,1157.22,37563.4132,E3,Y,N
09/24/2017,3:00,10312.4287,1387.9419,2329.8364,857.6542,11223.9463,5728.8022,2932.6802,1083.0653,35856.3552,A3,N,N
09/24/2017,3:00,10547.0225,1395.5509,2300.0457,863.3658,11376.6953,5744.1768,2883.4167,1096.1693,36206.443,A6,N,N
09/24/2017,3:00,10249.5996,1278.12,2184.04,924.072,11081,5653.8999,3031.8601,1144.91,35547.5016,E,N,N
09/24/2017,3:00,10290.4004,1401.4,2307.6799,842.864,10915.5,5591.02,3008.7,1088.4399,35446.0042,E1,N,N
09/24/2017,3:00,10313.7998,1272.91,2180.1299,795.382,10993.0996,5694.3301,3020.53,1214.0699,35484.2513,E2,N,N
09/24/2017,3:00,10469.2998,1336.79,2159.1499,871.356,11120.4004,5695.8101,3002.27,1112.84,35767.9162,E3,Y,N
09/24/2017,4:00,10122.96,1338.6034,2310.7451,833.3973,10760.6553,5470.4941,2829.6091,1055.7572,34722.2215,A3,N,N
09/24/2017,4:00,10363.9326,1350.7874,2286.1899,839.545,10941.6807,5497.9819,2800.6323,1089.2733,35170.0231,A6,N,N
09/24/2017,4:00,9939.2305,1232.9399,2177.0901,908.947,10719.7998,5439.4399,2923.53,1117.5,34458.4772,E,N,N
09/24/2017,4:00,10163.5,1333.89,2216.8501,860.139,10481,5355.0698,2947.5701,1033.53,34391.549,E1,N,N
09/24/2017,4:00,10088.2002,1235.73,2150.05,795.891,10640.5,5508.77,2906.3799,1130.04,34455.5611,E2,N,N
09/24/2017,4:00,10167.0996,1294.8,2146.3799,860.443,10653.2002,5492.2002,2888.29,1085.75,34588.1629,E3,Y,N
09/24/2017,5:00,9821.5654,1297.5546,2294.354,820.3147,10475.0908,5373.0015,2753.6392,1043.0955,33878.6157,A3,N,N
09/24/2017,5:00,10105.1963,1310.6493,2280.6785,829.4067,10680.1738,5384.5825,2730.5554,1077.697,34398.9395,A6,N,N
09/24/2017,5:00,9771.1396,1214.64,2172.24,891.679,10183.9004,5310.0801,2848.6101,1101.11,33493.3992,E,N,N
09/24/2017,5:00,9909.2695,1317.9,2190.1599,806.429,10204.7002,5228.3101,2839.5801,1075.79,33572.1388,E1,N,N
09/24/2017,5:00,9947.5195,1211.55,2137.1699,792.878,10356.7002,5380.71,2840.29,1106.2,33773.0176,E2,N,N
09/24/2017,5:00,10006,1268.74,2142.29,843.697,10313.7998,5369.3501,2802.3899,1066.09,33812.3568,E3,Y,N
09/24/2017,6:00,9831.2852,1289.7452,2284.2715,806.1432,10427.082,5326.3975,2745.6919,1043.5765,33754.193,A3,N,N
09/24/2017,6:00,10066.0957,1310.8391,2282.4873,799.3453,10633.5664,5325.9995,2743.9133,1079.9736,34242.2202,A6,N,N
09/24/2017,6:00,9800.6504,1216.13,2167.71,883.923,10148.7998,5293.1201,2817.3999,1103.5699,33431.3031,E,N,N
09/24/2017,6:00,9836.0996,1300.53,2150.1499,859.01,10120.7998,5132.02,2803.51,1026.78,33228.8993,E1,N,N
09/24/2017,6:00,10036.4004,1219.4,2132.8999,785.703,10316.0996,5352.5698,2847.27,1108.97,33799.3127,E2,N,N
09/24/2017,6:00,9979.2305,1270.21,2146.3501,837.497,10232.2002,5344.5098,2775.9299,1064.48,33650.4075,E3,Y,N
09/24/2017,7:00,10067.1563,1324.4865,2292.4082,819.0576,10570.8408,5468.2065,2788.1162,1063.8221,34394.0942,A3,N,N
09/24/2017,7:00,10285.0391,1345.9065,2292.634,821.9024,10815.3613,5510.2783,2826.4001,1101.1262,34998.6479,A6,N,N
09/24/2017,7:00,9849.54,1252.05,2178.1699,900.398,10344.2002,5385.0298,2849.1899,1116.96,33875.5378,E,N,N
09/24/2017,7:00,10478.5996,1313.87,2271.8501,818.922,10294.7998,5392.29,2887.27,1024.79,34482.3915,E1,N,N
09/24/2017,7:00,10111.9004,1274.47,2137.8101,814.627,10515.0996,5558.1099,2930.2,1134.36,34476.577,E2,N,N
09/24/2017,7:00,10048.2002,1304.5699,2157.1399,862.31,10313.4004,5416.9902,2814.24,1077.9301,33994.7807,E3,Y,N
09/24/2017,8:00,10030.6768,1320.5334,2282.9631,814.1202,10614.1582,5555.9717,2770.6196,1084.4489,34473.4919,A3,N,N
09/24/2017,8:00,10344.5791,1336.8315,2282.0105,827.8912,10863.6934,5494.7393,2806.2498,1116.4856,35072.4804,A6,N,N
09/24/2017,8:00,9887.9404,1267.0601,2184.6101,914.615,10446.5996,5460.6602,2837.97,1137.55,34137.0054,E,N,N
09/24/2017,8:00,9994.4004,1337.09,2208.0901,828.168,10432.4004,5612.9502,2912.48,1064.89,34390.4691,E1,N,N
09/24/2017,8:00,10057.2998,1269.61,2139.25,835.881,10759.2998,5625.5298,2886.4299,1148.38,34721.6803,E2,N,N
09/24/2017,8:00,10037.9004,1326.0601,2160.49,870.795,10395.7998,5481.9702,2810.1201,1102.5,34185.6356,E3,Y,N
09/24/2017,9:00,10504.1914,1392.196,2288.0269,873.322,11329.9912,5826.6982,2914.3982,1116.7521,36245.576,A3,N,N
09/24/2017,9:00,10815.3916,1420.7928,2288.5017,894.0829,11532.748,5740.0205,2943.415,1146.1195,36781.072,A6,N,N
09/24/2017,9:00,10474.2002,1353.53,2184.3501,968.689,11174.7002,5757.8799,2995.79,1149.15,36058.2894,E,N,N
09/24/2017,9:00,10582.7002,1432.67,2224.45,894.547,11431.4004,5965.0898,3059.3501,1061.92,36652.1275,E1,N,N
09/24/2017,9:00,10634.9004,1343.55,2152.0801,866.658,11436.0996,5933.7002,3037.8899,1156.3199,36561.1981,E2,N,N
09/24/2017,9:00,10667.2998,1420.66,2162.8601,925.157,11114,5773.21,2967.51,1121.52,36152.2169,E3,Y,N
09/24/2017,10:00,11124.4541,1500.2767,2353.5669,979.3107,12314.1631,6288.3555,3198.3555,1131.2913,38889.7738,A3,N,N
09/24/2017,10:00,11590.5508,1533.9446,2361.3228,991.3147,12508.2568,6185.4331,3232.1323,1151.7543,39554.7094,A6,N,N
09/24/2017,10:00,11400.7002,1478.01,2200.95,1071.4301,12238.2998,6300.6001,3339.55,1173.1899,39202.7301,E,N,N
09/24/2017,10:00,11466.0996,1525.92,2325.1299,1042.23,12116,6440.52,3445.1001,1100.13,39461.1296,E1,N,N
09/24/2017,10:00,11485.2002,1471.63,2194.3999,958.468,12451.2002,6394.6299,3334.1899,1194.58,39484.2981,E2,N,N
09/24/2017,10:00,11640.7998,1552.25,2191.02,1018.88,12304,6341.3198,3317.3999,1146.89,39512.5595,E3,Y,N
09/24/2017,11:00,11993.1777,1664.1515,2419.4285,1054.89,13464.2402,6862.8369,3448.595,1157.0221,42064.3419,A3,N,N
09/24/2017,11:00,12511.21,1693.9796,2434.9695,1060.7052,13646.7705,6783.8569,3469.6919,1150.6777,42751.8613,A6,N,N
09/24/2017,11:00,12570.2002,1608.26,2232.8,1145.75,13555.9004,6882.8301,3684.3,1206.02,42886.0607,E,N,N
09/24/2017,11:00,12416.7002,1682.73,2302.49,1110,13590,6955.8398,3703.6899,1157.92,42919.3699,E1,N,N
09/24/2017,11:00,12355.2998,1633.66,2254.6799,1008.59,13679.4004,6918.5,3646.24,1251.01,42747.3801,E2,N,N
09/24/2017,11:00,12643.2002,1694.96,2228.3301,1088.8199,13602.2998,6931.8301,3683.8999,1181.4,43054.74,E3,Y,N
09/24/2017,12:00,12768.041,1820.0105,2492.3384,1123.704,14695.0225,7429.7646,3749.3489,1233.9348,45312.1647,A3,N,N
09/24/2017,12:00,12974.9883,1836.2797,2505.2109,1110.9116,14803.9082,7405.6592,3751.7236,1250.5027,45639.1842,A6,N,N
09/24/2017,12:00,13254.5996,1725.3101,2295.53,1211.4,14786.2002,7406.6201,4020.27,1260.75,45960.68,E,N,N
09/24/2017,12:00,13427.4004,1825.8101,2432.96,1189.05,14900.5,7568.7402,4066.8501,1233.85,46645.1608,E1,N,N
09/24/2017,12:00,13230.7998,1732.78,2303.1699,1068.28,14915,7512.0298,3955.6101,1290.63,46008.2996,E2,N,N
09/24/2017,12:00,13476.9004,1820.1899,2291.3799,1150.4,14891.0996,7458.04,4057.8301,1234.16,46379.9999,E3,Y,N
09/24/2017,13:00,13971.667,1980.3966,2543.3159,1223.8832,16258.3838,8010.9165,4036.6455,1269.6927,49294.9012,A3,N,N
09/24/2017,13:00,14003.9717,1990.0663,2548.3694,1210.8502,16134.9863,7846.3018,3991.2954,1292.9376,49018.7787,A6,N,N
09/24/2017,13:00,14252,1849.39,2351.75,1287.3101,16084.7998,7926.1802,4291.2202,1332.3101,49374.9604,E,N,N
09/24/2017,13:00,14579.5,1999.9301,2439.8301,1276.35,16254.5996,8066.7798,4259.3799,1294.3,50170.6695,E1,N,N
09/24/2017,13:00,14246.9004,1898.28,2358.5701,1147.24,16199.7998,8068.3799,4247.4502,1361.49,49528.1104,E2,N,N
09/24/2017,13:00,14214.2002,1948.6,2352.8201,1217.6899,16128.0996,7989.75,4361.27,1305.79,49518.2198,E3,Y,N
09/24/2017,14:00,14936.5068,2087.0876,2584.0293,1306.6976,17558.4277,8487.4258,4241.9399,1322.3896,52524.5043,A3,N,N
09/24/2017,14:00,14616.7188,2100.4119,2582.8853,1284.2595,17191.3379,8272.0381,4171.9609,1377.3165,51596.9289,A6,N,N
09/24/2017,14:00,14859.5996,1944.46,2392.8501,1340.46,17341.8008,8406.7998,4517.04,1392.83,52195.8403,E,N,N
09/24/2017,14:00,15284.7998,2098.3601,2485.0901,1333.1,17437.1992,8617.8496,4559.7598,1344.47,53160.6286,E1,N,N
09/24/2017,14:00,15045.9004,1973.63,2399.54,1205.21,17304.9004,8511.8301,4538.8398,1398.99,52378.8407,E2,N,N
09/24/2017,14:00,14811.2998,2055.79,2399.97,1272.51,17255.1992,8488.2305,4622.3999,1373.97,52279.3694,E3,Y,N
09/24/2017,15:00,15553.8135,2161.033,2618.7959,1319.7168,18173.2148,8947.3193,4489.0283,1422.4012,54685.3228,A3,N,N
09/24/2017,15:00,15253.9346,2177.3992,2594.8047,1321.1108,17720.4805,8814.6953,4413.6396,1468.3232,53764.3879,A6,N,N
09/24/2017,15:00,15447.4004,2009.53,2411.3201,1380.21,18064,8777.3096,4664.21,1451.2,54205.1801,E,N,N
09/24/2017,15:00,15523.5996,2194.49,2624.3201,1325.4399,18245.6992,8977.75,4696.6001,1414.58,55002.4789,E1,N,N
09/24/2017,15:00,15593.4004,2023.26,2412.52,1208.63,18042,8936.25,4665.5601,1498.45,54380.0705,E2,N,N
09/24/2017,15:00,15333.7998,2123.24,2423.8799,1315.64,18091.6992,8899.6396,4797.23,1430.33,54415.4585,E3,Y,N
09/24/2017,16:00,15613.0625,2175.3811,2617.8521,1347.0165,18660.5391,9160.9229,4637.0493,1443.7697,55655.5932,A3,N,N
09/24/2017,16:00,14896.002,2199.5889,2566.2222,1348.3201,18054.5625,8877.1475,4522.2656,1497.1208,53961.2296,A6,N,N
09/24/2017,16:00,15557.4004,2042.74,2439.27,1416.3199,18620.3008,9107.4004,4745.5698,1486.38,55415.3813,E,N,N
09/24/2017,16:00,16062.9004,2251.74,2594.71,1389.9,18710.5996,9281.29,4722.3101,1486.22,56499.6701,E1,N,N
09/24/2017,16:00,15749.5996,2044.84,2421.3401,1252.41,18535.6992,9243.54,4779.9199,1501.05,55528.3988,E2,N,N
09/24/2017,16:00,15748.4004,2156.1699,2458.54,1349.89,18711,9253.3203,4889.46,1468.6899,56035.4705,E3,Y,N
09/24/2017,17:00,15483.9463,2212.1323,2631.9697,1363.5239,18803.9473,9380.7031,4603.2949,1481.7114,55961.2289,A3,N,N
09/24/2017,17:00,14927.5342,2175.1653,2548.7605,1347.8379,17991.1074,9168.6299,4538.7065,1524.2805,54222.0222,A6,N,N
09/24/2017,17:00,15868.5996,2053.1899,2455.03,1426.4301,18982.0996,9324.96,4772.5801,1511.84,56394.7293,E,N,N
09/24/2017,17:00,15573.5,2263.1101,2616.4399,1391.64,19083.5,9662.3203,4682.9399,1522.8,56796.2502,E1,N,N
09/24/2017,17:00,15830.2002,2061.95,2431.28,1266.55,18910.3008,9447.2305,4755.8301,1553.24,56256.5816,E2,N,N
09/24/2017,17:00,16016.7002,2168.3401,2474.79,1366.53,19069.3008,9505.1201,4934.6499,1497.72,57033.1511,E3,Y,N
09/24/2017,18:00,15345.085,2180.1018,2648.8999,1338.6068,18691.2852,9312.4609,4580.3359,1484.7166,55581.4921,A3,N,N
09/24/2017,18:00,14950.5273,2192.6272,2559.5596,1325.0481,17813.2344,9002.5244,4519.7988,1512.8829,53876.2027,A6,N,N
09/24/2017,18:00,15653.9004,2027.46,2461.49,1411.89,18878.8008,9422.7695,4690.8501,1531.88,56079.0408,E,N,N
09/24/2017,18:00,15431,2194.79,2646.0701,1379.12,18880.3008,9615.8398,4635.0801,1545.23,56327.4308,E1,N,N
09/24/2017,18:00,15472.9004,2032.8101,2440.53,1226.76,18829.3008,9436.6504,4712.23,1571.04,55722.2217,E2,N,N
09/24/2017,18:00,15859.9004,2142.55,2482.1299,1353.9399,19019.3008,9616,4854.7402,1518.3101,56846.8713,E3,Y,N
09/24/2017,19:00,14700.1699,2134.95,2625.0046,1259.1742,18005.8945,9082.457,4434.0791,1468.9393,53710.6686,A3,N,N
09/24/2017,19:00,14378.5791,2153.491,2555.0234,1241.1594,17379.6758,8945.9707,4346.3071,1475.1099,52475.3164,A6,N,N
09/24/2017,19:00,14960.7002,1975.15,2438.6599,1351.3101,18303,9264.4297,4564.8301,1532.7,54390.78,E,N,N
09/24/2017,19:00,14953.9004,2141.53,2461.6599,1291.46,17773,9288.2402,4502.96,1506.35,53919.1005,E1,N,N
09/24/2017,19:00,15237.9004,1965.1,2421.04,1205.37,18329.1992,9267.9902,4543.1499,1561,54530.7497,E2,N,N
09/24/2017,19:00,15290.5,2088.8999,2453.8,1295.53,18365.4004,9425.1904,4706.5898,1523.3199,55149.2304,E3,Y,N
09/24/2017,20:00,14616.4404,2055.3142,2578.6729,1211.5177,17355.1953,8887.6943,4354.126,1433.6427,52492.6035,A3,N,N
09/24/2017,20:00,14350.2979,2077.8198,2505.0811,1179.8367,16913.668,8861.1934,4246.9102,1425.0299,51559.837,A6,N,N
09/24/2017,20:00,14943.4004,1924.61,2419.3,1298.27,17717.4004,8980.2803,4438.8901,1500.8101,53222.9613,E,N,N
09/24/2017,20:00,15151,2170.2,2468.27,1150.55,17456.4004,9047.5195,4398.8599,1341.78,53184.5798,E1,N,N
09/24/2017,20:00,14981.5,1909.36,2367.0801,1185.1801,17627.8008,9073.46,4409.3198,1552.3199,53106.0207,E2,N,N
09/24/2017,20:00,14940.2002,2030.87,2423.8999,1246.86,17718.3008,9126.46,4560.1299,1488.1,53534.8208,E3,Y,N
09/24/2017,21:00,14584.1514,2032.3739,2552.2979,1208.0519,17086.373,8884.6748,4351.7783,1445.5911,52145.2923,A3,N,N
09/24/2017,21:00,14292.1611,2045.7473,2472.8018,1153.6031,16572.2051,8824.918,4228.7988,1425.3418,51015.577,A6,N,N
09/24/2017,21:00,14612.7998,1887.67,2417.1899,1239.55,17161.0996,8825.1904,4423.2202,1488.34,52055.0599,E,N,N
09/24/2017,21:00,15327.7998,2037.1899,2498.47,1180.91,17252.8008,8965.54,4433,1487.91,53183.6205,E1,N,N
09/24/2017,21:00,14558.2998,1855.4301,2354.73,1150.7,17110.6992,8850.8096,4377.8398,1549.8199,51808.3284,E2,N,N
09/24/2017,21:00,14661,1980.42,2413.0701,1207.38,17162.3008,8932.1504,4539.4199,1473.6,52369.3412,E3,Y,N
09/24/2017,22:00,13897.9004,1909.6199,2517.9453,1150.6759,16032.8418,8299.2012,4123.4063,1398.1133,49329.7041,A3,N,N
09/24/2017,22:00,13710.5059,1903.4746,2441.2332,1083.3806,15689.791,8237.4834,3995.0376,1362.8425,48423.7488,A6,N,N
09/24/2017,22:00,13998.4004,1776.5,2379.3201,1160.99,16141.0996,8310.2695,4213.4302,1415.17,49395.1798,E,N,N
09/24/2017,22:00,14220.5,1898.08,2357.4099,1127.22,16296.7998,8342.5098,4169.1699,1392.65,49804.3394,E1,N,N
09/24/2017,22:00,13784.0996,1778.48,2343.5,1060.49,16165.5,8348.7002,4145.1299,1475.23,49101.1297,E2,N,N
09/24/2017,22:00,14033.5,1858.9399,2370.21,1124.5601,16122.9004,8387.2998,4305.8599,1405.71,49608.9801,E3,Y,N
09/24/2017,23:00,12821.2217,1732.0315,2454.2332,1070.5558,14648.2432,7627.8442,3828.1831,1310.1189,45492.4316,A3,N,N
09/24/2017,23:00,12716.5127,1728.365,2388.1206,990.0656,14413.1758,7623.4463,3696.813,1278.7517,44835.2507,A6,N,N
09/24/2017,23:00,13033.5996,1639.77,2311.53,1067.33,14911.7002,7591.2002,3917.53,1321.35,45794.01,E,N,N
09/24/2017,23:00,13363.2998,1713.08,2412.29,1133.73,14924.5,7700.8901,3822.5701,1330.88,46401.24,E1,N,N
09/24/2017,23:00,12916,1621.95,2273.74,998.121,14746.7998,7619.4902,3875.24,1387.38,45438.721,E2,N,N
09/24/2017,23:00,13150.4004,1712.42,2303.4199,1030.1801,14775.2998,7657.1899,3987.8701,1316.1,45932.8802,E3,Y,N
09/24/2017,24:00,11909.2598,1601.0571,2373.4971,978.8406,13296.4609,6936.4033,3529.2073,1219.5944,41844.3205,A3,N,N
09/24/2017,24:00,11874.375,1587.985,2311.561,923.7014,13247.5498,6976.7163,3400.9011,1191.2642,41514.0538,A6,N,N
09/24/2017,24:00,12048.5996,1500.4,2235.8501,988.089,13470.2002,6830.4399,3593.9099,1235.73,41903.2187,E,N,N
09/24/2017,24:00,12423,1583.25,2288.1699,1028.77,13471.9004,6981.4199,3563.73,1212.21,42552.4502,E1,N,N
09/24/2017,24:00,11945.4004,1490.55,2212.8601,926.88,13437.9004,6929.21,3571.5701,1317.99,41832.361,E2,N,N
09/24/2017,24:00,12180.4004,1570.1899,2223.45,950.237,13350.7002,6905.4302,3643.6699,1229.97,42054.0476,E3,Y,N
09/25/2017,1:00,11087.6436,1496.3284,2346.3254,919.7314,12629.5381,6369.0981,3251.3359,1162.3744,39262.3753,A3,N,N
09/25/2017,1:00,11299.9375,1467.967,2269.8179,921.1871,12677.0898,6347.9795,3154.5376,1164.679,39303.1954,A6,N,N
09/25/2017,1:00,11151.0996,1392.4,2193.27,909.751,12363.7002,6208.77,3309.4399,1162.1899,38690.6206,E,N,N
09/25/2017,1:00,10979.0996,1450.97,2301.3501,934.393,12635.5,6339.71,3320.51,1188.25,39149.7827,E1,N,N
09/25/2017,1:00,11196,1382.14,2156.3999,875.874,12400.5996,6366.2402,3321.23,1238.4399,38936.9236,E2,N,N
09/25/2017,1:00,11216.7002,1454.49,2168.6899,899.497,12265.9004,6296.1802,3332.47,1171.33,38805.2577,E3,Y,N
09/25/2017,2:00,10562.4639,1426.1249,2312.9114,888.2802,11907.6631,6019.5527,3074.1282,1128.2152,37319.3396,A3,N,N
09/25/2017,2:00,10806.8203,1384.3467,2240.6182,894.5047,12029.3594,6044.1406,3000.4111,1131.3634,37531.5644,A6,N,N
09/25/2017,2:00,10624.5996,1305.09,2150.48,880.679,11569,5754.5801,3120.1599,1109.24,36513.8286,E,N,N
09/25/2017,2:00,10559.2002,1366.9399,2402.1399,822.602,11815.5,5893.25,3108.9399,1183.21,37151.7819,E1,N,N
09/25/2017,2:00,10646.5,1297.7,2111.7,833.603,11575.2998,5893.23,3114.9099,1178.98,36651.9227,E2,N,N
09/25/2017,2:00,10735,1367.84,2123.24,853.17,11450.2002,5849.7002,3134.8701,1119.23,36633.2505,E3,Y,N
09/25/2017,3:00,10291.2275,1370.1606,2292.0925,870.6259,11369.3223,5773.0977,2947.9373,1099.6898,36014.1536,A3,N,N
09/25/2017,3:00,10535.7227,1337.3779,2219.7285,859.7084,11506.708,5744.2617,2901.3237,1095.2456,36200.0765,A6,N,N
09/25/2017,3:00,10311,1246.26,2127.95,854.475,11059.2002,5453.7598,2992.3301,1065.33,35110.3051,E,N,N
09/25/2017,3:00,10197.2998,1313.95,2233.5601,830.183,11053.4004,5652.02,2968.5601,1129.49,35378.4634,E1,N,N
09/25/2017,3:00,10273.5,1242.23,2082.21,833.465,11035,5582.0601,3000.3601,1143.0601,35191.8853,E2,N,N
09/25/2017,3:00,10430.5,1308.54,2096.76,827.095,10891.5,5558.54,2997.4299,1072.86,35183.2249,E3,Y,N
09/25/2017,4:00,10081.3887,1336.1298,2281.8518,846.2834,11012.0674,5598.8735,2889.0625,1078.7065,35124.3636,A3,N,N
09/25/2017,4:00,10357.832,1318.5988,2216.354,835.6801,11196.0381,5582.6304,2856.6541,1091.4224,35455.2099,A6,N,N
09/25/2017,4:00,10137.9004,1222.9,2117.01,841.278,10692.7998,5316.6899,2909.3899,1041.52,34279.488,E,N,N
09/25/2017,4:00,9988.4404,1321.78,2190.52,819.388,10796.9004,5364.9199,2911.6001,1190.88,34584.4288,E1,N,N
09/25/2017,4:00,10158.2002,1222.34,2070.23,804.737,10787.7002,5502.6001,2915.6399,1110,34571.4474,E2,N,N
09/25/2017,4:00,10311.0996,1284.2,2084.5801,815.112,10575.2998,5425,2912.4299,1051.89,34459.6114,E3,Y,N
09/25/2017,5:00,10198.5078,1315.6254,2278.8066,835.4187,10921.1631,5550.0083,2862.6418,1070.4181,35032.5898,A3,N,N
09/25/2017,5:00,10422.7627,1297.3439,2230.8125,825.3238,11166.21,5573.3413,2843.123,1100.1584,35459.0756,A6,N,N
09/25/2017,5:00,10286.2002,1241.35,2116.2,844.279,10577.2998,5331.1602,2882.8601,1043.51,34322.8593,E,N,N
09/25/2017,5:00,10124.9004,1300.83,2183.01,767.415,10851.7998,5374.8701,2868.6899,1031.98,34503.4952,E1,N,N
09/25/2017,5:00,10305.2002,1214.41,2063.6299,818.736,10705.7002,5498.6602,2886.45,1118.33,34611.1165,E2,N,N
09/25/2017,5:00,10438.5,1296.55,2085.3899,820.281,10600.7998,5441.2402,2886.6899,1052.3101,34621.7609,E3,Y,N
09/25/2017,6:00,10481.7012,1357.5216,2302.4626,835.3257,11394.4727,5795.4858,2946.739,1090.6689,36204.3775,A3,N,N
09/25/2017,6:00,10776.9795,1364.3832,2273.5439,810.0024,11594.1875,5830.6187,2944.9517,1125.9817,36720.6486,A6,N,N
09/25/2017,6:00,10777.5996,1313.36,2140.25,878.498,11136.2002,5688.27,2994.77,1068.84,35997.7878,E,N,N
09/25/2017,6:00,10616.7998,1313.46,2185.1001,840.015,11295.2002,5710.6899,2921.9099,1094.38,35977.5549,E1,N,N
09/25/2017,6:00,10792,1294.15,2081.0901,865.609,11202.7002,5781.8501,2986.3501,1136.9399,36140.6894,E2,N,N
09/25/2017,6:00,10937.5,1369.6899,2115.8201,859.782,11115,5786.2598,3010.3701,1076.73,36271.1519,E3,Y,N
09/25/2017,7:00,10912.2256,1491.6328,2353.9402,890.5418,12421.207,6205.4888,3159.8716,1156.7156,38591.6234,A3,N,N
09/25/2017,7:00,11239.9531,1494.9451,2324.5562,903.6877,12537.2705,6342.5171,3218.925,1191.1431,39252.9978,A6,N,N
09/25/2017,7:00,11442.7998,1478.3,2205.8401,958.031,12408.9004,6310.5498,3276.05,1148.83,39229.3011,E,N,N
09/25/2017,7:00,11211.2002,1479.92,2235.26,879.271,12403.0996,6352.27,3243.6399,1170.33,38974.9907,E1,N,N
09/25/2017,7:00,11553.7998,1466.98,2138.8899,954.626,12268.2998,6416.9399,3264.8601,1217.6801,39282.0756,E2,N,N
09/25/2017,7:00,11657.0996,1535.26,2182.0601,943.514,12289.9004,6372.73,3312.3301,1155.77,39448.6642,E3,Y,N
09/25/2017,8:00,11310.8965,1526.0054,2378.5115,903.5745,12700.3223,6456.9878,3172.1104,1174.5166,39622.925,A3,N,N
09/25/2017,8:00,11453.3955,1531.229,2344.9614,922.8493,12829.043,6481.7744,3250.8325,1210.403,40024.4881,A6,N,N
09/25/2017,8:00,11674.0996,1514.73,2250.6499,988.831,12821.7998,6514.0601,3323.47,1185.97,40273.6104,E,N,N
09/25/2017,8:00,11686,1497.08,2269.1599,903.524,12540.2998,6551.8799,3314.3999,1295.4301,40057.7736,E1,N,N
09/25/2017,8:00,11692.7002,1487.9301,2181.27,947.977,12750.0996,6599.6802,3326,1237.35,40223.0071,E2,N,N
09/25/2017,8:00,11839,1577.6,2234.6101,978.118,12734.0996,6565.3999,3365.49,1195.21,40489.5276,E3,Y,N
09/25/2017,9:00,11864.0869,1583.9708,2370.511,975.5585,13243.6777,6569.0269,3344.7456,1186.9965,41138.5739,A3,N,N
09/25/2017,9:00,11966.7041,1624.3125,2343.8574,978.9812,13341.4814,6581.6118,3367.7249,1230.8276,41435.5009,A6,N,N
09/25/2017,9:00,12184.5996,1551.76,2229.03,1021.72,13113,6621.1401,3396.99,1188.85,41307.0897,E,N,N
09/25/2017,9:00,12073.4004,1558.63,2255.9299,961.939,13259.7002,6662.48,3350.1299,1206.9301,41329.1395,E1,N,N
09/25/2017,9:00,12210.7998,1541.9399,2175.74,971.383,13174.7998,6754.4102,3441.1799,1204.41,41474.6626,E2,N,N
09/25/2017,9:00,12177.7998,1626.17,2220.9399,1015.14,13006.2002,6662.2598,3434,1200.73,41343.2397,E3,Y,N
09/25/2017,10:00,12597.8975,1691.0746,2418.2107,1074.7644,14054.3594,6907.7627,3614.6353,1188.4633,43547.1679,A3,N,N
09/25/2017,10:00,12861.3418,1728.8652,2419.1638,1065.4474,14164.4844,6883.6709,3625.6909,1219.5635,43968.2279,A6,N,N
09/25/2017,10:00,12922.2002,1646.39,2261.3701,1109.24,13869.2998,6990.48,3683.28,1190.74,43673.0001,E,N,N
09/25/2017,10:00,12859.7002,1700.95,2324.98,1028.49,13641,6929.0298,3637.45,1205.61,43327.21,E1,N,N
09/25/2017,10:00,12977.4004,1622.03,2201.26,1039.42,14029.4004,7080.4302,3691.3999,1277.5601,43918.901,E2,N,N
09/25/2017,10:00,12982.2998,1724.01,2263.3999,1096.28,13857.7002,7034.5601,3708.6201,1196.59,43863.4601,E3,Y,N
09/25/2017,11:00,13554.0234,1828.6722,2477.939,1170.3193,15067.5986,7369.7109,3860.5989,1204.8339,46533.6962,A3,N,N
09/25/2017,11:00,13776.1797,1874.0585,2487.853,1152.5032,15228.1357,7357.4199,3841.0632,1207.7476,46924.9608,A6,N,N
09/25/2017,11:00,13790.4004,1773.17,2312.49,1185.39,14950.7002,7502.5698,3997.4199,1200.3,46712.4403,E,N,N
09/25/2017,11:00,13787.5,1833.58,2322.5,1138.1,14598.5996,7344.1299,3889.02,1144.37,46057.7995,E1,N,N
09/25/2017,11:00,13792.7998,1760.35,2249.3101,1092.39,15223.2002,7549.54,3972.8101,1306.01,46946.4102,E2,N,N
09/25/2017,11:00,13861.7998,1858.53,2316.6899,1172.34,14977.5,7528.4199,4037.47,1203.39,46956.1396,E3,Y,N
09/25/2017,12:00,14294.5801,1972.2455,2539.9724,1222.8787,15940.8232,7875.0688,4142.4116,1271.6576,49259.6379,A3,N,N
09/25/2017,12:00,14368.1475,1987.1842,2546.644,1193.4823,16151.9453,7943.4263,4106.5527,1292.5977,49589.98,A6,N,N
09/25/2017,12:00,14796.2002,1887.4,2373.8101,1248.67,15926.4004,7993.9302,4304.5098,1257.62,49788.5407,E,N,N
09/25/2017,12:00,14664.2998,1941.4301,2371.1899,1210.65,15773.2002,7820.6802,4201.1499,1248.12,49230.7201,E1,N,N
09/25/2017,12:00,14766.9004,1855.38,2304.9199,1153.36,16256.2002,8061.4199,4298.4902,1342.72,50039.3906,E2,N,N
09/25/2017,12:00,14661.4004,1980.21,2375.3701,1239.78,16120.7002,7991.5,4366.73,1260.04,49995.7307,E3,Y,N
09/25/2017,13:00,14990.376,2108.2622,2573.1938,1302.5581,17022.1973,8341.8135,4403.4575,1310.0991,52051.9575,A3,N,N
09/25/2017,13:00,15084.71,2097.5708,2573.7849,1266.901,17115.5898,8283.1504,4405.8433,1330.8131,52158.3633,A6,N,N
09/25/2017,13:00,15459.4004,1999.0601,2417.8999,1308.9301,17042.1992,8492.9102,4585.02,1317.78,52623.1999,E,N,N
09/25/2017,13:00,15333,2062.3899,2429.3601,1259.92,16883.5996,8305.3896,4491.0601,1356.9399,52121.6592,E1,N,N
09/25/2017,13:00,15458.9004,2007.08,2350.54,1189.3199,17263.5996,8620.0098,4576.4399,1409.29,52875.1796,E2,N,N
09/25/2017,13:00,15387.2998,2096.8101,2419.9199,1295.83,17194.5996,8478.6201,4688.5898,1315.0601,52876.7294,E3,Y,N
09/25/2017,14:00,15711.6289,2217.0049,2630.6401,1390.4341,18095.3496,8742.0234,4567.0366,1354.3035,54708.4211,A3,N,N
09/25/2017,14:00,15627.2734,2211.4375,2623.8203,1348.9214,17943.4922,8624.3018,4574.2671,1407.9923,54361.506,A6,N,N
09/25/2017,14:00,16218.7998,2090.21,2474.1599,1363.62,18132.9004,8986.4199,4824.4302,1366.23,55456.7702,E,N,N
09/25/2017,14:00,16102.5996,2181.01,2632.02,1324.78,17935.4004,8754.3896,4725.9502,1413.08,55069.2298,E1,N,N
09/25/2017,14:00,16280,2073.55,2409.52,1268.8199,18339.0996,9007.54,4843.0801,1455.1899,55676.7995,E2,N,N
09/25/2017,14:00,16003.5996,2195.3701,2477.29,1347.88,18288.4004,8964.3701,4953.54,1360.73,55591.1802,E3,Y,N
09/25/2017,15:00,16047.8174,2290.5715,2673.7676,1369.6051,18782.9863,9111.5498,4730.0146,1455.3258,56461.6381,A3,N,N
09/25/2017,15:00,15838.6895,2289.2942,2646.8445,1371.2969,18488.9316,9109.1553,4774.7373,1497.9982,56016.9475,A6,N,N
09/25/2017,15:00,16410.0996,2149.27,2511.6299,1405.52,19016.5996,9341.6504,4983.75,1458.86,57277.3795,E,N,N
09/25/2017,15:00,16201.2002,2248.9399,2785.7,1340.0699,18977.5,9082.54,4900.1299,1465.6,57001.6799,E1,N,N
09/25/2017,15:00,16754.9004,2138.99,2431.49,1244.9,19104.5,9380.9199,5009.5801,1527.02,57592.3004,E2,N,N
09/25/2017,15:00,16390.8008,2255.5801,2517.02,1385.2,19157.9004,9326,5122.4199,1463.95,57618.8712,E3,Y,N
09/25/2017,16:00,16198.5869,2287.323,2680.553,1395.7795,19292.1309,9244.7637,4816.5093,1470.0492,57385.6955,A3,N,N
09/25/2017,16:00,16205.8623,2301.2102,2622.9993,1393.886,18881.8184,9158.377,4863.0542,1527.8197,56955.0271,A6,N,N
09/25/2017,16:00,16563.4004,2174.7,2496.6899,1430.85,19360.8008,9565.3301,5034.96,1491.05,58117.7812,E,N,N
09/25/2017,16:00,15836.2002,2275.99,2645.1101,1391.77,19404.1992,9422.7998,4912.6401,1522.6801,57411.3895,E1,N,N
09/25/2017,16:00,16948.6992,2134.5701,2436.0901,1280.41,19667.5,9657.9404,5057.5,1566.8,58749.5098,E2,N,N
09/25/2017,16:00,16524.1992,2273.3799,2500.3201,1407.42,19661.3008,9566.3701,5165.4502,1496.91,58595.3503,E3,Y,N
09/25/2017,17:00,16003.6602,2303.0251,2691.4683,1388.0995,19455.2188,9429.416,4782.5938,1500.0192,57553.5009,A3,N,N
09/25/2017,17:00,15945.5098,2273.749,2610.5815,1379.0468,18870.1172,9429.4121,4827.3091,1553.8566,56889.5821,A6,N,N
09/25/2017,17:00,16559.4004,2178.5701,2499.6499,1427.1801,19548.0996,9698.2002,5051.6099,1509.3,58472.0102,E,N,N
09/25/2017,17:00,15573.7002,2256.95,2703.52,1375.21,19776.1992,9767.3398,4923.4302,1536.75,57913.0994,E1,N,N
09/25/2017,17:00,16937.1992,2164,2436.21,1227.5601,19783.0996,9811.7197,5083.5,1563.13,59006.4186,E2,N,N
09/25/2017,17:00,16541.8008,2275.6899,2501.6599,1407.61,19963.8008,9741.5195,5178.46,1515.38,59125.9209,E3,Y,N
09/25/2017,18:00,15728.2422,2256.907,2661.0027,1359.7623,19099.1914,9405.3818,4719.9819,1496.3164,56726.7857,A3,N,N
09/25/2017,18:00,15932.4541,2285.6545,2573.4644,1349.614,18545.4023,9290.8945,4748.1807,1523.9282,56249.5927,A6,N,N
09/25/2017,18:00,16071.5,2139.23,2469.6101,1388.39,19411.8008,9768.3398,4948.8501,1504.63,57702.3508,E,N,N
09/25/2017,18:00,16000,2112.75,2574.45,1320.3101,19187.8008,9662.21,4887.8501,1527.55,57272.921,E1,N,N
09/25/2017,18:00,16490.5996,2139.1001,2416.9199,1291.63,19605.4004,9806.9902,4961.1499,1549.4399,58261.23,E2,N,N
09/25/2017,18:00,16267.7998,2235.6399,2476.6699,1371.84,19819.1992,9857.1201,5072.3301,1508.52,58609.119,E3,Y,N
09/25/2017,19:00,15040.5547,2198.4724,2642.718,1265.4352,18357.0625,9193.5039,4535.8931,1457.8597,54691.4995,A3,N,N
09/25/2017,19:00,15131.6484,2235.7322,2564.2043,1258.642,17995.1953,9221.9395,4540.5425,1485.2162,54433.1204,A6,N,N
09/25/2017,19:00,15555.0996,2090.8899,2459.77,1328.28,18739.6992,9616.0996,4764.8599,1492.4,56047.0982,E,N,N
09/25/2017,19:00,14931.0996,2172.0801,2434.8201,1253.1899,18404.8008,9508.4805,4635.8599,1486.35,54826.6809,E1,N,N
09/25/2017,19:00,15936.7002,2033.04,2381.8401,1208.39,18657.5996,9520.9697,4729.5698,1531.03,55999.1394,E2,N,N
09/25/2017,19:00,15610.5,2183.76,2455.46,1307.86,19099.9004,9705.8398,4881.3799,1498.76,56743.4601,E3,Y,N
09/25/2017,20:00,14864.5137,2129.8423,2589.7361,1202.2959,17758.002,9021.8467,4441.563,1418.5035,53426.3032,A3,N,N
09/25/2017,20:00,15042.1621,2167.8276,2510.615,1191.4956,17511.5059,9133.5176,4419.5654,1437.3699,53414.0591,A6,N,N
09/25/2017,20:00,15375.7998,2031.77,2434.1899,1271.29,17762.0996,9310.7402,4615.3999,1457.3199,54258.6093,E,N,N
09/25/2017,20:00,14993.5,2117.3701,2430.02,1198.0601,18184,9341.9004,4556.8501,1472.1801,54293.8808,E1,N,N
09/25/2017,20:00,15603.7002,1984.25,2357.53,1168.6801,17988.3008,9267.2402,4589.8701,1509.66,54469.2314,E2,N,N
09/25/2017,20:00,15290.4004,2118.45,2429.5,1260.4,18311.8008,9417.46,4708.1699,1460.8199,54997.001,E3,Y,N
09/25/2017,21:00,14821.458,2114.4438,2569.4014,1192.5555,17379.7402,8951.8154,4428.2471,1417.3971,52875.0585,A3,N,N
09/25/2017,21:00,14997.9756,2135.9458,2487.0803,1156.5912,17139.7539,9049.4648,4383.1582,1426.6876,52776.6574,A6,N,N
09/25/2017,21:00,15005.9004,1988.58,2444.29,1227.91,17499.5996,9078.21,4579.7002,1456.84,53281.0302,E,N,N
09/25/2017,21:00,14754,2122.0901,2558.3999,1166.79,17887.4004,9165.04,4578.98,1427.33,53660.0304,E1,N,N
09/25/2017,21:00,15136.7002,1966.01,2345.72,1150.03,17722.3008,9081.7998,4533.96,1504.15,53440.6708,E2,N,N
09/25/2017,21:00,15022.7998,2063.3101,2428.8301,1228.71,17817.6992,9153.8604,4661.7402,1460.67,53837.6198,E3,Y,N
09/25/2017,22:00,14172.0469,1974.8392,2518.2146,1130.5562,16386.2734,8383.3271,4211.5059,1371.0861,50147.8494,A3,N,N
09/25/2017,22:00,14317.0049,1989.2937,2445.7725,1076.8176,16210.2793,8404.6533,4133.6787,1361.7546,49939.2546,A6,N,N
09/25/2017,22:00,14232,1874.52,2396.1899,1155.3101,16634.6992,8514.6396,4343.6499,1396.72,50547.7287,E,N,N
09/25/2017,22:00,14029.7002,1955.85,2290.51,1088.02,16764.9004,8499.8096,4245.9102,1413.38,50288.0804,E1,N,N
09/25/2017,22:00,14304.5,1848.55,2308.4099,1105.98,16716.0996,8554.1396,4271.96,1449.33,50558.9691,E2,N,N
09/25/2017,22:00,14336,1943.03,2371.5,1149.99,16728.5996,8577.0195,4408.8901,1400.26,50915.2892,E3,Y,N
09/25/2017,23:00,13137.7227,1796.0161,2447.3945,1033.7292,14666.3135,7614.5522,3876.3879,1290.2288,45862.3449,A3,N,N
09/25/2017,23:00,13295.8213,1803.5251,2383.1064,964.9095,14661.5684,7754.874,3792.4861,1267.9646,45924.2554,A6,N,N
09/25/2017,23:00,13228.7998,1720.76,2316.6799,1082.3199,15029,7755.71,4025.51,1305.79,46464.5696,E,N,N
09/25/2017,23:00,13107.7998,1792.85,2422.28,1035.71,14881.9004,7722.2598,3930.0801,1320.34,46213.2201,E1,N,N
09/25/2017,23:00,13285.2002,1686.12,2232.8201,965.077,15067,7777.6099,4002.8401,1390.9301,46407.5974,E2,N,N
09/25/2017,23:00,13367,1781.5,2288.27,1067.1,15252.2002,7816.1602,4068.3101,1321.16,46961.7005,E3,Y,N
09/25/2017,24:00,12089.2393,1637.4133,2382.4226,961.3475,13436.1104,6961.7246,3563.5566,1206.0596,42237.8739,A3,N,N
09/25/2017,24:00,12301.7969,1641.4069,2318.2141,916.9222,13447.5732,7084.2061,3473.6748,1184.5558,42368.35,A6,N,N
09/25/2017,24:00,12310,1567.37,2246.0601,1006.06,13659.9004,6981.3398,3698.1899,1221.12,42690.0402,E,N,N
09/25/2017,24:00,12396.7998,1648.4301,2316.5601,962.58,13405.7002,7033.7002,3650.55,1216.83,42631.1504,E1,N,N
09/25/2017,24:00,12276.4004,1536.27,2162.24,952.9,13707,6981.75,3660.9399,1257.21,42534.7103,E2,N,N
09/25/2017,24:00,12419,1628.21,2213.71,985.739,13784.2998,7054.8301,3723.1201,1235.47,43044.379,E3,Y,N
09/26/2017,1:00,11311.6162,1502.7721,2316.1821,909.2961,12472.7861,6412.4067,3336.4246,1134.5389,39396.0228,A3,N,N
09/26/2017,1:00,11557.3789,1513.8915,2274.1868,924.8555,12640.0811,6497.1333,3237.1829,1142.4794,39787.1894,A6,N,N
09/26/2017,1:00,11425,1450.96,2188.54,953.696,12623.7998,6313.6499,3401.5701,1145.8,39503.0158,E,N,N
09/26/2017,1:00,11312.2998,1458.21,2266.5901,897.237,12408.5,6355.3101,3381.4099,1132.66,39212.2169,E1,N,N
09/26/2017,1:00,11490.7998,1426.74,2103.1799,906.625,12622.9004,6387.4502,3403.8899,1180.88,39522.4652,E2,N,N
09/26/2017,1:00,11601.7002,1514.15,2162.74,926.741,12476.5,6395.5098,3420.78,1162.91,39661.031,E3,Y,N
09/26/2017,2:00,10818.1846,1425.8903,2281.063,881.3203,11745.0195,6061.3374,3170.8479,1096.12,37479.783,A3,N,N
09/26/2017,2:00,11092,1447.1859,2239.6465,896.7687,11934.377,6101.2241,3071.1885,1122.5366,37904.9273,A6,N,N
09/26/2017,2:00,10796.0996,1357.84,2151.8799,921.947,11830,5885.3301,3211.1899,1107.83,37262.1165,E,N,N
09/26/2017,2:00,10738.7002,1370.8,2360.26,801.081,11559.2998,5864.5898,3114.51,1076.52,36885.7608,E1,N,N
09/26/2017,2:00,10904.4004,1347.21,2048.8201,836.114,11784.0996,5971.1401,3217.1201,1141.6899,37250.5942,E2,N,N
09/26/2017,2:00,11079.2998,1416.3,2118.8501,882.916,11645.7002,5965.21,3229.74,1125.62,37463.6361,E3,Y,N
09/26/2017,3:00,10579.1328,1371.0898,2260.1619,851.9927,11218.999,5855.4702,3037.6597,1070.2906,36244.7967,A3,N,N
09/26/2017,3:00,10822.0811,1403.4324,2221.179,852.3231,11395.5889,5879.6494,2967.5049,1111.8973,36653.6561,A6,N,N
09/26/2017,3:00,10516.0996,1298.7,2136.25,891.472,11254,5605.4199,3083.47,1070.97,35856.3815,E,N,N
09/26/2017,3:00,10375.5,1328.53,2194.03,808.893,10703.7002,5647.96,2975.48,1045.76,35079.8532,E1,N,N
09/26/2017,3:00,10522.9004,1295.6801,2050.6399,827.692,11272.0996,5597.7202,3072.1101,1106.29,35745.1323,E2,N,N
09/26/2017,3:00,10742.2002,1356.14,2101.5801,854.042,11078.0996,5674.5498,3095.1399,1086.51,35988.2616,E3,Y,N
09/26/2017,4:00,10353.5625,1337.8995,2254.9343,832.9601,10822.8652,5710.356,2965.915,1057.7858,35336.2784,A3,N,N
09/26/2017,4:00,10606.7422,1372.7244,2220.4724,832.2567,11021.4932,5724.3394,2914.2493,1101.16,35793.4376,A6,N,N
09/26/2017,4:00,10282.2002,1262.77,2125.53,876.261,10840.2998,5479.73,2995.73,1042.05,34904.571,E,N,N
09/26/2017,4:00,10202.9004,1322.86,2154.76,808.515,10394.4004,5412.29,2930.3999,1077.64,34303.7657,E1,N,N
09/26/2017,4:00,10345.4004,1255.0601,2041.3,793.457,11023.2998,5641.4102,2985.24,1065.9399,35151.1074,E2,N,N
09/26/2017,4:00,10585.2998,1320.74,2088.0601,838.816,10785,5543.5098,3003.26,1059.29,35223.9757,E3,Y,N
09/26/2017,5:00,10343.3096,1319.8069,2252.5903,826.6757,10804.6338,5668.6499,2915.7236,1051.9103,35183.3001,A3,N,N
09/26/2017,5:00,10538.0605,1350.5391,2229.9963,829.0917,10955.6689,5678.7695,2885.012,1092.4849,35559.6229,A6,N,N
09/26/2017,5:00,10449.5,1270.59,2120.74,877.849,10971.5996,5502.23,2969,1042.67,35204.1786,E,N,N
09/26/2017,5:00,10348.2998,1309.88,2157.8301,750.482,10571.0996,5388.4302,2882.29,955.547,34363.8587,E1,N,N
09/26/2017,5:00,10440.7998,1259.6801,2027.45,804.304,10950.4004,5599.3599,2952.77,1070.3,35105.0642,E2,N,N
09/26/2017,5:00,10674.9004,1324.21,2086.24,849.847,10770,5558.6699,2973.3799,1057.61,35294.8572,E3,Y,N
09/26/2017,6:00,10601.292,1362.2163,2274.5146,833.0892,11222.0449,5889.2593,2981.2776,1071.8524,36235.5463,A3,N,N
09/26/2017,6:00,10865.5537,1393.8634,2263.0325,824.4166,11365.2012,5900.6665,2973.5396,1116.1688,36702.4423,A6,N,N
09/26/2017,6:00,11010.0996,1333.97,2141.6299,909.084,11591.4004,5827.6001,3077.6799,1072.4,36963.8639,E,N,N
09/26/2017,6:00,10832.5,1317.34,2148.6499,830.395,10983.7998,5719.9302,2914.3401,995.22,35742.175,E1,N,N
09/26/2017,6:00,10986.7002,1322.0699,2035.21,823.369,11415.4004,5849.2402,3064.26,1104.89,36601.1397,E2,N,N
09/26/2017,6:00,11197.9004,1389.11,2116.23,885.231,11300.0996,5875.0698,3085.48,1085.49,36934.6108,E3,Y,N
09/26/2017,7:00,11211.6816,1495.1461,2325.7097,888.1302,12181.8438,6338.2998,3213.02,1135.2021,38789.0333,A3,N,N
09/26/2017,7:00,11506.9922,1520.4688,2315.1348,882.1301,12329.2998,6386.2041,3235.5906,1181.4172,39357.2376,A6,N,N
09/26/2017,7:00,11802.5,1489.55,2209.71,987.523,12718.7002,6459.0898,3381.6499,1154.63,40203.3529,E,N,N
09/26/2017,7:00,11534.7002,1484.16,2167.27,867.501,12174.7998,6353.8901,3273.6799,1086.13,38942.131,E1,N,N
09/26/2017,7:00,11810.2002,1497.1,2089.53,926.761,12713.7998,6432.4502,3342.3,1188.34,40000.4812,E2,N,N
09/26/2017,7:00,11980.5996,1547.1,2187.4099,985.569,12517.2002,6487.1299,3389.3401,1170.29,40264.6387,E3,Y,N
09/26/2017,8:00,11442.3174,1531.0422,2350.593,900.5907,12469.6719,6542.5264,3248.0249,1159.8569,39644.6234,A3,N,N
09/26/2017,8:00,11733.4404,1557.9384,2339.2834,904.2244,12654.0879,6592.916,3277.3584,1207.7073,40266.9562,A6,N,N
09/26/2017,8:00,11959.2998,1526.59,2246.5601,1006.27,13163.2002,6681.2202,3427.8201,1194.15,41205.1104,E,N,N
09/26/2017,8:00,12007.2002,1508.05,2185.8999,901.471,12339.2998,6642.6802,3366.21,1252,40202.8111,E1,N,N
09/26/2017,8:00,11907.7002,1526.17,2134.6101,943.3,12959.7998,6707.1099,3405.24,1216.8,40800.73,E2,N,N
09/26/2017,8:00,12150.0996,1589.03,2226.4199,1007.82,12911,6689.29,3442.6699,1214.16,41230.4894,E3,Y,N
09/26/2017,9:00,12027.3359,1589.0712,2342.4622,950.3633,13068.542,6674.7813,3375.2786,1168.7145,41196.549,A3,N,N
09/26/2017,9:00,12187.8643,1616.4072,2331.9355,956.0359,13195.9854,6703.814,3390.4631,1215.8167,41598.3221,A6,N,N
09/26/2017,9:00,12469.7998,1560.09,2207.8,1018.16,13160.2002,6742.1201,3460.5901,1191.41,41810.1702,E,N,N
09/26/2017,9:00,12398.2002,1561.34,2189.1399,951.983,12894.2002,6722.8901,3366.6001,1162.79,41247.1435,E1,N,N
09/26/2017,9:00,12419.2998,1564.27,2124.1101,930.985,13195.5996,6802.8198,3488.1699,1192.52,41717.7742,E2,N,N
09/26/2017,9:00,12477.7998,1635.2,2194.6299,1025,13013.4004,6727.7402,3486.6699,1208.25,41768.6902,E3,Y,N
09/26/2017,10:00,12849.1523,1697.6482,2393.4607,1043.9017,13818.9932,7000.0635,3658.9463,1163.8232,43625.9891,A3,N,N
09/26/2017,10:00,13043.8887,1722.6331,2385.0657,1038.4063,13976.2598,7009.0718,3654.8005,1204.0958,44034.2217,A6,N,N
09/26/2017,10:00,13171.9004,1651.85,2218.6699,1087.09,13724.5996,7051.1099,3708.8601,1187.48,43801.5599,E,N,N
09/26/2017,10:00,13109.7998,1698.53,2274.1299,1017.66,13256.5,6932.7402,3694.3301,1101.36,43085.05,E1,N,N
09/26/2017,10:00,13164,1626.15,2140.53,1013.79,13825.2002,7059.0098,3744.96,1223.98,43797.62,E2,N,N
09/26/2017,10:00,13326.9004,1732.95,2215.52,1091.11,13653.2998,7025.7002,3747.01,1198.65,43991.1404,E3,Y,N
09/26/2017,11:00,13786.5957,1834.119,2454.4216,1125.9601,14692.6318,7466.7866,3906.219,1176.6813,46443.4151,A3,N,N
09/26/2017,11:00,14010.6504,1869.1427,2455.5906,1116.7516,14928.7822,7488.1519,3863.6763,1183.951,46916.6967,A6,N,N
09/26/2017,11:00,14136.5,1784.09,2256.1201,1153.23,14678.2998,7513.46,3996.55,1191.08,46709.3299,E,N,N
09/26/2017,11:00,14058.9004,1840.1899,2233.8,1135.29,14017,7316.1699,3901.29,1056.78,45559.4202,E1,N,N
09/26/2017,11:00,14012.9004,1793.84,2188.9099,1049.33,14929.7002,7530.79,4012.0601,1267.01,46784.5406,E2,N,N
09/26/2017,11:00,14325.7002,1879,2258.26,1151.36,14564.5,7470.0601,4059.22,1199.77,46907.8703,E3,Y,N
09/26/2017,12:00,14440.209,1979.0052,2510.8579,1164.7032,15446.4297,7935.252,4209.7524,1240.8589,48927.0683,A3,N,N
09/26/2017,12:00,14481.9463,1992.4733,2512.1001,1148.0048,15757.0527,8000.4233,4161.0132,1286.691,49339.7047,A6,N,N
09/26/2017,12:00,14934.5,1904.8,2306.26,1205.77,15572.2998,7962.2998,4271.25,1245.67,49402.8496,E,N,N
09/26/2017,12:00,14883.0996,1952.08,2290.77,1218.9,15048,7775.8198,4161.1099,1133.16,48462.9393,E1,N,N
09/26/2017,12:00,14866,1877.46,2228.55,1112.8101,15797.5,7972,4307.5098,1291.2,49453.0299,E2,N,N
09/26/2017,12:00,15196.5,2008.72,2317.98,1202.83,15505.0996,7897.1499,4361.6499,1252.73,49742.6594,E3,Y,N
09/26/2017,13:00,15208.1318,2100.9629,2534.947,1234.5406,16313.5254,8345.3994,4458.1685,1255.9628,51451.6384,A3,N,N
09/26/2017,13:00,15335.5781,2105.0391,2533.9714,1207.587,16552.8848,8331.7666,4435.1611,1298.635,51800.6231,A6,N,N
09/26/2017,13:00,15825.2002,2021.64,2345.53,1265.54,16571.5,8474.5,4529.27,1293.67,52326.8502,E,N,N
09/26/2017,13:00,15542.7002,2060.46,2342.3999,1259.13,16132.7002,8224.6299,4430.2202,1235.83,51228.0704,E1,N,N
09/26/2017,13:00,15727.7998,2006.49,2259.26,1134.95,16765.1992,8445.2998,4574.02,1340.38,52253.3988,E2,N,N
09/26/2017,13:00,15995,2133.6201,2359.22,1243.61,16522.1992,8406.5498,4669.6802,1295.77,52625.6493,E3,Y,N
09/26/2017,14:00,15940.8428,2203.2222,2582.1116,1303.7158,17151.5039,8667.5215,4610.0859,1284.9,53743.9037,A3,N,N
09/26/2017,14:00,15915.9121,2207.7883,2577.4773,1266.623,17256.3262,8561.8662,4595.5542,1338.3214,53719.8687,A6,N,N
09/26/2017,14:00,16543.1992,2113.76,2397.77,1326.53,17457.5996,8956.1396,4749.46,1334.95,54879.4084,E,N,N
09/26/2017,14:00,16345.4004,2189.3899,2544.0601,1299.35,17102.5,8564.3398,4660.6401,1292.23,53997.9103,E1,N,N
09/26/2017,14:00,16495.3008,2087.49,2301.05,1200.27,17624.5996,8817.3701,4809.5,1363.29,54698.8705,E2,N,N
09/26/2017,14:00,16650.5,2233.95,2408.21,1295.1,17457.6992,8878.7598,4927.7798,1332.1899,55184.1887,E3,Y,N
09/26/2017,15:00,16279.3428,2272.4568,2616.6167,1267.6104,17652.7266,8995.1563,4785.4502,1364.7167,55234.0765,A3,N,N
09/26/2017,15:00,16156.0039,2286.7427,2593.822,1274.819,17659.6621,9021.8105,4790.104,1410.8586,55193.8228,A6,N,N
09/26/2017,15:00,16795.6992,2170.6201,2439.6599,1366.92,17949,9310.6104,4884.8599,1399.76,56317.1295,E,N,N
09/26/2017,15:00,16635,2228.25,2659.8701,1289.49,18036.8008,8911.5098,4824.9502,1313.23,55899.1009,E1,N,N
09/26/2017,15:00,16934.1992,2140.28,2344.1299,1255.5601,18786.8008,9173.8799,4964.8398,1427.55,57027.2397,E2,N,N
09/26/2017,15:00,16952.5996,2292.73,2443.1499,1329.14,18202.6992,9235.7402,5094.8901,1404.11,56955.059,E3,Y,N
09/26/2017,16:00,16390.582,2266.1572,2616.6248,1277.1865,18468.207,9103.3955,4801.1567,1366.3019,56289.6116,A3,N,N
09/26/2017,16:00,16547.8789,2299.5698,2564.0293,1291.7301,18172.2148,9072.207,4853.8384,1428.5387,56230.007,A6,N,N
09/26/2017,16:00,16875.9004,2187.3501,2432.71,1390.37,18236.9004,9529.2803,4920.8999,1439.05,57012.4611,E,N,N
09/26/2017,16:00,16217,2257.3501,2504.8201,1334.11,18683.6992,9247.4697,4816.75,1350.4399,56411.639,E1,N,N
09/26/2017,16:00,17223.9004,2125.54,2334.1001,1265.47,18604,9466.8203,5015.8999,1462.15,57497.8807,E2,N,N
09/26/2017,16:00,16984.4004,2304.21,2426.6101,1350.55,18605.6992,9463.9199,5142,1442.73,57720.1196,E3,Y,N
09/26/2017,17:00,16233.0723,2281.1582,2613.9175,1256.8606,17817.0293,9377.2314,4806.8247,1374.3452,55760.4392,A3,N,N
09/26/2017,17:00,16290.6338,2272.8657,2542.4065,1265.8765,17652.7051,9454.4238,4845.9346,1443.1321,55767.9781,A6,N,N
09/26/2017,17:00,16825.6992,2187.9299,2442.9299,1387.6899,18448.5996,9642.6201,4923.7002,1466.33,57325.4988,E,N,N
09/26/2017,17:00,15713.9004,2248.1599,2573.77,1325.2,18378.4004,9682.5303,4841.3101,1403.36,56166.6311,E1,N,N
09/26/2017,17:00,17065.5,2148.54,2369.3201,1238.78,19471.6992,9560.9102,5074.6001,1467.21,58396.5596,E2,N,N
09/26/2017,17:00,16952.5996,2304.54,2434.4099,1347.8101,18838.1992,9594.8701,5167.1099,1470.14,58109.6788,E3,Y,N
09/26/2017,18:00,15995.6465,2233.1831,2589.7893,1235.5819,17609.4941,9277.335,4720.7524,1363.0707,55024.853,A3,N,N
09/26/2017,18:00,16277.6523,2285.3853,2505.6316,1241.7253,17399.375,9197.373,4748.7637,1410.2136,55066.1198,A6,N,N
09/26/2017,18:00,16312.7998,2142.96,2414.8799,1348.88,18089,9685.8896,4802.98,1461.35,56258.7393,E,N,N
09/26/2017,18:00,16073.0996,2113.8,2496.8799,1212.84,17808.4004,9490.29,4743.96,1380.03,55319.2999,E1,N,N
09/26/2017,18:00,16644.8008,2114.74,2325.6201,1239.8101,18646.6992,9558.1299,4892.3301,1450.34,56872.4702,E2,N,N
09/26/2017,18:00,16640.1992,2257.4199,2411.8401,1312.11,18616.0996,9655.3896,5067.8999,1462.36,57423.3183,E3,Y,N
09/26/2017,19:00,15194.6074,2186.0496,2574.5837,1165.5424,17010.668,9037.4199,4581.4009,1350.9786,53101.2505,A3,N,N
09/26/2017,19:00,15463.1875,2236.7437,2496.7234,1167.6339,16936.7246,9117.0342,4562.3594,1384.1285,53364.5352,A6,N,N
09/26/2017,19:00,15715.0996,2095.6599,2417.24,1295.98,17818.1992,9475.8096,4609.5898,1453.13,54880.7081,E,N,N
09/26/2017,19:00,15014,2178.3601,2387.8799,1180.84,17376.3008,9353.8096,4530.3501,1360.71,53382.2505,E1,N,N
09/26/2017,19:00,16005.4004,2003.45,2316.0601,1148.96,17811.0996,9347.1299,4700.8701,1434.62,54767.5901,E2,N,N
09/26/2017,19:00,15946,2207.1899,2395.46,1255.03,17806.9004,9459.2305,4874.25,1452.7,55396.7608,E3,Y,N
09/26/2017,20:00,14953.3867,2119.5044,2529.2339,1112.8156,16486.9863,8856.3457,4483.5259,1313.7316,51855.5301,A3,N,N
09/26/2017,20:00,15194.9355,2166.9431,2446.4854,1103.3274,16609.1445,9021.5449,4451.5615,1340.2186,52334.1609,A6,N,N
09/26/2017,20:00,15668.9004,2039.11,2388.3301,1246.09,17003.1992,9231.4199,4472,1424.87,53473.9196,E,N,N
09/26/2017,20:00,15209,2126,2349.8601,1105.2,17215.5996,9185.75,4438.3999,1332.0601,52961.8697,E1,N,N
09/26/2017,20:00,15676.2002,1963.36,2268.5,1118.08,17352,9079.8096,4554.02,1440.62,53452.5898,E2,N,N
09/26/2017,20:00,15612.7002,2140.6799,2381.78,1221.42,17211.6992,9211.0195,4706.6201,1421.87,53907.7889,E3,Y,N
09/26/2017,21:00,14893.3652,2092.3462,2508.0571,1112.8441,16084.2383,8780.9336,4469.5166,1323.6567,51264.9578,A3,N,N
09/26/2017,21:00,15099.8936,2132.5413,2421.8884,1072.5431,16254.9912,8920.4639,4423.5884,1332.5653,51658.4752,A6,N,N
09/26/2017,21:00,15216.2998,1998.67,2409.52,1217.4,16829.5996,9061.5098,4453.7202,1426.53,52613.2494,E,N,N
09/26/2017,21:00,15080.5996,2115.24,2480.98,1164.88,16989.5,9021.4805,4461.75,1374.16,52688.5901,E1,N,N
09/26/2017,21:00,15234.2002,1937.3,2293.9199,1139.13,17379.8008,8953.3496,4518.8999,1429.73,52886.3304,E2,N,N
09/26/2017,21:00,15340.4004,2081.51,2394.29,1209.74,16976.8008,9023.1104,4662.0098,1428.3101,53116.1715,E3,Y,N
09/26/2017,22:00,14193.793,1962.7469,2460.2092,1059.3807,15191.6689,8217.2217,4221.2236,1280.9399,48587.1839,A3,N,N
09/26/2017,22:00,14382.8486,1984.9297,2380.771,1005.8573,15364.9971,8237.0098,4135.9585,1263.3234,48755.6954,A6,N,N
09/26/2017,22:00,14501.2002,1884.42,2364.9099,1146.74,15958.9004,8530.4297,4233.77,1373.71,49994.0802,E,N,N
09/26/2017,22:00,14432.0996,1956.3,2265.21,1008.52,15921.2998,8338.5801,4101.1401,1299.28,49322.4296,E1,N,N
09/26/2017,22:00,14448.7002,1812.0699,2239.05,1076.9,16041.0996,8367.1299,4259.54,1362.66,49607.1496,E2,N,N
09/26/2017,22:00,14644.2002,1954.25,2353.99,1130.98,16024.7998,8480.3096,4417.7798,1374.6899,50380.9993,E3,Y,N
09/26/2017,23:00,13110.2207,1774.8146,2395.3596,967.9919,13790.8213,7461.4209,3870.3191,1209.7399,44580.688,A3,N,N
09/26/2017,23:00,13337.2207,1798.1926,2321.4395,907.3647,13975.9199,7616.2021,3797.7,1176.3707,44930.4102,A6,N,N
09/26/2017,23:00,13493.7998,1732.92,2286.6201,1082.9,14502.9004,7787.46,3930.4199,1296.05,46113.0702,E,N,N
09/26/2017,23:00,13406.0996,1785.4301,2376.6299,1023.55,14211.7002,7601.0698,3813.8301,1216.54,45434.8497,E1,N,N
09/26/2017,23:00,13436.5996,1654.45,2167.96,930.761,14593.0996,7635.3501,3954.8101,1291.98,45665.0104,E2,N,N
09/26/2017,23:00,13613.7002,1789.4301,2283.23,1048.35,14476.7002,7739.1201,4081.8899,1301.3,46333.7205,E3,Y,N
09/26/2017,24:00,12119.4785,1615.5771,2337.6648,901.4723,12496.252,6780.0479,3556.5256,1137.9601,40944.9783,A3,N,N
09/26/2017,24:00,12327.5586,1635.5909,2261.292,864.0425,12687.4004,6884.6865,3475.7781,1139.9143,41276.2633,A6,N,N
09/26/2017,24:00,12528.2002,1583.16,2221.8999,1019.33,13154.5996,7047.7798,3624.3101,1225.73,42405.0096,E,N,N
09/26/2017,24:00,12525.2002,1639.14,2274.6799,919.05,12616.2002,6889.9399,3553.3501,1117.67,41535.2303,E1,N,N
09/26/2017,24:00,12451.2002,1528.77,2117.77,925.497,13258.4004,6905.27,3639.5,1204.8199,42031.2275,E2,N,N
09/26/2017,24:00,12639.2998,1638.99,2209.3999,966.948,13005.7998,7016.3398,3752.8601,1221.85,42451.4874,E3,Y,N
09/27/2017,1:00,11422.7568,1483.9772,2281.3381,857.3762,11688.9688,6292.9087,3327.7468,1076.2638,38431.3364,A3,N,N
09/27/2017,1:00,11695.166,1520.6315,2225.1179,877.2626,11966.1816,6375.5303,3231.9917,1123.6741,39015.5557,A6,N,N
09/27/2017,1:00,11622.7998,1465.9,2153.74,978.856,12079.0996,6359.6699,3333.3101,1165.4,39158.7754,E,N,N
09/27/2017,1:00,11344.2998,1445.99,2240.8301,842.843,11614.5,6228.2998,3290.6699,1040.55,38047.9826,E1,N,N
09/27/2017,1:00,11668,1435.48,2067.4299,895.876,12155.2998,6318.98,3385.1001,1140.24,39066.4058,E2,N,N
09/27/2017,1:00,11730,1519.49,2147.72,911.28,11682.5,6348.1602,3437.6699,1149.55,38926.3701,E3,Y,N
09/27/2017,2:00,11004.3496,1418.8181,2253.9163,830.4216,11017.1748,5998.2207,3160.6519,1043.4553,36727.0083,A3,N,N
09/27/2017,2:00,11253.5537,1455.0203,2198.4587,850.1815,11312.1504,6056.5864,3066.1604,1096.4396,37288.551,A6,N,N
09/27/2017,2:00,11066.5996,1383.22,2105.3701,950.617,11304.5,5914.8799,3143.1499,1131.4301,36999.7666,E,N,N
09/27/2017,2:00,10825.0996,1358.77,2351,742.519,10804.5996,5746.25,3050.4199,985.646,35864.3041,E1,N,N
09/27/2017,2:00,11080.2998,1366.08,2026.47,842.695,11404.5,5885.1499,3194.6599,1091.62,36891.4746,E2,N,N
09/27/2017,2:00,11179.5,1429.5601,2099.5701,879.041,10944,5907.96,3239.28,1112.3101,36791.2213,E3,Y,N
09/27/2017,3:00,10701.9736,1367.7213,2238.8379,807.7619,10637.627,5780.7002,3044.4099,1020.824,35599.8558,A3,N,N
09/27/2017,3:00,10885.625,1409.9634,2186.7705,811.6434,10888.1914,5786.5239,2967.4297,1072.2433,36008.3906,A6,N,N
09/27/2017,3:00,10657.2998,1327.46,2083.72,920.57,10850.5,5610.5,3012.45,1102.14,35564.6398,E,N,N
09/27/2017,3:00,10355.0996,1331.65,2183.6399,760.782,10210.5996,5521.4702,2887.1101,968.548,34218.8994,E1,N,N
09/27/2017,3:00,10659.2002,1297.75,2019.64,849.547,10833.9004,5555.3799,3058.55,1055.29,35329.2575,E2,N,N
09/27/2017,3:00,10775.5,1372.89,2082.4399,854.843,10424.2998,5605.3501,3098.04,1072.5601,35285.9229,E3,Y,N
09/27/2017,4:00,10570.377,1346.3418,2236.3433,797.9601,10354.8838,5663.8184,2979.95,1010.9999,34960.6743,A3,N,N
09/27/2017,4:00,10762.3486,1380.9513,2190.7405,799.1592,10618.416,5695.1758,2920.7979,1057.455,35425.0443,A6,N,N
09/27/2017,4:00,10421.9004,1291.95,2071.75,899.275,10525.7002,5471.3799,2927.55,1080.61,34690.1155,E,N,N
09/27/2017,4:00,10197.2002,1328.78,2143.1299,797.281,9930.9102,5349.71,2840.8601,969.695,33557.5664,E1,N,N
09/27/2017,4:00,10505.7998,1279.51,2004.83,788.966,10540.9004,5513.9702,2974.24,1045.83,34654.0464,E2,N,N
09/27/2017,4:00,10611,1340.0601,2068.9199,836.146,10249.5996,5475.7998,3010.46,1050.52,34642.5054,E3,Y,N
09/27/2017,5:00,10518.2832,1331.1038,2238.189,796.655,10368.1094,5634.9502,2933.1501,1011.0999,34831.5406,A3,N,N
09/27/2017,5:00,10704.002,1351.8181,2205.3955,799.4821,10606.1172,5655.6123,2895.438,1054.3503,35272.2155,A6,N,N
09/27/2017,5:00,10536.7002,1300.62,2071.6399,898.343,10701.5996,5491.3198,2902.1799,1081.34,34983.7424,E,N,N
09/27/2017,5:00,10217.9004,1316.92,2157.26,745.9,10131.5,5321.1499,2807.0801,905.216,33602.9264,E1,N,N
09/27/2017,5:00,10564.7002,1263.0601,1999.73,808.999,10630.0996,5474.54,2942.1499,998.509,34681.7878,E2,N,N
09/27/2017,5:00,10694.0996,1344.38,2066.8101,852.738,10357.7002,5500.48,2983.49,1047.49,34847.1879,E3,Y,N
09/27/2017,6:00,10849.2725,1377.6302,2262.4514,805.4582,10739.7607,5894.5176,3000.959,1033.0656,35963.1152,A3,N,N
09/27/2017,6:00,11047.3076,1405.6664,2242.0884,795.3851,10984.3398,5938.1875,2985.665,1081.7474,36480.3872,A6,N,N
09/27/2017,6:00,11070.5996,1363.08,2094.1699,929.092,11261.5996,5815.2798,3006.9199,1106.23,36646.9708,E,N,N
09/27/2017,6:00,10779.2002,1318.47,2150.1899,804.29,10425.4004,5704.29,2830.97,938.212,34951.0225,E1,N,N
09/27/2017,6:00,11107.5,1330.16,2013.01,858.978,11180.0996,5731.6602,3042.03,1067.23,36330.6678,E2,N,N
09/27/2017,6:00,11207,1413.73,2090.78,888.519,10982.5,5842.1099,3096.8601,1071.49,36592.989,E3,Y,N
09/27/2017,7:00,11365.4092,1507.2808,2315.1016,861.1014,11714.0537,6337.729,3249.3665,1099.4818,38449.524,A3,N,N
09/27/2017,7:00,11592.3916,1532.0719,2296.7734,853.0237,11937.0527,6407.6538,3259.6921,1150.2252,39028.8844,A6,N,N
09/27/2017,7:00,11865.7998,1519.63,2166.2,1013.84,12431.7002,6460.1001,3310.6399,1194.2,39962.11,E,N,N
09/27/2017,7:00,11509,1477.38,2181.3301,847.221,11730.5996,6290.79,3190.6101,1028.02,38254.9508,E1,N,N
09/27/2017,7:00,11949.2998,1514.55,2079.74,933.717,12367.7998,6369.9199,3325.28,1138.35,39678.6565,E2,N,N
09/27/2017,7:00,11979.2998,1580.11,2167.6001,993.33,12218.5996,6500.6499,3406.95,1162.1801,40008.7195,E3,Y,N
09/27/2017,8:00,11597.6201,1545.3314,2337.4131,866.2416,11960.2178,6502.5054,3275.238,1122.2396,39206.807,A3,N,N
09/27/2017,8:00,11907.2041,1572.1711,2318.9399,869.2332,12202.0391,6498.8984,3287.7673,1177.5134,39833.7665,A6,N,N
09/27/2017,8:00,11921.5996,1543.83,2209.49,1019.84,12827.7002,6680.25,3356.1599,1236,40794.8697,E,N,N
09/27/2017,8:00,11967.2998,1515.33,2173.26,878.172,11845.0996,6560.79,3283.53,1209.17,39432.6514,E1,N,N
09/27/2017,8:00,11975.5996,1524.92,2120.1201,940.634,12673.2002,6590.73,3393.6399,1200.01,40418.8538,E2,N,N
09/27/2017,8:00,12122,1611.24,2213.8501,1005.76,12634.2998,6721,3451.96,1209.36,40969.4699,E3,Y,N
09/27/2017,9:00,12152.7773,1607.3755,2328.0505,915.1002,12520.7832,6620.3081,3395.981,1124.5912,40664.967,A3,N,N
09/27/2017,9:00,12394.4482,1632.6385,2311.187,921.5281,12733.8174,6672.3979,3390.7607,1181.861,41238.6388,A6,N,N
09/27/2017,9:00,12469.2998,1551.22,2173.27,1020,12909.5996,6682.0801,3374.02,1218.77,41398.2595,E,N,N
09/27/2017,9:00,12351.7002,1566.05,2201.5,922.898,12150.9004,6613.52,3295.3799,1127.62,40229.5685,E1,N,N
09/27/2017,9:00,12462.2998,1560.4399,2113.3701,937.273,12715.0996,6660.46,3472.2,1176.74,41097.8824,E2,N,N
09/27/2017,9:00,12412.5996,1632.8199,2181.3401,1011.6,12633.2998,6698.1299,3482.6201,1195.8199,41248.2293,E3,Y,N
09/27/2017,10:00,12885.8477,1696.0518,2374.7844,1001.2424,13161.3711,6939.6606,3664.3235,1118.0704,42841.3519,A3,N,N
09/27/2017,10:00,13148.791,1726.4211,2361.4875,998.6309,13439.5713,6970.2344,3647.9397,1165.7985,43458.8744,A6,N,N
09/27/2017,10:00,13163.5996,1623.46,2186.72,1075.76,13297,6951.3599,3613.23,1209.0699,43120.1994,E,N,N
09/27/2017,10:00,13024.5,1665.49,2269.0701,986.932,12607,6804.4102,3565.3601,1043.24,41966.0024,E1,N,N
09/27/2017,10:00,13179.4004,1605.96,2120.6899,999.17,13405.7002,6922.21,3690.1399,1194.76,43118.0304,E2,N,N
09/27/2017,10:00,13193.2002,1706.37,2201.3899,1066.73,13105.2998,6957.8999,3731.77,1185.35,43148.0098,E3,Y,N
09/27/2017,11:00,13804.2852,1824.525,2432.0293,1073.1257,13850.7432,7358.6201,3930.1011,1126.1647,45399.5943,A3,N,N
09/27/2017,11:00,14096.0684,1871.006,2429.1887,1068.4023,14205.0283,7366.6279,3873.272,1141.767,46051.3606,A6,N,N
09/27/2017,11:00,13945.2998,1730.4,2218.3899,1120.84,14060.5996,7368.9702,3904.8999,1211.75,45561.1494,E,N,N
09/27/2017,11:00,13935.5996,1801.04,2255.5601,1100.6899,13111.2998,7115.73,3790.3301,1001.93,44112.1795,E1,N,N
09/27/2017,11:00,13934.7002,1754.71,2165.3999,1030.9,14192.5996,7263.7998,3970.3899,1230.87,45543.3694,E2,N,N
09/27/2017,11:00,14099.2002,1823.48,2237.45,1111.4301,13861.2002,7364.4502,4044.47,1181.97,45723.6507,E3,Y,N
09/27/2017,12:00,14447.5615,1961.8079,2485.0083,1108.4004,14485.5049,7796.833,4204.9937,1181.5159,47671.6256,A3,N,N
09/27/2017,12:00,14544.7188,1980.6915,2483.0493,1096.3267,14887.2227,7877.6777,4150.0122,1235.1995,48254.8984,A6,N,N
09/27/2017,12:00,14793.7002,1827.6,2254.6799,1163.62,14876.5,7762.3999,4182.8799,1255.01,48116.3899,E,N,N
09/27/2017,12:00,14790.0996,1899.5,2301.98,1169.36,14039.2002,7556.2202,4078.6201,1061.1801,46896.1602,E1,N,N
09/27/2017,12:00,14767.7998,1803.17,2185.4199,1102.83,15054.4004,7733.5298,4264.29,1247.62,48159.0599,E2,N,N
09/27/2017,12:00,14952.0996,1929.0699,2282.47,1151.3199,14668.5,7741.29,4340.1602,1222.65,48287.5596,E3,Y,N
09/27/2017,13:00,15169.4619,2066.4636,2506.3877,1174.4312,15248.0625,8135.8213,4470.353,1189.4115,49960.3927,A3,N,N
09/27/2017,13:00,15388.7695,2102.2588,2502.7219,1151.4822,15628.2461,8098.3779,4433.9766,1271.4152,50577.2482,A6,N,N
09/27/2017,13:00,15693.5996,1928.12,2283.8601,1213.5601,15776.7998,8205.79,4446.8398,1291.23,50839.7994,E,N,N
09/27/2017,13:00,15680.4004,2012.08,2329.5901,1206.98,15105.5,7946.3999,4340.96,1155.9,49777.8104,E1,N,N
09/27/2017,13:00,15586,1893.1801,2207.8301,1108.1899,15959.2002,8046.25,4548.9302,1293.46,50643.0405,E2,N,N
09/27/2017,13:00,15726.2002,2032.83,2318.3799,1192.84,15556.4004,8197.6797,4635.0601,1253.35,50912.7403,E3,Y,N
09/27/2017,14:00,15886.8896,2174.0879,2548.5918,1244.4187,15910.7793,8372.1611,4625.2285,1208.0288,51970.1857,A3,N,N
09/27/2017,14:00,15961.834,2203.6907,2542.5491,1209.0397,16233.9844,8321.2412,4582.4785,1314.4924,52369.31,A6,N,N
09/27/2017,14:00,16423.4004,2009.09,2331.6699,1259.6899,16575.6992,8647.2002,4674.0298,1336.45,53257.2294,E,N,N
09/27/2017,14:00,16308.2998,2143.5801,2536.7,1231.05,15779.2002,8199.0596,4599.5801,1201.29,51998.7598,E1,N,N
09/27/2017,14:00,16364.2002,1993.91,2250.6899,1170.85,16811.9004,8489.0703,4772.77,1301.51,53154.9008,E2,N,N
09/27/2017,14:00,16391.5,2121,2366.8101,1238.09,16350.2002,8640.6699,4885.71,1290.5,53284.4802,E3,Y,N
09/27/2017,15:00,16403.4805,2227.6709,2582.4094,1209.4059,16300.6396,8598.7344,4782.9214,1284.3137,53389.5758,A3,N,N
09/27/2017,15:00,16573.5,2287.0615,2557.9094,1213.0031,16593.6484,8632.9873,4772.0645,1342.5256,53972.6998,A6,N,N
09/27/2017,15:00,16621.5996,2058.3201,2362.8201,1291.72,17000.5,8946.2305,4821.7202,1390.77,54493.6805,E,N,N
09/27/2017,15:00,16521.5996,2171.8101,2630.8601,1209.66,16824.0996,8506.7002,4768.1802,1196.51,53829.4198,E1,N,N
09/27/2017,15:00,16756.4004,2060.6201,2287.97,1218.05,17494.8008,8719.6797,4936.7798,1347.6,54821.9008,E2,N,N
09/27/2017,15:00,16721.6992,2167.1499,2397.3601,1271.05,16980.1992,8960.9502,5034.2798,1349.55,54882.2384,E3,Y,N
09/27/2017,16:00,16120.085,2229.8252,2580.4102,1228.2659,16815.9941,8705.2695,4775.7007,1271.2191,53726.7697,A3,N,N
09/27/2017,16:00,16122.7139,2287.4006,2527.2207,1223.7712,16916.3945,8720.7227,4778.5039,1327.5045,53904.232,A6,N,N
09/27/2017,16:00,16655.8008,2074.5801,2348.8601,1310.25,17269.8008,9155.21,4876.8599,1425.1,55116.4617,E,N,N
09/27/2017,16:00,16030.9004,2226.6299,2525.5601,1260.15,17186.4004,8878.21,4763.5898,1237.24,54108.6806,E1,N,N
09/27/2017,16:00,17024.0996,2051.3999,2274.79,1196.29,17534.8008,9004.0098,5002.02,1387.61,55475.0201,E2,N,N
09/27/2017,16:00,16751.6992,2181.22,2381.45,1298.01,17299.3008,9183.3203,5075.6602,1383.13,55553.7905,E3,Y,N
09/27/2017,17:00,16021.8945,2190.8943,2580.1658,1218.947,16355.0547,8912.5264,4739.8735,1264.5776,53283.9338,A3,N,N
09/27/2017,17:00,16037.7393,2255.1443,2506.8911,1202.3971,16482.6953,9066.1211,4742.5869,1331.0244,53624.5995,A6,N,N
09/27/2017,17:00,16534.6992,2082.8601,2347.98,1307.1801,17402.8008,9312.1797,4901.4302,1441.64,55330.7701,E,N,N
09/27/2017,17:00,15575.0996,2156.6399,2580.28,1285.49,16988.3008,9289.3604,4791.3901,1242.53,53909.0908,E1,N,N
09/27/2017,17:00,16890.1992,2084.8799,2300.5701,1198.8,17810.5,9194.54,5029.1299,1383.8,55892.4191,E2,N,N
09/27/2017,17:00,16691.5996,2190.9299,2379.29,1299.09,17540.8008,9359.4502,5074.52,1405.64,55941.3205,E3,Y,N
09/27/2017,18:00,15787.8242,2172.4563,2567.0449,1199.078,16119.6016,8992.7881,4657.8647,1253.2343,52749.8921,A3,N,N
09/27/2017,18:00,16002.2764,2265.3335,2478.1013,1175.1434,16224.1123,8965.9775,4655.3242,1299.0198,53065.2884,A6,N,N
09/27/2017,18:00,16155.4004,2048.6699,2320.1699,1266.96,16844.9004,9404.3701,4796.21,1429.3,54265.9807,E,N,N
09/27/2017,18:00,15892.4004,2066.48,2501.6299,1161.4399,16391,9311.0098,4694.4302,1248.83,53267.2202,E1,N,N
09/27/2017,18:00,16467.6992,2009.4,2276.6101,1205.1801,17164.5996,9139.5801,4857.7998,1371.29,54492.1589,E2,N,N
09/27/2017,18:00,16369.2998,2155.2,2360.76,1268.66,17349.5996,9449.9805,4939.7002,1393.26,55286.4601,E3,Y,N
09/27/2017,19:00,15110.0576,2129.0876,2557.3208,1122.29,15636.2168,8774.1875,4480.7598,1239.0208,51048.9409,A3,N,N
09/27/2017,19:00,15358.5801,2218.1021,2474.8147,1097.8663,15806.0811,8865.0576,4438.6284,1270.2119,51529.3422,A6,N,N
09/27/2017,19:00,15538.5996,2017.98,2324.3701,1211.74,16504.3008,9297.1104,4608,1414.2,52916.3009,E,N,N
09/27/2017,19:00,14810.7998,2125.9099,2406.1101,1097.02,16279.5996,9079.1104,4477.6602,1255.76,51531.97,E1,N,N
09/27/2017,19:00,15802.7998,1938.1801,2251.54,1129.39,16654.8008,8992.3496,4661.73,1337.3,52768.0903,E2,N,N
09/27/2017,19:00,15744.7998,2128.3301,2359.74,1215.71,16683.1992,9300.0898,4741.1099,1377.5699,53550.5487,E3,Y,N
09/27/2017,20:00,14886.2754,2064.1475,2515.3926,1073.4248,15254.3359,8610.1445,4381.4307,1220.8422,50005.9936,A3,N,N
09/27/2017,20:00,15127.2666,2149.3254,2428.8438,1043.967,15547.0117,8782.0254,4323.6104,1233.5541,50635.6044,A6,N,N
09/27/2017,20:00,15487,1973.77,2294.1201,1172.5699,16229.5,9100.0303,4460.2598,1388.08,52105.3301,E,N,N
09/27/2017,20:00,15087.7002,2078.3601,2365.4199,1062.37,16047.9004,8919.1504,4436.46,1218.3199,51215.6809,E1,N,N
09/27/2017,20:00,15428.7998,1902.22,2207.21,1100.54,16536.3008,8803.7695,4515.3701,1353.9301,51848.1403,E2,N,N
09/27/2017,20:00,15458,2074.8899,2335.52,1181.35,16159.2998,9094.1602,4581.21,1345.89,52230.3199,E3,Y,N
09/27/2017,21:00,14922.2822,2036.2269,2501.6438,1071.2495,14885.585,8544.5996,4364.4443,1237.8627,49563.894,A3,N,N
09/27/2017,21:00,15227.3057,2117.2048,2410.9658,1020.1216,15212.1514,8692.5635,4288.9263,1230.1791,50199.4182,A6,N,N
09/27/2017,21:00,15127,1941.8199,2321.29,1159.49,16061.2002,9000.5,4441.2998,1399.9,51452.4999,E,N,N
09/27/2017,21:00,14940.0996,2068.45,2488.8301,1129.85,15931.4004,8793.0801,4499.23,1252.86,51103.8002,E1,N,N
09/27/2017,21:00,15105.7998,1883,2247.6399,1106.7,16359.2998,8783.9297,4490.96,1383.6801,51361.0093,E2,N,N
09/27/2017,21:00,15247.4004,2023.4399,2346.7,1169.91,15985.5996,8983,4560.7998,1359.77,51676.6197,E3,Y,N
09/27/2017,22:00,14247.0996,1907.9089,2456.9993,1022.8387,14047.7461,7998.9712,4131.1016,1204.547,47017.2124,A3,N,N
09/27/2017,22:00,14570.2461,1971.988,2374.4548,958.678,14319.5186,8030.1455,4025.4531,1211.4629,47461.947,A6,N,N
09/27/2017,22:00,14465.5,1832.98,2283.54,1104.38,14987.0996,8508.3799,4222.0801,1346.6,48750.5596,E,N,N
09/27/2017,22:00,14300.7998,1912.42,2245.72,963.874,14596.7002,8132.5801,4201.3501,1211.91,47565.3542,E1,N,N
09/27/2017,22:00,14450.2002,1762.4301,2204.5701,1104.75,15039.5996,8224.6504,4245.48,1304.54,48336.2204,E2,N,N
09/27/2017,22:00,14572.5,1903.6899,2307.3701,1102.42,15128.9004,8463.1299,4322.23,1306.03,49106.2703,E3,Y,N
09/27/2017,23:00,13159.1797,1723.03,2389.6135,933.2819,12781.4316,7224.2085,3784.1702,1143.7753,43138.6907,A3,N,N
09/27/2017,23:00,13399.6182,1784.5305,2315.1301,863.7305,13013.875,7336.6768,3669.9114,1154.5205,43537.993,A6,N,N
09/27/2017,23:00,13460.5,1698.48,2215.8501,1043.0601,13903.2998,7830.98,3934.6101,1281.12,45367.9001,E,N,N
09/27/2017,23:00,13362.5996,1745.96,2362.3799,1078.72,13259,7325.2202,3834.4299,1125.59,44093.8996,E1,N,N
09/27/2017,23:00,13443,1611.4301,2128.4199,971.12,13842.2002,7466.4502,3935.3999,1215.96,44613.9803,E2,N,N
09/27/2017,23:00,13615.2998,1755.46,2234.71,1018.65,13772,7751.1001,4007.3301,1244.73,45399.28,E3,Y,N
09/27/2017,24:00,12178.8613,1567.2853,2331.8345,872.4109,11629.3916,6591.083,3495.8093,1079.1808,39745.8567,A3,N,N
09/27/2017,24:00,12499.3809,1624.1892,2255.345,826.7573,11855.1299,6706.1318,3375.1931,1091.735,40233.8622,A6,N,N
09/27/2017,24:00,12550.2002,1557.48,2162.23,976.997,12473.0996,7098.8501,3609.25,1211.89,41639.9969,E,N,N
09/27/2017,24:00,12512,1596.52,2268.0701,938.314,11749.7998,6659.3101,3549.5601,1031.6,40305.1741,E1,N,N
09/27/2017,24:00,12453,1498.16,2089.5901,918.287,12476.7998,6822.7402,3603.74,1142.4301,41004.7472,E2,N,N
09/27/2017,24:00,12654.7998,1616.61,2164.46,943.075,12408.4004,7005.8101,3668.25,1168.83,41630.2353,E3,Y,N
09/28/2017,1:00,11407.4795,1437.3033,2273.0671,829.0091,10919.915,6100.46,3260.8186,1024.1541,37252.2067,A3,N,N
09/28/2017,1:00,11757.1553,1505.6881,2217.0171,842.0564,11232.0605,6202.627,3149.2751,1070.6603,37976.5398,A6,N,N
09/28/2017,1:00,11694.4004,1447.02,2111.1699,930.047,11439.4004,6460.9199,3296.4099,1156.97,38536.3375,E,N,N
09/28/2017,1:00,11324.7998,1401.62,2227.6299,827.036,10779.7998,5986.7598,3269.1201,963.04,36779.8054,E1,N,N
09/28/2017,1:00,11661.0996,1412.49,2039.8101,882.763,11459,6317.8301,3330.24,1088.52,38191.7528,E2,N,N
09/28/2017,1:00,11758.5,1507.95,2112.78,889.821,11168.7002,6342.3398,3347.8101,1108.63,38236.5311,E3,Y,N
09/28/2017,2:00,10976.8809,1372.8687,2241.9756,805.3021,10306.7598,5812.3955,3102.584,997.9582,35616.7248,A3,N,N
09/28/2017,2:00,11293.8574,1439.5203,2186.4775,817.9506,10638.6943,5887.6079,3007.3484,1051.1841,36322.6405,A6,N,N
09/28/2017,2:00,11250.5996,1362.92,2070.74,900.01,10694.2998,6064.5498,3098.3701,1123.9301,36565.4194,E,N,N
09/28/2017,2:00,10797.4004,1302.83,2328.4299,714.322,10016.5996,5456.7598,2998.27,923.962,34538.5737,E1,N,N
09/28/2017,2:00,11090.5,1355.09,1995.08,837.177,10754.7002,5964.3198,3136.71,1047.42,36180.997,E2,N,N
09/28/2017,2:00,11208.5,1414.52,2065.0701,857.097,10415,5929.1099,3154.1001,1076.5699,36119.967,E3,Y,N
09/28/2017,3:00,10746.9248,1332.3879,2225.8379,781.665,9988.2773,5659.376,2987.2764,980.5858,34702.3311,A3,N,N
09/28/2017,3:00,11025.2637,1396.5093,2172.4497,778.8,10275.9619,5687.457,2919.6064,1031.0913,35287.1393,A6,N,N
09/28/2017,3:00,10679.9004,1304.04,2058.6899,858.417,10272.5,5820.2998,2963.1201,1093.89,35050.8572,E,N,N
09/28/2017,3:00,10266.5,1305.23,2159.1101,730.435,9601.9902,5326.1499,2851.2,900.29,33140.9052,E1,N,N
09/28/2017,3:00,10665.9004,1342.75,1985.97,865.373,10282.2998,5733.4702,2999.3701,992.316,34867.4495,E2,N,N
09/28/2017,3:00,10814.4004,1359.73,2047.53,830.182,9874.3301,5659.2002,3017.24,1044.48,34647.0927,E3,Y,N
09/28/2017,4:00,10630.377,1313.8829,2222.981,769.1608,9741.9639,5568.3174,2937.71,973.7279,34158.1209,A3,N,N
09/28/2017,4:00,10925.3408,1368.8473,2174.9045,765.5797,10028.9736,5592.1514,2877.6113,1021.3216,34754.7302,A6,N,N
09/28/2017,4:00,10431.7998,1285.38,2047.4,838.006,9946.9297,5724.6401,2885.51,1069.36,34229.0256,E,N,N
09/28/2017,4:00,10153.5996,1293.23,2118.5901,780.154,9264.5303,5208.6099,2805.3301,885.743,32509.787,E1,N,N
09/28/2017,4:00,10540.2002,1316.8101,1965.71,793.929,9987.5303,5633.8398,2934.1201,1001.13,34173.2695,E2,N,N
09/28/2017,4:00,10645,1340.85,2035.03,814.928,9654.8604,5551.8501,2940.4299,1022.74,34005.6884,E3,Y,N
09/28/2017,5:00,10652.627,1302.553,2224.8442,767.0462,9781.0049,5576.7671,2898.1594,973.3187,34176.3205,A3,N,N
09/28/2017,5:00,10886.998,1348.8567,2188.5239,766.7165,10022.7998,5567.9541,2853.3362,1021.8381,34657.0233,A6,N,N
09/28/2017,5:00,10564.7998,1308.8,2046.8199,840.476,10098.2002,5775.25,2864.8999,1067.01,34566.2558,E,N,N
09/28/2017,5:00,10160.7998,1294.03,2133.5701,736.864,9536.3203,5201.6401,2777.3999,836.574,32677.1982,E1,N,N
09/28/2017,5:00,10604.9004,1258.12,1965.8,822.099,10136.5,5650.8198,2913.24,995.553,34347.0322,E2,N,N
09/28/2017,5:00,10727.5,1357.84,2033.6899,831.886,9763.5996,5587.7002,2919.8101,1017.68,34239.7058,E3,Y,N
09/28/2017,6:00,10941.2998,1351.1819,2247.6719,777.4947,10251.5059,5816.4272,2969.2708,996.0865,35350.9387,A3,N,N
09/28/2017,6:00,11243.502,1402.6068,2222.7705,764.891,10469.2725,5804.064,2943.8132,1051.9647,35902.8847,A6,N,N
09/28/2017,6:00,11114.2002,1380.37,2073.3301,873.032,10596.0996,6150.46,2974.5801,1095.91,36257.982,E,N,N
09/28/2017,6:00,10656.5996,1300.16,2132.3999,777.54,9907.2598,5552.23,2825.9099,876.359,34028.4582,E1,N,N
09/28/2017,6:00,11156.2998,1354.58,1964.58,835.516,10572.2998,5905.6201,3014.5801,1010.82,35814.2958,E2,N,N
09/28/2017,6:00,11243,1427.47,2061.25,868.216,10385,5936.7998,3037.21,1044.9399,36003.8857,E3,Y,N
09/28/2017,7:00,11321.1357,1484.9023,2300.0571,830.85,11206.8174,6334.938,3204.1785,1059.6743,37742.5533,A3,N,N
09/28/2017,7:00,11684.8516,1526.3535,2275.4241,821.9891,11389.1494,6367.1919,3201.03,1122.2316,38388.2212,A6,N,N
09/28/2017,7:00,11868.7002,1557.38,2151.3799,960.973,11938,6839.6299,3290.96,1185.59,39792.613,E,N,N
09/28/2017,7:00,11329.4004,1446.21,2159.9299,830.574,11256.2002,6297.48,3167.79,992.407,37479.9915,E1,N,N
09/28/2017,7:00,12060.4004,1535.4399,2039.46,946.976,11815.2002,6578.54,3299.45,1084.34,39359.8065,E2,N,N
09/28/2017,7:00,12020.7998,1608.0601,2141.5601,961.995,11683.0996,6602.96,3358.8899,1134.2,39511.5645,E3,Y,N
09/28/2017,8:00,11788.3945,1528.3446,2326.4871,838.0827,11422.0078,6377.5146,3212.7488,1079.4219,38573.002,A3,N,N
09/28/2017,8:00,12090.4463,1566.7062,2299.3442,840.1191,11589.2148,6326.3955,3244.1238,1150.562,39106.9119,A6,N,N
09/28/2017,8:00,11861.7998,1586.58,2198.3501,969.817,12232.4004,7059.0298,3334.74,1224.0601,40466.7772,E,N,N
09/28/2017,8:00,11837.5,1502.1,2172.48,857.205,11308,6346.6602,3243.6201,1067.85,38335.4153,E1,N,N
09/28/2017,8:00,12127.2998,1532.03,2090.1201,923.533,12163.5996,6779.7998,3368.77,1142.3199,40127.4722,E2,N,N
09/28/2017,8:00,12162.2002,1631.15,2192.22,975.494,12063.5,6818.1401,3408.3,1177.76,40428.7643,E3,Y,N
09/28/2017,9:00,12345.0938,1581.2117,2317.2395,882.4963,11885.7852,6505.9971,3329.4756,1092.3383,39939.6375,A3,N,N
09/28/2017,9:00,12605.2705,1627.0978,2292.2803,888.3359,12064.9023,6536.1475,3338.751,1157.3143,40510.0996,A6,N,N
09/28/2017,9:00,12390,1615.2,2164.99,957.311,12292.2998,7058.52,3330.6399,1213.34,41022.3007,E,N,N
09/28/2017,9:00,12127.2002,1534.73,2180.4099,893.245,11470.7998,6410.6299,3220.99,1045.89,38883.8948,E1,N,N
09/28/2017,9:00,12423.5,1608.37,2091.1001,929.873,12250.7002,6818.8901,3424.95,1140.14,40687.5234,E2,N,N
09/28/2017,9:00,12374.9004,1659.5,2164.22,973.898,11967.4004,6811,3402.99,1174.1,40528.0088,E3,Y,N
09/28/2017,10:00,12888.6816,1667.7681,2365.0022,962.6917,12451.9746,6822.5898,3589.8909,1085.0894,41833.6883,A3,N,N
09/28/2017,10:00,13259.3164,1707.8872,2344.26,960.4963,12725.9541,6839.7505,3583.939,1140.0458,42561.6493,A6,N,N
09/28/2017,10:00,12953.5996,1683.6,2178.55,1003.37,12685.5996,7309.0801,3555,1205.79,42574.5893,E,N,N
09/28/2017,10:00,12656.2002,1621.41,2254.03,960.317,11930.9004,6595.6299,3488.4399,1002.68,40509.6074,E1,N,N
09/28/2017,10:00,13077.4004,1699.66,2098.1799,983.099,12793.4004,7035.0898,3616.5,1135.34,42438.6695,E2,N,N
09/28/2017,10:00,13068.5,1716.66,2185.1499,1015.94,12311.9004,7047.1299,3614.29,1170.8199,42130.3901,E3,Y,N
09/28/2017,11:00,13740.1064,1779.8157,2422.0776,1032.3849,13146.2422,7201.6777,3788.0403,1092.3258,44202.6706,A3,N,N
09/28/2017,11:00,14178.6943,1837.9161,2412.9226,1028.8303,13510.6924,7219.4141,3759.3115,1110.6508,45058.4321,A6,N,N
09/28/2017,11:00,13723.7998,1774.74,2206.75,1049.05,13317.2998,7693.5498,3833.2,1202.85,44801.2394,E,N,N
09/28/2017,11:00,13690.7998,1729.05,2212.46,1064.77,12306.7002,6807.0298,3661.72,967.619,42440.1488,E1,N,N
09/28/2017,11:00,13778.5,1739.53,2134.79,1024.49,13454.2998,7307.0601,3840.5701,1174.13,44453.37,E2,N,N
09/28/2017,11:00,13865.7998,1819.1899,2218.22,1055.9,12874.5,7400.7798,3891.9199,1166.35,44292.6594,E3,Y,N
09/28/2017,12:00,14325.8516,1894.9954,2474.3818,1064.8315,13667.9385,7537.8818,4036.2327,1145.6721,46147.7854,A3,N,N
09/28/2017,12:00,14605.2402,1942.213,2467.3411,1053.8871,14139.5195,7585.1099,4007.9983,1196.7522,46998.0613,A6,N,N
09/28/2017,12:00,14218.9004,1839.45,2238.3301,1092.1899,13916.5996,8053.2798,4088.96,1231.92,46679.6298,E,N,N
09/28/2017,12:00,14421,1806.6899,2263.4099,1120.04,13117.2998,7122,3986.6799,1031.33,44868.4495,E1,N,N
09/28/2017,12:00,14492.9004,1806.29,2157.29,1072.38,14050.2998,7646.6401,4100.3999,1182.71,46508.9102,E2,N,N
09/28/2017,12:00,14677.2002,1887.29,2256.75,1087.15,13538.7002,7721.4302,4150.0498,1195.38,46513.9504,E3,Y,N
09/28/2017,13:00,14972.2031,1985.8055,2497.6689,1127.8888,14209.8545,7788.3989,4253.7295,1149.3312,47984.8804,A3,N,N
09/28/2017,13:00,15254.3301,2043.3429,2489.3093,1104.9423,14677.2598,7750.2524,4203.7334,1225.1078,48748.278,A6,N,N
09/28/2017,13:00,15290.5996,1945.49,2263.1599,1134.71,14487.9004,8420.6699,4344.9399,1259.39,49146.8597,E,N,N
09/28/2017,13:00,15291.5,1911.8199,2307.1101,1154.58,14074,7474.9199,4265.3799,1112.34,47591.6498,E1,N,N
09/28/2017,13:00,15218.0996,1859.76,2177.1399,1066.36,14578.2002,8056.79,4369.3301,1194.3199,48519.9997,E2,N,N
09/28/2017,13:00,15361.5,1986.1801,2289.77,1114.75,14224.2998,8065,4419.1899,1220.78,48681.4698,E3,Y,N
09/28/2017,14:00,15728.2998,2066.8003,2542.3635,1194.6248,14621.1406,7978.7993,4353.1885,1162.0984,49647.3152,A3,N,N
09/28/2017,14:00,16105.707,2129.7788,2532.3191,1156.6224,15004.9941,7895.5938,4285.5952,1258.8274,50369.4378,A6,N,N
09/28/2017,14:00,16036.2002,2007.01,2303.78,1177.77,15150.5996,8742.6904,4560.3999,1310.15,51288.6001,E,N,N
09/28/2017,14:00,15989,2025.22,2509.6399,1157.76,14303.5,7769.3198,4488.2598,1145.38,49388.0795,E1,N,N
09/28/2017,14:00,15647.7002,1951.4,2219.8301,1131.13,15290.2998,8169.5898,4572.4199,1231.42,50213.7898,E2,N,N
09/28/2017,14:00,16008.4004,2046.83,2334.3999,1144.83,14934.4004,8387.0098,4645.29,1259.6801,50760.8406,E3,Y,N
09/28/2017,15:00,15688.6455,2107.6221,2577.1406,1162.7953,14859.2871,8176.9697,4520.125,1239.6532,50332.2385,A3,N,N
09/28/2017,15:00,15672.1641,2192.0679,2549.9355,1159.0879,15185.1885,8191.3647,4464.5234,1315.6981,50730.0301,A6,N,N
09/28/2017,15:00,16413.4004,2024.3199,2329.1899,1208.38,15661.5996,8922.9004,4693.4199,1362.28,52615.4901,E,N,N
09/28/2017,15:00,15943.7998,2006.71,2604.5801,1137.42,15392.5,7967.1201,4679.46,1133.71,50865.3,E1,N,N
09/28/2017,15:00,16118.2002,1932.33,2255.3999,1174.26,15767.4004,8374.5098,4701.9399,1257.99,51582.0302,E2,N,N
09/28/2017,15:00,16359.2002,2060.76,2361.3,1170.0601,15522.5,8582.3604,4771.2598,1318.63,52146.0705,E3,Y,N
09/28/2017,16:00,15753.3809,2096.1699,2574.2583,1172.5365,15311.8398,8169.4834,4427.9941,1226.1331,50731.796,A3,N,N
09/28/2017,16:00,15490.375,2161.6357,2520.3765,1161.1155,15478.4863,8131.4287,4433.9858,1315.8102,50693.2137,A6,N,N
09/28/2017,16:00,16361.7998,1995.52,2312.0701,1224.61,15932,8956.0303,4735.6802,1395.84,52913.5504,E,N,N
09/28/2017,16:00,15782.5996,2002.15,2466.79,1154.61,15733,8275.7998,4632.0498,1119.75,51166.7492,E1,N,N
09/28/2017,16:00,16306.5996,1924.15,2251.4299,1148.4,15979.2002,8525.9502,4747.7998,1300.73,52184.2597,E2,N,N
09/28/2017,16:00,16430.5,2038.0601,2345.29,1191.54,15864.9004,8645.0801,4804.3799,1352.5699,52672.3204,E3,Y,N
09/28/2017,17:00,15385.1992,2052.208,2583.0518,1164.0803,14871.4072,8305.4775,4380.4189,1224.3831,49966.226,A3,N,N
09/28/2017,17:00,15201.1279,2149.8032,2505.9575,1140.6965,15044.5107,8381.1328,4369.2485,1309.4902,50101.9673,A6,N,N
09/28/2017,17:00,16323.2002,1955.79,2309.22,1226.42,16053.5996,8901.9805,4750.29,1414.1801,52934.6804,E,N,N
09/28/2017,17:00,15420.7998,2021.52,2552.71,1237.49,15348.5,8716.46,4673.27,1152.3101,51123.0599,E1,N,N
09/28/2017,17:00,16263,1895.96,2272.3301,1155.75,16236.2002,8442.3799,4762.6201,1323.1801,52351.4204,E2,N,N
09/28/2017,17:00,16419.4004,1992.26,2343.4299,1195.84,16128.7002,8654.5898,4800.98,1375.74,52910.9403,E3,Y,N
09/28/2017,18:00,15090.8555,2027.9381,2558.3933,1145.8539,14656.5352,8218.1465,4325.77,1209.8004,49233.2929,A3,N,N
09/28/2017,18:00,15101.7588,2156.4028,2471.0107,1114.5398,14801.8389,8138.1177,4282.6406,1269.5697,49335.879,A6,N,N
09/28/2017,18:00,15963.0996,1861.48,2284.95,1188.59,15770.5,8775.0898,4627.9702,1398.38,51870.0596,E,N,N
09/28/2017,18:00,16002.5,1941.54,2466.99,1094.34,14730.4004,8446.5596,4547.23,1160.37,50389.93,E1,N,N
09/28/2017,18:00,15858.5,1871.29,2233.3601,1141.74,15818,8413.9004,4596.2402,1286.91,51219.9407,E2,N,N
09/28/2017,18:00,16186.9004,1897.97,2325.71,1169.87,15988.5,8582.7695,4661.5698,1361.61,52174.8997,E3,Y,N
09/28/2017,19:00,14468.748,1995.0079,2549.5376,1072.6876,14369.9473,7997.6919,4166.875,1181.4576,47801.9529,A3,N,N
09/28/2017,19:00,14441.4717,2108.1768,2467.5398,1040.8809,14582.4756,8051.5273,4067.6404,1232.074,47991.7865,A6,N,N
09/28/2017,19:00,15547.5996,1799.4399,2282.8899,1143.08,15417.7002,8541.4004,4423.27,1382.8101,50538.1901,E,N,N
09/28/2017,19:00,14847.2002,2005.1899,2359.22,1034.05,15009.7002,8310.1201,4386.7998,1153.75,49106.0302,E1,N,N
09/28/2017,19:00,15256.5996,1738.16,2211.77,1096.11,15391,8238.5195,4406.3398,1240.2,49578.6989,E2,N,N
09/28/2017,19:00,15765.2998,1853.22,2310.1201,1125.74,15451.7002,8391.3896,4465.1299,1347.01,50709.6096,E3,Y,N
09/28/2017,20:00,14244.9395,1946.833,2504.5991,1027.8674,14065.377,7798.686,4116.29,1157.11,46861.702,A3,N,N
09/28/2017,20:00,14382.749,2055.8315,2419.4011,991.5528,14411.1436,7877.1973,3980.9712,1193.0577,47311.9042,A6,N,N
09/28/2017,20:00,15451.7998,1767.21,2270.29,1119.47,15110.5,8322.9102,4301.96,1358.8101,49702.9501,E,N,N
09/28/2017,20:00,15187,1993.3101,2325.03,1028.46,14642.7002,8092.23,4324.1899,1118.15,48711.0702,E1,N,N
09/28/2017,20:00,14855.2998,1722.3101,2154.6201,1081.35,15242.2998,7940.4199,4299.25,1256.47,48552.0197,E2,N,N
09/28/2017,20:00,15571.5,1813.1,2304.1899,1106.46,15057.7002,8221.4102,4334.96,1322.11,49731.4303,E3,Y,N
09/28/2017,21:00,14250.6846,1919.422,2486.9524,1031.8518,13724.0049,7685.0469,4123.7402,1180.507,46402.2098,A3,N,N
09/28/2017,21:00,14515.5195,2024.9816,2397.9844,972.916,14062.8838,7761.208,3946.822,1199.4702,46881.7855,A6,N,N
09/28/2017,21:00,15200.7002,1754.12,2300.1201,1118.65,14896.4004,8231.5996,4306.3701,1381.62,49189.5804,E,N,N
09/28/2017,21:00,15420.4004,1988.79,2468.5,1073.11,14711.5996,8020.5898,4365.73,1164.16,49212.8798,E1,N,N
09/28/2017,21:00,14784.5,1713.8199,2209.98,1074.85,14920.4004,7843.7998,4290.1099,1322.9399,48160.3999,E2,N,N
09/28/2017,21:00,15478.2002,1778.27,2322.8501,1106.59,14974.7998,8145.0698,4337.5298,1347.04,49490.3497,E3,Y,N
09/28/2017,22:00,13607.834,1782.6644,2444.2869,984.777,13047.2783,7255.853,3901.9795,1156.8308,44181.5039,A3,N,N
09/28/2017,22:00,13897.2227,1883.6873,2360.991,913.8727,13287.4082,7324.0308,3726.134,1157.0215,44550.3682,A6,N,N
09/28/2017,22:00,14607.2998,1658.72,2269.46,1064.36,14128.7998,7789.9902,4101.3101,1338.5699,46958.5098,E,N,N
09/28/2017,22:00,14663.2002,1816.91,2268.1899,922.348,13608.4004,7458.7402,4074.9399,1135.26,45947.9886,E1,N,N
09/28/2017,22:00,14180.4004,1655.99,2170.1101,1063.9,14182.7002,7311.8198,4059.1101,1258.97,45883.0006,E2,N,N
09/28/2017,22:00,14845.5,1680.99,2287.3601,1045.39,14111.5,7689.1699,4116.75,1296.84,47073.5,E3,Y,N
09/28/2017,23:00,12597.3975,1615.1782,2377.1333,902.5067,11824.6104,6620.9507,3584.1838,1103.3846,40625.3452,A3,N,N
09/28/2017,23:00,12944.4316,1706.2614,2300.3652,824.7208,12010.3379,6709.7983,3444.9688,1097.5874,41038.4714,A6,N,N
09/28/2017,23:00,13553.4004,1517.01,2202.5901,999.026,12904.5996,7131.5298,3820.5801,1265.41,43394.146,E,N,N
09/28/2017,23:00,13922.5996,1681.1801,2363.3601,1056.76,12183.7998,6765.9702,3705.6101,1050.91,42730.1899,E1,N,N
09/28/2017,23:00,13174.5996,1532.4301,2109.74,970.879,12892.0996,6708.6099,3766.27,1169.95,42324.5782,E2,N,N
09/28/2017,23:00,13921,1542.15,2219.1201,969.738,12840.7002,7038.1899,3820.8401,1236.28,43588.0183,E3,Y,N
09/28/2017,24:00,11656.9404,1456.8656,2318.2676,843.484,10919.1914,6104.5718,3306.4502,1047.5067,37653.2777,A3,N,N
09/28/2017,24:00,12130.2051,1543.83,2238.4111,790.6089,11049.6719,6206.354,3185.2788,1048.5438,38192.9036,A6,N,N
09/28/2017,24:00,12793.5,1370.6899,2144.6599,922.9,11637,6418.3599,3497.46,1181.1801,39965.7498,E,N,N
09/28/2017,24:00,13143.9004,1513.51,2252.8,912.099,10919.2002,6170.8999,3435.7,986.744,39334.8535,E1,N,N
09/28/2017,24:00,12296.4004,1371.41,2059.28,896.474,11657.2998,6117.1201,3428.47,1108.26,38934.7143,E2,N,N
09/28/2017,24:00,13005.7998,1422.88,2149.0601,890.631,11517.0996,6353.0098,3501.6001,1157.41,39997.4904,E3,Y,N
