DeliveryDate,HourEnding,Coast,East,FarWest,North,NorthCentral,SouthCentral,Southern,West,SystemTotal,Model,InUseFlag,DSTFlag
11/15/2019,1:00,10026.2373,1583.9073,3600.3599,860.0414,12282.7168,7188.8545,3050.894,1455.3268,40048.338,A3,N,N
11/15/2019,1:00,9902.2539,1692.8108,3614.5525,855.3348,12560.5098,7003.2441,3142.5261,1443.0354,40214.2674,A6,N,N
11/15/2019,1:00,9738.0303,1692.01,3693.0801,909.483,11917.7002,6999.3198,3245.29,1449.87,39644.7834,E,N,N
11/15/2019,1:00,9751.0996,1685.85,3689.3701,903.542,11989,7060.9902,3228.0601,1437.73,39745.642,E1,N,N
11/15/2019,1:00,9737.9902,1698.27,3693.1399,909.483,11917.5,6999.3198,3244.3501,1443.91,39643.963,E2,N,N
11/15/2019,1:00,9761.75,1687.14,3686.0601,875.737,11970.5996,7066.8198,3229.55,1445.4399,39723.0964,E3,N,N
11/15/2019,1:00,9815.7578,1675.984,3667.4858,893.381,11973.9297,7048.9717,3210.1694,1445.6222,39731.3016,M,Y,N
11/15/2019,2:00,9596.9209,1663.7809,3656.8618,939.3164,11611.5098,7047.1509,3150.2385,1499.8419,39165.6211,A3,N,N
11/15/2019,2:00,9645.5527,1664.2988,3648.8147,963.1693,11682.9629,6992.6284,3149.2585,1502.3293,39249.0146,A6,N,N
11/15/2019,2:00,9543.9004,1617.15,3661.8301,932.747,11936.0996,6942.1401,3169.6799,1496.35,39299.8971,E,N,N
11/15/2019,2:00,9513.6396,1634.01,3670.6399,949.318,12066,6965.2402,3172.27,1505.47,39476.5877,E1,N,N
11/15/2019,2:00,9543.9004,1615.76,3661.8701,932.747,11936,6942.1401,3168.6101,1491.03,39292.0577,E2,N,N
11/15/2019,2:00,9506.6797,1626.38,3668.77,966.728,12075.5996,6963.79,3166.99,1508.02,39482.9573,E3,N,N
11/15/2019,2:00,9543.0186,1638.9468,3664.8467,946.6466,12005.8262,6962.915,3189.0073,1498.2726,39449.4798,M,Y,N
11/15/2019,3:00,9588.3633,1696.6061,3625.5022,951.7321,12294.1855,6995.6074,3151.0874,1520.2832,39823.3672,A3,N,N
11/15/2019,3:00,9661.3164,1704.6622,3625.5354,955.2065,12330.4766,7018.5933,3171.9006,1536.1245,40003.8155,A6,N,N
11/15/2019,3:00,9543.7402,1727.52,3641.3,959.914,12098,7018.3799,3154.8601,1532.47,39676.1842,E,N,N
11/15/2019,3:00,9594.6201,1714.11,3645.02,971.988,12278.7002,7033.1699,3170.27,1566.86,39974.7382,E1,N,N
11/15/2019,3:00,9543.71,1711.0699,3641.21,959.914,12098.2998,7018.3799,3154.1599,1530.15,39656.8935,E2,N,N
11/15/2019,3:00,9546.5303,1695.48,3649.8799,985.416,12296.4004,7017.1001,3165.8999,1556.52,39913.2266,E3,N,N
11/15/2019,3:00,9565.5547,1711.3982,3639.9978,968.7208,12246.0293,7028.8589,3178.4238,1546.9237,39885.9072,M,Y,N
11/15/2019,4:00,9706.6406,1696.2102,3623.0134,957.2943,12781.2324,7125.7002,3122.5635,1551.8009,40564.4555,A3,N,N
11/15/2019,4:00,9722.8447,1712.5486,3606.6946,940.0025,12861.8105,7061.1147,3124.7354,1595.5962,40625.3472,A6,N,N
11/15/2019,4:00,9638.0498,1630.65,3647.8799,980.806,12418.9004,7138.3198,3166.9299,1551.15,40172.6858,E,N,N
11/15/2019,4:00,9675.5801,1666.52,3631.97,989.714,12531.2002,7120.1499,3170.04,1525.3101,40310.4843,E1,N,N
11/15/2019,4:00,9638.0596,1655.63,3647.9099,980.806,12418.7998,7138.3198,3166.29,1542.37,40188.1851,E2,N,N
11/15/2019,4:00,9652.3799,1679.95,3636.7,1001.8,12555.2998,7110.8501,3175.52,1550.72,40363.2198,E3,N,N
11/15/2019,4:00,9656.7988,1673.375,3634.7373,986.2128,12524.1914,7126.7622,3175.5361,1541.7722,40319.3858,M,Y,N
11/15/2019,5:00,10009.0898,1726.7336,3681.8679,994.5567,13130.2314,7333.0649,3252.9431,1600.5759,41729.0633,A3,N,N
11/15/2019,5:00,10058.9063,1732.1425,3672.644,1002.7079,13202.9639,7352.3628,3277.1414,1600.1643,41899.0331,A6,N,N
11/15/2019,5:00,9961.8398,1718.7,3693.24,1003.77,13127.5,7376.7402,3255.03,1601.6801,41738.5001,E,N,N
11/15/2019,5:00,9971.4404,1741.6,3660.76,991.428,13208.5996,7397.3999,3277.5601,1638.22,41887.008,E1,N,N
11/15/2019,5:00,9961.7998,1704.45,3693.0801,1003.77,13127.4004,7376.7402,3252.9299,1594.5601,41714.7305,E2,N,N
11/15/2019,5:00,9982.04,1741.36,3668.26,1009.75,13222.5996,7383.6001,3269.4299,1624.4399,41901.4795,E3,N,N
11/15/2019,5:00,9993.2031,1737.9221,3676.012,1001.0278,13176.1035,7389.9033,3267.0449,1614.3795,41855.5962,M,Y,N
11/15/2019,6:00,10612.4424,1847.4254,3740.3569,1072.3931,13868.0313,8010.7808,3542.5034,1701.8929,44395.8262,A3,N,N
11/15/2019,6:00,10651.1328,1870.2742,3729.8689,1058.8999,13925.0771,8042.3511,3549.7141,1718.8665,44546.1846,A6,N,N
11/15/2019,6:00,10688,1873.7,3747.6299,1084.95,14226.5,7909.4902,3481.02,1691.9301,44703.2202,E,N,N
11/15/2019,6:00,10771.0996,1856.14,3712.3899,1095.5,14425.7998,7994.21,3558.4399,1710.54,45124.1192,E1,N,N
11/15/2019,6:00,10687.9004,1872.15,3748.03,1084.95,14226.2998,7909.4902,3480.03,1703.75,44712.6004,E2,N,N
11/15/2019,6:00,10762.5,1855.27,3718.05,1091.1801,14415,7983.2598,3546.78,1710.83,45082.8699,E3,N,N
11/15/2019,6:00,10749.373,1859.3876,3730.1272,1087.1158,14331.8242,7954.6885,3526.1606,1706.0532,44944.7301,M,Y,N
11/15/2019,7:00,11690.9766,2037.817,3827.8904,1171.4463,15557.8535,8789.8252,3914.6797,1818.2244,48808.7131,A3,N,N
11/15/2019,7:00,11578.7256,2043.4838,3861.8486,1174.1592,15683.0684,8769.3604,3951.8223,1779.3568,48841.8251,A6,N,N
11/15/2019,7:00,11531.5996,2068.1399,3787.8799,1167.71,15813.5,8762.3799,3915.1699,1821.48,48867.8592,E,N,N
11/15/2019,7:00,11553.5,2065.1599,3770.29,1179.3101,15896.2998,8873.3496,3944.5801,1818.59,49101.0795,E1,N,N
11/15/2019,7:00,11531.7002,2076.3101,3788.26,1167.71,15813.7002,8762.3799,3912.48,1811.5601,48864.1005,E2,N,N
11/15/2019,7:00,11573.2002,2053.97,3769.95,1183.9301,15968,8856.5596,3956.24,1830.42,49192.2699,E3,N,N
11/15/2019,7:00,11584.8398,2060.76,3790.0051,1174.6411,15881.5322,8832.9092,3942.2649,1819.0607,49086.013,M,Y,N
11/15/2019,8:00,11832.7783,2066.4863,3842.5137,1175.4103,16450.8711,9086.9756,3907.5581,1892.7793,50255.3727,A3,N,N
11/15/2019,8:00,11791.8438,2054.0569,3862.9441,1158.8967,16462.3672,9067.6748,3939.5518,1825.2504,50162.5857,A6,N,N
11/15/2019,8:00,11568.5,2101.46,3785.8101,1191.15,16469.5,9065.8203,3951.53,1852.4301,49986.2005,E,N,N
11/15/2019,8:00,11552.4004,2091.6101,3801.73,1202.9301,16342,8991.9902,3930.6001,1918.16,49831.4209,E1,N,N
11/15/2019,8:00,11568.5,2119.6101,3785.5801,1191.15,16469.8008,9065.8203,3946.04,1881.58,50028.0813,E2,N,N
11/15/2019,8:00,11629.0996,2090.72,3796.6599,1210.64,16351.2002,9022.0303,3979.2,1906.4399,49985.9899,E3,N,N
11/15/2019,8:00,11633.7305,2089.7773,3805.3879,1197.0001,16405.3086,9016.6729,3951.282,1893.366,49992.5253,M,Y,N
11/15/2019,9:00,11609.3965,1985.6119,3783.5068,1179.3492,15027.7676,8490.25,3725.6338,1779.7577,47581.2735,A3,N,N
11/15/2019,9:00,11803.5605,2027.9104,3808.0044,1146.257,15175.2041,8569.4092,3765.5396,1739.3872,48035.2724,A6,N,N
11/15/2019,9:00,11639.9004,2074.24,3738.4299,1191.16,15414.7002,8388.7598,3797.3601,1726.13,47970.6804,E,N,N
11/15/2019,9:00,11571.4004,2031.12,3788.77,1199.83,15415.7002,8299.54,3731.9399,1723.66,47761.9605,E1,N,N
11/15/2019,9:00,11639.9004,2030.38,3737.98,1191.16,15414.2998,8388.7598,3797.1399,1746.72,47946.3399,E2,N,N
11/15/2019,9:00,11563.0996,2036.62,3773.25,1218.95,15488.7998,8396.25,3733.03,1753.99,47963.9894,E3,N,N
11/15/2019,9:00,11597.9922,2036.7375,3771.418,1198.2957,15449.0986,8390.5508,3741.2681,1743.2424,47928.6033,M,Y,N
11/15/2019,10:00,11339.7529,1826.9958,3762.3521,1105.4485,14143.249,7292.9131,3553.9226,1528.1547,44552.7887,A3,N,N
11/15/2019,10:00,11334.6045,1856.5217,3756.574,1096.8997,13987.0498,7473.3047,3484.9431,1549.1356,44539.0331,A6,N,N
11/15/2019,10:00,11333.5,1833.0601,3742.8401,1155.47,14332.5996,7716.75,3610.3799,1529.16,45253.7597,E,N,N
11/15/2019,10:00,11171.7998,1712.76,3771.8201,1136.5601,13794.2002,7308.04,3473.4199,1447.63,43816.2301,E1,N,N
11/15/2019,10:00,11333.7998,1838.98,3742.1599,1155.47,14332.7998,7716.75,3617.52,1533.58,45271.0595,E2,N,N
11/15/2019,10:00,11225.2002,1780.11,3751.21,1160.3101,13981,7375.02,3485.6899,1496.8199,44255.3601,E3,N,N
11/15/2019,10:00,11292.0576,1799.0829,3755.3784,1149.3489,14105.2236,7521.1196,3528.1226,1503.9482,44654.2818,M,Y,N
11/15/2019,11:00,10883.748,1653.2345,3735.5496,1035.7886,13183.0615,6869.2813,3435.3848,1355.3851,42151.4334,A3,N,N
11/15/2019,11:00,10872.499,1646.665,3718.2175,1047.7262,12933.8857,6861.7686,3378.4634,1386.267,41845.4924,A6,N,N
11/15/2019,11:00,10971.9004,1722.3199,3698.28,1095.9399,13507.0996,7062.98,3428.3999,1401.33,42888.2497,E,N,N
11/15/2019,11:00,10677.2002,1623.71,3746.0701,1031.12,13470.0996,6836.1401,3433.22,1364.75,42182.31,E1,N,N
11/15/2019,11:00,10971.9004,1669.74,3697.73,1095.9399,13507.2998,7062.98,3415.45,1388.75,42809.7901,E2,N,N
11/15/2019,11:00,10723.5,1615.37,3727.98,1053.49,13234.7002,6738.2202,3386.3201,1350.98,41830.5605,E3,N,N
11/15/2019,11:00,10849.0039,1656.6696,3725.7974,1062.0405,13404.3877,6921.8457,3427.644,1373.4574,42420.8462,M,Y,N
11/15/2019,12:00,10602.083,1519.2014,3612.0571,1008.8009,12616.0098,6489.4131,3245.6838,1305.6616,40398.9107,A3,N,N
11/15/2019,12:00,10250.8682,1518.9231,3591.2273,1018.808,12322.4492,6491.8042,3148.5901,1319.2427,39661.9128,A6,N,N
11/15/2019,12:00,10536,1636.16,3607.9399,1057.95,12745.5,6645.8799,3211.3899,1330.84,40771.6597,E,N,N
11/15/2019,12:00,10560.2002,1545.8199,3692.53,1076.08,12472,6583.77,3171.26,1286.9301,40388.5902,E1,N,N
11/15/2019,12:00,10535.9004,1558.37,3608.0801,1057.95,12745.4004,6645.8799,3224.1899,1326.5601,40702.3308,E2,N,N
11/15/2019,12:00,10482.4004,1496.62,3687.6001,1045.85,12434.7002,6466.71,3186.49,1260.79,40061.1607,E3,N,N
11/15/2019,12:00,10564.3379,1543.3119,3648.8481,1052.8738,12592.9375,6562.5225,3205.3059,1298.9296,40469.0672,M,Y,N
11/15/2019,13:00,10319.7715,1428.9495,3532.937,965.4957,12023.1855,6242.0532,3044.8584,1266.224,38823.4748,A3,N,N
11/15/2019,13:00,10185.9961,1474.7802,3622.6885,996.3887,12365.999,6028.2549,2950.7527,1256.564,38881.4241,A6,N,N
11/15/2019,13:00,10323.4004,1493.86,3540.4299,1011.11,12310.2998,6244.6499,2984.5801,1278.95,39187.2801,E,N,N
11/15/2019,13:00,10329.5,1461.6801,3629.3999,991.702,12254.7998,6105.4199,2933.27,1277.5601,38983.3318,E1,N,N
11/15/2019,13:00,10323.2998,1493.98,3540.1299,1011.11,12310.7002,6244.6499,3007.9399,1265.51,39197.3197,E2,N,N
11/15/2019,13:00,10292.4004,1450.35,3623.6499,986.775,12182.7002,6142.1899,2958.03,1248.54,38884.6354,E3,N,N
11/15/2019,13:00,10324.3105,1461.028,3580.9575,994.4724,12241.5049,6194.3442,2980.3694,1265.9636,39042.9505,M,Y,N
11/15/2019,14:00,10052.6201,1400.2219,3532.5381,973.3412,11848.3691,5941.8564,2898.05,1219.9341,37866.9309,A3,N,N
11/15/2019,14:00,10215.3984,1396.2882,3515.9192,978.9346,12031.0654,5838.0342,2719.5969,1199.2888,37894.5257,A6,N,N
11/15/2019,14:00,10116.2002,1411.0601,3511.3899,967.742,11803.2998,5942.0898,2825.55,1249.86,37827.1918,E,N,N
11/15/2019,14:00,9928.6904,1427.61,3578.78,956.648,11800.5996,5945.21,2743.97,1233.83,37615.338,E1,N,N
11/15/2019,14:00,10116.4004,1430.97,3511.3101,967.742,11803,5942.0898,2834.24,1229.51,37835.2623,E2,N,N
11/15/2019,14:00,9962.3496,1438.6899,3574.96,963.309,11803.5,5956.7598,2757.46,1246.16,37703.1883,E3,N,N
11/15/2019,14:00,10024.3867,1421.9965,3550.7729,964.5602,11805.4775,5954.272,2814.9478,1236.2124,37772.626,M,Y,N
11/15/2019,15:00,9985.627,1380.2908,3497.9946,924.3189,11705.7891,5815.2446,2767.9856,1255.9164,37333.167,A3,N,N
11/15/2019,15:00,10031.5068,1359.3492,3509.04,916.7799,11449.7227,5983.1123,2651.7212,1207.478,37108.7101,A6,N,N
11/15/2019,15:00,9922.7598,1353.03,3504.1499,932.869,11492.0996,5798.6099,2748.03,1232.63,36984.1782,E,N,N
11/15/2019,15:00,9922.5098,1342.22,3538.55,941.333,11363.2002,5800.77,2765.1799,1229.21,36902.9729,E1,N,N
11/15/2019,15:00,9922.7803,1366,3504.05,932.869,11492.5996,5798.6099,2749.3301,1222.37,36988.6089,E2,N,N
11/15/2019,15:00,9858.0498,1349.01,3538.3401,925.476,11491.0996,5799.0298,2732.8501,1231.79,36925.6454,E3,N,N
11/15/2019,15:00,9922.2393,1357.7589,3519.7461,932.068,11486.4609,5801.334,2753.6738,1231.9108,37005.1918,M,Y,N
11/15/2019,16:00,9982.3613,1380.6532,3505.4124,909.3231,11476.7871,5828.6938,2782.0681,1233.855,37099.154,A3,N,N
11/15/2019,16:00,9982.6475,1340.3695,3508.4404,885.8461,11352.958,6074.8613,2589.1216,1184.9935,36919.2379,A6,N,N
11/15/2019,16:00,9812.5801,1340.12,3493.98,907.641,11330.5,5790.0298,2706.8501,1239.92,36621.621,E,N,N
11/15/2019,16:00,10004.5,1354.55,3537.1799,928.911,11178.4004,5800.3101,2825.03,1240.38,36869.2614,E1,N,N
11/15/2019,16:00,9812.4902,1353.86,3493.6699,907.641,11330.2998,5790.0298,2708.04,1229.96,36625.9907,E2,N,N
11/15/2019,16:00,9960.7002,1356.78,3534.27,905.904,11301.5,5834.2598,2662.54,1250.17,36806.124,E3,N,N
11/15/2019,16:00,9940.0244,1359.7433,3517.6719,912.7346,11303.4609,5808.4902,2744.2708,1239.3494,36825.7455,M,Y,N
11/15/2019,17:00,10111.5488,1412.2153,3506.1108,900.6251,11641.2705,6048.1553,2923.157,1289.4419,37832.5247,A3,N,N
11/15/2019,17:00,9989.2441,1392.3342,3513.3438,875.687,11573.4443,6137.064,2722.8401,1224.4105,37428.368,A6,N,N
11/15/2019,17:00,9772.1396,1345.35,3492.5601,881.983,11444.0996,5881.1699,2704.9099,1274.48,36796.6921,E,N,N
11/15/2019,17:00,10224.7998,1402.09,3535.3401,911.055,11215.7998,5943.75,2953.05,1280.54,37466.4247,E1,N,N
11/15/2019,17:00,9888.0703,1379.04,3493.24,881.983,11367.2002,5881.1699,2681.98,1264.38,36837.0634,E2,N,N
11/15/2019,17:00,10130.5996,1426.52,3540.05,875.358,11445.4004,6042.75,2647.48,1301.37,37409.528,E3,N,N
11/15/2019,17:00,10074.2637,1400.7551,3518.6001,889.925,11392.7715,5958.083,2804.2832,1282.0627,37320.7443,M,Y,N
11/15/2019,18:00,10638.3359,1502.3934,3538.5144,912.0735,12191.7861,6457.7012,3138.3982,1354.5215,39733.7242,A3,N,N
11/15/2019,18:00,10512.8506,1504.7242,3556.782,891.8745,12199.3838,6484.5635,2905.6636,1290.9518,39346.794,A6,N,N
11/15/2019,18:00,10547.2002,1458.01,3513.1599,890.785,11938.0996,6267.0098,2856.3,1353.59,38824.1545,E,N,N
11/15/2019,18:00,10836.4004,1529.95,3531.49,897.594,11951.2998,6411.4199,3153.9099,1362.16,39674.224,E1,N,N
11/15/2019,18:00,10511.2998,1511.16,3497.3301,900.562,11884.0996,6342.5,2898.8401,1309.17,38854.9616,E2,N,N
11/15/2019,18:00,10743.4004,1562.02,3543.0801,898.145,11968,6408.4102,2724.74,1345.49,39193.2857,E3,N,N
11/15/2019,18:00,10686.8467,1519.7371,3529.5823,899.4326,11967.0859,6381.1714,2973.6545,1342.719,39300.2295,M,Y,N
11/15/2019,19:00,10784.6641,1579.1171,3559.334,929.3571,12687.1904,6808.0317,3316.4771,1426.4104,41090.5819,A3,N,N
11/15/2019,19:00,10758.2793,1618.321,3588.7898,895.6838,12672.6797,6682.0942,3153.6482,1381.3673,40750.8633,A6,N,N
11/15/2019,19:00,11314.0996,1621.6899,3587.76,923.651,12536.4004,6984.8799,3198.0701,1453.5,41620.0509,E,N,N
11/15/2019,19:00,11172.9004,1609.1899,3582.73,982.444,12343.2002,6695.3599,3263.75,1463.23,41112.8044,E1,N,N
11/15/2019,19:00,10775.5,1637.78,3585.4299,931.395,12488.4004,6820.8301,3316.6399,1427.03,40983.0053,E2,N,N
11/15/2019,19:00,11103.4004,1633.61,3648.3,949.526,12379.0996,6831.5498,2897.6599,1507.9,40951.0457,E3,N,N
11/15/2019,19:00,11026.4414,1612.913,3594.2395,947.4673,12455.625,6811.0488,3183.8105,1459.5287,41091.0742,M,Y,N
11/15/2019,20:00,10822.8262,1596.668,3571.2393,929.1433,12771.2539,6836.8589,3325.7822,1446.3107,41300.0825,A3,N,N
11/15/2019,20:00,10743.2813,1664.6436,3603.3999,893.0527,12968.9404,6575.917,3219.4446,1398.252,41066.9315,A6,N,N
11/15/2019,20:00,11208.5,1654.34,3613.23,934.989,12681.7002,7097.6699,3267.3501,1517.79,41975.5692,E,N,N
11/15/2019,20:00,11166.7002,1615.4301,3596.4299,970.234,12216.7998,6851.5801,3331.6399,1491.5,41240.314,E1,N,N
11/15/2019,20:00,10712.0996,1666.3,3626.5,933.156,12499.4004,6807.3799,3405.71,1471.66,41122.2059,E2,N,N
11/15/2019,20:00,11025.7002,1639.78,3683.2,946.838,12324.2998,6914.23,2957.3201,1501.55,40992.9181,E3,N,N
11/15/2019,20:00,10993.8818,1628.0496,3617.6836,945.5735,12441.7451,6885.1138,3237.8179,1486.6902,41236.5555,M,Y,N
11/15/2019,21:00,10779.001,1619.5063,3593.7085,948.5487,12706.6338,6898.1899,3325.541,1449.5088,41320.638,A3,N,N
11/15/2019,21:00,10705.6318,1685.074,3610.7031,916.2992,12576.0381,6722.6001,3289.6543,1389.8518,40895.8524,A6,N,N
11/15/2019,21:00,11004.2002,1664.74,3618.8899,937.38,12678.7998,7002.9502,3251.1899,1483.6899,41641.8399,E,N,N
11/15/2019,21:00,11118.5,1650.95,3582.5601,949.414,12411.7998,6883,3390.8,1498.39,41485.4139,E1,N,N
11/15/2019,21:00,10653.9004,1682.12,3621.8501,930.063,12503.0996,6773.5601,3414.6399,1458.62,41037.8531,E2,N,N
11/15/2019,21:00,10921.0996,1665.39,3697.99,943.468,12468.5,7006.9302,2994.5901,1544.25,41242.2179,E3,N,N
11/15/2019,21:00,10911.9121,1652.3191,3623.657,941.4774,12519.0293,6903.5151,3260.9614,1491.9648,41304.8362,M,Y,N
11/15/2019,22:00,10583.1182,1620.2119,3602.5632,939.8578,12823.292,6864.791,3262.5735,1442.7673,41139.1749,A3,N,N
11/15/2019,22:00,10571.3721,1695.5796,3590.2837,911.1524,12722.9941,6794.5977,3266.1697,1391.5934,40943.7427,A6,N,N
11/15/2019,22:00,10698.9004,1654.35,3609.48,920.908,12542.7002,6790.0098,3207.49,1525.33,40949.1684,E,N,N
11/15/2019,22:00,10848,1627.96,3570.8501,956.288,12416.7998,6767.75,3420.6101,1544.35,41152.608,E1,N,N
11/15/2019,22:00,10480.4004,1671.8,3592.77,914.116,12383,6658.1602,3388.97,1429.2,40518.4166,E2,N,N
11/15/2019,22:00,10770.4004,1650.87,3654.45,923.009,12472.9004,6808.5801,2972.3999,1486.75,40739.3598,E3,N,N
11/15/2019,22:00,10697.793,1640.5293,3607.2471,930.949,12488.9238,6765.4727,3238.4536,1486.0872,40855.4557,M,Y,N
11/15/2019,23:00,10262.5371,1584.0901,3638.1675,909.0993,12586.4521,6686.4746,3192.3069,1406.6891,40265.8167,A3,N,N
11/15/2019,23:00,10335.4775,1653.1154,3641.8057,885.1111,12599,6533.042,3247.1494,1386.1555,40280.8566,A6,N,N
11/15/2019,23:00,10284.2002,1624.78,3591.1399,892.955,12234.5,6589.4902,3142.1799,1464.79,39824.0352,E,N,N
11/15/2019,23:00,10612.7002,1606.12,3541.1299,929.112,12073.5,6553.5698,3248.3,1534.8199,40099.2518,E1,N,N
11/15/2019,23:00,10190.2998,1626.7,3559.6399,889.132,12046.5996,6457.9399,3311.52,1370.67,39452.5012,E2,N,N
11/15/2019,23:00,10544.2002,1592.5601,3624.25,891.928,12168.5996,6562.1201,2840.8799,1491.99,39716.5279,E3,N,N
11/15/2019,23:00,10414.1719,1602.1276,3594.7344,902.7998,12174.7949,6552.9033,3127.0842,1458.3049,39826.921,M,Y,N
11/15/2019,24:00,9924.0479,1549.0724,3656.3418,878.0955,12060.4424,6450.0532,3095.1287,1371.2827,38984.4646,A3,N,N
11/15/2019,24:00,10091.1133,1628.833,3698.9668,867.7808,12063.3496,6329.3667,3141.5188,1383.6744,39204.6034,A6,N,N
11/15/2019,24:00,9954.75,1588.77,3583.8101,870.307,11922.7998,6397.6602,3074.03,1452.71,38844.8371,E,N,N
11/15/2019,24:00,10315.2998,1553.58,3504.0901,896.569,11652.4004,6311.3398,3166.26,1456.16,38855.6991,E1,N,N
11/15/2019,24:00,9904.79,1577.42,3554.98,864.068,11719.7998,6282.5898,3218.1101,1302.83,38424.5877,E2,N,N
11/15/2019,24:00,10202.0996,1544.9,3608.99,862.138,11760.7998,6364.3999,2803.1899,1435.27,38581.7872,E3,N,N
11/15/2019,24:00,10092.8047,1557.6619,3584.7043,874.2441,11781.1553,6345.5464,3052.6621,1401.5641,38690.3429,M,Y,N
11/16/2019,1:00,9753.3525,1522.4777,3645.6726,845.9814,11706.3369,6333.4551,2988.3347,1399.479,38195.0899,A3,N,N
11/16/2019,1:00,9972.1016,1646.8983,3654.8416,819.8225,11950.3262,6212.6338,3012.345,1414.782,38683.751,A6,N,N
11/16/2019,1:00,10610.5,1541.75,3654.3401,853.456,12079.2998,6427.8701,3077.75,1453.33,39698.296,E,N,N
11/16/2019,1:00,10120.2002,1511.1899,3485.3601,882.572,11506.9004,6128.1699,3088.71,1394.65,38117.7525,E1,N,N
11/16/2019,1:00,10002.7002,1488.9399,3625.74,846.416,11506.7998,5953.1299,3075.6699,1268.87,37768.2657,E2,Y,N
11/16/2019,1:00,10020,1503.11,3600.05,847.254,11503.4004,6221.73,3091.76,1416.53,38203.8344,E3,N,N
11/16/2019,1:00,10050.0381,1513.0306,3592.7808,856.4902,11602.4805,6170.9229,3061.3787,1376.6138,38223.7356,M,N,N
11/16/2019,2:00,9646.3672,1499.3661,3627.4363,847.857,11457.2158,6304.5679,2946.8774,1398.0991,37727.7868,A3,N,N
11/16/2019,2:00,9949.2178,1601.6398,3638.5732,856.5562,11692.1211,6229.8701,2994.0015,1441.4165,38403.3962,A6,N,N
11/16/2019,2:00,10588.4004,1531.27,3650.27,845.072,11951.7002,6452.7998,3068.9099,1473.2,39561.6223,E,N,N
11/16/2019,2:00,9991.6201,1472.97,3408.3999,878.801,11259.7998,6058.2598,3016.6201,1357.59,37444.0607,E1,N,N
11/16/2019,2:00,9827.0098,1455.1,3616.77,839.749,11416.2002,5862.6602,2996.8401,1234.09,37248.4193,E2,Y,N
11/16/2019,2:00,9943.2002,1472.92,3577.4299,841.802,11427.7002,6134.1201,3081.55,1407.12,37885.8424,E3,N,N
11/16/2019,2:00,9947.2227,1484.6102,3561.6963,851.7042,11452.0391,6108.4307,3019.4807,1358.6124,37783.7963,M,N,N
11/16/2019,3:00,9611.6152,1512.7695,3616.1047,854.1068,11817.751,6355.7197,2945.6938,1405.849,38119.6097,A3,N,N
11/16/2019,3:00,10004.9492,1631.4178,3631.1941,876.4268,11996.2344,6283.813,3029.3555,1479.9495,38933.3403,A6,N,N
11/16/2019,3:00,10557.7002,1543.48,3644.1899,850.945,11926,6528.1499,3066.9399,1423.08,39540.4849,E,N,N
11/16/2019,3:00,9906.5498,1460.1801,3369.24,886.67,11382.0996,5891.0098,3016.1899,1384.9399,37296.8791,E1,N,N
11/16/2019,3:00,9827.9199,1452.35,3602.04,847.552,11427,5892.29,2959.1799,1234.55,37242.8818,E2,Y,N
11/16/2019,3:00,9808.8604,1462.17,3564.6899,853.209,11377.0996,6042,3063.6399,1409.65,37581.3188,E3,N,N
11/16/2019,3:00,9879.959,1483.2585,3543.2871,859.9892,11514.5195,6066.8086,3009.646,1360.9011,37718.369,M,N,N
11/16/2019,4:00,9611.5762,1539.8955,3597.1221,860.2604,12005.1563,6483.0098,2934.1313,1425.2241,38456.3757,A3,N,N
11/16/2019,4:00,9983.1172,1662.0635,3524.6973,874.3882,12144.6035,6395.9312,3014.7495,1546.2629,39145.8133,A6,N,N
11/16/2019,4:00,10581,1560.1801,3643.9299,862.504,12035.0996,6551.3999,3066.01,1457.96,39758.0835,E,N,N
11/16/2019,4:00,9991,1459.1,3371.03,917.063,11429.7998,6025.6201,3007.6101,1396.21,37597.433,E1,N,N
11/16/2019,4:00,9890.9004,1461.45,3602.5701,857.425,11554.2002,5957.0698,2947.5601,1244.51,37515.6856,E2,Y,N
11/16/2019,4:00,9854.2305,1473,3556.29,863.613,11654.4004,6155.4502,3038.48,1433.3,38028.7641,E3,N,N
11/16/2019,4:00,9923.1895,1495.7026,3536.9231,874.8708,11664.6328,6163.8359,2996.7515,1378.9031,38034.8093,M,N,N
11/16/2019,5:00,9758.4033,1588.3256,3604.2585,879.9579,12184.8779,6683.3789,3029.2991,1446.4982,39174.9994,A3,N,N
11/16/2019,5:00,10171.0967,1717.0168,3466.7939,886.5155,12366.9316,6569.7036,3145.2729,1579.1669,39902.4979,A6,N,N
11/16/2019,5:00,10716.7002,1612.17,3657.3301,880.816,12329.4004,6623.4199,3077.21,1481.8199,40378.8665,E,N,N
11/16/2019,5:00,10039.5,1525.41,3405.45,926.43,11847,6079.8999,3040.1599,1388.27,38252.1198,E1,N,N
11/16/2019,5:00,10095.2002,1495.04,3618.6201,873.592,11868.2998,6141.8198,2979.53,1279.4399,38351.5418,E2,Y,N
11/16/2019,5:00,10000.2002,1530.9399,3568.03,881.394,11851.2998,6199.1099,3030.3501,1442.63,38503.9539,E3,N,N
11/16/2019,5:00,10051.0137,1549.5702,3553.9285,890.4507,11955.9346,6268.5571,3032.0449,1393.6248,38695.1245,M,N,N
11/16/2019,6:00,10192.3711,1666.4307,3626.0779,906.1116,12583.7266,7005.3071,3131.1199,1501.2961,40612.441,A3,N,N
11/16/2019,6:00,10568.3965,1763.4681,3504.0251,913.2629,12778.4053,6849.6826,3259.8838,1636.0214,41273.1457,A6,N,N
11/16/2019,6:00,10961.2002,1674.12,3678.26,919.104,12828.7002,6784.7998,3104.5701,1516.46,41467.2143,E,N,N
11/16/2019,6:00,10280.9004,1600.9399,3460.79,952.158,12114.7998,6353.4302,3135.3799,1435.46,39333.8582,E1,N,N
11/16/2019,6:00,10452.2998,1550.8101,3650.01,910.383,12428.2002,6465.71,3092.0701,1350.99,39900.4732,E2,Y,N
11/16/2019,6:00,10232.7002,1599.36,3582.95,921.443,12324.7998,6449.6899,3240.3799,1531.2,39882.5228,E3,N,N
11/16/2019,6:00,10353.1807,1619.799,3583.4883,924.1479,12393.5029,6540.9712,3151.2998,1456.6321,40023.0219,M,N,N
11/16/2019,7:00,10656.8633,1728.7861,3683.9915,939.9284,13020.4971,7320.7593,3297.0808,1537.4968,42185.4033,A3,N,N
11/16/2019,7:00,11013.5273,1831.4124,3600.7305,956.5068,13203.3604,7221.1406,3494.3618,1631.7737,42952.8135,A6,N,N
11/16/2019,7:00,11292.4004,1743.49,3696.1299,965.074,13486.5,7000.2002,3146.75,1564.59,42895.1345,E,N,N
11/16/2019,7:00,10576.7002,1663.59,3559.46,994.601,12742.7002,6863.1401,3317.3301,1524.67,41242.1916,E1,N,N
11/16/2019,7:00,10902.7002,1634.8,3682.5601,954.604,13177.2002,6893.23,3247.25,1446.9301,41939.2746,E2,Y,N
11/16/2019,7:00,10503.5,1670.5,3629.26,973.106,12811.2998,6897.6699,3345.9299,1517.24,41348.5056,E3,N,N
11/16/2019,7:00,10708.6533,1688.0052,3640.5142,968.7031,12996.1748,6953.6299,3289.3352,1509.9709,41754.9866,M,N,N
11/16/2019,8:00,10854.5049,1736.2433,3707.4907,954.9371,13133.3857,7426.2373,3272.4529,1542.0988,42627.3507,A3,N,N
11/16/2019,8:00,11160.998,1833.8096,3652.314,954.7801,13163.4561,7287.8535,3442.8826,1587.0488,43083.1427,A6,N,N
11/16/2019,8:00,11561.2002,1789.97,3706.7,1000.16,13970.7002,7160.0298,3180.55,1619.99,43989.3002,E,N,N
11/16/2019,8:00,10819.7998,1711.3199,3611.23,1046.52,13244.7998,6976.3101,3408.8799,1557.7,42376.5595,E1,N,N
11/16/2019,8:00,11213.7002,1678.99,3703.71,978.277,13678.9004,7128.8198,3320.6001,1526.28,43229.2775,E2,Y,N
11/16/2019,8:00,10889.7998,1722.63,3633.8701,1009.91,13441.7002,7068.4702,3435.97,1584.79,42787.1403,E3,N,N
11/16/2019,8:00,10987.8896,1726.1683,3664.449,1003.0639,13479.3604,7116.6836,3341.9692,1562.4536,42882.0376,M,N,N
11/16/2019,9:00,10808.6924,1726.5052,3695.8213,953.64,13184.7246,7276.6045,3200.7813,1490.1956,42336.9649,A3,N,N
11/16/2019,9:00,11306.6064,1791.2981,3653.4495,950.1655,13109.6514,7207.3467,3302.6956,1521.5621,42842.7753,A6,N,N
11/16/2019,9:00,11667.2998,1780.83,3700.98,1035.47,13988.9004,7201.4102,3194.73,1560.66,44130.2804,E,N,N
11/16/2019,9:00,10982.2002,1712.65,3556.3201,1053.71,13061.0996,6905.48,3355.3101,1501.9399,42128.7099,E1,N,N
11/16/2019,9:00,11305.5,1696.3,3692.8799,1004.44,13661.2998,7001.71,3397.48,1492.45,43252.0597,E2,Y,N
11/16/2019,9:00,10908.5996,1753.49,3602.55,1050.5699,13274.7998,6997.8301,3300.6101,1540.79,42429.2395,E3,N,N
11/16/2019,9:00,11046.4727,1732.8025,3637.9055,1025.8187,13396.0029,7036.0068,3288.2017,1515.1519,42678.3627,M,N,N
11/16/2019,10:00,10698.7139,1648.0673,3688.4353,955.1655,12729.2979,6795.4512,3111.2637,1375.0522,41001.447,A3,N,N
11/16/2019,10:00,11043.4961,1711.4459,3644.7722,950.5762,12624.7676,6797.3481,3160.4927,1396.6661,41329.5649,A6,N,N
11/16/2019,10:00,11531.7998,1713.1,3697.77,1059.15,13601.7998,7038.23,3158.1799,1451.75,43251.7795,E,N,N
11/16/2019,10:00,11096.7002,1672.0601,3613.73,1052.79,12970.0996,6570.48,3261.6101,1456.26,41693.73,E1,N,N
11/16/2019,10:00,11119,1655.02,3702.49,1025.2,13225.7998,6634.4502,3389.0801,1404.63,42155.6701,E2,Y,N
11/16/2019,10:00,11002.5996,1679.9399,3622.9299,1093.9,13079,6648,3204.5901,1433.67,41764.6295,E3,N,N
11/16/2019,10:00,11030.8535,1671.0319,3656.3064,1044.762,13110.1123,6692.4424,3212.7734,1426.9902,41845.2721,M,N,N
11/16/2019,11:00,10531.8184,1559.2191,3641.9619,939.7101,12124.0889,6365.7192,3019.0969,1302.0844,39483.6989,A3,N,N
11/16/2019,11:00,10694.6445,1601.4087,3726.7886,912.3869,11851.875,6362.459,2987.4341,1302.6532,39439.65,A6,N,N
11/16/2019,11:00,11281.2002,1633.11,3677.1599,1039.86,13011.2998,6777.6899,3091.03,1388.84,41900.1898,E,N,N
11/16/2019,11:00,10976.7002,1608.67,3592.47,1052.9,12606.7998,6337.9902,3183.1699,1353.05,40711.7501,E1,N,N
11/16/2019,11:00,10841.0996,1582.38,3683.0701,1005.62,12618.0996,6247.4199,3301.6399,1325.6899,40605.019,E2,Y,N
11/16/2019,11:00,10932.2002,1604.6,3598.6599,1068.17,12543.0996,6443.5601,3147.47,1364.52,40702.2798,E3,N,N
11/16/2019,11:00,10875.4668,1595.0586,3628.3018,1029.1188,12583.9238,6400.1689,3136.5178,1347.1805,40595.737,M,N,N
11/16/2019,12:00,10341.4502,1472.4639,3578.1055,912.5782,11481.9375,5954.2827,2915.012,1251.1826,37907.0126,A3,N,N
11/16/2019,12:00,10272.2568,1512.9264,3653.1926,873.4099,11409.0781,5893.4604,2750.0852,1272.7238,37637.1332,A6,N,N
11/16/2019,12:00,10963.2998,1546.41,3645.52,996.737,12343.4004,6484.02,3023.9399,1344.75,40348.0771,E,N,N
11/16/2019,12:00,10569.2002,1520.83,3565.76,1023.73,12213.7998,6190.6602,3102.3799,1321.41,39507.7701,E1,N,N
11/16/2019,12:00,10494.5996,1499.02,3642.76,963.002,11956.0996,5868.96,3178.7,1278.36,38881.5012,E2,Y,N
11/16/2019,12:00,10437.0996,1525.12,3562.9299,1022.43,12006.5996,6115.9702,2996.46,1332.1,38998.7093,E3,N,N
11/16/2019,12:00,10519.1758,1510.2822,3587.7336,990.9549,12022.293,6098.6855,3028.793,1307.4591,39065.3771,M,N,N
11/16/2019,13:00,10101.0801,1360.9528,3535.0283,861.5298,10919.2324,5731.8477,2821.303,1222.5815,36553.5556,A3,N,N
11/16/2019,13:00,9920.6104,1435.468,3549.8826,826.6501,10956.1289,5653.0171,2436.814,1229.8164,36008.3875,A6,N,N
11/16/2019,13:00,10670.5,1464.63,3610.3999,958.077,11709.7002,6201.75,2966.22,1309.83,38891.1071,E,N,N
11/16/2019,13:00,10300.5,1441.66,3536.74,1016.14,11629.2002,5923.98,3041.97,1313.04,38203.2302,E1,N,N
11/16/2019,13:00,10135.5996,1420.65,3608.6399,927.092,11316.9004,5613.9199,3073.5801,1216.1899,37312.5718,E2,Y,N
11/16/2019,13:00,10312.5,1443.36,3545.5901,986.112,11490,5884.9502,2901.71,1307.1,37871.3223,E3,N,N
11/16/2019,13:00,10279.2822,1422.1532,3556.7197,959.7869,11437.6426,5847.4121,2946.2207,1275.6339,37724.8513,M,N,N
11/16/2019,14:00,9936.4492,1309.7417,3526.0037,860.5085,10545.7471,5516.5947,2773.634,1188.3719,35657.0508,A3,N,N
11/16/2019,14:00,9717.4404,1346.4514,3531.9963,830.7203,10699.9834,5500.7583,2328.9243,1161.9291,35118.2035,A6,N,N
11/16/2019,14:00,10420.4004,1409.6801,3580.0801,924.56,11205.2002,5962.6899,2927.47,1291.96,37722.0407,E,N,N
11/16/2019,14:00,10132.5996,1416.65,3507.47,979.231,11116.2002,5732.3101,2948.6599,1276.5601,37109.6809,E1,N,N
11/16/2019,14:00,9850.2197,1361.21,3568.5601,896.831,10768,5417.3901,2993.54,1193.62,36049.3709,E2,Y,N
11/16/2019,14:00,10105.7998,1394.51,3509.51,951.756,11022.5996,5650.6299,2841.4199,1290.73,36766.9552,E3,N,N
11/16/2019,14:00,10077.54,1376.5867,3529.3259,930.088,10945.5684,5634.9932,2881.0547,1250.269,36625.4259,M,N,N
11/16/2019,15:00,9783.0898,1267.4557,3499.866,831.4478,10333.293,5400.5938,2758.7366,1211.4835,35085.9662,A3,N,N
11/16/2019,15:00,9610.3037,1293.3381,3530.7234,793.4928,10412.5176,5414.6694,2313.6223,1135.0537,34503.721,A6,N,N
11/16/2019,15:00,10230.9004,1377.33,3555.6101,898.01,10836.7002,5781.8799,2902.51,1305.24,36888.1806,E,N,N
11/16/2019,15:00,9937.0996,1369.67,3463.8201,939.231,10575.7998,5546.1602,2982.1201,1263.84,36077.7408,E1,N,N
11/16/2019,15:00,9664.7002,1316.0601,3534.6001,869.412,10355,5298.77,2910.53,1181.6801,35130.7525,E2,Y,N
11/16/2019,15:00,9659,1359.38,3441.6599,926.737,10485.4004,5526.1001,2876.25,1305.08,35579.6074,E3,N,N
11/16/2019,15:00,9831.748,1335.8002,3487.6128,900.0273,10500.2988,5490.5664,2880.9067,1252.2405,35679.2007,M,N,N
11/16/2019,16:00,9696.3418,1267.1749,3528.1497,820.101,10286.1758,5400.688,2802.832,1190.1344,34991.5976,A3,N,N
11/16/2019,16:00,9489.3525,1265.1875,3550.104,783.8066,10435,5426.1865,2378.6665,1113.7069,34442.0105,A6,N,N
11/16/2019,16:00,10108.7998,1366.34,3532.99,875.27,10634.2998,5686.0601,2883.9299,1274.4399,36362.1295,E,N,N
11/16/2019,16:00,9866.2002,1334.84,3445.72,949.028,10451.7002,5448.6099,2944.98,1228.38,35669.4583,E1,N,N
11/16/2019,16:00,9608.8496,1300.11,3512.6699,853.948,10158.7998,5243.23,2841.3501,1184.38,34703.3374,E2,Y,N
11/16/2019,16:00,9750.6904,1344.73,3450.9399,906.33,10431.0996,5553.1099,2865.53,1266.39,35568.8198,E3,N,N
11/16/2019,16:00,9793.0146,1319.9924,3486.9097,889.2479,10375.459,5447.0811,2868.9956,1227.8593,35408.5596,M,N,N
11/16/2019,17:00,9735.8467,1298.4331,3518.8469,811.6394,10478.1299,5544.3452,2907.7903,1243.1139,35538.1454,A3,N,N
11/16/2019,17:00,9485.6357,1300.4158,3553.3062,781.0663,10675.5615,5507.4131,2540.7329,1168.5085,35012.64,A6,N,N
11/16/2019,17:00,10106.2002,1374.24,3522.4299,841.057,10710.5,5698.1802,2877.0801,1337.63,36467.3174,E,N,N
11/16/2019,17:00,9731.9004,1346.4301,3427.5701,898.987,10427.5,5435.2402,2895.5601,1302.34,35465.5279,E1,N,N
11/16/2019,17:00,9607.75,1318.41,3508.26,819.651,10186.2998,5321.8101,2781.3,1265.67,34809.1509,E2,Y,N
11/16/2019,17:00,9641.5303,1357.46,3458.5,864.757,10747,5587.3198,2874.76,1320.38,35851.7071,E3,N,N
11/16/2019,17:00,9741.5635,1337.1621,3480.0654,852.4359,10488.7783,5491.4082,2876.825,1294.6904,35562.9288,M,N,N
11/16/2019,18:00,10138.5635,1392.7203,3547.1909,817.0789,11054.9727,5856.8477,3061.603,1303.9552,37172.9322,A3,N,N
11/16/2019,18:00,9945.2734,1443.2437,3595.4136,800.5103,11335.0781,5859.7861,2746.6155,1246.5327,36972.4534,A6,N,N
11/16/2019,18:00,10352.2002,1451.2,3541.47,858.759,11241.7002,5891.6802,2881.75,1392.67,37611.4296,E,N,N
11/16/2019,18:00,10191.0996,1438.2,3447.74,889.532,11261.7002,5745.8398,2965.79,1349.6801,37289.5817,E1,N,N
11/16/2019,18:00,9999.6797,1413.2,3529.45,842.803,10833.9004,5601.3701,2798.0801,1356.22,36374.7033,E2,Y,N
11/16/2019,18:00,10131.5996,1451.83,3474.9199,887.515,11245.7998,5749.6201,2905.21,1355.59,37202.0844,E3,N,N
11/16/2019,18:00,10159.3008,1428.7375,3501.3276,864.4423,11122.4346,5742.7734,2943.1296,1352.4507,37114.5965,M,N,N
11/16/2019,19:00,10468.8369,1452.506,3567.8584,843.0946,11378.6631,6104.5249,3224.0122,1380.6305,38420.1266,A3,N,N
11/16/2019,19:00,10240.04,1519.5129,3627.1204,820.1715,11662.0449,6130.3525,2926.1565,1341.319,38266.7177,A6,N,N
11/16/2019,19:00,10687.9004,1530.2,3605.3501,895.974,11792.0996,6198.8501,2945.97,1464.33,39120.6742,E,N,N
11/16/2019,19:00,10584.2002,1509.48,3605.3899,964.269,11473.0996,5965.6299,3051.6299,1441.12,38594.8185,E1,N,N
11/16/2019,19:00,10443.4004,1502.2,3609.6101,881.296,11451.5,5957.48,2996.0701,1459.45,38301.0066,E2,Y,N
11/16/2019,19:00,10570.7998,1497.76,3556.6799,926.599,11632.2002,5997.0098,3017.3301,1435.6801,38634.0589,E3,N,N
11/16/2019,19:00,10547.3721,1493.9866,3584.3518,910.4246,11535.5449,6017.9517,3065.998,1439.6825,38595.3122,M,N,N
11/16/2019,20:00,10522.1338,1487.4202,3562.5173,849.8994,11442.166,6054.4854,3203.0962,1391.6117,38513.33,A3,N,N
11/16/2019,20:00,10277.1445,1589.6217,3620.5637,820.8359,11829.4189,6172.3403,2899.7043,1350.3635,38559.9928,A6,N,N
11/16/2019,20:00,10750.7002,1548.25,3623.79,900.768,11869.5,6268.5801,2935.1101,1459.36,39356.0584,E,N,N
11/16/2019,20:00,10487.7998,1508.13,3611.28,936.323,11462.5,6095.6201,3077.8301,1436.85,38616.333,E1,N,N
11/16/2019,20:00,10395.2002,1516.6801,3643.6499,890.732,11480.0996,5949.3501,3025.45,1499.79,38400.9519,E2,Y,N
11/16/2019,20:00,10507.5996,1515.98,3576.8101,924.519,11500.5,6115.46,2948.97,1458.6801,38548.5188,E3,N,N
11/16/2019,20:00,10522.6211,1510.9988,3596.082,906.7269,11524.7324,6080.4902,3052.5439,1455.2015,38649.3968,M,N,N
11/16/2019,21:00,10340.6553,1492.1665,3557.0383,855.0199,11393.3828,5907.1587,3158.9409,1374.3208,38078.6832,A3,N,N
11/16/2019,21:00,10171.0967,1585.6879,3592.2644,834.3839,11627.6338,6055.5151,2850.5405,1337.1566,38054.2789,A6,N,N
11/16/2019,21:00,10703,1556.21,3635.1899,892.334,11803.5,6263.73,2922.3601,1455.76,39232.084,E,N,N
11/16/2019,21:00,10554.2002,1531.97,3576.6699,910.922,11507.2002,6162.4302,2992.6101,1446.02,38682.0226,E1,N,N
11/16/2019,21:00,10350.7998,1523.74,3636.1599,885.221,11448.5996,5904.7002,2988.71,1499.51,38237.4405,E2,Y,N
11/16/2019,21:00,10470.5,1536.0601,3583.4399,914.965,11657.2002,6217.6499,2996.3,1436.72,38812.8351,E3,N,N
11/16/2019,21:00,10473.0645,1525.0428,3588.2056,896.1962,11552.8604,6092.5562,3025.8464,1449.3225,38603.0946,M,N,N
11/16/2019,22:00,10135.2529,1498.3311,3556.989,843.4006,11169.8672,5818.563,3079.6211,1358.4973,37460.5222,A3,N,N
11/16/2019,22:00,9890.8135,1607.7502,3559.1736,831.7823,11325.3271,5872.896,2779.2605,1331.2142,37198.2174,A6,N,N
11/16/2019,22:00,10598.7998,1543.78,3623.9299,870.904,11697.0996,6217.7202,2899.96,1428.9,38881.0935,E,N,N
11/16/2019,22:00,10325,1505.54,3521.79,918.773,11567.2002,6048.5498,2969.26,1421.78,38277.893,E1,N,N
11/16/2019,22:00,10202.5,1515.5699,3594.5801,870.909,11329.0996,5755.77,2958.1299,1468.12,37694.6785,E2,Y,N
11/16/2019,22:00,10305.2002,1513.8199,3548.24,891.494,11603,6070.77,2936.4299,1435,38303.954,E3,N,N
11/16/2019,22:00,10291.5254,1511.8416,3559.0686,884.582,11483.1953,5973.3076,2978.5889,1429.6497,38111.7591,M,N,N
11/16/2019,23:00,9879.2314,1465.309,3569.4937,819.7705,11020.4297,5627.0894,2963.2202,1318.7565,36663.3004,A3,N,N
11/16/2019,23:00,9732.6279,1546.8851,3586.1909,805.1395,11022.3379,5460.7158,2695.7893,1317.8058,36167.4922,A6,N,N
11/16/2019,23:00,10427.2002,1505.24,3590.3,848.981,11460.4004,6125.46,2836.0701,1415.95,38209.6017,E,N,N
11/16/2019,23:00,10170.5,1500.17,3445.52,909.07,11198.4004,5897.77,2853.76,1409.89,37385.0804,E1,N,N
11/16/2019,23:00,9964.6904,1478.89,3553.5701,851.084,11125.7998,5570.7598,2893.1399,1384.48,36822.414,E2,Y,N
11/16/2019,23:00,10175.7998,1479.67,3587.0701,866.913,11282.7998,5950.23,2861.1201,1447.01,37650.6128,E3,N,N
11/16/2019,23:00,10105.3691,1484.3035,3543.5049,865.3607,11211.8545,5823.7588,2885.6765,1402.1833,37322.0113,M,N,N
11/16/2019,24:00,9560.7158,1423.2617,3555.8545,797.3439,10584.9092,5452.5728,2843.833,1289.5015,35507.9924,A3,N,N
11/16/2019,24:00,9521.666,1521.0708,3620.3589,794.0925,10401.8369,5425.3569,2594.4985,1316.0635,35194.944,A6,N,N
11/16/2019,24:00,10250.7998,1456.2,3562.26,827.239,11201.5996,5997.6299,2760.1499,1390.99,37446.8682,E,N,N
11/16/2019,24:00,9904.6201,1442.35,3422.0801,868.124,10815.4004,5684.8901,2771.96,1364.1801,36273.6048,E1,N,N
11/16/2019,24:00,9702.8896,1435.79,3537.78,825.466,10857.9004,5420.5298,2806.9299,1304.25,35891.5357,E2,Y,N
11/16/2019,24:00,9867.6299,1425.3101,3614.5901,837.872,10884,5726.77,2760.95,1379.36,36496.4821,E3,N,N
11/16/2019,24:00,9827.4521,1434.2292,3535.636,835.9384,10862.6387,5639.3228,2790.0708,1347.0089,36272.2969,M,N,N
11/17/2019,1:00,9330.6035,1370.0164,3585.73,777.1618,10267.9141,5345.1387,2687.3394,1284.6936,34648.5975,A3,N,N
11/17/2019,1:00,9389.2754,1483.9922,3587.4324,735.0182,10198.6533,5420.0396,2490.6223,1303.5037,34608.5371,A6,N,N
11/17/2019,1:00,10182.5,1424.99,3541.6499,818.225,11375.5,5850.0298,2653.3999,1374.96,37221.2546,E,N,N
11/17/2019,1:00,9658.4502,1402.09,3390.1201,841.144,10285.4004,5517.27,2688.48,1323.97,35106.9247,E1,N,N
11/17/2019,1:00,9337.1904,1370.83,3535.55,804.199,10383.2998,5213.1099,2623.1399,1238.22,34505.539,E2,N,N
11/17/2019,1:00,9629.8799,1384.49,3457.76,824.498,10572.4004,5571.1802,2665.6899,1338.59,35444.4884,E3,N,N
11/17/2019,1:00,9594.6953,1388.6265,3493.0525,816.8836,10515.7012,5474.7856,2669.9448,1307.6517,35261.3412,M,Y,N
11/17/2019,2:00,9184.8242,1368.0103,3596.3745,793.9595,10252.2197,5309.0669,2634.7173,1287.4845,34426.6569,A3,N,N
11/17/2019,2:00,9383.0732,1442.4764,3571.1765,784.0254,10217.8838,5546.6758,2500.1716,1335.9221,34781.4048,A6,N,N
11/17/2019,2:00,9989.4697,1408.77,3520.3601,813.562,11146,5657.6001,2555.99,1352.65,36444.4019,E,N,N
11/17/2019,2:00,9435.9805,1373.4399,3384.3999,827.724,9958.1104,5399.8701,2612.9299,1300.6899,34293.1446,E1,N,N
11/17/2019,2:00,9160.0703,1351.91,3522.8401,795.801,10165.2002,5088.9302,2516.4199,1189.1899,33790.3616,E2,N,N
11/17/2019,2:00,9414.8799,1361.5699,3405.51,816.739,10450.5996,5429.1299,2619.8301,1309.38,34807.6384,E3,N,N
11/17/2019,2:00,9402.6133,1370.84,3476.9712,811.0062,10318.2539,5350.3154,2600.9207,1279.8318,34610.7525,M,Y,N
11/17/2019,3:00,9078.3955,1383.6832,3623.9294,805.3561,10374.0811,5335.2852,2613.2483,1279.5947,34493.5735,A3,N,N
11/17/2019,3:00,9357.8867,1467.9822,3579.1907,804.6703,10542.25,5622.0459,2536.8386,1360.5052,35271.3696,A6,N,N
11/17/2019,3:00,9893.2998,1404.95,3499.8799,818.436,11009.0996,5561.5298,2485.1599,1371.26,36043.615,E,N,N
11/17/2019,3:00,9335.9004,1375.96,3390.6899,838.089,10026.2998,5258.8198,2548.02,1282.8199,34056.5988,E1,N,N
11/17/2019,3:00,9139.6797,1347.4399,3514.24,799.633,10100.5,5076.54,2452.3701,1163.01,33593.4127,E2,N,N
11/17/2019,3:00,9305.0596,1351.63,3374.25,822.006,10255.9004,5324.5698,2545.51,1320.64,34299.5658,E3,N,N
11/17/2019,3:00,9308.9609,1371.8669,3473.9822,817.906,10268.5723,5277.084,2543.8857,1272.9744,34335.2324,M,Y,N
11/17/2019,4:00,9051.4951,1398.5461,3645.3589,814.3808,10390.1748,5353.7461,2576.6682,1282.2948,34512.6648,A3,N,N
11/17/2019,4:00,9406.8262,1502.4933,3572.6221,806.8704,10736.5449,5644.5303,2537.9285,1411.9037,35619.7194,A6,N,N
11/17/2019,4:00,9893.3096,1415.77,3487.24,826.234,10997.7002,5532.3501,2454.5,1383.6899,35990.7938,E,N,N
11/17/2019,4:00,9431.1299,1374.88,3389.6399,857.851,10015.2002,5238.1201,2539.5801,1263.53,34109.9312,E1,N,N
11/17/2019,4:00,9172.6904,1352.47,3505.8301,809.068,10112.7998,5091.3198,2415.8799,1162.08,33622.138,E2,N,N
11/17/2019,4:00,9349.7803,1339.55,3423.6799,827.411,10278,5337.1001,2530.27,1296.35,34382.1413,E3,N,N
11/17/2019,4:00,9341.3516,1374.2739,3488.8035,828.6594,10274.9844,5277.397,2520.427,1263.7382,34369.635,M,Y,N
11/17/2019,5:00,9162.6611,1455.4978,3657.459,825.3168,10604.1885,5458.3926,2597.261,1288.3025,35049.0793,A3,N,N
11/17/2019,5:00,9590.498,1554.812,3583.7043,816.1514,11131.4775,5797.4092,2595.0496,1427.8784,36496.9804,A6,N,N
11/17/2019,5:00,9997.2002,1460.74,3509.6699,840.369,11167.2998,5604.1699,2448.53,1365.53,36393.5088,E,N,N
11/17/2019,5:00,9440.6201,1415.01,3400.3101,862.032,10221.5996,5223.3901,2513.8999,1273.21,34350.0718,E1,N,N
11/17/2019,5:00,9321.7695,1381.73,3527.04,822.659,10274.7002,5222.46,2406.0801,1177.4301,34133.8689,E2,N,N
11/17/2019,5:00,9418.8301,1375.42,3423.9199,840.322,10449.5,5402.6602,2510.71,1285.4399,34706.8021,E3,N,N
11/17/2019,5:00,9420.3994,1416.7906,3500.0107,839.464,10457.8857,5344.9482,2512.2939,1265.749,34757.5415,M,Y,N
11/17/2019,6:00,9384.9951,1485.8982,3678.2742,850.416,10794.959,5583.019,2626.0222,1316.6923,35720.276,A3,N,N
11/17/2019,6:00,9875.5635,1577.9915,3622.4377,837.2222,11338.4131,5913.0547,2650.7769,1461.9563,37277.4159,A6,N,N
11/17/2019,6:00,10209.4004,1514.38,3546.4299,866.368,11516.7002,5783.5098,2472.9399,1409.67,37319.3982,E,N,N
11/17/2019,6:00,9579.3398,1480.85,3433.03,889.873,10507.7002,5509.2598,2550.6799,1317.4,35268.1327,E1,N,N
11/17/2019,6:00,9582.8301,1430.58,3553.8101,851.26,10656.4004,5497.3901,2441.5901,1212.3199,35226.1807,E2,N,N
11/17/2019,6:00,9483.0898,1446.9301,3423.47,868.447,10712.0996,5550.79,2552.74,1369.83,35407.3965,E3,N,N
11/17/2019,6:00,9585.8848,1471.5396,3521.2236,866.993,10758.0078,5560.1758,2546.6768,1315.6827,35626.1841,M,Y,N
11/17/2019,7:00,9568.6553,1522.1469,3741.749,876.8065,11016.7188,5708.3208,2718.6997,1338.4204,36491.5174,A3,N,N
11/17/2019,7:00,10115.167,1618.0085,3712.4146,869.903,11569.9932,6109.9346,2814.6807,1442.4063,38252.5079,A6,N,N
11/17/2019,7:00,10487.7002,1576.47,3555.1299,901.418,12007.4004,6035.1299,2504.48,1430.11,38497.8384,E,N,N
11/17/2019,7:00,9762.1104,1514.3,3464.1201,918.353,10762.7998,5638.6099,2563.96,1344.6899,35968.9431,E1,N,N
11/17/2019,7:00,9938.2197,1501.99,3578.48,888.96,11202.5996,5876.1401,2477.3799,1273.6,36737.3693,E2,N,N
11/17/2019,7:00,9670.8604,1500.3199,3449.1299,908.552,10961.5996,5586.6001,2570.3999,1365.29,36012.7518,E3,N,N
11/17/2019,7:00,9803.6465,1518.9991,3555.4509,901.2443,11109.7656,5743.269,2585.9973,1341.9613,36560.334,M,Y,N
11/17/2019,8:00,9597.0166,1538.0717,3766.4731,881.8456,11058.7002,5709.4106,2684.9099,1336.217,36572.6447,A3,N,N
11/17/2019,8:00,10124.6738,1620.5481,3749.377,861.4901,11427.3926,6102.1514,2735.5681,1381.3253,38002.5264,A6,N,N
11/17/2019,8:00,10697.7002,1624.97,3568.0601,938.247,12465.2002,6238.4399,2539.96,1455.96,39528.5374,E,N,N
11/17/2019,8:00,9923.2998,1568.79,3485.28,980.917,11195.2002,5872.29,2577.6799,1360.7,36964.1569,E1,N,N
11/17/2019,8:00,10116,1540.03,3611.4299,912.026,11622.2002,6115.6699,2499.98,1336.91,37754.246,E2,N,N
11/17/2019,8:00,9919.96,1544.3199,3462.76,944.901,11559.2998,5851.6401,2643.8401,1409.63,37336.3509,E3,N,N
11/17/2019,8:00,9961.7822,1558.4204,3576.0645,936.9725,11534.6631,5953.3813,2606.5999,1375.8322,37503.7161,M,Y,N
11/17/2019,9:00,9727.0898,1547.631,3743.6948,910.0548,11184.9941,5729.3447,2676.9531,1315.067,36834.8293,A3,N,N
11/17/2019,9:00,10209.1621,1593.7556,3764.9514,872.6241,11289.4971,6045.1162,2548.6506,1328.5522,37652.3093,A6,N,N
11/17/2019,9:00,10822.7002,1639.25,3625.5801,984.268,12714.4004,6388.5,2649.0601,1466.78,40290.5388,E,N,N
11/17/2019,9:00,10061.2998,1606.83,3539.6599,994.537,11386.2998,5875.9302,2751.9299,1343.5699,37560.0565,E1,N,N
11/17/2019,9:00,10223.5,1567.26,3680.6699,948.065,11924.7002,6168.8301,2636.6499,1352.66,38502.3351,E2,N,N
11/17/2019,9:00,9972.5,1594.97,3458.3201,998.251,11739.2002,5922.4302,2678.01,1395.11,37758.7915,E3,N,N
11/17/2019,9:00,10070.9971,1588.1714,3598.7,972.0036,11749.9736,6006.5283,2687.437,1370.5659,38044.3769,M,Y,N
11/17/2019,10:00,9784.8232,1499.6599,3697.8396,935.5117,10975.6631,5686.8667,2722.1462,1267.8737,36570.3841,A3,N,N
11/17/2019,10:00,9980.7578,1505.7522,3756.1384,883.5086,10802.5166,5814.834,2436.8105,1266.5238,36446.8419,A6,N,N
11/17/2019,10:00,10700.2002,1586.79,3601,1011.5,12526.2002,6312.6299,2741.3401,1400.8199,39880.4803,E,N,N
11/17/2019,10:00,10163.2002,1555.49,3514.29,999.224,11425.7002,5771.75,2799.8401,1339.23,37568.7245,E1,N,N
11/17/2019,10:00,10148.0996,1538.08,3654.0901,969.023,11911.5,5997.1099,2747.1001,1280.63,38245.6327,E2,N,N
11/17/2019,10:00,10186,1553.76,3493.0601,1041.78,11723.7002,5827.4199,2735.05,1327.25,37888.0202,E3,N,N
11/17/2019,10:00,10139.5439,1542.8362,3583.1836,995.8832,11702.958,5899.0068,2750.314,1320.3641,37934.0898,M,Y,N
11/17/2019,11:00,9769.416,1435.1407,3650.4956,918.926,10584.1367,5562.4512,2749.3669,1220.8729,35890.806,A3,N,N
11/17/2019,11:00,9723.0947,1425.5713,3727.3894,857.0676,10553.4072,5576.2681,2412.1113,1216.3639,35491.2735,A6,N,N
11/17/2019,11:00,10439.4004,1506.97,3586.1399,994.703,12035.5996,6088.5298,2783.52,1367.91,38802.7727,E,N,N
11/17/2019,11:00,10122.5996,1519.8,3513.22,1000.99,11294.5996,5791.2402,2895.95,1268.1,37406.4994,E1,N,N
11/17/2019,11:00,9987.9902,1465.7,3622.78,946.521,11648.2998,5770.1201,2807.6299,1220.48,37469.521,E2,N,N
11/17/2019,11:00,10140,1463.17,3494.49,1015.36,11461.7002,5797.0498,2787.01,1301.1,37459.88,E3,N,N
11/17/2019,11:00,10061.4277,1476.1115,3565.6663,979.9214,11428.6172,5795.9756,2806.9756,1271.0178,37385.7131,M,Y,N
11/17/2019,12:00,9673.4443,1345.639,3619.4324,870.7723,10263.5059,5414.043,2757.5984,1189.4335,35133.8688,A3,N,N
11/17/2019,12:00,9475.5938,1352.2218,3675.0757,820.8715,10325.2627,5518.5098,2371.9155,1199.7632,34739.214,A6,N,N
11/17/2019,12:00,10162.5,1425.84,3557.6699,963.721,11454.2002,5822.0698,2815.02,1322.96,37523.9809,E,N,N
11/17/2019,12:00,9923.1904,1434.8101,3483.6201,970.073,11066.2998,5672.9902,2882.51,1245.55,36679.0436,E1,N,N
11/17/2019,12:00,9830.7402,1398.0699,3616.72,913.406,11306.5996,5545.25,2844,1163.3,36618.0857,E2,N,N
11/17/2019,12:00,9858.0498,1412.51,3472.29,982.164,11079.5,5612.2402,2787.0601,1265.79,36469.6041,E3,N,N
11/17/2019,12:00,9862.8262,1401.2285,3540.6345,945.7224,11077.8125,5612.1343,2814.1694,1232.7092,36487.237,M,Y,N
11/17/2019,13:00,9619.9678,1283.4626,3608.3835,829.7551,9960.377,5330.2017,2756.7556,1171.4767,34560.38,A3,N,N
11/17/2019,13:00,9367.498,1281.5112,3619.0449,794.8553,10147.2109,5352.2817,2346.0425,1175.4838,34083.9283,A6,N,N
11/17/2019,13:00,9952.54,1358.51,3523.23,940.309,10920.0996,5592.1401,2842.3899,1295.5601,36424.7787,E,N,N
11/17/2019,13:00,9820.2598,1382.58,3470.1101,958.317,10767,5537.0898,2890.75,1207.97,36034.0767,E1,N,N
11/17/2019,13:00,9703.2695,1349,3597.54,891.731,10968.9004,5435.4302,2867.6101,1121.03,35934.5112,E2,N,N
11/17/2019,13:00,9839.1299,1345.87,3469.3,960.451,10756.0996,5488.21,2813.1399,1266.05,35938.2504,E3,N,N
11/17/2019,13:00,9776.8154,1341.4169,3527.0447,923.8828,10733.0596,5480.4756,2828.9114,1207.1421,35818.7485,M,Y,N
11/17/2019,14:00,9498.2842,1257.2577,3613.3833,813.4995,9899.1523,5274.4985,2790.6372,1158.451,34305.1637,A3,N,N
11/17/2019,14:00,9406.4775,1211.8291,3612.0437,799.6312,10185.624,5274.5601,2358.4053,1138.8159,33987.3868,A6,N,N
11/17/2019,14:00,9776.6201,1314.74,3484.04,913.017,10471.5,5396.3999,2869.96,1331.13,35557.407,E,N,N
11/17/2019,14:00,9735.6797,1373.45,3439.51,948.151,10437.5996,5487.8301,2919.1499,1227.3,35568.6703,E1,N,N
11/17/2019,14:00,9619.1299,1313.99,3550.05,869.743,10670.2002,5357.9502,2904.3899,1105.39,35390.8432,E2,N,N
11/17/2019,14:00,9742.3799,1326.4399,3473.49,931.702,10493.7002,5446.3398,2846.9199,1279.98,35540.9517,E3,N,N
11/17/2019,14:00,9668.5547,1317.8782,3510.8572,903.2135,10446.7061,5406.8926,2860.9705,1214.3651,35329.4379,M,Y,N
11/17/2019,15:00,9477.3477,1246.5627,3569.2021,781.2194,9896.6455,5295.3789,2814.0989,1188.5953,34269.0505,A3,N,N
11/17/2019,15:00,9537.7402,1175.9675,3588.571,774.7929,10098.4902,5334.1992,2387.3923,1124.1088,34021.2621,A6,N,N
11/17/2019,15:00,9623.1797,1284.48,3448.25,893.484,10158.5,5237.21,2887.6101,1310.58,34843.2938,E,N,N
11/17/2019,15:00,9743.3203,1347.5699,3394.1699,916.132,10068.7002,5354.75,2955.1201,1214.28,34994.0424,E1,N,N
11/17/2019,15:00,9550.29,1280.08,3503.8701,848.64,10412.5,5320.79,2926.3601,1097.26,34939.7902,E2,N,N
11/17/2019,15:00,9559.1699,1293.24,3342.3899,913.136,10161,5361.2598,2863.96,1241.39,34735.5456,E3,N,N
11/17/2019,15:00,9591.6426,1292.4131,3445.4553,878.8149,10167.4434,5325.7734,2885.041,1200.6294,34787.2131,M,Y,N
11/17/2019,16:00,9450.2715,1252.7086,3582.6299,769.3065,9979.3545,5369.8188,2884.1318,1165.7363,34453.9579,A3,N,N
11/17/2019,16:00,9524.6514,1171.2057,3586.1641,768.1599,10240.0918,5436.1016,2488.1001,1106.829,34321.3036,A6,N,N
11/17/2019,16:00,9471.6699,1269.4301,3429.9199,873.922,9998.5098,5151.1499,2880.6299,1328.01,34403.2415,E,N,N
11/17/2019,16:00,9757.5801,1348.33,3371.1699,916.418,10044.5,5380.04,2947.1201,1226.77,34991.9281,E1,N,N
11/17/2019,16:00,9529.4004,1268.12,3486.3899,832.858,10338.2002,5319.8999,2927.24,1114.98,34817.0884,E2,N,N
11/17/2019,16:00,9674.6299,1291.54,3340.6699,895.3,10091.5,5324.04,2885.98,1275.67,34779.3298,E3,N,N
11/17/2019,16:00,9595.7539,1290.3384,3438.1563,866.5475,10115.7832,5321.1162,2905.2915,1216.0732,34749.0602,M,Y,N
11/17/2019,17:00,9491.6465,1281.2864,3577.9912,758.718,10234.1025,5545.1328,3011.8601,1219.9358,35120.6733,A3,N,N
11/17/2019,17:00,9602.4121,1217.4246,3578.4487,765.5465,10512.2188,5547.3784,2669.7329,1162.6603,35055.8223,A6,N,N
11/17/2019,17:00,9474.9697,1282.4,3448.01,848.041,10164.4004,5199.1299,2871.5601,1388.62,34677.1311,E,N,N
11/17/2019,17:00,9659.79,1353.51,3391.3,878.359,10015.4004,5332.6001,2971.7,1271.47,34874.1295,E1,N,N
11/17/2019,17:00,9502.3604,1280.3101,3504.3101,803.769,10382.5996,5386.8999,2898.74,1172.1801,34931.1692,E2,N,N
11/17/2019,17:00,9596.6904,1320.49,3383.98,861.813,10434.2002,5426.0698,2923.53,1319.1899,35265.9633,E3,N,N
11/17/2019,17:00,9559.1982,1309.1604,3457.3579,836.8301,10257.8633,5379.4253,2948.0601,1266.7794,35014.6747,M,Y,N
11/17/2019,18:00,9956.3447,1368.2019,3603.8103,775.5415,10850.7666,5885.0166,3195.3704,1293.8586,36928.9106,A3,N,N
11/17/2019,18:00,10067.9053,1335.6472,3606.6409,791.0969,11178.6768,5919.8003,2892.3447,1244.7054,37036.8175,A6,N,N
11/17/2019,18:00,9913.8896,1356.77,3495.79,875.708,10959.5,5515.98,2896.6599,1442.4,36456.6975,E,N,N
11/17/2019,18:00,10079.2998,1420.23,3419.55,869.89,10863.2002,5638.7202,3009.1799,1373.4301,36673.5002,E1,N,N
11/17/2019,18:00,9874.1699,1357.9,3547.76,833.211,11021.9004,5673.5601,2918.78,1249,36476.2814,E2,N,N
11/17/2019,18:00,10054,1405.49,3436.6699,895.649,10914.7002,5629.8701,2933.76,1402.05,36672.1892,E3,N,N
11/17/2019,18:00,9995.9189,1387.8142,3495.4512,856.0937,10926.2334,5660.6621,3011.5073,1348.1523,36681.8331,M,Y,N
11/17/2019,19:00,10306.5635,1406.5225,3681.3855,797.9937,11204.1689,6124.4985,3362.7163,1351.9094,38235.7583,A3,N,N
11/17/2019,19:00,10314.6563,1416.999,3677.2903,796.8425,11516.9746,6131.5635,3077.4485,1313.1746,38244.9493,A6,N,N
11/17/2019,19:00,10487.4004,1437.3199,3641.1499,912.755,11798.2998,5992.9302,3008.1399,1457.67,38735.6651,E,N,N
11/17/2019,19:00,10419,1483.53,3572.3701,955.068,11260.5,5944.8999,3095.1599,1404.4301,38134.958,E1,N,N
11/17/2019,19:00,10236,1426.79,3698.3899,873.151,11620.2002,6054.9102,3065.9099,1354.79,38330.1412,E2,N,N
11/17/2019,19:00,10398.7998,1448.3101,3531.5,934.484,11467,5938.1201,3102.29,1421.42,38241.924,E3,N,N
11/17/2019,19:00,10371.5156,1442.6044,3613.7563,904.5193,11462.2334,5999.1611,3149.2979,1396.3574,38339.4454,M,Y,N
11/17/2019,20:00,10382.9453,1420.6538,3703.9397,809.7178,11414.126,6068.5972,3342.1799,1349.9667,38492.1264,A3,N,N
11/17/2019,20:00,10240.998,1475.4429,3688.8328,796.9425,11761.7305,6145.9336,3044.9192,1304.3005,38459.1,A6,N,N
11/17/2019,20:00,10644.5,1463.04,3692.8,921.202,11985.7998,6121.4502,3000.95,1501.6801,39331.4221,E,N,N
11/17/2019,20:00,10331.5996,1478.85,3622.05,944.093,11211.7998,6079.8599,3128.6299,1388.92,38185.8022,E1,N,N
11/17/2019,20:00,10256.5996,1433.7,3766.3999,885.409,11649.0996,6087.5898,3066.8301,1415.09,38560.718,E2,N,N
11/17/2019,20:00,10352,1455.72,3553.9399,936.359,11306.2002,6094.5498,3067.23,1474.74,38240.7389,E3,N,N
11/17/2019,20:00,10379.2734,1450.8984,3652.3823,907.8302,11466.7646,6089.2559,3142.9824,1426.1433,38515.5305,M,Y,N
11/17/2019,21:00,10255.5732,1411.6095,3683.1155,812.4104,11373.0215,5889.7661,3291.1836,1350.6138,38067.2936,A3,N,N
11/17/2019,21:00,10044.6221,1484.9147,3645.2085,803.0157,11520.3096,5961.2178,2994.9697,1302.6918,37756.9499,A6,N,N
11/17/2019,21:00,10569.5,1468.17,3715.05,912.891,11944.7998,6047.6499,2961.6001,1474.8,39094.4608,E,N,N
11/17/2019,21:00,10251.9004,1486.42,3635.6299,911.461,11539.7998,6000.4902,3070.9399,1403.64,38300.2812,E1,N,N
11/17/2019,21:00,10169.5,1427.05,3770.4099,880.742,11566.5996,6004.1001,3010.3799,1420.91,38249.6915,E2,N,N
11/17/2019,21:00,10252.7998,1463.23,3572.6001,927.018,11578.2998,5980.79,3052.6599,1418.37,38245.7676,E3,N,N
11/17/2019,21:00,10282.4434,1452.2174,3658.519,895.468,11585.9033,5988.5225,3100.1934,1413.9067,38377.1737,M,Y,N
11/17/2019,22:00,9968.8604,1371.6659,3661.6353,801.7593,11166.9453,5636.1191,3186.6743,1347.4055,37141.0651,A3,N,N
11/17/2019,22:00,9726.543,1469.1143,3596.9272,798.3815,11201.5703,5727.2744,2908.4585,1294.4436,36722.7128,A6,N,N
11/17/2019,22:00,10314.7998,1438.77,3690.03,886.03,11744.0996,5839.6699,2896.3701,1455.9,38265.6694,E,N,N
11/17/2019,22:00,10020,1457.77,3608.0701,901.797,11246.0996,5783.02,2993.5901,1372.46,37382.8068,E1,N,N
11/17/2019,22:00,9950.3301,1392.96,3717.9299,862.302,11334.5,5811.8999,2941.6899,1391.29,37402.9018,E2,N,N
11/17/2019,22:00,9955.2998,1426.29,3486.3701,898.553,11360,5782.25,3005.4299,1387.67,37301.8628,E3,N,N
11/17/2019,22:00,10019.1816,1417.8977,3615.0139,876.6367,11349.0303,5778.7661,3026.1809,1388.2682,37470.9754,M,Y,N
11/17/2019,23:00,9529.4883,1307.6041,3648.0688,772.4949,10774.0645,5284.854,3013.1782,1315.6324,35645.3852,A3,N,N
11/17/2019,23:00,9308.5088,1388.4384,3606.6563,759.1441,10749.3711,5333.2256,2775.3418,1281.2684,35201.9545,A6,N,N
11/17/2019,23:00,9827.8496,1378.5,3600.5,844.166,11211.4004,5527.3901,2775.02,1425.87,36590.6961,E,N,N
11/17/2019,23:00,9646.8096,1397.15,3522.28,881.515,10687.2002,5557.3198,2856.0801,1354.01,35902.3647,E1,N,N
11/17/2019,23:00,9541.4404,1322.6801,3630.21,824.716,10844.7002,5474.79,2807.6599,1322.0601,35768.2567,E2,N,N
11/17/2019,23:00,9721.3398,1380.3,3555.1799,852.309,10840.4004,5496.1299,2855.49,1381.09,36082.239,E3,N,N
11/17/2019,23:00,9645.5703,1358.9111,3585.2207,841.7177,10841.2578,5483.5898,2879.0222,1356.9778,35992.2674,M,Y,N
11/17/2019,24:00,9051.5332,1259.6625,3620.3804,744.9711,10130.7139,5021.6689,2834.1213,1291.1084,33954.1597,A3,N,N
11/17/2019,24:00,8859.9678,1352.5481,3632.7417,728.7299,10121.167,5141.2617,2608.0745,1274.403,33718.8937,A6,N,N
11/17/2019,24:00,9233.0195,1314.45,3502.1599,810.922,10575.2002,5139.4199,2614.3401,1378.3101,34567.8217,E,N,N
11/17/2019,24:00,9280.1797,1333.26,3465.0801,833.913,10000.7002,5207.25,2684.73,1287.77,34092.883,E1,N,N
11/17/2019,24:00,9100.25,1252.63,3552.1799,794.919,10286,5134.8198,2629.97,1238.54,33989.3087,E2,N,N
11/17/2019,24:00,9272.8096,1297.41,3548.05,813.9,10198.7002,5168.0498,2660.2,1328.01,34287.1296,E3,N,N
11/17/2019,24:00,9192.7891,1293.4681,3540.1702,805.1697,10209.5889,5147.666,2700.3015,1297.2573,34186.4108,M,Y,N
11/18/2019,1:00,8793.6904,1267.9369,3617.4707,735.762,9831.4268,4873.6978,2623.8093,1302.8053,33046.5992,A3,N,N
11/18/2019,1:00,8625.957,1324.7054,3558.3799,687.4124,10029.2637,4997.9941,2427.3582,1277.3938,32928.4645,A6,N,N
11/18/2019,1:00,8531.71,1294.83,3337.6599,795.599,10372,4898.7002,2481.8401,1361.38,33073.7192,E,N,N
11/18/2019,1:00,9007.3604,1309.0601,3350.1201,809.015,9527.9805,4973.9502,2528.3601,1257.5601,32763.4065,E1,N,N
11/18/2019,1:00,8868.1299,1213.27,3404.99,785.968,10235.2998,5083.6699,2439.8999,1147.77,33178.9975,E2,N,N
11/18/2019,1:00,8986.8301,1268.24,3293.3501,796.305,9669.2002,4945.73,2378.8799,1299.25,32637.7853,E3,N,N
11/18/2019,1:00,8871.9502,1274.8218,3408.0664,789.2421,9883.5479,4972.3872,2497.98,1259.1682,32957.1638,M,Y,N
11/18/2019,2:00,8683.5234,1271.839,3625.687,754.5946,9739.3174,4799.7642,2546.291,1316.0134,32737.03,A3,N,N
11/18/2019,2:00,8571.9629,1290.3564,3546.2527,732.0969,9707.2314,4986.8657,2359.7039,1308.7157,32503.1856,A6,N,N
11/18/2019,2:00,8352.46,1267.99,3292.76,792.611,10214.2998,4720.54,2407.29,1372.23,32420.1808,E,N,N
11/18/2019,2:00,8779.6396,1317.6,3331.9299,809.221,9268.8799,4828.48,2369.8799,1273.72,31979.3503,E1,N,N
11/18/2019,2:00,8786.0098,1191.87,3371.3101,784.949,10123.4004,4960.8501,2339.1499,1113.7,32671.2393,E2,N,N
11/18/2019,2:00,8781.9697,1269.1899,3237.6899,791.594,9495.21,4824.4502,2259.9299,1304.6899,31964.7235,E3,N,N
11/18/2019,2:00,8703.5918,1272.1398,3381.8354,789.8417,9716.0742,4843.4834,2387.3301,1259.0579,32353.3543,M,Y,N
11/18/2019,3:00,8696.9404,1303.8285,3648.6343,772.3318,10016.1045,4816.8809,2516.2642,1325.3026,33096.2872,A3,N,N
11/18/2019,3:00,8634.9766,1334.9204,3558.6428,760.5173,10119.9463,4903.5532,2350.0544,1343.9907,33006.6017,A6,N,N
11/18/2019,3:00,8317.5,1265.21,3279.49,802.74,10204.7002,4666.3398,2371.54,1368.08,32275.6,E,N,N
11/18/2019,3:00,8814.2598,1299.0699,3321.3799,815.118,9464.4102,4811.0601,2355.8999,1253.23,32134.4278,E1,N,N
11/18/2019,3:00,8768.0898,1189.72,3359.78,794.318,10141.2998,4909.2598,2286.5801,1102.4399,32551.4874,E2,N,N
11/18/2019,3:00,8704.8496,1276.5601,3221.78,804.108,9484.54,4739.7798,2229.4299,1292.59,31753.6374,E3,N,N
11/18/2019,3:00,8689.7109,1276.7308,3377.8574,800.2699,9800.1631,4800.4272,2357.6636,1248.7378,32351.5607,M,Y,N
11/18/2019,4:00,8808.0459,1357.0538,3644.3804,781.033,10298.9912,4910.3296,2495.0322,1336.2091,33631.0752,A3,N,N
11/18/2019,4:00,8791.2314,1379.9314,3541.2788,765.8849,10591.0498,5160.5044,2313.5051,1399.5349,33942.9207,A6,N,N
11/18/2019,4:00,8388.6299,1278.72,3290.76,815.981,10328.9004,4714.8398,2350.0701,1370.41,32538.3112,E,N,N
11/18/2019,4:00,8850.8398,1322.3,3316.1899,849.153,9605.21,4845.23,2369.3799,1247.3,32405.6026,E1,N,N
11/18/2019,4:00,8827.1602,1198.8199,3368.6101,808.436,10281.2002,4940.52,2272.1101,1113.1,32809.9565,E2,N,N
11/18/2019,4:00,8796.6699,1275.84,3235.8201,817.11,9765.6201,4829.9502,2203.8799,1287.46,32212.3502,E3,N,N
11/18/2019,4:00,8765.8633,1298.491,3381.5188,818.3015,9991.4941,4857.0713,2344.8457,1250.2924,32707.8781,M,Y,N
11/18/2019,5:00,9100.6504,1434.7306,3658.5178,804.0306,10738.5684,5187.3662,2551.1472,1355.1652,34830.1764,A3,N,N
11/18/2019,5:00,9201.6201,1435.6544,3480.0259,789.9011,11338.6191,5536.3154,2378.8596,1432.1223,35593.1179,A6,N,N
11/18/2019,5:00,8651.0703,1334.5601,3327.72,840.975,10717.2998,4961.1401,2370.1201,1427.1,33629.9854,E,N,N
11/18/2019,5:00,9064.6797,1382.5699,3325.96,862.745,10228.7002,5031.8501,2364.25,1278.65,33539.4049,E1,N,N
11/18/2019,5:00,9086.04,1250.8101,3393.4099,835.22,10724.0996,5121.4702,2313.8999,1157.37,33882.3197,E2,N,N
11/18/2019,5:00,9016.3896,1335.85,3259.7,842.863,10219.4004,5073.5801,2242.77,1345.7,33336.2531,E3,N,N
11/18/2019,5:00,9012.5684,1361.4589,3401.1858,840.8327,10475.0332,5075.2886,2375.0444,1293.2131,33834.6251,M,Y,N
11/18/2019,6:00,9654.5576,1535.5516,3691.4329,864.9244,11628.7119,5658.5454,2676.7346,1436.6663,37147.1247,A3,N,N
11/18/2019,6:00,9839.8447,1545.7153,3475.2253,848.6059,12214.0645,6067.8599,2499.2771,1521.4355,38012.0282,A6,N,N
11/18/2019,6:00,9244.4199,1446.66,3402.6001,899.487,11565.2002,5599.7202,2495.77,1496.25,36150.1074,E,N,N
11/18/2019,6:00,9706.0195,1491.47,3368.3701,920.977,11137.5,5726.5801,2589.8501,1334.5601,36275.3269,E1,N,N
11/18/2019,6:00,9716.1602,1361.95,3446.9399,895.888,11665.0996,5611.5498,2474.8301,1244.95,36417.3676,E2,N,N
11/18/2019,6:00,9673.2002,1462.51,3245.55,910.008,11194.5996,5630.9102,2270.03,1399.42,35786.228,E3,N,N
11/18/2019,6:00,9628.5166,1473.4592,3432.5308,902.2697,11398.5391,5649.543,2505.4788,1361.347,36351.6842,M,Y,N
11/18/2019,7:00,10415.5449,1682.5341,3785.1074,949.4634,12777.2461,6264.4673,2949.7744,1530.0013,40354.1389,A3,N,N
11/18/2019,7:00,10606.7842,1701.4459,3600.918,959.0862,13315.2529,6815.6973,2844.0454,1577.0773,41420.3072,A6,N,N
11/18/2019,7:00,9970.0498,1606.99,3493.4199,980.097,12724.7998,6463.1602,2714.96,1599.28,39552.7567,E,N,N
11/18/2019,7:00,10481.9004,1651.79,3460.3799,1021.17,12514.5,6265.1401,2904.3201,1483.01,39782.2105,E1,N,N
11/18/2019,7:00,10503.2998,1551.51,3521.3401,984.399,13117,6311.77,2771.71,1381.1,40142.1289,E2,N,N
11/18/2019,7:00,10548.7998,1641.84,3378.28,1011.23,12472.0996,6125.4199,2548.29,1489.5699,39215.5292,E3,N,N
11/18/2019,7:00,10420.7305,1638.8535,3532.7869,995.3948,12713.6563,6266.5356,2786.4299,1479.5801,39833.9676,M,Y,N
11/18/2019,8:00,10643.8506,1675.0359,3817.5925,953.5747,12972.3291,6462.2178,2962.8572,1545.715,41033.1728,A3,N,N
11/18/2019,8:00,10755.2793,1706.2419,3674.1526,946.6196,13153.2227,6928.0259,2825.8784,1545.3737,41534.7941,A6,N,N
11/18/2019,8:00,10205,1647.83,3518.95,1010.2,13059.7998,6729.6299,2758.8301,1632.46,40562.6998,E,N,N
11/18/2019,8:00,10755.4004,1713.63,3517.7,1044.39,13035.2002,6624.1699,2958.8999,1512.62,41162.0104,E1,N,N
11/18/2019,8:00,10651.7998,1606.87,3577.1499,1008.85,13515.5,6490.5298,2860.79,1430.63,41142.1195,E2,N,N
11/18/2019,8:00,10716,1677.76,3472.99,1041.91,13078.5,6554.1802,2599.46,1573.5601,40714.3603,E3,N,N
11/18/2019,8:00,10635.9121,1673.4441,3589.0833,1019.2594,13161.3164,6566.2007,2832.7568,1526.4744,41004.4472,M,Y,N
11/18/2019,9:00,10596.1836,1617.0806,3798.6182,938.4266,12437.5459,6210.23,2939.7661,1439.8323,39977.6833,A3,N,N
11/18/2019,9:00,10660.5947,1646.105,3698.7805,917.171,12182.6914,6446.4375,2669.8057,1442.0675,39663.6533,A6,N,N
11/18/2019,9:00,10256.2002,1625.11,3466.79,1020.36,12662.4004,6582.27,2733.46,1582.4399,39929.0305,E,N,N
11/18/2019,9:00,10781.5996,1685.76,3461.98,1069.61,12718.4004,6333.0801,2972.6101,1442.83,40465.8702,E1,N,N
11/18/2019,9:00,10648,1600.86,3520.47,1012.5,13071.4004,6382.3799,2860.21,1329.38,40425.2003,E2,N,N
11/18/2019,9:00,10865,1665.6899,3467.9099,1052.86,12732.0996,6274.1802,2603.46,1446.58,40107.7796,E3,N,N
11/18/2019,9:00,10673.7207,1645.3789,3555.5347,1028.5908,12767.9688,6346.4727,2828.1677,1432.4816,40278.3159,M,Y,N
11/18/2019,10:00,10499.6777,1522.3035,3755.7112,917.6183,11315.0283,5989.0498,2923.5063,1336.9922,38259.8873,A3,N,N
11/18/2019,10:00,10310.4053,1534.8326,3767.2456,891.1267,11344.5732,6042.6416,2602.9395,1335.3951,37829.1596,A6,N,N
11/18/2019,10:00,10281.9004,1581.33,3430.04,1036.76,12176.4004,6377.1299,2769.46,1481.79,39134.8107,E,N,N
11/18/2019,10:00,10826.7002,1648.65,3459.0601,1068.86,12306.4004,6019.1699,2935.97,1347.91,39612.7206,E1,N,N
11/18/2019,10:00,10642.5,1578.36,3508.3401,1025.4301,12617.7002,6273.5298,2900.72,1240.77,39787.3502,E2,N,N
11/18/2019,10:00,10853.9004,1641.0699,3390.0901,1079.62,12305.0996,6031.9302,2562.3601,1393.29,39257.3603,E3,N,N
11/18/2019,10:00,10660.6191,1597.9672,3518.5127,1037.7748,12243.7285,6126.9297,2814.2317,1347.8403,39347.604,M,Y,N
11/18/2019,11:00,10397.1514,1414.9258,3684.564,876.3036,10933.5859,5770.7759,2926.0132,1275.9196,37279.2394,A3,N,N
11/18/2019,11:00,10179.7334,1409.1462,3766.2422,843.3215,10870.8867,5925.4185,2569.0127,1279.3274,36843.0886,A6,N,N
11/18/2019,11:00,10251.4004,1531.37,3400.6699,1023.56,11730.5996,6198.54,2795.6399,1421.2,38352.9798,E,N,N
11/18/2019,11:00,10883.2998,1630.49,3438.1001,1055.0601,12066.5,6002.1699,2961.03,1273.55,39310.1999,E1,N,N
11/18/2019,11:00,10560.2998,1536.37,3504.51,1006.81,12211.2002,6149.29,2918.1399,1179.1899,39065.8098,E2,N,N
11/18/2019,11:00,10900,1581.9399,3388.49,1063.7,11970.5996,5900.7002,2570.1799,1346.55,38722.1596,E3,N,N
11/18/2019,11:00,10646.5762,1540.3064,3490.936,1018.8754,11895.0977,6009.2041,2828.5283,1286.9624,38716.4865,M,Y,N
11/18/2019,12:00,10256.4238,1325.9242,3626.8218,846.2496,10694.2051,5604.0635,2939.9407,1243.4816,36537.1103,A3,N,N
11/18/2019,12:00,10060.1172,1311.5182,3676.696,810.8406,10685.0879,5658.3584,2531.0186,1252.9705,35986.6074,A6,N,N
11/18/2019,12:00,10149.5,1477.8,3374.53,992.965,11333.7002,6039.9399,2816.74,1373.9301,37559.1052,E,N,N
11/18/2019,12:00,10644.5996,1557.73,3411.99,1019.84,11736.5996,5850.1299,2968.1899,1241.74,38430.819,E1,N,N
11/18/2019,12:00,10407.4004,1497.34,3454.96,972.771,11826.5996,6023.73,2920,1135.9301,38238.7311,E2,N,N
11/18/2019,12:00,10667.7002,1538.0699,3373.54,1027.9399,11557.0996,5804.8101,2553.6799,1284.62,37807.4596,E3,N,N
11/18/2019,12:00,10461.793,1477.3235,3456.7742,985.0396,11533.5625,5875.168,2832.5449,1242.749,37864.9547,M,Y,N
11/18/2019,13:00,10098.2715,1273.1866,3567.3284,824.1739,10519.1523,5560.0952,2950.5027,1248.6736,36041.3842,A3,N,N
11/18/2019,13:00,10049.7793,1240.9497,3564.564,782.5854,10661.8662,5552.9937,2503.2896,1236.1857,35592.2136,A6,N,N
11/18/2019,13:00,10040.4004,1432.22,3342.8101,964.987,11009.5,5920.98,2848.1599,1312.25,36871.3074,E,N,N
11/18/2019,13:00,10552,1516.8199,3384.01,1024.62,11461.7002,5714.4902,2989.1899,1214.91,37857.7402,E1,N,N
11/18/2019,13:00,10152.2998,1460.47,3430.6299,942.177,11468.2998,5899.5601,2917.25,1105.0601,37375.7467,E2,N,N
11/18/2019,13:00,10635.7002,1481.1,3327.95,996.667,11213.5996,5691.3701,2504.52,1256.5601,37107.467,E3,N,N
11/18/2019,13:00,10345.5811,1429.3629,3416.5022,964.5111,11226.9824,5761.4893,2831.7295,1214.248,37190.4065,M,Y,N
11/18/2019,14:00,10220.4443,1265.052,3580.2136,851.9218,10624.2344,5604.0898,3009.2498,1236.0931,36391.2988,A3,N,N
11/18/2019,14:00,10219.2861,1155.4377,3564.8269,800.7172,10850.4443,5540.8687,2542.6938,1192.457,35866.7317,A6,N,N
11/18/2019,14:00,10081.9004,1406.09,3344.02,947.709,10779.4004,5866.9199,2891.8301,1275.26,36593.1298,E,N,N
11/18/2019,14:00,10625.4004,1503.58,3391.3301,988.989,11366.7998,5662.6299,3007.3501,1202.8101,37748.8894,E1,N,N
11/18/2019,14:00,10081.0996,1440.36,3424.96,920.66,11226.7998,5820,2941.1201,1093.96,36948.9595,E2,N,N
11/18/2019,14:00,10635.4004,1483.9301,3406.8899,978.477,10888.4004,5617.0801,2425.5601,1237.49,36673.228,E3,N,N
11/18/2019,14:00,10390.6855,1418.9468,3440.7307,946.9854,11045.9551,5708.8037,2839.6587,1197.4841,36989.25,M,Y,N
11/18/2019,15:00,10303.6699,1279.6886,3557.7539,847.613,10665.2695,5672.8486,3056.7837,1281.649,36665.2762,A3,N,N
11/18/2019,15:00,10386.8301,1149.5033,3569.4104,782.3436,10904.4229,5618.8423,2588.4307,1188.4078,36188.1911,A6,N,N
11/18/2019,15:00,10148.5996,1384.89,3351.6201,928.529,10631.0996,5843.9399,2934.3799,1314.8199,36537.878,E,N,N
11/18/2019,15:00,10553.5,1479.53,3400.6399,954.669,10884.2998,5638.9702,3086.0601,1192.26,37189.929,E1,N,N
11/18/2019,15:00,10052.4004,1413.38,3419.02,897.575,11031.5,5755.73,2958.77,1103.2,36631.5754,E2,N,N
11/18/2019,15:00,10488.7998,1450.67,3321.4099,959.302,10887.5,5644.0898,2398.5801,1257.35,36407.7016,E3,N,N
11/18/2019,15:00,10361.6172,1402.2559,3416.281,924.9042,10862.8711,5699.2964,2871.9998,1212.7611,36751.9867,M,Y,N
11/18/2019,16:00,10294.4658,1307.0039,3599.4272,851.1669,10816.3438,5788.6772,3144.4006,1273.9508,37075.4362,A3,N,N
11/18/2019,16:00,10388.4531,1155.4878,3601.5085,781.387,11125.5313,5714.7148,2685.4189,1182.9637,36635.4651,A6,N,N
11/18/2019,16:00,10265.0996,1380.65,3347.8301,900.619,10551,5872.0698,2989.5801,1306.9301,36613.7787,E,N,N
11/18/2019,16:00,10534.4004,1485.51,3398.55,932.652,10939.0996,5657.6602,3019.1299,1180.88,37147.8821,E1,N,N
11/18/2019,16:00,10112.2002,1400.74,3412.21,873.607,10929.0996,5772.6401,2974.1499,1121.51,36596.1568,E2,N,N
11/18/2019,16:00,10573.5,1440.05,3407.73,932.567,10910.7002,5650.3101,2422.4399,1223.22,36560.5172,E3,N,N
11/18/2019,16:00,10397.7539,1405.8147,3446.4321,903.6797,10865.6426,5727.7461,2891.959,1204.0126,36843.0407,M,Y,N
11/18/2019,17:00,10333.5693,1353.9066,3593.7417,853.4038,11177.0498,6010.6284,3271.7104,1338.2711,37932.2811,A3,N,N
11/18/2019,17:00,10446.9473,1182.1411,3614.4885,784.4795,11510.5732,5883.5942,2860.0288,1256.0728,37538.3254,A6,N,N
11/18/2019,17:00,10404.7998,1399.33,3357.75,867.375,10679.7002,5994.7402,3010.29,1337.14,37051.1252,E,N,N
11/18/2019,17:00,10396,1487.51,3394.9299,881.252,10880.7998,5623.3101,3077.03,1234.17,36975.0018,E1,N,N
11/18/2019,17:00,10204.4004,1409.28,3416.5601,837.548,11043.4004,5900.9399,2976.4199,1166.29,36954.8387,E2,N,N
11/18/2019,17:00,10493.9004,1456.75,3391.6599,890.833,11106.7998,5703.23,2476.4199,1273.4301,36793.0231,E3,N,N
11/18/2019,17:00,10382.0176,1425.6179,3441.8718,867.5056,10989.8447,5807.541,2954.6289,1252.8989,37121.9264,M,Y,N
11/18/2019,18:00,10642.2383,1453.0891,3641.3477,879.1948,11793.8906,6343.3252,3423.9224,1387.6747,39564.6828,A3,N,N
11/18/2019,18:00,10790.2744,1278.8325,3668.8923,815.5878,12121.1826,6213.6851,3060.3743,1327.0195,39275.8485,A6,N,N
11/18/2019,18:00,10627.5,1470.6,3371.53,876.574,11167.9004,6285.25,3023.99,1384.97,38208.3144,E,N,N
11/18/2019,18:00,10661.5996,1544.3199,3397.9299,907.525,11676.7002,5850.3101,3113.8601,1261.41,38413.6548,E1,N,N
11/18/2019,18:00,10520.2998,1481.74,3429.4199,854.274,11633.7002,6187.6602,2995.8701,1225.39,38328.3542,E2,N,N
11/18/2019,18:00,10685.2002,1546.83,3374.22,902.875,11614,5984.27,2565.05,1324.25,37996.6952,E3,N,N
11/18/2019,18:00,10640.7344,1505.1023,3453.4932,885.6396,11601.3242,6084.1318,3028.1907,1299.3431,38497.9593,M,Y,N
11/18/2019,19:00,10740.1455,1499.2617,3720.207,900.4946,12042.1777,6555.9805,3583.4409,1434.7417,40476.4496,A3,N,N
11/18/2019,19:00,10827.3711,1356.84,3753.3672,825.9381,12299.5195,6423.0088,3211.4497,1394.424,40091.9184,A6,N,N
11/18/2019,19:00,10670.2998,1534.99,3443.6201,906.702,11617.7998,6676.5601,3087.3401,1433.61,39370.9219,E,N,N
11/18/2019,19:00,10963.5996,1593.1,3450.3999,957.244,12044.5,6289.1899,3205.72,1365.8199,39869.5733,E1,N,N
11/18/2019,19:00,10620.0996,1549.5,3497.8501,891.584,12166.7998,6454.23,3152.78,1311.12,39643.9635,E2,N,N
11/18/2019,19:00,10924.7998,1563.29,3463.77,939.565,11999.9004,6316.73,2725.51,1392.4399,39326.0051,E3,N,N
11/18/2019,19:00,10818.4365,1549.4742,3526.2778,922.9978,12010.2969,6419.1055,3158.6826,1375.8889,39781.1602,M,Y,N
11/18/2019,20:00,10676.1299,1488.8835,3706.3174,876.4575,11810.5215,6385.6475,3530.739,1425.2417,39899.938,A3,N,N
11/18/2019,20:00,10639.8672,1440.3986,3741.1367,813.5806,12179.8066,6405.0537,3152.7844,1386.5522,39759.18,A6,N,N
11/18/2019,20:00,10442.7002,1541.95,3460.8799,907.825,11578.5996,6605.6699,3028.98,1482.3101,39048.9147,E,N,N
11/18/2019,20:00,10717.5,1580.61,3453.96,949.127,12031.9004,6272.3198,3211.3201,1367.5699,39584.3072,E1,N,N
11/18/2019,20:00,10403.5,1543.4399,3519.4199,896.111,12083.9004,6350.9702,3137.52,1329.54,39264.4014,E2,N,N
11/18/2019,20:00,10915.7002,1566.22,3479.3999,934.155,11977.2002,6279.5098,2733.4099,1409.91,39295.505,E3,N,N
11/18/2019,20:00,10683.1074,1544.6021,3532.4565,917.8836,11946.8896,6349.6147,3139.6797,1390.199,39504.4326,M,Y,N
11/18/2019,21:00,10505.0791,1457.4783,3681.3694,859.5109,11540.1787,6111.4165,3459.1189,1400.0483,39014.2001,A3,N,N
11/18/2019,21:00,10417.9199,1451.0323,3694.0332,816.5833,11714.2422,6177.0176,3087.9136,1371.1685,38729.9106,A6,N,N
11/18/2019,21:00,10193.4004,1533.3,3454.55,900.312,11430.4004,6416.21,2959.0901,1484.64,38371.9029,E,N,N
11/18/2019,21:00,10668.5996,1589.88,3444.8701,933.971,12051.2998,6218.5898,3163.25,1378.0601,39448.5204,E1,N,N
11/18/2019,21:00,10224.2998,1533.36,3518.71,888.61,11944.2998,6218.3101,3099.1399,1346.99,38773.7196,E2,N,N
11/18/2019,21:00,10686.9004,1572.29,3453.3301,926.007,11975,6226.71,2724.8101,1424.75,38989.7976,E3,N,N
11/18/2019,21:00,10517.3574,1538.2446,3516.5498,907.1249,11863.9727,6231.8555,3094.0737,1398.0361,39067.2147,M,Y,N
11/18/2019,22:00,10153.0908,1399.8071,3664.2952,834.1858,11107.5791,5846.7383,3319.8193,1364.896,37690.4116,A3,N,N
11/18/2019,22:00,9999.9053,1439.8405,3640.9668,807.9738,11169.8086,5969.6333,2976.0273,1341.625,37345.7806,A6,N,N
11/18/2019,22:00,9787.2803,1487.53,3411.4299,872.984,11032.7998,6028.8198,2844.6101,1434.16,36899.6139,E,N,N
11/18/2019,22:00,10280.5,1572.92,3415.1899,834.389,11491.5996,5924.98,3033.71,1329.6801,37882.9686,E1,N,N
11/18/2019,22:00,9863.3701,1483.9,3481.0901,863.242,11505.9004,5947.2998,3006.9199,1307.34,37459.0623,E2,N,N
11/18/2019,22:00,10314.2002,1520.95,3385.29,893.297,11566.2002,5951.0698,2600.22,1374.67,37605.8972,E3,N,N
11/18/2019,22:00,10143.2793,1494.8481,3477.7588,861.1282,11408.4717,5940.2822,2969.8787,1352.8044,37648.4514,M,Y,N
11/18/2019,23:00,9649.21,1326.2949,3633.5347,786.6212,10468.7969,5424.2017,3110.1982,1310.7584,35709.616,A3,N,N
11/18/2019,23:00,9489.6748,1375.0283,3627.5398,761.3473,10418.9707,5510.5898,2808.3833,1307.2733,35298.8073,A6,N,N
11/18/2019,23:00,9224.3398,1417.5699,3346.47,831.417,10365.2998,5553.3501,2690.53,1403.48,34832.4566,E,N,N
11/18/2019,23:00,9728.6299,1459.95,3372.5701,869.028,10809.2002,5592.3101,2884.21,1311.47,36027.3683,E1,N,N
11/18/2019,23:00,9328.6904,1393.8101,3424.5801,819.081,10749.7002,5522.8198,2829.04,1240.53,35308.2516,E2,N,N
11/18/2019,23:00,9888.3096,1439.53,3382.79,842.784,10940.2002,5590.8701,2422.8799,1400.47,35907.8338,E3,N,N
11/18/2019,23:00,9635.666,1407.8662,3443.605,834.978,10729.0371,5548.6943,2794.2683,1327.3972,35721.5121,M,Y,N
11/18/2019,24:00,9146.709,1264.444,3604.9456,748.2205,9798.1699,5125.104,2912.825,1266.8185,33867.2365,A3,N,N
11/18/2019,24:00,8982.3291,1329.3623,3644.4978,731.7534,9713.6348,5250.0835,2621.5762,1282.6538,33555.8909,A6,N,N
11/18/2019,24:00,8715.3398,1347.3199,3293.3501,795.728,9768.6602,5093.8198,2529.6101,1373.73,32917.5579,E,N,N
11/18/2019,24:00,9315.2695,1383.03,3342.03,821.645,9922.6602,5183.0098,2673.7,1263.2,33904.5445,E1,N,N
11/18/2019,24:00,8821.0098,1298.55,3388.77,777.217,10030.2002,5126.96,2629.47,1170.98,33243.157,E2,N,N
11/18/2019,24:00,9378.1602,1352.63,3301.26,799.851,10202.4004,5184.4199,2280.5,1325.54,33824.7615,E3,N,N
11/18/2019,24:00,9152.0781,1330.7598,3397.3237,792.6718,9984.668,5150.9629,2611.6411,1269.9985,33690.1039,M,Y,N
11/19/2019,1:00,8891.4053,1217.9974,3553.8672,725.2661,9482.0205,4949.5151,2688.7903,1268.9346,32777.7965,A3,N,N
11/19/2019,1:00,8701.1699,1300.5245,3553.5984,685.3814,9567.5605,5068.7695,2426.5039,1274.196,32577.7041,A6,N,N
11/19/2019,1:00,8649.0898,1303.1899,3254.76,772.481,9935.0898,4853.3501,2462.2,1348.64,32578.8006,E,N,N
11/19/2019,1:00,9030.0898,1337.79,3307.1001,782.827,9560.9297,4904.8999,2532.0801,1235.2,32690.9166,E1,N,N
11/19/2019,1:00,8682.9004,1180.0699,3341.72,750.76,9710.0498,4900.4702,2471.1299,1110.63,32147.7302,E2,N,N
11/19/2019,1:00,9091.8799,1302.4301,3208.72,773.526,9785.6699,4920.98,2366.71,1286.55,32736.4659,E3,N,N
11/19/2019,1:00,8919.8418,1274.9618,3341.9819,763.9966,9691.3008,4906.9458,2513.5613,1235.2917,32647.8817,M,Y,N
11/19/2019,2:00,8762.4102,1201.7059,3561.4333,744.7515,9454.7773,4886.7461,2633.4348,1265.4031,32510.6622,A3,N,N
11/19/2019,2:00,8590.1963,1278.6746,3533.5,735.0314,9550.7021,5120.1001,2373.5496,1294.959,32476.7131,A6,N,N
11/19/2019,2:00,8468.1904,1266.97,3252.01,759.065,9676.7803,4689.8999,2399.1399,1329.76,31841.8155,E,N,N
11/19/2019,2:00,8827.5996,1318.83,3301.45,759.154,9259.3496,4746.1499,2435.1101,1214.5,31862.1432,E1,N,N
11/19/2019,2:00,8554.6602,1139.4399,3325.96,740.794,9459.4404,4712.02,2378.1299,1077.96,31388.4044,E2,N,N
11/19/2019,2:00,8921.6602,1286.58,3176.8301,756.268,9574.2803,4761.8301,2288.3401,1271.36,32037.1488,E3,N,N
11/19/2019,2:00,8755.7734,1252.5802,3332.1748,752.0311,9464.7129,4752.0806,2436.3801,1215.3503,31961.0834,M,Y,N
11/19/2019,3:00,8684.9912,1231.3932,3586.0156,762.6194,9674.6592,4909.1709,2621.3906,1274.869,32745.1091,A3,N,N
11/19/2019,3:00,8563.8721,1320.1536,3533.259,756.2327,9823.4629,5030.1548,2370.9275,1326.717,32724.7796,A6,N,N
11/19/2019,3:00,8367.9404,1257.79,3262.95,760.765,9534.6797,4625.46,2375.1001,1323,31507.6852,E,N,N
11/19/2019,3:00,8824.3496,1265.4,3313.3601,761.251,9199.5596,4684.9399,2395.8,1225.2,31669.8602,E1,N,N
11/19/2019,3:00,8506.7803,1133.16,3333.5701,745.119,9362.9697,4621.5801,2333.05,1064.53,31100.7592,E2,N,N
11/19/2019,3:00,8862.3301,1266.6801,3207.48,760.356,9440.4004,4642.5,2260.75,1267.9,31708.3966,E3,N,N
11/19/2019,3:00,8702.2578,1239.7371,3351.2788,757.1046,9401.9004,4679.084,2408.0039,1214.1411,31753.5077,M,Y,N
11/19/2019,4:00,8736.7627,1274.9415,3611.7759,775.3457,9827.8203,4989.96,2596.3037,1291.7816,33104.6914,A3,N,N
11/19/2019,4:00,8614.2227,1366.1279,3523.554,755.0986,10036.3037,5044.1284,2331.845,1388.9365,33060.2168,A6,N,N
11/19/2019,4:00,8366.8896,1266.03,3279.73,769.013,9562.21,4614.8101,2349.24,1327.96,31535.8827,E,N,N
11/19/2019,4:00,8869.2695,1300.35,3322.8201,781.46,9242.1797,4693.6401,2408.3799,1240.0699,31858.1692,E1,N,N
11/19/2019,4:00,8541.79,1139.76,3345.96,753.627,9392.1699,4609.2998,2322.5701,1076.35,31181.5268,E2,N,N
11/19/2019,4:00,8896.8799,1270.65,3200.95,767.106,9535.1396,4666.2598,2221.8701,1267.27,31826.1254,E3,N,N
11/19/2019,4:00,8739.3125,1262.2091,3362.0979,768.5931,9466.126,4692.8965,2390.6147,1223.3903,31905.2401,M,Y,N
11/19/2019,5:00,8991.9805,1340.7222,3649.718,805.6608,10228.9609,5186.644,2658.0769,1311.6873,34173.4506,A3,N,N
11/19/2019,5:00,8889.415,1418.9379,3550.8281,777.7004,10348.2813,5342.9463,2402.1938,1415.6138,34145.9166,A6,N,N
11/19/2019,5:00,8587.21,1321.23,3304.3601,795.282,9946.1904,4755.6299,2363.9299,1363.41,32437.2423,E,N,N
11/19/2019,5:00,9133.9697,1374.29,3341.6299,798.965,9664.04,4803.7998,2439.0601,1281.96,32837.7145,E1,N,N
11/19/2019,5:00,8775.0596,1187.5601,3365.28,775.932,9725.8799,4738.23,2362.9399,1126.01,32056.8915,E2,N,N
11/19/2019,5:00,9088.4102,1338.4301,3201.9199,791.984,9884.4004,4834.2002,2248.26,1297.25,32684.8548,E3,N,N
11/19/2019,5:00,8973.873,1326.9594,3382.0217,791.8381,9840.4746,4836.8418,2427.208,1260.6921,32839.9087,M,Y,N
11/19/2019,6:00,9572.0996,1434.3854,3699.7334,859.5582,10939.1914,5556.7632,2793.7124,1376.056,36231.4996,A3,N,N
11/19/2019,6:00,9486.2656,1510.4536,3616.1458,829.3286,10952.5352,5749.52,2528.5046,1481.1957,36153.9491,A6,N,N
11/19/2019,6:00,9200.7598,1437.9301,3352.5701,863.675,10960.5996,5198.0098,2484.26,1442.71,34940.5144,E,N,N
11/19/2019,6:00,9689.4199,1457.85,3392.8101,862.31,10590.2998,5386.25,2611.28,1343.15,35333.3698,E1,N,N
11/19/2019,6:00,9419.8096,1290.21,3411.8101,832.418,10623.9004,5139.46,2527.03,1229.79,34474.4281,E2,N,N
11/19/2019,6:00,9742.9902,1449.97,3200.99,865.625,10851.2002,5296.8198,2261.7,1338.95,35008.2452,E3,N,N
11/19/2019,6:00,9578.6982,1426.5688,3418.9309,855.4924,10753.8242,5299.979,2543.0842,1330.3184,35206.8961,M,Y,N
11/19/2019,7:00,10301.6201,1571.4022,3797.5745,926.5409,11818.4414,6071.2744,3095.5256,1459.608,39041.9871,A3,N,N
11/19/2019,7:00,10182.7852,1642.026,3764.4597,898.892,11849.6201,6363.2544,2848.9121,1519.3645,39069.314,A6,N,N
11/19/2019,7:00,9974.7197,1606.9301,3413.03,959.617,12431.5,5858.4199,2713.45,1513.72,38471.3867,E,N,N
11/19/2019,7:00,10467.2998,1621.64,3482.02,948.013,11884.9004,5826.1299,2927.3401,1407.02,38564.3632,E1,N,N
11/19/2019,7:00,10274.7998,1471.87,3470.3601,914.033,12047.5,5792,2847.4099,1371.65,38189.6228,E2,N,N
11/19/2019,7:00,10475.2998,1606.34,3321.6899,979.992,12120.2002,5741.1602,2558.02,1468.01,38270.7121,E3,N,N
11/19/2019,7:00,10342.2451,1584.6956,3510.7446,946.2792,12044.3926,5831.0342,2840.3291,1433.3359,38533.0563,M,Y,N
11/19/2019,8:00,10451.6211,1575.2351,3827.3567,922.6529,11786.042,6131.0029,3082.199,1471.7557,39247.8654,A3,N,N
11/19/2019,8:00,10294.7227,1627.0063,3832.771,887.5636,11796.8701,6338.1152,2828.2908,1477.2317,39082.5714,A6,N,N
11/19/2019,8:00,10172.2002,1652.11,3427.0801,993.448,12893.4004,6063.3701,2746.3701,1555.41,39503.3889,E,N,N
11/19/2019,8:00,10644,1654.99,3511.79,996.768,12438.7002,6321.1899,2994.6899,1453.24,40015.368,E1,N,N
11/19/2019,8:00,10425.2002,1515.5601,3488.4099,935.357,12450.2002,5965.1699,2914.1101,1406.9399,39100.9473,E2,N,N
11/19/2019,8:00,10845.2002,1658.71,3390.6899,1008.21,12595.7002,6262.5,2608.1499,1510.95,39880.1102,E3,N,N
11/19/2019,8:00,10559.8799,1618.1925,3546.8955,974.5963,12456.0801,6161.5117,2878.8198,1471.1782,39667.154,M,Y,N
11/19/2019,9:00,10349.6523,1495.1582,3781.4897,895.0406,11313.0479,5924.4614,2951.2788,1394.7469,38104.8758,A3,N,N
11/19/2019,9:00,10182.5293,1505.5894,3803.5339,857.7224,11461.0547,6141.689,2669.811,1375.9113,37997.841,A6,N,N
11/19/2019,9:00,10259.4004,1642.72,3387.73,1009.42,12617.5,5983.1899,2708.3899,1526.1801,39134.5303,E,N,N
11/19/2019,9:00,10653,1606.15,3462.03,951.525,12089.5996,5875.2998,2991.03,1374.54,39003.1744,E1,N,N
11/19/2019,9:00,10413.0996,1510.8101,3456.74,939.281,12161.5996,5880.9502,2883.71,1329.14,38575.3305,E2,N,N
11/19/2019,9:00,10713.9004,1633.5699,3374.3,1023.23,12186.5,5925.54,2556.23,1414.9,38828.1703,E3,N,N
11/19/2019,9:00,10513.2012,1577.9108,3510.0137,966.5666,12100.7432,5908.9033,2823.6475,1394.7609,38795.7472,M,Y,N
11/19/2019,10:00,10299.6689,1401.6697,3710.5662,868.8171,10746.4424,5701.6187,2924.6443,1305.7562,36959.1835,A3,N,N
11/19/2019,10:00,10064.2188,1388.2545,3755.9839,832.5971,10684.3232,5939.4741,2606.4978,1282.6489,36553.9983,A6,N,N
11/19/2019,10:00,10362.9004,1609.76,3357.21,1036.98,12317.5,5925.9399,2738.28,1425.22,38773.7903,E,N,N
11/19/2019,10:00,10674,1588.91,3447,1009.59,11932.5996,5713.9302,2941.9099,1289.64,38597.5797,E1,N,N
11/19/2019,10:00,10381.5,1483.64,3434.3701,950.706,11918.5,5833.9102,2906.4199,1213.36,38122.4062,E2,N,N
11/19/2019,10:00,10774.9004,1595.72,3314.54,1058.1,12007.2002,5798.8301,2510.1399,1312.61,38372.0406,E3,N,N
11/19/2019,10:00,10530.1924,1533.25,3466.9739,992.8236,11847.5674,5790.1123,2799.761,1295.2744,38255.955,M,Y,N
11/19/2019,11:00,10214.9404,1326.2258,3653.4084,848.2392,10587.5967,5620.7793,2929.7075,1264.189,36445.0863,A3,N,N
11/19/2019,11:00,10059.1846,1250.688,3714.0554,804.7354,10398.4766,5745.1523,2588.3672,1242.2788,35802.9383,A6,N,N
11/19/2019,11:00,10444.0996,1578.8101,3334.9199,1036.15,12091,5905.77,2775.23,1373.84,38539.8196,E,N,N
11/19/2019,11:00,10791.0996,1567.9,3432.6899,1013.19,11775.5,5828.23,2966.5701,1268.98,38644.1596,E1,N,N
11/19/2019,11:00,10317.2002,1455.49,3434.6499,939.056,11723.9004,5797.8198,2924.5701,1158.1,37750.7864,E2,N,N
11/19/2019,11:00,10905.2002,1563.08,3304.1299,1056.85,11885.0996,5790.25,2509.25,1277.29,38291.1497,E3,N,N
11/19/2019,11:00,10572.9727,1493.589,3443.7534,987.8226,11680.9492,5794.8936,2813.8569,1255.8461,38043.6835,M,Y,N
11/19/2019,12:00,10286.4512,1267.1484,3607.8381,833.0746,10584.5664,5576.2568,2963.2449,1242.27,36360.8504,A3,N,N
11/19/2019,12:00,10153.7109,1200.1495,3639.5081,785.3251,10501.209,5595.5503,2572.6084,1232.2802,35680.3415,A6,N,N
11/19/2019,12:00,10482.5996,1560.4301,3323.6599,1008.91,11890.7998,5919.3701,2821.27,1348.04,38355.0795,E,N,N
11/19/2019,12:00,10757.7002,1524.15,3420.4199,960.421,11587.2998,5747.7798,3024.78,1219.51,38242.0607,E1,N,N
11/19/2019,12:00,10247.4004,1441.24,3395.74,916.128,11526.4004,5784.9702,2943.3,1133.77,37388.949,E2,N,N
11/19/2019,12:00,10832.2002,1537.28,3284.03,1021.59,11652.2002,5793.2598,2505.0901,1272.08,37897.7303,E3,N,N
11/19/2019,12:00,10560.3379,1457.3535,3417.9971,954.7828,11500.8955,5768.4561,2843.8501,1230.1288,37733.8018,M,Y,N
11/19/2019,13:00,10426.9004,1248.4569,3561.5762,822.6575,10582.8184,5659.1187,3000.377,1252.2272,36554.1323,A3,N,N
11/19/2019,13:00,10407.3867,1203.6008,3544.8511,767.3477,10721.8955,5627.6709,2571.9956,1230.0918,36074.8401,A6,N,N
11/19/2019,13:00,10521.5,1554.85,3312.0801,987.693,11751.2998,5972.52,2894.6001,1329.35,38323.893,E,N,N
11/19/2019,13:00,10720.7998,1518.9,3413.78,978.356,11440.9004,5881.5601,3051.98,1202.35,38208.6263,E1,N,N
11/19/2019,13:00,10134.7998,1430.9,3382.0901,896.796,11367.7998,5793.6699,2977.22,1120.09,37103.3656,E2,N,N
11/19/2019,13:00,10858.7998,1518.0601,3256.0601,996.52,11507.5996,5782.6699,2471.6499,1238.48,37629.8394,E3,N,N
11/19/2019,13:00,10583.6621,1444.573,3394.6255,944.2118,11370.8398,5818.4297,2864.979,1212.9271,37634.248,M,Y,N
11/19/2019,14:00,10538.6318,1266.8038,3583.9773,859.0772,10795.5918,5797.1855,3089.0779,1251.0203,37181.3656,A3,N,N
11/19/2019,14:00,10728.3955,1170.9655,3560.1331,794.4374,11072.1318,5722.853,2634.918,1197.5485,36881.3828,A6,N,N
11/19/2019,14:00,10674.4004,1559.67,3315.48,986.227,11696.7998,6076.5801,2991.8601,1302.17,38603.1874,E,N,N
11/19/2019,14:00,10917.5,1544.87,3429.74,971.077,11479.2002,5846.9199,3131.45,1211.34,38532.0971,E1,N,N
11/19/2019,14:00,10154.2002,1435.63,3381.45,894.844,11309.7002,5851.1499,3044.1101,1152.41,37223.4944,E2,N,N
11/19/2019,14:00,11016.7998,1531.12,3337.46,994.186,11415.7002,5908.04,2371.8501,1225.02,37800.1761,E3,N,N
11/19/2019,14:00,10721.8076,1460.111,3424.9104,945.6898,11362.6982,5885.748,2902.5908,1216.3413,37919.8971,M,Y,N
11/19/2019,15:00,10762.3672,1307.8419,3567.5239,860.5526,10878.4561,5933.3926,3154.0237,1305.0526,37769.2106,A3,N,N
11/19/2019,15:00,11027.0342,1159.2526,3576.0286,782.3704,11196.1279,5878.8696,2696.1948,1201.7631,37517.6412,A6,N,N
11/19/2019,15:00,10801.2002,1554.92,3316.55,977.913,11647.0996,6171.3901,3081.4299,1324.8199,38875.3227,E,N,N
11/19/2019,15:00,10973.5996,1509.9301,3438.3201,947.02,10978.4004,6027.7998,3209.8,1205.5601,38290.4301,E1,N,N
11/19/2019,15:00,10163.5996,1430.15,3378.1101,885.148,11237.9004,5909.79,3098.9099,1188.2,37291.808,E2,N,N
11/19/2019,15:00,10931.7002,1462.8101,3290.47,984.679,10969.7998,5905.1602,2374.3799,1237.76,37156.7592,E3,N,N
11/19/2019,15:00,10787.5166,1443.2793,3410.9109,934.02,11112.2197,5973.7852,2957.0935,1236.614,37855.4392,M,Y,N
11/19/2019,16:00,10792.8242,1357.4338,3613.9897,863.1857,11042.2236,6070.9355,3265.2793,1303.0415,38308.9133,A3,N,N
11/19/2019,16:00,11153.2158,1160.9395,3616.5266,784.2432,11439.2822,6016.8145,2817.9858,1201.9696,38190.9772,A6,N,N
11/19/2019,16:00,10944.7002,1548.09,3309.48,956.386,11604.5,6242.25,3150.1499,1344.15,39099.7061,E,N,N
11/19/2019,16:00,10948.9004,1496.79,3433.1299,951.607,11067,5993.54,3185.21,1221.22,38297.3973,E1,N,N
11/19/2019,16:00,10198.5,1429.9,3368.78,871.783,11200.7002,5985.3301,3130.25,1216.96,37402.2033,E2,N,N
11/19/2019,16:00,11159.7998,1492.1,3348.0701,962.896,11117.7998,6049.48,2440.3201,1253.05,37823.5158,E3,N,N
11/19/2019,16:00,10868.2813,1458.8297,3433.5798,924.0179,11177.2158,6046.2358,3007.7524,1253.7064,38169.6191,M,Y,N
11/19/2019,17:00,10734.7529,1408.5634,3608.6223,866.7969,11366.3467,6275.6206,3396.5918,1368.2202,39025.5148,A3,N,N
11/19/2019,17:00,11146.3281,1188.9124,3633.8401,788.3079,11784.4434,6163.8789,2987.3145,1278.4329,38971.4582,A6,N,N
11/19/2019,17:00,11005.5996,1555.33,3308.8101,918.469,11723.2998,6331.8599,3181.3701,1383.1899,39407.9284,E,N,N
11/19/2019,17:00,10710.0996,1467.1,3427.23,898.406,11114.9004,6106.02,3218.25,1280.03,38222.036,E1,N,N
11/19/2019,17:00,10245,1440.1899,3369.47,839.57,11302.7002,6088.98,3137.21,1267.36,37690.4801,E2,N,N
11/19/2019,17:00,10854.5,1458.33,3222.72,916.241,11387.4004,6065.54,2469.78,1310.22,37684.7314,E3,N,N
11/19/2019,17:00,10731.1631,1457.9382,3399.4282,886.7125,11337.4551,6141.0703,3060.9783,1308.3289,38323.0746,M,Y,N
11/19/2019,18:00,10960.4326,1491.8577,3655.0425,887.7603,11901.7734,6595.8672,3551.3337,1415.1124,40459.1798,A3,N,N
11/19/2019,18:00,11340.29,1291.9019,3689.5745,817.3112,12302.791,6501.8472,3186.6394,1349.1752,40479.5304,A6,N,N
11/19/2019,18:00,11090.2998,1596.61,3316.3601,923.935,12179.2998,6489.1699,3184.3301,1440.9301,40220.9348,E,N,N
11/19/2019,18:00,10785.7998,1570.58,3427.3301,894.25,11658,6192.9302,3216.5801,1297.08,39042.5502,E1,N,N
11/19/2019,18:00,10493.7998,1491.61,3380.5801,848.615,11795.7002,6284.8999,3127.3701,1315.76,38738.3351,E2,N,N
11/19/2019,18:00,10987.7998,1561.83,3304.28,919.843,11705.9004,6182.3101,2540.1299,1381.4399,38583.5331,E3,N,N
11/19/2019,18:00,10881.5205,1542.0945,3433.7808,892.1389,11800.0352,6300.665,3115.9734,1355.5752,39321.7835,M,Y,N
11/19/2019,19:00,11022.2002,1512.3628,3732.7285,903.8739,12091.8232,6711.978,3699.4478,1461.6675,41136.0819,A3,N,N
11/19/2019,19:00,11219.4482,1334.2711,3774.2549,824.4273,12383.0684,6574.6611,3328.228,1414.3436,40852.7026,A6,N,N
11/19/2019,19:00,10977.5996,1630.03,3368.98,955.607,12587.7002,6684.5498,3220.3999,1484.61,40909.4765,E,N,N
11/19/2019,19:00,11180.2998,1556.26,3488.0601,925.266,12148.7002,6435.1099,3274.1101,1367.8,40375.6061,E1,N,N
11/19/2019,19:00,10550.7998,1537.61,3436.3999,883.753,12235.5,6455.5601,3233.3799,1369.28,39702.2827,E2,N,N
11/19/2019,19:00,11173.4004,1595.16,3356.4099,963.257,12246.0996,6442.21,2726.0901,1410.8,39913.427,E3,N,N
11/19/2019,19:00,11035.0254,1561.9008,3494.9724,925.5042,12242.5156,6507.7861,3231.6343,1405.2546,40404.5934,M,Y,N
11/19/2019,20:00,10777.5391,1492.1748,3714.9893,877.181,11815.5146,6461.9224,3621.8064,1441.9994,40203.127,A3,N,N
11/19/2019,20:00,10856.3398,1358.9773,3761.6011,809.9227,12200.2139,6498.1611,3261.8403,1400.936,40147.9922,A6,N,N
11/19/2019,20:00,10633.7998,1606.5699,3371.5701,950.962,12410.7998,6539.5498,3138.3601,1476.29,40127.9015,E,N,N
11/19/2019,20:00,10945.0996,1586.24,3473.8601,933.084,12101.7998,6445.9199,3246.9399,1352.9399,40085.8832,E1,N,N
11/19/2019,20:00,10345.0996,1519.1,3452.4199,887.626,12138.7998,6304.5098,3185.4299,1358.6899,39191.6749,E2,N,N
11/19/2019,20:00,11085.4004,1582.24,3280.75,955.517,12161.0996,6435.5898,2682.74,1410.11,39593.4468,E3,N,N
11/19/2019,20:00,10824.373,1555.8723,3470.3987,922.5746,12128.7148,6421.689,3178.3452,1395.2211,39897.1887,M,Y,N
11/19/2019,21:00,10468.8027,1453.0315,3683.4773,858.6953,11508.7842,6117.7944,3530.1765,1408.1849,39028.9468,A3,N,N
11/19/2019,21:00,10532.0264,1337.8655,3712.3623,810.7417,11687.7207,6206.9932,3178.0337,1380.0181,38845.7616,A6,N,N
11/19/2019,21:00,10261,1569.99,3354.8101,935.604,12070.7998,6300.3301,3046.6299,1446.42,38985.5839,E,N,N
11/19/2019,21:00,10676.5,1550.34,3434.1101,924.332,11838.7998,6309.23,3196.96,1354.96,39285.2319,E1,N,N
11/19/2019,21:00,10136.4004,1492.74,3441.1599,872.055,11902.7998,6105.5698,3112.6599,1343.65,38407.0348,E2,N,N
11/19/2019,21:00,10881.5,1567.03,3354.6399,941.739,12007.4004,6332.8198,2626.8899,1393.96,39105.979,E3,N,N
11/19/2019,21:00,10556.376,1525.4417,3467.553,908.8189,11884.6973,6239.1709,3108.4177,1379.9681,39070.4436,M,Y,N
11/19/2019,22:00,10003.3047,1390.4121,3656.8503,832.302,11053.4307,5784.2158,3376.7617,1362.7817,37460.059,A3,N,N
11/19/2019,22:00,9999.542,1302.9456,3651.9285,800.2708,11103.8613,5923.498,3057.8716,1343.6455,37183.5633,A6,N,N
11/19/2019,22:00,9746.3301,1498.3,3311.1599,896.607,11437.2002,5923.9902,2921.1201,1408.21,37142.9175,E,N,N
11/19/2019,22:00,10317.9004,1506.4399,3379.6201,873.213,11331.5,5972.79,3064.95,1313.72,37760.1334,E1,N,N
11/19/2019,22:00,9768.0996,1434.08,3398.23,841.48,11370.5996,5792.4102,2994.22,1277.95,36877.0694,E2,N,N
11/19/2019,22:00,10535,1502.0601,3248.47,899.206,11397.2002,5941.23,2515.52,1334.88,37373.5663,E3,N,N
11/19/2019,22:00,10153.3555,1466.2755,3409.9089,869.5884,11336.1533,5890.1333,2978.7256,1328.0115,37432.152,M,Y,N
11/19/2019,23:00,9503.3555,1310.5228,3615.6396,783.0671,10396.5674,5323.6377,3153.9761,1295.4186,35382.1848,A3,N,N
11/19/2019,23:00,9408.8818,1239.053,3629.802,751.9404,10322.9775,5419.125,2883.6672,1301.0652,34956.5121,A6,N,N
11/19/2019,23:00,9086.79,1396.9399,3254.8101,836.665,10487.0996,5465.4302,2754.6799,1334.5699,34616.9846,E,N,N
11/19/2019,23:00,9723.0996,1421.91,3331.4199,820.773,10607.5,5543.0698,2888.71,1281.78,35618.2623,E1,N,N
11/19/2019,23:00,9231.5098,1338.4301,3346.75,789.253,10554.5996,5369.8999,2797.04,1188.03,34615.5124,E2,N,N
11/19/2019,23:00,9935.1201,1387.02,3271.8301,835.161,10853.7002,5548.5698,2346.1499,1282.9399,35460.491,E3,N,N
11/19/2019,23:00,9580.1816,1371.7844,3379.9175,813.7633,10614.4082,5464.0186,2791.1738,1266.936,35282.1834,M,Y,N
11/19/2019,24:00,9023.0566,1249.2133,3578.3828,743.3764,9695.5879,5017.0752,2941.2698,1243.9115,33491.8735,A3,N,N
11/19/2019,24:00,8880.8613,1218.2769,3635.8777,721.0275,9578.2666,5144.8403,2684.2854,1270.0939,33133.5296,A6,N,N
11/19/2019,24:00,8545.0596,1312.15,3204.5701,792.95,9686.4805,5052.8101,2588.8701,1266.11,32449.0004,E,N,N
11/19/2019,24:00,9288.7803,1345.79,3299.05,802.822,9796.8301,5131.6699,2675.6499,1218.77,33559.3622,E1,N,N
11/19/2019,24:00,8722.0703,1248.65,3320.6399,747.999,9805.8203,4977.8198,2586.95,1114.27,32524.2193,E2,N,N
11/19/2019,24:00,9431.8203,1326.66,3192.79,789.234,10076,5088.8398,2229.77,1254.51,33389.6241,E3,N,N
11/19/2019,24:00,9094.3057,1300.5159,3333.207,777.0546,9842.4209,5058.3179,2608.6499,1210.6401,33225.112,M,Y,N
11/20/2019,1:00,8836.3857,1199.3059,3520.2793,716.496,9389.3652,4833.1987,2703.3242,1238.0592,32436.4142,A3,N,N
11/20/2019,1:00,8594.3906,1217.4945,3532.2791,669.5306,9431.1641,4933.3521,2480.7307,1254.7043,32113.646,A6,N,N
11/20/2019,1:00,8634.3799,1251.51,3179.73,768.229,9781.8203,4782.1802,2502.8799,1219.1,32119.8293,E,N,N
11/20/2019,1:00,8964.1299,1295.25,3286.1899,783.075,9364.9102,4815.2402,2510.28,1170.63,32189.7052,E1,N,N
11/20/2019,1:00,8666.4404,1174.14,3301.02,725.036,9653.0596,4832.52,2484.75,1074.85,31911.816,E2,N,N
11/20/2019,1:00,9072.7803,1270.51,3110.9399,767.694,9499.71,4792.3599,2353.3601,1208.21,32075.5642,E3,N,N
11/20/2019,1:00,8880.9268,1244.4728,3289.4458,754.5419,9525.8184,4811.9521,2515.1948,1170.5674,32192.92,M,Y,N
11/20/2019,2:00,8701.1533,1185.1584,3515.4751,726.777,9184.4971,4752.4126,2635.502,1226.9788,31927.9543,A3,N,N
11/20/2019,2:00,8479.3086,1194.6677,3497.709,710.2017,9230.5479,4930.2329,2415.1272,1269.5054,31727.3004,A6,N,N
11/20/2019,2:00,8467.2998,1206.98,3165.1399,753.698,9528.4404,4596.3901,2418.54,1197.75,31334.2382,E,N,N
11/20/2019,2:00,8726.8799,1276.4,3285.8601,755.132,9005.9297,4602.6099,2377.0901,1134.8101,31164.7118,E1,N,N
11/20/2019,2:00,8530.1797,1138.0699,3280.8401,712.493,9377.1602,4680,2384.72,1049.78,31153.2429,E2,N,N
11/20/2019,2:00,8845.4902,1225.41,3108.3799,752.769,9176.6699,4640.04,2246.03,1169.37,31164.159,E3,N,N
11/20/2019,2:00,8693.0664,1214.8733,3283.1763,740.1579,9229.0566,4649.2627,2415.063,1141.5811,31366.2373,M,Y,N
11/20/2019,3:00,8630.7061,1219.0607,3529.4285,734.9526,9347.1934,4756.479,2609.9434,1228.4935,32056.2572,A3,N,N
11/20/2019,3:00,8491.8467,1243.7279,3483.3918,725.3961,9424.2744,4950.958,2400.6003,1296.8878,32017.083,A6,N,N
11/20/2019,3:00,8360.6504,1185.6,3149.8401,753.923,9365.79,4503.4702,2372.0701,1200.89,30892.2338,E,N,N
11/20/2019,3:00,8676.96,1255.26,3284.6699,775.916,8890.0498,4533.1201,2309.1599,1139.03,30864.1657,E1,N,N
11/20/2019,3:00,8431.0098,1124.7,3257.6201,708.603,9188.2803,4570.1699,2318.72,1046.38,30645.4831,E2,N,N
11/20/2019,3:00,8781.1904,1207.65,3136.1499,753.426,9008.79,4472.0098,2191.5701,1165.04,30715.8262,E3,N,N
11/20/2019,3:00,8621.1719,1209.2802,3288.4946,745.5957,9110.9033,4551.3184,2364.0171,1141.2854,31032.0666,M,Y,N
11/20/2019,4:00,8648.4414,1258.6453,3537.9417,741.4896,9458.1152,4807.1226,2574.9709,1238.9714,32265.6981,A3,N,N
11/20/2019,4:00,8531.166,1292.1329,3454.9998,726.6441,9587.4834,5053.7593,2350.512,1353.6193,32350.3168,A6,N,N
11/20/2019,4:00,8353.8896,1187.91,3155.1699,762.925,9340.3701,4481.4399,2334.4099,1181.78,30797.8944,E,N,N
11/20/2019,4:00,8672.2695,1243.47,3277.26,775.54,8920.9502,4463.1099,2299.3701,1153.08,30805.0497,E1,N,N
11/20/2019,4:00,8415.0801,1127.3,3248.96,716.64,9151.3496,4534.4199,2291.2,1046.53,30531.4796,E2,N,N
11/20/2019,4:00,8754.5596,1216.99,3105.77,759.823,9051.5303,4505.4502,2175.8601,1155.35,30725.3332,E3,N,N
11/20/2019,4:00,8614.9385,1219.1775,3280.7588,751.0526,9130.7676,4536.8154,2340.7515,1141.3339,31015.5958,M,Y,N
11/20/2019,5:00,8874.3301,1325.8187,3566.1794,766.2131,9759.8984,4979.9004,2624.2209,1253.7776,33150.3386,A3,N,N
11/20/2019,5:00,8812.9141,1362.6332,3466.457,746.0826,9953.083,5258.8052,2412.0464,1377.5444,33389.5659,A6,N,N
11/20/2019,5:00,8561.7998,1227.86,3188.3701,789.936,9585.9102,4593.8501,2338.73,1217.1,31503.5562,E,N,N
11/20/2019,5:00,8941.6904,1280.1899,3292.02,809.495,9148.0898,4593.29,2385.7,1198.9399,31649.415,E1,N,N
11/20/2019,5:00,8606.96,1162.77,3264.5901,735.359,9371.3701,4640.23,2313.1101,1062.5,31156.8893,E2,N,N
11/20/2019,5:00,9006.5996,1279.1899,3106.76,781.067,9272.04,4572.77,2163.54,1181.89,31363.8565,E3,N,N
11/20/2019,5:00,8851.75,1270.1284,3297.8599,775.9989,9366.1006,4648.291,2374.8452,1169.6921,31754.6661,M,Y,N
11/20/2019,6:00,9421.2451,1427.4193,3610.1599,819.3939,10482.7598,5324.5405,2748.3013,1309.89,35143.7098,A3,N,N
11/20/2019,6:00,9392.3359,1443.8636,3518.3547,797.9915,10660.2031,5573.4663,2534.708,1439.1531,35360.0762,A6,N,N
11/20/2019,6:00,9140.8896,1326.5601,3267.01,855.966,10289.5996,4972.7402,2438.6899,1333.6899,33625.1453,E,N,N
11/20/2019,6:00,9442.7197,1389.12,3348.6899,836.939,9896.1904,4981.1001,2479.3301,1251.61,33625.6992,E1,N,N
11/20/2019,6:00,9185.8604,1248.77,3324.3701,789.018,10098.2998,5014.5,2448.8799,1123.73,33233.4282,E2,N,N
11/20/2019,6:00,9493.9502,1381.0699,3137.8,842.497,10011.2002,4968.5801,2091.22,1250.74,33177.0574,E3,N,N
11/20/2019,6:00,9380.3223,1371.3185,3348.0852,826.5335,10097.9678,5028.2051,2440.6592,1236.9675,33730.0591,M,Y,N
11/20/2019,7:00,10125.1494,1553.9014,3713.2139,877.571,11207.8799,5779.8848,3035.7993,1378.9232,37672.3229,A3,N,N
11/20/2019,7:00,10101.709,1560.7678,3657.7949,862.4268,11424.4043,6152.4927,2854.7798,1465.4053,38079.7806,A6,N,N
11/20/2019,7:00,9880.3203,1476.97,3350.1101,947.563,11361.7002,5563.54,2648,1390.26,36618.4636,E,N,N
11/20/2019,7:00,10167.7998,1525.63,3424.5601,899.21,11183.5,5593.8301,2722.54,1337.87,36854.94,E1,N,N
11/20/2019,7:00,9979.5,1415.9399,3390.22,867.519,11313.9004,5629.4702,2736.73,1236.1801,36569.4596,E2,N,N
11/20/2019,7:00,10154.7002,1514.02,3221.04,937.128,11248.7998,5590.1299,2368.8401,1347.37,36382.028,E3,N,N
11/20/2019,7:00,10094.3896,1510.0016,3432.2449,904.106,11257.7471,5621.2861,2704.886,1326.5029,36851.1642,M,Y,N
11/20/2019,8:00,10260.8955,1553.7551,3740.0637,866.4771,11118.8867,5856.397,3029.658,1388.0928,37814.2259,A3,N,N
11/20/2019,8:00,10172.1387,1542.1265,3723.4656,849.0359,11239.1514,6233.5713,2845.8601,1415.2878,38020.6373,A6,N,N
11/20/2019,8:00,10087.2998,1514.47,3363.6799,981.143,11722.7002,5786.4702,2682.97,1408.34,37547.0731,E,N,N
11/20/2019,8:00,10473.4004,1570.75,3445.3401,968.044,11657.7998,5827.2998,2861.8799,1357.61,38162.124,E1,N,N
11/20/2019,8:00,10110,1444.12,3423.6201,888.529,11647.7002,5791.75,2800.45,1273.63,37379.7993,E2,N,N
11/20/2019,8:00,10603.4004,1553.5601,3313.6499,963.024,11772.5,5857.4399,2454,1378.46,37896.0343,E3,N,N
11/20/2019,8:00,10359.0859,1539.3401,3473.1763,935.8517,11624.6982,5824.481,2771.812,1351.979,37880.4242,M,Y,N
11/20/2019,9:00,10180.6582,1469.5114,3705.4458,844.1109,10877.166,5715.5684,2929.8025,1326.2517,37048.5149,A3,N,N
11/20/2019,9:00,10093.6777,1420.9194,3700.9238,816.821,10840.2861,6047.6743,2707.9739,1321.844,36950.1202,A6,N,N
11/20/2019,9:00,10154.7002,1510.6801,3350.55,1002.59,11585.7002,5765.7002,2665.8999,1406.95,37442.7706,E,N,N
11/20/2019,9:00,10470.7998,1535.85,3447.46,946.322,11615.7002,5741.8999,2861.6101,1326.03,37945.672,E1,N,N
11/20/2019,9:00,10130,1436.73,3443.4099,897.647,11431.2002,5696.1699,2815.71,1264.01,37114.877,E2,N,N
11/20/2019,9:00,10504.4004,1531.38,3305.0601,983.712,11466.5,5739.4502,2446.8301,1311.9301,37289.2629,E3,N,N
11/20/2019,9:00,10324.5527,1502.6116,3463.7363,937.7578,11436.208,5729.5381,2744.7617,1317.1427,37456.3089,M,Y,N
11/20/2019,10:00,10145.3379,1384.5934,3661.3914,835.4649,10511.7051,5606.0273,2955.3474,1267.963,36367.8304,A3,N,N
11/20/2019,10:00,10011.6299,1290.7443,3676.2747,802.6724,10317.1377,5819.4731,2678.4402,1247.3448,35843.7171,A6,N,N
11/20/2019,10:00,10233.2998,1498.04,3304.6699,1031.8101,11480.2998,5747.5,2713.9099,1300.89,37310.4195,E,N,N
11/20/2019,10:00,10664,1531.9301,3405.51,979.284,11644.9004,5723.2402,2981.8501,1241.72,38172.4348,E1,N,N
11/20/2019,10:00,10221.5996,1431.58,3397.9199,915.508,11358.5,5701.2402,2920.4199,1184.42,37131.1876,E2,N,N
11/20/2019,10:00,10673.2998,1524.5601,3268.3501,1015.97,11576.5996,5729.6499,2480.0601,1226.11,37494.5996,E3,N,N
11/20/2019,10:00,10427.5225,1476.4734,3421.6367,961.0999,11394,5707.7236,2808.6055,1234.1691,37431.2307,M,Y,N
11/20/2019,11:00,10332.0039,1321.3529,3627.626,828.7063,10525.1875,5595.814,3019.6157,1250.8931,36501.1994,A3,N,N
11/20/2019,11:00,10083.5557,1224.3346,3661.9133,784.2629,10268.7256,5693.4448,2695.7666,1224.8761,35636.8796,A6,N,N
11/20/2019,11:00,10322.0996,1488.6899,3291.1001,1037.49,11412.5996,5757.9902,2782.6001,1302.48,37395.0495,E,N,N
11/20/2019,11:00,10820.7002,1535.05,3406.5901,994.935,11598.5,5783.6299,3025.55,1195.7,38360.6552,E1,N,N
11/20/2019,11:00,10334.7998,1421.37,3406.8301,915.649,11301.2002,5722.98,3036.76,1145.15,37284.7391,E2,N,N
11/20/2019,11:00,10828.0996,1512.8199,3276.72,1018.72,11648.2002,5805.96,2568.54,1251.2,37910.2597,E3,N,N
11/20/2019,11:00,10577.3135,1456.0631,3414.9751,965.6005,11379.1982,5747.3682,2880.8464,1217.1841,37638.5491,M,Y,N
11/20/2019,12:00,10544.7734,1266.4625,3598.4973,827.0822,10641.4609,5585.0259,3096.9297,1242.3223,36802.5542,A3,N,N
11/20/2019,12:00,10270.501,1206.7952,3612.5015,774.3879,10536.6055,5617.0337,2709.8218,1227.3224,35954.969,A6,N,N
11/20/2019,12:00,10415.9004,1486.23,3284.75,1030.37,11372.7002,5791.3301,2857.0701,1294.3,37532.6508,E,N,N
11/20/2019,12:00,10955.7002,1497.5,3396.45,990.498,11631.7002,5872.6602,3161.9299,1200.95,38707.3885,E1,N,N
11/20/2019,12:00,10456.2998,1415.6899,3397.0701,904.259,11215.2998,5777.52,3148.2,1122.05,37436.3886,E2,N,N
11/20/2019,12:00,11055,1484.23,3268.8501,1007.77,11640.7002,5873.8398,2578.9399,1199.9,38109.23,E3,N,N
11/20/2019,12:00,10747.8936,1424.7882,3401.1768,957.8133,11373.6953,5803.0493,2960.1084,1197.8029,37866.3278,M,Y,N
11/20/2019,13:00,10759.7813,1248.4558,3562.6489,828.199,10727.1475,5679.0952,3161.8589,1256.1957,37223.3823,A3,N,N
11/20/2019,13:00,10563.0215,1202.5242,3536.8218,765.385,10866.5557,5707.0737,2727.3984,1232.5735,36601.3538,A6,N,N
11/20/2019,13:00,10535.4004,1494.49,3265.72,1024.53,11373.5,5858.9199,2947.2,1311.41,37811.1703,E,N,N
11/20/2019,13:00,11136.2002,1506.14,3382.1699,967.846,11582.2998,5911.9502,3292.51,1232.21,39011.3261,E1,N,N
11/20/2019,13:00,10539.0996,1412.61,3387.3401,890.923,11095.0996,5841.5098,3255.9099,1116.5699,37539.0619,E2,N,N
11/20/2019,13:00,11037.5,1487.5,3266.3201,996.916,11553,6009.8599,2602.73,1213.7,38167.526,E3,N,N
11/20/2019,13:00,10867.6826,1423.9115,3384.4172,945.5123,11320.1816,5883.082,3039.6636,1211.5706,38076.0214,M,Y,N
11/20/2019,14:00,11031.3604,1266.4325,3589.0537,873.8777,11015.957,5819.1738,3268.751,1252.7158,38117.3219,A3,N,N
11/20/2019,14:00,10914.0244,1175.9016,3563.5435,798.5524,11293.7588,5833.2422,2807.7227,1203.3882,37590.1338,A6,N,N
11/20/2019,14:00,10748.4004,1513.74,3273.78,1038.21,11470.9004,5963.1899,3055.79,1293.5699,38357.5806,E,N,N
11/20/2019,14:00,11298.5996,1512.71,3398.0701,983.564,11699.7002,5968.3701,3410.8,1227.29,39499.104,E1,N,N
11/20/2019,14:00,10703.7998,1424.8,3403.54,891.93,11055.5,5958.98,3367.0901,1130.92,37936.5599,E2,N,N
11/20/2019,14:00,11259.5,1486.03,3306.75,1004.78,11630.2002,6078.3901,2523.8899,1258.6899,38548.2301,E3,N,N
11/20/2019,14:00,11078.8896,1433.6106,3408.1333,959.0795,11407.207,5974.2305,3103.7202,1222.5107,38587.3814,M,Y,N
11/20/2019,15:00,11189.1816,1306.1492,3575.5234,882.3845,11156.9766,5973.4771,3337.9695,1306.214,38727.8759,A3,N,N
11/20/2019,15:00,11235.0361,1170.2334,3585.4011,791.1917,11482.3535,6060.8276,2861.7493,1209.8115,38396.6042,A6,N,N
11/20/2019,15:00,10906.7998,1528.38,3287.03,1041.08,11587.7998,6085.4702,3153.0701,1299.1,38888.7299,E,N,N
11/20/2019,15:00,11420.7998,1494.08,3414.8701,978.316,11659.0996,6096.8701,3453.6799,1257.71,39775.4255,E1,N,N
11/20/2019,15:00,10802.7002,1431.4301,3418.5601,888.991,11002.9004,6073.3501,3446.97,1155.26,38220.1619,E2,N,N
11/20/2019,15:00,11362.0996,1473.0601,3325.6001,1002.09,11529.0996,6149.79,2490.3999,1261.59,38593.7293,E3,N,N
11/20/2019,15:00,11206.709,1438.2985,3417.1973,957.7823,11390.873,6087.3711,3145.5176,1244.3042,38888.053,M,Y,N
11/20/2019,16:00,11155.9492,1363.5945,3624.1184,895.217,11335.5322,6136.0913,3424.7031,1309.3114,39244.5171,A3,N,N
11/20/2019,16:00,11271.7744,1172.5865,3628.7947,797.0111,11749.6426,6220.4438,2967.7505,1212.3102,39020.3138,A6,N,N
11/20/2019,16:00,10999.9004,1531.33,3280.3601,1032.98,11726.4004,6210.8701,3230.8601,1355.9399,39368.641,E,N,N
11/20/2019,16:00,11442.7002,1497.65,3410.8999,968.334,11683.7002,6222.0498,3491.21,1283.36,39999.9041,E1,N,N
11/20/2019,16:00,10866.5996,1429.72,3417.95,876.875,11035.5,6212.77,3486.5601,1189.14,38515.1147,E2,N,N
11/20/2019,16:00,11454.7998,1489.1,3337.54,987.097,11564.7998,6282.9399,2588.4099,1280.55,38985.2364,E3,N,N
11/20/2019,16:00,11246.6748,1457.7174,3430.4282,949.1011,11453.7422,6222.8101,3215.7585,1271.4189,39247.6512,M,Y,N
11/20/2019,17:00,11104.7246,1432.0795,3621.9453,906.1545,11706.5146,6443.603,3561.0869,1381.6101,40157.7185,A3,N,N
11/20/2019,17:00,11228.0967,1199.1172,3648.7822,803.5,12150.1719,6529.1289,3150.7656,1292.2831,40001.8456,A6,N,N
11/20/2019,17:00,11033.2002,1545.64,3288.05,1007.07,11960.2998,6350.48,3269.6499,1372.3199,39826.7098,E,N,N
11/20/2019,17:00,11319.5,1470.87,3414.8401,933.13,11782.5996,6238.0498,3474.1101,1326.8101,39959.9097,E1,N,N
11/20/2019,17:00,10888.5996,1439.55,3426.03,850.773,11205.7002,6368.2402,3491.3799,1241.47,38911.7429,E2,N,N
11/20/2019,17:00,11212.2002,1445.6899,3300.0701,951.799,11750.2998,6381.6899,2594.4399,1327.5699,38963.7587,E3,N,N
11/20/2019,17:00,11149.3311,1460.3086,3423.4739,923.0786,11643.002,6346.2554,3252.5381,1318.2037,39516.1914,M,Y,N
11/20/2019,18:00,11307.4756,1532.5687,3669.8188,934.7679,12387.0439,6862.6963,3709.3303,1439.5717,41843.2732,A3,N,N
11/20/2019,18:00,11468.9248,1298.9802,3706.1526,834.4517,12844.6211,6939.0024,3345.5891,1368.1143,41805.8362,A6,N,N
11/20/2019,18:00,11145.7002,1584.55,3308.24,1009.36,12404.9004,6548.79,3269.78,1410.45,40681.7706,E,N,N
11/20/2019,18:00,11437.2998,1573.09,3423.54,920.148,12073.5,6590.4199,3414.6899,1361.01,40793.6976,E1,N,N
11/20/2019,18:00,11079.5,1490.08,3441.3601,866.224,11785.7002,6579.9399,3462.74,1291.49,39997.0342,E2,N,N
11/20/2019,18:00,11396.5996,1525.92,3307.8401,951.16,12211.5996,6505.2798,2681.8101,1375.3199,39955.5291,E3,N,N
11/20/2019,18:00,11313.4941,1542.2234,3443.9995,927.399,12116.6934,6595.3457,3293.0225,1363.2076,40595.3852,M,Y,N
11/20/2019,19:00,11233.1572,1569.675,3745.3613,952.4165,12599.2422,7100.2651,3860.0977,1494.6653,42554.8803,A3,N,N
11/20/2019,19:00,11330.4082,1334.7267,3790.4338,840.869,12991.8672,7171.6299,3491.0259,1437.4393,42388.4,A6,N,N
11/20/2019,19:00,11094.0996,1609.76,3376.73,1026.88,12693.2002,6766.7598,3302.6001,1478.26,41348.2897,E,N,N
11/20/2019,19:00,11517,1571.66,3475.4299,972.955,12514.7998,6744.3999,3542.02,1422.99,41761.2546,E1,N,N
11/20/2019,19:00,11021.7998,1528.49,3496.5901,899.332,12237.2002,6731.3301,3546.6399,1339.46,40800.8421,E2,N,N
11/20/2019,19:00,11494.0996,1566.38,3381.5801,974.857,12478.9004,6791.48,2846.5,1402.64,40936.4371,E3,N,N
11/20/2019,19:00,11325.5508,1569.2101,3509.7578,959.1981,12469.2793,6800.1807,3418.3096,1412.8882,41464.3746,M,Y,N
11/20/2019,20:00,11007.0273,1546.3594,3727.541,921.7676,12317.0674,6893.8149,3779.4324,1481.6797,41674.6897,A3,N,N
11/20/2019,20:00,10991.3096,1359.9115,3779.155,824.6593,12810.459,7132.54,3420.5144,1427.8291,41746.3779,A6,N,N
11/20/2019,20:00,10839.4004,1569.5601,3378.01,1005.59,12480,6686.8901,3219.1899,1458.27,40636.9105,E,N,N
11/20/2019,20:00,11368.5,1559.3199,3461.9299,936.679,12431.5,6659.5498,3460.9199,1387.26,41265.6585,E1,N,N
11/20/2019,20:00,10755,1496.75,3489.27,887.755,12052.2002,6545.3398,3468.23,1315.47,40010.015,E2,N,N
11/20/2019,20:00,11310.9004,1533.97,3359.3301,951.891,12368.2002,6759.0898,2779.4299,1422.63,40485.4414,E3,N,N
11/20/2019,20:00,11120.9063,1543.2012,3495.6101,935.001,12312.6084,6688.583,3340.873,1398.8337,40835.6167,M,Y,N
11/20/2019,21:00,10726.8545,1494.9651,3691.0696,893.322,11974.5137,6495.6333,3685.1011,1444.7166,40406.1759,A3,N,N
11/20/2019,21:00,10651.6982,1346.9634,3726.4946,822.4024,12237.1729,6765.5161,3351.9746,1404.51,40306.7322,A6,N,N
11/20/2019,21:00,10513.5,1519.03,3343.1201,974.753,12110.2002,6490.8999,3116.5601,1437.63,39505.6933,E,N,N
11/20/2019,21:00,11027.7002,1510.09,3430.55,919.414,11986.7002,6456.1099,3378.3899,1378.95,40087.9042,E1,N,N
11/20/2019,21:00,10481.2002,1457.7,3464.4199,875.299,11726.5996,6323.8701,3380.74,1293.03,39002.8588,E2,N,N
11/20/2019,21:00,11034.9004,1528.28,3359.27,931.698,12037.9004,6538.96,2698.95,1377.16,39507.1188,E3,N,N
11/20/2019,21:00,10821.7012,1505.425,3471.165,915.1121,11948.3887,6453.0518,3252.7727,1372.5784,39740.1949,M,Y,N
11/20/2019,22:00,10247.7637,1411.6973,3660.7991,858.769,11447.5449,6088.5957,3529.1255,1392.0695,38636.3647,A3,N,N
11/20/2019,22:00,10080.084,1317.808,3663.1799,809.3663,11550.918,6423.7593,3238.0745,1364.2605,38447.4505,A6,N,N
11/20/2019,22:00,10039.5,1441.84,3285.6699,926.018,11523.5996,6154.5601,2981.5901,1411.4399,37764.2176,E,N,N
11/20/2019,22:00,10679,1424.6801,3382.4299,874.534,11538,6115.9902,3229.29,1354.17,38598.0942,E1,N,N
11/20/2019,22:00,10041.7002,1388.54,3413.8101,842.228,11120.4004,5974.23,3240.23,1244.01,37265.1487,E2,N,N
11/20/2019,22:00,10710.0996,1444.1801,3260.1001,887.839,11576.2002,6166.4199,2589.27,1356,37990.1089,E3,N,N
11/20/2019,22:00,10419.3652,1423.9369,3413.2671,874.2487,11430.043,6094.5547,3114.6489,1338.9836,38109.0481,M,Y,N
11/20/2019,23:00,9659.8135,1318.5372,3616.1782,798.4799,10690.9326,5548.7632,3283.8965,1318.5979,36235.199,A3,N,N
11/20/2019,23:00,9479.1631,1230.4321,3635.9619,756.8159,10623.6113,5816.0703,3046.6421,1316.8594,35905.5561,A6,N,N
11/20/2019,23:00,9415.5703,1340.96,3215.77,858.535,10679.0996,5725.5698,2821.96,1344.49,35401.9547,E,N,N
11/20/2019,23:00,10191,1349.84,3307.5801,821.046,10568.4004,5707.9199,3059.5,1305.91,36311.1964,E1,N,N
11/20/2019,23:00,9438.6201,1284.03,3344.8799,786.471,10237,5512.2202,3028.99,1180.89,34813.1012,E2,N,N
11/20/2019,23:00,10123.2002,1379.9399,3240.8201,824.007,10804.0996,5697.0801,2443.6299,1249.96,35762.7368,E3,N,N
11/20/2019,23:00,9850.2773,1340.203,3361.2261,815.0079,10573.6289,5638.5967,2928.1252,1267.076,35774.1411,M,Y,N
11/20/2019,24:00,9100.7764,1245.099,3576.8438,748.9102,9940.5166,5178.6455,3053.2747,1259.0238,34103.09,A3,N,N
11/20/2019,24:00,8902.6201,1188.5369,3639.2083,722.5317,9786.3252,5470.0815,2836.1665,1280.6862,33826.1564,A6,N,N
11/20/2019,24:00,8830.0703,1247.66,3151.8601,796.863,9853.4902,5280.1001,2650.6699,1273.02,33083.7336,E,N,N
11/20/2019,24:00,9558.6797,1266.0699,3244.46,783.866,9739.54,5219.3999,2820.8899,1227.22,33860.1254,E1,N,N
11/20/2019,24:00,8888.21,1193.59,3298.4399,743.781,9469.7002,5081.9502,2797.9399,1118.91,32592.5212,E2,N,N
11/20/2019,24:00,9555.4404,1255.33,3181.24,771.935,9930.2803,5217.3101,2306.26,1232.17,33449.9658,E3,N,N
11/20/2019,24:00,9268.5098,1246.781,3306.9236,768.1172,9759.1309,5187.0083,2726.1821,1211.0804,33473.7333,M,Y,N
11/21/2019,1:00,8761.8564,1184.7487,3512.2065,711.8736,9508.3613,4926.978,2794.8633,1245.1058,32645.9936,A3,N,N
11/21/2019,1:00,8549.1152,1158.8324,3532.7891,665.5593,9489.9668,5150.731,2614.6851,1259.2258,32420.9047,A6,N,N
11/21/2019,1:00,8631.0996,1180.29,3115.24,753.616,9548.96,4949.8701,2570.5701,1225.99,31975.6358,E,N,N
11/21/2019,1:00,9118.4102,1199.86,3163.8501,751.457,9324.5303,4862.5698,2645.8999,1170.14,32236.7173,E1,N,N
11/21/2019,1:00,9046.6602,1130.0601,3266.98,726.423,9454.1797,4970.1899,2682.75,1081,32358.2429,E2,N,N
11/21/2019,1:00,9153.0195,1177.4301,3100.53,736.094,9354.3896,4852.4702,2469.79,1189.08,32032.8034,E3,N,N
11/21/2019,1:00,8968.041,1179.3035,3241.9243,736.6797,9415.4404,4905.9136,2634.3032,1168.942,32250.5477,M,Y,N
11/21/2019,2:00,8543.8574,1152.5001,3500.8516,711.7488,9222.623,4781.9585,2710.0403,1225.658,31849.2377,A3,N,N
11/21/2019,2:00,8369.71,1117.5896,3492.6426,701.0527,9169.4063,5071.3931,2536.6321,1266.3452,31724.7716,A6,N,N
11/21/2019,2:00,8414.3496,1127.52,3094.8101,727.883,9076.9004,4694.3901,2479.79,1192.87,30808.5132,E,N,N
11/21/2019,2:00,8835.0801,1155.99,3123.1699,722.088,8928.9199,4640.2798,2502.3,1131.88,31039.7077,E1,N,N
11/21/2019,2:00,8909.1504,1092,3241.01,714.661,9106.71,4781.5098,2569.8701,1050.9301,31465.8414,E2,N,N
11/21/2019,2:00,8861.3701,1138.3,3078.48,712.674,8994.2305,4629.1201,2350.95,1142.53,30907.6547,E3,N,N
11/21/2019,2:00,8725.5146,1139.1375,3217.603,717.3098,9044.9053,4697.271,2522.03,1133.6511,31197.4223,M,Y,N
11/21/2019,3:00,8435.3242,1153.2721,3510.7139,707.5302,9259.167,4723.8848,2675.3091,1218.3654,31683.5667,A3,N,N
11/21/2019,3:00,8313.0967,1149.3079,3472.5647,710.3616,9209.9502,4991.1206,2517.2385,1284.9973,31648.6375,A6,N,N
11/21/2019,3:00,8284.7305,1097.3101,3081.9099,713.331,8770.0801,4539.3501,2430.25,1137.26,30054.2217,E,N,N
11/21/2019,3:00,8674.6396,1140.53,3088.71,716.87,8655.25,4491.3799,2442.9299,1107.7,30318.0094,E1,N,N
11/21/2019,3:00,8771.3398,1066.38,3223.75,707.255,8825.54,4630.7798,2490.4299,1043.46,30758.9345,E2,N,N
11/21/2019,3:00,8731.75,1117.58,3061.78,701.344,8768.3398,4455.8999,2296.27,1134.55,30267.5137,E3,N,N
11/21/2019,3:00,8592.4375,1123.3068,3203.5085,708.9749,8815.9385,4552.4194,2468.7124,1115.8806,30581.1786,M,Y,N
11/21/2019,4:00,8424.4678,1166.7137,3515.4463,699.8405,9275.9775,4727.875,2626.2332,1220.017,31656.571,A3,N,N
11/21/2019,4:00,8311.6797,1181.0594,3438.5659,699.0635,9254.4922,5013.9009,2459.0906,1332.9729,31690.8251,A6,N,N
11/21/2019,4:00,8261.9697,1093.47,3082.8601,708.256,8661.0303,4474.3301,2387.8999,1172.25,29842.0661,E,N,N
11/21/2019,4:00,8630.0801,1123.83,3079.0701,723.248,8551.9102,4391.6499,2395.79,1132.46,30028.0383,E1,N,N
11/21/2019,4:00,8710.7002,1057.09,3216.4299,707.183,8705.2402,4552.6201,2452.3301,1044.3101,30445.9036,E2,N,N
11/21/2019,4:00,8653.9502,1113.89,3029.05,696.861,8627.8604,4436.5698,2249.0701,1119.01,29926.2615,E3,N,N
11/21/2019,4:00,8548.708,1119.9285,3193.3027,707.835,8713.3789,4495.4854,2422.802,1122.9784,30324.4189,M,Y,N
11/21/2019,5:00,8621.1367,1203.8632,3539.4521,709.1031,9474.1729,4854.5576,2661.4016,1223.5261,32287.2133,A3,N,N
11/21/2019,5:00,8527.8936,1223.8313,3444.0657,709.4726,9496.1465,5140.9268,2511.4565,1344.6941,32398.4871,A6,N,N
11/21/2019,5:00,8459.3096,1125.88,3109.54,725.385,8855.5703,4550.6699,2388.54,1192.63,30407.5248,E,N,N
11/21/2019,5:00,8785.1201,1140.15,3102.8701,748.642,8749.8398,4479.0098,2403.73,1127.5699,30536.9317,E1,N,N
11/21/2019,5:00,8861.5801,1081.04,3239.1699,722.699,8861.6396,4610.1699,2462.51,1063.79,30902.5985,E2,N,N
11/21/2019,5:00,8916.8799,1130.6801,3024.99,713.385,8780.9805,4484.9702,2214.51,1148.5601,30414.9558,E3,N,N
11/21/2019,5:00,8745.8945,1144.5383,3210.4167,725.4925,8889.333,4569.1909,2426.2915,1136.9995,30848.1569,M,Y,N
11/21/2019,6:00,9166.1357,1268.642,3581.541,746.9183,10002.457,5156.8223,2781.8809,1274.8157,33979.2129,A3,N,N
11/21/2019,6:00,9072.4824,1288.1172,3491.4824,750.7528,9964.4463,5449.5366,2632.4626,1396.8478,34046.1281,A6,N,N
11/21/2019,6:00,9041.2197,1217.41,3175.78,773.15,9609.9697,4919.1802,2496.23,1238.03,32470.9696,E,N,N
11/21/2019,6:00,9305.0303,1235.59,3168.6101,769.735,9415.54,4754.46,2548.1399,1203.29,32400.3953,E1,N,N
11/21/2019,6:00,9410.4102,1154.3199,3300.8201,760.351,9531.6797,4946.0898,2588.0601,1140.99,32832.7208,E2,N,N
11/21/2019,6:00,9417.75,1213.92,3043.3501,760.052,9409.79,4791.9902,2140.5,1228.22,32005.5723,E3,N,N
11/21/2019,6:00,9278.6836,1226.0043,3257.9502,762.543,9540.8057,4882.6353,2503.1665,1207.2307,32659.0193,M,Y,N
11/21/2019,7:00,9921.7158,1372.9723,3679.502,799.0776,10789.9121,5634.7539,3075.4875,1344.1619,36617.5831,A3,N,N
11/21/2019,7:00,9799.2227,1395.7041,3625.1589,812.1233,10743.834,6015.1279,2960.5464,1423.1721,36774.8894,A6,N,N
11/21/2019,7:00,9808.6797,1370.78,3251.25,861.848,10877.5996,5548.1099,2725.74,1341.5,35785.5072,E,N,N
11/21/2019,7:00,9999.4404,1374.26,3256.29,849.691,10516.7998,5367.25,2790.8799,1313,35467.6111,E1,N,N
11/21/2019,7:00,10171.0996,1307.5699,3374.8701,826.964,10736.2998,5558.6001,2873.25,1279.38,36128.0335,E2,N,N
11/21/2019,7:00,10040.7002,1349.71,3173.22,854.031,10531.7998,5428.6699,2413.8799,1327.89,35119.9008,E3,N,N
11/21/2019,7:00,9987.9365,1359.0293,3355.5178,840.2872,10654.6641,5486.4878,2769.9355,1315.7753,35769.6335,M,Y,N
11/21/2019,8:00,10193.6484,1371.9165,3712.3965,798.6302,10861.2861,5778.3018,3085.408,1359.145,37160.7325,A3,N,N
11/21/2019,8:00,9997.1113,1393.8445,3692.0942,802.6282,10734.5889,6160.7988,2959.0068,1380.5659,37120.6386,A6,N,N
11/21/2019,8:00,10062,1413.79,3287.97,901.048,11466.7998,5814.8301,2775.98,1360.58,37082.9979,E,N,N
11/21/2019,8:00,10329.7002,1408.65,3305.3101,890.946,10982.2998,5553.1401,2940.9199,1349.55,36760.5161,E1,N,N
11/21/2019,8:00,10283.2998,1332.9399,3416.53,843.508,11118.7998,5739.8301,2931.6101,1330.55,36997.0677,E2,N,N
11/21/2019,8:00,10358,1374.45,3256,885.024,10957.7002,5612.02,2454.0801,1360.72,36257.9943,E3,N,N
11/21/2019,8:00,10263.5,1382.0955,3406.489,867.3293,11055.7109,5675.3887,2833.5508,1350.1707,36834.2349,M,Y,N
11/21/2019,9:00,10353.542,1343.4929,3684.73,794.8733,10836.2793,5776.2915,3013.6951,1307.1465,37110.0506,A3,N,N
11/21/2019,9:00,10152.0039,1332.0021,3674.0881,787.9708,10603.46,6151.5845,2840.7534,1296.7527,36838.6155,A6,N,N
11/21/2019,9:00,10244.7002,1430.1899,3294.9199,933.553,11560.7002,5868.79,2796.21,1333.6,37462.6632,E,N,N
11/21/2019,9:00,10521,1428.16,3317.3799,874.084,11197.9004,5764.9502,2920.24,1323.92,37347.6345,E1,N,N
11/21/2019,9:00,10351.2002,1346.15,3421.73,852.882,11016.2998,5706.4902,2949.8101,1343.6801,36988.2424,E2,N,N
11/21/2019,9:00,10653.7998,1421.52,3274.54,913.157,11231.5,5702.6299,2514.0801,1322.01,37033.2368,E3,N,N
11/21/2019,9:00,10456.5732,1395.3358,3408.7439,876.084,11161.0479,5749.1523,2830.2563,1327.4958,37204.6892,M,Y,N
11/21/2019,10:00,10674.666,1306.3076,3647.7649,808.1503,10710.3379,5865.8208,3069.3008,1264.2041,37346.5524,A3,N,N
11/21/2019,10:00,10411.2158,1278.0043,3655.7878,787.3566,10405.4346,6135.9917,2833.5771,1234.8467,36742.2146,A6,N,N
11/21/2019,10:00,10534.0996,1447.38,3254.4399,974.049,11688.4004,5968.9399,2904.74,1301.26,38073.3088,E,N,N
11/21/2019,10:00,10951.9004,1450.47,3294.4399,935.553,11513.2002,5887.52,3114.51,1266.3,38413.8935,E1,N,N
11/21/2019,10:00,10537.5996,1371.5,3402.55,871.729,11093.0996,5794.02,3084.8999,1239.4399,37394.838,E2,N,N
11/21/2019,10:00,11048.7002,1431.92,3243.24,946.379,11517.9004,5937.0698,2584.4199,1229.48,37939.1093,E3,N,N
11/21/2019,10:00,10802.7793,1399.5344,3378.4851,911.1902,11330.8926,5883.9976,2940.7627,1254.488,37902.1299,M,Y,N
11/21/2019,11:00,11114.2178,1294.8995,3622.0405,821.9082,10912.8848,6057.0933,3165.9932,1259.9016,38248.9389,A3,N,N
11/21/2019,11:00,10790.9629,1245.755,3650.2651,781.7766,10621.9521,6211.4458,2874.9858,1224.7201,37401.8634,A6,N,N
11/21/2019,11:00,10846.7002,1468.6801,3246.24,995.57,11829.0996,6105.7598,3034.0701,1253.79,38779.9098,E,N,N
11/21/2019,11:00,11261.0996,1465.79,3304.8601,965.295,11534.0996,6004.8701,3258.9399,1230.59,39025.5443,E1,N,N
11/21/2019,11:00,10757,1398.52,3399.46,882.721,11191.0996,5890.3901,3231.8999,1190.66,37941.7506,E2,N,N
11/21/2019,11:00,11336.4004,1485.25,3249.6399,969.908,11619.2002,6085.6299,2689.9399,1238.88,38674.8483,E3,N,N
11/21/2019,11:00,11128.3926,1419.8849,3374.8474,931.6658,11428.8477,6015.5791,3061.9644,1229.2439,38590.4258,M,Y,N
11/21/2019,12:00,11427.6875,1304.0266,3598.9536,829.6526,11087.1016,6198.4063,3271.6123,1260.1422,38977.5827,A3,N,N
11/21/2019,12:00,11144.5479,1235.1699,3610.0278,780.1847,11003.2754,6300.0845,2912.5779,1236.7159,38222.584,A6,N,N
11/21/2019,12:00,11154.2002,1491.87,3246.3201,993.758,11926.7998,6257.8999,3171.5801,1280.4301,39522.8582,E,N,N
11/21/2019,12:00,11509.4004,1492.27,3318.48,978.382,11731.9004,6168.2998,3382.46,1222.6,39803.7926,E1,N,N
11/21/2019,12:00,10961.4004,1423.99,3388.21,879.97,11219.0996,5998.27,3372.01,1153.52,38396.47,E2,N,N
11/21/2019,12:00,11529.5,1489.22,3259.5,963.46,11756.2002,6224.3501,2744.8799,1218.41,39185.5202,E3,N,N
11/21/2019,12:00,11381.0967,1435.8616,3373.5498,933.3793,11553.5381,6154.7681,3167.6868,1216.2041,39216.0845,M,Y,N
11/21/2019,13:00,11671.4551,1321.8773,3561.3789,828.5332,11124.332,6328.4385,3344.48,1274.1605,39454.6555,A3,N,N
11/21/2019,13:00,11523.1406,1247.0032,3537.5378,775.2643,11298.1582,6416.0356,2935.3979,1246.2626,38978.8002,A6,N,N
11/21/2019,13:00,11438.5,1516.62,3234.3999,986.998,11997.7998,6415.8901,3312.8101,1307.89,40210.9079,E,N,N
11/21/2019,13:00,11749.5,1501.67,3324.04,984.641,11671.4004,6295.52,3500.72,1239.3101,40266.8015,E1,N,N
11/21/2019,13:00,11075.0996,1451.25,3383.3501,866.085,11197.2998,6086.0298,3498.48,1122.58,38680.1743,E2,N,N
11/21/2019,13:00,11843.4004,1509.4301,3210.49,952.309,11667,6451.6802,2742.96,1227.01,39604.2797,E3,N,N
11/21/2019,13:00,11630.2891,1454.2281,3351.196,927.7002,11524.1914,6301.3481,3248.4512,1219.9814,39657.3855,M,Y,N
11/21/2019,14:00,11836.9395,1361.9102,3581.2539,860.5761,11286.3281,6469.2837,3456.8723,1266.1387,40119.3025,A3,N,N
11/21/2019,14:00,11928.4814,1229.2307,3560.3088,807.8544,11572.7275,6535.9585,3017.9531,1216.7023,39869.2167,A6,N,N
11/21/2019,14:00,11769.2002,1535.5699,3234.1899,987.426,12106.0996,6576.0801,3452.5701,1299.6899,40960.8257,E,N,N
11/21/2019,14:00,11937.2002,1518.28,3347.8999,962.278,12000.2002,6467.1401,3646.46,1222.71,41102.1684,E1,N,N
11/21/2019,14:00,11250.0996,1477.99,3393.51,864.334,11243.9004,6190.1602,3609.53,1127.7,39157.2242,E2,N,N
11/21/2019,14:00,12101.2002,1530.39,3287.1299,951.657,11622.7998,6494.8999,2637.4299,1262.24,39887.7467,E3,N,N
11/21/2019,14:00,11846.2471,1479.3401,3382.5332,925.5675,11640.7783,6418.7207,3317.9529,1223.8911,40235.0309,M,Y,N
11/21/2019,15:00,11919.9824,1398.6063,3557.238,850.7646,11259.6523,6491.0713,3519.0872,1309.3018,40305.7039,A3,N,N
11/21/2019,15:00,12160.9648,1223.3433,3571.9656,796.2619,11548.3311,6574.8857,3069.1909,1217.955,40162.8983,A6,N,N
11/21/2019,15:00,11978.7998,1546.73,3225.8201,978.62,12078.7002,6682.1499,3558.76,1331.23,41380.81,E,N,N
11/21/2019,15:00,12125.9004,1504.34,3358.3401,967.574,11968.2002,6359.02,3648.48,1259.92,41191.7747,E1,N,N
11/21/2019,15:00,11300,1493.1899,3394.3799,857.048,11214.9004,6245.0801,3667.47,1129.23,39301.2983,E2,N,N
11/21/2019,15:00,12196.4004,1509.14,3253.8301,940.32,11867.7998,6523.2402,2599.1201,1277.9301,40167.7807,E3,N,N
11/21/2019,15:00,11970.4199,1483.0116,3369.877,919.9086,11680.0186,6428.4878,3344.9507,1246.8365,40443.5107,M,Y,N
11/21/2019,16:00,11881.3662,1434.2161,3594.1243,845.8408,11335.4912,6524.5107,3615.3394,1296.9994,40527.8881,A3,N,N
11/21/2019,16:00,12124.166,1224.1775,3600.8105,796.5811,11668.9209,6600.3804,3173.4727,1213.2584,40401.7675,A6,N,N
11/21/2019,16:00,12076.4004,1541.59,3209.05,958.07,11931,6708.4399,3619.5601,1343.78,41387.8904,E,N,N
11/21/2019,16:00,12074,1501.5601,3355.45,928.849,11608.4004,6340.1001,3671.96,1266.9399,40747.2595,E1,N,N
11/21/2019,16:00,11216.2998,1486.99,3389.97,840.965,11196.2998,6283.3999,3668.72,1158.48,39241.1245,E2,N,N
11/21/2019,16:00,12143.4004,1502.58,3305.73,917.987,11764.7002,6545.23,2686.27,1246.09,40111.9876,E3,N,N
11/21/2019,16:00,11936.2793,1488.1615,3388.7036,897.4391,11550.6611,6446.3018,3404.4272,1247.9749,40359.9485,M,Y,N
11/21/2019,17:00,11865.3193,1479.2013,3583.9087,844.0865,11574.0459,6650.1304,3726.6838,1354.7729,41078.1488,A3,N,N
11/21/2019,17:00,12098.5449,1250.6614,3606.3335,796.8596,11907.1826,6649.1538,3340.5664,1283.8411,40933.1433,A6,N,N
11/21/2019,17:00,12109.0996,1548.67,3211.1899,927.315,11825.7998,6676.6499,3619.51,1373.65,41291.8842,E,N,N
11/21/2019,17:00,11976.0996,1535.63,3357.71,912.807,11705.7998,6250.2002,3589.3,1319.62,40647.1666,E1,N,N
11/21/2019,17:00,11051.7998,1488.38,3396.8301,808.996,11250.2002,6311.6401,3620.1699,1220.12,39148.1361,E2,N,N
11/21/2019,17:00,12091.2998,1521.88,3268.22,879.544,11627.2998,6422.7798,2661,1290.5,39762.5234,E3,N,N
11/21/2019,17:00,11878.292,1513.8091,3378.4622,871.762,11570.8057,6412.0024,3399.2061,1298.6129,40322.9524,M,Y,N
11/21/2019,18:00,12171.6436,1573.8751,3629.968,871.2816,12118.707,6917.4004,3860.8425,1400.1239,42543.8421,A3,N,N
11/21/2019,18:00,12463.3379,1352.3232,3653.6101,823.9839,12439.625,6897.8442,3525.6824,1349.9894,42506.3961,A6,N,N
11/21/2019,18:00,12194.2002,1576.3199,3228.3899,940.112,12011.0996,6684.6899,3584.1299,1355.8,41574.7414,E,N,N
11/21/2019,18:00,11996,1558.52,3358.0701,913.37,11869.7002,6410.1201,3496.05,1355.71,40957.5404,E1,N,N
11/21/2019,18:00,11090.5,1515.34,3407.6101,825.563,11671.7998,6389.5098,3536.1699,1269.1,39705.5926,E2,N,N
11/21/2019,18:00,12078.4004,1547.41,3290.74,895.78,11835,6418.1699,2702.8999,1282.59,40050.9902,E3,N,N
11/21/2019,18:00,11972.0977,1556.4088,3399.1946,885.1025,11860.3506,6504.7114,3404.9854,1321.3405,40904.1915,M,Y,N
11/21/2019,19:00,12145.5283,1603.2075,3713.5984,897.6877,12282.6211,7029.6328,4002.7637,1446.6339,43121.6734,A3,N,N
11/21/2019,19:00,12330.0752,1382.3124,3737.2625,828.4505,12543.2617,6999.6592,3659.9563,1413.702,42894.6798,A6,N,N
11/21/2019,19:00,12122.2002,1601.0699,3302.1299,976.208,12249.7998,6800.7798,3587.02,1383.4301,42022.6377,E,N,N
11/21/2019,19:00,11990.2002,1532.5,3429.8301,928.075,12307.0996,6529.21,3602.6001,1335.0601,41654.5751,E1,N,N
11/21/2019,19:00,10984.2998,1538.61,3470.02,864.735,12059.9004,6494.5601,3566.3601,1340.58,40319.0654,E2,N,N
11/21/2019,19:00,12097.7998,1556.95,3386.6499,938.183,12148.4004,6645.7402,2834.8501,1410.1899,41018.7633,E3,N,N
11/21/2019,19:00,11946.6943,1565.6243,3479.0381,916.9852,12195.4023,6646.1792,3504.2256,1375.2155,41629.3645,M,Y,N
11/21/2019,20:00,11925.5244,1574.8074,3706.855,879.0891,11927.2646,6706.5483,3937.3542,1433.0332,42090.4762,A3,N,N
11/21/2019,20:00,12007.9619,1407.2874,3731.4507,810.87,12308.0146,6801.1128,3599.616,1401.2363,42067.5497,A6,N,N
11/21/2019,20:00,11837.2002,1563.39,3327.6101,976.501,12060.0996,6660.96,3494.21,1362.17,41282.1409,E,N,N
11/21/2019,20:00,11799.7998,1530.42,3429.4099,935.285,11995.4004,6373.1499,3523.55,1330.62,40917.635,E1,N,N
11/21/2019,20:00,10730.0996,1500.92,3490.51,867.042,11897,6326,3473.96,1348.26,39633.7916,E2,N,N
11/21/2019,20:00,11884.5,1529.63,3231.3,934.94,11973.5,6525.9502,2770.1101,1351.4399,40201.3702,E3,N,N
11/21/2019,20:00,11723.3691,1541.7531,3444.1563,916.2655,11964.8955,6477.2139,3428.7747,1356.9805,40853.4086,M,Y,N
11/21/2019,21:00,11588.8477,1511.2664,3687.3579,869.8361,11546.5479,6257.4731,3833.1987,1401.2345,40695.7623,A3,N,N
11/21/2019,21:00,11705.6953,1389.0201,3691.7092,809.9012,11718.9971,6386.0581,3519.1289,1378.6312,40599.1411,A6,N,N
11/21/2019,21:00,11485.2002,1513.21,3321.24,954.161,11656.2002,6429.9102,3372.3501,1350.5699,40082.8416,E,N,N
11/21/2019,21:00,11393.2002,1500.34,3398.1799,929.198,11532.0996,6168.4902,3382.1499,1320.35,39624.0078,E1,N,N
11/21/2019,21:00,10450.5996,1456,3484.76,861.409,11633.7998,6126.27,3375.6201,1348.64,38737.0985,E2,N,N
11/21/2019,21:00,11527.5,1496.77,3372.0801,921.276,11638.7002,6325.8198,2716.6599,1353.5,39352.306,E3,N,N
11/21/2019,21:00,11369.3623,1498.2454,3465.1545,905.9703,11601.4932,6241.0679,3326.4985,1349.598,39757.3901,M,Y,N
11/21/2019,22:00,11052.6455,1415.5056,3677.481,853.7091,11039.9014,5842.5625,3645.6563,1360.8872,38888.3486,A3,N,N
11/21/2019,22:00,11083.293,1356.1626,3647.3005,799.8595,11076.8418,6023.3286,3379.3184,1341.5692,38707.6736,A6,N,N
11/21/2019,22:00,10985.9004,1439.25,3284.5601,915.774,11019.2002,6073.9199,3213.3301,1367.58,38299.5147,E,N,N
11/21/2019,22:00,11000.2002,1421.35,3350.98,831.247,11013.9004,5875.25,3229.1399,1325.33,38047.3975,E1,N,N
11/21/2019,22:00,10010.0996,1382.64,3442.49,837.123,11102,5799.46,3228.05,1301.4301,37103.2927,E2,N,N
11/21/2019,22:00,11136.2002,1431.4301,3261.0601,884.952,11190.2998,5927.2998,2578.75,1298.2,37708.192,E3,N,N
11/21/2019,22:00,10921.7617,1419.8076,3413.2612,859.5159,11083.9385,5890.0625,3168.5591,1322.2983,38079.2048,M,Y,N
11/21/2019,23:00,10344.7441,1313.3745,3653.8271,815.9774,10382.2256,5325.6655,3390.7905,1302.5812,36529.1859,A3,N,N
11/21/2019,23:00,10334.7354,1263.605,3643.5276,755.5269,10293.2148,5448.5654,3178.6357,1300.6034,36218.4142,A6,N,N
11/21/2019,23:00,10302.0996,1343.8,3237.01,862.728,10120.0996,5624.2202,3024.51,1316.99,35831.4574,E,N,N
11/21/2019,23:00,10488.9004,1361.5699,3295.3899,868.421,10456.5,5469.5698,3080.3401,1265.36,36286.0511,E1,N,N
11/21/2019,23:00,9402.8096,1274.99,3384.5,786.976,10311.7002,5374.6899,3018.53,1237.21,34791.4057,E2,N,N
11/21/2019,23:00,10517.2998,1370.63,3260.6001,835.185,10374.5,5454.7798,2424.9399,1289.09,35527.0246,E3,N,N
11/21/2019,23:00,10300.8496,1338.7423,3380.1431,832.4837,10348.4658,5443.4956,2979.3975,1275.3613,35898.9389,M,Y,N
11/21/2019,24:00,9689.0566,1236.8052,3634.0107,790.6615,9733.3271,4986.6904,3132.7468,1261.7993,34465.0976,A3,N,N
11/21/2019,24:00,9620.4785,1216.2434,3671.304,729.4299,9603.3232,5132.6367,2936.5457,1273.4963,34183.4577,A6,N,N
11/21/2019,24:00,9645.1797,1265.1899,3195.3301,812.168,9256.3896,5158.2202,2818.45,1215.85,33366.7775,E,N,N
11/21/2019,24:00,9875,1273.73,3252.54,815.517,9322.8203,5024.3101,2838.8701,1219.74,33622.5275,E1,N,N
11/21/2019,24:00,8857.5195,1194.8,3340.5901,744.582,9584.9004,4991.4399,2779.28,1174.47,32667.5819,E2,N,N
11/21/2019,24:00,9923.8896,1271.6899,3250,788.99,9640.2002,4971.5498,2292.52,1234.9399,33373.7794,E3,N,N
11/21/2019,24:00,9684.8242,1253.0551,3351.1277,787.626,9510.6953,5014.9385,2765.7505,1216.9937,33585.011,M,Y,N
11/22/2019,1:00,9295.8223,1183.5902,3548.9985,777.8614,9275.4326,4783.4189,2871.9263,1261.7128,32998.763,A3,N,N
11/22/2019,1:00,9200.7539,1183.6295,3588.7944,676.682,9261.6504,4894.3364,2707.0137,1262.6023,32775.4626,A6,N,N
11/22/2019,1:00,9454.2998,1221.27,3178.4199,781.489,9092.3496,4803.6099,2702.02,1211.83,32445.2882,E,N,N
11/22/2019,1:00,9472.1104,1224.09,3227.3101,790.454,9124.5195,4720.5801,2652.6101,1204.42,32416.0942,E1,N,N
11/22/2019,1:00,9006.8096,1187.73,3313.0901,735.633,9488.9199,4954.98,2599.03,1137.79,32423.9826,E2,N,N
11/22/2019,1:00,9487.4297,1209.61,3187.25,766.156,9173.79,4649.0098,2521.97,1229.65,32224.8655,E3,N,N
11/22/2019,1:00,9371.4785,1205.4475,3302.3284,767.9796,9242.7803,4779.521,2674.2581,1202.1578,32545.9512,M,Y,N
11/22/2019,2:00,9018.1113,1150.994,3566.6787,796.7581,9022.1182,4670.2676,2782.3167,1253.0654,32260.31,A3,N,N
11/22/2019,2:00,8975.8584,1135.5574,3574.698,715.8196,8975.4883,4856.6392,2622.9673,1279.0181,32136.0463,A6,N,N
11/22/2019,2:00,9217.8496,1184.65,3176.0801,768.119,8787.9697,4553.3701,2592.8,1226.85,31507.6885,E,N,N
11/22/2019,2:00,9215.0195,1195.58,3217.53,766.69,8805.3203,4523.6699,2513.48,1180,31417.2897,E1,N,N
11/22/2019,2:00,8868.8604,1168.65,3294.79,725.332,9262.5898,4809.4502,2486.3701,1114.84,31730.8825,E2,N,N
11/22/2019,2:00,9165.6904,1165.96,3175.1101,757.584,8916.0195,4504.9702,2417.9299,1211.9399,31315.204,E3,N,N
11/22/2019,2:00,9110.5439,1172.2959,3298.6887,758.0111,8972.2432,4612.4771,2563.3279,1186.6844,31674.2722,M,Y,N
11/22/2019,3:00,8873.2139,1151.3425,3583.9341,806.9934,9107.2148,4638.2036,2737.8308,1254.3934,32153.1265,A3,N,N
11/22/2019,3:00,8885.8525,1161.2832,3579.8779,730.3945,9060.7314,4830.0781,2596.2275,1306.7633,32151.2084,A6,N,N
11/22/2019,3:00,9056.5596,1164.37,3177.47,763.47,8618.2002,4406.02,2521.71,1235.39,30943.1898,E,N,N
11/22/2019,3:00,8966.9805,1185.91,3217.8201,775.42,8615.5,4426.5601,2466.73,1210.63,30865.5507,E1,N,N
11/22/2019,3:00,8727.2598,1148.61,3281.97,719.695,9120.3301,4685.1099,2414.3201,1115.5601,31212.855,E2,N,N
11/22/2019,3:00,8942.0303,1148.65,3202.51,753.7,8775.8398,4282.1602,2365.3201,1237.48,30707.6904,E3,N,N
11/22/2019,3:00,8918.5342,1160.5981,3308.4961,758.5117,8843.5938,4478.9854,2509.4741,1202.1404,31180.3338,M,Y,N
11/22/2019,4:00,8800.5117,1164.9269,3590.6914,811.6486,9155.2578,4651.3169,2682.033,1265.0853,32121.4716,A3,N,N
11/22/2019,4:00,8808.8984,1190.2439,3565.9702,724.8817,9139.709,4871.3335,2535.1108,1363.3483,32199.4958,A6,N,N
11/22/2019,4:00,8995.2803,1158.77,3182.23,771.55,8610.8799,4374.9102,2478.05,1242.49,30814.1604,E,N,N
11/22/2019,4:00,8953.1904,1163.58,3224.6201,810.176,8588.2002,4372.9302,2410.55,1192.65,30715.8969,E1,N,N
11/22/2019,4:00,8674.3496,1136.77,3286.1201,729.792,9142.0898,4629.0898,2378.97,1118.3,31095.4813,E2,N,N
11/22/2019,4:00,8921.5596,1160.95,3153.5701,761.42,8801.9404,4291.8701,2299.3501,1200.34,30591.0003,E3,N,N
11/22/2019,4:00,8877.5195,1159.3066,3300.7642,773.2468,8853.8252,4451.751,2455.1108,1191.2694,31062.7935,M,Y,N
11/22/2019,5:00,8950.8555,1203.3114,3627.8357,829.478,9424.1895,4783.8511,2715.3406,1277.8167,32812.6785,A3,N,N
11/22/2019,5:00,9002.707,1228.8566,3592.373,739.694,9447.9141,5022.7637,2585.5884,1383.2869,33003.1837,A6,N,N
11/22/2019,5:00,9110.0898,1197.91,3193.28,795.788,8837.3799,4509.8398,2483.26,1268.28,31395.8275,E,N,N
11/22/2019,5:00,9089.25,1196.72,3256.4099,821.326,8900.6904,4475.3599,2411.78,1217.16,31368.6962,E1,N,N
11/22/2019,5:00,8822.6602,1165.12,3311.1499,751.096,9445.2197,4709.29,2392.6399,1145.02,31742.1957,E2,N,N
11/22/2019,5:00,9110.8496,1164.83,3182.0601,782.203,8981.6504,4419.8599,2273.4399,1234.9301,31149.823,E3,N,N
11/22/2019,5:00,9029.332,1186.5941,3329.6304,791.8145,9114.5859,4562.8389,2459.6277,1217.5397,31691.9632,M,Y,N
11/22/2019,6:00,9449.1211,1270.5417,3679.7817,877.3741,10018.7598,5084.9878,2834.9905,1339.8936,34555.4503,A3,N,N
11/22/2019,6:00,9486.7148,1292.2358,3610.9949,777.8538,9989.8369,5350.5972,2708.3445,1444.6395,34661.2174,A6,N,N
11/22/2019,6:00,9539.5195,1299.8101,3218.1201,855.684,9509.7695,4960.5298,2593.1001,1349.16,33325.6931,E,N,N
11/22/2019,6:00,9576,1278.04,3327.0601,877.427,9695.9004,4858.6499,2532.48,1283.9399,33429.4973,E1,N,N
11/22/2019,6:00,9333.8096,1244.84,3377.25,811.112,10250,5058.4902,2523.5601,1225.46,33824.5219,E2,N,N
11/22/2019,6:00,9469.2695,1245.09,3209.3799,839.363,9628.7305,4775.5,2235.77,1323.86,32726.9629,E3,N,N
11/22/2019,6:00,9482.7637,1266.4991,3378.4768,848.6078,9834.7236,4928.8496,2540.3926,1294.4467,33574.7599,M,Y,N
11/22/2019,7:00,10160.2695,1379.3159,3773.0339,941.3187,10827.9141,5536.8232,3130.3335,1420.26,37169.2688,A3,N,N
11/22/2019,7:00,10189.5039,1398.0455,3679.8655,845.5309,10816.0215,5890.9961,3041.2979,1480.7214,37341.9827,A6,N,N
11/22/2019,7:00,10139.4004,1466.4399,3247.1001,943.886,10575.5,5681.3198,2827.45,1467.65,36348.7462,E,N,N
11/22/2019,7:00,10117.5996,1421.79,3416.1899,971.844,10802.5,5349.46,2793.8501,1391.76,36264.9936,E1,N,N
11/22/2019,7:00,10067.7002,1402.21,3449.72,894.497,11537.5,5666.0898,2809.3101,1356.37,37183.3971,E2,N,N
11/22/2019,7:00,10141.4004,1382.92,3346.4299,925.253,10777.7998,5299.98,2443.0701,1414.1801,35731.0333,E3,N,N
11/22/2019,7:00,10130.7051,1404.5876,3471.0159,933.5491,10954.877,5481.1504,2796.4084,1401.5663,36573.8598,M,Y,N
11/22/2019,8:00,10359.4248,1381.2469,3821.9766,941.5601,10911.835,5644.6226,3130.0344,1444.0009,37634.7013,A3,N,N
11/22/2019,8:00,10317.9531,1395.4172,3728.9941,839.7026,10834.7041,6007.4282,3030.8462,1447.1899,37602.2354,A6,N,N
11/22/2019,8:00,10359.5,1525.95,3256.5601,986.013,11129.5996,6011.0801,2897.1899,1462.2,37628.0927,E,N,N
11/22/2019,8:00,10470.9004,1447.01,3452,997.376,11479.7002,5738.02,2924.27,1414.71,37923.9866,E1,N,N
11/22/2019,8:00,10243.0996,1440.6801,3467.3201,925.569,12047,5850.6802,2872.0801,1412.1801,38258.6092,E2,N,N
11/22/2019,8:00,10488.0996,1430.23,3383.8799,959.243,11416.7998,5646.8701,2531.9099,1476.03,37333.0623,E3,N,N
11/22/2019,8:00,10404.9316,1435.4504,3504.9492,961.4936,11491.0547,5765.8555,2867.7124,1439.0051,37870.4525,M,Y,N
11/22/2019,9:00,10419.793,1355.7454,3805.0923,932.1419,10845.9336,5576.73,3045.0942,1390.4911,37371.0215,A3,N,N
11/22/2019,9:00,10366.3057,1333.2465,3730.6138,824.5969,10674.5117,5912.6108,2905.7134,1359.7334,37107.3322,A6,N,N
11/22/2019,9:00,10521.5996,1548.1899,3237.76,1016.55,11265.2002,6045.8501,2913.25,1428.11,37976.5098,E,N,N
11/22/2019,9:00,10667,1481.8101,3396.97,1013.62,11653,5666.1802,2930.1599,1414.28,38223.0202,E1,N,N
11/22/2019,9:00,10278.9004,1453.46,3425.78,940.773,12004.4004,5818.23,2876.4099,1365.4301,38163.3838,E2,N,N
11/22/2019,9:00,10727.2998,1448.3199,3387.5,985.991,11592.2002,5705.7202,2568.1499,1401.98,37817.161,E3,N,N
11/22/2019,9:00,10553.5859,1446.675,3480.333,978.6825,11576.292,5750.3555,2859.5586,1397.7477,38043.2302,M,Y,N
11/22/2019,10:00,10610.4775,1313.2643,3794.7017,930.0645,10569.1348,5553.124,3086.0083,1328.1877,37184.9628,A3,N,N
11/22/2019,10:00,10534.8496,1276.0588,3726.9663,811.878,10331.7236,5767.5737,2870.625,1285.7378,36605.4128,A6,N,N
11/22/2019,10:00,10725.9004,1554.73,3227.97,1045.34,11393.5996,6053.1299,2997.6201,1381.15,38379.44,E,N,N
11/22/2019,10:00,10993.9004,1509.6801,3404.9299,1036.14,11634.2002,5792.3799,3006.79,1346.83,38724.8505,E1,N,N
11/22/2019,10:00,10356.5996,1460,3421.5,955.184,11992.7002,5849.6099,2969.02,1320.0601,38324.6738,E2,N,N
11/22/2019,10:00,10984.2002,1452.89,3329.0901,1018.08,11665.5996,5783.48,2616.8401,1365.85,38216.03,E3,N,N
11/22/2019,10:00,10782.457,1445.7999,3463.364,999.2766,11568.4668,5807.1494,2923.2395,1346.8523,38336.6055,M,Y,N
11/22/2019,11:00,10839.5674,1290.5217,3755.6899,914.9164,10593.9717,5607.4277,3162.4248,1304.6614,37469.181,A3,N,N
11/22/2019,11:00,10704.0176,1234.262,3775.2983,787.2452,10363.4912,5697.5396,2911.4263,1258.052,36731.3322,A6,N,N
11/22/2019,11:00,10903.9004,1558.98,3210.71,1050.91,11457.2002,6047.0601,3101.4099,1386.61,38716.7806,E,N,N
11/22/2019,11:00,11134.7002,1496.9399,3372.27,1059.85,11658.9004,5748.3101,3143.6899,1292.95,38907.6105,E1,N,N
11/22/2019,11:00,10414.2998,1452.3,3396.99,951.384,11918.5,5853.1699,3067.25,1275.79,38329.6837,E2,N,N
11/22/2019,11:00,11070.7998,1476.9399,3303.99,1013.06,11717.2002,5742.8398,2727.1799,1349.21,38401.2196,E3,N,N
11/22/2019,11:00,10926.042,1442.5104,3433.95,1001.8018,11580.0459,5792.8911,3029.4063,1315.8965,38522.544,M,Y,N
11/22/2019,12:00,11007.9443,1261.4631,3663.3701,887.7107,10617.8633,5618.458,3225.4551,1281.1455,37563.4101,A3,N,N
11/22/2019,12:00,10830.1445,1211.1285,3785.7769,773.6987,10556.3252,5623.1802,2928.2061,1252.0706,36960.5307,A6,N,N
11/22/2019,12:00,11042.7998,1546.3101,3192.77,1038.3101,11439.2998,6017.9302,3197.8101,1369.28,38844.5101,E,N,N
11/22/2019,12:00,11302.5,1489.6801,3342.28,1065.16,11763.7998,5790.1001,3193.6499,1293.1899,39240.3598,E1,N,N
11/22/2019,12:00,10441.7998,1433.52,3352.04,934.68,11746.9004,5828.75,3154.51,1234.0699,38126.2701,E2,N,N
11/22/2019,12:00,11355.9004,1470.13,3292.26,1000.58,11692.7998,5793.3301,2734.24,1294.41,38633.6503,E3,N,N
11/22/2019,12:00,11102.1602,1427.7971,3392.5786,990.8576,11558.0205,5807.5938,3082.3765,1286.7207,38648.105,M,Y,N
11/22/2019,13:00,11055.6523,1251.5298,3610.8345,860.7269,10535.6631,5773.6958,3270.3611,1273.8583,37632.3218,A3,N,N
11/22/2019,13:00,10941.1406,1210.1938,3669.9424,765.7003,10688.458,5633.4141,2950.6973,1240.1974,37099.7439,A6,N,N
11/22/2019,13:00,11128.2002,1519.21,3173.5801,1021.06,11375.7002,5978.21,3281.6899,1317.1899,38794.8403,E,N,N
11/22/2019,13:00,11240.7002,1469,3312.8999,1075.33,11659.7998,5747.8101,3296.6599,1265.36,39067.5599,E1,N,N
11/22/2019,13:00,10449.2998,1404.7,3325.3899,923.748,11520.7002,5767.02,3221.0901,1189.91,37801.858,E2,N,N
11/22/2019,13:00,11351.2002,1454.9399,3228.45,979.972,11599.2002,5830.98,2721.51,1252.45,38418.7023,E3,N,N
11/22/2019,13:00,11109.0752,1409.3562,3350.4175,979.9858,11433.8447,5805.4409,3134.9802,1250.811,38473.9115,M,Y,N
11/22/2019,14:00,11153.5098,1262.1384,3614.4758,874.2524,10596.0371,5865.5762,3387.0901,1248.3065,38001.3863,A3,N,N
11/22/2019,14:00,11293.8076,1180.402,3646.1152,794.4653,10986.6299,5731.0581,2996.6733,1201.7045,37830.8559,A6,N,N
11/22/2019,14:00,11231,1502.05,3162.5601,1017.24,11322.5996,5951.3501,3361.25,1275.4301,38823.4799,E,N,N
11/22/2019,14:00,11407.2998,1468.46,3309.3101,1082.8101,11477.7998,5723.8398,3414.1699,1237.71,39121.3995,E1,N,N
11/22/2019,14:00,10564,1389.95,3322.6899,920.471,11360.9004,5735.7402,3288.03,1171.49,37753.2715,E2,N,N
11/22/2019,14:00,11396.0996,1443.5699,3291.6101,974.874,11479.5,5782.2402,2621.1201,1278.9,38267.9139,E3,N,N
11/22/2019,14:00,11213.6016,1405.0421,3364.5054,980.9753,11319.3789,5787.5708,3186.7549,1237.4921,38495.3211,M,Y,N
11/22/2019,15:00,11135.8066,1280.494,3591.1636,853.9367,10748.5352,5918.8369,3403.0361,1274.2214,38206.0305,A3,N,N
11/22/2019,15:00,11396.7188,1167.8387,3636.2119,771.064,10873.5254,5721.3979,2997.5215,1186.1062,37750.3844,A6,N,N
11/22/2019,15:00,11211.9004,1483.46,3147.8,1002.04,11234.4004,5906.0498,3397.29,1261.27,38644.2106,E,N,N
11/22/2019,15:00,11402.7998,1416.36,3287.8601,1023.43,11408,5705.71,3389.4199,1194.6899,38828.2697,E1,N,N
11/22/2019,15:00,10601.5,1370.71,3308.3899,901.116,11175.2998,5686.02,3314.49,1157.48,37515.0057,E2,N,N
11/22/2019,15:00,11410.5,1407.64,3253.8401,957.506,11170.2002,5784.8198,2549.6299,1258.97,37793.106,E3,N,N
11/22/2019,15:00,11213.9521,1382.8948,3340.2397,952.5101,11186.2422,5772.2485,3174.4941,1219.7214,38242.3029,M,Y,N
11/22/2019,16:00,11006.041,1311.067,3602.376,854.1406,10766.0439,5986.4746,3407.1665,1252.9967,38186.3063,A3,N,N
11/22/2019,16:00,11259.7012,1152.7878,3633.4714,763.4777,10977.7422,5836.7925,3031.1909,1173.0497,37828.2134,A6,N,N
11/22/2019,16:00,11068.5996,1466.86,3130.9299,984.77,11156.5996,5849.5898,3381.0901,1308.91,38347.349,E,N,N
11/22/2019,16:00,11368.5,1389.9,3259.7,962.994,10942.4004,5733.3398,3346.3201,1253.1899,38256.3442,E1,N,N
11/22/2019,16:00,10516.7998,1350.86,3287.3201,885.536,11050.2002,5665.04,3287.0801,1166.64,37209.4762,E2,N,N
11/22/2019,16:00,11181.5996,1372.6899,3272.3201,940.522,11153.7998,5924.6899,2603.1799,1252.62,37701.4212,E3,N,N
11/22/2019,16:00,11087.209,1370.6293,3335.8804,927.1268,11026.9307,5810.2754,3172.6877,1238.3508,37969.0901,M,Y,N
11/22/2019,17:00,10893.0566,1356.2816,3594.6172,854.9034,11040.1348,6122.668,3478.7996,1309.991,38650.4522,A3,N,N
11/22/2019,17:00,11018.3154,1183.0002,3625.1201,767.8728,11284.2813,5917.1006,3153.4541,1219.286,38168.4305,A6,N,N
11/22/2019,17:00,10853.9004,1477.49,3123.8501,960.682,11233,5817.4102,3321.4199,1371.0601,38158.8127,E,N,N
11/22/2019,17:00,11118.4004,1395.4,3244.3999,955.747,11127.5,5704.4199,3294.6799,1270.89,38111.4371,E1,N,N
11/22/2019,17:00,10401.7002,1348.1,3279.74,857.475,11074.5996,5705.46,3233.3899,1208.4301,37108.8948,E2,N,N
11/22/2019,17:00,10999,1370.8199,3252.6499,913.721,11171.2002,5703.8501,2587.9299,1282.79,37281.961,E3,N,N
11/22/2019,17:00,10909.5645,1383.8241,3323.3652,908.6839,11127.4658,5770.9419,3159.7036,1275.6589,37859.2079,M,Y,N
11/22/2019,18:00,11010.7617,1442.7972,3606.0408,876.6321,11596.2852,6421.3516,3571.8674,1364.364,39890.1,A3,N,N
11/22/2019,18:00,11200.6201,1264.9597,3641.8162,796.5618,11912.293,6263.8618,3294.6006,1286.5092,39661.2224,A6,N,N
11/22/2019,18:00,10727.7002,1534.01,3128.8501,972.133,11641,5909.9302,3257.3999,1376.6801,38547.7035,E,N,N
11/22/2019,18:00,11089.5996,1433.5601,3249.51,1013.58,11815.5996,5946.1899,3226.3799,1354.22,39128.6391,E1,N,N
11/22/2019,18:00,10538.2002,1405.49,3291.4199,881.698,11599.2998,5874.23,3167.6599,1253.62,38011.6178,E2,N,N
11/22/2019,18:00,10981.7998,1456.08,3245.5801,927.187,11611.7002,5861.3999,2656.6899,1314.03,38054.4669,E3,N,N
11/22/2019,18:00,10928.7773,1450.5469,3327.8164,936.7119,11661.3105,5961.8652,3166.8667,1323.0979,38756.9928,M,Y,N
11/22/2019,19:00,10831.9014,1490.6543,3613.7087,900.3741,11864.0645,6543.769,3643.9048,1424.09,40312.4668,A3,N,N
11/22/2019,19:00,11022.791,1285.3743,3659.259,804.8884,12173.8721,6375.4219,3391.3303,1370.819,40083.756,A6,N,N
11/22/2019,19:00,10559.7002,1582.86,3161.6899,1003.36,12018.2002,6131.1899,3276.71,1395.1899,39128.9001,E,N,N
11/22/2019,19:00,11102,1474.66,3337.4199,1001.87,12115.2998,6053.21,3297.6499,1400.24,39782.3496,E1,N,N
11/22/2019,19:00,10479,1452.8,3360.5701,922.325,12069.7998,6050.6001,3237.47,1329.6,38902.165,E2,N,N
11/22/2019,19:00,10959.2998,1508.25,3348.5801,968.333,12095.5996,6111.6299,2746.9299,1427.15,39165.7723,E3,N,N
11/22/2019,19:00,10853.1377,1497.8485,3390.2097,961.0988,12055.459,6138.2295,3236.3938,1391.6575,39524.0345,M,Y,N
11/22/2019,20:00,10565.6768,1484.3225,3607.9556,890.2761,11675.165,6286.5127,3551.0144,1425.8999,39486.823,A3,N,N
11/22/2019,20:00,10664.3789,1295.8362,3657.0935,794.4575,12143.415,6275.6338,3288.5803,1376.9187,39496.3139,A6,N,N
11/22/2019,20:00,10272.4004,1562.2,3177.76,1002.54,11965.4004,6051.6802,3186.99,1407.17,38626.141,E,N,N
11/22/2019,20:00,10765.5996,1428.84,3351.3501,1060.08,12071.4004,5926.1001,3215.45,1376.2,39195.0202,E1,N,N
11/22/2019,20:00,10214.2002,1425.6899,3385.6201,924.62,11975.5,5891.0098,3149.1299,1340.6899,38306.4598,E2,N,N
11/22/2019,20:00,10700.5,1432.66,3336.6001,968.07,11930.0996,6007.4302,2650.3799,1442.13,38467.8698,E3,N,N
11/22/2019,20:00,10568.7695,1459.9419,3394.3989,974.7945,11949.3203,5998.4092,3146.2258,1393.8887,38885.7488,M,Y,N
11/22/2019,21:00,10245.1816,1468.7999,3617.2751,893.3427,11535.9316,5992.0327,3431.8748,1407.4763,38591.9147,A3,N,N
11/22/2019,21:00,10303.877,1291.2742,3645.8291,810.6404,11848.5996,6075.978,3179.7744,1352.2844,38508.2571,A6,N,N
11/22/2019,21:00,9962.8604,1536.4301,3177.8201,985.821,11772.5,5892.7402,3074.23,1400.15,37802.5518,E,N,N
11/22/2019,21:00,10455.7002,1431.5601,3327.25,984.135,11867.5,5807.9399,3051.8,1373.24,38299.1252,E1,N,N
11/22/2019,21:00,9980.8096,1405.61,3382.49,911.688,11803.0996,5739.04,3050.9299,1320.39,37594.0571,E2,N,N
11/22/2019,21:00,10338.5,1443.27,3353.23,954.448,11743,5860.73,2585.6001,1440.1801,37718.9582,E3,N,N
11/22/2019,21:00,10252.8047,1453.6625,3394.4775,947.4632,11766.9531,5837.5244,3032.9639,1384.4059,38070.2552,M,Y,N
11/22/2019,22:00,9884.4834,1448.3368,3605.6167,878.1606,11415.1641,5731.7236,3274.5356,1379.0775,37617.0983,A3,N,N
11/22/2019,22:00,9854.2666,1270.9863,3607.1152,800.5304,11600.9795,5876.7358,3045.2444,1337.2118,37393.07,A6,N,N
11/22/2019,22:00,9611.0596,1498.39,3171.6699,957.08,11489.2002,5668.23,2946.22,1379.05,36720.8997,E,N,N
11/22/2019,22:00,10116,1364.17,3294.1499,933.966,11439.7002,5580.7202,2911.95,1400.49,37041.1463,E1,N,N
11/22/2019,22:00,9648.9805,1374.64,3355.1799,888.399,11494.2998,5519.4399,2928.73,1281.54,36491.2091,E2,N,N
11/22/2019,22:00,10104.7002,1369.37,3179.52,927.716,11466.7998,5599.8799,2455.6799,1359.61,36463.2758,E3,N,N
11/22/2019,22:00,9933.8008,1404.5979,3335.6777,916.9254,11463.2461,5600.0039,2894.9102,1355.1759,36904.3379,M,Y,N
11/22/2019,23:00,9536.5215,1399.2682,3625.3486,851.9412,11065.1543,5444.2515,3096.0903,1329.6671,36348.2427,A3,N,N
11/22/2019,23:00,9406.4424,1202.6034,3635.8137,771.1515,11095.6641,5576.6802,2893.9282,1315.5234,35897.8069,A6,N,N
11/22/2019,23:00,9219.4502,1434.74,3171.99,912.403,11092.4004,5452.6201,2815.4199,1323.54,35422.5636,E,N,N
11/22/2019,23:00,9842.3896,1394.5601,3280.8999,929.679,11082.2002,5370.8799,2787.3401,1284.55,35972.4988,E1,N,N
11/22/2019,23:00,9260.7803,1311.75,3337.3201,860.91,11072.0996,5286.25,2793.48,1253.15,35175.74,E2,N,N
11/22/2019,23:00,9698.9404,1398.66,3271.01,891.964,11082.5,5346.1401,2350.1201,1351.83,35391.1646,E3,N,N
11/22/2019,23:00,9579.4922,1391.4333,3357.9785,891.1813,11078.8945,5362.9263,2759.5002,1304.0334,35725.4397,M,Y,N
11/22/2019,24:00,9178.5391,1369.8171,3635.5344,828.5812,10732.7725,5259.231,2933.6365,1293.4624,35231.5742,A3,N,N
11/22/2019,24:00,8969.2305,1201.8442,3680.293,759.1506,10623.6289,5445.124,2725.2236,1309.3201,34713.8149,A6,N,N
11/22/2019,24:00,8871.9902,1382.92,3183.6201,866.379,10660.9004,5209.2798,2677.48,1298.66,34151.2295,E,N,N
11/22/2019,24:00,9426.2305,1323.15,3273.47,883.314,10567.2002,5084.6499,2660.6599,1292.25,34510.9245,E1,N,N
11/22/2019,24:00,8884.1797,1264.96,3347.75,829.898,10546.5,5066.2598,2649.9399,1240.76,33830.2474,E2,N,N
11/22/2019,24:00,9351.0898,1321.9,3227.9399,856.679,10572.9004,5105.7002,2285.26,1315.45,34036.9193,E3,N,N
11/22/2019,24:00,9208.4863,1334.7018,3350.6572,854.3428,10595.8594,5122.7163,2635.8164,1286.1304,34388.7106,M,Y,N
