DeliveryDate,HourEnding,Coast,East,FarWest,North,NorthCentral,SouthCentral,Southern,West,SystemTotal,Model,InUseFlag,DSTFlag
08/17/2018,1:00,13285.7461,1839.1292,3025.1184,1051.2916,15581.6543,7953.27,3829.6501,1497.0674,48062.9271,A3,N,N
08/17/2018,1:00,13185.9053,1914.8824,3007.0481,1075.892,15494.9893,7928.3481,3895.3721,1481.1868,47983.6241,A6,N,N
08/17/2018,1:00,13226.2998,1875.67,3002.49,1041.35,15455.5996,8084.3398,3768.71,1465.73,47920.1892,E,N,N
08/17/2018,1:00,13372.4004,1893.08,3025.8501,1040.23,15428.0996,8021.3101,3768.4299,1448.59,47997.9901,E1,N,N
08/17/2018,1:00,13222.0996,1873.99,3000.79,1064.55,15455.0996,8059.9199,3783.51,1479.4301,47939.3892,E2,Y,N
08/17/2018,1:00,13373,1888.12,3036.71,1063.63,15428,8028.7202,3767.8601,1445.4399,48031.4802,E3,N,N
08/17/2018,1:00,13277.5762,1880.812,3016.3345,1056.1572,15473.9082,8012.6523,3802.2554,1469.574,47989.2698,M,N,N
08/17/2018,2:00,12733.9424,1769.2234,2990.6709,1004.767,14539.917,7427.8833,3557.3818,1362.5562,45386.342,A3,N,N
08/17/2018,2:00,12757.5664,1803.2595,2981.6987,1013.7068,14485.4707,7428.9312,3571.988,1358.5211,45401.1424,A6,N,N
08/17/2018,2:00,12801.5,1841.16,3013.23,1026.5699,14519.4004,7333.21,3551.95,1341.51,45428.5303,E,N,N
08/17/2018,2:00,12627.2002,1835.35,2981.6101,1024.78,14473.4004,7382.54,3552.73,1363.97,45241.5807,E1,N,N
08/17/2018,2:00,12751,1795.51,2981.4399,1011.04,14545.7998,7417.5801,3545.5601,1353.96,45401.8899,E2,Y,N
08/17/2018,2:00,12626.5,1835.74,2969.0801,1012.1,14470.7002,7381.4399,3552.3501,1346.83,45194.7403,E3,N,N
08/17/2018,2:00,12716.2861,1813.3739,2986.2883,1015.494,14505.7813,7395.2646,3555.3269,1354.558,45342.3731,M,N,N
08/17/2018,3:00,12174.0029,1753.5977,2923.6628,957.6555,13964.6104,6998.2217,3392.459,1344.0975,43508.3075,A3,N,N
08/17/2018,3:00,12246.0313,1753.344,2902.9006,969.4522,13994.9697,6968.9194,3377.4897,1353.9987,43567.1056,A6,N,N
08/17/2018,3:00,12251.9004,1771.88,2891.51,967.742,14050.0996,6946.7598,3393.1001,1333.7,43606.6919,E,N,N
08/17/2018,3:00,12183.2002,1748.97,2859.1299,958.495,14086.2002,7012.54,3394.72,1378.5601,43621.8154,E1,N,N
08/17/2018,3:00,12228.5,1739.21,2894.9199,971.145,14009.2998,6993.73,3394.29,1370.12,43601.2147,E2,Y,N
08/17/2018,3:00,12165.7998,1761.65,2869.8799,968.104,14022.7998,6981,3394.01,1391.88,43555.1235,E3,N,N
08/17/2018,3:00,12208.2383,1754.7754,2890.3337,965.4324,14021.3301,6983.5288,3391.0117,1362.0593,43576.7097,M,N,N
08/17/2018,4:00,12024.2363,1672.4093,2887.8679,946.0027,13846.4268,6701.2515,3277.4585,1307.6978,42663.3508,A3,N,N
08/17/2018,4:00,12066.1064,1699.0408,2886.1519,952.0004,13835.0107,6710.1201,3281.6992,1313.5818,42743.7113,A6,N,N
08/17/2018,4:00,11993.2002,1710.35,2878.1001,931.331,13880.2002,6682.8501,3303.1101,1300.3199,42679.4616,E,N,N
08/17/2018,4:00,11951.5996,1660.12,2905.55,926.868,13946.4004,6675.1499,3309.26,1312.89,42687.8379,E1,N,N
08/17/2018,4:00,11998.2002,1691.36,2875.78,941.332,13734.7998,6706.9302,3289.97,1308.8101,42547.1823,E2,Y,N
08/17/2018,4:00,11922.7002,1682.08,2879.3301,935.822,13883.7998,6681.98,3303.22,1311.03,42599.9621,E3,N,N
08/17/2018,4:00,11992.6738,1685.8933,2885.4634,938.8927,13854.4395,6693.0469,3294.1199,1309.0551,42653.5846,M,N,N
08/17/2018,5:00,11918.5137,1620.6506,2941.873,943.1786,13705.417,6469.8291,3224.6379,1229.7311,42053.831,A3,N,N
08/17/2018,5:00,11941.1162,1624.3208,2960.4885,942.569,13692.9551,6496.8774,3219.9866,1202.5122,42080.8258,A6,N,N
08/17/2018,5:00,11914.2998,1635.11,2925.21,950.777,13813.5996,6546.2998,3225.6699,1259.99,42270.9561,E,N,N
08/17/2018,5:00,11886.7998,1579.79,2953.75,969.279,13695.7998,6539.4502,3209.8999,1221.28,42056.0487,E1,N,N
08/17/2018,5:00,11983.7002,1648.42,2916.49,939.003,13742.5,6572.8799,3237.26,1226.98,42267.2331,E2,Y,N
08/17/2018,5:00,11891.7998,1602.02,2926.4299,937.318,13794.0996,6551.46,3226.23,1211.63,42140.9873,E3,N,N
08/17/2018,5:00,11922.7051,1618.3853,2937.3735,947.0208,13740.7285,6529.4663,3223.9478,1225.354,42144.9813,M,N,N
08/17/2018,6:00,12263.9502,1639.8192,3018.2148,969.9317,13985.7559,6719.9863,3273.8831,1176.6035,43048.1447,A3,N,N
08/17/2018,6:00,12488.54,1659.7128,3027.6475,985.0866,14080.2441,6710.2622,3278.4248,1143.8309,43373.7489,A6,N,N
08/17/2018,6:00,12237,1601.0699,3051.2,972.223,14073.7998,6651.1001,3257.6799,1186.65,43030.7227,E,N,N
08/17/2018,6:00,12258.4004,1551.0601,3064.1201,962.723,14012.5996,6643.6001,3256.77,1180.9399,42930.2132,E1,N,N
08/17/2018,6:00,12307,1648.78,3006.1499,966.32,14178.5,6692.5498,3284.6699,1165.42,43249.3896,E2,Y,N
08/17/2018,6:00,12253.0996,1568.62,3041.79,969.634,14071.2998,6647.23,3257.6699,1140.3101,42949.6534,E3,N,N
08/17/2018,6:00,12301.332,1611.5104,3034.8538,970.9864,14067.0332,6677.4546,3268.1831,1165.6257,43096.9792,M,N,N
08/17/2018,7:00,12544.7021,1732.8583,3032.0393,1015.6825,14706.6475,6974.5864,3434.522,1235.9695,44677.0076,A3,N,N
08/17/2018,7:00,12670.1475,1747.686,3075.9084,1026.1057,14725.9512,6921.0972,3454.2141,1191.9058,44813.0159,A6,N,N
08/17/2018,7:00,12690.4004,1701.05,3073.8101,1005.73,14442.7002,7080.96,3430.25,1192.02,44616.9207,E,N,N
08/17/2018,7:00,12701,1772.9,3039.8401,993.734,14339,7107.4199,3443.8999,1226.1899,44623.9838,E1,N,N
08/17/2018,7:00,12724.9004,1752.3101,3035.6201,1009.91,14769.5996,7059,3456.1599,1218.1,45025.6001,E2,Y,N
08/17/2018,7:00,12707.5996,1719.04,3069.8899,1012.46,14403,7065.7998,3428.8201,1190.35,44596.9594,E3,N,N
08/17/2018,7:00,12673.125,1737.6407,3054.5181,1010.6037,14564.4824,7034.811,3441.311,1209.0892,44725.5811,M,N,N
08/17/2018,8:00,12746.0605,1751.6084,2998.25,1017.6359,14985.1309,7155.9956,3445.9602,1274.3864,45375.0279,A3,N,N
08/17/2018,8:00,12718.8398,1751.9985,2976.512,1019.3563,14998.6162,7166.9888,3436.1104,1278.0946,45346.5166,A6,N,N
08/17/2018,8:00,12954.7998,1729.55,3024.0701,1033.87,14910.5996,7176.7002,3485.5601,1224.88,45540.0298,E,N,N
08/17/2018,8:00,13036.9004,1756.61,2994.9299,1046.61,15226.5,7198.5601,3491.75,1285.86,46037.7204,E1,N,N
08/17/2018,8:00,12909.7002,1774.45,3013.28,1026.35,14927.9004,7132.52,3472.3101,1276.1899,45532.7006,E2,Y,N
08/17/2018,8:00,12984.5996,1758.6899,3037.54,1027.61,15006.2002,7206.7998,3486.6399,1278.37,45786.4494,E3,N,N
08/17/2018,8:00,12891.8164,1753.8179,3007.4304,1028.572,15009.1582,7172.9277,3469.7219,1269.6301,45603.0746,M,N,N
08/17/2018,9:00,13381.3164,1888.3413,3011.0034,1106.0345,15338.6104,7407.9663,3655.2937,1338.6089,47127.1749,A3,N,N
08/17/2018,9:00,13456.1885,1920.2411,3005.7056,1119.5685,15401.252,7364.5332,3671.4402,1333.0728,47272.0019,A6,N,N
08/17/2018,9:00,13381.2998,1905.23,2994.5901,1138.86,15281.5,7464.0801,3663.8,1332.42,47161.78,E,N,N
08/17/2018,9:00,13376.5996,1991.64,3005.7,1139.28,15095.5,7446.7002,3648.47,1354.62,47058.5098,E1,N,N
08/17/2018,9:00,13445.2002,1907.23,3013.4099,1086.29,15309.5,7418.7202,3631.0701,1361.87,47173.2904,E2,Y,N
08/17/2018,9:00,13460.2002,1963.36,3025.3899,1090.22,15255.2998,7466.4502,3662.99,1377.95,47301.8601,E3,N,N
08/17/2018,9:00,13416.8027,1929.3406,3009.3,1113.3755,15280.2783,7428.0752,3655.5105,1349.757,47182.4398,M,N,N
08/17/2018,10:00,14615.7012,2030.4327,3083.5435,1210.3357,16534.4785,8056.9497,3976.6013,1413.1024,50921.145,A3,N,N
08/17/2018,10:00,14727.7764,2021.3391,3084.5957,1222.4773,16463.2676,8041.7764,3996.1301,1418.5005,50975.8631,A6,N,N
08/17/2018,10:00,14589.7002,2059.23,3036.9199,1223.37,16189,8084.9199,3998.25,1464.0601,50645.4501,E,N,N
08/17/2018,10:00,14715.2002,2034.71,3033.9399,1199.27,16357,8110.1802,3994.9099,1441.58,50886.7902,E1,N,N
08/17/2018,10:00,14457.7998,2053.7,3057.48,1193.33,16204.0996,8019.8501,3952.6399,1450.08,50388.9794,E2,Y,N
08/17/2018,10:00,14661.2998,2059.72,3039.6599,1211.37,16395.0996,8081.4399,3997.75,1471.8,50918.1392,E3,N,N
08/17/2018,10:00,14627.9131,2043.1887,3056.0234,1210.0255,16357.1582,8065.853,3986.0471,1443.1873,50789.3963,M,N,N
08/17/2018,11:00,15721.3457,2196.5464,3202.6655,1302.5591,17693.7441,8675.2949,4406.4009,1481.6866,54680.2432,A3,N,N
08/17/2018,11:00,15537.3604,2189.7642,3209.7395,1310.6113,17711.873,8471.2148,4435.8213,1453.6399,54320.0244,A6,N,N
08/17/2018,11:00,15869.2002,2233.1799,3213.3,1289.74,17700.9004,8721.8398,4408.8101,1529.03,54966.0004,E,N,N
08/17/2018,11:00,15887.2998,2181.6899,3268.22,1274.4301,17876.5996,8655.8701,4430.4702,1461.9399,55036.5196,E1,N,N
08/17/2018,11:00,15737.5,2212.1499,3206.79,1273.86,17569.0996,8742.75,4364.02,1459.33,54565.4995,E2,Y,N
08/17/2018,11:00,15856,2203.51,3224.4299,1289.3101,17767.9004,8689.7598,4408.23,1451.23,54890.3702,E3,N,N
08/17/2018,11:00,15768.1182,2202.8066,3220.8577,1290.0852,17720.0215,8659.4551,4408.9585,1472.8094,54743.1122,M,N,N
08/17/2018,12:00,16900.1523,2355.8672,3288.438,1374.8701,18482.9277,9433.1172,4779.5762,1584.6956,58199.6443,A3,N,N
08/17/2018,12:00,17005.7695,2372.7803,3306.3184,1373.8904,18479.7109,9567.4746,4761.5854,1586.9731,58454.5026,A6,N,N
08/17/2018,12:00,16963.5,2346.1101,3325.99,1388.7,18481.4004,9416.25,4777.1899,1585.0699,58284.2103,E,Y,N
08/17/2018,12:00,16922.3008,2384.6499,3299.6399,1408.4,18024,9448.0996,4763.3501,1596.08,57846.5203,E1,N,N
08/17/2018,12:00,16852,2350.73,3309.49,1384.5,18785.1992,9400.7402,4743.9902,1568.39,58395.0396,E2,N,N
08/17/2018,12:00,16967.1992,2362.03,3304.3899,1409.75,18324.5,9438.0303,4775.1201,1585.46,58166.4795,E3,N,N
08/17/2018,12:00,16935.1543,2362.0278,3305.7112,1390.0184,18429.625,9450.6191,4766.8022,1584.4448,58224.4028,M,N,N
08/17/2018,13:00,17868.4648,2481.6848,3395.4285,1473.5879,19431.582,9890.6758,5079.7876,1695.9932,61317.2046,A3,N,N
08/17/2018,13:00,17896.4434,2495.5154,3418.8999,1478.3741,19264.2422,9930.8584,5028.6265,1662.2987,61175.2586,A6,N,N
08/17/2018,13:00,17740.6992,2458.98,3458.1201,1469.79,19017.1992,10114.9004,5036.8501,1645.49,60942.029,E,Y,N
08/17/2018,13:00,17712.9004,2463.3301,3449.9399,1475.9,19038.5,10096.4004,5005.8901,1680.78,60923.6409,E1,N,N
08/17/2018,13:00,17844,2469.5,3426.02,1463.71,19577.5996,10058.2002,5080.4902,1664.97,61584.49,E2,N,N
08/17/2018,13:00,17749,2478.3601,3443.48,1478.74,19001.5996,10093.0996,5038.1699,1651.72,60934.1692,E3,N,N
08/17/2018,13:00,17801.918,2474.5618,3431.9817,1473.3503,19221.7891,10030.6895,5044.9692,1666.8755,61146.1351,M,N,N
08/17/2018,14:00,18334.2305,2611.1172,3485.6992,1578.9362,20879.6875,10743.4678,5279.2417,1808.4198,64720.7999,A3,N,N
08/17/2018,14:00,18127.8203,2596.0383,3500.6365,1567.1173,20388.2617,10596.4873,5320.6694,1799.4136,63896.4444,A6,N,N
08/17/2018,14:00,18508.5996,2608.3201,3521.7,1560.6899,20318.0996,10822.0996,5297.96,1767.9399,64405.4087,E,Y,N
08/17/2018,14:00,18528.5996,2635.73,3504.8301,1575.9301,20877.0996,10866.0996,5309.9399,1811.41,65109.6389,E1,N,N
08/17/2018,14:00,18749.5,2622.01,3510.3799,1572.0601,20435.5996,10774.0996,5325.2598,1788.77,64777.679,E2,N,N
08/17/2018,14:00,18506.0996,2639.6299,3509.6299,1596.28,20483.5,10852.5996,5298.8198,1807.1899,64693.7487,E3,N,N
08/17/2018,14:00,18459.1426,2618.8076,3505.4795,1575.1689,20563.707,10775.8096,5305.3154,1797.1908,64600.6214,M,N,N
08/17/2018,15:00,19335.2109,2683.0264,3498.3931,1638.0992,21290.6855,11232.7383,5495.9819,1880.8323,67054.9676,A3,N,N
08/17/2018,15:00,19199.0547,2731.9094,3494.9314,1637.0303,21927.2305,11138.5879,5471.2979,1874.3805,67474.4226,A6,N,N
08/17/2018,15:00,19187.0996,2686.3401,3538.6399,1629.4301,22244.5,11320.5,5475.7202,1871.1,67953.3299,E,Y,N
08/17/2018,15:00,19337.3008,2650.4399,3511.05,1638.22,22517.0996,11202.7002,5487.98,1896.1899,68240.9804,E1,N,N
08/17/2018,15:00,19181.1992,2703.75,3537.6101,1639.09,21462,11311.2998,5466.4702,1882.8101,67184.2294,E2,N,N
08/17/2018,15:00,19250.0996,2667.95,3526.26,1653.1899,22319.0996,11259.4004,5477.6899,1884.36,68038.0494,E3,N,N
08/17/2018,15:00,19248.3281,2687.2358,3517.814,1639.1768,21960.1035,11244.2041,5479.1899,1881.6123,67657.6645,M,N,N
08/17/2018,16:00,19459.8066,2736.3015,3464.707,1596.0192,21700.8809,11710.7715,5562.1787,1946.7944,68177.4598,A3,N,N
08/17/2018,16:00,19474.1035,2680.5259,3460.2703,1667.5073,22496.7227,11597.4023,5565.8447,1928.8367,68871.2134,A6,N,N
08/17/2018,16:00,19415.0996,2718.1001,3554.3999,1638.54,22889.6992,11700.5,5560.6802,1927.7,69404.719,E,Y,N
08/17/2018,16:00,19521.0996,2685.5901,3496.5801,1662.17,23374.6992,11564.5996,5585.6299,1950.41,69840.7785,E1,N,N
08/17/2018,16:00,19412.6992,2727.5701,3549,1654.96,22139.9004,11711.2998,5555.8501,1934.5,68685.7796,E2,N,N
08/17/2018,16:00,19361.5,2695.52,3511.24,1652.2,23030.9004,11585.9004,5561.9102,1929.77,69328.941,E3,N,N
08/17/2018,16:00,19440.7188,2707.2681,3506.0327,1645.2329,22605.4688,11645.0791,5565.3491,1936.3354,69051.4849,M,N,N
08/17/2018,17:00,19066.1367,2712.0671,3470.9397,1645.0577,22065.5391,11903.8164,5562.0713,1968.4534,68394.0814,A3,N,N
08/17/2018,17:00,18785.9805,2633.2102,3462.4199,1694.2679,22771.0801,11676.1016,5579.8521,1982.4773,68585.3896,A6,N,N
08/17/2018,17:00,19377.1992,2710.27,3541.55,1610.36,23206.4004,11919.2002,5569.5898,1947.38,69881.9496,E,Y,N
08/17/2018,17:00,19444.1992,2714.21,3496.5601,1662.3,23802.8008,11794.5,5620.1802,1967.03,70501.7803,E1,N,N
08/17/2018,17:00,19376.3008,2723.5,3550.05,1644.2,22659.0996,11917,5564.4302,1946.23,69380.8106,E2,N,N
08/17/2018,17:00,19063.3008,2669.8899,3484.8501,1625.12,23275.3008,11737.2002,5559.77,1933.65,69349.0818,E3,N,N
08/17/2018,17:00,19185.5195,2693.8582,3501.0618,1646.8843,22963.3711,11824.6367,5575.9829,1957.5369,69348.8514,M,N,N
08/17/2018,18:00,18737.3086,2720.7939,3462.562,1628.0507,22112.4043,11970.9951,5480.0132,1966.9121,68079.0399,A3,N,N
08/17/2018,18:00,18631.8145,2659.1633,3447.3552,1686.3248,22839.9727,11731.8105,5483.748,1965.6625,68445.8515,A6,N,N
08/17/2018,18:00,18930.0996,2673.1299,3512.72,1566.52,23116.9004,11985,5472.2202,1943.0601,69199.6502,E,Y,N
08/17/2018,18:00,19035.9004,2731.3401,3385.0701,1672.04,23701.1992,11965,5555.4702,1954.12,70000.14,E1,N,N
08/17/2018,18:00,19002.5996,2687.8301,3527.3899,1602.87,22867.3008,11992.0996,5457.96,1927.59,69065.64,E2,N,N
08/17/2018,18:00,18543.5996,2638.23,3480.54,1567.24,23080.5,11824.5996,5466.8901,1919.73,68521.3293,E3,N,N
08/17/2018,18:00,18813.5547,2685.0813,3469.2732,1620.5077,22953.0469,11911.585,5486.0508,1946.1792,68885.2788,M,N,N
08/17/2018,19:00,18099.2832,2665.7939,3427.075,1567.6199,21632.8418,11588.7314,5293.5317,1958.7979,66233.6748,A3,N,N
08/17/2018,19:00,18001.0566,2580.8313,3409.5295,1634.4158,22437.5625,11604.874,5305.3442,1961.5182,66935.1321,A6,N,N
08/17/2018,19:00,18123.3008,2611.02,3480.6899,1572.54,22546.3008,11795.2002,5268.6499,1928.6,67326.3016,E,Y,N
08/17/2018,19:00,18269.3008,2680.4199,3460.8,1629.91,23237.6992,11822.7002,5438.02,1918.51,68457.3601,E1,N,N
08/17/2018,19:00,18222.8008,2603.24,3507.4299,1533.36,22493.6992,11768.7998,5263.6802,1889.73,67282.7399,E2,N,N
08/17/2018,19:00,17729.1992,2575.1399,3454.1799,1504.96,22531.6992,11727.7002,5285.1899,1894.8,66702.8683,E3,N,N
08/17/2018,19:00,18074.1582,2619.4075,3456.6177,1573.801,22479.9668,11718.002,5309.0693,1925.3262,67156.3487,M,N,N
08/17/2018,20:00,17301.2891,2525.2622,3346.2593,1474.8752,20748.1973,11128.2715,5045.2061,1930.1514,63499.5121,A3,N,N
08/17/2018,20:00,17393.9395,2476.6904,3340.6162,1521.5562,21537.5449,11130.1992,5069.1426,1947.0587,64416.7477,A6,N,N
08/17/2018,20:00,17287.3008,2487.4099,3428.5801,1398.4,21507.0996,11276,5049.5,1886.5699,64320.8603,E,Y,N
08/17/2018,20:00,17544.8008,2538.01,3432.1001,1512.08,22471.0996,11370.5,5178.6699,1864.23,65911.4904,E1,N,N
08/17/2018,20:00,17408.4004,2467.8501,3462.8201,1438.4,21419.6992,11239.5,4983.5898,1823.12,64243.3796,E2,N,N
08/17/2018,20:00,16864.6992,2470.0801,3409.9099,1405.9399,21491.3008,11273.2998,5039.29,1830.5601,63785.0798,E3,N,N
08/17/2018,20:00,17300.0723,2494.217,3403.3811,1458.5419,21529.1563,11236.2949,5060.8999,1880.2816,64362.845,M,N,N
08/17/2018,21:00,16998.1445,2428.3745,3303.7292,1433.01,20215.291,10696.5654,4878.1152,1881.495,61834.7248,A3,N,N
08/17/2018,21:00,17007.6699,2402.2668,3314.1094,1467.5387,20844.502,10631.8828,4918.3789,1889.6434,62475.9919,A6,N,N
08/17/2018,21:00,16808.1992,2397.6799,3357.2,1366.35,20612,10789.9004,4923.73,1815.58,62070.6395,E,Y,N
08/17/2018,21:00,17264.5,2491.6599,3334.27,1478.88,21610.4004,10980.9004,5067.79,1773.6,64002.0007,E1,N,N
08/17/2018,21:00,16906.1992,2365.8401,3403.28,1371.62,20521.1992,10746,4860.0801,1753.8101,61928.0287,E2,N,N
08/17/2018,21:00,16470.5996,2363.25,3370.0901,1343.16,20589.1992,10838.2998,4906.02,1754.11,61634.7287,E3,N,N
08/17/2018,21:00,16909.2188,2408.1785,3347.1133,1410.0931,20732.0996,10780.5918,4925.6855,1811.3732,62324.3538,M,N,N
08/17/2018,22:00,16113.7988,2329.3503,3273.9226,1346.2677,19492.793,10256.3232,4701.0122,1842.8292,59356.297,A3,N,N
08/17/2018,22:00,16072.7949,2342.7983,3286.2415,1376.2267,20044.8984,10263.6855,4741.5474,1843.0941,59971.2868,A6,N,N
08/17/2018,22:00,16220,2325.8899,3304.0801,1295.66,19685.3008,10277.4004,4731.6899,1836.59,59676.6111,E,Y,N
08/17/2018,22:00,16509.0996,2356.8201,3252.25,1362.63,20640,10445,4860.52,1745.6,61171.9197,E1,N,N
08/17/2018,22:00,16216.5,2295.0901,3350.03,1309.11,19675.6992,10277,4693.0898,1704.9301,59521.4492,E2,N,N
08/17/2018,22:00,15922.4004,2284.8999,3322.54,1276.73,19643.8008,10284.2002,4730.48,1715.3,59180.3513,E3,N,N
08/17/2018,22:00,16175.7666,2322.4749,3298.1777,1327.7708,19863.748,10300.6016,4743.0566,1781.3906,59812.9868,M,N,N
08/17/2018,23:00,15152.748,2160.4658,3198.9495,1249.8718,18236.4434,9497.79,4382.7979,1726.6304,55605.6968,A3,N,N
08/17/2018,23:00,15197.0449,2166.0144,3196.2437,1282.9324,18636.623,9389.249,4434.9854,1765.4397,56068.5325,A6,N,N
08/17/2018,23:00,15292.2998,2183.5,3214.24,1205.8101,18226.3008,9558.5,4466.2998,1727.16,55874.1105,E,Y,N
08/17/2018,23:00,15221.9004,2183,3211.01,1304.7,18945,9625.3799,4554.1802,1601.98,56647.1505,E1,N,N
08/17/2018,23:00,15283.7002,2138.1201,3254.5701,1234.9,18336.6992,9579.4404,4418.9102,1612.4399,55858.7801,E2,N,N
08/17/2018,23:00,14979.5996,2163.02,3197.21,1205.05,18371,9574.0303,4460.9502,1619.51,55570.3701,E3,N,N
08/17/2018,23:00,15187.8828,2165.687,3212.0374,1247.2108,18458.6797,9537.3984,4453.0205,1675.5267,55937.4433,M,N,N
08/17/2018,24:00,14173.1982,2021.5513,3139.6934,1125.1482,16747.832,8736.4014,4095.5439,1591.3776,51630.746,A3,N,N
08/17/2018,24:00,14299.9668,2024.2201,3152.0742,1155.9591,16978.0938,8767.7275,4148.5977,1618.4645,52145.1037,A6,N,N
08/17/2018,24:00,14334.5,2030.78,3142.51,1095.5699,16709.9004,8789.1699,4173.9902,1604.64,51881.0604,E,Y,N
08/17/2018,24:00,13889.5,1993.55,3038.5701,1206.12,17200.1992,8819.1104,4270.7998,1492.3101,51910.1596,E1,N,N
08/17/2018,24:00,14282.4004,1992.4301,3164.98,1152.38,16850.9004,8806.6201,4131.02,1506.53,51887.261,E2,N,N
08/17/2018,24:00,14201.7002,2006.21,3149.9199,1101.3101,16909.4004,8813.5195,4163.3799,1484.66,51830.1,E3,N,N
08/17/2018,24:00,14196.8779,2011.457,3131.2915,1139.4146,16899.3867,8788.7578,4163.8887,1549.6638,51880.738,M,N,N
08/18/2018,1:00,13332.8848,1877.1882,3090.1768,1042.4718,15533.6602,8022.3193,3846.8938,1521.4131,48267.008,A3,N,N
08/18/2018,1:00,13369.2676,1938.3723,3096.5598,1103.1189,15610.0752,8000.481,3950.9741,1535.3105,48604.1594,A6,N,N
08/18/2018,1:00,13199.2998,1871.34,3117.05,1081.27,15307.7998,8081.4302,3919.1299,1470.2,48047.5197,E,Y,N
08/18/2018,1:00,13068.7002,1860.05,2949.49,1135.3,15847.5996,8161.4199,4017.72,1402.0699,48442.3496,E1,N,N
08/18/2018,1:00,13296.7998,1859.6801,3095.8701,1075.0601,15456.4004,8053.1499,3862.1799,1417.1899,48116.3302,E2,N,N
08/18/2018,1:00,13340.0996,1865.4,3048.01,1065.28,15724.5,8122.4102,3904.4199,1362.34,48432.4597,E3,N,N
08/18/2018,1:00,13267.8418,1878.6719,3066.1929,1083.7501,15580.0059,8073.5352,3916.8867,1451.4207,48318.3052,M,N,N
08/18/2018,2:00,12664.2246,1763.281,3069.6636,991.563,14664.3779,7521.3369,3618.3774,1418.0096,45710.834,A3,N,N
08/18/2018,2:00,12690.8203,1823.5524,3068.0234,1051.9374,14658.1611,7451.1855,3737.5493,1437.4414,45918.6708,A6,N,N
08/18/2018,2:00,12518.2002,1789.54,3056.05,1018.51,14191.7998,7456.5498,3699.3501,1402.71,45132.7099,E,Y,N
08/18/2018,2:00,13723,1796.49,2920.0801,1109.8101,14958.4004,7681.7202,3707.53,1334.35,47231.3808,E1,N,N
08/18/2018,2:00,12470.4004,1739.51,3035.46,1011,14394.2002,7392.4502,3627.8799,1352.3199,45023.2206,E2,N,N
08/18/2018,2:00,12647.5,1776.98,2995.8,1006.32,14757.7998,7531.5698,3678.52,1328.92,45723.4096,E3,N,N
08/18/2018,2:00,12785.6914,1781.559,3024.1797,1031.5234,14604.123,7505.8022,3678.2012,1378.9585,45790.0384,M,N,N
08/18/2018,3:00,12151.6807,1685.9261,3036.8345,946.6411,13882.9639,7077.6543,3417.8726,1340.7056,43540.2788,A3,N,N
08/18/2018,3:00,12157.6943,1751.5334,3034.2961,1010.0242,13951.6074,6997.4028,3537.7881,1362.6993,43803.0456,A6,N,N
08/18/2018,3:00,11972,1692.62,2983.3899,983.316,13309.2002,6982.4902,3533.28,1371.13,42827.4263,E,Y,N
08/18/2018,3:00,12513.4004,1703.66,2930.8301,1046.1,14074.9004,7221.4302,3533.97,1288.03,44312.3211,E1,N,N
08/18/2018,3:00,11834.7002,1661.02,2990.96,967.911,13509.7998,6907.3999,3441.0901,1296.8199,42609.7009,E2,N,N
08/18/2018,3:00,12128.4004,1671.2,2940.02,973.911,13941.9004,7129.1299,3499.3999,1295.01,43578.9716,E3,N,N
08/18/2018,3:00,12126.3135,1694.3265,2986.0552,987.9839,13778.3965,7052.585,3493.9004,1325.7324,43445.2934,M,N,N
08/18/2018,4:00,11886.8447,1626.611,3008.2349,908.0878,13387.5146,6746.1499,3302.0732,1293.9567,42159.4728,A3,N,N
08/18/2018,4:00,11910.5371,1690.1486,3003.5669,971.0164,13402.6914,6666.2061,3414.4016,1318.7021,42377.2702,A6,N,N
08/18/2018,4:00,11646.5996,1673.61,2957.6101,974.926,12794.5996,6642.9502,3402.4099,1342.3,41435.0054,E,Y,N
08/18/2018,4:00,12143.2002,1641.6801,3166.1599,1015.87,13649.7998,6964.75,3434.1399,1239.51,43255.1099,E1,N,N
08/18/2018,4:00,11434.7998,1598.39,2953.26,941.126,13042,6563.27,3315.95,1259.7,41108.4958,E2,N,N
08/18/2018,4:00,11822.9004,1609.15,2945.8601,960.125,13392.2002,6745.6001,3403.0901,1272.2,42151.1259,E3,N,N
08/18/2018,4:00,11807.4805,1639.9315,3005.7822,961.8586,13278.1348,6721.4878,3378.6777,1287.7281,42081.0812,M,N,N
08/18/2018,5:00,11711.0225,1591.5735,2988.4666,881.9693,13029.4805,6566.4873,3197.0894,1251.9517,41218.0408,A3,N,N
08/18/2018,5:00,11821.4209,1658.0785,3005.9888,934.0009,13006.3799,6508.6577,3303.4917,1251.0905,41489.1089,A6,N,N
08/18/2018,5:00,11484.5,1656.45,2918.96,957.119,12471.9004,6423.9399,3329.49,1331.5,40573.8593,E,Y,N
08/18/2018,5:00,11864.2998,1597.4,2803.1699,969.813,13189.4004,6514.79,3396.1899,1219.16,41554.223,E1,N,N
08/18/2018,5:00,11216.7998,1568.96,2921.6799,926.094,12749.2998,6359.7998,3228.6001,1225.8,40197.0334,E2,N,N
08/18/2018,5:00,11574.4004,1549.1899,2899.27,966.092,13046.5,6569.96,3312.21,1180.58,41098.2023,E3,N,N
08/18/2018,5:00,11612.0732,1603.6088,2922.9226,939.1813,12915.4932,6490.6064,3294.5122,1243.347,41021.7447,M,N,N
08/18/2018,6:00,11640.249,1604.1041,2990.1194,870.1739,13054.7188,6513.8618,3170.4077,1227.7571,41071.3918,A3,N,N
08/18/2018,6:00,11759.3428,1677.8966,3028.5417,921.3361,12987.3428,6407.5029,3281.6687,1197.8593,41261.4909,A6,N,N
08/18/2018,6:00,11512.5996,1651.04,2911.1499,973.638,12433.5,6369.1201,3310.03,1311.05,40472.1276,E,Y,N
08/18/2018,6:00,11840.9004,1614.09,2651.3799,988.295,13003.7002,6396.5801,3292.73,1225.7,41013.3756,E1,N,N
08/18/2018,6:00,11203.7002,1552.02,2903.05,926.599,12709.7998,6274.2798,3203.1399,1200.45,39973.0387,E2,N,N
08/18/2018,6:00,11603.2002,1559.61,2878.6799,967.688,12990.2002,6480.1602,3294.8301,1234.72,41009.0886,E3,N,N
08/18/2018,6:00,11593.332,1609.7935,2893.8201,941.2883,12863.21,6406.918,3258.8013,1232.9227,40800.0859,M,N,N
08/18/2018,7:00,11929.8857,1613.6155,3017.188,874.9888,13133.9912,6581.2354,3191.9038,1215.4817,41558.2901,A3,N,N
08/18/2018,7:00,11918.7393,1680.3654,3080.3677,919.2623,12996.5078,6375.4199,3293.0127,1161.3883,41425.0634,A6,N,N
08/18/2018,7:00,11612.0996,1647.28,2925.48,975.578,12517.2002,6429.6802,3346.52,1269.8101,40723.6481,E,Y,N
08/18/2018,7:00,11700.5996,1635.78,2738.22,983.453,12960.5996,6568.3701,3257.4099,1264.45,41108.8822,E1,N,N
08/18/2018,7:00,11260.5996,1577.66,2895.3899,949.38,12729,6275,3197.3401,1188.47,40072.8396,E2,N,N
08/18/2018,7:00,11749.2002,1559.6,2905.1599,976.421,13113.0996,6685.8999,3357.8501,1211.53,41558.7607,E3,N,N
08/18/2018,7:00,11695.1885,1619.0503,2926.9678,946.5139,12908.3994,6485.9346,3274.0059,1218.5217,41074.5821,M,N,N
08/18/2018,8:00,11844.6162,1590.2345,2982.6479,894.5442,13347.7471,6601.395,3160.4414,1226.9539,41648.5802,A3,N,N
08/18/2018,8:00,11877.874,1658.9597,3018.2571,940.8125,13139.0303,6471.2915,3247.1333,1182.6765,41536.0349,A6,N,N
08/18/2018,8:00,11743,1674.45,2935.6001,992.403,12680.5996,6504.48,3303.52,1273.74,41107.7927,E,Y,N
08/18/2018,8:00,11824.9004,1608.47,2833.4099,981.543,13081.5,6453.0698,3258.9299,1221.9399,41263.7629,E1,N,N
08/18/2018,8:00,11392.2002,1617.58,2887.29,950.849,13041.2998,6408.73,3200.3201,1205.01,40703.2791,E2,N,N
08/18/2018,8:00,11923.2002,1616.4,2890.29,988.056,13307.5,6793.5698,3295.8501,1263.35,42078.2161,E3,N,N
08/18/2018,8:00,11767.6318,1627.6824,2924.5828,958.0347,13099.6133,6538.7563,3244.366,1228.9451,41389.6124,M,N,N
08/18/2018,9:00,12709.2236,1697.2355,3008.9316,951.7726,14283.168,6980.9468,3394.4187,1269.1354,44294.8322,A3,N,N
08/18/2018,9:00,12699.4023,1774.8539,3029.8945,1009.8451,14218.0322,6847.3716,3525.7493,1232.9159,44338.0648,A6,N,N
08/18/2018,9:00,12666.4004,1773.53,2997.8799,1069.41,13742.2002,6995.0498,3587.2,1284.41,44116.0803,E,Y,N
08/18/2018,9:00,12661.4004,1776.89,2876.5,1057.75,14125.9004,6852.0098,3529.6899,1249.1801,44129.3206,E1,N,N
08/18/2018,9:00,12486.9004,1805.08,2944.1101,1018.05,14275,7024.4199,3546.5901,1262.66,44362.8105,E2,N,N
08/18/2018,9:00,12735.7002,1712.4399,2944.98,1057.33,14209.0996,7233.0601,3550.5801,1270.3199,44713.5098,E3,N,N
08/18/2018,9:00,12659.8398,1756.6716,2967.0496,1027.3596,14142.2344,6988.8105,3522.3716,1261.4369,44325.774,M,N,N
08/18/2018,10:00,14027.7725,1825.2969,3087.0137,1062.524,15524.2129,7669.8525,3753.5776,1352.1754,48302.4255,A3,N,N
08/18/2018,10:00,13954.5098,1882.0404,3105.426,1132.5393,15561.7568,7640.3003,3880.4829,1327.9098,48484.9653,A6,N,N
08/18/2018,10:00,13788.4004,1886.1,3061.28,1131.47,15217.2002,7719.8999,3914.1799,1387.84,48106.3704,E,Y,N
08/18/2018,10:00,13975.7998,1951.41,2972.05,1170.03,15396.5996,7639.7002,3885.47,1333.7,48324.7596,E1,N,N
08/18/2018,10:00,13687.5996,1960.55,3027.1899,1148.1801,15511.2002,7705.9399,3902.54,1349.03,48292.2297,E2,N,N
08/18/2018,10:00,13966.7998,1856.21,3050.1001,1180.17,15519.4004,7811.21,3898.48,1320.33,48602.7003,E3,N,N
08/18/2018,10:00,13900.1475,1893.6013,3050.5103,1137.4856,15455.0625,7697.8174,3872.4551,1345.1643,48352.244,M,N,N
08/18/2018,11:00,15319.2529,2007.6123,3170.0618,1153.3481,16974.252,8384.2676,4156.9272,1461.1938,52626.9157,A3,N,N
08/18/2018,11:00,15172.7783,2060.8911,3199.4524,1233.7915,17085.7051,8247.2207,4265.3589,1424.4097,52689.6077,A6,N,N
08/18/2018,11:00,15144.5996,2065.3701,3170.0701,1267.9301,16722.5,8465.4297,4299.3101,1458.1899,52593.3996,E,Y,N
08/18/2018,11:00,15193,2126.5701,3150.55,1293.42,16793.8008,8365.8701,4272.9102,1398.12,52594.2412,E1,N,N
08/18/2018,11:00,14888.5,2110.6299,3129.51,1219.95,16934.1992,8460.2803,4261.3901,1438.84,52443.2995,E2,N,N
08/18/2018,11:00,15193.2998,2049.3899,3133.4199,1293.0601,17084.8008,8487.1602,4280.54,1370.79,52892.4607,E3,N,N
08/18/2018,11:00,15151.9063,2070.0771,3158.8442,1243.5834,16932.543,8401.7051,4256.0732,1425.2572,52639.9895,M,N,N
08/18/2018,12:00,16300.6299,2191.7686,3262.7378,1212.8743,18160.6309,9006.9971,4496.9697,1550.6635,56183.2718,A3,N,N
08/18/2018,12:00,16293.0234,2242.5139,3297.0562,1295.2299,18333.1543,8879.1523,4584.8892,1526.0665,56451.0857,A6,N,N
08/18/2018,12:00,16299.7998,2229.8401,3259.6201,1350.1,18177.9004,9200.2002,4624.3101,1494.11,56635.8807,E,Y,N
08/18/2018,12:00,16250.0996,2284.47,3210.6899,1324.89,18326.1992,9094.7305,4604.54,1502.6899,56598.3091,E1,N,N
08/18/2018,12:00,16082.2998,2270.21,3219.3899,1303.76,18368.4004,9220.4502,4644.29,1525.28,56634.0803,E2,N,N
08/18/2018,12:00,16379.2998,2194.5,3253.4299,1358.52,18420.6992,9168.5703,4614.0498,1468,56857.069,E3,N,N
08/18/2018,12:00,16267.5254,2235.5505,3250.4873,1307.5624,18297.832,9095.0166,4594.8418,1511.135,56559.951,M,N,N
08/18/2018,13:00,17545.8516,2318.001,3344.8174,1270.0323,19444.8594,9543.416,4847.7017,1645.1456,59959.825,A3,N,N
08/18/2018,13:00,17151.9277,2381.5229,3389.2656,1369.5013,19686.9355,9428.2158,4909.0156,1594.713,59911.0974,A6,N,N
08/18/2018,13:00,16913.4004,2371.75,3334.9399,1439.72,19495.4004,9884.2002,4932.3501,1557.61,59929.371,E,Y,N
08/18/2018,13:00,16992.6992,2476.45,3171.4299,1406.7,19716.3008,9821.4902,4943.2798,1584.99,60113.3399,E1,N,N
08/18/2018,13:00,16998.1992,2410.6799,3297.21,1374.48,19743.0996,9889.0801,4957.3701,1614.17,60284.2889,E2,N,N
08/18/2018,13:00,17189.9004,2339.55,3286.6799,1416.49,19720.3008,9790.5596,4935.96,1530.42,60209.8607,E3,N,N
08/18/2018,13:00,17131.9961,2382.9924,3304.0574,1379.4873,19634.4844,9726.1611,4920.9468,1587.8416,60067.9671,M,N,N
08/18/2018,14:00,17807.2266,2399.1311,3393.4849,1350.9117,20267.4824,10125.75,5108.8188,1733.7806,62186.5861,A3,N,N
08/18/2018,14:00,17314.9395,2435.6428,3460.0867,1445.9254,20601.1035,10005.96,5176.186,1695.375,62135.2189,A6,N,N
08/18/2018,14:00,17126.1992,2473.7,3391.75,1458.97,20524.3008,10471.2002,5180.6201,1651.67,62278.4103,E,Y,N
08/18/2018,14:00,17781.9004,2596.3999,3307.29,1496.29,20818.1992,10564.2002,5177.3501,1654.0699,63395.6997,E1,N,N
08/18/2018,14:00,17584.5996,2543.72,3372.6699,1445.46,20730.4004,10476.7002,5178.5601,1693.5,63025.6102,E2,N,N
08/18/2018,14:00,17405.4004,2496.1599,3353.55,1479.35,20688,10422.7998,5182,1639.92,62667.1801,E3,N,N
08/18/2018,14:00,17503.377,2490.7922,3379.8054,1446.1512,20604.916,10344.4355,5167.2559,1678.0527,62614.7859,M,N,N
08/18/2018,15:00,17994.9688,2492.1106,3410.5913,1410.7646,20878.6934,10588.9072,5247.1323,1803.4655,63826.6337,A3,N,N
08/18/2018,15:00,17721.2168,2558,3479.77,1508.8188,21375.0703,10369.5029,5305.1528,1770.645,64088.1766,A6,N,N
08/18/2018,15:00,17330.3008,2536.77,3393.45,1525.02,21332.4004,10953.2002,5357.1401,1792.8101,64221.0916,E,Y,N
08/18/2018,15:00,18309.3008,2743.1299,3434.8601,1536.58,21821.0996,11015.5996,5325.46,1778.9301,65964.9601,E1,N,N
08/18/2018,15:00,18078.8008,2641.29,3423.1399,1498.6899,21430.8008,10932.2998,5332.8301,1764.22,65102.0713,E2,N,N
08/18/2018,15:00,17682.8008,2548,3390.8799,1532.55,21467.4004,10886.5996,5358.48,1727.4399,64594.1506,E3,N,N
08/18/2018,15:00,17852.8984,2586.5503,3422.1155,1502.0707,21384.2461,10791.0186,5321.0327,1772.9185,64632.8508,M,N,N
08/18/2018,16:00,18621.0625,2528.9043,3420.7642,1440.5046,21163.8359,10941.1455,5400.5557,1858.8126,65375.5853,A3,N,N
08/18/2018,16:00,18416.2246,2622.0486,3470.7854,1540.6447,21716.8672,10730.1016,5429.356,1827.99,65754.0181,A6,N,N
08/18/2018,16:00,17587.1992,2538.9299,3430.6499,1485.74,21809.8008,11309.5996,5433.75,1892.8,65488.4694,E,Y,N
08/18/2018,16:00,18474.1992,2778.1599,3377.0901,1582.95,22351.5,11337.2998,5405.7598,1813.47,67120.4288,E1,N,N
08/18/2018,16:00,18403.0996,2679.5901,3454.23,1535.59,21903.1992,11271.5996,5408.8101,1813.26,66469.3786,E2,N,N
08/18/2018,16:00,17912.3008,2575.96,3413.96,1572.48,21923.5,11082.2002,5435.3999,1800.64,65716.4409,E3,N,N
08/18/2018,16:00,18235.6816,2620.5989,3427.9133,1526.3184,21811.4512,11111.9902,5418.9385,1834.4956,65987.3877,M,N,N
08/18/2018,17:00,18214.5508,2542.3542,3440.4045,1453.0419,21628.3438,11116.585,5434.2485,1902.4617,65731.9904,A3,N,N
08/18/2018,17:00,17993.2988,2635.5251,3477.8093,1540.9172,22141.668,10905.3975,5434.459,1883.0654,66012.1403,A6,N,N
08/18/2018,17:00,17663.5996,2499.5801,3438.23,1461.98,22061.1992,11517.7002,5454.8398,1927.11,66024.2389,E,Y,N
08/18/2018,17:00,18479.5,2773.77,3435.72,1564.83,22764.8008,11557.2002,5433.0498,1848.98,67857.8508,E1,N,N
08/18/2018,17:00,18458.3008,2681.26,3457.6101,1535.36,22133.5996,11460.4004,5396.75,1831.34,66954.6209,E2,N,N
08/18/2018,17:00,17841.3008,2611.71,3402.5901,1565.8101,22137.8008,11256.5996,5437.4199,1813.7,66066.9313,E3,N,N
08/18/2018,17:00,18108.4258,2624.0332,3442.0605,1520.3232,22144.5684,11302.3135,5431.7949,1867.7762,66441.2957,M,N,N
08/18/2018,18:00,17676.3867,2604.8071,3435.8525,1464.662,21575.5469,11423.6641,5399.8799,1918.5297,65499.3289,A3,N,N
08/18/2018,18:00,17872.791,2660.2292,3464.0532,1549.9937,22235.7793,11092.1563,5365.2817,1905.1786,66145.463,A6,N,N
08/18/2018,18:00,17480.8008,2499.95,3477.4399,1466.27,21832.6992,11574.5,5394.5498,1897.0699,65623.2796,E,Y,N
08/18/2018,18:00,18358.9004,2722.52,3275.5801,1572.63,22714.0996,11690.5,5392.7598,1863.23,67590.2199,E1,N,N
08/18/2018,18:00,18193.4004,2680.3601,3452.54,1519.78,21899.0996,11554.7002,5319.4902,1830.8199,66450.1904,E2,N,N
08/18/2018,18:00,17682.1992,2548.98,3420.4399,1528.1,21846.0996,11429,5389.6699,1805.35,65649.8386,E3,N,N
08/18/2018,18:00,17877.4141,2619.4746,3420.9844,1516.906,22017.2227,11460.7529,5376.9385,1870.0298,66159.723,M,N,N
08/18/2018,19:00,17394.3125,2508.5083,3402.9504,1421.7416,20918.1563,11301.6514,5247.3154,1915.5642,64110.2001,A3,N,N
08/18/2018,19:00,17478.3145,2571.9287,3414.0256,1510.3303,21572.8711,11035.1025,5239.3042,1920.9944,64742.8713,A6,N,N
08/18/2018,19:00,17013.1992,2490.29,3505.97,1396.17,21224.9004,11421.7998,5233.6201,1863.4399,64149.3894,E,Y,N
08/18/2018,19:00,17982,2648.6899,3410.49,1570.39,21956.9004,11424.9004,5263.9102,1840.92,66098.2009,E1,N,N
08/18/2018,19:00,17532.1992,2601.7,3429.79,1454.95,21250.4004,11400,5142.1802,1803.6899,64614.9097,E2,N,N
08/18/2018,19:00,17413.4004,2510.6299,3387.4299,1469.37,21398.5,11365.2002,5230.02,1817.3101,64591.8605,E3,N,N
08/18/2018,19:00,17468.9043,2555.291,3425.1099,1470.4921,21386.9551,11324.7764,5226.0586,1860.3198,64717.9072,M,N,N
08/18/2018,20:00,16785.3516,2408.8247,3317.4336,1325.8632,20286.4297,11000.333,5040.4131,1885.0452,62049.6941,A3,N,N
08/18/2018,20:00,16973.1836,2468.1794,3342.8682,1400.6608,20703.3809,10737.3105,5022.2197,1915.8607,62563.6638,A6,N,N
08/18/2018,20:00,16322.7998,2347.26,3394.9399,1326.15,20263.0996,10954.7002,5014.2598,1831.99,61455.1993,E,Y,N
08/18/2018,20:00,17097,2534.8301,3360.8401,1444.17,21240.9004,11038,5061.2998,1790.76,63567.8004,E1,N,N
08/18/2018,20:00,16728.5,2450.4299,3380.49,1365.16,20270.9004,10941,4877.2998,1758.27,61772.0501,E2,N,N
08/18/2018,20:00,16671.8008,2391,3379.8501,1379.45,20382.5996,11147.7998,5021.4502,1736.0601,62110.0106,E3,N,N
08/18/2018,20:00,16763.1055,2433.4209,3362.7371,1373.5757,20524.5527,10969.8574,5006.1572,1819.6644,62253.0709,M,N,N
08/18/2018,21:00,16473.1621,2349.5676,3257.7397,1283.9918,19610.666,10719.3076,4878.665,1842.4161,60415.5159,A3,N,N
08/18/2018,21:00,16599.7695,2414.2244,3299.0688,1354.9147,19945.2891,10416.208,4859.418,1870.0675,60758.96,A6,N,N
08/18/2018,21:00,15824.2998,2311.4099,3330.28,1284.03,19502.5996,10533,4878.9399,1734.03,59398.5892,E,Y,N
08/18/2018,21:00,16825.8008,2472.5901,3265.74,1393.55,20612.5996,10696.7998,4930.1602,1715.39,61912.6305,E1,N,N
08/18/2018,21:00,16301,2349,3321.6599,1300.4,19503.4004,10490.7002,4744.8799,1712.04,59723.0804,E2,N,N
08/18/2018,21:00,16237.5,2339.8201,3309.8201,1306.52,19837.3008,10614.7998,4851.5498,1695.95,60193.2606,E3,N,N
08/18/2018,21:00,16376.9219,2372.7688,3297.3848,1320.5677,19835.3105,10578.4688,4857.269,1761.649,60400.3405,M,N,N
08/18/2018,22:00,15659.5469,2277.7173,3235.9766,1217.0748,19052.1699,10230.7461,4667.4736,1786.9564,58127.6616,A3,N,N
08/18/2018,22:00,15842.5557,2327.6899,3261.9221,1278.0712,19192.5488,10003.9229,4648.1782,1814.9631,58369.8519,A6,N,N
08/18/2018,22:00,15280.0996,2257.23,3264.6399,1239.0601,18654.3008,10078.4004,4682.5,1790.02,57246.2508,E,Y,N
08/18/2018,22:00,16167.2002,2333.1299,3197.53,1367,19402.9004,10282.7998,4717.5698,1685.03,59153.1601,E1,N,N
08/18/2018,22:00,15672.0996,2267.21,3267.6499,1251.26,18699.6992,10056.2002,4578.8999,1663.59,57456.6088,E2,N,N
08/18/2018,22:00,15767.4004,2272.1299,3252.45,1264.55,18877.6992,10190.5,4680.3398,1673.51,57978.5793,E3,N,N
08/18/2018,22:00,15731.4844,2289.1846,3246.6948,1269.5027,18979.8867,10140.4287,4662.4937,1735.6783,58055.3539,M,N,N
08/18/2018,23:00,14819.3975,2151.4753,3182.4236,1125.8641,17766.7207,9496.1406,4369.209,1682.7155,54593.9463,A3,N,N
08/18/2018,23:00,15058.1934,2180.9084,3181.8835,1183.3923,17876.3066,9334.7295,4367.4121,1735.6816,54918.5074,A6,N,N
08/18/2018,23:00,14606.2002,2128.1399,3216.1699,1197.91,17401.1992,9411.5898,4426.5601,1643.02,54030.7891,E,Y,N
08/18/2018,23:00,15048,2182.21,3175.3799,1253.62,17980.6992,9485.0996,4485.8999,1561.76,55172.6686,E1,N,N
08/18/2018,23:00,14822.2998,2095.6899,3165.97,1162.52,17424.6992,9383.71,4340.0601,1573.29,53968.239,E2,N,N
08/18/2018,23:00,14941.0996,2124.48,3167.27,1184.09,17703.4004,9375.4697,4419.2402,1556.42,54471.4699,E3,N,N
08/18/2018,23:00,14882.5313,2143.8174,3181.5161,1184.5662,17692.1719,9414.457,4401.397,1625.4812,54525.9381,M,N,N
08/18/2018,24:00,14037.21,1997.2771,3136.7583,1032.3759,16397.998,8708.3242,4082.8696,1589.2024,50982.0155,A3,N,N
08/18/2018,24:00,14287.834,2031.5261,3143.2832,1077.5707,16411.0176,8699.7314,4106.9204,1614.1952,51372.0786,A6,N,N
08/18/2018,24:00,13835.7002,1973.83,3144.4199,1107.8,16102.7998,8710.1797,4167.79,1509.14,50551.6596,E,Y,N
08/18/2018,24:00,13838.0996,1993.87,3004.51,1175.05,16535.5996,8751.6602,4245.1899,1457.89,51001.8693,E1,N,N
08/18/2018,24:00,13917.4004,1946.24,3092.4099,1089.9399,16121.0996,8633.1396,4093.49,1473.11,50366.8294,E2,N,N
08/18/2018,24:00,14152.5996,1968.89,3076.97,1095.27,16397.4004,8724.2803,4150.8599,1456.24,51022.5102,E3,N,N
08/18/2018,24:00,14011.4736,1985.2723,3099.7253,1096.3345,16327.6543,8704.5527,4141.1865,1516.6296,50882.8288,M,N,N
08/19/2018,1:00,13265.1406,1844.9998,3085.5603,985.0767,15182.9043,7962.5171,3848.5808,1513.7128,47688.4924,A3,N,N
08/19/2018,1:00,13413.0098,1922.0872,3087.5715,1042.8883,15201.6973,7873.2505,3925.6912,1545.2449,48011.4407,A6,N,N
08/19/2018,1:00,13128.5996,1832.03,3062.5701,1053.55,14996.7998,8053.2402,3940.6101,1414.14,47481.5398,E,N,N
08/19/2018,1:00,13034.7998,1846.74,2921.51,1111.24,15332.4004,8101.2798,4026.47,1374.0699,47748.5099,E1,N,N
08/19/2018,1:00,13122,1810.39,3041.8201,1031.39,14884.4004,7947.6299,3887.1299,1387.78,47112.5403,E2,N,N
08/19/2018,1:00,13453.7002,1844.99,3009.05,1011.09,15336.7002,8086.5698,3915.71,1367.77,48025.5802,E3,N,N
08/19/2018,1:00,13236.209,1850.2063,3034.6804,1039.2059,15155.8184,8004.0815,3924.0322,1433.7863,47678.02,M,Y,N
08/19/2018,2:00,12656.4424,1731.9734,3057.0789,936.8173,14261.5605,7442.4116,3624.5393,1419.8186,45130.642,A3,N,N
08/19/2018,2:00,12740.5742,1800.6489,3054.5474,992.7643,14264.0293,7362.8345,3726.7771,1450.7327,45392.9084,A6,N,N
08/19/2018,2:00,12550.2002,1749.99,3013.8899,980.122,14090.5,7458.6499,3738.3201,1328.28,44909.9521,E,N,N
08/19/2018,2:00,13549,1757.62,2894.4399,1072.29,14488.7002,7563.8101,3738.8201,1291.16,46355.8403,E1,N,N
08/19/2018,2:00,12412.2998,1692.6899,3000.6799,978.3,13980.2002,7342.4102,3685.0701,1325.29,44416.9401,E2,N,N
08/19/2018,2:00,12808.2002,1745.59,2980.9099,951.944,14474.5,7501.9502,3710.3,1291.3,45464.6943,E3,N,N
08/19/2018,2:00,12786.1201,1746.4187,3000.2578,985.3729,14259.915,7445.3447,3703.9712,1351.0969,45278.4973,M,Y,N
08/19/2018,3:00,12046.9971,1643.0035,3018.0244,904.6158,13623.6641,7007.0874,3456.9141,1352.871,43053.1774,A3,N,N
08/19/2018,3:00,12202.1768,1716.5867,3009.4321,960.3831,13606.5615,6892.7725,3552.8293,1386.9362,43327.6782,A6,N,N
08/19/2018,3:00,12078.7002,1639.8199,2953.5601,969.137,13404.7998,7001.54,3578.6299,1276.53,42902.7169,E,N,N
08/19/2018,3:00,12368.2002,1659.1899,2893.6599,1026.33,13645.5,7140.23,3574.8,1261.6899,43569.5999,E1,N,N
08/19/2018,3:00,11864.5996,1615.54,2968.53,948.324,13337.7998,6893.5698,3531.0701,1266.29,42425.7233,E2,N,N
08/19/2018,3:00,12272.9004,1668.71,2940.3701,924.96,13817,7092.6499,3541.9199,1280.71,43539.2203,E3,N,N
08/19/2018,3:00,12138.9287,1657.1418,2963.9294,955.625,13572.5547,7004.6416,3539.3606,1304.1711,43136.3529,M,Y,N
08/19/2018,4:00,11619.1055,1590.5361,2976.5034,885.1995,13071.2373,6654.479,3304.6062,1313.0962,41414.7632,A3,N,N
08/19/2018,4:00,11836.3359,1661.8693,2966.9109,933.2805,13011.7617,6556.7158,3401.6887,1346.0364,41714.5992,A6,N,N
08/19/2018,4:00,11766.9004,1642.29,2924.52,948.068,12915.0996,6669.6899,3447.3799,1254.2,41568.1478,E,N,N
08/19/2018,4:00,11892.0996,1609.0699,3114.53,988.522,13253,6848.0298,3486.3,1198.47,42390.0213,E1,N,N
08/19/2018,4:00,11489.9004,1559.48,2932.72,924.248,12879.2998,6565.7798,3409.8201,1242.29,41003.5381,E2,N,N
08/19/2018,4:00,11926.7002,1605.0601,2913.52,910.351,13367,6733.6499,3439.8101,1211.85,42107.9413,E3,N,N
08/19/2018,4:00,11755.1738,1611.3843,2971.4509,931.6115,13082.9004,6671.3911,3414.9341,1260.9904,41699.8365,M,Y,N
08/19/2018,5:00,11511.5313,1547.8318,2963.7561,868.797,12861.3477,6500.6006,3218.031,1279.0037,40750.8992,A3,N,N
08/19/2018,5:00,11672.9512,1610.1981,2976.8835,905.1561,12725.5898,6412.6309,3300.1133,1287.3864,40890.9093,A6,N,N
08/19/2018,5:00,11593.2998,1650.79,2896.8799,940.946,12577.5,6455.2002,3358.96,1245.15,40718.7259,E,N,N
08/19/2018,5:00,11711.9004,1565.84,2782.75,947.056,12869.5,6463.1699,3442.6799,1174.48,40957.3762,E1,N,N
08/19/2018,5:00,11277.0996,1545.64,2913.71,922.041,12555.7998,6364.9399,3317.29,1209.17,40105.6903,E2,N,N
08/19/2018,5:00,11694.2998,1545.55,2859.1499,917.907,12885.5996,6522.48,3343.8899,1180.0699,40948.9461,E3,N,N
08/19/2018,5:00,11576.8467,1577.6417,2898.855,916.9839,12745.8887,6453.1704,3330.1606,1229.2101,40728.7571,M,Y,N
08/19/2018,6:00,11369.749,1534.8955,2967.1785,865.3906,12897.1387,6396.0537,3186.4773,1247.1558,40464.0391,A3,N,N
08/19/2018,6:00,11459.0518,1615.3064,2999.1025,897.9213,12726.0674,6306.0259,3264.175,1222.9977,40490.648,A6,N,N
08/19/2018,6:00,11581.2998,1639.45,2884.6201,962.741,12444.5,6369.1401,3324.3899,1222.87,40429.0109,E,N,N
08/19/2018,6:00,11636.5,1593.02,2651.74,969.735,12645.2998,6377.3799,3360.5801,1179.73,40413.9848,E1,N,N
08/19/2018,6:00,11207.0996,1519.98,2888.23,909.933,12443,6270.7798,3266.0801,1192.54,39697.6425,E2,N,N
08/19/2018,6:00,11642.5,1552,2846.53,908.434,12816.2998,6431.5801,3306.1201,1183.46,40686.924,E3,N,N
08/19/2018,6:00,11482.7002,1575.7754,2872.9001,919.0259,12662.0518,6358.4937,3284.6372,1208.1256,40363.7099,M,Y,N
08/19/2018,7:00,11437.6221,1534.6826,2982.3906,873.0345,13065.3438,6377.2427,3170.1138,1233.9646,40674.3947,A3,N,N
08/19/2018,7:00,11505.1992,1621.2239,3050.3462,905.7375,12800.3203,6240.9648,3228.198,1180.3636,40532.3535,A6,N,N
08/19/2018,7:00,11584.5996,1625.72,2895.6899,953.817,12390.5996,6363.5,3325.23,1192.15,40331.3061,E,N,N
08/19/2018,7:00,11514.5,1611.04,2732.01,976.742,12679.2998,6527.1602,3280.54,1249.6899,40570.9819,E1,N,N
08/19/2018,7:00,11169.7998,1540.9399,2875.24,935.573,12401.0996,6244.8101,3224.51,1187.76,39579.7324,E2,N,N
08/19/2018,7:00,11641.2002,1561.6801,2856.0701,916.162,12743.5,6528.3901,3343.47,1184.78,40775.2525,E3,N,N
08/19/2018,7:00,11475.4873,1582.5479,2898.6245,926.8444,12680.0283,6380.3452,3262.0107,1204.7848,40410.6731,M,Y,N
08/19/2018,8:00,11405.6914,1518.171,2969.5042,871.1187,12898.9893,6394.3892,3101.5703,1227.2175,40386.6516,A3,N,N
08/19/2018,8:00,11419.4912,1607.6736,3011.916,896.3761,12639.7959,6176.7358,3161.2878,1184.6996,40097.976,A6,N,N
08/19/2018,8:00,11563.9004,1677.98,2896.0801,980.589,12412.2002,6375.7798,3268.1499,1189.85,40364.5294,E,N,N
08/19/2018,8:00,11721.2002,1583.48,2834,966.999,12611.4004,6445.48,3311.8501,1232.12,40706.5297,E1,N,N
08/19/2018,8:00,11156.2998,1573.5601,2860.3501,925.49,12495.9004,6281.46,3190.7,1197.89,39681.6504,E2,N,N
08/19/2018,8:00,11620.2002,1614.66,2852.46,928.755,12836.9004,6567.23,3253.25,1190.04,40863.4956,E3,N,N
08/19/2018,8:00,11481.1318,1595.9208,2904.0518,928.2213,12649.1982,6373.5127,3214.4683,1203.6362,40350.1411,M,Y,N
08/19/2018,9:00,12079.0635,1623.5856,3016.1672,944.4073,13776.7559,6797.0186,3320.48,1268.9303,42826.4084,A3,N,N
08/19/2018,9:00,12110.6436,1732.5972,3037.8174,977.0197,13592.0205,6585.0298,3419.9565,1235.8696,42690.9543,A6,N,N
08/19/2018,9:00,12410.5996,1733.22,2950.47,1079.54,13223,6803.71,3535.28,1198.72,42934.5396,E,N,N
08/19/2018,9:00,12543.5,1743.6801,2864.1399,1044.92,13726.5,6916.3901,3562.47,1253.5699,43655.17,E1,N,N
08/19/2018,9:00,12119.7998,1738.11,2909.6201,986.708,13487.7998,6838.1699,3520.71,1244.8,42845.7176,E2,N,N
08/19/2018,9:00,12421.4004,1715.9399,2887.3799,990.971,13499.4004,6997.4199,3485.0601,1215.33,43212.9016,E3,N,N
08/19/2018,9:00,12280.835,1714.5222,2944.2659,1003.9277,13550.9141,6822.9565,3473.9927,1236.2034,43027.6175,M,Y,N
08/19/2018,10:00,13436.293,1761.4774,3098.4136,1024.9897,14840.5918,7417.873,3706.2712,1353.6691,46639.5788,A3,N,N
08/19/2018,10:00,13419.5498,1843.4526,3118.1536,1066.38,14717.1191,7292.7207,3803.5454,1332.6648,46593.586,A6,N,N
08/19/2018,10:00,13556.9004,1827.49,3009.98,1120.29,14484.4004,7493.1001,3866.3101,1288.35,46646.821,E,N,N
08/19/2018,10:00,13768.2998,1913.5699,2953.47,1158.25,14831.2002,7616.1899,3912.0701,1308.1,47461.1499,E1,N,N
08/19/2018,10:00,13286.4004,1877.92,2992.25,1121.91,14578.5996,7488.75,3877.8101,1309.61,46533.2501,E2,N,N
08/19/2018,10:00,13616.9004,1889.84,2967.75,1106.1801,14660.5996,7585.7402,3853.79,1283.74,46964.5403,E3,N,N
08/19/2018,10:00,13514.0576,1852.2917,3023.3362,1099.6667,14685.4189,7482.3955,3836.6331,1312.689,46806.4887,M,Y,N
08/19/2018,11:00,14454.6611,1916.7524,3186.0222,1098.0566,15991.8145,8130.3477,4076.4531,1426.0448,50280.1524,A3,N,N
08/19/2018,11:00,14419.29,2001.6809,3215.1594,1148.7463,15914.2373,7962.9526,4159.9951,1395.9355,50217.9971,A6,N,N
08/19/2018,11:00,14872.0996,1992.66,3112.4199,1263.66,15754.5,8216.21,4237.5801,1345.8199,50794.9495,E,N,N
08/19/2018,11:00,15025.4004,2101.77,3123.45,1266.7,15966.5,8294.5898,4287.5601,1348.3199,51414.2902,E1,N,N
08/19/2018,11:00,14440.9004,2019.98,3090.79,1180.89,15803.0996,8227.4502,4227.0498,1383.17,50373.33,E2,N,N
08/19/2018,11:00,14830.4004,2050.6599,3067.0801,1198.39,15888.9004,8261.5098,4216.4399,1351.33,50864.7105,E3,N,N
08/19/2018,11:00,14673.792,2013.9172,3132.4871,1192.7405,15886.5098,8182.1768,4200.8467,1375.1034,50657.5735,M,Y,N
08/19/2018,12:00,15751.9424,2061.8621,3278.6472,1138.0038,16977.7402,8805.3457,4382.9004,1495.3983,53891.8401,A3,N,N
08/19/2018,12:00,15661.8945,2162.4805,3304.2051,1200.6033,16931.2363,8729.71,4475.5718,1485.4435,53951.145,A6,N,N
08/19/2018,12:00,15967.5,2161.1799,3212.6299,1353.98,17031.4004,8959.6699,4574.96,1359.33,54620.6501,E,N,N
08/19/2018,12:00,16022,2224,3195.52,1278.24,17404.6992,9025.8301,4603.2402,1432.21,55185.7395,E1,N,N
08/19/2018,12:00,15656.5,2167.4399,3182.6399,1269.15,17144.9004,8984.7402,4593.52,1460.8,54459.6904,E2,N,N
08/19/2018,12:00,15947,2184.72,3163.4099,1266.65,17172.1992,8902.2002,4580.6201,1413.58,54630.3794,E3,N,N
08/19/2018,12:00,15834.4727,2160.2803,3222.8418,1251.1045,17110.3633,8901.25,4535.1357,1441.127,54456.5753,M,Y,N
08/19/2018,13:00,16566.6074,2200.7783,3370.1719,1194.2695,18093.8652,9339.6592,4714.9536,1559.8911,57040.1962,A3,N,N
08/19/2018,13:00,16451.5176,2289.9683,3403.5691,1287.65,18057.0313,9307.8965,4802.0576,1533.8356,57133.526,A6,N,N
08/19/2018,13:00,16514.0996,2314.3999,3307.49,1438.22,18283.3008,9683.9902,4878.4399,1419.5699,57839.5103,E,N,N
08/19/2018,13:00,16721.5,2415.6399,3153.0901,1377,18655.3008,9716.2695,4910.0298,1518.0601,58466.8902,E1,N,N
08/19/2018,13:00,16619.5,2316.0801,3273.77,1347.77,18457.8008,9706.2402,4903.4902,1545.17,58169.8213,E2,N,N
08/19/2018,13:00,16802.6992,2340.1599,3238.3999,1327,18466.9004,9545.5195,4874.3501,1492.8199,58087.8489,E3,N,N
08/19/2018,13:00,16612.6543,2312.8379,3291.082,1328.6515,18335.6992,9549.9297,4847.2202,1511.5579,57789.6327,M,Y,N
08/19/2018,14:00,16742.2949,2274.4412,3422.0767,1245.4021,18829.9922,9911.7422,4969.5747,1644.4102,59039.9342,A3,N,N
08/19/2018,14:00,16829.3379,2353.7227,3471.3433,1347.4913,18794.5957,9888.1426,5048.1597,1631.0875,59363.8807,A6,N,N
08/19/2018,14:00,16756.5,2399.78,3371.5,1434.92,19316.5,10303.2998,5121.79,1539.76,60244.0498,E,N,N
08/19/2018,14:00,17397.6992,2528.5,3303.48,1468.7,19510.3008,10425.5996,5139.9199,1583.24,61357.4395,E1,N,N
08/19/2018,14:00,17288.0996,2455.0801,3352.7,1426.17,19461.5996,10309.5996,5137.7798,1616.9399,61047.9686,E2,N,N
08/19/2018,14:00,17147.6992,2466.0801,3296.24,1394.3199,19440.0996,10257.2998,5131.5498,1569.59,60702.8784,E3,N,N
08/19/2018,14:00,17026.9375,2412.9341,3369.5569,1386.1672,19225.5156,10182.6143,5091.4624,1597.5046,60292.6926,M,Y,N
08/19/2018,15:00,17486.3613,2370.8789,3407.1963,1309.4807,19718.6914,10464.7939,5240.9463,1755.7483,61754.0971,A3,N,N
08/19/2018,15:00,17438.2109,2438.1047,3463.6223,1407.8252,19604.1602,10316.9922,5250.2168,1740.7028,61659.8351,A6,N,N
08/19/2018,15:00,17032.4004,2449.8301,3345.0801,1498.96,20147.5996,10806.7002,5314.3501,1683.17,62278.0905,E,N,N
08/19/2018,15:00,17909.4004,2671.1499,3425.0801,1509.97,20610.3008,10784.5996,5296.1499,1675.8,63882.4507,E1,N,N
08/19/2018,15:00,17778,2557.6201,3401.4199,1488.16,20252,10775,5303.54,1683.01,63238.75,E2,N,N
08/19/2018,15:00,17363.5996,2548.8,3374.05,1442.4399,20271.8008,10736,5308.9399,1653.02,62698.6502,E3,N,N
08/19/2018,15:00,17501.3301,2506.0642,3402.7417,1442.806,20100.7598,10647.3477,5285.6904,1698.5752,62585.3151,M,Y,N
08/19/2018,16:00,17972.6934,2433.1912,3394.0837,1344.7191,20270.9961,10822.4541,5234.4854,1814.585,63287.208,A3,N,N
08/19/2018,16:00,18057.2676,2469.0674,3440.679,1433.5155,20111.0723,10614.832,5303.0337,1800.088,63229.5555,A6,N,N
08/19/2018,16:00,17298.3008,2443.8,3374.6799,1461.67,20736.9004,11171.9004,5409.3901,1785.01,63681.6516,E,N,N
08/19/2018,16:00,17997.0996,2716.99,3384.03,1560.36,21150.8008,11164.7002,5390.9502,1733.4399,65098.3707,E1,N,N
08/19/2018,16:00,18071.4004,2596.0801,3433.6001,1531.09,20880.9004,11102.5,5383.5,1727.8199,64726.8909,E2,N,N
08/19/2018,16:00,17803.0996,2581.3,3367.74,1476.27,20785.5,10954.2998,5402.6802,1744.0601,64114.9497,E3,N,N
08/19/2018,16:00,17866.6445,2540.0713,3399.1357,1467.9375,20656.0293,10971.7813,5354.0068,1767.5007,64023.1071,M,Y,N
08/19/2018,17:00,17867.082,2424.0669,3411.375,1366.4406,20817.4141,10964.6387,5199.1001,1849.3792,63899.4966,A3,N,N
08/19/2018,17:00,17689.8789,2483.8059,3447.2644,1439.5961,20448.1758,10692.7031,5313.8071,1845.229,63360.4603,A6,N,N
08/19/2018,17:00,17371.3008,2401.1201,3372.79,1426.4,21059.8008,11408.0996,5421.3901,1819.41,64280.3114,E,N,N
08/19/2018,17:00,18203.8008,2715.29,3423.4299,1525.9399,21576.3008,11412.0996,5409.27,1789.83,66055.961,E1,N,N
08/19/2018,17:00,18126,2611.8701,3443.8701,1544.97,21215.6992,11305.4004,5395.77,1743.6801,65387.2599,E2,N,N
08/19/2018,17:00,17610,2599.4099,3375.9099,1487.99,21175.8008,11178.2998,5399.1699,1772.53,64599.1103,E3,N,N
08/19/2018,17:00,17811.3438,2539.2607,3412.4402,1465.2228,21048.8652,11160.207,5356.418,1803.343,64597.1007,M,Y,N
08/19/2018,18:00,17570.2598,2499.2927,3436.2813,1416.0913,21479.9258,11297.3857,5247.8423,1874.1237,64821.2026,A3,N,N
08/19/2018,18:00,17591.0723,2487.0745,3462.9302,1481.0254,21016.2715,11048.0957,5308.0503,1860.3904,64254.9103,A6,N,N
08/19/2018,18:00,17339.4004,2418.8401,3423.0601,1442.21,21099.0996,11519.7998,5387.2798,1799.2,64428.8898,E,N,N
08/19/2018,18:00,17975.5996,2661.3701,3332.25,1556.12,21734.4004,11545.5,5372.8198,1799.73,65977.7899,E1,N,N
08/19/2018,18:00,17956.6992,2618.4099,3443.51,1543.25,21268,11448.4004,5354.4102,1749.67,65382.3497,E2,N,N
08/19/2018,18:00,17376.9004,2575.25,3391.9099,1472.75,21202.0996,11396.5,5368.1699,1790.3101,64573.8899,E3,N,N
08/19/2018,18:00,17634.9883,2543.3728,3414.9902,1485.2412,21299.9668,11375.9473,5339.7617,1812.2374,64906.5057,M,Y,N
08/19/2018,19:00,17120.5879,2444.3523,3431.2954,1382.5186,20885.9414,11290.7891,5169.7002,1867.4238,63592.6087,A3,N,N
08/19/2018,19:00,17167.4863,2449.3567,3446.2634,1443.2181,20462.6133,11180.5068,5218.3628,1876.3262,63244.1336,A6,N,N
08/19/2018,19:00,16922.5996,2436.24,3456.5,1349.7,20710.8008,11414.9004,5230.4199,1780.26,63301.4207,E,N,N
08/19/2018,19:00,17721.6992,2588.8101,3403.7,1552.79,21226.5,11310.5,5257.6299,1779.91,64841.5392,E1,N,N
08/19/2018,19:00,17331.8008,2566.6699,3427.79,1483.92,20869.0996,11348.7998,5213.71,1730.64,63972.4301,E2,N,N
08/19/2018,19:00,17203.6992,2567.54,3385.0901,1433.25,20894,11393.5,5263.8398,1774.11,63915.0291,E3,N,N
08/19/2018,19:00,17244.6445,2508.8281,3425.1064,1440.8994,20841.4941,11323.166,5225.6104,1801.4451,63811.194,M,Y,N
08/19/2018,20:00,16481.2344,2407.2852,3365.8589,1293.708,20027.3711,10981.5381,4989.4561,1851.9995,61398.4513,A3,N,N
08/19/2018,20:00,16512.6094,2413.4609,3389.4158,1340.9508,19707.1777,10785.0371,5038.3442,1877.5841,61064.58,A6,N,N
08/19/2018,20:00,16277.4004,2305.5901,3381.27,1312.22,19919.5,11024.0996,5060.98,1708.83,60989.8901,E,N,N
08/19/2018,20:00,16754,2466.74,3367.8201,1430.26,20435.5996,10962.7998,5077.8398,1725.39,62220.4493,E1,N,N
08/19/2018,20:00,16706.5996,2417.01,3385.1499,1396.7,20005.4004,10963.5,5000.52,1689.67,61564.5499,E2,N,N
08/19/2018,20:00,16653.5996,2482.3,3355.3101,1356.17,20043.5,11168.4004,5051.1899,1717.15,61827.62,E3,N,N
08/19/2018,20:00,16564.2402,2415.3975,3374.1377,1355.0015,20023.0918,10980.8965,5036.3887,1761.7706,61510.9245,M,Y,N
08/19/2018,21:00,16221.5898,2366.0083,3325.4097,1249.8197,19453.8164,10722.8018,4896.7539,1808.3033,60044.5029,A3,N,N
08/19/2018,21:00,16275.5439,2344.9519,3361.1221,1300.0972,19156.3945,10504.8223,4929.8359,1829.642,59702.4098,A6,N,N
08/19/2018,21:00,15886.7998,2279.9199,3324.96,1256.4,19260.0996,10650.9004,4971.8999,1629.51,59260.4896,E,N,N
08/19/2018,21:00,16504.6992,2400.52,3244.6599,1377.5,19787.1992,10606.7002,4946.4102,1657.3,60524.9887,E1,N,N
08/19/2018,21:00,16382,2334.24,3330.0801,1327.51,19331.4004,10560.2002,4911.2598,1644.29,59820.9805,E2,N,N
08/19/2018,21:00,16257.7002,2393.8101,3298.49,1296.52,19441.4004,10676.0996,4939.0801,1666.17,59969.2704,E3,N,N
08/19/2018,21:00,16254.7227,2353.2417,3314.1204,1301.3079,19405.0508,10620.2539,4932.5405,1705.8694,59887.1073,M,Y,N
08/19/2018,22:00,15702.2793,2300.8552,3307.1089,1195.9999,18500.3301,10269.7852,4745.3604,1757.3422,57779.0612,A3,N,N
08/19/2018,22:00,15590.6221,2276.2424,3332.626,1232.2803,18347.1523,10078.2881,4786.8726,1775.0479,57419.1317,A6,N,N
08/19/2018,22:00,15367.9004,2243.8401,3257.8899,1223.5699,18455.5996,10189.0996,4792.8101,1685.49,57216.1996,E,N,N
08/19/2018,22:00,15854,2287.5601,3164.76,1349.02,18692.9004,10173.4004,4744.96,1629.29,57895.8909,E1,N,N
08/19/2018,22:00,15731.4004,2260.9299,3271.3701,1264.5699,18575.5996,10125.2002,4768.25,1599.13,57596.4501,E2,N,N
08/19/2018,22:00,15857.7998,2322.6799,3253.8401,1244.0699,18557.8008,10317.5996,4797.4199,1657.5,58008.71,E3,N,N
08/19/2018,22:00,15684.001,2282.0181,3264.5991,1251.585,18521.5645,10192.2295,4772.6123,1683.9668,57652.5763,M,Y,N
08/19/2018,23:00,14796.3184,2145.3933,3237.9604,1113.8695,17223.7871,9455.3643,4435.6943,1654.9164,54063.3037,A3,N,N
08/19/2018,23:00,14719.6299,2110.3887,3235.0303,1139.9943,17051.7207,9327.501,4492.7319,1696.421,53773.4178,A6,N,N
08/19/2018,23:00,14625.2002,2099.4399,3220.6599,1175.83,17051.0996,9417.8799,4532.8501,1550.86,53673.8196,E,N,N
08/19/2018,23:00,14725.2998,2148.3201,3154.5,1224.12,17463.5,9358.7998,4519.5898,1483.09,54077.2195,E1,N,N
08/19/2018,23:00,14803.2998,2065.01,3183.8701,1153.67,17131.5,9365.9697,4481.79,1488.8101,53673.9197,E2,N,N
08/19/2018,23:00,14973.7998,2134.0801,3159.6699,1147.5601,17230.8008,9477.3496,4533.4902,1549.58,54206.3305,E3,N,N
08/19/2018,23:00,14773.9258,2117.1052,3198.6152,1159.1741,17192.0703,9400.4775,4499.3579,1570.6129,53911.3389,M,Y,N
08/19/2018,24:00,13939.7168,1976.0878,3173.313,1004.3593,15603.4434,8577.0332,4099.5298,1527.6418,49901.1251,A3,N,N
08/19/2018,24:00,13885.0801,1964.4056,3174.2297,1018.0703,15480.5264,8544.6279,4158.1602,1552.0885,49777.1887,A6,N,N
08/19/2018,24:00,13738.9004,1939.1899,3132.73,1064.17,15545,8590.6299,4205.6299,1406.6,49622.8501,E,N,N
08/19/2018,24:00,13663.2998,1954.99,2966.0601,1134.74,16022.7998,8623.5498,4276.4102,1354.36,49996.2097,E1,N,N
08/19/2018,24:00,13797.5,1911.59,3084.99,1071.12,15650,8509.5596,4153.0498,1372.34,49550.1494,E2,N,N
08/19/2018,24:00,14005.0996,1971.4,3050.1001,1055.74,15822.5,8704.9902,4200.0098,1404.45,50214.2897,E3,N,N
08/19/2018,24:00,13838.2676,1952.9438,3096.9041,1058.0333,15687.3809,8591.7324,4182.1318,1436.2467,49843.6406,M,Y,N
08/20/2018,1:00,13062.0674,1827.0862,3080.3108,948.6036,14502.751,7834.4937,3836.8645,1439.7825,46531.9597,A3,N,N
08/20/2018,1:00,12941.0498,1851.2957,3086.8425,975.9753,14328.7725,7793.6519,3956.7708,1465.6218,46399.9803,A6,N,N
08/20/2018,1:00,13115.9004,1793.16,2973.8899,958.452,14302.4004,7850.1499,3931.24,1339.84,46265.0326,E,N,N
08/20/2018,1:00,12959.5996,1803.21,2901.6699,1060.41,14862.2998,7985.6201,4040.53,1249.29,46862.6294,E1,N,N
08/20/2018,1:00,12978.0996,1771.55,3003.6299,1011.56,14290.2998,7736.7798,3864.7,1258.04,45914.6591,E2,N,N
08/20/2018,1:00,13197,1829.09,2951.3101,948.626,14655.7002,7943.27,3933.77,1317.89,46776.6563,E3,N,N
08/20/2018,1:00,13042.2861,1812.5654,2999.6089,983.9379,14490.3711,7857.3281,3927.3127,1345.0775,46458.4877,M,Y,N
08/20/2018,2:00,12517.2764,1706.0474,3031.7957,913.6288,13643.8574,7317.4844,3610.2192,1359.6687,44099.978,A3,N,N
08/20/2018,2:00,12448.3291,1733.0989,3040.0835,940.5663,13476.9795,7242.5723,3738.103,1389.5222,44009.2548,A6,N,N
08/20/2018,2:00,12535.7002,1665.73,2932.7,927.601,13396.5996,7256.4102,3720.23,1240.27,43675.241,E,N,N
08/20/2018,2:00,13631.0996,1718.12,2942.5801,1023.12,13999.2002,7464.1499,3738.98,1205.55,45722.7998,E1,N,N
08/20/2018,2:00,12321.7002,1662.59,2938.23,970.338,13373.2998,7119.23,3627.0601,1182.5601,43195.0082,E2,N,N
08/20/2018,2:00,12602.9004,1736.2,2899.1699,914.88,13628.7998,7393.1899,3735.8701,1246.84,44157.8501,E3,N,N
08/20/2018,2:00,12676.1689,1703.6311,2964.0933,948.3557,13586.457,7298.8398,3695.0771,1270.7352,44143.3581,M,Y,N
08/20/2018,3:00,12131.2881,1644.2618,2986.9219,882.0336,13055.0068,6954.7603,3439.0183,1301.2825,42394.5733,A3,N,N
08/20/2018,3:00,12066.6279,1679.0734,2991.002,913.8603,12969.3789,6902.3628,3553.5903,1341.6516,42417.5472,A6,N,N
08/20/2018,3:00,12176.2002,1602.24,2890.3101,897.768,12768.2998,6831.4199,3557.55,1171.89,41895.678,E,N,N
08/20/2018,3:00,12437.4004,1626.71,2820.1201,975.372,13154.2002,7043.54,3564.03,1122.3199,42743.6926,E1,N,N
08/20/2018,3:00,11865.2002,1589.39,2883.45,943.962,12708.7998,6700.4199,3451.74,1120.4,41263.3619,E2,N,N
08/20/2018,3:00,12258,1638.58,2845.78,896.734,13209.2998,6997.5801,3576.04,1163.61,42585.6239,E3,N,N
08/20/2018,3:00,12155.7861,1630.0426,2902.9307,918.2883,12977.4971,6905.0137,3523.6616,1203.5256,42216.7457,M,Y,N
08/20/2018,4:00,12009.4707,1600.3805,2957.2949,864.9556,12656.5234,6739.1123,3350.927,1268.2871,41446.9515,A3,N,N
08/20/2018,4:00,11970.3936,1640.7501,2952.9866,893.6138,12580.5137,6688.1699,3452.2646,1311.0492,41489.7415,A6,N,N
08/20/2018,4:00,12015,1571.9,2863.4399,819.503,12463.2998,6609.5298,3468.51,1140.26,40951.4425,E,N,N
08/20/2018,4:00,12069.5,1586.71,3026.9199,941.298,12756.4004,6870.3101,3474.8101,1066.08,41792.0285,E1,N,N
08/20/2018,4:00,11666.7002,1558.28,2857.1001,923.705,12455.0996,6496.2598,3350.5901,1088.48,40396.2148,E2,N,N
08/20/2018,4:00,12059,1599.4,2798.8201,887.298,12827.7998,6783.6099,3495.74,1148.95,41600.6178,E3,N,N
08/20/2018,4:00,11965.0107,1592.9036,2909.427,888.3956,12623.2734,6697.832,3432.1401,1170.5177,41279.5001,M,Y,N
08/20/2018,5:00,12147.8359,1590.3168,2970.3655,847.5361,12768.2314,6658.5044,3314.1826,1219.869,41516.8417,A3,N,N
08/20/2018,5:00,12167.2354,1632.9756,2983.8533,870.6342,12678.8359,6527.0327,3406.8772,1243.3386,41510.7829,A6,N,N
08/20/2018,5:00,12091.5996,1590.72,2884.48,885.464,12462.7002,6549.71,3433.02,1109.4,41007.0938,E,N,N
08/20/2018,5:00,12139.2002,1565.15,2754.28,918.586,12577,6500.9399,3462.6001,1073.04,40990.7962,E1,N,N
08/20/2018,5:00,11759.7998,1562.88,2848.3101,911.795,12472.5996,6452.4102,3305.3601,1079.0699,40392.2247,E2,N,N
08/20/2018,5:00,12195.7998,1578.86,2816.99,880.074,12796,6700.71,3448.73,1041.53,41458.6938,E3,N,N
08/20/2018,5:00,12083.5781,1586.817,2876.3796,885.6816,12625.8945,6564.8853,3395.1284,1127.708,41146.0725,M,Y,N
08/20/2018,6:00,12475.0869,1662.4739,3008.1482,867.8166,13067.0088,6895.0083,3372.1611,1200.5675,42548.2713,A3,N,N
08/20/2018,6:00,12545.417,1720.906,3034.7893,890.1115,12981.3701,6782.0288,3469.7146,1198.3961,42622.7334,A6,N,N
08/20/2018,6:00,12495.7002,1674.86,2924.1899,937.511,12960.5,6787.71,3517.9099,1088.0601,42386.4411,E,N,N
08/20/2018,6:00,12462.2002,1617.0601,2675.3201,957.008,12923,6722.0898,3526.3701,1099.8199,41982.8682,E1,N,N
08/20/2018,6:00,12245.5,1626.1,2854.5,941.776,12965.9004,6706.2002,3374.55,1099.91,41814.4366,E2,N,N
08/20/2018,6:00,12515.4004,1676.92,2859.21,897.918,13177.2998,6960.6802,3509.6399,1132.28,42729.3483,E3,N,N
08/20/2018,6:00,12456.5518,1663.0533,2892.6929,915.3569,13012.5137,6808.9531,3461.7244,1136.5057,42347.3518,M,Y,N
08/20/2018,7:00,12834.418,1747.7512,3058.4702,908.1391,13905.207,7267.188,3547.1355,1236.7338,44505.0428,A3,N,N
08/20/2018,7:00,13118.1885,1811.358,3112.6519,928.3627,13793.7266,7218.9121,3654.9775,1207.8448,44846.0221,A6,N,N
08/20/2018,7:00,12971.2002,1788.0699,2972.79,954.649,13814.7998,7240.04,3674.1299,1107.65,44523.3288,E,N,N
08/20/2018,7:00,12908.5996,1757.02,2755.1499,1010.64,13848.2998,7259.8599,3656.24,1162.54,44358.3492,E1,N,N
08/20/2018,7:00,12815.2998,1769.15,2883.53,1006.64,13829.0996,7171.8999,3573.5901,1162.64,44211.8494,E2,N,N
08/20/2018,7:00,13025,1775.37,2886.79,945.661,14013.7002,7297.0601,3709.9099,1101.24,44754.7312,E3,N,N
08/20/2018,7:00,12945.4512,1774.7866,2944.897,959.0153,13867.4727,7242.4932,3635.9973,1163.1082,44533.2215,M,Y,N
08/20/2018,8:00,13051.7861,1732.671,3056.2019,931.9525,13978.4932,7292.5522,3554.8738,1260.3949,44858.9256,A3,N,N
08/20/2018,8:00,13140.501,1846.9592,3087.2209,937.9044,13829.6611,7281.0596,3660.3459,1240.3522,45024.0043,A6,N,N
08/20/2018,8:00,13154.7002,1823.9301,2978.6499,942.595,14170.2002,7385.6602,3706.3301,1159.5,45321.5657,E,N,N
08/20/2018,8:00,13181.5996,1774.46,2879.8101,1007.06,14018.2002,7328.3501,3722.4299,1178.01,45089.9199,E1,N,N
08/20/2018,8:00,13019.0996,1823.33,2908.3401,1030.1899,14247.5996,7341.5098,3605.8899,1190.91,45166.8689,E2,N,N
08/20/2018,8:00,13225.2998,1829.35,2908.76,969.126,14286.2998,7382.7998,3714.26,1143.63,45459.5254,E3,N,N
08/20/2018,8:00,13128.832,1805.1167,2969.8306,969.8047,14088.4092,7335.3223,3660.6885,1195.4662,45153.4702,M,Y,N
08/20/2018,9:00,13687.5801,1802.0613,3055.387,972.9187,14737.6602,7475.439,3750.553,1270.0203,46751.6196,A3,N,N
08/20/2018,9:00,13783.1904,1926.88,3067.4233,992.8173,14423.3164,7339.4136,3857.072,1258.6776,46648.7906,A6,N,N
08/20/2018,9:00,13841.9004,1883.83,2997.4199,990.599,14670.9004,7674.0098,3929.05,1185.11,47172.8195,E,N,N
08/20/2018,9:00,13786.7998,1868.29,2891.0601,1089.72,14616.5996,7543.6299,3874,1191.1,46861.1994,E1,N,N
08/20/2018,9:00,13815.7998,1945.0601,2946.0901,1092.55,14813,7638.0801,3839.27,1235.35,47325.2001,E2,N,N
08/20/2018,9:00,13746.2998,1885.92,2920.6101,1021.11,14695.5996,7737.3301,3907.01,1238.49,47152.3696,E3,N,N
08/20/2018,9:00,13776.9287,1885.3403,2979.665,1026.6191,14659.5146,7567.9839,3859.4927,1229.7914,46985.3357,M,Y,N
08/20/2018,10:00,14677.4395,1910.844,3116.7129,1060.8116,15646.1494,7997.4409,4086.0732,1325.9706,49821.4421,A3,N,N
08/20/2018,10:00,14805.75,2011.5238,3122.8657,1082.0878,15481.9121,7938.0669,4161.4395,1315.1188,49918.7646,A6,N,N
08/20/2018,10:00,14931.7998,2001.14,3043.78,1115.95,15636,8198.9697,4221.8701,1227.29,50376.7996,E,N,N
08/20/2018,10:00,14744.7002,1994.03,2947.6299,1192.12,15323,8103.9702,4152.3198,1225.45,49683.2201,E1,N,N
08/20/2018,10:00,14790.2002,2058.3301,3015.0801,1193,15596.2002,8130.1001,4121.27,1285.52,50189.7007,E2,N,N
08/20/2018,10:00,14698,1986.99,2991.9199,1142.86,15482.5996,8234.8496,4235.3501,1223.02,49995.5892,E3,N,N
08/20/2018,10:00,14774.6494,1993.8098,3039.665,1131.1383,15527.6445,8100.5664,4163.0537,1267.0615,49997.5886,M,Y,N
08/20/2018,11:00,15870.7021,2063.1377,3195.3416,1158.8053,16774.3125,8552.4121,4458.0942,1404.7498,53477.5553,A3,N,N
08/20/2018,11:00,15920.9131,2176.7976,3197.2952,1193.5306,16681.5391,8388.8721,4513.9624,1381.6626,53454.5727,A6,N,N
08/20/2018,11:00,16078.2002,2164.21,3154.97,1173.73,16749.1992,8841.4502,4528.48,1290.7,53980.9396,E,N,N
08/20/2018,11:00,15902.7002,2176.51,3098.8101,1227.9,16401.6992,8705.8301,4513.3501,1269.73,53296.5297,E1,N,N
08/20/2018,11:00,15870.7002,2187.6499,3107.51,1264.3,16716.1992,8817.1104,4468.0298,1361.37,53792.8695,E2,N,N
08/20/2018,11:00,15796.5996,2114.03,3077.3401,1201.91,16614,8827.0996,4549.3701,1230.03,53410.3794,E3,N,N
08/20/2018,11:00,15906.6357,2147.0559,3138.5449,1203.3627,16656.1582,8688.7959,4505.2144,1323.0404,53568.8081,M,Y,N
08/20/2018,12:00,16904.291,2202.467,3273.4998,1210.5485,17965.7324,9186.5049,4817.0718,1501.1918,57061.3072,A3,N,N
08/20/2018,12:00,17069.1699,2344.8333,3269.6265,1251.8788,17824.8008,9173.2598,4845.8257,1491.4019,57270.7967,A6,N,N
08/20/2018,12:00,17046.8008,2306.74,3226.76,1217.66,17938.1992,9509.6699,4869.0601,1395.87,57510.76,E,N,N
08/20/2018,12:00,16877.6992,2335.1299,3127.9199,1263.8199,17652.3008,9397.9199,4841.3398,1404.0601,56900.1895,E1,N,N
08/20/2018,12:00,16934.1992,2316.27,3191.45,1339.03,17955,9523.9004,4850.8999,1451.0699,57561.8194,E2,N,N
08/20/2018,12:00,16980.3008,2237.6399,3167.4199,1258.25,17795.6992,9428.54,4891.1099,1384.58,57143.5397,E3,N,N
08/20/2018,12:00,16968.7441,2290.5134,3209.4458,1256.8646,17855.2891,9369.9668,4852.5513,1438.0289,57241.404,M,Y,N
08/20/2018,13:00,17776.1699,2325.1248,3354.5776,1265.6333,18891.7852,9706.1465,5124.0234,1563.7025,60007.1632,A3,N,N
08/20/2018,13:00,17944.1445,2478.4404,3369.8271,1328.2065,18773.5605,9641.0664,5155.6138,1552.3318,60243.191,A6,N,N
08/20/2018,13:00,17739.8008,2438.5801,3289.5901,1253.78,19035.9004,10172.7002,5152.1201,1474.72,60557.1917,E,N,N
08/20/2018,13:00,17640.4004,2447.75,3062.3,1365.88,18832.3008,10092.7998,5146.3599,1454.7,60042.4909,E1,N,N
08/20/2018,13:00,17716.3008,2433.6599,3261.25,1395.4301,19125.6992,10185.5996,5138.9502,1535.98,60792.8698,E2,N,N
08/20/2018,13:00,17849.1992,2412.9399,3240.5,1312.42,18843.4004,10071.7002,5142.3799,1453.24,60325.7796,E3,N,N
08/20/2018,13:00,17777.6699,2422.7493,3263.0078,1320.2251,18917.1074,9978.3359,5143.2417,1505.7792,60328.1163,M,Y,N
08/20/2018,14:00,18535.8633,2441.8037,3419.4287,1315.1666,19818.1309,10292.4199,5413.2896,1646.1567,62882.2594,A3,N,N
08/20/2018,14:00,18476.457,2566.4436,3447.2825,1388.4635,19699.5215,10250.5635,5440.0278,1652.4033,62921.1627,A6,N,N
08/20/2018,14:00,18349.6992,2540.6101,3354.1001,1316.51,19990.5,10764.7002,5387.1001,1562.92,63266.1397,E,N,N
08/20/2018,14:00,18271.8008,2604.1899,3271.71,1463.5,19930.4004,10794.2998,5402.4199,1529.49,63267.8108,E1,N,N
08/20/2018,14:00,18334.9004,2564.29,3338.22,1454.84,20110.5,10775.4004,5358.6602,1613.17,63549.981,E2,N,N
08/20/2018,14:00,18359,2535.24,3337.3501,1356.36,19783.1992,10710.5996,5394.29,1527.39,63003.4289,E3,N,N
08/20/2018,14:00,18387.9551,2542.0962,3361.3486,1382.4734,19888.707,10597.9971,5399.2979,1588.5884,63148.4637,M,Y,N
08/20/2018,15:00,18953.6133,2535.9163,3458.8376,1350.8456,20804.1133,10771.0811,5584.7021,1712.6016,65171.7109,A3,N,N
08/20/2018,15:00,19107.1074,2674.6985,3467.2732,1439.9985,20497.2891,10639.7119,5578.7139,1723.9452,65128.7377,A6,N,N
08/20/2018,15:00,18782.8008,2607.72,3388.46,1363.26,20744,11227.4004,5560.25,1641.7,65315.5912,E,N,N
08/20/2018,15:00,18921.1992,2692.9299,3323.03,1521.61,20947.5996,11319.9004,5553.9399,1623.7,65903.909,E1,N,N
08/20/2018,15:00,18731.6992,2648.6599,3390.74,1509.41,20871.1992,11228.7002,5531.0098,1668.96,65580.3783,E2,N,N
08/20/2018,15:00,18741.9004,2597.6399,3390.52,1408.02,20621.3008,11112,5549.98,1603.87,65025.2311,E3,N,N
08/20/2018,15:00,18873.0527,2626.2607,3403.1436,1432.1908,20747.582,11049.7998,5559.7661,1662.4629,65354.2586,M,Y,N
08/20/2018,16:00,18856.9258,2567.0928,3464.7747,1379.9786,21270.3691,10998.501,5672.1045,1766.4252,65976.1717,A3,N,N
08/20/2018,16:00,18949.7363,2710.3394,3444.5603,1463.7863,20978.7344,10858.8066,5718.2188,1772.3325,65896.5146,A6,N,N
08/20/2018,16:00,18947.5996,2607.4099,3392.4399,1395.99,21194.8008,11538.2002,5617.6499,1711.58,66405.6703,E,N,N
08/20/2018,16:00,18978.3008,2726.5701,3313.77,1558.6,21520.4004,11584.9004,5651.75,1666.62,67000.9117,E1,N,N
08/20/2018,16:00,18983,2671.4099,3418.6899,1540.66,21340.1992,11542.5,5615.6499,1713.35,66825.4589,E2,N,N
08/20/2018,16:00,18849.3008,2684.29,3429.9399,1425.37,21039.5996,11330.5,5608.8701,1662.8101,66030.6805,E3,N,N
08/20/2018,16:00,18927.4785,2661.1853,3410.6963,1460.7308,21224.0176,11308.9014,5647.374,1715.5197,66355.9036,M,Y,N
08/20/2018,17:00,18493.5273,2554.7571,3478.2705,1406.7914,21492.4707,11135.7813,5645.1587,1797.7158,66004.4728,A3,N,N
08/20/2018,17:00,18741.25,2618.824,3446.9158,1476.8995,21147.8594,10993.9092,5709.7402,1807.2061,65942.6042,A6,N,N
08/20/2018,17:00,18857.5,2617.97,3409.0801,1401.13,21419.0996,11683.7998,5593.02,1747.13,66728.7295,E,N,N
08/20/2018,17:00,18958.8008,2732.9399,3370.26,1547.46,21983.9004,11795.5,5693.6899,1746.76,67829.311,E1,N,N
08/20/2018,17:00,19033.3008,2678.3501,3436.0801,1547.53,21557,11735.5996,5610.7998,1736.53,67335.1904,E2,N,N
08/20/2018,17:00,18657,2606.79,3435.1699,1440.27,21426.4004,11511.5996,5611.54,1650.08,66338.8499,E3,N,N
08/20/2018,17:00,18790.2305,2634.9387,3429.2964,1470.0135,21504.4551,11476.0322,5643.9917,1747.5704,66696.5285,M,Y,N
08/20/2018,18:00,18217.957,2555.4458,3475.1521,1434.103,21176.0566,11234.9424,5526.0923,1781.812,65401.5612,A3,N,N
08/20/2018,18:00,18520.7578,2634.0159,3430.7251,1492.1421,20926.3184,11235.1934,5591.5825,1785.0341,65615.7693,A6,N,N
08/20/2018,18:00,18466.8008,2603.8601,3409.6101,1394.99,21327.5,11710.5,5494.8398,1760.4,66168.5008,E,N,N
08/20/2018,18:00,18502.5996,2713.9099,3161.01,1566.97,21902,11828.4004,5532.98,1714.2,66922.0699,E1,N,N
08/20/2018,18:00,18708.6992,2654.98,3426.4099,1526.53,21496,11790,5504.46,1730.33,66837.4091,E2,N,N
08/20/2018,18:00,18276.3008,2567.98,3447.51,1429.98,21255.0996,11602.9004,5488.3701,1670.96,65739.1009,E3,N,N
08/20/2018,18:00,18448.8535,2621.6985,3391.7361,1474.1191,21347.1641,11566.9893,5523.0542,1740.4561,66114.0709,M,Y,N
08/20/2018,19:00,17441.0254,2476.9526,3437.1125,1397.8265,20632.1563,11007.5313,5320.251,1768.1028,63480.9584,A3,N,N
08/20/2018,19:00,17738.9707,2566.5471,3376.2683,1452.6115,20339.1895,11030.9834,5398.7915,1776.0194,63679.3814,A6,N,N
08/20/2018,19:00,17840,2577.1001,3382.8101,1370.66,20828.5996,11565.2002,5317.6602,1758.47,64640.5002,E,N,N
08/20/2018,19:00,18107.6992,2625.28,3332.55,1504.95,21043.1992,11593.5996,5385.46,1689.96,65282.698,E1,N,N
08/20/2018,19:00,17997.4004,2594.8401,3402.1899,1472.35,20967.9004,11641.5996,5335.3999,1706.03,65117.7103,E2,N,N
08/20/2018,19:00,17649.6992,2492.0901,3409.6599,1400.02,20786.0996,11359,5343.73,1646.14,64086.4388,E3,N,N
08/20/2018,19:00,17795.8008,2555.4685,3390.0986,1433.0697,20766.1914,11366.3193,5350.2153,1724.1205,64381.2841,M,Y,N
08/20/2018,20:00,16740.5215,2362.3579,3388.1348,1292.6191,19797.4766,10515.0439,5082.2314,1732.3868,60910.772,A3,N,N
08/20/2018,20:00,16978.7363,2458.8853,3326.8298,1339.548,19530.6895,10576.668,5153.939,1749.7125,61115.0084,A6,N,N
08/20/2018,20:00,17153.8008,2480.7,3326.5601,1270.38,19959.4004,11114.2998,5136.8799,1734.48,62176.501,E,N,N
08/20/2018,20:00,17078.0996,2485.4099,3277.49,1401.6,20480.8008,10950.4004,5159.7202,1634.88,62468.4009,E1,N,N
08/20/2018,20:00,17222.6992,2478.1499,3358.54,1391.67,20055.0996,11187.9004,5091.0098,1658.6801,62443.749,E2,N,N
08/20/2018,20:00,17009.9004,2425.98,3388.6699,1309.49,19946,10978.4004,5125.4302,1629.9301,61813.801,E3,N,N
08/20/2018,20:00,17030.627,2448.5806,3344.3711,1334.2178,19961.5801,10887.1191,5124.8682,1690.0116,61821.3755,M,Y,N
08/20/2018,21:00,16590.7949,2290.7708,3336.5986,1244.0675,19155.9199,10239.46,4927.2183,1695.641,59480.471,A3,N,N
08/20/2018,21:00,16658.998,2384.5276,3291.418,1291.976,18876.5605,10303.2461,4987.3506,1707.7974,59501.8742,A6,N,N
08/20/2018,21:00,16807.5,2413.6699,3266.29,1256.22,19311.4004,10762.4004,5030.2402,1687.1899,60534.9108,E,N,N
08/20/2018,21:00,16974.5,2458.4099,3201.27,1363.51,19850.0996,10762.7002,5085.71,1586.5601,61282.7598,E1,N,N
08/20/2018,21:00,16865.6992,2398.4399,3311.9099,1351.89,19389.8008,10781.2998,5002.3901,1615.22,60716.6497,E2,N,N
08/20/2018,21:00,16735.0996,2361.54,3325.96,1272.21,19238.4004,10689.5,5019.02,1557.12,60198.85,E3,N,N
08/20/2018,21:00,16772.0996,2384.5598,3288.9077,1296.6456,19303.6973,10589.7666,5008.6553,1641.5881,60285.92,M,Y,N
08/20/2018,22:00,15890.3203,2210.1079,3284.1064,1178.4229,18166.8418,9833.334,4734.2441,1668.4688,56965.8462,A3,N,N
08/20/2018,22:00,15905.6318,2308.9258,3249.2922,1214.9315,17992.9121,9871.4512,4774.6934,1671.9723,56989.8103,A6,N,N
08/20/2018,22:00,16181.5,2349.6499,3218.22,1186.8,18404.5,10239.5996,4864.5098,1701.49,58146.2693,E,N,N
08/20/2018,22:00,16306.5,2320.26,3108.8401,1291.03,18741.4004,10304.2998,4872.8301,1542.37,58487.5304,E1,N,N
08/20/2018,22:00,16112.7002,2326.0901,3261.4399,1299.62,18544.6992,10268.7002,4822.5,1565.46,58201.2096,E2,N,N
08/20/2018,22:00,16128.5996,2280.5,3274.9099,1226.5,18248.4004,10200.2998,4854.54,1524.2,57737.9497,E3,N,N
08/20/2018,22:00,16087.543,2299.2556,3232.8013,1232.884,18349.793,10119.6143,4820.5532,1612.3269,57754.7713,M,Y,N
08/20/2018,23:00,14920.7295,2041.7665,3177.8093,1079.0623,16670.457,9120.9355,4384.3804,1572.0099,52967.1504,A3,N,N
08/20/2018,23:00,14936.1299,2126.8198,3141.3867,1105.9835,16464.25,9156.9277,4418.5742,1598.2732,52948.345,A6,N,N
08/20/2018,23:00,15183.7998,2186.6799,3108.22,1094.53,16842.1992,9394.6299,4543.1602,1578.33,53931.549,E,N,N
08/20/2018,23:00,14999,2125.6101,3115.1001,1214.83,16935.5,9389.8701,4564.9102,1415.85,53760.6705,E1,N,N
08/20/2018,23:00,15053.2998,2121.6299,3159.29,1200.71,16967.5996,9396.4902,4490.8701,1452.5699,53842.4595,E2,N,N
08/20/2018,23:00,15083.7998,2105.5701,3160.23,1132.35,16840.1992,9416.2002,4551.3301,1418.8101,53708.4895,E3,N,N
08/20/2018,23:00,15029.4609,2118.0127,3143.6729,1137.911,16786.7012,9312.5098,4492.2046,1505.9739,53526.447,M,Y,N
08/20/2018,24:00,13806.6934,1861.7216,3098.5959,959.7001,14877.7314,8323.1299,4023.6646,1452.2615,48403.4984,A3,N,N
08/20/2018,24:00,13941.7373,1966.2939,3084.626,975.2768,14720.6807,8354.0723,4046.1252,1458.811,48547.6232,A6,N,N
08/20/2018,24:00,14182.2998,1986.85,3033.54,964.519,15241.5,8508.54,4194.3198,1425.67,49537.2386,E,N,N
08/20/2018,24:00,13651.2002,1916.04,2938.04,1109.92,15322.2002,8574.79,4269.0498,1271.8101,49053.0503,E1,N,N
08/20/2018,24:00,13960.7998,1928.4399,3062.1799,1101.65,15320,8471.04,4131.4902,1324.99,49300.5898,E2,N,N
08/20/2018,24:00,14168.2002,1928.99,3075.8601,1021.33,15308.4004,8574.1504,4195.1201,1285.34,49557.3912,E3,N,N
08/20/2018,24:00,13951.8223,1931.3892,3048.8071,1022.066,15131.7539,8467.6211,4143.2954,1369.8137,49066.5687,M,Y,N
08/21/2018,1:00,12874.4512,1709.9172,3009.6848,893.8866,13606.0029,7607.1045,3774.0134,1376.1792,44851.2398,A3,N,N
08/21/2018,1:00,12939.8623,1832.8679,2988.5852,922.548,13408.1611,7611.8687,3838.3386,1391.847,44934.0788,A6,N,N
08/21/2018,1:00,13218.9004,1790.03,2945.24,902.192,13864.5,7752.6099,3914.1699,1295.8101,45683.4523,E,N,N
08/21/2018,1:00,12817.0996,1738.84,2842.5,1024.37,13952,7865.21,3994.24,1170.52,45404.7796,E1,N,N
08/21/2018,1:00,13044.2998,1746.0601,2985.02,1010.12,13777.5996,7665.9102,3835.8799,1213.7,45278.5896,E2,N,N
08/21/2018,1:00,13260.0996,1773.36,2965.3501,947.096,14049.2998,7809.9702,3918.1599,1188.96,45912.2956,E3,N,N
08/21/2018,1:00,13025.7861,1765.1792,2956.0635,950.0354,13776.2607,7718.7793,3879.1335,1272.8361,45344.0738,M,Y,N
08/21/2018,2:00,12347.7012,1602.5958,2961.2422,848.4605,12792.5977,7163.4194,3564.6658,1295.0356,42575.7182,A3,N,N
08/21/2018,2:00,12410.1982,1719.4771,2931.5225,876.239,12559.8154,7190.6089,3644.1101,1317.3772,42649.3484,A6,N,N
08/21/2018,2:00,12574,1648.03,2903.6799,855.586,12870.4004,7168.0601,3697.3201,1191,42908.0765,E,N,N
08/21/2018,2:00,13538.7998,1657.54,2792.7,961.934,12978.4004,7349.3501,3694.54,1131.6,44104.8643,E1,N,N
08/21/2018,2:00,12333.2002,1612.12,2920.5801,949.217,12745.9004,7061.8999,3604.28,1140.8101,42368.0077,E2,N,N
08/21/2018,2:00,12599.9004,1659.72,2918.24,900.629,13044,7284.8198,3701.5801,1140.62,43249.5093,E3,N,N
08/21/2018,2:00,12633.9668,1649.9138,2904.6609,898.6776,12831.8535,7203.0269,3651.083,1202.7405,42975.923,M,Y,N
08/21/2018,3:00,11902.4971,1547.2704,2920.2471,820.601,12332.4658,6833.2656,3414.4839,1236.6901,41007.521,A3,N,N
08/21/2018,3:00,12002.499,1664.2366,2879.7261,849.0321,12090.0117,6784.3682,3469.5361,1266.6992,41006.109,A6,N,N
08/21/2018,3:00,12123.2002,1579.24,2873.51,847.141,12135.0996,6743.2998,3536.71,1109.25,40947.4506,E,N,N
08/21/2018,3:00,12258.2002,1545.3101,2798.77,922.801,12138.2998,6906.0898,3500.3999,1060.39,41130.2608,E1,N,N
08/21/2018,3:00,11822.2002,1543.3,2880.1001,910.213,11945.5,6636.3101,3438.8301,1080.9,40257.3535,E2,N,N
08/21/2018,3:00,12146.2998,1606.02,2874.96,870.774,12374.9004,6867.23,3539.48,1080.95,41360.6142,E3,N,N
08/21/2018,3:00,12042.4824,1580.8962,2871.2188,870.0938,12169.3799,6795.0938,3483.2402,1139.1466,40951.5517,M,Y,N
08/21/2018,4:00,11727.8027,1496.7579,2896.7212,806.2691,11951.5195,6624.2866,3316.3628,1199.1754,40018.8952,A3,N,N
08/21/2018,4:00,11854.4336,1617.2548,2838.6882,830.8628,11678.6777,6626.9858,3365.2393,1228.7448,40040.887,A6,N,N
08/21/2018,4:00,11882.5,1544.28,2846.1201,831.417,11771.9004,6510.4399,3429,1075.71,39891.3674,E,N,N
08/21/2018,4:00,11976,1495.63,3043.5901,904.432,11724.5,6718.1802,3428.6101,1032.17,40323.1124,E1,N,N
08/21/2018,4:00,11563.0996,1515.47,2852.4099,891.708,11655.7002,6412.04,3331.24,1055.8,39277.4677,E2,N,N
08/21/2018,4:00,11901.2998,1544.76,2841.96,860.627,11984.2002,6631.4102,3438.9199,979.068,40182.2451,E3,N,N
08/21/2018,4:00,11817.5225,1535.6921,2886.5815,854.2195,11794.416,6587.2236,3384.8955,1095.1113,39955.662,M,Y,N
08/21/2018,5:00,11681.8086,1484.4618,2912.415,791.67,11821.0371,6543.2788,3252.2773,1160.254,39647.2026,A3,N,N
08/21/2018,5:00,11833.5938,1598.7712,2866.5427,805.0154,11503.7061,6500.9702,3288.0566,1166.6563,39563.3123,A6,N,N
08/21/2018,5:00,11900.0996,1556.9301,2865.95,833.076,11711,6440.6602,3389.1001,1034.67,39731.486,E,N,N
08/21/2018,5:00,11921.2998,1482.4,2740.4399,887.329,11510.2002,6440.2598,3372.5801,1035.0699,39389.5787,E1,N,N
08/21/2018,5:00,11593.7998,1515.42,2839.6799,880.543,11678.2998,6355.8599,3285.53,1043.53,39192.6624,E2,N,N
08/21/2018,5:00,11913.2002,1519.99,2824.78,854.013,11854.7998,6554.4399,3388.9299,1009.59,39919.7428,E3,N,N
08/21/2018,5:00,11807.3008,1526.329,2841.6345,841.9411,11679.8408,6472.5781,3329.4126,1074.9618,39573.9987,M,Y,N
08/21/2018,6:00,11875.6357,1538.9822,2955.7185,798.4352,12150.9346,6680.584,3286.9094,1142.6025,40429.8021,A3,N,N
08/21/2018,6:00,12128.8057,1657.3949,2920.979,806.4478,11819.9717,6632.3433,3325.9702,1120.5526,40412.4652,A6,N,N
08/21/2018,6:00,12293.7998,1636.4,2909.5601,860.728,12135.5996,6648.7998,3439.6899,1014.7,40939.2772,E,N,N
08/21/2018,6:00,12325.2002,1565.4,2652.8201,872.249,11853.5,6594.0898,3417.23,1063.14,40343.6291,E1,N,N
08/21/2018,6:00,12064.5996,1579.65,2847.48,900.932,12116.2998,6563,3350.79,1055.4,40478.1514,E2,N,N
08/21/2018,6:00,12196.0996,1601.87,2859.1201,867.69,12160.5,6705.7402,3448.3,1006.33,40845.6499,E3,N,N
08/21/2018,6:00,12147.3574,1596.6162,2857.613,851.0804,12039.4678,6637.4268,3378.1484,1067.1208,40574.8308,M,Y,N
08/21/2018,7:00,12209.71,1608.8693,3008.4858,834.7012,12694.5811,6909.9585,3422.1799,1165.7433,41854.2291,A3,N,N
08/21/2018,7:00,12579.8193,1738.0896,3002.0239,842.9479,12356.1836,6846.791,3490.6829,1119.8848,41976.423,A6,N,N
08/21/2018,7:00,12834.2002,1739.5601,2962.05,901.84,12954.0996,7099.1099,3638.71,1034.27,43163.8398,E,N,N
08/21/2018,7:00,12693.5,1701.23,2737.3101,967.242,12911,7088.8198,3553.8401,1130.38,42783.322,E1,N,N
08/21/2018,7:00,12702.0996,1714.28,2879.02,962.666,12994,7026.1699,3564.97,1110.98,42954.1855,E2,N,N
08/21/2018,7:00,12709.5996,1715.8101,2883.78,914.38,12832,7127.1699,3634.73,1090.98,42908.4496,E3,N,N
08/21/2018,7:00,12621.4883,1702.9733,2912.1118,903.9629,12790.3125,7016.3364,3550.8521,1108.7063,42606.7436,M,Y,N
08/21/2018,8:00,12656.3857,1628.2998,3005.1543,854.3711,13177.8232,7107.855,3436.345,1181.2725,43047.5066,A3,N,N
08/21/2018,8:00,12891.3115,1766.9409,2996.646,858.6903,12774.085,7043.4673,3531.1594,1154.4187,43016.7191,A6,N,N
08/21/2018,8:00,12990.9004,1774.14,2959.55,897.016,13258.7002,7232.6499,3666.3501,1076.5,43855.8066,E,N,N
08/21/2018,8:00,12992.5996,1722.84,2836.5,1012.15,13282.7998,7252.6802,3627.75,1137.77,43865.0896,E1,N,N
08/21/2018,8:00,12915.5,1762.88,2896.75,974.807,13507.0996,7214.73,3596.54,1132.91,44001.2166,E2,N,N
08/21/2018,8:00,12907.9004,1765.04,2904.1399,933.474,13346.0996,7233.6001,3666.26,1089.77,43846.284,E3,N,N
08/21/2018,8:00,12892.4336,1736.6902,2933.1235,921.7515,13224.4355,7180.8306,3587.4009,1128.7736,43605.4394,M,Y,N
08/21/2018,9:00,13278.0918,1705.9081,3029.98,909.8876,13754.8037,7398.1182,3673.6641,1226.2491,44976.7026,A3,N,N
08/21/2018,9:00,13443.7969,1849.4473,3010.3804,914.7958,13426.8682,7299.3794,3748.3633,1205.1064,44898.1377,A6,N,N
08/21/2018,9:00,13632.5,1853.35,2965.47,961.642,13861,7500.1802,3862.6101,1098.6,45735.3523,E,N,N
08/21/2018,9:00,13574.7002,1819.79,2859.7,1057.72,13962,7535.1001,3829.1299,1158.58,45796.7202,E1,N,N
08/21/2018,9:00,13659.2998,1901.16,2923.4199,1029.51,14214.4004,7528.3901,3804.0801,1168.52,46228.7803,E2,N,N
08/21/2018,9:00,13502.4004,1851.71,2929.0801,985.708,13845.9004,7599.9199,3860.71,1175.0699,45750.4987,E3,N,N
08/21/2018,9:00,13515.1318,1830.2275,2953.0049,976.5439,13844.1621,7476.8477,3796.4265,1172.021,45564.3654,M,Y,N
08/21/2018,10:00,14267.6533,1831.0944,3100.1719,990.9622,14710.7637,7923.6553,3993.7783,1279.1982,48097.2773,A3,N,N
08/21/2018,10:00,14474.2578,1917.4899,3078.3064,995.7538,14379.3076,7833.9302,4036.8691,1268.1403,47984.0551,A6,N,N
08/21/2018,10:00,14712.2002,1965.92,3012.01,1079.13,14949.0996,8034.4399,4155.0801,1144.0699,49051.9497,E,N,N
08/21/2018,10:00,14583.2998,1966.8101,2941.1699,1161.15,14671,8037.8999,4090.24,1187.4301,48638.9998,E1,N,N
08/21/2018,10:00,14653.7998,2002.3101,2989.8,1132.59,15060.0996,7996.98,4080.4199,1234.75,49150.7494,E2,N,N
08/21/2018,10:00,14491.0996,1976.51,3012.6101,1108.51,14759.2998,8065.9902,4163.4199,1151.8,48729.2396,E3,N,N
08/21/2018,10:00,14530.3857,1943.3557,3022.3447,1078.016,14754.9277,7982.1494,4086.6345,1210.8982,48608.7119,M,Y,N
08/21/2018,11:00,15609.9014,1986.9458,3178.2373,1079.8009,15651.3184,8532.9648,4340.6704,1360.3739,51740.2129,A3,N,N
08/21/2018,11:00,15736.0508,2068.9133,3159.0884,1095.9386,15403.4746,8427.4014,4394.9927,1336.1096,51621.9694,A6,N,N
08/21/2018,11:00,15872.2002,2142.9199,3116.5,1140.84,16087.0996,8697.7695,4476.3101,1217.1,52750.7393,E,N,N
08/21/2018,11:00,15831.7002,2109.3301,3094.5601,1256.66,15791.2002,8664.1699,4457.4702,1235.05,52440.1407,E1,N,N
08/21/2018,11:00,15807.2002,2135.95,3073.74,1196.5601,16099.2002,8679.5195,4423.5898,1307.39,52723.1498,E2,N,N
08/21/2018,11:00,15753.5,2106.51,3093.3101,1163.15,15971.5,8678.3203,4473.6201,1275.4,52515.3105,E3,N,N
08/21/2018,11:00,15768.4258,2091.7617,3119.2395,1155.4917,15833.9668,8613.3574,4427.7759,1288.5706,52298.5894,M,Y,N
08/21/2018,12:00,16700.8125,2143.9795,3251.6228,1133.7059,16621.0977,9145.7773,4690.3921,1448.4937,55135.8815,A3,N,N
08/21/2018,12:00,16795.748,2234.4016,3230.7493,1151.8235,16385.0645,9104.7588,4728.2231,1442.59,55073.3588,A6,N,N
08/21/2018,12:00,16903.9004,2296.1101,3193.77,1238.26,17271.4004,9365.8096,4815.1401,1345.09,56429.4806,E,N,N
08/21/2018,12:00,16803.0996,2275.1499,3133.01,1325.05,17019.6992,9378.21,4811.4399,1347.1899,56092.8485,E1,N,N
08/21/2018,12:00,16900.4004,2256.26,3162.22,1273.4301,17263,9389.9697,4804.71,1395.45,56445.4402,E2,N,N
08/21/2018,12:00,16854.0996,2267.6799,3172.1699,1221.61,17041.8008,9277.2305,4827.4702,1307.34,55969.4009,E3,N,N
08/21/2018,12:00,16826.3438,2245.5969,3190.5906,1223.9799,16933.6777,9276.96,4779.5625,1381.0256,55857.737,M,Y,N
08/21/2018,13:00,17580.4258,2288.585,3330.4585,1188.1069,17618.6816,9713.6084,4978.3208,1531.7213,58229.9083,A3,N,N
08/21/2018,13:00,17650.7617,2366.6985,3327.6956,1231.0303,17340.3281,9649.6885,5030.3379,1505.1733,58101.7139,A6,N,N
08/21/2018,13:00,17706.4004,2422.8201,3268.96,1291.79,18326.5996,10029.0996,5085.46,1430.2,59561.3297,E,N,N
08/21/2018,13:00,17604.5,2358.6399,3068.22,1383.8,18101,10052.9004,5157.3799,1419.5,59145.9402,E1,N,N
08/21/2018,13:00,17760.9004,2365.4199,3241.48,1332.36,18310.6992,10057.2002,5105.3398,1475.0601,59648.4596,E2,N,N
08/21/2018,13:00,17687.4004,2354.9299,3257.02,1272.36,18135.0996,9898.96,5087.1602,1392.9399,59085.87,E3,N,N
08/21/2018,13:00,17665.0664,2359.5156,3248.9724,1283.2412,17972.0703,9900.2422,5074,1459.0991,58962.2072,M,Y,N
08/21/2018,14:00,18180.6855,2381.6113,3399.3706,1246.6176,18535.4863,10284.502,5242.853,1615.7273,60886.8536,A3,N,N
08/21/2018,14:00,17993.9141,2446.8298,3421.6016,1300.1672,18209.6211,10230.8047,5285.2295,1603.3455,60491.5135,A6,N,N
08/21/2018,14:00,18404.8008,2523.9199,3332.6299,1369.05,19290.1992,10637.9004,5335.7202,1536.67,62430.8904,E,N,N
08/21/2018,14:00,18345.0996,2515.3301,3282.24,1466.14,19184.5996,10740.7998,5402.5898,1512.64,62449.4389,E1,N,N
08/21/2018,14:00,18487.0996,2482.8501,3325.3501,1396.64,19378.8008,10667.7002,5343.3701,1549.3199,62631.1308,E2,N,N
08/21/2018,14:00,18293,2471.95,3323.77,1320.98,19077.1992,10528.0996,5335.25,1512.15,61862.3988,E3,N,N
08/21/2018,14:00,18284.0996,2470.4153,3347.4939,1349.9325,18945.9844,10514.9678,5324.1689,1554.9755,61792.0379,M,Y,N
08/21/2018,15:00,18566.2168,2473.0588,3440.8237,1298.1938,19423.9883,10768.3105,5435.1094,1686.109,63091.8103,A3,N,N
08/21/2018,15:00,18555.0293,2549.6538,3445.0144,1361.0696,18886.3398,10613.9893,5433.3633,1680.6298,62525.0893,A6,N,N
08/21/2018,15:00,18882,2594.5701,3373.3899,1382.6,20121.5996,11110.9004,5504.4902,1620.53,64590.0802,E,N,N
08/21/2018,15:00,19038.3008,2601.1299,3345.3401,1492.42,20108,11293.7998,5543.3501,1602.5699,65024.9106,E1,N,N
08/21/2018,15:00,18899.1992,2560.29,3390.3101,1459.14,20120.4004,11115.2998,5520.29,1606.73,64671.6595,E2,N,N
08/21/2018,15:00,18727.4004,2549.8799,3369.3601,1375.46,19869.8008,10940.7998,5505.6201,1537.35,63875.6711,E3,N,N
08/21/2018,15:00,18778.0273,2554.7639,3394.0398,1394.8138,19755.0215,10973.8506,5490.3706,1622.3198,63963.2073,M,Y,N
08/21/2018,16:00,18790.6172,2501.8242,3456.2695,1329.3085,19691.2656,11005.7422,5457.3604,1744.0543,63976.4419,A3,N,N
08/21/2018,16:00,18870.9082,2577.3374,3428.6372,1382.0479,19121.1016,10830.1768,5492.7256,1733.4128,63436.3475,A6,N,N
08/21/2018,16:00,19022.4004,2600.25,3385.75,1437.12,20745.8008,11428.2002,5551.77,1694.36,65865.6514,E,N,N
08/21/2018,16:00,19176.9004,2628.74,3326.78,1520.27,20641.9004,11506.9004,5609.8101,1641.27,66052.5713,E1,N,N
08/21/2018,16:00,19122.9004,2588.24,3430.79,1498.66,20786.4004,11428.4004,5601.9902,1660.21,66117.5914,E2,N,N
08/21/2018,16:00,18884.0996,2579.8301,3409.52,1400.5699,20525.5996,11185.9004,5557.25,1601.5601,65144.3297,E3,N,N
08/21/2018,16:00,18977.9727,2579.3704,3406.2913,1427.9961,20252.0117,11230.8867,5545.1514,1679.1445,65098.8248,M,Y,N
08/21/2018,17:00,18362.1855,2501.0352,3475.7358,1357.2765,20006.3008,11153.3799,5473.6089,1781.8441,64111.3667,A3,N,N
08/21/2018,17:00,18457.2832,2563.5247,3435.8757,1394.1658,19328.748,10950.3037,5516.085,1783.1829,63429.169,A6,N,N
08/21/2018,17:00,18897.5996,2605.8101,3416.4299,1431.42,21152.5,11573.9004,5582.77,1744.6,66405.03,E,N,N
08/21/2018,17:00,19058,2635.0901,3382.4399,1555.75,21104.6992,11694.0996,5660.6899,1639.22,66729.9887,E1,N,N
08/21/2018,17:00,19131.3008,2597.3999,3459.4299,1512.0699,21133.3008,11600,5611.5,1692.77,66737.7713,E2,N,N
08/21/2018,17:00,18688.4004,2594.5701,3422,1423.55,20915.5,11387.7002,5571.7798,1653.12,65656.6205,E3,N,N
08/21/2018,17:00,18765.7969,2582.9048,3431.9854,1445.7053,20606.8418,11393.2305,5569.4058,1715.7896,65511.6601,M,Y,N
08/21/2018,18:00,18143.5586,2520.646,3476.9905,1399.9611,20340.5781,11203.9355,5373.2832,1785.0995,64244.0525,A3,N,N
08/21/2018,18:00,18386.2148,2551.6753,3430.3843,1427.3177,19683.1445,11131.0352,5419.8105,1778.3333,63807.9156,A6,N,N
08/21/2018,18:00,18504.3008,2590.04,3426.24,1422.1,21206.0996,11580.7998,5467.1001,1752.16,65948.8403,E,N,N
08/21/2018,18:00,18679.3008,2618.4399,3200.77,1528.79,21241.9004,11707.2998,5514.8198,1676.52,66167.8407,E1,N,N
08/21/2018,18:00,18817.4004,2566.9099,3457.5,1506.42,21214.8008,11606.4004,5515.02,1691.4301,66375.8816,E2,N,N
08/21/2018,18:00,18488.5,2516.3701,3442.28,1424.03,21081.4004,11425.5,5455.0801,1634.24,65467.4006,E3,N,N
08/21/2018,18:00,18503.2129,2560.6804,3405.6943,1451.4365,20794.6543,11442.4951,5457.519,1719.6306,65335.3231,M,Y,N
08/21/2018,19:00,17496.8613,2450.6943,3445.0725,1365.9509,19481.7344,11002.3311,5178.8594,1770.6582,62192.1621,A3,N,N
08/21/2018,19:00,17794.8691,2491.3687,3392.3914,1389.7246,18977.1348,10932.501,5244.1748,1775.4231,61997.5875,A6,N,N
08/21/2018,19:00,17869.8008,2554.8601,3402.9099,1399.29,20705.1992,11402.2002,5309.0801,1755.13,64398.4703,E,N,N
08/21/2018,19:00,18132.3008,2533.7,3354.6299,1491.6801,20483.9004,11491.5,5357.3599,1664.33,64509.4011,E1,N,N
08/21/2018,19:00,18041.4004,2502.1001,3432.8401,1463.45,20710.8008,11437.5996,5339.0601,1669.72,64596.9711,E2,N,N
08/21/2018,19:00,17768.0996,2453.8501,3413.5601,1398.85,20431.3008,11179.7002,5316.8701,1580.28,63542.5109,E3,N,N
08/21/2018,19:00,17850.5566,2497.7622,3406.9009,1418.1575,20131.6777,11240.9717,5290.9009,1702.5902,63539.5177,M,Y,N
08/21/2018,20:00,16839.2734,2357.2612,3396.7642,1269.3385,18765.1191,10558.4053,5008.0234,1740.9,59935.0851,A3,N,N
08/21/2018,20:00,17103.4141,2390.7046,3350.657,1285.5463,18313.9297,10510.998,5058.8433,1757.0999,59771.1929,A6,N,N
08/21/2018,20:00,17260.3008,2448.03,3364.01,1309.5601,19776.6992,10976.0996,5101.96,1718.58,61955.2397,E,N,N
08/21/2018,20:00,17292.9004,2380.76,3302.72,1413.03,19714.5,10818.7998,5149.71,1601.78,61674.2002,E1,N,N
08/21/2018,20:00,17385,2384.78,3391.98,1382.72,19789.8008,11015.7998,5098.1299,1627.86,62076.0705,E2,N,N
08/21/2018,20:00,17179.3008,2360.25,3355.6799,1309.02,19517.6992,10779,5104.0298,1607.9,61212.8797,E3,N,N
08/21/2018,20:00,17176.6992,2386.9644,3360.302,1328.2025,19312.959,10776.5176,5086.7832,1675.6868,61104.1147,M,Y,N
08/21/2018,21:00,16615.2207,2278.8313,3342.8076,1219.8335,18094.9746,10241.2666,4857.8672,1705.2518,58356.0533,A3,N,N
08/21/2018,21:00,16678.9961,2300.5066,3314.6069,1237.245,17704.5,10173.5635,4900.8643,1718.1876,58028.47,A6,N,N
08/21/2018,21:00,17025.4004,2382.1899,3305.6699,1276.24,19039,10657.7002,4983.6001,1662.3,60332.1005,E,N,N
08/21/2018,21:00,17036.8008,2383.95,3211.1599,1339.91,19053,10631.2998,5067,1550.2,60273.3205,E1,N,N
08/21/2018,21:00,17215.5996,2319.3101,3350.1499,1328.95,19099,10683.2998,4997.7402,1583.76,60577.8096,E2,N,N
08/21/2018,21:00,16843.8008,2314.6201,3334.8999,1268.24,18798.9004,10537.9004,4990.2798,1559.41,59648.0514,E3,N,N
08/21/2018,21:00,16902.6367,2329.9014,3309.8826,1278.4031,18631.5625,10487.5049,4966.2256,1629.8516,59535.9684,M,Y,N
08/21/2018,22:00,15915.0801,2170.6384,3297.4834,1160.8297,17171.1348,9866.2256,4658.8149,1668.2933,55908.5002,A3,N,N
08/21/2018,22:00,15912.335,2208.4812,3270.0288,1165.16,16923.8633,9858.8516,4687.832,1675.0897,55701.6416,A6,N,N
08/21/2018,22:00,16401.8008,2303,3244.47,1201.1899,18077.8008,10150.5,4828.8101,1664.88,57872.4516,E,N,N
08/21/2018,22:00,16459.8008,2234.55,3150.72,1293.22,18088.8008,10210.2998,4843.3501,1501.63,57782.3715,E1,N,N
08/21/2018,22:00,16445.3008,2245.54,3298.4099,1267.6899,18242.8008,10183.7998,4824.4902,1533.15,58041.1814,E2,N,N
08/21/2018,22:00,16243.5,2221.4199,3302.8799,1213.28,17731.6992,10041.5996,4818.6401,1538.1899,57111.2086,E3,N,N
08/21/2018,22:00,16229.6377,2230.605,3260.6655,1216.895,17706.0176,10051.8789,4776.9897,1596.8722,57069.5616,M,Y,N
08/21/2018,23:00,14803.8848,1995.5199,3186.686,1065.5934,15707.8145,9124.6064,4320.811,1568.2675,51773.1835,A3,N,N
08/21/2018,23:00,14795.917,2025.7917,3158.3706,1059.8149,15482.2969,9131.8525,4332.5635,1600.4011,51587.0082,A6,N,N
08/21/2018,23:00,15330.2002,2127.8501,3130.9399,1079.16,16506.4004,9305.0303,4508.6899,1544.97,53533.2408,E,N,N
08/21/2018,23:00,15037.2998,2042.59,3130.4099,1158.96,16403.5,9278.5898,4508.7002,1388.4301,52948.4798,E1,N,N
08/21/2018,23:00,15269.2002,2051.1201,3195.95,1159.46,16656.4004,9301.6602,4486.8501,1421.14,53541.781,E2,N,N
08/21/2018,23:00,15096.4004,2023.8101,3176.3899,1111.67,16332.4004,9258.6699,4519.3999,1523.15,53041.8906,E3,N,N
08/21/2018,23:00,15055.4844,2044.447,3163.1245,1105.7765,16181.4688,9233.4014,4446.1689,1507.7266,52737.5981,M,Y,N
08/21/2018,24:00,13672.1045,1811.1494,3101.635,945.1377,14057.5215,8320.1348,3978.9983,1448.335,47335.0162,A3,N,N
08/21/2018,24:00,13766.3408,1854.7913,3096.4695,929.0205,13818.6563,8310.8223,3971.9087,1461.4064,47209.4158,A6,N,N
08/21/2018,24:00,14300.7002,1934.89,3056.49,958.596,14969.7002,8450.6699,4171.98,1406.17,49249.1963,E,N,N
08/21/2018,24:00,13586.4004,1846.25,2945.6101,1087.1801,14790.0996,8453.6104,4204.5098,1262.39,48176.0504,E1,N,N
08/21/2018,24:00,14095.4004,1860.84,3103.8799,1070.37,15060,8387.2695,4131.1401,1299.64,49008.5399,E2,N,N
08/21/2018,24:00,14182,1851.33,3076.3101,1004.9,14781.7998,8431.4697,4173.5601,1310.42,48811.7897,E3,N,N
08/21/2018,24:00,13933.8252,1859.8752,3063.3994,999.2007,14579.6289,8392.3301,4105.3496,1364.7269,48298.336,M,Y,N
08/22/2018,1:00,12736.5498,1645.4519,3014.9661,883.2909,12913.7119,7647.0464,3708.2908,1367.9877,43917.2955,A3,N,N
08/22/2018,1:00,12747.46,1721.2294,3000.2295,883.0203,12667.3105,7631.9341,3757.0659,1392.9299,43801.1796,A6,N,N
08/22/2018,1:00,13203.2998,1726.72,2958.8799,891.078,13624.0996,7693.8198,3891.47,1288.1,45277.4671,E,N,N
08/22/2018,1:00,12633.0996,1678.8,2857.5,1005.77,13475.0996,7746.6001,3932.02,1188.49,44517.3793,E1,N,N
08/22/2018,1:00,12989.5,1684.42,3027.5901,986.641,13517.7002,7562.8901,3822.46,1195.77,44786.9714,E2,N,N
08/22/2018,1:00,13209.5996,1702.23,2982.55,935.627,13543,7691.8398,3890.1201,1196.6801,45151.6466,E3,N,N
08/22/2018,1:00,12919.918,1693.1421,2973.6191,930.9045,13290.1543,7662.3555,3833.5713,1271.6597,44575.3245,M,Y,N
08/22/2018,2:00,12118.9365,1535.2788,2967.4814,836.7123,12156.1211,7221.7651,3510.2246,1284.2968,41630.8166,A3,N,N
08/22/2018,2:00,12081.8096,1618.7617,2943.2051,839.725,11898.0117,7209.7754,3570.9456,1315.1045,41477.3386,A6,N,N
08/22/2018,2:00,12494.2002,1597.8101,2914.5701,824.011,12618.9004,7102.6099,3679.23,1183.8,42415.1317,E,N,N
08/22/2018,2:00,13259.7998,1600.04,2825.8799,933.771,12483.5996,7230.9399,3649.02,1159.05,43142.1002,E1,N,N
08/22/2018,2:00,12194.2002,1570.58,2967.05,927.724,12446.5,6963.9102,3587.95,1126.71,41784.6244,E2,N,N
08/22/2018,2:00,12525.5,1580.48,2936.8,887.166,12549.9004,7185.1499,3674.55,1158.9399,42498.4862,E3,N,N
08/22/2018,2:00,12445.7422,1583.8251,2925.8311,874.8516,12358.8398,7152.3584,3611.9871,1204.6503,42158.0856,M,Y,N
08/22/2018,3:00,11736.3574,1474.4182,2924.2939,811.6371,11766.9844,6869.3774,3352.4255,1224.1151,40159.609,A3,N,N
08/22/2018,3:00,11743.2383,1554.3376,2890.8918,817.9465,11504.0566,6799.5874,3402.1914,1260.7937,39973.0433,A6,N,N
08/22/2018,3:00,11966.9004,1514,2878.3999,827.836,11876.7998,6661.6001,3517.5801,1115.26,40358.3763,E,N,N
08/22/2018,3:00,12012.7998,1489.89,2839.45,898.728,11840.5,6816.4502,3469.6699,1112.16,40479.6479,E1,N,N
08/22/2018,3:00,11603.2002,1479.73,2926.76,893.204,11613.7002,6519.25,3404.6499,1074.62,39515.1143,E2,N,N
08/22/2018,3:00,12027.7998,1479.72,2887.25,862.15,11992.9004,6778.0698,3514.8101,1093.1899,40635.89,E3,N,N
08/22/2018,3:00,11848.3828,1498.6826,2891.1741,851.917,11765.8242,6740.7231,3443.5547,1146.6898,40186.9483,M,Y,N
08/22/2018,4:00,11372.0605,1421.113,2898.7397,798.7682,11454.1006,6618.0581,3259.5884,1178.603,39001.0315,A3,N,N
08/22/2018,4:00,11477.666,1517.3041,2849.4475,802.8691,11158.5098,6541.5024,3300.5862,1219.0959,38866.981,A6,N,N
08/22/2018,4:00,11714.0996,1477.62,2846.54,808.567,11493.0996,6420.71,3407.22,1086.88,39254.7362,E,N,N
08/22/2018,4:00,11687.5996,1439.71,3085.55,886.689,11480.9004,6557.3501,3384.3999,1068.23,39590.429,E1,N,N
08/22/2018,4:00,11353.5,1443.88,2899.3601,874.787,11294.4004,6295.1201,3295.53,1053.5,38510.0776,E2,N,N
08/22/2018,4:00,11671,1493.38,2859.8999,853.634,11634.9004,6491.2998,3420.3601,1004.92,39429.3942,E3,N,N
08/22/2018,4:00,11545.9883,1465.5012,2906.5894,837.5524,11419.3193,6487.3403,3344.6143,1101.8716,39108.7768,M,Y,N
08/22/2018,5:00,11322.1904,1402.7302,2910.5793,787.6851,11420.3672,6480.9189,3190.0271,1136.7584,38651.2566,A3,N,N
08/22/2018,5:00,11430.542,1483.9723,2871.2004,783.2202,11095.917,6349.3354,3229.4026,1149.8767,38393.4666,A6,N,N
08/22/2018,5:00,11718.7998,1477.95,2869.48,800.277,11425.7002,6340.8398,3373.77,1047.62,39054.4368,E,N,N
08/22/2018,5:00,11538,1423.97,2761.2,863.643,11358,6300.3799,3333.1001,1076.29,38654.583,E1,N,N
08/22/2018,5:00,11362.4004,1439.4,2888.3201,863.697,11284,6240.5801,3247.3201,1039.96,38365.6777,E2,N,N
08/22/2018,5:00,11719.2002,1464.7,2836.3501,844.776,11517.7002,6392.1201,3368.24,1024.08,39167.1666,E3,N,N
08/22/2018,5:00,11515.1885,1448.7871,2856.1885,823.8831,11350.2813,6350.6963,3290.3101,1079.0977,38714.4326,M,Y,N
08/22/2018,6:00,11450.6348,1449.2778,2952.5706,791.1229,11874.7588,6588.8672,3194.5159,1122.1569,39423.9049,A3,N,N
08/22/2018,6:00,11700.4482,1536.1462,2922.3494,784.2838,11555.2939,6462.6055,3235.4624,1097.8047,39294.3941,A6,N,N
08/22/2018,6:00,12072.9004,1553.4301,2915.3899,826.902,11828.9004,6543.8901,3418.3601,1029.34,40189.113,E,N,N
08/22/2018,6:00,12104.5,1543,2659.54,863.024,11780.9004,6482.2798,3377.52,1107.9301,39918.6943,E1,N,N
08/22/2018,6:00,11768.7002,1491.49,2896,885.523,11751.2002,6455.0601,3307.5,1053.1,39608.5735,E2,N,N
08/22/2018,6:00,11946,1500,2872.95,859.438,11842.2998,6535.1499,3420.46,1030.04,40006.3377,E3,N,N
08/22/2018,6:00,11840.5313,1512.2241,2869.8,835.049,11772.2256,6511.3086,3325.6365,1073.3953,39740.1704,M,Y,N
08/22/2018,7:00,11665.4355,1508.1149,3004.729,823.5397,12301.5684,6764.6533,3313.4348,1144.2028,40525.6784,A3,N,N
08/22/2018,7:00,12132.1094,1606.6831,3001.2354,817.3204,12029.7207,6658.8208,3394.0305,1100.249,40740.1693,A6,N,N
08/22/2018,7:00,12571.0996,1657.95,2984.9099,878.386,12651.9004,6991.29,3622.3101,1064.53,42422.376,E,N,N
08/22/2018,7:00,12408.7002,1680.9,2748.51,944.424,12782.9004,6945.5098,3540.3501,1164.71,42216.0045,E1,N,N
08/22/2018,7:00,12361.2002,1622.53,2937.02,947.087,12612,6908.98,3518.51,1114.84,42022.1672,E2,N,N
08/22/2018,7:00,12491,1609.3199,2916.8799,914.132,12596,6964.6899,3615.3999,1101.76,42209.1816,E3,N,N
08/22/2018,7:00,12271.5918,1614.2498,2932.2141,887.4816,12495.6816,6872.3242,3500.6726,1115.0487,41689.2644,M,Y,N
08/22/2018,8:00,12174.6035,1533.168,3001.0645,848.3905,12801.8389,6971.4673,3317.7593,1170.9574,41819.2494,A3,N,N
08/22/2018,8:00,12541.0527,1633.5652,2994.3931,840.769,12442.8789,6843.8242,3431.5693,1138.1847,41866.2371,A6,N,N
08/22/2018,8:00,12680.7998,1684.98,2986.9399,882.403,12978.7998,7122.4399,3650.5701,1110.84,43097.7725,E,N,N
08/22/2018,8:00,12674.7998,1688.73,2851.2,984.025,13066.7998,7148.23,3578.98,1179.34,43172.1046,E1,N,N
08/22/2018,8:00,12534.2002,1668.78,2955.8799,963.74,13175.2998,7106.1802,3547.3999,1143.87,43095.35,E2,N,N
08/22/2018,8:00,12590.7998,1670.99,2922.1399,933.234,13091.2002,7088.6299,3647.3999,1106.66,43051.0537,E3,N,N
08/22/2018,8:00,12532.71,1646.7024,2951.9365,908.7603,12926.1367,7046.7954,3528.9468,1141.6421,42683.6302,M,Y,N
08/22/2018,9:00,12880.8916,1607.4039,3029.7937,903.266,13374.5117,7303.355,3543.8086,1208.0651,43851.0956,A3,N,N
08/22/2018,9:00,13097.7666,1714.1663,3010.4722,894.2932,13103.999,7176.7593,3638.0249,1186.2634,43821.7449,A6,N,N
08/22/2018,9:00,13260.2002,1770.74,2982.3799,967.093,13531.0996,7401.6699,3865.4399,1129.87,44908.4925,E,N,N
08/22/2018,9:00,13276.7998,1796.48,2883.95,1033.79,13758.2002,7407.4902,3803.01,1193.73,45153.4502,E1,N,N
08/22/2018,9:00,13237.5,1806.17,2974.1899,1024.41,13824.5996,7432.3999,3772.77,1177.63,45249.6694,E2,N,N
08/22/2018,9:00,13097.5996,1762.51,2948.4099,987.896,13597.0996,7475.0801,3839.8601,1188.17,44896.6253,E3,N,N
08/22/2018,9:00,13141.793,1742.9119,2971.5325,968.4581,13531.5859,7366.126,3743.8188,1180.6215,44646.8477,M,Y,N
08/22/2018,10:00,14021.6523,1747.594,3097.3875,983.2682,14352.6582,7844.5283,3857.5193,1263.5603,47168.1681,A3,N,N
08/22/2018,10:00,14261.6133,1811.377,3076.5813,971.9086,14083.3232,7706.4844,3938.3577,1246.8311,47096.4766,A6,N,N
08/22/2018,10:00,14308.5,1888.1801,3007.79,1071.76,14591.9004,7972,4118.2202,1183.4301,48141.7808,E,N,N
08/22/2018,10:00,14279.7002,1953.41,2966.53,1123.48,14574.9004,7978.77,4029.78,1228.14,48134.7106,E1,N,N
08/22/2018,10:00,14186.2998,1910.9399,3019.49,1127.49,14619.2002,7921.3301,4054.05,1234.53,48073.33,E2,N,N
08/22/2018,10:00,14056.7002,1940.76,3022.54,1128.17,14580.4004,7954.4199,4128.7202,1173.09,47984.8007,E3,N,N
08/22/2018,10:00,14185.7441,1875.377,3031.7197,1067.6796,14467.0645,7896.2559,4021.1082,1221.5969,47766.5459,M,Y,N
08/22/2018,11:00,15245.6982,1912.6542,3174.1389,1070.8735,15373.4375,8498.3193,4220.1748,1341.9664,50837.2628,A3,N,N
08/22/2018,11:00,15415.6787,1975.2422,3155.7764,1069.4919,15177.3936,8299.6572,4294.8652,1314.9874,50703.0926,A6,N,N
08/22/2018,11:00,15398.7998,2063.3501,3093.0701,1150.98,15679.7002,8635.7002,4447.7402,1263.01,51732.3506,E,N,N
08/22/2018,11:00,15485.7002,2073.9199,3132.3201,1225.85,15729.5,8586.8496,4424.1001,1268.99,51927.2299,E1,N,N
08/22/2018,11:00,15285.5996,2033.39,3082.98,1192.76,15611,8576.6699,4389.8599,1315.0601,51487.3195,E2,N,N
08/22/2018,11:00,15231.7998,2078.1201,3092.8301,1183.35,15752.2002,8568.3496,4448.2402,1302.84,51657.73,E3,N,N
08/22/2018,11:00,15343.8789,2022.7794,3121.8528,1148.8843,15553.873,8527.5918,4370.8301,1301.1423,51390.8326,M,Y,N
08/22/2018,12:00,16430.5664,2092.2014,3249.6301,1128.0709,16403.0313,9126.3311,4576.0415,1437.2238,54443.0965,A3,N,N
08/22/2018,12:00,16604.1094,2143.0671,3229.0645,1128.3489,16214.5117,8974.5801,4627.3867,1429.2261,54350.2945,A6,N,N
08/22/2018,12:00,16426.1992,2221.24,3150.4199,1243.42,16868.3008,9298.8096,4777.0298,1392.16,55377.5793,E,N,N
08/22/2018,12:00,16576.6992,2234.1799,3196.6201,1299.23,16992.6992,9322.4902,4787.4399,1388.48,55797.8385,E1,N,N
08/22/2018,12:00,16365.2998,2164.5801,3147.5701,1265.9301,16837.1992,9263.9902,4770.3701,1405.58,55220.5196,E2,N,N
08/22/2018,12:00,16436.3008,2224.47,3177.6599,1245.91,17001.8008,9233.0303,4790.1401,1340.97,55450.2819,E3,N,N
08/22/2018,12:00,16473.1953,2179.9565,3191.8276,1218.485,16719.5918,9203.2051,4721.4014,1398.9399,55106.6026,M,Y,N
08/22/2018,13:00,17329.5078,2245.7231,3328.7563,1184.4095,17453.4668,9657.2197,4889.667,1521.4454,57610.1956,A3,N,N
08/22/2018,13:00,17501.0156,2276.8787,3326.5889,1206.7743,17266.0859,9520.9756,4950.1875,1493.4597,57541.9662,A6,N,N
08/22/2018,13:00,17260.0996,2359.51,3231.4299,1291.55,17966.3008,9936.3301,5066.1401,1488.97,58600.3305,E,N,N
08/22/2018,13:00,17400.4004,2308.49,3125.6599,1354.6899,18068.6992,9958.9404,5148.48,1487.6899,58853.0497,E1,N,N
08/22/2018,13:00,17244.5,2288.74,3221.51,1332.87,17971,9892.9404,5071.2202,1491.54,58514.3206,E2,N,N
08/22/2018,13:00,17376.1992,2347.1101,3254.49,1312.4399,17979,9847.3896,5071.7202,1414.13,58602.479,E3,N,N
08/22/2018,13:00,17351.9551,2304.4087,3248.0728,1280.4557,17784.0938,9802.2988,5032.9028,1482.8726,58287.0603,M,Y,N
08/22/2018,14:00,17899.0762,2362.4873,3400.7578,1244.08,18274.5645,10259.9072,5157.2646,1615.5479,60213.6855,A3,N,N
08/22/2018,14:00,17874.5781,2359.6262,3423.6279,1277.348,18034.3105,10134.1895,5200.8232,1600.486,59904.9894,A6,N,N
08/22/2018,14:00,18021.5,2475.2,3280.05,1378.62,19005.5,10534.2002,5307.3701,1604.29,61606.7303,E,N,N
08/22/2018,14:00,18188.4004,2453.5601,3328.3401,1430.1,19117.4004,10649.5,5398.3501,1567.85,62133.5011,E1,N,N
08/22/2018,14:00,18039.5996,2417.0701,3284.28,1402.03,19071.3008,10504.4004,5310.02,1572.96,61601.6609,E2,N,N
08/22/2018,14:00,17994.4004,2501.8799,3309.3201,1372.65,18969.4004,10468.7002,5326.8701,1527.6899,61470.911,E3,N,N
08/22/2018,14:00,18002.9258,2428.304,3337.7295,1350.8047,18745.4121,10425.1494,5283.4497,1581.4707,61155.2459,M,Y,N
08/22/2018,15:00,18658.7344,2452.1736,3443.0554,1296.4108,19229.1406,10754.2568,5334.27,1689.2162,62857.2578,A3,N,N
08/22/2018,15:00,18457.5215,2480.4312,3448.531,1341.2275,18710.5195,10528.8623,5331.9072,1682.3099,61981.3101,A6,N,N
08/22/2018,15:00,18613.3008,2578.8799,3311.0601,1391.23,19875.4004,10995,5484.0498,1707.37,63956.291,E,N,N
08/22/2018,15:00,18903.1992,2556.02,3411.47,1473.55,19923.1992,11147.2002,5534.21,1664.67,64613.5186,E1,N,N
08/22/2018,15:00,18644.1992,2519.0901,3342.46,1464.53,19947.5996,10938.4004,5494.8501,1636.24,63987.3694,E2,N,N
08/22/2018,15:00,18537,2570.6899,3379.45,1438.3,19852.0996,10927.7998,5492.0601,1562.15,63759.5494,E3,N,N
08/22/2018,15:00,18635.6602,2526.2141,3389.3379,1400.8748,19589.6602,10881.9199,5445.2246,1656.9927,63525.8844,M,Y,N
08/22/2018,16:00,18702.9258,2502.2585,3455.5759,1328.0493,19702.6055,10995.5781,5448.7759,1747.897,63883.666,A3,N,N
08/22/2018,16:00,18788.709,2512.4126,3430.3721,1364.9126,19126.8086,10753.6289,5481.3896,1736.2946,63194.528,A6,N,N
08/22/2018,16:00,18863.9004,2609.3201,3314.0801,1443.84,20529.1992,11326.9004,5556.98,1778.59,65422.8102,E,N,N
08/22/2018,16:00,19106.9004,2576.6599,3363.0701,1490.03,20500.4004,11400.5996,5605.8398,1709.15,65752.6502,E1,N,N
08/22/2018,16:00,18992.4004,2564.97,3377.72,1502.2,20625.5,11271.2998,5586.7002,1690.54,65611.3304,E2,N,N
08/22/2018,16:00,18758.9004,2622.1101,3408.3401,1465.54,20522,11175,5558.0698,1629.09,65139.0504,E3,N,N
08/22/2018,16:00,18868.957,2564.6218,3391.5264,1432.4287,20167.7539,11153.835,5539.626,1715.2603,64834.0091,M,Y,N
08/22/2018,17:00,18485.0078,2508.9575,3475.3088,1356.386,20000.4453,11041.585,5420.2354,1786.6428,64074.5686,A3,N,N
08/22/2018,17:00,18387.3203,2503.1543,3436.7097,1379.0455,19367.1836,10767.3701,5500.5864,1777.8577,63119.2276,A6,N,N
08/22/2018,17:00,18830.4004,2624.98,3346.47,1410.6899,20999.0996,11517.9004,5584.46,1824.3,66138.3003,E,N,N
08/22/2018,17:00,18974.3008,2575.8601,3419.3601,1525.5,20936.9004,11563.5996,5633.2202,1697.62,66326.3612,E1,N,N
08/22/2018,17:00,19134.6992,2591,3406.8799,1517.91,21091.8008,11486.9004,5604.6201,1722.4399,66556.2503,E2,N,N
08/22/2018,17:00,18624.0996,2640.28,3416.77,1488.55,20928.0996,11389.2998,5567.96,1680.11,65735.169,E3,N,N
08/22/2018,17:00,18739.3047,2574.0386,3416.9167,1446.3469,20553.9219,11294.4434,5551.8472,1748.1617,65324.9811,M,Y,N
08/22/2018,18:00,18259.209,2540.8853,3478.3528,1393.0383,20092.3594,11245.3848,5366.5537,1786.0197,64161.803,A3,N,N
08/22/2018,18:00,18324.8477,2510.9575,3434.2083,1405.8759,19505.0059,11086.5039,5418.6323,1787.8145,63473.846,A6,N,N
08/22/2018,18:00,18482.5996,2623.9399,3367.6499,1437.8,21090.5,11572.9004,5486.8799,1831.6801,65893.9498,E,N,N
08/22/2018,18:00,18634.3008,2564.99,3255.55,1494.96,21025.8008,11654.2002,5500.1499,1737.37,65867.3217,E1,N,N
08/22/2018,18:00,18897.9004,2569.5701,3413.23,1512.3199,21251.9004,11556.2998,5516.9502,1721.63,66439.8008,E2,N,N
08/22/2018,18:00,18424.9004,2587.8401,3443.03,1486.12,20945.4004,11438.0996,5469.8999,1654.12,65449.4104,E3,N,N
08/22/2018,18:00,18503.9609,2566.3638,3398.6704,1455.019,20651.8301,11425.5645,5459.8442,1753.1057,65214.3586,M,Y,N
08/22/2018,19:00,17574.3555,2490.1062,3445.4497,1356.3207,19334.0938,11047.7461,5194.7095,1779.2136,62221.9951,A3,N,N
08/22/2018,19:00,17740.2754,2440.0435,3395.0837,1368.3864,18844.1777,10886.2627,5262.1582,1784.9905,61721.3781,A6,N,N
08/22/2018,19:00,17909.5996,2587.0601,3350.7,1418.6,20610.3008,11436.4004,5309.48,1825.26,64447.4009,E,N,N
08/22/2018,19:00,17955.5996,2490.4099,3393.6101,1463.99,20403.8008,11402.4004,5343.1499,1713.08,64166.0407,E1,N,N
08/22/2018,19:00,18205.8008,2501.75,3391.47,1463.92,20766.5996,11415.7002,5340.0098,1695.47,64780.7204,E2,N,N
08/22/2018,19:00,17805,2479.25,3402.45,1455.1,20418.1992,11285.5,5328.4302,1651.5699,63825.4993,E3,N,N
08/22/2018,19:00,17865.1055,2498.1033,3396.4607,1421.053,20062.8633,11245.6689,5296.3228,1741.5974,63527.1749,M,Y,N
08/22/2018,20:00,16919.7051,2403.094,3398.5286,1264.5684,18580.5039,10605.7178,4997.2822,1749.7788,59919.1788,A3,N,N
08/22/2018,20:00,17053.918,2344.5479,3355.9329,1268.51,18154.6406,10479.748,5059.9551,1766.8533,59484.1058,A6,N,N
08/22/2018,20:00,17272.5,2456.77,3317.2,1322.79,19617.6992,10986.2998,5099,1783.95,61856.209,E,N,N
08/22/2018,20:00,17221.0996,2345.8701,3358.1499,1385.37,19475.8008,10840.4004,5117.2202,1654.83,61398.741,E1,N,N
08/22/2018,20:00,17470,2368.6899,3356.3601,1375.21,19751.3008,10957.0996,5085.5698,1648.36,62012.5902,E2,N,N
08/22/2018,20:00,17145.6992,2404.8799,3342.6299,1352.5601,19492.9004,10859.9004,5107.0098,1622.16,61327.7397,E3,N,N
08/22/2018,20:00,17180.4883,2387.3086,3354.8003,1328.1681,19178.8086,10788.1943,5077.6733,1704.322,60999.7635,M,Y,N
08/22/2018,21:00,16617.4707,2329.4167,3343.4275,1222.7444,18033.2383,10343.873,4841.6343,1707.9008,58439.7057,A3,N,N
08/22/2018,21:00,16632.502,2258.3354,3318.4438,1228.3168,17651.1953,10244.335,4892.0371,1727.0616,57952.227,A6,N,N
08/22/2018,21:00,16933.3008,2376.1499,3263.8899,1291.95,18831,10600.5,4979.7402,1723.4301,59999.9609,E,N,N
08/22/2018,21:00,16960.9004,2332.1899,3258,1312.64,18882.1992,10598.2998,5048.46,1597.3,59989.9893,E1,N,N
08/22/2018,21:00,17103,2286.71,3325.76,1315.17,19019.5,10548.2998,4992.5601,1603.97,60194.9699,E2,N,N
08/22/2018,21:00,16757,2328.0901,3329.48,1299.04,18678.6992,10520.7002,4977.7798,1587.62,59478.4093,E3,N,N
08/22/2018,21:00,16834.0293,2318.4819,3306.5002,1278.3102,18515.9727,10476.002,4955.3687,1657.8804,59342.5454,M,Y,N
08/22/2018,22:00,15910.4922,2223.4707,3303.1348,1161.9473,17312.6367,9899.8135,4640.9287,1676.7773,56129.2012,A3,N,N
08/22/2018,22:00,15874.8213,2169.1589,3276.1321,1157.0637,17028.4336,9803.3838,4676.6655,1686.1632,55671.8221,A6,N,N
08/22/2018,22:00,16268,2282.1399,3215.8899,1202.9399,17846.8008,10076.5,4809.9102,1708.9399,57411.1206,E,N,N
08/22/2018,22:00,16392.8008,2186.6101,3214.01,1171.13,17983.5,10120,4841.6201,1558.14,57467.811,E1,N,N
08/22/2018,22:00,16322.5,2203.8401,3284.24,1253.33,18130.6992,10049,4808.75,1552.35,57604.7093,E2,N,N
08/22/2018,22:00,16110.5,2207.8101,3296.6299,1233.59,17641.5,9993.29,4805.98,1545.8,56835.1,E3,N,N
08/22/2018,22:00,16146.5195,2212.1716,3265.0059,1196.6667,17657.2617,9990.332,4763.9756,1621.3618,56853.2948,M,Y,N
08/22/2018,23:00,14717.1377,2033.5074,3188.8022,1070.4884,15913.0645,9134.9092,4277.0601,1578.8966,51913.8661,A3,N,N
08/22/2018,23:00,14759.6953,1975.6592,3162.8171,1058.494,15721.4756,9082.0781,4311.2783,1608.9329,51680.4305,A6,N,N
08/22/2018,23:00,15190,2096.21,3123.3301,1100.5699,16297.5,9240.5801,4496.5,1580.0601,53124.7502,E,N,N
08/22/2018,23:00,14916.4004,2016.1,3166.4299,1150.15,16385.0996,9200.9404,4499.8799,1422.95,52757.9502,E1,N,N
08/22/2018,23:00,15166.5996,2012.77,3194.78,1158.28,16515.5,9212.3604,4483.8999,1449.7,53193.8899,E2,N,N
08/22/2018,23:00,14928.7998,2046.04,3179.6001,1129.77,16273.2002,9191.9404,4503.0098,1481.05,52733.4103,E3,N,N
08/22/2018,23:00,14946.4395,2030.0479,3169.2935,1111.2921,16184.3076,9177.1348,4428.6045,1520.265,52567.3849,M,Y,N
08/22/2018,24:00,13560.835,1830.5719,3102.3123,958.9981,14308.1973,8286.3447,3915.8735,1458.5737,47421.7065,A3,N,N
08/22/2018,24:00,13604.0107,1805.2834,3099.7,937.7039,14161.543,8244.0957,3944.387,1466.6512,47263.3749,A6,N,N
08/22/2018,24:00,14125.7002,1900.16,3062.8799,958.031,14712,8359.7998,4153.3398,1431.37,48703.2807,E,N,N
08/22/2018,24:00,13495.5,1821.51,2985.1299,1058.28,14772.5996,8363.1104,4195.8701,1293.15,47985.15,E1,N,N
08/22/2018,24:00,13980.7998,1820.84,3106.3799,1066.13,14846.2002,8312.9697,4114.71,1333.79,48581.8196,E2,N,N
08/22/2018,24:00,14007.2002,1839.42,3079.6899,1014.9,14694.5,8317.1396,4155.8901,1308.4301,48417.1699,E3,N,N
08/22/2018,24:00,13795.6738,1836.2979,3072.6821,999.0072,14582.5078,8313.9102,4080.0122,1381.9943,48062.0855,M,Y,N
08/23/2018,1:00,12634.4336,1670.7136,3014.9126,900.047,13128.4512,7593.3149,3646.2122,1379.7965,43967.8816,A3,N,N
08/23/2018,1:00,12683.7949,1680.3079,3002.5854,892.8853,12934.2734,7488.3721,3725.0127,1401.1284,43808.3601,A6,N,N
08/23/2018,1:00,13009.4004,1691.59,2972.8201,892.777,13413.7998,7596.8901,3881.54,1314.26,44773.0774,E,N,N
08/23/2018,1:00,12547.2002,1656.12,2887.76,964.668,13490,7644.6001,3921.4299,1206.78,44318.5582,E1,N,N
08/23/2018,1:00,12887.5996,1649.1,3028.1299,986.089,13377,7511.71,3803.9099,1249.01,44492.5484,E2,N,N
08/23/2018,1:00,13037.4004,1682.65,2980.8401,943.745,13459,7565.4102,3882.0601,1202.8101,44753.9159,E3,N,N
08/23/2018,1:00,12799.9727,1671.7469,2981.1748,930.0352,13300.4209,7566.7168,3810.0276,1292.2975,44352.3924,M,Y,N
08/23/2018,2:00,11983.2842,1545.7579,2967.1689,854.1716,12368.7314,7124.0518,3440.3406,1296.1425,41579.6489,A3,N,N
08/23/2018,2:00,12035.4502,1569.2668,2944.929,850.0411,12165.2715,7039.0249,3525.6482,1319.7764,41449.4081,A6,N,N
08/23/2018,2:00,12289.7002,1559.41,2922.6699,831.254,12454.7002,6998.8599,3669.1001,1224.51,41950.2043,E,N,N
08/23/2018,2:00,13087.4004,1568.6801,2843.8201,879.731,12522.7998,7124.27,3634.24,1169.5601,42830.5015,E1,N,N
08/23/2018,2:00,12084.5996,1545.21,2963.05,931.676,12348.2002,6893.6802,3560.21,1190.1,41516.726,E2,N,N
08/23/2018,2:00,12302.2998,1583.6899,2933.4399,896.682,12470.4004,7065.1099,3662.0801,1167.37,42081.072,E3,N,N
08/23/2018,2:00,12297.123,1562.0026,2929.1797,873.926,12388.3516,7040.833,3581.9368,1227.9098,41901.2625,M,Y,N
08/23/2018,3:00,11516.1494,1482.1036,2926.481,826.2037,11947.4346,6787.8799,3308.5701,1237.1006,40031.9229,A3,N,N
08/23/2018,3:00,11587.1797,1516.4276,2894.4375,826.9013,11746.1953,6639.6353,3367.8867,1265.5754,39844.2388,A6,N,N
08/23/2018,3:00,11758.5,1471.52,2878.71,831.273,11757.7002,6554.6499,3507.52,1161.24,39921.1131,E,N,N
08/23/2018,3:00,11878.7998,1443.24,2864.9199,856.134,11865.9004,6719.7002,3454.4299,1107.95,40191.0742,E1,N,N
08/23/2018,3:00,11470.5,1450.12,2915.4299,896.291,11575.2998,6447.9102,3379.55,1150.64,39285.7409,E2,N,N
08/23/2018,3:00,11798.5,1444.4301,2888.95,869.526,11939.2998,6656.4102,3509.9199,1110.9,40217.936,E3,N,N
08/23/2018,3:00,11668.2715,1467.9736,2894.8215,851.0549,11805.3047,6634.3647,3421.313,1172.2344,39915.3383,M,Y,N
08/23/2018,4:00,11202.6084,1424.1151,2903.1096,808.94,11670.4863,6507.4912,3185.1409,1194.6211,38896.5126,A3,N,N
08/23/2018,4:00,11306.6465,1467.6442,2856.8,809.2743,11431.1172,6389.8066,3239.5957,1222.3274,38723.2119,A6,N,N
08/23/2018,4:00,11498.5996,1432.91,2843.97,815.624,11390.2998,6306.27,3395.74,1129.4301,38812.8435,E,N,N
08/23/2018,4:00,11561.0996,1406.64,3114.3,826.581,11521.2002,6481.9502,3350.03,1058.23,39320.031,E1,N,N
08/23/2018,4:00,11197.4004,1407.58,2885.95,876.102,11258.2002,6208.8501,3265.0601,1125.29,38224.4328,E2,N,N
08/23/2018,4:00,11440.5996,1507.24,2859.97,858.947,11551.7998,6340.8301,3411.8799,1045.1801,39016.4465,E3,N,N
08/23/2018,4:00,11367.8252,1441.0216,2910.6833,832.5781,11470.5166,6372.5337,3307.908,1129.1798,38832.2463,M,Y,N
08/23/2018,5:00,11073.2881,1402.061,2914.739,795.7287,11647.2236,6358.4263,3111.9915,1155.3163,38458.7745,A3,N,N
08/23/2018,5:00,11242.6367,1433.5327,2878.7273,789.4368,11374.4814,6202.8042,3162.3308,1157.1091,38241.059,A6,N,N
08/23/2018,5:00,11490.2002,1435.33,2866.1699,813.874,11318.2998,6218.5498,3347.28,1080.35,38570.0537,E,N,N
08/23/2018,5:00,11419.2002,1404.71,2773.97,820.979,11370.9004,6197.8501,3305.9299,1068.4,38361.9396,E1,N,N
08/23/2018,5:00,11194.7002,1407.6,2869.99,865.507,11240.0996,6137.8999,3215.45,1107.33,38038.5767,E2,N,N
08/23/2018,5:00,11522,1466.99,2839.73,850.465,11405.7998,6228.25,3345.8899,1034.92,38694.0447,E3,N,N
08/23/2018,5:00,11323.6709,1425.0372,2857.2209,822.6652,11392.8008,6223.9639,3248.1455,1100.5709,38394.0753,M,Y,N
08/23/2018,6:00,11174.167,1443.473,2956.28,800.5059,12044.082,6455.5239,3129.2122,1140.2192,39143.4632,A3,N,N
08/23/2018,6:00,11495.1885,1471.4758,2929.8884,792.3101,11785.8818,6302.1987,3186.2275,1107.3313,39070.5021,A6,N,N
08/23/2018,6:00,11859.4004,1508.9301,2910.5701,817.188,11733.2998,6413.71,3394.4099,1057.36,39694.8683,E,N,N
08/23/2018,6:00,12023.9004,1466.55,2663.3701,816.308,11720.7002,6346.71,3344.1201,1096.4399,39478.0987,E1,N,N
08/23/2018,6:00,11629.0996,1452.8101,2874.8799,882.196,11685.5996,6339.1699,3272.5801,1120.42,39256.7552,E2,N,N
08/23/2018,6:00,11830.5996,1494.98,2864.3,859.263,11711.9004,6348.3799,3403.5601,1038.5699,39551.5529,E3,N,N
08/23/2018,6:00,11668.7266,1473.0365,2866.5481,827.9618,11780.2441,6367.6157,3288.3518,1093.3901,39365.8747,M,Y,N
08/23/2018,7:00,11448.8721,1501.0338,3012.4153,835.8649,12466.9043,6653.2837,3247.4292,1169.859,40335.6623,A3,N,N
08/23/2018,7:00,11916.3555,1550.7523,3012.2031,828.1324,12234.4775,6494.9365,3343.5146,1110.4141,40490.786,A6,N,N
08/23/2018,7:00,12352.0996,1620.86,2975,876.876,12523.5,6858.25,3591.3501,1068.61,41866.5457,E,N,N
08/23/2018,7:00,12382.2998,1621.14,2765.8201,879.446,12782.0996,6886.9902,3489.4399,1175.02,41982.2556,E1,N,N
08/23/2018,7:00,12223.7998,1568.49,2905.23,945.224,12524,6790.9702,3486.9399,1174.4301,41619.084,E2,N,N
08/23/2018,7:00,12366.5,1587.4,2908.77,912.714,12512.7998,6823.0601,3589.8999,1112.64,41813.7838,E3,N,N
08/23/2018,7:00,12114.9883,1574.946,2929.9065,879.7096,12507.2969,6751.249,3458.0959,1135.1622,41351.3544,M,Y,N
08/23/2018,8:00,11950.9717,1523.5538,3018.9626,860.1929,13052.2285,6827.7866,3274.7837,1195.6292,41704.109,A3,N,N
08/23/2018,8:00,12309.1826,1576.0431,3014.7598,850.0278,12698.8525,6663.3896,3384.0835,1150.3036,41646.6425,A6,N,N
08/23/2018,8:00,12504.7998,1648.83,2976.3601,881.337,12867.2998,6986.73,3641.26,1113.45,42620.0667,E,N,N
08/23/2018,8:00,12634.0996,1639.7,2871.25,939.348,13192.7002,7043.4199,3565.9299,1177.5699,43064.0175,E1,N,N
08/23/2018,8:00,12421.9004,1611.78,2923.0601,955.183,12983.2002,6969.25,3516.51,1196.5,42577.3837,E2,N,N
08/23/2018,8:00,12514.7002,1652.3101,2911.79,928.497,13014.7998,6962.6602,3643.8401,1125.71,42754.3074,E3,N,N
08/23/2018,8:00,12389.2754,1608.7028,2952.6973,902.4309,12968.1797,6908.873,3504.4014,1159.8605,42394.421,M,Y,N
08/23/2018,9:00,12691.6758,1599.3204,3047.106,913.2483,13734.2275,7179.1768,3496.4209,1232.5436,43893.7193,A3,N,N
08/23/2018,9:00,12837.9678,1669.5468,3034.0464,903.1254,13444.4893,6998.144,3595.8149,1199.5742,43682.7088,A6,N,N
08/23/2018,9:00,13147.0996,1737.86,2983.7,915.54,13373.2002,7273.7002,3830.3401,1137.24,44398.6801,E,N,N
08/23/2018,9:00,13200.5996,1796.67,2915.05,981.542,13881.2998,7285.6802,3772.29,1196.5,45029.6316,E1,N,N
08/23/2018,9:00,13202.2998,1743.72,2956.8101,1007.89,13569.7998,7315.4399,3749.6899,1228.1801,44773.8296,E2,N,N
08/23/2018,9:00,13020.9004,1765.25,2948.8701,979.244,13478.5,7362.9302,3809.6101,1226.4301,44591.7349,E3,N,N
08/23/2018,9:00,13016.7578,1718.728,2980.9304,950.0983,13580.2529,7235.8457,3709.0278,1203.4114,44395.0523,M,Y,N
08/23/2018,10:00,13830.6494,1740.8341,3111.8374,993.1694,14633.2979,7769.1416,3824.0205,1291.4979,47194.4482,A3,N,N
08/23/2018,10:00,13975.7842,1766.2041,3100.053,980.9938,14387.4814,7607.3521,3900.0381,1263.3939,46981.3006,A6,N,N
08/23/2018,10:00,14212.4004,1856.25,3026.24,1032.34,14332.4004,7842.9399,4096.7002,1195.41,47594.6809,E,N,N
08/23/2018,10:00,14089.7998,1873.66,2985.28,1037.63,14539.5996,7888.2202,4014.52,1219.61,47648.3196,E1,N,N
08/23/2018,10:00,14165.0996,1841.88,3025.3799,1101.08,14276.4004,7808.1201,4052.8301,1281.95,47552.7401,E2,N,N
08/23/2018,10:00,13965.7002,1933.11,3015.8401,1111,14437,7779.1899,4108.5601,1184.55,47534.9503,E3,N,N
08/23/2018,10:00,14039.9063,1835.323,3044.105,1042.7021,14434.3643,7782.4946,3999.4448,1239.402,47417.7421,M,Y,N
08/23/2018,11:00,15155.4678,1921.7163,3195.6567,1081.3513,15668.0313,8443.6406,4193.8794,1372.9547,51032.6981,A3,N,N
08/23/2018,11:00,15255.1309,1934.1738,3187.1919,1079.4561,15520.5908,8225.1875,4257.3452,1337.1942,50796.2704,A6,N,N
08/23/2018,11:00,15362.4004,2030.1899,3130.6799,1101.73,15341.2002,8500.6602,4435.75,1268.73,51171.3406,E,N,N
08/23/2018,11:00,15390.5996,2043.11,3165.73,1155.39,15668.7002,8512.8496,4414.02,1266.38,51616.7794,E1,N,N
08/23/2018,11:00,15248.7002,1958.59,3108.5901,1170,15313.9004,8464.8896,4398.0801,1356.86,51019.6104,E2,N,N
08/23/2018,11:00,15137.2002,2100.46,3106.0901,1171.8199,15442.7998,8420.3896,4426.1201,1296.25,51101.1297,E3,N,N
08/23/2018,11:00,15258.25,1998.04,3148.99,1126.6245,15492.5361,8427.9365,4354.1992,1316.3948,51122.9711,M,Y,N
08/23/2018,12:00,16362.4854,2109.1211,3274.6956,1143.7417,16667.5742,9134.416,4586.8989,1476.8821,54755.815,A3,N,N
08/23/2018,12:00,16481.8477,2120.7068,3267.8032,1141.5214,16542.3066,9016.3467,4622.8413,1458.3998,54651.7735,A6,N,N
08/23/2018,12:00,16408,2180.6599,3204.52,1182.39,16489.5,9172.4805,4781.1899,1400.5,54819.2403,E,N,N
08/23/2018,12:00,16476.5,2143.8101,3234.23,1251.4301,16976.3008,9245.1602,4779.1201,1341.27,55447.8213,E1,N,N
08/23/2018,12:00,16283.5,2076.8501,3196.23,1246.34,16592.6992,9166.1602,4775.4102,1445.0601,54782.2498,E2,N,N
08/23/2018,12:00,16336.2002,2211.3,3196.02,1240.92,16824.3008,9076.9102,4799.7998,1320.89,55006.341,E3,N,N
08/23/2018,12:00,16391.4238,2140.408,3228.9165,1201.0573,16682.1152,9135.2461,4724.2104,1407.167,54910.5443,M,Y,N
08/23/2018,13:00,17393.8027,2256.5015,3356.291,1208.6256,17754.998,9784.6006,4893.9053,1573.7028,58222.4275,A3,N,N
08/23/2018,13:00,17566.1816,2260.5168,3373.7231,1226.2651,17529.0254,9610.7686,4937.876,1531.569,58035.9256,A6,N,N
08/23/2018,13:00,17196.4004,2327.4099,3283.1001,1264.3199,17625.0996,9829,5062.5298,1494.3,58082.1597,E,N,N
08/23/2018,13:00,17310.9004,2250.8201,3169.1001,1313.84,18142.5,9901.4902,5131.9902,1431.72,58652.361,E1,N,N
08/23/2018,13:00,17179.4004,2198.1201,3272.75,1316.73,17805.9004,9827.7998,5085.2798,1528.84,58214.8205,E2,N,N
08/23/2018,13:00,17283,2353.8301,3279.21,1310.87,17808.9004,9710.75,5087.3799,1423.86,58257.8004,E3,N,N
08/23/2018,13:00,17321.6133,2274.5332,3289.0293,1273.4419,17777.7383,9777.4023,5033.1602,1497.332,58244.2505,M,Y,N
08/23/2018,14:00,17912.5684,2392.7283,3427.2261,1274.2684,18821.2891,10394.0742,5188.584,1673.4338,61084.1723,A3,N,N
08/23/2018,14:00,18014.9219,2364.478,3457.4873,1300.2064,18496.8965,10246.502,5214.8911,1640.8667,60736.2499,A6,N,N
08/23/2018,14:00,17940.0996,2440.76,3357.8701,1353.61,18777.1992,10455.4004,5316.0698,1615.0699,61256.079,E,N,N
08/23/2018,14:00,18053.6992,2395.3301,3355.79,1367.92,19366.5,10591.2002,5384.1899,1522.35,62036.9794,E1,N,N
08/23/2018,14:00,17934.3008,2336.77,3355.4399,1396.61,18995.5,10462.2998,5335.9702,1623.78,61440.6707,E2,N,N
08/23/2018,14:00,17832.8008,2495.72,3345.0601,1377.39,19013.6992,10371.7998,5343.29,1530.8,61310.5599,E3,N,N
08/23/2018,14:00,17948.0645,2404.2979,3383.1455,1345.001,18911.8477,10420.2129,5297.166,1601.05,61310.7855,M,Y,N
08/23/2018,15:00,18821.0762,2502.9697,3479.0879,1336.8542,19822.3086,10899.9863,5421.9805,1755.2979,64039.5613,A3,N,N
08/23/2018,15:00,18996.8809,2482.6221,3488.79,1371.5138,19256.8281,10624.3086,5407.1895,1727.5453,63355.6783,A6,N,N
08/23/2018,15:00,18519.5996,2546.95,3394.76,1365.3199,19743.0996,10951.9004,5489.9302,1725.53,63737.0897,E,N,N
08/23/2018,15:00,18774.1992,2503.1001,3451.4299,1412.72,20261.6992,11098,5521.54,1625.0601,64647.7485,E1,N,N
08/23/2018,15:00,18537.5996,2441.8301,3414.6799,1461.53,19935.3008,10931.5996,5518.6001,1695.42,63936.5601,E2,N,N
08/23/2018,15:00,18510.5996,2579.3101,3415,1445.01,19896.6992,10857.5996,5503.8901,1607.45,63815.5586,E3,N,N
08/23/2018,15:00,18693.3262,2509.4636,3440.6248,1398.8247,19819.3242,10893.8994,5477.1885,1689.3839,63922.0353,M,Y,N
08/23/2018,16:00,18733.0918,2559.7014,3472.3779,1381.6046,20246.416,11152.0264,5439.0352,1822.281,64806.5343,A3,N,N
08/23/2018,16:00,18613.3301,2505.5464,3471.4158,1402.7091,19676.7832,10860.9912,5447.9341,1785.7284,63764.4383,A6,N,N
08/23/2018,16:00,18819.3008,2583.71,3398.21,1427.96,20438.0996,11310,5567.4199,1799.96,65344.6603,E,N,N
08/23/2018,16:00,18943.4004,2593.72,3410.28,1500.08,20910.0996,11360.2998,5592.9302,1690.6801,66001.4901,E1,N,N
08/23/2018,16:00,18925.8008,2496.3701,3448.2,1502.8,20618.0996,11276.2002,5612.71,1751.67,65631.8507,E2,N,N
08/23/2018,16:00,18709.8008,2631.5,3430.8501,1471.27,20485.3008,11123.2002,5554.4302,1666.08,65072.4321,E3,N,N
08/23/2018,16:00,18790.7891,2561.7581,3438.5557,1447.7373,20395.8008,11180.4531,5535.7432,1752.7332,65103.5705,M,Y,N
08/23/2018,17:00,18503.8047,2565.938,3486.7104,1417.8896,20483.2422,11219.6201,5438.7075,1849.4988,64965.4113,A3,N,N
08/23/2018,17:00,18387.3789,2482.6448,3478.1182,1419.4762,19891.8828,10973.2627,5504.9526,1824,63961.7162,A6,N,N
08/23/2018,17:00,18822.6992,2599.95,3422.5701,1420.3199,20975.6992,11513.2002,5611.1499,1845.8101,66211.3986,E,N,N
08/23/2018,17:00,18839.5996,2575.3101,3444.6699,1494.23,21240.8008,11540.7998,5624.0498,1684.37,66443.83,E1,N,N
08/23/2018,17:00,19075.0996,2535.6799,3471.3301,1525.52,21162.1992,11490.0996,5619.5098,1780.5699,66660.0081,E2,N,N
08/23/2018,17:00,18521.9004,2656.49,3441.1001,1496.9,20997.4004,11382.7998,5565.54,1708.03,65770.1607,E3,N,N
08/23/2018,17:00,18691.748,2569.3354,3457.4165,1462.3894,20791.8711,11353.2969,5560.6514,1782.0464,65668.7551,M,Y,N
08/23/2018,18:00,18190.5508,2583.9915,3487.8574,1456.9792,20873.1367,11433.1191,5388.4028,1861.483,65275.5205,A3,N,N
08/23/2018,18:00,18317.5488,2491.7905,3472.1509,1449.2585,20305.2832,11202.748,5434.4595,1839.3301,64512.5695,A6,N,N
08/23/2018,18:00,18435.1992,2597.6899,3431.6299,1429.0699,21095.5996,11568.5996,5489.9502,1843.48,65891.2183,E,N,N
08/23/2018,18:00,18467.3008,2547.3,3330.5901,1477.76,21413.3008,11669.4004,5483.8701,1722.38,66111.9022,E1,N,N
08/23/2018,18:00,18798.8008,2511.4199,3469.7,1528.55,21310.5996,11544.7002,5518.6001,1766.87,66449.2406,E2,N,N
08/23/2018,18:00,18192.9004,2597.3201,3461.6799,1500.63,21110.8008,11406.4004,5487.2998,1671.4301,65428.4615,E3,N,N
08/23/2018,18:00,18400.3848,2554.9187,3442.2681,1473.708,21018.1211,11470.8281,5467.0972,1784.1622,65611.4882,M,Y,N
08/23/2018,19:00,17544.3418,2530.0471,3455.9106,1432.8855,20206.7461,11294.0986,5228.0776,1850.9604,63543.0677,A3,N,N
08/23/2018,19:00,17735.3887,2422.3232,3433.78,1420.1609,19759.2559,11151.7334,5276.0156,1839.5516,63038.2093,A6,N,N
08/23/2018,19:00,17800.5,2559.8,3413.4099,1400.05,20717.6992,11435,5321.3198,1830.3199,64478.0988,E,N,N
08/23/2018,19:00,17825.1992,2452.3701,3425.77,1444.38,20709.9004,11385.2998,5344.5601,1702.91,64290.3896,E1,N,N
08/23/2018,19:00,18060.8008,2448.24,3449.74,1480.99,20833.9004,11394.2002,5331.1499,1733.16,64732.1813,E2,N,N
08/23/2018,19:00,17558.8008,2483.3601,3422.6399,1471.1899,20556.3008,11242.2998,5345.8301,1668.51,63748.9314,E3,N,N
08/23/2018,19:00,17754.1719,2482.6902,3433.5415,1441.6095,20463.9688,11317.1055,5307.8257,1770.9021,63971.8152,M,Y,N
08/23/2018,20:00,16891.0352,2423.3611,3408.2856,1338.4596,19521.6191,10831.2734,5036.6162,1815.9014,61266.5516,A3,N,N
08/23/2018,20:00,17043.8535,2312.5867,3392.5315,1319.0732,19141.2227,10732.9424,5081.9253,1818.8854,60843.0207,A6,N,N
08/23/2018,20:00,17095.5996,2426.6299,3383.3201,1323.1,19802.3008,11004.0996,5094.29,1795.3101,61924.6501,E,N,N
08/23/2018,20:00,17050.3008,2314.8601,3399.1899,1371.85,19843.0996,10900.7998,5114.1602,1646.37,61640.6304,E1,N,N
08/23/2018,20:00,17280.5,2315.8601,3419.6001,1399.45,19890.1992,10944.4004,5062.8599,1687.7,62000.5697,E2,N,N
08/23/2018,20:00,16874.8008,2424.49,3374.6399,1376.54,19856.5996,10882.2002,5111.4702,1648.17,61548.9107,E3,N,N
08/23/2018,20:00,17039.3496,2369.6313,3396.2612,1354.7455,19675.8398,10882.6191,5083.5537,1735.3896,61537.3898,M,Y,N
08/23/2018,21:00,16500.6133,2342.2874,3355.8672,1295.6553,18988.8184,10570.3564,4884.813,1772.9063,59711.3173,A3,N,N
08/23/2018,21:00,16619.043,2226.9253,3359.6538,1277.9858,18640.4551,10487.6523,4920.1777,1777.2001,59309.0931,A6,N,N
08/23/2018,21:00,16720.3008,2352.6599,3329.28,1282.38,19071,10643.7998,4981.6299,1728.4399,60109.4903,E,N,N
08/23/2018,21:00,16805.0996,2282.6201,3298.8,1302.87,19315,10608.5,5051.4199,1586.36,60250.6696,E1,N,N
08/23/2018,21:00,16879.8008,2242.49,3381.3701,1338.5,19228.8008,10563.7002,4973.3799,1642.54,60250.5818,E2,N,N
08/23/2018,21:00,16541.3008,2344.8601,3370.8899,1319.38,19071,10554.4004,4986.8901,1608.4,59797.1213,E3,N,N
08/23/2018,21:00,16677.6934,2298.6406,3349.3103,1302.7952,19052.5137,10571.4014,4966.3853,1685.9744,59904.7143,M,Y,N
08/23/2018,22:00,15787.6875,2232.8286,3316.3804,1225.0695,18222.6543,10173.667,4669.9761,1736.4473,57364.7107,A3,N,N
08/23/2018,22:00,15859.291,2138.2769,3317.2673,1204.2412,17924.377,10055.0566,4705.1353,1734.6755,56938.3208,A6,N,N
08/23/2018,22:00,16060.9004,2261.4099,3276.5,1203.33,18120,10135.5,4808.4302,1725.02,57591.0905,E,N,N
08/23/2018,22:00,16191.7998,2166.1499,3264.24,1137.47,18406.0996,10092.2002,4824.6499,1527.71,57610.3194,E1,N,N
08/23/2018,22:00,16107.2002,2159.3701,3332.0701,1276.86,18350.5,10079.2002,4800.9199,1589.4399,57695.5604,E2,N,N
08/23/2018,22:00,15893.2998,2220.8101,3305.6599,1253.97,18021,10056,4804.3999,1564.15,57119.2897,E3,N,N
08/23/2018,22:00,15983.3633,2196.4741,3302.0198,1216.8235,18174.1055,10098.6035,4768.9185,1646.2405,57386.5487,M,Y,N
08/23/2018,23:00,14577.6719,2051.1182,3216.7778,1124.9918,16679.9043,9324.5547,4305.4624,1636.2262,52916.7073,A3,N,N
08/23/2018,23:00,14606.7783,1943.9839,3199.989,1102.7677,16418.2793,9207.3164,4340.7368,1652.8167,52472.6681,A6,N,N
08/23/2018,23:00,15019.5,2087.6599,3170.96,1083.83,16608.8008,9318.6797,4498.29,1651.53,53439.2504,E,N,N
08/23/2018,23:00,14662.7002,2004.5699,3185.3701,1167.0601,16928.4004,9232.96,4455.1299,1476.11,53112.3006,E1,N,N
08/23/2018,23:00,14972.7002,1987.1801,3233.29,1181.63,16830.0996,9251.7598,4470.71,1503.62,53430.9897,E2,N,N
08/23/2018,23:00,14732.2998,2042.38,3198.9299,1152.79,16742.6992,9281.6904,4508.3901,1512.01,53171.1894,E3,N,N
08/23/2018,23:00,14761.9414,2019.4819,3200.8865,1135.5117,16701.3652,9269.4941,4429.7866,1572.0522,53090.5196,M,Y,N
08/23/2018,24:00,13473.6934,1850.6479,3131.3337,1002.1273,15072.9922,8429.1182,3942.3428,1513.009,48415.2645,A3,N,N
08/23/2018,24:00,13555.4014,1791.8242,3136.9001,978.2903,14846.6133,8309.6396,3976.6165,1509.361,48104.6464,A6,N,N
08/23/2018,24:00,13970.5996,1895.35,3106.29,974.204,15054.2998,8444.54,4157.8198,1538.47,49141.5732,E,N,N
08/23/2018,24:00,13276.0996,1794.7,3005.8201,1052.6,15349,8404.8896,4166.6001,1353.55,48403.2594,E1,N,N
08/23/2018,24:00,13800.5996,1811.39,3137.0801,1083.55,15215.7998,8357.4102,4103.0698,1396.29,48905.1895,E2,N,N
08/23/2018,24:00,13846.7002,1849.51,3114.05,1038.63,15176.5,8413.0596,4164.3901,1350.24,48953.0799,E3,N,N
08/23/2018,24:00,13653.8496,1832.2371,3105.2456,1021.567,15119.2021,8393.1094,4085.1401,1443.4867,48653.8376,M,Y,N
08/24/2018,1:00,12539.3701,1690.5261,3040.2766,940.5262,13770.2285,7673.7661,3676.4177,1428.6355,44759.7468,A3,N,N
08/24/2018,1:00,12528.2451,1655.324,3036.7268,932.902,13636.1416,7556.6299,3754.8667,1437.7249,44538.561,A6,N,N
08/24/2018,1:00,12896.5996,1699.29,3005.8301,919.943,13786.0996,7676.3799,3891.1399,1503.8101,45379.0922,E,N,N
08/24/2018,1:00,12294.7998,1644.52,2925.72,974.653,14092.5996,7669.1099,3893.26,1270.99,44765.6523,E1,N,N
08/24/2018,1:00,12743.2998,1665.92,3052.3301,996.891,13795,7542.8501,3792.6899,1326.22,44915.2009,E2,N,N
08/24/2018,1:00,12914.5996,1695.72,3020.8899,965.261,13944.9004,7660.6201,3897.21,1238.3199,45337.5209,E3,N,N
08/24/2018,1:00,12652.8184,1675.2167,3013.6292,955.0294,13837.4961,7629.8931,3817.5977,1367.6167,44949.2973,M,Y,N
08/24/2018,2:00,11971.8555,1566.6888,2989.0315,895.584,12972.4209,7212.5576,3470.9756,1348.1505,42427.2644,A3,N,N
08/24/2018,2:00,11977.3525,1547.1581,2979.9465,890.1394,12821.2275,7127.1704,3552.5742,1359.8281,42255.3967,A6,N,N
08/24/2018,2:00,12199.5,1566.42,2954.05,862.703,12854.2002,7086.9199,3687.29,1458.49,42669.5731,E,N,N
08/24/2018,2:00,12745.0996,1568,2935.8701,952.125,13206.5,7098.29,3612.8601,1225.42,43344.1648,E1,N,N
08/24/2018,2:00,11971,1563.64,2980.3999,939.465,12776.5996,6943.0298,3556.8799,1278.3199,42009.3341,E2,N,N
08/24/2018,2:00,12198.2002,1602.66,2976.22,917.175,12954.4004,7131.9302,3692.6001,1186.9301,42660.116,E3,N,N
08/24/2018,2:00,12177.168,1569.0945,2969.2532,909.5319,12930.8926,7099.9834,3595.53,1309.5231,42560.9767,M,Y,N
08/24/2018,3:00,11549.9443,1502.9255,2950.8799,866.9919,12648.708,6841.6411,3325.7007,1286.5002,40973.2916,A3,N,N
08/24/2018,3:00,11548.9873,1497.0012,2924.8372,865.898,12472.0557,6717.002,3397.5691,1303.7328,40727.0833,A6,N,N
08/24/2018,3:00,11700.5996,1483.98,2910.8501,897.268,12182.4004,6650.0898,3533.9299,1439.51,40798.6278,E,N,N
08/24/2018,3:00,11701.5,1473.38,2867.8999,855.654,12516.5,6668.8101,3437.47,1163.5,40684.714,E1,N,N
08/24/2018,3:00,11372.7002,1485.55,2928.8301,905.06,12002,6500.9199,3383.6599,1241.9399,39820.66,E2,N,N
08/24/2018,3:00,11736.7002,1452.9301,2921.5701,891.962,12415,6766.1401,3540.27,1137.02,40861.5925,E3,N,N
08/24/2018,3:00,11601.7383,1482.6279,2917.478,880.4724,12372.7773,6690.7676,3436.4331,1262.0338,40644.3284,M,Y,N
08/24/2018,4:00,11246.0166,1446.168,2917.624,848.1163,12299.0303,6578.5869,3217.6636,1244.886,39798.0917,A3,N,N
08/24/2018,4:00,11281.2334,1450.245,2891.5403,845.0851,12083.9336,6471.4707,3275.4131,1263.5992,39562.5204,A6,N,N
08/24/2018,4:00,11445.5,1442.73,2876.8701,834.348,11834.2002,6415.0698,3407.6101,1412.62,39668.9482,E,N,N
08/24/2018,4:00,11261.5,1431.11,3081.29,833.89,12119.7002,6461.7998,3349.53,1091.24,39630.06,E1,N,N
08/24/2018,4:00,11103.7998,1439.8199,2897.49,888.615,11661.7998,6286.4102,3270.8,1207.4,38756.1347,E2,N,N
08/24/2018,4:00,11362,1463.49,2887.4399,884.126,11973.7002,6462.2798,3444.1201,1119.09,39596.246,E3,N,N
08/24/2018,4:00,11283.3428,1445.5939,2925.3757,855.6968,11995.3945,6445.9365,3327.5229,1223.1393,39502.0024,M,Y,N
08/24/2018,5:00,11122.585,1425.6827,2924.0452,830.3892,12195.8887,6471.7969,3168.8621,1201.5928,39340.8426,A3,N,N
08/24/2018,5:00,11230.1084,1417.5352,2914.0771,822.2698,11931.1689,6346.0171,3219.8184,1199.1362,39080.1311,A6,N,N
08/24/2018,5:00,11427.9004,1443.2,2895.25,827.557,11766.4004,6337.5,3373.6499,1360.91,39432.3677,E,N,N
08/24/2018,5:00,11205.4004,1427.99,2778.0801,830.003,11915.5,6208.1299,3301.1499,1091,38757.2533,E1,N,N
08/24/2018,5:00,11111.2998,1428.9301,2883.29,872.838,11603.7002,6228.4902,3223.73,1185.5,38537.7783,E2,N,N
08/24/2018,5:00,11440.4004,1436.04,2863.8799,872.083,11892.5996,6363.6299,3372.23,1053.89,39294.7528,E3,N,N
08/24/2018,5:00,11256.2822,1429.8962,2876.437,842.5234,11884.21,6325.9272,3276.5732,1182.0049,39073.8541,M,Y,N
08/24/2018,6:00,11341.9561,1471.2017,2968.7698,835.6503,12600.417,6591.2842,3196.5605,1185.9681,40191.8077,A3,N,N
08/24/2018,6:00,11491.2695,1468.5211,2964.1226,837.7399,12336.0898,6472.7583,3255.0369,1148.5126,39974.0507,A6,N,N
08/24/2018,6:00,11782.5996,1511.66,2933.9399,840.736,12168.4004,6524.2202,3415.97,1327.5601,40505.0862,E,N,N
08/24/2018,6:00,11755,1546.6899,2681.47,813.61,12288,6382.6099,3351.8899,1186.6899,40005.9596,E1,N,N
08/24/2018,6:00,11541.9004,1477.95,2885.8799,897.638,12015.9004,6420.6401,3280.97,1192.02,39712.8988,E2,N,N
08/24/2018,6:00,11729.5996,1471.27,2892.27,883.365,12208.5,6482.6899,3419.53,1108.84,40196.0645,E3,N,N
08/24/2018,6:00,11607.0547,1491.2155,2887.7419,851.4565,12269.5527,6479.0332,3319.9932,1191.5985,40097.6462,M,Y,N
08/24/2018,7:00,11601.1094,1531.1183,3002.1736,871.3508,13107.0508,6805.0679,3309.8682,1209.8083,41437.5473,A3,N,N
08/24/2018,7:00,11913.5459,1535.9441,3040.5767,877.1069,12856.2363,6683.7217,3409.1873,1143.2323,41459.5512,A6,N,N
08/24/2018,7:00,12253.4004,1619.92,2985.1699,920.599,12931,6963.4902,3607.6799,1316.86,42598.1194,E,N,N
08/24/2018,7:00,12117.9004,1687.08,2786.3301,856.083,13098.7998,6882.4399,3481.1399,1237.74,42147.5131,E1,N,N
08/24/2018,7:00,12104.5,1605.39,2913.6699,961.073,12801.4004,6850.6602,3491.25,1237.22,41965.1635,E2,N,N
08/24/2018,7:00,12185,1585.97,2906.5,935.045,12912.7002,6896.0801,3603.8201,1118.13,42143.2454,E3,N,N
08/24/2018,7:00,12029.2432,1594.2371,2939.0701,903.543,12951.1992,6846.9102,3483.8242,1210.4985,41958.5255,M,Y,N
08/24/2018,8:00,11969.3564,1555.3951,3003.0981,891.0337,13669.4346,6990.2505,3356.6833,1237.7533,42673.005,A3,N,N
08/24/2018,8:00,12194.8232,1558.8168,3009.3206,896.4155,13326.0576,6864.9912,3452.7166,1177.7395,42480.881,A6,N,N
08/24/2018,8:00,12443.7998,1659.98,2982.8401,904.216,13273.5996,7113.25,3645.76,1361.42,43384.8655,E,N,N
08/24/2018,8:00,12449.5996,1686.14,2928.1201,932.785,13596.5,7075.1699,3600.8899,1257.75,43526.9545,E1,N,N
08/24/2018,8:00,12349.2998,1659.8101,2928.8,969.659,13334,7026.3501,3527.3201,1262.23,43057.4691,E2,N,N
08/24/2018,8:00,12439.9004,1641.39,2908.5801,949.845,13439,7009.9902,3645.27,1144.02,43177.9957,E3,N,N
08/24/2018,8:00,12307.7969,1626.9221,2960.1267,923.9924,13439.7676,7013.334,3538.1069,1240.1522,43050.1988,M,Y,N
08/24/2018,9:00,12745.8662,1646.58,3035.6106,947.5797,14345.5195,7351.3755,3576.0767,1275.9585,44924.5667,A3,N,N
08/24/2018,9:00,12802.8262,1655.0135,3033.7329,959.085,14081.8701,7210.3823,3661.5708,1229.6786,44634.1594,A6,N,N
08/24/2018,9:00,13144.9004,1767.54,2999.8501,962.232,13869.4004,7389.27,3842.8899,1379.91,45355.9928,E,N,N
08/24/2018,9:00,13043.2998,1781.15,2940.0701,985.549,14150.5,7384.27,3754.7,1230.02,45269.5589,E1,N,N
08/24/2018,9:00,13174.4004,1820.1801,2967.3101,1025.49,14087.2002,7354.8398,3755.97,1301.13,45486.5206,E2,N,N
08/24/2018,9:00,12889.7998,1737.4,2934.6399,1005.72,13822.0996,7390.3301,3823.52,1257.4301,44860.9395,E3,N,N
08/24/2018,9:00,12966.8486,1734.644,2985.2024,980.9426,14059.4316,7346.7451,3735.7881,1279.0212,45088.6236,M,Y,N
08/24/2018,10:00,13748.373,1779.9906,3106.8359,1033.1494,15332.7363,7902.9009,3905.5474,1333.6407,48143.1742,A3,N,N
08/24/2018,10:00,13817.5156,1749.8022,3110.1455,1050.4382,15106.582,7751.0889,3989.0415,1301.9945,47876.6084,A6,N,N
08/24/2018,10:00,14187.7002,1900.21,3051.9199,1077.61,14898.5,7926.52,4097.4102,1405.42,48545.2903,E,N,N
08/24/2018,10:00,13838.2998,1922.27,2989.8,1072.99,14860.7998,7864.6099,4010.45,1237.37,47796.5895,E1,N,N
08/24/2018,10:00,14110.0996,1939.49,3041.45,1120.42,14881.5996,7826.5601,4051.52,1361.4399,48332.5792,E2,N,N
08/24/2018,10:00,13906.7002,1898.53,3018.22,1143.14,14773.2002,7818.23,4103.3198,1251.84,47913.1802,E3,N,N
08/24/2018,10:00,13934.7813,1865.0488,3053.062,1082.958,14975.5703,7848.3184,4026.2151,1315.2842,48101.2381,M,Y,N
08/24/2018,11:00,15047.4873,1960.9727,3190.6077,1123.4166,16490.082,8561.5459,4278.8164,1411.3892,52064.3178,A3,N,N
08/24/2018,11:00,15050.3906,1916.644,3200.8376,1137.6403,16350.1318,8354.5576,4336.1191,1373.4586,51719.7796,A6,N,N
08/24/2018,11:00,15309,2078.55,3169.47,1110.1,16030.2998,8533.5195,4412.4702,1451.05,52094.4595,E,N,N
08/24/2018,11:00,15113.7998,2050.0701,3175,1123.84,15934.0996,8465.6104,4375.6099,1289.48,51527.5098,E1,N,N
08/24/2018,11:00,15116.4004,2075.46,3137.8701,1171.11,15916.2998,8438.6201,4379.1201,1429.11,51663.9905,E2,N,N
08/24/2018,11:00,15083.5,2017.36,3103.9399,1193.91,15947.4004,8408.1699,4410.6802,1225.91,51390.8704,E3,N,N
08/24/2018,11:00,15120.0967,2016.5095,3162.9541,1143.3362,16111.3867,8460.3369,4365.4692,1363.3997,51743.489,M,Y,N
08/24/2018,12:00,16237.4736,2144.6504,3265.4651,1184.3042,17679.8652,9204.0645,4635.937,1517.3618,55869.1218,A3,N,N
08/24/2018,12:00,16240.5381,2087.498,3289.4109,1202.2343,17491.7148,9118.8135,4668.7852,1494.2896,55593.2844,A6,N,N
08/24/2018,12:00,16259.5996,2236.1599,3245.7,1167.21,17176.0996,9144.25,4730.7598,1529.48,55489.2589,E,N,N
08/24/2018,12:00,16139.2998,2205.3,3231.0601,1225.51,17095.9004,9156.6699,4720.52,1343.46,55117.7202,E1,N,N
08/24/2018,12:00,16102.2002,2207.6101,3227.01,1240.42,17116.6992,9077.0801,4726.5498,1509,55206.5694,E2,N,N
08/24/2018,12:00,16200.2998,2150.6899,3207.4099,1261.9,17067.3008,9000.4004,4762.25,1368.05,55018.3008,E3,N,N
08/24/2018,12:00,16196.5684,2171.9849,3244.3428,1213.5964,17271.2637,9116.8799,4707.4673,1460.2736,55382.377,M,Y,N
08/24/2018,13:00,17250.7168,2304.9604,3331.2373,1249.397,18857.834,9614.3857,4941.6362,1615.9319,59166.0993,A3,N,N
08/24/2018,13:00,17302.1738,2244.2625,3379.3372,1287.2986,18595.0527,9581.3447,4957.3247,1579.7311,58926.5253,A6,N,N
08/24/2018,13:00,16983.1992,2375.99,3321.6599,1229.75,18214,9733.2402,5006.1899,1584.64,58448.6692,E,N,N
08/24/2018,13:00,16920.3008,2299.6799,3171.97,1270.26,18275.3008,9740.9102,5042.79,1432.66,58153.8717,E1,N,N
08/24/2018,13:00,16915.8008,2334.72,3305.02,1290.6899,18211.6992,9678.96,5010.8999,1586.77,58334.5598,E2,N,N
08/24/2018,13:00,17050.3008,2280.8701,3283.8401,1325.47,18121.1992,9566.6602,5019.4502,1429.85,58077.6406,E3,N,N
08/24/2018,13:00,17070.416,2306.7471,3298.8442,1275.4775,18379.1816,9652.584,4996.3823,1538.2639,58517.8966,M,Y,N
08/24/2018,14:00,17708.1836,2443.3621,3405.4971,1316.1578,19773.8457,10204.0684,5201.9448,1717.2406,61770.3001,A3,N,N
08/24/2018,14:00,17667.4023,2349.3083,3465.8501,1348.389,19164.4629,10208.6699,5243.603,1688.1194,61135.8049,A6,N,N
08/24/2018,14:00,17629.8008,2495.75,3394.0801,1306.59,19165.0996,10294.7998,5242.96,1663.11,61192.1903,E,N,N
08/24/2018,14:00,17580.0996,2447.53,3348.79,1314.54,19265.4004,10388.0996,5284.5801,1516.34,61145.3797,E1,N,N
08/24/2018,14:00,17613.0996,2466.6499,3389.8899,1350.13,19290.4004,10254.4004,5252.3799,1664.95,61281.9001,E2,N,N
08/24/2018,14:00,17652.3008,2389.96,3351.8601,1385.76,19083.6992,10147.7002,5280.1899,1493.4301,60784.9003,E3,N,N
08/24/2018,14:00,17641.8145,2432.0935,3392.6614,1336.9277,19290.4863,10249.623,5250.9434,1623.8651,61218.4149,M,Y,N
08/24/2018,15:00,18599.1504,2538.5845,3424.9082,1374.1597,19870.2969,10749.4326,5444.1074,1795.3688,63796.0085,A3,N,N
08/24/2018,15:00,18646.0977,2468.8799,3475.781,1407.4312,19809.7148,10652.3896,5427.0513,1768.0022,63655.3477,A6,N,N
08/24/2018,15:00,18108,2578.9299,3429.52,1348.11,19948.1992,10741,5415.7798,1742.4301,63311.969,E,N,N
08/24/2018,15:00,18259.3008,2548.8601,3439.96,1378.47,20275.5996,10842.5996,5420.8198,1619.12,63784.7299,E1,N,N
08/24/2018,15:00,18119.5,2556.52,3448.22,1408.1899,20123.5996,10691.2002,5419.3101,1728.6,63495.1398,E2,N,N
08/24/2018,15:00,18247.3008,2470.21,3426.1399,1446.53,19972.3008,10591.2002,5438.3101,1559.98,63151.9718,E3,N,N
08/24/2018,15:00,18329.8906,2526.9976,3440.7549,1393.8152,19999.9512,10711.3037,5427.5635,1702.2502,63532.5269,M,Y,N
08/24/2018,16:00,18412.1035,2584.7966,3398.3628,1351.0629,20223.9512,11042.5859,5477.1401,1860.5604,64350.5634,A3,N,N
08/24/2018,16:00,18195.7109,2426.1685,3437.7498,1433.3452,20202.1211,10843.2793,5485.2397,1831.4492,63855.0637,A6,N,N
08/24/2018,16:00,18323.4004,2591.96,3419.53,1447.37,20466.5,11053,5468.8501,1798.47,64569.0805,E,N,N
08/24/2018,16:00,18458.9004,2563.01,3402.8501,1386.9301,20874.1992,11148.5996,5484.2998,1693.63,65012.4192,E1,N,N
08/24/2018,16:00,18440.1992,2586.05,3469.25,1445.97,20703,11004.4004,5478.6201,1773.0601,64900.5498,E2,N,N
08/24/2018,16:00,18421.0996,2516.3,3425.46,1468.53,20504.1992,10816.7002,5458.2998,1607.3101,64217.8989,E3,N,N
08/24/2018,16:00,18375.2363,2544.7144,3425.5342,1422.2014,20495.6621,10984.7607,5475.4087,1760.7466,64484.2644,M,Y,N
08/24/2018,17:00,18128.1855,2567.5378,3414.948,1418.8011,20586.1895,11195.0684,5503.8052,1890.1035,64704.639,A3,N,N
08/24/2018,17:00,17733.9961,2384.6536,3440.2078,1466.0081,20398.2129,10955.9951,5542.7837,1893.3707,63815.228,A6,N,N
08/24/2018,17:00,18284.5,2593.1299,3429.9099,1396.5699,20749.3008,11196.5996,5479.9902,1820.92,64950.9203,E,N,N
08/24/2018,17:00,18417.3008,2560.49,3428.28,1462.55,21207.5996,11395.4004,5552.3198,1696.61,65720.5506,E1,N,N
08/24/2018,17:00,18521.3008,2595.49,3479.4399,1465.86,21019.5996,11180.2998,5461.04,1789.3101,65512.3402,E2,N,N
08/24/2018,17:00,18158.0996,2545.0701,3413.9099,1492.78,20809,11025.7002,5443.21,1630.15,64517.9198,E3,N,N
08/24/2018,17:00,18207.2324,2541.062,3434.4492,1450.4282,20794.9824,11158.1777,5497.1919,1786.7441,64870.2679,M,Y,N
08/24/2018,18:00,17809.6504,2612.5906,3410.5388,1466.1556,20819.2871,11487.3838,5368.6841,1889.7042,64863.9946,A3,N,N
08/24/2018,18:00,17762.334,2401.6133,3419.8474,1502.7217,20623.127,11297.7969,5420.5288,1868.8516,64296.8207,A6,N,N
08/24/2018,18:00,17876.5,2559.1499,3420.9099,1386.15,20671.8008,11177.2002,5317.8398,1825.86,64235.4106,E,N,N
08/24/2018,18:00,17995.0996,2550.9299,3286.1499,1421.9399,21338.6992,11430.7002,5382.46,1730.5699,65136.5486,E1,N,N
08/24/2018,18:00,18227.6992,2552.6201,3457.8999,1461.37,20970.5996,11169.4004,5323.98,1773.74,64937.3092,E2,N,N
08/24/2018,18:00,17773.0996,2444.6299,3418.03,1487.0601,20562,11020.4004,5309.5601,1608.8,63623.5801,E3,N,N
08/24/2018,18:00,17907.3984,2520.2556,3402.2292,1454.2329,20830.9199,11263.8135,5353.8423,1782.9209,64515.6127,M,Y,N
08/24/2018,19:00,17256.248,2532.8899,3375.124,1419.2074,19898.1758,11132.334,5187.2256,1878.7307,62679.9354,A3,N,N
08/24/2018,19:00,17190.6621,2328.6885,3366.1365,1450.4753,19882.334,10957.5947,5235.8198,1866.645,62278.3559,A6,N,N
08/24/2018,19:00,17178.5,2498.9299,3389.1799,1373.73,20069,10949.2998,5138.1899,1817.66,62414.4895,E,N,N
08/24/2018,19:00,17453.3008,2477.79,3401.05,1377.3199,20632.8008,11236,5245.5298,1715.35,63539.1413,E1,N,N
08/24/2018,19:00,17421.5996,2463.54,3424.6299,1416.72,20296,10937,5113.9502,1740.16,62813.5997,E2,N,N
08/24/2018,19:00,17095.5,2365.02,3392.45,1454.65,19964.8008,10778.7002,5163.8701,1513.14,61728.1311,E3,N,N
08/24/2018,19:00,17265.9688,2444.4766,3391.4287,1415.3505,20123.8516,10998.4883,5180.7646,1755.281,62575.6101,M,Y,N
08/24/2018,20:00,16452.8164,2402.9771,3300.5095,1326.4944,18966.4473,10602.4697,4952.7656,1839.1991,59843.6791,A3,N,N
08/24/2018,20:00,16458.0703,2215.2234,3296.1394,1333.9507,18937.8203,10454.3945,5007.4688,1847.3646,59550.432,A6,N,N
08/24/2018,20:00,16391.4004,2361.4399,3337.48,1273.03,19072.1992,10451.5,4917.52,1791.46,59596.0295,E,N,N
08/24/2018,20:00,16528.4004,2326.54,3382.28,1321.92,19752.8008,10750.9004,5005.4902,1664.89,60733.2218,E1,N,N
08/24/2018,20:00,16557.8008,2321.28,3375.96,1335.48,19186.3008,10424.0996,4837.8901,1699.25,59738.0613,E2,N,N
08/24/2018,20:00,16297.5996,2267.8899,3349.8201,1355.77,19009.5,10357.0996,4933.46,1553.76,59124.8992,E3,N,N
08/24/2018,20:00,16447.6816,2315.8918,3340.3647,1324.4409,19154.1797,10506.7451,4942.4321,1732.6541,59764.39,M,Y,N
08/24/2018,21:00,16153.1318,2310.2319,3260.7556,1290.4554,18517.584,10222.1445,4774.8203,1796.5302,58325.6537,A3,N,N
08/24/2018,21:00,16056.7061,2140.553,3268.5696,1291.3104,18417.8828,10097.0928,4827.3184,1800.139,57899.5721,A6,N,N
08/24/2018,21:00,16015.4004,2281.47,3269.3701,1245.9301,18314.8008,10076.2998,4786.9102,1739.76,57729.9414,E,N,N
08/24/2018,21:00,16381.0996,2311.0901,3275.9099,1237.48,19177.3008,10457.9004,4964.8701,1597.27,59402.9209,E1,N,N
08/24/2018,21:00,16154.2002,2238.0601,3324.0801,1285.4,18446.4004,10021.2002,4731.3501,1651.33,57852.0211,E2,N,N
08/24/2018,21:00,15952.7998,2188.77,3330.3899,1300.99,18285.8008,10010.7002,4794.7002,1527.66,57391.8109,E3,N,N
08/24/2018,21:00,16118.8896,2245.0291,3288.1794,1275.2611,18526.6289,10147.5566,4813.3281,1685.4482,58100.321,M,Y,N
08/24/2018,22:00,15382.4453,2209.5103,3238.7363,1212.8883,17866.4004,9799.1875,4593.7847,1763.3409,56066.2937,A3,N,N
08/24/2018,22:00,15280.249,2066.1606,3245.2644,1209.073,17761.9297,9715.1504,4618.3877,1759.6775,55655.8923,A6,N,N
08/24/2018,22:00,15432.9004,2200.72,3221.04,1176.28,17491.6992,9624.1104,4628.9502,1780.79,55556.4902,E,N,N
08/24/2018,22:00,15727.9004,2168.0701,3237.5601,1196.16,18193.9004,9965.8398,4731.3501,1551.05,56771.8309,E1,N,N
08/24/2018,22:00,15448.0996,2159.9399,3279.3799,1238.84,17645.5996,9588.2305,4560.1201,1603.21,55523.4196,E2,N,N
08/24/2018,22:00,15342.5,2084.8701,3250.3701,1244.7,17310.1992,9536.7998,4609.46,1488.1899,54867.0891,E3,N,N
08/24/2018,22:00,15435.6836,2148.2117,3245.3921,1212.9902,17711.6211,9704.8867,4623.6753,1657.7098,55740.1705,M,Y,N
08/24/2018,23:00,14284.0166,2015.4921,3163.0393,1133.3384,16713.623,9017.5938,4286.2681,1663.6705,52277.0418,A3,N,N
08/24/2018,23:00,14332.71,1884.4852,3155.251,1126.755,16571.1133,8856.6709,4329.3813,1690.7825,51947.1492,A6,N,N
08/24/2018,23:00,14556.7002,2059.1101,3139.4299,1109.28,16226.0996,8935.8799,4353.4199,1684.27,52064.1896,E,N,N
08/24/2018,23:00,14387.5996,2017.3101,3170.4399,1136.12,16793.9004,9019.8398,4356.9399,1502.02,52384.1697,E1,N,N
08/24/2018,23:00,14528.2002,2000.7,3199.01,1147.27,16338,8902,4300.4399,1523.2,51938.8201,E2,N,N
08/24/2018,23:00,14328.2002,1953.03,3157.8899,1154.22,16265.2002,8880.2002,4359.8101,1365.86,51464.4106,E3,N,N
08/24/2018,23:00,14402.9043,1988.3546,3164.1768,1134.4973,16484.6563,8935.3643,4331.0435,1571.6339,52012.631,M,Y,N
08/24/2018,24:00,13327.165,1862.8765,3090.866,1020.1329,15221.3584,8293.6318,3982.1008,1535.5332,48333.6646,A3,N,N
08/24/2018,24:00,13463.2646,1768.4438,3110.9492,1007.5137,15068.4307,8259.4424,4025.6855,1552.3386,48256.0685,A6,N,N
08/24/2018,24:00,13646.9004,1891.72,3083.54,959.342,14852.0996,8172.52,4084.24,1554.8,48245.162,E,N,N
08/24/2018,24:00,13052.4004,1837.78,2992.73,1060.26,15153.7002,8230.8398,4112.52,1371.01,47811.2404,E1,N,N
08/24/2018,24:00,13544.7002,1831.89,3115.8,1064.15,14881.2998,8137.5898,4016.98,1426.91,48019.3198,E2,N,N
08/24/2018,24:00,13541.4004,1775.92,3088.21,1052.27,14924.2998,8133.6602,4081.9299,1275.95,47873.6403,E3,N,N
08/24/2018,24:00,13429.3057,1828.1051,3080.3494,1027.2781,15016.8652,8204.6143,4050.5762,1452.7571,48089.8511,M,Y,N
