DeliveryDate,HourEnding,Coast,East,FarWest,North,NorthCentral,SouthCentral,Southern,West,SystemTotal,Model,InUseFlag,DSTFlag
04/08/2018,1:00,9169.8115,1550.6208,2528.3923,997.9851,11862.4785,5477.7603,2532.9773,1224.5861,35344.6119,A3,N,N
04/08/2018,1:00,9333.3457,1460.3093,2515.9824,1028.2107,12102.6377,6288.4521,2483.0176,1326.5819,36538.5374,A6,N,N
04/08/2018,1:00,8756.3604,1418.95,2569.46,936.224,11670.2002,5392.3799,2617.75,1233.4301,34594.7546,E,N,N
04/08/2018,1:00,8736.7598,1414.83,2548.01,936.782,11588.2002,5379.5498,2618.05,1231.04,34453.2218,E1,N,N
04/08/2018,1:00,8485.8096,1375.23,2537.0701,896.706,11271.2998,5132.2598,2453.23,1212.36,33363.9653,E2,N,N
04/08/2018,1:00,8751.0996,1424.63,2568.25,954.811,11665.7998,5392.3799,2614.47,1231.0601,34602.5004,E3,Y,N
04/08/2018,2:00,8560.3467,1376.2119,2550.8625,929.3167,11334.7881,5126.4844,2513.0244,1218.8202,33609.8549,A3,N,N
04/08/2018,2:00,8606.6563,1383.2897,2562.5681,920.3535,11358.7559,5071.855,2507.3909,1247.4186,33658.288,A6,N,N
04/08/2018,2:00,8631.21,1407.17,2561.05,941.403,11306.0996,5191.8999,2471.1599,1222.9399,33732.9323,E,N,N
04/08/2018,2:00,8643.4404,1421.35,2574.6799,941.368,11356.2002,5188.9399,2467.8701,1228.11,33821.9585,E1,N,N
04/08/2018,2:00,8526.0195,1382.87,2538.77,925.047,11236.2998,5161.7998,2481.46,1210.98,33463.2461,E2,N,N
04/08/2018,2:00,8629.5703,1416.98,2556.1101,931.015,11302.5996,5191.8999,2463.98,1242.45,33734.6049,E3,Y,N
04/08/2018,3:00,8344.7002,1394.5054,2548.5527,942.3588,11341.9004,4945.7314,2460.9509,1206.8663,33185.5661,A3,N,N
04/08/2018,3:00,8442.4824,1360.6476,2551.6584,947.1843,11263.2793,4942.4863,2405.7229,1246.8988,33160.36,A6,N,N
04/08/2018,3:00,8501.1396,1394.3101,2526.04,947.103,11126.7998,5004.1499,2418.23,1248.26,33166.0324,E,N,N
04/08/2018,3:00,8492.75,1396.15,2516.3401,949.224,11145.4004,4997.29,2434.5801,1213.41,33145.1446,E1,N,N
04/08/2018,3:00,8463.0801,1373.53,2520.0601,925.336,11120.4004,5009.21,2424.1399,1211.22,33046.9765,E2,N,N
04/08/2018,3:00,8499.6904,1397.46,2524.98,944.326,11122.0996,5004.1499,2426.3301,1214.75,33133.786,E3,Y,N
04/08/2018,4:00,8361.0908,1377.0507,2563.2522,942.4186,10797.8506,4986.8643,2419.2603,1201.0386,32648.8261,A3,N,N
04/08/2018,4:00,8365.5645,1381.2194,2573.5154,952.2571,10929.1436,5048.4678,2443.8064,1203.429,32897.4032,A6,N,N
04/08/2018,4:00,8401.0498,1385.21,2549.02,969.622,11135.0996,4992.9902,2385.4399,1208.23,33026.6615,E,N,N
04/08/2018,4:00,8328.5498,1372.96,2569.1499,969.826,11145.2002,5008.6602,2388.8301,1206.75,32989.9262,E1,N,N
04/08/2018,4:00,8380.3799,1364.4301,2537.29,944.893,11120.2998,5008.6802,2400.1201,1188.15,32944.2431,E2,Y,N
04/08/2018,4:00,8399.5703,1393.96,2556.29,968.416,11131,4992.9902,2385.72,1221.24,33049.1865,E3,N,N
04/08/2018,5:00,8280.2793,1406.0176,2546.1614,962.8487,11371.1602,4968.6465,2417.8594,1192.681,33145.6541,A3,N,N
04/08/2018,5:00,8314.3438,1404.4308,2543.4128,964.2011,11243.3457,4989.1724,2480.1833,1231.2732,33170.3631,A6,N,N
04/08/2018,5:00,8333.0098,1398.99,2515.6799,979.025,11162.0996,4968.5498,2404.21,1220.3101,32981.8742,E,N,N
04/08/2018,5:00,8347.5898,1397.63,2518.3201,968.029,11154.5,4959.7798,2407.4399,1215.71,32968.9986,E1,N,N
04/08/2018,5:00,8349.0098,1379.47,2527.8201,943.51,11136.0996,4968.0898,2396.6699,1191.87,32892.5392,E2,Y,N
04/08/2018,5:00,8330.54,1397.2,2523.7,972.198,11157.5,4968.5498,2409.73,1221.8,32981.2178,E3,N,N
04/08/2018,6:00,8416.457,1436.7046,2551.448,982.0817,11383.9854,5071.8623,2446.5972,1210.754,33499.8902,A3,N,N
04/08/2018,6:00,8517.4248,1404.9497,2547.0608,987.2783,11254.3545,5041.6782,2492.7737,1211.6906,33457.2106,A6,N,N
04/08/2018,6:00,8279.3896,1452.12,2541.4299,995.818,11421,5094,2463.4099,1262.24,33509.4074,E,N,N
04/08/2018,6:00,8239.7598,1408.51,2544.45,990.186,11467.9004,5105.8398,2466.49,1251.13,33474.266,E1,N,N
04/08/2018,6:00,8338.6104,1406.75,2533.46,969.404,11464.2002,5082.7402,2456.05,1239.29,33490.5048,E2,Y,N
04/08/2018,6:00,8276.1504,1407.1899,2548.3501,994.864,11412.7002,5094,2456.5801,1254.66,33444.4947,E3,N,N
04/08/2018,7:00,8571.3379,1509.2982,2578.8181,1025.5939,12188.209,5289.248,2527.3845,1254.4172,34944.3068,A3,N,N
04/08/2018,7:00,8647.5586,1469.3605,2593.8149,994.2578,12023.7549,5274.4106,2581.7734,1222.6342,34807.5649,A6,N,N
04/08/2018,7:00,8546.5801,1501.45,2598.21,1016.46,11749.7002,5198.8999,2505.8201,1241.75,34358.8703,E,N,N
04/08/2018,7:00,8633.3301,1526.24,2620.46,1012.08,11744.4004,5202.98,2491.45,1229.48,34460.4205,E1,N,N
04/08/2018,7:00,8576.0801,1480.16,2591.1799,1007.84,11873.4004,5266.1802,2551.3201,1231.23,34577.3907,E2,Y,N
04/08/2018,7:00,8554.1904,1494.16,2600.8999,1000.98,11742,5198.8999,2521.3799,1206.5,34319.0101,E3,N,N
04/08/2018,8:00,8708.7979,1584.4012,2686.9839,1037.9486,12391.084,5563.2329,2595.0103,1220.697,35788.1558,A3,N,N
04/08/2018,8:00,8749.7715,1578.3193,2705.3501,1035.4574,12177.3242,5675.7217,2656.7214,1243.6613,35822.3269,A6,N,N
04/08/2018,8:00,8627.9404,1473.67,2745.76,1027.88,12407.7002,5538.8701,2572.98,1132.86,35527.6607,E,N,N
04/08/2018,8:00,8552.1904,1446.23,2803.3401,1019.93,12445,5563.3501,2592.25,1198.08,35620.3706,E1,N,N
04/08/2018,8:00,8599.7305,1499.4399,2701.49,1022.16,12281.4004,5480.98,2549.8,1184.12,35319.1208,E2,Y,N
04/08/2018,8:00,8627.4697,1500.71,2747.1101,1034.35,12404.9004,5538.8701,2582.8301,1167.9,35604.1404,E3,N,N
04/08/2018,9:00,9078.4893,1692.5127,2652.9287,1061.4371,13092.4502,5800.0908,2711.9575,1268.6431,37358.5094,A3,N,N
04/08/2018,9:00,9095.8418,1656.6158,2641.4399,1077.7465,12823.4053,5807.46,2800.9023,1291.8804,37195.292,A6,N,N
04/08/2018,9:00,8988.6104,1600.8101,2667.4199,1050,12805,5767.1899,2650.26,1233.98,36763.2703,E,N,N
04/08/2018,9:00,8959.8799,1607.99,2596.1201,1050.12,12607.0996,5661.1299,2632.1399,1251.35,36365.8294,E1,N,N
04/08/2018,9:00,8953.8096,1598.8,2670.23,1057.99,12837.4004,5757.3799,2670.8999,1236.33,36782.8398,E2,Y,N
04/08/2018,9:00,9002.7197,1588.27,2654.6699,1069.26,12805,5767.1899,2661.48,1231.54,36780.1295,E3,N,N
04/08/2018,10:00,9373.3711,1689.0742,2669.76,1068.7582,13420.8145,6058.9453,2811.0947,1224.3525,38316.1705,A3,N,N
04/08/2018,10:00,9651.5537,1692.3492,2686.5488,1071.2797,13259.2842,6033.605,2864.2664,1243.4858,38502.3728,A6,N,N
04/08/2018,10:00,9299.6396,1593.78,2717.1101,1008.65,12775.9004,5879.71,2701.77,1249.29,37225.8501,E,N,N
04/08/2018,10:00,9321.4502,1561.27,2707.71,999.104,12958.5996,5998.4199,2683.1101,1212.23,37441.8938,E1,N,N
04/08/2018,10:00,9478.4502,1605.85,2683.74,1060.8101,13126.7002,6018.4199,2789.95,1242.39,38006.3104,E2,Y,N
04/08/2018,10:00,9309.0303,1548.96,2722.6899,1020.68,12775.2998,5879.71,2664.6001,1177.29,37098.2601,E3,N,N
04/08/2018,11:00,9609.1143,1552.549,2667.9556,1035.0911,13297.3506,6058.564,2861.6016,1222.9031,38305.1293,A3,N,N
04/08/2018,11:00,9832.3018,1618.2876,2702.9727,1073.219,13358.1709,5848.1597,2888.2249,1193.504,38514.8406,A6,N,N
04/08/2018,11:00,9643.2402,1532.08,2678.3,1004.13,13310.5,6079.6499,2863.05,1296.97,38407.9201,E,N,N
04/08/2018,11:00,9714.4902,1509.65,2674.71,1030.22,13489.9004,6114.3198,2923,1212.51,38668.8004,E1,N,N
04/08/2018,11:00,9779.9502,1550.3199,2695.97,1039.78,13241.7998,6114.6899,2908.5901,1255.5,38586.5999,E2,Y,N
04/08/2018,11:00,9647.8896,1509.02,2682.95,999.202,13308.5,6079.6499,2872.2,1233.71,38333.1215,E3,N,N
04/08/2018,12:00,9654.0645,1502.1704,2589.1726,1051.2083,12333.8887,5877.7881,2841.822,1160.9353,37011.0499,A3,N,N
04/08/2018,12:00,9784.6855,1532.6563,2618.8818,1068.7029,12786.751,5814.5464,2789.958,1084.7313,37480.9132,A6,N,N
04/08/2018,12:00,9551.0195,1492.47,2519.1299,1047.9,12639,5764.3501,2824.29,1189.6801,37027.8396,E,Y,N
04/08/2018,12:00,9473.0098,1518.3,2476.6799,1085.9301,12468.4004,5678.1499,2800.1101,1176.72,36677.3002,E1,N,N
04/08/2018,12:00,9735.1699,1524.45,2556.6201,1058.6899,12864.2998,5880.04,2894.0701,1214.33,37727.6698,E2,N,N
04/08/2018,12:00,9559.0996,1499.01,2512,1041.87,12638.2998,5764.3501,2832.75,1209.37,37056.7495,E3,N,N
04/08/2018,13:00,9629.5176,1369.0616,2585.9121,1061.7706,11985.6211,5601.2754,2820.4629,1069.0999,36122.7212,A3,N,N
04/08/2018,13:00,9646.2559,1435.5298,2584.0205,1057.7775,12218.9941,5397.9121,2739.9871,1048.6174,36129.0944,A6,N,N
04/08/2018,13:00,9685.8301,1400,2589.1399,1131.42,12226.4004,5464.3398,2811.0601,991.633,36299.8233,E,Y,N
04/08/2018,13:00,9730.9697,1420.09,2646.9099,1138.33,12102,5466.6699,2802.46,1053.55,36360.9795,E1,N,N
04/08/2018,13:00,9678.6299,1453.92,2600.5701,1093.47,12282.5996,5564.2402,2841,1078.71,36593.1398,E2,N,N
04/08/2018,13:00,9696.7695,1427.27,2584.5901,1118.51,12227.7998,5464.3398,2836.6899,1052.22,36408.1891,E3,N,N
04/08/2018,14:00,9577.2773,1345.4637,2608.4321,988.0952,11643.6641,5322.7007,2800.1665,1080.8333,35366.6329,A3,N,N
04/08/2018,14:00,9491.6924,1384.2351,2582.4502,998.4208,11570.2559,5103.2329,2852.2571,1059.5186,35042.063,A6,N,N
04/08/2018,14:00,9474.0498,1372.55,2615.3201,1007.02,11706.0996,5233.6499,2839.48,1024.0601,35272.2295,E,Y,N
04/08/2018,14:00,9393.2402,1365.52,2628.3899,951.528,11872.2998,5262.6299,2850.9399,1054.8,35379.3477,E1,N,N
04/08/2018,14:00,9513.75,1409.9,2620.05,1018.49,11824.2998,5304.4702,2832,1085.48,35608.44,E2,N,N
04/08/2018,14:00,9470.5703,1370.36,2615.98,1023.74,11703,5233.6499,2834.8899,1063.9301,35316.1202,E3,N,N
04/08/2018,15:00,9372.7051,1303.8041,2626.2285,946.9227,11019.9063,5088.8237,2767.1213,1096.7008,34222.2125,A3,N,N
04/08/2018,15:00,9000.7725,1306.7139,2578.9973,938.6479,10626.6182,4839.5479,2716.8396,1052.7173,33060.8546,A6,N,N
04/08/2018,15:00,9441.9697,1326.75,2639.0601,979.105,11261.2002,5144.6001,2834.73,1062.75,34690.1651,E,Y,N
04/08/2018,15:00,9386.2998,1345.5699,2609.0701,973.672,11183.5,5118.5898,2810.55,1071.92,34499.1716,E1,N,N
04/08/2018,15:00,9377.4297,1358.8101,2616.55,979.882,11297.9004,5152.0898,2826.9399,1094.6801,34704.282,E2,N,N
04/08/2018,15:00,9438.5195,1332.96,2626.1899,964.837,11261.5,5144.6001,2822.3701,1069.67,34660.6466,E3,N,N
04/08/2018,16:00,9376.3135,1257.3024,2641.2478,921.7758,10409.0537,4996.4883,2783.5327,1123.8293,33509.5435,A3,N,N
04/08/2018,16:00,8896.5156,1259.8975,2573.1187,921.2959,9629.3721,4741.8281,2717.3105,1051.5863,31790.9247,A6,N,N
04/08/2018,16:00,9628.2197,1316.05,2651.9099,967.058,11104.7998,5153.96,2879.98,1064.67,34766.6474,E,Y,N
04/08/2018,16:00,9397.2803,1342.98,2633.55,959.394,10956.9004,5083.48,2850.98,1083.6899,34308.2546,E1,N,N
04/08/2018,16:00,9114.5996,1309.5699,2678.29,961.842,11558.7998,5124.4199,2756.8799,1076.12,34580.5211,E2,N,N
04/08/2018,16:00,9325.3301,1309.15,2637.79,935.664,10961.5,5082.8398,2789.55,1048.26,34090.0839,E3,N,N
04/08/2018,17:00,9438.2705,1240.8265,2667.1013,911.241,10236.2334,5054.3408,2840.105,1180.4733,33568.5918,A3,N,N
04/08/2018,17:00,8943.0771,1238.1805,2617.093,883.7587,9577.6318,4878.7363,2764.4175,1133.9335,32036.8284,A6,N,N
04/08/2018,17:00,9832.7695,1292.6801,2753.5901,941.432,11075,5114.9399,2922.6599,1041.78,34974.8515,E,Y,N
04/08/2018,17:00,9494.75,1371.89,2655.4399,914.941,10938.4004,5177.3599,2916.49,1144.1899,34613.4611,E1,N,N
04/08/2018,17:00,8916.2002,1233.3101,2793.6899,921.381,12112.7002,5198.9199,2715.6499,1073.6801,34965.5313,E2,N,N
04/08/2018,17:00,9285.5195,1247.9399,2672.8201,861.256,11048.7002,4863.6401,2728.95,1038.5699,33747.3957,E3,N,N
04/08/2018,18:00,9479.0439,1245.4546,2719.4436,899.1572,10326.6094,5224.1069,2881.0181,1238.2268,34013.0605,A3,N,N
04/08/2018,18:00,9056.5654,1218.6967,2676.594,855.4913,9677.7471,4983.9551,2834.5906,1215.7629,32519.4031,A6,N,N
04/08/2018,18:00,9953.8398,1240.28,2935.1899,879.061,11093.2002,5062.9502,2938.05,1153.1899,35255.761,E,Y,N
04/08/2018,18:00,9415.0195,1405.54,2697.3101,923.11,11026.0996,5433.0098,3001.22,1176.09,35077.399,E1,N,N
04/08/2018,18:00,8906.9199,1162.95,2901.23,871.979,12552.2998,5407.7798,2760.27,1102.13,35665.5585,E2,N,N
04/08/2018,18:00,8846.4697,1154.58,2757.01,838.165,10999.7998,4652.1001,2489.1399,1142.99,32880.2545,E3,N,N
04/08/2018,19:00,9436.2041,1237.7645,2697.3247,869.8476,10455.4961,5383.3638,2892.7881,1295.7795,34268.5684,A3,N,N
04/08/2018,19:00,9099.2676,1288.6547,2658.3127,842.3184,9798.8125,4938.042,2856.6423,1267.9222,32749.9724,A6,N,N
04/08/2018,19:00,9799.04,1275.7,3032.6201,887.059,11256.5,5064.8599,2818.8,1159.78,35294.359,E,Y,N
04/08/2018,19:00,9439.8301,1432.29,2698.9199,920.827,11129,5654.3701,3026.4099,1221.2,35522.847,E1,N,N
04/08/2018,19:00,8862.3701,1139.26,2978.78,841.686,12801.0996,5617.7798,2803.1599,1159.09,36203.2254,E2,N,N
04/08/2018,19:00,8868,1168.9,2723.6799,808.69,11189.4004,4720.27,2644.77,1035.76,33159.4703,E3,N,N
04/08/2018,20:00,9538.8994,1271.6202,2707.9712,859.309,10875.4834,5516.9038,2925.9028,1307.5204,35003.6102,A3,N,N
04/08/2018,20:00,9219.3359,1334.611,2685.5034,856.4608,10136.1318,5083.3105,2900.459,1260.3179,33476.1303,A6,N,N
04/08/2018,20:00,9988.9102,1440.74,3058.3301,861.856,11610.5,5014.9502,2989.96,1029.12,35994.3665,E,Y,N
04/08/2018,20:00,9571.5498,1463.23,2661.6599,918.222,11247.4004,5768.1499,3016.73,1225.01,35871.952,E1,N,N
04/08/2018,20:00,9014.9697,1201.22,2966.4299,852.796,12658.5996,5730.4702,2822.6499,1198.62,36445.7553,E2,N,N
04/08/2018,20:00,8403.9805,1259.3199,2763.46,791.978,11836.2998,4852.0601,2755.6499,1122.0601,33784.8083,E3,N,N
04/08/2018,21:00,9862.8828,1336.4551,2742.7778,889.9183,11589.3174,5700.7432,3065.7126,1303.9255,36491.7327,A3,N,N
04/08/2018,21:00,9483.3721,1395.3568,2740.0054,905.8223,10723.7031,5146.7324,3018.6318,1274.7844,34688.4083,A6,N,N
04/08/2018,21:00,9963.71,1445.76,3236.99,960.566,12267,5454.1699,2878.27,1090.83,37297.2959,E,Y,N
04/08/2018,21:00,9784.4004,1527.83,2681.24,935.217,11547.5,5995.7402,3091.3101,1211.29,36774.5277,E1,N,N
04/08/2018,21:00,9182.96,1268.5,2961.05,877.661,12890,5952.6602,3008.46,1273.48,37414.7712,E2,N,N
04/08/2018,21:00,8685.29,1298.26,2733.1499,832.221,12496.5996,5374.7202,2682.54,1156.48,35259.2607,E3,N,N
04/08/2018,22:00,9751.6104,1299.5846,2723.4504,874.6775,11401.9814,5573.665,3063.8843,1270.429,35959.2826,A3,N,N
04/08/2018,22:00,9370.9326,1375.5367,2740.427,896.8013,10578.8877,5032.9189,2981.3379,1251.4563,34228.2984,A6,N,N
04/08/2018,22:00,10090.5996,1275.0601,3060.5701,895.559,12094.0996,5351.4502,3075.46,1130.34,36973.1386,E,Y,N
04/08/2018,22:00,9622.3799,1465.53,2689.78,938.68,11281.7998,5858,3090.48,1133.7,36080.3497,E1,N,N
04/08/2018,22:00,8875.5303,1235.5601,2875.52,853.802,12457.7998,5716.4102,3015.01,1288.77,36318.4024,E2,N,N
04/08/2018,22:00,8764.21,1296.12,2694.29,856.977,12465.9004,5277.3501,2761.6201,1211.1,35327.5676,E3,N,N
04/08/2018,23:00,9363.6553,1218.6226,2651.6355,844.8263,10758.9678,5230.8218,2938.5542,1206.6818,34213.7653,A3,N,N
04/08/2018,23:00,9058.1416,1301.0201,2691.6902,859.25,10001.168,4720.2402,2852.9128,1194.557,32678.9799,A6,N,N
04/08/2018,23:00,8596.0498,1270.61,2993.1201,935.71,11252.0996,5056.5801,2803.98,1274.51,34182.6596,E,Y,N
04/08/2018,23:00,9161.1104,1377.02,2615.0601,915.794,10445.2002,5413.77,2941.51,1063.54,33933.0047,E1,N,N
04/08/2018,23:00,8381.9697,1188.71,2829.24,841.167,11661.7002,5230.77,2900.4099,1237.33,34271.2968,E2,N,N
04/08/2018,23:00,8032.3901,1200.78,2601.79,874.486,11614.7002,5005.3599,2755.9199,1219.79,33305.2161,E3,N,N
04/08/2018,24:00,8780.1572,1145.748,2567.0552,812.5909,9920.3818,4758.9438,2732.3818,1117.4634,31834.7221,A3,N,N
04/08/2018,24:00,8550.1006,1207.7552,2609.8406,826.1827,9270.3613,4341.6523,2656.228,1090.1042,30552.2249,A6,N,N
04/08/2018,24:00,9338.5703,1263.78,2837.02,894.817,10366.2002,4604.6899,2750.8899,1218.22,33274.1873,E,Y,N
04/08/2018,24:00,8604.6797,1265.42,2612.4299,836.526,9693.3203,4985.7002,2726.21,984.737,31709.0231,E1,N,N
04/08/2018,24:00,7795.3501,1111.0699,2798.0801,829.982,10692.7998,4599.1001,2658.76,1119.42,31604.562,E2,N,N
04/08/2018,24:00,7992.52,1128.59,2609.52,883.061,10675,4533.4302,2513.2,1158.39,31493.7112,E3,N,N
04/09/2018,1:00,8421.6445,1165.8439,2512.6663,803.1577,9350.8828,4474.7603,2567.4226,1060.3684,30356.7465,A3,N,N
04/09/2018,1:00,8472.1084,1232.4021,2512.8176,852.7836,8974.9932,4362.3774,2429.2271,1094.2618,29930.9712,A6,N,N
04/09/2018,1:00,8521.6797,1237.26,2694.51,813.418,9188.6299,4523.3901,2603.95,1145.53,30728.3677,E,N,N
04/09/2018,1:00,8211.6299,1166.9399,2556.05,804.309,9139.9004,4608.6201,2535.1599,925.532,29948.1412,E1,N,N
04/09/2018,1:00,8056.2002,1207.36,2592.1299,842.914,9344.5596,4483.5498,2496.6101,1179.74,30203.0636,E2,Y,N
04/09/2018,1:00,8151.9399,1124.37,2591.8101,843.894,9300.1504,4498.79,2494.54,1113.9399,30119.4343,E3,N,N
04/09/2018,2:00,8129.3364,1133.947,2476.5618,797.2336,8901.2744,4251.8555,2442.6414,1025.2534,29158.1035,A3,N,N
04/09/2018,2:00,8166.6396,1197.3271,2483.1174,840.3026,8558.2607,4100.9814,2314.1667,1064.972,28725.7675,A6,N,N
04/09/2018,2:00,8350.5498,1250.6,2657.1599,761.042,8987.4004,4329.3501,2480.53,1105.26,29921.8922,E,N,N
04/09/2018,2:00,8093.8999,1057.47,2405.02,813.286,8851.1201,4312.6099,2345.8,839.682,28718.8879,E1,N,N
04/09/2018,2:00,7889.3101,1168.0601,2529.1101,835.459,8840.04,4235.6401,2385.3999,1141.0699,29024.0892,E2,Y,N
04/09/2018,2:00,7891.9199,1083.91,2574.95,838.002,9097.54,4311.1699,2407.5,1109.09,29314.0818,E3,N,N
04/09/2018,3:00,7991.8701,1109.7292,2466.9998,796.2606,8638.9658,4081.6089,2397.5674,999.9721,28482.9739,A3,N,N
04/09/2018,3:00,8062.5923,1181.662,2465.6455,832.7331,8245.624,3941.929,2255.21,1045.679,28031.0749,A6,N,N
04/09/2018,3:00,8164.3301,1263.09,2630.25,802.029,8694.6104,4214.0098,2457.3401,968.963,29194.6224,E,N,N
04/09/2018,3:00,7981.0298,1041.72,2416.6201,834.925,8524.5703,4120,2306.8301,847.485,28073.1803,E1,N,N
04/09/2018,3:00,7876.7998,1148.54,2504.21,842.083,8604.9902,4084.1699,2330.1799,1092.6899,28483.6627,E2,Y,N
04/09/2018,3:00,7769.2202,1007.95,2577.74,833.385,8792.0303,4195.3599,2322.97,1036.4,28535.0554,E3,N,N
04/09/2018,4:00,7919.8613,1108.9458,2475.6304,796.7062,8575.083,4070.6052,2375.4224,987.4531,28309.7074,A3,N,N
04/09/2018,4:00,8010.8047,1185.5674,2474.2805,828.5411,8179.8164,4017.3367,2234.3276,1029.9138,27960.5882,A6,N,N
04/09/2018,4:00,8145.3599,1089.74,2624.46,752.307,8720.4902,4212.5498,2429.48,968.27,28942.6569,E,N,N
04/09/2018,4:00,7979.73,990.256,2330.6699,822.85,8316.29,4065.3601,2292.8701,830.095,27628.1211,E1,N,N
04/09/2018,4:00,7895.5601,1152.99,2502.25,855.271,8532.8701,4049.5601,2288.0601,1065.6801,28342.2415,E2,Y,N
04/09/2018,4:00,7769.1699,1009.82,2570.9199,861.549,8899.7402,4200.0098,2313.3,958.356,28582.8648,E3,N,N
04/09/2018,5:00,8077.5952,1136.1819,2484.0938,816.6144,8875.877,4148.9106,2397.5024,999.7709,28936.5462,A3,N,N
04/09/2018,5:00,8150.9946,1209.6003,2469.6323,845.6317,8800.4443,4059.5461,2270.3938,1057.0819,28863.325,A6,N,N
04/09/2018,5:00,8272.4502,1257.4,2630.3101,745.907,9087.4004,4278.8501,2436.8799,963.982,29673.1797,E,N,N
04/09/2018,5:00,8238.4199,973.188,2325.96,840.199,8001.6001,4067.0901,2299.21,769.287,27514.9541,E1,N,N
04/09/2018,5:00,8092.4199,1185.67,2524.8601,872.084,8847.1797,4146.1899,2290.75,1060.62,29019.7736,E2,Y,N
04/09/2018,5:00,7971.04,1043.0699,2596.6799,860.304,9253.9902,4271.1099,2305.98,1030.85,29333.0239,E3,N,N
04/09/2018,6:00,8584.8438,1209.6334,2507.6128,870.5415,9672.6074,4468.8491,2500.0173,1040.2279,30854.3332,A3,N,N
04/09/2018,6:00,8686.5547,1288.2161,2496.6055,889.5207,9442.7539,4379.6777,2380.8418,1075.6083,30639.7787,A6,N,N
04/09/2018,6:00,8655.0303,1386.4399,2632.3401,862.709,9937.9805,4623.8101,2548.6599,983.314,31630.2838,E,N,N
04/09/2018,6:00,8588.8301,1042.61,2439.04,907.528,9000.5303,4397.5498,2429.01,816.92,29622.0182,E1,N,N
04/09/2018,6:00,8612.7695,1275.55,2545.97,913.554,9834.8203,4565.6499,2394.1201,1141.39,31283.8238,E2,Y,N
04/09/2018,6:00,8396.9004,1134.11,2574.71,953.52,10110,4612.8301,2444.99,1077.85,31304.9105,E3,N,N
04/09/2018,7:00,9319.4775,1362.2954,2573.7827,955.1953,11226.6133,5112.4302,2770.9993,1134.5013,34455.295,A3,N,N
04/09/2018,7:00,9415.1133,1456.7793,2569.7708,973.9762,10850.1514,5044.8457,2694.2246,1135.6359,34140.4972,A6,N,N
04/09/2018,7:00,9251.9805,1600.1,2667.6101,944.66,11191.7002,5205.04,2819.5901,1172.46,34853.1409,E,N,N
04/09/2018,7:00,9425.7002,1273.17,2469.3999,980.965,10175.2998,4975.8501,2719.7,922.783,32942.868,E1,N,N
04/09/2018,7:00,9442.6797,1471.54,2622.79,1006.22,11552.5,5292.46,2692.3101,1295.8,35376.2998,E2,Y,N
04/09/2018,7:00,9066.5898,1309.27,2640.02,1034.71,11414.9004,5186.6001,2690.3701,1213.8199,34556.2803,E3,N,N
04/09/2018,8:00,9672.3115,1413.8107,2627.147,999.3735,12181.9697,5446.8027,2892.001,1173.0431,36406.4592,A3,N,N
04/09/2018,8:00,9691.25,1516.0472,2642.6475,1010.3674,11733.8262,5346.3906,2818.1211,1182.6713,35941.3213,A6,N,N
04/09/2018,8:00,9732.71,1631.97,2706.3401,946.979,11663.5996,5540.1201,2935.0801,1174.5601,36331.359,E,N,N
04/09/2018,8:00,9835.8203,1316.75,2655.98,995.394,10849.2998,5226.0898,2833.73,924.534,34637.5979,E1,N,N
04/09/2018,8:00,9741.2002,1533.79,2675.25,1028.02,12309.5,5662.5098,2811.9099,1358.7,37120.8799,E2,Y,N
04/09/2018,8:00,9379.1904,1365.21,2706.8601,1069.39,11835.7002,5531.54,2787.25,1226.66,35901.8007,E3,N,N
04/09/2018,9:00,9796.126,1427.0236,2598.6843,1006.0051,11923.2256,5439.979,2859.762,1175.7286,36226.5342,A3,N,N
04/09/2018,9:00,9857.3535,1536.3524,2600.1938,1008.8584,11288.3496,5330.7671,2792.8787,1202.6359,35617.3894,A6,N,N
04/09/2018,9:00,9753.21,1609.59,2664.74,958.191,11661.5,5549.23,2945.6101,1170.4399,36312.511,E,N,N
04/09/2018,9:00,9878.8203,1283.3101,2407.22,978.02,10864.7998,5282.5801,2856.47,926.919,34478.1393,E1,N,N
04/09/2018,9:00,9799.3398,1541.62,2644.1399,1017.62,12113.7002,5660.1602,2803.6699,1393.38,36973.63,E2,Y,N
04/09/2018,9:00,9467.3301,1379.3199,2700.77,1088.4,11835.4004,5545.54,2863.51,1202.5601,36082.8305,E3,N,N
04/09/2018,10:00,10048.5195,1420.3293,2609.9722,1010.2408,11514.6221,5476.7275,2970.1487,1153.2855,36203.8456,A3,N,N
04/09/2018,10:00,10128.6338,1540.4218,2639.4302,990.1298,10491.2061,5274.7783,2885.355,1169.46,35119.415,A6,N,N
04/09/2018,10:00,10049.7002,1616.04,2687.9299,1209.9301,11701.0996,5590.0098,3068.5,1152.84,37076.0496,E,N,N
04/09/2018,10:00,10026.0996,1288.63,2413.05,981.816,10933.2002,5425.1001,2978.9099,982.477,35029.2828,E1,N,N
04/09/2018,10:00,9843.9697,1536.24,2639.76,1041.35,12112.0996,5627.4902,2945.4299,1313.08,37059.4194,E2,Y,N
04/09/2018,10:00,9756.7305,1355.39,2706.96,1096.89,11752.5996,5588.0298,2989.1599,1188.42,36434.1798,E3,N,N
04/09/2018,11:00,10311.4238,1434.2524,2620.3782,958.3588,11332.834,5542.1182,3126.5188,1137.1964,36463.0806,A3,N,N
04/09/2018,11:00,10429.5596,1544.4434,2648.0894,950.9494,10477.7529,5246.6709,3034.3374,1138.0194,35469.8224,A6,N,N
04/09/2018,11:00,10376.9004,1553.61,2704.7,1259.97,11638,5609.8799,3190.3701,1357.46,37690.8904,E,N,N
04/09/2018,11:00,10302.2998,1232.49,2448.1201,992.548,11045.7002,5578.8901,3058.8301,932.414,35591.2923,E1,N,N
04/09/2018,11:00,10050.5996,1528.73,2672.7,1035.5699,12084.0996,5675.7402,3028.3799,1314.25,37390.0692,E2,Y,N
04/09/2018,11:00,10107.2998,1379.77,2705.8301,1120.04,11671.0996,5604.0098,3121.1299,1128.01,36837.1892,E3,N,N
04/09/2018,12:00,10532.5332,1415.7668,2648.7041,931.6254,11144.7578,5553.856,3270.4065,1112.8969,36610.5467,A3,N,N
04/09/2018,12:00,10660.0957,1527.7189,2678.0161,930.145,10438.001,5197.9297,3155.0881,1093.2422,35680.2367,A6,N,N
04/09/2018,12:00,10571.7002,1588.47,2710.3899,1022.48,11621.7998,5688.8701,3242.7,1090.37,37536.78,E,N,N
04/09/2018,12:00,10623.5996,1223.83,2604.1899,992.078,11232.5996,5586.7998,3195.53,1017.99,36476.6169,E1,N,N
04/09/2018,12:00,10218.4004,1519.26,2705.3301,1032.28,11999.7998,5671.7202,3173.03,1271.59,37591.4105,E2,Y,N
04/09/2018,12:00,10345.2002,1345.1899,2751.3701,1124.4,11589.2002,5686.8799,3291.3201,1158.53,37292.0904,E3,N,N
04/09/2018,13:00,10607.5195,1400.9751,2646.5408,918.2552,10901.4912,5538.9912,3407.5073,1098.9155,36520.1958,A3,N,N
04/09/2018,13:00,10780.0225,1495.243,2669.2949,907.7721,10316.5938,5226.5869,3283.825,1057.1097,35736.4479,A6,N,N
04/09/2018,13:00,10670.7002,1642.15,2728.04,1043.25,11653.2998,5612.54,3372.6399,1081.28,37803.8999,E,N,N
04/09/2018,13:00,10763.5,1248.86,2576.9399,976.941,11310.5,5638.1001,3359.4199,935.052,36809.3129,E1,N,N
04/09/2018,13:00,10287.9004,1494.91,2710.24,1004.97,11921.7998,5690.7598,3303.0801,1214.74,37628.4001,E2,Y,N
04/09/2018,13:00,10388.9004,1354.03,2727.97,1177.17,11620.7998,5610.5498,3351.8401,1123.95,37355.2101,E3,N,N
04/09/2018,14:00,10641.5518,1394.1899,2647.2966,906.4355,10744.2754,5575.3906,3514.3611,1114.9811,36538.482,A3,N,N
04/09/2018,14:00,10882.8652,1487.0746,2661.8486,885.6219,10273.1641,5201.083,3427.0244,1064.0248,35882.7066,A6,N,N
04/09/2018,14:00,10621.4004,1535.75,2740.2,946.459,11661.5996,5596.5898,3430.29,1120.42,37652.7088,E,N,N
04/09/2018,14:00,10866.2002,1263.37,2638.4099,1015.68,11327.2002,5666.96,3400.6599,951.497,37129.9772,E1,N,N
04/09/2018,14:00,10323.7998,1495.53,2723.7,972.893,11912.7998,5757.0601,3421.01,1238.02,37844.8127,E2,Y,N
04/09/2018,14:00,10513.2998,1359.85,2746.48,1104.27,11623.7002,5581.8398,3494.1201,1104.38,37527.9399,E3,N,N
04/09/2018,15:00,10707.376,1377.264,2650.5156,905.5672,10670.0586,5608.5254,3553.678,1124.5542,36597.539,A3,N,N
04/09/2018,15:00,10977.8877,1459.4927,2637.5938,881.1332,10191.791,5224.1875,3435.8264,1045.9877,35853.9,A6,N,N
04/09/2018,15:00,10819.5,1555.2,2740.29,950.451,11550.7002,5697.4502,3582.1001,1033.4,37929.0915,E,N,N
04/09/2018,15:00,11160.5996,1295.34,2668.46,947.495,11352.2998,5806.8198,3608.6499,924.524,37764.1881,E1,N,N
04/09/2018,15:00,10322,1489.49,2740.95,965.766,11884.9004,5844.2402,3525.7,1234.1801,38007.2267,E2,Y,N
04/09/2018,15:00,10662,1276.58,2744.6101,1091.46,11504.7998,5694.27,3538.47,1157.34,37669.5299,E3,N,N
04/09/2018,16:00,10890.748,1359.1244,2647.5776,904.2665,10488.167,5647.5659,3614.5918,1153.0133,36705.0545,A3,N,N
04/09/2018,16:00,11101.793,1432.5226,2619.3145,881.7397,10111.3232,5295.1621,3462.9019,1072.1525,35976.9095,A6,N,N
04/09/2018,16:00,10919.9004,1527.98,2760.4399,1057.3,11545.4004,5767.3301,3665.3301,1084.74,38328.4209,E,N,N
04/09/2018,16:00,11035.2002,1191.6899,2585.29,963.055,11359.2002,5863.5801,3682.8799,934.833,37615.7283,E1,N,N
04/09/2018,16:00,10368.5996,1491.63,2750.79,982.999,11857.0996,5940.9902,3614.8799,1270.76,38277.7483,E2,Y,N
04/09/2018,16:00,10714.5,1307.3101,2751.8301,1111.67,11347.7998,5759.2598,3633.25,1195.71,37821.3298,E3,N,N
04/09/2018,17:00,11298.5693,1374.5026,2673.6392,909.9489,10593.4766,5755.916,3656.4956,1178.1254,37440.6736,A3,N,N
04/09/2018,17:00,11279.9629,1408.3459,2654.4849,861.2102,10289.0459,5531.4385,3556.6235,1125.7402,36706.852,A6,N,N
04/09/2018,17:00,10971.5,1527.3199,2782.1399,1038.4399,11556.2002,5826.3501,3700.1499,1072.33,38474.4299,E,N,N
04/09/2018,17:00,11318.2002,1222.6801,2740.29,972.038,11560.7002,5941.8198,3638.04,993.629,38387.3973,E1,N,N
04/09/2018,17:00,10456.4004,1491.3199,2786.2,967.548,12086.2002,6079.1602,3671.6001,1332.4,38870.8288,E2,Y,N
04/09/2018,17:00,10754.9004,1334.92,2747.47,1160.33,11276.5996,5817.98,3626.1101,1205.05,37923.3601,E3,N,N
04/09/2018,18:00,11053.2021,1379.7849,2671.3635,908.73,10770.165,5789.1934,3606.8545,1209.9922,37389.2856,A3,N,N
04/09/2018,18:00,11148.8711,1409.5804,2663.0435,844.6871,10466.2871,5582.3188,3538.6396,1201.6045,36855.0321,A6,N,N
04/09/2018,18:00,10990.5,1578.99,2759.8301,1016.38,11686.5996,5961.1201,3602.9099,1206.89,38803.2197,E,N,N
04/09/2018,18:00,11242.5,1239.08,2704.8301,954.547,11389.2998,6003.9502,3576.0901,1001.32,38111.6172,E1,N,N
04/09/2018,18:00,10453.2002,1505.08,2787.3,944.772,12267,6192.98,3636.29,1369.6899,39156.3121,E2,Y,N
04/09/2018,18:00,10775.9004,1315.0699,2747.6399,1103.46,11507.7002,5950.5601,3570.8401,1221.9,38193.0706,E3,N,N
04/09/2018,19:00,10767.4531,1383.0676,2667.4666,877.4913,10873.3662,5848.3032,3538.1938,1258.3284,37213.6702,A3,N,N
04/09/2018,19:00,10990.166,1426.4504,2667.4753,828.6,10572.4258,5533.1265,3487.2214,1266.7072,36772.1726,A6,N,N
04/09/2018,19:00,10887.5,1515.27,2747.49,1020.77,11729.2002,6011.3901,3510.55,1153.09,38575.2603,E,N,N
04/09/2018,19:00,10922.2998,1262.9399,2671.25,967.477,11226.2002,6051.2002,3534.01,1012.21,37647.5871,E1,N,N
04/09/2018,19:00,10367,1521.25,2758.8799,900.079,12400.5,6354.6401,3563.1299,1454.22,39319.6989,E2,Y,N
04/09/2018,19:00,10580.5,1326.13,2701.8101,1055.25,11581.4004,6007.1499,3536.24,1350.15,38138.6304,E3,N,N
04/09/2018,20:00,10876.9229,1415.1528,2685.5925,859.5599,11093.1201,5979.1196,3514.7769,1260.1995,37684.4442,A3,N,N
04/09/2018,20:00,11048.5957,1452.682,2700.8569,831.5286,10808.0508,5746.6162,3485.7915,1283.6102,37357.7319,A6,N,N
04/09/2018,20:00,10920.0996,1587.99,2772.6299,924.259,12007.7998,6125.4399,3462.97,1180.08,38981.2682,E,N,N
04/09/2018,20:00,11052.2998,1275.5699,2616.6399,954.417,11218,6066.7002,3477.4099,1027.62,37688.6567,E1,N,N
04/09/2018,20:00,10421.5996,1525.77,2784.3799,877.081,12447.2998,6371.3901,3508.6299,1434.73,39370.8803,E2,Y,N
04/09/2018,20:00,10637.5996,1413.33,2779.24,1067.23,12022.5996,6122.5098,3498.6899,1273.11,38814.3089,E3,N,N
04/09/2018,21:00,11004.0566,1452.7893,2725.4902,887.2683,11510.292,6147.2056,3587.9512,1280.9989,38596.0521,A3,N,N
04/09/2018,21:00,11167.7539,1491.637,2753.2886,871.7612,11203.4902,5681.7212,3531.2209,1286.2443,37987.1173,A6,N,N
04/09/2018,21:00,11050.5996,1609.4,2800.77,982.093,12249.2002,6317.8501,3594.8201,1282.1899,39886.9229,E,N,N
04/09/2018,21:00,11256,1365.88,2689.8101,928.581,11455.0996,6248.3101,3489.47,1014.7,38447.8508,E1,N,N
04/09/2018,21:00,10687.5996,1565.1899,2857.55,909.837,12850.2998,6576.5,3584.6001,1427.71,40459.2864,E2,Y,N
04/09/2018,21:00,10865.2998,1453.4301,2830.74,1008.79,12270.5996,6326.1499,3520.1699,1279.28,39554.4593,E3,N,N
04/09/2018,22:00,10720.959,1386.7094,2691.4141,871.8094,11157.2695,5960.832,3533.5271,1279.3445,37601.865,A3,N,N
04/09/2018,22:00,10816.8047,1433.4952,2712.2563,861.5338,10890.0156,5520.7305,3454.6489,1265.4438,36954.9288,A6,N,N
04/09/2018,22:00,10735,1549.38,2792.98,920.079,11920,6062.4902,3520.53,1213.58,38714.0392,E,N,N
04/09/2018,22:00,11112.5,1340.2,2687.3501,930.604,11345.0996,6075.8999,3462.8799,1043.1801,37997.7136,E1,N,N
04/09/2018,22:00,10432.2998,1524.62,2831.8101,897.914,12408.7998,6387.1802,3491.24,1420.9301,39394.794,E2,Y,N
04/09/2018,22:00,10608.5,1363.08,2817.1499,1041.01,11974.5,6072.77,3466.0801,1284.23,38627.32,E3,N,N
04/09/2018,23:00,10050.8906,1287.8439,2633.7546,828.8406,10325.6436,5552.5513,3319.9893,1236.5198,35236.0337,A3,N,N
04/09/2018,23:00,10130.2607,1344.3921,2645.5728,822.3892,10077.9463,5117.7939,3241.9375,1217.6163,34597.9088,A6,N,N
04/09/2018,23:00,10293.0996,1395.48,2701.48,887.999,10959.7998,5637.3901,3294.21,1164.9301,36334.3886,E,N,N
04/09/2018,23:00,10294.2998,1252.1899,2598.03,886.001,10289.9004,5656.1099,3292.1799,1013.87,35282.5809,E1,N,N
04/09/2018,23:00,9791.0498,1410.33,2743.5,844.181,11294.7002,5876.2798,3239.51,1319.95,36519.5008,E2,Y,N
04/09/2018,23:00,10042.5996,1261.02,2715.8101,986.502,10931.7998,5645.0898,3260.79,1204.6899,36048.3012,E3,N,N
04/09/2018,24:00,9382.0654,1184.6421,2567.5425,789.0848,9393.4688,5020.0273,3042.3049,1158.8794,32538.0152,A3,N,N
04/09/2018,24:00,9442.126,1240.4335,2574.8652,789.5112,9185.123,4644.1504,2973.7632,1120.6842,31970.6567,A6,N,N
04/09/2018,24:00,9479.4697,1247.12,2683.1001,835.962,9963.1299,5034.1001,3015.1499,1071.49,33329.5217,E,N,N
04/09/2018,24:00,9440.3496,1180.25,2649.26,812.713,9424.8203,5151.0298,3012.6299,907.406,32578.4586,E1,N,N
04/09/2018,24:00,9045.3896,1275.23,2659.1101,805.198,10058.7998,5244.23,2917.3701,1175.91,33181.2376,E2,Y,N
04/09/2018,24:00,9245.6396,1161.88,2657.4299,919.91,9996.8096,5035.5298,2943.3601,1083.88,33044.439,E3,N,N
04/10/2018,1:00,8861.9746,1129.0239,2485.1423,775.4498,8807.9326,4624.1899,2814.3694,1107.8551,30605.9376,A3,N,N
04/10/2018,1:00,9024.6709,1190.9229,2484.8347,824.6661,8811.2354,4620.811,2704.4604,1133.481,30795.0824,A6,N,N
04/10/2018,1:00,8860.8896,1125.1801,2652.03,775.27,9206.1396,4567.8301,2787.74,1012.31,30987.3894,E,N,N
04/10/2018,1:00,8835.5898,1123.65,2597.7,779.654,8720.3301,4722.0698,2766.3899,849.073,30394.4566,E1,Y,N
04/10/2018,1:00,8404.4404,1193.48,2614.5901,799.893,9203.6104,4706.6499,2633.47,1064.02,30620.1538,E2,N,N
04/10/2018,1:00,8613.2402,1079.09,2599.51,836.891,9233.1602,4553.3599,2724.8799,975.063,30615.1942,E3,N,N
04/10/2018,2:00,8570.2451,1088.7518,2463.9983,754.7269,8480.0576,4395.7114,2673.0967,1078.1653,29504.7531,A3,N,N
04/10/2018,2:00,8647.6104,1141.9298,2471.9688,810.2487,8438.7969,4352.4746,2571.2271,1106.485,29540.7413,A6,N,N
04/10/2018,2:00,8549.1699,1096.5601,2616.5901,733.278,8854.8896,4302.9302,2641.98,1009.36,29804.7579,E,N,N
04/10/2018,2:00,8848.1699,1045.14,2360.6299,789.186,8287.46,4369.0601,2508.0601,792.047,28999.753,E1,Y,N
04/10/2018,2:00,8082.8198,1129.36,2544.2,790.354,8721.3496,4400.25,2457.24,1031.04,29156.6134,E2,N,N
04/10/2018,2:00,8320.1797,1050.71,2562.4099,802.077,8904.2598,4295.7002,2537.7,946.492,29419.5286,E3,N,N
04/10/2018,3:00,8369.4854,1060.9972,2463.8394,748.5684,8299.8506,4219.3774,2573.0122,1050.2548,28785.3854,A3,N,N
04/10/2018,3:00,8474.7246,1121.9939,2471.4517,808.4637,8214.3477,4195.7769,2460.3503,1087.5376,28834.6464,A6,N,N
04/10/2018,3:00,8312.8096,1005.53,2590.27,746.828,8463.8203,4171.8501,2551.24,734.546,28576.894,E,N,N
04/10/2018,3:00,8446.2695,1036.64,2409.8401,808.546,7986.9399,4194.2402,2434.04,742.448,28058.9637,E1,Y,N
04/10/2018,3:00,7874.0898,1093.58,2520.95,804.625,8444.0898,4179.9702,2340.8501,969.733,28227.8879,E2,N,N
04/10/2018,3:00,8071.3799,958.415,2538.1699,764.867,8490.7598,4165.7202,2454.51,867.268,28311.0898,E3,N,N
04/10/2018,4:00,8244.7715,1057.0139,2475.8911,761.3837,8309.6641,4172.1997,2524.4824,1035.3662,28580.7726,A3,N,N
04/10/2018,4:00,8339.7598,1118.5626,2488.3289,809.7847,8170.9082,4222.9604,2405.6694,1070.9492,28626.9232,A6,N,N
04/10/2018,4:00,8154.71,1077.3101,2586.1799,652.749,8333.5596,4104.71,2517.48,916.737,28343.4356,E,N,N
04/10/2018,4:00,8357.0801,1000.72,2308.0701,816.458,7887.3501,4080.21,2377.8601,746.127,27573.8754,E1,Y,N
04/10/2018,4:00,7857.3101,1086.12,2521.6101,810.532,8365.6201,4117.3501,2294.04,944.584,27997.1664,E2,N,N
04/10/2018,4:00,7930.7002,955.572,2545.95,801.178,8403.0703,4104.4702,2433.6299,916.224,28090.7946,E3,N,N
04/10/2018,5:00,8310.3525,1081.785,2484.4336,784.9465,8609.3955,4222.9756,2527.2439,1040.9167,29062.0493,A3,N,N
04/10/2018,5:00,8384.9834,1144.6827,2501.0762,823.8881,8262.2891,4247.897,2423.3711,1089.08,28877.2676,A6,N,N
04/10/2018,5:00,8206.0303,1026.4,2596.1201,714.943,8585.0498,4130.0698,2484.8501,912.989,28656.4521,E,N,N
04/10/2018,5:00,8448.9199,1022.47,2312.24,802.25,8172.4199,4135.46,2361.73,715.45,27970.9398,E1,Y,N
04/10/2018,5:00,8022.6899,1112.45,2535.3999,839.201,8592.0703,4176.1499,2291.02,947.906,28516.887,E2,N,N
04/10/2018,5:00,7984.2598,990.693,2586.03,822.933,8697.7998,4133.9199,2406.6499,842.741,28465.0264,E3,N,N
04/10/2018,6:00,8739.9463,1153.1052,2506.6692,834.9554,9393.6084,4519.9502,2623.9929,1082.9032,30855.1308,A3,N,N
04/10/2018,6:00,8821.2139,1204.3364,2534.1594,865.2867,8786.1045,4526.335,2519.3899,1103.4681,30360.2939,A6,N,N
04/10/2018,6:00,8672.3301,1198.63,2596.8301,833.64,9467.6904,4416.5801,2571.5,937.242,30694.4427,E,N,N
04/10/2018,6:00,8741.5596,1094.3199,2416.1101,876.352,8987.4404,4450.79,2483.46,816.74,29866.772,E1,Y,N
04/10/2018,6:00,8582.9502,1191.75,2554.27,882.875,9445.2803,4520.1499,2382,1021.06,30580.3354,E2,N,N
04/10/2018,6:00,8481.6201,1093.96,2585.1101,903.466,9549.6396,4415.8301,2525.0701,912.16,30466.856,E3,N,N
04/10/2018,7:00,9416.2959,1299.3849,2569.1812,937.2489,10972.3076,5101.729,2897.3923,1179.3934,34372.9332,A3,N,N
04/10/2018,7:00,9523.9727,1342.3461,2605.1321,934.5106,10092.0596,5062.8428,2783.5547,1165.1715,33509.5901,A6,N,N
04/10/2018,7:00,9411.4102,1408.7,2645.46,919.644,10828,4984.48,2900.6201,1156.89,34255.2043,E,N,N
04/10/2018,7:00,9565.5,1229.22,2467.3301,965.503,10118.7002,4967.9199,2748.03,881.578,32943.7812,E1,Y,N
04/10/2018,7:00,9491.8896,1378,2627.4099,979.249,10960.2998,5200.8301,2704.9199,1130.35,34472.9483,E2,N,N
04/10/2018,7:00,9225.8701,1256.88,2628.6599,989.258,11070.4004,4974.6802,2779.98,1072.27,33997.9986,E3,N,N
04/10/2018,8:00,9685.0488,1374.0869,2624.5605,971.3907,11906.7559,5408.7979,2990.429,1226.9125,36187.9822,A3,N,N
04/10/2018,8:00,9739.8691,1426.6898,2663.1162,966.9651,10919.1836,5349.707,2882.6631,1214.5579,35162.7518,A6,N,N
04/10/2018,8:00,9595.7197,1462.0699,2677.6799,924.808,11455,5192.3901,2982.2,1140.2,35430.0676,E,N,N
04/10/2018,8:00,9859.5801,1316.39,2605.76,992.842,10889.2998,5274.6802,2852.52,914.658,34705.7301,E1,Y,N
04/10/2018,8:00,9772.79,1434.74,2658.6899,1010.26,11595.9004,5496.9199,2822.1001,1194.03,35985.4303,E2,N,N
04/10/2018,8:00,9403.4102,1325.36,2694.26,1012.3,11654.5996,5190.54,2873.29,1100.5601,35254.3199,E3,N,N
04/10/2018,9:00,9818.9395,1386.741,2597.7192,968.3083,11546.7949,5410.5449,2910.1853,1227.5415,35866.7746,A3,N,N
04/10/2018,9:00,9853.3408,1464.6854,2620.1345,962.8002,10489.6406,5337.7192,2827.6011,1208.7518,34764.6736,A6,N,N
04/10/2018,9:00,9847.5898,1441.41,2629.26,920.838,11182.7998,5247.23,2959.6299,1132.09,35360.8475,E,N,N
04/10/2018,9:00,9974.3799,1325.73,2414.6799,996.298,10777.7998,5337.2798,2804.49,913.832,34544.4894,E1,Y,N
04/10/2018,9:00,9891.8604,1441.49,2608.05,1008.57,11437.2998,5467.7998,2793.3401,1202.79,35851.2001,E2,N,N
04/10/2018,9:00,9647.1904,1309.49,2655.1599,1028.86,11302.5996,5250.75,2866.8899,1071.2,35132.1398,E3,N,N
04/10/2018,10:00,10112.6729,1393.1917,2612.3552,985.2678,11221.0635,5469.709,2976.1343,1188.4174,35958.8118,A3,N,N
04/10/2018,10:00,10157.2842,1495.3789,2641.9736,956.748,10319.0225,5287.728,2898.0278,1175.2887,34931.4517,A6,N,N
04/10/2018,10:00,10077,1400.58,2655.72,883.215,11289.5996,5286.73,2997.04,1100.97,35690.8546,E,N,N
04/10/2018,10:00,10275.7002,1351.87,2415.1399,1008.81,11038,5454.4702,2880.22,974.278,35398.4883,E1,Y,N
04/10/2018,10:00,9902.2598,1449.4399,2606.8799,1029.42,11431,5458.6001,2890.46,1142.65,35910.7097,E2,N,N
04/10/2018,10:00,9902.6396,1299.1801,2690.95,1029.02,11291,5289.98,2953.7,1014.75,35471.2197,E3,N,N
04/10/2018,11:00,10381.6641,1415.6633,2620.1294,943.098,11066.8809,5562.8765,3080.2068,1164.1373,36234.6563,A3,N,N
04/10/2018,11:00,10435.0361,1515.5122,2649.4587,929.7328,10327.542,5281.4824,3012.6514,1141.8059,35293.2215,A6,N,N
04/10/2018,11:00,10458.7998,1414.58,2670.6699,1016.98,11265.7998,5329.8701,3106.2,1212.9399,36475.8395,E,N,N
04/10/2018,11:00,10613.9004,1329.1,2440.3,1030.79,11102.2002,5607.9702,2921.8799,912.602,35958.7427,E1,Y,N
04/10/2018,11:00,10384.7002,1472.9399,2607.77,1046.67,11523.7998,5607.1699,2940.9099,1126.49,36710.4497,E2,N,N
04/10/2018,11:00,10211.0996,1324.62,2679.71,1031.1899,11284.5996,5324.7798,3016.71,981.93,35854.6389,E3,N,N
04/10/2018,12:00,10628.5645,1406.0668,2649.8652,927.619,10957.7646,5632.6606,3183.3445,1123.7769,36509.6621,A3,N,N
04/10/2018,12:00,10680.9414,1500.9091,2680.4106,914.3,10339.3252,5272.0815,3104.5474,1094.6282,35587.1434,A6,N,N
04/10/2018,12:00,10663.2998,1402.5699,2714.77,951.644,11258.9004,5462.6001,3178.28,1011.65,36643.7142,E,N,N
04/10/2018,12:00,10988.4004,1339.23,2568.3701,1054.9399,11263.2998,5639.79,3075.1499,996.733,36925.9131,E1,Y,N
04/10/2018,12:00,10611.2002,1476.24,2630.3401,1044.28,11512.4004,5686.23,3033.77,1084.95,37079.4107,E2,N,N
04/10/2018,12:00,10423.7998,1315.0699,2730.6201,1048.67,11229.9004,5461.5,3070.6799,973.25,36253.4901,E3,N,N
04/10/2018,13:00,10725.0293,1399.7356,2645.8298,916.3495,10795.499,5674.5112,3263.8093,1099.0679,36519.8316,A3,N,N
04/10/2018,13:00,10851.5811,1474.9082,2670.9988,895.2357,10281.1309,5318.9609,3192.2695,1056.812,35741.8971,A6,N,N
04/10/2018,13:00,10778.2998,1352.09,2706.6101,948.606,11101.2998,5521.6401,3183.02,962.177,36553.7428,E,N,N
04/10/2018,13:00,11212.2998,1356.35,2552.74,1030.34,11369.5,5716.6001,3161.25,910.226,37309.3059,E1,Y,N
04/10/2018,13:00,10747.7998,1468.04,2621.46,1012.54,11414.2998,5771.6299,3115.0901,1049.8199,37200.6795,E2,N,N
04/10/2018,13:00,10592.0996,1337.39,2716.3,1102.96,11063.5,5521.2798,3084.5601,938.178,36356.2675,E3,N,N
04/10/2018,14:00,11077.8926,1399.9553,2640.7019,904.8264,10745.8008,5791.2568,3338.4053,1115.2461,37014.0852,A3,N,N
04/10/2018,14:00,11110.4258,1473.0358,2660.8738,875.6032,10317.7021,5334.0264,3296.312,1063.3965,36131.3756,A6,N,N
04/10/2018,14:00,10993,1400.14,2706.04,944.903,11316.7002,5549.8101,3332.3401,954.552,37197.4854,E,N,N
04/10/2018,14:00,11430.7002,1363.15,2597.47,1061.64,11440.4004,5847.98,3166.6599,933.987,37841.9875,E1,Y,N
04/10/2018,14:00,10910.5996,1487.71,2620.8101,982.013,11406.2998,5906.48,3191.72,1064.4,37570.0325,E2,N,N
04/10/2018,14:00,10818.5,1308.87,2710.8401,1037.26,11263,5532.98,3227.6299,970.631,36869.711,E3,N,N
04/10/2018,15:00,11398.3691,1394.1566,2636.5825,904.6179,10744.8174,5912.2295,3386.406,1124.2136,37501.3926,A3,N,N
04/10/2018,15:00,11366.7148,1454.7174,2631.4551,873.493,10304.4473,5415.6929,3327.1396,1044.5082,36418.1683,A6,N,N
04/10/2018,15:00,11279.4004,1457.22,2704.6001,889.75,11280.5,5782.8799,3388.21,966.769,37749.3294,E,N,N
04/10/2018,15:00,11919.9004,1415.33,2613.45,977.38,11547.5,5986.4399,3327.2,861.724,38648.9243,E1,Y,N
04/10/2018,15:00,10995.7002,1497.98,2621.5,981.659,11395.2998,6056.8701,3256.98,1072.1899,37878.179,E2,N,N
04/10/2018,15:00,11107.5,1345.17,2678.79,985.956,11221,5778.1699,3255.1599,944.299,37316.0448,E3,N,N
04/10/2018,16:00,11586.0898,1391.5637,2626.3823,904.0216,10643.168,6064.5215,3432.9536,1151.1451,37799.8456,A3,N,N
04/10/2018,16:00,11593.9668,1435.1168,2606.3979,876.8466,10289.6504,5555.2393,3369.2136,1070.2793,36796.7107,A6,N,N
04/10/2018,16:00,11609.4004,1434.09,2708.6699,963.901,11271,5890.1201,3470.74,1018.65,38366.5714,E,N,N
04/10/2018,16:00,11973.7998,1374.88,2529.6599,995.761,11568,6154.29,3439.1599,873.519,38909.0696,E1,Y,N
04/10/2018,16:00,11193.4004,1515.13,2618.8999,1018.95,11414.5,6213.3101,3319.48,1101.38,38395.0504,E2,N,N
04/10/2018,16:00,11366,1333.21,2661.3601,1067.62,11075.7998,5879.52,3351.8999,1007.46,37742.8698,E3,N,N
04/10/2018,17:00,11897.2529,1394.6442,2650.5032,910.1303,10850.7617,6271.3496,3487.3589,1171.0051,38633.0059,A3,N,N
04/10/2018,17:00,11879.4541,1421.2841,2636.3391,858.8495,10550.2979,5902.8828,3448.9595,1120.1924,37818.2594,A6,N,N
04/10/2018,17:00,11827,1436.15,2732.6699,945.221,11302.2002,6145.5298,3545.3799,1056.58,38990.7308,E,N,N
04/10/2018,17:00,12133.7002,1377.04,2681.0801,994.853,11848.0996,6290.8799,3420.1899,947.149,39692.9917,E1,Y,N
04/10/2018,17:00,11390.7998,1507.3101,2646.1599,998.706,11639.0996,6413.6802,3378.4199,1161.8,39135.9755,E2,N,N
04/10/2018,17:00,11620.5996,1319.12,2647.4399,1087.6,10895.5,6135.8301,3333.74,993.723,38033.5526,E3,N,N
04/10/2018,18:00,11916.0098,1414.355,2637.5005,910.4973,10973.0166,6417.813,3486.6912,1218.1942,38974.0776,A3,N,N
04/10/2018,18:00,11692.7334,1421.022,2636.0869,843.7753,10674.6484,5919.749,3466.4673,1205.0062,37859.4885,A6,N,N
04/10/2018,18:00,11662.7998,1464.05,2702.51,943.3,11497.5,6179.4102,3481,1121.12,39051.69,E,N,N
04/10/2018,18:00,12130.5996,1421.11,2618.21,981.669,11696.5,6419.3501,3431.1001,992.567,39691.1058,E1,Y,N
04/10/2018,18:00,11339.0996,1532.49,2642.79,973.975,11826.4004,6514.8398,3375.95,1219.37,39424.9148,E2,N,N
04/10/2018,18:00,11529.5,1338.76,2633.98,1016.51,11302.5996,6167.1602,3317.46,1079.58,38385.5498,E3,N,N
04/10/2018,19:00,11596.0264,1417.4102,2632.0398,879.0643,11092.1768,6447.3691,3446.4932,1267.3042,38777.884,A3,N,N
04/10/2018,19:00,11430.7783,1438.6484,2635.5413,827.5638,10797.3164,5852.0322,3432.2068,1271.3315,37685.4187,A6,N,N
04/10/2018,19:00,11345.4004,1419.33,2709.3999,980.764,11513.0996,6150.73,3443.8301,1106.73,38669.284,E,N,N
04/10/2018,19:00,11644.4004,1414.51,2608.47,1031.53,11506.7998,6404.0898,3407.3501,1054.28,39071.4301,E1,Y,N
04/10/2018,19:00,11072.0996,1528,2622.4299,921.024,11839.5996,6540.2202,3306.53,1315.01,39144.9133,E2,N,N
04/10/2018,19:00,11222.4004,1361.1899,2631.9099,985.111,11358.7002,6145.9199,3292.6899,1172.84,38170.7612,E3,N,N
04/10/2018,20:00,11463.8906,1445.1992,2651.9268,861.2485,11313.0381,6480.4033,3420.759,1272.3864,38908.8519,A3,N,N
04/10/2018,20:00,11367.2881,1461.3384,2667.2705,829.9542,11025.8447,5922.9775,3414.0808,1291.3939,37980.1481,A6,N,N
04/10/2018,20:00,11168.7002,1435.87,2715.8201,893.568,11545.7998,6164.4902,3387.3501,1188.27,38499.8684,E,N,N
04/10/2018,20:00,11460.2998,1400.61,2578.99,1019.75,11498.2002,6369.4199,3335.6599,1052.84,38715.7698,E1,Y,N
04/10/2018,20:00,10908.7002,1531.1801,2661.6499,897.141,11741,6456.1499,3258.1799,1322,38776.001,E2,N,N
04/10/2018,20:00,11027.2002,1387.84,2672.02,1009.49,11550.7998,6161.0801,3285.8201,1140.91,38235.1602,E3,N,N
04/10/2018,21:00,11297.2041,1458.9108,2698.446,887.0065,11562.0557,6424.2773,3454.3198,1285.5403,39067.7605,A3,N,N
04/10/2018,21:00,11254.3975,1489.8625,2722.3623,868.7889,11276.5391,5758.6445,3430.554,1287.1403,38088.2891,A6,N,N
04/10/2018,21:00,11225.9004,1487.75,2771.1001,925.482,11925.5,6399.8599,3434,1102.61,39272.2024,E,N,N
04/10/2018,21:00,11501,1447.24,2652.73,941.797,11537.5996,6348.3301,3305.3899,1017.13,38751.2166,E1,Y,N
04/10/2018,21:00,11088.5996,1548.62,2746.8799,942.127,12147,6599.4199,3343.73,1321.87,39738.2464,E2,N,N
04/10/2018,21:00,11103.2002,1433.67,2722.6799,956.116,11948.5,6409.25,3289.3701,1162.63,39025.4162,E3,N,N
04/10/2018,22:00,10814.6533,1377.3234,2675.1045,871.1754,11165.8711,6074.3159,3351.8826,1279.0864,37609.4126,A3,N,N
04/10/2018,22:00,10825.4619,1430.5542,2688.8418,858.0629,10910.3711,5482.3413,3315.168,1262.6547,36773.4559,A6,N,N
04/10/2018,22:00,10825,1430.9399,2761.7,869.528,11499.7002,6114.1899,3333.97,1116.1,37951.128,E,N,N
04/10/2018,22:00,11116.0996,1431.02,2649.1101,897.297,11368.2002,6062.5698,3270.3999,1019.87,37814.5666,E1,Y,N
04/10/2018,22:00,10723.5,1500.12,2747.3899,925.315,11775.4004,6335.9399,3261.21,1299.8,38568.6752,E2,N,N
04/10/2018,22:00,10660.9004,1405.0699,2754.6299,962.235,11549.7002,6127.48,3238.6201,1129.66,37828.2955,E3,N,N
04/10/2018,23:00,10069.4219,1279.2904,2625.782,828.1676,10315.084,5583.2529,3112.3672,1235.325,35048.691,A3,N,N
04/10/2018,23:00,10157.9063,1342.7966,2630.2524,818.6482,10078.499,5062.9546,3076.8567,1213.027,34380.9408,A6,N,N
04/10/2018,23:00,10219.0996,1309.5699,2651.28,846.71,10607.4004,5555.04,3169.5901,1120.6801,35479.3701,E,N,N
04/10/2018,23:00,10293.5,1341.21,2598.96,924.378,10254.2002,5618.3101,3084.1299,985.549,35100.2372,E1,Y,N
04/10/2018,23:00,9963.5703,1388.03,2677.55,858.703,10770.5,5765.8901,3014.21,1213.38,35651.8334,E2,N,N
04/10/2018,23:00,10045.2998,1269.24,2676.79,937.319,10576.7002,5564.23,2984.96,1120.25,35174.789,E3,N,N
04/10/2018,24:00,9355.8936,1179.515,2568.613,788.5096,9376.3984,5021.6973,2830.9924,1157.9333,32279.5526,A3,N,N
04/10/2018,24:00,9357.5322,1242.6724,2568.9136,782.2316,9185.3809,4572.1865,2811.5164,1116.3521,31636.7857,A6,N,N
04/10/2018,24:00,9381.5898,1184.45,2645.3899,825.77,9710.4805,4993.8799,2858.74,1079.3101,32679.6102,E,N,N
04/10/2018,24:00,9336.4297,1239.8,2643.21,822.577,9417.4199,5146.0601,2828.53,885.216,32319.2427,E1,Y,N
04/10/2018,24:00,9175.5,1246.59,2604.26,816.279,9714.7197,5146.7798,2718.48,1095.64,32518.2485,E2,N,N
04/10/2018,24:00,9228.29,1166.22,2604.96,873.346,9747.9502,4995.3501,2713.3,1001.59,32331.0063,E3,N,N
04/11/2018,1:00,8805.4229,1129.3691,2490.8262,773.842,8794.7061,4609.9258,2613.1262,1107.8108,30325.0291,A3,N,N
04/11/2018,1:00,8922.8691,1198.7886,2485.5364,819.6248,8819.292,4554.5508,2529.2468,1130.3718,30460.2803,A6,N,N
04/11/2018,1:00,8705.54,1091.3101,2614.8501,778.788,8996.3701,4563.8301,2617.3501,1081.83,30449.8685,E,N,N
04/11/2018,1:00,8622.3799,1172.98,2607.6899,780.776,8734.1299,4745.2998,2600.03,829.68,30092.9655,E1,Y,N
04/11/2018,1:00,8476.1201,1168.45,2607,818.574,8950.2002,4608.02,2471.3701,995.475,30095.2094,E2,N,N
04/11/2018,1:00,8551.5996,1085.02,2554.7,811.684,9015.96,4544.6899,2546.4099,921.781,30031.8444,E3,N,N
04/11/2018,2:00,8476.9756,1094.8429,2470.4216,751.2023,8455.373,4369.0156,2484.395,1078.1157,29180.3417,A3,N,N
04/11/2018,2:00,8511.2998,1159.4836,2476.4778,803.0777,8447.2002,4277.8965,2411.1033,1104.6332,29191.1721,A6,N,N
04/11/2018,2:00,8367.79,1077.17,2563.8,741.566,8689.1396,4361.48,2460.53,1120.84,29382.3156,E,N,N
04/11/2018,2:00,8501.0898,1110.48,2369.8301,773.255,8310.8701,4396.8101,2328.52,769.633,28560.4881,E1,Y,N
04/11/2018,2:00,8111.7798,1115.97,2560.55,804.493,8551.6504,4317.3301,2325.0701,964.693,28751.5364,E2,N,N
04/11/2018,2:00,8248.71,1058.97,2514.3799,808.328,8677.6396,4353.0498,2413.8501,926.449,29001.3764,E3,N,N
04/11/2018,3:00,8287.7813,1076.6744,2467.8733,740.8622,8248.6953,4191.3926,2402.1504,1049.3358,28464.7653,A3,N,N
04/11/2018,3:00,8306.2412,1137.993,2476.0476,796.3165,8212.9912,4117.9331,2312.9834,1086.8193,28447.3253,A6,N,N
04/11/2018,3:00,8139.7798,1051.54,2560.25,760.716,8414.2998,4118.96,2417.6001,994.623,28457.7687,E,N,N
04/11/2018,3:00,8219.3398,1073.74,2436.6899,812.094,8021.2202,4192.04,2303.1399,716.616,27774.8798,E1,Y,N
04/11/2018,3:00,7900.1201,1087.8,2546.8301,818.372,8298.6904,4106.5498,2224.5901,922.266,27905.2185,E2,N,N
04/11/2018,3:00,8022.4199,988.571,2532.0701,752.938,8435.0801,4111.3301,2314.6001,861.425,28018.4343,E3,N,N
04/11/2018,4:00,8135.8501,1079.4847,2477.4634,735.896,8256.9141,4151.3364,2358.7444,1032.4619,28228.151,A3,N,N
04/11/2018,4:00,8159.8584,1135.2844,2491.7253,792.4282,8169.9492,4166.3423,2264.2349,1071.1565,28250.9792,A6,N,N
04/11/2018,4:00,8029.3799,1042.75,2539.0801,811.09,8381.6104,4068.98,2391.51,974.963,28239.3634,E,N,N
04/11/2018,4:00,8117.7202,1120.47,2315.5701,822.404,7908.6699,4130.1001,2265.26,754.771,27434.9653,E1,Y,N
04/11/2018,4:00,7866.46,1084.78,2537.26,818.346,8253.5703,4049.3601,2180.05,918.801,27708.6274,E2,N,N
04/11/2018,4:00,7903.6001,1005.36,2535.0801,818.503,8487.46,4068.46,2280.1201,867.064,27965.6473,E3,N,N
04/11/2018,5:00,8172.8384,1112.7583,2483.1968,744.5839,8504.916,4204.2056,2357.9812,1036.2942,28616.7744,A3,N,N
04/11/2018,5:00,8220.8066,1159.415,2502.0654,801.3046,8219.0117,4191.7661,2277.0269,1090.1702,28461.5665,A6,N,N
04/11/2018,5:00,8136.0601,1017.22,2550.3201,782.594,8487.5,4110.3301,2438.3301,1036.4301,28558.7845,E,N,N
04/11/2018,5:00,8267.6904,1085.5601,2346.3201,758.38,8020.6401,4169,2211.02,726.59,27585.2007,E1,Y,N
04/11/2018,5:00,8015.0801,1105.7,2544.21,834.517,8470.2598,4105.6001,2187.8601,920.359,28183.5861,E2,N,N
04/11/2018,5:00,8030.3398,1030.53,2558.75,803.096,8570.0596,4115.6602,2277.0701,868.161,28253.6667,E3,N,N
04/11/2018,6:00,8639.9912,1192.1588,2502.5007,790.0364,9303.4639,4514.1895,2444.717,1075.1121,30462.1696,A3,N,N
04/11/2018,6:00,8699.0439,1243.7408,2532.3132,841.2195,8747.3916,4486.4917,2374.4207,1105.4827,30030.1041,A6,N,N
04/11/2018,6:00,8631.4004,1191.61,2585.6399,815.658,9301.4805,4394.4502,2525.6499,1061.6801,30507.569,E,N,N
04/11/2018,6:00,8582.5195,1173.13,2463.3301,876.721,8985.0703,4470.8198,2337.46,765.631,29654.6817,E1,Y,N
04/11/2018,6:00,8555.9199,1179.61,2559.25,872.735,9154.5303,4433.2798,2298.73,972.994,30027.049,E2,N,N
04/11/2018,6:00,8538.54,1099.83,2584.48,877.387,9376.4404,4393.8999,2377.1101,938.123,30185.8104,E3,N,N
04/11/2018,7:00,9384.7881,1358.0081,2561.395,876.1744,10824.4336,5130.4438,2698.8025,1165.0341,33999.0796,A3,N,N
04/11/2018,7:00,9458.1152,1432.225,2599.7578,900.5351,10001.2217,5054.748,2635.7776,1166.8647,33249.2451,A6,N,N
04/11/2018,7:00,9454.6504,1385.48,2623.96,899.132,10621.2998,5088.1201,2713.9299,1200.64,33987.2122,E,N,N
04/11/2018,7:00,9453.0498,1289.96,2461.0701,912.94,10102.7002,5070.2402,2599.3501,870.466,32759.7764,E1,Y,N
04/11/2018,7:00,9418.79,1354.78,2613.9299,957.787,10381.2998,5085.2402,2612.24,1070.11,33494.1769,E2,N,N
04/11/2018,7:00,9326.75,1283.79,2662.3899,955.042,10818.2002,5078.5801,2657.1101,1064.01,33845.8723,E3,N,N
04/11/2018,8:00,9677.458,1424.4044,2615.3108,895.1846,11411.6357,5455.8604,2793.2744,1204.5822,35477.7105,A3,N,N
04/11/2018,8:00,9731.0068,1492.3765,2655.0364,924.5686,10446.1357,5358.6392,2758.9958,1214.7684,34581.5274,A6,N,N
04/11/2018,8:00,9757.4902,1438.15,2651.6599,915.106,11190.5,5340.27,2896.49,1244.46,35434.1261,E,N,N
04/11/2018,8:00,9715.7002,1361.87,2661.3799,949.348,10781.2002,5326.1802,2740.02,869.314,34405.0125,E1,Y,N
04/11/2018,8:00,9640.8701,1394.33,2632.47,979.073,10894.2998,5344.3599,2703.26,1114.92,34703.5828,E2,N,N
04/11/2018,8:00,9625.0996,1329.09,2670.3101,919.186,11341.7998,5339.8198,2739.4199,1083.15,35047.8752,E3,N,N
04/11/2018,9:00,9796.2539,1427.0219,2579.7175,881.2903,11148.7871,5434.4443,2751.9543,1197.8215,35217.2908,A3,N,N
04/11/2018,9:00,9831.585,1495.8948,2605.9705,908.0121,10203.2051,5339.2354,2727.1958,1203.0374,34314.1361,A6,N,N
04/11/2018,9:00,9891.2197,1418.12,2628.9199,896.604,10781.7998,5326.9702,2855.2,1234.36,35033.1936,E,N,N
04/11/2018,9:00,9902.9502,1406.14,2411.3899,997.773,10492.5,5354.5898,2725.71,880.251,34171.3039,E1,Y,N
04/11/2018,9:00,9833.9199,1394.52,2607.8701,995.781,10811.2998,5340.9199,2693.6899,1097.23,34775.2306,E2,N,N
04/11/2018,9:00,9831.4199,1294.14,2658.3899,948.734,10967.2002,5331.4502,2766.3201,1051.42,34849.0743,E3,N,N
04/11/2018,10:00,10040.1475,1425.8319,2592.9846,902.9194,10855.457,5470.4556,2818.5266,1161.1688,35267.4914,A3,N,N
04/11/2018,10:00,10095.7109,1507.5637,2623.2241,901.0287,10041.6084,5274.1567,2784.46,1168.0197,34395.7722,A6,N,N
04/11/2018,10:00,10148.5,1390.67,2647.55,1179.4301,11056.2998,5424.7598,2964.1899,1150.8199,35962.2195,E,N,N
04/11/2018,10:00,10174.0996,1439.3,2432.77,1296.37,10931.0996,5523,2828.0801,933.479,35558.1983,E1,Y,N
04/11/2018,10:00,10012.9004,1410.6899,2615.7,1041.67,10966.5,5417.9902,2785.4399,1053.61,35304.5004,E2,N,N
04/11/2018,10:00,10039.7998,1299.63,2658.8701,999.914,11135.9004,5429.9199,2817.6699,951.882,35333.5861,E3,N,N
04/11/2018,11:00,10311.2656,1436.5642,2613.8645,894.2469,10894.498,5550.0044,2933.075,1146.9445,35780.4631,A3,N,N
04/11/2018,11:00,10342.5146,1533.3488,2634.4714,890.623,10187.7002,5253.8984,2897.5032,1135.688,34875.7476,A6,N,N
04/11/2018,11:00,10548.2998,1415.16,2667.23,1240.45,11055.9004,5492.23,3082.27,1338.96,36840.5002,E,N,N
04/11/2018,11:00,10501.7002,1497.08,2475.9399,1070.95,11286.5996,5734.7402,2870.48,884.077,36321.5669,E1,Y,N
04/11/2018,11:00,10561.2002,1419.87,2639,1063.04,11082.2998,5626.6602,2890.0701,1058.4399,36340.5802,E2,N,N
04/11/2018,11:00,10458.2998,1337.55,2655.48,991.664,11101.2998,5486.4399,2941.97,954.328,35927.0315,E3,N,N
04/11/2018,12:00,10639.6709,1412.5547,2665.21,895.3827,10958.5518,5627.1104,3070.7373,1121.5414,36390.7592,A3,N,N
04/11/2018,12:00,10630.3164,1508.3304,2675.9365,881.7357,10344.6592,5255.9512,3008.519,1094.0836,35399.532,A6,N,N
04/11/2018,12:00,10838.2002,1380.52,2737.73,993.419,11218.9004,5658.73,3261.46,1055.74,37144.6996,E,N,N
04/11/2018,12:00,10919.5,1461.35,2641.97,1127.92,11572.5,5893.77,3140.22,860.456,37617.686,E1,Y,N
04/11/2018,12:00,10846.4004,1424.7,2682.6299,1073.83,11171.7998,5764.2002,3018.5801,1047.83,37029.9704,E2,N,N
04/11/2018,12:00,10781,1329,2713.1101,1018.29,11225.9004,5660.0801,3094.0901,942.917,36764.3877,E3,N,N
04/11/2018,13:00,10942.1455,1399.4758,2695.3816,895.313,11013.3643,5732.1631,3235.4976,1116.036,37029.3769,A3,N,N
04/11/2018,13:00,10893.8086,1474.4178,2687.9692,871.3922,10478.4854,5355.2334,3161.7068,1066.4325,35989.4459,A6,N,N
04/11/2018,13:00,11024.2002,1300.91,2768.26,999.584,11123.9004,5837.77,3431.49,999.921,37486.0356,E,N,N
04/11/2018,13:00,11315.7998,1505.29,2656.05,1087.65,11843.7998,6061.27,3300.3301,877.799,38647.9887,E1,Y,N
04/11/2018,13:00,11084.5996,1423.5601,2717.1699,1068.5601,11229.5996,5925.2798,3157.45,1050.48,37656.6991,E2,N,N
04/11/2018,13:00,10915.2998,1342.63,2705.96,1064.13,11103.7002,5839,3188.72,945.527,37104.967,E3,N,N
04/11/2018,14:00,11410.4912,1405.7836,2728.2395,897.8126,11188.8193,5957.5283,3402.3835,1153.5332,38144.5912,A3,N,N
04/11/2018,14:00,11236.3398,1472.8756,2707.6506,862.5506,10724.5791,5457.668,3337.4453,1086.9409,36886.0499,A6,N,N
04/11/2018,14:00,11419.7998,1403.78,2816.04,1096.0699,11323.2998,5971.6602,3545.9399,1089.85,38666.4396,E,N,N
04/11/2018,14:00,11886.9004,1564.97,2715.5801,1124.59,12098.2002,6329.9302,3444.5,915.05,40079.7209,E1,Y,N
04/11/2018,14:00,11472.5996,1454.95,2762.21,1068.22,11408.2998,6152.2798,3332.9199,1097.61,38749.0891,E2,N,N
04/11/2018,14:00,11266.5996,1376.41,2738.4199,1046.26,11297.9004,5955.3101,3421.4399,1007.88,38110.2199,E3,N,N
04/11/2018,15:00,11762.0156,1426.0779,2762.1262,911.7844,11389.7012,6201.5718,3544.7002,1182.8066,39180.7839,A3,N,N
04/11/2018,15:00,11572.6416,1459.2279,2713.0239,871.0036,10903.3906,5614.0513,3440.9888,1083.646,37657.9737,A6,N,N
04/11/2018,15:00,11793.7998,1435.62,2838.47,1045.58,11619.9004,6245.4502,3740.6799,1110.9301,39830.4304,E,N,N
04/11/2018,15:00,12269.7002,1603.7,2828.8401,1286.73,12542.2002,6536.27,3659.2,909.71,41636.3505,E1,Y,N
04/11/2018,15:00,11784.5996,1483.24,2805.1201,1093.05,11649,6411.2202,3494.49,1141.67,39862.3899,E2,N,N
04/11/2018,15:00,11534.2002,1391.3101,2743.6299,1006.76,11568.4004,6241.7402,3539.5901,1033.38,39059.0109,E3,N,N
04/11/2018,16:00,12061.3545,1438.8464,2787.3279,926.7337,11500.6006,6416.9438,3649.3679,1233.553,40014.7278,A3,N,N
04/11/2018,16:00,11865.0254,1449.9021,2725.0129,886.4089,11092.6055,5831.1343,3510.8127,1102.3741,38463.2759,A6,N,N
04/11/2018,16:00,12153.0996,1464.01,2881.46,1063.4399,11892.9004,6505.3501,3843.6699,1232.55,41036.4799,E,N,N
04/11/2018,16:00,12396.7998,1635.84,2784.3101,1113.24,12737,6810.0801,3753.48,953.938,42184.688,E1,Y,N
04/11/2018,16:00,12116.2002,1515.25,2831.28,1141.6,11907.0996,6685.54,3650.7,1194.62,41042.2898,E2,N,N
04/11/2018,16:00,11903.7998,1412.6801,2744.8,1090.59,11766.9004,6490.6602,3729.6101,1132.77,40271.8106,E3,N,N
04/11/2018,17:00,12017.8047,1451.4418,2833.6331,942.4644,11896.8535,6678.6753,3726.8384,1271.8464,40819.5576,A3,N,N
04/11/2018,17:00,12002.8496,1439.507,2766.4153,878.1964,11528.9268,6225.0049,3601.7429,1153.6104,39596.2533,A6,N,N
04/11/2018,17:00,12276.9004,1511.14,2934.24,1082.85,12052.7998,6821.8799,3909.7,1199.87,41789.3801,E,N,N
04/11/2018,17:00,12407,1681.45,2835.5601,1222.97,13230.2002,7059.3999,3775.79,990.496,43202.8662,E1,Y,N
04/11/2018,17:00,12391.2998,1528.85,2871.24,1136.54,12287,6977.1602,3764.3701,1255.13,42211.5901,E2,N,N
04/11/2018,17:00,12130.5996,1400.4399,2766.8501,1099.48,11905.9004,6807.73,3815.9199,1159.53,41086.4499,E3,N,N
04/11/2018,18:00,12088.7871,1469.7701,2835.9263,946.5541,12015.0215,6963.6938,3731.5923,1328.4688,41379.814,A3,N,N
04/11/2018,18:00,12091.6279,1450.1707,2767.1787,869.0842,11716.8311,6508.6411,3637.1692,1281.8055,40322.5084,A6,N,N
04/11/2018,18:00,12246.0996,1523.97,2890.75,1052.33,12291.5,7039.6899,3850.1201,1216.52,42110.9796,E,N,N
04/11/2018,18:00,12425.7998,1663.9,2933.3201,1155.9301,13206,7290.3101,3713.1101,1028.5,43416.8702,E1,Y,N
04/11/2018,18:00,12313.7002,1553.4399,2878.9099,1119.15,12503.2002,7122.25,3737.4099,1300.41,42528.4701,E2,N,N
04/11/2018,18:00,12101.5,1427.12,2762.28,1061.02,12176.5996,7020.73,3791.8601,1228.55,41569.6597,E3,N,N
04/11/2018,19:00,11698.4355,1478.9197,2834.9036,923.1063,12078.876,7087.4595,3644.3716,1377.8835,41123.9557,A3,N,N
04/11/2018,19:00,11780.1904,1460.7229,2783.7251,859.5598,11815.9648,6449.8149,3567.2434,1363.7511,40080.9724,A6,N,N
04/11/2018,19:00,11774,1481.9301,2888.8401,1011.32,12135,6927.7998,3637.4399,1362.6,41218.9299,E,N,N
04/11/2018,19:00,11747.5996,1642.4301,2861.05,1174.23,12705.5,7208.5898,3602.3301,1043.42,41985.1496,E1,Y,N
04/11/2018,19:00,11927.2002,1553.76,2866.9099,1059.88,12462.2002,7131.3799,3637.21,1360.5,41999.0402,E2,N,N
04/11/2018,19:00,11684.4004,1470.05,2764.8701,1013.31,12038.0996,6922.5498,3670.3401,1304.1,40867.72,E3,N,N
04/11/2018,20:00,11539.2266,1506.8297,2853.9763,900.6905,12169.9248,7049.8594,3605.165,1373.4347,40999.107,A3,N,N
04/11/2018,20:00,11619.4736,1477.3375,2823.4736,858.3377,11902.0107,6464.7524,3540.7732,1380.4229,40066.5816,A6,N,N
04/11/2018,20:00,11598.9004,1505.96,2907.0901,942.842,12239.7002,6817.2202,3630.79,1302.3,40944.8029,E,N,N
04/11/2018,20:00,11459.2998,1571.12,2778.75,1135.24,12601.7998,6995.8101,3501.4199,1039.3199,41082.7595,E1,Y,N
04/11/2018,20:00,11604.2002,1538.54,2867.95,1017.08,12317,6980.46,3498.4099,1338.38,41162.0201,E2,N,N
04/11/2018,20:00,11462.2998,1441.48,2769.75,978.58,12255.2998,6809.8501,3608.3301,1268.34,40593.9298,E3,N,N
04/11/2018,21:00,11577.1426,1545.954,2887.7046,919.5143,12433.6514,7107.8501,3694.4128,1388.5618,41554.7916,A3,N,N
04/11/2018,21:00,11546.7051,1503.9388,2876.2324,889.7986,12126.1826,6426.3652,3623.3728,1359.9705,40352.566,A6,N,N
04/11/2018,21:00,11574.2002,1508.0601,2901.96,984.165,12654.2002,6904.2598,3690.3999,1342.45,41559.6952,E,N,N
04/11/2018,21:00,11646.9004,1603.3199,2795.8101,1003.49,12769.2002,7094.1802,3539.5601,996.326,41448.7869,E1,Y,N
04/11/2018,21:00,11648.9004,1557.24,2891.4099,1055.02,12548.9004,7046.3398,3526.1399,1316.6801,41590.6305,E2,N,N
04/11/2018,21:00,11511,1480.72,2797.2,962.055,12677.5996,6913.6201,3637.05,1255.05,41234.2947,E3,N,N
04/11/2018,22:00,11065.3984,1476.7247,2836.614,888.792,11894.0664,6667.9395,3578.8379,1370.1051,39778.478,A3,N,N
04/11/2018,22:00,11019.6133,1434.8885,2826.8787,868.5574,11613.9258,6068.8564,3498.9678,1292.0325,38623.7204,A6,N,N
04/11/2018,22:00,11206.5996,1465.16,2869.3601,945.358,12233.5996,6699.3301,3547.2,1272.78,40239.3874,E,N,N
04/11/2018,22:00,11204.4004,1562.85,2799.99,970.773,12491,6682.25,3418.96,992.916,40123.1394,E1,Y,N
04/11/2018,22:00,11169.9004,1501.25,2854.96,1044.84,12159.5996,6749.0801,3418.99,1292.48,40191.1001,E2,N,N
04/11/2018,22:00,11059.7002,1438.3101,2781.8501,1014.4,12280.0996,6721.6299,3506.22,1213.6,40015.8099,E3,N,N
04/11/2018,23:00,10300.9395,1363.9506,2744.0908,830.0658,10821.7139,5998.2593,3311.792,1303.9142,36674.7261,A3,N,N
04/11/2018,23:00,10242.2588,1338.0492,2744.053,818.5238,10579.1357,5477.2314,3254.5869,1254.1984,35708.0372,A6,N,N
04/11/2018,23:00,10427.9004,1366.54,2820.45,831.748,11157.2002,6103.6201,3302.9099,1199.12,37209.4886,E,N,N
04/11/2018,23:00,10364.5996,1434.39,2718.26,928.433,11371.2002,6085.6401,3229.8201,969.453,37101.796,E1,Y,N
04/11/2018,23:00,10419.5,1392.1899,2777.2,960.766,11195.2002,6161.6299,3175.3201,1221.63,37303.4361,E2,N,N
04/11/2018,23:00,10399.2002,1299.29,2703.78,872.491,11096.5996,6118.0801,3250.6599,1195.71,36935.8108,E3,N,N
04/11/2018,24:00,9417.458,1243.3073,2654.8889,776.2127,9727.8271,5314.7559,3008.2107,1207.3989,33350.0595,A3,N,N
04/11/2018,24:00,9454.8496,1230.847,2687.6855,772.9074,9526.7051,4901.1753,2970.8416,1163.7881,32708.7996,A6,N,N
04/11/2018,24:00,9633.3896,1217.21,2719.1101,826.382,10132.0996,5434.8901,3015.29,1104.36,34082.7314,E,N,N
04/11/2018,24:00,9417.79,1297.83,2750.1699,884.25,10384.5996,5473.3799,2965.49,892.23,34065.7394,E1,Y,N
04/11/2018,24:00,9599.2998,1247.58,2692.3899,884.559,10090.2002,5498.3198,2870.6499,1116.97,33999.9686,E2,N,N
04/11/2018,24:00,9544.29,1167.1,2620.2,869.474,10126.7002,5441,2926.4299,1066.78,33761.9741,E3,N,N
04/12/2018,1:00,8882.1592,1167.4313,2554.6719,750.2882,9031.9727,4836.5874,2773.7781,1145.1157,31142.0045,A3,N,N
04/12/2018,1:00,9004.415,1170.9082,2577.4553,796.5222,9043.167,4829.2871,2703.1162,1167.8115,31292.6825,A6,N,N
04/12/2018,1:00,8971.8203,1108.9301,2653.26,801.795,9160.5195,4878.6699,2788.04,997.596,31360.6308,E,N,N
04/12/2018,1:00,8704.8096,1197.39,2707.22,875.36,9536.0098,5014.3999,2756.1799,857.179,31648.5482,E1,Y,N
04/12/2018,1:00,8946.7695,1157.95,2646.6101,834.522,9163.3799,4955.6001,2635.6799,1035.4,31375.9115,E2,N,N
04/12/2018,1:00,8864.5498,1046.9,2556.3201,825.028,9147.1602,4858.9199,2703.97,976.556,30979.404,E3,N,N
04/12/2018,2:00,8576.2842,1114.3612,2521.6733,720.366,8607.5645,4553.7349,2629.8286,1107.2369,29831.0496,A3,N,N
04/12/2018,2:00,8611.9111,1121.4717,2549.2771,772.4642,8581.5771,4505.7456,2560.2227,1134.8628,29837.5323,A6,N,N
04/12/2018,2:00,8611.4697,1099.4,2603.97,816.984,8552.8096,4504.8999,2651.8101,936.499,29777.8423,E,N,N
04/12/2018,2:00,8607.0996,1117.34,2452.6599,926.435,8908.9697,4710.3398,2539.5601,786.977,30049.3811,E1,Y,N
04/12/2018,2:00,8554.1504,1099.8101,2580.2,799.125,8641.7598,4635.0098,2480.49,1007.42,29797.9651,E2,N,N
04/12/2018,2:00,8571.4902,995.476,2494.8201,794.555,8577.4502,4495.9399,2522.53,999.333,29451.5944,E3,N,N
04/12/2018,3:00,8399.5889,1071.2377,2510.1946,704.1684,8317.1494,4357.7271,2541.071,1071.7261,28972.8632,A3,N,N
04/12/2018,3:00,8430.5547,1098.4655,2534.2864,758.9849,8257.1602,4334.7856,2450.821,1110.8857,28975.944,A6,N,N
04/12/2018,3:00,8441.7305,1001.4,2579.76,768.716,8235.1504,4328.4702,2591.3101,1019.25,28965.7872,E,N,N
04/12/2018,3:00,8349.3096,1077.55,2526.6101,814.083,8427.5303,4505.5801,2461.04,712.421,28874.1241,E1,Y,N
04/12/2018,3:00,8331.9502,1065.3199,2550.6201,781.513,8269.21,4403.7002,2383.8999,969.253,28755.4663,E2,N,N
04/12/2018,3:00,8331.1904,947.833,2472.4199,792.531,8272.8604,4319.6802,2450.23,922.969,28509.7139,E3,N,N
04/12/2018,4:00,8279.2813,1059.4583,2507.9849,695.3276,8224.2363,4298.4497,2498.5586,1047.998,28611.2947,A3,N,N
04/12/2018,4:00,8293.8379,1091.6196,2535.1143,750.4831,8123.3242,4367.6606,2406.7834,1089.0253,28657.8484,A6,N,N
04/12/2018,4:00,8362.0596,1014.82,2592.0801,855.747,7954.6499,4244.3999,2551.4199,1071.21,28646.3864,E,N,N
04/12/2018,4:00,8337.9697,1054.84,2348.8601,799.046,8452.0498,4351.9102,2421.54,788.109,28554.3248,E1,Y,N
04/12/2018,4:00,8255.7402,1060.36,2537.6599,775.041,8200.3203,4327.9199,2331.46,959.436,28447.9373,E2,N,N
04/12/2018,4:00,8208.5195,952.238,2460.1001,788.823,8094.1602,4243.96,2393.2,937.107,28078.1078,E3,N,N
04/12/2018,5:00,8354.1621,1076.4917,2505.6682,699.4776,8376.835,4324.2065,2490.9529,1044.9907,28872.7847,A3,N,N
04/12/2018,5:00,8340.207,1109.8287,2534.0359,752.8976,8093.2754,4363.8994,2415.8096,1102.156,28712.1096,A6,N,N
04/12/2018,5:00,8436.9297,1048.58,2570.8201,778.728,8101.3398,4255.1001,2600.48,1043.01,28834.9877,E,N,N
04/12/2018,5:00,8527.4004,1065.47,2433.24,741.188,8274.2695,4298.8999,2378.8,854.336,28573.6038,E1,Y,N
04/12/2018,5:00,8379.3203,1079.11,2535.8101,777.286,8395.9404,4365.5601,2328.4399,954.896,28816.3628,E2,N,N
04/12/2018,5:00,8367.6699,957.025,2500.7,785.76,8160.46,4263.5098,2399.3201,909.8,28344.2448,E3,N,N
04/12/2018,6:00,8796.6377,1139.171,2516.6191,722.1866,9032.9629,4613.7847,2574.4543,1075.144,30470.9603,A3,N,N
04/12/2018,6:00,8782.667,1165.574,2553.803,776.8682,8508.5049,4649.7446,2506.7285,1110.9071,30054.7973,A6,N,N
04/12/2018,6:00,8917.96,1134.22,2567.5801,771.085,8777.2598,4557.1401,2680.7,1074.5,30480.445,E,N,N
04/12/2018,6:00,8854.0596,1162.0601,2576.1001,817.07,8692.4697,4645.7998,2490.3401,808.426,30046.3254,E1,Y,N
04/12/2018,6:00,8915,1144.49,2548.29,797.722,9063.5,4682.5898,2420.47,992.934,30564.9958,E2,N,N
04/12/2018,6:00,8805.7998,1046.51,2485.9299,841.445,8815.4902,4561.1099,2484.6299,1016.22,30057.1347,E3,N,N
04/12/2018,7:00,9561.3115,1267.2397,2567.8252,791.3977,10237.2207,5178.3413,2814.6023,1156.4738,33574.4122,A3,N,N
04/12/2018,7:00,9551.2891,1288.3545,2611.9807,822.4135,9540.3232,5172.5444,2748.1758,1164.6124,32899.6936,A6,N,N
04/12/2018,7:00,9742.6201,1289.0699,2629.8401,843.402,10011.9004,5138.9902,2851.1399,1182.39,33689.3526,E,N,N
04/12/2018,7:00,9763.96,1260.89,2457.1299,873.929,10259.5,5208.77,2767.6299,839.347,33431.1558,E1,Y,N
04/12/2018,7:00,9770.4102,1312.35,2602.9199,870.773,10297.7998,5349.9902,2719.6599,1067.59,33991.493,E2,N,N
04/12/2018,7:00,9494.2002,1192.41,2530.6399,898.407,10093.7998,5130.6201,2740.49,1042.22,33122.787,E3,N,N
04/12/2018,8:00,9887.7852,1321.8087,2616.0632,815.2169,10865.5029,5476.7456,2947.0969,1196.5905,35126.8099,A3,N,N
04/12/2018,8:00,9853.6582,1358.698,2660.5073,846.7019,9965.5381,5440.0303,2890.4231,1209.6851,34225.242,A6,N,N
04/12/2018,8:00,9886.9004,1414.29,2671.6001,844.47,10655.7002,5366.98,3041.1599,1029.42,34910.5206,E,N,N
04/12/2018,8:00,10128,1323.42,2749.3799,882.583,10805.7998,5595.7798,2890.03,859.169,35234.1615,E1,Y,N
04/12/2018,8:00,9999.7998,1353.1899,2627.1899,891.86,10900.2998,5605.96,2807.3301,1107.47,35293.0995,E2,N,N
04/12/2018,8:00,9805.2598,1252.15,2597.6399,924.172,10720.2998,5368.46,2861.3,1095.76,34625.0415,E3,N,N
04/12/2018,9:00,10082.6738,1332.2764,2588.0527,815.1197,10872.1719,5503.811,2929.3127,1194.8008,35318.219,A3,N,N
04/12/2018,9:00,10028.2637,1392.5431,2611.9719,846.9954,9927.7773,5476.3447,2881.7161,1200.2393,34365.8515,A6,N,N
04/12/2018,9:00,10221.9004,1344.55,2661.3101,887.446,10572.5996,5520.25,3075.0901,1171.8199,35454.9661,E,N,N
04/12/2018,9:00,10424.5,1355.36,2467.1799,946.768,10840.9004,5696.4902,2953.72,860.623,35545.5415,E1,Y,N
04/12/2018,9:00,10245.7998,1365.11,2618.8101,908.749,10929.7002,5623.0601,2822,1098.1899,35611.4191,E2,N,N
04/12/2018,9:00,10198.5,1257.8199,2574.22,925.721,10605.9004,5530.0898,2938.8999,1042.74,35073.891,E3,N,N
04/12/2018,10:00,10468.8604,1361.9335,2617.9072,857.9599,10967.3281,5622.1035,3043.8862,1170.0345,36110.0133,A3,N,N
04/12/2018,10:00,10486.9209,1439.6938,2637.3733,860.9037,10071.5713,5480.2529,2988.2354,1172.3259,35137.2772,A6,N,N
04/12/2018,10:00,10648.7998,1390.2,2717.3799,885.42,10965.2998,5613.5,3199.6699,1172.05,36592.3194,E,N,N
04/12/2018,10:00,10997.4004,1436.26,2542.3501,1000.53,11364.4004,5847.8999,3073.79,898.982,37161.6128,E1,Y,N
04/12/2018,10:00,10650.4004,1398.15,2650.4399,959.331,11127.9004,5732.1699,2971.0701,1057.85,36547.3117,E2,N,N
04/12/2018,10:00,10632.5,1287.03,2607.2,949.441,10992.7002,5622.8701,3073.9199,971.939,36137.6002,E3,N,N
04/12/2018,11:00,11132.8984,1412.719,2663.6067,868.3304,11333.8027,5821.563,3222.71,1172.9017,37628.5319,A3,N,N
04/12/2018,11:00,11000.8838,1485.8235,2664.3352,870.6841,10483.6855,5568.1392,3169.6423,1151.6541,36394.8477,A6,N,N
04/12/2018,11:00,11194.9004,1357.6,2716.1101,896.213,11276,5839.3999,3331,1057.67,37668.8934,E,N,N
04/12/2018,11:00,11443,1470.04,2598.51,1034.65,11729.0996,6044.2798,3268.8701,883.402,38471.8515,E1,Y,N
04/12/2018,11:00,11247.2998,1435.55,2699.79,1005.98,11535.7002,6016.4702,3137.8799,1080.08,38158.7501,E2,N,N
04/12/2018,11:00,11147.0996,1334.38,2628.6499,968.524,11278.9004,5840.6299,3260.73,971.107,37430.0208,E3,N,N
04/12/2018,12:00,11772.751,1441.1416,2746.8074,892.2105,11717.3252,6019.4678,3408.2913,1170.8059,39168.8007,A3,N,N
04/12/2018,12:00,11482.374,1503.2836,2729.2341,884.3494,10895.9873,5668.7549,3332.0867,1125.8622,37621.9322,A6,N,N
04/12/2018,12:00,11666.4004,1404.6899,2816.8401,990.302,11608.2002,6119.1602,3542.6599,1142.16,39290.4127,E,N,N
04/12/2018,12:00,12094.2002,1513.13,2777.8301,1081.14,12304.2998,6386.1499,3387.21,867.498,40411.458,E1,Y,N
04/12/2018,12:00,11727.2002,1471.98,2774.73,1043.0699,11806.5996,6239.4399,3329.2,1087.14,39479.3596,E2,N,N
04/12/2018,12:00,11682.7998,1358.77,2725.55,1009.27,11590.2002,6123.9302,3413.1599,1026.4,38930.0801,E3,N,N
04/12/2018,13:00,12280.3408,1473.4446,2808.22,911.6404,12056.1572,6239.1885,3600.793,1187.4021,40557.1866,A3,N,N
04/12/2018,13:00,11992.9092,1513.1082,2768.4541,894.6403,11258.9121,5908.5918,3510.7522,1114.6768,38962.0447,A6,N,N
04/12/2018,13:00,12161,1418.8199,2890.3701,1007.89,11896.9004,6429.6099,3737.45,1102.74,40644.7803,E,N,N
04/12/2018,13:00,12493,1536.22,2902,1052.63,12764.4004,6633.5601,3665.6399,875.045,41922.4954,E1,Y,N
04/12/2018,13:00,12116.0996,1506.61,2836.5901,1064.63,12041.4004,6501.7598,3528.3799,1110.76,40706.2298,E2,N,N
04/12/2018,13:00,12101.5996,1398.9,2758.1001,1109.54,11853.7998,6434.9102,3561.8101,1016.26,40234.9198,E3,N,N
04/12/2018,14:00,12652.1719,1507.2496,2872.8228,929.5132,12482.4668,6575.2026,3793.4138,1248.2642,42061.1049,A3,N,N
04/12/2018,14:00,12448.9551,1545.5504,2815.1125,904.082,11717.3555,6128.5493,3725.8394,1103.8235,40389.2677,A6,N,N
04/12/2018,14:00,12715,1550.1801,3020.29,1131.99,12552.2998,6799.6099,3959.5801,1201.28,42930.2299,E,N,N
04/12/2018,14:00,13072,1618.74,2791.3101,1110.0699,13200.4004,7031.3301,3867.8401,918.049,43609.7396,E1,Y,N
04/12/2018,14:00,12587.2002,1560.34,2893.01,1095.98,12429.4004,6840.9502,3754.9099,1183.88,42345.6707,E2,N,N
04/12/2018,14:00,12539,1465.42,2793.6499,1102.3101,12576.2998,6783.2598,3884.6899,1063.08,42207.7095,E3,N,N
04/12/2018,15:00,12919.085,1528.764,2924.053,953.8643,12906.8945,6938.7896,3966.0002,1301.4252,43438.8758,A3,N,N
04/12/2018,15:00,12791.0947,1557.298,2800.1724,926.68,12090.5156,6433.6289,3862.4949,1174.6945,41636.579,A6,N,N
04/12/2018,15:00,13206.4004,1584.53,2948.8401,1079.52,12931.7002,7232.0801,4157.6802,1280.75,44421.501,E,N,N
04/12/2018,15:00,13412,1708.86,2941.9399,1280.97,13763.4004,7249.3101,4087.75,934.394,45378.6244,E1,Y,N
04/12/2018,15:00,12931.4004,1608.6,2941.1001,1138.35,12833.2002,7199.7002,3958.4299,1263.15,43873.9308,E2,N,N
04/12/2018,15:00,13027.7002,1539.12,2824.1201,1079.1,12936.5,7233.8101,4092.1201,1130.21,43862.6805,E3,N,N
04/12/2018,16:00,13065.8613,1549.1655,2951.9363,972.4282,13164.1162,7288.1899,4155.9775,1370.5371,44518.212,A3,N,N
04/12/2018,16:00,13119.0391,1559.7573,2821.3579,952.3492,12411.4639,6742.874,4052.0095,1275.33,42934.1809,A6,N,N
04/12/2018,16:00,13736.4004,1616.1,2996.53,1081.8199,13440.7998,7523.2402,4296.48,1366.58,46057.9503,E,N,N
04/12/2018,16:00,13593,1708.33,2924.1201,1155.62,14262.2002,7606.1099,4211.6001,982.814,46443.7943,E1,Y,N
04/12/2018,16:00,13221.4004,1645.89,2966.4399,1197.3101,13229,7532.71,4120.9702,1333.3101,45247.0307,E2,N,N
04/12/2018,16:00,13452.2002,1583.5699,2866.4199,1218.78,13383.2998,7507.1499,4265.9302,1274.38,45551.7299,E3,N,N
04/12/2018,17:00,13120.6182,1577.0233,2985.2566,996.1804,13610.8193,7650.7441,4266.6968,1427.2483,45634.587,A3,N,N
04/12/2018,17:00,13265.498,1573.3755,2884.335,954.8221,12906.8223,7169.1982,4134.8062,1386.533,44275.3903,A6,N,N
04/12/2018,17:00,13681.4004,1573.03,3030.3999,1168.4301,13740.7002,7881.3398,4340.02,1397.7,46813.0204,E,N,N
04/12/2018,17:00,13593.7002,1744.72,2963.1299,1274.24,14542.9004,7898.6201,4243.8799,1035.14,47296.3305,E1,Y,N
04/12/2018,17:00,13387.7002,1665.73,2990.1299,1212.33,13712.2002,7849.27,4240.7202,1397.95,46456.0305,E2,N,N
04/12/2018,17:00,13649.2002,1528.33,2853.9299,1246.72,13735.0996,7865.21,4369.4702,1340.34,46588.2999,E3,N,N
04/12/2018,18:00,12907.7021,1594.6335,2959.4421,1006.684,13681.5225,7895.7671,4258.9341,1493.1818,45797.8672,A3,N,N
04/12/2018,18:00,13115.2949,1573.1063,2898.8423,953.2247,13066.417,7446.0376,4178.4658,1518.5918,44749.9804,A6,N,N
04/12/2018,18:00,13549,1542.12,2986.6499,1141.35,13968.5,7990.9902,4298.6401,1385.39,46862.6402,E,N,N
04/12/2018,18:00,13301.5,1738.65,3129.9099,1233.1,14657.7998,8037.8999,4173.5098,1115.2,47387.5694,E1,Y,N
04/12/2018,18:00,13207,1679.12,2975.97,1210.12,13946,7985.75,4196.8398,1432.27,46633.0698,E2,N,N
04/12/2018,18:00,13465.7002,1557.34,2808.73,1177.66,13906.2998,7966.6699,4277.52,1392.21,46552.1299,E3,N,N
04/12/2018,19:00,12598.2197,1609.1493,2944.3054,973.5906,13703.8047,8055.1123,4185.8413,1554.6492,45624.6725,A3,N,N
04/12/2018,19:00,12798.6582,1585.0919,2905.8516,936.1324,13127.0703,7465.02,4144.0015,1608.5065,44570.3324,A6,N,N
04/12/2018,19:00,12943.2998,1515.95,2935.1499,1071.1899,13567.4004,7901.8799,4121.0601,1520.49,45576.42,E,N,N
04/12/2018,19:00,12714.5996,1723.0601,2994.71,1190.17,14077.2002,7992.1299,4009.5701,1096.67,45798.1099,E1,Y,N
04/12/2018,19:00,12747.7998,1664.03,2946.6699,1153.36,13846.2002,7959.8198,4044.1299,1465.8101,45827.8197,E2,N,N
04/12/2018,19:00,12860,1564.42,2776.29,1123.26,13430.0996,7897.8501,4157.21,1435.34,45244.4697,E3,N,N
04/12/2018,20:00,12514.6367,1638.4349,2964.8303,948.9645,13633.9385,7996.9233,4140.0698,1547.5306,45385.3286,A3,N,N
04/12/2018,20:00,12560.4561,1597.516,2939.7798,933.0602,13063.9316,7443.0767,4139.8799,1625.7014,44303.4017,A6,N,N
04/12/2018,20:00,12608.5996,1560.15,2983.3799,1010.08,13783.2998,7649,4023.3401,1476.16,45094.0094,E,N,N
04/12/2018,20:00,12192.2002,1624.88,2915.1899,1140.05,13965.2998,7700.27,3926.73,1037.61,44502.2299,E1,Y,N
04/12/2018,20:00,12394.9004,1635.4,2927.47,1105.66,13647.7002,7757.7798,3866.5701,1430.58,44766.0605,E2,N,N
04/12/2018,20:00,12556.5,1558.73,2780.1201,1111.64,13555.2998,7643.7402,4003.4199,1396.12,44605.57,E3,N,N
04/12/2018,21:00,12623.6133,1683.7177,3017.0964,963.2976,13852.3838,8001.4092,4204.2666,1545.0427,45890.8273,A3,N,N
04/12/2018,21:00,12502.127,1609.2836,2986.1902,959.7191,13221.4639,7331.4473,4199.4448,1599.4647,44409.1406,A6,N,N
04/12/2018,21:00,12599.7998,1491.97,2968.1699,1020.94,13909.5996,7717.27,4054.71,1470.29,45232.7493,E,N,N
04/12/2018,21:00,12586.2998,1683.1899,2940.5801,1064.35,14135.0996,7807.1699,3945.1001,1020.96,45182.7494,E1,Y,N
04/12/2018,21:00,12410.0996,1643.73,2940.3501,1125.5699,13832,7789.7598,3867.2,1404.9,45013.6094,E2,N,N
04/12/2018,21:00,12598.7002,1573.41,2856.72,1072.65,13852.2002,7732.4199,3991.3601,1392.59,45070.0504,E3,N,N
04/12/2018,22:00,12136.6953,1596.5071,2950.8035,928.3391,13121.9873,7439.4409,4069.9512,1502.2859,43746.0103,A3,N,N
04/12/2018,22:00,11886.2266,1519.1971,2931.2021,931.9048,12567.9492,6861.2764,4075.2148,1516.9261,42289.8971,A6,N,N
04/12/2018,22:00,12156.2998,1616.11,2959.8201,1038.04,13251.2998,7398.1899,3891.5801,1340.61,43651.9497,E,N,N
04/12/2018,22:00,12210,1624.75,2954.9099,1073.4,13463.7002,7312.6602,3755.3501,990.526,43385.2964,E1,Y,N
04/12/2018,22:00,11926.5,1581.4399,2897.97,1112.1899,13354,7453.3599,3734.28,1369.21,43428.9497,E2,N,N
04/12/2018,22:00,12122.2002,1512.71,2800.23,1086.62,13151.2998,7426.52,3890.4399,1323.28,43313.2999,E3,N,N
04/12/2018,23:00,11381.6104,1473.101,2860.0542,860.9792,11826.6572,6684.4116,3750.6643,1408.9078,40246.3857,A3,N,N
04/12/2018,23:00,11056.6201,1405.4243,2844.812,870.9828,11351.875,6197.7109,3781.2856,1393.3806,38902.0913,A6,N,N
04/12/2018,23:00,11430.0996,1508.98,2869.0801,874.518,11930.2002,6800.6602,3645.72,1219.6,40278.8581,E,N,N
04/12/2018,23:00,11372.0996,1516.22,2792.1001,947.244,12278.2998,6744.0601,3512.73,1003.27,40166.0236,E1,Y,N
04/12/2018,23:00,11192.2998,1472.1899,2820.1499,1025.22,12332.7998,6835.79,3506.6599,1281.23,40466.3393,E2,N,N
04/12/2018,23:00,11513.9004,1420.13,2723.96,970.467,11886.4004,6820.8701,3601.1799,1285.73,40222.6378,E3,N,N
04/12/2018,24:00,10469.8438,1335.6222,2757.3594,799.5778,10515.2627,5913.7471,3399.4319,1289.5339,36480.3788,A3,N,N
04/12/2018,24:00,10180.1289,1284.9039,2747.5283,815.8421,10127.8779,5503.0005,3446.0559,1225.2402,35330.5777,A6,N,N
04/12/2018,24:00,10533.2998,1360.0699,2779.8799,871.797,10802,6107.27,3383.3899,1141.23,36978.9365,E,N,N
04/12/2018,24:00,10378.2002,1388.79,2842.5601,926.799,11091.7002,6059.3301,3276,956.297,36919.6766,E1,Y,N
04/12/2018,24:00,10388.9004,1338.99,2731.7,919.833,11162.7002,6124.8501,3219.8101,1155.9,37042.6838,E2,N,N
04/12/2018,24:00,10586.7998,1271.6,2641.1699,903.586,10795.2998,6115.8799,3267.97,1124.84,36707.1454,E3,N,N
04/13/2018,1:00,9857.3594,1252.3837,2684.7183,768.4385,9704.0059,5358.7505,3111.1636,1215.8995,33952.7194,A3,N,N
04/13/2018,1:00,9719.9014,1215.4829,2631.6082,833.2318,9540.0488,5360.418,3117.1458,1189.8853,33607.7222,A6,N,N
04/13/2018,1:00,9792.8203,1250.01,2715.77,849.186,9773.5898,5500.9902,3206.22,1036.29,34124.8763,E,N,N
04/13/2018,1:00,9689.5801,1281.8199,2774.4299,918.538,10144.2998,5479.1201,3097.48,947.02,34332.2878,E1,Y,N
04/13/2018,1:00,9781.7998,1261.13,2696.5,832.301,10168.5996,5522.8599,3011.5801,1050.4399,34325.2103,E2,N,N
04/13/2018,1:00,9760.6797,1155.15,2591.9099,806.726,9702.0498,5475.1899,3047.3401,1011.47,33550.5154,E3,N,N
04/13/2018,2:00,9475.7334,1194.3817,2646.5833,733.9982,9142.7793,5062.1777,2954.1855,1166.0521,32375.8912,A3,N,N
04/13/2018,2:00,9204.4668,1159.8468,2606.4399,803.9843,8968.6924,5044.6123,2955.6372,1133.7395,31877.4192,A6,N,N
04/13/2018,2:00,9381.8496,1155.2,2652.7,874.811,9256.71,5081.0601,3147.3401,986.766,32536.4368,E,N,N
04/13/2018,2:00,9641.4404,1168.67,2518.6899,940.263,9585.04,4962.4199,2939.5801,827.204,32583.3073,E1,Y,N
04/13/2018,2:00,9374.1797,1206.91,2640.1201,778.281,9566.8896,5152.2798,2862,1011.71,32592.3702,E2,N,N
04/13/2018,2:00,9360.5098,1078.51,2541.3601,779.378,9188.7803,5071.1602,2913.8,998.989,31932.4874,E3,N,N
04/13/2018,3:00,9255.3232,1147.8759,2626.1956,715.8026,8852.0283,4852.543,2851.8625,1120.838,31422.4691,A3,N,N
04/13/2018,3:00,9107.4072,1133.5938,2617.9585,788.207,8638.7549,4847.8208,2822.6069,1139.8455,31096.1946,A6,N,N
04/13/2018,3:00,9090.4404,1075.5,2635.8999,798.334,8699.4902,4983.1499,3035.1699,1087.87,31405.8543,E,N,N
04/13/2018,3:00,9056.8701,1117.42,2556.77,873.775,9203.7197,4958.4502,2793.6101,802.466,31363.0811,E1,Y,N
04/13/2018,3:00,9141.4297,1168.03,2609.52,744.734,9156.1602,4889.7998,2766.03,968.935,31444.6387,E2,N,N
04/13/2018,3:00,9085.8799,1057.77,2501.27,713.48,8654.9805,4973.1899,2813.29,904.655,30704.5153,E3,N,N
04/13/2018,4:00,9170.6738,1143.9854,2612.8464,705.3574,8772.582,4795.7979,2805.3262,1090.5237,31097.0928,A3,N,N
04/13/2018,4:00,9011.7861,1124.3203,2610.7312,777.7642,8507.54,4876.1953,2761.4639,1124.6079,30794.4089,A6,N,N
04/13/2018,4:00,8948.9004,1011.77,2615.73,716.881,8818.1104,4790.7798,2999.8101,1058.86,30960.8417,E,N,N
04/13/2018,4:00,9275.4902,1098.5601,2441.8999,859.435,8998.0801,4770.7798,2757.6201,852.995,31054.8602,E1,Y,N
04/13/2018,4:00,9026.6396,1145.67,2596.1599,738.422,9020.1797,4791.8501,2693.03,945.199,30957.1503,E2,N,N
04/13/2018,4:00,9021.8799,1026.29,2519.6201,714.679,8746.1396,4792.6201,2791.52,891.827,30504.5757,E3,N,N
04/13/2018,5:00,9270.6963,1161.7633,2610.3972,708.0457,8944.5957,4806.0073,2766.5271,1083.9821,31352.0147,A3,N,N
04/13/2018,5:00,9112.7861,1138.2008,2601.667,778.7715,8488.9873,4858.0068,2746.1328,1133.7891,30858.3414,A6,N,N
04/13/2018,5:00,9116.1201,1088.39,2614.6101,751.707,8879.8496,4812.04,3014.6499,981.978,31259.3447,E,N,N
04/13/2018,5:00,9378.0801,1140.58,2423.6899,798.722,9118.0195,4404.5498,2805.21,876.044,30944.8953,E1,Y,N
04/13/2018,5:00,9112.46,1148.79,2596.1599,739.547,9115.25,4811,2676.1499,933.187,31132.5438,E2,N,N
04/13/2018,5:00,9054.2598,1043.37,2580.8799,725.605,8828.0996,4822.9702,2740.8999,884.648,30680.7324,E3,N,N
04/13/2018,6:00,9795.0176,1221.6064,2616.6631,729.1642,9673.0771,5041.356,2874.2234,1111.6312,33062.739,A3,N,N
04/13/2018,6:00,9660.9414,1184.1803,2611.4385,794.9443,8957.7813,5069.3857,2850.7988,1140.2109,32269.6812,A6,N,N
04/13/2018,6:00,9632.2002,1124.8,2632.1699,783.471,9491.6904,5105.8398,3121.1899,1040.42,32931.7812,E,N,N
04/13/2018,6:00,10027.7002,1214.91,2512.9399,850.944,9645.9805,5036.0801,2856.72,843.618,32988.8927,E1,Y,N
04/13/2018,6:00,9579.6797,1208.79,2607.77,757.309,9677.1299,5067.7002,2766.1299,954.635,32619.1437,E2,N,N
04/13/2018,6:00,9591.7803,1116.75,2542.0901,769.406,9434.25,5111.6201,2844.74,971.127,32381.7635,E3,N,N
04/13/2018,7:00,10577.8262,1355.1816,2654.3809,796.4176,10997.2207,5734.3218,3132.8086,1189.4506,36437.608,A3,N,N
04/13/2018,7:00,10478.8877,1313.684,2661.7507,840.4272,10075.0059,5753.2241,3088.675,1190.5706,35402.2252,A6,N,N
04/13/2018,7:00,10367,1344.77,2657.6101,873.856,10770,5784,3262.6001,1074.64,36134.4762,E,N,N
04/13/2018,7:00,10847.2998,1371.48,2485.26,929.776,10932,5688.1299,3204.6599,904.206,36362.8116,E1,Y,N
04/13/2018,7:00,10362.5,1359.04,2649.74,845.297,10770.9004,5661.5498,3053.04,1020.8,35722.8672,E2,N,N
04/13/2018,7:00,10322.7002,1276.28,2586.98,846.598,10747.9004,5772.1802,3093.3701,1053.76,35699.7689,E3,N,N
04/13/2018,8:00,11035.584,1409.2809,2685.4524,816.5825,11677.3623,6079.8379,3274.6299,1229.0782,38207.8081,A3,N,N
04/13/2018,8:00,10859.5801,1395.7709,2724.9438,865.2604,10544.2988,6075.7378,3245.6509,1234.1202,36945.3629,A6,N,N
04/13/2018,8:00,10718,1370.58,2682.48,889.457,11437.5,6068.0801,3490.24,1129.59,37785.9271,E,N,N
04/13/2018,8:00,11116.0996,1405.42,2580.97,928.456,11851.0996,6087.6299,3384.3799,933.678,38287.733,E1,Y,N
04/13/2018,8:00,10616.5996,1406.84,2669.04,869.254,11362.2002,5946.3501,3145.1001,1064.28,37079.664,E2,N,N
04/13/2018,8:00,10631.2998,1323.66,2599.8799,862.556,11434,6069.7998,3186.1201,1064.74,37172.0556,E3,N,N
04/13/2018,9:00,11339.2031,1423.6013,2635.2012,819.4722,11712.999,6118.3179,3259.0989,1225.4854,38533.379,A3,N,N
04/13/2018,9:00,11079.6875,1443.9686,2655.8904,874.519,10543.2383,6056.5249,3233.8289,1223.115,37110.7726,A6,N,N
04/13/2018,9:00,11036.0996,1395.33,2688.8201,849.496,11558.9004,6124.0898,3464.8701,1122,38239.606,E,N,N
04/13/2018,9:00,11465.4004,1453.84,2488.6699,979.954,12055.7002,6208.27,3371.24,921.701,38944.7755,E1,Y,N
04/13/2018,9:00,10898.4004,1426.67,2651.3,900.592,11523.7998,6021.23,3195.73,1073.67,37691.3922,E2,N,N
04/13/2018,9:00,11179.4004,1354.85,2587.26,916.61,11452.7002,6135.1699,3282.8401,1098.37,38007.2006,E3,N,N
04/13/2018,10:00,11856.8848,1464.4546,2661.1826,866.7773,11859.3887,6240.1479,3407.522,1203.9219,39560.2798,A3,N,N
04/13/2018,10:00,11594.1182,1513.6818,2680.6694,894.892,10742.5107,6064.2163,3435.3489,1196.0762,38121.5135,A6,N,N
04/13/2018,10:00,11568.5,1436.1801,2688,872.677,12043,6247.5601,3733.8501,1135.41,39725.1773,E,N,N
04/13/2018,10:00,12015.9004,1464.62,2519.77,1026.74,12573.4004,6345.6499,3527.5901,918.897,40392.5678,E1,Y,N
04/13/2018,10:00,11430.7002,1477.72,2678.3899,975.108,12032.2998,6205.79,3398.03,1064.1899,39262.2278,E2,N,N
04/13/2018,10:00,11637.5996,1393.16,2644.25,960.956,11940.5,6258.9199,3455.3899,1057.9,39348.6754,E3,N,N
04/13/2018,11:00,12329.7773,1524.1742,2681.1494,882.9615,12288.0576,6453.3555,3611.1423,1213.8396,40984.4574,A3,N,N
04/13/2018,11:00,12099.5537,1578.8458,2689.5872,924.8503,11213.6123,6167.6104,3630.7219,1178.5417,39483.3233,A6,N,N
04/13/2018,11:00,12153.2998,1472.92,2706.1201,731.347,12428,6545.54,3912.1101,1147.4399,41096.7769,E,N,N
04/13/2018,11:00,12599,1513.41,2543.8601,1055.42,12659.2998,6534.96,3653.27,985.76,41544.9799,E1,Y,N
04/13/2018,11:00,12038.2998,1522.39,2709.5,1035.98,12618.9004,6491.2798,3644.8899,1113.66,41174.8999,E2,N,N
04/13/2018,11:00,12168.5996,1468.52,2639.1101,987.592,12304.7002,6544.46,3714.2,1050.27,40877.4519,E3,N,N
04/13/2018,12:00,12807.0391,1546.8862,2731.562,910.8327,12674.3369,6604.9336,3826.4358,1214.7085,42316.7348,A3,N,N
04/13/2018,12:00,12561.0313,1617.632,2733.4443,949.3735,11637.3916,6222.5518,3815.5862,1155.3882,40692.3989,A6,N,N
04/13/2018,12:00,12697.7002,1529.8101,2767.8201,995.521,12979.2998,6811.6001,4116.4702,1156.42,43054.6415,E,N,N
04/13/2018,12:00,13152.0996,1567.72,2680.1899,1096.59,12789,6852.54,3889.0701,971.393,42998.6026,E1,Y,N
04/13/2018,12:00,12636.2002,1573.4301,2756.8,1094.3101,13176.2002,6747.6201,3893.8999,1143.17,43021.6306,E2,N,N
04/13/2018,12:00,12855.2002,1509.45,2681.25,1072.46,12725.0996,6815.8101,3917.8701,1119.36,42696.5,E3,N,N
04/13/2018,13:00,13081.4551,1574.7036,2752.4407,930.0748,12906.9502,6902.8105,4056.1702,1236.4714,43441.0765,A3,N,N
04/13/2018,13:00,12901.0996,1633.9606,2751.8308,936.2231,11911.3057,6447.1328,4034.3079,1116.0793,41731.9398,A6,N,N
04/13/2018,13:00,13023.0996,1534.73,2785.4099,1005.22,13362.5996,7196.0801,4351.5801,1139.51,44398.2293,E,N,N
04/13/2018,13:00,13518.0996,1594.27,2719.6201,1074.61,13250.9004,7201.8501,4108,977.357,44444.7072,E1,Y,N
04/13/2018,13:00,13134.5,1610.48,2782.51,1134.2,13729.7998,7051.02,4132.4302,1174.05,44748.99,E2,N,N
04/13/2018,13:00,13178.7002,1554.1801,2736.5801,1198.5601,13080.4004,7201.6499,4094.3401,1150.54,44194.9509,E3,N,N
04/13/2018,14:00,13264.3701,1597.8444,2775.824,943.3132,13237.4355,7162.9395,4339.8706,1303.3851,44624.9824,A3,N,N
04/13/2018,14:00,13167.5059,1670.3931,2771.929,960.4183,12298.168,6727.7314,4271.4253,1215.2771,43082.8481,A6,N,N
04/13/2018,14:00,13549.4004,1618.67,2821.3101,1135.5601,14042.7002,7536.9502,4590.5498,1219.55,46514.6908,E,N,N
04/13/2018,14:00,14080.5,1656.1801,2732.1201,1128.35,13747,7594.6299,4445.3799,993.88,46378.04,E1,Y,N
04/13/2018,14:00,13605.5,1662.4301,2808.71,1170.76,14229.7002,7439.6401,4378.21,1233.9,46528.8504,E2,N,N
04/13/2018,14:00,13520.7002,1570.48,2766.6499,1149.33,13782.2002,7509.96,4445.9399,1168.1899,45913.4501,E3,N,N
04/13/2018,15:00,13632.4893,1610.3838,2782.7783,958.4575,13396.8467,7480.1626,4556.6323,1348.8632,45766.6137,A3,N,N
04/13/2018,15:00,13653.6689,1705.9447,2760.3867,978.7072,12521.0146,7003.4463,4330.4556,1271.3392,44224.9632,A6,N,N
04/13/2018,15:00,13807.5,1700.66,2863.45,1079.96,14370.9004,7981.2598,4835.25,1372.0601,48011.0403,E,N,N
04/13/2018,15:00,14431.5,1731.15,2833.97,1343.8101,14212.9004,7931.4702,4620.3999,1071.96,48177.1606,E1,Y,N
04/13/2018,15:00,13914.9004,1698.51,2826.77,1196.95,14594.2998,7847.9702,4579.1299,1299.25,47957.7803,E2,N,N
04/13/2018,15:00,13931.5996,1639.92,2729.8501,1107.62,14056.4004,7979,4601.6899,1230.08,47276.16,E3,N,N
04/13/2018,16:00,13415.1953,1611.6732,2779.3657,993.8347,13597.9385,7803.3745,4780.4287,1401.7809,46383.5915,A3,N,N
04/13/2018,16:00,13446.5098,1672.6569,2738.6208,995.3872,12708.1563,7307.5044,4429.0215,1339.9707,44637.8276,A6,N,N
04/13/2018,16:00,14005.0996,1730.02,2849.55,1089.4,14865.5996,8393.4805,4963.4902,1317.89,49214.5299,E,N,N
04/13/2018,16:00,14524.9004,1733.4301,2764.1699,1171.63,14985.9004,8383.0303,4757.5698,1113.66,49434.2909,E1,Y,N
04/13/2018,16:00,14094.9004,1718.17,2827.4199,1217.3,14772.9004,8237.3203,4725.2598,1347.55,48940.8208,E2,N,N
04/13/2018,16:00,14007.5996,1671.1899,2727.8601,1261.98,14491.7002,8372.4199,4822.0801,1303.13,48657.9598,E3,N,N
04/13/2018,17:00,13406.6016,1622.5387,2792.2764,990.9295,13779.6787,8243.2588,4834.1187,1436.115,47105.5174,A3,N,N
04/13/2018,17:00,13364.6855,1645.6705,2737.8635,977.1435,12989.1455,7757.6631,4493.4521,1445.2817,45410.9054,A6,N,N
04/13/2018,17:00,13787.4004,1603.4,2847.9399,1158.98,15015.7998,8768.2803,4985.73,1369.71,49537.2404,E,N,N
04/13/2018,17:00,14262.7002,1756.51,2843.73,1277.08,15199.5996,8668.1396,4796.3198,1163.11,49967.1892,E1,Y,N
04/13/2018,17:00,14163.5,1734.66,2829.54,1208.61,14897.2002,8559.04,4803.1201,1378.9399,49574.6102,E2,N,N
04/13/2018,17:00,14008.5,1610.17,2724.6699,1308.1899,14607.7998,8746.6299,4835.0298,1407.47,49248.4593,E3,N,N
04/13/2018,18:00,13214.5918,1603.5286,2760.2803,969.9894,13838.2832,8489.043,4772.4927,1472.567,47120.776,A3,N,N
04/13/2018,18:00,13043.8467,1642.5002,2732.6433,952.6846,13078.8945,8061.0659,4494.2671,1541.9353,45547.8376,A6,N,N
04/13/2018,18:00,13695.5996,1589.16,2785.22,1113.08,14852.5,8865.5195,4896.02,1352.76,49149.8591,E,N,N
04/13/2018,18:00,14100.0996,1744.98,2841.76,1223.58,15302.5996,8865.25,4684.4399,1207.34,49970.0491,E1,Y,N
04/13/2018,18:00,13930.5,1720.1,2801.4399,1179.8101,14720,8680.8203,4725.4902,1385.9,49144.0605,E2,N,N
04/13/2018,18:00,13797.7998,1619.46,2673.72,1195.0699,14599.7998,8835.1299,4771.6899,1426.01,48918.6793,E3,N,N
04/13/2018,19:00,12720.8984,1588.5461,2719.2126,923.8251,13664.1475,8441.2695,4592.6294,1519.1584,46169.687,A3,N,N
04/13/2018,19:00,12756.2598,1665.9974,2710.1582,927.1337,12931.5166,7787.5952,4405.6509,1605.2997,44789.6115,A6,N,N
04/13/2018,19:00,13293,1507.39,2744.6201,1089.95,13841.2002,8689.6299,4708.52,1441.86,47316.1702,E,N,N
04/13/2018,19:00,13674.2002,1748.02,2823.8601,1187.96,14838.2998,8893.1299,4596.3198,1194.95,48956.7398,E1,Y,N
04/13/2018,19:00,13401.9004,1686.88,2755.3,1107.88,14103.9004,8588.4297,4525.1802,1391.76,47561.2307,E2,N,N
04/13/2018,19:00,13363.5996,1590.45,2631.0701,1107.12,13650.5,8681.21,4582.04,1441.4399,47047.4296,E3,N,N
04/13/2018,20:00,12625.1709,1572.5742,2733.7102,894.7506,13377.8008,8310.7168,4438.186,1502.2139,45455.1234,A3,N,N
04/13/2018,20:00,12604.7646,1655.1085,2734.636,915.9955,12773.5303,7685.8467,4329.9941,1579.7042,44279.5799,A6,N,N
04/13/2018,20:00,12864.2998,1552.64,2722.6799,998.81,13712.5996,8325.2695,4583.4902,1368.62,46128.409,E,N,N
04/13/2018,20:00,13432.9004,1657.04,2711.3401,1129.23,14414.2998,8454.2002,4408.6201,1136.1899,47343.8205,E1,Y,N
04/13/2018,20:00,13015.7002,1644.61,2731.3799,1042.98,13516.7998,8277.9404,4288.0601,1346.95,45864.4204,E2,N,N
04/13/2018,20:00,13028.4004,1549.6899,2654.4299,1096.36,13625.2002,8319.5596,4413.8398,1370.5699,46058.0497,E3,N,N
04/13/2018,21:00,12810.3184,1609.4691,2775.2864,912.1218,13429.9854,8262.1846,4454.978,1500.0129,45754.3566,A3,N,N
04/13/2018,21:00,12570.4316,1668.1388,2779.3252,938.4219,12786.4395,7447.8379,4354.9409,1533.9071,44079.4429,A6,N,N
04/13/2018,21:00,12905.7998,1488.3,2707.6001,1002.84,13184.4004,8181.6899,4485.4199,1416.62,45372.6701,E,N,N
04/13/2018,21:00,13534.7998,1726.78,2774.8999,1022.6,14078.2002,8046.9199,4459.7402,1128.15,46772.09,E1,Y,N
04/13/2018,21:00,12992,1643.71,2755.6899,1047.65,13390.5,8218.7695,4232.48,1316.37,45597.1694,E2,N,N
04/13/2018,21:00,13109.2002,1564.74,2459.53,1026.9,13311.2998,8196.6797,4352.2402,1369.17,45389.7599,E3,N,N
04/13/2018,22:00,12515.1484,1563.5922,2756.2324,887.9623,12586.0244,7809.0693,4297.4917,1455.8851,43871.4058,A3,N,N
04/13/2018,22:00,12176.6895,1603.3973,2766.6057,910.2995,12082.2217,6992.0078,4229.4478,1454.825,42215.4943,A6,N,N
04/13/2018,22:00,12548.5,1520.5601,2750.5701,983.702,12651,7718.8999,4360.3501,1282.25,43815.8322,E,N,N
04/13/2018,22:00,13199.7998,1666.21,2763.6899,998.674,13475.9004,7669.5801,4190.6499,1096.4399,45060.944,E1,Y,N
04/13/2018,22:00,12590.7002,1589.5601,2749.0801,1028.71,12866.5,7863.1699,4078.6899,1275.65,44042.0602,E2,N,N
04/13/2018,22:00,12785.7002,1517.95,2692,1017.45,12749.0996,7748.5098,4149.6802,1208.4301,43868.8199,E3,N,N
04/13/2018,23:00,11961.916,1469.8467,2703.937,839.9086,11468.9336,7165.4014,4032.1323,1360.8301,41002.9057,A3,N,N
04/13/2018,23:00,11641.9521,1495.6365,2730.6401,859.3597,11060.0313,6361.8594,4007.4216,1338.9719,39495.8726,A6,N,N
04/13/2018,23:00,11961.2998,1516.5601,2663.7,912.081,11493.5996,7074.6201,4050.1201,1159.37,40831.3507,E,N,N
04/13/2018,23:00,12273.5,1562.29,2652.6699,960.782,11915,7417.1001,3919.21,1035.77,41736.322,E1,Y,N
04/13/2018,23:00,11912,1492.0699,2694.9399,957.36,11864.5996,7239.54,3820.1799,1182.16,41162.8493,E2,N,N
04/13/2018,23:00,12181.7002,1418.5699,2611.77,938.116,11611.7002,7097.2402,3881.6899,1190.64,40931.4264,E3,N,N
04/13/2018,24:00,11246.9775,1357.5363,2630.8464,787.6205,10230.2256,6463.124,3712.4866,1243.8236,37672.6405,A3,N,N
04/13/2018,24:00,10880.6768,1383.8253,2656.1794,804.0969,9917.4023,5756.1704,3749.8862,1168.5,36316.7373,A6,N,N
04/13/2018,24:00,11173.5996,1373.91,2618.0901,857.731,10294.9004,6439.0498,3701.76,1045.34,37504.3809,E,N,N
04/13/2018,24:00,11235.4004,1418.86,2712.1699,860.065,10616.0996,6673.79,3608.3999,922.184,38046.9688,E1,Y,N
04/13/2018,24:00,11111.0996,1364.11,2629.6499,874.704,10694.4004,6514.9502,3514.97,1060.92,37764.8041,E2,N,N
04/13/2018,24:00,11356.9004,1275.96,2559.7,847.581,10446.5,6450.1699,3548.8799,1122.76,37608.4512,E3,N,N
04/14/2018,1:00,10639.9141,1303.7386,2567.519,755.853,9388.8301,5826.73,3411.7156,1153.353,35047.6534,A3,N,N
04/14/2018,1:00,10426.9141,1307.1957,2570.4546,811.7106,9293.2813,5569.624,3458.0703,1157.995,34595.2456,A6,N,N
04/14/2018,1:00,10630.7998,1257.54,2556.96,815.538,9623.5303,5861.6699,3440.6001,1020.71,35207.3481,E,N,N
04/14/2018,1:00,10470.7002,1292.54,2653.3401,804.179,9473.4102,6014.2402,3311.3601,797.717,34817.4868,E1,Y,N
04/14/2018,1:00,10353.7998,1237.73,2527.79,794.667,9656.2598,5846.3999,3236.05,958.794,34611.4905,E2,N,N
04/14/2018,1:00,10681.7998,1177.48,2457.45,861.007,9926.75,5879.9199,3242.48,1032.66,35259.5467,E3,N,N
04/14/2018,2:00,10212.1006,1233.8477,2519.7561,727.6564,8746.6396,5421.6597,3209.3394,1101.2957,33172.2952,A3,N,N
04/14/2018,2:00,9998.4316,1241.1263,2530.0034,781.1646,8657.6797,5132.8384,3300.0171,1142.3035,32783.5646,A6,N,N
04/14/2018,2:00,10095.0996,1140.73,2510.98,789.055,9330.8096,5337.9502,3167.5701,1019.92,33392.1145,E,N,N
04/14/2018,2:00,10452.5,1141.5601,2393.23,816,8712.8604,5405.29,3006.54,635.517,32563.4975,E1,Y,N
04/14/2018,2:00,9873.71,1144.85,2516.22,765.752,8865.96,5300.5298,3029.7,877.894,32374.6158,E2,N,N
04/14/2018,2:00,10039.5,1120.58,2461.1101,876.595,9831.9102,5358.8398,3054.51,881.911,33624.9561,E3,N,N
04/14/2018,3:00,9931.3135,1181.5123,2490.114,714.0733,8308.6113,5077.6323,3063.6824,1069.9946,31836.9337,A3,N,N
04/14/2018,3:00,9779.0303,1207.6613,2497.488,761.5569,8200.502,4851.0186,3137.0303,1122.3706,31556.658,A6,N,N
04/14/2018,3:00,9730.2402,1122.92,2522.1001,701.573,9006.7598,5224.3198,3089.03,1291.7,32688.6429,E,N,N
04/14/2018,3:00,9838.6396,1126.53,2438.6299,768.987,8076.1401,4912.7598,2907.3501,669.725,30738.7615,E1,Y,N
04/14/2018,3:00,9450.2305,1082.9399,2489.49,741.821,8306.7197,4882.6802,2851.3999,837.253,30642.5342,E2,N,N
04/14/2018,3:00,9573.7998,963.268,2461.6001,831.479,9450.4697,5296.52,2753.75,808.927,32139.8136,E3,N,N
04/14/2018,4:00,9695.0469,1145.4172,2481.5642,708.1627,8014.4922,4874.6108,2978.5181,1040.8578,30938.6699,A3,N,N
04/14/2018,4:00,9541.0039,1179.368,2493.5884,749.2518,7933.4111,4782.4409,3030.8403,1095.3955,30805.2999,A6,N,N
04/14/2018,4:00,9277.46,1049.71,2552.3601,705.703,8964.7197,5080.6602,3012.1201,957.995,31600.7281,E,N,N
04/14/2018,4:00,9517.96,1077.8101,2323.3301,760.508,7977.1299,4688.6401,2781.6201,588.047,29715.0453,E1,Y,N
04/14/2018,4:00,9246.4902,1043.92,2509.8101,742.995,7998.02,4636.54,2767.3999,828.311,29773.4862,E2,N,N
04/14/2018,4:00,9023.4902,1109.24,2447.4099,816.518,9520.5498,5194.6299,2652.1499,885.533,31649.5207,E3,N,N
04/14/2018,5:00,9509.5977,1129.3566,2476.2571,704.6843,7918.8545,4735.4292,2914.5186,1028.5806,30417.2786,A3,N,N
04/14/2018,5:00,9395.6855,1165.2749,2486.2686,736.6324,7785.9756,4665.4292,2953.4363,1097.7607,30286.4632,A6,N,N
04/14/2018,5:00,9136.9199,1084.0699,2530.3101,731.26,8418.0898,4705.71,2927.55,1099.5699,30633.4796,E,N,N
04/14/2018,5:00,9216.5195,1071.33,2330.8999,761.785,7686.23,4514.5898,2699,630.231,28910.5852,E1,Y,N
04/14/2018,5:00,9171.9805,1031.9301,2501.3201,725.688,7914.6602,4489.4399,2726.5701,837.563,29399.1519,E2,N,N
04/14/2018,5:00,8803.6504,1055.51,2468.4199,864.104,8751.8701,4734.1499,2675.97,784.395,30138.0693,E3,N,N
04/14/2018,6:00,9625.3604,1114.5085,2494.4436,714.1343,8099.7598,4700.687,2883.5569,1020.4145,30652.865,A3,N,N
04/14/2018,6:00,9546.4863,1152.504,2507.647,736.0187,7758.5801,4633.4556,2916.76,1066.475,30317.9267,A6,N,N
04/14/2018,6:00,9318.6104,1070.98,2560.8,512.825,8458.2803,4669.73,2894.8301,1042.42,30528.4758,E,N,N
04/14/2018,6:00,9081.7598,1048.12,2436.21,765.839,7869.5898,4437.1299,2637.75,681.829,28958.2275,E1,Y,N
04/14/2018,6:00,9226.0596,1025.0601,2524.05,728.981,8071.3301,4470.21,2738.21,800.204,29584.1048,E2,N,N
04/14/2018,6:00,9085.0098,1038.65,2506.1699,891.79,8709.5996,4654.7998,2790.6299,867.879,30544.528,E3,N,N
04/14/2018,7:00,9837.75,1128.5283,2526.1892,743.9497,8612.3535,4872.5454,2912.165,1056.642,31690.1231,A3,N,N
04/14/2018,7:00,9835.1133,1180.23,2545.2983,743.0441,8136.353,4815.228,2943.646,1071.6436,31270.5563,A6,N,N
04/14/2018,7:00,9577.1904,1047.7,2588.3501,509.459,8750.8398,4875.71,3016.5801,1100.79,31466.6194,E,N,N
04/14/2018,7:00,9118.1104,1120.23,2420.3401,782.547,8389.0596,4618.1602,2683.9299,677.662,29810.0392,E1,Y,N
04/14/2018,7:00,9423.0303,1046.1,2548.1399,730.68,8547.1104,4576.2002,2803.78,814.268,30489.3088,E2,N,N
04/14/2018,7:00,9173.4805,982.246,2589.3899,813.235,9167.9805,4954.0098,2718.6599,864.374,31263.3756,E3,N,N
04/14/2018,8:00,10068.8896,1183.3885,2545.4338,775.0828,9153.0527,5098.8286,2944.6726,1113.1615,32882.5101,A3,N,N
04/14/2018,8:00,10007.3525,1253.9834,2578.6548,771.4036,8503.8555,5046.9072,3014.5896,1129.7391,32306.4857,A6,N,N
04/14/2018,8:00,9741.25,1137.7,2642.3501,521.896,9634.4697,4907.9502,2972.1101,940.982,32498.7081,E,N,N
04/14/2018,8:00,9193.2998,1106.9301,2599.1201,819.795,8728.0498,4753.7002,2666.01,716.56,30583.465,E1,Y,N
04/14/2018,8:00,9478.1699,1122.95,2550.1799,771.5,9251.3096,4763.3701,2826.45,881.236,31645.1655,E2,N,N
04/14/2018,8:00,9243.46,1080.02,2618.05,909.847,10016.9004,4946.9199,2786.8999,992.976,32595.0732,E3,N,N
04/14/2018,9:00,10478.6816,1245.1666,2524.5183,808.3691,9712.166,5364.6719,3036.2476,1160.6047,34330.4258,A3,N,N
04/14/2018,9:00,10381.6924,1344.8033,2546.7766,802.95,8957.3477,5279.4712,3104.5293,1173.6542,33591.2247,A6,N,N
04/14/2018,9:00,9856.3799,1201.1801,2576.77,620.252,9513.6104,5088.4199,3124.8501,1020.61,33002.0724,E,N,N
04/14/2018,9:00,9579.5195,1188.35,2363.2,850.829,9109.1299,5073.8799,2821.21,739.076,31725.1943,E1,Y,N
04/14/2018,9:00,9654.4805,1206.89,2523.0901,837.397,10189.7998,5024.8799,2923.03,938.006,33297.5733,E2,N,N
04/14/2018,9:00,9316.7002,1104.36,2495.0801,931.275,9667.54,5087.9102,2872.6799,991.355,32466.9004,E3,N,N
04/14/2018,10:00,10937.0391,1314.0819,2570.5103,863.3557,9962.2705,5629.4536,3224.3547,1146.0674,35647.1332,A3,N,N
04/14/2018,10:00,10783.3105,1426.2732,2599.1545,833.4949,9295.8525,5369.1299,3282.8879,1159.0988,34749.2022,A6,N,N
04/14/2018,10:00,10309.7002,1233.37,2598.03,560.321,10487.2998,5479.6401,3279.8,1004.78,34952.9411,E,N,N
04/14/2018,10:00,9918.0898,1244.26,2363.51,905.819,10018.7998,5363.3301,3043.8701,797.269,33654.9478,E1,Y,N
04/14/2018,10:00,9599.9004,1264.17,2504.8101,905.423,10617.4004,5256.29,3083.01,880.551,34111.5549,E2,N,N
04/14/2018,10:00,10310.5996,1117.46,2619.96,946.896,10746.7002,5521.23,2981,1025.38,35269.2258,E3,N,N
04/14/2018,11:00,11142.1045,1366.9639,2592.541,866.0244,10276.0439,5843.4282,3430.4878,1134.1908,36651.7845,A3,N,N
04/14/2018,11:00,11020.667,1484.559,2620.2922,845.3799,9667.292,5397.9014,3472.1167,1134.9518,35643.16,A6,N,N
04/14/2018,11:00,10074.2998,1330.77,2641.73,900.539,10573.9004,5719.6099,3504.05,1439.74,36184.6391,E,N,N
04/14/2018,11:00,10292.2998,1260.51,2408,928.433,10390.2002,5647.2002,3230.8,752.095,34909.5382,E1,Y,N
04/14/2018,11:00,10002.7998,1270.23,2616.1399,916.326,11491.2002,5612.5498,3354.8,934.762,36198.8077,E2,N,N
04/14/2018,11:00,10009.0996,1128.88,2641.4399,972.187,10846.5,5764.7998,3144.8301,914.378,35422.1144,E3,N,N
04/14/2018,12:00,11454.9775,1364.0814,2640.5627,863.8781,10444.4932,6006.5957,3611.1541,1094.3436,37480.0863,A3,N,N
04/14/2018,12:00,11309.3008,1487.6364,2671.3955,845.3474,9875.0771,5407.397,3627.8989,1081.7987,36305.8518,A6,N,N
04/14/2018,12:00,10927.0996,1233.74,2716.05,913.847,10463.2002,5867.2402,3622.53,1825.26,37568.967,E,N,N
04/14/2018,12:00,10584.5,1302.01,2583.8999,928.258,10698.4004,5949.98,3409.27,762.414,36218.7323,E1,Y,N
04/14/2018,12:00,10105,1257.83,2673.97,907.76,11749.5996,5800.4399,3566.03,929.584,36990.2135,E2,N,N
04/14/2018,12:00,9694.4805,1101.14,2702.8601,962.559,10677.2998,5887.96,3183.4299,909.482,35119.2113,E3,N,N
04/14/2018,13:00,11538.4453,1367.0508,2650.7583,855.4955,10420.6846,6165.7939,3776.7876,1071.2094,37846.2254,A3,N,N
04/14/2018,13:00,11377.9512,1490.5909,2675.6279,834.043,9906.8926,5485.3408,3773.2224,1044.2914,36587.9602,A6,N,N
04/14/2018,13:00,10524.2998,1188.21,2759.3601,916.25,11223.2002,5951.3501,3948.55,807.826,37319.0462,E,N,N
04/14/2018,13:00,10992.9004,1301.29,2560.78,956.985,11096.4004,6161.21,3681.7,743.756,37495.0218,E1,Y,N
04/14/2018,13:00,10091.9004,1236.25,2690.1899,892.676,11791.0996,5941.9902,3776.01,915.135,37335.2511,E2,N,N
04/14/2018,13:00,9420.5498,1073.4399,2684.4199,945.821,11772.7002,5969.52,3265.74,939.373,36071.5638,E3,N,N
04/14/2018,14:00,11645.9043,1341.9702,2657.0208,837.0169,10436.1807,6369.5933,3951.4861,1073.123,38312.2953,A3,N,N
04/14/2018,14:00,11392.3125,1494.7496,2671.1304,818.5654,9969.2441,5527.7046,3968.522,1034.6528,36876.8814,A6,N,N
04/14/2018,14:00,10850.5,1347.23,2805.26,1048.23,11009.7998,6319.2798,4007.8501,886.816,38274.9657,E,N,N
04/14/2018,14:00,11260,1330.0601,2584.9399,954.727,11161.2998,6404.0801,3850.8701,810.433,38356.41,E1,Y,N
04/14/2018,14:00,10144.2002,1226.33,2702.21,872.244,11737,6061.1499,3979.29,917.201,37639.6251,E2,N,N
04/14/2018,14:00,9631.04,1029.96,2684.8401,912.022,11408.5,6422.5801,3571.1699,821.935,36482.0471,E3,N,N
04/14/2018,15:00,11751.7998,1344.2275,2656.217,837.928,10485.6074,6500.022,4049.2871,1083.7529,38708.8417,A3,N,N
04/14/2018,15:00,11425.373,1496.993,2638.9424,820.5278,10022.4424,5559.5845,4056.1619,1027.095,37047.12,A6,N,N
04/14/2018,15:00,11429.9004,1422.63,2808.4299,892.526,10508.2002,6271.3198,4123.9399,871.902,38328.8482,E,N,N
04/14/2018,15:00,11723,1339.5601,2613.45,926.643,10843.9004,6552.0601,4044.1599,727.155,38769.9285,E1,Y,N
04/14/2018,15:00,10224.7998,1224.72,2712.02,863.897,11692.5,6185.3999,4105.8599,928.036,37937.2326,E2,N,N
04/14/2018,15:00,9537.0303,1031.38,2668.8999,922.826,10698.5,6302.7598,3655.52,825.095,35642.011,E3,N,N
04/14/2018,16:00,11825.207,1336.0767,2649.5583,857.1452,10465.8408,6623.0215,4158.2437,1096.6058,39011.699,A3,N,N
04/14/2018,16:00,11453.8779,1497.6849,2618.0498,837.7504,10044.46,5674.4927,4118.8242,1036.557,37281.6969,A6,N,N
04/14/2018,16:00,11128.7998,1402.72,2776.6201,938.211,10331,6047,4169.1699,889.481,37683.0018,E,N,N
04/14/2018,16:00,11742.7002,1352.47,2524.8799,910.631,11144.5,6725.4502,4062.1599,746.753,39209.5442,E1,Y,N
04/14/2018,16:00,10358.2002,1212.26,2730.3501,857.019,11613.5,6251.02,4188.5898,960.164,38171.1031,E2,N,N
04/14/2018,16:00,9640.3604,1044.1899,2577.9399,831.877,10394.9004,5929.8999,3674.6001,811.437,34905.2046,E3,N,N
04/14/2018,17:00,11812.1699,1335.6532,2651.5242,859.5808,10620.4512,6776.9375,4236.6836,1140.2164,39433.2168,A3,N,N
04/14/2018,17:00,11361.5752,1478.7886,2632.689,818.3261,10182.4639,5958.835,4130.1587,1109.8041,37672.6406,A6,N,N
04/14/2018,17:00,10839.7002,1389.29,2768.0601,845.873,10590.7002,5855.6401,4065.1499,947.751,37302.1645,E,N,N
04/14/2018,17:00,11604.0996,1398.2,2681.1399,943.101,11397.2002,6979.02,4161.2002,746.843,39910.8039,E1,Y,N
04/14/2018,17:00,10347.5996,1202.36,2760.47,815.607,11424.7998,6287.1899,4230.9199,988.295,38057.2412,E2,N,N
04/14/2018,17:00,9661.96,960.369,2615.1201,803.076,10756.0996,5598.6499,3790.98,881.318,35067.5726,E3,N,N
04/14/2018,18:00,11763.7881,1331.0724,2646.8354,854.0748,10730.8916,6818.6094,4237.4922,1188.2471,39571.011,A3,N,N
04/14/2018,18:00,11274.208,1478.2185,2637.5393,802.412,10239.3145,5981.6255,4102.5127,1162.8568,37678.6873,A6,N,N
04/14/2018,18:00,10800.2998,1316.83,2828.8,715.795,10363.5,5803.4502,4007.04,1268.5699,37104.2849,E,N,N
04/14/2018,18:00,11574.2002,1386.79,2625.75,932.471,11018.4004,6855.0298,4072.74,810.927,39276.3084,E1,Y,N
04/14/2018,18:00,10158.5,1196.08,2750.3701,769.268,11117,6230.3501,4105.8901,1002.51,37329.9683,E2,N,N
04/14/2018,18:00,9659.0703,946.268,2717.97,801.591,10452.5,5538.6001,3565.8999,953.959,34635.8583,E3,N,N
04/14/2018,19:00,11514.9668,1303.9088,2607.8286,817.2964,10651.0176,6755.9141,4096.2314,1216.5002,38963.6639,A3,N,N
04/14/2018,19:00,11111.9434,1475.42,2616.4854,781.6853,10182.9277,5719.7896,4014.2446,1202.7177,37105.2137,A6,N,N
04/14/2018,19:00,10579.7998,1409.8,2811.5,793.785,10543.0996,5892.3398,3647.8401,1045.15,36723.3143,E,N,N
04/14/2018,19:00,11216.9004,1406.41,2621.4399,939.921,10959.7998,6841.5801,3913.53,870.723,38770.3042,E1,Y,N
04/14/2018,19:00,9953.9297,1175.4399,2742.28,745.128,10840.2998,6141.0898,3841.54,993.765,36433.4722,E2,N,N
04/14/2018,19:00,9894.5498,1016.44,2621.8301,764.884,10782.2998,5734,3422.3,894.656,35130.9597,E3,N,N
04/14/2018,20:00,11257.9004,1297.9734,2597.1453,806.548,10712.1943,6616.5107,3979.78,1207.2656,38475.3177,A3,N,N
04/14/2018,20:00,10925.5,1459.4335,2620.8901,785.6275,10259.1104,5631.0635,3945.6768,1219.3226,36846.6244,A6,N,N
04/14/2018,20:00,10411.7998,1425.5699,2766.1101,791.125,10492.2002,5910.7202,3937.51,1000.42,36735.4552,E,N,N
04/14/2018,20:00,11031.2998,1403.1801,2577.54,885.445,10884.4004,6602.4199,3843.76,834.911,38062.9562,E1,Y,N
04/14/2018,20:00,9833.4199,1193.12,2731.1299,746.884,10567.9004,6011.04,3636.52,981.654,35701.6682,E2,N,N
04/14/2018,20:00,9476.4902,1037.13,2600.29,770.549,10863.0996,5819.1201,3361.47,921.841,34849.9899,E3,N,N
04/14/2018,21:00,11133.375,1343.2761,2629.2336,841.5217,10936.5449,6576.7646,3936.5764,1232.8925,38630.1848,A3,N,N
04/14/2018,21:00,10731.002,1468.0535,2656.998,823.9373,10534.1943,5508.2803,3910.4194,1237.2123,36870.0971,A6,N,N
04/14/2018,21:00,10271.5996,1526.5601,2850.99,836.943,10810,5839.6001,3722.8401,995.337,36853.8699,E,N,N
04/14/2018,21:00,10856.4004,1418.7,2657.48,909.315,11104.7002,6478.3301,3789.96,856.382,38071.2677,E1,Y,N
04/14/2018,21:00,9888,1258.79,2741.6101,778.834,10835.4004,6082,3601.24,1013.63,36199.5045,E2,N,N
04/14/2018,21:00,9261.3701,1099.61,2600.22,773.762,11119,5732.48,3236.53,957.996,34780.9681,E3,N,N
04/14/2018,22:00,10599.832,1287.9337,2602.4424,835.4799,10560.9082,6210.6519,3744.1931,1244.9745,37086.4157,A3,N,N
04/14/2018,22:00,10246.8232,1395.5797,2618.5972,817.9474,10252.918,5262.5444,3695.1912,1231.579,35521.1801,A6,N,N
04/14/2018,22:00,10364.7002,1453.47,2751.21,815.118,10814.2998,5739.5601,3670.97,1032.61,36641.9381,E,N,N
04/14/2018,22:00,10370.5,1394.48,2659.1101,879.091,10986,6144.3701,3581.8701,870.877,36886.2983,E1,Y,N
04/14/2018,22:00,9632.6602,1221.61,2701.5701,782.381,10611.7002,5864.27,3439.8401,1016.6,35270.6316,E2,N,N
04/14/2018,22:00,9199.0703,1128.08,2589.0901,793.439,11207,5641.8501,3239.5801,930.42,34728.5296,E3,N,N
04/14/2018,23:00,9881.4355,1198.91,2562.752,809.3131,9934.6152,5692.4473,3473.5288,1211.7878,34764.7897,A3,N,N
04/14/2018,23:00,9670.9297,1305.2677,2572.4934,787.4177,9667.9463,4885.3999,3426.9358,1194.2242,33510.6147,A6,N,N
04/14/2018,23:00,9112.1602,1362.85,2679.0701,851.854,9977.8701,5211.9102,3306.54,1082.5601,33584.8147,E,N,N
04/14/2018,23:00,9702.5195,1328.3199,2600.05,884.33,9981.1104,5562.75,3262.9399,844.331,34166.3507,E1,Y,N
04/14/2018,23:00,9219.0898,1165.7,2681.73,795.696,10155.5,5452.3398,3199.78,969.404,33639.2396,E2,N,N
04/14/2018,23:00,8562.2305,1085.1899,2525.79,867.749,10213.5996,5151.8301,2986.3999,1125.4,32518.189,E3,N,N
04/14/2018,24:00,9231.8643,1113.9512,2517.7432,781.2056,9138.4121,5157.1782,3172.3848,1144.3721,32257.1115,A3,N,N
04/14/2018,24:00,9061.6904,1213.8112,2528.123,759.6235,8937.4365,4498.2466,3131.8098,1103.2185,31233.9595,A6,N,N
04/14/2018,24:00,9479.8604,1211.83,2558.8101,839.635,9534.79,4769.4199,3097.1201,1024.73,32516.1955,E,N,N
04/14/2018,24:00,8978.3604,1221.76,2686,814.648,9243.8096,5140.71,2952.04,813.452,31850.78,E1,Y,N
04/14/2018,24:00,8692.2002,1070.38,2677.46,802.208,9496.8398,4933.2998,2964.3,870.035,31506.7228,E2,N,N
04/14/2018,24:00,8445.9902,1012.16,2540.3799,843.955,9771.9199,4680.5,2722.3501,1030.3101,31047.5652,E3,N,N
04/15/2018,1:00,8801.4189,1109.9402,2469.083,776.7713,8633.7842,4741.7217,2869.9919,1082.244,30484.9552,A3,N,N
04/15/2018,1:00,8703.5293,1167.0959,2462.2151,794.6853,8645.207,4560.5776,2793.3862,1108.0083,30234.7047,A6,N,N
04/15/2018,1:00,8591.2803,1059.84,2463.21,818.814,9132.9404,4676.3999,2835.5601,1029.85,30607.8947,E,N,N
04/15/2018,1:00,8420.71,1131.41,2669.4399,793.451,8709.04,4750.21,2698.0601,833.07,30005.391,E1,Y,N
04/15/2018,1:00,8761,1101.65,2485.9299,816.938,8791.9102,4707.8101,2694.77,809.284,30169.2922,E2,N,N
04/15/2018,1:00,8620.5996,1048.01,2436.51,911.813,9315.8701,4696.8101,2584.47,943.886,30557.9688,E3,N,N
04/15/2018,2:00,8415.4951,1064.213,2440.1138,754.8948,8199.8623,4446.6836,2670.7734,1055.0386,29047.0746,A3,N,N
04/15/2018,2:00,8321.6777,1108.3915,2447.3105,775.8706,8229.7041,4258.439,2598.7185,1084.337,28824.4489,A6,N,N
04/15/2018,2:00,8182.9902,959.781,2485.3,766.216,9390.2598,4450.3799,2614.0601,1056.26,29905.247,E,N,N
04/15/2018,2:00,8372.5801,1010.84,2409.8101,824.43,8540.6602,4405.02,2443.26,806.464,28813.0644,E1,Y,N
04/15/2018,2:00,8388.3496,1036.38,2487.24,813.567,8439.75,4325.3701,2498.3701,742.453,28731.4798,E2,N,N
04/15/2018,2:00,8149.5601,1018.65,2466.9399,964.711,9668.9199,4474.8101,2415.0801,744.745,29903.4161,E3,N,N
04/15/2018,3:00,8104.377,1042.8115,2440.0337,744.2369,7956.4238,4206.3711,2521.6833,1020.8477,28036.785,A3,N,N
04/15/2018,3:00,8082.605,1082.568,2449.5574,764.1316,7971.4067,4051.3801,2423.9031,1059.4862,27885.0381,A6,N,N
04/15/2018,3:00,7932.2402,1100.72,2519.8,751.135,9075.2305,4216.7798,2533.95,1288.83,29418.6855,E,N,N
04/15/2018,3:00,8167.3901,1003.18,2486.3999,821.727,8166.9702,4171.1201,2351.3301,810.643,27978.7604,E1,Y,N
04/15/2018,3:00,8119.9702,1011.65,2478.0601,816.859,8303.9805,4051.6299,2336.98,689.818,27808.9477,E2,N,N
04/15/2018,3:00,7849.1499,932.008,2454.03,892.187,9387.8301,4298.8198,2240.3,773.584,28827.9088,E3,N,N
04/15/2018,4:00,7932.6841,1042.8391,2440.3403,750.9533,7820.5259,4101.3735,2434.7966,1006.7067,27530.2195,A3,N,N
04/15/2018,4:00,7951.9858,1078.365,2460.0576,758.7897,7842.1118,4058.3489,2329.9609,1043.4431,27523.0628,A6,N,N
04/15/2018,4:00,7692.73,1013.12,2559.4099,788.452,9410.3496,4179,2521.45,1034.99,29199.5015,E,N,N
04/15/2018,4:00,8027.1802,987.534,2321.76,837.424,8052.6699,4073.28,2282.0801,794.663,27376.5912,E1,Y,N
04/15/2018,4:00,7980.6802,988.149,2497.1101,831.285,8089.0601,3882.52,2269.74,682.07,27220.6144,E2,N,N
04/15/2018,4:00,7502.6499,1068.71,2471.79,879.421,9774.0801,4311.4399,2119.2,875.062,29002.3529,E3,N,N
04/15/2018,5:00,7873.5127,1055.6477,2444.1184,765.9586,7872.0815,4055.7688,2362.2043,1000.4967,27429.7887,A3,N,N
04/15/2018,5:00,7900.3638,1083.9716,2463.8501,760.9664,7817.8174,4012.0513,2269.3516,1051.4586,27359.8308,A6,N,N
04/15/2018,5:00,7683.8701,1044.25,2524.3,810.064,8957.21,3966.5,2558.1001,1141.74,28686.0342,E,N,N
04/15/2018,5:00,8036.2598,1021.23,2404.28,828.932,7709.6699,4016.26,2207.96,774.53,26999.1217,E1,Y,N
04/15/2018,5:00,7924.23,978.739,2486.5801,815.734,8035.6499,3787.26,2236.1799,692.113,26956.4859,E2,N,N
04/15/2018,5:00,7403.5298,1039.4301,2475.4399,972.424,9169.1602,4000.1499,2164.8101,781.721,28006.665,E3,N,N
04/15/2018,6:00,7956.3892,1088.8778,2462.0266,785.2793,8089.5645,4095.4768,2323.7083,1000.5463,27801.8688,A3,N,N
04/15/2018,6:00,8032.5806,1095.6647,2486.4766,769.5177,7866.3896,4056.1235,2237.0984,1030.5516,27574.4027,A6,N,N
04/15/2018,6:00,7792.6001,1055.12,2552.3601,589.524,9090.8398,3948.48,2493.3101,1194.25,28716.4841,E,N,N
04/15/2018,6:00,7893.6099,1016.62,2554.9099,866.309,8242.5195,4078.72,2261.55,831.436,27745.6743,E1,Y,N
04/15/2018,6:00,7942.0801,984.039,2498.52,815.802,8165.3701,3806.96,2234.01,683.102,27129.8832,E2,N,N
04/15/2018,6:00,7652.4902,1036.51,2563.4399,973.355,9156.5996,3930.8301,2126.8999,865.392,28305.5167,E3,N,N
04/15/2018,7:00,8136.1592,1149.8706,2474.1775,836.7711,8630.6084,4277.3794,2345.3342,1047.4365,28897.7369,A3,N,N
04/15/2018,7:00,8250.6855,1139.1438,2514.0881,790.3561,8273.415,4256.7642,2276.4329,1047.3533,28548.2389,A6,N,N
04/15/2018,7:00,7935.4399,1089.35,2584.8501,592.357,9395.3896,4263.46,2542.3401,1219.63,29622.8167,E,N,N
04/15/2018,7:00,8090.6299,1110.63,2431.6499,852.153,8743.4004,4284.4302,2257.49,841.569,28611.9524,E1,Y,N
04/15/2018,7:00,8080.6802,1013.44,2512.1499,827.949,8549.7998,3904.78,2280.1201,701.173,27870.092,E2,N,N
04/15/2018,7:00,7627.6499,1028.9,2619.8501,877.242,9629.6104,4359.9302,2185.4199,876.552,29205.1545,E3,N,N
04/15/2018,8:00,8269.4619,1222.0521,2499.4639,862.4945,9037.2432,4522.1543,2376.4443,1100.5323,29889.8465,A3,N,N
04/15/2018,8:00,8405.5039,1221.2073,2556.2874,813.4156,8527.0723,4528.8467,2334.0896,1103.4908,29489.9136,A6,N,N
04/15/2018,8:00,8127.6899,1097.0601,2633.8201,581.078,9825.6699,4322.1001,2549.72,1063.13,30200.2681,E,N,N
04/15/2018,8:00,8037.3398,1122.64,2719.0601,909.264,9214.0996,4389,2330.1899,876.017,29597.6104,E1,Y,N
04/15/2018,8:00,8070.79,1097.98,2504.72,871.07,9047.8096,4051.1799,2284.02,749.067,28676.6365,E2,N,N
04/15/2018,8:00,7859.3501,1118.6,2613.1799,987.575,10073.0996,4370.2998,2186.75,853.378,30062.2324,E3,N,N
04/15/2018,9:00,8587.373,1301.056,2487.7395,888.2776,9415.2305,4765.9111,2483.4055,1148.665,31077.6582,A3,N,N
04/15/2018,9:00,8690.3184,1316.1743,2532.2732,841.7448,8838.8164,4731.6377,2447.304,1152.507,30550.7758,A6,N,N
04/15/2018,9:00,8317.1201,1213.89,2578.3601,683.083,9866.8604,4497.9502,2662.49,1165.37,30985.1238,E,N,N
04/15/2018,9:00,8489.2197,1153.8101,2378.71,918.896,9240.8496,4661.04,2450.03,901.081,30193.6364,E1,Y,N
04/15/2018,9:00,8293.3496,1192,2480.95,936.237,9773.1797,4272.1899,2386.9099,781.961,30116.7771,E2,N,N
04/15/2018,9:00,7811.5801,1163.45,2530.75,987.507,9803.2998,4497.3101,2291.1899,938.039,30023.1259,E3,N,N
04/15/2018,10:00,8952.5391,1335.7629,2496.3203,919.9742,9709.5391,5012.6001,2676.2844,1136.0875,32239.1076,A3,N,N
04/15/2018,10:00,9066.4561,1367.4703,2556.7207,855.7744,9162.3623,4850.5225,2632.8254,1142.7902,31634.9219,A6,N,N
04/15/2018,10:00,8725.5303,1257.97,2593.49,612.285,10423.7002,4786.9102,2808.01,1085.8,32293.6957,E,N,N
04/15/2018,10:00,8920.25,1189.12,2466.5,950.003,10047.4004,4983.6602,2638.1001,896.893,32091.9267,E1,Y,N
04/15/2018,10:00,8262.6504,1224.4399,2472.76,1002.62,10059.7002,4449.3901,2517.8101,740.381,30729.7517,E2,N,N
04/15/2018,10:00,8799.8496,1084.58,2616.79,1012.12,10649.9004,4837.9399,2367.6899,893.316,32262.1858,E3,N,N
04/15/2018,11:00,9189.085,1343.1733,2516.1748,887.2808,9925.8486,5195.1353,2860.9094,1127.0171,33044.6243,A3,N,N
04/15/2018,11:00,9340.6914,1389.2513,2567.8828,848.0611,9444.6729,4894.9927,2823,1114.5493,32423.1015,A6,N,N
04/15/2018,11:00,8511.6602,1272.0601,2618.6201,929.901,10422,4981.5698,3064.4199,1560.05,33360.2811,E,N,N
04/15/2018,11:00,9163.8799,1163.09,2514.52,979.638,10230.9004,5270.29,2722.9399,915.636,32960.8942,E1,Y,N
04/15/2018,11:00,8673.6299,1180.47,2548.55,983.188,10487.2998,4746.1802,2732.3999,764.927,32116.6448,E2,N,N
04/15/2018,11:00,8551.46,1072.33,2627.22,1003.68,10534.2002,5036.8501,2521.98,851.357,32199.0773,E3,N,N
04/15/2018,12:00,9541.0986,1322.5879,2555.7197,872.2424,10007.5537,5329.5918,3039.1614,1102.3442,33770.2997,A3,N,N
04/15/2018,12:00,9636.9775,1382.4595,2606.3188,844.1184,9574.1611,4893.2827,2978.605,1079.0692,32994.9922,A6,N,N
04/15/2018,12:00,9208.3701,1228.2,2669.8799,936.468,10152.7998,5125.73,3227.1001,1705.63,34254.1779,E,N,N
04/15/2018,12:00,9548.7197,1189.65,2722.8301,982.15,10584.2002,5427.8301,2914.6001,967.655,34337.6352,E1,Y,N
04/15/2018,12:00,8784.5801,1138.4,2602.6201,958.347,10652.9004,4888.1802,2895.1101,767.901,32688.0389,E2,N,N
04/15/2018,12:00,8209.4697,1032.09,2680.99,989.869,10307.4004,5151.1099,2626.1299,836.422,31833.4809,E3,N,N
04/15/2018,13:00,9742.5068,1307.5022,2580.6335,877.7726,10051.0762,5492.3145,3225.3362,1086.3904,34363.5324,A3,N,N
04/15/2018,13:00,9857.9785,1369.4172,2622.6257,838.0294,9656.4258,5008.5449,3142.0356,1048.8558,33543.9129,A6,N,N
04/15/2018,13:00,8973.4697,1196.89,2734.03,940.128,10930.7002,5265.3599,3459.6499,819.484,34319.7117,E,N,N
04/15/2018,13:00,9881.4404,1159.46,2683.05,1028.96,10846.5996,5492.4199,3027.1201,919.669,35038.719,E1,Y,N
04/15/2018,13:00,8847.2305,1128.26,2631.4199,937.895,10783.0996,5044.3101,3078.8201,775.355,33226.3902,E2,N,N
04/15/2018,13:00,7972.48,1016.04,2664.6699,970.196,11458.2998,5287.8901,2686.8301,882.103,32938.5089,E3,N,N
04/15/2018,14:00,9976.3418,1294.9801,2590.699,858.9363,10174.084,5675.7847,3390.0447,1104.3246,35065.1952,A3,N,N
04/15/2018,14:00,10038.6982,1380.7876,2621.5608,822.7132,9823.9141,5077.2837,3306.2661,1054.3395,34125.5632,A6,N,N
04/15/2018,14:00,9298.8496,1292.89,2799.01,1035.52,10704.7998,5582.3198,3517.76,887.638,35118.7872,E,N,N
04/15/2018,14:00,9979.0996,1202.13,2675.1399,1015.83,10980,5687.77,3214.8301,942.138,35696.9376,E1,Y,N
04/15/2018,14:00,9040.8896,1135.86,2659.4199,909.607,10908.7002,5209.25,3287.27,798.87,33949.8667,E2,N,N
04/15/2018,14:00,8435.3701,973.428,2660.1899,923.05,11033.5,5710.9199,2883.1201,804.737,33424.315,E3,N,N
04/15/2018,15:00,10417.0479,1277.4003,2591.5793,858.8209,10279.8574,5899.3335,3516.1714,1131.7173,35971.928,A3,N,N
04/15/2018,15:00,10293.4951,1372.8807,2594.4751,824.7028,9944.5156,5204.3936,3374.8567,1052.024,34661.3436,A6,N,N
04/15/2018,15:00,9731.6104,1321.37,2811.8501,887.219,10352.7002,5646.6001,3678.01,934.621,35363.9808,E,N,N
04/15/2018,15:00,10463.0996,1221.91,2753.51,932.994,11309.0996,5829.3501,3349,939.46,36798.4233,E1,Y,N
04/15/2018,15:00,9290.8301,1146.67,2683.79,900.188,11137.5,5412.75,3453.01,832.264,34857.0021,E2,N,N
04/15/2018,15:00,8300.7305,990.269,2652.98,886.905,10522.7002,5686.3101,3010.3799,815.012,32865.2867,E3,N,N
04/15/2018,16:00,10929.0195,1285.0601,2576.9866,870.4889,10425.6768,6064.9551,3664.551,1161.6443,36978.3823,A3,N,N
04/15/2018,16:00,10631.2158,1367.9347,2568.4858,835.3589,10103.9785,5324.5342,3499.9221,1072.1453,35403.5753,A6,N,N
04/15/2018,16:00,9874.4404,1344.13,2795.8501,970.565,10000.2998,5542.1401,3740.78,944.984,35213.1894,E,N,N
04/15/2018,16:00,10678.7002,1201.65,2673.1499,966.208,11492.7998,6023.5298,3461.47,1085.3,37582.8077,E1,Y,N
04/15/2018,16:00,9595.1396,1150.1,2714.78,897.933,11383.5,5604.54,3584.01,870.593,35800.5956,E2,N,N
04/15/2018,16:00,8592.7305,1002.23,2621.6599,802.539,9907.3301,5393.0498,3132.6899,800.257,32252.4862,E3,N,N
04/15/2018,17:00,10956.5313,1316.0265,2579.7859,873.3024,10662.2158,6232.2412,3690.9988,1212.9155,37524.0174,A3,N,N
04/15/2018,17:00,10621.6426,1370.2754,2585.6277,817.6691,10384.8457,5542.8584,3557.9819,1155.5518,36036.4526,A6,N,N
04/15/2018,17:00,9673.0898,1334.24,2829.6399,899.797,10633.2002,5470.6499,3661.6899,1020.16,35522.4667,E,N,N
04/15/2018,17:00,10894.7002,1245.4399,2851.02,1002.54,11847.5,6310.04,3532.8799,1115.77,38799.89,E1,Y,N
04/15/2018,17:00,9804.4502,1164.95,2756.1399,867.415,11564.9004,5790.48,3685.3701,910.518,36544.2236,E2,N,N
04/15/2018,17:00,8758.4404,981.333,2636.0701,806.77,10585.2002,5140.3301,3274.03,916.542,33098.7158,E3,N,N
04/15/2018,18:00,10923.1025,1332.6846,2588.7854,868.7287,10848.6748,6470.042,3684.2371,1264.9182,37981.1733,A3,N,N
04/15/2018,18:00,10582.1836,1368.6272,2604.9814,801.8104,10588.6875,5810.7378,3594.2402,1182.1489,36533.417,A6,N,N
04/15/2018,18:00,9747.8604,1316.54,2901.1799,807.07,10776.4004,5734.4102,3647.25,1303.34,36234.0509,E,N,N
04/15/2018,18:00,10737.5996,1253.13,2839.49,994.061,11940.2002,6518.29,3545.4099,1093.9,38922.0807,E1,Y,N
04/15/2018,18:00,9898.1602,1187.05,2762.1799,840.093,11638,5930.5898,3669.47,943.146,36868.6889,E2,N,N
04/15/2018,18:00,8999.9199,944.593,2739.3301,799.15,10749,5374.5898,3234.9199,953.907,33795.4097,E3,N,N
04/15/2018,19:00,10729.3086,1322.673,2585.9387,842.3661,10919.9189,6464.6372,3613.0515,1302.4591,37780.3531,A3,N,N
04/15/2018,19:00,10492.1992,1385.746,2602.5662,793.044,10628.668,5647.0972,3555.4397,1238.4633,36343.2236,A6,N,N
04/15/2018,19:00,10064.0996,1394.85,2881.8,881.751,11125.5,5872.75,3351.1299,1139.6,36711.4805,E,N,N
04/15/2018,19:00,10687.2998,1277.3,2817.4399,1038.6899,11787.7998,6437.23,3490.6899,1116.34,38652.7893,E1,Y,N
04/15/2018,19:00,9864.4102,1193.01,2762.96,816.749,11613,5985.5698,3522.78,959.115,36717.594,E2,N,N
04/15/2018,19:00,9408.9697,1050.5699,2654.3301,779.519,11232.5996,5654.1602,3066.8899,936.888,34783.9264,E3,N,N
04/15/2018,20:00,10609.7891,1341.7798,2599.6633,827.2458,11021.3447,6498.0684,3553.5356,1300.6511,37752.0778,A3,N,N
04/15/2018,20:00,10412.7041,1406.7747,2631.7024,795.0189,10695.7549,5753.6436,3511.1975,1245.1996,36451.9957,A6,N,N
04/15/2018,20:00,10224.2998,1473.64,2842.74,833.141,11099.2002,5996.9399,3556.24,1072.17,37098.3709,E,N,N
04/15/2018,20:00,10427.4004,1274.28,2715.4099,982.148,11348.7998,6243.48,3298.3601,1146.64,37436.5182,E1,Y,N
04/15/2018,20:00,9825,1227.73,2750.6499,807.871,11496.4004,5965.1499,3385.23,948.769,36406.8002,E2,N,N
04/15/2018,20:00,9218.1299,1086.11,2632.6201,784.263,11396.2002,5867.6401,3159.76,950.922,35095.6453,E3,N,N
04/15/2018,21:00,10583.3164,1378.7551,2642.8132,845.3982,11257.6514,6513.8496,3615.6516,1305.8442,38143.2797,A3,N,N
04/15/2018,21:00,10414.7578,1434.3014,2682.9465,827.751,10895.4023,5693.3853,3553.616,1255.6388,36757.7991,A6,N,N
04/15/2018,21:00,10128.2998,1509.9399,2906.6399,895.969,11559,6104.1001,3466.5901,1107.79,37678.3288,E,N,N
04/15/2018,21:00,10608,1331.53,2817.4099,936.221,11414.7002,6382.52,3361.98,1094.79,37947.1511,E1,Y,N
04/15/2018,21:00,9978.7402,1295.21,2759.21,839.92,11845.4004,6093.1001,3412.71,957.182,37181.4727,E2,N,N
04/15/2018,21:00,9324.8799,1172.6,2658.97,802.269,11810.7002,5948.4902,3189.3301,972.498,35879.7374,E3,N,N
04/15/2018,22:00,10253.0723,1303.9904,2644.7473,820.5262,10769.4141,6154.5347,3521.4419,1284.6074,36752.3343,A3,N,N
04/15/2018,22:00,10075.9844,1378.8214,2671.7278,811.1622,10449.3721,5403.5654,3440.4409,1253.1654,35484.2396,A6,N,N
04/15/2018,22:00,10200.5,1443.42,2802.47,840.049,11439.0996,5888.29,3462.4299,1067.15,37143.4085,E,N,N
04/15/2018,22:00,10355.9004,1307.79,2812.2,929.598,11168.2002,6140.1499,3260,1055.11,37028.9485,E1,Y,N
04/15/2018,22:00,9737.0898,1255.3101,2717.47,821.686,11558.2998,5906.5801,3305.3799,950.781,36252.5967,E2,N,N
04/15/2018,22:00,9281.3604,1176.8199,2622.8899,811.182,11842.7998,5748.9199,3117.71,956.551,35558.2329,E3,N,N
04/15/2018,23:00,9768.8174,1205.417,2587.0449,773.8051,9936.2051,5614.3145,3268.199,1220.9304,34374.7334,A3,N,N
04/15/2018,23:00,9586.791,1283.4563,2610.762,769.4434,9661.8867,4970.0508,3195.3035,1193.4683,33271.162,A6,N,N
04/15/2018,23:00,9091.4102,1375.55,2675.54,860.493,10443.5996,5473.04,3144.05,1086.53,34150.2128,E,N,N
04/15/2018,23:00,9630.6504,1259.8101,2644.4299,892.489,10182.5,5579.8701,3078.1899,988.023,34255.9624,E1,Y,N
04/15/2018,23:00,9228.9004,1175.79,2686.0801,800.039,10665.0996,5458.3101,3082.9299,913.369,34010.5181,E2,N,N
04/15/2018,23:00,8392.3496,1064.59,2550.96,798.239,10669.4004,5385.1201,2982.8101,1095.59,32939.0592,E3,N,N
04/15/2018,24:00,9068.751,1120.8329,2522.5208,734.8964,8988.4932,5021.2236,2962.9949,1127.1024,31546.8152,A3,N,N
04/15/2018,24:00,8920.251,1191.5667,2546.4622,734.0995,8787.5928,4502.1133,2900.5376,1088.8284,30671.4515,A6,N,N
04/15/2018,24:00,9218.7998,1224.9,2632.8899,845.485,9528.0303,4850.7798,2982.3999,1039.3199,32322.6046,E,N,N
04/15/2018,24:00,8937.54,1185.33,2762.3899,809.109,9359.7305,5122.1001,2873.2,922.591,31971.9905,E1,Y,N
04/15/2018,24:00,8591.9805,1067.02,2661.6799,770.765,9508.0498,4882.9399,2810.6799,838.139,31131.254,E2,N,N
04/15/2018,24:00,8280.21,1010.76,2558.3701,816.244,9805.6699,4725.1201,2639.01,1014.41,30849.7941,E3,N,N
