DeliveryDate,HourEnding,Coast,East,FarWest,North,NorthCentral,SouthCentral,Southern,West,SystemTotal,Model,InUseFlag,DSTFlag
10/10/2018,1:00,10448.2822,1300.1129,2496.5225,719.3976,9500.6777,5485.2446,3297.1672,1193.9015,34441.3062,A3,N,N
10/10/2018,1:00,10696.6807,1372.9449,2471.9124,703.0557,9661.1064,5409.0522,3219.3069,1150.3038,34684.363,A6,N,N
10/10/2018,1:00,10843.9004,1299.92,2534.9299,679.461,9038.75,5257.29,3396.28,1187.14,34237.6713,E,N,N
10/10/2018,1:00,10727.9004,1320.61,2570.8999,680.382,9343.3496,5309.8799,3397.71,1174.16,34524.8918,E1,Y,N
10/10/2018,1:00,10947,1297.38,2534.9399,669.474,9045.4902,5268.52,3382.54,1160.66,34306.0041,E2,N,N
10/10/2018,1:00,10740.5996,1319.39,2545.96,670.594,9366.9502,5312.4199,3397.3101,1180.2,34533.4238,E3,N,N
10/10/2018,1:00,10734.0605,1318.3929,2525.8608,687.0607,9326.0547,5340.4014,3348.3857,1174.3943,34454.611,M,N,N
10/10/2018,2:00,10310.4072,1276.3229,2540.7739,677.3649,8994.2148,4987.5708,3109.2419,1107.7142,33003.6106,A3,N,N
10/10/2018,2:00,10402.4229,1291.6761,2513.6116,677.9126,8983.7451,4993.9585,3189.3364,1112.8412,33165.5044,A6,N,N
10/10/2018,2:00,10333.7002,1311.5,2643.9199,671.214,9302.21,5066.9199,3118.6001,1096.48,33544.5441,E,N,N
10/10/2018,2:00,10333.2002,1311.6899,2585.46,671.601,8914.3203,4960.5601,3113.3899,1122.09,33012.3114,E1,Y,N
10/10/2018,2:00,10359.2998,1275.85,2591.0601,670.635,9008.5098,5119.77,3143.9099,1109.76,33278.7946,E2,N,N
10/10/2018,2:00,10343.9004,1311.1801,2588.77,686.724,8900.04,4967.8301,3114.54,1137.61,33050.5946,E3,N,N
10/10/2018,2:00,10347.1553,1296.3699,2577.2659,675.9086,9017.1738,5016.1016,3131.5032,1114.4159,33175.8942,M,N,N
10/10/2018,3:00,9970.6572,1260.8719,2596.3918,674.9537,8765.9893,4799.5083,2976.3279,954.9932,31999.6933,A3,N,N
10/10/2018,3:00,10057.3164,1257.2559,2598.0996,683.6536,8766.6602,4826.6953,3011.1675,953.1706,32154.0191,A6,N,N
10/10/2018,3:00,10015.2002,1266.89,2662.0801,680.239,8844.4297,4810.1602,2995.51,981.902,32256.4112,E,N,N
10/10/2018,3:00,10037.5,1262.2,2659.6001,688.609,8687.3896,4786.52,3014.7,971.357,32107.8757,E1,Y,N
10/10/2018,3:00,10048.7998,1238.3101,2616.24,668.886,8750.96,4777.5801,3023.52,961.754,32086.05,E2,N,N
10/10/2018,3:00,10010.0996,1268.01,2633.6101,683.181,8660.4502,4763.8398,2997.6899,927.315,31944.1956,E3,N,N
10/10/2018,3:00,10023.2617,1258.923,2627.6704,679.9205,8745.9805,4794.0508,3003.1526,958.4153,32091.3748,M,N,N
10/10/2018,4:00,9858.7158,1248.7896,2572.9521,664.6429,8692.584,4735.1812,2920.4404,1034.1847,31727.4907,A3,N,N
10/10/2018,4:00,9929.0479,1250.6613,2577.0723,665.4611,8648.9414,4714.9336,2939.4121,1047.9385,31773.4682,A6,N,N
10/10/2018,4:00,9886.9502,1251.0699,2597.7,666.89,8767.46,4798.3999,2942.3401,1001.33,31912.1401,E,N,N
10/10/2018,4:00,9912.4199,1214.91,2543.9299,661.484,8687.9199,4828.8198,2964.5,1060.64,31874.6235,E1,Y,N
10/10/2018,4:00,9864.5098,1224.4,2575.9099,664.538,8703.0801,4731.21,2930.46,1045.65,31739.7578,E2,N,N
10/10/2018,4:00,9882.79,1228.8,2578.03,674.866,8628.7002,4762.6401,2943.8501,1056.65,31756.3264,E3,N,N
10/10/2018,4:00,9889.0723,1236.4385,2574.2656,666.3137,8688.1152,4761.8643,2940.167,1041.0657,31797.3023,M,N,N
10/10/2018,5:00,9971.7881,1262.7877,2580.4233,667.4502,8720.7861,4732.083,2925.1191,1036.5447,31896.9822,A3,N,N
10/10/2018,5:00,10033.2881,1283.7832,2579.9463,664.165,8720.7373,4791.8047,2945.7827,1047.1129,32066.6202,A6,N,N
10/10/2018,5:00,9983.8398,1257.11,2605.3,677.555,8875.0801,4768.52,2942.78,996.022,32106.2069,E,N,N
10/10/2018,5:00,9975.8398,1273.3101,2629.25,674.477,8853.6699,4701.5498,2946.9199,1011.45,32066.4665,E1,Y,N
10/10/2018,5:00,9938.5195,1230.63,2595.1001,665.862,8912.0498,4787.0601,2914.5701,1030.64,32074.4316,E2,N,N
10/10/2018,5:00,9966.4805,1254.3101,2618.79,673.62,8862.0801,4751.2998,2943.8,991.514,32061.8945,E3,N,N
10/10/2018,5:00,9978.293,1260.3218,2601.4685,670.5215,8824.0674,4755.3862,2936.4954,1018.8806,32045.4344,M,N,N
10/10/2018,6:00,10385.3496,1289.5472,2607.0916,693.0671,9280.3965,4979.3047,3011.0422,1056.7974,33302.5963,A3,N,N
10/10/2018,6:00,10590.2256,1291.5964,2626.9404,688.1914,9318.8926,5034.3755,2994.6521,1041.887,33586.761,A6,N,N
10/10/2018,6:00,10468.4004,1331.8,2611.3501,706.355,9509.4297,5089.98,3042.27,1084.49,33844.0752,E,N,N
10/10/2018,6:00,10472.0996,1310.85,2600.7,706.129,9391,5092.4199,3031.24,1090.86,33695.2985,E1,Y,N
10/10/2018,6:00,10436.9004,1307.22,2614.1299,700.637,9587.4199,5089.7998,3015.5801,1076.48,33828.1671,E2,N,N
10/10/2018,6:00,10482.2998,1308.5699,2610.6101,705.49,9434.4004,5082.73,3041.74,1112.67,33778.5102,E3,N,N
10/10/2018,6:00,10472.5459,1306.5973,2611.8037,699.9783,9420.2568,5061.4351,3022.7539,1077.1974,33672.5684,M,N,N
10/10/2018,7:00,11235.4678,1388.2623,2695.5471,745.8454,10189.498,5483.5,3262.0605,1109.8265,36110.0076,A3,N,N
10/10/2018,7:00,11213.3213,1403.8042,2712.4946,750.3461,10206.4717,5506.6304,3279.3489,1105.8147,36178.2319,A6,N,N
10/10/2018,7:00,11332.7998,1410.41,2740.4199,776.946,10528.0996,5675.4702,3352.0801,1163.1,36979.3256,E,N,N
10/10/2018,7:00,11414.9004,1309.63,2778.3601,768.454,10488.2998,5655.9399,3358.97,1125.22,36899.7742,E1,Y,N
10/10/2018,7:00,11246.2002,1413.11,2718.6599,772.281,10760.2002,5714.21,3310.9199,1122.7,37058.2812,E2,N,N
10/10/2018,7:00,11378.7002,1351.66,2750.3301,774.598,10497.5996,5639.8799,3350.5701,1112.37,36855.7079,E3,N,N
10/10/2018,7:00,11303.5654,1379.4795,2732.6355,764.7451,10445.0273,5612.605,3318.9917,1123.1719,36680.2214,M,N,N
10/10/2018,8:00,11252.4023,1442.163,2731.9211,783.3466,10672.4229,5861.3462,3352.3462,1163.3604,37259.3087,A3,N,N
10/10/2018,8:00,11456.5127,1444.8735,2738.9272,786.9673,10727.498,5883.8105,3353.3459,1172.7139,37564.649,A6,N,N
10/10/2018,8:00,11501.7998,1421.0699,2781.25,793.485,10910.5,5887.8101,3361.22,1178.39,37835.5248,E,Y,N
10/10/2018,8:00,11408.0996,1453.47,2750.98,785.438,10977.7998,5914.21,3330.01,1168.24,37788.2474,E1,N,N
10/10/2018,8:00,11511.5996,1443.6,2764.74,796.939,11237.5,5935.8901,3382.5601,1160.36,38233.1888,E2,N,N
10/10/2018,8:00,11519.0996,1415.03,2781.46,792.484,11029.2002,5927.1401,3367.1101,1171.34,38002.864,E3,N,N
10/10/2018,8:00,11441.5859,1436.7012,2758.2131,789.7767,10925.8203,5901.7012,3357.7654,1169.0674,37780.6312,M,N,N
10/10/2018,9:00,11469.04,1484.2756,2700.1597,790.9048,10934.4111,5854.293,3330.4958,1132.1339,37695.7139,A3,N,N
10/10/2018,9:00,11659.418,1488.5079,2704.1829,783.2586,10904.1367,5870.3438,3319.6702,1155.4183,37884.9364,A6,N,N
10/10/2018,9:00,11635.7002,1443.72,2771.51,764.034,10902.9004,5879.4702,3326.53,1105.45,37829.3148,E,Y,N
10/10/2018,9:00,11625,1494.7,2744.8301,755.109,10737.7998,5843.3799,3324.54,1048,37573.3588,E1,N,N
10/10/2018,9:00,11680.7002,1464.08,2755.8201,791.519,11158.4004,5902.75,3348.72,1086.04,38188.0297,E2,N,N
10/10/2018,9:00,11662.5996,1468.08,2779.6001,776.902,10758,5853.2202,3331.48,1017.89,37647.7719,E3,N,N
10/10/2018,9:00,11622.0762,1473.8938,2742.6836,776.9546,10899.2754,5867.2432,3330.2393,1090.822,37803.1881,M,N,N
10/10/2018,10:00,12154.5098,1516.2504,2737.96,814.3599,11171.8711,6144.5449,3492.114,1118.3921,39150.0022,A3,N,N
10/10/2018,10:00,12474.6064,1512.6381,2735.7922,798.3784,11161.1855,6226.9302,3504.6033,1133.4688,39547.6029,A6,N,N
10/10/2018,10:00,12211.9004,1534.75,2722.0601,843.388,11206.2998,6141.9102,3514.0701,1065.25,39239.6286,E,Y,N
10/10/2018,10:00,12290.5996,1509.64,2688.73,855.74,11398.4004,6215.6802,3532.3999,1064.76,39555.9501,E1,N,N
10/10/2018,10:00,12254.5996,1535.83,2732.6899,843.608,11416.2002,6099.7798,3507.3601,1065.92,39455.9876,E2,N,N
10/10/2018,10:00,12223.0996,1521.22,2713.0701,830.909,11263.7002,6127.8101,3514.22,1071.35,39265.379,E3,N,N
10/10/2018,10:00,12268.2197,1521.7214,2721.7173,831.0638,11269.6094,6159.4429,3510.7947,1086.5236,39369.0928,M,N,N
10/10/2018,11:00,13142.918,1567.1438,2762.011,874.6862,11373.5293,6513.644,3811.1624,1085.2518,41130.3465,A3,N,N
10/10/2018,11:00,13487.8916,1555.8544,2754.2905,875.0615,11438.8232,6490.0605,3777.3289,1091.8795,41471.1901,A6,N,N
10/10/2018,11:00,13281.4004,1577.83,2722.51,921.134,11328.4004,6403.8398,3755.1001,1038.64,41028.8547,E,Y,N
10/10/2018,11:00,13383.4004,1503.8199,2739.7,942.339,11153.7998,6307.5698,3760.3401,1091.79,40882.759,E1,N,N
10/10/2018,11:00,13061.7002,1591.5601,2737.8601,915.745,11682.4004,6421.0601,3745.6201,1090.35,41246.296,E2,N,N
10/10/2018,11:00,13276.0996,1519.6801,2731.99,915.511,11299.7002,6350.27,3755.5801,1085,40933.831,E3,N,N
10/10/2018,11:00,13272.2354,1552.6482,2741.3936,907.4128,11379.4424,6414.4077,3767.522,1080.4854,41115.5475,M,N,N
10/10/2018,12:00,13906.3174,1612.5004,2753.075,870.8647,11612.4434,6546.9521,4000.5667,1248.0062,42550.7259,A3,N,N
10/10/2018,12:00,13832.9355,1607.338,2727.4529,885.9943,11646.8633,6476.0801,3972.627,1242.5961,42391.8872,A6,N,N
10/10/2018,12:00,14050.7002,1599.4301,2712.73,898.702,11551.7002,6439.4902,4070.5801,1133.58,42456.9128,E,Y,N
10/10/2018,12:00,13822.7002,1576.04,2708.51,873.177,11746.2002,6346.4902,4096.7798,1264.5,42434.3974,E1,N,N
10/10/2018,12:00,13954.5996,1641.76,2734.5,921.219,11904.5996,6646.9902,4042.0601,1275.53,43121.2585,E2,N,N
10/10/2018,12:00,13904.2998,1555.5,2698.97,919.035,11664.7002,6415.54,4072.1799,1336.1,42566.3249,E3,N,N
10/10/2018,12:00,13911.9258,1598.7615,2722.5398,894.832,11687.752,6478.5908,4042.4658,1250.0521,42586.9198,M,N,N
10/10/2018,13:00,14501.4033,1647.1636,2774.7097,885.4343,11918.6084,6544.6768,4345.1206,1264.7168,43881.8335,A3,N,N
10/10/2018,13:00,14577.6104,1616.2043,2750.3997,872.1028,11915.3867,6509.0229,4358.9712,1227.5828,43827.2808,A6,N,N
10/10/2018,13:00,14589.7002,1599.02,2765.1101,911.703,11695,6463.73,4441.77,1254.74,43720.7733,E,Y,N
10/10/2018,13:00,14490.5996,1564.9301,2781.98,920.565,11611.7002,6458.0298,4477.0601,1233.74,43538.6048,E1,N,N
10/10/2018,13:00,14696.7002,1669.54,2772.71,932.08,11946.2002,6763.75,4356.6602,1290.1,44427.7406,E2,N,N
10/10/2018,13:00,14489.9004,1570.24,2755.4199,922.779,11636.0996,6456.79,4433.6802,1264.11,43529.0191,E3,N,N
10/10/2018,13:00,14557.6523,1611.1831,2766.7214,907.444,11787.165,6532.667,4402.2104,1255.8315,43820.8747,M,N,N
10/10/2018,14:00,15213.7539,1665.6625,2805.3318,900.5329,12327.6318,6827.6255,4559.2798,1316.0229,45615.8411,A3,N,N
10/10/2018,14:00,14881.2275,1635.1705,2769.5842,903.467,12326.0566,6977.0957,4601.5181,1273.2976,45367.4172,A6,N,N
10/10/2018,14:00,14966.5996,1611.46,2788.73,920.148,12180,6807.48,4586.5098,1374.27,45235.1974,E,Y,N
10/10/2018,14:00,14951.2998,1608.5,2783.29,930.61,12254.2002,6980.7998,4523.2998,1313.59,45345.5896,E1,N,N
10/10/2018,14:00,15228.7998,1689.24,2796.8401,946.971,12169.2002,6896.8799,4600.4902,1328.61,45657.0312,E2,N,N
10/10/2018,14:00,14916.4004,1607.63,2786.52,923.66,12137.0996,6857.2998,4578.3301,1356.89,45163.8299,E3,N,N
10/10/2018,14:00,15026.3457,1636.2772,2788.3828,920.8982,12232.3643,6891.1973,4574.9048,1327.1134,45397.4837,M,N,N
10/10/2018,15:00,15690.1396,1685.2308,2847.8738,929.6775,12451.0576,7195.6035,4727.0938,1347.3773,46874.0539,A3,N,N
10/10/2018,15:00,15684.7813,1689.3751,2830.7773,931.3621,12317.918,7062.4731,4726.918,1301.751,46545.3559,A6,N,N
10/10/2018,15:00,15457.2998,1642.14,2826.48,940.818,12380.5,7178.8901,4688.4702,1379.48,46494.0781,E,Y,N
10/10/2018,15:00,15590.7002,1695.71,2818.04,937.23,12298,7184.5,4668.6499,1320.39,46513.2201,E1,N,N
10/10/2018,15:00,15558.2002,1716.62,2829.5701,955.49,12302.7998,7058.4702,4765.7598,1342.05,46528.9601,E2,N,N
10/10/2018,15:00,15501.7002,1670.16,2822.3501,938.484,12341.2002,7196.6099,4687.0601,1315.49,46473.0545,E3,N,N
10/10/2018,15:00,15580.4707,1683.2059,2829.1819,938.8436,12348.5801,7146.0913,4710.6592,1334.423,46571.4557,M,N,N
10/10/2018,16:00,15846.5918,1697.7626,2886.7468,927.4025,12649.4502,7571.9087,4789.4268,1382.2416,47751.531,A3,N,N
10/10/2018,16:00,15693.8516,1706.2842,2859.5049,938.894,12494.9697,7248.6938,4756.8813,1310.3497,47009.4292,A6,N,N
10/10/2018,16:00,15702.7002,1678.3199,2852.6599,952.263,12721.7998,7440.3999,4731.7798,1397.78,47477.7025,E,Y,N
10/10/2018,16:00,15824,1707.84,2813.05,945.252,12472.2998,7376.8799,4716.3599,1335.1801,47190.8617,E1,N,N
10/10/2018,16:00,15842.2998,1765.8199,2845.0701,961.462,12672.7002,7300.98,4846.4399,1357.11,47591.8819,E2,N,N
10/10/2018,16:00,15702.2998,1667.14,2833.49,947.948,12537.2002,7378.4302,4754.1499,1341.36,47162.0181,E3,N,N
10/10/2018,16:00,15768.624,1703.8612,2848.4202,945.5369,12591.4043,7386.2158,4765.8398,1354.0037,47363.9059,M,N,N
10/10/2018,17:00,15655.4414,1716.4808,2886.1753,949.6245,12896.123,7767.7109,4849.7773,1401.6519,48122.9851,A3,N,N
10/10/2018,17:00,15558.0508,1662.3973,2822.5278,969.5794,12709.0664,7353.6221,4801.3799,1320.9424,47197.5661,A6,N,N
10/10/2018,17:00,15682.2998,1702.78,2861.29,949.804,12976,7641.54,4737.5298,1399.95,47951.1936,E,Y,N
10/10/2018,17:00,15784,1724.14,2795.29,954.367,12528.5996,7587.3901,4746.25,1352.5699,47472.6066,E1,N,N
10/10/2018,17:00,15830.5,1793.53,2853.8899,960.104,12744.2998,7438.8101,4854.6499,1350.83,47826.6137,E2,N,N
10/10/2018,17:00,15760.7998,1652.6801,2812.24,958.476,12802,7504.8701,4792.7598,1362.65,47646.4758,E3,N,N
10/10/2018,17:00,15711.8496,1708.6681,2838.5688,956.9924,12776.0156,7548.9912,4797.0581,1364.7656,47702.9094,M,N,N
10/10/2018,18:00,14769.3115,1697.6696,2895.7671,928.3076,12596.3271,7811.3984,4729.52,1386.4077,46814.709,A3,N,N
10/10/2018,18:00,14818.1055,1628.4869,2801.1401,965.4807,12593.0313,7240.3623,4669.5059,1322.1309,46038.2436,A6,N,N
10/10/2018,18:00,15248,1677.16,2847.55,934.099,12901.9004,7651.1899,4658.3999,1400.61,47318.9092,E,Y,N
10/10/2018,18:00,15265.5,1729.23,2764.1499,936.326,12511.5,7595.3901,4665.5098,1365.49,46833.0958,E1,N,N
10/10/2018,18:00,15264.2002,1775.5,2842.3601,918.508,12525.2998,7442.1201,4721.1299,1344.02,46833.1381,E2,N,N
10/10/2018,18:00,15073.5,1641.25,2765.3301,936.95,12330.2998,7620.7002,4736.7202,1379.58,46484.3303,E3,N,N
10/10/2018,18:00,15073.1035,1691.5496,2819.3831,936.6119,12576.3926,7560.1938,4696.7979,1366.373,46720.4054,M,N,N
10/10/2018,19:00,13994.5039,1650.2446,2876.6768,875.8257,12197.2744,7641.5967,4468.7593,1377.3492,45082.2306,A3,N,N
10/10/2018,19:00,14125.3223,1587.6598,2797.9768,903.4967,12375.2793,7384.855,4440.9829,1332.8566,44948.4294,A6,N,N
10/10/2018,19:00,14534.4004,1638.21,2825.29,884.238,12668.2002,7494.0601,4489.8398,1392.58,45926.8185,E,Y,N
10/10/2018,19:00,14599.9004,1679.1899,2747.9099,889.879,12292,7336.04,4434.77,1341.9,45321.5892,E1,N,N
10/10/2018,19:00,14408,1718.73,2823.8601,850.204,12156.2002,7327.6001,4496.6699,1350.17,45131.4343,E2,N,N
10/10/2018,19:00,14268.2998,1616.28,2749.0901,872.668,12263.0996,7334.96,4584.48,1390.53,45079.4075,E3,N,N
10/10/2018,19:00,14321.7393,1648.3859,2803.4673,879.3853,12325.3418,7419.8516,4485.917,1364.2311,45248.3193,M,N,N
10/10/2018,20:00,13573.6592,1650.9138,2860.3096,865.472,12203.5303,7455.0244,4353.54,1348.2214,44310.6707,A3,N,N
10/10/2018,20:00,13742.5186,1634.1206,2788.2249,890.0839,12442.4658,7147.894,4347.2539,1348.7971,44341.3588,A6,N,N
10/10/2018,20:00,14248.2002,1642,2831.1899,883.97,12742.2002,7437.3799,4388.46,1414.4301,45587.8303,E,Y,N
10/10/2018,20:00,14318.5,1649.61,2764.71,888.762,12417.7998,7301.9302,4362.6699,1346.45,45050.4319,E1,N,N
10/10/2018,20:00,14119.7998,1735.75,2833.29,855.316,12323.7998,7319.7402,4434.9702,1341.92,44964.586,E2,N,N
10/10/2018,20:00,14031.5996,1668.27,2723.3,864.766,12416.5,7335.6899,4475.79,1374.24,44890.1555,E3,N,N
10/10/2018,20:00,14005.7129,1663.4442,2800.1707,874.7283,12424.3838,7332.9434,4393.7808,1362.3431,44857.5072,M,N,N
10/10/2018,21:00,12856.7676,1595.4814,2833.8433,850.6216,11861.4717,7168.2754,4256.9644,1363.2089,42786.6343,A3,N,N
10/10/2018,21:00,13142.5352,1579.8762,2765.2671,866.5399,12078.1729,6995.4097,4250.6304,1396.4443,43074.8757,A6,N,N
10/10/2018,21:00,13774.7002,1613.24,2835.5901,874.334,12516.5996,7246.1099,4293.5801,1395.79,44549.9439,E,Y,N
10/10/2018,21:00,13855.4004,1650.04,2730.0701,877.521,12191,7096.3701,4267.7998,1326.21,43994.4114,E1,N,N
10/10/2018,21:00,13752,1688.58,2825.6299,852.659,12126.5,7204.6001,4366.8101,1354.63,44171.4091,E2,N,N
10/10/2018,21:00,13558.5996,1583.9399,2710.1299,860.285,12343,7271.29,4381.0298,1364.79,44073.0642,E3,N,N
10/10/2018,21:00,13490.001,1618.5264,2783.4216,863.6602,12186.125,7163.6763,4302.8027,1366.8456,43775.0588,M,N,N
10/10/2018,22:00,12080.251,1511.5923,2774.5752,811.9036,11173.2598,6682.4912,4023.9783,1334.0557,40392.1071,A3,N,N
10/10/2018,22:00,12597.8359,1520.9113,2729.4485,819.0908,11320.9219,6548.2686,4008.1299,1344.2936,40888.9005,A6,N,N
10/10/2018,22:00,13076.2998,1531.05,2781.26,807.77,11867.0996,6808.3701,4089.0801,1412.52,42373.4496,E,Y,N
10/10/2018,22:00,12934.2998,1522.9399,2709.29,843.763,11495.5996,6686.4302,4070.1899,1285.23,41547.7424,E1,N,N
10/10/2018,22:00,12970.9004,1595.58,2763.54,812.554,11535.5996,7083.71,4154.1499,1305.7,42221.7339,E2,N,N
10/10/2018,22:00,12592.2998,1523.66,2659.45,808.289,11645.0996,6733.7002,4119.29,1329.62,41411.4086,E3,N,N
10/10/2018,22:00,12708.6484,1534.2891,2736.2607,817.2284,11506.2627,6757.1611,4077.47,1335.2366,41472.557,M,N,N
10/10/2018,23:00,11023.0615,1406.6296,2676.3696,770.195,10323.0596,6092.7793,3706.8896,1285.7925,37284.7767,A3,N,N
10/10/2018,23:00,11609.9316,1436.1383,2642.729,771.1946,10412.4844,6034.7788,3732.6521,1277.547,37917.4558,A6,N,N
10/10/2018,23:00,12112.4004,1427.41,2688.48,780.331,11004.0996,6191.0801,3835.8301,1304.66,39344.2912,E,Y,N
10/10/2018,23:00,12177.4004,1434.09,2639.8799,755.891,10542.5,6125.48,3739.1599,1235.26,38649.6612,E1,N,N
10/10/2018,23:00,11959.2002,1480.8,2654.72,765.908,10655.9004,6222.8999,3846.1899,1246.09,38831.7084,E2,N,N
10/10/2018,23:00,11710.9004,1432.46,2580.78,759.724,10802,6209.8999,3881.8201,1338.6801,38716.2645,E3,N,N
10/10/2018,23:00,11765.4824,1436.2546,2647.1597,767.2073,10623.3408,6146.1533,3790.4236,1281.3384,38457.3601,M,N,N
10/10/2018,24:00,10029.1348,1300.1368,2593.6611,724.6964,9516.3115,5480.1084,3393.217,1217.0072,34254.2732,A3,N,N
10/10/2018,24:00,10699.2334,1347.281,2597.2249,721.7115,9614.8184,5472.2578,3445.8083,1203.8654,35102.2007,A6,N,N
10/10/2018,24:00,11152.7998,1319.41,2592.8601,706.841,10076,5554.8301,3500.79,1193.25,36096.781,E,Y,N
10/10/2018,24:00,11211.5,1307.92,2582.2,738.127,9715.9902,5536.4902,3463.76,1189.91,35745.8974,E1,N,N
10/10/2018,24:00,10958.4004,1349.23,2526.51,699.443,9686.1602,5630.1499,3506.79,1176.91,35533.5935,E2,N,N
10/10/2018,24:00,10730.9004,1321.52,2392.3601,679.271,9890.5703,5533.4199,3523.26,1232.21,35303.5117,E3,N,N
10/10/2018,24:00,10796.9951,1324.2496,2547.4692,711.6817,9749.9756,5534.543,3472.2712,1202.1921,35339.3775,M,N,N
10/11/2018,1:00,9106.1514,1187.1682,2518.3193,680.8318,8889.6172,5019.1802,3060.4937,1151.6292,31613.391,A3,N,N
10/11/2018,1:00,9790.0625,1290.9351,2484.7095,676.4709,9093.0947,5020.4604,3070.1528,1130.6145,32556.5004,A6,N,N
10/11/2018,1:00,10327.2002,1222.4301,2553,694.131,9479.2305,5019.8301,3230.24,1067.45,33593.5119,E,N,N
10/11/2018,1:00,10420.2002,1220.28,2537.8201,709.884,9037.9102,5037.7598,3229.75,1168.72,33362.3243,E1,Y,N
10/11/2018,1:00,10059.7002,1226.34,2508.8799,685.611,9131.9697,5123.5298,3185.0701,1132.3101,33053.4108,E2,N,N
10/11/2018,1:00,10021.2998,1219.95,2435.4099,682.554,9199.5303,5010.6299,3225.71,1214.72,33009.8039,E3,N,N
10/11/2018,1:00,9954.1035,1227.8505,2506.3564,688.2472,9138.5586,5038.5649,3166.9028,1144.2407,32864.8246,M,N,N
10/11/2018,2:00,8535.2314,1123.2607,2457.9478,666.2678,8401.2197,4727.4878,2898.1724,1111.7524,29921.34,A3,N,N
10/11/2018,2:00,9222.9121,1222.6035,2394.9775,662.8923,8605.6973,4730.3101,2933.7952,1100.1324,30873.3204,A6,N,N
10/11/2018,2:00,9789.3301,1150.11,2508.8799,663.903,8971.3301,4670.6802,3008.8,974.682,31737.7153,E,N,N
10/11/2018,2:00,9800.3398,1153.25,2507.76,679.244,8464.9297,4676.04,3049.6299,1158.53,31489.7234,E1,Y,N
10/11/2018,2:00,9507.79,1137.09,2457.47,669.634,8650.96,4774.6299,2975.97,1089.3199,31262.8638,E2,N,N
10/11/2018,2:00,9570.0996,1163.16,2403.6599,663.121,8660.21,4703.02,3067.8601,1147.51,31378.6406,E3,N,N
10/11/2018,2:00,9404.2842,1158.2457,2455.1157,667.5103,8625.7246,4713.6948,2989.0381,1096.9879,31110.6013,M,N,N
10/11/2018,3:00,8003.6499,1094.9446,2449.0273,663.4398,8179.2935,4517.2637,2777.0295,1075.2615,28759.9098,A3,N,N
10/11/2018,3:00,8657.5186,1180.8156,2380.4614,668.8987,8376.9531,4597.1396,2821.2302,1052.2429,29735.2601,A6,N,N
10/11/2018,3:00,9396.6504,1117.1801,2477.6699,704.789,8719.7402,4449.02,2901.98,902.226,30669.2556,E,N,N
10/11/2018,3:00,9459.5195,1145.21,2487.9299,681.618,8238.1602,4469.9902,2892.4099,1101.99,30476.8277,E1,Y,N
10/11/2018,3:00,9106.5498,1097.8199,2429.1799,667.255,8402.6904,4548.2202,2819.04,1038.17,30108.9252,E2,N,N
10/11/2018,3:00,9115.4404,1137.83,2316.2,666.574,8631.2803,4520.0601,2896.27,1081.51,30365.1648,E3,N,N
10/11/2018,3:00,8956.5547,1128.9667,2423.4116,675.4291,8424.6865,4516.9487,2851.3267,1041.9001,30019.2241,M,N,N
10/11/2018,4:00,7736.4785,1087.7867,2448.0859,658.4692,8090.8921,4380.2769,2696.1748,1058.6154,28156.7795,A3,N,N
10/11/2018,4:00,8452.998,1167.6246,2377.3955,663.4237,8249.8105,4484.6665,2736.959,1050.2235,29183.1013,A6,N,N
10/11/2018,4:00,9250.5996,1109.34,2464.25,690.819,8597.1699,4361.5698,2809.75,892.257,30175.7553,E,N,N
10/11/2018,4:00,9230.71,1110.95,2478.6699,671.509,8146.23,4327.8501,2828.9399,1120.27,29915.1289,E1,Y,N
10/11/2018,4:00,8965.6797,1084.52,2418.75,659.701,8284.8604,4465.3501,2764.3601,1028.86,29672.0813,E2,N,N
10/11/2018,4:00,8906.3799,1130.17,2295.5801,665.378,8505.3604,4444.5601,2831.28,1134.54,29913.2485,E3,N,N
10/11/2018,4:00,8757.1406,1115.0653,2413.7886,668.2167,8312.3877,4410.7124,2777.9106,1047.4609,29502.6828,M,N,N
10/11/2018,5:00,7736.0352,1108.6339,2449.4199,661.3759,8138.0391,4303.0645,2710.2871,1068.6918,28175.5474,A3,N,N
10/11/2018,5:00,8383.8672,1203.285,2383.7219,661.9861,8255.6094,4465.7412,2756.553,1066.7871,29177.5509,A6,N,N
10/11/2018,5:00,9320.6504,1127.63,2468.77,704.364,8796.8799,4395.9502,2793.51,893.736,30501.4905,E,N,N
10/11/2018,5:00,9273.3496,1156.84,2479.99,689.248,8233.79,4362.1201,2782.72,1097.72,30075.7777,E1,Y,N
10/11/2018,5:00,9043.3496,1108.48,2426.6101,674.887,8489.8203,4465.8799,2751.1001,1035.08,29995.207,E2,N,N
10/11/2018,5:00,9028.8799,1125.65,2306.27,682.408,8629.0303,4511.0601,2804.9199,1142.52,30230.7382,E3,N,N
10/11/2018,5:00,8797.6885,1138.4199,2419.1304,679.0449,8423.8623,4417.3027,2766.5149,1050.7559,29692.7195,M,N,N
10/11/2018,6:00,8317.2803,1150.1055,2496.5886,683.128,8582.8945,4562.1797,2785.3948,1076.801,29654.3724,A3,N,N
10/11/2018,6:00,8712.7051,1229.8944,2445.2139,679.8856,8700.1895,4755.1313,2822.1794,1056.7888,30401.988,A6,N,N
10/11/2018,6:00,9796.5,1210.16,2495.8401,737.64,9610.9902,4730.6602,2891.02,946.236,32419.0465,E,N,N
10/11/2018,6:00,9837.1602,1213.1801,2517.48,722.054,8878.4199,4670.6499,2894.1001,1127.65,31860.6942,E1,Y,N
10/11/2018,6:00,9578.2695,1191.99,2457.71,715.65,9262.54,4860.0498,2842.1101,1054.51,31962.8294,E2,N,N
10/11/2018,6:00,9498.3604,1239.4301,2352.73,727.938,9275.6904,4760.3799,2910.72,1111.66,31876.9088,E3,N,N
10/11/2018,6:00,9290.0469,1205.7933,2460.9272,711.0493,9051.7881,4723.1753,2857.5874,1062.2744,31362.6419,M,N,N
10/11/2018,7:00,9001.4932,1277.9094,2562.8267,738.7648,9445.2549,5001.7822,2999.1924,1128.1832,32155.4068,A3,N,N
10/11/2018,7:00,9184.2256,1366.0535,2525.7178,742.8723,9548.9063,5180.1499,3036.9258,1107.1904,32692.0416,A6,N,N
10/11/2018,7:00,10492.5,1403.26,2561.25,811.825,11060.2998,5382.3398,3174.2,1168.96,36054.6346,E,N,N
10/11/2018,7:00,10583.4004,1342.4399,2534.96,813.293,10094.4004,5305.75,3184.4199,1225.78,35084.4436,E1,Y,N
10/11/2018,7:00,10345.9004,1399.6899,2523.78,800.347,10660.2002,5445.27,3098.0901,1151.99,35425.2676,E2,N,N
10/11/2018,7:00,10259.0996,1374.2,2393.6201,809.772,10602.7998,5440.0498,3155.53,1226.2,35261.2713,E3,N,N
10/11/2018,7:00,9977.7695,1360.5922,2517.0261,786.1458,10235.3105,5292.5571,3108.0596,1168.0507,34445.5115,M,N,N
10/11/2018,8:00,9299.0977,1321.3643,2607.7964,764.4267,9759.4736,5196.5244,3057.134,1165.0726,33170.8897,A3,N,N
10/11/2018,8:00,9130.8818,1406.1665,2577.4102,778.9203,9898.585,5398.8477,3110.6975,1154.3234,33455.8324,A6,N,N
10/11/2018,8:00,10641,1453.96,2620.53,819.125,11744.2002,5657.8501,3236.95,1238.25,37411.8653,E,N,N
10/11/2018,8:00,10722.2998,1377.4,2598.1299,846.295,10814.7002,5514.2998,3269.0901,1289.46,36431.6748,E1,Y,N
10/11/2018,8:00,10535.7002,1451.3,2579.3701,840.317,11383.7998,5734.02,3159.21,1209.41,36893.1271,E2,N,N
10/11/2018,8:00,10432.4004,1397.59,2430.9399,849.156,10969.7998,5681.6699,3182.73,1308.1,36252.386,E3,N,N
10/11/2018,8:00,10126.8965,1401.2968,2569.0295,816.3734,10761.7598,5530.5352,3169.3022,1227.436,35602.6294,M,N,N
10/11/2018,9:00,9396.4189,1350.2725,2590.8047,780.0463,10007.792,5247.2388,3057.7214,1174.4216,33604.7162,A3,N,N
10/11/2018,9:00,9306.4297,1430.5164,2557.238,788.2623,10091.5771,5456.5752,3127.9517,1184.6772,33943.2276,A6,N,N
10/11/2018,9:00,10776.5996,1487.3,2611.1201,818.442,11678,5633.9302,3248.3701,1194.4399,37448.2019,E,N,N
10/11/2018,9:00,10770,1395.85,2591.8601,856.029,10610,5491.1099,3193.8101,1244.88,36153.5391,E1,Y,N
10/11/2018,9:00,10818.9004,1499.2,2579.1001,847.086,11710.0996,5818.1899,3196.9099,1188.71,37658.1959,E2,N,N
10/11/2018,9:00,10574.4004,1438.95,2488.5,864.806,10937.9004,5689.6499,3237.5,1263.29,36494.9967,E3,N,N
10/11/2018,9:00,10273.792,1433.6814,2569.7705,825.7786,10839.2285,5556.1157,3177.0439,1208.4031,35883.8137,M,N,N
10/11/2018,10:00,9344.6621,1384.8623,2632.0537,805.4105,10441.8184,5526.1187,3242.1387,1204.1234,34581.1878,A3,N,N
10/11/2018,10:00,10013.9414,1451.0129,2587.7148,795.4453,10486.8535,5670.5112,3310.2783,1223.8846,35539.642,A6,N,N
10/11/2018,10:00,11281.9004,1517.02,2638.51,890.807,11783.7002,5784.71,3373.6101,1152.23,38422.4877,E,N,N
10/11/2018,10:00,11115.4004,1429.9301,2602.5,900.47,10876.0996,5655.0601,3447.8101,1186.41,37213.6803,E1,Y,N
10/11/2018,10:00,11316.7002,1526.14,2603.6699,894.056,11842.7002,5902.8901,3366.24,1175.04,38627.4364,E2,N,N
10/11/2018,10:00,10820.7998,1435.27,2473.5701,905.198,11228.5996,5739.6802,3396.28,1298.78,37298.1777,E3,N,N
10/11/2018,10:00,10648.9014,1457.3726,2589.6699,865.2311,11109.9619,5713.1616,3356.0596,1206.7448,36947.1029,M,N,N
10/11/2018,11:00,9817.4922,1436.0153,2704.0317,823.8256,10883.8311,5859.3628,3479.699,1230.046,36234.3037,A3,N,N
10/11/2018,11:00,10805.8945,1487.2506,2655.1477,817.513,10982.8516,5860.624,3525.3516,1230.4093,37365.0423,A6,N,N
10/11/2018,11:00,11809.7002,1525.59,2654.55,918.629,12142.4004,6050.5098,3505.3401,1166.0601,39772.7796,E,N,N
10/11/2018,11:00,11587.7998,1449.46,2653.1899,957.695,11193.5,5789.1299,3529.6899,1224.7,38385.1645,E1,Y,N
10/11/2018,11:00,11869.7002,1549.59,2624.3999,926.995,11857.0996,6074.96,3599.2,1194.9399,39696.8846,E2,N,N
10/11/2018,11:00,11166.5996,1466.63,2518.3401,950.41,11677.7002,5965.4902,3542.3401,1291.27,38578.7802,E3,N,N
10/11/2018,11:00,11176.1973,1485.756,2634.9434,899.1779,11456.2305,5933.3462,3530.27,1222.9043,38338.8256,M,N,N
10/11/2018,12:00,10801.0752,1487.2269,2760.9614,822.1013,11260.4229,6157.042,3676.4446,1275.5803,38240.8546,A3,N,N
10/11/2018,12:00,11519.001,1557.2699,2696.2019,825.3768,11390.6914,6048.6152,3678.8606,1266.6652,38982.682,A6,N,N
10/11/2018,12:00,12224.2998,1551.54,2685.05,903.983,12289.7998,6260.5801,3662.3101,1176.73,40754.2928,E,N,N
10/11/2018,12:00,11980.5996,1500.72,2666.47,958.104,11421.7002,5991.04,3709.77,1202.72,39431.1238,E1,Y,N
10/11/2018,12:00,12288.0996,1592.01,2660.77,929.342,11948.4004,6312.4502,3830.9199,1193.61,40755.6021,E2,N,N
10/11/2018,12:00,11645.2998,1524.74,2562.6201,945.868,11886.2002,6068.54,3700.98,1321.71,39655.9581,E3,N,N
10/11/2018,12:00,11743.0625,1535.5845,2672.0122,897.4625,11699.5361,6139.7114,3709.8813,1239.5026,39636.7531,M,N,N
10/11/2018,13:00,11847.9082,1562.2179,2790.7461,830.7553,11545.3711,6427.9644,3865.3699,1306.1238,40176.4567,A3,N,N
10/11/2018,13:00,12304.7393,1621.6678,2717.7471,812.5132,11714.8926,6215.3184,3877.3359,1261.6912,40525.9055,A6,N,N
10/11/2018,13:00,12561.2002,1591.29,2699.6101,921.733,12371.9004,6446.54,3909.8301,1193.7,41695.8038,E,N,N
10/11/2018,13:00,12598.5,1521.96,2658.1499,962.12,11542.9004,6207.1899,3941.5801,1210.89,40643.2903,E1,Y,N
10/11/2018,13:00,12764,1657.9301,2677.8201,918.799,12020,6525.6401,4023.04,1187.5699,41774.7992,E2,N,N
10/11/2018,13:00,12090.7998,1555.91,2601.4099,926.689,12056.4004,6260.9502,3976.8701,1305.17,40774.1994,E3,N,N
10/11/2018,13:00,12361.1914,1585.1627,2690.9141,895.435,11875.2451,6347.2671,3932.3381,1244.1908,40931.7443,M,N,N
10/11/2018,14:00,12928.3701,1658.6259,2832.6853,836.5898,12040.458,6646.4375,4021.7444,1327.4689,42292.3799,A3,N,N
10/11/2018,14:00,13040.8223,1671.0527,2755.4751,814.8339,12214.8838,6567.3916,4087.9702,1263.5693,42415.9989,A6,N,N
10/11/2018,14:00,13001.2998,1634.12,2733.76,931.135,12601.2002,6602.9902,4099.1299,1239.45,42843.0851,E,N,N
10/11/2018,14:00,13294.7002,1575.79,2701.8501,970.327,11724.5996,6440.8999,4195.1001,1277.53,42180.7969,E1,Y,N
10/11/2018,14:00,13303.0996,1718.25,2709.5701,921.655,12366.2002,6618.54,4220.2402,1213.25,43070.8051,E2,N,N
10/11/2018,14:00,12955,1593.38,2564.8601,924.426,12129.0996,6375.2598,4155.7598,1366.5699,42064.3552,E3,N,N
10/11/2018,14:00,13087.2168,1641.8698,2716.3667,899.8279,12179.4072,6541.9204,4129.9907,1281.3064,42477.9059,M,N,N
10/11/2018,15:00,13712.1719,1692.9081,2887.521,856.5509,12283.7666,6864.647,4146.25,1351.3187,43795.1342,A3,N,N
10/11/2018,15:00,13773.3105,1682.4989,2823.9023,828.9644,12350.0254,6698.0566,4221.7573,1269.5071,43648.0225,A6,N,N
10/11/2018,15:00,13388.9004,1661.3,2768.4299,951.791,12810.7998,6737.3398,4200.5298,1259.45,43778.5407,E,N,N
10/11/2018,15:00,13696.7998,1628.42,2734.05,978.36,11940.2998,6650.5298,4328.1001,1268.09,43224.6495,E1,Y,N
10/11/2018,15:00,13762,1730.15,2748.24,932.366,12506.2002,6691.5698,4369.1602,1207.1899,43946.8761,E2,N,N
10/11/2018,15:00,13538.5996,1604.1,2624.73,935.428,12535.2998,6636.4902,4233.4199,1332.73,43440.7975,E3,N,N
10/11/2018,15:00,13645.2979,1666.5629,2764.479,913.9101,12404.3984,6713.1064,4249.8696,1281.381,43639.0053,M,N,N
10/11/2018,16:00,14262.7002,1724.0267,2921.3594,872.6599,12387.7295,7123.6338,4296.9448,1382.2775,44971.3318,A3,N,N
10/11/2018,16:00,14208.4473,1675.9904,2874.9927,840.941,12413.624,6760.6523,4379.7329,1294.8286,44449.2092,A6,N,N
10/11/2018,16:00,13769.2998,1673.25,2796.99,964.065,12956.9004,6876.3999,4244.46,1288.8199,44570.185,E,N,N
10/11/2018,16:00,14093.0996,1630.6801,2757.8301,981.64,12166.2998,6818.1602,4386.3301,1290.8,44124.8399,E1,Y,N
10/11/2018,16:00,14142,1755.62,2787.22,945.056,12731.4004,6745.9399,4437.8799,1218.99,44764.1062,E2,N,N
10/11/2018,16:00,13559.9004,1615.77,2679.6599,952.788,12360,6723.6099,4316.46,1342.36,43550.5482,E3,N,N
10/11/2018,16:00,14005.9082,1679.223,2803.0088,926.1917,12502.6592,6841.3994,4343.6348,1303.0127,44405.0378,M,N,N
10/11/2018,17:00,14544.0645,1729.9662,2918.2163,903.6143,12632.5322,7325.0122,4324.3335,1414.2952,45792.0344,A3,N,N
10/11/2018,17:00,14701.6523,1638.3477,2855.8843,880.6351,12599.4561,6851.2749,4387.1895,1317.5646,45232.0045,A6,N,N
10/11/2018,17:00,13956.2998,1686.47,2817.1001,984.536,13100.2002,7031.0098,4250.5,1336.34,45162.4559,E,N,N
10/11/2018,17:00,14165,1628.42,2794.3201,991.518,12273.0996,7057.6899,4396.75,1335.9399,44642.7375,E1,Y,N
10/11/2018,17:00,14408.7002,1725.67,2802.9399,957.509,12853.2002,6897.3301,4465.5298,1250.9399,45361.8191,E2,N,N
10/11/2018,17:00,14003.0996,1580.97,2689.97,977.424,12593.5,6872.9302,4338.96,1342.67,44399.5238,E3,N,N
10/11/2018,17:00,14296.4707,1664.974,2813.072,949.2061,12675.332,7005.8745,4360.5439,1332.9583,45098.4315,M,N,N
10/11/2018,18:00,13931.2715,1704.0227,2914.3403,895.3953,12649.7803,7274.8325,4228.4399,1409.1533,45007.2358,A3,N,N
10/11/2018,18:00,14074.1504,1603.8004,2838.4021,893.2231,12708.9756,6877.4873,4293.8877,1322.6211,44612.5477,A6,N,N
10/11/2018,18:00,13713.4004,1669.1,2805.9399,969.072,12996.7998,7072.73,4227.3501,1356.5601,44810.9523,E,N,N
10/11/2018,18:00,13960.9004,1611.7,2762.45,959.782,12056.7002,7046.0898,4336.5801,1350.45,44084.6525,E1,Y,N
10/11/2018,18:00,14037.4004,1705.29,2786.8601,930.953,12730.7998,6994.6802,4367.98,1278.16,44832.1235,E2,N,N
10/11/2018,18:00,13594.5,1589.29,2623.1399,951.316,12147.0996,6991,4268.3999,1361.46,43526.2054,E3,N,N
10/11/2018,18:00,13885.2715,1647.2006,2788.522,933.2903,12548.3594,7042.8037,4287.1064,1346.4008,44478.9547,M,N,N
10/11/2018,19:00,13276.1416,1641.0574,2893.9253,849.9058,12168.0986,7246.7085,4053.0525,1406.3881,43535.2778,A3,N,N
10/11/2018,19:00,13536.6768,1559.613,2836.1836,853.6332,12412.1055,7046.2495,4098.022,1333.0077,43675.4913,A6,N,N
10/11/2018,19:00,13195.7998,1645.96,2783.96,899.064,12780.2998,6973.8501,4012.5801,1354.42,43645.9338,E,N,N
10/11/2018,19:00,13447.2998,1577.16,2764.2,912.525,11852.2998,6787.73,4149.96,1339.74,42830.9146,E1,Y,N
10/11/2018,19:00,13415.9004,1652.8,2763.6201,872.56,12431.2002,6955.1699,4176.4102,1300.4399,43568.1007,E2,N,N
10/11/2018,19:00,12905.4004,1562.96,2595.8701,883.609,11960.7002,6831.1499,4138.1299,1387.08,42264.8995,E3,N,N
10/11/2018,19:00,13296.2041,1606.5918,2772.9597,878.5496,12267.4521,6973.4761,4104.6929,1353.5127,43253.439,M,N,N
10/11/2018,20:00,12806.4707,1645.6813,2881.0505,845.7329,12262.9209,7208.6055,4000.9351,1375.4073,43026.8042,A3,N,N
10/11/2018,20:00,13109.1338,1603.5936,2827.0518,850.983,12560.4805,6997.9072,4031.1282,1350.4063,43330.6844,A6,N,N
10/11/2018,20:00,13083.2998,1656.46,2782.3101,891.21,12898.5,7029.2798,3976.73,1375.91,43693.6997,E,N,N
10/11/2018,20:00,13437.5996,1628.4301,2748.0801,916.127,12165.7002,6862.1001,4125.2402,1293.91,43177.1873,E1,Y,N
10/11/2018,20:00,13323.5,1683.21,2761.2,879.748,12624.5996,6996.46,4147.79,1289.5601,43706.0677,E2,N,N
10/11/2018,20:00,12824.0996,1608.75,2636.5601,890.76,12314,6831.75,4040.8601,1359.86,42506.6398,E3,N,N
10/11/2018,20:00,13097.3516,1637.6876,2772.7087,879.0936,12471.0352,6987.6841,4053.7808,1340.8423,43240.1839,M,N,N
10/11/2018,21:00,12182.834,1584.1644,2866.842,833.16,11904.2832,6950.522,3960.0364,1397.84,41679.682,A3,N,N
10/11/2018,21:00,12672.9014,1553.6516,2809.137,833.9459,12175.6426,6796.2085,3998.9155,1406.0117,42246.4142,A6,N,N
10/11/2018,21:00,12717.2002,1633.0601,2790.9099,887.726,12696.5996,6918.54,3945.9399,1340.8,42930.7757,E,N,N
10/11/2018,21:00,12815.7002,1568.14,2768,919.617,11895.5996,6793.23,4019.3601,1314.88,42094.5269,E1,Y,N
10/11/2018,21:00,13031.2002,1653.23,2764.2,883.016,12467.7002,6900.5098,4083.51,1283.51,43066.8762,E2,N,N
10/11/2018,21:00,12439.5,1546.61,2642.8799,890.623,12327.4004,6873.9199,4043.99,1357.49,42122.4132,E3,N,N
10/11/2018,21:00,12643.2227,1589.8093,2773.6616,874.6813,12244.5371,6872.1553,4008.6252,1350.0886,42356.7811,M,N,N
10/11/2018,22:00,11477.2754,1501.1642,2815.5378,796.1771,11293.7148,6595.1885,3789.0908,1371.8286,39639.9772,A3,N,N
10/11/2018,22:00,12191.2949,1498.3231,2776.6519,791.7401,11466.0498,6506.4775,3808.4922,1358.4769,40397.5064,A6,N,N
10/11/2018,22:00,12143,1541.33,2736.73,837.692,12057.2002,6562.0801,3762.3501,1325.3199,40965.7023,E,N,N
10/11/2018,22:00,12196.7998,1514.15,2708.52,888.87,11418,6431.73,3864.53,1301.21,40323.8098,E1,Y,N
10/11/2018,22:00,12307.5,1556.87,2703.22,846.413,11904.2998,6893.9702,3904.6599,1236.85,41353.7829,E2,N,N
10/11/2018,22:00,11734,1547.12,2556.78,842.055,11717,6396.2798,3810.3701,1302.15,39905.7549,E3,N,N
10/11/2018,22:00,12008.3125,1526.4929,2716.2402,833.8246,11642.7109,6564.2881,3823.249,1315.9727,40431.0909,M,N,N
10/11/2018,23:00,10679.668,1395.7738,2719.4646,757.4312,10467.874,6035.4077,3551.9634,1330.0099,36937.5926,A3,N,N
10/11/2018,23:00,11392.5303,1419.4821,2690.4624,752.5859,10579.4453,6014.5229,3583.8545,1299.469,37732.3524,A6,N,N
10/11/2018,23:00,11317.4004,1420.96,2661.6201,800.581,11132.7998,6034.5298,3547.8401,1239.9301,38155.6613,E,N,N
10/11/2018,23:00,11404.9004,1389.45,2617.05,817.299,10458.4004,5911.4199,3526.6299,1252.03,37377.1796,E1,Y,N
10/11/2018,23:00,11348.2002,1446.04,2619.29,805.96,10964,6066.8999,3670.98,1193.9301,38115.3002,E2,N,N
10/11/2018,23:00,10986.9004,1436.95,2507.71,796.214,10744,5898.71,3581.1899,1344.87,37296.5443,E3,N,N
10/11/2018,23:00,11188.2676,1418.1094,2635.9331,788.3452,10724.4209,5993.5815,3577.0764,1276.7065,37602.4406,M,N,N
10/11/2018,24:00,9771.5693,1292.5747,2640.2253,712.6223,9654.2734,5498.8525,3307.7646,1264.5006,34142.3827,A3,N,N
10/11/2018,24:00,10561.3447,1342.1357,2646.6096,708.6671,9768.8877,5513.7476,3332.4619,1229.4323,35103.2866,A6,N,N
10/11/2018,24:00,10489.4004,1312.33,2580.98,716.132,10145.7998,5470.0298,3298.5901,1148.96,35162.2221,E,N,N
10/11/2018,24:00,10567.2998,1299.85,2586.6899,778.43,9675.6201,5402.7402,3310.04,1159.45,34780.12,E1,Y,N
10/11/2018,24:00,10403.4004,1331.65,2509.78,732.885,9964.1699,5546.3501,3390.05,1141.75,35020.0354,E2,N,N
10/11/2018,24:00,10194.0996,1320.38,2304.97,714.833,9829.0195,5395.4302,3315.27,1226.27,34300.2723,E3,N,N
10/11/2018,24:00,10331.1865,1316.4868,2544.8757,727.2616,9839.6289,5471.1919,3325.6963,1195.0605,34751.3882,M,N,N
10/12/2018,1:00,8990.0186,1167.8433,2590.7732,684.8974,9032.7031,5082.978,3038.7976,1202.7002,31790.7114,A3,N,N
10/12/2018,1:00,9697.5205,1261.7235,2528.6855,676.0421,9238.8203,5077.1362,3001.5334,1163.146,32644.6075,A6,N,N
10/12/2018,1:00,9811.1797,1202.24,2545.3999,706.356,9460.8203,4990.27,3115.78,1070.62,32902.6659,E,N,N
10/12/2018,1:00,9923.2402,1226.55,2556,746.185,9086.1797,4981.5298,3138.6201,1118.36,32776.6648,E1,Y,N
10/12/2018,1:00,9610.1104,1205.13,2513.7,713.947,9271.0596,5123.2002,3134.03,1115.4301,32686.6073,E2,N,N
10/12/2018,1:00,9605.5996,1207.09,2398.72,697.776,9112.6699,4973.4199,3110.9299,1164.08,32270.2853,E3,N,N
10/12/2018,1:00,9606.2783,1211.7628,2522.2131,704.2006,9200.376,5038.0889,3089.9487,1139.056,32511.9244,M,N,N
10/12/2018,2:00,8462.8604,1117.0096,2535.4956,668.4911,8576.3174,4809.875,2901.793,1166.3925,30238.2346,A3,N,N
10/12/2018,2:00,9161.8984,1196.0132,2435.157,662.7231,8771.5342,4800.8511,2884.8398,1132.005,31045.0218,A6,N,N
10/12/2018,2:00,9348.29,1125.88,2495.5801,698.193,8922.5498,4672.4302,2980.3999,1015.51,31258.833,E,N,N
10/12/2018,2:00,9471.7598,1169.8199,2535.26,728.354,8647.3203,4648.1401,3012.1599,1138.42,31351.234,E1,Y,N
10/12/2018,2:00,9086.9404,1124.15,2462.55,693.832,8690.4502,4822.2598,2954.2,1084.3,30918.6824,E2,N,N
10/12/2018,2:00,9239.5303,1156.54,2361.25,676.521,8582.5,4685.2998,2995.6001,1104.89,30802.1312,E3,N,N
10/12/2018,2:00,9128.5469,1148.2355,2470.8823,688.019,8698.4463,4739.8096,2954.832,1106.9197,30935.6913,M,N,N
10/12/2018,3:00,7888.1089,1091.7953,2536.9043,665.7043,8314.0332,4606.959,2793.9829,1134.4863,29031.9742,A3,N,N
10/12/2018,3:00,8616.8027,1163.5482,2418.5298,668.8967,8512.8066,4666.4482,2778.3169,1083.5337,29908.8828,A6,N,N
10/12/2018,3:00,9028.0996,1086.63,2458.4199,727.957,8640.4297,4478.1602,2856.1201,978.737,30254.5535,E,N,N
10/12/2018,3:00,9022.6104,1130.96,2488.22,720.807,8388.04,4445.3198,2863.6101,1085.48,30145.0473,E1,Y,N
10/12/2018,3:00,8746.8301,1086.29,2432.6201,690.831,8343.6504,4619.1299,2820.97,1058.38,29798.7015,E2,N,N
10/12/2018,3:00,8863.5898,1146.58,2291.7,679.83,8582.2305,4544.54,2839.8301,1075.76,30024.0604,E3,N,N
10/12/2018,3:00,8694.3408,1117.6339,2437.7324,692.3376,8463.5322,4560.0928,2825.4717,1069.3962,29860.5376,M,N,N
10/12/2018,4:00,7688.8389,1086.896,2539.9597,662.1411,8191.3789,4520.1753,2717.9294,1116.9203,28524.2396,A3,N,N
10/12/2018,4:00,8425.2021,1153.792,2414.1814,663.3173,8350.6504,4546.793,2713.6143,1079.8438,29347.3943,A6,N,N
10/12/2018,4:00,8910.9199,1072.71,2440.48,716.128,8554.9297,4401.4399,2791.27,941.879,29829.7565,E,N,N
10/12/2018,4:00,8914.3701,1116.5699,2495.9399,694.516,8270.6797,4385.71,2798.5,1069.15,29745.4356,E1,Y,N
10/12/2018,4:00,8619.8799,1069.8101,2419.51,689.673,8260.1396,4552.1299,2755.8,1031.66,29398.6025,E2,N,N
10/12/2018,4:00,8701.46,1137.7,2313.5601,682.598,8483.9004,4460.0601,2819.21,1068.6899,29667.1785,E3,N,N
10/12/2018,4:00,8543.4453,1106.2463,2437.2717,684.7289,8351.9473,4477.7183,2766.0542,1051.3572,29418.7692,M,N,N
10/12/2018,5:00,7750.6816,1111.0829,2535.5093,665.8889,8368.8525,4530.1606,2744.0759,1135.543,28841.7947,A3,N,N
10/12/2018,5:00,8364.4111,1191.3634,2418.4517,661.5701,8423.041,4586.3594,2739.0178,1098.5162,29482.7307,A6,N,N
10/12/2018,5:00,8998.5498,1082.74,2439.75,728.022,8761.0703,4450.3101,2799.4299,953.341,30213.2131,E,N,N
10/12/2018,5:00,8997.0996,1151.51,2480.1899,700.921,8326.7998,4383.98,2800.73,1068.48,29909.7103,E1,Y,N
10/12/2018,5:00,8715.4199,1087.54,2420.76,698.695,8458.8701,4566.7002,2748.96,1042.1,29739.0452,E2,N,N
10/12/2018,5:00,8842.7803,1113.49,2307.45,696.222,8618.6104,4559.7598,2794.54,1081.63,30014.4825,E3,N,N
10/12/2018,5:00,8611.4912,1122.9545,2433.6851,691.8865,8492.873,4512.8784,2771.1255,1063.2684,29700.1626,M,N,N
10/12/2018,6:00,8274.1416,1153.2427,2579.0986,688.2509,8885.7783,4829.5771,2823.5808,1148.8037,30382.4737,A3,N,N
10/12/2018,6:00,8815.8828,1220.6665,2479.1699,680.3321,8937.2441,4923.5703,2825.563,1088.761,30971.1897,A6,N,N
10/12/2018,6:00,9455.3701,1160.4399,2467.79,750.029,9520.7695,4759.5898,2874.3999,976.547,31964.9352,E,N,N
10/12/2018,6:00,9497.3896,1241.3,2504.98,756.081,8899.9404,4669.8398,2867.8301,1099.65,31537.0109,E1,Y,N
10/12/2018,6:00,9215.9199,1155.01,2453.3201,734.652,9190.8896,4899.4502,2842.23,1042.6,31534.0718,E2,N,N
10/12/2018,6:00,9284.4297,1179.4,2332.6699,736.697,9158.7402,4734.4102,2875.01,1090.6,31391.957,E3,N,N
10/12/2018,6:00,9090.5225,1185.0099,2469.5049,724.3403,9098.8936,4802.7397,2851.4355,1074.4937,31296.9401,M,N,N
10/12/2018,7:00,8973.8975,1280.7235,2626.3245,744.4138,9813.8818,5297.5459,3063.5195,1212.3431,33012.6496,A3,N,N
10/12/2018,7:00,9211.0742,1358.3401,2560.3379,739.4457,9842.2285,5366.501,3059.4546,1139.7834,33277.1654,A6,N,N
10/12/2018,7:00,10151.5,1343.28,2533.03,823.529,10833,5370.98,3155.3201,1082.96,35293.5991,E,N,N
10/12/2018,7:00,10137.0996,1319.42,2547.48,821.983,10035.5,5278.4902,3165.74,1158.0699,34463.7827,E1,Y,N
10/12/2018,7:00,9986.8799,1342.3199,2521.1899,814.124,10525.2002,5460.4102,3122.5,1109.83,34882.4541,E2,N,N
10/12/2018,7:00,10042.4004,1343.5601,2415.51,813.474,10342.5996,5378.3701,3148.49,1155.29,34639.6942,E3,N,N
10/12/2018,7:00,9750.4746,1331.2739,2533.9788,792.8282,10232.0684,5358.7163,3119.1709,1143.0461,34261.5572,M,N,N
10/12/2018,8:00,9213.4385,1326.3025,2663.1306,769.187,10271.9922,5557.6812,3103.6902,1250.1984,34155.6206,A3,N,N
10/12/2018,8:00,9275.4072,1403.4183,2607.6287,765.5766,10305.3438,5622.1133,3107.041,1185.457,34271.9859,A6,N,N
10/12/2018,8:00,10362.5996,1399.85,2586.7,831.017,11550.9004,5667.4502,3219.3701,1160.23,36778.1173,E,N,N
10/12/2018,8:00,10379.7998,1361.1,2598.1299,852.107,10582.7002,5578.0098,3285.3999,1212.11,35849.3566,E1,Y,N
10/12/2018,8:00,10227.2998,1398.15,2574.4399,845.985,11234.0996,5766.52,3189.76,1173.6,36409.8543,E2,N,N
10/12/2018,8:00,10213.5996,1371.72,2439.25,844.559,10755.0996,5637.8398,3164.73,1207.0601,35633.8581,E3,N,N
10/12/2018,8:00,9945.3574,1376.7568,2578.2131,818.0719,10783.3555,5638.269,3178.332,1198.1091,35516.4648,M,N,N
10/12/2018,9:00,9247.8398,1356.0903,2647.9033,784.7513,10463.1152,5605.4937,3227.0872,1251.4987,34583.7795,A3,N,N
10/12/2018,9:00,9487.4434,1426.8318,2589.8064,782.2043,10489.3525,5683.623,3183.4023,1211.5992,34854.2629,A6,N,N
10/12/2018,9:00,10544.7998,1434.16,2577.3799,804.052,11547.5996,5695.1099,3280.46,1151.9399,37035.5011,E,N,N
10/12/2018,9:00,10560.2998,1392.25,2592.74,851.818,10576.0996,5584.3501,3264.28,1172.5601,35994.3976,E1,Y,N
10/12/2018,9:00,10494.7998,1451.2,2555.6799,848.736,11206.2998,5871.8301,3240.9099,1181.0601,36850.5156,E2,N,N
10/12/2018,9:00,10376.7998,1439.04,2419.96,846.34,10900,5711.5801,3258.3701,1210.12,36162.21,E3,N,N
10/12/2018,9:00,10118.6641,1416.5953,2563.9116,819.6503,10863.7451,5691.998,3242.4185,1196.463,35913.4459,M,N,N
10/12/2018,10:00,9394.249,1394.321,2694.6016,815.3633,10874.0527,5850.7295,3447.1467,1282.2026,35752.6664,A3,N,N
10/12/2018,10:00,10090.6436,1444.3855,2627.8447,797.6077,10882.1807,5890.9043,3408.2771,1257.8667,36399.7103,A6,N,N
10/12/2018,10:00,11108.7002,1468.1801,2603.5901,869.181,11715.7998,5883.29,3456.73,1152.63,38258.1012,E,N,N
10/12/2018,10:00,10892,1431.63,2601.8601,888.758,10901.5996,5780.48,3490.7,1207.08,37194.1077,E1,Y,N
10/12/2018,10:00,11009.0996,1480.83,2586.24,887.363,11316.7998,6045.1299,3444.8101,1185.59,37955.8624,E2,N,N
10/12/2018,10:00,10762.0996,1422.61,2459.1499,884.399,11161.5,5888.6899,3475.72,1235.55,37289.7184,E3,N,N
10/12/2018,10:00,10542.7988,1440.326,2595.5479,857.112,11141.9883,5889.8706,3453.8972,1220.1533,37141.6941,M,N,N
10/12/2018,11:00,10396.7998,1447.902,2768.3528,838.4111,11340.9102,6201.0889,3733.8328,1309.678,38036.9756,A3,N,N
10/12/2018,11:00,10859.8516,1479.3765,2701.5552,820.8442,11399.2773,6150.8911,3660.7146,1274.9271,38347.4376,A6,N,N
10/12/2018,11:00,11554.0996,1497.21,2627.8701,907.035,11922.7998,6173.2798,3651.6399,1177.21,39511.1442,E,N,N
10/12/2018,11:00,11457.9004,1458.95,2645.51,917.085,11212.0996,6033.7002,3675.8301,1222.77,38623.8453,E1,Y,N
10/12/2018,11:00,11594.7002,1514.4301,2609.51,917.678,11566.2998,6324.9702,3714.9199,1225.76,39468.2682,E2,N,N
10/12/2018,11:00,11144.5,1464.42,2524.23,914.186,11647.7002,6162.4702,3690.9099,1310.89,38859.3063,E3,N,N
10/12/2018,11:00,11167.9766,1477.0481,2646.1714,885.8733,11514.8477,6174.4004,3687.9746,1253.5392,38807.8313,M,N,N
10/12/2018,12:00,11548.0186,1501.8027,2826.0151,839.0754,11747.1143,6499.7417,3981.6169,1354.6238,40298.0085,A3,N,N
10/12/2018,12:00,11700.8672,1547.3351,2747.543,835.3227,11820.6494,6377.9312,3853.0388,1323.3966,40206.084,A6,N,N
10/12/2018,12:00,11987.2002,1538.34,2668.1699,889.546,12036.7998,6419.27,3852.99,1199.48,40591.7959,E,N,N
10/12/2018,12:00,11852.4004,1499.0601,2678.95,946.732,11485.5996,6328.1602,3880.6399,1254.84,39926.3822,E1,Y,N
10/12/2018,12:00,12150.7998,1567.42,2649.5801,923.58,11850.7998,6628.4399,4008.02,1255.14,41033.7796,E2,N,N
10/12/2018,12:00,11556.7002,1508.14,2587.0701,910.666,11730.7002,6371.6899,3893.1899,1331.49,39889.6463,E3,N,N
10/12/2018,12:00,11799.332,1527.0164,2692.8882,890.8203,11778.6113,6437.5391,3911.5828,1286.4951,40324.2852,M,N,N
10/12/2018,13:00,12606.2588,1604.7286,2876.075,850.0728,12080.124,6876.3608,4231.3867,1380.5232,42505.5299,A3,N,N
10/12/2018,13:00,12671.8008,1610.6021,2785.4292,817.8885,12181.9121,6671.8828,4088.3452,1350.5066,42178.3673,A6,N,N
10/12/2018,13:00,12389.7002,1579.85,2694.4299,919.158,12171.4004,6659.6401,4073.3999,1197.41,41684.9885,E,N,N
10/12/2018,13:00,12452,1518.3101,2686.25,963.773,11769,6678.1699,4150.4302,1221.47,41439.4032,E1,Y,N
10/12/2018,13:00,12672.9004,1627.5,2672.52,925.223,12055.5996,6880.1899,4236.98,1248.4399,42319.3528,E2,N,N
10/12/2018,13:00,12056.5,1534.78,2634.46,900.728,11944.9004,6674.3198,4148.6602,1258.36,41152.7084,E3,N,N
10/12/2018,13:00,12474.8604,1579.295,2724.8608,896.1406,12033.8223,6740.0938,4154.8672,1276.1184,41880.0585,M,N,N
10/12/2018,14:00,13382.9268,1682.1533,2938.9441,857.0881,12543.1172,7135.4043,4427.9741,1403.2587,44370.8666,A3,N,N
10/12/2018,14:00,13400.6387,1662.5374,2841.7778,827.6613,12291.584,7101.5752,4350.1255,1351.1827,43827.0826,A6,N,N
10/12/2018,14:00,12847.7998,1628.1899,2745.25,954.387,12418,6875.9199,4291.9199,1232.01,42993.4765,E,N,N
10/12/2018,14:00,13114.4004,1567.12,2726.52,977.859,12019.5996,6944.4702,4346.02,1270.4,42966.3892,E1,Y,N
10/12/2018,14:00,13182,1687.33,2715.99,934.112,12472.5,7002.25,4450.71,1260.4301,43705.3221,E2,N,N
10/12/2018,14:00,12978.7998,1569.1801,2642.4199,902.079,12145.7998,6885.5,4362.7798,1304.38,42790.9384,E3,N,N
10/12/2018,14:00,13151.0938,1632.7518,2768.4836,908.8644,12315.1006,6990.854,4371.5884,1303.6104,43442.347,M,N,N
10/12/2018,15:00,14106.8242,1727.4736,3001.5308,874.8528,12648.209,7420.3257,4590.4839,1428.1465,45797.8465,A3,N,N
10/12/2018,15:00,14288.9023,1684.6595,2923.2336,829.2423,12543.376,7278.1978,4537.9829,1370.5659,45456.1603,A6,N,N
10/12/2018,15:00,13241,1659.33,2803.29,950.325,12560.7998,7079.7002,4449.0098,1259.9399,44003.3947,E,N,N
10/12/2018,15:00,13512,1621.1,2792.53,986.116,12286.9004,7285.3901,4509.1699,1284.72,44277.9264,E1,Y,N
10/12/2018,15:00,13610.7002,1701.49,2775.45,944.03,12557,7114.9199,4588.9302,1250.1899,44542.7102,E2,N,N
10/12/2018,15:00,13407.2002,1566.66,2720.1399,909.641,12516.5996,7300.8501,4463.29,1339.87,44224.2508,E3,N,N
10/12/2018,15:00,13694.4385,1660.1189,2836.0291,915.7012,12518.8145,7246.5645,4523.1445,1322.2386,44717.0498,M,N,N
10/12/2018,16:00,14500.5195,1773.0015,3053.8164,869.5083,12875.9912,7705.4937,4713.7383,1450.5607,46942.6296,A3,N,N
10/12/2018,16:00,14701.2959,1677.3569,2992.6333,833.3564,12677.4697,7530.0313,4690.5576,1398.7329,46501.434,A6,N,N
10/12/2018,16:00,13576.7002,1650.04,2839.8799,966.24,12624.5996,7281.8999,4507.1001,1296.4301,44742.8898,E,N,N
10/12/2018,16:00,13890.2002,1607.89,2800.3301,1000.06,12418.2998,7520.4302,4580.27,1287.0601,45104.5404,E1,Y,N
10/12/2018,16:00,13937.7002,1714.83,2818.3401,950.617,12692.2002,7185.8701,4658.7002,1267.9,45226.1578,E2,N,N
10/12/2018,16:00,13462.9004,1600.3,2833.4199,917.439,12354,7386.9199,4587.0601,1377.66,44519.6993,E3,N,N
10/12/2018,16:00,14011.5527,1670.5697,2889.7366,922.8701,12607.0938,7435.1079,4622.9043,1346.3906,45506.2257,M,N,N
10/12/2018,17:00,14891.748,1757.6152,3032.1396,909.2608,13111.0127,7802.8013,4713.0972,1479.4208,47697.0956,A3,N,N
10/12/2018,17:00,14920.8271,1618.8347,2970.6433,880.276,12805.623,7572.7046,4721.1182,1434.6547,46924.6816,A6,N,N
10/12/2018,17:00,13748.4004,1659.55,2858.6799,979.789,12629.9004,7463.8501,4479.73,1342.85,45162.7498,E,N,N
10/12/2018,17:00,13958.5996,1635.51,2825.3101,984.685,12503.7998,7775.5601,4598.0801,1374.39,45655.9347,E1,Y,N
10/12/2018,17:00,14182,1673.14,2828.3401,967.718,12768.4004,7393.48,4664.8701,1295.48,45773.4286,E2,N,N
10/12/2018,17:00,13858.7998,1560.51,2810.8799,946.848,12546.7998,7529.6001,4573.7998,1355.3,45182.5374,E3,N,N
10/12/2018,17:00,14260.0635,1650.8601,2887.6655,944.7628,12727.5898,7589.666,4625.1157,1380.3492,46066.0726,M,N,N
10/12/2018,18:00,14157.4082,1739.5906,2989.8672,896.5703,13243.123,7912.7861,4586.4634,1489.6759,47015.4847,A3,N,N
10/12/2018,18:00,14156.9307,1588.0674,2937.7139,889.398,12957.0811,7783.7456,4610.0811,1437.1896,46360.2074,A6,N,N
10/12/2018,18:00,13479.7998,1623.4301,2835.0901,950.174,12495.7002,7502.52,4402.5898,1365.8101,44655.1141,E,N,N
10/12/2018,18:00,13726.2002,1588.78,2753.5,944.405,12166.4004,7752.5801,4438.1499,1364.08,44734.0956,E1,Y,N
10/12/2018,18:00,13756.4004,1638.03,2798.8501,930.02,12542.7002,7486.3501,4531.46,1322.03,45005.8408,E2,N,N
10/12/2018,18:00,13337.2002,1565.79,2712.8,914.178,12066.7002,7625.8501,4467.5698,1342.7,44032.7883,E3,N,N
10/12/2018,18:00,13768.9902,1623.948,2837.9702,920.7909,12578.6172,7677.3057,4506.0527,1386.9143,45300.5892,M,N,N
10/12/2018,19:00,13264.3545,1652.5474,2957.4478,842.7059,12671.293,7825.335,4343.7178,1499.6687,45057.0701,A3,N,N
10/12/2018,19:00,13383.2275,1506.7676,2928.8962,841.8142,12681.5156,7797.2183,4371.7813,1460.6392,44971.8599,A6,N,N
10/12/2018,19:00,12904.2002,1580.95,2795.45,859.452,12175.7998,7311.9302,4181.7202,1374.96,43184.4624,E,N,N
10/12/2018,19:00,13118.7998,1535.3101,2765.1799,902.337,11884.5996,7433.02,4257.8599,1337.77,43234.8763,E1,Y,N
10/12/2018,19:00,13050.2998,1575.0699,2763.77,870.065,12107.2998,7366.5298,4279.8501,1336.5699,43349.4543,E2,N,N
10/12/2018,19:00,12631.2998,1525.48,2700.76,839.823,11550.2002,7343.2798,4242.7598,1386.34,42219.9426,E3,N,N
10/12/2018,19:00,13058.6973,1562.6876,2818.5842,859.3663,12178.4512,7512.8853,4279.6147,1399.3247,43669.6113,M,N,N
10/12/2018,20:00,12396.7695,1628.9701,2923.4014,843.7073,12595.2148,7725.2432,4222.8335,1469.7628,43805.9026,A3,N,N
10/12/2018,20:00,12495.252,1518.8344,2903.2451,840.759,12743.0439,7730.3394,4284.5581,1475.1769,43991.2088,A6,N,N
10/12/2018,20:00,12760.0996,1574.27,2763.0901,864.878,12288.7002,7255,4093.4299,1388.49,42987.9578,E,N,N
10/12/2018,20:00,13063.7998,1578.0699,2763.3501,913.824,12158.2998,7300.9199,4181.8101,1314.9,43274.9736,E1,Y,N
10/12/2018,20:00,12933.2002,1592.39,2734.23,874.259,12209.2998,7310.6099,4202.9399,1306.9399,43163.8687,E2,N,N
10/12/2018,20:00,12582.7998,1547.2,2659.4099,842.476,11904.2002,7279.7202,4169.71,1396.01,42381.5261,E3,N,N
10/12/2018,20:00,12705.3203,1573.2892,2791.1211,863.3172,12316.459,7433.6387,4192.5469,1391.88,43267.5724,M,N,N
10/12/2018,21:00,11614.875,1563.3885,2890.7844,826.5558,12201.6309,7322.5737,4118.4883,1483.4507,42021.7473,A3,N,N
10/12/2018,21:00,11737.1279,1466.9956,2870.5032,816.4903,12365.9229,7394.1958,4197.1226,1506.1627,42354.521,A6,N,N
10/12/2018,21:00,12376,1544.13,2754.5801,875.444,12011.7002,7067.9399,3998.6499,1330.3199,41958.764,E,N,N
10/12/2018,21:00,12500.2002,1517.25,2747.24,899.928,11706.2002,7234.1499,4047.9099,1284.28,41937.1582,E1,Y,N
10/12/2018,21:00,12595,1566.36,2723.8,865.86,11805.4004,7073.77,4089.8601,1284.76,42004.8105,E2,N,N
10/12/2018,21:00,12183.7002,1483.76,2661.22,835.46,11861,7195.4199,4088.1699,1392.4,41701.13,E3,N,N
10/12/2018,21:00,12167.8164,1523.6473,2774.688,853.2897,11991.9756,7214.6753,4090.0337,1380.2289,41996.3549,M,N,N
10/12/2018,22:00,10791.7588,1511.6049,2833.5686,789.8613,11648.0107,6903.1831,3924.3789,1439.9926,39842.3589,A3,N,N
10/12/2018,22:00,10997.2822,1445.5575,2830.7065,771.1254,11708.7861,7116.6309,3968.3994,1422.6616,40261.1496,A6,N,N
10/12/2018,22:00,11866.5,1459.41,2691.3601,809.114,11499.7002,6736.29,3822.4299,1267.59,40152.3942,E,N,N
10/12/2018,22:00,12018,1455.63,2703.5,870.248,11374.0996,6881.6001,3874.5,1275.6,40453.1777,E1,Y,N
10/12/2018,22:00,11944.7002,1478.02,2656.7,832.482,11270.2002,7180.1602,3884.5,1253.49,40500.2526,E2,N,N
10/12/2018,22:00,11613.2002,1477.89,2583.8101,799.999,11395.2002,6848.4502,3845.9099,1299.97,39864.4296,E3,N,N
10/12/2018,22:00,11538.5732,1471.3521,2716.6077,812.1383,11482.667,6944.3857,3886.6865,1326.5507,40178.9612,M,N,N
10/12/2018,23:00,10137.9941,1421.5033,2753.1882,765.991,10981.6533,6522.833,3758.0706,1379.634,37720.8675,A3,N,N
10/12/2018,23:00,10352.9785,1381.0549,2752.5955,745.7946,10980.3672,6633.5825,3781.1819,1344.7076,37972.2627,A6,N,N
10/12/2018,23:00,11259.7998,1381.01,2638.25,798.28,10914,6361.79,3627.7,1206.72,38187.5498,E,N,N
10/12/2018,23:00,11371.5996,1367.0601,2646.3401,837.1,10562,6463.04,3640.8701,1264.01,38152.0199,E1,Y,N
10/12/2018,23:00,11229.7002,1401.45,2596.4399,822.657,10685,6419.8701,3688.8701,1201.5,38045.4873,E2,N,N
10/12/2018,23:00,11023.9004,1417.98,2492.8999,795.052,10580.5996,6471.27,3672.3999,1329.62,37783.7218,E3,N,N
10/12/2018,23:00,10895.9951,1395.0096,2646.6191,794.1458,10783.9375,6478.7314,3694.8489,1287.6985,37976.9859,M,N,N
10/12/2018,24:00,9472.1807,1341.6674,2643.208,717.7681,10303.7988,6111.0879,3527.1204,1307.9337,35424.765,A3,N,N
10/12/2018,24:00,9788.6094,1335.4711,2682.9246,701.8979,10268.7393,6187.4268,3534.0845,1275.6458,35774.7994,A6,N,N
10/12/2018,24:00,10615.7002,1315.37,2582.8301,734.501,10187.2998,5908.1201,3423.55,1134.8199,35902.1911,E,N,N
10/12/2018,24:00,10713.0996,1299.92,2606.8401,789.036,9918.4502,6004.9702,3448.5601,1171.38,35952.2562,E1,Y,N
10/12/2018,24:00,10492.5,1323.79,2510.47,762.003,10002.7002,5987.73,3467.8,1156.22,35703.2132,E2,N,N
10/12/2018,24:00,10427.0996,1338.5601,2293.51,731.422,9877.4805,5976.77,3463.3301,1252.92,35361.0923,E3,N,N
10/12/2018,24:00,10251.5313,1325.7965,2553.2971,739.438,10093.0791,6029.3511,3477.4077,1216.4866,35686.3874,M,N,N
10/13/2018,1:00,8708.8643,1236.2791,2578.8994,686.9351,9739.8271,5734.2661,3292.4041,1240.2661,33217.7413,A3,N,N
10/13/2018,1:00,8949.1904,1270.1711,2566.5115,666.5296,9771.8467,5790.1636,3224.1262,1204.0244,33442.5635,A6,N,N
10/13/2018,1:00,10081.2998,1254.26,2563.2,710.951,9593.3301,5559.6699,3249.3899,1082.37,34094.4707,E,N,N
10/13/2018,1:00,10156.5996,1232.64,2569.8201,750.88,9380.96,5611.9199,3298.45,1139.42,34140.6896,E1,Y,N
10/13/2018,1:00,9994.5195,1229.59,2507.27,737.829,9631.9697,5636.73,3273.45,986.844,33998.2022,E2,N,N
10/13/2018,1:00,9997.2998,1237.01,2443.4299,740.726,9248.9199,5527.8701,3241.1399,1176.83,33613.2256,E3,N,N
10/13/2018,1:00,9647.9629,1243.3251,2538.1885,715.6418,9561.1416,5643.4365,3263.1599,1138.2925,33751.1488,M,N,N
10/13/2018,2:00,8193.0928,1169.8406,2523.238,673.0461,9160.7773,5437.229,3131.3342,1185.9054,31474.4634,A3,N,N
10/13/2018,2:00,8492.0361,1206.1096,2477.0288,654.3732,9217.6885,5416.0229,3082.8262,1152.6051,31698.6904,A6,N,N
10/13/2018,2:00,9614.1504,1204.98,2534.05,678.521,8976.21,5200.5801,3089.8101,1044.47,32342.7716,E,N,N
10/13/2018,2:00,9708.71,1163.0601,2541.51,718.6,8931.96,5258.1299,3154.3201,1109.51,32585.8001,E1,Y,N
10/13/2018,2:00,9456.71,1169.04,2474.8301,706.586,9013.4004,5333.8999,3121.6699,927.547,32203.6833,E2,N,N
10/13/2018,2:00,9608.54,1194,2413.55,722.191,8764.7402,5104.2998,3091.5701,1146.79,32045.6811,E3,N,N
10/13/2018,2:00,9178.873,1184.5051,2494.0344,692.2195,9010.7969,5291.6938,3111.9219,1094.4713,32058.5159,M,N,N
10/13/2018,3:00,7996.3091,1119.2698,2523.8606,664.0146,8837.917,5227.7017,3020.4133,1127.0247,30516.5108,A3,N,N
10/13/2018,3:00,8178.8545,1168.0745,2465.5969,655.0833,8884.377,5242.7964,2967.7781,1077.3118,30639.8725,A6,N,N
10/13/2018,3:00,9299.7002,1180.0601,2531.54,733.308,8617.1201,4998.5698,2983.02,1020.67,31363.9882,E,N,N
10/13/2018,3:00,9310.6797,1136.0601,2522.1001,733.183,8580.6299,4973.8501,3030.25,1085.6,31372.3529,E1,Y,N
10/13/2018,3:00,9108.9199,1123.1899,2483.1101,692.33,8719.1504,5150.0898,3017.21,866.718,31160.7181,E2,N,N
10/13/2018,3:00,9336.6797,1144.97,2345.5,712.062,8347.9297,4917.8799,3001.46,1133.55,30940.0313,E3,N,N
10/13/2018,3:00,8871.8574,1145.2709,2478.6179,698.3302,8664.5205,5085.1479,3003.3555,1051.8125,30998.9128,M,N,N
10/13/2018,4:00,7876.0703,1095.863,2510.394,655.3375,8595.3408,5055.6465,2960.5403,1101.238,29850.4304,A3,N,N
10/13/2018,4:00,7991.0605,1146.6892,2450.2002,645.6838,8612.3213,5021.5605,2899.3398,1067.1798,29834.0351,A6,N,N
10/13/2018,4:00,9104.5801,1158,2514.9099,752.949,8395.6299,4850.0801,2901.1399,995.622,30672.9109,E,N,N
10/13/2018,4:00,9157.8701,1136.33,2495.77,696.554,8286.29,4840.46,2917.5701,1083.72,30614.5642,E1,Y,N
10/13/2018,4:00,8900.0996,1081.4301,2468.9399,678.74,8498.25,4962.9102,2926.9099,856.335,30373.6147,E2,N,N
10/13/2018,4:00,9162.0195,1138.55,2414.9199,702.796,8189.5801,4802.5698,2910.6001,1137.08,30458.1154,E3,N,N
10/13/2018,4:00,8698.6172,1126.1438,2475.8557,688.6768,8429.5693,4922.2046,2919.3501,1040.1958,30300.6133,M,N,N
10/13/2018,5:00,7851.5786,1105.9697,2497.6025,656.0731,8526.334,4952.7949,2945.2336,1113.8933,29649.4797,A3,N,N
10/13/2018,5:00,7966.1807,1170.4913,2435.5229,641.0839,8473.4316,4939.0986,2902.6931,1082.2975,29610.7996,A6,N,N
10/13/2018,5:00,8988.6602,1146.4,2495.1899,745.007,8383.2803,4761.6899,2870.53,992.867,30383.6243,E,N,N
10/13/2018,5:00,9049.7402,1106.51,2469.8101,717.092,8192.79,4740.4102,2886.73,1082.08,30245.1625,E1,Y,N
10/13/2018,5:00,8766.0703,1067.76,2447.5,680.388,8464.2305,4818.48,2875.3201,882.539,30002.2879,E2,N,N
10/13/2018,5:00,9130.4199,1145.52,2389.6101,694.792,8225.7598,4688.3901,2880.8101,1106.5699,30261.8719,E3,N,N
10/13/2018,5:00,8625.4414,1123.7753,2455.8726,689.0727,8377.6377,4816.8105,2893.553,1043.3745,30025.5377,M,N,N
10/13/2018,6:00,8001.0474,1092.1074,2507.0542,669.7116,8622.9414,5006.9482,2933.5676,1117.4993,29950.8771,A3,N,N
10/13/2018,6:00,8201.3564,1149.5975,2460.2917,650.2693,8572.1563,5055.1533,2903.5056,1062.8667,30055.1968,A6,N,N
10/13/2018,6:00,9021.3203,1164.3,2491.1201,716.536,8602.8096,4802.8301,2903.1399,978.156,30680.212,E,N,N
10/13/2018,6:00,9097.3301,1145.02,2474.6799,720.901,8349.4102,4806.5098,2941.3601,1075.41,30610.6211,E1,Y,N
10/13/2018,6:00,8752.9502,1094.89,2448.49,702.7,8568.75,4881.2598,2890.29,896.457,30235.787,E2,N,N
10/13/2018,6:00,9084.1504,1157.83,2408.8401,711.362,8213.6396,4697.48,2919.51,1056.26,30249.0721,E3,N,N
10/13/2018,6:00,8693.0264,1133.9575,2465.0793,695.2467,8488.2852,4875.0303,2915.229,1031.1082,30296.9626,M,N,N
10/13/2018,7:00,8217.8154,1138.5282,2520.6072,686.7621,8844.1074,5188.708,2997.2344,1132.4685,30726.2312,A3,N,N
10/13/2018,7:00,8423.084,1210.4135,2492.3879,678.5403,8839.6123,5192.0718,2977.6707,1068.631,30882.4115,A6,N,N
10/13/2018,7:00,9221.3701,1196.2,2503.79,760.072,9028.3896,4979.8501,2973.6399,965.857,31629.1687,E,N,N
10/13/2018,7:00,9379.9297,1141.1899,2483,740.462,8582.3496,5019.5498,2955.46,1078.78,31380.721,E1,Y,N
10/13/2018,7:00,8936.96,1129.46,2466.8501,742.216,9006.04,5016.0898,2965.9099,929.917,31193.4428,E2,N,N
10/13/2018,7:00,9304.5303,1133.86,2437.6201,737.611,8648.4004,4858.9902,3008.3301,1065.9399,31195.282,E3,N,N
10/13/2018,7:00,8913.9482,1158.2753,2484.0427,724.2773,8824.8174,5042.5435,2979.7075,1040.2655,31167.8774,M,N,N
10/13/2018,8:00,8235.2588,1163.9281,2539.2136,714.6632,9075.3926,5373.9756,3039.572,1166.4497,31308.4536,A3,N,N
10/13/2018,8:00,8538.7803,1235.1385,2511.687,708.2259,9092.627,5396.0381,3011.3499,1109.934,31603.7807,A6,N,N
10/13/2018,8:00,9382.4404,1218.35,2534.78,778.707,9549.5703,5194.29,3002.29,1015.28,32675.7077,E,N,N
10/13/2018,8:00,9570.21,1177.54,2518.22,781.296,9016.5996,5174.04,2975.1499,1070.71,32283.7655,E1,Y,N
10/13/2018,8:00,9102.5195,1165.59,2501.3101,791.495,9462.9502,5265.1201,3015.8401,971.41,32276.235,E2,N,N
10/13/2018,8:00,9561.3799,1187.33,2447.8401,793.813,8884.3203,5101.7402,3014.45,1162.9399,32153.8134,E3,N,N
10/13/2018,8:00,9065.0986,1191.3127,2508.842,761.3667,9180.2432,5250.8672,3009.7754,1082.7872,32050.293,M,N,N
10/13/2018,9:00,8529.3213,1229.0725,2545.1367,727.626,9597.4873,5562.0161,3077.3794,1184.2698,32452.3091,A3,N,N
10/13/2018,9:00,8850.4482,1290.2793,2509.9419,722.1494,9552.1563,5550.2446,3096.9482,1151.0782,32723.2461,A6,N,N
10/13/2018,9:00,9772.5098,1274.28,2551.3401,805.169,10100.2002,5429.79,3179.5601,1054.4399,34167.2891,E,N,N
10/13/2018,9:00,10032,1241.0699,2543.6001,805.531,9447.46,5426.2798,3105.3701,1158.12,33759.4309,E1,Y,N
10/13/2018,9:00,9461.4404,1236.29,2517.1899,824.127,9902.8896,5598.29,3167.1001,1010.65,33717.977,E2,N,N
10/13/2018,9:00,10207.2002,1311.78,2499.3601,833.516,9580.54,5381.7598,3207.3999,1158.13,34179.686,E3,N,N
10/13/2018,9:00,9475.4863,1263.7953,2527.7615,786.3531,9696.7891,5491.397,3138.96,1119.448,33499.9903,M,N,N
10/13/2018,10:00,9440.7842,1287.7206,2608.6567,766.6671,10287.834,5957.1289,3408.4915,1219.4611,34976.7441,A3,N,N
10/13/2018,10:00,9517.3057,1319.0342,2559.2915,747.109,10209.0293,5907.2329,3386.7466,1205.8345,34851.5837,A6,N,N
10/13/2018,10:00,10721,1363.99,2594.1399,891.819,10754.5996,5781.8501,3394.8601,1103.26,36605.5187,E,N,N
10/13/2018,10:00,10609.2998,1335.14,2590.1899,864.813,10105,5759.1401,3419.05,1133.71,35816.3428,E1,Y,N
10/13/2018,10:00,10349,1352.16,2588.9199,865.19,10472.5996,5907.8398,3430.1001,1075.26,36041.0694,E2,N,N
10/13/2018,10:00,10697.0996,1367.3,2543.55,883.909,10350.7998,5789.3799,3414.9199,1235.45,36282.4082,E3,N,N
10/13/2018,10:00,10222.415,1337.5574,2580.7915,836.5845,10363.3105,5850.4287,3409.0281,1162.1626,35762.2783,M,N,N
10/13/2018,11:00,10564.624,1359.8344,2684.0122,802.7952,10880.0527,6436.2427,3710.2271,1250.6315,37688.4198,A3,N,N
10/13/2018,11:00,10532.6738,1361.7797,2633.6785,776.8348,10864.7158,6257.3682,3668.1575,1226.8983,37322.1066,A6,N,N
10/13/2018,11:00,11292.5996,1421.77,2628.6299,899.622,11208.0996,6149.9102,3666.01,1132.01,38398.6513,E,N,N
10/13/2018,11:00,11458.5996,1376.97,2621.9099,922.317,10648.5,6244.79,3595.28,1211.48,38079.8465,E1,Y,N
10/13/2018,11:00,11428,1416.9,2608.4199,935.307,11072.4004,6365.5098,3750.5601,1052.7,38629.7972,E2,N,N
10/13/2018,11:00,11409.0996,1428.01,2545.1499,923.806,11021.0996,6247.3701,3726.8999,1278.04,38579.4751,E3,N,N
10/13/2018,11:00,11114.2666,1394.2107,2620.3,876.7804,10949.1445,6283.5327,3686.189,1191.96,38116.3839,M,N,N
10/13/2018,12:00,11634.9609,1441.1085,2750.0093,798.4059,11324.2285,6771.314,3956.3125,1278.8787,39955.2183,A3,N,N
10/13/2018,12:00,11512.623,1438.4702,2689.9287,781.062,11324.4033,6468.2622,3850.2007,1261.4707,39326.4208,A6,N,N
10/13/2018,12:00,11901,1474.83,2676.3101,924.065,11433.9004,6430.96,3888.3999,1155.6,39885.0654,E,N,N
10/13/2018,12:00,11960.0996,1429.0699,2633.05,921.262,11010.7998,6533.6699,3911.6599,1230.75,39630.3611,E1,Y,N
10/13/2018,12:00,12311,1478.34,2663.5601,939.104,11504,6743.7202,4033.3201,1092.1801,40765.2245,E2,N,N
10/13/2018,12:00,12043.0996,1476.21,2636.3301,925.781,11523.4004,6501.6499,3992.01,1273.73,40372.211,E3,N,N
10/13/2018,12:00,11893.7979,1456.3381,2674.8647,881.6134,11353.4551,6574.9297,3938.6506,1215.4349,39989.0844,M,N,N
10/13/2018,13:00,12727.6885,1529.1713,2766.9297,793.2064,11750.9375,7095.7847,4161.6421,1306.6013,42131.9615,A3,N,N
10/13/2018,13:00,12543.9023,1491.6566,2704.4939,756.2859,11732.1914,6758.5054,4138.7817,1273.6808,41399.498,A6,N,N
10/13/2018,13:00,12303.2002,1515.39,2698.02,892.032,11548.7998,6638.5,4098.5298,1155.64,40850.1118,E,N,N
10/13/2018,13:00,12618.4004,1468.98,2656.3201,939.653,11223.2002,6799.25,4137.23,1244.47,41087.5037,E1,Y,N
10/13/2018,13:00,12863.9004,1512.28,2681.3799,947.942,11717.0996,6910.8501,4230.0298,1100.35,41963.8318,E2,N,N
10/13/2018,13:00,12427.4004,1467.95,2670.3401,934.151,11588.4004,6857.79,4224.2402,1355.17,41525.4421,E3,N,N
10/13/2018,13:00,12580.748,1497.5713,2696.2473,877.2118,11593.4385,6843.4463,4165.0757,1239.3187,41493.0576,M,N,N
10/13/2018,14:00,13551.5127,1650.5732,2786.4697,805.6975,11996.5303,7300.9219,4323.7368,1309.2213,43724.6634,A3,N,N
10/13/2018,14:00,13209.2295,1520.6105,2721.9016,765.29,11970.6445,7012.6465,4407.4302,1259.5808,42867.3336,A6,N,N
10/13/2018,14:00,12678.7998,1548.4,2734.4299,951.803,11688.5996,6862.2202,4271.0898,1172.1,41907.4423,E,N,N
10/13/2018,14:00,13181.7998,1503.86,2660.5901,910.762,11230.7998,6962.2202,4325.5498,1244.17,42019.7517,E1,Y,N
10/13/2018,14:00,13489.2002,1551.3,2723.53,942.239,11842.5,7152.71,4363.9302,1084.46,43149.8694,E2,N,N
10/13/2018,14:00,13182.7998,1544.61,2724.8101,911.455,11742.9004,6936.25,4415.7002,1314.6899,42773.2154,E3,N,N
10/13/2018,14:00,13215.5586,1553.2256,2725.2886,881.2078,11745.3301,7037.8281,4351.2397,1230.7037,42740.3822,M,N,N
10/13/2018,15:00,14076.7461,1703.2025,2802.824,816.2061,12015.9375,7355.564,4415.5947,1318.9402,44505.0151,A3,N,N
10/13/2018,15:00,14007.6875,1519.6713,2754.3699,771.6993,11985.749,7065.5005,4507.0493,1262.5938,43874.3206,A6,N,N
10/13/2018,15:00,13054.5996,1579.7,2761.4199,892.502,11827.9004,7048.7002,4413.21,1171.65,42749.6821,E,N,N
10/13/2018,15:00,13507.5996,1533.6801,2705.77,914.565,11444.2998,7112.4302,4461.3101,1250.76,42930.4148,E1,Y,N
10/13/2018,15:00,13903.7002,1588.52,2733.76,958.484,11890,7257.27,4478.8101,1105.67,43916.2143,E2,N,N
10/13/2018,15:00,13888.7002,1555.63,2717.02,932.608,11867.7002,7176.25,4544.8901,1305.64,43988.4385,E3,N,N
10/13/2018,15:00,13739.8389,1580.0674,2745.8606,881.0107,11838.5986,7169.2861,4470.1445,1235.8757,43660.6825,M,N,N
10/13/2018,16:00,14158.0908,1725.9641,2844.0752,816.891,12188.6797,7527.8335,4574.875,1342.0741,45178.4834,A3,N,N
10/13/2018,16:00,14438.4395,1536.1256,2806.1323,779.3992,12044.3135,7144.543,4620.4834,1291.6942,44661.1307,A6,N,N
10/13/2018,16:00,13399.7998,1577.34,2778.3501,887.709,12037.2998,7225.0698,4489.7202,1215.34,43610.6287,E,N,N
10/13/2018,16:00,13836.9004,1572.9,2707.5801,932.607,11720,7403.54,4622.5601,1311.71,44107.7976,E1,Y,N
10/13/2018,16:00,14155,1572.11,2731.75,963.177,12141.4004,7369.8198,4535.04,1146.85,44615.1472,E2,N,N
10/13/2018,16:00,13856.5,1568.89,2765.3301,938.671,12103.2002,7413.8398,4676.3101,1335.99,44658.7312,E3,N,N
10/13/2018,16:00,13974.123,1592.2217,2772.2031,886.4091,12039.1494,7347.4409,4586.4985,1273.9431,44471.9888,M,N,N
10/13/2018,17:00,14372.6436,1717.6024,2842.6274,847.655,12166.21,7490.2661,4547.4331,1381.0211,45365.4587,A3,N,N
10/13/2018,17:00,14480.4287,1490.6191,2780.4653,817.0736,11996.2344,6992.1719,4595.6704,1328.6981,44481.3615,A6,N,N
10/13/2018,17:00,13543.4004,1609.47,2791.5701,920.945,12116.5,7391.6099,4451.54,1262.15,44087.1854,E,N,N
10/13/2018,17:00,13942.7998,1596.87,2719.6201,940.252,11886.7998,7563.9302,4578.0801,1331.84,44560.192,E1,Y,N
10/13/2018,17:00,14157.0996,1618.1801,2733.51,966.307,12247.2002,7505.8701,4520.9199,1175.66,44924.7469,E2,N,N
10/13/2018,17:00,13688.7002,1595.03,2808.0801,939.74,12494.4004,7459.8799,4621.79,1381.65,44989.2706,E3,N,N
10/13/2018,17:00,14030.8457,1604.6287,2779.3123,905.3288,12151.2246,7400.6221,4552.5723,1310.1699,44734.7044,M,N,N
10/13/2018,18:00,13707.4404,1696.87,2846.0625,866.8433,12571.4785,7327.436,4463.146,1373.6865,44852.9632,A3,N,N
10/13/2018,18:00,13830.6074,1474.9497,2762.8743,846.4088,12346.5576,7018.2495,4495.123,1335.8385,44110.6088,A6,N,N
10/13/2018,18:00,13377.5,1584.05,2793.26,972.434,12120.2002,7407.73,4370.1201,1272.54,43897.8343,E,N,N
10/13/2018,18:00,13563.5,1573.48,2727.1799,920.732,11619.0996,7536.52,4475.5698,1316.62,43732.7013,E1,Y,N
10/13/2018,18:00,13809.7002,1579.38,2749.77,955.88,12177,7453.23,4408.4902,1160.1,44293.5504,E2,N,N
10/13/2018,18:00,13593.2998,1546.63,2785.78,927.161,12261.5996,7333.0298,4510.7402,1430.27,44388.5104,E3,N,N
10/13/2018,18:00,13647.0088,1575.8933,2777.4878,914.9099,12182.6563,7346.0332,4453.8652,1314.8425,44212.697,M,N,N
10/13/2018,19:00,13180.0029,1634.3121,2857.1794,868.8333,12186.9678,7245.1221,4286.0161,1375.0726,43633.5063,A3,N,N
10/13/2018,19:00,13385.1465,1430.9897,2784.2549,827.1193,12209.4756,7194.7144,4302.8501,1354.1798,43488.7303,A6,N,N
10/13/2018,19:00,12998.9004,1547.76,2764.99,939.101,11874.2998,7241.3701,4184.8901,1255.5699,42806.8813,E,N,N
10/13/2018,19:00,13197.0996,1524.35,2701.8201,868.209,11456.4004,7187.8799,4296.7002,1260.3199,42492.7791,E1,Y,N
10/13/2018,19:00,13225.4004,1527.29,2735.76,924.549,11908.5996,7284.0298,4211.6802,1150.78,42968.089,E2,N,N
10/13/2018,19:00,13072.0996,1486.51,2802.54,893.528,11782.0996,7232.29,4294.4302,1389.76,42953.2574,E3,N,N
10/13/2018,19:00,13176.4424,1525.2021,2774.4243,886.8899,11902.9746,7230.9014,4262.7612,1297.6138,43057.2097,M,N,N
10/13/2018,20:00,13179.8574,1655.4773,2853.1765,890.9686,12508.3623,7344.5474,4225.7334,1370.5922,44028.7151,A3,N,N
10/13/2018,20:00,13270.3271,1497.5524,2788.875,837.9463,12589.1787,7309.6904,4247.1655,1383.4191,43924.1545,A6,N,N
10/13/2018,20:00,12892.7998,1530.99,2749.27,886.479,12086.4004,7252.3198,4093.72,1287.92,42779.899,E,N,N
10/13/2018,20:00,13145.0996,1568.39,2696.04,894.235,11781.7998,7185.7998,4268.6899,1296.1801,42836.2342,E1,Y,N
10/13/2018,20:00,13115.2002,1510.28,2724.6001,941.096,12124.9004,7300.98,4148.5098,1158.7,43024.2665,E2,N,N
10/13/2018,20:00,13146.9004,1549.8101,2737.25,922.804,12341.4004,7281.9702,4243.1802,1406.74,43630.0553,E3,N,N
10/13/2018,20:00,13125.0313,1552.0835,2758.2019,895.5881,12238.6748,7279.2183,4204.5,1317.2587,43370.5566,M,N,N
10/13/2018,21:00,12835.4883,1616.9336,2822.0537,881.6484,12173.1689,7285.5503,4106.8872,1404.5579,43126.2883,A3,N,N
10/13/2018,21:00,12853.5322,1469.8887,2769.6099,821.5325,12330.6641,7246.9868,4173.8813,1440.5284,43106.6239,A6,N,N
10/13/2018,21:00,12595.4004,1503.8,2743.3899,898.488,11785.0996,7082.29,3991.98,1275.63,41876.0779,E,N,N
10/13/2018,21:00,12850,1540.28,2710.8201,863.98,11503.2002,7159.1602,4153.6499,1276.1801,42057.2705,E1,Y,N
10/13/2018,21:00,12776.9004,1484.23,2717.26,912.434,11625.7002,7158.4199,4036,1197.4399,41908.3844,E2,N,N
10/13/2018,21:00,12621.7998,1510.13,2683.9199,892.11,11882.7998,7228.6499,4102.8701,1399.96,42322.2395,E3,N,N
10/13/2018,21:00,12755.5195,1520.8772,2741.1758,878.3655,11883.4395,7193.5093,4094.2119,1332.3828,42399.4815,M,N,N
10/13/2018,22:00,12310.5986,1583.1644,2786.4114,844.9089,11843.1182,7043.5547,3899.9453,1373.0688,41684.7703,A3,N,N
10/13/2018,22:00,12451.1143,1438.0422,2757.49,780.8539,11817.8389,6979.3955,3942.8975,1383.1161,41550.7484,A6,N,N
10/13/2018,22:00,12155.4004,1447.73,2699.73,877.68,11287.5996,6796.29,3821.1001,1210.87,40296.4001,E,N,N
10/13/2018,22:00,12266.7998,1461.38,2674.54,838.826,10946.0996,6892.8901,3972.1499,1279.55,40332.2354,E1,Y,N
10/13/2018,22:00,12270.7998,1434.8101,2676.9299,874.338,11141.2998,6913.52,3845.48,1170.9399,40328.1175,E2,N,N
10/13/2018,22:00,12202,1510.47,2613.6001,869.481,11464.7998,6919.1699,3868.54,1402.62,40850.6808,E3,N,N
10/13/2018,22:00,12276.1201,1479.2661,2701.4504,847.6813,11416.793,6924.1367,3891.6855,1303.3608,40840.4939,M,N,N
10/13/2018,23:00,11851.0371,1530.3085,2733.2786,806.722,11158.4287,6609.6255,3715.6196,1326.5361,39731.5561,A3,N,N
10/13/2018,23:00,11998.4512,1398.2594,2713.9246,749.8176,11131.3838,6566.3735,3753.5781,1317.7119,39629.5001,A6,N,N
10/13/2018,23:00,11645.2002,1386.4301,2662.53,867.72,10777.5996,6438.6299,3667.8799,1160.83,38606.8197,E,N,N
10/13/2018,23:00,11690.5996,1396.6899,2625.6799,795.478,10367.7002,6544.71,3801.4199,1223.66,38445.9375,E1,Y,N
10/13/2018,23:00,11722.5,1373.1801,2643.0601,840.076,10644.5996,6556.5801,3676.48,1149.84,38606.3159,E2,N,N
10/13/2018,23:00,11763.5996,1446.8101,2594.6399,844.852,10876.4004,6494.3101,3732.03,1411.05,39163.6921,E3,N,N
10/13/2018,23:00,11778.5645,1421.9464,2662.1855,817.4443,10826.0186,6535.0381,3724.5015,1264.9381,39030.637,M,N,N
10/13/2018,24:00,11213.2637,1460.5131,2687.6812,756.5238,10608.3496,6145.5269,3524.8477,1266.3566,37663.0626,A3,N,N
10/13/2018,24:00,11360.9941,1338.9384,2700.4333,711.4193,10559.3516,6120.2246,3533.3804,1250.5164,37575.2581,A6,N,N
10/13/2018,24:00,11101.9004,1309.04,2617.9299,799.182,10204.5,6024.8701,3472.24,1112.73,36642.3924,E,N,N
10/13/2018,24:00,11198.7002,1326.36,2586.73,781.005,9804.7197,6111.1299,3592.1499,1170.55,36571.3447,E1,Y,N
10/13/2018,24:00,11142.5,1295.86,2599.51,768.926,10067.5996,6189.6401,3486.4099,1117.1899,36667.6355,E2,N,N
10/13/2018,24:00,11192.5,1361.72,2532.25,777.926,10114.9004,6085.6201,3546.53,1335.86,36947.3065,E3,N,N
10/13/2018,24:00,11201.6436,1348.7386,2620.7559,765.8304,10226.5703,6112.8354,3525.9263,1208.8672,37011.1677,M,N,N
10/14/2018,1:00,10632.2236,1357.8842,2622.5195,715.1517,9825.5557,5762.6929,3296.2224,1208.4994,35420.7494,A3,N,N
10/14/2018,1:00,10705.4131,1258.5631,2588.751,675.5468,9938.8076,5731.0654,3239.2673,1183.6266,35321.0409,A6,N,N
10/14/2018,1:00,10607,1242.0699,2587.77,727.006,9595.9502,5646.1201,3315.51,1029.16,34750.5862,E,N,N
10/14/2018,1:00,10730.4004,1269.5,2547.03,760.625,9342.54,5747.71,3431.8,1137.38,34966.9854,E1,Y,N
10/14/2018,1:00,10610.2002,1249.04,2563.6599,693.857,9526.0801,5776.3398,3302.8601,949.249,34671.2861,E2,N,N
10/14/2018,1:00,10660.9004,1265.8,2502.3899,691.876,9319.5,5670.5298,3320.45,1170.8199,34602.266,E3,N,N
10/14/2018,1:00,10657.6895,1273.8096,2568.6868,710.6771,9591.4063,5722.4097,3317.6846,1113.1226,34955.4862,M,N,N
10/14/2018,2:00,10040.8779,1300.661,2565.6411,691.4496,9270.2061,5474.4141,3118.6453,1173.7886,33635.6837,A3,N,N
10/14/2018,2:00,10277.7881,1200.1963,2499.1592,661.4576,9388.6963,5422.8306,3099.3501,1151.12,33700.5982,A6,N,N
10/14/2018,2:00,10160.5996,1197.45,2557.6899,725.316,8998.3701,5294.8901,3177.53,979.329,33091.1747,E,N,N
10/14/2018,2:00,10291,1210.73,2513.1001,724.41,8938.4697,5389.6401,3312.47,1078.64,33458.4599,E1,Y,N
10/14/2018,2:00,10172.5,1235.47,2534.49,657.677,9012.1504,5458.7202,3152.26,908.715,33131.9826,E2,N,N
10/14/2018,2:00,10218,1224.7,2506.25,674.99,8867.3701,5265.3901,3175.52,1175.02,33107.2402,E3,N,N
10/14/2018,2:00,10193.4619,1228.2013,2529.3884,689.2167,9079.2109,5384.3145,3172.6294,1077.7688,33354.1919,M,N,N
10/14/2018,3:00,9972.3105,1264.7107,2564.6841,685.0642,9019.7461,5307.3481,3000.342,1134.282,32948.4877,A3,N,N
10/14/2018,3:00,9952.9336,1160.7283,2486.3848,667.9407,9109.4102,5281.1846,2985.3635,1094.1583,32738.104,A6,N,N
10/14/2018,3:00,9841.3096,1165.71,2539.0801,754.929,8636.9297,5079.23,3082.8501,953.633,32053.6715,E,N,N
10/14/2018,3:00,9872.9199,1168.11,2490.1699,720.323,8548.0996,5134.04,3148.6001,1053.14,32135.4025,E1,Y,N
10/14/2018,3:00,9817.3301,1217.74,2530.6499,631.773,8783.4199,5251.5,3043.0901,861.1,32136.603,E2,N,N
10/14/2018,3:00,9962.46,1169.1,2516.6599,659.49,8436.7197,5152.5,3076.1799,1117.63,32090.7395,E3,N,N
10/14/2018,3:00,9903.2109,1191.0165,2521.2715,686.5866,8755.7217,5200.9673,3056.0713,1035.6572,32350.503,M,N,N
10/14/2018,4:00,9839.9736,1223.885,2564.5327,680.1505,8772.083,5188.5659,2907.8096,1116.4589,32293.4592,A3,N,N
10/14/2018,4:00,9814.5645,1133.1978,2479.9404,662.3375,8854.2686,5127.7954,2902.5168,1085.0795,32059.7005,A6,N,N
10/14/2018,4:00,9614.0996,1132.73,2521.8201,766.945,8363.9902,4904.9102,2959.99,913.266,31177.7511,E,N,N
10/14/2018,4:00,9696.8203,1182.21,2469.3501,708.196,8214.4297,4999.6602,2968.1699,1051.34,31290.1762,E1,Y,N
10/14/2018,4:00,9582.6797,1174.98,2518.6101,614.434,8471.7002,5039.9102,2945.1299,836.239,31183.6831,E2,N,N
10/14/2018,4:00,9792.3701,1144.36,2445.9199,646.164,8198.8701,4957.0601,2994.51,1106.9301,31286.1843,E3,N,N
10/14/2018,4:00,9723.418,1165.2272,2500.0288,679.7045,8479.2236,5036.3169,2946.3545,1018.2189,31548.4924,M,N,N
10/14/2018,5:00,9747.1543,1226.1649,2561.0483,669.4444,8664.1123,5101.4644,2884.9531,1108.4047,31962.7464,A3,N,N
10/14/2018,5:00,9743.752,1156.2798,2476.8469,651.4182,8692.5156,5058.6118,2892.498,1086.616,31758.5383,A6,N,N
10/14/2018,5:00,9472.1504,1119.9399,2502.52,729.281,8222.5703,4783.48,2910.0801,905.076,30645.0977,E,N,N
10/14/2018,5:00,9564.8496,1115.65,2452.8501,704.162,8087.9902,4947.9302,2972.6799,1035.91,30882.022,E1,Y,N
10/14/2018,5:00,9373.3896,1173.48,2495.1101,601.921,8273.9102,4858.3501,2880.55,840.718,30497.429,E2,N,N
10/14/2018,5:00,9714.0098,1149.21,2448.4199,634.147,8099.0298,4901.3999,2943.0601,1060.3199,30949.5964,E3,N,N
10/14/2018,5:00,9602.5518,1156.7875,2489.4661,665.0623,8340.0215,4941.8726,2913.9702,1006.1742,31115.9062,M,N,N
10/14/2018,6:00,9756.6641,1216.719,2569.5425,671.6652,8692.1514,5088.8618,2849.5049,1091.7719,31936.8808,A3,N,N
10/14/2018,6:00,9799.2852,1145.5519,2502.1533,653.0696,8740.5078,5075.2568,2863.9136,1047.7454,31827.4836,A6,N,N
10/14/2018,6:00,9479.7803,1129.2,2493.1699,698.648,8207.2402,4772.3799,2924.97,904.887,30610.2753,E,N,N
10/14/2018,6:00,9570.3203,1131.3101,2428.6799,681.444,8244.54,4953.2598,3030.6299,1043.28,31083.464,E1,Y,N
10/14/2018,6:00,9286.7598,1204.14,2492.23,604.426,8352.29,4894.6201,2873.1899,844.77,30552.4258,E2,N,N
10/14/2018,6:00,9602.1201,1138.89,2466.46,635.313,8170.5298,4852.4302,2941.3501,1043.88,30850.9732,E3,N,N
10/14/2018,6:00,9582.4883,1160.9685,2492.0393,657.4276,8401.2109,4939.4683,2913.9265,996.0558,31143.5852,M,N,N
10/14/2018,7:00,9738.9004,1240.9242,2578.8933,685.4737,8848.3867,5182.873,2854.0781,1102.6097,32232.1391,A3,N,N
10/14/2018,7:00,9726.4805,1194.6155,2533.229,677.7057,8924.8691,5172.6118,2893.9419,1050.0261,32173.4796,A6,N,N
10/14/2018,7:00,9624.5303,1144.59,2504.21,739.593,8347.1396,4868.1699,2966.45,948.225,31142.9078,E,N,N
10/14/2018,7:00,9691.2002,1156.6,2449.29,724.175,8237.7305,5164.3599,3012.9399,1031.49,31467.7855,E1,Y,N
10/14/2018,7:00,9370.7305,1206.97,2509.2,630.533,8467.46,4948.48,2914.8701,870.426,30918.6696,E2,N,N
10/14/2018,7:00,9890.0098,1133.77,2465.3401,640.975,8169.8799,4941.8501,2982.1899,1051.5699,31275.5847,E3,N,N
10/14/2018,7:00,9673.6426,1179.5784,2506.6938,683.0759,8499.2441,5046.3906,2937.4119,1009.0579,31535.0952,M,N,N
10/14/2018,8:00,9908.665,1267.7424,2580.9268,706.003,9149.9414,5339.0361,2913.5483,1130.5021,32996.3651,A3,N,N
10/14/2018,8:00,9907.3994,1231.2576,2544.05,699.4252,9184.4268,5346.1611,2931.5457,1084.7212,32928.987,A6,N,N
10/14/2018,8:00,9700.3398,1193.09,2533.8701,741.394,8784.8799,5051.8101,2968.25,1002.85,31976.4839,E,N,N
10/14/2018,8:00,9840.9297,1169.8,2484.95,717.927,8508.5898,5166.0098,3035.1799,1039.5601,31962.9463,E1,Y,N
10/14/2018,8:00,9424.5996,1264.91,2536.54,669.75,8980.3398,5123.8901,2935.3701,914.26,31849.6596,E2,N,N
10/14/2018,8:00,9845.2695,1173.25,2416.01,691.156,8464.9004,5132.04,2958.7,1099.04,31780.3659,E3,N,N
10/14/2018,8:00,9771.2002,1216.675,2516.0581,704.2759,8845.5137,5193.1577,2957.0991,1045.1556,32249.1353,M,N,N
10/14/2018,9:00,10602.5996,1327.9268,2571.8059,732.2788,9646.8398,5584.0151,3145.9304,1159.8719,34771.2683,A3,N,N
10/14/2018,9:00,10553.623,1291.3154,2532.1616,722.3575,9647.4316,5555.9849,3085.9668,1136.1016,34524.9424,A6,N,N
10/14/2018,9:00,10123,1243.72,2555.1899,777.907,9417.3896,5343.0298,3134.6799,1064.9399,33659.8561,E,N,N
10/14/2018,9:00,10412.5,1238.41,2500.9099,793.679,9176.25,5481.5801,3187.3701,1081.6,33872.2991,E1,Y,N
10/14/2018,9:00,9816.71,1290.9301,2548.26,704.976,9384.4102,5478.21,3108.22,982.314,33314.0303,E2,N,N
10/14/2018,9:00,10428.2998,1297.1899,2466.3601,726.396,9197.4199,5496.29,3153.54,1148.3,33913.7957,E3,N,N
10/14/2018,9:00,10322.7891,1281.582,2529.1147,742.9324,9411.623,5489.8521,3135.9514,1095.5212,34009.3659,M,N,N
10/14/2018,10:00,11512.5107,1403.1012,2612.832,770.4083,10414.6289,6003.312,3422.094,1215.8855,37354.7726,A3,N,N
10/14/2018,10:00,11529.3203,1336.1743,2566.0054,744.2599,10355.6221,5961.4263,3362.6863,1208.6472,37064.1418,A6,N,N
10/14/2018,10:00,11161.0996,1349.74,2585.52,882.904,10163.2002,5765,3343.9399,1119.4,36370.8037,E,N,N
10/14/2018,10:00,11179,1326.05,2540.49,808.584,9821.6201,5884.4502,3496.3899,1124.88,36181.4642,E1,Y,N
10/14/2018,10:00,10834.2998,1425.34,2587.5,748.462,10069.2002,5866.6602,3412.79,1071.23,36015.4822,E2,N,N
10/14/2018,10:00,11209.2998,1339.2,2498.71,776.601,10053.0996,5834.4399,3375.1299,1201.5601,36288.0403,E3,N,N
10/14/2018,10:00,11237.5889,1363.2676,2565.1763,788.5365,10146.2285,5885.8818,3402.1719,1156.9338,36545.7853,M,N,N
10/14/2018,11:00,12496.7012,1488.5812,2679.2402,804.4131,11048.0576,6426.1265,3750.6223,1235.9578,39929.6999,A3,N,N
10/14/2018,11:00,12507.916,1384.3372,2632.9082,777.0744,11023.6055,6301.8857,3670.4509,1222.808,39520.9859,A6,N,N
10/14/2018,11:00,12000.2998,1393.6899,2618.46,857.356,10670.2002,6182.8901,3658.03,1148.3199,38529.2459,E,N,N
10/14/2018,11:00,12054.2002,1387.04,2569.97,850.451,10317,6289.6699,3634.4199,1133.53,38236.281,E1,Y,N
10/14/2018,11:00,12108.7002,1465.95,2623.3301,792.559,10691.7002,6359.1699,3709.1799,1049.7,38800.2893,E2,N,N
10/14/2018,11:00,12325.0996,1365.97,2518.24,786.423,10714,6256.27,3680.27,1227.1899,38873.4625,E3,N,N
10/14/2018,11:00,12248.8203,1414.2614,2607.0249,811.3795,10744.0947,6302.6689,3683.8291,1169.5844,38981.6632,M,N,N
10/14/2018,12:00,13353.9141,1554.5968,2724.405,822.5287,11578.3916,6682.0469,3996.9951,1266.342,41979.2202,A3,N,N
10/14/2018,12:00,13312.8271,1450.9045,2670.1863,799.0942,11541.1045,6506.2656,3854.0981,1259.6061,41394.0864,A6,N,N
10/14/2018,12:00,12856.7998,1449.42,2639.03,873.158,10989.7002,6510.3599,3860.96,1133.54,40312.9679,E,N,N
10/14/2018,12:00,12685.9004,1434.8101,2608.48,881.234,10701.9004,6641.6099,3948.1499,1167.12,40069.2047,E1,Y,N
10/14/2018,12:00,13205.0996,1517.99,2648.1799,812.516,11280.9004,6801.0098,4012.5901,1085.88,41364.1658,E2,N,N
10/14/2018,12:00,12793.5,1437.88,2604.3601,787.36,11214.2002,6541.3301,3928.26,1194.16,40501.0504,E3,N,N
10/14/2018,12:00,13034.6738,1474.2668,2649.1069,829.3152,11217.7002,6613.7705,3933.5093,1184.4414,40936.7841,M,N,N
10/14/2018,13:00,13947.3359,1629.558,2761.2585,825.0095,11919.1738,6922.0493,4212.5361,1285.1412,43502.0623,A3,N,N
10/14/2018,13:00,13802.3379,1513.4647,2697.5837,783.4321,11938.8926,6719.5566,4117.3979,1263.4059,42836.0714,A6,N,N
10/14/2018,13:00,13507.5,1503.16,2646.3701,895.606,11174.7998,6768.02,4101.5801,1157.47,41754.506,E,N,N
10/14/2018,13:00,13554.5,1463.3199,2572.5801,904.575,11018.7002,6941.1802,4189.3301,1233.0601,41877.2456,E1,Y,N
10/14/2018,13:00,13983.2002,1553.3,2659.4099,838.23,11707.0996,7061.1899,4233.1001,1123.3,43158.8297,E2,N,N
10/14/2018,13:00,13482.2998,1462.28,2609.5,807.62,11398.5996,6772.6699,4226.4102,1373.37,42132.7495,E3,N,N
10/14/2018,13:00,13712.8623,1520.8472,2657.7839,842.4121,11526.2109,6864.1113,4180.0591,1239.2913,42543.5781,M,N,N
10/14/2018,14:00,14673.0684,1726.2638,2815.2344,825.046,12244.002,7076.6553,4406.0151,1281.6182,45047.9032,A3,N,N
10/14/2018,14:00,14362.4834,1554.2965,2737.5969,784.9925,12234.5322,7125.501,4358.7573,1255.0887,44413.2485,A6,N,N
10/14/2018,14:00,14027.2998,1537.64,2654.72,967.489,11270.2002,6978.5,4296.2598,1169.41,42901.5188,E,N,N
10/14/2018,14:00,14129.5996,1507.01,2589.52,864.558,11092.0996,7233.27,4410.3599,1272.63,43099.0471,E1,Y,N
10/14/2018,14:00,14763.2002,1601.61,2687.03,832.306,11955.4004,7343.98,4416.3999,1115.6,44715.5265,E2,N,N
10/14/2018,14:00,14069.7998,1528.78,2646.48,795.744,11660.9004,7007.1099,4415.98,1340.97,43465.7641,E3,N,N
10/14/2018,14:00,14337.5752,1575.9333,2688.4304,845.0227,11742.8555,7127.5024,4383.9624,1239.2195,43940.5014,M,N,N
10/14/2018,15:00,15020.7627,1748.9258,2843.29,824.593,12405.2871,7247.6392,4561.1118,1293.0083,45944.6179,A3,N,N
10/14/2018,15:00,14592.1309,1556.8601,2784.0454,789.7157,12345.1699,7267.2393,4523.7144,1267.0961,45125.9718,A6,N,N
10/14/2018,15:00,14359.2002,1566.74,2650.1201,895.281,11261,7087.4302,4413.3599,1145.51,43378.6414,E,N,N
10/14/2018,15:00,14464.2998,1544.66,2616.73,860.215,11018.2002,7430.3101,4572.46,1283.2,43790.0751,E1,Y,N
10/14/2018,15:00,15104.7998,1629.67,2678.99,848.917,12023.0996,7418.3101,4541.54,1134.52,45379.8465,E2,N,N
10/14/2018,15:00,14436,1531.38,2606.9099,817.916,11554.5,7060.6001,4549.2402,1432,43988.5462,E3,N,N
10/14/2018,15:00,14662.8662,1596.3727,2696.6812,839.4397,11767.876,7251.9209,4526.9043,1259.2224,44601.2834,M,N,N
10/14/2018,16:00,15332.2188,1735.8364,2864.0662,817.1372,12326.9473,7674.3418,4812.5195,1307.0714,46870.1386,A3,N,N
10/14/2018,16:00,15410.4053,1563.824,2826.9102,794.9839,12264.1904,7575.3008,4710.9126,1285.6583,46432.1855,A6,N,N
10/14/2018,16:00,14497.7998,1536.6899,2644.25,924.217,11229,7140.71,4507.0098,1199.79,43679.4665,E,N,N
10/14/2018,16:00,14709.2002,1556.0699,2628.23,898.916,11361.5996,7600.3501,4681.3999,1282.97,44718.7357,E1,Y,N
10/14/2018,16:00,15119.2002,1563.66,2664.8999,852.263,12036.7998,7378.27,4616.2598,1152.7,45384.0527,E2,N,N
10/14/2018,16:00,14626.4004,1505.05,2654.6499,820.387,11672.7998,7241.4102,4684.7202,1398.5,44603.9175,E3,N,N
10/14/2018,16:00,14949.2041,1576.8551,2713.8345,851.3174,11815.2227,7435.064,4668.8042,1271.1151,45281.4171,M,N,N
10/14/2018,17:00,15181.1865,1756.8328,2847.9609,827.8798,12088.9727,7806.6514,4791.6616,1302.207,46603.3527,A3,N,N
10/14/2018,17:00,15026.3662,1526.6462,2799.6572,825.6832,12073.5293,7545.1514,4728.2969,1278.6549,45803.9853,A6,N,N
10/14/2018,17:00,14395.5996,1551.86,2645.8701,901.375,11059.7998,7165.8198,4470.02,1261.0601,43451.4044,E,N,N
10/14/2018,17:00,14688.2998,1586.85,2629.77,905.592,11441.7002,7726.48,4655.6802,1264.47,44898.8422,E1,Y,N
10/14/2018,17:00,14798,1604.41,2656.01,876.813,11862.2002,7452.1699,4606.2002,1167.2,45023.0033,E2,N,N
10/14/2018,17:00,14411.4004,1516.14,2672.4299,847.963,11897.4004,7227.71,4638.7402,1394.22,44606.0039,E3,N,N
10/14/2018,17:00,14750.1426,1590.4565,2708.6165,864.2178,11737.2676,7487.3301,4648.4336,1277.9686,45064.4333,M,N,N
10/14/2018,18:00,14474.2021,1755.9385,2826.511,823.3221,12277.874,7788.7104,4691.9424,1290.8832,45929.3837,A3,N,N
10/14/2018,18:00,14341.7295,1503.948,2769.5837,847.3691,12164.7441,7522.8745,4683.5068,1268.8589,45102.6146,A6,N,N
10/14/2018,18:00,14065.4004,1531.25,2663.8301,973.658,10949.5996,7112.5801,4387.6802,1251.55,42935.5484,E,N,N
10/14/2018,18:00,14364.9004,1577.91,2632.3301,873.63,11152,7512.4302,4525.2998,1273.41,43911.9105,E1,Y,N
10/14/2018,18:00,14286.2002,1563.63,2681.22,886.138,11759,7348.5801,4485.9502,1124.66,44135.3785,E2,N,N
10/14/2018,18:00,14136.4004,1513.72,2706.3501,855.226,11381.2998,7023.3101,4543.5098,1396.28,43556.0962,E3,N,N
10/14/2018,18:00,14278.1387,1574.3994,2713.3042,876.5572,11614.0859,7384.748,4552.9819,1267.6071,44261.8224,M,N,N
10/14/2018,19:00,13937.2646,1686.6714,2782.5789,802.2236,11661.8564,7672.0566,4465.8418,1288.9868,44297.4801,A3,N,N
10/14/2018,19:00,13907.1807,1474.6499,2747.1643,819.1191,11851.7754,7521.9092,4463.8521,1281.2911,44066.9418,A6,N,N
10/14/2018,19:00,13642.0996,1510.76,2672.99,981.067,10810.5,6955.1602,4233.2002,1191.39,41997.167,E,N,N
10/14/2018,19:00,13925.7002,1551.4399,2634.9299,869.407,11140.9004,7344.2798,4356.0098,1178.2,43000.867,E1,Y,N
10/14/2018,19:00,13775,1542.9,2689.4199,883.202,11528.4004,7207.75,4293.3999,1090.79,43010.8622,E2,N,N
10/14/2018,19:00,13763.5,1472.79,2686.02,849.758,11648.9004,6976.48,4366.5801,1276.8,43040.8285,E3,N,N
10/14/2018,19:00,13825.126,1539.8685,2702.1838,867.4629,11440.3887,7279.606,4363.1475,1217.9098,43235.6932,M,N,N
10/14/2018,20:00,13972.6396,1711.7935,2739.2546,810.581,12066.7217,7731.3096,4418.8516,1273.0964,44724.248,A3,N,N
10/14/2018,20:00,13760.3535,1556.6482,2705.9387,825.4477,12134.2139,7428.8042,4441.2881,1310.1633,44162.8576,A6,N,N
10/14/2018,20:00,13591,1525.8101,2694.4299,957.69,11275.5996,7056.8501,4143.5498,1216.73,42461.6595,E,N,N
10/14/2018,20:00,13913.0996,1546.42,2668.3301,890.765,11405.5996,7356.6499,4311.1899,1249.97,43342.0241,E1,Y,N
10/14/2018,20:00,13720.2998,1531.15,2704.9299,918.423,11860.4004,7300.1299,4263.6201,1099.42,43398.3731,E2,N,N
10/14/2018,20:00,13688.2002,1537.64,2714.1399,887.051,12012.4004,7100.4199,4336.8398,1372.27,43648.9612,E3,N,N
10/14/2018,20:00,13774.2676,1568.2437,2704.5039,881.6597,11792.4893,7329.0273,4319.2236,1253.6084,43623.0235,M,N,N
10/14/2018,21:00,13536.6924,1684.0969,2719.3005,802.2037,11554.1992,7505.1436,4337.7349,1305.0172,43444.3884,A3,N,N
10/14/2018,21:00,13455.415,1523.761,2684.0747,811.5238,11723.5215,7251.2554,4415.873,1365.1193,43230.5437,A6,N,N
10/14/2018,21:00,13239.2002,1510.86,2722.8601,982.124,11087.2998,6895.8501,4057.4299,1188.8101,41684.4342,E,N,N
10/14/2018,21:00,13452.7998,1557.12,2670.99,889.935,11113.7998,7024.4702,4181.7002,1204.04,42094.855,E1,Y,N
10/14/2018,21:00,13370.7002,1530.46,2726.26,886.42,11372,7155.9702,4166.5498,1131.53,42339.8902,E2,N,N
10/14/2018,21:00,13182.5,1492.21,2541.9199,854.871,11625.2002,6784.2402,4172.7202,1356.37,42010.0315,E3,N,N
10/14/2018,21:00,13372.8848,1549.7513,2677.5676,871.1797,11412.6699,7102.8213,4222.0015,1258.4811,42467.3572,M,N,N
10/14/2018,22:00,12965.9551,1603.1451,2674.9958,776.4166,10818.7627,7082.9204,4111.2358,1273.6703,41307.1018,A3,N,N
10/14/2018,22:00,13030.1123,1473.6107,2663.3936,778.7934,10952.6875,6880.0732,4208.5415,1311.548,41298.7602,A6,N,N
10/14/2018,22:00,12720.5996,1442.9301,2700.27,899.893,10696.2998,6603.9199,3908.8401,1120.1801,40092.9326,E,N,N
10/14/2018,22:00,12771.7998,1428.3199,2642.6499,853.576,10622.5996,6646.4502,3977.4399,1163.89,40106.7253,E1,Y,N
10/14/2018,22:00,12846.2002,1496.47,2701.6499,845.434,10892.9004,6910.7202,3995.6201,1109.36,40798.3548,E2,N,N
10/14/2018,22:00,12545.9004,1442.72,2496.1599,834.729,11179.9004,6502.4502,3969.26,1345.2,40316.3199,E3,N,N
10/14/2018,22:00,12813.4287,1481.1993,2646.5198,831.4737,10860.5254,6771.0889,4028.4897,1220.6414,40653.3669,M,N,N
10/14/2018,23:00,12159.8574,1491.1296,2591.843,738.7739,9989.0605,6425.2173,3816.7776,1226.8088,38439.4681,A3,N,N
10/14/2018,23:00,12305.2119,1391.3337,2597.9111,743.923,10071.2813,6301.4941,3928.4927,1248.7712,38588.419,A6,N,N
10/14/2018,23:00,11871.5996,1358.66,2685.9199,885.91,10175.7998,6086.02,3696.6599,1053.9301,37814.4993,E,N,N
10/14/2018,23:00,12014.0996,1342.76,2619.3401,806.241,9966.5195,6105.79,3752.0901,1142.34,37749.1803,E1,Y,N
10/14/2018,23:00,12016.7002,1390.63,2679.6201,815.657,10223.7998,6403.29,3767.02,1111.97,38408.6871,E2,N,N
10/14/2018,23:00,11906.7998,1343.8199,2418.1299,787.644,10448,5953.9902,3752.4099,1368.09,37978.8837,E3,N,N
10/14/2018,23:00,12045.7119,1386.3889,2598.7939,796.3582,10145.7432,6212.6333,3785.5752,1191.9851,38163.1897,M,N,N
10/14/2018,24:00,11049.791,1376.8662,2510.9761,689.8932,9151.6416,5796.3477,3522.5698,1163.0043,35261.0899,A3,N,N
10/14/2018,24:00,11332.2617,1313.9719,2564.8215,700.5276,9240.4531,5737.0723,3606.2473,1179.9669,35675.3223,A6,N,N
10/14/2018,24:00,10972.5,1269.6,2642.3401,828.503,9560.5,5500.8501,3399.74,1026.5,35200.5332,E,N,N
10/14/2018,24:00,11245.2998,1242.02,2567.29,771.284,9338.9902,5485.5801,3487.8,1110.36,35248.6241,E1,Y,N
10/14/2018,24:00,11134.2998,1313.99,2626.1599,770.637,9453.2305,5864.77,3414.21,1103.42,35680.7172,E2,N,N
10/14/2018,24:00,11042.0996,1247.47,2448.95,728.187,9655.5898,5382.54,3450.3899,1258.24,35213.4663,E3,N,N
10/14/2018,24:00,11129.375,1293.9863,2560.0898,748.172,9400.0674,5627.8599,3480.1597,1140.2485,35379.9586,M,N,N
10/15/2018,1:00,10307.2813,1257.8497,2433.1345,664.1141,8545.8428,5326.0361,3225.4456,1095.192,32854.8961,A3,N,N
10/15/2018,1:00,10508.9258,1245.6626,2446.6345,670.681,8752.666,5255.8242,3214.3552,1111.0531,33205.8024,A6,N,N
10/15/2018,1:00,10023.4004,1187.16,2607.1399,753.229,9117.5303,4926.3301,3221.6399,1013.44,32849.8696,E,N,N
10/15/2018,1:00,10565.2002,1161.39,2534.7,764.553,8962.3398,5001.2002,3261.95,1091.3,33342.6332,E1,Y,N
10/15/2018,1:00,10040.7002,1212.64,2565.5701,737.578,8822,5256.0801,3074.03,1074.27,32782.8684,E2,N,N
10/15/2018,1:00,10166.9004,1148.51,2365.5801,663.931,9001.9004,4971.5498,3249.8,1178.1,32746.2717,E3,N,N
10/15/2018,1:00,10268.7344,1202.2021,2492.1265,709.0143,8867.0469,5122.8369,3207.8701,1093.8926,32963.7238,M,N,N
10/15/2018,2:00,9713.542,1174.0122,2369.8052,652.9698,8065.4668,4981.0239,3029.5269,1060.9078,31047.2546,A3,N,N
10/15/2018,2:00,9955.2891,1180.4419,2370.8345,666.96,8254.9395,4883.3428,3043.8406,1085.0649,31440.7133,A6,N,N
10/15/2018,2:00,9415.8604,1123.96,2578.8899,781.359,8754.9404,4595.5298,3196,1005.22,31451.7595,E,N,N
10/15/2018,2:00,9877.21,1086.75,2516.04,758.604,8579.1299,4687.4902,3105.6799,1078.51,31689.414,E1,Y,N
10/15/2018,2:00,9478.1504,1138.02,2530.9399,749.127,8532.7402,4950.3501,2869.5601,1076.23,31325.1177,E2,N,N
10/15/2018,2:00,9486.54,1111.91,2335.49,661.087,8588.2197,4937.7598,3190.4199,1066.15,31377.5764,E3,N,N
10/15/2018,2:00,9654.4326,1135.8491,2450.3333,711.6844,8462.5732,4839.25,3072.5044,1062.0138,31388.6408,M,N,N
10/15/2018,3:00,9401.8809,1125.833,2362.9355,656.6186,7841.5972,4761.8218,2879.6201,1022.66,30052.9671,A3,N,N
10/15/2018,3:00,9649.7725,1149.8506,2375.6289,679.5002,8026.2949,4719.7471,2910.2212,1037.3706,30548.386,A6,N,N
10/15/2018,3:00,9010.3701,1098.42,2557.95,716.916,8664.0898,4370.4199,3014.78,1012.32,30445.2658,E,N,N
10/15/2018,3:00,9542.8203,1082.51,2484.0601,782.161,8505.79,4420.5898,2896.1499,951.264,30665.3451,E1,Y,N
10/15/2018,3:00,9176.6797,1112.9,2515.22,760.525,8424.6504,4649.6201,2707.4299,1069.25,30416.2751,E2,N,N
10/15/2018,3:00,9165.21,1069.9301,2267.51,666.602,8736.7803,4377.1001,3054.0601,1086.29,30423.4826,E3,N,N
10/15/2018,3:00,9324.4561,1106.574,2427.2173,710.3871,8366.5342,4549.8833,2910.377,1029.8591,30425.2881,M,N,N
10/15/2018,4:00,9121.8965,1100.5643,2359.1072,652.877,7754.2026,4625.7407,2791.416,1019.4048,29425.2091,A3,N,N
10/15/2018,4:00,9463.0244,1142.087,2379.6816,676.931,7909.5371,4579.0815,2830.7236,1048.679,30029.7452,A6,N,N
10/15/2018,4:00,8919.4404,1094.13,2554.6699,755.908,8678.9502,4314.0601,2841.1899,1012.16,30170.5085,E,N,N
10/15/2018,4:00,9366.1699,1083.34,2506.3999,737.233,8591.0898,4358.3101,2769.21,952.17,30363.9227,E1,Y,N
10/15/2018,4:00,9123.5801,1113.09,2512.74,756.812,8493.9102,4585.27,2657.1101,1072.09,30314.6024,E2,N,N
10/15/2018,4:00,9098.04,1082.71,2308.1001,669.736,8600.7998,4263.04,2883.6799,1055.39,29961.4958,E3,N,N
10/15/2018,4:00,9182.0254,1102.6536,2436.7832,708.2495,8338.082,4454.2505,2795.5549,1026.6489,30044.248,M,N,N
10/15/2018,5:00,9190.0107,1118.8125,2368.1736,671.5801,7891.3311,4586.7793,2776.5022,1027.0961,29630.2856,A3,N,N
10/15/2018,5:00,9582.2217,1175.1886,2405.8027,684.0161,8022.7866,4561.5137,2833.2317,1068.991,30333.7521,A6,N,N
10/15/2018,5:00,9088.2197,1119.42,2569.1599,766.005,8957.5303,4393.3501,2804.6201,1042.83,30741.1351,E,N,N
10/15/2018,5:00,9520.9004,1089.0699,2517.6201,755.686,8653.9199,4418.4302,2757.3999,977.91,30690.9364,E1,Y,N
10/15/2018,5:00,9280.6104,1150.21,2529.0801,775.459,8770.9297,4670.1602,2650.8301,1095.1,30922.3795,E2,N,N
10/15/2018,5:00,9113.6602,1066.92,2342.98,692,8824.8604,4468.6299,2841.8401,1171.4,30522.2906,E3,N,N
10/15/2018,5:00,9295.9375,1119.9369,2455.4695,724.1243,8520.2266,4516.4775,2777.4038,1063.8878,30473.4639,M,N,N
10/15/2018,6:00,9356.1924,1157.9651,2408.3667,715.2985,8310.6924,4825.7305,2816.5752,1038.2692,30629.09,A3,N,N
10/15/2018,6:00,9877.7188,1219.6918,2462.9924,715.1979,8477.4453,4853.0229,2881.4775,1065.3274,31552.874,A6,N,N
10/15/2018,6:00,9676.6904,1205.05,2614.1699,805.457,9769.9902,4771.9702,2939.6599,1088.0699,32871.0575,E,N,N
10/15/2018,6:00,9955.3799,1162.87,2570.71,799.57,9593.7305,4718.9502,2832.4199,1032.6801,32666.3106,E1,Y,N
10/15/2018,6:00,9823.4297,1244.24,2573.6201,820.389,9584.29,5136.9399,2739.8101,1096.5699,33019.2887,E2,N,N
10/15/2018,6:00,9651.5498,1167.83,2428.05,740.927,9833.4004,4741.3701,2938.8501,1106.05,32608.0274,E3,N,N
10/15/2018,6:00,9723.4932,1192.9412,2509.6516,766.14,9261.5918,4841.3311,2858.1321,1071.1611,32224.4421,M,N,N
10/15/2018,7:00,9613.5625,1283.5422,2471.7058,786.707,9082.2549,5157.813,2971.4827,1096.7509,32463.819,A3,N,N
10/15/2018,7:00,10259.3311,1365.5664,2544.2903,785.7739,9287.8984,5218.4038,3073.9304,1122.036,33657.2303,A6,N,N
10/15/2018,7:00,10570.2002,1387.05,2723.6699,888.779,11099.9004,5412.8799,3251.99,1164.11,36498.5794,E,N,N
10/15/2018,7:00,10523.5996,1308.1899,2537.1101,889.809,10801.0996,5387.4199,3113.3201,1082.66,35643.2082,E1,Y,N
10/15/2018,7:00,10609,1449.22,2677.76,909.448,10837,5774.5698,2925.29,1135.36,36317.6478,E2,N,N
10/15/2018,7:00,10300.5,1309.74,2496.0801,829.251,11173.5996,5392.1602,3222.53,1175.54,35899.4009,E3,N,N
10/15/2018,7:00,10312.6992,1350.5515,2575.1028,848.2947,10380.293,5390.541,3093.0908,1129.4095,35079.9825,M,N,N
10/15/2018,8:00,9438.2432,1324.9745,2515.9023,821.0005,9542.2686,5297.5444,2994.8386,1141.488,33076.2601,A3,N,N
10/15/2018,8:00,10190.1055,1414.0796,2594.7712,818.8614,9719.6914,5439.1846,3110.5317,1189.3556,34476.581,A6,N,N
10/15/2018,8:00,10977.7002,1464.03,2808.1101,902.123,11880.0996,5742.21,3301.0901,1233.52,38308.883,E,N,N
10/15/2018,8:00,10726.5,1354.3101,2718.7,966.623,11661.0996,5607.0098,3169.73,1164.35,37368.3225,E1,Y,N
10/15/2018,8:00,10957.4004,1532.27,2755.79,960.598,11628.2002,6229.6099,3058.2,1174.6899,38296.7584,E2,N,N
10/15/2018,8:00,10438.7002,1360.0699,2586.9299,884.953,11936.9004,5672.73,3189.3501,1214.59,37284.2235,E3,N,N
10/15/2018,8:00,10454.7754,1408.2891,2663.3674,892.3598,11061.377,5664.7148,3137.29,1186.3323,36468.5058,M,N,N
10/15/2018,9:00,9426.1553,1353.4604,2496.7471,839.4327,9733.8271,5219.4653,3035.8433,1141.205,33246.1362,A3,N,N
10/15/2018,9:00,10281.9756,1428.1689,2583.4995,834.1105,9896.0586,5444.2671,3146.0942,1229.6022,34843.7766,A6,N,N
10/15/2018,9:00,10963,1472.13,2808.49,917.474,11870.7002,5739.27,3247.55,1247.24,38265.8542,E,N,N
10/15/2018,9:00,10676.5996,1431.67,2704.7,935.709,11514.0996,5652.71,3098.77,1203.5699,37217.8281,E1,Y,N
10/15/2018,9:00,10858.2002,1556.3,2757.75,962.891,11601.7998,6180,3038.1399,1197.4,38152.4809,E2,N,N
10/15/2018,9:00,10439.2998,1402.73,2566.55,896.721,11926.2998,5671.52,3174.55,1301.72,37379.3906,E3,N,N
10/15/2018,9:00,10440.873,1440.7434,2652.9561,897.723,11090.4648,5651.2056,3123.4912,1220.1229,36517.58,M,N,N
10/15/2018,10:00,9628.4756,1384.9933,2520.1035,863.025,10016.6133,5282.1831,3142.4055,1159.5859,33997.3852,A3,N,N
10/15/2018,10:00,10666.2793,1443.4468,2611.344,847.6904,10185.8916,5580.9834,3280.7642,1281.4464,35897.8461,A6,N,N
10/15/2018,10:00,11266.0996,1524.03,2847,955.119,12077.2002,5873.8799,3245.1599,1270.35,39058.8386,E,N,N
10/15/2018,10:00,10984,1450.41,2737.0601,958.837,11629.2002,5702.27,3186.26,1167.2,37815.2373,E1,Y,N
10/15/2018,10:00,11073,1589.46,2799.1399,999.933,11771.2002,6337.6699,3128.5,1240.0699,38938.9729,E2,N,N
10/15/2018,10:00,10536.9004,1430.26,2537.9299,936.4,12041.9004,5846.29,3250.47,1311.74,37891.8907,E3,N,N
10/15/2018,10:00,10692.46,1470.4335,2675.4297,926.8341,11287.001,5770.5464,3205.5933,1238.3987,37266.6967,M,N,N
10/15/2018,11:00,9901.374,1430.6855,2568.3281,863.3451,10275.3701,5337.2168,3280.4358,1165.5909,34822.3463,A3,N,N
10/15/2018,11:00,11071.8457,1472.1437,2674.3567,873.4387,10528.2451,5661.8188,3429.5613,1293.4545,37004.8645,A6,N,N
10/15/2018,11:00,11332.7998,1556.5601,2851.72,1017.61,12308.2998,5991.7402,3316.1899,1275.24,39650.1598,E,N,N
10/15/2018,11:00,11137.2002,1445.38,2706.1799,1021.76,11966.5996,5979.6099,3264.46,1163.0699,38684.2595,E1,Y,N
10/15/2018,11:00,11584.7002,1627.49,2812.27,1023.54,12023.5996,6512.2002,3313.9299,1234.99,40132.7199,E2,N,N
10/15/2018,11:00,10857.2002,1442.34,2572.26,968.734,12375.2998,6081.8599,3302.77,1292.11,38892.5739,E3,N,N
10/15/2018,11:00,10980.8535,1495.7666,2697.519,961.4047,11579.5693,5927.4072,3317.8914,1237.4093,38197.821,M,N,N
10/15/2018,12:00,10144.1182,1466.4772,2598.8953,832.5045,10410.8311,5386.1245,3376.196,1194.8495,35409.9963,A3,N,N
10/15/2018,12:00,11183.3926,1528.9061,2703.6355,879.8769,10715.4551,5710.9673,3497.0403,1321.885,37541.1588,A6,N,N
10/15/2018,12:00,11391.2998,1580.0601,2855.7,967.993,12475.0996,6057.6802,3365.8501,1285.28,39978.9628,E,N,N
10/15/2018,12:00,11265.9004,1497.0699,2715.98,1023.02,11860.9004,5876.9102,3345.1299,1163.28,38748.1908,E1,Y,N
10/15/2018,12:00,11986.2002,1670.26,2821.8899,1022.39,12245.2002,6579.1499,3508.6001,1231.16,41064.8503,E2,N,N
10/15/2018,12:00,10896.7998,1495.02,2633.55,967.998,12357,6010.0098,3393.95,1359.33,39113.6576,E3,N,N
10/15/2018,12:00,11144.6191,1539.6323,2721.6084,948.9637,11677.415,5936.8076,3414.4609,1259.2974,38642.8044,M,N,N
10/15/2018,13:00,10265.5918,1499.1302,2606.6794,814.8817,10539.083,5428.1309,3463.6621,1184.9668,35802.1259,A3,N,N
10/15/2018,13:00,11272.2773,1575.2572,2707.052,859.9176,10872.3691,5725.082,3606.8413,1290.656,37909.4525,A6,N,N
10/15/2018,13:00,11328.7002,1591.33,2846.3301,989.17,12590.4004,6092.71,3358.28,1264.47,40061.3907,E,N,N
10/15/2018,13:00,11323.5,1503.36,2686.97,1022.14,11869.2998,5972.3999,3357.3101,1130.42,38865.3998,E1,Y,N
10/15/2018,13:00,12085.7002,1711.1,2814.9399,1002.7,12343,6554.7798,3577.1799,1201.85,41291.2498,E2,N,N
10/15/2018,13:00,11059.2002,1516.36,2625.5801,942.49,12318.0996,6087.3901,3510.4299,1392.02,39451.5699,E3,N,N
10/15/2018,13:00,11222.4951,1566.0897,2714.592,938.5499,11755.376,5976.749,3478.9507,1244.0638,38896.8662,M,N,N
10/15/2018,14:00,10394.1367,1530.9469,2631.9202,808.0493,10795.6729,5513.0811,3538.1145,1175.8202,36387.7418,A3,N,N
10/15/2018,14:00,11098.71,1606.3192,2723.4177,855.0007,11133.9658,5966.1235,3746.0498,1251.2191,38380.8058,A6,N,N
10/15/2018,14:00,11277.9004,1591.14,2856.26,975.758,12729.9004,6027.4302,3337.0901,1262.13,40057.6091,E,N,N
10/15/2018,14:00,11520.7998,1551.95,2696.6201,1025.45,11902.5,6095.0098,3379.4199,1188.85,39360.5996,E1,Y,N
10/15/2018,14:00,12074.5996,1724.9,2818.0701,988.576,12541.5,6305.9399,3590.49,1160.4301,41204.5057,E2,N,N
10/15/2018,14:00,11206.7998,1519.9,2535.95,928.229,12224.7002,6088.9902,3521.0901,1369.6801,39395.3394,E3,N,N
10/15/2018,14:00,11262.1572,1587.5261,2710.373,930.1772,11888.04,5999.4292,3518.7092,1234.6882,39131.1001,M,N,N
10/15/2018,15:00,10682.8682,1515.5225,2668.7153,810.2426,10890.3096,5625.0024,3552.759,1166.7869,36912.2065,A3,N,N
10/15/2018,15:00,11274.8975,1596.5862,2767.063,859.5718,11108.4893,5919.6221,3795.2219,1213.2352,38534.687,A6,N,N
10/15/2018,15:00,11232.5996,1583.4,2872.99,997.793,12759.9004,5941.7202,3355.0701,1222.72,39966.1933,E,N,N
10/15/2018,15:00,11531.2998,1552.85,2680.2,1019.26,11911.4004,6042.8101,3346.8501,1164.03,39248.7004,E1,Y,N
10/15/2018,15:00,11999.2998,1692.55,2840.9199,991.234,12476,6099.5898,3570.5,1108.0601,40778.1536,E2,N,N
10/15/2018,15:00,11197.9004,1482.77,2624.73,934.305,12321.2998,6147.9702,3363.73,1324.41,39397.1154,E3,N,N
10/15/2018,15:00,11319.8105,1570.6132,2742.4363,935.4011,11911.2334,5962.7856,3497.3555,1199.8738,39139.5094,M,N,N
10/15/2018,16:00,10775.7383,1491.9486,2691.3381,806.4792,10779.5801,5825.4478,3614.8867,1167.1434,37152.5622,A3,N,N
10/15/2018,16:00,11406.8984,1580.4862,2791.8101,858.9689,10963.4531,5910.6934,3855.0059,1194.3826,38561.6986,A6,N,N
10/15/2018,16:00,11170.0996,1559.8199,2881.73,961.533,12723.7002,5912.9102,3233.45,1210.83,39654.0729,E,N,N
10/15/2018,16:00,11623,1538.42,2715.4399,1008.41,11882.9004,6168.7202,3310.51,1179.51,39426.9105,E1,Y,N
10/15/2018,16:00,11964.7998,1693.09,2858.9299,1006,12457.4004,5861.3999,3538.3899,1086.88,40466.8899,E2,N,N
10/15/2018,16:00,10830.5996,1486.42,2639.9299,956.337,12071.4004,5997.2002,3343.1899,1318.83,38643.907,E3,N,N
10/15/2018,16:00,11295.1895,1558.3641,2763.1963,932.9547,11813.0723,5946.062,3482.5723,1192.9294,38984.3406,M,N,N
10/15/2018,17:00,10863.292,1477.3157,2666.3276,820.2985,10687.7305,5822.3887,3585.5186,1168.3638,37091.2354,A3,N,N
10/15/2018,17:00,11528.8955,1514.377,2743.6453,887.8956,10837.8779,5755.5371,3841.9036,1172.8684,38283.0004,A6,N,N
10/15/2018,17:00,11137.2002,1564.04,2897.6599,1012.04,12714.5996,5992.6602,3079.01,1217.2,39614.4099,E,N,N
10/15/2018,17:00,11517.5996,1561.3,2694.78,1013.38,11795.5996,6145.1802,3270.72,1163.42,39161.9794,E1,Y,N
10/15/2018,17:00,11923.5,1640.6899,2871.3999,1028.83,12485.5,5888.2402,3515.1001,1090.86,40444.1201,E2,N,N
10/15/2018,17:00,11270.7998,1458.84,2653.5,1004.24,12033.9004,6047.8901,3261.99,1286.61,39017.7703,E3,N,N
10/15/2018,17:00,11373.5488,1536.0939,2754.5522,961.1141,11759.2021,5941.9834,3425.707,1183.2203,38935.4218,M,N,N
10/15/2018,18:00,10162.5859,1446.4917,2648.7393,814.0298,10700.499,5764.9385,3496.1848,1161.392,36194.861,A3,N,N
10/15/2018,18:00,10920.5635,1495.0709,2703.4971,903.1737,10879.6953,5783.7266,3734.3599,1167.6158,37587.7028,A6,N,N
10/15/2018,18:00,10994,1543.64,2896.1399,1001.43,12712.5,6088.04,3105.0801,1250.8199,39591.6499,E,N,N
10/15/2018,18:00,11302.5,1529.65,2715.02,975.544,11826.9004,6222.5601,3305.51,1233.51,39111.1945,E1,Y,N
10/15/2018,18:00,11658.7002,1623.1899,2872.78,1007.73,12386.2998,6011.5801,3436.3999,1128.86,40125.5399,E2,N,N
10/15/2018,18:00,10961.7998,1478.6,2624.1699,1000.6,11559.2002,6334.8799,3256.24,1372.97,38588.4598,E3,N,N
10/15/2018,18:00,11000.0254,1519.4404,2743.3911,950.418,11677.5156,6034.2881,3388.9624,1219.1947,38533.2357,M,N,N
10/15/2018,19:00,9640.2666,1404.802,2637.0623,780.9153,10450.3643,5751.811,3304.4221,1168.469,35138.1126,A3,N,N
10/15/2018,19:00,10531.9375,1468.4961,2695.1316,870.908,10784.793,5956.6953,3527.4934,1192.1511,37027.606,A6,N,N
10/15/2018,19:00,10888.0996,1547.8101,2891.0801,970.554,12697.5996,6122.6499,3121.1299,1275.8199,39514.7431,E,N,N
10/15/2018,19:00,11372.4004,1529.49,2688.6201,884.256,11755.0996,6296.8501,3134.1101,1255.96,38916.7863,E1,Y,N
10/15/2018,19:00,11341.7998,1611.52,2877.1499,967.897,12313.7002,6140.8701,3309.6699,1167.8,39730.4069,E2,N,N
10/15/2018,19:00,10834.2002,1494.2,2547.01,951.271,11774.5,6323.7202,3135.72,1412.3,38472.9214,E3,N,N
10/15/2018,19:00,10768.1182,1509.3864,2722.6758,904.3002,11629.3428,6098.7666,3255.4243,1245.4167,38133.431,M,N,N
10/15/2018,20:00,9772.0273,1430.3835,2636.031,792.6693,10712.6113,5772.7148,3256.4578,1165.8237,35538.7187,A3,N,N
10/15/2018,20:00,10415.4307,1528.7327,2692.1316,878.7581,11108.1348,5988.9243,3503.6631,1237.9423,37353.7176,A6,N,N
10/15/2018,20:00,11327.4004,1598.4301,2906.1599,961.081,13044,6348.3999,3184.8501,1317.15,40687.4714,E,N,N
10/15/2018,20:00,11597.5996,1579.98,2768.3501,984.065,12693.7998,6354.1001,3212.22,1223.36,40413.4746,E1,Y,N
10/15/2018,20:00,11719.7002,1690.1,2893.6599,991.18,12752.5,6485.9199,3424.3899,1175.9301,41133.38,E2,N,N
10/15/2018,20:00,11150.5,1580.08,2623.05,959.141,12473.7002,6459.5,3290.3501,1395.45,39931.7713,E3,N,N
10/15/2018,20:00,10997.1104,1567.9512,2753.2305,927.8157,12130.791,6234.9268,3311.9888,1252.6094,39176.4238,M,N,N
10/15/2018,21:00,9824.0908,1412.4077,2636.8425,797.9957,10612.6934,5697.8633,3211.0435,1212.4989,35405.4358,A3,N,N
10/15/2018,21:00,10194.8682,1503.8979,2691.3367,873.5117,10986.3535,5996.6919,3494.2412,1330.8075,37071.7086,A6,N,N
10/15/2018,21:00,11174.0996,1598.15,2914.2,933.313,12927.9004,6332.3301,3104.0901,1324.8,40308.8832,E,N,N
10/15/2018,21:00,11336,1584.36,2730.23,972.017,12235.4004,6417.48,3263.5601,1333.4301,39872.4776,E1,Y,N
10/15/2018,21:00,11534.2002,1689.6899,2892.8201,991.15,12588,6410.4902,3404.55,1187.4399,40698.3403,E2,N,N
10/15/2018,21:00,10876.0996,1521.36,2600.55,955.673,12777.5,6532.1899,3280.2,1439.62,39983.1925,E3,N,N
10/15/2018,21:00,10823.2266,1551.6443,2744.3301,920.6101,12021.3086,6231.1743,3292.9475,1304.7661,38890.0076,M,N,N
10/15/2018,22:00,9667.4766,1367.3588,2599.2839,774.3168,10157.4814,5469.3218,3033.8137,1207.964,34277.017,A3,N,N
10/15/2018,22:00,9983.2607,1462.7096,2680.2876,841.8228,10453.2656,5812.5654,3318.6055,1319.8329,35872.3501,A6,N,N
10/15/2018,22:00,10716,1502.03,2855.6101,874.901,12351.2998,6038.6299,3096.5801,1255.76,38690.8109,E,N,N
10/15/2018,22:00,10831.4004,1472.1899,2736.8301,927.871,12058,6245.1699,3153.22,1279.6899,38704.3712,E1,Y,N
10/15/2018,22:00,11011,1585.11,2831.48,949.031,12131.4004,6607.5098,3291.1299,1175.61,39582.2711,E2,N,N
10/15/2018,22:00,10393.2002,1497.23,2579.1001,904.826,12260.7998,6135.02,3119.6101,1414.3199,38304.1061,E3,N,N
10/15/2018,22:00,10433.7236,1481.1047,2713.7654,878.7948,11568.709,6051.3696,3168.8267,1275.5295,37571.8233,M,N,N
10/15/2018,23:00,9285.6992,1300.9805,2514.0833,763.9048,9502.5566,5058.6528,2815.1042,1178.7963,32419.7777,A3,N,N
10/15/2018,23:00,9389.9824,1393.8763,2618.2605,809.3226,9744.918,5443.3188,3124.5916,1286.0104,33810.2806,A6,N,N
10/15/2018,23:00,10002.0996,1400.64,2771.1001,844.035,11542.4004,5635.79,2824.5901,1203.1801,36223.8353,E,N,N
10/15/2018,23:00,10159.7998,1379.6899,2659.96,878.327,10957.9004,5791.0498,2914.8899,1168.9301,35910.5469,E1,Y,N
10/15/2018,23:00,10200.4004,1481.88,2737.8101,895.151,11251.5,5737.3101,3109.8201,1158.3199,36572.1916,E2,N,N
10/15/2018,23:00,9867.0303,1413.95,2515.5,859.177,11364.2002,5611.4302,2865.3601,1327.3,35823.9478,E3,N,N
10/15/2018,23:00,9817.5029,1395.1694,2636.1191,841.6529,10727.2461,5546.2588,2942.3926,1220.4229,35126.7647,M,N,N
10/15/2018,24:00,8801.8652,1232.1425,2447.1931,747.9634,8847.6787,4655.5732,2554.7344,1129.1635,30416.314,A3,N,N
10/15/2018,24:00,8856.6494,1322.3298,2595.9749,767.5066,9090.7002,5066.1699,2894.0491,1241.9465,31835.3264,A6,N,N
10/15/2018,24:00,9309.7002,1325.52,2684.9099,782.914,10753.5,5210.6299,2645.1101,1140.03,33852.3141,E,N,N
10/15/2018,24:00,9553.9805,1300.01,2641.3101,840.69,10378.5,5305.9302,2683.1399,1124.17,33827.7307,E1,Y,N
10/15/2018,24:00,9410.6699,1390.89,2631.3301,824.451,10429.7002,5279.1699,2869.28,1146.71,33982.2011,E2,N,N
10/15/2018,24:00,9355.6504,1326.9,2325.26,775.78,10416.7002,5209.98,2673.4199,1262.24,33345.9305,E3,N,N
10/15/2018,24:00,9214.7529,1316.2987,2554.3296,789.8842,9986.1309,5121.2427,2719.9558,1174.0433,32876.6381,M,N,N
10/16/2018,1:00,8387.583,1135.6785,2386.4602,736.0433,8312.4131,4319.9966,2280.0486,1076.2798,28634.5031,A3,N,N
10/16/2018,1:00,8162.5522,1247.5505,2496.1689,732.3074,8655.1943,4726.6724,2596.3118,1191.5778,29808.3353,A6,N,N
10/16/2018,1:00,8816.2598,1260.99,2633.8,799.306,10219,4879.73,2511.45,1079.85,32200.3858,E,N,N
10/16/2018,1:00,9067.0996,1239.45,2645.05,823.451,9823.1396,4951.0098,2525.9199,1097.67,32172.7899,E1,Y,N
10/16/2018,1:00,8812.5996,1284.78,2596.29,794.017,9800.1504,4996.54,2633.75,1121.77,32039.897,E2,N,N
10/16/2018,1:00,9018.5098,1234.46,2433.1599,766.678,9757.3799,4912.5698,2504.3601,1266.78,31893.8975,E3,N,N
10/16/2018,1:00,8710.7676,1233.8182,2531.8215,775.3005,9427.8799,4797.7534,2508.6401,1138.988,31124.9692,M,N,N
10/16/2018,2:00,8179.4438,1093.1118,2332.6506,735.9235,7900.1143,4111.8604,2119.6738,1046.441,27519.2192,A3,N,N
10/16/2018,2:00,7843.8589,1187.2488,2416.8889,720.4149,8231.7031,4491.6934,2490.9524,1173.8998,28556.6602,A6,N,N
10/16/2018,2:00,8460.0898,1209.62,2584.6201,838.091,9719.3604,4614.3198,2399.1201,1053.13,30878.3512,E,N,N
10/16/2018,2:00,8752.79,1185.45,2633.05,829.08,9368.2305,4700.52,2413.02,1052.24,30934.3805,E1,Y,N
10/16/2018,2:00,8357.8203,1210.52,2537.1899,779.645,9377.0996,4835.5698,2445.97,1110.83,30654.6446,E2,N,N
10/16/2018,2:00,8785.2305,1207.35,2405.0701,756.721,9233.5996,4736.0498,2400.29,1259.96,30784.271,E3,N,N
10/16/2018,2:00,8396.5391,1182.2168,2484.9116,776.6459,8971.6846,4581.6689,2378.1711,1116.0835,29887.9215,M,N,N
10/16/2018,3:00,8013.0947,1075.0137,2332.2185,741.6285,7725.6587,3998.9939,2008.2614,1016.0599,26910.9293,A3,N,N
10/16/2018,3:00,7727.4121,1157.7607,2410.3525,727.716,8046.0625,4428.2485,2411.0686,1132.8145,28041.4354,A6,N,N
10/16/2018,3:00,8243.7695,1194.1899,2561.5601,828.205,9505.8799,4470.5498,2383.03,1028.61,30215.7942,E,N,N
10/16/2018,3:00,8490.04,1188.22,2618.8401,803.426,9136.04,4582.7002,2331.4299,1066.51,30217.2062,E1,Y,N
10/16/2018,3:00,8128.5601,1184.8199,2511.6001,772.133,9130.9902,4672.5898,2335.1101,1075.51,29811.3132,E2,N,N
10/16/2018,3:00,8563.5596,1170.91,2356.29,763.625,9482.6904,4616.4502,2330.3601,1163.71,30447.5953,E3,N,N
10/16/2018,3:00,8194.4063,1161.8191,2465.1438,772.7889,8837.8867,4461.5889,2299.877,1080.5358,29274.0465,M,N,N
10/16/2018,4:00,7990.8315,1073.7153,2333.4949,735.7304,7656.5298,3934.8379,1926.531,1006.4922,26658.163,A3,N,N
10/16/2018,4:00,7687.6904,1151.2421,2408.9229,722.3104,7935.5176,4353.3467,2358.4634,1131.5317,27749.0252,A6,N,N
10/16/2018,4:00,8165.6001,1198.9301,2560.6399,834.262,9452.79,4392.25,2319.71,1029.27,29953.4521,E,N,N
10/16/2018,4:00,8340.3604,1179.9,2640.73,779.953,9166.5098,4489.5,2287.05,1015.84,29899.8432,E1,Y,N
10/16/2018,4:00,8040.8901,1188.26,2511.3401,771.432,9179.71,4622.4702,2287.3,1081.02,29682.4224,E2,N,N
10/16/2018,4:00,8516.8496,1157.5601,2374.8601,769.179,9466.54,4595.9399,2301.8999,1168,30350.8286,E3,N,N
10/16/2018,4:00,8123.7036,1158.2679,2471.6648,768.8112,8809.5996,4398.0576,2246.8259,1072.0256,29048.9562,M,N,N
10/16/2018,5:00,8171.6162,1100.4852,2348.4136,739.8229,7740.252,3939.7126,1930.9426,1018.1136,26989.3587,A3,N,N
10/16/2018,5:00,7828.8193,1191.3739,2417.6587,722.2916,7961.166,4386.3896,2394.7898,1149.2349,28051.7238,A6,N,N
10/16/2018,5:00,8317.5498,1225.97,2580.54,809.753,9732.1201,4475.1299,2331.53,1056.64,30529.2328,E,N,N
10/16/2018,5:00,8544.7197,1175.73,2670.71,783.526,9287.96,4587.1401,2315.1899,1036.3199,30401.2956,E1,Y,N
10/16/2018,5:00,8200.3896,1229.98,2529.8,797.17,9434.9102,4719.52,2297.0901,1101.1899,30310.0498,E2,N,N
10/16/2018,5:00,8662.8701,1193.45,2383.6399,798.869,9598.3301,4832.1802,2308.04,1265.52,31042.8993,E3,N,N
10/16/2018,5:00,8287.6611,1186.1649,2488.4604,775.2388,8959.123,4490.0122,2262.9307,1104.5031,29554.0942,M,N,N
10/16/2018,6:00,8755.6318,1146.0344,2390.4456,765.073,8215.3457,4184.9609,1957.1122,1030.3142,28444.9178,A3,N,N
10/16/2018,6:00,8245.1475,1223.1895,2479.812,742.0081,8431.833,4692.6602,2469.73,1144.9597,29429.34,A6,N,N
10/16/2018,6:00,8910.25,1309.58,2629.1599,846.64,10707.5996,4872.9302,2426.9099,1098.3,32801.3696,E,N,N
10/16/2018,6:00,9030.0498,1269.4399,2696.5601,850.277,10172.4004,4977.79,2381.1799,1082.9399,32460.637,E1,Y,N
10/16/2018,6:00,8855.9697,1315.38,2579.3701,850.5,10194.7002,5161.29,2445.8401,1109.88,32512.9301,E2,N,N
10/16/2018,6:00,9082.8496,1239,2439.3,855.74,10550.5996,5024.8501,2412.5701,1169.73,32774.6394,E3,N,N
10/16/2018,6:00,8813.3164,1250.4374,2535.7747,818.373,9712.0801,4819.0801,2348.8904,1106.0206,31403.9727,M,N,N
10/16/2018,7:00,9496.1162,1277.6262,2455.2976,820.8793,9062.418,4584.9736,2089.312,1088.4268,30875.0497,A3,N,N
10/16/2018,7:00,8648.251,1365.4216,2563.3162,808.6572,9269.9863,5122.5518,2681.1299,1199.5332,31658.8472,A6,N,N
10/16/2018,7:00,9815.5195,1478.8101,2746.3201,950.888,12345.5,5574.7798,2652.29,1178.15,36742.2575,E,N,N
10/16/2018,7:00,9659.5195,1435.54,2730.23,941.659,11339.7998,5553.75,2649.55,1139.83,35449.8783,E1,Y,N
10/16/2018,7:00,9823.1699,1513.8101,2691.1499,958.321,11427.2002,5833.8901,2825.72,1172.8101,36246.0713,E2,N,N
10/16/2018,7:00,10017.5996,1440.6801,2516.8,952.866,11968.2002,5818.7798,2604.1201,1322.2,36641.2458,E3,N,N
10/16/2018,7:00,9576.6963,1418.6479,2617.1855,905.5452,10902.1846,5414.7871,2583.687,1183.4917,34602.2253,M,N,N
10/16/2018,8:00,9723.0195,1325.0068,2501.7231,838.9034,9481.9727,4813.9644,2125.2024,1125.6323,31935.4246,A3,N,N
10/16/2018,8:00,8479.3809,1412.2786,2617.6096,841.7473,9695.0176,5376.3369,2748.3987,1251.7034,32422.473,A6,N,N
10/16/2018,8:00,10174.2998,1531.88,2836.1699,942.77,13110.7998,5926.4102,2753.75,1253.2,38529.2797,E,N,N
10/16/2018,8:00,10052.0996,1478.85,2808.77,988.63,12145.0996,5917.3101,2726.45,1191.29,37308.4993,E1,Y,N
10/16/2018,8:00,10183.7002,1573.6899,2774.74,1004.46,12087.2002,6258.73,2943.6201,1222.48,38048.6204,E2,N,N
10/16/2018,8:00,10056,1484.89,2615.3101,993.683,12452.5,6109.27,2679.6899,1323.38,37714.723,E3,N,N
10/16/2018,8:00,9778.084,1467.7659,2692.3875,935.0323,11495.4316,5733.6699,2662.8518,1227.9476,35993.1706,M,N,N
10/16/2018,9:00,9845.8633,1356.5034,2485.5435,845.6436,9690.7842,4828.8921,2206.739,1134.783,32394.7521,A3,N,N
10/16/2018,9:00,8612.6553,1437.2327,2599.0557,852.4448,9874.8926,5436.0249,2796.2783,1285.4572,32894.0415,A6,N,N
10/16/2018,9:00,10169.5,1534.46,2814.95,917.789,12826.5,5852.6802,2733.4199,1241.58,38090.8791,E,N,N
10/16/2018,9:00,10057.0996,1503.84,2806.46,963.935,11745.5,5800.7798,2682,1245.47,36805.0844,E1,Y,N
10/16/2018,9:00,10210.7002,1590.6801,2756.51,989.894,12020.0996,6116.0698,2845.5801,1235.4,37764.9338,E2,N,N
10/16/2018,9:00,10138,1510.27,2616.3,986.291,12272.4004,6051.54,2717.03,1358.08,37649.9114,E3,N,N
10/16/2018,9:00,9838.9707,1488.8311,2679.8035,925.9996,11405.0303,5680.998,2663.5081,1250.1284,35933.2697,M,N,N
10/16/2018,10:00,9965.3486,1388.2336,2512.9917,853.9735,9989.9785,4952.3677,2313.2244,1153.5133,33129.6313,A3,N,N
10/16/2018,10:00,9010.7314,1452.2714,2625.4585,863.6417,10174.168,5591.2222,2923.1897,1323.8728,33964.5557,A6,N,N
10/16/2018,10:00,10381.9004,1531.03,2846.3601,963.514,12864.7998,5898.7998,2789.1101,1234.6,38510.1142,E,N,N
10/16/2018,10:00,10366.9004,1485.55,2804.1599,970.739,11811.0996,5717.4199,2802.3301,1187.38,37145.5789,E1,Y,N
10/16/2018,10:00,10361.7998,1580.1899,2792.28,1012.18,11999,6095.3101,2868.04,1279.02,37987.8198,E2,N,N
10/16/2018,10:00,10302,1503.41,2558.1799,1001.67,12310.2002,6018.3301,2803.98,1375.05,37872.8202,E3,N,N
10/16/2018,10:00,10064.7803,1490.1143,2689.905,944.2864,11524.874,5712.2417,2749.9792,1258.9061,36435.087,M,N,N
10/16/2018,11:00,10055.6162,1431.4006,2563.135,845.3207,10250.4775,5086.4922,2477.0759,1162.006,33871.5241,A3,N,N
10/16/2018,11:00,9529.0195,1478.4656,2683.4404,885.7509,10517.3193,5676.6938,3071.2734,1321.4824,35163.4453,A6,N,N
10/16/2018,11:00,10505.5,1530.59,2825.45,999.01,12737,5888.9902,2853.3301,1223.47,38563.3403,E,N,N
10/16/2018,11:00,10527.2998,1484.85,2791.4399,1038.42,11911,5831.3599,2838.78,1176.41,37599.5596,E1,Y,N
10/16/2018,11:00,10694.9004,1593.36,2777.4099,1023.59,12018.2998,6108.77,3023.27,1240.22,38479.8201,E2,N,N
10/16/2018,11:00,10561.7998,1448.61,2590.8401,1019.63,12528.9004,6072.6602,2846.78,1336.9301,38406.1506,E3,N,N
10/16/2018,11:00,10312.3555,1494.5461,2705.2859,968.6203,11660.5,5777.4941,2851.7517,1243.4198,37013.9734,M,N,N
10/16/2018,12:00,10055.9063,1464.3278,2595.1907,817.705,10377.6904,5162.2905,2584.2153,1184.7842,34242.1102,A3,N,N
10/16/2018,12:00,9958.6709,1531.5911,2707.844,887.9746,10700.7617,5715.4771,3138.5005,1336.3853,35977.2052,A6,N,N
10/16/2018,12:00,10537.5996,1528.51,2825.2,944.664,12623.9004,5885.77,2893.6599,1205.98,38445.2839,E,N,N
10/16/2018,12:00,10641,1501.87,2793.53,1007.07,11778.7998,5823.0498,2892.78,1170.03,37608.1296,E1,Y,N
10/16/2018,12:00,10980.7002,1614.49,2782.45,1008,12079.2998,6127.79,3214.26,1222.41,39029.4,E2,N,N
10/16/2018,12:00,10511.9004,1466.97,2575.6299,993.922,12299.5996,6002.6699,2922,1404.21,38176.9018,E3,N,N
10/16/2018,12:00,10447.6299,1517.9598,2713.3076,943.2227,11643.3418,5786.1743,2940.9028,1253.9667,37246.5056,M,N,N
10/16/2018,13:00,9960.3135,1494.4071,2606.1956,813.0151,10483.833,5227.8628,2670.8179,1185.5457,34441.9907,A3,N,N
10/16/2018,13:00,10588.3457,1573.7079,2705.1667,866.9208,10843.0957,5716.0576,3247.4131,1294.859,36835.5665,A6,N,N
10/16/2018,13:00,10527.4004,1527.1,2813.72,931.471,12507.2002,5887.1899,2957.04,1164.73,38315.8515,E,N,N
10/16/2018,13:00,10679.4004,1493.85,2766.3601,1056.4,11680.7002,5780.1602,2938.6699,1117.9301,37513.4709,E1,Y,N
10/16/2018,13:00,11123.2998,1643.6899,2774.45,989.996,12088.7998,6105.6499,3238.5901,1173.45,39137.9255,E2,N,N
10/16/2018,13:00,10616,1504.4301,2600.1299,954.773,12223.7998,5914.8101,2960.5601,1319.0699,38093.5729,E3,N,N
10/16/2018,13:00,10582.46,1539.531,2711.0039,935.4294,11637.9043,5771.9551,3002.1821,1209.2642,37389.73,M,N,N
10/16/2018,14:00,9983.3154,1523.5221,2634.99,807.1202,10738.3691,5349.6348,2740.8599,1180.2992,34958.1107,A3,N,N
10/16/2018,14:00,10917.1768,1600.771,2716.356,859.8998,11105.3154,5938.8574,3385.249,1248.2041,37771.8295,A6,N,N
10/16/2018,14:00,10584.7998,1525.79,2825.75,951.661,12479.9004,5841.3599,3038.99,1156.16,38404.4111,E,N,N
10/16/2018,14:00,10874.5,1509.09,2776,1037.87,11686.4004,5823.6699,2956.02,1147.2,37810.7503,E1,Y,N
10/16/2018,14:00,11232,1656.3199,2784.0901,980.609,12225.7002,5893.9702,3235.21,1135.11,39143.0094,E2,N,N
10/16/2018,14:00,10844.5,1499.6899,2586.04,935.618,12021.7002,5867.7998,3045.25,1331.9399,38132.5378,E3,N,N
10/16/2018,14:00,10739.3828,1552.5305,2720.5378,928.7963,11709.5645,5785.8818,3066.9299,1199.8188,37703.4424,M,N,N
10/16/2018,15:00,10170.3262,1507.5305,2679.4592,810.4225,10851.4648,5484.1357,2807.7249,1178.2527,35489.3165,A3,N,N
10/16/2018,15:00,11329.8125,1589.7612,2753.6836,862.3907,11093.5107,5887.2578,3445.2192,1202.9219,38164.5576,A6,N,N
10/16/2018,15:00,10643.2002,1523.36,2836.54,971.628,12397.7998,5782.79,3084.6499,1103.36,38343.3279,E,N,N
10/16/2018,15:00,10900.7002,1477.97,2756.78,1025.74,11759.5,5935.5098,2981.79,1109.27,37947.26,E1,Y,N
10/16/2018,15:00,11180.7002,1634.34,2798.3701,981.482,12034,5738.4902,3206.96,1090.4,38664.7425,E2,N,N
10/16/2018,15:00,10897.9004,1477.15,2585.8201,939.11,12145,5952.5801,3121.1799,1275.1899,38393.9304,E3,N,N
10/16/2018,15:00,10853.7734,1535.0187,2735.1089,931.7955,11713.5469,5796.7939,3107.9209,1159.899,37833.8572,M,N,N
10/16/2018,16:00,11020.5537,1482.1727,2710.6199,808.6736,10768.7861,5793.9385,2922.1733,1188.9028,36695.8206,A3,N,N
10/16/2018,16:00,12057.2549,1575.7234,2774.688,857.9886,10966.5273,5932.2275,3508.2151,1180.5002,38853.125,A6,N,N
10/16/2018,16:00,10727.7998,1500.5699,2841.5601,998.107,12338.4004,5748.5601,3121.03,1101.4301,38377.4574,E,N,N
10/16/2018,16:00,10865.4004,1491.9301,2790.1599,1009.5,11432,5892.4399,3013.6001,1117.5601,37612.5905,E1,Y,N
10/16/2018,16:00,11235,1625.35,2811.24,983.853,11990.7002,5568.3701,3195,1075.96,38485.4733,E2,N,N
10/16/2018,16:00,10788.5,1449.74,2637.03,945.644,11860,5747.8101,3163.03,1259.71,37851.4641,E3,N,N
10/16/2018,16:00,11115.751,1520.9143,2760.8833,933.9611,11559.4023,5780.5576,3153.8413,1154.0105,37979.3214,M,N,N
10/16/2018,17:00,10766.9043,1469.3649,2702.5469,821.9415,10842.2363,5888.0933,3001.4097,1199.785,36692.2819,A3,N,N
10/16/2018,17:00,11840.5342,1508.1204,2722.6042,889.0313,10962.3896,5853.0249,3544.78,1158.2949,38478.7795,A6,N,N
10/16/2018,17:00,10833.4004,1516.29,2852.6799,997.697,12366,5809.04,3179.72,1137.16,38691.9873,E,N,N
10/16/2018,17:00,10812.5996,1541.88,2777.3101,1020.52,11376.7002,5892.75,3059.03,1086.14,37566.9299,E1,Y,N
10/16/2018,17:00,11345.7002,1587.29,2817.5901,997.812,12061.7998,5642.3701,3227.54,1091.72,38771.8222,E2,N,N
10/16/2018,17:00,11020.5996,1394.26,2602.5601,976.791,11752.2998,5841.52,3206.96,1255.8,38050.7905,E3,N,N
10/16/2018,17:00,11103.29,1502.8677,2745.8818,950.6321,11560.2383,5821.1328,3203.24,1154.8168,38042.0995,M,N,N
10/16/2018,18:00,10128.0527,1440.3636,2690.1897,815.3618,10811.9355,5892.4849,2939.5085,1197.0093,35914.906,A3,N,N
10/16/2018,18:00,11215.5977,1490.1643,2682.7551,902.129,10994.7539,5914.0039,3456.5413,1153.4303,37809.3755,A6,N,N
10/16/2018,18:00,10794.5996,1504.65,2845.74,989.659,12355.2002,5874.5601,3182.8301,1187.53,38734.769,E,N,N
10/16/2018,18:00,10763,1514.63,2758.1599,1014.7,11401.5,6018.8198,3036.73,1202.38,37709.9197,E1,Y,N
10/16/2018,18:00,11169.0996,1578.4,2810.8201,965.15,11977.2998,5790.3901,3186.3401,1138.46,38615.9597,E2,N,N
10/16/2018,18:00,10794.7002,1460.51,2593.3101,956.284,11460.9004,6058.0801,3182.23,1346.14,37852.1548,E3,N,N
10/16/2018,18:00,10810.8418,1498.1198,2730.1626,940.5474,11500.2656,5924.7236,3164.0298,1204.1583,37772.8489,M,N,N
10/16/2018,19:00,9494.5674,1402.4103,2674.3542,781.5079,10507.1104,5869.1411,2819.8201,1201.0232,34749.9346,A3,N,N
10/16/2018,19:00,10674.3398,1466.0752,2676.0024,868.0175,10853.6348,6067.9297,3307.5991,1174.7245,37088.323,A6,N,N
10/16/2018,19:00,10680.5,1515.72,2835.8601,907.294,12302.7002,5891.5498,3078.48,1224.92,38437.0241,E,N,N
10/16/2018,19:00,10764.7002,1474.91,2735.29,937.695,11347.9004,6039.21,3040.02,1224.17,37563.8956,E1,Y,N
10/16/2018,19:00,10888.7998,1570.15,2809.8501,924.773,11898.2998,5897.2598,3060.1799,1188.15,38237.4624,E2,N,N
10/16/2018,19:00,10578.4004,1449.26,2541.3999,902.847,11533,6258.29,3169.75,1412.2,37845.1473,E3,N,N
10/16/2018,19:00,10513.5508,1479.7543,2712.1262,887.0224,11407.1084,6003.8965,3079.3083,1237.5314,37320.2983,M,N,N
10/16/2018,20:00,9784.3359,1431.1553,2669.0566,792.5396,10769.2451,5920.0303,2835.9187,1193.1564,35395.4379,A3,N,N
10/16/2018,20:00,10646.501,1529.0264,2672.6929,871.718,11164.0977,6117.4819,3327.5725,1214.0018,37543.0922,A6,N,N
10/16/2018,20:00,11066.9004,1558.64,2856.77,934.916,12752.7002,6133.1602,3215.6499,1272.12,39790.8567,E,N,N
10/16/2018,20:00,11096.5,1557.1,2805.6599,964.998,12282.4004,6168.4399,3068.4399,1224.4399,39167.978,E1,Y,N
10/16/2018,20:00,11364.7998,1641.7,2831.2,957.875,12293.2998,6185.5098,3275.6201,1210.14,39760.1445,E2,N,N
10/16/2018,20:00,10998.2998,1494.28,2592.1899,926.223,12091.4004,6216,3173.1201,1413.64,38905.1532,E3,N,N
10/16/2018,20:00,10826.2236,1535.3169,2737.9282,908.0449,11892.1904,6123.437,3149.3872,1254.583,38427.1112,M,N,N
10/16/2018,21:00,9821.9932,1415.3568,2662.8904,796.6812,10676.8359,5839.8135,2834.7043,1236.557,35284.8323,A3,N,N
10/16/2018,21:00,10436.6787,1505.7632,2669.8411,863.1882,11039.0586,6084.1641,3352.5046,1296.0686,37247.2671,A6,N,N
10/16/2018,21:00,10926.4004,1564.87,2877.3101,979.275,12645.5,6119.98,3203.6201,1273.15,39590.1056,E,N,N
10/16/2018,21:00,10855,1557.08,2786.3201,952.264,11881.0996,6054.6001,3109.73,1299.36,38495.4538,E1,Y,N
10/16/2018,21:00,11170.4004,1652.71,2846.22,956.09,12091.2002,6125.8799,3264.53,1223.92,39330.9505,E2,N,N
10/16/2018,21:00,10735.0996,1466.45,2625.3701,925.375,12497.0996,6313.46,3247.51,1416.84,39227.2043,E3,N,N
10/16/2018,21:00,10657.5957,1527.0383,2744.6589,912.1456,11805.1328,6089.6494,3168.7666,1290.9827,38195.97,M,N,N
10/16/2018,22:00,9662.6875,1369.297,2617.6904,771.0106,10239.252,5586.3921,2723.7671,1228.9941,34199.0908,A3,N,N
10/16/2018,22:00,10094.0088,1465.2203,2656.668,825.3082,10520.1221,5865.9995,3208.9287,1274.5422,35910.7978,A6,N,N
10/16/2018,22:00,10507.5,1489.46,2825.4399,878.72,11980.9004,5826.23,3084.6001,1214.11,37806.9604,E,N,N
10/16/2018,22:00,10392.7998,1475.33,2787.75,935.581,11657.2002,5882.6401,3032.74,1193.6801,37357.7212,E1,Y,N
10/16/2018,22:00,10635.2002,1559.83,2796.1201,900.621,11657.7002,6135.6401,3160.8899,1195.36,38041.3615,E2,N,N
10/16/2018,22:00,10301.7998,1453.1899,2581.1101,866.214,11914.9004,5972.5898,3151.05,1296.16,37537.014,E3,N,N
10/16/2018,22:00,10265.666,1468.7213,2710.7964,862.9092,11328.3457,5878.249,3060.3293,1233.8079,36808.8248,M,N,N
10/16/2018,23:00,9258.1963,1302.4854,2532.0652,739.3509,9574.0107,5148.0234,2545.6062,1195.0283,32294.7664,A3,N,N
10/16/2018,23:00,9589.5313,1397.3296,2590.4011,786.7071,9805.5918,5473.8945,3033.2214,1235.9122,33912.589,A6,N,N
10/16/2018,23:00,9863.3799,1391.89,2736.8101,825.947,11104.9004,5423.1699,2937.8401,1162.1899,35446.1273,E,N,N
10/16/2018,23:00,9990.6904,1391.3199,2740.75,869.282,10638.9004,5548.4399,2837.1299,1148.84,35165.3525,E1,Y,N
10/16/2018,23:00,9866.1299,1463.26,2709.6899,854.062,10829,5540.8701,2985.3701,1159.03,35407.412,E2,N,N
10/16/2018,23:00,9714.9004,1363.76,2539.9299,820.144,11004.4004,5734.5898,2947.6799,1304.39,35429.7944,E3,N,N
10/16/2018,23:00,9713.8047,1385.0076,2641.6079,815.9156,10492.7998,5478.165,2881.1414,1200.8984,34609.3404,M,N,N
10/16/2018,24:00,8768.5596,1233.2546,2461.7529,699.4025,8927.5254,4702.9019,2350.3044,1143.2222,30286.9235,A3,N,N
10/16/2018,24:00,9060.4404,1325.7065,2566.3757,742.2433,9157.8467,5073.4014,2825.0022,1185.4565,31936.4727,A6,N,N
10/16/2018,24:00,9279.6797,1312.6899,2654.8301,762.855,10311.0996,5021.8901,2743.6001,1101.85,33188.4945,E,N,N
10/16/2018,24:00,9346.3799,1306.98,2690.1799,819.234,10053.7002,5119.5,2659.48,1099.1801,33094.6341,E1,Y,N
10/16/2018,24:00,9200,1371.66,2618.21,784.158,10106.2002,5135.4199,2737.1899,1146.61,33099.448,E2,N,N
10/16/2018,24:00,9292.3799,1313.02,2333.96,741.775,10206.7002,5212.8999,2761.1001,1239.08,33100.9151,E3,N,N
10/16/2018,24:00,9157.9063,1310.5519,2554.2183,758.278,9793.8457,5044.3359,2679.4463,1152.5664,32451.1488,M,N,N
10/17/2018,1:00,8363.5996,1136.3953,2401.3953,675.8549,8358.3662,4362.6099,2147.656,1087.9602,28533.8374,A3,N,N
10/17/2018,1:00,8365.3633,1250.9714,2464.6528,711.4251,8697.0225,4726.1973,2547.1099,1134.0889,29896.8312,A6,N,N
10/17/2018,1:00,8810.9502,1230.14,2601.6599,779.723,9906.54,4737.5498,2601.6899,1055.78,31724.0328,E,N,N
10/17/2018,1:00,8910.5996,1246.62,2659.77,791.112,9542.2402,4789.1899,2523.77,1094.01,31557.3117,E1,Y,N
10/17/2018,1:00,8748.0703,1249.73,2590.76,763.218,9531.9404,4864.27,2573.04,1127.76,31448.7887,E2,N,N
10/17/2018,1:00,8997.3096,1219.2,2451.4299,739.722,9662.3799,4874.2202,2577.97,1238.83,31761.0616,E3,N,N
10/17/2018,1:00,8699.3154,1222.1761,2528.2783,743.5092,9283.082,4725.6729,2495.2061,1123.0715,30820.3115,M,N,N
10/17/2018,2:00,8167.4487,1093.2435,2347.7749,663.2695,7983.4473,4129.2271,2016.6091,1056.4641,27457.4842,A3,N,N
10/17/2018,2:00,8046.3647,1190.696,2383.9382,695.6329,8291.8486,4488.7329,2456.1936,1117.3062,28670.7131,A6,N,N
10/17/2018,2:00,8453.0898,1168.05,2563.3,803.894,9428.1299,4494.6699,2488.46,1018.2,30417.7936,E,N,N
10/17/2018,2:00,8648.5195,1201.48,2642.9099,777.477,9161.2305,4524.9302,2411.8701,1106.91,30475.3272,E1,Y,N
10/17/2018,2:00,8361.1904,1166.89,2552.3,749.169,9077.6904,4689.6899,2442.0901,1102.85,30141.8698,E2,N,N
10/17/2018,2:00,8761.6602,1179.64,2424.6599,727.019,9238.79,4654.8101,2454.0701,1176.47,30617.1193,E3,N,N
10/17/2018,2:00,8406.3789,1166.6667,2485.814,736.0769,8863.5234,4497.0103,2378.2156,1096.3668,29630.0526,M,N,N
10/17/2018,3:00,8049.8599,1075.1006,2347.7017,662.3076,7818.4487,4028.7212,1930.6627,1026.1799,26938.9823,A3,N,N
10/17/2018,3:00,7711.7627,1162.9384,2376.6628,701.4063,8120.1235,4422.7632,2380.2917,1077.049,27952.9976,A6,N,N
10/17/2018,3:00,8229.2695,1134.65,2532.0601,804.624,9247.0098,4370.7402,2447.6499,1002.77,29768.7735,E,N,N
10/17/2018,3:00,8425.2402,1201.9301,2609.4099,783.186,8849.9805,4422.7202,2329.3501,1055.5,29677.317,E1,Y,N
10/17/2018,3:00,8173.5601,1124.5601,2525.3899,745.623,8788.71,4480.5098,2362.8701,1076.33,29277.553,E2,N,N
10/17/2018,3:00,8590.8398,1155.71,2370.7,734.817,9352.0703,4575.3101,2383.74,1137.48,30300.6672,E3,N,N
10/17/2018,3:00,8196.7549,1142.4816,2460.3208,738.6606,8696.0576,4383.4609,2305.761,1062.5515,28986.0489,M,N,N
10/17/2018,4:00,8024.0244,1073.6542,2349.7742,658.1171,7758.2031,3968.9131,1876.4927,1016.4553,26725.6341,A3,N,N
10/17/2018,4:00,7609.3535,1156.7694,2375.5669,695.354,8021.5742,4347.2065,2334.6128,1078.1466,27618.5839,A6,N,N
10/17/2018,4:00,8154.29,1138.48,2523.95,793.364,9119.1602,4292.7998,2391.79,1001.51,29415.344,E,N,N
10/17/2018,4:00,8238.9502,1199.11,2640.6201,750.771,8815.5098,4304.1099,2295.02,1036.73,29280.821,E1,Y,N
10/17/2018,4:00,8088.29,1127.8101,2518.23,741.977,8793.5596,4406.27,2306.5601,1073.1,29055.7968,E2,N,N
10/17/2018,4:00,8502.46,1136.24,2387.6599,737.535,9248.9297,4516.73,2347.8899,1135.99,30013.4345,E3,N,N
10/17/2018,4:00,8102.8945,1138.6772,2465.967,729.5197,8626.1563,4306.0049,2258.7278,1056.9886,28684.936,M,N,N
10/17/2018,5:00,8268.4834,1099.9915,2363.022,661.6104,7850.1489,3989.1445,1895.3901,1028.2528,27156.0436,A3,N,N
10/17/2018,5:00,7596.1987,1198.2401,2387.1003,693.2585,8056.9048,4378.0679,2375.8064,1095.615,27781.1917,A6,N,N
10/17/2018,5:00,8296.0596,1158.12,2537.25,790.139,9364.75,4375.2798,2392.3799,1039.6801,29953.6584,E,N,N
10/17/2018,5:00,8438.0098,1178.1801,2648.0601,740.349,8909.6299,4395.3599,2303.73,1043.48,29656.7988,E1,Y,N
10/17/2018,5:00,8222.3203,1161.08,2528.4299,752.732,9028.8301,4453.1201,2319.6399,1092.04,29558.1923,E2,N,N
10/17/2018,5:00,8613.1699,1151.33,2403.22,758.243,9316.8096,4749.9199,2338.3899,1229.5601,30560.6424,E3,N,N
10/17/2018,5:00,8239.041,1157.8236,2477.8469,732.722,8754.5127,4390.1489,2270.8894,1088.1046,29111.0891,M,N,N
10/17/2018,6:00,8928.5537,1145.2166,2407.231,684.0262,8327.0801,4244.917,1938.5234,1038.7485,28714.2965,A3,N,N
10/17/2018,6:00,7936.5356,1230.9899,2448.3921,712.5558,8529.5566,4682.834,2456.24,1091.4031,29088.5071,A6,N,N
10/17/2018,6:00,8848.9199,1256.11,2588.6599,801.564,10278.2998,4770.29,2481.1299,1098.72,32123.6935,E,N,N
10/17/2018,6:00,8888.04,1264.99,2667.6101,801.164,9686.5098,4767.6699,2382.8101,1063.35,31522.1439,E1,Y,N
10/17/2018,6:00,8832.9004,1265.67,2573.47,794.955,9822.5498,4892.8301,2453.7,1110.37,31746.4453,E2,N,N
10/17/2018,6:00,8966.9805,1191.77,2465.8501,808.7,10210.9004,5032.98,2447.74,1156.3,32281.221,E3,N,N
10/17/2018,6:00,8733.6553,1225.7911,2525.2024,767.1608,9475.8164,4731.9204,2360.0239,1093.1486,30912.7189,M,N,N
10/17/2018,7:00,9543.3711,1275.6736,2475.9805,739.7394,9193.7861,4640.8301,2083.5205,1094.6302,31047.5315,A3,N,N
10/17/2018,7:00,8275.9004,1375.2406,2528.7134,776.4941,9381.8125,5114.2378,2671.5198,1150.3788,31274.2974,A6,N,N
10/17/2018,7:00,9707.1904,1443.9399,2704.5,906.78,11899.4004,5474.6899,2709.99,1209.45,36055.9406,E,N,N
10/17/2018,7:00,9489.7803,1415.16,2726.1599,888.961,10865.0996,5329.7998,2697.28,1164.38,34576.6206,E1,Y,N
10/17/2018,7:00,9775.7402,1482.24,2675.1101,894.369,11136.7998,5620,2790.6299,1192.45,35567.339,E2,N,N
10/17/2018,7:00,9879.9004,1386.84,2532.6699,899.776,11702.4004,5760.75,2635.6799,1299.12,36097.1366,E3,N,N
10/17/2018,7:00,9445.3145,1396.5157,2607.189,851.02,10696.5508,5323.3848,2598.1035,1185.0682,34103.1465,M,N,N
10/17/2018,8:00,9708.8779,1321.3029,2523.0671,764.7292,9631.4756,4879.521,2118.2683,1132.9291,32080.1711,A3,N,N
10/17/2018,8:00,8437.8311,1418.901,2581.6628,805.1082,9818.9863,5366.1914,2739.9321,1201.1648,32369.7777,A6,N,N
10/17/2018,8:00,10050.5996,1491.62,2790.78,904.118,12676.7998,5839.1899,2822.8401,1302.17,37878.1174,E,N,N
10/17/2018,8:00,9734.9297,1459.1801,2785.9199,925.213,11677.7002,5690.0601,2693.96,1185.1899,36152.1529,E1,Y,N
10/17/2018,8:00,10113.2002,1533.42,2748.3201,937.278,11822.4004,6041.1899,2920.8,1249.0601,37365.6687,E2,N,N
10/17/2018,8:00,9962.0898,1441.87,2631.0801,937.095,12050.4004,6032.5601,2717.7,1304.28,37077.0754,E3,N,N
10/17/2018,8:00,9667.9219,1444.3822,2676.8049,878.9236,11279.6279,5641.4521,2668.9167,1229.1323,35487.1616,M,N,N
10/17/2018,9:00,9779.6025,1350.1177,2507.5007,779.9346,9845.9053,4919.6685,2207.9573,1142.4735,32533.1601,A3,N,N
10/17/2018,9:00,8662.2666,1440.4553,2562.1494,813.5419,10008.1543,5415.5762,2791.7334,1233.1101,32926.9872,A6,N,N
10/17/2018,9:00,10018.2002,1478.9301,2774.4399,875.398,12412.9004,5768.8501,2778.9099,1273.23,37380.8586,E,N,N
10/17/2018,9:00,10009.7998,1489.62,2778.73,913.369,11458.0996,5614.0801,2689.6001,1241.8199,36195.1185,E1,Y,N
10/17/2018,9:00,9949.54,1532.83,2735.54,937.281,11667.2002,5933.7402,2811.46,1250.1899,36817.7813,E2,N,N
10/17/2018,9:00,10045.5,1455.65,2637.3999,934.801,11992,5981.27,2740.0601,1332.92,37119.601,E3,N,N
10/17/2018,9:00,9744.1523,1457.9338,2665.9602,875.7209,11230.7109,5605.5308,2669.9536,1245.6239,35495.5864,M,N,N
10/17/2018,10:00,9793.6895,1381.8713,2534.0117,805.4045,10151.0977,5054.2739,2309.6243,1162.9608,33192.9337,A3,N,N
10/17/2018,10:00,9258.3799,1451.835,2589.0176,824.1417,10311.8477,5569.1646,2918.0881,1270.0837,34192.5583,A6,N,N
10/17/2018,10:00,10247.7998,1489.53,2789.7,930.381,12509.5,5803.73,2830.98,1239.85,37841.4708,E,N,N
10/17/2018,10:00,10215,1479.7,2753.23,935.392,11469.4004,5624.1499,2791.3201,1179.72,36447.9124,E1,Y,N
10/17/2018,10:00,10101.0996,1536.8199,2753.48,984.758,11747.7998,5956.1099,2837.1899,1274.78,37192.0371,E2,N,N
10/17/2018,10:00,10238.2002,1429.45,2573.5601,964.414,12071.7998,6009.04,2815.3999,1321.2,37423.064,E3,N,N
10/17/2018,10:00,9975.6953,1461.5344,2665.5,907.4152,11376.9082,5669.4116,2750.4338,1241.4324,36048.3309,M,N,N
10/17/2018,11:00,9828.5391,1427.3737,2584.2644,822.4407,10455.3271,5210.4102,2482.6741,1173.75,33984.7793,A3,N,N
10/17/2018,11:00,10010.0234,1475.1963,2647.6277,845.2481,10686.0381,5659.8042,3066.021,1266.1619,35656.1207,A6,N,N
10/17/2018,11:00,10328.0996,1479.3101,2784.54,974.013,12529.0996,5796.1401,2897.01,1232.9301,38021.1425,E,N,N
10/17/2018,11:00,10378.5,1475.64,2771.9099,978.039,11647.5996,5787.8701,2849.8899,1196.91,37086.3585,E1,Y,N
10/17/2018,11:00,10497,1546.11,2756.22,1015.66,11795.7998,5971.5298,2983.6201,1272.34,37838.2797,E2,N,N
10/17/2018,11:00,10437.2002,1409.42,2605.1399,989.904,12426.9004,6074.75,2869.05,1313.28,38125.6445,E3,N,N
10/17/2018,11:00,10246.5605,1468.8417,2691.6169,937.5508,11590.1279,5750.0845,2858.0442,1242.562,36785.3885,M,N,N
10/17/2018,12:00,9772.3574,1463.1931,2620.3452,817.3521,10634.8848,5278.8608,2611.7207,1199.4352,34398.1493,A3,N,N
10/17/2018,12:00,10553.8438,1527.726,2671.8923,847.9996,10915.1582,5708.793,3136.1936,1283.1095,36644.716,A6,N,N
10/17/2018,12:00,10422.4004,1465.0601,2783.3401,922.792,12508.0996,5774.3999,2939.21,1244.79,38060.0921,E,N,N
10/17/2018,12:00,10580.5,1489.9,2775.8201,1000.97,11612.5996,5779.3501,2880.1299,1207.35,37326.6197,E1,Y,N
10/17/2018,12:00,10854.5996,1559.17,2761,1013.79,11840.9004,5958.2598,3123.3899,1260.23,38371.3397,E2,N,N
10/17/2018,12:00,10511.7002,1424.2,2574.8,968.111,12271.2998,6015.9902,2940.5601,1377.3199,38083.9812,E3,N,N
10/17/2018,12:00,10449.2334,1488.2083,2697.8665,928.5024,11630.4912,5752.6094,2938.5339,1262.0392,37147.4843,M,N,N
10/17/2018,13:00,9700.5313,1497.7274,2638.4475,818.672,10787.9678,5344.1064,2759.1465,1201.6154,34748.2143,A3,N,N
10/17/2018,13:00,11124.7988,1571.8004,2670.9937,829.1303,11100.1094,5729.041,3260.5383,1250.4111,37536.823,A6,N,N
10/17/2018,13:00,10463.7002,1459.37,2768.6001,917.172,12469,5756.8701,2998.8501,1208.5601,38042.1226,E,N,N
10/17/2018,13:00,10627.5996,1481.85,2745.7,1014.73,11658.2002,5774.1099,2971.1799,1159.5699,37432.9395,E1,Y,N
10/17/2018,13:00,10902.7998,1587.35,2749.25,1009.47,11864.5996,5915.8999,3153.3101,1219.9399,38402.6193,E2,N,N
10/17/2018,13:00,10541.2002,1464.03,2612.25,937.61,12286.5996,5941.0601,2986.78,1258.1899,38027.7198,E3,N,N
10/17/2018,13:00,10560.1055,1510.3546,2697.5403,921.1307,11694.4131,5743.5146,3021.6343,1216.3811,37365.0742,M,N,N
10/17/2018,14:00,10176.0557,1530.9518,2675.4009,819.1923,11101.4385,5397.5303,2879.4749,1196.0195,35776.0639,A3,N,N
10/17/2018,14:00,11466.2305,1601.3181,2685.8948,824.1468,11413.5986,5958.8486,3408.7229,1217.0027,38575.763,A6,N,N
10/17/2018,14:00,10576.2002,1455.86,2790.04,942.415,12519.7998,5727.1401,3080.22,1200.12,38291.7951,E,N,N
10/17/2018,14:00,10726.5,1521.16,2758.8899,1005.99,11668.7002,5801.0098,2956.04,1183.34,37621.6299,E1,Y,N
10/17/2018,14:00,10947.9004,1592.25,2764.2,1008.42,11981.7998,5730.7798,3153.77,1186.9399,38366.0599,E2,N,N
10/17/2018,14:00,10903.0996,1478.0601,2588.71,920.721,12074.7002,5857.0601,3064.1299,1319.9399,38206.4208,E3,N,N
10/17/2018,14:00,10799.332,1529.9335,2710.5227,920.1475,11793.3398,5745.395,3090.3928,1217.2271,37806.2904,M,N,N
10/17/2018,15:00,10706.1934,1522.0698,2724.0193,828.5878,11228.5459,5465.9126,2956.6963,1192.1226,36624.1477,A3,N,N
10/17/2018,15:00,11887.1191,1591.7384,2731.7715,830.2212,11417.0527,5893.9697,3479.4246,1186.0411,39017.3383,A6,N,N
10/17/2018,15:00,10691.0996,1459.49,2805.3,951.355,12483.2998,5702.2998,3116.6399,1164.55,38374.0341,E,N,N
10/17/2018,15:00,10779.7002,1515.23,2751.1001,1011.72,11704.7998,5898.23,2978.95,1147.64,37787.3701,E1,Y,N
10/17/2018,15:00,10983.7998,1582.3,2778,1015.91,11893.2998,5571.9102,3148.8999,1136.9,38111.0197,E2,N,N
10/17/2018,15:00,10992.4004,1444.77,2596.28,926.449,12192,5986.2598,3157.26,1270.71,38566.1292,E3,N,N
10/17/2018,15:00,11006.7188,1519.2665,2731.0786,927.3739,11819.833,5753.0972,3139.645,1182.9939,38080.0069,M,N,N
10/17/2018,16:00,11279.9023,1498.7639,2752.1711,831.7401,11196.9551,5679.7056,3060.96,1199.8383,37500.0364,A3,N,N
10/17/2018,16:00,12474.2305,1579.8376,2763.6548,832.0912,11330.2256,5902.9209,3540.332,1174.2727,39597.5653,A6,N,N
10/17/2018,16:00,10792.2998,1460.27,2806.51,974.638,12434.7002,5702.6001,3153.8601,1152.5601,38477.4383,E,N,N
10/17/2018,16:00,10741.7002,1527.84,2764.74,997.002,11584.5,5898.6602,2997.4399,1185.95,37697.8323,E1,Y,N
10/17/2018,16:00,10982,1582.28,2785.8401,1021.9,11889.5,5421.6802,3125.3701,1122.3,37930.8704,E2,N,N
10/17/2018,16:00,10878.7002,1454.08,2639.48,937.003,12110,5815.3101,3184.79,1263.53,38282.8933,E3,N,N
10/17/2018,16:00,11191.4727,1517.1787,2752.0662,932.3958,11757.6465,5736.813,3177.1252,1183.0753,38247.7734,M,N,N
10/17/2018,17:00,10983.832,1498.6821,2733.6553,849.4617,11060.6582,5754.3672,3165.4341,1212.4242,37258.5148,A3,N,N
10/17/2018,17:00,12211.7314,1510.2496,2721.6626,862.8344,11172.3926,5761.6953,3571.1316,1158.0773,38969.7748,A6,N,N
10/17/2018,17:00,10900.7002,1480.04,2817.4299,968.885,12453.2002,5798.0298,3213.9199,1168.76,38800.965,E,N,N
10/17/2018,17:00,10683.5,1559.16,2790.8899,1014.59,11573.9004,5936.0601,3011.99,1165.8101,37735.9005,E1,Y,N
10/17/2018,17:00,11025.7002,1550.79,2792.51,1031.2,11938.2998,5464.0898,3157.5901,1134.96,38095.1399,E2,N,N
10/17/2018,17:00,11043.9004,1406.5,2606.79,969.229,11971.7002,5914.2202,3226.2,1243.09,38381.6298,E3,N,N
10/17/2018,17:00,11141.5615,1500.9037,2743.823,949.3667,11695.0254,5771.4102,3224.3777,1180.5203,38206.9885,M,N,N
10/17/2018,18:00,10363.2305,1472.5758,2722.416,840.6163,11109.7412,5716.0127,3053.2107,1209.5758,36487.379,A3,N,N
10/17/2018,18:00,11551.4756,1491.1661,2686.999,877.0667,11233.0176,5799.002,3467.5645,1154.0859,38260.3774,A6,N,N
10/17/2018,18:00,10878.7002,1472.03,2810.75,948.566,12360.2998,5881.0898,3221.2,1212.1,38784.7358,E,N,N
10/17/2018,18:00,10622.5996,1529.42,2748.8601,1002.22,11547.7002,6087.75,3026.97,1254.22,37819.7399,E1,Y,N
10/17/2018,18:00,10873.0996,1537.17,2788.3301,990.339,11841.7002,5583.75,3131.6399,1175.35,37921.3788,E2,N,N
10/17/2018,18:00,10696.2002,1459.11,2607.8401,944.116,11674,6117.6602,3219.4099,1328.4399,38046.7763,E3,N,N
10/17/2018,18:00,10830.8848,1493.5789,2727.5327,933.8207,11627.7432,5864.2104,3186.666,1222.2953,37886.732,M,N,N
10/17/2018,19:00,9716.9053,1425.1359,2706.7849,803.1492,10793.6914,5721.7349,2902.3264,1215.5684,35285.2964,A3,N,N
10/17/2018,19:00,10981.4492,1466.7261,2681.6692,841.8348,11082.1221,5982.3545,3303.7585,1175.025,37514.9394,A6,N,N
10/17/2018,19:00,10783,1487.64,2802.8201,927.055,12220.0996,5910.02,3091.6201,1249.16,38471.4148,E,N,N
10/17/2018,19:00,10733,1499.28,2733.97,924.698,11334.2998,6030.3599,3022.1001,1247.63,37525.3378,E1,Y,N
10/17/2018,19:00,10642,1534.3101,2789.1799,934.013,11753.2998,5716.77,3013.05,1213.7,37596.3228,E2,N,N
10/17/2018,19:00,10565.2002,1448.1899,2550.45,881.746,11583.7998,6240.9702,3176.3201,1369.3,37815.9762,E3,N,N
10/17/2018,19:00,10570.2598,1476.8804,2710.8123,885.416,11461.2188,5933.7017,3084.8625,1245.064,37368.2155,M,N,N
10/17/2018,20:00,9792.8145,1448.7091,2701.8181,807.9971,11047.373,5801.1309,2891.7786,1209.2037,35700.825,A3,N,N
10/17/2018,20:00,10938.4561,1528.3138,2677.7607,846.8091,11380.7207,6035.6602,3314.5889,1213.6636,37935.9731,A6,N,N
10/17/2018,20:00,11139.5,1530.48,2817.78,895.631,12544,6137.8799,3250.1599,1318.08,39633.5108,E,N,N
10/17/2018,20:00,11059.7002,1563.55,2767.24,936.517,12171,6159,3062.48,1244.48,38963.9672,E1,Y,N
10/17/2018,20:00,11163.7998,1598.6801,2805.21,946.104,12194.2002,6056.8701,3197.1001,1224.6899,39186.6542,E2,N,N
10/17/2018,20:00,11008.4004,1537.1,2600.3999,893.447,12000.7002,6248.1099,3178.8,1335.23,38802.1874,E3,N,N
10/17/2018,20:00,10850.4463,1534.4722,2728.3682,887.7509,11889.666,6073.1084,3149.1516,1257.5579,38370.5215,M,N,N
10/17/2018,21:00,9723.665,1428.5386,2694.4502,807.774,10911.4414,5708.2744,2876.8896,1251.0825,35402.1157,A3,N,N
10/17/2018,21:00,10721.1084,1504.104,2671.6853,837.6829,11215.375,6007.2671,3338.5203,1294.7645,37590.5075,A6,N,N
10/17/2018,21:00,11006.5,1526.91,2831.76,890.472,12308.5,6117.2798,3225.3601,1320.22,39227.0019,E,N,N
10/17/2018,21:00,10796.2002,1562.76,2779.8,939.549,11726.7002,6062.46,3083.3601,1312.72,38263.5495,E1,Y,N
10/17/2018,21:00,11026.2998,1596.1899,2817.48,941.599,11922.7998,5984.6899,3188.54,1234.75,38712.3484,E2,N,N
10/17/2018,21:00,10811.5,1477.48,2626.1101,892.657,12323.4004,6242.98,3259.6001,1380.33,39014.0576,E3,N,N
10/17/2018,21:00,10680.8789,1515.9972,2736.8811,884.9557,11734.7031,6020.4917,3162.0449,1298.9778,38034.9304,M,N,N
10/17/2018,22:00,9565.5566,1381.5409,2651.2153,777.27,10438.8799,5511.6216,2718.4404,1242.8318,34287.3565,A3,N,N
10/17/2018,22:00,10368.1514,1463.5493,2653.5481,801.1817,10660.6982,5834.1592,3188.0088,1271.8942,36241.1909,A6,N,N
10/17/2018,22:00,10584.5,1445.9,2773.3,842.808,11575.7998,5829.98,3111.6499,1227.84,37391.7777,E,N,N
10/17/2018,22:00,10347.5,1466.9399,2791.26,905.747,11424.2998,5873.0898,2989.6499,1229.77,37028.2564,E1,Y,N
10/17/2018,22:00,10527.7998,1500.77,2762.46,892.06,11442.5996,5965.77,3087.95,1200.86,37380.2694,E2,N,N
10/17/2018,22:00,10342.2998,1444.62,2566.21,839.209,11707.5996,5984.02,3145.97,1273.99,37303.9184,E3,N,N
10/17/2018,22:00,10289.3018,1450.5533,2699.6655,843.0459,11208.3125,5833.1074,3040.2783,1241.1976,36605.4623,M,N,N
10/17/2018,23:00,9232.0254,1311.1855,2560.1875,742.7817,9748.167,5110.2642,2532.0947,1207.5255,32444.2315,A3,N,N
10/17/2018,23:00,9718.6631,1394.5508,2582.269,764.8764,9923.3682,5457.7065,3019.7332,1230.8615,34092.0287,A6,N,N
10/17/2018,23:00,9993.5195,1342.5,2695.3201,795.807,10671.2998,5421.5601,2943.28,1140.2,35003.4865,E,N,N
10/17/2018,23:00,9975.8701,1373.0699,2714.0801,846.293,10526,5514.6001,2824.0701,1150.77,34924.7533,E1,Y,N
10/17/2018,23:00,9826.8896,1399.05,2688.6101,844.763,10609.7002,5401.0298,2943.78,1155.91,34869.7327,E2,N,N
10/17/2018,23:00,9763.0801,1339.55,2528.96,795.459,10753,5644.8501,2926.72,1260.05,35011.6692,E3,N,N
10/17/2018,23:00,9751.6748,1359.9844,2628.238,798.3301,10371.9238,5425.002,2864.9463,1190.8862,34390.9856,M,N,N
10/17/2018,24:00,8752.7803,1239.9257,2486.5825,701.4979,9049.3398,4709.457,2326.0569,1153.9109,30419.551,A3,N,N
10/17/2018,24:00,9143.5713,1323.7037,2553.4299,722.4194,9237.9463,5076.5649,2813.7825,1178.5068,32049.9248,A6,N,N
10/17/2018,24:00,9355.9502,1244.88,2619.04,738.566,9761.1797,4970.8101,2743.6699,1058.6801,32492.776,E,N,N
10/17/2018,24:00,9308.7305,1275.88,2684.45,781.433,9782.75,5042.1201,2630.79,1104.4,32610.5536,E1,Y,N
10/17/2018,24:00,9116.0996,1295.61,2605.1001,777.181,9801.5801,4995.1899,2689.1899,1123.12,32403.0706,E2,N,N
10/17/2018,24:00,9285.0703,1270.21,2333.6899,720.558,9895.6299,5112.3301,2730.3799,1216.88,32564.7481,E3,N,N
10/17/2018,24:00,9160.3672,1275.0349,2547.0488,740.2759,9588.0713,4984.4126,2655.6448,1139.2496,32090.1051,M,N,N
