DeliveryDate,HourEnding,Coast,East,FarWest,North,NorthCentral,SouthCentral,Southern,West,SystemTotal,Model,InUseFlag,DSTFlag
01/18/2019,1:00,8654.1387,1338.104,3011.4355,923.6571,11494.1084,5078.166,2621.5454,1252.6039,34373.759,A3,N,N
01/18/2019,1:00,8578.2256,1266.5037,2925.5432,866.3006,11727.6826,5071.561,2587.4612,1231.6161,34254.894,A6,N,N
01/18/2019,1:00,8521.0195,1295.67,2887.0801,941.903,11295.2998,4793.0801,2454.8201,1176.02,33364.8926,E,N,N
01/18/2019,1:00,8477.5195,1303.42,2927.8101,942.134,11300.7998,4750.3301,2458.3,1104.4301,33264.7436,E1,N,N
01/18/2019,1:00,9202.4297,1412.64,2885.8899,896.147,11567.5,5454.9302,2760.6299,1307.92,35488.0867,E2,N,N
01/18/2019,1:00,8460.1104,1297.22,2925.3999,912.935,11311.7002,4735.7402,2450.8899,1110.9399,33204.9355,E3,Y,N
01/18/2019,1:00,8648.9072,1318.9263,2927.1931,913.8461,11449.5156,4980.6348,2555.6077,1197.255,33991.8858,M,N,N
01/18/2019,2:00,8259.8672,1289.3276,2905.9885,940.9241,11149.0322,4608.1763,2376.0903,1143.1659,32672.5721,A3,N,N
01/18/2019,2:00,8280.3672,1268.1782,2899.6655,920.5637,11206.5078,4639.7012,2383.7173,1175.308,32774.0089,A6,N,N
01/18/2019,2:00,8164.6499,1262.05,2918.71,926.904,11089.0996,4496.2598,2387.29,1101.5,32346.4633,E,N,N
01/18/2019,2:00,8202.3301,1291.89,2917.5,925.998,11108.5,4534.0298,2389,1176.61,32545.8579,E1,N,N
01/18/2019,2:00,8278.8096,1277.14,2898.5801,932.362,11060.0996,4614.0698,2390.03,1131.4301,32582.5212,E2,N,N
01/18/2019,2:00,8210.8701,1293.0601,2919.95,955.339,11101.2998,4554.1499,2388.53,1174.9301,32598.129,E3,Y,N
01/18/2019,2:00,8232.8164,1280.2743,2910.0654,933.6819,11119.0898,4574.3979,2385.7764,1150.4907,32586.5928,M,N,N
01/18/2019,3:00,8185.4639,1312.9954,2968.6802,916.9796,11055.4697,4504.2202,2343.4651,1105.2086,32392.4827,A3,N,N
01/18/2019,3:00,8220.8672,1310.1897,2947.8977,894.1188,11113.8584,4599.4199,2366.8342,1121.8538,32575.0397,A6,N,N
01/18/2019,3:00,8118.6401,1261.88,2953.1499,914.885,11209,4559.9302,2353.8701,1076.26,32447.6153,E,N,N
01/18/2019,3:00,8169.9702,1272.8199,2962.5,912.389,11236.7998,4626.4302,2344.51,1069.45,32594.8691,E1,N,N
01/18/2019,3:00,8183.2998,1278.12,2925.4399,922.632,11122.7002,4586.5,2355.53,1113.45,32487.6719,E2,N,N
01/18/2019,3:00,8154.2202,1276.59,2958.99,924.174,11222.4004,4584.4902,2354.1201,1091.2,32566.1849,E3,Y,N
01/18/2019,3:00,8172.0771,1285.4325,2952.7764,914.1964,11160.0381,4576.832,2353.0549,1096.2371,32510.6445,M,N,N
01/18/2019,4:00,8183.0415,1300.2012,2964.3586,949.2769,11137.4141,4583.1143,2325.0203,1077.3655,32519.7924,A3,N,N
01/18/2019,4:00,8252.7207,1308.0891,2949.8105,939.4319,11123.0977,4623.8281,2331.3042,1094.3663,32622.6485,A6,N,N
01/18/2019,4:00,8161.9702,1290.59,2954.4399,947.337,11111.4004,4572.9502,2303.8101,1077.8,32420.2978,E,N,N
01/18/2019,4:00,8164.6699,1317.13,2959.3701,962.503,11013.7002,4564.6099,2284.9199,1078.14,32345.043,E1,N,N
01/18/2019,4:00,8203.1396,1304.22,2946.26,948.268,11212.9004,4604.1802,2335.47,1099.73,32654.1682,E2,N,N
01/18/2019,4:00,8164.9502,1302.49,2950.6799,955.988,11123,4587.6602,2305.0801,1086.62,32476.4684,E3,Y,N
01/18/2019,4:00,8188.4155,1303.7867,2954.1533,950.4675,11120.252,4589.3906,2314.2676,1085.6704,32506.4036,M,N,N
01/18/2019,5:00,8425.2998,1348.2933,2991.3826,968.5502,11733.002,4670.2266,2364.7202,1079.952,33581.4267,A3,N,N
01/18/2019,5:00,8479.29,1335.2498,2991.8872,957.3986,11723.4023,4692.6162,2361.7932,1064.9513,33606.5886,A6,N,N
01/18/2019,5:00,8399.9102,1331.58,2975.5601,969.244,11664.0996,4667.6201,2326.25,1086.03,33420.294,E,N,N
01/18/2019,5:00,8396.5996,1329.64,2976.1499,968.875,11759.4004,4636.9302,2336.1399,1088.86,33492.595,E1,N,N
01/18/2019,5:00,8398.3496,1331.02,2973.9399,967.193,11646.7998,4703.8398,2361.97,1103.03,33486.1421,E2,N,N
01/18/2019,5:00,8394.46,1338.29,2977.8601,965.928,11662,4667.8101,2326.72,1081.84,33414.9082,E3,Y,N
01/18/2019,5:00,8415.6523,1335.679,2981.1301,966.1981,11698.1182,4673.1743,2346.2656,1084.1106,33500.3282,M,N,N
01/18/2019,6:00,8921.2266,1443.9755,2994.5234,1026.0852,12587.6201,5145.604,2489.0359,1261.4236,35869.4943,A3,N,N
01/18/2019,6:00,8859.04,1420.5304,2978.9219,1029.9314,12564.4443,5164.2422,2481.6499,1278.6554,35777.4155,A6,N,N
01/18/2019,6:00,8956.71,1402.8101,3004.3201,1021.92,12534.4004,5167.23,2436.9199,1217.84,35742.1505,E,N,N
01/18/2019,6:00,8962.2695,1388.71,3002.28,1017.57,12550.9004,5249.0098,2434.71,1404.28,36009.7297,E1,N,N
01/18/2019,6:00,8931,1406.88,3013.28,1023.01,12573.5,5132.1099,2475.24,1257.86,35812.8799,E2,N,N
01/18/2019,6:00,8955.7402,1406.75,3003.73,1025.33,12544.7002,5188.0801,2436.4399,1303.75,35864.5204,E3,Y,N
01/18/2019,6:00,8930.998,1411.6094,2999.509,1023.9745,12559.2617,5174.3794,2458.9993,1287.3015,35846.0328,M,N,N
01/18/2019,7:00,9725.7031,1646.3735,3042.5547,1086.7632,13925.7822,5722.5747,2812.5813,1415.3291,39377.6618,A3,N,N
01/18/2019,7:00,9664.0225,1638.6216,3037.9897,1079.7509,13881.3398,5732.0493,2798.4619,1448.67,39280.9057,A6,N,N
01/18/2019,7:00,9734.3896,1596.4,3048.3999,1081.4301,13917.9004,5767.9199,2792.1101,1403.11,39341.66,E,N,N
01/18/2019,7:00,9708.6904,1734.51,3051.03,1079.3101,13902.9004,5658.6899,2825.8201,1436.53,39397.4809,E1,N,N
01/18/2019,7:00,9706.7598,1633,3066.0701,1108.16,13964.0996,5730.1899,2793.1599,1402.99,39404.4293,E2,N,N
01/18/2019,7:00,9734.4902,1667.88,3053.72,1097.95,13922.7998,5717.77,2791.01,1459.79,39445.41,E3,Y,N
01/18/2019,7:00,9712.3438,1652.7976,3049.9607,1088.894,13919.1387,5721.5322,2802.1904,1427.7366,39374.594,M,N,N
01/18/2019,8:00,10001.9561,1710.2487,3076.2937,1126.0208,14418.0186,6006.6313,2902.2205,1519.5913,40760.981,A3,N,N
01/18/2019,8:00,9988.416,1700.2776,3118.0813,1104.6874,14380.7471,6059.4336,2887.2219,1508.9092,40747.7741,A6,N,N
01/18/2019,8:00,10066,1700.17,3067.9199,1132.65,14547.2998,6091.7598,2938.1599,1581.11,41125.0694,E,N,N
01/18/2019,8:00,10100.4004,1702.83,3072.21,1145.46,14570.7998,6149.7002,2925.1201,1618.55,41285.0705,E1,N,N
01/18/2019,8:00,10054.0996,1717.21,3086.96,1138.24,14622,6068.8101,2924.05,1546.73,41158.0997,E2,N,N
01/18/2019,8:00,10112,1718.35,3073.6799,1130.89,14544.5996,6118.4102,2936.05,1630.9,41264.8797,E3,Y,N
01/18/2019,8:00,10053.8125,1708.1809,3082.5244,1129.6581,14513.9121,6082.4575,2918.8037,1567.6318,41056.981,M,N,N
01/18/2019,9:00,10078.6094,1678.9548,3065.437,1128.856,14225.8506,5977.8457,2834.5078,1482.441,40472.5023,A3,N,N
01/18/2019,9:00,10026.2402,1684.0276,3054.958,1114.153,14122.6875,6026.7241,2825.3711,1463.1636,40317.3251,A6,N,N
01/18/2019,9:00,10163.9004,1715.5,3051.3101,1160.59,14170.2002,6117.3501,2802.8999,1540.4399,40722.1906,E,N,N
01/18/2019,9:00,10172.7002,1668.0601,3064.6899,1173.53,14170.9004,6220.3501,2793.25,1426.29,40689.7707,E1,N,N
01/18/2019,9:00,10121.2002,1687.54,3054.5701,1149.53,14292.7998,6050.5298,2850.6499,1489.83,40696.6498,E2,N,N
01/18/2019,9:00,10134,1698.1801,3065.6899,1153.05,14177.4004,6161.6602,2806.04,1469.5699,40665.5905,E3,Y,N
01/18/2019,9:00,10116.1094,1688.7106,3059.4424,1146.6183,14193.3066,6092.4102,2818.7866,1478.6224,40594.0065,M,N,N
01/18/2019,10:00,10291.4512,1627.2174,3063.2388,1109.8777,13795.6465,5999.1587,2828.5037,1421.073,40136.167,A3,N,N
01/18/2019,10:00,10224.9941,1612.7761,3068.6484,1094.469,13818.876,5978.3843,2830.6675,1378.8716,40007.687,A6,N,N
01/18/2019,10:00,10315.5,1698.02,3051.6201,1146.1899,13859,6089.73,2843.7,1442.6899,40446.4499,E,N,N
01/18/2019,10:00,10319,1623.59,3055.4199,1130.28,13951.7002,5956.21,2867.53,1380.92,40284.6501,E1,N,N
01/18/2019,10:00,10235.5,1656.11,3031.6699,1145.7,13891,5955.1699,2804.52,1376.01,40095.6798,E2,N,N
01/18/2019,10:00,10311.2002,1633.77,3064.8701,1153.35,13901.7998,6031.7002,2854.05,1388.1,40338.8403,E3,Y,N
01/18/2019,10:00,10282.9414,1641.9139,3055.9114,1129.9778,13869.6709,6001.7256,2838.1619,1397.9441,40218.247,M,N,N
01/18/2019,11:00,10381.2939,1573.9272,3031.1931,1116.6841,13415.5303,5975.2295,2835.2109,1335.3029,39664.3719,A3,N,N
01/18/2019,11:00,10341.9307,1539.295,3044.1316,1127.2678,13360.2412,5973.6289,2827.2373,1259.8568,39473.5893,A6,N,N
01/18/2019,11:00,10435.0996,1635.36,3024.74,1094.64,13314,6070.4399,2913.1101,1392.87,39880.2596,E,N,N
01/18/2019,11:00,10451.2998,1574.96,3038.77,1099.35,13201,6186.6699,2923.3999,1428.72,39904.1696,E1,N,N
01/18/2019,11:00,10351.9004,1598.8101,3018.28,1117.38,13401.0996,5931.8301,2832.0701,1357.21,39608.5803,E2,N,N
01/18/2019,11:00,10474.2998,1575.4399,3038.1299,1124.38,13318.0996,6132.5,2914.1001,1388.65,39965.5993,E3,Y,N
01/18/2019,11:00,10405.9707,1582.9656,3032.5408,1113.2837,13334.9961,6045.0498,2874.1882,1360.4349,39749.4298,M,N,N
01/18/2019,12:00,10367.9775,1568.1387,3006.9585,1090.6273,12459.292,5951.2759,2868.2217,1305.8221,38618.3137,A3,N,N
01/18/2019,12:00,10368.1279,1551.2231,3022.7229,1090.4618,12443.125,5966.4502,2870.3757,1296.9009,38609.3875,A6,N,N
01/18/2019,12:00,10506,1577.6801,2977.21,1115.84,12588.5996,6064.5298,2898.6599,1343.71,39072.2294,E,N,N
01/18/2019,12:00,10557.4004,1585.26,2994.1299,1143.08,12544.2002,6106.3901,2867.9399,1296.83,39095.2305,E1,N,N
01/18/2019,12:00,10383.5996,1560.22,2980.8,1113.66,12762,5906.9902,2825.96,1312.83,38846.0598,E2,N,N
01/18/2019,12:00,10531.2002,1556.33,2983.4299,1137.2,12567.5,6092.5698,2893.72,1332.28,39094.2299,E3,Y,N
01/18/2019,12:00,10452.3848,1566.4752,2994.2085,1115.1448,12560.7871,6014.7012,2870.813,1314.7288,38889.2434,M,N,N
01/18/2019,13:00,10399.4922,1510.1127,2980.498,1021.7019,11966.2031,6079.1724,2877.9844,1268.2328,38103.3975,A3,N,N
01/18/2019,13:00,10414.8965,1509.5579,2973.4438,1038.2567,11886.668,5947.9634,2850.7109,1302.2917,37923.7889,A6,N,N
01/18/2019,13:00,10464.9004,1512.11,2974.55,1047.1899,12206.5,6063.7002,2888.48,1290.74,38448.1705,E,N,N
01/18/2019,13:00,10442.9004,1538.4301,2981.6899,1019.77,12311.7998,6061.5698,2898.4299,1257.67,38512.2599,E1,N,N
01/18/2019,13:00,10332.9004,1513.8199,2957.3501,1056.89,12228.0996,5878.1099,2829.24,1248.1899,38044.5998,E2,N,N
01/18/2019,13:00,10480.2998,1530.8199,2972.9299,1062.65,12184.4004,6093.4199,2891.2,1267.39,38483.1099,E3,Y,N
01/18/2019,13:00,10422.5654,1519.1418,2973.4104,1041.0764,12130.6123,6020.6558,2872.6743,1272.4192,38252.5556,M,N,N
01/18/2019,14:00,10565.5791,1460.7139,2974.1948,1035.5309,11979.2236,5888.9707,2909.6821,1196.1282,38010.0233,A3,N,N
01/18/2019,14:00,10463.3818,1422.293,2982.3054,1036.4276,11781.1309,5878.8901,2884.8762,1220.259,37669.564,A6,N,N
01/18/2019,14:00,10520,1479.61,2977.4299,1083.97,12187.5,5857.46,2885.7,1218.88,38210.5499,E,N,N
01/18/2019,14:00,10516.0996,1488.85,2985.6799,1115.55,12308,5683.3901,2885.4099,1142.5699,38125.5494,E1,N,N
01/18/2019,14:00,10341.0996,1475.3199,2954.76,1066.0601,11988.4004,5765.75,2840.23,1181.62,37613.24,E2,N,N
01/18/2019,14:00,10509.5,1502.48,2981.3201,1091.8199,12198.7998,5774.6802,2889.3301,1169.87,38117.8001,E3,Y,N
01/18/2019,14:00,10485.9434,1471.5444,2975.9485,1071.5598,12073.8418,5808.1904,2882.5378,1188.2212,37957.7873,M,N,N
01/18/2019,15:00,10521.8623,1454.3257,2955.1089,998.6642,11745.5176,5805.3149,2920.3293,1139.3031,37540.426,A3,N,N
01/18/2019,15:00,10538.8613,1492.6675,2960.3464,999.4464,11755.8037,5794.373,2914.2405,1147.228,37602.9668,A6,N,N
01/18/2019,15:00,10444.4004,1444.39,2968.05,983.79,11795,5873.8198,2950.3201,1171.67,37631.4403,E,N,N
01/18/2019,15:00,10383,1461.39,2974.72,950.714,11641.0996,6002.98,2973.3,1174.99,37562.1936,E1,N,N
01/18/2019,15:00,10286.2998,1459.1899,2953.72,991.945,11684.5996,5748.52,2875.99,1162.29,37162.5543,E2,N,N
01/18/2019,15:00,10399.0996,1464.26,2970.1599,973.925,11819.7002,5882.5801,2948.6699,1155.2,37613.5947,E3,Y,N
01/18/2019,15:00,10428.9209,1462.7039,2963.6841,983.0808,11740.2871,5851.2651,2930.4753,1158.4469,37518.8641,M,N,N
01/18/2019,16:00,10492.9414,1419.6136,2959.5491,942.8903,11527.5313,5732.5288,2922.3098,1136.1682,37133.5325,A3,N,N
01/18/2019,16:00,10578.5459,1501.3413,2958.3484,971.1674,11597.1846,5765.4614,2915.2729,1145.9343,37433.2562,A6,N,N
01/18/2019,16:00,10419.2002,1422.6801,2945.9099,938.103,11528.7998,5895.6699,2957.1001,1178.92,37286.383,E,N,N
01/18/2019,16:00,10279.7002,1427.79,2947.52,894.14,11304.5,5924.1802,2980.8701,1194.61,36953.3105,E1,N,N
01/18/2019,16:00,10055.9004,1423.27,2922.9299,952.501,11229.5996,5575.2402,2868.45,1153.62,36181.5111,E2,N,N
01/18/2019,16:00,10295.4004,1441.67,2949.3799,920.013,11456.5,5810.5298,2957.24,1175.71,37006.4431,E3,Y,N
01/18/2019,16:00,10353.6152,1439.3943,2947.2729,936.4691,11440.6865,5783.9346,2933.5405,1164.1604,36999.0735,M,N,N
01/18/2019,17:00,10542.8018,1435.6571,2960.2312,954.4109,11495.2432,5767.4063,2948.0801,1173.6085,37277.4391,A3,N,N
01/18/2019,17:00,10560.3643,1527.4402,2952.4863,975.5931,11555.6006,5833.8062,2932.7524,1188.3065,37526.3496,A6,N,N
01/18/2019,17:00,10376.2998,1443.25,2907.6899,915.964,11369,5922.21,2991.6101,1195.62,37121.6438,E,N,N
01/18/2019,17:00,10140.2998,1420.25,2919.5,861.753,11161.2002,5851.3301,2972.77,1223.08,36550.1831,E1,N,N
01/18/2019,17:00,9934.3096,1428.13,2900.0601,920.041,10928.5,5505.9502,2893.8,1155.05,35665.8409,E2,N,N
01/18/2019,17:00,10208.5,1448.15,2929.1699,882.469,11400.5,5744.1802,2981.03,1194.89,36788.8891,E3,Y,N
01/18/2019,17:00,10293.7627,1450.4797,2928.1897,918.3719,11318.3408,5770.8135,2953.3406,1188.4259,36821.7248,M,N,N
01/18/2019,18:00,10773.3506,1473.2236,2954.9165,925.2799,11801.3486,5941.3442,2984.197,1226.7004,38080.3608,A3,N,N
01/18/2019,18:00,10739.6475,1544.4963,2941.4541,929.989,11830.293,6067.9941,2959.0889,1218.6666,38231.6295,A6,N,N
01/18/2019,18:00,10536.0996,1502,2876.9299,859.594,11602.5,6055.6099,3015.3701,1219.62,37667.7235,E,N,N
01/18/2019,18:00,10262.7002,1446.02,2862.1101,847.497,11440.2002,5914.7998,2943.49,1268.11,36984.9273,E1,N,N
01/18/2019,18:00,10116.2002,1471.52,2889,900.87,11037.0996,5637.71,2916.6799,1168.02,36137.0997,E2,N,N
01/18/2019,18:00,10359.2998,1499.36,2911.7,843.763,11344.5996,5766.4902,3001.72,1268.24,36995.1726,E3,Y,N
01/18/2019,18:00,10464.5498,1489.4368,2906.0186,884.4989,11509.3408,5897.3247,2970.0911,1228.2262,37349.4869,M,N,N
01/18/2019,19:00,10819.2754,1525.84,3018.2344,940.7892,12120.2754,6189.5811,3107.8289,1291.441,39013.2654,A3,N,N
01/18/2019,19:00,10889.6426,1575.6655,2986.6099,944.481,12053.2266,6297.4482,3092.1367,1280.9242,39120.1347,A6,N,N
01/18/2019,19:00,10703.5,1564.72,2908.6799,913.312,12160.9004,6285.9302,3120.3401,1268.12,38925.5026,E,N,N
01/18/2019,19:00,10616,1501.89,2959.5601,903.949,11681.7002,6133.3501,3070.47,1325.34,38192.2594,E1,N,N
01/18/2019,19:00,10405.2002,1526.47,2924.6799,933.183,11403.2998,5988.3198,3041.77,1231.76,37454.6827,E2,N,N
01/18/2019,19:00,10580.7998,1558.01,2929.3101,849.612,11785.7998,5984.3701,3083.2,1358.24,38129.3418,E3,Y,N
01/18/2019,19:00,10669.0703,1542.0992,2954.5122,914.2211,11867.5342,6146.5,3085.9578,1292.6375,38472.5323,M,N,N
01/18/2019,20:00,10633.666,1492.8031,3014.3357,933.2818,11914.542,6130.6948,3085.2578,1310.0913,38514.6725,A3,N,N
01/18/2019,20:00,10714.2109,1537.8021,2979.457,942.361,11694.8574,6229.0513,3074.228,1326.5547,38498.5224,A6,N,N
01/18/2019,20:00,10492,1525.98,2913.3501,931.552,12072.2002,6160.0098,3117.9099,1290.9,38503.902,E,N,N
01/18/2019,20:00,10306,1502.0699,2896.27,898.301,11618.2002,6087.23,3112.53,1297.76,37718.3611,E1,N,N
01/18/2019,20:00,10251.5996,1492.88,2949.8899,911.835,11342,6005.5,3050.3501,1250.49,37254.5446,E2,N,N
01/18/2019,20:00,10392.0996,1549.95,2936.0901,867.831,11689.7002,5878.9199,3083,1413.05,37810.6408,E3,Y,N
01/18/2019,20:00,10464.9297,1516.9143,2948.2322,914.1937,11721.917,6081.9004,3087.2129,1314.8076,38050.1078,M,N,N
01/18/2019,21:00,10425.8223,1463.3373,2976.0559,913.2663,11677.7686,5940.3735,3023.4045,1302.8923,37722.9207,A3,N,N
01/18/2019,21:00,10459.0049,1519.323,2955.5393,915.4432,11421.7588,5994.2095,3022.1084,1326.2817,37613.6688,A6,N,N
01/18/2019,21:00,10264.5,1480.1801,2891.1699,896.051,11947,5945.04,3025.1499,1284.63,37733.7209,E,N,N
01/18/2019,21:00,10099,1442.9301,2933.3501,849.179,11387.4004,5843.9199,3025.27,1308.09,36889.1395,E1,N,N
01/18/2019,21:00,10089.7998,1454.64,2953.5701,885.738,11222.0996,5896.2002,2997.26,1235.92,36735.2277,E2,N,N
01/18/2019,21:00,10361.5,1529.35,2932.8799,852.727,11640.2002,5796.1001,3033.52,1366.49,37512.7672,E3,Y,N
01/18/2019,21:00,10283.2725,1481.6267,2940.4275,885.4008,11549.3711,5902.6406,3021.1189,1304.0507,37367.9088,M,N,N
01/18/2019,22:00,10124.8457,1406.0785,2968.7991,870.7931,11316.708,5704.7344,2939.2197,1268.2335,36599.412,A3,N,N
01/18/2019,22:00,10064.2471,1438.3846,2945.9121,879.967,11063.5664,5765.2173,2941.3691,1285.8525,36384.5161,A6,N,N
01/18/2019,22:00,9982.8096,1427.49,2870.0801,875.509,11489.0996,5705.3701,2946.4099,1268.0601,36564.8284,E,N,N
01/18/2019,22:00,9785.5596,1411.37,2898.54,852.594,11137.5,5655.2798,2931.4399,1262.21,35934.4933,E1,N,N
01/18/2019,22:00,9808.9004,1410.97,2944.46,863.843,10957.5,5671.75,2910.1499,1211.3199,35778.8932,E2,N,N
01/18/2019,22:00,9842.9697,1440.76,2932.3601,828.63,11212.0996,5561.96,2946.6299,1408.49,36173.8993,E3,Y,N
01/18/2019,22:00,9934.8887,1422.5089,2926.6919,861.8894,11196.0801,5677.3853,2935.8699,1284.0277,36239.3419,M,N,N
01/18/2019,23:00,9643.4922,1320.3503,2967.4729,846.0933,10708.1807,5371.8755,2822.0049,1218.5516,34898.0214,A3,N,N
01/18/2019,23:00,9543.5947,1342.7924,2942.5469,860.9665,10476.2295,5388.5156,2811.8174,1238.3413,34604.8043,A6,N,N
01/18/2019,23:00,9601.1396,1362.41,2862.4399,883.137,10756.2998,5418.3398,2872.73,1254.42,35010.9161,E,N,N
01/18/2019,23:00,9492.7998,1359.75,2918.6101,855.226,10759.4004,5434.9902,2818.0801,1222.27,34861.1266,E1,N,N
01/18/2019,23:00,9412.3301,1367.16,2941.27,871.744,10836.5996,5347.29,2801.2,1189.63,34767.2237,E2,N,N
01/18/2019,23:00,9457.75,1429.29,2875.5901,829.151,10719.0996,5403.9702,2847.5901,1230.48,34792.921,E3,Y,N
01/18/2019,23:00,9525.1846,1363.6255,2917.9883,857.7197,10709.3018,5394.1636,2828.9038,1225.6155,34822.5028,M,N,N
01/18/2019,24:00,9232.5146,1239.9412,2982.9287,809.8705,10343.4961,5020.1758,2658.72,1140.4166,33428.0635,A3,N,N
01/18/2019,24:00,9141.7607,1251.9613,2949.1602,839.0342,10026.4102,4975.3657,2619.4231,1105.6233,32908.7387,A6,N,N
01/18/2019,24:00,9170.5898,1293.58,2874.95,832.099,10366.4004,5095.3501,2738.03,1191.14,33562.1393,E,N,N
01/18/2019,24:00,9142.4102,1357.61,2917.28,805.446,10386.4004,5232.3101,2658.1499,1145.74,33645.3466,E1,N,N
01/18/2019,24:00,8898.5801,1308.02,2947.3701,864.409,10674.0996,4965.3198,2659.1201,1143.51,33460.4287,E2,N,N
01/18/2019,24:00,9147.0801,1369.9,2915,810.052,10680.7998,5152.1401,2724.51,1196.87,33996.352,E3,Y,N
01/18/2019,24:00,9122.1563,1303.5021,2931.1147,826.8184,10412.9336,5073.4438,2676.3257,1153.8833,33500.1779,M,N,N
01/19/2019,1:00,8731.7354,1209.9016,2978.8379,781.78,9764.374,4692.2417,2553.0671,1165.8805,31877.8182,A3,N,N
01/19/2019,1:00,8579.3408,1117.2882,2944.6436,763.1345,9495.8975,4757.1621,2547.3433,1150.2018,31355.0118,A6,N,N
01/19/2019,1:00,8663.5596,1279.27,2911.1201,880.413,10598.7998,4933.5,2653.3101,1173.51,33093.4826,E,N,N
01/19/2019,1:00,8858.2998,1368.99,2923.29,827.524,10223.9004,5142.6699,2561.6699,1116.26,33022.604,E1,N,N
01/19/2019,1:00,8478.1104,1291.27,2966.1399,892.566,10823.5,4845.0098,2536.5701,1138.46,32971.6262,E2,N,N
01/19/2019,1:00,8957.1104,1327.8199,2926.47,825.183,10730,5078.1099,2689.1299,1141.37,33675.1931,E3,Y,N
01/19/2019,1:00,8711.3594,1265.7567,2941.7505,828.4334,10272.7451,4908.1157,2590.1816,1147.6138,32665.9562,M,N,N
01/19/2019,2:00,8508.8955,1180.4393,2983.0415,780.2894,9815.3799,4544.688,2470.3054,1174.8158,31457.8548,A3,N,N
01/19/2019,2:00,8351.918,1090.1874,2934.5383,757.5819,9526.0078,4601.502,2445.6123,1164.9844,30872.3321,A6,N,N
01/19/2019,2:00,8464.21,1253.61,2924.1499,1033.74,10781.2998,4816.1201,2574.8401,1140.79,32988.7599,E,N,N
01/19/2019,2:00,8416.0303,1317.64,2935.6399,876.226,9784.1602,5037.79,2550.3,1141.25,32059.0364,E1,N,N
01/19/2019,2:00,8337.4404,1277.23,2977.8601,901.367,10758.4004,4679.1699,2410.5701,1131.45,32473.4879,E2,N,N
01/19/2019,2:00,8890.25,1258.25,2896.97,831.651,10769.7002,5052.4399,2683.79,1122.92,33505.9711,E3,Y,N
01/19/2019,2:00,8494.791,1229.5596,2942.0332,863.476,10239.1582,4788.6187,2522.5698,1146.0352,32226.2417,M,N,N
01/19/2019,3:00,8332.9883,1176.5383,3011.0222,794.2956,9864.7285,4515.2012,2427.9646,1188.0066,31310.7453,A3,N,N
01/19/2019,3:00,8165.0352,1079.0964,2947.9014,758.837,9680.0234,4564.0635,2389.074,1177.6085,30761.6394,A6,N,N
01/19/2019,3:00,8346.0498,1258.17,2945.3501,897.357,10320.2998,4768.48,2466.0901,1127.4,32129.1968,E,N,N
01/19/2019,3:00,7812.8999,1347.86,2916.8601,902.319,10347.2002,4966.21,2477.3601,1166.11,31936.8193,E1,N,N
01/19/2019,3:00,8284.2305,1275.96,2995.03,914.685,10800.0996,4585.3398,2360.9299,1159.73,32376.0048,E2,N,N
01/19/2019,3:00,8643.9502,1369.26,2933.96,843.031,10273.4004,5123.9702,2569.1201,1063.86,32820.5519,E3,Y,N
01/19/2019,3:00,8264.1924,1251.1475,2958.354,851.7542,10214.292,4753.8774,2448.4231,1147.1191,31889.1597,M,N,N
01/19/2019,4:00,8192.2285,1179.6445,3032.1167,820.9649,10238.6865,4518.8628,2408.6833,1207.6594,31598.8466,A3,N,N
01/19/2019,4:00,8057.3486,1086.9663,2960.0427,784.2014,10094.9951,4590.5986,2365.46,1198.7559,31138.3686,A6,N,N
01/19/2019,4:00,8290.0703,1246.95,2940.1699,960.451,10687.5996,4761.6899,2491.5901,1114.98,32493.5008,E,N,N
01/19/2019,4:00,8386.7998,1329.79,2932.0701,943.522,10839.5,4860.1499,2422.1299,1147.26,32861.2217,E1,N,N
01/19/2019,4:00,8265.6201,1266.17,2994.1101,912.626,10770.0996,4536.1099,2339.8999,1174.58,32259.2156,E2,N,N
01/19/2019,4:00,8484.5596,1317.6,2964.5601,844.64,10712.9004,4933.46,2556.4199,1053.83,32867.97,E3,Y,N
01/19/2019,4:00,8279.4375,1237.8535,2970.5115,877.7343,10557.2979,4700.1455,2430.6973,1149.5109,32203.1884,M,N,N
01/19/2019,5:00,8192.8096,1196.0552,3086.603,855.9141,10768.2119,4649.583,2406.1516,1242.2815,32397.6099,A3,N,N
01/19/2019,5:00,8088.2817,1090.6852,3016.9636,816.9053,10726.1533,4753.5317,2371.0479,1207.4854,32071.0541,A6,N,N
01/19/2019,5:00,8377.7695,1267.1899,2958.3899,978.021,10853.0996,4812.1201,2517.4299,1108.15,32872.1699,E,N,N
01/19/2019,5:00,8372.2998,1276.75,2945.6799,897.205,10991.9004,5007.8701,2422.1201,1162.61,33076.4353,E1,N,N
01/19/2019,5:00,8312.2598,1283.86,3012.8201,912.753,11143.5,4557.0298,2402.75,1218.55,32843.5227,E2,N,N
01/19/2019,5:00,8457.4004,1401.64,2968.1399,851.834,10923.7002,5157.9399,2570.1101,1082.8101,33413.5746,E3,Y,N
01/19/2019,5:00,8300.1367,1252.6968,2998.0994,885.4388,10901.0938,4823.0127,2448.2683,1170.3146,32779.0611,M,N,N
01/19/2019,6:00,8457.2617,1281.5808,3104.96,918.3169,11678.2129,4921.8262,2481.9568,1315.7648,34159.8801,A3,N,N
01/19/2019,6:00,8320.3877,1144.9631,3021.4897,883.0359,11811.3936,5080.7925,2454.0254,1303.8073,34019.8952,A6,N,N
01/19/2019,6:00,8617.1797,1299.38,2995.9399,1044.6899,11518.5,5002.4199,2522.28,1165.85,34166.2394,E,N,N
01/19/2019,6:00,8462.3096,1452.25,2968.1201,979.467,11520.2998,5043.4102,2528.6399,1187.72,34142.2166,E1,N,N
01/19/2019,6:00,8511.0098,1323.28,3053.8701,939.271,11787.7002,4774.52,2514.79,1271.83,34176.2711,E2,N,N
01/19/2019,6:00,8634.7803,1413.39,3000.3101,904.553,12034.7002,5230.3101,2643.1299,1140.16,35001.3336,E3,Y,N
01/19/2019,6:00,8500.4883,1319.1406,3024.115,944.889,11725.1348,5008.8799,2524.137,1230.8555,34277.6401,M,N,N
01/19/2019,7:00,8915.5713,1412.5822,3131.8594,989.9339,12743.2656,5364.98,2658.3904,1410.6985,36627.2813,A3,N,N
01/19/2019,7:00,8816.4941,1292.1548,3032.9443,949.0394,12969.124,5777.5938,2651.1113,1431.9308,36920.3925,A6,N,N
01/19/2019,7:00,8998.2002,1388.71,3045.96,1056.2,12155,5300.29,2767.27,1340.25,36051.8802,E,N,N
01/19/2019,7:00,8827.0195,1474.75,3051.6499,1011.55,12390.7002,5589.0601,2647.3101,1343.6899,36335.7297,E1,N,N
01/19/2019,7:00,8879.8496,1402.59,3099.96,987.854,12793,5113.6499,2752.3201,1411.01,36440.2336,E2,N,N
01/19/2019,7:00,8949.3096,1435.1,3076.1101,973.626,12207.5,5608.27,2837.3401,1245.33,36332.5858,E3,Y,N
01/19/2019,7:00,8897.7412,1400.9812,3073.0806,994.7006,12543.0986,5458.9746,2718.957,1363.8181,36451.3519,M,N,N
01/19/2019,8:00,9317.6553,1496.8617,3181.8704,1071.3682,13519.8584,5773.7407,2733.9297,1483.8022,38579.0866,A3,N,N
01/19/2019,8:00,9247.0977,1377.0085,3105.9717,1005.5828,13825.6094,6297.9209,2728.3445,1481.0938,39068.6293,A6,N,N
01/19/2019,8:00,9369.1396,1458.84,3100.01,1124.21,13061.9004,5565.54,2844.8,1450.49,37974.93,E,N,N
01/19/2019,8:00,9097.1699,1582.05,3059.6001,1114.97,13310.7998,6067.1802,2913.3101,1417.49,38562.5701,E1,N,N
01/19/2019,8:00,9193.2002,1482.48,3139.7,1043.2,13770.7998,5435.71,2904,1502.67,38471.76,E2,N,N
01/19/2019,8:00,9181.6602,1522.87,3123.52,1036.64,13115.7998,6071.27,2936.3799,1302.59,38290.7299,E3,Y,N
01/19/2019,8:00,9234.3203,1486.6851,3118.4456,1065.9952,13434.1289,5868.5605,2843.4609,1439.6895,38491.286,M,N,N
01/19/2019,9:00,9576.0303,1586.6542,3179.4431,1121.4152,13968.2725,5970.4106,2770.7139,1500.5173,39673.4571,A3,N,N
01/19/2019,9:00,9531.0176,1492.6724,3102.3965,1031.0344,14287.1396,6629.7373,2746.4351,1490.3977,40310.8306,A6,N,N
01/19/2019,9:00,9777.6797,1557.89,3107.75,1165.87,14365.5,5763.21,2849.1599,1468.0601,40055.1197,E,N,N
01/19/2019,9:00,9720.1904,1638.01,3059,1133.0601,14179.5,6304.2998,2915.3501,1400.4301,40349.8405,E1,N,N
01/19/2019,9:00,9493.9404,1580.64,3188.8701,1099.76,14334.7998,5636.25,2968.8201,1532.53,39835.6104,E2,N,N
01/19/2019,9:00,9693.25,1721.5,3136.95,1076.62,14436.4004,6350.71,3013.52,1343.79,40772.7404,E3,Y,N
01/19/2019,9:00,9632.0186,1596.228,3129.0686,1104.6266,14261.9355,6109.1035,2877.3333,1455.9542,40166.2683,M,N,N
01/19/2019,10:00,10006.9707,1641.0067,3188.613,1167.2885,14521.0195,6165.064,2847.0442,1488.2816,41025.2882,A3,N,N
01/19/2019,10:00,9939.9824,1545.1287,3124.2273,1078.2552,14903.5918,6871.0396,2828.7913,1450.5522,41741.5685,A6,N,N
01/19/2019,10:00,10106.2998,1626.24,3118.97,1235.01,14780.2998,5889.9199,2968.4299,1419.36,41144.5294,E,N,N
01/19/2019,10:00,10267,1696.78,3050.5,1153.6899,14608.5,6177.0801,2995.6899,1337.5699,41286.8098,E1,N,N
01/19/2019,10:00,9755.9004,1655.05,3131.49,1151.91,14564.9004,5734.21,3010.6101,1471.52,40475.5909,E2,N,N
01/19/2019,10:00,10236.4004,1697.63,3130.6499,1112.8199,14982.5,6410.0098,3035.8899,1376.74,41982.6399,E3,Y,N
01/19/2019,10:00,10052.0918,1643.6394,3124.0752,1149.829,14726.8027,6207.8872,2947.7427,1424.004,41276.072,M,N,N
01/19/2019,11:00,10238.7236,1710.1318,3196.864,1206.2365,14999.1523,6200.8228,2898.8801,1445.3622,41896.1733,A3,N,N
01/19/2019,11:00,10172.6191,1553.0498,3140.2422,1127.1726,15438.1094,6866.5068,2847.1951,1326.297,42471.192,A6,N,N
01/19/2019,11:00,10546.2002,1643.37,3072.6899,1199.45,14569.5996,5895.9102,3038.6499,1443,41408.8698,E,N,N
01/19/2019,11:00,9867.3701,1872.76,3046.0901,1160.0699,14877,6286.1699,3054.29,1373.67,41537.42,E1,N,N
01/19/2019,11:00,9935.6904,1685.87,3107.3701,1154.47,14633,5744.9302,2930.3101,1441.97,40633.6108,E2,N,N
01/19/2019,11:00,10585.2998,1718.73,3094.3201,1136.29,14719.0996,6457.1802,3131.74,1289.4399,42132.0996,E3,Y,N
01/19/2019,11:00,10224.3174,1697.3188,3109.5959,1163.9481,14872.6602,6241.9204,2983.5107,1386.6232,41679.8947,M,N,N
01/19/2019,12:00,10296.0703,1739.1215,3191.3918,1217.8206,15082.8242,6100.7476,2917.6265,1392.374,41937.9765,A3,N,N
01/19/2019,12:00,10291.4375,1555.9583,3176.3748,1158.7963,15415.9619,6553.355,2843.5234,1274.4504,42269.8576,A6,N,N
01/19/2019,12:00,10666.5996,1643.0601,3027.5901,1213.65,14716.0996,5831.6001,2967.71,1411.03,41477.3395,E,N,N
01/19/2019,12:00,10033.2998,1664.1899,3022.3999,1099.62,14665.2998,6376,2971.6499,1314.9,41147.3593,E1,N,N
01/19/2019,12:00,9997.7305,1705.75,3057.23,1149.45,14488.5,5692.1802,2848.0601,1379.22,40318.1208,E2,N,N
01/19/2019,12:00,10214.0996,1787.83,3077.1399,1123.96,14801.7002,6112.02,3084.0801,1260.3,41461.1298,E3,Y,N
01/19/2019,12:00,10249.873,1682.6516,3092.0212,1160.5496,14861.7314,6110.9839,2938.7751,1338.7125,41435.2983,M,N,N
01/19/2019,13:00,10172.6084,1765.1769,3131.9116,1213.8992,14807.8975,5984.1895,2896.1338,1354.9106,41326.7275,A3,N,N
01/19/2019,13:00,10257.9785,1544.5112,3130.1526,1157.4764,15055.7803,6359.3882,2798.8867,1267.543,41571.7169,A6,N,N
01/19/2019,13:00,10608.2998,1640.8199,2968.5601,1259.17,14461,5725.3901,2946.98,1310.42,40920.6399,E,N,N
01/19/2019,13:00,9792.8301,1681.37,3001.9399,1139.33,14323.7002,6063.29,2896.1001,1172.66,40071.2203,E1,N,N
01/19/2019,13:00,9937.5195,1698.2,2999.5801,1118.9301,14102.9004,5594.2002,2707.74,1300.95,39460.0203,E2,N,N
01/19/2019,13:00,10370.7002,1677.27,3089.1799,1131.41,14528.5,5991.3799,3003.79,1201.83,40994.06,E3,Y,N
01/19/2019,13:00,10189.9893,1667.8914,3053.5542,1170.0359,14546.6299,5952.9731,2874.9385,1268.0522,40724.0645,M,N,N
01/19/2019,14:00,10024.7559,1738.3358,3081.3943,1192.1713,14383.627,5794.854,2870.1345,1323.5458,40408.8186,A3,N,N
01/19/2019,14:00,10126.9199,1491.2107,3091.8921,1127.7993,14471.4004,6123.8853,2760.1775,1269.9373,40463.2225,A6,N,N
01/19/2019,14:00,10556.5996,1623.36,2915.74,1217.84,14154.9004,5582.8901,2925.3501,1279.72,40256.4002,E,N,N
01/19/2019,14:00,10137.4004,1748.48,2960.79,1086.16,13820.9004,5791.5601,2888.8501,1146.16,39580.301,E1,N,N
01/19/2019,14:00,9900.0303,1678.26,2948.74,1107.64,13636.7998,5472.6602,2625.0601,1245.13,38614.3204,E2,N,N
01/19/2019,14:00,10309.2002,1709.23,3029.8601,1146.79,14235.5,5769.23,2983.47,1191.36,40374.6403,E3,Y,N
01/19/2019,14:00,10175.8184,1664.8129,3004.7358,1146.4001,14117.1875,5755.8467,2842.1738,1242.6423,39949.6175,M,N,N
01/19/2019,15:00,9858.4219,1717.7375,3031.6521,1169.9698,13939.7676,5676.6973,2839.8838,1271.7125,39505.8425,A3,N,N
01/19/2019,15:00,10026.7773,1501.5181,3045.2339,1109.0597,14004.8105,5957.7314,2727.2361,1209.1429,39581.5099,A6,N,N
01/19/2019,15:00,10505,1600.55,2871.7,1173.95,13960.5996,5518.46,2982.48,1258.41,39871.1496,E,N,N
01/19/2019,15:00,10054.2998,1794.0699,2934.3799,1135.8101,13569.5,5738.54,2915.26,1179.45,39321.3097,E1,N,N
01/19/2019,15:00,9817.8096,1668.41,2904.25,1084.11,13290,5404.3301,2548.47,1201.16,37918.5397,E2,N,N
01/19/2019,15:00,10287.7002,1719.23,2984.8201,1132.8,13937.2002,5764.5898,3038.78,1155.65,40020.7703,E3,Y,N
01/19/2019,15:00,10091.668,1666.9193,2962.0061,1134.2833,13783.6465,5676.7251,2842.0186,1212.5876,39369.8545,M,N,N
01/19/2019,16:00,9755.0479,1711.0319,3012.3337,1138.5627,13774.5361,5638.1177,2807.0081,1257.0918,39093.7299,A3,N,N
01/19/2019,16:00,9945.7275,1511.4065,3014.9197,1091.8154,13804.5391,5846.9937,2699.3386,1191.2578,39105.9983,A6,N,N
01/19/2019,16:00,10559.4004,1619.52,2838.8601,1158.26,13672,5520.6602,2930.7,1206.46,39505.8607,E,N,N
01/19/2019,16:00,10300.2002,1834.33,2908.71,1093.24,13263.5,5740.7998,2841.6201,1110.6899,39093.09,E1,N,N
01/19/2019,16:00,9858.6504,1662.11,2874.8899,1077.96,13182.2002,5436.8701,2488.53,1183.92,37765.1306,E2,N,N
01/19/2019,16:00,10263.7998,1744.79,3005.8101,1126.29,13873.5996,5650.71,2907.29,1048.54,39620.8295,E3,Y,N
01/19/2019,16:00,10113.8047,1680.5315,2942.5872,1114.3547,13595.0635,5639.0254,2779.0813,1166.3267,39030.775,M,N,N
01/19/2019,17:00,9855.9385,1784.0486,2997.0002,1153.8059,13863.7607,5721.9258,2824.3337,1286.2035,39487.0169,A3,N,N
01/19/2019,17:00,10058.7695,1576.4758,2988.2725,1105.1354,13917.3291,5888.4551,2722.9534,1228.7893,39486.1801,A6,N,N
01/19/2019,17:00,10627.7998,1675.74,2829.24,1183.6,13995.2998,5575.3701,2917.6899,1210.83,40015.5696,E,N,N
01/19/2019,17:00,10119.7002,1907.22,2896.3899,1123.76,13503.5,5772.1001,2796.51,1083.1801,39202.3603,E1,N,N
01/19/2019,17:00,9929.1104,1706.01,2862.8799,1072.1801,13346.2002,5500.6001,2463.95,1202.17,38083.1007,E2,N,N
01/19/2019,17:00,10326.0996,1863.3101,2949,1111.08,13815.4004,5812.3101,2948.8401,1082.64,39908.6803,E3,Y,N
01/19/2019,17:00,10152.9033,1752.1343,2920.4639,1124.927,13740.248,5711.7935,2779.0461,1182.3022,39363.8183,M,N,N
01/19/2019,18:00,10491.3984,1891.606,3004.7288,1157.5214,14470.8477,6005.1895,2889.7668,1337.2936,41248.3522,A3,N,N
01/19/2019,18:00,10493.1875,1685.4056,2980.9138,1101.6986,14516.7695,6167.5273,2800.4409,1265.8595,41011.8027,A6,N,N
01/19/2019,18:00,10833.9004,1767.66,2863.01,1187.4399,14791.5,5794.98,2947.0601,1329.14,41514.6904,E,N,N
01/19/2019,18:00,10558.0996,1918.58,2917.3301,1140.6,14081.9004,6159.4902,2825.46,1180.8,40782.2603,E1,N,N
01/19/2019,18:00,10164.9004,1810.85,2892.3799,1101.98,14234.0996,5763.6001,2540.02,1270.08,39777.91,E2,N,N
01/19/2019,18:00,10615.2002,1915.17,3052.29,1152.6899,14649.4004,5870.4399,2972.29,1089.4,41316.8804,E3,Y,N
01/19/2019,18:00,10526.1152,1831.5452,2951.7754,1140.3217,14457.4199,5960.2046,2829.1731,1245.429,40941.9841,M,N,N
01/19/2019,19:00,11151.083,1994.7615,3079.3782,1203.8983,15210.5361,6451.1792,3095.6687,1426.1166,43612.6216,A3,N,N
01/19/2019,19:00,11147.7217,1778.7329,3032.592,1155.3423,15363.8408,6693.3779,3034.7585,1369.0032,43575.3693,A6,N,N
01/19/2019,19:00,11185,1854.0699,2984.52,1244.5,15590,6131.9399,2992.52,1461.92,43444.4698,E,N,N
01/19/2019,19:00,11187,2070.3799,2986.98,1180.51,15015.9004,6463.5601,2928.21,1268.98,43101.5204,E1,N,N
01/19/2019,19:00,10543.0996,1921.1899,3001.46,1160.23,15326.7998,6177.5898,2825.71,1392.71,42348.7891,E2,N,N
01/19/2019,19:00,10996.4004,1999.3,3107.54,1193.22,15533.9004,6528.3101,3068.1299,1162.8199,43589.6207,E3,Y,N
01/19/2019,19:00,11035.0508,1936.4058,3032.0786,1189.6168,15340.1631,6407.6602,2990.833,1346.9249,43278.7332,M,N,N
01/19/2019,20:00,11281.4395,2055.585,3100.2888,1203.8032,15170.1924,6546.2217,3139.9768,1463.7928,43961.3002,A3,N,N
01/19/2019,20:00,11259.1768,1799.4821,3042.1172,1163.7722,15281.6387,6910.9624,3108.709,1451.8978,44017.7562,A6,N,N
01/19/2019,20:00,11152.7002,1867.2,3042.75,1197.1899,15654.5,6229.3301,3239.7,1524.65,43908.0202,E,N,N
01/19/2019,20:00,11337.0996,2006.8,3007.1799,1145.05,15273.2998,6609.1802,3107.0701,1290.92,43776.5996,E1,N,N
01/19/2019,20:00,10543.2002,1924.61,3046.1599,1175.33,15571.7002,6302.8999,2965.1001,1437.9,42966.9003,E2,N,N
01/19/2019,20:00,11252.9004,1968.7,3094.3101,1179.85,15721.5,6616.71,3191.05,1179.1,44204.1205,E3,Y,N
01/19/2019,20:00,11137.7529,1937.063,3055.4678,1177.4993,15445.4727,6535.8848,3125.2676,1391.3767,43805.7848,M,N,N
01/19/2019,21:00,11269.5547,2051.2427,3105.2585,1196.256,15053.1826,6511.2588,3137.4944,1465.3562,43789.6039,A3,N,N
01/19/2019,21:00,11219.7188,1816.6743,3051.7959,1155.3619,15171.291,7061.2788,3116.0466,1466.3489,44058.5162,A6,N,N
01/19/2019,21:00,11099.2002,1860.6,3057.8999,1164.37,15469.4004,6212.4399,3078.9199,1510.96,43453.7903,E,N,N
01/19/2019,21:00,10830.5,2108.01,3034.3601,1116.74,14891.7002,6714.75,3082.3,1341.02,43119.3803,E1,N,N
01/19/2019,21:00,10487.2998,1918.63,3063.9299,1175.39,15458.2002,6282.5498,2973.1599,1448.63,42807.7896,E2,N,N
01/19/2019,21:00,11054.7002,1924.97,3096.74,1204.5699,15709.5996,6635.9902,3096.6799,1253.95,43977.1998,E3,Y,N
01/19/2019,21:00,10993.4961,1946.688,3068.3308,1168.7815,15292.2295,6569.7119,3080.7668,1414.3776,43534.3822,M,N,N
01/19/2019,22:00,11178.1133,2036.7128,3112.0093,1159.0889,14818.3096,6430.0693,3109.3936,1458.3474,43302.0442,A3,N,N
01/19/2019,22:00,11065.4316,1777.6766,3059.0327,1129.3213,14989.0469,6971.7437,3062.8599,1443.4009,43498.5136,A6,N,N
01/19/2019,22:00,10950.5996,1811.1899,3040.95,1107.5,15034.4004,6159.3198,3059.5801,1520.99,42684.5298,E,N,N
01/19/2019,22:00,11539.7998,2031.3199,3001.27,1091.88,14814,6573.7002,3179.1499,1317.38,43548.4998,E1,N,N
01/19/2019,22:00,10297.2998,1879.97,3058.48,1173.91,15154.7998,6153.2002,2962.6299,1430.6,42110.8897,E2,N,N
01/19/2019,22:00,11586.2998,1865.76,3072.74,1201.4399,15127.2002,6700.3501,3114.47,1290.1899,43958.4499,E3,Y,N
01/19/2019,22:00,11102.9238,1900.4382,3057.4136,1143.8567,14989.626,6498.064,3081.3474,1410.1514,43183.8211,M,N,N
01/19/2019,23:00,10931.6299,1981.5972,3115.7708,1144.5884,14422.082,6264.6685,3043.7048,1434.6166,42338.6582,A3,N,N
01/19/2019,23:00,10778.5879,1712.3842,3070.1658,1111.3705,14515.2256,6786.9097,3017.7622,1408.9133,42401.3192,A6,N,N
01/19/2019,23:00,10729.9004,1769.41,3015.0901,1122.97,14745.2002,6088.0898,3025.5701,1516.37,42012.6006,E,N,N
01/19/2019,23:00,11328,2038.8199,2996.97,1046.21,14783.9004,6469.8901,3096.47,1312.87,43073.1304,E1,N,N
01/19/2019,23:00,10029,1829.64,3039.03,1135.63,14632.7002,5932.8999,3016.21,1395.87,41010.9801,E2,N,N
01/19/2019,23:00,10997.0996,1875.11,3162.76,1161.4399,14798.7998,6426.2598,3110.3301,1237.01,42768.8092,E3,Y,N
01/19/2019,23:00,10799.0361,1867.8269,3066.6311,1120.3682,14649.6514,6328.1196,3051.6746,1384.275,42267.5829,M,N,N
01/19/2019,24:00,10667.4912,1927.0331,3108.9175,1124.8844,14198.7686,6138.7661,2976.8914,1387.4794,41530.2317,A3,N,N
01/19/2019,24:00,10475.3281,1627.5253,3076.397,1100.6564,14141.583,6498.8535,2965.2808,1322.4448,41208.0689,A6,N,N
01/19/2019,24:00,10508,1726.9399,3014.8501,1079.17,14452.5996,6013.77,3074.99,1484.4301,41354.7497,E,N,N
01/19/2019,24:00,10911.5,1972.59,3001.3899,1060.5699,14714.2998,6359.7598,3036.0801,1279.6899,42335.8794,E1,N,N
01/19/2019,24:00,9762.0996,1796.3101,3036.79,1092.13,14128,5723.71,3019.26,1363.01,39921.3097,E2,N,N
01/19/2019,24:00,11028.0996,1845.08,3054.1699,1132.58,14464.9004,6327.0898,3061.02,1253.76,42166.6997,E3,Y,N
01/19/2019,24:00,10558.7529,1815.9131,3048.7524,1098.3318,14350.0254,6176.9917,3022.2537,1348.469,41419.49,M,N,N
01/20/2019,1:00,10425.9219,1915.6255,3074.7275,1119.9028,14187.0693,6130.3682,2983.7566,1423.1697,41260.5415,A3,N,N
01/20/2019,1:00,10263.3047,1538.525,3042.0217,1040.6476,14109.3447,6540.1963,3016.199,1390.3794,40940.6184,A6,N,N
01/20/2019,1:00,10392,1753.64,3022.3401,1072.4301,14213.7002,5993.6899,3091.5601,1489.99,41029.3504,E,N,N
01/20/2019,1:00,10589.2998,1928.4,3016.46,1089.45,14731.0996,6326.8999,3102.1599,1305.1,42088.8692,E1,Y,N
01/20/2019,1:00,10645.7998,1780.84,3042.5901,1068.65,13857.2002,6148.5,3135.8701,1359.27,41038.7202,E2,N,N
01/20/2019,1:00,10953.4004,1871.1,3016.6899,1110.89,14298.2998,6278.0601,3083.6201,1303.21,41915.2703,E3,N,N
01/20/2019,1:00,10544.9541,1798.0217,3035.8052,1083.6617,14232.7861,6236.2856,3068.8611,1378.5199,41378.8954,M,N,N
01/20/2019,2:00,10276.2959,1896.6862,3071.9585,1132.0857,14010.1846,6097.5986,3032.3215,1425.7595,40942.8905,A3,N,N
01/20/2019,2:00,10079.6514,1522.7839,3031.5134,1035.2559,13930.5732,6425.8755,3078.2407,1414.4689,40518.3629,A6,N,N
01/20/2019,2:00,10236.2002,1760.02,3023.8301,1062.79,13985,5986.8599,3069.6699,1490.83,40615.2001,E,N,N
01/20/2019,2:00,10391,1877.77,3022.3701,1126.61,14196.0996,6323.27,3222.02,1354.16,41513.2997,E1,Y,N
01/20/2019,2:00,10493.2998,1777.77,3043.3301,1067.54,13794.5996,6077.8301,3184.7,1361.27,40800.3396,E2,N,N
01/20/2019,2:00,10944.9004,1886.98,3002.1001,1144.37,14077.0996,6239.48,3091.75,1302.6801,41689.3602,E3,N,N
01/20/2019,2:00,10403.5586,1787.0018,3032.5171,1094.7754,13998.9258,6191.8193,3113.1174,1391.5281,41013.2435,M,N,N
01/20/2019,3:00,10302.2119,1901.6906,3084.9119,1132.1699,14044.3477,6209.0386,3056.0803,1428.9937,41159.4446,A3,N,N
01/20/2019,3:00,10018.7881,1525.6136,3041.3494,1025.2969,13927.0996,6490.2422,3112.3782,1425.5387,40566.3067,A6,N,N
01/20/2019,3:00,10238.5996,1789.7,3032.98,1151.48,14170.4004,6066.5298,3110.8201,1492.86,41053.3699,E,N,N
01/20/2019,3:00,10384.5996,1948.8199,3044.5901,1112.47,14881.0996,6494.2998,3243.8101,1401.13,42510.8191,E1,Y,N
01/20/2019,3:00,10462.7002,1782.97,3055.3401,1079.21,13841.7002,6065.3198,3276.49,1381.55,40945.2803,E2,N,N
01/20/2019,3:00,10810,1886.75,3086.8601,1169.05,14118.0996,6147.0298,3270.29,1361.1899,41849.2694,E3,N,N
01/20/2019,3:00,10369.4834,1805.9242,3057.6719,1111.6128,14163.792,6245.4102,3178.3115,1415.2104,41347.4164,M,N,N
01/20/2019,4:00,10353.8213,1906.2362,3088.3657,1139.885,14078.7041,6293.5024,3182.9734,1433.7086,41477.1967,A3,N,N
01/20/2019,4:00,10093.0107,1527.8339,3042.4475,1024.3977,13912.9863,6567.2891,3197.7783,1443.2332,40808.9767,A6,N,N
01/20/2019,4:00,10340.4004,1800.67,3035.6899,1147.96,14180.9004,6157.8799,3057.8501,1498.85,41220.2007,E,N,N
01/20/2019,4:00,10479.2002,2010.33,3043.55,1154.52,14926.0996,6287.3799,3377.8,1344.42,42623.2997,E1,Y,N
01/20/2019,4:00,10487.4004,1800.5601,3061.49,1095.7,14033.7998,6097.5298,3319.6699,1401.27,41297.42,E2,N,N
01/20/2019,4:00,10766.7002,1906.95,3070.4199,1180.51,14347,6243.7402,3315.3201,1331.8,42162.4404,E3,N,N
01/20/2019,4:00,10420.0898,1825.4302,3056.9939,1123.8289,14246.582,6274.5542,3241.8989,1408.8804,41598.2583,M,N,N
01/20/2019,5:00,10507.915,1949.9551,3107.4932,1155.6743,14307.1738,6453.585,3314.9158,1443.5701,42240.2823,A3,N,N
01/20/2019,5:00,10185.6465,1559.9581,3076.6648,1040.8765,14140.8516,6711.3916,3278.9783,1437.6244,41431.9918,A6,N,N
01/20/2019,5:00,10594.9004,1858.62,3047.48,1135.35,14483.7002,6324.3198,3113.5,1523.41,42081.2804,E,N,N
01/20/2019,5:00,10540.9004,2053.04,3066.5601,1177.0601,15221.5996,6497.2598,3306.5,1368.24,43231.16,E1,Y,N
01/20/2019,5:00,10657.7998,1839.01,3083.28,1117.12,14368.9004,6250.4502,3401.46,1427.03,42145.0504,E2,N,N
01/20/2019,5:00,10892.7002,1927.4399,3096.6399,1197.02,14448.5,6531.4399,3472.2,1366.53,42932.4699,E3,N,N
01/20/2019,5:00,10563.3105,1864.6707,3079.6863,1137.1835,14495.123,6461.4077,3314.5925,1427.7341,42343.7083,M,N,N
01/20/2019,6:00,10881.418,2017.7325,3118.2939,1192.4506,14850.415,6777.1377,3533.6814,1485.1559,43856.285,A3,N,N
01/20/2019,6:00,10449.4902,1634.4532,3078.4443,1081.3932,14651.3135,7022.8325,3447.2209,1505.3389,42870.4867,A6,N,N
01/20/2019,6:00,11052.2998,1921.1801,3070.98,1161.88,14936.5,6631.5601,3433.28,1528.14,43735.82,E,N,N
01/20/2019,6:00,10833.5,2108.6399,3099.9299,1175.8199,15762.0996,6705.7598,3418.6101,1417.65,44522.0092,E1,Y,N
01/20/2019,6:00,10975,1899.98,3112.8201,1166.13,14992.9004,6558.9199,3531.9199,1474.72,43712.3903,E2,N,N
01/20/2019,6:00,11283.4004,1922.83,3122.9299,1219.74,14970.0996,6718.0801,3548.98,1398.64,44184.7,E3,N,N
01/20/2019,6:00,10912.5176,1917.4692,3100.5664,1166.2356,15027.2217,6735.7153,3485.6157,1468.2742,43813.6157,M,N,N
01/20/2019,7:00,11286.0205,2119.2908,3149.0923,1234.6371,15497.8008,7203.0078,3789.9033,1557.7716,45837.5242,A3,N,N
01/20/2019,7:00,10916.0117,1752.7369,3104.6587,1137.7284,15296.3027,7440.5498,3682.2944,1620.0786,44950.3612,A6,N,N
01/20/2019,7:00,11640.0996,2043.78,3097.55,1227.11,15608.0996,7062.1899,3470.03,1509.78,45658.6391,E,N,N
01/20/2019,7:00,11364.2998,2163.1201,3126.3,1238.25,16510.8008,7160.77,3806.3301,1469.27,46839.1408,E1,Y,N
01/20/2019,7:00,11423.9004,1984.86,3150.2,1215.21,15755.7002,6966.0898,3748.1699,1556.71,45800.8403,E2,N,N
01/20/2019,7:00,11715.4004,2061.22,3154.54,1247.87,15569.7998,7180.6099,3516.49,1447.29,45893.2201,E3,N,N
01/20/2019,7:00,11390.9551,2020.8347,3130.3906,1216.801,15706.418,7168.8701,3668.8696,1526.8167,45829.9558,M,N,N
01/20/2019,8:00,11597.7109,2182.2139,3177.2778,1277.5449,16144.4531,7548.6377,3926.7612,1616.1539,47470.7534,A3,N,N
01/20/2019,8:00,11204.9482,1815.7148,3163.5317,1179.944,15855.3574,7752.5396,3766.5608,1667.7035,46406.3,A6,N,N
01/20/2019,8:00,11954.2998,2115.3201,3120.99,1241.87,16119.0996,7430.6699,3707.48,1566.49,47256.2194,E,N,N
01/20/2019,8:00,11610.2998,2208.8899,3144.6201,1240.7,16834.0996,7490.6499,3819.3899,1555.51,47904.1592,E1,Y,N
01/20/2019,8:00,11535.2998,2039.0699,3170.6899,1243.71,16260.0996,7256.5098,3868.1599,1617.16,46990.6989,E2,N,N
01/20/2019,8:00,11832,2182,3178.6399,1281.35,16025.2002,7414.9902,3755.25,1573.63,47243.0603,E3,N,N
01/20/2019,8:00,11622.4268,2090.5349,3159.292,1244.1865,16206.3848,7482.333,3807.2671,1599.4414,47211.8665,M,N,N
01/20/2019,9:00,11635.3164,2230.6418,3162.8989,1308.9907,16460.2246,7597.9155,3988.7095,1615.4154,48000.1128,A3,N,N
01/20/2019,9:00,11342.8506,1913.186,3145.7803,1216.7297,16124.0713,7819.5342,3790.7258,1656.2324,47009.1103,A6,N,N
01/20/2019,9:00,12133.9004,2157.8401,3109.21,1293.21,16029.7002,7491,3661.51,1541.99,47418.3607,E,N,N
01/20/2019,9:00,11777.5,2184.0701,3126.77,1238.9399,16733.9004,7478.98,3832.23,1518.64,47891.0304,E1,Y,N
01/20/2019,9:00,11593.4004,2039.74,3146.3899,1260.8,16173.5,7238.3301,3851.47,1595.99,46899.6204,E2,N,N
01/20/2019,9:00,11832.7998,2156.24,3149.8701,1280.1899,16051,7383.6401,3698.72,1563.89,47116.3499,E3,N,N
01/20/2019,9:00,11719.2949,2113.6199,3140.1533,1266.4767,16262.0674,7501.5664,3803.8943,1582.0262,47389.0991,M,N,N
01/20/2019,10:00,11824.0332,2201.1924,3160.4282,1295.276,16373.6729,7519.6147,3988.9236,1548.0208,47911.1618,A3,N,N
01/20/2019,10:00,11584.6621,1893.7632,3156.6865,1227.8398,16260.6211,7795.6909,3837.855,1565.4457,47322.5643,A6,N,N
01/20/2019,10:00,12114.5996,2073.97,3084.6399,1308.04,15559.7998,7240.8701,3604.5601,1505.02,46491.4995,E,N,N
01/20/2019,10:00,11614.4004,2162.75,3109.9299,1306.5699,16184.2002,7197.1001,3695.52,1396.6801,46667.1506,E1,Y,N
01/20/2019,10:00,11572.5996,1978.4301,3119.49,1258.89,15610.0996,6948.5801,3741.3799,1476.9,45706.3693,E2,N,N
01/20/2019,10:00,11826.2998,2060.5901,3129.24,1248.02,15641.2002,7166.77,3703.6499,1434.77,46210.54,E3,N,N
01/20/2019,10:00,11756.0986,2061.7827,3126.7358,1274.106,15938.2656,7311.4375,3761.9814,1487.8062,46718.2138,M,N,N
01/20/2019,11:00,11666.6729,2116.4404,3164.8323,1281.2655,16045.0635,7275.0781,3786.9319,1430.4374,46766.722,A3,N,N
01/20/2019,11:00,11541.5469,1857.1327,3156.4927,1247.9615,16054.042,7679.0903,3716.8516,1374.0873,46627.205,A6,N,N
01/20/2019,11:00,11770,1920.45,3028.99,1278.11,14752.0996,6820.8701,3487.3301,1480.39,44538.2398,E,N,N
01/20/2019,11:00,11362,2014.03,3053.3,1279.99,15502.5996,6854,3463.3,1324.23,44853.4496,E1,Y,N
01/20/2019,11:00,11378.4004,1880.11,3087.53,1206.5699,14938.7998,6571.1602,3516.04,1389.04,43967.6503,E2,N,N
01/20/2019,11:00,11534,1985.74,3115.3601,1199.33,14845.9004,6834.9102,3603.1599,1326.73,44445.1306,E3,N,N
01/20/2019,11:00,11542.1035,1962.3173,3101.0845,1248.8711,15356.418,7005.8516,3595.6023,1387.4858,45199.7341,M,N,N
01/20/2019,12:00,11404.0586,1970.7345,3127.1643,1233.8721,15107.123,6804.7056,3572.9192,1332.4001,44552.9774,A3,N,N
01/20/2019,12:00,11383.6455,1773.933,3136.7288,1230.7432,15278.0479,7277.1084,3575.926,1259.5967,44915.7295,A6,N,N
01/20/2019,12:00,11341.2002,1776.35,2980.5901,1217.6899,14035.5996,6409.8799,3295.29,1401.37,42457.9697,E,N,N
01/20/2019,12:00,11062.0996,1900.1899,3008.9099,1230.74,14538.0996,6471.77,3233.8101,1251.41,42697.0291,E1,Y,N
01/20/2019,12:00,11143.2998,1774.9399,3040.8799,1151.8199,14178.7998,6201.73,3297.5,1303.35,42092.3193,E2,N,N
01/20/2019,12:00,11106.0996,1846.4301,3037.6201,1156.33,14067.5996,6453.7998,3306.99,1258.49,42233.3592,E3,N,N
01/20/2019,12:00,11240.0674,1840.4297,3055.3154,1203.5326,14534.2109,6603.166,3380.4063,1301.1028,43158.2311,M,N,N
01/20/2019,13:00,11032.1035,1832.2286,3050.9045,1188.8586,14368.4492,6396.6836,3345.7327,1271.1583,42486.119,A3,N,N
01/20/2019,13:00,11009.0752,1700.3003,3090.1873,1205.2876,14559.4531,6901.0508,3372.5527,1226.8895,43064.7965,A6,N,N
01/20/2019,13:00,10835.5,1683.54,2939.04,1183.36,13326,6061.5298,3055.75,1334.1899,40418.9097,E,N,N
01/20/2019,13:00,10739.4004,1777.1899,2986.4299,1170.04,13736,6108.3501,3031.3,1183.6801,40732.3904,E1,Y,N
01/20/2019,13:00,10782.4004,1703.77,2996.5901,1094.63,13479.2002,5872.4902,3089.3899,1238.6801,40257.1509,E2,N,N
01/20/2019,13:00,10866.5,1699.78,3009.8601,1131.29,13317,6044.8901,3142.51,1201.62,40413.4502,E3,N,N
01/20/2019,13:00,10877.4961,1732.8015,3012.1687,1162.2444,13797.6836,6230.833,3172.8728,1242.703,41228.8031,M,N,N
01/20/2019,14:00,10637.377,1694.4196,2986.928,1134.8492,13495.3145,6103.8037,3178.4385,1221.5638,40452.6943,A3,N,N
01/20/2019,14:00,10697.957,1602.5867,3025.0032,1154.7297,13567.3809,6599.7827,3184.386,1204.0315,41035.8577,A6,N,N
01/20/2019,14:00,10397.4004,1616.39,2905.6699,1126.65,12583,5743.4902,2930.04,1338.4,38641.0405,E,N,N
01/20/2019,14:00,10491.7998,1675.11,2961.1699,1157.83,12948.7998,5836.9199,2794.99,1159.62,39026.2394,E1,Y,N
01/20/2019,14:00,10463.4004,1648.17,2953.6201,1045.41,12720.5996,5569.6699,2943.5,1183.74,38528.11,E2,N,N
01/20/2019,14:00,10479.5,1640.04,2968.76,1097.4301,12658.9004,5761.54,2950.5601,1182.63,38739.3606,E3,N,N
01/20/2019,14:00,10527.9053,1646.1196,2966.8584,1119.4833,12995.666,5935.8682,2996.9858,1214.9976,39403.8842,M,N,N
01/20/2019,15:00,10270.4434,1621.6687,2948.1997,1077.4672,12797.3711,5849.6528,3060.8042,1168.5731,38794.1802,A3,N,N
01/20/2019,15:00,10301.3984,1557.6652,2978.144,1118.7726,12787.6953,6316.9775,3046.1777,1143.4573,39250.288,A6,N,N
01/20/2019,15:00,9973.1396,1538.59,2877.04,1097.0601,12034.2998,5535.1699,2830.3799,1306.35,37192.0293,E,N,N
01/20/2019,15:00,10073.2998,1663.79,2935.75,1077.97,12293.0996,5525.4902,2684.71,1093.75,37347.8596,E1,Y,N
01/20/2019,15:00,10142.7002,1597.2,2920.05,1004.33,12133.5996,5357.9502,2835.3301,1149.6899,37140.85,E2,N,N
01/20/2019,15:00,10126.5,1615.97,2975.5801,1063.51,12154.4004,5516.3101,2864.1201,1166.8,37483.1907,E3,N,N
01/20/2019,15:00,10147.9131,1599.1475,2939.1274,1073.1851,12366.7441,5683.5918,2886.9202,1171.4368,37868.066,M,N,N
01/20/2019,16:00,10113.2627,1571.8679,2933.5923,1020.6239,12498.1777,5729.6069,2970.3247,1155.6398,37993.0959,A3,N,N
01/20/2019,16:00,10121.5508,1550.3467,2950.7183,1074.5792,12378.6162,6180.8408,2931.7966,1122.902,38311.3506,A6,N,N
01/20/2019,16:00,9778.3096,1529.16,2853.1699,1051.3,11601.4004,5465.77,2722.6299,1266.41,36268.1498,E,N,N
01/20/2019,16:00,10064.9004,1562.12,2920.29,1038.4399,11862.5,5450.96,2595.0901,1088.6899,36582.9903,E1,Y,N
01/20/2019,16:00,9996.4004,1573.86,2893.1899,977.537,11876.7998,5305.2202,2778.1299,1136.66,36537.7972,E2,N,N
01/20/2019,16:00,10160.2002,1551.63,2925.52,1035.14,12053.2002,5351.9902,2671.5701,1144.27,36893.5207,E3,N,N
01/20/2019,16:00,10039.1035,1556.4976,2912.7468,1032.9368,12045.1172,5580.7319,2778.2568,1152.4287,37097.8193,M,N,N
01/20/2019,17:00,10130.8848,1590.2295,2925.1035,1007.8619,12617.665,5788.124,2982.1604,1189.8949,38231.924,A3,N,N
01/20/2019,17:00,10034.4053,1601.3552,2927.3582,1061.4403,12383.1484,6125.7417,2921.689,1165.2865,38220.4246,A6,N,N
01/20/2019,17:00,9816.6904,1576.59,2852.45,1062.36,11880.5,5554.3198,2766.1399,1236.4,36745.4501,E,N,N
01/20/2019,17:00,9934.4697,1614.39,2911.1699,1036.08,12094.2002,5590,2651.3799,1120.5699,36952.2596,E1,Y,N
01/20/2019,17:00,10020.9004,1609.75,2894.72,970.964,11878.7998,5355.6001,2769.78,1150.1801,36650.6944,E2,N,N
01/20/2019,17:00,10105.7002,1591.63,2935.1101,1013.57,12012.7002,5524.75,2620.3,1127.71,36931.4705,E3,N,N
01/20/2019,17:00,10007.1758,1597.3242,2907.6521,1025.3794,12144.5039,5656.4224,2785.2417,1165.007,37288.7065,M,N,N
01/20/2019,18:00,10467.6084,1672.7056,2937.4041,1002.501,13249.7715,6063.6221,3067.8618,1255.5295,39717.004,A3,N,N
01/20/2019,18:00,10339.2871,1692.1331,2925.4016,1062.3514,13060.2393,6367.3018,3019.2625,1211.5684,39677.5452,A6,N,N
01/20/2019,18:00,10529.7998,1691.95,2872.8701,1079.22,12820.5,5954.1299,2902.1201,1307.01,39157.5999,E,N,N
01/20/2019,18:00,10590.5,1752.89,2930.0801,1050.73,12988.4004,6092.5601,2800.3301,1189,39394.4907,E1,Y,N
01/20/2019,18:00,10545.7002,1706.9399,2923.49,1001.17,12670.2998,5718.27,2890.8101,1213.1801,38669.8601,E2,N,N
01/20/2019,18:00,10599,1719.8199,2963.1201,1038.29,12910.4004,5916.46,2854.03,1171.13,39172.2504,E3,N,N
01/20/2019,18:00,10511.9824,1706.073,2925.3943,1039.0438,12949.9355,6018.7241,2922.4026,1224.5697,39298.1254,M,N,N
01/20/2019,19:00,11067.9092,1767.0991,3007.9285,1048.1632,13932.4453,6572.2891,3330.9204,1338.2571,42065.0119,A3,N,N
01/20/2019,19:00,10914.5928,1819.0978,2976.3032,1118.1768,13838.3184,6823.9624,3294.7473,1308.8857,42094.0844,A6,N,N
01/20/2019,19:00,11676.5,1848.15,2945.74,1099.4,13791.7002,6632.2998,3153.3401,1337.61,42484.7401,E,N,N
01/20/2019,19:00,11283.2998,1859.63,2994.5701,1090,13423.5,6457.73,3003.04,1298.6,41410.3699,E1,Y,N
01/20/2019,19:00,11371.2002,1839.74,3017.8201,1075.22,13856.2002,6383.4399,3195.8101,1319.1899,42058.6204,E2,N,N
01/20/2019,19:00,11217.9004,1851.01,3034.6599,1074.6899,13795.5,6493.79,3196.25,1287.8101,41951.6103,E3,N,N
01/20/2019,19:00,11255.2344,1830.7878,2996.1702,1084.275,13772.9453,6560.5854,3195.6846,1315.0588,42010.7415,M,N,N
01/20/2019,20:00,11248.3428,1814.9172,3043.9604,1077.8007,14500.6992,6833.0103,3468.1189,1380.0659,43366.9154,A3,N,N
01/20/2019,20:00,11174.998,1855.6923,2998.3215,1150.704,14382.1309,7143.9272,3426.2444,1385.8444,43517.8627,A6,N,N
01/20/2019,20:00,11947.7002,1908.87,2989.3601,1134,13840.7998,6909.4399,3288.9399,1370.54,43389.6499,E,N,N
01/20/2019,20:00,11262.7998,1895.6801,3045.04,1110.91,14323.4004,6724.2202,3182.3,1307.47,42851.8205,E1,Y,N
01/20/2019,20:00,11566.9004,1888.4,3074.98,1102.9301,14287.5,6647.2002,3389.76,1368.11,43325.7807,E2,N,N
01/20/2019,20:00,11344.7002,1893.49,3059.01,1087.61,14227.0996,6728.96,3324.5901,1308.41,42973.8699,E3,N,N
01/20/2019,20:00,11424.2402,1876.1749,3035.1121,1110.6592,14260.2725,6831.127,3346.6589,1353.4067,43237.6515,M,N,N
01/20/2019,21:00,11199.7988,1870.6583,3049.8328,1088.3669,14438.5938,6873.0498,3590.3826,1383.4307,43494.1137,A3,N,N
01/20/2019,21:00,11166.7979,1894.943,3005.8801,1136.1422,14442.5146,7255.7549,3562.999,1394.1433,43859.175,A6,N,N
01/20/2019,21:00,11908.7998,1926.27,3007.3301,1128.34,14047.4004,6919.6802,3451.1399,1370.87,43759.8304,E,N,N
01/20/2019,21:00,11219,1956.34,3071.76,1107.13,14371,6832.46,3281.25,1374.51,43213.45,E1,Y,N
01/20/2019,21:00,11556.7998,1904.75,3091.8,1095.85,14325,6680.48,3476.9099,1378.27,43509.8597,E2,N,N
01/20/2019,21:00,11261.9004,1965.13,3090.05,1104.02,14322.2998,6798.3301,3368.1599,1313.9301,43223.8203,E3,N,N
01/20/2019,21:00,11385.5166,1919.6819,3052.7756,1109.9749,14324.4688,6893.2925,3455.1401,1369.1924,43510.0428,M,N,N
01/20/2019,22:00,10938.916,1828.9038,3035.8394,1075.29,14009.5205,6766.1665,3607.0986,1374.5823,42636.3171,A3,N,N
01/20/2019,22:00,10905.123,1839.6476,2989.5107,1111.0079,14161.5449,7158.4336,3550.2749,1391.6991,43107.2417,A6,N,N
01/20/2019,22:00,11561.4004,1879.73,3006.0901,1092.64,13793.5996,6764.8398,3452.6599,1408.75,42959.7098,E,N,N
01/20/2019,22:00,11220.7002,1920,3052.77,1090.41,13841.7002,6723.8799,3354.6299,1402.12,42606.2102,E1,Y,N
01/20/2019,22:00,11315.2002,1873.16,3081.49,1069.3101,14071.4004,6550.1001,3507.52,1362.11,42830.2908,E2,N,N
01/20/2019,22:00,11265.9004,1887.17,3069.22,1095.6801,13970.5,6715.1099,3441.02,1384.4399,42829.0403,E3,N,N
01/20/2019,22:00,11201.207,1871.4353,3039.1533,1089.0564,13974.7119,6779.7554,3485.5339,1387.2836,42828.1368,M,N,N
01/20/2019,23:00,10438.4775,1759.861,3015.2556,1035.6277,13486.084,6500.46,3511.3635,1333.4102,41080.5395,A3,N,N
01/20/2019,23:00,10479.1572,1752.719,2978.292,1069.7759,13658.7002,6895.1353,3438.8904,1367.3392,41640.0092,A6,N,N
01/20/2019,23:00,10836.7998,1781.64,2987.3899,1040.3,13331.7998,6447.3799,3323.51,1406.8,41155.6194,E,N,N
01/20/2019,23:00,10801.2998,1880.7,3008.6399,1061.63,13478.9004,6374.48,3233.9399,1386.7,41226.29,E1,Y,N
01/20/2019,23:00,10808.2002,1785.79,3046.3301,1026.98,13289.7998,6219.3701,3383.45,1302.78,40862.7002,E2,N,N
01/20/2019,23:00,10739.2002,1807.02,3076.6001,1058.16,13560.0996,6467.8999,3307.24,1371.1,41387.3198,E3,N,N
01/20/2019,23:00,10683.8555,1794.6218,3018.7515,1048.7456,13467.5645,6484.1211,3366.3989,1361.355,41225.4139,M,N,N
01/20/2019,24:00,9951.5029,1674.1152,3016.4155,1007.4263,12793.8184,6209.8496,3378.9099,1258.1141,39290.1519,A3,N,N
01/20/2019,24:00,10055.6494,1632.9993,2978.2949,1041.4493,13005.2734,6479.8252,3265.7087,1250.7227,39709.9229,A6,N,N
01/20/2019,24:00,10063.2998,1685.52,2977.79,1041.24,12434,6101.7798,3170.73,1341.23,38815.5896,E,N,N
01/20/2019,24:00,10372.2998,1779.28,2989.1499,1004.58,12876.5996,6119.5,3113.01,1272.8101,39527.2294,E1,Y,N
01/20/2019,24:00,10234.9004,1704.39,3028.78,987.279,12448,5851.3101,3192.4399,1230.5,38677.5994,E2,N,N
01/20/2019,24:00,10423.5996,1747.37,3048.52,1033.73,12892.7998,6190.5801,3239.25,1258.72,39834.5695,E3,N,N
01/20/2019,24:00,10183.542,1703.9458,3006.4917,1019.2841,12741.749,6158.8076,3226.6748,1268.6827,39309.1777,M,N,N
01/21/2019,1:00,9659.1797,1737.1575,2986.8494,980.4086,12273.8359,6088.6641,3267.9331,1266.1298,38260.1581,A3,Y,N
01/21/2019,1:00,9813.1465,1590.7936,2938.7883,969.1787,12632.8369,6422.937,3179.3416,1288.5587,38835.5813,A6,N,N
01/21/2019,1:00,9792.8496,1645.08,2970.5701,1026.9301,12697.0996,5917.73,3037.54,1306.47,38394.2694,E,N,N
01/21/2019,1:00,10081.7998,1708.86,2961.26,974.483,12171,5903.3198,2982.8501,1243.83,38027.4027,E1,N,N
01/21/2019,1:00,9860.9404,1633.01,3012.7,967.145,11691.2002,5357.2598,2946.78,1154.74,36623.7754,E2,N,N
01/21/2019,1:00,10045.2002,1735.38,3037.2,950.156,12414.7998,5971.5698,3119.21,1213.83,38487.3458,E3,N,N
01/21/2019,1:00,9875.5195,1675.0468,2984.5613,978.0503,12313.4629,5943.5801,3088.9426,1245.593,38104.7565,M,N,N
01/21/2019,2:00,9516.1064,1714.5688,2959.1116,967.1939,12017.7656,6013.6196,3162.9243,1269.7068,37620.997,A3,Y,N
01/21/2019,2:00,9709.2227,1577.5143,2909.8918,951.2703,12344.0605,6318.0605,3083.3567,1322.97,38216.3468,A6,N,N
01/21/2019,2:00,9694.0098,1645.1801,2951.4099,1010.79,12654.4004,5902.9902,2914.99,1267.05,38040.8204,E,N,N
01/21/2019,2:00,9795.1699,1677.35,2929.6201,942.002,11727.5996,5805.3198,2916.96,1237.42,37031.4414,E1,N,N
01/21/2019,2:00,9759.1699,1621.47,2989.3101,960.636,11420.9004,5294.3701,2765.9199,1122.4399,35934.2163,E2,N,N
01/21/2019,2:00,9896.9902,1762.42,3056.5701,931.743,12057.2998,5848.9199,3067.49,1215.73,37837.163,E3,N,N
01/21/2019,2:00,9728.4453,1666.4172,2965.9854,960.6058,12037.0049,5863.8799,2985.2734,1239.2196,37446.8315,M,N,N
01/21/2019,3:00,9495.5332,1727.4879,2969.6899,959.9362,12042.3975,6050.0269,3165.9819,1276.4971,37687.5506,A3,Y,N
01/21/2019,3:00,9736.7998,1596.7772,2909.353,940.4529,12307.1885,6308.1851,3087.2004,1348.8662,38234.8231,A6,N,N
01/21/2019,3:00,9703.4297,1660.0601,2941.8101,1022.45,12567.5,5953.1499,3019.6799,1222.04,38090.1197,E,N,N
01/21/2019,3:00,10035.2002,1703.0601,2908.1599,1026.52,11558.2998,5755.8301,2854.1101,1320.28,37161.4602,E1,N,N
01/21/2019,3:00,9754.9805,1603.5601,2978.1201,967.959,11246.9004,5302.1899,2685.9399,1109.0699,35648.7198,E2,N,N
01/21/2019,3:00,9700.2002,1721.24,3017.0701,924.304,12061.7998,5754.77,3025.8899,1236.5,37441.774,E3,N,N
01/21/2019,3:00,9737.6904,1668.6975,2954.0339,973.6036,11964.0146,5854.0254,2973.1338,1252.209,37377.4082,M,N,N
01/21/2019,4:00,9618.8438,1739.6877,2989.3569,962.8911,12121.1299,6211.7983,3202.4636,1284.1628,38130.3341,A3,Y,N
01/21/2019,4:00,9918.9668,1603.6521,2916.5254,942.5438,12303.3301,6429.6118,3126.1968,1371.588,38612.4148,A6,N,N
01/21/2019,4:00,9810.4902,1700.2,2943.5701,1027.22,12433.2998,6061.8198,2979.95,1228.65,38185.1999,E,N,N
01/21/2019,4:00,10132.5,1752.71,2930.0901,979.209,11685.7002,5933.8101,2864.99,1281.74,37560.7494,E1,N,N
01/21/2019,4:00,9873.3604,1656.42,2984.1599,992.014,11776,5421.23,2787,1128.51,36618.6943,E2,N,N
01/21/2019,4:00,9750.3398,1763.08,3013.98,945.016,12364.9004,5866.27,3041.97,1302.37,38047.9262,E3,N,N
01/21/2019,4:00,9850.75,1702.625,2962.9473,974.8157,12114.0605,5987.4238,3000.4287,1266.1702,37859.2212,M,N,N
01/21/2019,5:00,9955.6191,1806.4242,3031.2,989.625,12550.8916,6483.5942,3333.9189,1298.1826,39449.4556,A3,Y,N
01/21/2019,5:00,10259.792,1650.0845,2979.4915,969.6483,12927.2051,6696.666,3248.3438,1371.7922,40103.0234,A6,N,N
01/21/2019,5:00,10138.9004,1740.85,2949.3501,1091.33,13039.2002,6264.4902,3050.1001,1199.4399,39473.6609,E,N,N
01/21/2019,5:00,10465.5,1745.48,2928.3,1019.61,12078.2002,6133.1899,3080.8999,1249.74,38700.92,E1,N,N
01/21/2019,5:00,10101.0996,1695.15,2984.21,1027.3101,12274.2002,5637.04,2877,1130.48,37726.4899,E2,N,N
01/21/2019,5:00,10274.5,1777.2,3016.9299,1023.23,12718.4004,6480.4302,3139.99,1207.6,39638.2805,E3,N,N
01/21/2019,5:00,10199.2354,1735.865,2981.5806,1020.1256,12598.0166,6282.5688,3121.709,1242.8726,39181.9736,M,N,N
01/21/2019,6:00,10674.0703,1955.4528,3060.5061,1048.9912,13582.9648,7128.1299,3589.9663,1374.7455,42414.8269,A3,Y,N
01/21/2019,6:00,10977.3018,1804.2642,2997.2742,1037.2573,14010.5898,7290.5571,3494.0779,1477.7252,43089.0475,A6,N,N
01/21/2019,6:00,10780.7998,1874.87,2984.75,1135.92,13904.4004,6617.25,3237.73,1415.25,41950.9702,E,N,N
01/21/2019,6:00,10863.2998,1847.85,2959.1499,1080.63,13234,6390.0098,3136.22,1337.4,40848.5595,E1,N,N
01/21/2019,6:00,10680.2998,1817.91,3018.24,1078.04,13262.7002,6123.6401,3100.45,1218.92,40300.2001,E2,N,N
01/21/2019,6:00,10910.7998,1889.8101,3081.3701,1075.88,13658.2998,6639.1099,3291.3799,1276.4,41823.0496,E3,N,N
01/21/2019,6:00,10814.4287,1865.0262,3016.8818,1076.1198,13608.8262,6698.1162,3308.3042,1350.0735,41737.7766,M,N,N
01/21/2019,7:00,11524.2324,2180.7922,3122.0896,1111.3363,15079.1865,8035.7251,4050.7703,1503.0314,46607.1638,A3,Y,N
01/21/2019,7:00,11956.8877,2030.5023,3049.0618,1111.994,15555.7051,8256.5889,4007.5459,1654.4233,47622.709,A6,N,N
01/21/2019,7:00,11547.4004,1981.35,3030.4099,1215.09,15003.4004,7046.5,3457.4399,1651.6,44933.1906,E,N,N
01/21/2019,7:00,11439.5,1927.24,3007.9099,1149.72,14324.5,6924.2598,3393.8301,1409.87,43576.8298,E1,N,N
01/21/2019,7:00,11356.2998,1959.01,3060.3,1136.51,14506.2002,6721.1001,3472.22,1354.9301,43566.5702,E2,N,N
01/21/2019,7:00,11281.5,1941.1899,3063.8701,1104.1801,14941.7002,7128.02,3493.76,1500.85,44455.0703,E3,N,N
01/21/2019,7:00,11517.6367,2003.3474,3055.6069,1138.1384,14901.7822,7352.0327,3645.9277,1512.4509,45126.9229,M,N,N
01/21/2019,8:00,11775.2031,2218.1978,3164.824,1150.7635,15623.9287,8447.2773,4060.5425,1549.908,47990.6449,A3,Y,N
01/21/2019,8:00,12198.6914,2072.6013,3125.7791,1131.3948,16057.1582,8582.3291,4037.2378,1686.96,48892.1517,A6,N,N
01/21/2019,8:00,11907.9004,2066.96,3074.8401,1228.36,15566.2998,7277.5,3739.8,1744.54,46606.2003,E,N,N
01/21/2019,8:00,11721.5,2037.8,3048.52,1177.55,15220.2998,7187.8799,3658.99,1439.0699,45491.6096,E1,N,N
01/21/2019,8:00,11566.7998,2036.35,3091.05,1141.6899,15112.5,6977.4399,3590.8899,1416.67,44933.3895,E2,N,N
01/21/2019,8:00,11849.5,2102.3501,3142.22,1121.85,15449.2998,7431.9102,3689.6699,1447.28,46234.08,E3,N,N
01/21/2019,8:00,11836.5996,2089.043,3107.8723,1158.6014,15504.9141,7650.7231,3796.1885,1547.4048,46691.3468,M,N,N
01/21/2019,9:00,11450.7549,2171.0371,3116.8325,1122.6075,15233.7969,8128.0947,3900.8203,1507.7557,46631.6996,A3,Y,N
01/21/2019,9:00,11930.1777,2071.9915,3089.4182,1120.9987,15627.4326,8320.7871,3838.6323,1615.0514,47614.4895,A6,N,N
01/21/2019,9:00,11882.4004,2036.04,3075.1599,1265.71,15520.4004,7200.52,3583.3101,1600.5699,46164.1107,E,N,N
01/21/2019,9:00,11801.0996,2006.08,3044.77,1192.1801,14829.9004,7163.6602,3628.02,1415.38,45081.0903,E1,N,N
01/21/2019,9:00,11512.4004,1977.87,3110.1599,1144.6,15050.7998,6863.6001,3437.8101,1382.17,44479.4103,E2,N,N
01/21/2019,9:00,11607.0996,2043.5601,3131.8201,1107.09,15236.7002,7430.1201,3601.5601,1375.53,45533.4802,E3,N,N
01/21/2019,9:00,11697.3232,2051.0964,3094.6936,1158.8644,15249.8389,7517.7979,3665.0256,1482.7429,45917.3829,M,N,N
01/21/2019,10:00,11272.5244,2076.9343,3095.5437,1101.1167,15032.9414,7670.1675,3703.0454,1447.213,45399.4864,A3,Y,N
01/21/2019,10:00,11645.8008,1991.6122,3079.7268,1114.8137,15224.7129,7928.5244,3688.55,1509.9398,46183.6806,A6,N,N
01/21/2019,10:00,11675,1908.1801,3078.52,1225.73,15039.5996,6913.6201,3451.9299,1342.74,44635.3197,E,N,N
01/21/2019,10:00,11850.2002,1947.72,3061.8501,1214.98,14364.5996,7077.77,3510.73,1381.62,44409.4699,E1,N,N
01/21/2019,10:00,11357.7998,1876.04,3082.3301,1140.53,14492.2002,6508.8799,3310.1101,1256.8,43024.6901,E2,N,N
01/21/2019,10:00,11775.2002,1949.7,3136.9099,1089.03,14964.5,7313.6001,3483.1799,1331.47,45043.5901,E3,N,N
01/21/2019,10:00,11596.0879,1958.3645,3089.147,1147.7002,14853.0938,7235.4277,3524.5911,1378.2971,44782.7093,M,N,N
01/21/2019,11:00,11035.9756,1986.0222,3075.4692,1094.0474,14582.3945,7153.9487,3442.4319,1378.3087,43748.5982,A3,Y,N
01/21/2019,11:00,11232.7686,1907.7782,3070.666,1139.8588,14736.9014,7532.3237,3461.2102,1314.3734,44395.8803,A6,N,N
01/21/2019,11:00,11544.2002,1794.74,3045.75,1219.74,14816,6617.1201,3293.54,1141.67,43472.7603,E,N,N
01/21/2019,11:00,11540,1845.84,3022.6699,1212.14,14296.7998,6822.8701,3249.97,1308.58,43298.8698,E1,N,N
01/21/2019,11:00,11145.2998,1805.02,3060.28,1117.08,13959.0996,6185.6499,3115.3501,1214.46,41602.2394,E2,N,N
01/21/2019,11:00,11411,1853.4399,3039.3501,1078.89,14724.4004,6991.6201,3288.0901,1161.34,43548.1306,E3,N,N
01/21/2019,11:00,11318.208,1865.4736,3052.3643,1143.626,14519.2676,6883.9224,3308.4321,1253.1221,43344.4161,M,N,N
01/21/2019,12:00,10724.4502,1851.2384,3048.5015,1073.8856,13500.0713,6619.9189,3222.749,1317.3256,41358.1405,A3,Y,N
01/21/2019,12:00,10750.4814,1798.0836,3063.9338,1133.2766,13488.6367,6851.4741,3209.1692,1243.1089,41538.1643,A6,N,N
01/21/2019,12:00,11293.9004,1721.45,3011.1899,1189.99,14015.5996,6347.6099,3208.73,1130.16,41918.6298,E,N,N
01/21/2019,12:00,11389.5996,1780.52,3035.23,1149.9,13441,6414.25,3071.8101,1235.64,41517.9497,E1,N,N
01/21/2019,12:00,10934.4004,1730.25,3017.6101,1067.88,13383.9004,5911.1699,2968.1001,1174.6899,40188.0008,E2,N,N
01/21/2019,12:00,10984.7002,1796.63,3106.8999,1062.25,13856.5,6734.4902,3180.1799,1149.98,41871.6302,E3,N,N
01/21/2019,12:00,11012.9219,1779.6954,3047.2275,1112.8636,13614.2861,6479.8188,3143.4565,1208.4841,41398.7539,M,N,N
01/21/2019,13:00,10487.3389,1687.8539,2989.4709,1026.6793,12749.7578,6146.438,3056.4658,1273.5276,39417.5322,A3,Y,N
01/21/2019,13:00,10417.5625,1673.3441,3003.1653,1088.3157,12725.5488,6307.9429,3013.5229,1218.4417,39447.8439,A6,N,N
01/21/2019,13:00,11001.5,1615.14,2921.3999,1151.23,13342.7002,6108.0601,3086.73,1231.6801,40458.4403,E,N,N
01/21/2019,13:00,11139.2998,1682.49,2949.6799,1122.98,12888.7002,6164.7798,2946.1799,1218.03,40112.1396,E1,N,N
01/21/2019,13:00,10674.7998,1618.35,2921.79,1054.79,12803.4004,5669.9702,2809.9399,1168.25,38721.2903,E2,N,N
01/21/2019,13:00,10873.4004,1621.72,2938.8501,1018.5,13397.0996,6170.5298,3072.4099,1166.14,40258.6498,E3,N,N
01/21/2019,13:00,10765.6514,1649.8164,2954.0596,1077.0825,12984.5352,6094.6201,2997.5415,1212.6782,39735.9849,M,N,N
01/21/2019,14:00,10324.5811,1590.1344,2957.1155,986.7602,12163.4561,5865.1616,2949.8064,1240.7002,38077.7155,A3,Y,N
01/21/2019,14:00,10252.9922,1568.3239,2973.0994,1026.3679,11995.4736,6090.0835,2911.2922,1197.8558,38015.4885,A6,N,N
01/21/2019,14:00,10857.5,1568.62,2860.8401,1100.79,13222.5,5923.8599,3026.98,1304.96,39866.05,E,N,N
01/21/2019,14:00,10941,1613.02,2945.4199,1079.42,12827.5,5921.9399,2881.5801,1212.11,39421.9899,E1,N,N
01/21/2019,14:00,10486.4004,1563.01,2870.1699,1013.76,12237.7998,5444.9702,2750.3799,1168.76,37535.2502,E2,N,N
01/21/2019,14:00,10658.4004,1608.71,2861.27,974.383,13001.7002,5946.5601,3018.22,1105.4399,39174.6836,E3,N,N
01/21/2019,14:00,10586.8125,1585.3032,2911.3191,1030.2469,12574.7393,5865.4292,2923.0432,1204.9711,38681.8645,M,N,N
01/21/2019,15:00,10184.5771,1523.8335,2938.3501,962.4816,11701.8047,5705.5269,2892.9556,1191.0836,37100.6131,A3,Y,N
01/21/2019,15:00,10178.4092,1534.2048,2950.7722,999.9845,11458.0547,5860.2305,2841.6604,1142.2977,36965.614,A6,N,N
01/21/2019,15:00,10752.5,1532.27,2852.0801,1069.0699,12821.5,5841.9199,2975.71,1304.9399,39149.9898,E,N,N
01/21/2019,15:00,10822.7998,1581.86,2902.04,1072.26,12537.7998,5842.7598,2856.46,1233.4,38849.3794,E1,N,N
01/21/2019,15:00,10302.5,1519.1899,2870.96,979.583,11779.7998,5328.8501,2729.9299,1144.48,36655.2927,E2,N,N
01/21/2019,15:00,10581.9004,1541.59,2887.3,943.493,12627.2002,5859.5801,3003.3,1103.8,38548.1637,E3,N,N
01/21/2019,15:00,10470.4482,1538.8247,2900.2505,1004.4788,12154.3604,5739.811,2883.3359,1186.667,37878.1765,M,N,N
01/21/2019,16:00,10087.917,1474.9469,2939.6309,935.3834,11497.7314,5644.104,2866.9163,1182.0623,36628.6922,A3,Y,N
01/21/2019,16:00,10136.4873,1494.4462,2938.3713,970.899,11228.0078,5725.4199,2807.769,1137.2213,36438.6218,A6,N,N
01/21/2019,16:00,10700,1483.4399,2889.8501,1055.11,12331.4004,5814.7798,2947.99,1228.88,38451.4502,E,N,N
01/21/2019,16:00,10776.9004,1565.9301,2907.74,1023.39,12394.7002,5763.8398,2809.8799,1184.53,38426.9104,E1,N,N
01/21/2019,16:00,10188.7998,1467.26,2907.1799,969.387,11360,5287.9199,2687.7,1094.59,35962.8366,E2,N,N
01/21/2019,16:00,10523,1550.13,2915.4099,929.667,12501.2998,5744.2998,2892.8899,1118.0699,38174.7663,E3,N,N
01/21/2019,16:00,10402.1846,1506.0255,2916.3638,980.6395,11885.5225,5663.394,2835.5244,1157.559,37347.2133,M,N,N
01/21/2019,17:00,10135.5469,1506.2202,2945.606,951.3381,11580.1729,5737.7354,2900.1665,1216.6636,36973.4496,A3,Y,N
01/21/2019,17:00,10174.8037,1528.9763,2937.3096,979.4103,11307.1094,5763.5249,2832.9644,1187.7155,36711.8141,A6,N,N
01/21/2019,17:00,10657.5,1483.91,2916.01,1031.66,12503.9004,5824.0898,2949.03,1203.54,38569.6402,E,N,N
01/21/2019,17:00,10914.4004,1554.0601,2969.1899,1059.2,12273.7002,5703.3701,2848.1201,1179.34,38501.3808,E1,N,N
01/21/2019,17:00,10116.5,1455.34,2935.1699,935.975,11429.2002,5291.6099,2703.8,1086.17,35953.765,E2,N,N
01/21/2019,17:00,10591,1523.95,2911.48,906.286,12599.5,5853.2202,2849.8799,1165.14,38400.4561,E3,N,N
01/21/2019,17:00,10431.626,1508.7428,2935.7942,977.3116,11948.9307,5695.5918,2847.3269,1173.095,37518.419,M,N,N
01/21/2019,18:00,10388.0498,1560.9181,2963.3684,928.3923,12092.4209,5991.3345,2972.49,1268.6456,38165.6196,A3,Y,N
01/21/2019,18:00,10386.4043,1590.2301,2946.3306,949.3566,11830.5059,5999.9028,2890.2129,1229.8408,37822.784,A6,N,N
01/21/2019,18:00,10897.7998,1568.6801,2913.6799,1021.41,13202,5976.1099,3050.97,1248.28,39878.9297,E,N,N
01/21/2019,18:00,11046.0996,1627.38,2947.2,980.008,12998.0996,6035.5298,2909.1101,1217.26,39760.6871,E1,N,N
01/21/2019,18:00,10356.2002,1550.46,2931.0701,942.218,11878.4004,5595.6099,2788.3101,1122.27,37164.5387,E2,N,N
01/21/2019,18:00,10968.7998,1625.72,2924.8999,902.012,13126,6043.1899,2989.0701,1175.8,39755.4917,E3,N,N
01/21/2019,18:00,10673.8926,1587.2314,2937.7583,953.8995,12521.2383,5940.2793,2933.3604,1210.3495,38758.0093,M,N,N
01/21/2019,19:00,10762.9473,1638.8748,3023.1628,966.1054,12591.5527,6386.8467,3176.1987,1336.7985,39882.4869,A3,Y,N
01/21/2019,19:00,10681.8047,1685.9562,2993.4319,990.7409,12350.6504,6387.9663,3090.3013,1314.1472,39494.9989,A6,N,N
01/21/2019,19:00,11252.9004,1674.38,2984.2,1063.4399,13890.2998,6310.29,3165.8201,1399.84,41741.1702,E,N,N
01/21/2019,19:00,11323.9004,1690.8101,3071.3999,1049.48,13853.5996,6385.9102,3054.2,1318.21,41747.5102,E1,N,N
01/21/2019,19:00,10688.7998,1669.1899,3001.5601,1017.6,12747.7998,6114.2402,2999.1201,1214.53,39452.8399,E2,N,N
01/21/2019,19:00,11130.7002,1719.66,2965.05,968.205,13878.4004,6470.4902,3089.29,1170.9301,41392.7259,E3,N,N
01/21/2019,19:00,10973.5098,1679.812,3006.4675,1009.2619,13218.7168,6342.624,3095.8218,1292.4093,40618.6231,M,N,N
01/21/2019,20:00,10689.8701,1628.1815,3030.2266,970.001,12587.29,6418.9326,3221.7917,1358.0842,39904.3777,A3,Y,N
01/21/2019,20:00,10581.791,1696.2987,2995.9653,997.8578,12222.7031,6463.1553,3125.8813,1372.3065,39455.959,A6,N,N
01/21/2019,20:00,11088.7998,1679.8101,3034.5701,1035.14,13853.7998,6316.5298,3253.5701,1538.25,41800.4697,E,N,N
01/21/2019,20:00,11213.9004,1684.15,3035.4299,1008.32,13569.4004,6392.2002,3117.3301,1315.0601,41335.7911,E1,N,N
01/21/2019,20:00,10656.4004,1682.29,3057.98,1013.44,13011.0996,6189.1001,3099.1899,1269.8199,39979.3199,E2,N,N
01/21/2019,20:00,11104.5,1722.14,2996.8601,991.789,13779.5,6440.8799,3218.24,1311.13,41565.039,E3,N,N
01/21/2019,20:00,10889.21,1682.1451,3025.1719,1002.758,13170.6328,6370.1328,3172.6672,1360.7751,40673.4929,M,N,N
01/21/2019,21:00,10485.7832,1615.4656,3007.9573,945.7136,12350.9678,6297.0308,3208.801,1353.2003,39264.9196,A3,Y,N
01/21/2019,21:00,10376.6768,1697.4402,2982.6833,970.2185,11984.2627,6347.1768,3109.4912,1370.8079,38838.7574,A6,N,N
01/21/2019,21:00,10840.7002,1649.41,3028.52,1020.43,13474.7998,6188.4199,3248.9399,1588.9,41040.1198,E,N,N
01/21/2019,21:00,11099.2002,1639.9301,3014.1001,989.266,13117.2998,6333.29,3097.46,1384.5601,40675.1063,E1,N,N
01/21/2019,21:00,10493.7998,1645.3199,3055.8501,999.789,12974.5996,6081.2002,3102.52,1297.7,39650.7786,E2,N,N
01/21/2019,21:00,11014.5996,1633.88,3016.4099,966.234,13334.2998,6280.98,3168.0601,1331,40745.4634,E3,N,N
01/21/2019,21:00,10718.46,1646.9077,3017.5869,981.9418,12872.7051,6254.6826,3155.8787,1387.6947,40035.8575,M,N,N
01/21/2019,22:00,10081.0244,1537.4941,2985.5112,898.3715,11801.793,6012.186,3122.7302,1318.5602,37757.6706,A3,Y,N
01/21/2019,22:00,9945.3223,1601.4496,2958.4272,929.8858,11502.8789,6048.0181,3022.6536,1326.923,37335.5585,A6,N,N
01/21/2019,22:00,10407,1586.11,3006.71,982.685,12935.4004,5978.5,3180.1201,1580.88,39657.4055,E,N,N
01/21/2019,22:00,10634.5996,1590.5601,2962.4199,996.808,12678.5,6040.1201,3037.8799,1400.75,39341.6376,E1,N,N
01/21/2019,22:00,10155.5996,1583.04,3040.78,969.344,12632.7998,5850.1602,3036.8899,1287.12,38555.7335,E2,N,N
01/21/2019,22:00,10370.2002,1604.65,3037.1499,919.38,12865,6073.8301,3193.3701,1390.2,39453.7803,E3,N,N
01/21/2019,22:00,10265.625,1583.884,2998.4998,949.4125,12402.7295,6000.4692,3098.9409,1384.0723,38683.6332,M,N,N
01/21/2019,23:00,9492.1045,1432.9286,2952.6841,846.5646,11006.9668,5584.4746,2937.582,1261.3732,35514.6784,A3,Y,N
01/21/2019,23:00,9334.4365,1488.1094,2929.02,882.3626,10710.3242,5630.5923,2843.1528,1269.5521,35087.5499,A6,N,N
01/21/2019,23:00,9819.6201,1486.4399,2970.5601,927.846,12054.5,5655.25,2979.21,1495.09,37388.5161,E,N,N
01/21/2019,23:00,10099,1490.09,2995.3999,891.299,11835.4004,5670.4502,2883.5801,1303.16,37168.3796,E1,N,N
01/21/2019,23:00,9717.7305,1489.53,3008.71,923.417,11851.5,5522.6201,2903.73,1237.61,36654.8476,E2,N,N
01/21/2019,23:00,9688.71,1525.42,3014.3301,885.831,12026.5,5769.3599,3004,1111.11,37025.261,E3,N,N
01/21/2019,23:00,9691.9346,1485.4197,2978.4509,892.8867,11580.8662,5638.791,2925.2092,1279.6492,36473.2075,M,N,N
01/21/2019,24:00,8979.0586,1335.4392,2925.1116,803.8209,10361.5342,5169.3237,2708.9622,1174.3867,33457.6371,A3,Y,N
01/21/2019,24:00,8829.4121,1372.3235,2902.1082,848.7009,10056.4033,5168.8438,2602.3745,1132.7183,32912.8846,A6,N,N
01/21/2019,24:00,9201.5498,1400.33,2937.3601,922.248,11524.5996,5345.1201,2758.6499,1270.72,35360.5775,E,N,N
01/21/2019,24:00,9573.2305,1425.75,2958.5,913.331,11141.7002,5286.0698,2644.3799,1234.7,35177.6614,E1,N,N
01/21/2019,24:00,9179.3203,1394.08,2976.03,911.636,11030.2002,5211.1201,2690.8,1118.1,34511.2866,E2,N,N
01/21/2019,24:00,9323.25,1415.38,2951.0901,871.775,11359.2998,5256.1899,2764.8401,1119.3101,35061.135,E3,N,N
01/21/2019,24:00,9180.9707,1390.5505,2941.7,878.5853,10912.29,5239.4448,2695.001,1174.9891,34413.5314,M,N,N
01/22/2019,1:00,8627.3799,1281.6165,2921.2449,779.4867,10002.4893,5021.4746,2623.3132,1173.3333,32430.3384,A3,N,N
01/22/2019,1:00,8491.1006,1263.0381,2887.2202,773.6331,9823.9658,5090.0342,2523.9763,1166.9337,32019.902,A6,N,N
01/22/2019,1:00,8872.4404,1315.0699,2895.8799,901.813,10452.5996,4977.1401,2611.54,1214.73,33241.2129,E,N,N
01/22/2019,1:00,9158.2402,1339.49,2914.3501,905.601,10616.0996,4987.3501,2471.24,1192.49,33584.861,E1,N,N
01/22/2019,1:00,8875.2305,1300.6801,2928.6399,866.622,10307.5996,4823.27,2537.76,1060.4399,32700.242,E2,N,N
01/22/2019,1:00,8899.6104,1340.3101,2890.0601,828.053,10637.4004,4942.4399,2601.4399,1078.35,33217.6638,E3,Y,N
01/22/2019,1:00,8820.667,1306.7008,2906.2327,842.5349,10306.6934,4973.6182,2561.5449,1147.7129,32865.7048,M,N,N
01/22/2019,2:00,8429.6084,1242.7611,2894.6494,769.4234,9805.2988,4910.1504,2537.7546,1179.7126,31769.3587,A3,N,N
01/22/2019,2:00,8309.8203,1230.0908,2854.7788,760.8859,9655.9805,4969.6641,2436.0212,1188.9592,31406.2008,A6,N,N
01/22/2019,2:00,8608.4297,1269,2860.1201,880.146,10209.7998,4707.6299,2517.8999,1225.14,32278.1654,E,N,N
01/22/2019,2:00,8920.0303,1273.5601,2893.3,881.259,10287.7002,4808.1499,2354.6499,1166.27,32584.9194,E1,N,N
01/22/2019,2:00,8636.2695,1244.24,2895.96,834.734,9936.8096,4654.8198,2440.3899,1036.65,31679.8728,E2,N,N
01/22/2019,2:00,8676.6299,1323.7,2863.8999,798.236,10176.7002,4786.3198,2502.6001,1050.5699,32178.6558,E3,Y,N
01/22/2019,2:00,8596.7988,1263.892,2877.1182,820.7808,10012.0488,4806.1221,2464.886,1141.217,31982.8637,M,N,N
01/22/2019,3:00,8332.6807,1238.215,2899.2278,757.8492,9700.29,4865.73,2501.9307,1180.5269,31476.4503,A3,N,N
01/22/2019,3:00,8218.793,1229.2729,2851.355,746.9715,9616.5996,4915.1514,2400.301,1195.0564,31173.5008,A6,N,N
01/22/2019,3:00,8466.8896,1235.87,2846.53,877.8,10127.2002,4565.4199,2458.5701,1237.21,31815.4898,E,N,N
01/22/2019,3:00,8777.46,1249.67,2896.49,867.034,10141.9004,4719.5601,2328.22,1188.33,32168.6645,E1,N,N
01/22/2019,3:00,8507.21,1201.5601,2886.1499,804.77,9657.8398,4600.29,2394.21,1030.97,31082.9998,E2,N,N
01/22/2019,3:00,8574.6904,1257.2,2854.8,765.326,10018.9004,4702.9399,2448.1399,1032.27,31654.2666,E3,Y,N
01/22/2019,3:00,8479.6211,1235.298,2872.4255,803.2918,9877.1221,4728.1821,2421.8953,1144.0605,31561.8964,M,N,N
01/22/2019,4:00,8335.3838,1229.0125,2915.4348,757.8841,9666.8545,4912.5645,2505.5447,1182.824,31505.5029,A3,N,N
01/22/2019,4:00,8234.2773,1219.7804,2862.5742,746.4427,9587.7109,4979.4014,2403.8101,1198.6128,31232.6098,A6,N,N
01/22/2019,4:00,8455.7695,1229.4399,2852.99,888.313,10288.5,4604.4702,2457.1399,1217.01,31993.6325,E,N,N
01/22/2019,4:00,8801.3301,1234.2,2886.8301,891.63,10196.9004,4706.5801,2298.26,1182.12,32197.8507,E1,N,N
01/22/2019,4:00,8513.2695,1206.05,2900.5801,802.575,9797.7305,4647.3901,2406,1041.65,31315.2452,E2,N,N
01/22/2019,4:00,8514.96,1269.05,2844.02,758.124,9953.3398,4726.4399,2434.8799,1107.7,31608.5136,E3,Y,N
01/22/2019,4:00,8475.832,1231.2555,2877.0715,807.4948,9915.1729,4762.8076,2417.6057,1154.9862,31642.2262,M,N,N
01/22/2019,5:00,8542.416,1246.5088,2960.4478,774.7226,10008.4014,5044.3755,2559.677,1194.5637,32331.1128,A3,N,N
01/22/2019,5:00,8443.0439,1236.5364,2914.6274,770.9247,9914.8516,5137.3237,2452.3044,1184.9281,32054.5402,A6,N,N
01/22/2019,5:00,8684.9297,1243.37,2882.3999,900.481,10386.7998,4787.6401,2498.8899,1219.59,32604.1004,E,N,N
01/22/2019,5:00,8911.6602,1289.75,2881.27,882.398,10255.9004,4837.6699,2359.45,1199.79,32617.8885,E1,N,N
01/22/2019,5:00,8664.1699,1235.98,2939.24,800.236,10011.2998,4793.6499,2433.4399,1073.42,31951.4355,E2,N,N
01/22/2019,5:00,8771.46,1278.0699,2866.8101,778.867,10364,4819.6299,2482.26,1101.96,32463.0569,E3,Y,N
01/22/2019,5:00,8669.6133,1255.0359,2907.4661,817.9382,10156.876,4903.3818,2464.3369,1162.3754,32337.0236,M,N,N
01/22/2019,6:00,9097.2217,1333.5739,2996.0923,827.408,10809.7061,5475.918,2735.4866,1263.861,34539.2676,A3,N,N
01/22/2019,6:00,9016.3662,1339.9998,2934.9993,829.3344,10724.8252,5557.8984,2619.6111,1276.9791,34300.0135,A6,N,N
01/22/2019,6:00,9373.1104,1301.36,2937.0901,919.291,11199,5338.6401,2650.3401,1316.95,35035.7817,E,N,N
01/22/2019,6:00,9506,1361.3,2952.28,897.544,11056.4004,5367.8301,2525.1001,1280.97,34947.4246,E1,N,N
01/22/2019,6:00,9219.8203,1339.76,3006.3501,836.398,10801.5996,5275.9702,2582.71,1134.65,34197.2582,E2,N,N
01/22/2019,6:00,9287.2197,1388.16,2905.6001,827.75,10910,5270.9902,2621.53,1166.66,34377.91,E3,Y,N
01/22/2019,6:00,9249.9561,1344.0256,2955.4019,856.2876,10916.9219,5381.2085,2622.4629,1240.0117,34566.2762,M,N,N
01/22/2019,7:00,9890.5752,1482.7415,3065.6899,897.1439,12011.2588,6121.1079,3099.4871,1385.8857,37953.89,A3,N,N
01/22/2019,7:00,9794.0967,1498.6641,2995.2351,903.1669,11924.626,6222.1572,2978.1382,1438.8698,37754.954,A6,N,N
01/22/2019,7:00,10387.2002,1397.13,3037.78,1015.66,12624.5,6230.9502,3029.1399,1515.75,39238.1103,E,N,N
01/22/2019,7:00,10106.9004,1540.29,3051.77,999.878,12391,6050.5801,2853.55,1314.4,38308.3685,E1,N,N
01/22/2019,7:00,10047.7998,1515.75,3123.24,907.448,12113.5,6026.5,2922.98,1257.64,37914.8578,E2,N,N
01/22/2019,7:00,10030.7998,1536.55,3015.52,884.746,12353.0996,6014.4902,3006.6399,1319.64,38161.4855,E3,Y,N
01/22/2019,7:00,10042.8955,1495.1876,3048.2061,934.6738,12236.332,6110.9644,2981.656,1372.031,38221.9464,M,N,N
01/22/2019,8:00,10153.0557,1505.397,3118.3896,924.1349,12502.2295,6346.4492,3181.6362,1433.5707,39164.8628,A3,N,N
01/22/2019,8:00,10072.6055,1522.0283,3064.1702,923.8231,12398.5117,6462.6089,3059.4958,1472.3693,38975.6128,A6,N,N
01/22/2019,8:00,10759.5,1423.42,3103.6499,1045.22,13070.2002,6585.9399,3127.2,1569.42,40684.55,E,N,N
01/22/2019,8:00,10605.7002,1613.49,3102.1599,1019.79,12897.5,6226.5898,2993.3,1353.11,39811.6399,E1,N,N
01/22/2019,8:00,10346,1577.78,3194.6499,934.533,12727.9004,6300.9102,3025.97,1316.4399,39424.1834,E2,N,N
01/22/2019,8:00,10435.5,1593.33,3063.3701,910.869,12911.5996,6229.9102,3091.52,1322.04,39558.1389,E3,Y,N
01/22/2019,8:00,10395.3936,1539.241,3107.7317,959.7284,12751.3242,6358.7354,3079.8538,1411.1582,39603.1663,M,N,N
01/22/2019,9:00,10100.6816,1481.0024,3082.0374,931.4142,12288.1992,6187.7388,3048.0735,1406.037,38525.1841,A3,N,N
01/22/2019,9:00,10010.3213,1522.7517,3024.8118,928.8845,12130.7656,6296.8428,2931.103,1426.4751,38271.9558,A6,N,N
01/22/2019,9:00,10774,1424.1899,3077.47,1037.37,12766.2002,6424.2202,3017.1001,1526.47,40047.0204,E,N,N
01/22/2019,9:00,10490.2002,1563.2,3080.54,1022.32,12694.4004,6096.1699,2901.8201,1385.97,39234.6206,E1,N,N
01/22/2019,9:00,10385.2998,1573.04,3211.02,947.043,12716.4004,6168.5601,2959.49,1311.87,39272.7233,E2,N,N
01/22/2019,9:00,10422.0996,1550.22,3053.77,913.148,12680.7002,6113.77,2983.23,1289.48,39006.4178,E3,Y,N
01/22/2019,9:00,10363.7676,1519.0674,3088.2751,963.3633,12546.1123,6214.5498,2973.4695,1391.0503,39059.6553,M,N,N
01/22/2019,10:00,10193.1299,1447.5287,3076.1016,939.2729,12295.9287,6035.4561,2997.9265,1375.1965,38360.5409,A3,N,N
01/22/2019,10:00,10079.6357,1470.8864,3042.2571,942.3441,12211.7441,6080.9668,2887.6309,1349.5291,38064.9942,A6,N,N
01/22/2019,10:00,10915.0996,1417.6,3060.45,1074.88,12655.4004,6226.5498,3008.6299,1481.84,39840.4497,E,N,N
01/22/2019,10:00,10642.9004,1562.26,3047.6201,1079.75,12498.2002,6009.5298,2885.8601,1401.1899,39127.3105,E1,N,N
01/22/2019,10:00,10490.5996,1584.01,3117.7,978.236,12799.5996,6059.75,2949.24,1287.26,39266.3952,E2,N,N
01/22/2019,10:00,10525.5,1608.8,3050.74,936.72,12514.2002,5977.4902,2986.8401,1259.21,38859.5005,E3,Y,N
01/22/2019,10:00,10474.4775,1515.1809,3065.8115,991.8672,12495.8457,6064.9575,2952.688,1359.0375,38919.8658,M,N,N
01/22/2019,11:00,10253.3057,1430.8712,3085.8962,967.3926,12373.291,5871.1948,2944.3848,1333.6428,38259.9791,A3,N,N
01/22/2019,11:00,10151.043,1434.1941,3061.8579,989.3618,12357.8711,5889.311,2854.8513,1213.7474,37952.2376,A6,N,N
01/22/2019,11:00,10890.7998,1415.22,3067.9099,1106.73,12819.2998,6132.5801,2985.51,1391.75,39809.7996,E,N,N
01/22/2019,11:00,10774.7998,1574.13,3073.5601,1092.74,12790.7998,5914.4399,2886.3601,1308.13,39414.9597,E1,N,N
01/22/2019,11:00,10541.5996,1571.33,3099.98,992.611,12908,5931.8799,2947.53,1271.75,39264.6805,E2,N,N
01/22/2019,11:00,10591.2998,1568.46,3065.8899,970.186,12659.2998,5875.4102,2967.98,1191.12,38889.6457,E3,Y,N
01/22/2019,11:00,10533.8086,1499.0342,3075.8491,1019.8369,12651.4258,5935.8027,2931.1028,1285.0234,38931.8835,M,N,N
01/22/2019,12:00,10289.4883,1415.0802,3083.6892,993.0834,12336.3701,5696.9644,2903.5547,1299.6381,38017.8684,A3,N,N
01/22/2019,12:00,10146.2822,1389.9261,3085.5881,1025.4619,12308.4805,5722.5024,2830.0286,1169.8779,37678.1477,A6,N,N
01/22/2019,12:00,10865.9004,1398.4399,3050.47,1111.86,12865.5,5975.0801,3019.6399,1388.8101,39675.7004,E,N,N
01/22/2019,12:00,10705.7002,1573.2,3018.1899,1080.35,12789.5,5833.5298,2859.8601,1322.1899,39182.5199,E1,N,N
01/22/2019,12:00,10538.5,1559.4,3057.3899,997.051,12922.5996,5806.52,2947.8301,1258.45,39087.7406,E2,N,N
01/22/2019,12:00,10542.7002,1547.98,3006.46,983.512,12733.7998,5791.04,2967.52,1163.53,38736.542,E3,Y,N
01/22/2019,12:00,10514.7617,1480.6711,3050.2979,1031.8865,12659.375,5804.2729,2921.4055,1267.0826,38729.7532,M,N,N
01/22/2019,13:00,10322.7119,1402.6095,3041.6704,996.6732,12221.4902,5572.1133,2875.98,1291.8148,37725.0633,A3,N,N
01/22/2019,13:00,10125.8867,1360.5438,3052.0715,1029.9658,12195.9619,5597.3262,2798.5449,1187.1637,37347.4645,A6,N,N
01/22/2019,13:00,10797.7998,1382.4301,3014.8701,1119.26,12657.5996,5830.5498,3075.0801,1396.1899,39273.7794,E,N,N
01/22/2019,13:00,10616.2002,1537.3,2986.1101,1056.13,12619.9004,5661.0898,2905.3301,1326.75,38708.8106,E1,N,N
01/22/2019,13:00,10482.4004,1535.8101,3004.3501,1006.2,12886.2998,5680.0298,2949.1399,1216.92,38761.1501,E2,N,N
01/22/2019,13:00,10469.7998,1537.4,2992.8999,980.693,12437.9004,5700.4399,2999.55,1145.21,38263.893,E3,Y,N
01/22/2019,13:00,10469.1338,1459.3489,3015.3289,1031.4871,12503.1924,5673.5918,2933.9377,1260.6747,38346.6953,M,N,N
01/22/2019,14:00,10359.7617,1368.3486,3013.3857,1004.2078,12046.2412,5508.0083,2867.1299,1284.8202,37451.9034,A3,N,N
01/22/2019,14:00,10207.2871,1311.2195,3038.312,1016.5728,12048.5068,5562.3633,2800.0896,1197.4528,37181.8039,A6,N,N
01/22/2019,14:00,10790.9004,1371.13,2993.8601,1102.55,12735.9004,5714.8599,3091.3,1382.71,39183.2108,E,N,N
01/22/2019,14:00,10674.4004,1495.23,2991.04,1123.27,12711.5996,5556.8398,2934.22,1220.73,38707.3298,E1,N,N
01/22/2019,14:00,10417.2998,1515.0699,2974.03,1012.1,12884.2002,5575.8599,2982.1899,1198.86,38559.6097,E2,N,N
01/22/2019,14:00,10540.7998,1498.01,2970.52,970.375,12489.2002,5768.6299,3054.8899,1132.13,38424.5548,E3,Y,N
01/22/2019,14:00,10498.4082,1426.5013,2996.8582,1038.1793,12485.9414,5614.4272,2954.9702,1236.1172,38251.403,M,N,N
01/22/2019,15:00,10319.8135,1367.193,2991.6165,1008.6093,11889.6084,5501.8071,2867.1348,1251.8635,37197.6461,A3,N,N
01/22/2019,15:00,10225.1973,1325.8789,3022.2202,1017.5184,11905.6641,5552.7383,2802.3735,1159.269,37010.8597,A6,N,N
01/22/2019,15:00,10684,1364.28,2974.1599,1110.13,12456.2002,5607.23,3111.1201,1316.99,38624.1102,E,N,N
01/22/2019,15:00,10561.0996,1464.26,2971.54,1105.54,12355.2002,5427.2598,2923.8899,1231.54,38040.3295,E1,N,N
01/22/2019,15:00,10282.4004,1496.55,2950.3601,1010.48,12844.0996,5469.2402,2988.25,1192.49,38233.8703,E2,N,N
01/22/2019,15:00,10435.5,1474.05,2950.9099,967.092,12439.2002,5588.46,3087.1699,1080.55,38022.932,E3,Y,N
01/22/2019,15:00,10418.002,1415.3688,2976.8013,1036.5616,12314.9961,5524.4561,2963.3232,1205.4504,37854.9595,M,N,N
01/22/2019,16:00,10267.0391,1366.3182,2987.7529,1003.5055,11926.9131,5543.4038,2872.0112,1254.9762,37221.92,A3,N,N
01/22/2019,16:00,10214.918,1311.0369,3009.0542,1010.905,11978.1416,5584.7192,2808.824,1165.1924,37082.7913,A6,N,N
01/22/2019,16:00,10514.9004,1359.13,2973.8899,1056.76,12533,5553.6602,3112.8401,1340.22,38444.4006,E,N,N
01/22/2019,16:00,10325.7998,1434.35,2961.78,1022.98,12599,5500.25,2937.52,1229.1899,38010.8697,E1,N,N
01/22/2019,16:00,10112.5996,1485.92,2949.77,1001.45,12849.2998,5437.0801,2999.3701,1192.8101,38028.2997,E2,N,N
01/22/2019,16:00,10351,1420.59,2969.8301,958.03,12557,5573.0801,3075.3601,1153.0699,38057.9602,E3,Y,N
01/22/2019,16:00,10297.71,1396.2242,2975.3462,1008.9385,12407.2266,5532.0327,2967.6543,1222.5764,37807.7089,M,N,N
01/22/2019,17:00,10241.1064,1432.3461,2992.0928,1034.0355,12314.7695,5683.2295,2911.1143,1298.8146,37907.5087,A3,N,N
01/22/2019,17:00,10207.9463,1360.4377,3005.4675,1034.4503,12405.2031,5700.1484,2847.3567,1223.4326,37784.4426,A6,N,N
01/22/2019,17:00,10392.2002,1379.24,2980.46,1104.09,12498.0996,5615.4902,3110.3301,1402.8,38482.7101,E,N,N
01/22/2019,17:00,10167.0996,1453.6899,2967.1101,1069.4,13028.2002,5544.3101,2928.3799,1330.05,38488.2398,E1,N,N
01/22/2019,17:00,9978.3701,1509.6899,2960.1001,1005.63,13012,5516.6299,3017.04,1211.48,38210.94,E2,N,N
01/22/2019,17:00,10253.5,1463.5699,2953.46,970.596,12557.0996,5647.1899,3069.6399,1127.3199,38042.3752,E3,Y,N
01/22/2019,17:00,10206.7041,1433.1624,2976.4485,1036.3669,12635.8965,5617.833,2980.6436,1265.6497,38152.7047,M,N,N
01/22/2019,18:00,10402.3311,1512.2098,3013.9302,1024.608,13147.624,5977.5454,2972.397,1362.8872,39413.5327,A3,N,N
01/22/2019,18:00,10392.8506,1419.2034,3014.3127,1023.3577,13292.9443,5993.9805,2902.9238,1273.3165,39312.8895,A6,N,N
01/22/2019,18:00,10502.7002,1419.74,3011.3301,1117.41,13211.5,5883.3198,3175.3999,1429.6801,39751.0801,E,N,N
01/22/2019,18:00,10503.5996,1518.78,3035.73,1020.06,13920.7002,5867.73,2928.29,1345.91,40140.7998,E1,N,N
01/22/2019,18:00,10105,1577.6,2995.0801,1022.82,13663.7998,5783.6602,3009.75,1250.46,39408.1701,E2,N,N
01/22/2019,18:00,10503.7002,1530.22,2963.5601,972.933,13281.5996,5895.9199,3117.6101,1193.61,39459.1529,E3,Y,N
01/22/2019,18:00,10401.6973,1496.2922,3005.6572,1030.1981,13419.6953,5900.3594,3017.7285,1309.3108,39580.9388,M,N,N
01/22/2019,19:00,10643.458,1601.4849,3085.9751,1087.9487,13911.5029,6413.0518,3156.4409,1445.0841,41344.9464,A3,N,N
01/22/2019,19:00,10677.7832,1502.4927,3067.6287,1088.3019,14057.8789,6454.8237,3086.739,1374.3798,41310.0279,A6,N,N
01/22/2019,19:00,10829.5,1460.72,3121.53,1103.03,14191.7998,6444.27,3284.0901,1510.96,41945.8999,E,N,N
01/22/2019,19:00,10685.4004,1609.12,3096.3999,1131.55,14555.5996,6361.6499,3078.3101,1377.6899,41895.7198,E1,N,N
01/22/2019,19:00,10430.5996,1669.09,3115.3701,1081.8,14504.5,6300.3701,3155.9299,1332.3101,41589.9698,E2,N,N
01/22/2019,19:00,10687.5996,1607.39,3044.1499,1030.53,14118.5996,6349.6699,3251.73,1215.3,41304.969,E3,Y,N
01/22/2019,19:00,10659.0576,1575.0496,3088.5093,1087.1935,14223.3145,6387.3057,3168.8735,1375.954,41565.2577,M,N,N
01/22/2019,20:00,10599.9365,1609.6884,3117.6777,1109.314,14288.0742,6494.1826,3182.335,1484.1559,41885.3643,A3,N,N
01/22/2019,20:00,10594.5205,1539.5043,3087.2407,1111.5098,14374.3955,6600.0708,3108.2458,1453.168,41868.6554,A6,N,N
01/22/2019,20:00,10714.7998,1454.78,3162.3301,1138.38,14248.7998,6539.0498,3307.4399,1559.4,42124.9794,E,N,N
01/22/2019,20:00,10581.2002,1619.92,3117.8701,1143.6899,14670.5,6448.52,3160.1001,1417.97,42159.7703,E1,N,N
01/22/2019,20:00,10356,1667.5699,3165.3201,1087.6899,14569.7998,6422.04,3191.0601,1362.8,41822.2798,E2,N,N
01/22/2019,20:00,10580.5996,1598.6,3174.73,1062.12,14158.2998,6513.5298,3292.9299,1328.85,41709.6591,E3,Y,N
01/22/2019,20:00,10571.1768,1581.6772,3137.5278,1108.7839,14384.9775,6502.8989,3207.0186,1434.3906,41928.4513,M,N,N
01/22/2019,21:00,10453.8643,1638.2555,3116.1758,1104.1449,14376.4912,6434.542,3157.7307,1496.3682,41777.5726,A3,N,N
01/22/2019,21:00,10451.0527,1579.478,3093.3435,1105.5583,14577.9424,6607.896,3077.2061,1481.7377,41974.2147,A6,N,N
01/22/2019,21:00,10485.9004,1453.16,3166.01,1156.64,14273.7002,6459.1802,3260.28,1561.89,41816.7608,E,N,N
01/22/2019,21:00,10401.5,1642.52,3125.1699,1135.6,14683.5996,6395.79,3131.3201,1421.0699,41936.5695,E1,N,N
01/22/2019,21:00,10201,1657.87,3166.9399,1081.14,14494.5996,6397.8501,3163.3101,1367.23,41529.9397,E2,N,N
01/22/2019,21:00,10431.2002,1608.59,3117.9399,1047.73,14182.5,6378.1001,3233.8601,1367.73,41367.6503,E3,Y,N
01/22/2019,21:00,10404.0859,1596.6455,3130.9302,1105.1356,14431.4727,6445.5596,3170.6177,1449.3376,41733.7848,M,N,N
01/22/2019,22:00,10099.4863,1599.4333,3112.4954,1069.6017,14166.0186,6231.5103,3068.9534,1474.709,40822.208,A3,N,N
01/22/2019,22:00,10122.4551,1527.6602,3089.2354,1087.7175,14471.9834,6437.7974,2984.0981,1462.1083,41183.0554,A6,N,N
01/22/2019,22:00,10077.9004,1420.0601,3132.3799,1128.71,13833.4004,6208.5601,3160.48,1507.33,40468.8209,E,N,N
01/22/2019,22:00,10125.2002,1590.97,3097.8201,1109.08,14017.2002,6166.8198,3042.3899,1372.88,40522.3602,E1,N,N
01/22/2019,22:00,9879.4404,1616.51,3136.7,1068.77,14173,6222.0298,3075.6001,1335.28,40507.3303,E2,N,N
01/22/2019,22:00,10055.7002,1582.26,3065.3701,1016.44,13789.2998,6087.23,3137.95,1347.01,40081.2601,E3,Y,N
01/22/2019,22:00,10060.0303,1556.1489,3105.667,1080.0532,14075.1514,6225.6582,3078.2454,1416.553,40597.5074,M,N,N
01/22/2019,23:00,9565.4199,1533.5996,3086.3892,1023.0485,13518.0215,5877.6841,2890.0427,1432.1357,38926.3412,A3,N,N
01/22/2019,23:00,9602.4736,1473.858,3074.9319,1050.4073,13745.4297,6196.6572,2803.7725,1417.1014,39364.6316,A6,N,N
01/22/2019,23:00,9457.4102,1389.0601,3054.9099,1028.9301,13396.7002,5816.3101,2989.52,1449.88,38582.7206,E,N,N
01/22/2019,23:00,9690.4199,1535.01,3066.6499,1053.78,13703.5,5856.8101,2853.6499,1249.84,39009.6598,E1,N,N
01/22/2019,23:00,9378.2002,1561.34,3061.6599,1031.67,13475.5996,5865.8701,2932.3601,1281.91,38588.6099,E2,N,N
01/22/2019,23:00,9460.0596,1523.8199,3002.1899,992.259,13381.2998,5816.2798,3012.3799,1270.6,38458.8879,E3,Y,N
01/22/2019,23:00,9525.6641,1502.7813,3057.7886,1030.0159,13536.7598,5904.9355,2913.6208,1350.2444,38821.8104,M,N,N
01/22/2019,24:00,9106.7627,1473.5305,3057.9653,988.2745,12954.8828,5562.7046,2677.3167,1353.7426,37175.1797,A3,N,N
01/22/2019,24:00,9174.2461,1391.5272,3050.7625,1011.9192,13149.7744,5942.2139,2574.4241,1284.8947,37579.7621,A6,N,N
01/22/2019,24:00,8894.9199,1366.96,3014.74,1036.1,13044.7002,5458.29,2857.46,1380.89,37054.0601,E,N,N
01/22/2019,24:00,9263.46,1501.1899,3077.0701,1009.47,13162.2002,5623.5098,2687.22,1281.42,37605.54,E1,N,N
01/22/2019,24:00,8897.6201,1513.45,3015.6101,1009.38,12877.9004,5517.3198,2772.96,1224.48,36828.7204,E2,N,N
01/22/2019,24:00,9050.3496,1492.45,3035.76,969.419,12906.4004,5591.6699,2813.3401,1198.2,37057.589,E3,Y,N
01/22/2019,24:00,9064.5605,1456.5181,3041.9849,1004.0938,13015.9766,5615.9512,2730.4536,1287.2712,37216.8099,M,N,N
01/23/2019,1:00,8866.8008,1446.3151,3054.0938,974.7192,12414.2715,5424.9375,2579.9395,1360.1292,36121.2066,A3,N,N
01/23/2019,1:00,8834.8164,1353.1373,3032.8647,946.1775,12801.9648,5787.6323,2501.8252,1333.8345,36592.2527,A6,N,N
01/23/2019,1:00,8360.4297,1383.0601,2985.99,1018.28,12552.2002,5294.8901,2786.5801,1409.72,35791.1502,E,N,N
01/23/2019,1:00,9059.7695,1493.96,3073.53,1000.16,12750.4004,5517.9399,2620.1101,1297.42,36813.2899,E1,N,N
01/23/2019,1:00,9219.79,1514.14,2985.8401,1000.89,12436.5,5655.96,2673.5801,1207.58,36694.2802,E2,N,N
01/23/2019,1:00,8625.2998,1498.51,3048.3501,967.634,12544.2998,5467.8599,2703.8799,1163.96,36019.7935,E3,Y,N
01/23/2019,1:00,8827.8184,1448.1871,3030.1116,984.6435,12583.2734,5524.8701,2644.3193,1295.4406,36338.664,M,N,N
01/23/2019,2:00,8746.1777,1435.9912,3025.0771,983.1898,12282.5381,5401.147,2500.3008,1379.057,35753.4787,A3,N,N
01/23/2019,2:00,8702.1709,1360.6115,3007.0356,944.113,12537.9453,5886.3228,2419.8877,1379.2347,36237.3215,A6,N,N
01/23/2019,2:00,8264.8398,1385.98,2969.6899,1021.68,12425.9004,5271.1499,2701.99,1446.4399,35487.6699,E,N,N
01/23/2019,2:00,9007.6201,1485.6,3076.5601,1031.85,12464.7998,5496.0601,2619.1001,1309.08,36490.6702,E1,N,N
01/23/2019,2:00,8976.7998,1511.78,2967.3601,1000.79,12259.7998,5563.54,2595.53,1211.04,36086.6397,E2,N,N
01/23/2019,2:00,8277.7803,1515.14,3047.8201,971.747,12388.9004,5415.2202,2605.6399,1179.77,35402.0179,E3,Y,N
01/23/2019,2:00,8662.5645,1449.1838,3015.5906,992.2283,12393.3145,5505.5732,2573.7412,1317.4369,35909.633,M,N,N
01/23/2019,3:00,8760.2275,1457.6028,3030.2473,994.8389,12397.7314,5482.1763,2483.6169,1400.967,36007.4081,A3,N,N
01/23/2019,3:00,8716.4961,1396.2593,3012.2212,947.7678,12604.4736,6034.8008,2397.9788,1414.8519,36524.8495,A6,N,N
01/23/2019,3:00,8284.04,1420.96,2963.2,1050.05,12571.7998,5359.8901,2703.8999,1455.39,35809.2298,E,N,N
01/23/2019,3:00,8925.6904,1511.49,3102.5,1047.74,12769.4004,5546.7202,2558.21,1344.63,36806.381,E1,N,N
01/23/2019,3:00,8896.0195,1528.95,2971.8601,1006.55,12140.9004,5574.0698,2579.9199,1234.48,35932.7497,E2,N,N
01/23/2019,3:00,8419.7998,1543.22,3016.21,979.748,12404.7002,5586.5801,2707.46,1260.59,35918.3081,E3,Y,N
01/23/2019,3:00,8667.0459,1476.4137,3016.0398,1004.4492,12481.501,5597.373,2571.8477,1351.8181,36166.4884,M,N,N
01/23/2019,4:00,9012.0352,1511.511,3044.3201,1016.272,12558.7451,5663.6641,2508.8464,1420.5978,36735.9917,A3,N,N
01/23/2019,4:00,8923.5479,1440.3044,3030.9087,962.0007,12739.1104,6213.9326,2429.3596,1444.6606,37183.8249,A6,N,N
01/23/2019,4:00,8410.5498,1447.1899,2977.71,1033.4,12506.5,5532.6699,2766.8401,1456.52,36131.3797,E,N,N
01/23/2019,4:00,8838.7695,1539.73,3083.48,1104.66,12831.4004,5644.2402,2533.4199,1389.47,36965.17,E1,N,N
01/23/2019,4:00,8941.8203,1555.67,2984.8601,1025.6899,12304.4004,5656.02,2596.29,1249.15,36313.9007,E2,N,N
01/23/2019,4:00,8683.1699,1540.29,3094.0701,995.596,12606.9004,5729.5498,2748.4399,1363.17,36761.1861,E3,Y,N
01/23/2019,4:00,8801.6494,1505.7827,3035.8916,1022.9365,12591.1768,5740.0132,2597.1992,1387.2615,36681.9109,M,N,N
01/23/2019,5:00,9462.4287,1595.0977,3086.5337,1054.499,13096.29,5971.4985,2595.0901,1451.3616,38312.7993,A3,N,N
01/23/2019,5:00,9358.7227,1495.9653,3088.7817,994.8111,13243.8125,6613.0649,2522.043,1457.9299,38775.1311,A6,N,N
01/23/2019,5:00,8741.6299,1512.61,3011.1799,1085.54,13114.0996,5852.6802,2926.1399,1445.9399,37689.8194,E,N,N
01/23/2019,5:00,9292.5303,1613.3199,3102.23,1139.96,13382,5911.1499,2682.5,1384.62,38508.3101,E1,N,N
01/23/2019,5:00,9341.8096,1633.11,3026.8401,1054.61,12979.7002,5945.79,2671.5901,1306.85,37960.3,E2,N,N
01/23/2019,5:00,9020.8604,1607.64,3072.01,1044.28,13163.2998,6015.1001,2779.97,1347.98,38051.1403,E3,Y,N
01/23/2019,5:00,9202.9971,1576.2905,3064.5959,1062.2833,13163.2012,6051.5474,2696.2224,1399.1136,38216.2514,M,N,N
01/23/2019,6:00,10309.9014,1764.0187,3119.8423,1136.4496,14340.334,6608.041,2823.4421,1542.8774,41644.9065,A3,N,N
01/23/2019,6:00,10218.3252,1653.7876,3114.1375,1074.4088,14444.4912,7254.3486,2732.1475,1570.2909,42061.9373,A6,N,N
01/23/2019,6:00,9472.2803,1648.46,3089.8501,1166.11,14415.2998,6503.0498,3012.8201,1525.53,40833.4001,E,N,N
01/23/2019,6:00,10063.9004,1736.17,3167.5801,1172.61,14742.4004,6541.8799,3020.1899,1533.24,41977.9707,E1,N,N
01/23/2019,6:00,10147.0996,1790.71,3113.8701,1118.92,14187,6534.8999,2883.3701,1385.16,41161.0297,E2,N,N
01/23/2019,6:00,9835.2598,1715.3,3116.0901,1130.42,14468.0996,6653.21,2977.1399,1433.22,41328.7394,E3,Y,N
01/23/2019,6:00,10007.7949,1718.0745,3120.2288,1133.1531,14432.9375,6682.5723,2908.1851,1498.3864,41501.3326,M,N,N
01/23/2019,7:00,11436.0078,2022.8265,3187.113,1244.8632,16175.9521,7535.5068,3268.1072,1699.9833,46570.3599,A3,N,N
01/23/2019,7:00,11393.6426,1890.8883,3178.6663,1181.4374,16230.3955,8222.1055,3174.1279,1765.2192,47036.4827,A6,N,N
01/23/2019,7:00,10462.7002,1955.39,3193.1899,1258.74,16013.7002,7436.0698,3397.9399,1734.39,45452.12,E,N,N
01/23/2019,7:00,11175.2002,1898.3199,3219.4199,1260.38,16526.0996,7445.6299,3305.6399,1613.3101,46443.9995,E1,N,N
01/23/2019,7:00,11307.5,2046.26,3231.6499,1225.04,15990,7425.98,3319.3601,1519.12,46064.91,E2,N,N
01/23/2019,7:00,10869.5,1949.58,3164.77,1198.1801,16247.2998,7522.3301,3363.95,1534.39,45850,E3,Y,N
01/23/2019,7:00,11107.4248,1960.5442,3195.8018,1228.1068,16197.2422,7597.9375,3304.854,1644.4022,46236.3135,M,N,N
01/23/2019,8:00,11957.4219,2105.4336,3233.5005,1284.939,16844.9883,7948.7881,3483.8901,1761.9279,48620.8894,A3,N,N
01/23/2019,8:00,11920.8721,1958.3459,3245.9509,1213.2683,16882.4395,8625.2705,3416.043,1834.2946,49096.4848,A6,N,N
01/23/2019,8:00,10919.0996,2042.63,3258.53,1299.77,16663.3008,7894.6899,3590.8701,1789.33,47458.2204,E,N,N
01/23/2019,8:00,11744.0996,1943.46,3275.79,1300.37,16773.5996,7820.46,3482.0801,1677.58,48017.4393,E1,N,N
01/23/2019,8:00,11794.4004,2127.71,3298.8,1259.37,16721.6992,7786.7002,3487.3701,1609.41,48085.4599,E2,N,N
01/23/2019,8:00,11501.7002,1969.52,3210.6399,1209.02,16660.8008,7939.2402,3654.2,1560.65,47705.7711,E3,Y,N
01/23/2019,8:00,11639.5996,2024.5168,3253.8687,1261.1228,16757.8047,8002.5254,3519.0757,1705.532,48164.0457,M,N,N
01/23/2019,9:00,12032.4063,2122.7068,3187.6746,1290.7888,16620.8906,7925.3076,3464.644,1719.2749,48363.6936,A3,N,N
01/23/2019,9:00,12017.3789,1991.9373,3197.1589,1220.4862,16588.2461,8603.7686,3422.0251,1788.0566,48829.0577,A6,N,N
01/23/2019,9:00,11072.7998,2062.78,3214.28,1322.5,16510.8008,7835.8901,3380.24,1735.83,47135.1207,E,N,N
01/23/2019,9:00,11819.5996,1982.05,3217,1315.7,16396,7722.0801,3457.73,1589.34,47499.4997,E1,N,N
01/23/2019,9:00,11968.4004,2126.22,3219.8501,1247.71,16327.7002,7651.9199,3426.29,1563.53,47531.6206,E2,N,N
01/23/2019,9:00,11672.4004,1994.5699,3217.49,1175.02,16524.0996,7900.98,3568.75,1482.55,47535.8599,E3,Y,N
01/23/2019,9:00,11763.8311,2046.7108,3208.9089,1262.0342,16494.623,7939.9912,3453.28,1646.4303,47815.8095,M,N,N
01/23/2019,10:00,12251.665,2124.3579,3175.6877,1288.7762,16341.3926,7807.2002,3525.9741,1657.6497,48172.7034,A3,N,N
01/23/2019,10:00,12250.252,1977.3915,3203.0393,1226.5909,16474.8594,8393.1914,3498.6997,1696.4991,48720.5233,A6,N,N
01/23/2019,10:00,11394.9004,2025.22,3145.9299,1319.8199,16147.2002,7703.7402,3515.6499,1617.1,46869.5605,E,N,N
01/23/2019,10:00,12404.0996,1989.26,3179.5,1310.61,16139.2002,7545.4902,3402.3301,1506.21,47476.7001,E1,N,N
01/23/2019,10:00,12238.7998,2122.26,3182.79,1245.4399,15917.7998,7493.3101,3443.9399,1473.2,47117.5395,E2,N,N
01/23/2019,10:00,12155.7002,2009.41,3147.03,1157.21,16037.7998,7733.9502,3640.6599,1449.22,47330.9801,E3,Y,N
01/23/2019,10:00,12115.9033,2041.3164,3172.3296,1258.0745,16176.376,7779.481,3504.5425,1566.6465,47614.6698,M,N,N
01/23/2019,11:00,12318.2354,2118.1855,3182.2576,1298.8256,16090.6641,7648.3105,3550.8306,1581.5317,47788.841,A3,N,N
01/23/2019,11:00,12364.4512,1953.9229,3209.0691,1261.3496,16315.6016,8274.6602,3558.8093,1543.0032,48480.8671,A6,N,N
01/23/2019,11:00,11451.0996,1981.64,3103.47,1305.11,15665.5,7514.1802,3457.54,1468.7,45947.2398,E,N,N
01/23/2019,11:00,12226.5,1996.5601,3129.2,1291.08,15672.5,7300.1602,3420.48,1432.49,46468.9703,E1,N,N
01/23/2019,11:00,12370,2081.4199,3140.6101,1214.4,15474.7998,7292.4199,3445.22,1412.7,46431.5697,E2,N,N
01/23/2019,11:00,12215.7998,1983.98,3145.6101,1140.41,15633.7002,7564.27,3601.0701,1247.99,46532.8302,E3,Y,N
01/23/2019,11:00,12157.6816,2019.2848,3151.7029,1251.8625,15808.7949,7599,3505.6582,1447.7358,46941.7207,M,N,N
01/23/2019,12:00,12264.5332,2102.718,3177.9231,1291.9202,15724.9375,7354.3608,3535.5935,1505.0233,46957.0096,A3,N,N
01/23/2019,12:00,12395.5127,1940.1423,3217.5,1275.0918,15871.5342,7984.687,3565.8079,1470.9631,47721.239,A6,N,N
01/23/2019,12:00,11461.9004,1934.51,3047.21,1275.27,15277.2002,7292.54,3424.72,1352.12,45065.4706,E,N,N
01/23/2019,12:00,12434.2002,1964.99,3089.05,1289.4301,15122.0996,7196.3999,3430.6599,1362.23,45889.0597,E1,N,N
01/23/2019,12:00,12352.5996,2034.6801,3085.1699,1174.0699,14916.4004,7075,3425.29,1352.5601,45415.77,E2,N,N
01/23/2019,12:00,12020.0996,1968.12,3071.1399,1106.8101,15227.7998,7150.1401,3637.25,1159.11,45340.4695,E3,Y,N
01/23/2019,12:00,12154.8076,1990.8601,3114.6655,1235.4321,15356.6621,7342.188,3503.2202,1367.001,46064.8366,M,N,N
01/23/2019,13:00,12112.3037,2078.2544,3130.6472,1248.6371,15178.8418,7092.2744,3458.4514,1460.4884,45759.8984,A3,N,N
01/23/2019,13:00,12300.8926,1918.6245,3166.3728,1246.3025,15350.541,7744.3975,3509.1914,1441.2312,46677.5535,A6,N,N
01/23/2019,13:00,11408.4004,1884.88,2979.22,1232.65,14692.2998,7060.4302,3276.95,1312.6899,43847.5203,E,N,N
01/23/2019,13:00,12179.5996,1927.6,3034.3201,1209.37,14493.5996,6787.5898,3347.77,1288.5699,44268.419,E1,N,N
01/23/2019,13:00,12180.5,1975.54,3022.6899,1130.74,14357.7998,6858.8999,3367.72,1292.1801,44186.0697,E2,N,N
01/23/2019,13:00,11948.4004,1939.3,3008.28,1051.8199,14583.4004,6976.4199,3472.9099,1152.28,44132.8105,E3,Y,N
01/23/2019,13:00,12021.6836,1954.0332,3056.9219,1186.5867,14776.0801,7086.6689,3405.4988,1324.5732,44812.0464,M,N,N
01/23/2019,14:00,12067.0732,2023.6904,3092.8308,1209.788,14672.4521,6838.9487,3394.9524,1412.1257,44711.8613,A3,N,N
01/23/2019,14:00,12347.8564,1859.782,3130.4783,1203.2671,14832.4629,7484.6528,3467.4783,1406.0414,45732.0192,A6,N,N
01/23/2019,14:00,11414.9004,1847.79,2949.74,1190.58,13929.7002,6869.1099,3120.3301,1295.8101,42617.9607,E,N,N
01/23/2019,14:00,12065.0996,1930.01,2991.04,1208.08,13838.5,6477.5801,3281.6799,1231.96,43023.9496,E1,N,N
01/23/2019,14:00,12061.5,1921.71,2992.27,1100.97,13900.7998,6663.6001,3352.3301,1237.0601,43230.2401,E2,N,N
01/23/2019,14:00,12258,1924.97,2995,1001.6,14103.4004,6625.3599,3407.1899,1061.23,43376.7502,E3,Y,N
01/23/2019,14:00,12035.7383,1917.9922,3025.2268,1152.3809,14212.8867,6826.542,3337.3269,1274.0378,43782.1316,M,N,N
01/23/2019,15:00,11892.1406,1991.4254,3046.7844,1166.7649,14045.915,6641.812,3331.5732,1341.0294,43457.4449,A3,N,N
01/23/2019,15:00,12251.6611,1873.3279,3104.2378,1170.1384,14143.5449,7090.3481,3400.1956,1302.9872,44336.441,A6,N,N
01/23/2019,15:00,11385.0996,1808.79,2925.76,1175.88,13507.5,6701.7002,3160.6201,1254.0601,41919.41,E,N,N
01/23/2019,15:00,11974,1883.74,2981.53,1135.47,13453.5996,6314.4399,3201.3701,1227.27,42171.4196,E1,N,N
01/23/2019,15:00,11889.4004,1874.24,2969.03,1067.8199,13488.7002,6502,3322.3101,1201.25,42314.7506,E2,N,N
01/23/2019,15:00,11958,1866.96,2911.8899,967.099,13309.7998,6560.1899,3343.7,1037.3101,41954.9487,E3,Y,N
01/23/2019,15:00,11891.7168,1883.0807,2989.8721,1113.8621,13658.1768,6635.082,3293.2949,1227.3179,42692.4033,M,N,N
01/23/2019,16:00,11758.9707,1941.5476,3019.5283,1117.8257,13703.2461,6488.4961,3297.8933,1317.0085,42644.5163,A3,N,N
01/23/2019,16:00,12189.4229,1845.8826,3073.8589,1148.6676,13737.4609,6879.5283,3368.168,1296.7467,43539.7359,A6,N,N
01/23/2019,16:00,11440.2002,1764.39,2886.0601,1116.09,13087.7998,6630.6499,3139.1799,1248.4,41312.7699,E,N,N
01/23/2019,16:00,11822.5,1864.33,2946.0601,1092.12,12957.9004,6410.4199,3200.02,1226.97,41520.3204,E1,N,N
01/23/2019,16:00,11814.2002,1846.37,2928.29,1044.22,13243.2002,6462.04,3327.6799,1187.5601,41853.5604,E2,N,N
01/23/2019,16:00,11902.5996,1882.9399,2909.9199,943.085,13037.2002,6541.1099,3369.8301,1043.96,41630.6446,E3,Y,N
01/23/2019,16:00,11821.3154,1857.5768,2960.6194,1077.0015,13294.4688,6568.7075,3283.7952,1220.1075,42083.5921,M,N,N
01/23/2019,17:00,11788.9971,1986.3555,3004.1731,1116.3923,13601.4883,6488.0132,3322.582,1333.9773,42641.9788,A3,N,N
01/23/2019,17:00,12208.4502,1893.7223,3043.0679,1154.0099,13590.71,6768.5791,3395.7966,1325.2782,43379.6142,A6,N,N
01/23/2019,17:00,11639.2998,1844.08,2887.74,1141.62,13253.9004,6748.46,3114.73,1278.24,41908.0702,E,N,N
01/23/2019,17:00,12116.0996,1941.6801,2979.51,1080.92,13306,6488.23,3295.7,1277.8199,42485.9596,E1,N,N
01/23/2019,17:00,11933.2002,1914.4301,2926.9399,1037.92,13386.0996,6585.7998,3398.9299,1200.63,42383.9495,E2,N,N
01/23/2019,17:00,11871.9004,1894.37,2909.3601,949.246,13136.2002,6584.7402,3489.4199,968.379,41803.6158,E3,Y,N
01/23/2019,17:00,11926.3252,1912.4397,2958.4651,1080.0181,13379.0664,6610.6377,3336.1931,1230.7207,42433.866,M,N,N
01/23/2019,18:00,12121.3721,2064.7813,3012.2161,1089.7416,14289.293,6711.6294,3406.0808,1387.8888,44083.0031,A3,N,N
01/23/2019,18:00,12433.9277,1969.5996,3030.5017,1124.8267,14259.6299,6909.6567,3454.5288,1358.3884,44541.0595,A6,N,N
01/23/2019,18:00,12077.2998,1998.7,2905.3,1138.0601,14017.7002,7091.77,3227.22,1359.96,43816.0101,E,N,N
01/23/2019,18:00,12147.0996,2005.97,2953.3101,1093.53,14120.7998,6667.9199,3412.1899,1261.71,43662.5293,E1,N,N
01/23/2019,18:00,12361.7002,2047.4399,2951.98,1058.27,14218.5996,6907.3701,3531.1799,1257.4399,44333.9796,E2,N,N
01/23/2019,18:00,12198.5996,1987.21,2994.0601,948.069,13853.7002,6859.1201,3496.0601,1125.5601,43462.3792,E3,Y,N
01/23/2019,18:00,12223.333,2012.2836,2974.5613,1075.4163,14126.6211,6857.9111,3421.2102,1291.8247,43983.1613,M,N,N
01/23/2019,19:00,12531.9775,2176.3374,3080.1858,1143.4845,15144.2578,7192.7002,3652.7598,1463.9027,46385.6057,A3,N,N
01/23/2019,19:00,12730.0234,2070.0405,3071.7122,1181.4807,15155.0498,7397.5698,3684.1992,1446.7369,46736.8125,A6,N,N
01/23/2019,19:00,12413.2002,2156.4299,3003.3601,1175.6899,14981.0996,7660.25,3453.1599,1453.3101,46296.4997,E,N,N
01/23/2019,19:00,12501.2998,2102.77,3041.1399,1176.53,15027.4004,7197.6602,3586.1101,1348.36,45981.2704,E1,N,N
01/23/2019,19:00,12765.0996,2205.3701,3073.0601,1122.27,15232.2998,7460.2598,3763.9099,1356.38,46978.6493,E2,N,N
01/23/2019,19:00,12410.2998,2078.1201,3014.3401,1023.39,14845.9004,7432.02,3840.8401,1264.09,45909.0005,E3,Y,N
01/23/2019,19:00,12558.6504,2131.5112,3047.2998,1137.1409,15064.3359,7390.0771,3663.4966,1388.7966,46381.3085,M,N,N
01/23/2019,20:00,12501.8408,2182.3804,3105.7925,1160.9849,15300.0713,7323.2808,3738.1885,1500.6006,46813.1398,A3,N,N
01/23/2019,20:00,12680.0498,2074.1086,3080.6257,1190.7579,15225.3975,7606.686,3754.79,1519.694,47132.1095,A6,N,N
01/23/2019,20:00,12331.5,2128.53,3049.3701,1162.45,15184.9004,7787.3101,3591.5,1520.59,46756.1506,E,N,N
01/23/2019,20:00,12737.9004,2059.6101,3090.05,1146.87,15048.2998,7395.6001,3600.03,1436.26,46514.6204,E1,N,N
01/23/2019,20:00,12708.7998,2192.6299,3116.8899,1129.5601,15362.5996,7556.0098,3844.4399,1400.01,47310.939,E2,N,N
01/23/2019,20:00,12422,2039.97,2993.8501,1067.78,15196.7002,7562.8501,3916.8799,1287.9,46487.9303,E3,Y,N
01/23/2019,20:00,12563.6816,2112.8716,3072.7632,1143.0673,15219.6621,7538.623,3740.9717,1444.1758,46835.8163,M,N,N
01/23/2019,21:00,12280.5547,2201.719,3101.5237,1149.3936,15299.2275,7312.1621,3777.52,1517.7992,46639.8998,A3,N,N
01/23/2019,21:00,12467.2988,2090.9087,3079.2542,1164.4133,15258.6357,7621.8838,3780.5342,1543.5309,47006.4596,A6,N,N
01/23/2019,21:00,12150.9004,2117.01,3065.3999,1145.48,15088.0996,7744.4102,3646.9299,1547.17,46505.4,E,N,N
01/23/2019,21:00,12527,2056.6899,3124.71,1144.04,15070.7002,7408.9399,3736.3999,1436.45,46504.9299,E1,N,N
01/23/2019,21:00,12525,2180.5801,3136.1499,1122.5699,15240.9004,7486.46,3846.48,1420.85,46958.9903,E2,N,N
01/23/2019,21:00,12194.2002,2020.1,3118.9299,1057.16,15052.2002,7655.0898,3884.2,1309.58,46291.4601,E3,Y,N
01/23/2019,21:00,12357.4941,2111.168,3104.3281,1130.5095,15168.2949,7538.1582,3778.6775,1462.5634,46651.1937,M,N,N
01/23/2019,22:00,11849.6396,2133.9739,3100.0605,1112.9767,14937.8887,7195.5249,3735.9807,1501.9938,45568.0388,A3,N,N
01/23/2019,22:00,11987.7939,1990.9647,3071.8496,1121.1232,15043.29,7590.5488,3744.9729,1492.5253,46043.0684,A6,N,N
01/23/2019,22:00,11734.2002,2004.3,3042.6699,1100.09,14725.7002,7499.4502,3628.04,1541.47,45275.9205,E,N,N
01/23/2019,22:00,11940.2002,1993.22,3083.73,1101.14,14716.2002,7239.6201,3697.1599,1340.49,45111.7604,E1,N,N
01/23/2019,22:00,12077.5996,2099.6299,3114.45,1095,14738.5,7210.4102,3765.1101,1395.23,45495.9298,E2,N,N
01/23/2019,22:00,11999.0996,1983.4301,2995.3899,1022.12,14701.7998,7459.98,3863.29,1273.51,45298.6194,E3,Y,N
01/23/2019,22:00,11931.4229,2034.2532,3068.0251,1092.075,14810.5635,7365.9229,3739.0923,1424.2032,45465.5581,M,N,N
01/23/2019,23:00,11252.5869,2019.6046,3079.1155,1067.0154,14180.4238,6883.4312,3567.1008,1462.4783,43511.7565,A3,N,N
01/23/2019,23:00,11336.7715,1874.3688,3055.8699,1074.8878,14334.2324,7210.4375,3571.4971,1459.7307,43917.7957,A6,N,N
01/23/2019,23:00,11106.5996,1854.48,3003.78,1083.36,14056,7054.4199,3553.05,1488.28,43199.9695,E,N,N
01/23/2019,23:00,11651.7998,1902.53,3057.4099,1097.76,14169.7998,6752.9502,3502.5,1370.89,43505.6397,E1,N,N
01/23/2019,23:00,11374.2002,1955.73,3056.1899,1045.74,13810.7998,6717.1001,3591.0901,1326.96,42877.8101,E2,N,N
01/23/2019,23:00,11134.2002,1897.49,3112.98,1003.18,14147.2002,7103.98,3702.6799,1176.7,43278.4103,E3,Y,N
01/23/2019,23:00,11309.3604,1917.3672,3060.8911,1061.9906,14116.4082,6953.7197,3581.3198,1380.84,43381.897,M,N,N
01/23/2019,24:00,10684.8066,1919.8303,3054.9351,1029.7482,13521.3896,6567.8188,3340.2346,1386.9,41505.6632,A3,N,N
01/23/2019,24:00,10720.9395,1751.0391,3042.9844,1044.4917,13611.752,6849.5415,3332.1267,1337.3123,41690.1872,A6,N,N
01/23/2019,24:00,10518.0996,1731.61,2981.26,1061.3199,13547,6647.46,3374.9199,1438.09,41299.7594,E,N,N
01/23/2019,24:00,10983.9004,1827.03,3050.8501,1070.9,13597.0996,6591.7202,3299.76,1342.59,41763.8503,E1,N,N
01/23/2019,24:00,10673,1820.49,3019.8701,1006.92,12934.2002,6246.5098,3374.05,1261.5699,40336.61,E2,N,N
01/23/2019,24:00,10836,1818.28,3034.22,994.441,13660,6718.79,3593.48,1197.39,41852.601,E3,Y,N
01/23/2019,24:00,10736.124,1811.3799,3030.6868,1034.6368,13478.5742,6603.6401,3385.762,1327.3086,41408.1124,M,N,N
01/24/2019,1:00,10285.2764,1868.2513,3049.4248,1018.2032,13043.0723,6486.814,3266.8176,1400.0665,40417.9261,A3,N,N
01/24/2019,1:00,10261.6729,1649.8262,3028.55,980.2183,13242.8164,6783.3311,3278.7556,1389.698,40614.8685,A6,N,N
01/24/2019,1:00,9869.7197,1671.83,3001.55,1047.42,13237.7998,6380.4902,3313.52,1486.8101,40009.1398,E,N,N
01/24/2019,1:00,10580.5996,1787.03,3051.6499,1077.91,13390.7002,6464.25,3195.99,1355.25,40903.3797,E1,N,N
01/24/2019,1:00,9768.79,1721.14,3008.71,994.982,12439.2002,6157.75,3227.5,1239.59,38557.6622,E2,N,N
01/24/2019,1:00,10449.2002,1787.16,3005.29,1005.9,13275.4004,6537.8501,3565.21,1230.73,40856.7407,E3,Y,N
01/24/2019,1:00,10202.5439,1747.5397,3024.1958,1020.7723,13104.832,6468.4141,3307.9658,1350.3575,40226.6211,M,N,N
01/24/2019,2:00,10181.4443,1834.3844,3022.2529,1024.1005,12855.2598,6416.7964,3212.447,1421.4634,39968.1487,A3,N,N
01/24/2019,2:00,10079.3721,1605.16,2992.9297,977.0117,13052.084,6668.6646,3224.6633,1430.4962,40030.3816,A6,N,N
01/24/2019,2:00,9752.9199,1657.6899,3011.0601,1060.74,13048.7998,6284.5698,3259.0601,1546.6899,39621.5295,E,N,N
01/24/2019,2:00,10344.2002,1762.8,3055.3501,1098.1,13402.9004,6322.9199,3209.1899,1371.38,40566.8405,E1,N,N
01/24/2019,2:00,9635.3604,1682.36,3005.77,999.416,12248,6071.9302,3155.3401,1238.33,38036.5067,E2,N,N
01/24/2019,2:00,10246.7998,1766.9301,3059.8701,1019.69,13052,6533.5498,3601.2,1305.4,40585.4398,E3,Y,N
01/24/2019,2:00,10040.0166,1718.2207,3024.5388,1029.843,12943.1738,6383.0713,3276.9836,1385.6266,39801.4744,M,N,N
01/24/2019,3:00,10141.2861,1836.3905,3025.0139,1027.54,12890.6953,6476.6099,3260.4717,1435.9642,40093.9716,A3,N,N
01/24/2019,3:00,9968.9951,1607.5959,2995.7681,973.3727,13082.2852,6687.9165,3277.5183,1451.7457,40045.1975,A6,N,N
01/24/2019,3:00,9724.7598,1673.11,3032.6599,1073.16,13246.7002,6268.9302,3412.52,1578.5,40010.3401,E,N,N
01/24/2019,3:00,10288.2002,1728.15,3043.2,1082.72,13435,6470.0898,3107.53,1408.1,40562.99,E1,N,N
01/24/2019,3:00,9609.5596,1673.23,3016.28,1014.3,12245,6065.6499,3143.3899,1252.34,38019.7494,E2,N,N
01/24/2019,3:00,10070.7998,1758.63,3038.1101,1032.29,12898.9004,6339.2002,3523.46,1290.17,39951.5605,E3,Y,N
01/24/2019,3:00,9967.2676,1712.8512,3025.1719,1033.8972,12966.4297,6384.7324,3287.4817,1402.8033,39780.635,M,N,N
01/24/2019,4:00,10240.6807,1831.6211,3037.9585,1044.9492,13040.8926,6622.8716,3332.7971,1446.9597,40598.7305,A3,N,N
01/24/2019,4:00,10043.3496,1621.834,3012.6301,988.2247,13177.7861,6801.7925,3330.0591,1468.1064,40443.7825,A6,N,N
01/24/2019,4:00,9793.4404,1698.45,3043.5901,1074.2,13247.4004,6369.25,3262.52,1586.36,40075.2109,E,N,N
01/24/2019,4:00,10341.4004,1722.46,3078.4199,1083.87,13315,6381.54,3233.6899,1394.55,40550.9302,E1,N,N
01/24/2019,4:00,9708.2197,1716.36,3034.8501,1024.29,12424,6173.75,3204.6001,1272.14,38558.2099,E2,N,N
01/24/2019,4:00,10124.0996,1787.97,3015.1001,1039.4399,13202.0996,6482.5898,3567.1201,1391.9301,40610.3492,E3,Y,N
01/24/2019,4:00,10041.8652,1729.7826,3037.0916,1042.4956,13067.8652,6471.9663,3321.7979,1426.6743,40139.5387,M,N,N
01/24/2019,5:00,10652.8887,1872.1129,3078.3716,1077.9674,13541.2168,6922.0396,3463.333,1470.6543,42078.5843,A3,N,N
01/24/2019,5:00,10372.2998,1660.155,3067.6013,1018.3077,13629.2012,7079.7568,3431.5459,1474.3589,41733.2266,A6,N,N
01/24/2019,5:00,10054.5,1757.84,3078.1899,1106.49,13923.5,6604.8301,3342.6499,1577.55,41445.5499,E,N,N
01/24/2019,5:00,10813.7998,1771.53,3085.6201,1128.51,13834.7002,6680.0601,3144.6001,1416.4399,41875.2602,E1,N,N
01/24/2019,5:00,10066.2998,1776.99,3073.03,1059.0601,13014.0996,6420.5801,3283.04,1316.88,40009.9796,E2,N,N
01/24/2019,5:00,10532.2002,1827.25,3039.24,1089.9,13548.9004,6784.2402,3683.8201,1332.3199,41837.8708,E3,Y,N
01/24/2019,5:00,10415.332,1777.6465,3070.3423,1080.0392,13581.9375,6748.585,3391.4983,1431.3672,41496.748,M,N,N
01/24/2019,6:00,11321.9727,2009.6342,3110.74,1154.3435,14661.1299,7624.9155,3737.4788,1546.88,45167.0946,A3,N,N
01/24/2019,6:00,11094.0625,1803.3788,3090.7612,1093.9788,14753.8359,7720.3887,3673.5901,1576.3873,44806.3833,A6,N,N
01/24/2019,6:00,10676.5996,1892.25,3145.5801,1166.13,14833.5,7172.2202,3741.25,1654.88,44282.4099,E,N,N
01/24/2019,6:00,11449.9004,1882.23,3157.8799,1192.33,14908.2998,7275.9399,3387.73,1511.97,44766.28,E1,N,N
01/24/2019,6:00,10836.7998,1916.9,3145.9299,1122.15,14233.4004,7014.52,3531.55,1397.8101,43199.0602,E2,N,N
01/24/2019,6:00,11408.7998,1930,3084.6899,1165.5,14652.9004,7336.8398,3826.72,1406.4399,44811.8898,E3,Y,N
01/24/2019,6:00,11131.3564,1905.7324,3122.5969,1149.0721,14673.8447,7357.4707,3649.7202,1515.7279,44505.5213,M,N,N
01/24/2019,7:00,12325.0713,2226.5413,3174.3103,1244.3542,16294.8955,8573.998,4258.2979,1680.7877,49778.2562,A3,N,N
01/24/2019,7:00,12111.4795,2015.5667,3150.1282,1188.0033,16390.5605,8637.7383,4150.2788,1754.7095,49398.4648,A6,N,N
01/24/2019,7:00,11478.5996,2115.51,3241.3701,1263.5699,16396.9004,8002.1602,4047.29,1796.05,48341.4502,E,N,N
01/24/2019,7:00,12453.5,2079.4099,3232.3701,1264.92,16681.6992,8200.5703,3935.8301,1608.62,49456.9196,E1,N,N
01/24/2019,7:00,11859.7998,2134.1699,3242.6499,1221.47,15985.9004,7885.73,3962.3201,1551.03,47843.0701,E2,N,N
01/24/2019,7:00,12276.5,2128.1001,3169.4299,1217.59,16471.3008,8228.2305,4125.8701,1533.76,49150.7814,E3,Y,N
01/24/2019,7:00,12084.1592,2116.5498,3201.7097,1233.3179,16370.209,8254.7383,4079.9812,1654.1595,48994.8246,M,N,N
01/24/2019,8:00,12498.2559,2252.2925,3214.2178,1265.8867,16710.6797,8802.6797,4360.5142,1722.662,50827.1885,A3,N,N
01/24/2019,8:00,12412.6846,2052.9236,3208.5955,1207.8555,16844.4023,8920.7979,4252.5742,1786.4308,50686.2644,A6,N,N
01/24/2019,8:00,11696.0996,2171.96,3296.1399,1278.8101,16883.5,8237.96,4333.0801,1827.01,49724.5597,E,N,N
01/24/2019,8:00,12598,2148.79,3273.4299,1315.14,17144.1992,8473.3701,4031.79,1674.22,50658.9392,E1,N,N
01/24/2019,8:00,12196.2998,2175.6299,3282.73,1248.4301,16676.1992,8185.3301,4070.7,1617.41,49452.7291,E2,N,N
01/24/2019,8:00,12522.2002,2176.03,3230.28,1219.51,16827.5996,8517.8301,4299.9902,1634.85,50428.2901,E3,Y,N
01/24/2019,8:00,12320.5898,2162.9377,3250.8989,1255.9388,16847.7637,8522.9951,4224.7749,1710.4305,50296.3294,M,N,N
01/24/2019,9:00,12184.3711,2196.666,3165.8042,1245.6453,16090.4834,8441.5205,4124.3877,1664.2684,49113.1466,A3,N,N
01/24/2019,9:00,12195.3467,2049.3708,3154.1572,1194.7079,16231.668,8643.5029,4065.4131,1713.3152,49247.4818,A6,N,N
01/24/2019,9:00,11508.7998,2143.3201,3247.8201,1256.09,15988.4004,7862.8701,3971.6499,1743.24,47722.1904,E,N,N
01/24/2019,9:00,12426.9004,2065.25,3207.95,1276.58,16242.2998,8008.3301,3834.8899,1602.88,48665.0802,E1,N,N
01/24/2019,9:00,12025.9004,2109.3601,3233.4099,1234.74,16122.7998,7860.5098,3889.1201,1573.29,48049.1301,E2,N,N
01/24/2019,9:00,12295.4004,2090.3999,3172.6899,1187.27,15986,7987.1299,4033.8701,1557.88,48310.6402,E3,Y,N
01/24/2019,9:00,12106.1201,2109.0613,3196.9719,1232.5055,16110.2754,8133.9775,3986.5552,1642.4792,48517.9461,M,N,N
01/24/2019,10:00,12067.4922,2107.7253,3152.4683,1224.3359,15651.7334,7953.2524,3908.6189,1591.3768,47657.0032,A3,N,N
01/24/2019,10:00,12073.1123,1974.9181,3155.6855,1191.5643,15831.082,8237.5273,3899.9636,1601.1063,47964.9594,A6,N,N
01/24/2019,10:00,11330.4004,2028.15,3175.5701,1261,15496.2002,7367.5,3812.25,1629.3199,46100.3906,E,N,N
01/24/2019,10:00,12192.0996,1995.55,3180.77,1278.1801,15640.5,7486.8301,3714.3101,1497.5601,46985.8,E1,N,N
01/24/2019,10:00,11786.2998,2013.49,3169.79,1223.9,15445.5,7369.2798,3678.9299,1457.83,46145.0195,E2,N,N
01/24/2019,10:00,12225.5996,1990.25,3126.55,1164.39,15523.7002,7569.73,3904.71,1435.3199,46940.2497,E3,Y,N
01/24/2019,10:00,11945.834,2018.3473,3160.1392,1223.895,15598.1191,7664.02,3819.7974,1535.4189,46965.5709,M,N,N
01/24/2019,11:00,11814.1738,2018.6959,3156.967,1209.8722,15306.6465,7440.7852,3681.3845,1498.333,46126.8581,A3,N,N
01/24/2019,11:00,11794.2559,1918.8735,3157.0334,1209.1144,15534.1406,7841.1162,3739.0896,1419.4248,46613.0484,A6,N,N
01/24/2019,11:00,11088.5,1889.4,3141.6599,1255.15,14835.0996,6936.6899,3643.28,1459.28,44249.0594,E,N,N
01/24/2019,11:00,11974.5,1886.61,3155,1242.12,15006.0996,7081.4502,3482.3401,1403.72,45231.8399,E1,N,N
01/24/2019,11:00,11512.2002,1900.78,3124.6201,1190.79,14773,6912.23,3428.8401,1381.3,44223.7604,E2,N,N
01/24/2019,11:00,11838.4004,1914.86,3069.1399,1151.11,14863.7998,7110.25,3755.9099,1280.1,44983.57,E3,Y,N
01/24/2019,11:00,11670.3379,1921.5366,3134.0703,1209.6927,15053.1309,7220.4209,3621.8076,1407.0264,45238.0233,M,N,N
01/24/2019,12:00,11326.9619,1903.7953,3150.8979,1184.5145,14667.1064,6914.1133,3444.1482,1423.7198,44015.2573,A3,N,N
01/24/2019,12:00,11413.751,1830.931,3161.7466,1212.3284,14812.3154,7319.2866,3511.6768,1326.6401,44588.6759,A6,N,N
01/24/2019,12:00,10781.2002,1768.23,3092.1001,1228.66,14141.0996,6529.7002,3441.3401,1355.4301,42337.7603,E,N,N
01/24/2019,12:00,11560,1764.24,3122.8401,1201.34,14397,6678.3799,3231.27,1321.65,43276.72,E1,N,N
01/24/2019,12:00,11155.5996,1785.65,3076.6201,1151.1801,14022.4004,6488.0498,3189.1899,1308.8101,42177.5,E2,N,N
01/24/2019,12:00,11288.7002,1785.78,3044.52,1114.37,14203.7002,6774.7402,3496.5601,1182.8101,42891.1808,E3,Y,N
01/24/2019,12:00,11254.3691,1806.4379,3108.1208,1182.0654,14373.9375,6784.0454,3385.6975,1319.8434,43214.517,M,N,N
01/24/2019,13:00,10989.2236,1790.8032,3089.5308,1137.5812,13855.3047,6517.9214,3252.7886,1376.7292,42009.8827,A3,N,N
01/24/2019,13:00,10970.7871,1764.9941,3116.6965,1182.1211,13898.334,6929.248,3284.0811,1296.1428,42442.4047,A6,N,N
01/24/2019,13:00,10445.5996,1691.1801,3034.55,1191.3,13466.7998,6195.8398,3310.0701,1350.5,40685.8394,E,N,N
01/24/2019,13:00,11242,1694.45,3074.6399,1177.09,13728.0996,6359.0298,3115.98,1296.9301,41688.2194,E1,N,N
01/24/2019,13:00,10801.0996,1695.0601,3028.4199,1102.1,13333.7998,6161.8701,2965.5801,1236.64,40324.5696,E2,N,N
01/24/2019,13:00,11128,1692.3199,2988.29,1059.99,13581.9004,6326.0898,3436.24,1167.51,41380.3401,E3,Y,N
01/24/2019,13:00,10929.4531,1721.4679,3055.3545,1141.6971,13644.04,6415,3227.4565,1287.4087,41421.8778,M,N,N
01/24/2019,14:00,10743.0615,1672.689,3041.0547,1101.6298,13208.4238,6216.5679,3114.5549,1342.6505,40440.6321,A3,N,N
01/24/2019,14:00,10752.375,1649.937,3091.3235,1155.542,13101.3496,6572.8535,3099.2478,1291.0315,40713.6599,A6,N,N
01/24/2019,14:00,10205.7998,1612.34,3003.23,1127.09,12783.5996,5952.48,3183.9399,1329.9399,39198.4192,E,N,N
01/24/2019,14:00,10892.5996,1642.92,3035.3799,1143.9399,13341,6169.1699,2991.6799,1232.4399,40449.1291,E1,N,N
01/24/2019,14:00,10564.5996,1617.9,3000.5901,1068.0699,12850.4004,5895.7998,2839.7,1184.97,39022.0298,E2,N,N
01/24/2019,14:00,10922.9004,1611.24,2979.52,1008.68,12899.2998,6123.9702,3278.8601,1102.12,39926.5905,E3,Y,N
01/24/2019,14:00,10680.2227,1634.5044,3025.1831,1100.8253,13030.6797,6155.1406,3084.6636,1247.192,39958.4114,M,N,N
01/24/2019,15:00,10555.6182,1633.2145,3007.7156,1070.885,12759.7471,6074.1729,3030.1951,1285.2679,39416.8163,A3,N,N
01/24/2019,15:00,10570.7949,1633.0663,3055.1689,1130.8291,12674.1133,6379.6978,3006.7554,1224.2043,39674.63,A6,N,N
01/24/2019,15:00,10018.7998,1573.3101,2977.8501,1106.22,12396.5996,5802.7402,3164.4399,1255.6899,38295.6496,E,N,N
01/24/2019,15:00,10730.2002,1590.53,3021.4399,1106.91,12882.2998,5947.5298,2976.9099,1196.8,39452.6196,E1,N,N
01/24/2019,15:00,10299.7002,1563.61,2979.4299,1033.13,12408.7998,5694.4399,2751.0701,1157.83,37888.0099,E2,N,N
01/24/2019,15:00,10531.5996,1565.67,2979.22,973.296,12458.2998,5937.1802,3273.6101,1088.89,38807.7657,E3,Y,N
01/24/2019,15:00,10451.1191,1593.2336,3003.4707,1070.2117,12596.6426,5972.627,3033.8301,1201.447,38922.5818,M,N,N
01/24/2019,16:00,10386.8945,1589.5264,2993.6123,1035.4661,12543.9951,6003.8018,2976.3716,1274.4723,38804.1401,A3,N,N
01/24/2019,16:00,10398.5566,1587.7555,3025.6958,1098.1429,12442.3154,6226.918,2958.4856,1212.3728,38950.2426,A6,N,N
01/24/2019,16:00,9918.0898,1532.8101,2958.76,1033.47,12309.0996,5760.1499,3038.97,1249.8199,37801.1693,E,N,N
01/24/2019,16:00,10756.2002,1545.96,2980.5601,1087.6899,12519,5904.71,2951.8301,1217.4,38963.3503,E1,N,N
01/24/2019,16:00,10140.2002,1525.84,2963,997.674,12132.2002,5618.9902,2697.1101,1151.76,37226.7747,E2,N,N
01/24/2019,16:00,10523.7998,1532.96,2947.77,945.691,12206.2998,5845.5801,3133.5,1083.73,38219.3307,E3,Y,N
01/24/2019,16:00,10353.957,1552.4753,2978.2329,1033.0223,12358.8184,5893.3584,2959.3779,1198.2593,38327.5015,M,N,N
01/24/2019,17:00,10444.6807,1644.6427,2990.345,1052.5767,12762.3701,6120.5107,3000.1006,1310.5098,39325.7363,A3,N,N
01/24/2019,17:00,10407.8887,1638.5758,3009.8633,1110.0203,12621.2891,6322.0269,2971.4185,1260.0393,39341.1219,A6,N,N
01/24/2019,17:00,9928.0195,1571.64,2964,1073.37,12463.5,5864.27,3048.0701,1316.12,38228.9896,E,N,N
01/24/2019,17:00,10704.2998,1581.13,3031.7,1096.46,12949.5,5976.8198,3039.3,1244.77,39623.9796,E1,N,N
01/24/2019,17:00,10098.4004,1556.96,2971.5901,991.816,12257,5672,2702.0601,1175.5699,37425.3965,E2,N,N
01/24/2019,17:00,10594.7998,1568.2,2956.8401,944.543,12468.5996,5917.71,3138.2,1114.78,38703.6725,E3,Y,N
01/24/2019,17:00,10363.0146,1593.5249,2987.3896,1044.7977,12587.043,5978.8901,2983.1914,1236.9648,38774.8161,M,N,N
01/24/2019,18:00,10722.3994,1728.302,3007.5439,1038.363,13479.9453,6443.5454,3069.2244,1369.4698,40858.7932,A3,N,N
01/24/2019,18:00,10668.6064,1732.3235,3010.1091,1087.0355,13357.9893,6609.8574,3020.6858,1304.4292,40791.0362,A6,N,N
01/24/2019,18:00,10168.7998,1677.17,2989.3799,1060.02,13225.7998,6172.75,3196.6399,1352.85,39843.4094,E,N,N
01/24/2019,18:00,10826.7998,1711.9301,3029.3401,1069.39,13702.7998,6518.98,3125.48,1293.33,41278.0498,E1,N,N
01/24/2019,18:00,10351,1662.5601,3003.26,1004.9,12947.4004,5979.98,2778.1101,1225.29,38952.5006,E2,N,N
01/24/2019,18:00,10934.4004,1709.48,2967.77,940.031,13331.9004,6298.2798,3230.0801,1171.54,40583.4817,E3,Y,N
01/24/2019,18:00,10612.002,1703.6277,3001.2339,1033.2899,13340.9727,6337.2329,3070.0366,1286.1516,40384.5473,M,N,N
01/24/2019,19:00,11167.9512,1831.0394,3081.3376,1098.0721,14423.6758,6971.1177,3288.9749,1450.2819,43312.4506,A3,N,N
01/24/2019,19:00,11053.8877,1849.5447,3059.9192,1150.5256,14181.667,7038.0381,3234.8831,1398.0508,42966.5162,A6,N,N
01/24/2019,19:00,10639.7998,1833.47,3097.9299,1119.63,14177,6744.46,3368.49,1427.51,42408.2897,E,N,N
01/24/2019,19:00,11451.7002,1800.67,3100.3799,1147.0699,14459.9004,6787.3701,3216.6001,1399.48,43363.1706,E1,N,N
01/24/2019,19:00,10929.4004,1829.9,3119.05,1077.0601,14070.5,6620.75,3041.1001,1328.35,42016.1106,E2,N,N
01/24/2019,19:00,11334.7998,1796.01,3025.6699,1010.98,14172.0996,6864.77,3440.1101,1251.6899,42896.1293,E3,Y,N
01/24/2019,19:00,11096.2559,1823.439,3080.7144,1100.5564,14247.4756,6837.7515,3265.0264,1375.8938,42827.113,M,N,N
01/24/2019,20:00,11226.9336,1846.2861,3112.4004,1120.1555,14714.3496,7152.3574,3382.3027,1488.2241,44043.0094,A3,N,N
01/24/2019,20:00,11134.1875,1881.3773,3075.9639,1175.6473,14464.5898,7324.3472,3309.3774,1477.5635,43843.0539,A6,N,N
01/24/2019,20:00,10715.2998,1866.23,3156.1399,1131.85,14271.2002,6924.6899,3477.8201,1500.6899,43043.9198,E,N,N
01/24/2019,20:00,11438.7998,1836.67,3177.26,1135.47,14607.2002,6979.3198,3464.5901,1446.21,44085.5199,E1,N,N
01/24/2019,20:00,11047.5,1867.5,3166.54,1096.01,14341.7002,6860.2202,3197.5701,1379.13,42956.1705,E2,N,N
01/24/2019,20:00,11413.9004,1827.4399,3071.45,1062.23,14367.7998,7016.2598,3586.97,1401.17,43747.2199,E3,Y,N
01/24/2019,20:00,11162.7695,1854.2506,3126.6255,1120.2272,14461.1406,7042.8662,3403.1052,1448.8313,43619.8161,M,N,N
01/24/2019,21:00,11153.9111,1852.7506,3117.5161,1118.13,14776.8633,7201.3315,3415.2268,1507.8259,44143.5553,A3,N,N
01/24/2019,21:00,11003.3525,1917.4402,3083.5481,1160.1195,14619.1992,7459.8486,3325.3782,1510.0138,44078.9001,A6,N,N
01/24/2019,21:00,10686,1889.8101,3183.3999,1116.48,14458.0996,6925.9702,3569.8601,1520.34,43349.9599,E,N,N
01/24/2019,21:00,11314.2998,1833.05,3188.26,1150.0601,14503.2002,7070.3198,3395.3401,1452.72,43907.25,E1,N,N
01/24/2019,21:00,10996.5996,1886.75,3186.29,1092.97,14361.7002,6895,3264.72,1395.76,43079.7898,E2,N,N
01/24/2019,21:00,11430.2002,1835.17,3127.29,1054.02,14339.7998,7100.98,3674.4199,1432.47,43994.3499,E3,Y,N
01/24/2019,21:00,11097.3945,1869.1619,3147.7175,1115.2966,14509.8105,7108.9087,3440.8242,1469.855,43758.9689,M,N,N
01/24/2019,22:00,10823.748,1790.5679,3119.7107,1088.8599,14435.1602,7090.1509,3372.0059,1493.7689,43213.9724,A3,N,N
01/24/2019,22:00,10715.2529,1848.4664,3082.0313,1120.3783,14448.5342,7394.939,3291.4292,1488.1426,43389.1739,A6,N,N
01/24/2019,22:00,10453.9004,1846.35,3167.8201,1088.54,13980.7002,6765.3101,3518.02,1513.54,42334.1808,E,N,N
01/24/2019,22:00,11100.7998,1798.3,3131.3301,1111.6801,14171,6928.9102,3324.9399,1491.0601,43058.0202,E1,N,N
01/24/2019,22:00,10725.4004,1854.34,3170.6101,1070.97,14071.7998,6756.2798,3260.8301,1379.96,42290.1902,E2,N,N
01/24/2019,22:00,11088.7002,1831.98,3093.3401,1024.28,14034.7998,6943.5898,3590.8601,1451.96,43059.51,E3,Y,N
01/24/2019,22:00,10817.9668,1828.334,3127.4739,1084.118,14190.332,6979.8638,3393.0142,1469.7385,42890.8412,M,N,N
01/24/2019,23:00,10404.1787,1682.9421,3094.1272,1053.4701,13721.5488,6793.5718,3218.772,1454.5049,41423.1156,A3,N,N
01/24/2019,23:00,10292.125,1754.4731,3075.5437,1081.6709,13763.3252,7032.5991,3161.8074,1432.5151,41594.0595,A6,N,N
01/24/2019,23:00,10019.7002,1759.03,3123.1101,1038.3199,13520.9004,6461.7202,3335.3301,1527.8101,40785.921,E,N,N
01/24/2019,23:00,10729.5996,1753.37,3131.77,1065.26,13845.5,6702.3901,3126.3301,1459.6801,41813.8999,E1,N,N
01/24/2019,23:00,10186.4004,1786.41,3120.52,1034.14,13455.0996,6413.6401,3166.6201,1344.66,40507.4902,E2,N,N
01/24/2019,23:00,10576.9004,1731.24,3042.26,1010.97,13671.7998,6736.1299,3398.51,1315.5699,41483.38,E3,Y,N
01/24/2019,23:00,10368.1504,1744.5776,3097.8887,1047.3052,13663.0293,6690.0088,3234.562,1422.4568,41267.9788,M,N,N
01/24/2019,24:00,9929.5068,1622.942,3068.7747,1025.3225,13132.0986,6494.4312,3020.3296,1380.3834,39673.7888,A3,N,N
01/24/2019,24:00,9880.1963,1643.0457,3051.5396,1055.4147,13197.6387,6663.2397,2959.6504,1327.5975,39778.3226,A6,N,N
01/24/2019,24:00,9590.0498,1679.49,3104.49,1037.97,12943.7998,6161.96,3164.4299,1455.0699,39137.2594,E,N,N
01/24/2019,24:00,10283.7998,1693.33,3130.6101,1049.26,13318.7002,6446.1001,3013.22,1377.24,40312.2602,E1,N,N
01/24/2019,24:00,9646.8398,1720.92,3088.22,1002.86,12843.7998,6068.4102,3016.4099,1296.9301,38684.3898,E2,N,N
01/24/2019,24:00,10286.0996,1692.61,3045.3799,1001.45,13193.5996,6484.3701,3240.5801,1264.0601,40208.1494,E3,Y,N
01/24/2019,24:00,9936.082,1675.3898,3081.5024,1028.7129,13104.9395,6386.4194,3069.1035,1350.2135,39632.363,M,N,N
01/25/2019,1:00,9667.6035,1611.5844,3122.624,1018.3493,12759.2412,6388.937,2948.9651,1397.7345,38915.039,A3,N,N
01/25/2019,1:00,9592.7588,1543.8763,3043.0825,986.6563,12915.3398,6565.1304,2914.6899,1390.4996,38952.0336,A6,N,N
01/25/2019,1:00,9569.0596,1635.42,3111.51,1026.6,12911.5,5987.3101,3085.4199,1512.16,38838.9796,E,N,N
01/25/2019,1:00,9994.1797,1679.24,3135.7,1051.62,13177.7998,6361.3999,2923.28,1356.26,39679.4794,E1,N,N
01/25/2019,1:00,9892.2803,1690.3101,3072.73,996.162,12598.7002,6183.3101,2881.5701,1280.11,38595.1728,E2,N,N
01/25/2019,1:00,9988.6299,1686.8199,3048.8601,1010.35,12910.0996,6407.6001,3166.9099,1266.87,39486.1395,E3,Y,N
01/25/2019,1:00,9784.0859,1641.2085,3089.0847,1014.9562,12878.7803,6315.6152,2986.8059,1367.2723,39077.809,M,N,N
01/25/2019,2:00,9557.1123,1615.0149,3092.6431,1026.8256,12756.0361,6411.8413,2898.6572,1421.6865,38779.817,A3,N,N
01/25/2019,2:00,9494.5303,1528.8572,3021.7556,985.0314,12901.9316,6541.0869,2881.5159,1438.8965,38793.6054,A6,N,N
01/25/2019,2:00,9406.4297,1621.54,3113.8101,1039.96,12891.7998,5914.8198,3035.3601,1571.73,38595.4495,E,N,N
01/25/2019,2:00,9768.6104,1681.04,3142.7,1054.8101,13304.9004,6370.4502,2856.26,1362.78,39541.5511,E1,N,N
01/25/2019,2:00,9751.4199,1677.96,3064.8501,996.512,12531,6108.0498,2796.21,1279.76,38205.7618,E2,N,N
01/25/2019,2:00,9852.75,1705.99,3077.6399,1021.16,12860.4004,6461.3101,3165.1399,1316.33,39460.7203,E3,Y,N
01/25/2019,2:00,9638.4766,1638.4004,3085.5667,1020.7166,12874.3457,6301.2598,2938.8574,1398.5305,38896.1537,M,N,N
01/25/2019,3:00,9608.2139,1660.918,3106.0676,1035.2764,12837.9482,6501.7539,2904.2168,1444.4338,39098.8286,A3,N,N
01/25/2019,3:00,9556.5195,1545.646,3026.9797,987.2073,13009.4639,6604.8018,2913.748,1471.8051,39116.1713,A6,N,N
01/25/2019,3:00,9377.7998,1629.33,3134.77,1062.54,13153.0996,5935.4199,3060.04,1596.77,38949.7693,E,N,N
01/25/2019,3:00,9755.6104,1694.7,3178.8799,1099.79,13450.5,6465.7402,2858.6899,1405.77,39909.6804,E1,N,N
01/25/2019,3:00,9738.6504,1688.48,3077.5701,1014.51,12661.9004,6119.9199,2775.8301,1297.72,38374.5809,E2,N,N
01/25/2019,3:00,9944.3301,1693.92,3071.45,1035.27,12880.7002,6312.5098,3107,1374.29,39419.4701,E3,Y,N
01/25/2019,3:00,9663.5205,1652.1658,3099.2861,1039.099,12998.9355,6323.3579,2936.5874,1431.7982,39144.7504,M,N,N
01/25/2019,4:00,9771.9238,1703.4344,3131.5693,1052.0007,13084.3623,6691.5933,2940.0129,1461.0088,39835.9055,A3,N,N
01/25/2019,4:00,9689.8535,1579.6582,3045.9707,1002.4709,13214.0264,6755.001,2965.7285,1497.552,39750.2612,A6,N,N
01/25/2019,4:00,9481.9102,1651.24,3145.5901,1057.27,13526,6063.46,3076.51,1586.16,39588.1403,E,N,N
01/25/2019,4:00,9853.1299,1712.99,3170.6699,1155.53,13617.7002,6524.8398,2846.45,1436.41,40317.7198,E1,N,N
01/25/2019,4:00,9840.9805,1722.26,3090.3401,1028.42,12884.9004,6240.79,2840.26,1313.98,38961.931,E2,N,N
01/25/2019,4:00,9987.3604,1742.75,3093.8501,1050.48,13322.9004,6563.8301,3124.0701,1478.61,40363.8511,E3,Y,N
01/25/2019,4:00,9770.8604,1685.3889,3112.9985,1057.6953,13274.9824,6473.2529,2965.5054,1462.2869,39802.9707,M,N,N
01/25/2019,5:00,10136.6436,1779.9875,3173.9668,1092.0076,13799.4551,7010.1982,3061.0142,1492.9463,41546.2193,A3,N,N
01/25/2019,5:00,10051.3789,1627.9716,3104.2229,1039.4033,13843.1279,7103.5015,3085.7773,1513.078,41368.4614,A6,N,N
01/25/2019,5:00,9833.46,1708.12,3174.8799,1094.62,14156.2002,6348.5098,3152.03,1572.6801,41040.5,E,N,N
01/25/2019,5:00,10171.5,1768.91,3195.5801,1188.4,14245.0996,6816.1001,2998.03,1455.28,41838.8998,E1,N,N
01/25/2019,5:00,10130.0996,1774.39,3127.3701,1060.02,13445,6541.77,2935.74,1365.6,40379.9897,E2,N,N
01/25/2019,5:00,10290.5,1795.0699,3087.3799,1100.55,13745.0996,6894.21,3248.3601,1464.5601,41625.7296,E3,Y,N
01/25/2019,5:00,10102.2637,1742.4083,3143.9004,1095.8336,13872.3301,6785.7153,3080.1587,1477.3575,41299.9676,M,N,N
01/25/2019,6:00,10947.3057,1951.1115,3195.3245,1176.6016,15063.3281,7719.2817,3310.8408,1581.9618,44945.7557,A3,N,N
01/25/2019,6:00,10783.0127,1780.1978,3130.0144,1115.8475,15109.5244,7746.3325,3343.7346,1621.307,44629.9709,A6,N,N
01/25/2019,6:00,10647.7998,1844.5,3234.8101,1161.29,15062.5,6991.8799,3441.4199,1624.64,44008.8397,E,N,N
01/25/2019,6:00,10916.5,1874.9301,3252.23,1220.96,15354.0996,7391.5601,3117.3701,1561.23,44688.8799,E1,N,N
01/25/2019,6:00,10877.7998,1912.49,3194.97,1132.2,14571,7183.3301,3173.77,1441.62,43487.1799,E2,N,N
01/25/2019,6:00,11149.7998,1906.04,3130.3401,1179.91,14950.2998,7500.3101,3458.0601,1478.25,44753.0099,E3,Y,N
01/25/2019,6:00,10887.0361,1878.2117,3189.615,1164.4683,15018.459,7422.1162,3307.5327,1551.5015,44418.9405,M,N,N
01/25/2019,7:00,11956.6016,2190.0999,3247.4072,1276.611,16914.6563,8726.9697,3786.1858,1734.5156,49833.0471,A3,N,N
01/25/2019,7:00,11797.8896,1992.7312,3191.6541,1208.3466,16925.6426,8792.2021,3817.7153,1814.4614,49540.6429,A6,N,N
01/25/2019,7:00,11704.7002,2059.8701,3312.0701,1252.95,16630.8008,7933.3701,3904.98,1782.46,48581.2013,E,N,N
01/25/2019,7:00,11940.4004,2079.8999,3291.3,1282.16,16953.3008,8365.8096,3654.8999,1680.26,49248.0306,E1,N,N
01/25/2019,7:00,11804.2998,2117.29,3277.46,1232.53,16215,8110,3635.24,1592.0601,47983.8799,E2,N,N
01/25/2019,7:00,11995.0996,2077.4199,3196.2,1234.08,16646.4004,8388.46,3957.97,1656.38,49152.0099,E3,Y,N
01/25/2019,7:00,11866.499,2086.2185,3252.6821,1247.7795,16714.3008,8386.1348,3792.8318,1710.0229,49056.4694,M,N,N
01/25/2019,8:00,12266.6875,2250.5046,3288.1973,1299.3065,17496.3359,9081.8438,3918.1467,1789.5913,51390.6136,A3,N,N
01/25/2019,8:00,12105.6465,2031.6636,3289.2202,1232.2556,17527.6504,9170.9668,3954.0188,1860.7572,51172.1791,A6,N,N
01/25/2019,8:00,12089,2125.98,3357.8201,1275.5,17166.4004,8267.8203,4037.5801,1816.75,50136.8509,E,N,N
01/25/2019,8:00,12187,2110.5901,3332.0901,1305.22,17448.3008,8651.0098,3824.8,1756.55,50615.5608,E1,N,N
01/25/2019,8:00,12130.7002,2166.1899,3319.72,1265.29,16958.5996,8458.2305,3783.78,1672.9301,49755.4403,E2,N,N
01/25/2019,8:00,12451.2002,2170.3701,3247.5901,1237.17,16992.8008,8650.4199,4058.6399,1713.5,50521.691,E3,Y,N
01/25/2019,8:00,12205.0391,2142.5496,3305.7729,1269.1238,17265.0156,8713.3818,3929.4941,1768.3466,50598.7235,M,N,N
01/25/2019,9:00,12112.7598,2229.6299,3267.3127,1283.7411,16966.541,8858.2813,3774.6282,1739.3813,50232.2753,A3,N,N
01/25/2019,9:00,11966.4922,2032.0554,3264.4673,1231.0935,16985.6348,9006.4941,3841.8328,1802.3158,50130.3859,A6,N,N
01/25/2019,9:00,12010.7002,2107.77,3318.23,1278.8101,16440.0996,7953.3198,3739.52,1753.41,48601.8597,E,N,N
01/25/2019,9:00,12104.7998,2064.1201,3276.21,1312.05,16683,8286.1299,3605.8,1661.28,48993.3898,E1,N,N
01/25/2019,9:00,12084,2116.1699,3266.9199,1256.24,16505.3008,8188.0801,3666.2,1639.13,48722.0407,E2,N,N
01/25/2019,9:00,12291.5996,2074.1201,3210.6599,1209.45,16408.0996,8314.4805,3882.8999,1649.61,49040.9196,E3,Y,N
01/25/2019,9:00,12095.0586,2103.9778,3267.2998,1261.8973,16664.7793,8434.4648,3751.8135,1707.5212,49286.8123,M,N,N
01/25/2019,10:00,12031.7578,2162.1213,3259.0024,1270.0842,16493.0566,8455.9473,3689.5073,1672.4756,49033.9525,A3,N,N
01/25/2019,10:00,11868.1689,1970.014,3266.1184,1242.1056,16683.6602,8665.3379,3796.1934,1701.7161,49193.3145,A6,N,N
01/25/2019,10:00,11932.5,2009.29,3258.8799,1284.6801,15879.4004,7503.77,3693.3201,1640.05,47201.8905,E,N,N
01/25/2019,10:00,12044.9004,1985.05,3263.02,1309.16,16090.7002,7735.25,3540.55,1577.3199,47545.9505,E1,N,N
01/25/2019,10:00,11971.9004,2038.26,3223.8401,1243.9301,15847.5996,7752.9502,3550.25,1529.36,47158.0904,E2,N,N
01/25/2019,10:00,12241.0996,1978.17,3171.6001,1188.26,15801,7840.6602,3809.23,1533.63,47563.6499,E3,Y,N
01/25/2019,10:00,12015.0547,2023.8176,3240.4104,1256.37,16132.5703,7992.3198,3679.8418,1609.0919,47949.4765,M,N,N
01/25/2019,11:00,11823.8701,2080.6326,3253.8984,1260.3514,16061.9297,7992.043,3561.1611,1582.7699,47616.6562,A3,N,N
01/25/2019,11:00,11680.0957,1916.7711,3272.989,1253.3751,16328.0635,8327.5479,3717.3716,1537.2666,48033.4805,A6,N,N
01/25/2019,11:00,11758.7002,1884,3224.8999,1256.5699,15335,7092.5098,3550.7,1495.8,45598.1798,E,N,N
01/25/2019,11:00,11861.7998,1917.27,3222.95,1310.45,15590.2002,7369.9199,3432.8101,1497.05,46202.45,E1,N,N
01/25/2019,11:00,11810.7002,1945.42,3180.45,1202,15210.2002,7323.9502,3388.6101,1462.26,45523.5907,E2,N,N
01/25/2019,11:00,11928,1904.63,3122.6899,1170.59,15343,7470.6001,3667.21,1357.27,45963.99,E3,Y,N
01/25/2019,11:00,11810.5283,1941.454,3212.9795,1242.2227,15644.7324,7596.0952,3552.9773,1488.7362,46489.7256,M,N,N
01/25/2019,12:00,11499.4326,2005.3468,3238.917,1237.9734,15485.7295,7442.1733,3381.2065,1498.3613,45789.1404,A3,N,N
01/25/2019,12:00,11335.4434,1852.1641,3275.6331,1254.2642,15725.0186,7883.0298,3537.218,1442.2822,46305.0534,A6,N,N
01/25/2019,12:00,11433.0996,1767.25,3173.6699,1218.01,14654.5996,6676.9199,3412.98,1404.85,43741.379,E,N,N
01/25/2019,12:00,11551.7002,1816.49,3187.01,1294.58,14822.2998,6979.7998,3288.0901,1416.67,44356.6399,E1,N,N
01/25/2019,12:00,11493.7998,1833.11,3126.48,1153.47,14516.0996,6892.1099,3211.6299,1391.9399,43618.6391,E2,N,N
01/25/2019,12:00,11430.9004,1834.3,3096.8799,1130.3199,14611.9004,7030.3599,3477.3401,1291.72,43903.7206,E3,Y,N
01/25/2019,12:00,11457.3965,1851.4435,3183.0984,1214.7695,14969.2734,7150.7324,3384.7444,1407.6372,44619.0953,M,N,N
01/25/2019,13:00,11068.7246,1901.4739,3197.6526,1186.7821,14785.1621,7127.231,3253.0022,1446.3584,43966.3869,A3,N,N
01/25/2019,13:00,10992.8379,1791.681,3224.2756,1213.9753,14906.3721,7414.5508,3364.9736,1420.7266,44329.3929,A6,N,N
01/25/2019,13:00,11092.9004,1674.42,3115.3101,1180.78,14018.7998,6307.2798,3261.6599,1385.83,42036.98,E,N,N
01/25/2019,13:00,11191.7002,1713.15,3136.6599,1215.45,14123,6610.5898,3134.75,1354.33,42479.6299,E1,N,N
01/25/2019,13:00,11195.5,1735.23,3074.6101,1110.3101,13814,6512.7202,3044.78,1319.64,41806.7904,E2,N,N
01/25/2019,13:00,11150.2998,1744.05,3043.48,1075.78,13986,6637.77,3402.6799,1272.09,42312.1497,E3,Y,N
01/25/2019,13:00,11115.3281,1760.001,3131.998,1163.8463,14272.2227,6768.3574,3243.6411,1366.4958,42821.8904,M,N,N
01/25/2019,14:00,10867.0137,1777.3313,3164.2642,1139.248,14225.5596,6756.7202,3181.0898,1404.5432,42515.77,A3,N,N
01/25/2019,14:00,10717.0313,1673.4785,3190.49,1164.2483,14033.7783,7088.1421,3241.8787,1386.3638,42495.411,A6,N,N
01/25/2019,14:00,10861.9004,1613.1899,3083.9299,1147,13265.9004,6027.8198,3115.23,1359.26,40474.2304,E,N,N
01/25/2019,14:00,10970.4004,1684.27,3114.8501,1205.63,13465.9004,6366.5098,3027.53,1285.45,41120.5407,E1,N,N
01/25/2019,14:00,10992.2998,1670.9301,3046.04,1074.64,13257.9004,6230.96,2963.53,1260.61,40496.9103,E2,N,N
01/25/2019,14:00,11054.7002,1643.95,3025.45,1026.23,13224.2998,6370.1299,3284.5601,1181.63,40810.95,E3,Y,N
01/25/2019,14:00,10910.5576,1677.1917,3104.1709,1126.1661,13578.8896,6473.3809,3135.6365,1312.9762,41318.9695,M,N,N
01/25/2019,15:00,10662.957,1684.6924,3110.0146,1102.5033,13678.5068,6543.0425,3112.4546,1340.7096,41234.8808,A3,N,N
01/25/2019,15:00,10668.1123,1661.4205,3146.3352,1144.6633,13266.7471,6872.4194,3138.9893,1308.3883,41207.0754,A6,N,N
01/25/2019,15:00,10657.2002,1560.97,3052.5701,1122.55,12707.5996,5836.54,3122.3799,1317.28,39377.0898,E,N,N
01/25/2019,15:00,10736.5,1605.36,3078.21,1127.9399,12956,6070.2998,2943.46,1275.26,39793.0297,E1,N,N
01/25/2019,15:00,10739.2002,1610.88,3020.3601,1036.46,12780.0996,5997.04,2901.9399,1224.8,39310.7798,E2,N,N
01/25/2019,15:00,10606.7998,1599.47,3012.04,990.352,12558.5996,6112.4302,3204.8501,1143.23,39227.7717,E3,Y,N
01/25/2019,15:00,10678.4619,1620.4656,3069.9219,1087.4115,12991.2598,6238.6289,3070.6792,1268.278,40025.1068,M,N,N
01/25/2019,16:00,10543.4873,1661.5502,3086.6328,1033.3707,13215.1943,6408.1479,3069.4258,1323.068,40340.877,A3,N,N
01/25/2019,16:00,10562.2949,1672.2577,3127.4822,1127.2223,12724.0537,6689.4185,3082.4319,1306.0757,40291.2369,A6,N,N
01/25/2019,16:00,10515.7002,1519.6899,3016.6899,1073.42,12301.5,5757.3799,3047.6299,1314.51,38546.5198,E,N,N
01/25/2019,16:00,10856.4004,1576.84,3020.97,1086.45,12488.0996,5986.1201,2976.48,1278.48,39269.8401,E1,N,N
01/25/2019,16:00,10565.7998,1572,2990.0701,1005.88,12450,5901.5,2861.95,1211.33,38558.5299,E2,N,N
01/25/2019,16:00,10624.2998,1575.9399,2982.05,965.312,12165.2002,6080.3101,3129.22,1153.53,38675.862,E3,Y,N
01/25/2019,16:00,10611.3311,1596.3796,3037.3159,1048.6093,12557.3418,6137.1465,3027.8562,1264.499,39280.4794,M,N,N
01/25/2019,17:00,10624.3613,1696.542,3069.9653,1040.2388,13170.916,6443.4053,3058.5771,1353.6012,40457.607,A3,N,N
01/25/2019,17:00,10565.0225,1720.7543,3093.5269,1129.5184,12736.457,6644.7417,3074.8958,1327.0015,40291.9181,A6,N,N
01/25/2019,17:00,10487.9004,1542.27,3010.24,1085.99,12449.2998,5837.2998,3018.3799,1335.09,38766.4699,E,N,N
01/25/2019,17:00,10760.5,1613.17,3048.6001,1069.34,12580.2998,6143.3101,2947.46,1330.51,39493.19,E1,N,N
01/25/2019,17:00,10511.7998,1589.59,2985.0601,992.729,12444.5996,5925.6299,2864.3401,1220.29,38534.0385,E2,N,N
01/25/2019,17:00,10754.9004,1600.34,2969.9099,960.785,12390.0996,6122.6499,3143.25,1087.97,39029.9048,E3,Y,N
01/25/2019,17:00,10617.4141,1627.1111,3029.5503,1046.4336,12628.6123,6186.1729,3017.8174,1275.7439,39428.8556,M,N,N
01/25/2019,18:00,10921.9648,1763.1093,3057.3271,1019.9634,13773.8164,6687.8159,3106.3213,1408.4877,41738.8059,A3,N,N
01/25/2019,18:00,10779.665,1809.077,3064.5098,1096.8524,13272.0127,6851.1304,3109.104,1349.385,41331.7363,A6,N,N
01/25/2019,18:00,10733.7998,1629.23,3022.3899,1095.8101,13241.2002,6134.9502,3148.6299,1369.42,40375.4301,E,N,N
01/25/2019,18:00,10929.7002,1711.67,3025.52,1078.64,13640.4004,6387.6001,3027.1699,1302.1801,41102.8807,E1,N,N
01/25/2019,18:00,10714.7002,1674.72,3007.6201,1001.05,13024.5996,6205.71,2935.99,1267.4301,39831.82,E2,N,N
01/25/2019,18:00,11061.5,1689.1899,2974.5901,949.585,13156.2998,6466.8198,3191.74,1242.16,40731.8846,E3,Y,N
01/25/2019,18:00,10856.8887,1712.8328,3025.3262,1040.3169,13351.3887,6455.6714,3086.4927,1323.1772,40852.0946,M,N,N
01/25/2019,19:00,11164.916,1843.5758,3127.6021,1056.9009,14489.6377,7151.3052,3288.4575,1488.3831,43610.7783,A3,N,N
01/25/2019,19:00,11080.0283,1895.1112,3104.9661,1133.3745,14024.7881,7289.1738,3288.8911,1429.8011,43246.1342,A6,N,N
01/25/2019,19:00,11243,1757.16,3104.1399,1129,14008.2002,6683.9102,3293.97,1446.97,42666.3503,E,N,N
01/25/2019,19:00,11427.5,1790.4399,3136.5601,1147.34,14171.2002,6842.54,3177.9099,1420.25,43113.7401,E1,N,N
01/25/2019,19:00,11181.5996,1804.99,3087.5601,1058.24,13952.4004,6761.25,3174.1899,1369.22,42389.45,E2,N,N
01/25/2019,19:00,11361,1797.45,3090.4099,1006.43,13846,6961.9199,3369.3501,1378.87,42811.4299,E3,Y,N
01/25/2019,19:00,11243.0078,1814.7878,3108.54,1088.5476,14082.0381,6948.3506,3265.4617,1422.249,42972.9826,M,N,N
01/25/2019,20:00,11135.9082,1816.7357,3142.988,1072.6919,14570.5264,7258.0801,3344.0227,1529.3698,43870.3228,A3,N,N
01/25/2019,20:00,11096.1172,1908.9601,3106.3042,1148.248,14128.4482,7486.6919,3363.3042,1508.36,43746.4338,A6,N,N
01/25/2019,20:00,11245,1769.13,3147.24,1119.33,14176.7002,6790.9702,3401.6899,1501,43151.0603,E,N,N
01/25/2019,20:00,11340.2998,1807.91,3180.8501,1140.62,14244.7002,6971.6802,3324.1299,1494.4,43504.5902,E1,N,N
01/25/2019,20:00,11249.5,1823.8101,3121.75,1065.9399,14090.9004,6911.8799,3294.4299,1413.4399,42971.6501,E2,N,N
01/25/2019,20:00,11408.0996,1807.3101,3067.3401,1044.1899,14080.0996,7088.6899,3488.6101,1416.45,43400.7893,E3,Y,N
01/25/2019,20:00,11245.8213,1822.3094,3127.7456,1098.5033,14215.2295,7084.6655,3369.3647,1477.1699,43440.8092,M,N,N
01/25/2019,21:00,11147.7109,1802.2753,3124.8423,1070.5122,14616.6455,7300.646,3344.0754,1542.9591,43949.6667,A3,N,N
01/25/2019,21:00,11205.5488,1929.6671,3097.1077,1125.5597,14284.3457,7471.6055,3397.9016,1517.4899,44029.226,A6,N,N
01/25/2019,21:00,11145.2998,1772.16,3166.5901,1099.98,14008.5996,6738.4502,3392.8301,1510.91,42834.8198,E,N,N
01/25/2019,21:00,11274,1790.37,3195.7,1129.62,14193,6988.4702,3280.21,1458.21,43309.5802,E1,N,N
01/25/2019,21:00,11183,1820.84,3135.6799,1056.9399,13997,6865.27,3319.3701,1427.96,42806.0599,E2,N,N
01/25/2019,21:00,11435.9004,1839.67,3041.4299,1030.7,13985.7002,7102.6499,3517.8899,1421.3101,43375.2504,E3,Y,N
01/25/2019,21:00,11231.9102,1825.8304,3126.8918,1085.552,14180.8818,7077.8491,3375.3794,1479.8065,43384.1012,M,N,N
01/25/2019,22:00,10937.7461,1755.5649,3125.0186,1037.9724,14393.416,7242.2871,3322.5767,1526.5057,43341.0875,A3,N,N
01/25/2019,22:00,11024.7881,1871.6204,3105.0945,1088.9957,14177.4746,7453.6104,3385.7764,1501.3401,43608.7002,A6,N,N
01/25/2019,22:00,10894.4004,1734.2,3165.46,1062.03,13723.9004,6579.79,3380.8101,1534.25,42074.8409,E,N,N
01/25/2019,22:00,11024.7002,1754.3199,3179.8201,1079.91,13806.4004,6897.4702,3265.6599,1376.84,42385.1207,E1,N,N
01/25/2019,22:00,11019.5996,1792.85,3134.5801,1037.84,13702.2002,6706.2798,3315.1201,1420.52,42128.9898,E2,N,N
01/25/2019,22:00,11100,1764.5601,3048.3701,1002.68,13727.7998,7021.3999,3473.27,1434.99,42573.0699,E3,Y,N
01/25/2019,22:00,11000.2061,1778.8527,3126.3909,1051.5714,13921.8662,6983.4731,3357.2024,1465.7411,42685.3039,M,N,N
01/25/2019,23:00,10643.6377,1670.391,3122.5942,1017.977,13816.3027,7027.3101,3275.3438,1480.6053,42054.1618,A3,N,N
01/25/2019,23:00,10667.793,1789.0679,3102.167,1066.6547,13723.3408,7209.9214,3326.9075,1487.8956,42373.7479,A6,N,N
01/25/2019,23:00,10506.2998,1681.1801,3144.98,1015.06,13326,6411.71,3350.29,1561.34,40996.8599,E,N,N
01/25/2019,23:00,10717.0996,1740.73,3187.1899,1085.01,13616,6566.6201,3163.03,1509.85,41585.5296,E1,N,N
01/25/2019,23:00,10729.7002,1742.9399,3108.7,1008.32,13205.2002,6422.23,3235.46,1377.6801,40830.2304,E2,N,N
01/25/2019,23:00,10846.7002,1699.72,3055.6101,992.94,13387.5996,6866.6699,3394.3201,1332.63,41576.1899,E3,Y,N
01/25/2019,23:00,10685.2051,1720.6716,3120.2068,1030.9937,13512.4072,6750.7441,3290.8921,1458.3335,41569.4541,M,N,N
01/25/2019,24:00,10290.873,1610.7188,3128.5073,983.4659,13464.0166,6772.6738,3140.9009,1400.2028,40791.3591,A3,N,N
01/25/2019,24:00,10386.7275,1701.8571,3101.1997,1040.2377,13340.1758,6880.1025,3171.2468,1372.2257,40993.7728,A6,N,N
01/25/2019,24:00,10110,1634.4,3134.96,1002.01,12808.9004,6240.1201,3216.1101,1523.6899,39670.1905,E,N,N
01/25/2019,24:00,10438.4004,1664.38,3166.4399,1039.1899,13204.2998,6439.73,3070.77,1425.8,40449.01,E1,N,N
01/25/2019,24:00,10424.5996,1695.88,3091.3201,975.183,12690,6135.75,3110.8501,1331.66,39455.2428,E2,N,N
01/25/2019,24:00,10628,1675.51,3069.6001,974.85,12906,6657.6201,3287.8,1301.33,40500.7102,E3,Y,N
01/25/2019,24:00,10379.7666,1663.791,3115.3379,1002.4895,13068.8994,6521,3166.2798,1392.4847,40310.0489,M,N,N
