DeliveryDate,HourEnding,Coast,East,FarWest,North,NorthCentral,SouthCentral,Southern,West,SystemTotal,Model,InUseFlag,DSTFlag
09/22/2017,1:00,11161.2402,1499.8363,2541.4158,1018.8531,13402.2441,6554.6411,3533.8281,1302.6737,41014.7324,A3,N,N
09/22/2017,1:00,11097.9844,1587.3357,2519.0647,1024.8511,13316.6904,6537.293,3401.3682,1300.2769,40784.8644,A6,N,N
09/22/2017,1:00,11114.2002,1424.67,2525.0901,1072.73,13626.7998,6492.6001,3553.6299,1304.47,41114.1901,E,N,N
09/22/2017,1:00,11096.7002,1424.4399,2530.3501,1065.2,13612.7998,6479.6499,3547.3799,1306.6,41063.1198,E1,N,N
09/22/2017,1:00,11103.2998,1422.47,2528.9199,1069.89,13606.2002,6488.2598,3548.2,1303.55,41070.7897,E2,N,N
09/22/2017,1:00,11207.7002,1435.59,2525.77,1070.26,13609.4004,6468.6201,3581.79,1317.08,41216.2107,E3,Y,N
09/22/2017,2:00,10748.9834,1409.4354,2496.3069,1009.4625,12579.248,6243.7632,3375.3833,1276.5515,39139.1342,A3,N,N
09/22/2017,2:00,10815.5625,1408.5297,2496.8247,1015.4117,12612.583,6223.9805,3370.5972,1285.575,39229.0643,A6,N,N
09/22/2017,2:00,10758.5,1470.5,2501.8,1002.86,12747.2998,6228.3501,3383.5801,1290.04,39382.93,E,N,N
09/22/2017,2:00,10762.2002,1470.24,2499.3799,1011.68,12785.5,6244.8999,3390.0901,1266.28,39430.2701,E1,N,N
09/22/2017,2:00,10766.4004,1469.65,2499.6599,1007.6,12760.5996,6235.4199,3379.9199,1289.46,39408.7097,E2,N,N
09/22/2017,2:00,10880.2002,1497.4,2504.22,1000.45,12786.4004,6248.04,3418.98,1299.66,39635.3506,E3,Y,N
09/22/2017,3:00,10214.7354,1393.3025,2463.5193,968.2419,12103.251,5998.1382,3248.3459,1237.3043,37626.8385,A3,N,N
09/22/2017,3:00,10199.3809,1410.264,2458.2778,971.9145,12071.9971,5991.9004,3251.7842,1248.6869,37604.2058,A6,N,N
09/22/2017,3:00,10421.5996,1425.23,2462.3601,968.599,12134.5996,5991.6401,3229.8301,1272.22,37906.0785,E,N,N
09/22/2017,3:00,10434,1433.41,2467.47,969.066,12143.9004,5998.6802,3235.8701,1239.53,37921.9267,E1,N,N
09/22/2017,3:00,10429.7998,1434.5601,2464,968.37,12146.4004,5992.2202,3237.3301,1268.35,37941.0306,E2,N,N
09/22/2017,3:00,10527.7002,1439.5601,2468.72,967.43,12140.7002,6030.7598,3267.5801,1268.9399,38111.3903,E3,Y,N
09/22/2017,4:00,10318.4688,1351.5098,2430.0366,946.2281,11757.7773,5800.3066,3128.0906,1221.2426,36953.6604,A3,N,N
09/22/2017,4:00,10293.0107,1363.0007,2439.9604,947.8704,11782.3447,5839.0566,3146.863,1215.0557,37027.1622,A6,N,N
09/22/2017,4:00,10273,1389.0601,2451.22,961.012,11651.5,5827.3501,3115.78,1219.46,36888.3822,E,N,N
09/22/2017,4:00,10279.7998,1392.55,2449.46,962.648,11653.7002,5836.23,3123.8899,1202.2,36900.4779,E1,N,N
09/22/2017,4:00,10280.4004,1394.49,2447.3501,962.739,11659.7998,5842.4502,3123.54,1226.52,36937.2895,E2,N,N
09/22/2017,4:00,10384.5,1398.4301,2449.3701,971.125,11643.5996,5819.77,3156.3999,1224.4399,37047.6346,E3,Y,N
09/22/2017,5:00,10214.54,1346.0742,2418.4331,936.2047,11679.0781,5880.8516,3014.3264,1206.621,36696.1291,A3,N,N
09/22/2017,5:00,10199.1172,1365.1588,2420.5159,937.9931,11635.877,5926.5933,3052.6355,1205.5074,36743.3982,A6,N,N
09/22/2017,5:00,10328,1378.8,2424.2,936.131,11682.7998,5939.5498,3049.1201,1204.5601,36943.1608,E,N,N
09/22/2017,5:00,10326.2998,1374.26,2427.48,945.397,11635.9004,5932.71,3055.01,1186.12,36883.1772,E1,N,N
09/22/2017,5:00,10334.0996,1374.11,2420.8999,933.133,11683.2998,5939.52,3054.1101,1209.75,36948.9224,E2,N,N
09/22/2017,5:00,10425.5,1388.61,2425.5601,940.383,11654.7002,5939.1602,3081.6201,1208.5699,37064.1035,E3,Y,N
09/22/2017,6:00,10920.5283,1404.7888,2420.585,941.6735,12292.3145,6290.7993,3148.0332,1228.4331,38647.1557,A3,N,N
09/22/2017,6:00,10951.9912,1409.8419,2419.4807,932.478,12248.4063,6317.0537,3187.311,1231.9515,38698.5143,A6,N,N
09/22/2017,6:00,10847.7002,1397.74,2417.0701,950.825,12298.7002,6306.4302,3152.1799,1253.72,38624.3656,E,N,N
09/22/2017,6:00,10847.7002,1397.85,2416.3301,947.855,12306.9004,6307.6699,3154.0801,1234.76,38613.1457,E1,N,N
09/22/2017,6:00,10850.2998,1400.72,2417.03,946.924,12302.5,6299.6299,3149.5,1253.58,38620.1837,E2,N,N
09/22/2017,6:00,10959.9004,1406.02,2411.0901,938.547,12299.7998,6292.02,3183.8999,1263.53,38754.8072,E3,Y,N
09/22/2017,7:00,11435.4824,1566.6621,2447.6594,1009.8881,13607.0156,6883.2437,3386.114,1306.4545,41642.5198,A3,N,N
09/22/2017,7:00,11466.668,1557.8555,2459.9514,1024.3376,13550.8633,6796.1128,3388.7908,1312.0715,41556.6509,A6,N,N
09/22/2017,7:00,11519.7002,1542.87,2457.4199,1012.57,13430.2002,6967.5,3411.53,1291.0601,41632.8504,E,N,N
09/22/2017,7:00,11525.2002,1565.35,2452.1399,1023.37,13430.5,6968.98,3412.3899,1291.73,41669.66,E1,N,N
09/22/2017,7:00,11498,1548.25,2461.5901,1013.71,13424.7998,6965.4702,3406.1499,1286.67,41604.64,E2,N,N
09/22/2017,7:00,11661.5996,1577.34,2455.25,1008.28,13439.5,6996.5098,3442.9099,1320.96,41902.3493,E3,Y,N
09/22/2017,8:00,11642.4648,1583.8256,2475.0662,1027.748,13882.9678,7125.1777,3458.9624,1321.2856,42517.4981,A3,N,N
09/22/2017,8:00,11830.8838,1564.9419,2463.0291,1033.8264,13889.4717,7121.3955,3476.146,1322.2823,42701.9767,A6,N,N
09/22/2017,8:00,11694.9004,1575.24,2483.3201,1048.03,13820.2998,7123.5601,3469.28,1322.46,42537.0904,E,N,N
09/22/2017,8:00,11726.4004,1589.04,2490.8,1032.91,13871.0996,7125.9902,3466.1399,1321.15,42623.5301,E1,N,N
09/22/2017,8:00,11669.7002,1565.35,2485.9099,1049.84,13810.5996,7106.54,3472.1101,1314.64,42474.6898,E2,N,N
09/22/2017,8:00,11826.5996,1603.04,2489.3501,1044.3,13854.2998,7126.98,3506.3601,1345.28,42796.2096,E3,Y,N
09/22/2017,9:00,12223.9453,1662.2755,2465.6328,1055.5278,14236.9268,7157.8325,3490.3606,1319.6981,43612.1994,A3,N,N
09/22/2017,9:00,12094.9893,1661.4185,2479.98,1049.7799,14246.2412,7139.2632,3490.9258,1325.5958,43488.1937,A6,N,N
09/22/2017,9:00,12128.7002,1694.48,2497.4299,1091.3101,14462.5,7243.21,3517.9299,1326.38,43961.9401,E,N,N
09/22/2017,9:00,12061.0996,1673.71,2482.26,1060.96,14391.2002,7177.8999,3492.8999,1310.21,43650.2396,E1,N,N
09/22/2017,9:00,12155.5,1705.83,2492.28,1088.5,14487.2998,7254.6201,3519.0901,1321.96,44025.08,E2,N,N
09/22/2017,9:00,12251,1724.35,2489.46,1083.17,14542.7998,7248.6001,3549.5801,1339.0601,44228.0201,E3,Y,N
09/22/2017,10:00,13206.6309,1736.4515,2533.0278,1128.8169,14994.3711,7433.9775,3838.0217,1325.1519,46196.4493,A3,N,N
09/22/2017,10:00,13176.1992,1754.5668,2546.2732,1130.3765,15021.4551,7380.9658,3785.1082,1330.056,46125.0008,A6,N,N
09/22/2017,10:00,13255.2002,1743.9301,2548.25,1105.98,14832.7002,7473.2402,3828.9199,1386.67,46174.8906,E,N,N
09/22/2017,10:00,13229.9004,1745.87,2536.5601,1089.42,14756.5,7461.4302,3813.8899,1382.02,46015.5906,E1,N,N
09/22/2017,10:00,13249.0996,1760.24,2542.1201,1114.09,14788.4004,7477.1802,3827.46,1390.47,46149.0603,E2,N,N
09/22/2017,10:00,13384.7998,1766.53,2542.8899,1123.5601,14765.7002,7468.4399,3875.1699,1391.39,46318.4798,E3,Y,N
09/22/2017,11:00,14197.7441,1845.8304,2599.4175,1249.3723,15350.75,7898.9531,4142.8208,1365.9233,48650.8115,A3,N,N
09/22/2017,11:00,14318.7813,1878.7468,2609.0598,1258.7928,15563.6396,7955.1685,4128.9434,1367.1217,49080.2539,A6,N,N
09/22/2017,11:00,14672.9004,1824.48,2599.8201,1258.6,15499.5996,7939.54,4190.5,1408.7,49394.1401,E,N,N
09/22/2017,11:00,14678.7002,1819.45,2589.5801,1270.97,15450.5,7970.6001,4187.8101,1393,49360.6105,E1,N,N
09/22/2017,11:00,14683.5,1829.2,2598.1101,1257.89,15508.5996,7946.4902,4181.0601,1409.7,49414.55,E2,N,N
09/22/2017,11:00,14790.4004,1825.54,2603.1201,1266.99,15461.9004,7934.98,4225.7002,1424.21,49532.8411,E3,Y,N
09/22/2017,12:00,14977.5752,2025.0276,2651.7173,1288.7781,16272.2148,8594.8369,4410.9771,1506.8969,51728.0239,A3,N,N
09/22/2017,12:00,15123.0645,2043.7397,2636.3091,1301.5105,16346.1045,8458.3887,4406.6875,1512.8279,51828.6324,A6,N,N
09/22/2017,12:00,14941.2002,1976.64,2670.8401,1308.09,16418.8008,8503.2305,4459.8301,1512.16,51790.7917,E,N,N
09/22/2017,12:00,14955.5,1988.67,2675.6899,1328.11,16426.5,8551.3203,4462.3701,1504.35,51892.5103,E1,N,N
09/22/2017,12:00,14927.9004,1976.8199,2673.3999,1310.01,16417.8008,8501.0498,4444.7798,1510.72,51762.4806,E2,N,N
09/22/2017,12:00,15050.2998,1995.5,2672.8101,1313.02,16383.7998,8492.8896,4496.9399,1523.9399,51929.1991,E3,Y,N
09/22/2017,13:00,15609.834,2160.2405,2717.8582,1382.7428,17683.5371,9235.042,4680.4092,1516.6968,54986.3606,A3,N,N
09/22/2017,13:00,15773.4736,2164.0879,2713.7776,1371.1796,17470.2227,8963.1123,4598.2441,1560.1813,54614.2791,A6,N,N
09/22/2017,13:00,15924.7002,2152.46,2723.6899,1378.13,17319.5996,9056.2598,4615.1001,1534.05,54703.9896,E,N,N
09/22/2017,13:00,15941.5,2152.3501,2735.24,1384.35,17312,9068.9902,4624.54,1539.66,54758.6303,E1,N,N
09/22/2017,13:00,15921.2998,2154.3,2732.6599,1376.4,17318.3008,9053.9502,4611.29,1529.67,54697.8707,E2,N,N
09/22/2017,13:00,16114.2002,2168.3999,2729.45,1372.47,17287.8008,9049.1602,4652.23,1549.28,54922.9911,E3,Y,N
09/22/2017,14:00,16582.0117,2263.1692,2803.3577,1446.5889,18800.4863,9483.2969,4805.8276,1607.4224,57792.1607,A3,N,N
09/22/2017,14:00,16413.6699,2248.2605,2822.7742,1426.0482,18704.6543,9628.8779,4850.8916,1633.2281,57728.4047,A6,N,N
09/22/2017,14:00,16481.1992,2267.6201,2798.0601,1371.87,18455.0996,9412.3701,4864.79,1637.86,57288.8691,E,N,N
09/22/2017,14:00,16520.0996,2260.6399,2806.6299,1378.38,18516.4004,9400.5801,4867.3799,1622.8199,57372.9297,E1,N,N
09/22/2017,14:00,16511.6992,2265.3401,2798.22,1374.1,18472,9414.7197,4865.6602,1637.27,57339.0092,E2,N,N
09/22/2017,14:00,16672.5996,2280.6499,2797.8501,1380.3199,18466.4004,9390.9697,4912.3599,1641,57542.1495,E3,Y,N
09/22/2017,15:00,16978.1836,2341.6345,2862.4219,1427.8132,19592.8047,9773.1289,5018.5986,1662.417,59657.0024,A3,N,N
09/22/2017,15:00,17256.6289,2401.1772,2851.4658,1455.6547,19398.2051,9741.8857,5004.1606,1684.7517,59793.9297,A6,N,N
09/22/2017,15:00,17089.0996,2365.7,2867.48,1450.08,19517.6992,9762.6396,5020.0801,1669.79,59742.5685,E,N,N
09/22/2017,15:00,17064.4004,2355.77,2868.48,1451.02,19587.6992,9766.9502,5027.73,1675.11,59797.1598,E1,N,N
09/22/2017,15:00,17096.6992,2356.3401,2864.29,1448.02,19531.6992,9754.0498,5031.48,1675.42,59757.9983,E2,N,N
09/22/2017,15:00,17236.5996,2377.0701,2865.8301,1441.89,19571.0996,9774.1699,5079.3301,1691.6,60037.5894,E3,Y,N
09/22/2017,16:00,16614.4551,2353.116,2868.9565,1430.7533,20121.8496,10118.959,5004.0313,1672.4445,60184.5653,A3,N,N
09/22/2017,16:00,16648.1152,2523.5649,2847.0718,1485.6649,19978.502,10096.5234,5027.5298,1706.9335,60313.9055,A6,N,N
09/22/2017,16:00,17233.0996,2383.77,2877.1499,1472.4399,20091.0996,9972.2305,5066.7998,1723.3199,60819.9092,E,N,N
09/22/2017,16:00,17153,2371,2882.98,1469.05,20158.8008,9991.6299,5067.6602,1716.8101,60810.931,E1,N,N
09/22/2017,16:00,17252.3008,2376.24,2878.8701,1469.3101,20077.5996,9984.75,5065.54,1731.78,60836.3906,E2,N,N
09/22/2017,16:00,17366.3008,2387.3301,2878.4099,1448.73,20150.0996,10004.5,5115.8501,1739.55,61090.7705,E3,Y,N
09/22/2017,17:00,16527.1094,2363.3015,2883.4282,1454.7874,20312.2852,10123.2051,4876.2622,1672.9504,60213.3294,A3,N,N
09/22/2017,17:00,16498.5566,2461.0054,2850.9688,1502,20110.1367,9793.8008,4938.6621,1698.6536,59853.784,A6,N,N
09/22/2017,17:00,16925.4004,2377.02,2859.5,1494.0601,20359.4004,10035,5053.8398,1728.23,60832.4507,E,N,N
09/22/2017,17:00,16664.0996,2379.6299,2898.3,1476.29,20373.4004,10063.7998,5038.7798,1737.84,60632.1395,E1,N,N
09/22/2017,17:00,17019.4004,2369.8401,2860.55,1475.42,20417.9004,10054.2002,5035.3901,1744.12,60976.8212,E2,N,N
09/22/2017,17:00,16949.6992,2398.21,2850.8601,1450.58,20336.5996,10091.7002,5067.1499,1748.89,60893.689,E3,Y,N
09/22/2017,18:00,16187.9268,2304.5237,2857.0532,1425.675,19747.248,9804.96,4798.2002,1639.0649,58764.6518,A3,N,N
09/22/2017,18:00,16220.9482,2403.5105,2818.2603,1463.3488,19607.041,9712.3496,4834.4551,1655.5325,58715.446,A6,N,N
09/22/2017,18:00,16306.2002,2314.8601,2817.55,1473.42,20125.8008,9960.8301,4909.73,1693.02,59601.4112,E,N,N
09/22/2017,18:00,16187.5996,2312.29,2840.6499,1434.2,19889.4004,9864.04,4911.1602,1704.84,59144.1801,E1,N,N
09/22/2017,18:00,16402.3008,2317.95,2815.3301,1436.8,20250,9972.25,4881.0801,1719.34,59795.051,E2,N,N
09/22/2017,18:00,16277.7002,2349.8899,2805.8601,1420.91,19972.6992,10005.7002,4896.8301,1712.65,59442.2397,E3,Y,N
09/22/2017,19:00,15877.9941,2221.7202,2817.0427,1334.1451,18850.1777,9444.5654,4559.4761,1619.2206,56724.3419,A3,N,N
09/22/2017,19:00,15685.752,2261.4673,2775.9854,1354.714,18779.3828,9381.6602,4626.4326,1620.9161,56486.3104,A6,N,N
09/22/2017,19:00,15419.5,2200,2782.3401,1416.9399,19252.8008,9666.9902,4687.4199,1651.23,57077.2209,E,N,N
09/22/2017,19:00,15176.5996,2254.95,2793.1499,1370.8199,19142.5996,9595.21,4633.5801,1689.72,56656.6291,E1,N,N
09/22/2017,19:00,15574.7998,2185.0901,2732.8899,1355.83,19268.4004,9657.7695,4638.1499,1676.84,57089.7696,E2,N,N
09/22/2017,19:00,15323.2002,2243.8601,2768.71,1370.03,19008.5996,9710.4297,4661.6299,1663.8101,56750.2696,E3,Y,N
09/22/2017,20:00,15524.6621,2149.8572,2765.197,1263.6771,17840.5762,8983.8252,4446.0527,1570.9574,54544.8049,A3,N,N
09/22/2017,20:00,15447.6816,2190.2263,2710.0825,1282.9955,17854.1055,9068.1309,4516.7266,1580.4619,54650.4108,A6,N,N
09/22/2017,20:00,15199.5,2103.1399,2733.97,1358.17,18281.5996,9280.9404,4501.5098,1591.21,55050.0397,E,N,N
09/22/2017,20:00,14907.5,2158.51,2682.1599,1284.83,18507.5996,9192.8096,4558.3398,1654.52,54946.2689,E1,N,N
09/22/2017,20:00,15112.2998,2092.3999,2707.6001,1280.66,18413.8008,9180.5098,4455.6201,1607.5,54850.3905,E2,N,N
09/22/2017,20:00,14857.7002,2159.1299,2720.8401,1327.55,18067.5,9339.6396,4464.71,1595.17,54532.2398,E3,Y,N
09/22/2017,21:00,14985.916,2093.2122,2738.5298,1229.8239,17217.8691,8748.1055,4389.3369,1560.5288,52963.3222,A3,N,N
09/22/2017,21:00,14891.9814,2115.4756,2702.7375,1242.163,17249.3242,8907.3906,4423.0024,1573.2234,53105.2981,A6,N,N
09/22/2017,21:00,14477.7998,2041.35,2729.6101,1323.1,17704.1992,8989.4102,4426.7798,1576.5699,53268.819,E,N,N
09/22/2017,21:00,14477.5996,2178.6299,2772.1799,1217.13,18107.9004,9123.7803,4617.1001,1654.5,54148.8202,E1,N,N
09/22/2017,21:00,14576.7002,2026.09,2664.03,1251.8199,17979.9004,8899.2695,4427.9102,1586.03,53411.7502,E2,N,N
09/22/2017,21:00,14487.5,2104.3201,2702.74,1302.9301,17445,9029.4297,4388.1201,1588.76,53048.8,E3,Y,N
09/22/2017,22:00,14303.79,1979.8846,2665.8984,1174.8912,16367.376,8229.9063,4143.1626,1499.5925,50364.5016,A3,N,N
09/22/2017,22:00,14201.3936,1979.8883,2651.4565,1184.1207,16325.9287,8303.3047,4175.252,1503.559,50324.9035,A6,N,N
09/22/2017,22:00,13968.2002,1916.6899,2676.22,1252.6801,16673.9004,8477.8604,4213.5601,1524.8101,50703.9212,E,N,N
09/22/2017,22:00,13758.2998,1988.0601,2607.26,1187.99,17086.9004,8586.5996,4360.5801,1554.78,51130.47,E1,N,N
09/22/2017,22:00,13769,1931.04,2638.21,1204.8,16707.9004,8343.8701,4176.54,1526.01,50297.3705,E2,N,N
09/22/2017,22:00,13951.5996,1979.5699,2650.3601,1232.0601,16471.3008,8504.04,4168.48,1534.66,50492.0705,E3,Y,N
09/22/2017,23:00,13350.8291,1827.1962,2591.4456,1100.0459,15254.3359,7662.3545,3911.4138,1405.6947,47103.3157,A3,N,N
09/22/2017,23:00,13324.292,1801.1047,2587.2732,1116.9061,15158.1729,7775.0591,3915.0342,1420.1798,47098.022,A6,N,N
09/22/2017,23:00,13113.0996,1774.1801,2601.0801,1185.9,15295.9004,7844.9199,3971.3701,1440.71,47227.1602,E,N,N
09/22/2017,23:00,12908.9004,1791.45,2582.5901,1145.9301,15428.5,7951.29,3971.0601,1450.5699,47230.2906,E1,N,N
09/22/2017,23:00,12914.7998,1773.04,2558.71,1127.49,15369.7002,7736.1299,3919.6399,1493.21,46892.7198,E2,N,N
09/22/2017,23:00,13167.2998,1832.37,2575.8401,1164.76,15306.0996,7875.8301,3928.99,1451.3,47302.4896,E3,Y,N
09/22/2017,24:00,12385.9883,1694.5819,2540.2029,1038.8429,14023.0732,7124.2559,3678.6995,1316.5796,43802.2242,A3,N,N
09/22/2017,24:00,12409.5391,1660.507,2526.8391,1057.8967,14058.6572,7237.9419,3686.8105,1335.3195,43973.511,A6,N,N
09/22/2017,24:00,12324.0996,1634.0699,2525.1599,1104.01,14020.4004,7178.9399,3736.5601,1353.85,43877.0898,E,N,N
09/22/2017,24:00,12223.5996,1643.65,2513.6201,1071.8101,13914.7998,7061.3101,3661.73,1359.3199,43449.8396,E1,N,N
09/22/2017,24:00,12055.5,1628.73,2469.3999,1072.34,14101.7002,7100.8999,3679.8799,1365.3101,43473.76,E2,N,N
09/22/2017,24:00,12354.7998,1685,2504.03,1085.78,14047.4004,7223.2202,3687.1699,1365.4399,43952.8402,E3,Y,N
09/23/2017,1:00,11419.5205,1585.8018,2479.3108,980.2543,12921.6406,6602.8799,3358.6943,1247.6813,40595.7835,A3,N,N
09/23/2017,1:00,11561.5215,1640.4021,2459.5801,993.4289,12934.0332,6675.4346,3282.6792,1247.6263,40794.7059,A6,N,N
09/23/2017,1:00,11426.2002,1515.7,2448.53,1054.0601,13034.2002,6631.5698,3500.3301,1270.9399,40881.5303,E,N,N
09/23/2017,1:00,11756.0996,1608.34,2426.5601,1032.1,12849.2002,6560.3999,3445.99,1309.73,40988.4198,E1,N,N
09/23/2017,1:00,11364.2002,1521.89,2400.6799,1011.36,13032.0996,6589.7202,3468.76,1295.33,40684.0399,E2,N,N
09/23/2017,1:00,11675,1557,2432.6201,994.909,12970.5,6689.0298,3490.1101,1272.3199,41081.4889,E3,Y,N
09/23/2017,2:00,10833.6865,1495.0966,2421.8882,946.7401,12192.9639,6233.0859,3184.5811,1190.7561,38498.7984,A3,N,N
09/23/2017,2:00,11021.9922,1525.6672,2406.8535,961.7297,12240.0762,6278.0356,3118.3176,1196.0466,38748.7186,A6,N,N
09/23/2017,2:00,10801.2998,1422.4399,2396.4299,1001.48,12260.2002,6167.8999,3303.8201,1217.05,38570.6198,E,N,N
09/23/2017,2:00,11081.2002,1580.41,2362.73,997.684,12077.9004,6167.27,3293.53,1220.63,38781.3546,E1,N,N
09/23/2017,2:00,10797.2998,1438.8,2355.4399,953.682,12195,6148.8301,3289.71,1262.21,38440.9718,E2,N,N
09/23/2017,2:00,11047.7998,1459.3199,2380.52,946.799,12093.7002,6231.7202,3291.77,1215.9301,38667.5592,E3,Y,N
09/23/2017,3:00,10473.8721,1437.655,2385.1404,912.8136,11571.583,5949.9243,3031.6853,1159.6305,36922.3042,A3,N,N
09/23/2017,3:00,10620.7236,1461.8807,2349.7244,922.8189,11656.6045,5959.4224,2976.031,1165.8829,37113.0884,A6,N,N
09/23/2017,3:00,10315.5,1351.72,2351.23,959.695,11560.9004,5836.98,3158.46,1190.36,36724.8454,E,N,N
09/23/2017,3:00,10651.7998,1431.78,2286.4399,862.465,11197.2998,5778.8101,3137.6399,1141.21,36487.4445,E1,N,N
09/23/2017,3:00,10363,1374.88,2317.25,903.353,11448.2998,5812.6499,3150.03,1213.6801,36583.1428,E2,N,N
09/23/2017,3:00,10562,1388.83,2340.97,907.878,11426.7998,5910.2202,3144.1499,1181.14,36861.9879,E3,Y,N
09/23/2017,4:00,10134.0068,1375.7968,2359.1396,886.8794,11094.3262,5725.8745,2948.969,1127.1812,35652.1735,A3,N,N
09/23/2017,4:00,10323.6396,1396.7659,2321.4087,900.3102,11238.7969,5768.4858,2909.822,1125.428,35984.6571,A6,N,N
09/23/2017,4:00,9995.1201,1302.5601,2337.1899,937.15,11110.2002,5638.6899,3060.3601,1165.9399,35547.2102,E,N,N
09/23/2017,4:00,10517.0996,1346.5,2268.95,876.006,10702.0996,5552.3599,3064.2,1096.54,35423.7551,E1,N,N
09/23/2017,4:00,10085.2002,1338.61,2298.6001,894.305,10948,5693.71,3035.3899,1166.73,35460.5452,E2,N,N
09/23/2017,4:00,10251.4004,1339.59,2322.6699,891.273,10949.0996,5713.4502,3034.8401,1157.7,35660.0232,E3,Y,N
09/23/2017,5:00,10030.2295,1348.1985,2331.2605,876.4993,10791.79,5634.8267,2862.4561,1110.2251,34985.4857,A3,N,N
09/23/2017,5:00,10261.292,1380.5607,2297.8689,896.8419,10949.0605,5674.1401,2837.2969,1107.8589,35404.9199,A6,N,N
09/23/2017,5:00,9863.1904,1282.5699,2325.5701,913.821,10736.2998,5515.3198,2998.8799,1155.1,34790.7509,E,N,N
09/23/2017,5:00,10220.5996,1354.91,2239.95,857.243,10459.0996,5439.3799,2966.79,1131.72,34669.6921,E1,N,N
09/23/2017,5:00,9984.5498,1293.66,2281.2,857.828,10801.5,5554.0298,2989,1139.53,34901.2976,E2,N,N
09/23/2017,5:00,10105.9004,1313.67,2307.0901,871.007,10683.2002,5595.2598,2958.0601,1143.53,34977.7176,E3,Y,N
09/23/2017,6:00,10174.9229,1329.7008,2322.9485,863.3665,10834.1514,5687.7754,2852.9756,1112.0129,35177.854,A3,N,N
09/23/2017,6:00,10387.8066,1368.2339,2296.8318,877.1935,10970.1211,5718.0181,2864.0774,1129.4896,35611.772,A6,N,N
09/23/2017,6:00,9981.0898,1290.48,2323.3201,914.351,10764.7002,5514.79,2993.1799,1147.3,34929.211,E,N,N
09/23/2017,6:00,10155,1324.63,2192.6599,883.689,10385.2002,5431.46,2937.1699,1111.9,34421.709,E1,N,N
09/23/2017,6:00,10123.7998,1324.59,2274.9299,867.765,10878.5996,5593.48,3013.8899,1139.8101,35216.8643,E2,N,N
09/23/2017,6:00,10161.2998,1324.47,2313.6599,873.239,10706,5593.2998,2952.6001,1132.87,35057.4386,E3,Y,N
09/23/2017,7:00,10447.084,1372.2959,2334.686,878.6083,11172.0967,5868.9956,2937.7881,1140.1581,36151.7127,A3,N,N
09/23/2017,7:00,10687.7969,1424.8556,2324.5325,907.765,11333.8809,5892.127,2977.532,1180.0378,36728.5277,A6,N,N
09/23/2017,7:00,10172.2998,1347.5601,2328.3999,941.136,11117.0996,5671.46,3059.75,1167.91,35805.6154,E,N,N
09/23/2017,7:00,10836.5,1354.41,2253.3401,838.78,10642.5996,5611.3198,3052.26,1139.73,35728.9395,E1,N,N
09/23/2017,7:00,10340.5996,1387.59,2288.3401,881.212,11258.2998,5804.5698,3128.23,1176.39,36265.2313,E2,N,N
09/23/2017,7:00,10367.5996,1376.53,2315.54,898.711,10953,5744.8101,3014.48,1151.84,35822.5107,E3,Y,N
09/23/2017,8:00,10329.1836,1364.8612,2344.3801,869.3909,11211.4902,5908.4224,2941.217,1147.2611,36116.2065,A3,N,N
09/23/2017,8:00,10633.1963,1405.1604,2337.2039,906.155,11356.5537,5883.2402,2976.4194,1190.0656,36687.9945,A6,N,N
09/23/2017,8:00,10299.5,1356.23,2340.21,949.67,11286.2002,5800.71,3085.48,1184.64,36302.6402,E,N,N
09/23/2017,8:00,10405.7998,1360.22,2299.1699,1190.91,10722.5,5666,3032.96,1192.65,35870.2097,E1,N,N
09/23/2017,8:00,10519.9004,1363.51,2296.02,865.031,11550.4004,5889.6201,3107.0601,1189.38,36780.922,E2,N,N
09/23/2017,8:00,10504,1392.13,2329.9299,906.55,11157.0996,5875.5098,3033.6299,1173.78,36372.6292,E3,Y,N
09/23/2017,9:00,11143.6309,1477.866,2352.156,913.3184,12090.7354,6170.376,3107.2939,1161.7906,38417.1672,A3,N,N
09/23/2017,9:00,11323.3584,1523.6042,2355.9854,937.5325,12106.6602,6107.5181,3106.7361,1216.9365,38678.3314,A6,N,N
09/23/2017,9:00,11088.2002,1450.66,2336.52,1003.9,12087.2002,6123.2598,3235.8401,1197.84,38523.4203,E,N,N
09/23/2017,9:00,11131.5,1475.02,2285.8701,919.526,11831.5,6095.0601,3150.3,1130.21,38018.9862,E1,N,N
09/23/2017,9:00,11188.4004,1466.09,2322.6699,938.018,12260.7998,6249.6899,3264.6699,1210.17,38900.5079,E2,N,N
09/23/2017,9:00,11259.4004,1492.11,2324.5601,956.263,11960.5,6183.8799,3218,1191.34,38586.0534,E3,Y,N
09/23/2017,10:00,12287.8936,1607.2577,2413.4639,1022.09,13312.8691,6669.5049,3428.5457,1183.1632,41924.7881,A3,N,N
09/23/2017,10:00,12368.2373,1648.0676,2429.4626,1032.9326,13300.7012,6584.3804,3396.3044,1236.7369,41996.823,A6,N,N
09/23/2017,10:00,12095.5,1603.13,2354.54,1103.9301,13315.5996,6659.1802,3562.8201,1215.78,41910.48,E,N,N
09/23/2017,10:00,11994.9004,1615.0699,2363.77,1079.4301,12675.7998,6662.8398,3527.75,1209.89,41129.45,E1,N,N
09/23/2017,10:00,12137.5,1600.47,2375.8,1043.58,13505.5996,6737.9902,3558.24,1247.76,42206.9398,E2,N,N
09/23/2017,10:00,12354.7002,1653.47,2350,1049.5601,13091.2998,6716.3999,3576.01,1215.36,42006.8,E3,Y,N
09/23/2017,11:00,13275.7822,1778.5239,2485.1184,1135.5613,14642.916,7288.2505,3730.9304,1216.7286,45553.8113,A3,N,N
09/23/2017,11:00,13446.2334,1840.8514,2506.1086,1139.4706,14598.3398,7234.021,3670.3755,1244.7677,45680.168,A6,N,N
09/23/2017,11:00,13368.7998,1782.13,2402.6399,1190.8199,14723.4004,7227.8599,3899.8201,1257.65,45853.12,E,N,N
09/23/2017,11:00,13087.7998,1751.83,2390.4399,1145.12,14414.0996,7229.9399,3834.1001,1213.38,45066.7093,E1,N,N
09/23/2017,11:00,13215.5996,1804.73,2435.0901,1148.35,14851.5996,7365.54,3908.5901,1264.72,45994.2194,E2,N,N
09/23/2017,11:00,13452.2002,1843.05,2406.8601,1133.4301,14377.5,7280.96,3924.9099,1259.83,45678.7403,E3,Y,N
09/23/2017,12:00,14005.6553,1942.4392,2549.0334,1195.9744,15857.4482,7905.0205,3988.1626,1299.4216,48743.1552,A3,N,N
09/23/2017,12:00,14302.8359,2000.2047,2543.9014,1205.9042,15754.7412,7851.0249,3920.0811,1314.157,48892.8504,A6,N,N
09/23/2017,12:00,14079.0996,1923.5,2467.99,1260.38,15940,7761.8501,4212.8599,1323.2,48968.8796,E,N,N
09/23/2017,12:00,14071.4004,1921.75,2506.1201,1217.34,15565.5996,7824.0698,4152.2598,1317.13,48575.6697,E1,N,N
09/23/2017,12:00,14110.2998,1955.4301,2492.1001,1217.03,16079.5996,7867.1201,4209.04,1342.9399,49273.5596,E2,N,N
09/23/2017,12:00,14314,1992.79,2480.79,1199.0601,15517.2002,7832.1299,4243.9399,1321.4,48901.3101,E3,Y,N
09/23/2017,13:00,14952.6064,2060.4583,2599.6353,1277.6963,16925.3379,8482.6133,4252.6006,1350.5753,51901.5234,A3,N,N
09/23/2017,13:00,15057.9785,2124.9036,2585.2654,1275.9775,16775.5098,8311.4941,4204.9893,1403.7882,51739.9064,A6,N,N
09/23/2017,13:00,14949.5996,2043.99,2521.21,1325.4399,17010.3008,8283.79,4456.0601,1389.58,51979.9704,E,N,N
09/23/2017,13:00,15221.7002,2079.53,2519.6599,1311.15,16670.4004,8364.3301,4333.6699,1339.67,51840.1105,E1,N,N
09/23/2017,13:00,14944.7998,2068.46,2556.3301,1272.9301,17200.1992,8432.5303,4443.3301,1405.36,52323.9396,E2,N,N
09/23/2017,13:00,14994,2120.3101,2536.4099,1262.78,16721.4004,8365.8301,4507.8799,1384.0699,51892.6803,E3,Y,N
09/23/2017,14:00,15398.4014,2182.2842,2654.7581,1358.6644,17740.918,8855.0186,4390.75,1398.0944,53978.8891,A3,N,N
09/23/2017,14:00,15334.1348,2223.5674,2632.3411,1348.8977,17491.1211,8587.0381,4398.7793,1476.865,53492.7445,A6,N,N
09/23/2017,14:00,15467.2998,2138.27,2552.95,1380.84,17979,8758.9199,4655.4902,1447.61,54380.3799,E,N,N
09/23/2017,14:00,15877.5996,2177.1599,2574.45,1341.73,17679.5,8869.2695,4574.5,1369.58,54463.789,E1,N,N
09/23/2017,14:00,15539.7998,2177.3601,2581.8999,1318.78,18337.6992,8827.2598,4693.4502,1456.0699,54932.3189,E2,N,N
09/23/2017,14:00,15559.2002,2223.29,2580.77,1318.1,17761.8008,8847.8896,4718.4199,1447.41,54456.8805,E3,Y,N
09/23/2017,15:00,15719.7686,2273.2515,2699.5203,1362.1096,18475.9941,9289.4414,4567.0073,1478.8129,55865.9057,A3,N,N
09/23/2017,15:00,15864.7969,2335.7554,2681.9272,1382.2081,18051.1465,9068.7031,4583.6587,1543.1069,55511.3028,A6,N,N
09/23/2017,15:00,15847,2202.5701,2565.8301,1417.4399,18618.5996,9145.7803,4777.1899,1514.04,56088.4499,E,N,N
09/23/2017,15:00,16187.7002,2333.6699,2686.6499,1353.8199,18422.5996,9182.6699,4698.1802,1491.1801,56356.4697,E1,N,N
09/23/2017,15:00,15986.2002,2184.1399,2608.1699,1343.41,18860.1992,9229.5498,4782.27,1533.76,56527.699,E2,N,N
09/23/2017,15:00,15988.9004,2290.0601,2604.6699,1358.92,18569.9004,9249.1699,4828.5801,1512.34,56402.5408,E3,Y,N
09/23/2017,16:00,15765.1416,2285.5139,2723.6057,1378.1102,18965.3281,9603.252,4632.3804,1510.2065,56863.5384,A3,N,N
09/23/2017,16:00,15731.2725,2388.6223,2716.9253,1401.7286,18415.0684,9414.0156,4623.269,1578.0648,56268.9665,A6,N,N
09/23/2017,16:00,15943.2002,2240.22,2583.3899,1451.05,19275.5,9458.3799,4842.25,1547.05,57341.04,E,N,N
09/23/2017,16:00,16737.5,2333.1499,2689.0901,1423.3,18877,9504.1104,4746.9502,1562.4399,57873.5405,E1,N,N
09/23/2017,16:00,16115.9004,2229.74,2644.3501,1379.87,19305.0996,9504.0996,4859.9399,1535.1899,57574.1895,E2,N,N
09/23/2017,16:00,16313.9004,2330.1899,2625.3999,1387.6801,19164.9004,9572.5596,4893,1546.22,57833.8503,E3,Y,N
09/23/2017,17:00,15641.3164,2266.3901,2749.6821,1394.2662,19546.7676,9800.6494,4683.4595,1546.937,57629.4683,A3,N,N
09/23/2017,17:00,15672.0986,2351.9751,2721.4353,1413.7426,18838.1348,9564.3057,4654.7847,1602.5739,56819.0507,A6,N,N
09/23/2017,17:00,16214.7998,2231.8101,2589.05,1461.6899,19520.5,9661.0498,4849.8198,1571.47,58100.1894,E,N,N
09/23/2017,17:00,16099.0996,2291.79,2738.4099,1442.84,19415.5,9823.8701,4737.3999,1612.15,58161.0595,E1,N,N
09/23/2017,17:00,16012.5,2202.6699,2640.8799,1368.54,19593.9004,9607.6396,4819.9199,1604.17,57850.2197,E2,N,N
09/23/2017,17:00,16499.5,2324.27,2634.3899,1404.0601,19404.1992,9777.54,4903.2598,1572.4399,58519.6589,E3,Y,N
09/23/2017,18:00,15416.7949,2237.4998,2724.8396,1356.7345,19018.3262,9651.0645,4628.0308,1539.3744,56572.6647,A3,N,N
09/23/2017,18:00,15458.416,2300.0139,2691.5693,1378.6764,18347.207,9352.9355,4620.3452,1568.1093,55717.2726,A6,N,N
09/23/2017,18:00,15978.7998,2192.0701,2576.5901,1436.1,19367.5,9598.0498,4730.1201,1581.62,57460.8499,E,N,N
09/23/2017,18:00,16120,2268.8999,2655.6899,1430.5699,19358.0996,9829.96,4693.9399,1656.3101,58013.4693,E1,N,N
09/23/2017,18:00,15522.5,2170.98,2600.8701,1365.97,19408,9559.4697,4721.7402,1608.66,56958.19,E2,N,N
09/23/2017,18:00,16246.2998,2282.5,2620.05,1381.75,19275.3008,9720.2002,4789.46,1578.86,57894.4208,E3,Y,N
09/23/2017,19:00,14817.0469,2165.5115,2693.4153,1272.0565,18424.793,9276.0098,4411.7041,1509.5232,54570.0603,A3,N,N
09/23/2017,19:00,14889.8643,2194.939,2656.947,1278.8694,17851.6836,9004.6729,4425.939,1547.2025,53850.1177,A6,N,N
09/23/2017,19:00,15136.5996,2108.8301,2550.6101,1366.91,18545.8008,9284.3604,4558.3599,1572.91,55124.3809,E,N,N
09/23/2017,19:00,15627.5996,2190.77,2570.5801,1349.59,18356.6992,9462.2803,4459.7998,1555.3101,55572.6291,E1,N,N
09/23/2017,19:00,15281.9004,2064.8701,2559.48,1277.4399,18803.0996,9260.1699,4512.4702,1606.36,55365.7901,E2,N,N
09/23/2017,19:00,15577.4004,2198.47,2588.3601,1313.05,18463.9004,9406.2002,4620.79,1572.67,55740.8411,E3,Y,N
09/23/2017,20:00,14531.458,2087.5005,2633.7156,1220.212,17641.2988,8953.5537,4282.749,1464.7841,52815.2717,A3,N,N
09/23/2017,20:00,14838.293,2110.6497,2590.9333,1226.2083,17254.2207,8936.1426,4327.085,1504.8103,52788.3429,A6,N,N
09/23/2017,20:00,15018.5,2011.52,2523.79,1301.54,17867.9004,8875.3799,4395.9399,1532.42,53526.9902,E,N,N
09/23/2017,20:00,15475.7002,2246.29,2549.8201,1192.54,17839.1992,9194.9404,4405.6299,1377.92,54282.0398,E1,N,N
09/23/2017,20:00,14826.2998,1987.77,2502.1299,1208.5,17865.8008,8953.4902,4371.6699,1571.53,53287.1906,E2,N,N
09/23/2017,20:00,15072.7998,2100.5,2549.3799,1254.77,17645.5996,8988.3301,4446.8501,1529.02,53587.2495,E3,Y,N
09/23/2017,21:00,14179.0928,2040.3853,2599.9792,1219.45,16776.5898,8755.8125,4202.3516,1456.9064,51230.5676,A3,N,N
09/23/2017,21:00,14376.5938,2016.7072,2581.9187,1202.8729,16646.0879,8787.7588,4254.314,1496.1669,51362.4202,A6,N,N
09/23/2017,21:00,14507.5996,1961.95,2519.6399,1250.48,17135.5996,8673.1602,4334.9199,1513.12,51896.4692,E,N,N
09/23/2017,21:00,15659.7002,2048.0601,2549.4099,1203.15,17166.5996,8917.0098,4429.71,1503.6801,53477.3197,E1,N,N
09/23/2017,21:00,14413.7002,1921.0601,2487.7,1175.86,17318.3008,8673.0596,4313.9302,1552.5601,51856.171,E2,N,N
09/23/2017,21:00,14702.5996,2036.88,2537.47,1213.4,16980.3008,8767.0303,4376.02,1506.83,52120.5307,E3,Y,N
09/23/2017,22:00,13528.207,1925.1882,2543.1938,1152.0126,15717.1914,8219.7988,3958.9902,1405.4019,48449.9839,A3,N,N
09/23/2017,22:00,13736.6289,1888.9691,2533.0249,1132.3768,15643.0635,8257.3018,4008.0742,1425.0157,48624.4549,A6,N,N
09/23/2017,22:00,13873.4004,1842.37,2474.46,1178.0699,15979.9004,8138.8701,4112.7998,1442.79,49042.6606,E,N,N
09/23/2017,22:00,14409.2002,1931.08,2446.3301,1165.1801,16247.4004,8342.3398,4215.5,1430.73,50187.7606,E1,N,N
09/23/2017,22:00,13559.5996,1829.6899,2467.4199,1118.03,16038.4004,8159.7998,4082.1201,1500.66,48755.7197,E2,N,N
09/23/2017,22:00,14043.2998,1911.71,2479.97,1140.63,15943.5996,8219.0996,4137.6499,1442.0699,49318.0288,E3,Y,N
09/23/2017,23:00,12791.7158,1785.2152,2493.5173,1089.9889,14564.3037,7712.5952,3714.5244,1335.179,45487.0395,A3,N,N
09/23/2017,23:00,13042.4316,1724.4896,2482.25,1073.5808,14571.2217,7791.7021,3741.6902,1342.9806,45770.3466,A6,N,N
09/23/2017,23:00,13011.5996,1713.13,2405.26,1111.8199,14901.2998,7512.0801,3859.0701,1362.05,45876.3095,E,N,N
09/23/2017,23:00,13600.2998,1778.86,2487.6499,1175.05,14949.7002,7871.1699,3876.5,1348.25,47087.4798,E1,N,N
09/23/2017,23:00,12813,1676.52,2387.9199,1042.64,14848.9004,7556.5601,3831.1899,1430.22,45586.9503,E2,N,N
09/23/2017,23:00,13228.7998,1773.0601,2412.52,1077.9,14781.5996,7581.0098,3866.9099,1358.7,46080.4992,E3,Y,N
09/23/2017,24:00,12031.0449,1654.8872,2441.3823,1014.4529,13695.0137,7111.519,3504.7793,1264.425,42717.5043,A3,N,N
09/23/2017,24:00,12322.1611,1594.1388,2408.6245,1009.7825,13712.9023,7143.3145,3505.0112,1265.0197,42960.9546,A6,N,N
09/23/2017,24:00,12161.4004,1578.64,2335.4399,1042.98,13656.2002,6921.75,3615.9399,1291.84,42604.1904,E,N,N
09/23/2017,24:00,12628,1658.62,2377.8701,1078.11,13653.7002,7113.23,3591.5901,1283.61,43384.7304,E1,N,N
09/23/2017,24:00,11998.7002,1559.73,2342.9099,997.013,13655.5,6975.9502,3603.1599,1370.1801,42503.1433,E2,N,N
09/23/2017,24:00,12374.7002,1635.0601,2338.79,1008.65,13608.5996,6991.2998,3627.72,1283.53,42868.3497,E3,Y,N
09/24/2017,1:00,11271.7783,1561.0969,2406.9231,947.0436,12553.1191,6609.6162,3316.1318,1195.1067,39860.8157,A3,N,N
09/24/2017,1:00,11484.4648,1550.1248,2345.1758,940.8865,12637.2051,6671.626,3194.2068,1182.2019,40005.8917,A6,N,N
09/24/2017,1:00,11361,1466.29,2282.76,998.62,12611.2002,6447.2002,3413.1399,1232.64,39812.8503,E,N,N
09/24/2017,1:00,11602.7998,1603.48,2347.8501,1012.96,12558.2998,6483.4199,3414.23,1234.52,40257.5596,E1,N,N
09/24/2017,1:00,11339.7002,1462.36,2288.6399,940.02,12618.2002,6481.0298,3403.04,1305.58,39838.5701,E2,N,N
09/24/2017,1:00,11580.4004,1513.4,2272.3201,954.591,12626.7998,6520.1899,3425.48,1222.25,40115.4312,E3,Y,N
09/24/2017,2:00,10747.5928,1474.8605,2366.75,904.9789,11794.7842,6173.0938,3123.7144,1144.8141,37730.5887,A3,N,N
09/24/2017,2:00,10971.0703,1452.4316,2319.9221,903.1528,11887.0078,6194.0786,3030.3708,1134.9382,37892.9722,A6,N,N
09/24/2017,2:00,10801,1374.21,2237.01,959.042,11783.0996,5997.4702,3217.03,1174.2,37543.0618,E,N,N
09/24/2017,2:00,11002.2002,1550.8199,2323.74,955.568,11698.2002,6003.5601,3270.8301,1157.92,37962.8385,E1,N,N
09/24/2017,2:00,10827.0996,1383.2,2230.98,885.266,11761.7998,6011.2998,3224.0701,1252.13,37575.8453,E2,N,N
09/24/2017,2:00,10968.5,1415.77,2223.1899,908.859,11764.4004,6068.52,3223.3301,1160.09,37732.6594,E3,Y,N
09/24/2017,3:00,10401.5244,1404.8711,2334.6831,869.5167,11266.1367,5817.2339,2990.4558,1101.2096,36185.6313,A3,N,N
09/24/2017,3:00,10589.2842,1399.0991,2298.2668,869.0325,11347.4814,5856.936,2925.9192,1095.272,36381.2912,A6,N,N
09/24/2017,3:00,10310.9004,1306.23,2204.3,927.112,11242.2998,5682.4902,3068.02,1142.55,35883.9024,E,N,N
09/24/2017,3:00,10405.7998,1419.23,2296.55,843.754,10995,5653.1899,3073.1599,1101.28,35787.9636,E1,N,N
09/24/2017,3:00,10373.5996,1312.4,2191.21,837.974,11121.7998,5693.6299,3085,1216.8,35832.4133,E2,N,N
09/24/2017,3:00,10510.9004,1346.9301,2186.46,873.953,11137,5747.5298,3071.8999,1119.51,35994.1832,E3,Y,N
09/24/2017,4:00,10138.626,1347.6881,2312.3896,844.7764,10832.1563,5592.2539,2906.2781,1077.0172,35051.1856,A3,N,N
09/24/2017,4:00,10351.2549,1344.6643,2279.0425,849.9338,10969.9678,5657.0039,2854.5864,1080.3627,35386.8163,A6,N,N
09/24/2017,4:00,10007.5,1260.5699,2197.9299,910.866,10797.2998,5473.6299,2959.9299,1112.22,34719.9454,E,N,N
09/24/2017,4:00,10343.7998,1360.88,2209.77,863.719,10492.4004,5440.7798,3022.76,1040.21,34774.319,E1,N,N
09/24/2017,4:00,10140,1275.04,2182.3,836.723,10622,5555.2998,2975.6899,1163.72,34750.7727,E2,N,N
09/24/2017,4:00,10200.5,1302.58,2172.5601,865.721,10666,5533.5601,2955.97,1089.54,34786.4312,E3,Y,N
09/24/2017,5:00,9951.7695,1318.0547,2297.9358,832.4268,10537.0674,5475.001,2836.4824,1060.4137,34309.1513,A3,N,N
09/24/2017,5:00,10189.3574,1319.1774,2264.7939,843.7481,10679.9336,5513.939,2784.53,1082.3154,34677.7948,A6,N,N
09/24/2017,5:00,9817.2402,1239.39,2194.1201,897.66,10334.7002,5342.79,2884.8899,1097.46,33808.2504,E,N,N
09/24/2017,5:00,10015.5996,1332.59,2197.54,816.144,10231.5,5305.2598,2907.73,1111.36,33917.7234,E1,N,N
09/24/2017,5:00,9987.1201,1227.09,2174.6699,836.099,10437.7002,5405.5498,2908.8799,1137.71,34114.8189,E2,N,N
09/24/2017,5:00,10034.5,1274.8101,2169.8101,843.324,10335,5405.98,2867.0601,1069.03,33999.5143,E3,Y,N
09/24/2017,6:00,10050.5176,1310.9822,2290.5874,817.1146,10546.0254,5473.8496,2841.4941,1065.1346,34395.7055,A3,N,N
09/24/2017,6:00,10303.2129,1322.4056,2266.2334,823.2346,10658.4473,5517.9902,2811.6055,1094.212,34797.3415,A6,N,N
09/24/2017,6:00,9865.6904,1242.26,2191.1899,885.51,10267.7002,5337.7998,2854.21,1096.97,33741.3303,E,N,N
09/24/2017,6:00,9977.8496,1321.45,2160.54,863.02,10303.5,5278.6602,2890.98,1066.35,33862.3498,E1,N,N
09/24/2017,6:00,10041.0996,1252.9301,2178.3301,821.516,10386.2002,5397.3599,2915.54,1134.1,34127.0759,E2,N,N
09/24/2017,6:00,10012,1276.77,2181.0701,839.445,10262.7998,5394.7002,2835.54,1064.0699,33866.395,E3,Y,N
09/24/2017,7:00,10057.8691,1336.9561,2300.2224,831.8614,10692.5127,5520.5083,2895.2114,1087.213,34722.3544,A3,N,N
09/24/2017,7:00,10408.5088,1350.9244,2288.3708,850.7175,10848.375,5601.8838,2889.4211,1124.6497,35362.8511,A6,N,N
09/24/2017,7:00,9934.2197,1280.3101,2201.9299,902.206,10469.2002,5428.6099,2892.0701,1114.39,34222.9359,E,N,N
09/24/2017,7:00,10560.7998,1324.12,2260.1101,828.217,10385.7998,5382.71,2984.1001,1109.29,34835.1468,E1,N,N
09/24/2017,7:00,10136.7998,1298.51,2174.5901,864.9,10643.9004,5563.7798,2998.78,1152.58,34833.8401,E2,N,N
09/24/2017,7:00,10091.2002,1310.55,2191.28,858.965,10356.5,5476.8398,2861.8501,1080,34227.1851,E3,Y,N
09/24/2017,8:00,9993.4287,1330.5999,2295.4509,828.6627,10575.624,5623.8604,2839.4526,1099.1967,34586.2759,A3,N,N
09/24/2017,8:00,10306.5879,1321.2169,2287.8806,853.4097,10722.3438,5623.8799,2837.9124,1132.922,35086.1532,A6,N,N
09/24/2017,8:00,9938.75,1292.01,2204.02,912.862,10558.4004,5509.7202,2881.9199,1134.97,34432.6525,E,N,N
09/24/2017,8:00,10136.2998,1358.99,2178.23,887.411,10412,5661.79,2998.98,1124.55,34758.2508,E1,N,N
09/24/2017,8:00,10207.7998,1303.91,2176.5801,916.004,10841.7002,5636.6001,2942.96,1168.61,35194.1642,E2,N,N
09/24/2017,8:00,10082.4004,1328.3,2193.3899,872.572,10469.2998,5553.3501,2854.8899,1104.7,34458.9021,E3,Y,N
09/24/2017,9:00,10552.4805,1409.7332,2298.29,883.9708,11294.1016,5894.1128,2966.9038,1126.7775,36426.3702,A3,N,N
09/24/2017,9:00,10811.4209,1426.3162,2303.9316,896.8745,11348.1123,5846.9165,2961.8936,1165.4648,36760.9304,A6,N,N
09/24/2017,9:00,10525,1388.0699,2202.4199,965.675,11258.5996,5805.6299,3032.75,1144.53,36322.6743,E,N,N
09/24/2017,9:00,10707.5,1445.1899,2208.3101,903.767,11428.7002,6004.79,3109.24,1064.26,36871.7572,E1,N,N
09/24/2017,9:00,10676.5,1397.5601,2190.3101,894.22,11511.2002,5943.8701,3097.1599,1174.55,36885.3704,E2,N,N
09/24/2017,9:00,10729.0996,1431.59,2191.55,930.34,11156.2998,5834.3101,3032.76,1119.34,36425.2895,E3,Y,N
09/24/2017,10:00,11446.4463,1533.7166,2363.8713,992.8207,12463.8066,6383.5654,3301.8762,1144.0184,39630.1215,A3,N,N
09/24/2017,10:00,11721.3291,1541.7025,2382.5303,990.4899,12467.8672,6292.7627,3265.2478,1183.6599,39845.5894,A6,N,N
09/24/2017,10:00,11517.7002,1524.4399,2216.05,1067.5,12339.4004,6343.25,3381.8301,1162.38,39552.5506,E,N,N
09/24/2017,10:00,11627.2002,1560.5601,2318.54,1048.63,12177.7998,6500.1099,3465.8101,1146.08,39844.7301,E1,N,N
09/24/2017,10:00,11625,1532.73,2230.46,996.801,12542.7002,6402.7202,3394.8301,1223.3101,39948.5516,E2,N,N
09/24/2017,10:00,11738.5996,1575.02,2218.1399,1024.89,12306,6370.3101,3401.3501,1141.25,39775.5597,E3,Y,N
09/24/2017,11:00,12431.5371,1709.5554,2427.4583,1084.3115,13760.1113,6946.6235,3605.5117,1179.4655,43144.5743,A3,N,N
09/24/2017,11:00,12690.7129,1738.7749,2454.6536,1075.4017,13730.2842,6869.3628,3545.8162,1222.5403,43327.5466,A6,N,N
09/24/2017,11:00,12634.0996,1666.86,2244.04,1141.21,13714.0996,6945.0298,3726.8999,1193.84,43266.0789,E,N,N
09/24/2017,11:00,12530.4004,1710.41,2286.21,1119.2,13948.2998,6979.04,3778.21,1160.8199,43512.5901,E1,N,N
09/24/2017,11:00,12569.2998,1674.03,2277.02,1059.4,13851.4004,6963.8701,3734.5701,1280.5601,43410.1505,E2,N,N
09/24/2017,11:00,12842.4004,1729.6,2257.23,1100.0601,13564.5,6961.9902,3763.3,1174.46,43393.5407,E3,Y,N
09/24/2017,12:00,13312.0723,1865.8979,2500.6506,1161.9944,14914.0664,7600.3169,3901.343,1256.8253,46513.1668,A3,N,N
09/24/2017,12:00,13568.0771,1894.4747,2506.4702,1139.1025,14881.3516,7578.5337,3794.7454,1267.766,46630.5212,A6,N,N
09/24/2017,12:00,13300.9004,1788.61,2299.03,1208.28,14996.7002,7465.1802,4063.9199,1246.53,46369.1507,E,N,N
09/24/2017,12:00,13544.2998,1867.35,2422.97,1179.98,15048.4004,7635.9502,4108.0298,1264.77,47071.7502,E1,N,N
09/24/2017,12:00,13494.2998,1812.95,2328.5701,1105.15,15122.5996,7529.6899,4037.8201,1307.88,46738.9595,E2,N,N
09/24/2017,12:00,13715.5996,1859.45,2322.9299,1164.09,14843.7002,7491.02,4108.0098,1222.47,46727.2695,E3,Y,N
09/24/2017,13:00,14243.459,2002.8577,2549.9871,1257.658,16206.8457,8198.5381,4195.3931,1297.9165,49952.6552,A3,N,N
09/24/2017,13:00,14315.2432,2036.3717,2553.7393,1227.1375,16010.1973,8064.8203,4079.9629,1345.1211,49632.5933,A6,N,N
09/24/2017,13:00,14290,1913.35,2355.0701,1284.87,16173.2002,7996.7998,4341.21,1316.14,49670.6401,E,N,N
09/24/2017,13:00,14728.5,2029.77,2439.6299,1258.6801,16097.7002,8138.1401,4285.2798,1282.02,50259.7201,E1,N,N
09/24/2017,13:00,14378.2002,1949.92,2387.8501,1158.05,16292.2002,8079.0298,4292.6001,1386.1,49923.9504,E2,N,N
09/24/2017,13:00,14493.5,1989.92,2387.05,1229,16166.0996,8052.7002,4392.1201,1291.5699,50001.9598,E3,Y,N
09/24/2017,14:00,14926.0215,2108.2957,2594.5906,1342.689,17459.834,8570.4766,4358.5054,1344.41,52704.8228,A3,N,N
09/24/2017,14:00,14794.8271,2142.3193,2592.6252,1315.6818,17066.7441,8388.8896,4269.7925,1415.7339,51986.6135,A6,N,N
09/24/2017,14:00,14925.5996,2014.9,2391.5901,1336.59,17350.1992,8479.96,4564.0601,1372.84,52435.739,E,N,N
09/24/2017,14:00,15408.0996,2121.96,2489.6201,1304.4,17106.0996,8563.6904,4543.1001,1310.46,52847.4298,E1,N,N
09/24/2017,14:00,15176.7002,2020.4,2419.71,1232.95,17582.0996,8509.5898,4574.6602,1411.47,52927.5798,E2,N,N
09/24/2017,14:00,15107.4004,2102.78,2434.8301,1285.04,17313.4004,8544.8701,4626.4102,1357.8101,52772.5413,E3,Y,N
09/24/2017,15:00,15315.5088,2199.9299,2630.3389,1367.4324,18227.832,8976.5225,4600.9971,1425.2799,54743.8415,A3,N,N
09/24/2017,15:00,15364.9434,2227.896,2613.9817,1363.2957,17765.1719,8809.0859,4475.9336,1488.9998,54109.308,A6,N,N
09/24/2017,15:00,15448.9004,2079.6699,2409.53,1377.08,18111.5996,8848.8496,4704.6099,1434.49,54414.7294,E,N,N
09/24/2017,15:00,15786.5996,2229.51,2629.0801,1313.83,18062.9004,8908.3701,4668.5898,1436.1,55034.98,E1,N,N
09/24/2017,15:00,15729.4004,2081.1001,2433.02,1234.05,18104,8897.79,4691.3301,1505.45,54676.1406,E2,N,N
09/24/2017,15:00,15564.2002,2171.97,2459.3201,1323.46,18118.5996,8944.29,4767.2002,1417.4399,54766.48,E3,Y,N
09/24/2017,16:00,15460.1045,2223.3738,2641.5542,1393.3223,18832.4668,9181.3828,4753.2979,1441.6454,55927.1477,A3,N,N
09/24/2017,16:00,15154.501,2335.8145,2613.6357,1390.5868,18319.7461,9058.7773,4628.418,1511.4446,55012.924,A6,N,N
09/24/2017,16:00,15553.7002,2119.9199,2441.0801,1411.5,18779.6992,9141.1699,4781.8198,1465.53,55694.4191,E,N,N
09/24/2017,16:00,16310.5996,2282.3501,2584.9199,1386.52,18587.0996,9173.9199,4742.1001,1496.88,56564.3892,E1,N,N
09/24/2017,16:00,15872.0996,2111.03,2434.3301,1274.72,18730.0996,9225.5498,4764.5801,1518.08,55930.4892,E2,N,N
09/24/2017,16:00,15880.2998,2212.77,2490.96,1348.55,18743.4004,9254.6602,4835.7202,1451.73,56218.0906,E3,Y,N
09/24/2017,17:00,15335.1914,2227.3633,2670.9912,1398.0403,19066.6055,9422.9541,4728.9316,1469.7208,56319.7982,A3,N,N
09/24/2017,17:00,15253.3877,2277.9036,2615.2109,1400.0824,18480.7871,9404.1758,4607.623,1533.9554,55573.1259,A6,N,N
09/24/2017,17:00,15754.9004,2128.79,2454.6899,1423.3101,19095.3008,9323.1396,4803.6201,1483.5601,56467.311,E,N,N
09/24/2017,17:00,15691.2002,2258.8,2654.48,1398.73,18833.4004,9552.1699,4751.4199,1534.9,56675.1004,E1,N,N
09/24/2017,17:00,15784.2998,2108.0701,2423.95,1218.72,18981.5,9352.3398,4759.2998,1541.86,56170.0395,E2,N,N
09/24/2017,17:00,16063.5996,2223.2,2503.96,1368.73,19031.9004,9464.1396,4838.5898,1474.02,56968.1394,E3,Y,N
09/24/2017,18:00,15153.3418,2201.3691,2646.7773,1372.1849,18974.3066,9362.3496,4664.7319,1475.8586,55850.9198,A3,N,N
09/24/2017,18:00,15032.4648,2243.0127,2588.6223,1380.4349,18331.3535,9111.4873,4590.5073,1501.8184,54779.7012,A6,N,N
09/24/2017,18:00,15646.5,2103.3401,2464.8899,1410.5601,18996.9004,9380.5898,4720.29,1501.75,56224.8203,E,N,N
09/24/2017,18:00,15550.9004,2229.3799,2590.8301,1382.0699,19011.1992,9638.5898,4676.79,1577.47,56657.2293,E1,N,N
09/24/2017,18:00,15404.7998,2076.3501,2436.6699,1264.0601,18973.1992,9372.4199,4694.1001,1559.77,55781.3691,E2,N,N
09/24/2017,18:00,15908.4004,2194.99,2503.53,1347.59,18967.4004,9520.1504,4743.46,1490.85,56676.3712,E3,Y,N
09/24/2017,19:00,14701.1992,2152.1477,2620.3777,1288.8101,18357.7578,9106.5967,4495.813,1462.63,54185.3322,A3,N,N
09/24/2017,19:00,14645.0762,2151.0581,2557.5854,1274.2811,17848.082,8884.9727,4447.0269,1493.8165,53301.8989,A6,N,N
09/24/2017,19:00,14877.7998,2033.51,2440.55,1344.71,18272.1992,9223.2695,4577.6299,1506.4301,54276.0985,E,N,N
09/24/2017,19:00,15084.5,2154.3799,2450.5801,1309.59,17904.1992,9259.75,4474.3701,1508.24,54145.6093,E1,N,N
09/24/2017,19:00,15145.7002,2003.8199,2428.5601,1220.95,18449.5,9187.5498,4533.3999,1559.22,54528.6999,E2,N,N
09/24/2017,19:00,15312.9004,2124.3201,2479.8601,1283.22,18378.5996,9357.6201,4602.23,1499.2,55037.9503,E3,Y,N
09/24/2017,20:00,14588.0391,2092.8418,2563.1829,1234.2467,17549.0547,8870.1396,4394.3535,1416.8628,52708.7211,A3,N,N
09/24/2017,20:00,14658.2061,2088.325,2487.2319,1216.2679,17213.4883,8850.915,4349.082,1451.2814,52314.7976,A6,N,N
09/24/2017,20:00,14919,1971.36,2422.8201,1291.95,17806.5,8936.04,4450.6201,1472.88,53271.1702,E,N,N
09/24/2017,20:00,15219.2002,2219.1399,2449.4099,1160.62,17379.6992,9070.1504,4406.1499,1326.05,53230.4195,E1,N,N
09/24/2017,20:00,14834.5996,1953.1801,2377.76,1163.33,17674.6992,8977.8203,4398.2202,1535.3101,52914.9195,E2,N,N
09/24/2017,20:00,14996.4004,2056.46,2448.9199,1233.16,17666.0996,9068.6904,4472.23,1464.01,53405.9703,E3,Y,N
09/24/2017,21:00,14210.8398,2034.8834,2545.5139,1209.14,16838.5703,8829.2051,4388.2422,1411.3489,51467.7436,A3,N,N
09/24/2017,21:00,14270.6406,2005.0654,2484.3926,1179.9628,16665.877,8889.3662,4310.2197,1448.5564,51254.0807,A6,N,N
09/24/2017,21:00,14556.2002,1929.51,2421.5901,1232.38,17199.5,8789.4102,4447.2002,1458.33,52034.1207,E,N,N
09/24/2017,21:00,15312.7998,2010.23,2472.24,1169.0601,16823.1992,8840.96,4475.6201,1433.61,52537.7192,E1,N,N
09/24/2017,21:00,14480.0996,1891.97,2363.26,1140.73,17248.5996,8742.6201,4378.4102,1540.5601,51786.2496,E2,N,N
09/24/2017,21:00,14713.5,2002.9301,2440,1197.78,17113.8008,8891.8496,4469.1602,1448.96,52277.9807,E3,Y,N
09/24/2017,22:00,13504.5332,1906.6995,2511.0952,1148.0964,15931.9355,8231.8867,4166.0361,1363.3123,48763.5949,A3,N,N
09/24/2017,22:00,13625.3125,1858.4514,2453.3369,1111.8982,15768.3154,8295.0088,4082.8833,1378.9607,48574.1672,A6,N,N
09/24/2017,22:00,13937.7998,1815.99,2386.8201,1154.58,16094.5996,8269.5303,4239.5801,1381.53,49280.4299,E,N,N
09/24/2017,22:00,14337.2998,1892.89,2322.3201,1129.8,16125,8215.8604,4255.71,1388.03,49666.9103,E1,N,N
09/24/2017,22:00,13686.9004,1810.62,2349.6001,1068.71,16054,8280.6299,4158.9199,1463.04,48872.4203,E2,N,N
09/24/2017,22:00,14083.5,1881.03,2394.46,1121.27,16063.2998,8349.4199,4254.0298,1381.26,49528.2695,E3,Y,N
09/24/2017,23:00,12609.752,1717.832,2450.5068,1076.8386,14603.0166,7655.7739,3872.5325,1289.3975,45275.6499,A3,N,N
09/24/2017,23:00,12640.417,1658.2219,2397.1885,1044.7971,14519.2891,7748.9014,3811.165,1289.9542,45109.9342,A6,N,N
09/24/2017,23:00,12991.7002,1669.48,2319.1001,1057.77,14908.0996,7557.7202,3955.75,1288.79,45748.4101,E,N,N
09/24/2017,23:00,13394.5996,1723.62,2388.6001,1139.35,14831.2002,7715.54,3886.96,1343.26,46423.1299,E1,N,N
09/24/2017,23:00,12823.5996,1637.99,2291.26,985.214,14748.0996,7561.9502,3883.04,1345.02,45276.1734,E2,N,N
09/24/2017,23:00,13191.2998,1728.58,2327.3799,1037.65,14738,7621.8599,3959.72,1292.15,45896.6396,E3,Y,N
09/24/2017,24:00,11799.7656,1580.2994,2375.438,993.9745,13322.374,6942.6987,3584.0334,1213.1327,41811.7163,A3,N,N
09/24/2017,24:00,11891.0303,1506.38,2320.291,971.5178,13394.2881,7007.4883,3523.3958,1200.0638,41814.4551,A6,N,N
09/24/2017,24:00,12009.4004,1530.59,2245.3201,985.139,13457.0996,6805.8501,3628.6201,1214.49,41876.5093,E,N,N
09/24/2017,24:00,12473.0996,1585.42,2285.74,1044.66,13429,6974.6699,3595.71,1176.76,42565.0595,E1,N,N
09/24/2017,24:00,11859.9004,1506.02,2228.77,936.72,13427.7002,6875.5601,3589.3201,1298.27,41722.2608,E2,N,N
09/24/2017,24:00,12209.9004,1588.29,2245.3999,957.091,13303.7998,6875.27,3619.01,1212.99,42011.7511,E3,Y,N
09/25/2017,1:00,10925.9463,1502.7151,2357.2258,926.8135,12517.998,6408.6899,3280.1599,1156.5046,39076.0531,A3,N,N
09/25/2017,1:00,11190.5049,1473.0011,2264.2617,901.7972,12470.7051,6466.2954,3167.5959,1128.2655,39062.4268,A6,N,N
09/25/2017,1:00,11147.2002,1421.24,2206.3601,917.748,12341.5,6218.7202,3355.0801,1151.33,38759.1786,E,N,N
09/25/2017,1:00,11352.5,1498.8,2312.49,962.095,12407.7002,6381.48,3389.9299,1105.13,39410.1251,E1,N,N
09/25/2017,1:00,11105.0996,1394.7,2169.1599,884.424,12394.7002,6317.73,3345.8601,1220.97,38832.6438,E2,N,N
09/25/2017,1:00,11280.9004,1484.15,2192.6201,913.484,12236.0996,6285.79,3321.23,1156.48,38870.7541,E3,Y,N
09/25/2017,2:00,10455.1514,1410.7588,2319.8633,898.3693,11749.4385,6033.0059,3094.1975,1117.6425,37078.4272,A3,N,N
09/25/2017,2:00,10725.1475,1357.4818,2239.1228,880.4272,11795.6006,6021.4565,3003.4624,1095.1106,37117.8094,A6,N,N
09/25/2017,2:00,10634.7998,1331.62,2166.6699,890.176,11544.0996,5792.6899,3163.1599,1104.87,36628.0851,E,N,N
09/25/2017,2:00,10952.0996,1387.39,2373.4399,863.068,11947.4004,5916.6602,3196.28,1075.04,37711.3781,E1,N,N
09/25/2017,2:00,10574.2002,1300.88,2118.2,822.882,11566.2002,5846.3799,3142.3101,1167.25,36538.3024,E2,N,N
09/25/2017,2:00,10782.5,1396.08,2150.22,869.474,11425.4004,5857.23,3124.5,1110.3,36715.7044,E3,Y,N
09/25/2017,3:00,10072.9385,1361.1029,2292.5405,881.4016,11231.3301,5746.8418,2968.345,1080.8461,35635.3465,A3,N,N
09/25/2017,3:00,10347.3428,1323.5565,2213.2607,864.2607,11322.7871,5771.5435,2901.8621,1090.6744,35835.2878,A6,N,N
09/25/2017,3:00,10297.4004,1270.08,2145.26,866.481,11131.7998,5509.5498,3034.1899,1067.27,35322.0309,E,N,N
09/25/2017,3:00,10537.4004,1335.16,2266.6001,842.847,10993.2998,5668.5698,3053.8899,1046.29,35744.057,E1,N,N
09/25/2017,3:00,10185,1248.55,2095.1699,831.545,11073.7002,5536.1099,3026.8201,1096.03,35092.9251,E2,N,N
09/25/2017,3:00,10474.2998,1336.01,2127.78,840.188,10860.0996,5572.5298,2988.77,1067.27,35266.9472,E3,Y,N
09/25/2017,4:00,9879.9424,1322.7509,2277.064,856.851,10934.1152,5587.7896,2905.1035,1057.511,34821.1276,A3,N,N
09/25/2017,4:00,10164.582,1295.0928,2201.937,844.6906,11101.2969,5593.3594,2856.1138,1083.0449,35140.1174,A6,N,N
09/25/2017,4:00,10153.4004,1245.9399,2135.9199,851.669,10776.4004,5372.1299,2952.7,1046.63,34534.7895,E,N,N
09/25/2017,4:00,10354.9004,1289.61,2205.6499,835.161,10878.0996,5455.3901,2989.75,1052.9399,35061.5009,E1,N,N
09/25/2017,4:00,10085.7998,1233.21,2083.4099,798.826,10734.2002,5490.3398,2943.1299,1064.92,34433.8356,E2,N,N
09/25/2017,4:00,10356.5996,1311.55,2116.8601,827.501,10545.7002,5441.6899,2909.24,1046.26,34555.4008,E3,Y,N
09/25/2017,5:00,9905.5645,1306.6161,2274.9045,846.9598,10879.3594,5557.9575,2870.4653,1057.6577,34699.4848,A3,N,N
09/25/2017,5:00,10116.8945,1292.4695,2205.9919,839.436,11081.3086,5576.1826,2829.8201,1078.3774,35020.4806,A6,N,N
09/25/2017,5:00,10292.5996,1262.51,2133.0801,853.373,10670.5,5388.5601,2930.8999,1051.71,34583.2327,E,N,N
09/25/2017,5:00,10506.2998,1281.05,2193.6599,768.182,10939.2998,5456.4399,2929.0701,1032.73,35106.7315,E1,N,N
09/25/2017,5:00,10209.5,1234.54,2077.52,808.011,10766.7002,5508.6699,2915.6899,1072.08,34592.711,E2,N,N
09/25/2017,5:00,10473.5996,1322.78,2116.75,833.459,10562.4004,5460.52,2886.3999,1049.09,34704.9989,E3,Y,N
09/25/2017,6:00,10250.1943,1345.9231,2295.3293,851.9492,11419.918,5804.0142,2969.2246,1083.3197,36019.8724,A3,N,N
09/25/2017,6:00,10555.5342,1358.4608,2243.6331,837.204,11560.4004,5834.0957,2940.8474,1106.886,36437.0616,A6,N,N
09/25/2017,6:00,10804.5,1337.1899,2155.75,886.089,11218.5,5734.23,3043.6699,1077.9301,36257.8589,E,N,N
09/25/2017,6:00,11022.2998,1346.4301,2186.53,865.348,11451.2002,5825.4199,2996.03,996.582,36689.84,E1,N,N
09/25/2017,6:00,10735.5996,1306.01,2099.25,836.218,11293.5996,5796.52,3026.3501,1103.23,36196.7773,E2,N,N
09/25/2017,6:00,10973.2002,1397.71,2147.25,874.631,11075.7002,5803.2798,3007.0701,1075.08,36353.9213,E3,Y,N
09/25/2017,7:00,10750.0967,1479.5797,2351.4712,919.0842,12564.1846,6264.7056,3193.8174,1152.7098,38675.6492,A3,N,N
09/25/2017,7:00,11168.0615,1493.62,2306.915,942.1159,12597.7344,6437.5786,3232.7803,1186.3003,39365.106,A6,N,N
09/25/2017,7:00,11492.7998,1506.62,2222.5,965.102,12526.7002,6344.4702,3337.8101,1163.02,39559.0223,E,N,N
09/25/2017,7:00,11697.4004,1506.4399,2224.5801,909.738,12687.0996,6444.4702,3344.8101,1175.35,39989.8883,E1,N,N
09/25/2017,7:00,11561.2002,1479.41,2159.25,938.302,12407.2998,6427.1001,3308.6799,1181.98,39463.222,E2,N,N
09/25/2017,7:00,11705,1568.24,2216.6699,961.606,12254.5,6397.0698,3309.3401,1161.74,39574.1658,E3,Y,N
09/25/2017,8:00,11122.959,1499.9396,2384.3054,932.8726,12710.2783,6500.2964,3224.7253,1187.1461,39562.5227,A3,N,N
09/25/2017,8:00,11278.3164,1499.8083,2339.3357,956.2663,12734.6348,6512.645,3268.3594,1211.4655,39800.8314,A6,N,N
09/25/2017,8:00,11703.2998,1544.52,2268.1899,989.805,12925.5,6563.7402,3390.04,1203.6,40588.6949,E,N,N
09/25/2017,8:00,12024.2998,1499.92,2394.6799,925.976,12521.7998,6662.7202,3398.8799,1136.78,40565.0556,E1,N,N
09/25/2017,8:00,11620.2002,1502.71,2197.75,941.052,12863.9004,6622.9902,3368.03,1224.6,40341.2328,E2,N,N
09/25/2017,8:00,11872.7002,1612.72,2271.8101,995.622,12732,6602.7798,3371.71,1204.99,40664.3321,E3,Y,N
09/25/2017,9:00,11530.3398,1545.2889,2385.0557,984.943,13119.2939,6557.7886,3345.5334,1196.4063,40664.6496,A3,N,N
09/25/2017,9:00,11645.4023,1577.0685,2354.7666,977.3621,13079.5527,6578.7847,3335.2273,1238.952,40787.1162,A6,N,N
09/25/2017,9:00,12190.4004,1579.14,2246.04,1016.66,13115.5996,6656.7798,3455.74,1204.58,41464.9398,E,N,N
09/25/2017,9:00,12366.2998,1546.04,2320.74,979.172,13213.2002,6732.8101,3409.5801,1144.33,41712.1722,E1,N,N
09/25/2017,9:00,12106.2998,1535.87,2184.48,970.815,13181.5,6753.2202,3460.6299,1182.48,41375.2949,E2,N,N
09/25/2017,9:00,12221.7998,1658.22,2255.8101,1033.22,13027.2002,6677.98,3448.3,1206.03,41528.5601,E3,Y,N
09/25/2017,10:00,12172.418,1616.8241,2441.9961,1065.2767,13788.4785,6827.3623,3578.186,1191.5446,42682.0863,A3,N,N
09/25/2017,10:00,12478.6299,1651.2106,2446.1865,1046.1702,13793.6709,6760.0376,3553.3384,1232.0531,42961.2972,A6,N,N
09/25/2017,10:00,12890.9004,1674.45,2274.8799,1095.27,13836.5,6987.98,3734.5801,1194.65,43689.2104,E,N,N
09/25/2017,10:00,13112.5,1669.3,2394.74,1041.8101,13686.2002,6943.5601,3704.8301,1123.76,43676.7005,E1,N,N
09/25/2017,10:00,12827.0996,1636.0601,2212.78,1025.14,13981.2998,7051.4102,3700.25,1228.9301,43662.9698,E2,N,N
09/25/2017,10:00,13052.7998,1756.01,2297.05,1116.42,13861,7012.0601,3734.28,1194.1,44023.7199,E3,Y,N
09/25/2017,11:00,12948.3379,1730.9767,2512.3372,1146.4924,14627.4023,7173.5073,3824.6594,1199.231,45162.9442,A3,N,N
09/25/2017,11:00,13306.627,1810.6587,2524.2625,1128.6836,14668.3672,7099.7837,3781.2271,1246.0555,45565.6653,A6,N,N
09/25/2017,11:00,13693.5,1802.01,2322.3999,1161.5601,14766.7998,7470.52,4046.1201,1199.85,46462.7599,E,N,N
09/25/2017,11:00,14117.7998,1869.9301,2409.96,1170.97,14418.9004,7316.25,3975.6201,1130.33,46409.7604,E1,N,N
09/25/2017,11:00,13541.5996,1767.21,2257.71,1074.86,15052.5,7462.2598,3977.96,1287.98,46422.0794,E2,N,N
09/25/2017,11:00,13997.0996,1890.9399,2348.79,1192.24,14958.5996,7490.6401,4070.26,1201.36,47149.9292,E3,Y,N
09/25/2017,12:00,13767.0049,1889.4747,2582.3623,1194.7566,15564.3535,7653.375,4071.9526,1259.9323,47983.2119,A3,N,N
09/25/2017,12:00,14040.874,1957.7103,2572.1008,1173.8263,15618.6006,7624.4365,4008.0701,1314.3788,48309.9974,A6,N,N
09/25/2017,12:00,14693.5996,1917.48,2378.49,1219.5601,15857,7935.77,4346.6699,1244.61,49593.1796,E,N,N
09/25/2017,12:00,15012.2998,1975.15,2444.5601,1266.63,15553.2002,7767.1299,4235.48,1232.89,49487.34,E1,N,N
09/25/2017,12:00,14440.0996,1851.88,2317.95,1139.9301,16238.5,7974.7798,4291,1302.76,49556.8995,E2,N,N
09/25/2017,12:00,14841.5,2013.09,2408.3401,1258.34,16095.7998,7946.1401,4399.3599,1244.14,50206.7099,E3,Y,N
09/25/2017,13:00,14557.8662,2019.4254,2621.4983,1278.4712,16787.502,8142.4536,4362.418,1294.2814,51063.9161,A3,N,N
09/25/2017,13:00,14782.6494,2091.7056,2611.6917,1239.0035,16702.0625,8058.3164,4303.1406,1340.8308,51129.4005,A6,N,N
09/25/2017,13:00,15307.2998,2032.09,2415.9399,1274.78,17034.9004,8442.0303,4623.0601,1294.16,52424.2605,E,N,N
09/25/2017,13:00,15221.7998,2081.03,2509.8401,1317.46,16803,8353.0195,4509.29,1288.16,52083.5994,E1,N,N
09/25/2017,13:00,15393,2025.65,2367.9099,1180.03,17322.5996,8516.5,4581.21,1365.6,52752.4995,E2,N,N
09/25/2017,13:00,15478.2002,2131.3899,2452.48,1312.58,17157.8008,8434.79,4722.04,1290.01,52979.2909,E3,Y,N
09/25/2017,14:00,15203.9854,2167.2019,2677.3381,1378.8314,17941.6934,8553.6016,4543.1924,1343.0723,53808.9165,A3,N,N
09/25/2017,14:00,15233.0459,2217.1206,2666.6602,1346.2924,17665.5762,8510.3906,4551.4023,1416.4507,53606.9389,A6,N,N
09/25/2017,14:00,16033.4004,2122.5701,2468.21,1325.0601,18151.3008,8928.3398,4847.0098,1336.41,55212.301,E,N,N
09/25/2017,14:00,15200.9004,2231.8799,2682.6201,1389.63,17914.3008,8803.0195,4688.9302,1343.47,54254.7509,E1,N,N
09/25/2017,14:00,16187.2002,2084.48,2414.0901,1252.14,18467.5,8938.7197,4848.25,1415.55,55607.93,E2,N,N
09/25/2017,14:00,15832.2002,2229.3701,2508.5601,1365.16,18208.9004,8906.1904,4980.0698,1328.76,55359.211,E3,Y,N
09/25/2017,15:00,15401.417,2263.5278,2715.8291,1374.0757,18512.832,8967.2129,4789.9683,1446.9888,55471.8516,A3,N,N
09/25/2017,15:00,15417.248,2305.4834,2697.1257,1380.4866,18187.2031,8977.8447,4775.0322,1505.2148,55245.6385,A6,N,N
09/25/2017,15:00,16119,2182.8501,2502.53,1364.05,18914,9310.9297,4999.4102,1414.9301,56807.7001,E,N,N
09/25/2017,15:00,15023.2002,2328.01,2818.4299,1400.55,18915,9217.2803,4863.6001,1398.86,55964.9305,E1,N,N
09/25/2017,15:00,16599.0996,2150.28,2430.4399,1245.1,19069,9362.8799,4998.5498,1475.9,57331.2492,E2,N,N
09/25/2017,15:00,16044.2002,2289.5901,2547.8899,1401.02,19037.9004,9281.0098,5149.9302,1412.97,57164.5106,E3,Y,N
09/25/2017,16:00,15548.6094,2267.1448,2717.6907,1388.1034,19257.0488,9253.7129,4770.6431,1475.55,56678.5031,A3,N,N
09/25/2017,16:00,15603.6006,2415.7185,2691.3494,1395.9141,18733.4766,9331.5391,4803.7632,1541.373,56516.7345,A6,N,N
09/25/2017,16:00,16219.5,2205.01,2492.25,1389.36,19266.4004,9584.9404,5067.2598,1445.91,57670.6306,E,N,N
09/25/2017,16:00,14866.4004,2670.99,2699,1440.95,19573.3008,9653.6904,4913.3799,1474.33,57292.0415,E1,N,N
09/25/2017,16:00,16926.5,2149.96,2417.79,1280.85,19616.9004,9666.2598,5049.4502,1517.1899,58624.9003,E2,N,N
09/25/2017,16:00,16098.7998,2303.3,2530.25,1422.5601,19500.0996,9559.1504,5205.1201,1443.97,58063.25,E3,Y,N
09/25/2017,17:00,15642.9707,2266.3555,2722.3765,1389.0254,19258.6328,9427.0107,4793.0605,1476.286,56975.7181,A3,N,N
09/25/2017,17:00,16082.5449,2362.0764,2679.5776,1399.3618,18819.5605,9564.3203,4834.3076,1545.4799,57287.229,A6,N,N
09/25/2017,17:00,16238.2998,2208.28,2493.3301,1386.1801,19449.9004,9778.9902,5082.1499,1457.83,58094.9605,E,N,N
09/25/2017,17:00,14661,2373.9299,2753.8401,1401.41,19822.9004,9918.4902,4969.1099,1477.42,57378.1005,E1,N,N
09/25/2017,17:00,16871.9004,2184.9399,2423.3899,1289.14,19691.1992,9814.4102,5077.1699,1504.0601,58856.2096,E2,N,N
09/25/2017,17:00,16106.9004,2304.6599,2528.4299,1418.89,19800.6992,9781.5596,5215.2798,1458.39,58614.8088,E3,Y,N
09/25/2017,18:00,15423.7461,2214.6943,2715.4353,1370.3116,18730.9199,9287.0039,4768.6274,1461.5271,55972.2656,A3,N,N
09/25/2017,18:00,15796.9727,2308.0325,2665.3164,1378.3488,18399.5762,9253.667,4819.6626,1504.6443,56126.2205,A6,N,N
09/25/2017,18:00,15886,2166.8,2460.8701,1347.75,19201.4004,9852.2305,4966.2798,1448.0601,57329.3909,E,N,N
09/25/2017,18:00,15007,2222.49,2706.3601,1353.09,19026.5996,9632.2598,4917.1602,1475.87,56340.8297,E1,N,N
09/25/2017,18:00,16439.1992,2174.03,2425.27,1280.22,19389.1992,9830.1201,4948.1802,1504.3,57990.5187,E2,N,N
09/25/2017,18:00,15879.4004,2264.4099,2498.77,1379.8101,19650.1992,9889.1201,5094.7202,1446.15,58102.5799,E3,Y,N
09/25/2017,19:00,14747.1533,2166.7363,2670.6064,1257.4437,18180.9688,9119.7959,4531.373,1448.3354,54122.4128,A3,N,N
09/25/2017,19:00,15081.2617,2187.5239,2613.4788,1253.0715,17911.6602,9070.168,4619.5054,1498.2457,54234.9152,A6,N,N
09/25/2017,19:00,15352,2108.6101,2439.23,1286.85,18548.6992,9657.6299,4774.8501,1446.42,55614.2893,E,N,N
09/25/2017,19:00,14914.2002,2176.3899,2473.4199,1267.99,18416.4004,9422.1201,4581.1899,1427.79,54679.5004,E1,N,N
09/25/2017,19:00,15750.5,2050.03,2359.5801,1183.8199,18544.5,9588.3896,4723.0801,1479.8,55679.6997,E2,N,N
09/25/2017,19:00,15312.5,2206.6101,2473.6399,1317.4301,18913.6992,9688.3203,4894.9399,1447.2,56254.3395,E3,Y,N
09/25/2017,20:00,14533.1631,2127.5298,2605.8005,1197.462,17626.4453,8950.9648,4447.9336,1408.1481,52897.4472,A3,N,N
09/25/2017,20:00,14884.2207,2131.9556,2534.9038,1197.1957,17440.0742,9126.2646,4517.6187,1467.0632,53299.2965,A6,N,N
09/25/2017,20:00,15310.5996,2050,2409.1499,1235.84,17655.3008,9340.2002,4631.4199,1417.35,54049.8604,E,N,N
09/25/2017,20:00,14726.5,2118.3201,2473.0801,1177.26,18003.5996,9046.0996,4525.5098,1382.86,53453.2292,E1,N,N
09/25/2017,20:00,15441.2998,2010.91,2353.6201,1155.35,17911,9300.0703,4586.7402,1472.29,54231.2804,E2,N,N
09/25/2017,20:00,15064,2142.26,2443.98,1270.6899,18185.8008,9370.7402,4723.3501,1411.84,54612.661,E3,Y,N
09/25/2017,21:00,14538.0498,2123.3572,2588.4707,1190.7975,17207.8633,8975.373,4472.6016,1416.4387,52512.9518,A3,N,N
09/25/2017,21:00,14943.5703,2093.8877,2531.3225,1175.1588,17166.7441,9181.6367,4511.8711,1480.6609,53084.8521,A6,N,N
09/25/2017,21:00,14850.2002,2003.02,2428.2,1203.9,17482.0996,9119.6699,4599,1427.98,53114.0697,E,N,N
09/25/2017,21:00,14234,2136.21,2594.0701,1194.83,17714.9004,9124.54,4635.9199,1411.84,53046.3104,E1,N,N
09/25/2017,21:00,15013.4004,1997.61,2333.1201,1150.91,17617.5,9209.6904,4545.9302,1459.66,53327.8211,E2,N,N
09/25/2017,21:00,14842.7998,2083.77,2446.3401,1242,17733.1992,9121.6504,4680.46,1423.83,53574.0495,E3,Y,N
09/25/2017,22:00,13939.04,1978.4779,2530.5811,1129.3695,16231.8916,8480.248,4241.9165,1365.0728,49896.5974,A3,N,N
09/25/2017,22:00,14318.8916,1935.0276,2481.8345,1099.8545,16229.3652,8621.8262,4259.7163,1409.8595,50356.3754,A6,N,N
09/25/2017,22:00,14176.0996,1885.8199,2383.45,1135.38,16581.9004,8566.5195,4370.25,1373.16,50472.5794,E,N,N
09/25/2017,22:00,13672.7998,1923.48,2302.77,1095.92,16790.4004,8575.2197,4368.8901,1342.97,50072.45,E1,N,N
09/25/2017,22:00,14247.7998,1861.6899,2307.79,1110.54,16607.3008,8598.1299,4278.0098,1411.09,50422.3502,E2,N,N
09/25/2017,22:00,14206.4004,1961.1,2388.9099,1165.73,16661.3008,8558.4102,4429.1602,1367.85,50738.8615,E3,Y,N
09/25/2017,23:00,13018.1387,1776.4963,2453.8975,1044.8544,14580.0957,7740.3828,3917.4133,1278.1296,45809.4083,A3,N,N
09/25/2017,23:00,13362.9463,1714.8557,2409.6934,1015.6942,14730.5947,7880.8184,3938.9087,1302.3156,46355.827,A6,N,N
09/25/2017,23:00,13243.2002,1727.52,2301.48,1067.3101,15044.7998,7809.6401,4058.78,1284.96,46537.6902,E,N,N
09/25/2017,23:00,12821.0996,1702.48,2371.3501,1069.16,14860.7998,7856.6401,3999.5601,1264.21,45945.2997,E1,N,N
09/25/2017,23:00,13252,1701.74,2212.4399,966.201,15116,7791.7598,4003.6101,1314.23,46357.9808,E2,N,N
09/25/2017,23:00,13256,1795.84,2303.7,1085.15,15196.9004,7802.5498,4081.73,1285.01,46806.8802,E3,Y,N
09/25/2017,24:00,11997.7578,1603.1869,2385.1748,974.7042,13352.9238,7030.0703,3617.103,1200.9517,42161.8725,A3,N,N
09/25/2017,24:00,12364.8477,1551.5033,2335.3462,955.5019,13509.5449,7155.5908,3641.6611,1203.6165,42717.6124,A6,N,N
09/25/2017,24:00,12291.7002,1569.16,2234.28,998.05,13645.0996,7020.3101,3732.0701,1197.55,42688.22,E,N,N
09/25/2017,24:00,12097.2998,1547.08,2308.22,984.615,13400.5996,6928.9399,3669.78,1162.96,42099.4943,E1,N,N
09/25/2017,24:00,12258.4004,1549.76,2144.3301,938.422,13705.7998,7041.21,3669.25,1235.89,42543.0623,E2,N,N
09/25/2017,24:00,12345.9004,1637.38,2229.3201,1003.4,13762.9004,7047.6201,3733.1101,1189.9399,42949.571,E3,Y,N
09/26/2017,1:00,11229.3545,1499.0707,2321.5369,914.4844,12312.3867,6497.6025,3346.8167,1128.8232,39250.0756,A3,N,N
09/26/2017,1:00,11463.0527,1504.463,2271.2292,898.4913,12416.5059,6581.6968,3258.7537,1115.5925,39509.7851,A6,N,N
09/26/2017,1:00,11424.4004,1448.51,2167.3899,951.45,12612.2998,6386.7998,3438.76,1121.77,39551.3799,E,N,N
09/26/2017,1:00,11517.5,1495.1801,2275.5,913.076,12273.7002,6469.6099,3439.3799,1135.6,39519.5461,E1,N,N
09/26/2017,1:00,11487.7002,1437.1899,2091.8301,897.188,12610.7002,6445.1299,3412.8101,1170.2,39552.7484,E2,N,N
09/26/2017,1:00,11556.0996,1518.8101,2169.4399,947.396,12549.5996,6443.5498,3435.24,1109.98,39730.115,E3,Y,N
09/26/2017,2:00,10792.0713,1410.1189,2291.209,887.8601,11599.915,6124.4077,3179.3745,1097.3514,37382.3079,A3,N,N
09/26/2017,2:00,11021.249,1414.2594,2243.8176,876.8679,11731.127,6184.6797,3102.1287,1103.443,37677.5723,A6,N,N
09/26/2017,2:00,10871.5,1353.78,2126.73,918.99,11825.2002,5968.1001,3247.9399,1079.49,37391.7302,E,N,N
09/26/2017,2:00,10999.5,1407.98,2358.1101,816.882,11736.5996,5964.1001,3227.28,1113.21,37623.6618,E1,N,N
09/26/2017,2:00,10900.0996,1356.74,2055.3899,853.751,11792.5996,5994.1401,3230.01,1133.24,37315.9702,E2,N,N
09/26/2017,2:00,11066,1419.72,2123.4399,905.442,11738.9004,6026.8799,3242.1599,1070.87,37593.4121,E3,Y,N
09/26/2017,3:00,10444.3115,1375.589,2269.0364,861.9557,11193.6621,5903.2192,3054.8708,1074.9825,36177.6272,A3,N,N
09/26/2017,3:00,10631.1309,1385.329,2223.6736,854.1538,11306.8818,5957.3652,2980.5291,1104.5659,36443.6293,A6,N,N
09/26/2017,3:00,10508.9004,1293.21,2105.4199,888.942,11330,5675.8799,3119.6599,1041.03,35963.0421,E,N,N
09/26/2017,3:00,10661.7002,1372.37,2230.21,810.738,10831.9004,5768.04,3051.8899,1066.12,35792.9685,E1,N,N
09/26/2017,3:00,10497.0996,1288.92,2046.29,833.595,11308.7002,5618.9399,3079.45,1042.3199,35715.3146,E2,N,N
09/26/2017,3:00,10725,1358,2102.75,877.014,11181.7002,5736.52,3104.8601,1033.6,36119.4443,E3,Y,N
09/26/2017,4:00,10254.1729,1332.9662,2260.187,844.0492,10952.7578,5751.3813,2995.7034,1063.2576,35454.4754,A3,N,N
09/26/2017,4:00,10522.5918,1346.9248,2217.1938,840.942,11088.9434,5771.2339,2942.0498,1094.2562,35824.1357,A6,N,N
09/26/2017,4:00,10351.0996,1259.84,2095.3101,868.234,10982.4004,5536.0098,3039.4299,1023.44,35155.7638,E,N,N
09/26/2017,4:00,10475.4004,1317.8,2173.9399,817.969,10708.7002,5555.6499,3023.3501,1085.66,35158.4695,E1,N,N
09/26/2017,4:00,10327.2998,1264.16,2032.23,786.043,10991.2998,5663.6099,3000.5601,1035.53,35100.7326,E2,N,N
09/26/2017,4:00,10580.7002,1325.45,2087.6001,859.037,10883.7998,5592.1499,3020.1499,1017.06,35365.9469,E3,Y,N
09/26/2017,5:00,10235.5459,1317.1591,2255.9863,842.8018,10865.5205,5728.3037,2940.1575,1058.9354,35244.4102,A3,N,N
09/26/2017,5:00,10475.1514,1339.1144,2215.6213,845.5662,10981.2988,5775.144,2902.9495,1089.5729,35624.4185,A6,N,N
09/26/2017,5:00,10425,1271.87,2089.5701,869.921,10998.9004,5554.7998,3016.24,1029.3101,35255.6114,E,N,N
09/26/2017,5:00,10517.7002,1294.95,2168.96,752.743,10733.2002,5540.6602,2960.1001,950.364,34918.6777,E1,N,N
09/26/2017,5:00,10420.7998,1257.14,2020.4399,807.568,11003,5623.8501,2970,1005.68,35108.4778,E2,N,N
09/26/2017,5:00,10668.2002,1332.42,2085.97,868.287,10844.5996,5602.6802,2996.6001,1023.51,35422.2671,E3,Y,N
09/26/2017,6:00,10588.7461,1355.9381,2279.9111,849.188,11267.7285,5956.8101,3019.6233,1078.2897,36396.2349,A3,N,N
09/26/2017,6:00,10848.4678,1381.9183,2247.5232,848.7695,11377.6748,6002.6704,3004.9314,1111.8496,36823.805,A6,N,N
09/26/2017,6:00,10958.9004,1340.12,2111.22,904.3,11616.0996,5876.0801,3120.8899,1062.73,36990.34,E,N,N
09/26/2017,6:00,11044,1342.26,2159.8201,841.615,11138.7998,5885.5,3021.4299,1042.6,36476.0248,E1,N,N
09/26/2017,6:00,10957.5,1332.54,2023.59,824.753,11485.5996,5885.52,3087.1799,1039.8101,36636.4926,E2,N,N
09/26/2017,6:00,11172.0996,1402.61,2117.4199,901.519,11353.5,5915.8999,3103.8501,1053.46,37020.3585,E3,Y,N
09/26/2017,7:00,11126.8535,1493.4386,2332.5676,907.4934,12229.7383,6395.0566,3268.5642,1144.6036,38898.3158,A3,N,N
09/26/2017,7:00,11433.1152,1510.1176,2312.0081,910.8995,12313.7988,6459.6768,3280.9519,1186.8682,39407.4361,A6,N,N
09/26/2017,7:00,11744.7998,1502.59,2181.7,994.101,12782,6504.71,3429.3101,1154.35,40293.5609,E,N,N
09/26/2017,7:00,11732.5,1518.38,2184.6299,878.114,12336.7002,6437.6001,3394.1201,1169.97,39652.0143,E1,N,N
09/26/2017,7:00,11800.5,1499.99,2085.49,933.567,12746,6457.23,3364.0901,1130.95,40017.8171,E2,N,N
09/26/2017,7:00,11937.2998,1569.54,2190.22,1000.41,12530.7002,6519.0498,3418.1001,1147.09,40312.4099,E3,Y,N
09/26/2017,8:00,11404.3887,1518.2537,2359.3367,919.424,12476.665,6622.1064,3293.8586,1166.5242,39760.5573,A3,N,N
09/26/2017,8:00,11703.2627,1527.7827,2345.583,930.0097,12540.8955,6697.0762,3311.7537,1210.1576,40266.5211,A6,N,N
09/26/2017,8:00,11856.0996,1533.59,2223.4199,1008.39,13202.5,6722.1299,3479.3201,1192.63,41218.0795,E,N,N
09/26/2017,8:00,12113.2002,1526.35,2237.0701,908.996,12360.5996,6806.6899,3430.9199,1217.04,40600.8657,E1,N,N
09/26/2017,8:00,11848.4004,1508.78,2142.0901,953.392,13024.5,6727.0698,3424.76,1177.3199,40806.3122,E2,N,N
09/26/2017,8:00,12099.7998,1606.64,2233.1699,1021.2,12929.9004,6724.3901,3472.03,1188.09,41275.2202,E3,Y,N
09/26/2017,9:00,11951.9424,1585.2617,2360.552,959.2346,12948.3242,6751.3291,3418.2085,1181.1152,41155.9677,A3,N,N
09/26/2017,9:00,12156.4473,1598.2695,2354.3728,954.4944,12958.1143,6799.0142,3413.925,1226.8613,41461.4988,A6,N,N
09/26/2017,9:00,12346.2998,1563.28,2186.5,1013.88,13197.9004,6768.2798,3512.73,1192.17,41781.04,E,N,N
09/26/2017,9:00,12393,1592,2225.73,961.235,12884.5,6890.1099,3430.74,1179.5601,41556.875,E1,N,N
09/26/2017,9:00,12355.7998,1570,2122.47,927.698,13237.9004,6819.3101,3502.3101,1171.59,41707.0784,E2,N,N
09/26/2017,9:00,12381.9004,1646.5699,2202.97,1036.89,13048.7002,6772.8501,3518.1201,1180.1899,41788.1906,E3,Y,N
09/26/2017,10:00,12717.1318,1684.5309,2405.5574,1041.5208,13707.3213,7032.2256,3666.7261,1175.4181,43430.432,A3,N,N
09/26/2017,10:00,13032.3359,1691.2839,2409.4895,1024.1023,13712.3984,7009.2197,3630.7961,1220.8983,43730.5241,A6,N,N
09/26/2017,10:00,13109.9004,1648.39,2197.3799,1064.77,13740.7998,7052.1099,3754.55,1189.03,43756.93,E,N,N
09/26/2017,10:00,13226.7002,1711.51,2307.03,1021.58,13368.5996,7054.46,3736.1499,1147.76,43573.7897,E1,N,N
09/26/2017,10:00,13142.7002,1632.14,2125.6299,1025.83,13838.5,7050.8198,3737.4199,1185.4301,43738.4699,E2,N,N
09/26/2017,10:00,13152.0996,1738.03,2224.22,1101.65,13694.4004,7066.21,3772.5701,1172.33,43921.5101,E3,Y,N
09/26/2017,11:00,13609.5205,1821.8728,2459.2659,1123.1039,14449.3887,7400.228,3922.8745,1185.3817,45971.636,A3,N,N
09/26/2017,11:00,13997.6875,1859.2555,2474.5596,1104.3431,14584.9697,7367.9922,3858.1526,1230.5654,46477.5256,A6,N,N
09/26/2017,11:00,13960.7998,1776.15,2231.52,1113.63,14667.9004,7489.1802,4038.21,1194.47,46471.8604,E,N,N
09/26/2017,11:00,14181.2002,1902.02,2275.8899,1147.5601,13988,7398.7202,3975.4399,1117.35,45986.1803,E1,N,N
09/26/2017,11:00,13955.7002,1766.77,2180.52,1022.77,14902.7998,7490.1299,4008.3201,1208.08,46535.09,E2,N,N
09/26/2017,11:00,14032,1878.23,2263.3101,1160.47,14599.5,7504.8999,4080.51,1179.39,46698.31,E3,Y,N
09/26/2017,12:00,14333.7598,1971.3612,2504.4297,1157.7714,15145.9355,7871.2749,4174.8379,1241.7992,48401.1696,A3,N,N
09/26/2017,12:00,14698.834,1988.0535,2502.623,1138.9462,15379.9648,7905.2085,4118.3745,1298.3164,49030.3209,A6,N,N
09/26/2017,12:00,14831.5996,1887.83,2272.1599,1153.0699,15497.7002,7931.5098,4304.96,1235.63,49114.4594,E,N,N
09/26/2017,12:00,15054.2998,2017.26,2313.3,1226.6,14927.9004,7887.7598,4218.4102,1220.13,48865.6602,E1,N,N
09/26/2017,12:00,14761.7998,1857.45,2197.9399,1089.0601,15762.0996,7943.0698,4295.4702,1237.83,49144.7194,E2,N,N
09/26/2017,12:00,14800.2998,1998.05,2316.76,1208.73,15538.7998,7951.1099,4375.0801,1219.39,49408.2196,E3,Y,N
09/26/2017,13:00,14949.3408,2082.3018,2522.4214,1213.0715,16029.3574,8376.0654,4424.4644,1263.2974,50860.3201,A3,N,N
09/26/2017,13:00,15310.8193,2097.1223,2523.0535,1183.017,16247.2861,8362.4922,4376.1494,1327.3071,51427.2469,A6,N,N
09/26/2017,13:00,15328.5,1999.84,2299.3,1188.29,16440.4004,8412.5195,4555.71,1259.5699,51484.1298,E,N,N
09/26/2017,13:00,15340,2094.05,2348.8899,1261.96,15951.7002,8448.54,4456.1299,1266.42,51167.69,E1,N,N
09/26/2017,13:00,15557.2002,1986.6899,2217.54,1097.3,16710.1992,8427.4697,4562.2598,1261.08,51819.7388,E2,N,N
09/26/2017,13:00,15354.7998,2116.53,2351,1245.78,16544.4004,8441.7402,4670.0801,1248.39,51972.7205,E3,Y,N
09/26/2017,14:00,15531.3369,2208.9851,2563.2776,1289.2233,16904.7305,8755.3916,4576.5366,1297.1554,53126.637,A3,N,N
09/26/2017,14:00,15725.1318,2220.7473,2561.4827,1265.4303,17053.6953,8706.6943,4591.3311,1357.2332,53481.746,A6,N,N
09/26/2017,14:00,16019,2087.6299,2337.0701,1232.53,17387.8008,8875.3096,4766.3101,1288.86,53994.5105,E,N,N
09/26/2017,14:00,15378.4004,2271.3799,2534.05,1286.64,16883.3008,8820.6299,4648.2202,1281.8101,53104.4313,E1,N,N
09/26/2017,14:00,16294,2061.0901,2250.8201,1156.12,17617.0996,8867.8896,4798.8701,1290.9399,54336.8294,E2,N,N
09/26/2017,14:00,15698.7998,2213.27,2390.4299,1293.8,17475.3008,8901.8096,4914.4199,1273.73,54161.56,E3,Y,N
09/26/2017,15:00,15804.8174,2295.9836,2601.6963,1270.9617,17573.8379,9044.7578,4766.0454,1375.2566,54733.3567,A3,N,N
09/26/2017,15:00,16059.5352,2311.0811,2584.7024,1288.2626,17623.5293,8986.3359,4769.4634,1427.0214,55049.9313,A6,N,N
09/26/2017,15:00,16081.2002,2146.1101,2364.3401,1257.77,17973.5,9212.7002,4908.8701,1321.78,55266.2707,E,N,N
09/26/2017,15:00,15053,2326.5701,2624.1299,1287.58,17992.0996,9129.3301,4822.3799,1346.3,54581.3896,E1,N,N
09/26/2017,15:00,16619.1992,2128.29,2276.1001,1196.84,18551.3008,9190.0596,4938,1349.78,56249.5697,E2,N,N
09/26/2017,15:00,15923.7002,2272.5601,2414.79,1327.55,18209.4004,9255.2002,5069.1201,1319.37,55791.691,E3,Y,N
09/26/2017,16:00,15934.4219,2304.4753,2605.9084,1286.2106,18240.1855,9281.4199,4811.0615,1378.2997,55841.9828,A3,N,N
09/26/2017,16:00,16481.5508,2427.7607,2576.7283,1309.3402,18182.3828,9407.0723,4872.3457,1443.8848,56701.0656,A6,N,N
09/26/2017,16:00,16129.5996,2166.4299,2351.77,1274.72,18206.3008,9437.9805,4973.8999,1347.48,55888.1807,E,N,N
09/26/2017,16:00,14887.7002,2651.6699,2525.48,1345.4301,18486.9004,9538.9697,4859.23,1391.42,55686.8003,E1,N,N
09/26/2017,16:00,16925.3008,2123.4099,2251.72,1215.99,18495.5,9483.6504,4996.98,1326.6,56819.1511,E2,N,N
09/26/2017,16:00,15997.5996,2286.3401,2390.3201,1350.6801,18636.9004,9501.7002,5130.0298,1349.9301,56643.5004,E3,Y,N
09/26/2017,17:00,15700.0625,2263.6255,2626.8796,1276.7026,18283.7617,9529.8154,4833.6353,1375.698,55890.1806,A3,N,N
09/26/2017,17:00,16104.4404,2360.2788,2573.5598,1308.5016,18232.5742,9655.2803,4872.8989,1449.8257,56557.3597,A6,N,N
09/26/2017,17:00,16127,2170.9299,2350.22,1274.64,18413.5996,9563.5,4993.77,1363.67,56257.3295,E,N,N
09/26/2017,17:00,14561,2344.8301,2633.3401,1340.85,18800.5,9883.8799,4892.1401,1414.29,55870.8302,E1,N,N
09/26/2017,17:00,16777.0996,2146.49,2303.7,1189.0601,19178.9004,9565.3604,5024.4399,1383.3101,57568.3605,E2,N,N
09/26/2017,17:00,16044.7998,2288.9299,2390.03,1350.17,18903.9004,9658.1699,5143.96,1371.91,57151.87,E3,Y,N
09/26/2017,18:00,15508.0527,2225.7603,2594.3145,1260.1578,17684.0273,9359.2207,4771.5786,1341.65,54744.7619,A3,N,N
09/26/2017,18:00,15955.1758,2304.6516,2530.2627,1289.4658,17784.2617,9320.5576,4829.1572,1397.131,55410.6634,A6,N,N
09/26/2017,18:00,15795.7998,2124.8,2317.1001,1236.0699,18007.9004,9574.6396,4882.3799,1343.73,55282.4197,E,N,N
09/26/2017,18:00,14997.2002,2242.71,2529.52,1231.0601,17929.4004,9615.29,4815.6001,1388.0699,54748.8507,E1,N,N
09/26/2017,18:00,16376.7998,2119.1499,2247.23,1177.66,18495.5996,9537.46,4891.5801,1340.4399,56185.9193,E2,N,N
09/26/2017,18:00,15818.7998,2243.0801,2362.9199,1316.92,18705.1992,9689.3496,5027.5601,1354.47,56518.2987,E3,Y,N
09/26/2017,19:00,14902.9824,2177.3948,2566.2622,1170.3922,17063.207,9131.2178,4522.8125,1312.3502,52846.6191,A3,N,N
09/26/2017,19:00,15363.5654,2199.6284,2494.843,1179.2688,17223.1055,9109.3428,4619.4268,1378.5673,53567.748,A6,N,N
09/26/2017,19:00,15384.9004,2067.6001,2311.5,1192.46,17643.8008,9335.2197,4697.6201,1337.91,53971.0111,E,N,N
09/26/2017,19:00,14895.7002,2208.8101,2402.1299,1181.6899,17454.4004,9400.9102,4541.2998,1366.77,53451.7105,E1,N,N
09/26/2017,19:00,15741.2998,2003.23,2225.05,1103.15,17568.1992,9330.4004,4680.0801,1344.6899,53996.0994,E2,N,N
09/26/2017,19:00,15266.2998,2183.23,2350.1599,1262.11,17902.3008,9435.0801,4828.0601,1350.71,54577.9507,E3,Y,N
09/26/2017,20:00,14728.7939,2136.6802,2511.5474,1123.9636,16362.8896,8884.0576,4450.4424,1277.8882,51476.2629,A3,N,N
09/26/2017,20:00,15176.5742,2144.7876,2430.5156,1125.6006,16663.1289,9076.9033,4526.5825,1345.6162,52489.7089,A6,N,N
09/26/2017,20:00,15242.2998,2006.0699,2289.1201,1165.76,16761.8008,9069.9902,4560.02,1317.8101,52412.8709,E,N,N
09/26/2017,20:00,14839.5,2151.21,2365.8401,1099.34,16985.5,9017.4199,4517.9302,1362.09,52338.8302,E1,N,N
09/26/2017,20:00,15449.4004,1961.5,2165.99,1090.6801,17179.9004,9051.6104,4556.0098,1334.23,52789.3211,E2,N,N
09/26/2017,20:00,15072,2117.49,2341.04,1231.58,17244.0996,9157.71,4668.29,1326.91,53159.1196,E3,Y,N
09/26/2017,21:00,14723.3057,2129.3633,2506.5,1123.6476,15966.8037,8873.7588,4478.4575,1297.5172,51099.3538,A3,N,N
09/26/2017,21:00,15086.1563,2092.6252,2435.6638,1102.5873,16384.3379,9083.292,4529.314,1361.4911,52075.4676,A6,N,N
09/26/2017,21:00,14901.4004,1966.25,2330.5901,1170.42,16757.4004,8899.8896,4539.3398,1334.2,51899.4903,E,N,N
09/26/2017,21:00,14394.0996,2150.8701,2504.45,1176.66,16803.5996,9039.79,4599.98,1403.48,52072.9293,E1,N,N
09/26/2017,21:00,15073.5996,1950.48,2249.3101,1117.1899,17127.0996,8948.3701,4533.6099,1354.84,52354.4992,E2,N,N
09/26/2017,21:00,14880,2058.27,2367.1001,1221.1899,16976.5996,8964.5801,4633.1001,1351.46,52452.2998,E3,Y,N
09/26/2017,22:00,14126.8809,1985.2354,2461.8105,1068.4178,15272.3955,8405.9307,4258.2017,1266.3752,48845.2477,A3,N,N
09/26/2017,22:00,14574.252,1947.3022,2396.2402,1038.8842,15614.5205,8528.1729,4291.8794,1298.5874,49689.8388,A6,N,N
09/26/2017,22:00,14311.7002,1852.72,2297.3101,1111.2,15882.5,8386.8799,4323.04,1293.2,49458.5502,E,N,N
09/26/2017,22:00,13672,1953.09,2270.4199,1017.22,16065.2002,8509.3096,4319.8301,1328.3101,49135.3799,E1,N,N
09/26/2017,22:00,14323.7998,1825.58,2204.51,1045.13,15925.9004,8398.1104,4277.2798,1282.96,49283.2704,E2,N,N
09/26/2017,22:00,14281.5,1933.35,2335.4299,1143.01,16006.5,8428.3896,4393.1899,1304.02,49825.3894,E3,Y,N
09/26/2017,23:00,13079.7764,1783.5319,2398.6575,986.997,13821.583,7720.3652,3913.1216,1201.7632,44905.7958,A3,N,N
09/26/2017,23:00,13468.9355,1724.4608,2336.2925,965.3323,14227.2686,7918.6909,3935.3044,1209.1624,45785.4474,A6,N,N
09/26/2017,23:00,13299.7002,1704.51,2231.55,1055.05,14488.5,7654.5698,4016.3201,1225.45,45675.6501,E,N,N
09/26/2017,23:00,12924.9004,1736.66,2338.8501,1036.53,14185.7998,7841.0298,3994.03,1247.1801,45304.9802,E1,N,N
09/26/2017,23:00,13287.0996,1663.92,2130.1101,910.884,14567.4004,7675.7998,3980.77,1202.92,45418.9039,E2,N,N
09/26/2017,23:00,13361.5,1776.15,2269.1101,1060.8,14479.0996,7685.2002,4062.25,1231.78,45925.8899,E3,Y,N
09/26/2017,24:00,12184.5352,1619.0256,2344.9568,924.5817,12719.3174,7027.5479,3630.0747,1137.0175,41587.0568,A3,N,N
09/26/2017,24:00,12563.3721,1552.2051,2275.957,911.3196,13042.5732,7160.4482,3636.5188,1162.4865,42304.8805,A6,N,N
09/26/2017,24:00,12403.7002,1559.98,2177.3101,984.773,13160.2002,6928.5498,3705.98,1161.59,42082.0833,E,N,N
09/26/2017,24:00,12175,1577.39,2274.3,947.294,12769.2002,6956.02,3673.2,1135.16,41507.5642,E1,N,N
09/26/2017,24:00,12351.5,1535.9301,2099.5701,902.53,13256.9004,6948.77,3670.02,1120.29,41885.5106,E2,N,N
09/26/2017,24:00,12485.5,1634.62,2201.3899,975.104,13053,6965.5,3736.23,1154.17,42205.5139,E3,Y,N
09/27/2017,1:00,11359.916,1517.3689,2288.4968,869.7734,11745.2383,6500.2798,3345.9089,1076.8176,38703.7997,A3,N,N
09/27/2017,1:00,11668.5264,1518.9719,2221.2273,858.7184,11972.377,6587.2734,3249.7805,1103.8879,39180.7628,A6,N,N
09/27/2017,1:00,11519,1447.05,2119.27,942.764,12110.0996,6309.1899,3411.6699,1122.55,38981.5934,E,N,N
09/27/2017,1:00,11568.2002,1513.3199,2249.1899,889.247,11709.5,6483.04,3420.8899,1065.63,38899.0169,E1,N,N
09/27/2017,1:00,11592.7998,1452.42,2051.8501,880.52,12161.7998,6368.7202,3415.5601,1069.91,38993.58,E2,N,N
09/27/2017,1:00,11683.0996,1526.89,2140.1899,912.956,11841.5,6357.4302,3442.25,1093.33,38997.6457,E3,Y,N
09/27/2017,2:00,10920.0635,1430.9125,2260.8562,846.0797,11074.3789,6193.145,3169.4622,1052.9558,36947.8538,A3,N,N
09/27/2017,2:00,11226.835,1429.146,2199.7007,839.6724,11322.8926,6266.3774,3072.7422,1082.4639,37439.8302,A6,N,N
09/27/2017,2:00,10955,1362.25,2081.21,917.651,11317.5996,5882.7598,3217.05,1098.72,36832.2404,E,N,N
09/27/2017,2:00,11060.5996,1415.09,2336.1599,804.659,11256.7002,5996.79,3152.25,1016.5,37038.7487,E1,N,N
09/27/2017,2:00,11033,1395.15,2008.77,841.464,11369.7998,5937.5898,3223.25,1045.76,36854.7836,E2,N,N
09/27/2017,2:00,11164.2998,1434.9,2096.0701,873.735,11123,5939.6299,3247.3401,1063.8101,36942.785,E3,Y,N
09/27/2017,3:00,10605.1777,1387.3539,2242.7244,825.017,10698.7813,5959.4683,3053.5315,1033.231,35805.2851,A3,N,N
09/27/2017,3:00,10833.2666,1391.504,2185.0596,820.2514,10919.2393,5987.3433,2977.9963,1070.5167,36185.1772,A6,N,N
09/27/2017,3:00,10567.9004,1302.55,2067.6799,888.05,10901.7002,5582.6499,3079.1899,1080.02,35469.7403,E,N,N
09/27/2017,3:00,10654.7998,1370.39,2211.6001,785.171,10392.0996,5765.1699,3010.49,976.596,35166.3164,E1,N,N
09/27/2017,3:00,10616,1352.72,1994.8199,811.109,10854.4004,5611.8101,3080.6001,978.312,35299.7715,E2,N,N
09/27/2017,3:00,10786.9004,1384.03,2083.3201,843.995,10626,5640.1499,3108.99,1035.46,35508.8454,E3,Y,N
09/27/2017,4:00,10448.5342,1352.8524,2235.9495,812.8561,10448.9258,5808.4224,2988.4241,1023.3568,35119.3213,A3,N,N
09/27/2017,4:00,10730.0156,1362.1212,2182.3955,811.0239,10688.1895,5855.2041,2935.604,1056.3353,35620.8891,A6,N,N
09/27/2017,4:00,10355.7002,1269.24,2057.0601,867.106,10595.7002,5439.6802,2995.96,1058.5601,34639.0068,E,N,N
09/27/2017,4:00,10443.9004,1321.26,2156.1299,823.522,10163.7998,5576.1401,2937.45,997.591,34419.7932,E1,N,N
09/27/2017,4:00,10472.2002,1317.25,1985.14,772.334,10520,5557.1499,2995.9399,971.686,34591.7,E2,N,N
09/27/2017,4:00,10621.0996,1352.8199,2070.46,827.415,10438.7002,5509.4702,3021.6299,1015.68,34857.2748,E3,Y,N
09/27/2017,5:00,10471.3701,1340.4601,2232.4006,814.581,10407.1289,5783.0088,2929.6333,1020.8581,34999.4409,A3,N,N
09/27/2017,5:00,10681.0596,1354.944,2183.1885,817.2549,10605.3965,5798.7358,2899.7773,1055.5487,35395.9053,A6,N,N
09/27/2017,5:00,10488.7998,1278.11,2056.51,868.058,10699.9004,5460.8301,2972.79,1061.04,34886.0383,E,N,N
09/27/2017,5:00,10532.5,1318.2,2155.8701,736.781,10268.2998,5557.1099,2875.1499,892.686,34336.5967,E1,N,N
09/27/2017,5:00,10518.0996,1306.0699,1985.17,794.26,10636.5,5519.29,2962,943.739,34665.1285,E2,N,N
09/27/2017,5:00,10693.9004,1356.63,2067.55,838.738,10510.2998,5530.8799,2995.1001,1016.75,35009.8482,E3,Y,N
09/27/2017,6:00,10775.4561,1381.49,2256.6062,825.0181,10880.6563,5982.6245,3020.4646,1046.2234,36168.5392,A3,N,N
09/27/2017,6:00,11058.4795,1399.455,2216.3186,823.9845,11047.7119,6021.1968,3013.4084,1083.1667,36663.7214,A6,N,N
09/27/2017,6:00,11017.7998,1340.85,2080.78,900.348,11335.7002,5784.79,3075.8201,1089.66,36625.7481,E,N,N
09/27/2017,6:00,11147.2998,1352.22,2149.8101,842.455,10732,5860.1499,2926.9299,959.776,35970.6407,E1,N,N
09/27/2017,6:00,11083.5,1353.1,2002.8101,848.501,11216.9004,5778.8701,3061.9199,987.756,36333.3575,E2,N,N
09/27/2017,6:00,11194.7998,1426.5699,2093.53,876.326,11098,5863.8999,3102.6899,1045.63,36701.4455,E3,Y,N
09/27/2017,7:00,11285.3926,1505.9735,2309.8691,884.5627,11875.4404,6411.0361,3264.6177,1115.4702,38652.3623,A3,N,N
09/27/2017,7:00,11648.9092,1529.0811,2281.3889,887.1404,12022.708,6475.3457,3274.1697,1163.8931,39282.6361,A6,N,N
09/27/2017,7:00,11818.7002,1503.05,2154.8999,989.683,12463.2998,6434.25,3379.8301,1187.55,39931.263,E,N,N
09/27/2017,7:00,11817.5996,1519.05,2180.21,869.723,12015.5996,6402.4302,3269.8501,1092.9399,39167.4024,E1,N,N
09/27/2017,7:00,11933.5996,1540.41,2060.3701,922.728,12425,6444.5,3341.74,1075.39,39743.7377,E2,N,N
09/27/2017,7:00,11964.5996,1601.5601,2173.6299,982.022,12276.5996,6508.48,3412.5901,1145.7,40065.1813,E3,Y,N
09/27/2017,8:00,11562.2402,1533.5354,2337.1494,897.5586,12072.6221,6634.1475,3305.8457,1137.8297,39480.9286,A3,N,N
09/27/2017,8:00,11925.8867,1529.1381,2314.613,906.0446,12212.5596,6710.2832,3318.3125,1189.0391,40105.8768,A6,N,N
09/27/2017,8:00,11897.2002,1526.36,2200.3601,996.355,12841.9004,6650.96,3424.24,1233.96,40771.3357,E,N,N
09/27/2017,8:00,12229.4004,1521.86,2231.05,912.051,11966.5,6794.6001,3317.6599,1179.25,40152.3714,E1,N,N
09/27/2017,8:00,11964.7998,1547.5699,2118.47,941.165,12708.2998,6658.1299,3406.02,1137.4399,40481.8943,E2,N,N
09/27/2017,8:00,12100.2998,1626.97,2220.3,1000.64,12694.2998,6728.4702,3460.03,1197.89,41028.8998,E3,Y,N
09/27/2017,9:00,12113.6084,1598.8071,2338.5713,936.4858,12645.5586,6761.6377,3413.0984,1149.6042,40957.3715,A3,N,N
09/27/2017,9:00,12393.1191,1619.8535,2324.2229,930.738,12716.2881,6795.8667,3402.9902,1203.2129,41386.2914,A6,N,N
09/27/2017,9:00,12404.5,1547.77,2163.8501,993.826,12919.7998,6637.6899,3445.95,1218.67,41332.0558,E,N,N
09/27/2017,9:00,12550,1593.92,2223.77,959.909,12372,6851.6299,3302.1599,1140.9,40994.2888,E1,N,N
09/27/2017,9:00,12452,1607.89,2102.29,924.08,12856.9004,6704.04,3488.25,1143.67,41279.1204,E2,N,N
09/27/2017,9:00,12351.4004,1660.6899,2186.6001,1015.17,12697.5,6706.3301,3512.1899,1185.64,41315.5204,E3,Y,N
09/27/2017,10:00,12865.7295,1696.4601,2388.7639,1016.5759,13351.415,7041.6777,3672.0859,1141.1122,43173.8202,A3,N,N
09/27/2017,10:00,13165.2705,1700.8188,2384.207,998.1401,13473.6016,7017.2568,3631.6541,1194.9783,43565.9272,A6,N,N
09/27/2017,10:00,13065.0996,1630.76,2176.51,1046.8101,13326.2998,6871.3999,3674.99,1206.02,42997.8894,E,N,N
09/27/2017,10:00,13138.2002,1700.37,2301.5801,1018.18,13014.9004,7005.3301,3587.26,1059.9301,42825.7509,E1,N,N
09/27/2017,10:00,13137.2002,1646.4399,2108.1299,1015.34,13447.7998,6946.2598,3710.53,1147.45,43159.1496,E2,N,N
09/27/2017,10:00,13142.4004,1747,2205.95,1074.99,13155.2998,6942.5698,3771.3501,1175.17,43214.7301,E3,Y,N
09/27/2017,11:00,13673.6211,1844.7257,2444.1748,1095.7416,13973.2891,7453.7227,3954.095,1150.1755,45589.5455,A3,N,N
09/27/2017,11:00,14103.751,1869.472,2452.4709,1077.0226,14193.1836,7451.3101,3864.1042,1204.2662,46215.5806,A6,N,N
09/27/2017,11:00,13928.0996,1742.42,2205.78,1090.92,14030.5996,7254.5898,3948.77,1212.58,45413.759,E,N,N
09/27/2017,11:00,14243.7002,1892.47,2273.47,1153.09,13303.0996,7350.0298,3822.8301,1047.11,45085.7997,E1,N,N
09/27/2017,11:00,13968.7998,1819.62,2155.8601,1037.97,14176.9004,7315.7002,3979.3999,1187.3,45641.5504,E2,N,N
09/27/2017,11:00,14064.5,1873.8,2239.1899,1124.2,13880.2998,7330.0801,4087.5801,1180.62,45780.2699,E3,Y,N
09/27/2017,12:00,14455.2217,1985.182,2492.6392,1124.5677,14467.8145,7903.0044,4192.5283,1204.7301,47825.6879,A3,N,N
09/27/2017,12:00,14776.5938,2009.994,2484.7629,1106.8815,14852.6533,7932.7207,4101.3472,1266.4359,48531.3893,A6,N,N
09/27/2017,12:00,14929.4004,1843.3199,2236.29,1129.1899,14742.5996,7644.4199,4204.3901,1252.25,47981.8598,E,N,N
09/27/2017,12:00,15144.9004,2015.16,2315.8101,1243.7,14044.5,7810,4101.46,1087.71,47763.2405,E1,N,N
09/27/2017,12:00,14823.0996,1863.0601,2168.6699,1093.49,14949.0996,7712.5698,4260.1401,1205.8199,48075.949,E2,N,N
09/27/2017,12:00,14940.2998,1987.05,2279.8101,1164.99,14660.9004,7717.1001,4384.54,1217.1801,48351.8705,E3,Y,N
09/27/2017,13:00,15027.6221,2093.5515,2510.5322,1175.8467,15216.1221,8307.0479,4444.6245,1219.349,49994.696,A3,N,N
09/27/2017,13:00,15367.04,2118.7629,2507.0562,1147.4816,15603.9023,8269.4834,4362.6597,1314.1814,50690.5675,A6,N,N
09/27/2017,13:00,15568.2998,1954.33,2259.5,1173.77,15370.7002,8061.1201,4444.9102,1289.51,50122.1403,E,N,N
09/27/2017,13:00,15495.5,2100.47,2341.8601,1275.5601,15059,8272.1699,4326.1299,1160.73,50031.42,E1,N,N
09/27/2017,13:00,15703.5,1980.01,2185.45,1081.15,15649.0996,8080.8398,4541.52,1235.1,50456.6694,E2,N,N
09/27/2017,13:00,15589.0996,2102.7,2311.6101,1200.37,15512.2998,8153.3799,4676.6699,1251.12,50797.2493,E3,Y,N
09/27/2017,14:00,15554.3506,2201.1584,2550.4812,1243.7046,15825.4277,8541.1113,4582.5908,1241.1082,51739.9328,A3,N,N
09/27/2017,14:00,15765.1309,2229.2585,2546.6477,1222.3474,16222.7324,8497.8301,4577.9253,1337.1481,52399.0204,A6,N,N
09/27/2017,14:00,16290.5996,2035.4301,2298.45,1220.61,16238.9004,8453.5996,4644.1401,1335.09,52516.8198,E,N,N
09/27/2017,14:00,15444,2261.74,2534.9299,1277.65,15644.7002,8487.4297,4544.8599,1187.85,51383.1597,E1,N,N
09/27/2017,14:00,16441.8008,2050.72,2216.52,1145.5699,16512.9004,8462.5801,4762.7998,1269.61,52862.501,E2,N,N
09/27/2017,14:00,16018,2192.8201,2354.3799,1243.89,16282.2002,8546.4004,4915.5,1289.01,52842.2006,E3,Y,N
09/27/2017,15:00,15810.8262,2266.5898,2586.1338,1221.0435,16212.3711,8814.9404,4787.3545,1308.4135,53007.6728,A3,N,N
09/27/2017,15:00,16087.7549,2317.4792,2569.0916,1238.6627,16594.9746,8832.6094,4775.105,1357.2646,53772.942,A6,N,N
09/27/2017,15:00,16395,2072.22,2324.47,1256.85,16697.6992,8733.6299,4779.0098,1381.37,53640.2489,E,N,N
09/27/2017,15:00,15319.4004,2279.8601,2605.6899,1266.42,16781,8887.3799,4706.4102,1220.24,53066.4005,E1,N,N
09/27/2017,15:00,16805.0996,2107.9199,2242.71,1176.75,17259.5996,8712.1797,4929.6802,1316.03,54549.969,E2,N,N
09/27/2017,15:00,16265.7998,2233.3799,2380.0801,1273.16,16895.6992,8846.2695,5073.8799,1338.9399,54307.2083,E3,Y,N
09/27/2017,16:00,15949.8369,2237.4275,2596.0615,1232.415,16807.752,8923.8477,4763.3179,1305.8679,53816.5264,A3,N,N
09/27/2017,16:00,16304.7803,2413.5154,2565.0688,1246.2772,17075.2344,9021.6553,4784.6016,1366.1807,54777.3137,A6,N,N
09/27/2017,16:00,16413.5996,2068.1299,2315.79,1280.33,17025.0996,8947,4846.79,1417.62,54314.3591,E,N,N
09/27/2017,16:00,15053,2539.1201,2529.5,1323.9399,17191.6992,9213.21,4734.23,1226.61,53811.3092,E1,N,N
09/27/2017,16:00,17214.3008,2071.1001,2225.6499,1199.52,17324.5,8980.29,4983.27,1325.47,55324.1008,E2,N,N
09/27/2017,16:00,16323.5,2230.03,2362.27,1292.36,17212.5,9078.1396,5135.2598,1374.9301,55008.9895,E3,Y,N
09/27/2017,17:00,16041.4043,2255.7422,2598.0527,1211.7328,16431.5156,9154.8096,4815.4829,1312.7327,53821.4728,A3,N,N
09/27/2017,17:00,16809.9102,2402.354,2552.0442,1229.2955,16850.8594,9362.7324,4824.4448,1378.5552,55410.1957,A6,N,N
09/27/2017,17:00,16417.0996,2050.4399,2315.6599,1286.27,17289.4004,9123,4871.8301,1432.8199,54786.5198,E,N,N
09/27/2017,17:00,14699.4004,2396.9399,2604.71,1325.17,17090.0996,9624.2197,4798.1899,1306.01,53844.7395,E1,N,N
09/27/2017,17:00,17027.6992,2112.0701,2266.8201,1181.12,17624.3008,9108.3604,5031.25,1362.37,55713.9906,E2,N,N
09/27/2017,17:00,16348.7998,2209.3401,2357.3401,1295.5,17487.3008,9281.4502,5145.8901,1396.0601,55521.6812,E3,Y,N
09/27/2017,18:00,15710.0107,2189.8542,2567.1069,1185.8571,16123.5488,9070.2949,4733.0708,1295.1743,52874.9177,A3,N,N
09/27/2017,18:00,16505.25,2321.3611,2506.7927,1204.5167,16476.7207,9033.0449,4751.0298,1334.7404,54133.4563,A6,N,N
09/27/2017,18:00,16215.5,1984.7,2286.3701,1250.67,16793,9178.2998,4760.4102,1416.04,53884.9901,E,N,N
09/27/2017,18:00,15293,2226.4399,2511.4299,1146.63,16510.0996,9427.4502,4693.3501,1284.05,53092.4497,E1,N,N
09/27/2017,18:00,16616.8008,2027.36,2215.6101,1176.11,17113.9004,9104.7402,4862.3198,1327.8101,54444.6514,E2,N,N
09/27/2017,18:00,16109.2998,2140.8,2336.1799,1263.76,17325.3008,9347.7002,5015.9399,1379.0601,54918.0407,E3,Y,N
09/27/2017,19:00,15123.0732,2147.783,2549.5168,1095.7209,15640.252,8866.8164,4530.8218,1288.3665,51242.3506,A3,N,N
09/27/2017,19:00,15764.835,2201.7373,2476.3418,1099.0438,16009.3086,8840.3701,4577.0205,1335.6636,52304.3207,A6,N,N
09/27/2017,19:00,15618,1928.85,2287.3799,1200.12,16486.8008,8994.46,4575.6001,1409.9,52501.1108,E,N,N
09/27/2017,19:00,15125.7002,2173.9099,2395.6799,1102.9399,16382.7998,9185.2803,4428.0298,1277.87,52072.2098,E1,N,N
09/27/2017,19:00,15917.2998,1917.02,2195.28,1096.71,16624.4004,8906.2305,4669.6401,1324.88,52651.4608,E2,N,N
09/27/2017,19:00,15563,2084.8,2336.02,1209.75,16670.0996,9134.3896,4812.5601,1375.5601,53186.1794,E3,Y,N
09/27/2017,20:00,14879.6357,2107.095,2497.4458,1052.2513,15215.0264,8685.1563,4456.8535,1253.0587,50146.5227,A3,N,N
09/27/2017,20:00,15541.9287,2146.0552,2414.197,1056.8422,15668.2217,8893.917,4491.792,1305.879,51518.8328,A6,N,N
09/27/2017,20:00,15574.2002,1880.48,2259.3999,1163.3199,16054.7002,8741.7197,4437.9399,1382.92,51494.6798,E,N,N
09/27/2017,20:00,14950,2127.8101,2358.53,980.292,15972.9004,8832.5596,4389.6401,1235.0601,50846.7923,E1,N,N
09/27/2017,20:00,15547.7002,1899.45,2136.3899,1067.96,16337.2998,8704.8604,4520.3701,1313.75,51527.7804,E2,N,N
09/27/2017,20:00,15331.7002,2021.5,2314.4299,1175.58,16142.7998,8876.3203,4641.1201,1343.29,51846.7403,E3,Y,N
09/27/2017,21:00,14835.374,2088.0518,2494.3835,1053.3895,14867.8086,8699.7754,4463.8276,1267.6606,49770.271,A3,N,N
09/27/2017,21:00,15433.1621,2102.8948,2421.231,1043.5056,15414.4023,8916.1162,4459.7773,1318.5465,51109.6358,A6,N,N
09/27/2017,21:00,15089.5,1847.72,2294.1899,1156.12,15951.5,8593.2803,4426.21,1406.01,50764.5302,E,N,N
09/27/2017,21:00,14543.0996,2119.6899,2495.3701,1168.33,15896.2002,8907.7197,4482.04,1278.33,50890.7795,E1,N,N
09/27/2017,21:00,15161.7002,1882.59,2216.27,1107.3199,16219.7002,8631.75,4492.3501,1340,51051.6804,E2,N,N
09/27/2017,21:00,15124.5996,1963.33,2331.99,1167.6801,15945.2002,8714.0801,4611.2798,1369.83,51227.9898,E3,Y,N
09/27/2017,22:00,14140.9033,1951.281,2452.8464,1005.8215,14197.4355,8208.4609,4219.4897,1229.2863,47405.5246,A3,N,N
09/27/2017,22:00,14733.6006,1941.1713,2384.7944,985.6171,14589.1084,8322.1064,4198.2134,1261.426,48416.0376,A6,N,N
09/27/2017,22:00,14485.5,1739.09,2261.8301,1105.04,14847.5996,8103.7002,4217.5601,1353.58,48113.9,E,N,N
09/27/2017,22:00,13828.2998,1924.91,2268.3999,946.7,14849.5,8354.1104,4241.8101,1226.8101,47640.5403,E1,N,N
09/27/2017,22:00,14456.5996,1747.34,2176.8999,1057.8199,14950.2998,8089.1602,4249.3901,1280.51,48008.0195,E2,N,N
09/27/2017,22:00,14500.5,1843.24,2297.01,1101.0601,15083.9004,8206.4902,4374.27,1315.98,48722.4507,E3,Y,N
09/27/2017,23:00,13071.0352,1752.7479,2387.0308,932.2303,12794.9023,7487.1724,3865.3425,1159.7375,43450.1989,A3,N,N
09/27/2017,23:00,13567.9912,1727.1951,2323.7849,917.728,13198.2822,7643.0259,3857.0862,1208.1547,44443.2482,A6,N,N
09/27/2017,23:00,13474.5996,1591.1899,2196.0801,1046.5601,13671.4004,7410.4502,3929.29,1286.28,44605.8503,E,N,N
09/27/2017,23:00,12962.2998,1711.78,2324.24,1048.27,13242.7998,7653.6001,3856.77,1142.65,43942.4097,E1,N,N
09/27/2017,23:00,13413.2998,1582.11,2098,957.408,13681.4004,7349.8999,3945.6399,1186.04,44213.798,E2,N,N
09/27/2017,23:00,13565.2998,1680.76,2225.04,1029.6801,13726,7503.75,4051.6599,1248.87,45031.0598,E3,Y,N
09/27/2017,24:00,12012.7129,1580.7118,2332.0645,875.5884,11795.6084,6764.2515,3550.4993,1092.4849,40003.9217,A3,N,N
09/27/2017,24:00,12492.3633,1559.8606,2262.5603,867.9953,12154.9688,6896.6929,3531.0718,1126.765,40892.278,A6,N,N
09/27/2017,24:00,12529.7998,1438.33,2147.4199,975.999,12359.5996,6671.3501,3608.9299,1211.58,40943.0083,E,N,N
09/27/2017,24:00,12215.9004,1549.3199,2266.96,926.22,11893.4004,6700.6201,3532.75,1029.9301,40115.1009,E1,N,N
09/27/2017,24:00,12417.4004,1468.24,2069.8401,913.094,12414.0996,6680.4502,3608.5701,1109.92,40681.6144,E2,N,N
09/27/2017,24:00,12616.7998,1530.9399,2156.3999,954.956,12376.2002,6778.79,3708.79,1161.22,41284.0958,E3,Y,N
09/28/2017,1:00,11336.2666,1488.6664,2277.5603,825.3854,10949.5547,6270.4521,3281.5679,1035.7335,37465.1869,A3,N,N
09/28/2017,1:00,11664.9766,1512.2582,2208.7922,819.0876,11211.8525,6345.6943,3171.5513,1059.1102,37993.3229,A6,N,N
09/28/2017,1:00,11642,1307.6899,2092.3701,931.037,11411.2002,6082.6001,3307.1101,1168.1,37942.1074,E,N,N
09/28/2017,1:00,11598.0996,1482.04,2249.6599,814.7,10914.7998,6188.2202,3281.1899,968.436,37497.1454,E1,N,N
09/28/2017,1:00,11628.5,1365.08,2024,881.08,11450,6123.48,3337.6101,1063.63,37873.3801,E2,N,N
09/28/2017,1:00,11746.9004,1412.17,2097.6699,908.78,11302.4004,6190.4302,3394.99,1101.15,38154.4909,E3,Y,N
09/28/2017,2:00,10872.6865,1403.2257,2250.9355,809.2834,10434.0762,5949.1118,3115.6064,1012.0116,35846.9371,A3,N,N
09/28/2017,2:00,11224.6064,1422.3042,2187.8721,806.2313,10705.1191,6013.4512,3022.5564,1042.1292,36424.2699,A6,N,N
09/28/2017,2:00,11123.2002,1221.5,2053.6899,902.418,10653.7998,5680.25,3109.0801,1144.97,35888.908,E,N,N
09/28/2017,2:00,11038.5996,1372.48,2343.73,711.48,10578.2998,5635.6699,3033.79,936.056,35650.1053,E1,N,N
09/28/2017,2:00,11028.7002,1289.78,1980.92,831.794,10728.2002,5661.0801,3142.1001,1028.97,35691.5446,E2,N,N
09/28/2017,2:00,11212.2002,1323.05,2054.75,878.128,10559.5,5781.9399,3195.77,1076.1801,36081.5182,E3,Y,N
09/28/2017,3:00,10624.1787,1370.7603,2233.3049,792.0251,10111.7588,5748.2788,3015.3323,994.6973,34890.3362,A3,N,N
09/28/2017,3:00,10945.2266,1395.6693,2173.5823,789.3458,10378.5068,5794.4116,2930.0957,1033.5767,35440.4148,A6,N,N
09/28/2017,3:00,10604.5996,1152.74,2045.54,863.864,10165.9004,5408.73,2972.95,1124.23,34338.554,E,N,N
09/28/2017,3:00,10660.7998,1370.6801,2208.26,720.741,9851.0898,5477.4702,2893.48,887.297,34069.8179,E1,N,N
09/28/2017,3:00,10597.2998,1246.47,1962.13,859.577,10197.7002,5405.04,3022.0801,977.409,34267.7061,E2,N,N
09/28/2017,3:00,10815.7998,1263.97,2043.65,854.165,10052,5490.3701,3051.46,1050.38,34621.7949,E3,Y,N
09/28/2017,4:00,10348.2021,1340.7528,2226.8206,784.5981,9925.1914,5606.48,2957.353,983.3091,34172.7071,A3,N,N
09/28/2017,4:00,10757.707,1365.7441,2171.1458,783.4572,10214.6396,5617.1782,2889.5693,1021.3179,34820.7591,A6,N,N
09/28/2017,4:00,10448.9004,1132.5601,2034.16,843.125,9774.0996,5282.3301,2895.5901,1100.41,33511.1753,E,N,N
09/28/2017,4:00,10402.0996,1309.97,2153.49,753.317,9601.3701,5318.3999,2827.8701,882.834,33249.3507,E1,N,N
09/28/2017,4:00,10431.0996,1218.0699,1937.05,790.463,9932.2402,5330.1001,2948.02,993.978,33581.0208,E2,N,N
09/28/2017,4:00,10661.5,1245.3,2032.6899,836.476,9847.1299,5363.6401,2974.2,1029.09,33990.0259,E3,Y,N
09/28/2017,5:00,10350.3379,1330.1228,2224.4199,788.8817,9909.4795,5587.1733,2908.6624,984.029,34083.1065,A3,N,N
09/28/2017,5:00,10694.8477,1358.2878,2172.53,791.0565,10152.041,5611.002,2857.74,1024.413,34661.918,A6,N,N
09/28/2017,5:00,10517.0996,1147.71,2033.98,846.436,10042,5298.3599,2872.71,1100.28,33858.5755,E,N,N
09/28/2017,5:00,10471,1308.51,2163.4399,737.171,9764.54,5286.1099,2787.25,807.755,33325.7758,E1,N,N
09/28/2017,5:00,10501.4004,1215.9301,1945.16,820.75,10064.2998,5320.98,2923.71,992.839,33785.0693,E2,N,N
09/28/2017,5:00,10739.4004,1255.22,2030.61,851.474,9902.7998,5374.3198,2953.3601,1025.8,34132.9841,E3,Y,N
09/28/2017,6:00,10644.6592,1373.3428,2247.5337,800.3552,10361.5859,5813.3979,2991.0681,1007.1119,35239.0547,A3,N,N
09/28/2017,6:00,11068.0723,1402.7756,2204.657,797.9955,10569.4609,5828.6099,2960.1367,1053.4502,35885.1581,A6,N,N
09/28/2017,6:00,11055.0996,1212.4,2065.5801,881.089,10447.0996,5607,2978,1132.65,35378.9183,E,N,N
09/28/2017,6:00,11019.2998,1340.84,2153.27,772.839,10127.7002,5660.1201,2833.01,877.974,34785.0531,E1,N,N
09/28/2017,6:00,11023.9004,1252,1957.02,838.399,10489.2998,5580.6802,3029.1899,995.855,35166.3443,E2,N,N
09/28/2017,6:00,11239.7998,1325.79,2063.76,886.202,10510.5,5692.6001,3061.9399,1056.79,35837.3818,E3,Y,N
09/28/2017,7:00,11139.7949,1499.8843,2297.7378,854.6175,11313.3066,6185.3203,3219.0918,1073.8368,37583.59,A3,N,N
09/28/2017,7:00,11655.6611,1532.6133,2266.188,857.1407,11499.4707,6198.832,3210.8533,1131.5601,38352.3192,A6,N,N
09/28/2017,7:00,11850,1388.8199,2151.9199,972.391,11758.4004,6238.2798,3289.28,1226.39,38875.481,E,N,N
09/28/2017,7:00,11708.5996,1501.28,2231.1201,816.284,11453.7002,6176.9502,3211.28,1031.9399,38131.154,E1,N,N
09/28/2017,7:00,11913.2998,1449.29,2026.4,937.086,11640.7998,6284.6201,3311.6899,1067.72,38630.9056,E2,N,N
09/28/2017,7:00,11995.0996,1511.25,2151.8401,976.322,11675.2998,6334.3198,3380.3101,1149.4301,39173.8715,E3,Y,N
09/28/2017,8:00,11411.918,1532.3445,2324.4917,860.4576,11579.5986,6441.627,3240.6621,1097.0289,38488.1284,A3,N,N
09/28/2017,8:00,11930.6807,1552.1584,2296.9402,871.5612,11718.9238,6503.7212,3251.2407,1159.453,39284.6792,A6,N,N
09/28/2017,8:00,11881.2998,1418.79,2206.01,982.025,12100.5996,6457.6001,3341.03,1265.16,39652.5145,E,N,N
09/28/2017,8:00,12092.2998,1538.8101,2246.8799,833.274,11505.7998,6617.7002,3270.3601,1022.01,39127.1339,E1,N,N
09/28/2017,8:00,11909.5,1471.4399,2072.2,936.844,12085.4004,6478.2002,3382.1001,1130.77,39466.4546,E2,N,N
09/28/2017,8:00,12133.5,1543.36,2210.3601,989.287,12067.5,6545.3398,3428.77,1194.05,40112.1669,E3,Y,N
09/28/2017,9:00,11954.0068,1585.8053,2324.6895,897.7441,11922.7061,6548.0396,3341.3333,1106.3491,39680.6738,A3,N,N
09/28/2017,9:00,12391.1299,1623.136,2304.6379,894.6069,12043.3154,6576.5801,3335.2087,1172.7885,40341.4034,A6,N,N
09/28/2017,9:00,12368.7998,1432.34,2171.3501,966.755,12120.5996,6485.96,3351.3799,1249.03,40146.2144,E,N,N
09/28/2017,9:00,12344.2998,1567.41,2258.1299,874.94,11543.9004,6563.5298,3253.9299,1015.05,39421.1898,E1,N,N
09/28/2017,9:00,12352.5996,1531.25,2062.5,930.964,12264.7998,6533.4399,3435.97,1131.09,40242.6133,E2,N,N
09/28/2017,9:00,12364.2998,1564.29,2184.6599,984.108,11989.7002,6544,3452.47,1186.8,40270.3279,E3,Y,N
09/28/2017,10:00,12702.416,1666.8898,2370.2998,973.3888,12470.4063,6843.8101,3591.1453,1094.9515,41713.3076,A3,N,N
09/28/2017,10:00,13157.8271,1703.1311,2359.97,956.9856,12643.8301,6777.9229,3556.228,1160.8441,42316.7389,A6,N,N
09/28/2017,10:00,13014.4004,1485.36,2185.26,1011.43,12536.5996,6730.5801,3573.96,1233.83,41771.4201,E,N,N
09/28/2017,10:00,13051.2002,1654.9399,2305.1899,938.801,12092.0996,6755.9102,3500.45,1001.41,41300.0008,E1,N,N
09/28/2017,10:00,13064,1588.36,2080.2,988.137,12672.0996,6750.8701,3640.1499,1128.4301,41912.2467,E2,N,N
09/28/2017,10:00,13064.7002,1620.37,2207.6299,1024.73,12294.0996,6786.1699,3685.1201,1179.4399,41862.2596,E3,Y,N
09/28/2017,11:00,13580.9492,1781.3634,2424.418,1044.0874,13038.8857,7250.499,3821.542,1104.266,44046.0107,A3,N,N
09/28/2017,11:00,14091.6631,1856.5719,2426.1118,1028.4758,13300.0674,7211.5908,3767.9241,1164.0356,44846.4405,A6,N,N
09/28/2017,11:00,13781.2002,1570.53,2211.1299,1055.16,13145.5,7092.2998,3845.0901,1234.28,43935.19,E,N,N
09/28/2017,11:00,14041.5,1828.39,2310.0701,1015.32,12356.7998,7056.2002,3731.1299,996.562,43335.972,E1,N,N
09/28/2017,11:00,13825.2002,1675.23,2114.55,1012.08,13310.5,7079.8301,3880.98,1158.45,44056.8203,E2,N,N
09/28/2017,11:00,13878,1718.88,2235.6299,1063.74,12806.7002,7147.2598,3976.76,1182.42,44009.3899,E3,Y,N
09/28/2017,12:00,14289.6211,1920.3972,2470.2124,1078.3707,13470.6201,7654.5151,4048.6113,1156.8008,46089.1487,A3,N,N
09/28/2017,12:00,14760.7285,1992.4193,2456.1052,1059.7479,13837.8838,7634.3511,3987.3689,1219.0875,46947.6922,A6,N,N
09/28/2017,12:00,14402.7002,1646.7,2234.4199,1093.1899,13717.4004,7460.6899,4097.0898,1257.76,45909.9501,E,N,N
09/28/2017,12:00,14838.5996,1936.99,2326.54,1052.48,13114.0996,7436.3901,3968.1101,1060.05,45733.2594,E1,N,N
09/28/2017,12:00,14516,1742.8199,2107.1299,1074.8199,13870.7998,7421.29,4136.5601,1168.97,46038.3896,E2,N,N
09/28/2017,12:00,14631.5,1796.88,2267.3501,1093.59,13451,7506.23,4247.1499,1204.71,46198.41,E3,Y,N
09/28/2017,13:00,14871.6377,2022.2916,2488.0605,1131.6266,14159.2559,8033.9248,4269.4111,1168.7697,48144.9779,A3,N,N
09/28/2017,13:00,15187.2578,2094.208,2478.0967,1098.5505,14482.1094,7966.8506,4187.1406,1257.0323,48751.2459,A6,N,N
09/28/2017,13:00,15029.0996,1737.3101,2250.04,1128.71,14391.0996,7828.9399,4342.7402,1281.6801,47989.6195,E,N,N
09/28/2017,13:00,15243.7998,2021.38,2340.3201,1101.05,14141.5996,7885.6299,4233.9199,1117.25,48084.9493,E1,N,N
09/28/2017,13:00,15399.5,1809.5,2136.6499,1043.1,14565.5996,7767.8799,4421.5898,1181.62,48325.4392,E2,N,N
09/28/2017,13:00,15122.5,1890.98,2292.01,1121.47,14113.5996,7885.8701,4524.8599,1227.36,48178.6496,E3,Y,N
09/28/2017,14:00,15345.1504,2123.9021,2527.041,1203.7766,14738.0771,8253.3027,4389.6016,1187.9309,49768.7824,A3,N,N
09/28/2017,14:00,15520.9443,2198.3147,2517.0654,1172.6624,15032.1182,8156.7051,4375.9077,1290.2804,50263.9982,A6,N,N
09/28/2017,14:00,15884.4004,1801.76,2279.74,1166,15133.5,8197.7695,4538.6699,1329.46,50331.2998,E,N,N
09/28/2017,14:00,15215.7002,2187.74,2509.8501,1106.64,14468.9004,8172.4199,4390.75,1129.27,49181.2706,E1,N,N
09/28/2017,14:00,16051.4004,1883.29,2164.4399,1122.61,15074.5,8125.1001,4610.6401,1219.52,50251.5005,E2,N,N
09/28/2017,14:00,15452,1963.51,2325.6201,1153.3,14857.5,8267.0098,4745.3398,1262.89,50027.1697,E3,Y,N
09/28/2017,15:00,15584.167,2185.3245,2563.3616,1183.8557,15020.3086,8462.2314,4566.8477,1250.6056,50816.7021,A3,N,N
09/28/2017,15:00,15795.5117,2281.6609,2540.4031,1187.2115,15315.6807,8333.2441,4550.4404,1336.1147,51340.2671,A6,N,N
09/28/2017,15:00,16021.2998,1842.83,2293.7,1193.55,15592,8476.2002,4658.7402,1370.3,51448.6202,E,N,N
09/28/2017,15:00,14894.7998,2188.74,2552.8501,1093.53,15654.2998,8397.8896,4564.1001,1127.7,50473.9094,E1,N,N
09/28/2017,15:00,16425,1927.7,2171.8201,1140.08,15695.5996,8367.6396,4743.77,1251.62,51723.2293,E2,N,N
09/28/2017,15:00,15717.5996,2008.63,2348.3601,1178.0699,15502.9004,8571.5898,4876.48,1306.1899,51509.8197,E3,Y,N
09/28/2017,16:00,15713.6436,2183.5728,2568.8464,1191.2744,15420.4248,8592.752,4531.3071,1239.5366,51441.3577,A3,N,N
09/28/2017,16:00,15978.6611,2388.093,2534.5955,1189.2302,15649.4619,8625.7607,4544.126,1334.9092,52244.8376,A6,N,N
09/28/2017,16:00,15984.4004,1847.15,2279.02,1206.51,15926.2002,8698.0098,4711.96,1398.97,52052.2204,E,N,N
09/28/2017,16:00,14702.5,2520.54,2547.8301,1103.9399,15924.2998,8806.7998,4569.9902,1082.16,51258.0598,E1,N,N
09/28/2017,16:00,16801.9004,1921.76,2164,1142.25,15878.9004,8611.5703,4781.0898,1286.3101,52587.781,E2,N,N
09/28/2017,16:00,15837.5,2016.3199,2338.0701,1197.97,15920.5996,8817.9902,4930.8901,1335.52,52394.8599,E3,Y,N
09/28/2017,17:00,15792.8145,2132.6658,2574.3184,1203.1027,15590.4326,8668.7559,4572.7578,1239.9722,51774.8199,A3,N,N
09/28/2017,17:00,16453.8516,2316.4167,2523.824,1194.9824,15796.3672,8696.9941,4576.8115,1316.5786,52875.8261,A6,N,N
09/28/2017,17:00,16062.7998,1839.79,2272.1799,1207.2,16146.4004,8892.9404,4715.4902,1410.55,52547.3507,E,N,N
09/28/2017,17:00,14501.7002,2226.6101,2601.25,1192.2,16292.2998,9096.4502,4646.71,1149.29,51706.5103,E1,N,N
09/28/2017,17:00,16681.5,1921.05,2196.74,1132.29,16299.2998,8752.1201,4785.9902,1305.5,53074.4901,E2,N,N
09/28/2017,17:00,15892.9004,2006.5699,2334.3101,1198.4301,16333.0996,9049.7002,4923.21,1351.38,53089.6003,E3,Y,N
09/28/2017,18:00,15493.4902,2079.7505,2547.2629,1179.4652,15217.9189,8847.0352,4491.0376,1213.7513,51069.7118,A3,N,N
09/28/2017,18:00,16146.6504,2259.2681,2481.9775,1167.3969,15549.1963,8888.2373,4504.5615,1261.0217,52258.3097,A6,N,N
09/28/2017,18:00,15701.7002,1778.73,2238.6699,1168.24,16096.5,8927.9502,4570.4302,1388.05,51870.2705,E,N,N
09/28/2017,18:00,14863.0996,2123.27,2500.8401,1075.1899,15469.5996,9239.9902,4510.6699,1150.0601,50932.7194,E1,N,N
09/28/2017,18:00,16182.5996,1863.1899,2148.24,1155.7,15873.4004,8786.9199,4605.21,1270.67,51885.9298,E2,N,N
09/28/2017,18:00,15687.5996,1940.8101,2307.78,1170.48,16269.2002,9094.0596,4771.4399,1330.15,52571.5194,E3,Y,N
09/28/2017,19:00,14796.3311,2036.2788,2526.2161,1091.3672,14778.1211,8611.3486,4255.645,1209.6477,49304.9556,A3,N,N
09/28/2017,19:00,15407.0947,2138.1296,2450.2085,1063.7957,15152.6064,8501.54,4296.0552,1252.4595,50261.8896,A6,N,N
09/28/2017,19:00,15295.2998,1728.3101,2238.3701,1124.08,15433.4004,8727.0898,4355.6602,1376.79,50279.0004,E,N,N
09/28/2017,19:00,14778.2002,2077.8201,2382.02,999.268,15403.5,8766.3896,4244.4302,1150.54,49802.1681,E1,N,N
09/28/2017,19:00,15467.2002,1797.04,2111.3999,1075.23,15391.2998,8559.6797,4397.3101,1222.02,50021.1797,E2,N,N
09/28/2017,19:00,15227.2002,1885.48,2290.1499,1126.54,15684.2002,8850.1797,4549.79,1322.0699,50935.6099,E3,Y,N
09/28/2017,20:00,14575.2705,1993.4875,2475.7817,1049.3778,14315.9033,8421.2168,4206.7798,1176.3655,48214.1829,A3,N,N
09/28/2017,20:00,15197.5693,2067.7725,2389.1187,1024.5962,14795.0977,8460.0732,4225.1528,1240.198,49399.5784,A6,N,N
09/28/2017,20:00,15220.7998,1687.46,2227.8201,1105.53,15218,8524.6104,4242.6001,1357.86,49584.6804,E,N,N
09/28/2017,20:00,14675.2002,2054.0701,2366.01,1017.99,14767,8428.9004,4211.4502,1105.27,48625.8909,E1,N,N
09/28/2017,20:00,15107.0996,1756.42,2047.45,1049.48,15356.5,8423.5898,4279.6802,1241.54,49261.7596,E2,N,N
09/28/2017,20:00,15068,1838.4399,2279.77,1104.53,15291.7998,8614.8701,4406.4399,1298.4399,49902.2896,E3,Y,N
09/28/2017,21:00,14484.9111,1981.4635,2475.4021,1051.4459,14153.5498,8431.8193,4233.1021,1201.609,48013.3028,A3,N,N
09/28/2017,21:00,15093.0508,2024.0487,2398.2219,1014.7999,14654.499,8505.9619,4198.9507,1283.2532,49172.7861,A6,N,N
09/28/2017,21:00,14891.4004,1672.3199,2278.6201,1104.88,14928.9004,8456.9902,4250.54,1391.16,48974.811,E,N,N
09/28/2017,21:00,14534.0996,2039.4301,2480.0601,1045.4,15011.0996,8558.4297,4294.5601,1154.09,49117.1692,E1,N,N
09/28/2017,21:00,14893.9004,1747.91,2156.29,1057.54,14976.9004,8410.9199,4281.6499,1318.1899,48843.3005,E2,N,N
09/28/2017,21:00,14952.5,1802.53,2318.6201,1107.3,15178.2002,8514.0303,4395.75,1332.53,49601.4606,E3,Y,N
09/28/2017,22:00,13861.3945,1847.4928,2432.1982,1004.5452,13440.8555,7951.9155,3991.2356,1171.8992,45701.5365,A3,N,N
09/28/2017,22:00,14402.1133,1865.0994,2360.3013,958.8716,13827.0742,7938.0615,3936.7544,1228.3162,46516.5919,A6,N,N
09/28/2017,22:00,14353.9004,1580.95,2247.0901,1052.1,14193.2002,8019.4102,4049.52,1349.05,46845.2209,E,N,N
09/28/2017,22:00,13838.2998,1843.1,2233.02,945.231,13984.4004,8034.3398,4060.24,1121.48,46060.111,E1,N,N
09/28/2017,22:00,14212.2002,1641.03,2112.1699,1052.1801,14368.7002,7810.4399,4043.55,1243.42,46483.6903,E2,N,N
09/28/2017,22:00,14382.7002,1703.3101,2285.4399,1048.76,14275.7002,8033.0801,4172.0298,1284.22,47185.2403,E3,Y,N
09/28/2017,23:00,12734.3535,1651.3179,2370.1755,931.4314,12181.3916,7222.2402,3675.5698,1107.7173,41874.1972,A3,N,N
09/28/2017,23:00,13273.5635,1645.6415,2301.1931,893.8608,12541.7803,7270.1216,3645.8367,1146.9733,42718.9708,A6,N,N
09/28/2017,23:00,13300.9004,1442.5601,2187.0901,993.89,12905.9004,7362.3701,3780.71,1289.4399,43262.861,E,N,N
09/28/2017,23:00,13153.7998,1631.89,2304.3301,1010.98,12519.4004,7299.25,3677.9399,1037.86,42635.4502,E1,N,N
09/28/2017,23:00,13160.4004,1488.48,2063.1101,975.801,12995.5,7130.0498,3763.6101,1151.91,42728.8614,E2,N,N
09/28/2017,23:00,13517.2998,1552.45,2222.4099,978.165,12932.2002,7353.79,3868.24,1223.34,43647.8949,E3,Y,N
09/28/2017,24:00,11749.2871,1495.7855,2316.1533,872.2155,11170.5645,6519.8804,3373.7202,1047.9063,38545.5128,A3,N,N
09/28/2017,24:00,12229.0488,1495.2928,2240.4563,843.7932,11483.9111,6555.5654,3370.3569,1077.6455,39296.07,A6,N,N
09/28/2017,24:00,12486,1308.4,2141.02,925.627,11654.7998,6641.73,3474.02,1215.48,39847.0768,E,N,N
09/28/2017,24:00,12387.5,1478.87,2245.6001,888.464,11164.5996,6373.3301,3398.6599,960.905,38897.9287,E1,N,N
09/28/2017,24:00,12200.5996,1365.01,2021.9399,902.262,11746,6469.73,3436,1095.47,39237.0115,E2,N,N
09/28/2017,24:00,12641.0996,1417.91,2157.05,908.531,11656.5,6649.0498,3543.8301,1140.71,40114.6805,E3,Y,N
09/29/2017,1:00,11023.0361,1400.167,2285.7085,821.1678,10380.623,6045.4932,3128.9084,994.1816,36079.2856,A3,N,N
09/29/2017,1:00,11422.8945,1455.8701,2187.396,796.4202,10578.9746,6032.5938,3049.5662,1016.8779,36540.5933,A6,N,N
09/29/2017,1:00,11666.5996,1190.66,2085.75,880.464,10793.7002,6027.8198,3182.76,1167.38,36995.1336,E,N,N
09/29/2017,1:00,11790.4004,1406.9301,2221.01,793.466,10218.5,5845.3501,3154.3201,935.895,36365.8717,E1,N,N
09/29/2017,1:00,11466.4004,1256.87,1984.4301,854.848,10865.5996,5938.6001,3172.8999,1048.66,36588.3081,E2,N,N
09/29/2017,1:00,11811.9004,1307.86,2074.52,854.12,10731.2998,6062.27,3234.95,1081.1,37158.0202,E3,Y,N
09/29/2017,2:00,10488.4658,1326.9927,2256.0229,802.1937,9895.4844,5731.249,2979.1145,970.4384,34449.9614,A3,N,N
09/29/2017,2:00,10877.4385,1366.3901,2165.991,782.3224,10099.0576,5672.9243,2916.0271,1003.058,34883.209,A6,N,N
09/29/2017,2:00,11199.4004,1112.36,2050.29,853.819,10142.7002,5612.5601,2994.0801,1132.51,35097.7198,E,N,N
09/29/2017,2:00,11345.4004,1298.47,2307.05,709.313,9897.2803,5271.54,2878.02,916.183,34623.2567,E1,N,N
09/29/2017,2:00,11001.9004,1164.7,1948.37,810.719,10281.7002,5522.4399,2988.23,997.766,34715.8255,E2,N,N
09/29/2017,2:00,11284.9004,1225.27,2032.63,821.648,10051.9004,5648.0898,3041.1899,1047.22,35152.8485,E3,Y,N
09/29/2017,3:00,10229.4961,1288.6945,2241.6553,778.9516,9631.0557,5530.5474,2871.3833,956.0611,33527.845,A3,N,N
09/29/2017,3:00,10573.626,1338.8572,2151.543,762.882,9815.5342,5471.1152,2816.9827,997.7864,33928.3267,A6,N,N
09/29/2017,3:00,10803.5,1049.29,2043.87,825.913,9770.1201,5322.2598,2860.53,1108.65,33784.1329,E,N,N
09/29/2017,3:00,10729,1285.7,2187.1201,720.159,9386.3301,5139.79,2742.76,899.536,33090.3952,E1,N,N
09/29/2017,3:00,10519.2002,1149.92,1949,815.769,9778.8604,5270.6299,2868.5,974.387,33326.2665,E2,N,N
09/29/2017,3:00,10899.7002,1171.17,2017.9301,792.284,9597.8701,5352.2402,2898.4199,1026.5,33756.1145,E3,Y,N
09/29/2017,4:00,10049.7354,1259.4823,2223.7144,766.4631,9451.3057,5419.1284,2814.9663,945.7575,32930.5531,A3,N,N
09/29/2017,4:00,10484.2617,1309.8436,2147.5725,755.2846,9649.2773,5359.4302,2782.823,988.6066,33477.0995,A6,N,N
09/29/2017,4:00,10575.7002,1030.5,2035.09,813.575,9401,5206.4102,2786.01,1074.5699,32922.8553,E,N,N
09/29/2017,4:00,10585.7998,1250.1,2131.9199,735.839,9060.9502,5072.8799,2699.5601,891.626,32428.6749,E1,N,N
09/29/2017,4:00,10406.9004,1116.54,1926.52,761.222,9479.3896,5155.9199,2798.6599,991.911,32637.0628,E2,N,N
09/29/2017,4:00,10750.2002,1150.14,2008.24,780.061,9395.4697,5229.6899,2825.05,997.455,33136.3058,E3,Y,N
09/29/2017,5:00,10107.4932,1256.9503,2217.146,766.1818,9454.8477,5404.8633,2780.0962,947.0986,32934.6771,A3,N,N
09/29/2017,5:00,10550.5762,1304.0657,2147.8792,761.5646,9595.5313,5308.0195,2761.1853,994.2581,33423.0799,A6,N,N
09/29/2017,5:00,10593.7998,1037.5699,2036.73,820.142,9565.25,5224.04,2767.27,1073,33117.8017,E,N,N
09/29/2017,5:00,10468.7998,1241.29,2111.76,726.38,9321.9297,5010.52,2657.3999,836.006,32374.0854,E1,N,N
09/29/2017,5:00,10487.2998,1105.48,1940.73,787.034,9681.3896,5156.9502,2787.24,1001.8,32947.9236,E2,N,N
09/29/2017,5:00,10832,1156.25,2010.8,792.753,9476.4004,5236.9902,2803.4099,996.355,33304.9585,E3,Y,N
09/29/2017,6:00,10444.7119,1306.7568,2234.4265,774.9802,9936.1729,5623.5693,2863.6155,968.7169,34152.95,A3,N,N
09/29/2017,6:00,10963.1982,1347.4326,2177.6362,760.762,10021.0225,5528.1694,2869.3457,1025.7434,34693.31,A6,N,N
09/29/2017,6:00,11194.7998,1098.64,2065.1399,858.533,10059,5489.5898,2861.21,1111.26,34738.1725,E,N,N
09/29/2017,6:00,10870.9004,1280.59,2120.6699,745.242,9718.2305,5389.6699,2703.0701,908.069,33736.4418,E1,N,N
09/29/2017,6:00,10994,1178.61,1944.85,832.117,10026.7998,5464.6802,2878.6001,978.04,34297.6971,E2,N,N
09/29/2017,6:00,11325.7002,1215.24,2041.23,828.05,10048.0996,5511.04,2899.97,1036.38,34905.7098,E3,Y,N
09/29/2017,7:00,10954.0859,1439.4801,2274.75,829.4467,10888.8076,6067.3096,3092.8811,1033.8816,36580.6426,A3,N,N
09/29/2017,7:00,11577.3711,1473.7308,2239.9502,828.3509,10923.7861,5979.7783,3123.335,1108.2579,37254.5603,A6,N,N
09/29/2017,7:00,11833.5996,1247.23,2148.45,948.086,11192,6035.8901,3159.22,1216.96,37781.4357,E,N,N
09/29/2017,7:00,11671.5,1438.63,2164.6299,817.534,11118.0996,6016.1699,3086.27,1042.6,37355.4334,E1,N,N
09/29/2017,7:00,11672.5996,1341.85,2014.13,920.779,11064.7998,6043.3901,3148.78,1085.61,37291.9385,E2,N,N
09/29/2017,7:00,12077.5996,1373.51,2123.22,915.632,11241,6082.9199,3199.3401,1147.49,38160.7116,E3,Y,N
09/29/2017,8:00,10796.2549,1449.9264,2302.9036,832.0686,11100.5313,6120.7163,3105.9404,1060.3158,36768.6573,A3,N,N
09/29/2017,8:00,11532.6953,1464.6875,2251.0117,836.4673,11073.585,6088.2114,3150.8167,1140.0502,37537.5251,A6,N,N
09/29/2017,8:00,11885.5,1286.05,2202.24,958.065,11622.0996,6257.8398,3210.46,1265.34,38687.5944,E,N,N
09/29/2017,8:00,12050.4004,1428.49,2231.8301,829.539,11039.4004,6199.2202,3145.3101,1095.79,38019.9802,E1,N,N
09/29/2017,8:00,11782.5996,1347.3199,2050.3201,911.554,11579.5996,6304.1699,3220.3999,1138.4399,38334.4029,E2,N,N
09/29/2017,8:00,12203.2998,1407.21,2175.97,929.002,11654.7998,6292.3198,3253.22,1206.2,39122.0214,E3,Y,N
09/29/2017,9:00,11410.5781,1510.2257,2309.0105,866.4834,11492.6699,6220.811,3201.8101,1073.1351,38084.7238,A3,N,N
09/29/2017,9:00,11998.8496,1538.5859,2270.1875,855.7032,11440.998,6191.2603,3227.8264,1153.2505,38676.6614,A6,N,N
09/29/2017,9:00,12195.5,1303.73,2165.96,955.614,11559.5996,6301.2598,3220.02,1252.27,38953.9534,E,N,N
09/29/2017,9:00,12160.2002,1493.52,2200.6599,857.114,11290.2998,6220.9102,3099.6299,1084.6801,38407.0141,E1,N,N
09/29/2017,9:00,12001.4004,1377.7,2059.1001,925.951,11615.2002,6278.5601,3252.51,1132.08,38642.5018,E2,N,N
09/29/2017,9:00,12416.2998,1436.79,2143.4199,934.38,11579.0996,6283.2998,3280.55,1197.3101,39271.1492,E3,Y,N
09/29/2017,10:00,12110.8242,1584.7235,2351.6865,939.88,12065.8408,6525.5674,3431.9846,1070.3224,40080.8294,A3,N,N
09/29/2017,10:00,12690.8828,1601.4485,2333.6877,922.9634,12104.3252,6423.0659,3412.8533,1140.7352,40629.962,A6,N,N
09/29/2017,10:00,12711.7998,1360.76,2176.6001,1000.74,11996.9004,6526.5801,3422.8701,1238.55,40434.8005,E,N,N
09/29/2017,10:00,12770,1571.83,2272.9199,925.815,11884.7002,6386.1699,3350.29,998.292,40160.017,E1,N,N
09/29/2017,10:00,12624.7002,1430.08,2062.53,969.077,12114.4004,6356.5698,3445.47,1122.48,40125.3074,E2,N,N
09/29/2017,10:00,13089.5996,1498.1801,2156.54,972.859,11910.5,6486.6699,3495.1299,1192.92,40802.3985,E3,Y,N
09/29/2017,11:00,12873.3379,1678.2495,2402.738,1010.4928,12589.3691,6847.7114,3643.8835,1079.8488,42125.631,A3,N,N
09/29/2017,11:00,13400.0498,1744.6361,2401.5144,991.6327,12769.0146,6733.8008,3614.615,1139.4858,42794.7492,A6,N,N
09/29/2017,11:00,13155.2998,1430.62,2206.5601,1041.47,12468.5996,6834.6001,3666.6299,1236.87,42040.6495,E,N,N
09/29/2017,11:00,13165.2002,1711.87,2219.54,1004.91,11984.2998,6533.48,3510.99,985.212,41115.502,E1,N,N
09/29/2017,11:00,13045.0996,1546.3,2102.21,1006.29,12594.2998,6602.1099,3673.4399,1132.67,41702.4192,E2,N,N
09/29/2017,11:00,13840.7002,1582.29,2180.6799,1008.8,12400,6799.2402,3763.0601,1194.86,42769.6304,E3,Y,N
09/29/2017,12:00,13502.0566,1802.5741,2435.2153,1043.4354,12973.7461,7240.0684,3853.0525,1133.204,43983.3524,A3,N,N
09/29/2017,12:00,13948.8398,1871.2939,2424.2983,1022.3452,13297.8125,7192.3691,3808.0576,1190.2736,44755.29,A6,N,N
09/29/2017,12:00,13527.0996,1505.91,2227.74,1073.1801,12915.7002,7093.2002,3882.6499,1259.38,43484.86,E,N,N
09/29/2017,12:00,13814,1784.72,2265.54,1027.58,12451.5996,6927.8701,3705.6101,1012.65,42989.5698,E1,N,N
09/29/2017,12:00,13379,1572.4,2103.79,1000.15,13127.0996,6906.25,3877.6299,1170.95,43137.2695,E2,N,N
09/29/2017,12:00,14462.7998,1660.39,2202.3,1036.95,12967.2998,7060.5098,3998.6599,1217.9301,44606.8394,E3,Y,N
09/29/2017,13:00,13943.8105,1886.0873,2452.0425,1102.6036,13616.7568,7663.8887,4053.6992,1143.6107,45862.4993,A3,N,N
09/29/2017,13:00,14282.4434,1952.4398,2447.8494,1062.4382,13947.4414,7389.5928,3944.824,1233.8818,46260.9108,A6,N,N
09/29/2017,13:00,13770.2998,1592.3101,2240.24,1103.53,13401.7998,7365.3198,4088.0601,1280.13,44841.6896,E,N,N
09/29/2017,13:00,13868.9004,1877.29,2283.02,1068.38,13093.2002,7264.3799,3925.0801,1074.02,44454.2706,E1,N,N
09/29/2017,13:00,14224,1664.5699,2125.3799,1032.3101,13538.9004,7373.0801,4096.79,1170.08,45225.1104,E2,N,N
09/29/2017,13:00,14825.7002,1752.96,2220.9199,1063.48,13557.9004,7358.1499,4246.5,1242.6,46268.2104,E3,Y,N
09/29/2017,14:00,14492.9063,1993.5526,2492.76,1177.337,14292.9385,7933.5908,4154.4399,1168.698,47706.2231,A3,N,N
09/29/2017,14:00,14621.1768,2048.5818,2490.5999,1119.8285,14674.6484,7717.3877,4087.2876,1277.8788,48037.3895,A6,N,N
09/29/2017,14:00,14476.2002,1671.15,2268.02,1141.37,14177.2002,7598.3501,4267.2598,1315.76,46915.3103,E,N,N
09/29/2017,14:00,13994.9004,1985.91,2480.75,1078.26,13410.2998,7443.27,4107.21,1110.36,45610.9602,E1,N,N
09/29/2017,14:00,14341.4004,1702.1,2143.5801,1068.95,14309.7002,7356.5601,4315.1299,1202.14,46439.5607,E2,N,N
09/29/2017,14:00,14974.5,1832.23,2254.49,1091.5,14218.0996,7624.6299,4456.3198,1269.04,47720.8093,E3,Y,N
09/29/2017,15:00,14727.5254,2040.8597,2523.2434,1163.5685,14769.9531,8081.3037,4265.7681,1232.7294,48804.9513,A3,N,N
09/29/2017,15:00,14904.498,2124.8252,2510.5618,1138.7224,15015.8857,7831.0244,4159.0625,1322.6141,49007.1941,A6,N,N
09/29/2017,15:00,14569.4004,1731.35,2288.6201,1172.02,14609.5,7752.9902,4382.3501,1342.28,47848.5108,E,N,N
09/29/2017,15:00,13747.5996,2010.5699,2543.6101,1072.6,14249.5,7539.8398,4250.5098,1139.62,46553.8492,E1,N,N
09/29/2017,15:00,14765.5,1782.23,2168.76,1089.49,14640.7998,7580.0298,4388.5801,1181.02,47596.4097,E2,N,N
09/29/2017,15:00,14982.5996,1896.04,2278.8,1115.04,14778.5996,7840.23,4576.73,1301.9399,48769.9791,E3,Y,N
09/29/2017,16:00,15113.0303,2033.1866,2513.6025,1156.739,15172.3623,8156.1157,4250.6323,1235.9679,49631.6366,A3,N,N
09/29/2017,16:00,15258.4639,2254.1667,2491.1934,1150.9486,15374.2168,8058.0151,4149.3794,1325.6055,50061.9894,A6,N,N
09/29/2017,16:00,14621.9004,1750.8101,2274.04,1189.3101,14949.4004,7838.0601,4425.3701,1370.9,48419.7912,E,N,N
09/29/2017,16:00,13692.5,2271.3601,2440.04,1096.49,14833.2998,7928.3901,4255.1602,1151.42,47668.6602,E1,N,N
09/29/2017,16:00,15024.2998,1795.59,2161.0701,1103.39,14962.4004,7689.2002,4457.0298,1237.12,48430.1003,E2,N,N
09/29/2017,16:00,14887.5,1924.61,2258.8,1130.54,15131.5996,7981.8501,4620.4399,1333.1,49268.4396,E3,Y,N
09/29/2017,17:00,14781.3418,2042.4757,2502.5977,1147.0829,15166.1475,8352.5195,4230.897,1238.1282,49461.1903,A3,N,N
09/29/2017,17:00,14828.6436,2180.2559,2464.8306,1138.8296,15326.8379,8245.2656,4156.2017,1320.1849,49661.0498,A6,N,N
09/29/2017,17:00,14715.2998,1755.6,2265.8999,1191.5601,15103.4004,7842.52,4426.8301,1379.47,48680.5803,E,N,N
09/29/2017,17:00,13691.9004,2085.22,2520.8401,1117.63,14976.4004,8279.0996,4322.9399,1156.6,48150.6304,E1,N,N
09/29/2017,17:00,14861.2998,1783.08,2166.72,1106.24,15287.7998,7806,4432.8501,1246.67,48690.6597,E2,N,N
09/29/2017,17:00,14775.2998,1927.71,2254.22,1130.71,15394.9004,8063.27,4611.27,1345.5601,49502.9403,E3,Y,N
09/29/2017,18:00,14513.751,1961.444,2481.9766,1125.3521,14909.2754,8257.8799,4166.7344,1214.385,48630.7984,A3,N,N
09/29/2017,18:00,14573.0527,2107.3289,2426.7358,1115.0962,15061.2939,7977.624,4098.4966,1264.5607,48624.1888,A6,N,N
09/29/2017,18:00,14299.7998,1703.87,2232.6299,1150.41,14906,7729.77,4295.21,1358.8101,47676.4998,E,N,N
09/29/2017,18:00,14133.7998,1960.01,2464.4199,1051.63,14553,8230.4199,4222.8398,1153.49,47769.6094,E1,N,N
09/29/2017,18:00,14619.7002,1745.6899,2138.6799,1072.65,14814.7998,7697.96,4279.29,1211.36,47580.1298,E2,N,N
09/29/2017,18:00,14438.5,1864.49,2235.9399,1099.29,15255,8012.6099,4458.3101,1325.29,48689.4299,E3,Y,N
09/29/2017,19:00,14183.7031,1891.5793,2452.7251,1039.9644,14245.3955,8023.6128,3930.8188,1196.7814,46964.5804,A3,N,N
09/29/2017,19:00,14093.2939,1970.5916,2387.4819,1017.1704,14534.8896,7804.1187,3887.4214,1239.8611,46934.8286,A6,N,N
09/29/2017,19:00,13822.7002,1643.87,2236.2,1100.14,14235.9004,7476.4302,4092.97,1346.9399,45955.1507,E,N,N
09/29/2017,19:00,13955.2998,1925.95,2320.71,965.796,14520.4004,8008.8301,3996.6499,1150.41,46844.0462,E1,N,N
09/29/2017,19:00,14075.2002,1673.96,2104.78,1036.65,14166.2998,7481.4399,4082.78,1219.01,45840.1199,E2,N,N
09/29/2017,19:00,13899.7998,1790.38,2226.55,1047.76,14595.7002,7752.8398,4231.54,1317.98,46862.5498,E3,Y,N
09/29/2017,20:00,13880.0303,1824.5535,2410.6567,991.973,13610.1992,7764.9341,3862.9578,1169.9038,45515.2084,A3,N,N
09/29/2017,20:00,13928.0879,1897.0607,2330.2581,973.4699,14009.5986,7768.3115,3819.093,1213.8003,45939.68,A6,N,N
09/29/2017,20:00,13786.5,1586.5,2212.26,1067.98,13850,7252.4399,3961.3201,1326.27,45043.27,E,N,N
09/29/2017,20:00,13750.0996,1921.89,2302.6699,985.147,14056,7752.5898,3979.55,1110.09,45858.0363,E1,N,N
09/29/2017,20:00,13782.7998,1606.87,2089.21,1002.93,13990,7273.0098,3962.73,1173,44880.5496,E2,N,N
09/29/2017,20:00,13704.2002,1722.22,2214.3,1016.8,14077.0996,7518.4399,4082.4299,1288.9,45624.3896,E3,Y,N
09/29/2017,21:00,13488.8799,1799.5864,2406.0144,983.3663,13220.1758,7677.7749,3853.4963,1194.3167,44623.6107,A3,N,N
09/29/2017,21:00,13586.1279,1831.6544,2336.9465,959.3387,13689.3008,7716.1948,3796.3333,1230.4314,45146.3278,A6,N,N
09/29/2017,21:00,13327,1563.75,2256.47,1066,13523.9004,7144.3701,3946.3201,1358.85,44186.6606,E,N,N
09/29/2017,21:00,13359.2002,1915.89,2469.55,1023.54,14155.2998,7892.0298,4137.6699,1162.58,46115.7597,E1,N,N
09/29/2017,21:00,13401.0996,1579.02,2115.8101,987.955,13489.7998,7319.3901,3938.46,1251.08,44082.6146,E2,N,N
09/29/2017,21:00,13558.7002,1678.2,2238.6201,1012.33,13850.9004,7388.9502,4056.6899,1321.99,45106.3808,E3,Y,N
09/29/2017,22:00,12724.9668,1697.5718,2373.238,936.6729,12531.6826,7227.7915,3644.5283,1163.6321,42300.084,A3,N,N
09/29/2017,22:00,12886.5791,1708.9331,2308.6538,910.1082,12854.5293,7217.6733,3603.4121,1184.0994,42673.9883,A6,N,N
09/29/2017,22:00,12737,1482.5699,2230.78,1023.24,12926.2002,6783.7798,3766.1599,1330.11,42279.8398,E,N,N
09/29/2017,22:00,12705.5,1713.89,2255.1699,897.04,13207.2998,7308.3799,3916.55,1128.8,43132.6296,E1,N,N
09/29/2017,22:00,12681.2002,1520.6,2081.45,997.762,13048.0996,6382.6001,3720.9399,1159.16,41591.8118,E2,N,N
09/29/2017,22:00,13096.0996,1586.8,2209.5801,960.423,13098.2998,6988.6602,3854.4299,1284.8199,43079.1125,E3,Y,N
09/29/2017,23:00,11883.8848,1555.3965,2333.6382,874.3971,11600.6807,6688.5444,3415.0869,1103.3239,39454.9525,A3,N,N
09/29/2017,23:00,12110.793,1537.556,2270.3469,859.371,11785.5439,6712.1592,3377.9021,1129.1655,39782.8376,A6,N,N
09/29/2017,23:00,11941.4004,1378.61,2179.0801,974.617,11938.2998,6308.9302,3558.27,1278.41,39557.6175,E,N,N
09/29/2017,23:00,11955.4004,1554.37,2330.3601,877.735,11778.0996,6740.4902,3601.46,1054.72,39892.6353,E1,N,N
09/29/2017,23:00,11938,1445.48,2051.3799,952.635,12019.4004,6243.8198,3494.1201,1133.09,39277.9252,E2,N,N
09/29/2017,23:00,12414.7002,1461.95,2162.0901,899.499,12147,6474.5298,3615.3301,1238.26,40413.3592,E3,Y,N
09/29/2017,24:00,10957.2949,1425.4965,2305.8047,827.9589,10726.4932,6186.4536,3210.5007,1044.1293,36684.1318,A3,N,N
09/29/2017,24:00,11290.7012,1413.2518,2232.6372,820.317,10880.4355,6181.1646,3190.4026,1075.2612,37084.1711,A6,N,N
09/29/2017,24:00,11127.7998,1272.46,2137.29,920.601,10958.2002,5810.02,3326.4299,1203.26,36756.0609,E,N,N
09/29/2017,24:00,11116.2002,1398.42,2242.48,842.742,10604,5993.4502,3329.0901,981.297,36507.6795,E1,N,N
09/29/2017,24:00,11123.9004,1287.53,2017.37,874.313,11037.0996,5677.5498,3227.1799,1079.59,36324.5327,E2,N,N
09/29/2017,24:00,11633.5996,1351.4,2112.1299,844.082,11117.0996,5932.0098,3364.5801,1161.8101,37516.7111,E3,Y,N
