DeliveryDate,HourEnding,Coast,East,FarWest,North,NorthCentral,SouthCentral,Southern,West,SystemTotal,Model,InUseFlag,DSTFlag
02/18/2020,1:00,9507.2256,1264.4659,3627.2681,753.441,9405.9092,4820.5576,2735.0442,1379.2504,33493.162,A3,N,N
02/18/2020,1:00,9393.752,1219.3494,3652.5852,716.6988,9248.5479,4849.1719,2776.7188,1408.2184,33265.0424,A6,N,N
02/18/2020,1:00,9281.5898,1215.92,3426.5,725.955,8852.3604,4824.54,2631.79,1363.29,32321.9452,E,Y,N
02/18/2020,1:00,9298.3604,1193.3199,3437.8101,726.474,8850.2197,4821.5698,2629.29,1338.85,32295.8939,E1,N,N
02/18/2020,1:00,9280.8799,1215.6,3425.52,725.632,8843.5,4824.54,2630.99,1354.27,32300.9319,E2,N,N
02/18/2020,1:00,9299.1699,1193.3199,3432.6899,710.513,8850.2197,4821.8999,2629.24,1338.85,32275.9023,E3,N,N
02/18/2020,1:00,9334.3828,1216.0948,3481.043,725.9904,8919.668,4821.8491,2653.7693,1350.3666,32503.164,M,N,N
02/18/2020,2:00,9092.2676,1146.9266,3430.6885,733.601,8635.7148,4700.3091,2513.6531,1333.8844,31587.0451,A3,N,N
02/18/2020,2:00,9034.5654,1146.6538,3433.3103,735.4308,8630.041,4752.2959,2512.469,1328.6454,31573.4116,A6,N,N
02/18/2020,2:00,9015.0303,1165.51,3374.73,732.332,8440.3203,4552.6401,2512.5701,1374.79,31167.9228,E,Y,N
02/18/2020,2:00,8995.4004,1133.29,3414.8999,724.941,8476.2598,4545.6499,2505.4199,1396.62,31192.4809,E1,N,N
02/18/2020,2:00,9009.3896,1164.77,3373.76,731.774,8430.8604,4551.1001,2510.21,1366.15,31138.0141,E2,N,N
02/18/2020,2:00,8996.3496,1133.85,3410.29,749.201,8476.2598,4545.7402,2505.8101,1396.62,31214.1207,E3,N,N
02/18/2020,2:00,9017.043,1144.553,3407.8223,734.9284,8483.4902,4566.521,2509.0684,1378.9103,31242.3366,M,N,N
02/18/2020,3:00,8870.1924,1139.1206,3419.6924,737.3127,8441.4072,4470.8481,2446.1538,1363.9916,30888.7188,A3,N,N
02/18/2020,3:00,8866.998,1146.8652,3417.417,741.5604,8427.0938,4472.7104,2447.5659,1351.1671,30871.3778,A6,N,N
02/18/2020,3:00,8835.9404,1152.8,3373.6399,743.889,8292.6396,4399.2402,2443.76,1372.52,30614.4291,E,Y,N
02/18/2020,3:00,8850.25,1130.71,3408.48,763.599,8335.6504,4386.2202,2458.23,1366.1801,30699.3197,E1,N,N
02/18/2020,3:00,8831.9199,1152.84,3372.1001,742.87,8274.7998,4398.1201,2442.8999,1363.9,30579.4498,E2,N,N
02/18/2020,3:00,8845.4902,1126.37,3403.03,768.078,8326,4389.3501,2453,1378.5601,30689.8784,E3,N,N
02/18/2020,3:00,8850.3301,1137.2245,3401.2146,754.6202,8326.4404,4401.9951,2449.3616,1368.7581,30689.9446,M,N,N
02/18/2020,4:00,8792.3408,1116.71,3391.509,748.5444,8412.5537,4391.9951,2422.3953,1373.7203,30649.7686,A3,N,N
02/18/2020,4:00,8799.7246,1108.8783,3377.3604,747.4654,8399.4727,4415.6826,2409.9827,1386.8535,30645.4202,A6,N,N
02/18/2020,4:00,8762.2402,1124.3,3362.1799,748.111,8306.0996,4353.0801,2393.3201,1394.11,30443.4409,E,Y,N
02/18/2020,4:00,8740.1504,1097.95,3388.8101,753.839,8327.46,4327.8398,2367.23,1380.95,30384.2293,E1,N,N
02/18/2020,4:00,8761.1602,1122.86,3360.9299,747.057,8292.9004,4347.1299,2391.74,1384.78,30408.5574,E2,N,N
02/18/2020,4:00,8752.4404,1105.48,3383.2,765.402,8322.9404,4319.52,2383.3899,1383.4399,30415.8126,E3,N,N
02/18/2020,4:00,8768.2012,1111.022,3381.4724,753.6564,8326.6836,4340.9712,2387.3394,1383.7721,30453.1183,M,N,N
02/18/2020,5:00,8920.2676,1157.5886,3398.5603,763.0759,8620.54,4481.1509,2410.5522,1442.7893,31194.5248,A3,N,N
02/18/2020,5:00,8966.1807,1151.6738,3385.6877,770.085,8310.7715,4507.1196,2401.2791,1445.8907,30938.6881,A6,N,N
02/18/2020,5:00,8926.7803,1136.63,3397.6899,760.658,8603.7803,4428.1499,2399.25,1426.5,31079.4384,E,Y,N
02/18/2020,5:00,8937.5996,1148.4,3401.6699,747.79,8571.2402,4449.8101,2388.54,1471.74,31116.7898,E1,N,N
02/18/2020,5:00,8926.75,1136.08,3397.8101,759.927,8584.8398,4425.5098,2398.1101,1445.61,31074.6368,E2,N,N
02/18/2020,5:00,8924.21,1139.73,3399.3701,763.287,8574.1299,4429.0498,2387.95,1451.03,31068.7568,E3,N,N
02/18/2020,5:00,8936.8555,1145.3604,3399.8711,758.6543,8586.4678,4439.1113,2395.6597,1450.5349,31112.515,M,N,N
02/18/2020,6:00,9557.3164,1180.835,3429.3367,805.5052,9348.5498,4742.7212,2523.4404,1532.3693,33120.074,A3,N,N
02/18/2020,6:00,9465.1475,1194.8129,3418.0068,801.2265,9289.4316,4730.7954,2512.0779,1544.6455,32956.1441,A6,N,N
02/18/2020,6:00,9497.2695,1232.6801,3404.9099,808.778,9402.9199,4765.3501,2512.9299,1563.6801,33188.5175,E,Y,N
02/18/2020,6:00,9459.79,1135.48,3425.6599,804.322,9396,4743.9399,2515.1201,1598.73,33079.0419,E1,N,N
02/18/2020,6:00,9496.8799,1230.54,3404.1499,812.745,9390.1904,4766.0601,2511.22,1563.14,33174.9253,E2,N,N
02/18/2020,6:00,9452.1504,1163.3199,3424.26,796.083,9372.4297,4758.2002,2510.03,1588.66,33065.1332,E3,N,N
02/18/2020,6:00,9469.5664,1178.9506,3420.8301,805.3062,9384.0254,4753.3252,2512.8042,1575.1547,33099.9628,M,N,N
02/18/2020,7:00,10172.1543,1338.2834,3477.5015,876.2241,10426.8066,5291.0698,2813.832,1668.0104,36063.8821,A3,N,N
02/18/2020,7:00,10162.5508,1309.2042,3458.6641,841.355,10411.0781,5181.5674,2736.1143,1666.0317,35766.5656,A6,N,N
02/18/2020,7:00,10288.0996,1408.64,3464.3101,878.933,10876.4004,5420.3398,2837.1899,1703.38,36877.2928,E,Y,N
02/18/2020,7:00,10293.0996,1393.8199,3473.8999,886.881,10893,5372.2598,2787.3899,1713.39,36813.7401,E1,N,N
02/18/2020,7:00,10307.2002,1408.99,3463.5701,879.393,10860.0996,5418.9302,2833.3301,1714.83,36886.3432,E2,N,N
02/18/2020,7:00,10287.4004,1356.03,3474.4299,880.333,10859.7998,5378.77,2793.1599,1731.24,36761.163,E3,N,N
02/18/2020,7:00,10262.1523,1372.6472,3473.3452,880.7773,10819.7432,5379.5293,2803.8245,1712.9778,36704.9968,M,N,N
02/18/2020,8:00,10582.9639,1388.1597,3603.6553,900.7805,11231.4688,5480.8179,2901.3845,1685.5157,37774.7463,A3,N,N
02/18/2020,8:00,10606.668,1388.8302,3589.3037,889.145,11293.3857,5623.0313,2907.7324,1691.5496,37989.6459,A6,N,N
02/18/2020,8:00,10533.5996,1341.5601,3651.3301,885.927,11459.2998,5660.5498,2883.71,1292.91,37708.8864,E,N,N
02/18/2020,8:00,10592.4004,1358.92,3548.6201,880.868,11275.2002,5632.7002,2897.45,1666.1899,37852.3488,E1,N,N
02/18/2020,8:00,10605.7002,1353.3,3651.21,883.887,11375.0996,5678.7202,2895.75,1682.8101,38126.4771,E2,N,N
02/18/2020,8:00,10593.7998,1371.46,3550.96,889.496,11338.2002,5632.4199,2887.71,1698.76,37962.8059,E3,N,N
02/18/2020,8:00,10574.2813,1365.6797,3591.6008,887.4974,11329.8916,5625.9873,2889.5313,1634.5869,37899.0563,M,Y,N
02/18/2020,9:00,10811.0938,1455.5054,3685.9753,905.986,11574.8594,5695.3232,2850.4192,1590.6683,38569.8306,A3,N,N
02/18/2020,9:00,10816.7197,1456.031,3676.7366,922.7704,11678.6406,5753.0815,2928.1023,1598.5166,38830.5987,A6,N,N
02/18/2020,9:00,10817,1519.9399,3714.1699,917.748,11579.4004,5712.02,2915.3999,1627.12,38802.7981,E,N,N
02/18/2020,9:00,11010.5,1493.3199,3611.4199,921.113,11753.2002,5761.71,2902.24,1501.78,38955.283,E1,N,N
02/18/2020,9:00,10869.5,1522.8,3717.6201,919.823,11547.9004,5703.71,2913.05,1616.47,38810.8735,E2,N,N
02/18/2020,9:00,10954.2002,1464.46,3617.22,909.043,11643.2002,5729.1802,2897.3201,1526.3101,38740.9338,E3,N,N
02/18/2020,9:00,10897.7744,1482.0167,3657.1824,916.3911,11614.876,5720.1475,2889.3081,1563.3812,38741.0774,M,Y,N
02/18/2020,10:00,11103.4482,1454.5746,3708.7373,928.7942,11676.1514,5772.7573,2974.6003,1547.8517,39166.915,A3,N,N
02/18/2020,10:00,11082.6133,1461.5168,3699.4287,924.8748,11793.0039,5769.3022,3001.5352,1520.251,39252.5259,A6,N,N
02/18/2020,10:00,11070,1482.64,3725.75,929.636,11741.2002,5804.6499,3014.24,1625.96,39394.0761,E,N,N
02/18/2020,10:00,10994.2002,1459.58,3666.4399,926.211,11696.2998,5811.1899,3033.3401,1647.5699,39234.8308,E1,N,N
02/18/2020,10:00,11143.9004,1505.45,3728.8601,929.809,11727.5996,5837.1201,3023.04,1600.39,39496.1692,E2,N,N
02/18/2020,10:00,11094.2998,1467.9301,3671.5,931.705,11734.2998,5820.96,3039.1001,1579.92,39339.7148,E3,N,N
02/18/2020,10:00,11059.1777,1467.5068,3691.7666,929.235,11718.6357,5813.2793,3019.541,1603.926,39303.0681,M,Y,N
02/18/2020,11:00,11432.083,1469.2902,3782.7336,948.3334,11966.3613,5881.7295,3162.9041,1518.4326,40161.8677,A3,N,N
02/18/2020,11:00,11355.4658,1473.573,3785.8135,954.5153,12062.7168,5889.7119,3180.25,1484.6316,40186.6779,A6,N,N
02/18/2020,11:00,11382.5,1443.0699,3773.75,947.603,12012.2002,5890,3161.5901,1529.61,40140.3232,E,N,N
02/18/2020,11:00,11547.7002,1449.45,3728.1201,960.615,12169.2998,5951.3701,3165.4199,1492.9399,40464.915,E1,N,N
02/18/2020,11:00,11505.5,1453.1899,3769.1599,948.897,12026.2998,5920.1001,3167.21,1521.65,40312.0067,E2,N,N
02/18/2020,11:00,11524.0996,1472.08,3722.1399,948.394,12139.2998,5952.71,3169.45,1517.79,40445.9633,E3,N,N
02/18/2020,11:00,11491.9316,1458.062,3750.0647,951.1326,12092.2139,5924.1289,3155.4885,1514.1206,40337.1428,M,Y,N
02/18/2020,12:00,11591.8193,1478.3353,3735.3293,943.9925,12220.7266,5912.7534,3324.1274,1546.0421,40753.1259,A3,N,N
02/18/2020,12:00,11580.3721,1496.4192,3745.9443,974.3925,12341.1914,5957.7949,3345.6646,1509.1134,40950.8924,A6,N,N
02/18/2020,12:00,11604.7002,1492.45,3753.4199,925.835,12314.7002,5942.6001,3294.3799,1590.9301,40919.0154,E,N,N
02/18/2020,12:00,11518.7998,1544.5601,3729.8501,937.527,12467.2002,5954.5498,3362.73,1642.15,41157.367,E1,N,N
02/18/2020,12:00,11655.5996,1516.46,3749.25,923.067,12363.7002,5969.3301,3330.52,1582.42,41090.3469,E2,N,N
02/18/2020,12:00,11579.7998,1513.99,3720.28,926.959,12433.9004,5973.3398,3366.53,1612.14,41126.939,E3,N,N
02/18/2020,12:00,11581.9492,1508.2808,3734.5447,931.7012,12377.6953,5951.7021,3337.3411,1601.8577,41025.0721,M,Y,N
02/18/2020,13:00,11669.3789,1513.224,3725.0398,925.6611,12234.9873,6010.3115,3436.4302,1519.9851,41035.0179,A3,N,N
02/18/2020,13:00,11702.3848,1540.6707,3751.7656,914.3868,12353.9365,5944.8887,3482.9409,1495.4282,41186.4022,A6,N,N
02/18/2020,13:00,11651.2002,1554.98,3708.96,895.978,12393.7002,6005.8301,3423.9199,1531.39,41165.9584,E,N,N
02/18/2020,13:00,11562.5,1551.58,3736.8601,900.285,12573,6062.1001,3420.6499,1534.02,41340.9951,E1,N,N
02/18/2020,13:00,11676.7998,1550.26,3706.3401,893.833,12415.2998,6008.8799,3441.4099,1530.3101,41223.1326,E2,N,N
02/18/2020,13:00,11588.2002,1544.84,3732.75,904.641,12616.2998,6052.77,3456.22,1558.2,41453.921,E3,N,N
02/18/2020,13:00,11599.9141,1540.8793,3725.9119,903.0844,12491.0889,6027.1094,3430.2444,1537.8088,41256.0412,M,Y,N
02/18/2020,14:00,11805.1338,1499.4878,3671.3708,905.9535,12242.9219,6004.6616,3582.427,1547.2379,41259.1943,A3,N,N
02/18/2020,14:00,11755.0986,1526.6407,3688.4302,913.1884,12354.4834,5982.5513,3595.9111,1503.7645,41320.0682,A6,N,N
02/18/2020,14:00,11780.5,1575.86,3705.9299,901.098,12491.7002,5983.71,3575.74,1551.54,41566.0781,E,N,N
02/18/2020,14:00,11814.2002,1521.79,3713.55,891.857,12735,5988.6899,3622.52,1547.96,41835.5671,E1,N,N
02/18/2020,14:00,11821.5,1555.61,3705.3201,900.5,12524.5996,5994.4702,3591.4199,1556.83,41650.2498,E2,N,N
02/18/2020,14:00,11757.2002,1540.66,3711.54,885.205,12756.4004,6009.54,3616.3501,1560.1801,41837.0758,E3,N,N
02/18/2020,14:00,11751.3711,1536.8291,3701.3887,895.9451,12619.8086,5993.8301,3601.8975,1553.829,41654.8992,M,Y,N
02/18/2020,15:00,11809.7754,1511.6178,3678.4675,910.4052,12574.7363,5938.9688,3649.0637,1525.0166,41598.0513,A3,N,N
02/18/2020,15:00,11780.8926,1531.7416,3675.6602,916.04,12537.4902,5924.7949,3685.2209,1526.7856,41578.626,A6,N,N
02/18/2020,15:00,11745.7998,1617.21,3695.99,913.536,12506.7998,5926.8398,3649.05,1492.52,41547.7454,E,N,N
02/18/2020,15:00,11824.7002,1586.37,3688.6101,909.914,12484.0996,5959.04,3598.71,1526.37,41577.8139,E1,N,N
02/18/2020,15:00,11784.2998,1619.98,3696.3301,913.08,12485.0996,5951.2798,3652.8999,1501.0601,41604.0293,E2,N,N
02/18/2020,15:00,11835.0996,1565.76,3685.53,897.726,12566.5996,5963.77,3624.54,1525.71,41664.7352,E3,N,N
02/18/2020,15:00,11808.6563,1570.5857,3687.1919,908.1727,12519.1426,5951.7485,3630.8223,1515.4771,41591.7971,M,Y,N
02/18/2020,16:00,11761.4697,1497.7577,3665.5693,922.018,12378.8379,5876.0991,3680.5137,1514.7782,41297.0436,A3,N,N
02/18/2020,16:00,11804.8701,1526.1873,3658.1843,927.5679,12395.8457,5837.0557,3734.96,1498.6445,41383.3155,A6,N,N
02/18/2020,16:00,11723.7998,1626.91,3686.8899,901.642,12486.0996,5860.2402,3703.6101,1497.5699,41486.7615,E,N,N
02/18/2020,16:00,11845.0996,1532.15,3654.6599,926.162,12438.2998,5895,3630.79,1499.9399,41422.1012,E1,N,N
02/18/2020,16:00,11795.9004,1621.25,3686.8799,900.282,12417.2002,5866.1001,3711.1001,1506.54,41505.2527,E2,N,N
02/18/2020,16:00,11924.2998,1516.22,3676.98,899.674,12395.2998,5897.1499,3666.0601,1499.5699,41475.2535,E3,N,N
02/18/2020,16:00,11822.6797,1542.552,3671.0234,909.487,12420.8174,5881.605,3671.1797,1503.056,41422.4002,M,Y,N
02/18/2020,17:00,11645.4414,1482.1749,3655.7878,936.9115,12427.4111,5878.9741,3660.063,1523.5862,41210.35,A3,N,N
02/18/2020,17:00,11681.2432,1524.6958,3631.0591,934.3019,12432.0127,5826.5293,3715.3315,1524.3373,41269.5108,A6,N,N
02/18/2020,17:00,11616,1617.83,3691.99,907.379,12687.5,5889.2598,3714,1523.61,41647.5688,E,N,N
02/18/2020,17:00,11652.2998,1473.8,3665.26,943.365,12568,5788.5298,3610.24,1507.37,41208.8646,E1,N,N
02/18/2020,17:00,11673.4004,1623.04,3690.21,904.662,12513.2998,5879.5898,3726.73,1532.0601,41542.9921,E2,N,N
02/18/2020,17:00,11878.7002,1467.86,3642.8701,924.682,12350.5,5879.6899,3668.01,1526.72,41339.0322,E3,N,N
02/18/2020,17:00,11705.2852,1511.0675,3663.7546,923.7136,12497.3135,5857.9814,3664.6694,1522.437,41346.2222,M,Y,N
02/18/2020,18:00,11589.9814,1502.15,3653.6582,929.6852,12668.4141,5987.7319,3636.7209,1550.5927,41518.9344,A3,N,N
02/18/2020,18:00,11647.7656,1543.8962,3623.4487,908.2518,12651.1777,5875.0454,3665.9211,1502.1758,41417.6823,A6,N,N
02/18/2020,18:00,11613.5996,1550.89,3700.8601,931.368,13391.0996,6012.0898,3660.6899,1542.14,42402.737,E,N,N
02/18/2020,18:00,11663.0996,1475.14,3640.04,942.36,13555.7998,5853.4399,3464.1201,1491.13,42085.1294,E1,N,N
02/18/2020,18:00,11404,1547.85,3690.3201,915.812,12759.7002,5815.75,3576.0701,1532.05,41241.5524,E2,N,N
02/18/2020,18:00,11697.7998,1440.39,3649.27,941.272,12727.2998,5863.02,3566.3701,1516.5699,41401.9916,E3,N,N
02/18/2020,18:00,11614.9209,1491.7625,3659.6396,932.4927,13018.1396,5883.0303,3571.3977,1521.5291,41692.9124,M,Y,N
02/18/2020,19:00,11743.1729,1567.1796,3684.7349,960.6721,13180.8164,6269.9502,3635.948,1612.1597,42654.6338,A3,N,N
02/18/2020,19:00,11736.9238,1599.6672,3635.1316,930.9252,13210.3574,6135.1162,3631.7771,1551.2241,42431.1226,A6,N,N
02/18/2020,19:00,11819.4004,1529.48,3724.1599,990.629,14092,6237.0801,3669.3701,1597.2,43659.3195,E,N,N
02/18/2020,19:00,11630.4004,1530.1899,3780.8999,987.803,14416.7998,6354.4199,3473.71,1563.11,43737.3329,E1,N,N
02/18/2020,19:00,11441.7002,1549.01,3711.28,963.926,13261.5,5932.0098,3510.8201,1574.17,41944.4161,E2,N,N
02/18/2020,19:00,11666.7998,1623.73,3770.47,982.645,13255,6216.2598,3554.3301,1586.45,42655.6847,E3,N,N
02/18/2020,19:00,11667.7314,1565.0861,3738.4561,977.5061,13642.4268,6189.0513,3563.5208,1582.1025,42925.8811,M,Y,N
02/18/2020,20:00,11465.8682,1565.2091,3752.9438,975.9973,13457.6396,6465.1743,3643.5386,1674.7172,43001.0881,A3,N,N
02/18/2020,20:00,11462.6895,1584.9819,3704.7327,950.7019,13556.6162,6407.2329,3631.7061,1604.255,42902.9162,A6,N,N
02/18/2020,20:00,11719,1554.03,3794.8301,1015.52,14091,6314.3701,3636.45,1608.02,43733.2202,E,N,N
02/18/2020,20:00,11759.5996,1566.34,3843.6899,1052.65,13779.5996,6501.8101,3480.4199,1605.15,43589.2591,E1,N,N
02/18/2020,20:00,11406.7998,1577.92,3760.22,993.984,13429.2998,6080.6899,3538.25,1641.64,42428.8035,E2,N,N
02/18/2020,20:00,11543.7002,1600.61,3713.4099,999.208,13453.9004,6443.27,3592.7,1613.85,42960.6485,E3,N,N
02/18/2020,20:00,11583.0166,1574.5334,3771.8923,1010.4001,13609.2793,6353.8853,3576.0022,1625.5022,43104.5114,M,Y,N
02/18/2020,21:00,11022.5947,1549.4089,3766.9963,969.619,13230.8047,6360.7925,3540.6008,1686.5005,42127.3174,A3,N,N
02/18/2020,21:00,11098.6416,1550.4183,3702.1038,933.9453,13332.0713,6315.3477,3509.729,1618.4962,42060.7532,A6,N,N
02/18/2020,21:00,11499.0996,1557.51,3810.01,1010.61,13917.4004,6257.6001,3536.53,1591.01,43179.7701,E,N,N
02/18/2020,21:00,11281.2998,1589.63,3720.6599,1024.02,13875.5,6398.8101,3441.52,1627.88,42959.3198,E1,N,N
02/18/2020,21:00,11177.4004,1566.91,3739.1899,993.337,13271.7998,6066.0698,3441.6299,1647.49,41903.8268,E2,N,N
02/18/2020,21:00,11199,1545.15,3762.04,990.877,13426.9004,6098.25,3465.8999,1590.91,42079.0273,E3,N,N
02/18/2020,21:00,11210.2861,1561.5997,3756.074,999.5871,13537.0762,6218.0815,3484.2754,1626.2588,42393.2388,M,Y,N
02/18/2020,22:00,10554.6221,1501.9857,3771.3765,951.1469,12930,6115.3325,3349.8892,1669.2773,40843.6302,A3,N,N
02/18/2020,22:00,10582.4883,1477.8676,3714.5242,912.094,12896.0244,6113.9453,3317.2942,1603.5022,40617.7402,A6,N,N
02/18/2020,22:00,11164.0996,1510.79,3771.98,979.705,13414.5,6057.75,3385.71,1602.85,41887.3846,E,N,N
02/18/2020,22:00,10791.4004,1491.66,3613.8899,1011.11,13120.5996,5998.8901,3211.54,1628.47,40867.56,E1,N,N
02/18/2020,22:00,10884.0996,1532.91,3709.3999,961.571,12789.7998,5879.8901,3291.6299,1599.34,40648.6403,E2,N,N
02/18/2020,22:00,10845.5996,1546.86,3747.79,962.608,12777.2002,6045.4102,3291.21,1527.4399,40744.1179,E3,N,N
02/18/2020,22:00,10803.9297,1515.589,3718.4365,975.1787,12964.9619,6002.6831,3297.8274,1597.8284,40876.4347,M,Y,N
02/18/2020,23:00,9937.3916,1435.6674,3737.0344,920.6545,12258.9473,5733.8286,3085.7266,1639.7672,38749.0176,A3,N,N
02/18/2020,23:00,9979.5625,1371.5293,3678.3591,884.8408,12059.9326,5797.1177,3052.5413,1589.2178,38413.1011,A6,N,N
02/18/2020,23:00,10641.7002,1430.71,3686.8101,931.482,12598.5996,5749.9702,3119.8899,1591.37,39750.532,E,N,N
02/18/2020,23:00,10015.7998,1473.9301,3582.71,935.171,12089.2002,5624.3101,2970.04,1672.86,38364.0212,E1,N,N
02/18/2020,23:00,10351,1444.51,3622.29,916.702,11923.2998,5521.0498,3080.01,1523.21,38382.0716,E2,N,N
02/18/2020,23:00,10280.5996,1463.38,3628.04,918.01,12340.5,5501.4902,3068.6299,1539.4301,38740.0798,E3,N,N
02/18/2020,23:00,10182.5352,1452.6469,3650.5837,923.9879,12195.4434,5597.187,3056.0867,1587.7672,38646.238,M,Y,N
02/18/2020,24:00,9322.3447,1367.1467,3702.9241,893.8592,11484.1504,5337.6167,2793.2947,1582.0282,36483.3647,A3,N,N
02/18/2020,24:00,9381.6016,1280.2322,3646.6838,858.4596,11251.7666,5437.9736,2754.105,1529.8755,36140.6979,A6,N,N
02/18/2020,24:00,10034.5,1359.15,3619.1799,884.992,11841.5996,5455.29,2837.6799,1520.62,37553.0114,E,N,N
02/18/2020,24:00,9410.4199,1337.0699,3558.6499,894.614,11703.2998,5240.1802,2659.51,1591.35,36395.0937,E1,N,N
02/18/2020,24:00,9720.4004,1355.53,3554.52,875.6,11091.4004,5193.8999,2835.55,1450.45,36077.3507,E2,N,N
02/18/2020,24:00,9460.9404,1355.4301,3654.6299,876.741,11617.2002,5154.6899,2759.8899,1486.6899,36366.2113,E3,N,N
02/18/2020,24:00,9517.7891,1354.2467,3625.7634,884.0952,11518.6943,5246.3057,2762.3274,1519.9535,36429.1753,M,Y,N
02/19/2020,1:00,8937.2725,1348.2366,3722.8608,888.1572,11098.9277,5042.5146,2599.2024,1518.7871,35155.9589,A3,N,N
02/19/2020,1:00,8965.8926,1210.8472,3771.96,834.2179,10964.6211,5097.6772,2609.2988,1536.2904,34990.8052,A6,N,N
02/19/2020,1:00,9116.3701,1302.15,3568.1799,848.288,10875.4004,5290.9502,2586.78,1475.04,35063.1586,E,N,N
02/19/2020,1:00,8948.0996,1274.42,3574.1399,871.243,11171.2998,4886.5,2394.72,1476.53,34596.9523,E1,N,N
02/19/2020,1:00,9260.0996,1442.99,3499.0801,856.216,10708.7998,5279.5498,2675.71,1409.26,35131.7053,E2,N,N
02/19/2020,1:00,9117.7002,1339.1801,3635.75,844.991,11038,5006.77,2487.51,1447.85,34917.7513,E3,N,N
02/19/2020,1:00,9047.8262,1333.6017,3616.5952,860.1682,10976.3164,5084.8882,2528.1694,1457.6384,34905.2037,M,Y,N
02/19/2020,2:00,8678.8418,1333.2444,3733.9199,893.0294,10937.9678,4995.3013,2463.0371,1484.4451,34519.7868,A3,N,N
02/19/2020,2:00,8733.3115,1175.3839,3782.0432,841.9563,10871.3574,5022.686,2453.835,1505.8337,34386.407,A6,N,N
02/19/2020,2:00,8815.96,1269.86,3544.24,830.389,10573,5223.3101,2421.01,1447.72,34125.4891,E,N,N
02/19/2020,2:00,8616.0098,1238.91,3579.8301,871.054,10746.2002,4567.1201,2218.9099,1466.27,33304.3041,E1,N,N
02/19/2020,2:00,8934.3301,1435.3,3473.6599,846.339,10467.5,5169.04,2560.54,1389,34275.709,E2,N,N
02/19/2020,2:00,8710.9805,1323.3199,3642.1899,833.568,10698.5996,4939.23,2323.76,1395.5601,33867.208,E3,N,N
02/19/2020,2:00,8720.2441,1312.0135,3616.2227,853.1675,10666.9453,4946.1738,2374.1206,1429.2281,33918.1156,M,Y,N
02/19/2020,3:00,8586.1768,1348.4382,3744.4768,897.0659,10966.6904,4971.6934,2391.2927,1481.2854,34387.1196,A3,N,N
02/19/2020,3:00,8617.5742,1175.098,3788.9832,845.5302,10935.4063,5007.3149,2370.7358,1494.0676,34234.7102,A6,N,N
02/19/2020,3:00,8701.1904,1263.64,3536.52,823.271,10494,5245.8301,2298.96,1436.78,33800.1915,E,N,N
02/19/2020,3:00,8399.0703,1243.36,3527.9299,869.067,10684,4523.6602,2159.24,1459.84,32866.1674,E1,N,N
02/19/2020,3:00,8782.3203,1445,3460.76,849.35,10399.5996,5126.1099,2473.99,1387.6899,33924.8197,E2,N,N
02/19/2020,3:00,8577.1299,1296.02,3675.3101,829.006,10723.4004,5007.02,2169.04,1472.1801,33749.1065,E3,N,N
02/19/2020,3:00,8576.0332,1310.5345,3611.5894,851.8978,10634.3359,4941.3877,2276.512,1444.6857,33646.9762,M,Y,N
02/19/2020,4:00,8595.2061,1365.6554,3746.0989,913.2549,11161.9072,5004.4746,2367.344,1493.1992,34647.1403,A3,N,N
02/19/2020,4:00,8602.5801,1166.9871,3769.3137,858.407,11179.1309,5087.957,2327.6331,1531.3765,34523.3854,A6,N,N
02/19/2020,4:00,8692.2998,1272.11,3553.8501,839.906,10586.7002,5263.25,2272.1201,1439.34,33919.5762,E,N,N
02/19/2020,4:00,8384.0703,1269.79,3602.5,900.003,10761.7998,4645.7202,2132.51,1466.2,33162.5933,E1,N,N
02/19/2020,4:00,8734.04,1481.95,3475.1499,864.651,10491.2002,5156.4102,2440.27,1394.05,34037.7213,E2,N,N
02/19/2020,4:00,8456.7803,1331.01,3619.79,846.581,10901.7998,4957.4702,2203.1001,1470.74,33787.2714,E3,N,N
02/19/2020,4:00,8537.3066,1335.8713,3620.7222,871.9539,10757.2764,4973.3657,2264.7871,1449.3149,33810.5981,M,Y,N
02/19/2020,5:00,8827.3008,1430.0997,3734.1326,946.6191,11612.5,5203.7222,2389.7769,1539.5466,35683.6979,A3,N,N
02/19/2020,5:00,8816.6328,1193.1691,3735.1748,899.0903,11339.8096,5492.9736,2328.4072,1599.5144,35404.7718,A6,N,N
02/19/2020,5:00,8895.5898,1317.16,3584.72,880.512,11023.9004,5443.79,2308.1001,1460.98,34914.7523,E,N,N
02/19/2020,5:00,8565.3398,1270.59,3655.6101,925.502,11142.5996,4880.5098,2183.6799,1514.25,34138.0812,E1,N,N
02/19/2020,5:00,8882.4199,1547.65,3507.77,896.438,10891.5,5364.4702,2481.4299,1435.01,35006.688,E2,N,N
02/19/2020,5:00,8729.7695,1413.74,3648.71,884.63,11479.0996,5074.1001,2189.1599,1511.01,34930.2191,E3,N,N
02/19/2020,5:00,8752.8535,1386.7087,3646.1743,905.0339,11207.8496,5160.709,2289.3455,1490.1333,34838.8078,M,Y,N
02/19/2020,6:00,9389.8398,1529.1993,3753.554,1010.3969,12547.5889,5599.501,2523.7881,1628.5074,37982.3754,A3,N,N
02/19/2020,6:00,9352.2324,1276.7798,3731.666,957.4648,12318.8418,5898.8691,2431.3538,1708.6687,37675.8764,A6,N,N
02/19/2020,6:00,9472.0703,1411.79,3666.3201,955.694,11940.7002,5903.8701,2473.8101,1518.34,37342.5948,E,N,N
02/19/2020,6:00,9075.8496,1434.11,3678.1899,978.5,12236.2002,5307.25,2391.0901,1572.34,36673.5298,E1,N,N
02/19/2020,6:00,9431.1104,1629.17,3582.5901,957.878,11853.5996,5900.3599,2630.76,1534.48,37519.948,E2,N,N
02/19/2020,6:00,9178.0703,1475.02,3670.3301,953.909,12351.7998,5743.3398,2349.52,1524.03,37246.019,E3,N,N
02/19/2020,6:00,9273.8379,1489.7023,3681.6323,968.3331,12171.4365,5675.6587,2454.1709,1551.0684,37265.8401,M,Y,N
02/19/2020,7:00,10142.5234,1688.0873,3802.281,1091.0135,13873.0205,6207.7793,2832.6599,1759.9872,41397.3521,A3,N,N
02/19/2020,7:00,10072.3213,1361.3231,3760.2026,1005.6666,13668.665,6416.5938,2655.394,1845.5995,40785.7659,A6,N,N
02/19/2020,7:00,10245.9004,1565.98,3783.21,1061.04,13257.7998,6536.4102,2801,1637.51,40888.8504,E,N,N
02/19/2020,7:00,9916.5898,1618.73,3744.5,1069.85,14024.7002,6171.3701,2709.3301,1706.1,40961.1702,E1,N,N
02/19/2020,7:00,10211.2002,1784.86,3697.3401,1047.2,13355,6675.1099,2969.4199,1679.4301,41419.5602,E2,N,N
02/19/2020,7:00,10184.4004,1652.4399,3705.29,1059.3199,13963.5996,6430.96,2700.1299,1629.55,41325.6897,E3,N,N
02/19/2020,7:00,10118.0156,1658.6693,3748.0864,1063.0992,13727.1777,6412.3838,2781.8325,1678.4573,41187.7218,M,Y,N
02/19/2020,8:00,10417.4414,1753.4207,3827.3066,1115.7808,14397.2002,6401.2446,2913.6406,1801.439,42627.4739,A3,N,N
02/19/2020,8:00,10381.6299,1427.7255,3770.1772,1033.6609,14373.1787,6796.937,2741.4653,1896.7551,42421.5296,A6,N,N
02/19/2020,8:00,10632.7998,1619.1801,3830.1201,1103.24,13920.7002,6816.3799,2906.55,1659.66,42488.6301,E,N,N
02/19/2020,8:00,10257.4004,1685.03,3735.28,1111.62,14282.7002,6695.77,2971.6201,1734.86,42474.2807,E1,N,N
02/19/2020,8:00,10530.0996,1796.11,3748.98,1076.6899,14023.4004,6965.1602,3054.6899,1716.1801,42911.3101,E2,N,N
02/19/2020,8:00,10488.5,1645.08,3790.0601,1095.4399,14731.5996,6816.0698,3021.6599,1674.67,43263.0793,E3,N,N
02/19/2020,8:00,10436.1982,1697.7941,3785.5493,1098.3151,14299.1621,6771.4531,2971.8853,1714.0649,42774.4221,M,Y,N
02/19/2020,9:00,10509.0088,1790.3608,3775.5837,1102.6978,14194.6201,6413.8833,2825.4937,1755.0261,42366.6743,A3,N,N
02/19/2020,9:00,10507.3828,1479.0808,3717.5422,1056.5844,14375.0029,6824.8589,2750.9578,1854.394,42565.8038,A6,N,N
02/19/2020,9:00,10735.4004,1636.55,3781.8799,1102.98,13935.0996,6809.4399,2841.0801,1622.6,42465.0299,E,N,N
02/19/2020,9:00,10272.2002,1665.1899,3679.4099,1093.13,14200.2998,6631.1699,2766.1699,1685.55,41993.1196,E1,N,N
02/19/2020,9:00,10613.2998,1789.1,3702.3401,1072.72,13980,6883.5801,3012.3899,1636.3101,42689.74,E2,N,N
02/19/2020,9:00,10367.7998,1727.41,3683.1101,1088.08,14560.5,6856.4199,2808.6399,1654.6801,42746.6398,E3,N,N
02/19/2020,9:00,10455.8398,1723.9464,3720.0535,1089.1921,14201.415,6745.708,2831.7595,1666.3383,42434.2526,M,Y,N
02/19/2020,10:00,10642.8037,1782.5499,3759.8997,1093.2401,14018.2246,6428.6782,2850.8933,1696.9233,42273.2128,A3,N,N
02/19/2020,10:00,10690.2441,1525.132,3709.5703,1058.5793,14230.7148,6788.0146,2811.0366,1765.2887,42578.5804,A6,N,N
02/19/2020,10:00,10837.9004,1662.9,3779.2,1099.5699,13969.5,6845.7002,2815.8,1612.64,42623.2105,E,N,N
02/19/2020,10:00,10438.9004,1722.5601,3711.4299,1097.5,14128.2002,6771.6099,2810.5601,1679.85,42360.6106,E1,N,N
02/19/2020,10:00,10801.7002,1785.55,3692.9299,1073.23,14075.0996,6907.0898,3023.1899,1608.53,42967.3194,E2,N,N
02/19/2020,10:00,10615.7998,1687.92,3712.54,1088.6,14266.5,6898.6899,2792.8501,1623.15,42686.0498,E3,N,N
02/19/2020,10:00,10629.3262,1729.3137,3729.9836,1088.9337,14115.916,6803.6445,2843.4497,1641.578,42582.1454,M,Y,N
02/19/2020,11:00,10811.624,1791.0792,3776.2878,1079.0878,13876.7881,6492.3184,2889.2866,1645.2557,42361.7276,A3,N,N
02/19/2020,11:00,10890.1016,1529.0177,3737.0579,1062.8076,14090.8418,6831.2539,2884.26,1688.6119,42713.9524,A6,N,N
02/19/2020,11:00,10894.9004,1685.6899,3757.6001,1081.71,13962.7002,6906.3599,2805.5801,1597.01,42691.5506,E,N,N
02/19/2020,11:00,10641.2002,1757.84,3684.8601,926.061,14200.2998,6721.5098,2805.3101,1612.33,42349.411,E1,N,N
02/19/2020,11:00,10948.2002,1806.15,3679.04,1055,14108.9004,6931.23,3012.0901,1579.76,43120.3707,E2,N,N
02/19/2020,11:00,10673,1729.42,3667.24,1066.1899,14181.2998,6922.5801,2807.77,1608.4,42655.8998,E3,N,N
02/19/2020,11:00,10761.8438,1756.0648,3711.6772,1031.9125,14102.5615,6818.6646,2852.8003,1605.4056,42640.9303,M,Y,N
02/19/2020,12:00,10852.3457,1765.4119,3767.9922,1052.6296,13575.6123,6453.3145,2929.3589,1613.1194,42009.7845,A3,N,N
02/19/2020,12:00,10992.7227,1533.0847,3746.772,1070.0238,13846.9121,6563.0493,2955.4507,1624.3267,42332.342,A6,N,N
02/19/2020,12:00,10865.2002,1681.55,3708.6299,1058.41,13859.7998,6883.54,2798.03,1575.49,42430.6499,E,N,N
02/19/2020,12:00,10720.2998,1744.62,3639.05,1051.23,14140.7002,6881.6001,2784.2,1623.98,42585.6801,E1,N,N
02/19/2020,12:00,10952.7998,1771.55,3651.05,1038.15,13962.4004,6859.9199,2972.3101,1550.26,42758.4402,E2,N,N
02/19/2020,12:00,10808.2002,1715.62,3653.54,1048.11,13993.2002,6874.5801,2798.46,1584.61,42476.3205,E3,N,N
02/19/2020,12:00,10822.4619,1738.0505,3685.1057,1048.2524,13953.501,6821.1318,2849.2974,1588.2887,42506.0894,M,Y,N
02/19/2020,13:00,10790.8545,1750.4836,3754.7607,1022.4034,13217.543,6395.9351,2924.6272,1586.8397,41443.4472,A3,N,N
02/19/2020,13:00,10985.6357,1542.7649,3760.1074,1052.0392,13421.332,6423.4404,3001.1421,1578.0735,41764.5352,A6,N,N
02/19/2020,13:00,10730.9004,1676.92,3676.29,1026.16,13656,6810.0898,2772.9399,1555,41904.3001,E,N,N
02/19/2020,13:00,10568.9004,1695.16,3619.72,1054.89,13872.9004,6810.71,2813.8999,1565.39,42001.5707,E1,N,N
02/19/2020,13:00,10789.7998,1755.28,3621.8601,1011.75,13707.7998,6712.2598,2915.46,1529.79,42043.9995,E2,N,N
02/19/2020,13:00,10702.0996,1691.34,3648.6001,1018.19,13558.5,6863.7598,2857.7,1572.34,41912.5295,E3,N,N
02/19/2020,13:00,10705.5508,1713.2709,3668.0391,1027.278,13643.9932,6747.4355,2860.1067,1559.61,41925.2842,M,Y,N
02/19/2020,14:00,10720.7275,1743.5803,3739.8804,1004.4992,12918.3428,6367.6401,2936.2607,1584.5574,41015.4884,A3,N,N
02/19/2020,14:00,10954.6494,1524.5143,3761.2534,1047.02,13108.6787,6370.5151,3033.2131,1544.9042,41344.7482,A6,N,N
02/19/2020,14:00,10628.5996,1677.27,3680.54,1008.92,13396.2002,6711.2798,2747.3799,1539.14,41389.3295,E,N,N
02/19/2020,14:00,10589.2002,1708.9399,3541.45,1031.59,13721.5,6692.2202,2763.6899,1618.0699,41666.6601,E1,N,N
02/19/2020,14:00,10703.2998,1748.6801,3624.8601,1001.3,13448.2998,6569.9902,2856.5901,1518.13,41471.1501,E2,N,N
02/19/2020,14:00,10705.7998,1682.3,3647.25,1002.49,13438.4004,6803.5698,2824.6799,1511.65,41616.1399,E3,N,N
02/19/2020,14:00,10670.4189,1711.9487,3645.3201,1010.5224,13441.3672,6651.3101,2831.6538,1552.4246,41514.9658,M,Y,N
02/19/2020,15:00,10737.9033,1712.6283,3731.4868,984.8024,12840.2139,6345.415,2964.7395,1575.4373,40892.6265,A3,N,N
02/19/2020,15:00,10932.0537,1513.0938,3747.698,1030.4988,12763.8975,6301.519,3099.2437,1546.8641,40934.8686,A6,N,N
02/19/2020,15:00,10496.7998,1661.09,3687.3401,994.881,13161.2998,6611.8901,2695.02,1518.99,40827.3108,E,N,N
02/19/2020,15:00,10552.7998,1673.87,3573.55,1031.52,13411.5,6779.0801,2777.9299,1564.5,41364.7498,E1,N,N
02/19/2020,15:00,10566.5,1681.12,3641.26,986.161,13192.5,6427.7998,2777.6599,1500.88,40773.8807,E2,N,N
02/19/2020,15:00,10622.9004,1622.76,3604.5901,987.278,13108.7998,6676.29,2837.1799,1510.88,40970.6782,E3,N,N
02/19/2020,15:00,10611.3125,1670.0908,3643.4817,998.7002,13178.3896,6590.4551,2829.0474,1530.8684,41052.3457,M,Y,N
02/19/2020,16:00,10700.5957,1718.4601,3721.1943,977.3956,12744.8369,6360.894,2949.6345,1564.6624,40737.6735,A3,N,N
02/19/2020,16:00,10842.4131,1527.0531,3730.4492,1024.8608,12611.2969,6301.0713,3083.5005,1541.3862,40662.0311,A6,N,N
02/19/2020,16:00,10320.4004,1656.33,3690.6201,981.16,13085.7002,6563.3301,2668.9199,1541.7,40508.1607,E,N,N
02/19/2020,16:00,10594.5,1672.02,3593.28,1012.83,13395.7998,6735.8101,2826.76,1568.8,41399.7999,E1,N,N
02/19/2020,16:00,10453.5996,1657.58,3654.1101,971.049,13092.5,6340.6401,2725.1399,1518.61,40413.2287,E2,N,N
02/19/2020,16:00,10506.9004,1605.76,3680.6799,971.107,13040.0996,6679.5098,2794.5901,1526.89,40805.5368,E3,N,N
02/19/2020,16:00,10547.25,1663.2988,3666.8796,983.5659,13110.918,6554.5181,2817.0037,1541.8704,40885.3045,M,Y,N
02/19/2020,17:00,10684.1855,1722.3983,3710.2529,973.461,12930.2764,6397.1064,2929.572,1583.4946,40930.7471,A3,N,N
02/19/2020,17:00,10810.3174,1498.4309,3702.8064,1015.6187,12739.1631,6242.5835,3042.3552,1583.5009,40634.7761,A6,N,N
02/19/2020,17:00,10229,1690.95,3715.52,985.789,13355.2998,6587.2598,2695.9099,1537.9399,40797.6684,E,N,N
02/19/2020,17:00,10558.2998,1698.62,3660.6699,1006.01,13666.4004,6850.25,2726.01,1561.4399,41727.7,E1,N,N
02/19/2020,17:00,10446.7998,1711.33,3683.1699,981.071,13326.0996,6375.98,2742.6599,1577.63,40844.7402,E2,N,N
02/19/2020,17:00,10584.7002,1650.89,3627.4299,978.948,13426.9004,6849.7798,2859.05,1592.7,41570.3983,E3,N,N
02/19/2020,17:00,10541.2715,1693.2621,3674.4243,986.4135,13390.5469,6642.0483,2808.4792,1573.1218,41309.5676,M,Y,N
02/19/2020,18:00,10767.085,1759.7437,3706.3479,956.389,13414.1318,6565.0049,2931.4241,1629.7677,41729.8941,A3,N,N
02/19/2020,18:00,10865.5557,1541.3336,3692.803,982.4914,13122.4063,6302.1577,2982.4961,1599.401,41088.6448,A6,N,N
02/19/2020,18:00,10307.0996,1739.39,3749.04,985.054,13820.2002,6817.29,2751.54,1603.51,41773.1238,E,N,N
02/19/2020,18:00,10626.0996,1707.14,3681.52,973.736,14453.2002,7133.3501,2860.3401,1652.89,43088.276,E1,N,N
02/19/2020,18:00,10546.5996,1743.96,3718.6899,977.246,13733.2998,6610.1802,2808.6599,1635.8199,41774.4553,E2,N,N
02/19/2020,18:00,10648.5,1683.73,3691.5,976.511,13789.2002,7099.54,2915.01,1629.86,42433.8512,E3,N,N
02/19/2020,18:00,10617.1338,1723.0721,3703.3083,974.5536,13898.2168,6883.5547,2871.7185,1633.8021,42305.3599,M,Y,N
02/19/2020,19:00,11212.9258,1849.5934,3735.1743,981.7033,14159.3662,6955.6582,3015.8184,1690.533,43600.7726,A3,N,N
02/19/2020,19:00,11278.0342,1621.0676,3701.3088,1007.0209,13947.1631,6689.6182,3001.3694,1669.201,42914.7832,A6,N,N
02/19/2020,19:00,10513.5996,1809.29,3786.78,1022.29,14390.2002,7138.2202,2891.79,1676.95,43229.12,E,N,N
02/19/2020,19:00,10776.2998,1817.3,3717.45,1020.3,14758.7002,7390.6099,2979.48,1691.88,44152.0199,E1,N,N
02/19/2020,19:00,10750.5,1840.1801,3748.02,1007.16,14265.5,6953.8599,2990.3701,1692.6899,43248.28,E2,N,N
02/19/2020,19:00,10731.7998,1781.46,3734.8401,1019.75,14411.7002,7277.0898,3059.3899,1705.95,43721.9798,E3,N,N
02/19/2020,19:00,10838.2695,1818.272,3738.7161,1012.3016,14427.6709,7167.1245,2998.9421,1693.5654,43694.8621,M,Y,N
02/19/2020,20:00,11287.8486,1866.5403,3798.4871,989.6735,14334.4209,7171.9106,3143.3237,1750.5969,44342.8016,A3,N,N
02/19/2020,20:00,11385.4141,1713.9988,3764.4094,1010.6747,14224.9541,7009.8188,3084.9863,1732.4033,43926.6595,A6,N,N
02/19/2020,20:00,10516.5996,1809.76,3833.04,1044.29,14500.7998,7258.3701,2982.8601,1661.17,43606.8896,E,N,N
02/19/2020,20:00,10818.0996,1836.51,3779.6399,1061.02,14927.5,7632.54,3191.4199,1771.52,45018.2494,E1,N,N
02/19/2020,20:00,10781.7998,1854.86,3786.3999,1029.53,14384.0996,7153.71,3152.9199,1750.47,43893.7892,E2,N,N
02/19/2020,20:00,10805.9004,1822.83,3841.46,1042.47,14608.0996,7458.7998,3189.51,1685.9399,44455.0097,E3,N,N
02/19/2020,20:00,10890.2617,1839.5477,3807.3267,1037.5005,14584.3281,7365.0479,3148.0359,1728.4534,44400.5019,M,Y,N
02/19/2020,21:00,11109.0264,1868.0015,3806.5178,977.5422,14226.6934,7069.2896,3148.9851,1762.427,43968.483,A3,N,N
02/19/2020,21:00,11260.0264,1709.3635,3754.2712,990.2978,14134.0498,6928.3052,3044.0251,1750.8367,43571.1757,A6,N,N
02/19/2020,21:00,10365.5996,1793.5,3836.1799,1035.4399,14421.7002,7200.8501,2979.73,1670.08,43303.0797,E,N,N
02/19/2020,21:00,10690.7002,1824.14,3727.26,1051.5699,14469.2998,7377.8398,3169.6101,1777.54,44087.9598,E1,N,N
02/19/2020,21:00,10645.2002,1850.27,3773.6899,1021.14,14189.0996,7137.6802,3172.3501,1737.39,43526.82,E2,N,N
02/19/2020,21:00,10691,1765.25,3775.3401,1033.74,14466.2998,7094.9302,3148.3301,1686.53,43661.4202,E3,N,N
02/19/2020,21:00,10749.0313,1819.8191,3778.5132,1028.2354,14362.2236,7186.3799,3135.7412,1729.4285,43789.3722,M,Y,N
02/19/2020,22:00,10825.4307,1807.5693,3803.5171,952.5254,13676.1563,6779.9482,3078.3777,1732.2177,42655.7424,A3,N,N
02/19/2020,22:00,10972.1084,1661.903,3760.0706,961.0707,13642.7334,6662.9712,2947.769,1728.5537,42337.18,A6,N,N
02/19/2020,22:00,10063.7002,1731.96,3791.8999,996.571,13994.2002,6985.02,2911.54,1610.46,42085.3513,E,N,N
02/19/2020,22:00,10172,1733.52,3650.1899,1043.71,14099.2002,7087.9302,3074.51,1750.1801,42611.2404,E1,N,N
02/19/2020,22:00,10400.2002,1811.9399,3713.3899,985.536,13688.7998,6899.8501,3126.45,1681.65,42307.8159,E2,N,N
02/19/2020,22:00,10226.2002,1735.59,3754.95,998.794,13807.7002,6939.0498,3098.6101,1633.45,42194.3443,E3,N,N
02/19/2020,22:00,10363.8955,1762.1572,3740.3254,1000.647,13857.7197,6952.3281,3067.623,1684.1548,42428.8507,M,Y,N
02/19/2020,23:00,10282.873,1697.156,3757.3875,918.1544,12914.7178,6328.7065,2920.7231,1693.7113,40513.4296,A3,N,N
02/19/2020,23:00,10431.8623,1553.2593,3715.0061,928.0864,12853.1787,6398.6069,2780.8318,1692.8685,40353.7,A6,N,N
02/19/2020,23:00,9596.3398,1629.42,3711.5601,943.203,13186.2002,6599.3799,2773.53,1561.98,40001.613,E,N,N
02/19/2020,23:00,9753.1104,1652.36,3624.9399,967.883,13168.7002,6596.98,2856.1499,1690.77,40310.8934,E1,N,N
02/19/2020,23:00,9945.4102,1712.42,3637.0901,939.613,12790.9004,6464.2798,2998.6899,1598.26,40086.6634,E2,N,N
02/19/2020,23:00,9662.0801,1644.25,3678.79,949.606,13299.9004,6393.1099,2895.72,1576.39,40099.8464,E3,N,N
02/19/2020,23:00,9867.2344,1666.1715,3683.8606,946.9452,13077.4902,6479.603,2889.6758,1623.3165,40234.2972,M,Y,N
02/19/2020,24:00,9728.041,1605.725,3714.3267,889.744,12018.5303,5885.7666,2710.8289,1625.9983,38178.9608,A3,N,N
02/19/2020,24:00,9853.4531,1472.7623,3675.7622,898.0243,11899.9121,5927.3105,2562.9607,1614.7784,37904.9636,A6,N,N
02/19/2020,24:00,9102.4805,1531.3101,3645.4099,895.289,12445.7998,6203.8101,2602.47,1540.28,37966.8494,E,N,N
02/19/2020,24:00,9064.5703,1516.41,3582.28,933.988,12193.0996,6098.6401,2629.21,1641.65,37659.848,E1,N,N
02/19/2020,24:00,9392.7598,1605.58,3577.46,903.63,11965.5,6036.6299,2825.0601,1525.1899,37831.8097,E2,N,N
02/19/2020,24:00,9081.2402,1522.99,3659.3501,905.345,12511.7998,5944.2998,2688.5,1531.3101,37844.835,E3,N,N
02/19/2020,24:00,9280.3672,1553.3926,3641.8477,908.8698,12225.6416,6031.0898,2685.5759,1570.3223,37897.1069,M,Y,N
02/20/2020,1:00,9360.2979,1555.9432,3727.3789,875.626,11627.1309,5549.4502,2595.8027,1556.4606,36848.0904,A3,N,N
02/20/2020,1:00,9440.9375,1427.8435,3793.2876,865.4637,11466.4287,5591.7275,2487.3306,1598.3159,36671.335,A6,N,N
02/20/2020,1:00,8911.5498,1456.91,3608.4199,868.217,12189.2002,5893.8599,2519.6899,1529.89,36977.7367,E,N,N
02/20/2020,1:00,8660.5801,1434.28,3584.3101,917.164,11974.2002,5716.7598,2452.05,1574.91,36314.2542,E1,N,N
02/20/2020,1:00,8862.21,1601.74,3547.2,900.472,11714.0996,5816.04,2715.49,1494.49,36651.7416,E2,N,N
02/20/2020,1:00,8801.0596,1500.36,3621.1599,880.15,11903.2002,5831.6699,2493.9199,1503.03,36534.5495,E3,N,N
02/20/2020,1:00,8927.2041,1504.9771,3627.6646,892.4269,11874.917,5771.5313,2539.8408,1528.9014,36667.4632,M,Y,N
02/20/2020,2:00,9144.7041,1519.6586,3735.0813,878.6488,11375.752,5447.8315,2499.7754,1509.1836,36110.6353,A3,N,N
02/20/2020,2:00,9195.8623,1390.4651,3796.7092,869.8953,11193.2158,5553.4214,2377.5933,1552.1429,35929.3053,A6,N,N
02/20/2020,2:00,8723.2803,1419.29,3594.75,857.013,11910.2002,5728.48,2465.78,1503.6899,36202.4834,E,N,N
02/20/2020,2:00,8537.6104,1409.79,3603.4299,916.501,11652.5996,5460.3101,2275.6799,1546.22,35402.1409,E1,N,N
02/20/2020,2:00,8585.7402,1582.02,3534.8799,895.494,11464.5996,5654.1602,2639.1201,1475.79,35831.804,E2,N,N
02/20/2020,2:00,8576.6504,1463.75,3607.1101,873.22,11607.7002,5841.4502,2345.6499,1458.77,35774.3008,E3,N,N
02/20/2020,2:00,8728.3691,1473.4634,3627.6091,888.2615,11591.9688,5636.0186,2418.3889,1496.8042,35860.8836,M,Y,N
02/20/2020,3:00,9034.002,1518.3917,3744.8672,879.0021,11424.748,5400.3262,2454.9902,1495.6742,35952.0016,A3,N,N
02/20/2020,3:00,9059.8008,1392.238,3793.6689,869.1899,11234.0234,5512.3213,2330.5916,1540.2864,35732.1203,A6,N,N
02/20/2020,3:00,8643.7598,1410.84,3600.8301,853.116,11762,5683.4702,2436.5901,1497.9399,35888.5461,E,N,N
02/20/2020,3:00,8366.9004,1384.5601,3557.1299,913.806,11581.0996,5400.48,2338.52,1533.63,35076.126,E1,N,N
02/20/2020,3:00,8493.3896,1604.6899,3548.3501,896.215,11362.5996,5612.7402,2578.52,1477.41,35573.9144,E2,N,N
02/20/2020,3:00,8518.21,1489.3,3639.25,869.269,11610.4004,5943.6001,2185.76,1516.35,35772.1395,E3,N,N
02/20/2020,3:00,8621.9219,1475.0042,3628.9592,886.3373,11536.8672,5624.6797,2371.7063,1506.0493,35651.5251,M,Y,N
02/20/2020,4:00,9030.6563,1521.9448,3745.9526,892.7996,11640.5527,5400.3794,2458.8359,1494.7609,36185.8822,A3,N,N
02/20/2020,4:00,9031.6387,1397.4487,3769.0237,883.3113,11467.1104,5535.4946,2322.9578,1561.5178,35968.503,A6,N,N
02/20/2020,4:00,8683.2998,1424.1,3622.78,865.565,11825.9004,5699.1001,2432.7,1518.53,36071.9753,E,N,N
02/20/2020,4:00,8436.71,1410.16,3562.3799,940.492,11616.4004,5521.7598,2269.4099,1551.12,35308.432,E1,N,N
02/20/2020,4:00,8522.3896,1660.3199,3571.5601,907.185,11424.7002,5651.6299,2580.6599,1489.63,35808.0746,E2,N,N
02/20/2020,4:00,8453.5898,1546.15,3593.1201,880.782,11784.0996,5873.5698,2287.51,1504.53,35923.3513,E3,N,N
02/20/2020,4:00,8630.9502,1505.1162,3624.6558,901.9103,11639.6074,5649.1748,2380.6089,1512.9814,35845.005,M,Y,N
02/20/2020,5:00,9239.4766,1585.5967,3733.5532,924.3533,12081.4863,5549.9287,2503.5867,1532.0848,37150.0663,A3,N,N
02/20/2020,5:00,9228.5576,1435.8647,3735.8804,922.5411,11648.9805,5697.8613,2350.8289,1615.2646,36635.7791,A6,N,N
02/20/2020,5:00,8920.0303,1478.72,3642.1399,906.487,12288.7998,5913.2598,2487.4199,1550.28,37187.1367,E,N,N
02/20/2020,5:00,8565.3096,1440.05,3562.9099,955.362,12062.5,5737.6099,2368.1201,1600.0601,36291.9216,E1,N,N
02/20/2020,5:00,8757.6904,1746.42,3597.3301,936.816,11804.7998,5888.8701,2663.22,1528.8199,36923.9663,E2,N,N
02/20/2020,5:00,8688.54,1642.7,3651.48,922.175,12390.5,5957.6299,2377.6001,1541.9,37172.525,E3,N,N
02/20/2020,5:00,8833.0469,1570.2292,3641.9194,932.4433,12110.7354,5828.9258,2456.1567,1552.9906,36926.4473,M,Y,N
02/20/2020,6:00,9812.499,1695.9611,3752.4758,983.2058,13129.8672,5958.2622,2671.2935,1613.407,39616.9716,A3,N,N
02/20/2020,6:00,9771.792,1544.4019,3733.3323,980.9735,12725.2959,6110.1196,2493.8167,1717.667,39077.3989,A6,N,N
02/20/2020,6:00,9523.5303,1584.4,3696.6201,978.703,13326.2002,6451.6699,2654.6101,1627.4,39843.1336,E,N,N
02/20/2020,6:00,9219.9902,1561.7,3581.8301,1011.4,13173.9004,6254.7202,2566.9199,1663.0601,39033.5209,E1,N,N
02/20/2020,6:00,9418.1104,1834.14,3660.1101,993.214,12766.7002,6477.3599,2867.8401,1627.9301,39645.4048,E2,N,N
02/20/2020,6:00,9231.9199,1713.13,3653.25,990.37,13319.7002,6585.5,2522.9399,1574.9,39591.71,E3,N,N
02/20/2020,6:00,9433.8066,1670.0153,3666.4802,993.9846,13122.083,6380.6362,2630.5947,1621.5734,39519.174,M,Y,N
02/20/2020,7:00,10601.334,1870.5486,3800.9041,1059.7281,14413.5645,6585.1411,3004.3254,1738.1101,43073.6559,A3,N,N
02/20/2020,7:00,10485.7793,1680.129,3762.6023,1028.95,14125.7559,6635.9253,2740.949,1849.775,42309.8658,A6,N,N
02/20/2020,7:00,10330.9004,1749.87,3782.6899,1087.58,14775.4004,7176.73,2966.3101,1713.0601,43582.5409,E,N,N
02/20/2020,7:00,10244.7998,1768.97,3810.98,1101.91,15000,7246.1401,3035.03,1795.92,44003.7499,E1,N,N
02/20/2020,7:00,10319.0996,1996.34,3752.6299,1080.8101,14256.2002,7307.6602,3253.1599,1777.2,43743.0999,E2,N,N
02/20/2020,7:00,10323.7998,1870.96,3691.6299,1104.54,14915.2998,7318.6899,2944.48,1694.4301,43863.8295,E3,N,N
02/20/2020,7:00,10373.7334,1845.8959,3767.7932,1090.2285,14691.4961,7188.3564,3023.3926,1748.2838,43729.1799,M,Y,N
02/20/2020,8:00,10861.7188,1938.6794,3825.7249,1082.5625,15208.8613,6739.4727,3093.8037,1774.3065,44525.1298,A3,N,N
02/20/2020,8:00,10786.5186,1745.0258,3773.1367,1059.0272,14993.2676,6944.2813,2836.2378,1895.9849,44033.4799,A6,N,N
02/20/2020,8:00,10810.2002,1802.8,3820.6201,1129.83,15445.0996,7485.0298,3085.4199,1713.5699,45292.5695,E,N,N
02/20/2020,8:00,10478.9004,1823.13,3705.29,1131.14,15305.2002,7415.04,3121.8,1831.23,44811.7306,E1,N,N
02/20/2020,8:00,10762.7002,2000.54,3800.3401,1106.28,14904,7576.2998,3371.26,1835.9399,45357.36,E2,N,N
02/20/2020,8:00,10686.5996,1879.5601,3738.3999,1140.35,15652.5,7680.3799,3160.48,1717.87,45656.1395,E3,N,N
02/20/2020,8:00,10703.417,1885.7599,3769.9736,1120.9916,15297.1699,7445.9922,3151.106,1782.2446,45156.6548,M,Y,N
02/20/2020,9:00,10973.5098,1959.6338,3774.1504,1078.533,15086.8086,6710.2393,2997.8857,1730.4858,44311.2464,A3,N,N
02/20/2020,9:00,10870.8447,1800.9989,3720.6345,1087.7758,15061.0391,7011.835,2846.7222,1856.1765,44256.0267,A6,N,N
02/20/2020,9:00,11003,1818.33,3817.5901,1134.4301,15355.7002,7463.6001,3049.51,1656.35,45298.5105,E,N,N
02/20/2020,9:00,10772.7998,1820.4399,3689.5701,1126.24,15221.5996,7366.3101,3051.48,1801.5699,44850.0094,E1,N,N
02/20/2020,9:00,10907.2998,1984.77,3807.23,1109.77,14862.0996,7406.4702,3307.9199,1812.6801,45198.2396,E2,N,N
02/20/2020,9:00,10751.7002,1942.61,3684.0801,1137.61,15541.5996,7677.7002,2979.5,1695.0601,45409.8602,E3,N,N
02/20/2020,9:00,10863.29,1906.0585,3740.0527,1120.0254,15211.6387,7384.3506,3051.895,1750.682,45027.9929,M,Y,N
02/20/2020,10:00,11117.21,1959.3774,3758.6587,1085.8828,15026.3584,6690.0547,3006.5586,1684.4265,44328.5271,A3,N,N
02/20/2020,10:00,11039.1748,1817.7428,3712.572,1101.4886,15166.9629,6983.8936,2895.0662,1776.6541,44493.555,A6,N,N
02/20/2020,10:00,11216.2002,1836.15,3796.77,1144.36,15321.7998,7487.5601,3055.05,1666.51,45524.4001,E,N,N
02/20/2020,10:00,10961.2998,1860.01,3720.75,1124.9,15185,7427.4199,2987.8899,1828.17,45095.4396,E1,N,N
02/20/2020,10:00,11153.2002,1961.34,3764.96,1118.46,14995.9004,7327.0498,3265.25,1743.95,45330.1104,E2,N,N
02/20/2020,10:00,11059.2002,1899.28,3717.24,1146.0699,15277.7998,7555.21,2978.8201,1671.11,45304.73,E3,N,N
02/20/2020,10:00,11080.6025,1904.353,3744.3784,1126.1378,15158.1943,7349.6221,3033.3547,1729.6744,45126.3172,M,Y,N
02/20/2020,11:00,11283.1025,1970.0009,3776.0422,1083.7006,15011.125,6731.1938,3030.2844,1634.1156,44519.565,A3,N,N
02/20/2020,11:00,11228.4268,1832.7906,3739.1108,1114.3635,15234.6494,7035.7271,2956.1433,1700.8398,44842.0513,A6,N,N
02/20/2020,11:00,11403.7002,1847.74,3784.29,1149.28,15250.5,7552.71,3078.27,1716.42,45782.9102,E,N,N
02/20/2020,11:00,11180,1866.72,3708.49,1144.0699,15277.9004,7216.5,3040.76,1710.61,45145.0503,E1,N,N
02/20/2020,11:00,11359.2998,1981.22,3739.49,1123.63,15058.2002,7270.0698,3207.75,1708.35,45448.0098,E2,N,N
02/20/2020,11:00,11150.5996,1922.61,3719.3201,1147.67,15285.7998,7521.9902,2898.3601,1636.74,45283.0898,E3,N,N
02/20/2020,11:00,11248.8008,1918.4526,3741.4358,1132.965,15188.1787,7287.6279,3028.1038,1682.7419,45228.3065,M,Y,N
02/20/2020,12:00,11325.9336,1941.3181,3768.6685,1076.3871,14613.1582,6701.6445,3051.3171,1607.7399,44086.167,A3,N,N
02/20/2020,12:00,11321.127,1833.5013,3747.679,1131.1625,14959.1592,7050.957,3020.4514,1643.7966,44707.834,A6,N,N
02/20/2020,12:00,11492.7998,1832.5,3756.6799,1136.11,15020.0996,7543.3999,3097.3701,1673.38,45552.3393,E,N,N
02/20/2020,12:00,11421.0996,1847.2,3685.6599,1144.83,15244.7998,7360.1499,2958.1001,1740.86,45402.6993,E1,N,N
02/20/2020,12:00,11420.0996,1940.6,3712.6699,1115.12,14947.5,7160.7798,3118.5,1663.98,45079.2493,E2,N,N
02/20/2020,12:00,11278.4004,1874.25,3738.1299,1133.78,14937.4004,7606.3599,2906.2,1674.37,45148.8906,E3,N,N
02/20/2020,12:00,11370.4707,1887.3295,3731.7832,1124.9946,14986.582,7312.4526,3005.8879,1679.9425,45099.443,M,Y,N
02/20/2020,13:00,11236.6475,1938.3865,3756.1633,1059.2687,14163.6689,6667.0259,3039.9895,1591.3652,43452.5155,A3,N,N
02/20/2020,13:00,11303.499,1837.1926,3759.8242,1119.6863,14539.623,6982.8721,3065.3779,1608.3328,44216.4079,A6,N,N
02/20/2020,13:00,11456.5,1814.21,3732.74,1111.45,14726.7998,7486.2402,3103.53,1635.22,45066.69,E,N,N
02/20/2020,13:00,11095.2998,1819.84,3928.01,1119.1,14848.2998,7135.8999,2918.1201,1641.64,44506.2096,E1,N,N
02/20/2020,13:00,11302,1919.12,3693.7,1095.4301,14726.2998,7028.8501,3041.2,1607.77,44414.37,E2,N,N
02/20/2020,13:00,11158.9004,1869.4399,3747.8301,1108.38,14500.0996,7566.3101,2948.29,1628.9,44528.1501,E3,N,N
02/20/2020,13:00,11217.5254,1873.5829,3786.3057,1102.0674,14629.9844,7201.9233,2994.6912,1622.9006,44428.9809,M,Y,N
02/20/2020,14:00,11215.4629,1935.9119,3741.8232,1055.3374,13906.9492,6643.5508,3034.0273,1587.0206,43120.0833,A3,N,N
02/20/2020,14:00,11267.999,1844.3927,3759.9253,1123.8436,14333.6592,6966.0596,3090.9717,1577.772,43964.6231,A6,N,N
02/20/2020,14:00,11414,1797.8,3727.6799,1095.41,14403.9004,7411.7598,3108.1899,1585.3,44544.04,E,N,N
02/20/2020,14:00,11221.0996,1801.24,3754.6399,1087.96,14810.0996,6959.4902,2916.5701,1662.83,44213.9294,E1,N,N
02/20/2020,14:00,11217,1907.0699,3680.6899,1085.53,14519.9004,6909.4102,2995.47,1568.4,43883.4704,E2,N,N
02/20/2020,14:00,11176.2002,1843.0699,3732.3101,1092.5,14274.5996,7267.5698,2934.8401,1549.48,43870.5697,E3,N,N
02/20/2020,14:00,11232.0654,1858.1642,3733.2393,1085.3409,14440.0059,7041.0313,2984.3169,1591.7175,43965.8814,M,Y,N
02/20/2020,15:00,11213.3525,1905.9667,3733.6848,1046.2363,13812.208,6648.0259,3065.9377,1581.2816,43006.6935,A3,N,N
02/20/2020,15:00,11199.0361,1814.0963,3749.4265,1114.5841,14031.7383,6977.9497,3160.5103,1582.7964,43630.1377,A6,N,N
02/20/2020,15:00,11326.5996,1768.05,3719.03,1077.85,14069.0996,7335.8198,3069.79,1584.99,43951.229,E,N,N
02/20/2020,15:00,11344.2002,1772.46,3691.1499,1121.3,14518.7002,6952.6699,2881.79,1617.47,43899.7402,E1,N,N
02/20/2020,15:00,11075.7998,1827.08,3655.8899,1073.75,14308.0996,6820.02,2925.45,1535.72,43221.8093,E2,N,N
02/20/2020,15:00,11093,1740.1899,3686.8501,1074.85,13945.4004,7154.3198,2942.05,1526.17,43162.8302,E3,N,N
02/20/2020,15:00,11212.9375,1804.0454,3699.7861,1082.9858,14178.2129,6979.7334,2971.8494,1565.6239,43495.1744,M,Y,N
02/20/2020,16:00,11192.9063,1903.7987,3727.3201,1044.8221,13710.6758,6641.2739,3049.2976,1574.6887,42844.7832,A3,N,N
02/20/2020,16:00,11092.583,1825.7306,3738.4219,1109.2771,13889.5645,6713.1294,3147.1958,1583.4603,43099.3626,A6,N,N
02/20/2020,16:00,11207.7998,1756.75,3722.4099,1061.85,13908,7309.8799,3062.05,1603.01,43631.7496,E,N,N
02/20/2020,16:00,11169.2002,1762.62,3774.0601,1104.16,14512.2002,6948.1401,2880.8799,1572.33,43723.5905,E1,N,N
02/20/2020,16:00,10982.7002,1805.61,3654.0701,1060.24,14244.4004,6772.8301,2886.0701,1539.27,42945.1909,E2,N,N
02/20/2020,16:00,11057.4004,1727.6,3720.97,1057.05,13931.7998,7221.9902,2973.0901,1507.4399,43197.3404,E3,N,N
02/20/2020,16:00,11128.6895,1793.7998,3727.6475,1068.6965,14124.4346,6979.6343,2969.3318,1551.9723,43344.2063,M,Y,N
02/20/2020,17:00,11182.4678,1899.5334,3721.8113,1040.6743,13913.6855,6717.7324,3039.3765,1587.5283,43102.8095,A3,N,N
02/20/2020,17:00,11080.6787,1835.1904,3717.7339,1098.6605,14015.5928,6794.7197,3112.6809,1632.442,43287.6989,A6,N,N
02/20/2020,17:00,11208.5,1787.6801,3743.1699,1064.23,14096.0996,7348.3701,3099.1001,1632.25,43979.3998,E,N,N
02/20/2020,17:00,11145.9004,1808.36,3752.9299,1081.9,14592.9004,7039.8301,2901.5801,1582.14,43905.5409,E1,N,N
02/20/2020,17:00,11035,1877.14,3676.74,1067.1801,14425.0996,6863.2998,2915.3601,1577.96,43437.7796,E2,N,N
02/20/2020,17:00,11190.4004,1801.28,3760.52,1063.74,14234.4004,7418.4199,2999.1299,1598.64,44066.5306,E3,N,N
02/20/2020,17:00,11160.1289,1835.3958,3736.3042,1066.3181,14314.3223,7088.6499,2986.8291,1592.1573,43780.1056,M,Y,N
02/20/2020,18:00,11290.4609,1945.6285,3720.2871,1023.7731,14288.5791,6909.5532,3055.4197,1636.8115,43870.5131,A3,N,N
02/20/2020,18:00,11143.2061,1873.8661,3712.6409,1064.8378,14336.2734,6936.1899,3067.8779,1658.4493,43793.3414,A6,N,N
02/20/2020,18:00,11375.7002,1838.33,3773.8899,1061.14,14547.0996,7613.8101,3166.75,1655.3,45032.0198,E,N,N
02/20/2020,18:00,11354.4004,1844.3199,3745.1899,1069.46,15526.5996,7457.9302,2979.8101,1679.4,45657.1101,E1,N,N
02/20/2020,18:00,11214,1911.1899,3711.8,1061.22,14786.0996,7119.0801,2993.8701,1635.0601,44432.3198,E2,N,N
02/20/2020,18:00,11247.9004,1817.38,3772.8701,1057.84,14600.7998,7710.8701,3054.4199,1656.11,44918.1903,E3,N,N
02/20/2020,18:00,11296.9023,1870.522,3745.2981,1057.7441,14832.835,7387.3906,3042.49,1654.1564,44887.3385,M,Y,N
02/20/2020,19:00,11718.8516,2040.7679,3750.6431,1048.9734,15022.2949,7306.4585,3172.6489,1705.1877,45765.826,A3,N,N
02/20/2020,19:00,11510.7402,1958.4142,3724.3198,1080.4116,15101.1152,7585.3647,3117.9504,1732.7516,45811.0677,A6,N,N
02/20/2020,19:00,11609.7002,1922.8101,3808.01,1099.3199,15285.5,7974.46,3310.4199,1733.84,46744.0601,E,N,N
02/20/2020,19:00,11769.9004,1992.74,3815.6599,1100.46,16100.7998,7812.6099,3048.28,1732.4,47372.85,E1,N,N
02/20/2020,19:00,11462.2002,2020.42,3753.4399,1089.72,15275.2002,7467.7002,3192.5801,1715.8,45977.0606,E2,N,N
02/20/2020,19:00,11452.4004,1931.75,3805.45,1101.47,15149.2002,7915.21,3299.6899,1732.71,46387.8805,E3,N,N
02/20/2020,19:00,11619.2754,1984.2183,3788.1194,1091.4492,15419.7744,7708.9951,3193.0298,1725.106,46529.9676,M,Y,N
02/20/2020,20:00,11851.3486,2049.2068,3810.1104,1055.675,15322.0625,7585.2432,3317.6909,1773.2412,46764.5786,A3,N,N
02/20/2020,20:00,11679.9561,1978.1898,3786.9998,1082.3007,15419.0566,7915.9209,3241.2756,1808.3125,46912.012,A6,N,N
02/20/2020,20:00,11646.7998,1940.71,3863.53,1132.96,15624.2002,8114.3301,3404,1722.42,47448.9501,E,N,N
02/20/2020,20:00,11843.7998,1965.39,3874.55,1170.9,15881.4004,8250.6104,3318.6299,1805.99,48111.2705,E1,N,N
02/20/2020,20:00,11565.5,2044.28,3815.6101,1113.55,15458.2998,7687.4399,3365.55,1781.22,46831.4498,E2,N,N
02/20/2020,20:00,11672,1994.79,3870.8,1136.42,15464,8172.9902,3415.51,1730.4,47456.9102,E3,N,N
02/20/2020,20:00,11743.3242,2000.4705,3848.7576,1128.7969,15569.208,7990.2065,3359.1514,1766.3601,47406.2752,M,Y,N
02/20/2020,21:00,11737.2871,2037.9548,3812.4436,1048.0826,15317.8857,7537.5278,3347.3281,1789.835,46628.3447,A3,N,N
02/20/2020,21:00,11641.8828,1998.0968,3772.1196,1063.6686,15388.6025,7885.9644,3249.6418,1836.4811,46836.4576,A6,N,N
02/20/2020,21:00,11579.5996,1931.12,3894.8701,1129.67,15660.5996,8077.5801,3428.98,1738.97,47441.3894,E,N,N
02/20/2020,21:00,12025.2998,1985.36,3875.97,1131.39,15663.5,8170.3999,3440.7,1839.4399,48132.0596,E1,N,N
02/20/2020,21:00,11514.7998,2052.8501,3847.4399,1103.1801,15296.2002,7704.48,3414.1399,1790.24,46723.33,E2,N,N
02/20/2020,21:00,11676.9004,1933.24,3860.5,1131.02,15552.0996,7924.54,3452.45,1813.39,47344.14,E3,N,N
02/20/2020,21:00,11746.6719,1987.135,3855.0171,1113.6166,15500.2598,7901.7432,3415.5098,1801.868,47321.8214,M,Y,N
02/20/2020,22:00,11442.8516,1982.2048,3807.3735,1026.3474,14913.0332,7293.0767,3295.6528,1778.1101,45538.6501,A3,N,N
02/20/2020,22:00,11424.2451,1941.5635,3771.8789,1037.1874,15015.6992,7681.7158,3199.9524,1826.0077,45898.25,A6,N,N
02/20/2020,22:00,11401,1875.26,3872.6899,1091.4,15291,7865.2402,3394.8501,1726.3,46517.7402,E,N,N
02/20/2020,22:00,11371.5,1937.26,3753.8999,1101.54,15469,7855.2202,3469.8201,1886.29,46844.5302,E1,N,N
02/20/2020,22:00,11384,2028.0601,3823.5601,1070.0699,14835.2002,7504.5601,3399.3201,1748.9399,45793.7104,E2,N,N
02/20/2020,22:00,11401.0996,1958.5699,3827.51,1096.53,15083.4004,7850.3999,3435.71,1715.71,46368.9298,E3,N,N
02/20/2020,22:00,11401.9883,1957.4237,3809.2273,1081.7534,15122.4043,7697.335,3399.5671,1775.7863,46245.4854,M,Y,N
02/20/2020,23:00,11164.5664,1868.8647,3761.6924,997.1225,14228.3809,6870.895,3169.1733,1751.0972,43811.7924,A3,N,N
02/20/2020,23:00,10985.4346,1830.9563,3721.3623,1006.3174,14297.0352,7251.6343,3084.3284,1816.0668,43993.1353,A6,N,N
02/20/2020,23:00,11060.9004,1774.14,3806.74,1027.63,14526.2998,7431.21,3294.26,1649.6899,44570.8701,E,N,N
02/20/2020,23:00,11266.2002,1866.96,3773.52,1060.17,14490.0996,7488.2798,3323.6101,1781.74,45050.5797,E1,N,N
02/20/2020,23:00,11031.9004,1943.84,3755.3201,1027.61,14000.5996,7105.6401,3315.25,1676.35,43856.5102,E2,N,N
02/20/2020,23:00,11015.5,1848.8101,3836.95,1041.89,14660.7998,7314.1001,3291.8601,1680.55,44690.4601,E3,N,N
02/20/2020,23:00,11123.166,1860.9061,3788.2981,1035.5116,14382.21,7264.7681,3272.3496,1709.7583,44436.9678,M,Y,N
02/20/2020,24:00,10604.4873,1772.1844,3719.0876,969.7324,13421.0537,6391.3472,2980.9014,1704.1407,41562.9347,A3,N,N
02/20/2020,24:00,10431.3838,1735.2657,3677.1489,975.7576,13359.1133,6733.5938,2906.3821,1750.3789,41569.0241,A6,N,N
02/20/2020,24:00,10651.5,1677.38,3751.23,966.071,13782.4004,6996.2998,3166.48,1616.1,42607.4612,E,N,N
02/20/2020,24:00,10646.0996,1746.2,3717.4299,1016.42,13660.4004,7091.6699,3122.6699,1762.29,42763.1797,E1,N,N
02/20/2020,24:00,10548.9004,1837.33,3692.6101,989.571,13243.7002,6724.1899,3175.8999,1611.49,41823.6915,E2,N,N
02/20/2020,24:00,10493.7998,1770.4301,3770.05,991.249,13951.5996,6873.1499,3153.1101,1633.24,42636.6285,E3,N,N
02/20/2020,24:00,10586.1465,1761.5424,3732.1218,991.2855,13614.3574,6845.7085,3106.968,1666.7852,42304.9153,M,Y,N
02/21/2020,1:00,10279.3291,1729.3688,3786.4224,958.5839,13044.0928,6092.7148,2878.5415,1650.9595,40420.0128,A3,N,N
02/21/2020,1:00,10093.1289,1670.2813,3789.6689,944.4352,12916.4229,6424.8647,2859.1445,1741.7577,40439.7041,A6,N,N
02/21/2020,1:00,10332.0996,1608.64,3700.51,917.116,13200,6654.8701,3084.8,1595.8101,41093.8458,E,N,N
02/21/2020,1:00,10268.7998,1673.05,3684.6399,990.027,13033.9004,6798.8701,2993.23,1684.64,41127.1572,E1,N,N
02/21/2020,1:00,9945.6904,1868.1801,3641.3701,971.358,12911.9004,6585.52,3025.27,1568.36,40517.649,E2,N,N
02/21/2020,1:00,10387.0996,1783.85,3730.3501,957.92,13261.9004,6760.0698,3037.25,1607.65,41526.0899,E3,N,N
02/21/2020,1:00,10268.5313,1731.1697,3718.0879,964.2887,13082.4375,6629.563,2991.0142,1621.0087,41006.101,M,Y,N
02/21/2020,2:00,10111.0293,1707.9166,3792.6013,969.2405,12857.2266,6067.2744,2818.4883,1622.5599,39946.3369,A3,N,N
02/21/2020,2:00,9937.4219,1642.4771,3788.1824,954.2985,12683.5293,6444.8711,2799.3462,1714.0391,39964.1656,A6,N,N
02/21/2020,2:00,10150.4004,1578.24,3674.6899,898.857,12996.0996,6522.52,3014.1899,1568.42,40403.4168,E,N,N
02/21/2020,2:00,10065.7998,1654.65,3682.6101,976.962,12776.7002,6505.4302,2848.03,1666.52,40176.7023,E1,N,N
02/21/2020,2:00,9698.7998,1876.53,3615.8999,967.119,12780.4004,6487.5898,2956.9399,1543.6899,39926.9687,E2,N,N
02/21/2020,2:00,10195.7998,1769.38,3753.3701,951.943,12755.7002,6736.6201,2923.04,1594.15,40680.0032,E3,N,N
02/21/2020,2:00,10074.3076,1714.8329,3718.4692,957.5182,12809.8662,6506.1348,2893.7808,1599.9625,40274.8722,M,Y,N
02/21/2020,3:00,10021.1084,1718.7427,3791.877,976.1866,12963.123,6026.8452,2813.3621,1627.3324,39938.5774,A3,N,N
02/21/2020,3:00,9840.3018,1665.3488,3784.1084,958.5198,12775.6172,6375.7246,2801.0657,1717.1537,39917.84,A6,N,N
02/21/2020,3:00,10108.4004,1578.05,3672.24,893.112,12973.5,6496.02,2971.73,1573.6,40266.6524,E,N,N
02/21/2020,3:00,9910.75,1666.29,3655.1799,1008.64,12820.4004,6490.5801,3043.7,1674.45,40269.9904,E1,N,N
02/21/2020,3:00,9687.3096,1920.95,3608.78,976.51,12792.2002,6499.71,2917.4299,1542.61,39945.4997,E2,N,N
02/21/2020,3:00,9970.4102,1797.53,3800.71,951.119,12903.5,6721.4399,2799.9299,1541.74,40486.379,E3,N,N
02/21/2020,3:00,9950.0313,1733.0156,3722.0691,967.7296,12871.1025,6493.2905,2900.3928,1589.8164,40227.4478,M,Y,N
02/21/2020,4:00,10084.0098,1743.317,3786.939,997.2509,13153.7061,6100.6582,2944.9839,1639.0255,40449.8904,A3,N,N
02/21/2020,4:00,9906.4941,1686.307,3758.5364,974.9186,12970.2871,6469.4824,2937.2622,1747.7367,40451.0245,A6,N,N
02/21/2020,4:00,10203.2998,1606.99,3702.1001,913.929,13123.9004,6568.3501,2975.9199,1600.6801,40695.1694,E,N,N
02/21/2020,4:00,10005.2998,1701.02,3714.53,1024.59,13008.0996,6603.2998,3144.6299,1634.4399,40835.909,E1,N,N
02/21/2020,4:00,9776.4902,2001.47,3629.0901,995.29,12935.2002,6586.6699,2932.9299,1560.98,40418.1203,E2,N,N
02/21/2020,4:00,10114.7998,1844.77,3767.3201,973.07,13207.5,6765.5898,2864.77,1557.62,41095.4397,E3,N,N
02/21/2020,4:00,10048.502,1773.3342,3733.5962,987.135,13072.4004,6572.5156,2977.2021,1593.2231,40757.9086,M,Y,N
02/21/2020,5:00,10397.3604,1838.186,3782.0078,1037.4534,13809.418,6371.9238,3064.1501,1695.0355,41995.535,A3,N,N
02/21/2020,5:00,10227.5469,1750.3962,3724.542,1021.4844,13289.667,6744.2266,3017.0044,1813.5679,41588.4354,A6,N,N
02/21/2020,5:00,10515,1675.12,3724.8401,952.1,13630.0996,6832.6001,3057.8701,1662.83,42050.4599,E,N,N
02/21/2020,5:00,10376.7002,1745.6,3756.04,1091.1801,13414.5,6863.7798,3072.3,1700.58,42020.6801,E1,N,N
02/21/2020,5:00,10089.4004,2105.1001,3656.2,1025.4399,13411,6880.0898,3042.8,1615.49,41825.5202,E2,N,N
02/21/2020,5:00,10570.7998,1957.29,3895.4099,1007.68,13978,7044.1201,3060.1299,1609.88,43123.3097,E3,N,N
02/21/2020,5:00,10411.7656,1857.7966,3780.9944,1029.7692,13630.8145,6847.5625,3061.7288,1651.2207,42271.6523,M,Y,N
02/21/2020,6:00,11087.9619,1976.7374,3801.7869,1106.1646,15002.9707,6905.5708,3327.1436,1794.6505,45002.9864,A3,N,N
02/21/2020,6:00,10878.3789,1882.882,3721.5339,1095.0382,14520.3965,7230.0308,3245.9834,1927.2998,44501.5435,A6,N,N
02/21/2020,6:00,11211.5996,1805.83,3785.21,1023.37,14652.0996,7399.1699,3283.75,1686.52,44847.5491,E,N,N
02/21/2020,6:00,11057.9004,1859.3101,3779.6499,1142.58,14557.5996,7449.1699,3365.6899,1762.9,44974.7998,E1,N,N
02/21/2020,6:00,10829,2201.77,3715.6101,1090.15,14471.9004,7517.9102,3277.98,1716.28,44820.6007,E2,N,N
02/21/2020,6:00,11154.9004,2053.22,3790.0901,1078.16,14881.2002,7617.77,3172.3401,1678.9399,45426.6207,E3,N,N
02/21/2020,6:00,11080.2656,1973.2668,3780.4839,1093.9143,14684.5586,7434.3047,3286.5098,1724.6764,45057.9801,M,Y,N
02/21/2020,7:00,12006.1865,2190.0117,3836.5105,1194.0245,16464.7773,7675.2261,3798.6082,1945.2998,49110.6446,A3,N,N
02/21/2020,7:00,11711.9717,2057.8093,3750.3557,1153.0138,16108.6133,7880.8252,3609.7817,2075.7102,48348.0809,A6,N,N
02/21/2020,7:00,12065.2998,1994.6801,3881.79,1117.45,16007.2998,8113,3676.9199,1805.76,48662.1996,E,N,N
02/21/2020,7:00,12203,2058.3501,3815.6499,1249.01,16281.5,8228.5303,3842.52,1881.1899,49559.7502,E1,N,N
02/21/2020,7:00,11769.2998,2344.3301,3801.72,1182.04,16035.9004,8356.71,3723.6299,1866.41,49080.0402,E2,N,N
02/21/2020,7:00,12230,2210.54,3809.6399,1178.14,16668.8008,8466.3896,3611.98,1785.39,49960.8803,E3,N,N
02/21/2020,7:00,12089.1211,2157.1018,3825.8887,1191.2318,16305.5596,8236.4355,3738.3457,1852.13,49395.8142,M,Y,N
02/21/2020,8:00,12330.2188,2260.8015,3852.6995,1218.1766,17108.7832,7889.9951,3938.3425,1987.0168,50586.034,A3,N,N
02/21/2020,8:00,12144.792,2124.4978,3775.625,1170.239,16911.1777,8250.1816,3752.4919,2124.7629,50253.7679,A6,N,N
02/21/2020,8:00,12453.4004,2041.1801,3917.0801,1158.2,16584.4004,8372.3701,3828.6201,1823.42,50178.6712,E,N,N
02/21/2020,8:00,12271.4004,2104.6599,3837.02,1261.72,16826.5996,8575.7695,3984.8701,1964.4,50826.4395,E1,N,N
02/21/2020,8:00,12164.2002,2327.0801,3834.99,1214.5601,16659.0996,8615.6904,3857.29,1906.35,50579.2604,E2,N,N
02/21/2020,8:00,12481,2191.0701,3839.9199,1210.87,17100.5,8634.9697,3906.99,1833.65,51198.9697,E3,N,N
02/21/2020,8:00,12347.8545,2185.1655,3851.4187,1218.8346,16858.1973,8489.4033,3918.2896,1902.4047,50771.5682,M,Y,N
02/21/2020,9:00,12359.5264,2252.2021,3807.0339,1199.6379,16766.0488,7821.4102,3839.5313,1938.3296,49983.7202,A3,N,N
02/21/2020,9:00,12204.0137,2137.7207,3731.5676,1186.4688,16795.3477,8273.792,3784.2939,2075.843,50189.0474,A6,N,N
02/21/2020,9:00,12472.2002,2007.08,3853.48,1154.36,16194.5996,8188.0298,3788.0801,1787.09,49444.9197,E,N,N
02/21/2020,9:00,12446.2998,2028.9399,3803.05,1235.59,16268.5996,8404.71,3707.75,1904.61,49799.5493,E1,N,N
02/21/2020,9:00,12155.2002,2250.1699,3783.9399,1213.42,16377.9004,8316.4297,3763.96,1799.59,49660.6101,E2,N,N
02/21/2020,9:00,12507.9004,2123.23,3774.9299,1199.6,16789.1992,8511,3618.6799,1794.1899,50318.7293,E3,N,N
02/21/2020,9:00,12406.8574,2133.2493,3800.9309,1206.4022,16479.0059,8309.2148,3735.4951,1840.2749,49911.4305,M,Y,N
02/21/2020,10:00,12458.5439,2215.5146,3791.3027,1189.4861,16424.1973,7744.5166,3866.1611,1867.361,49557.0833,A3,N,N
02/21/2020,10:00,12325.7061,2123.0474,3729.9402,1188.5148,16561.3027,8187.0215,3850.6091,1973.8329,49939.9747,A6,N,N
02/21/2020,10:00,12423.7002,1940.38,3875.8301,1135.89,15631.7998,7940.1602,3771.6699,1726.83,48446.2602,E,N,N
02/21/2020,10:00,12225.2002,2024.0699,3787.21,1233.6,15834,7985.7202,3511.28,1834.6801,48435.7604,E1,N,N
02/21/2020,10:00,12100.7002,2125.49,3787.6399,1207.41,16036.2998,7996.7402,3668.52,1726.97,48649.7701,E2,N,N
02/21/2020,10:00,12507.0996,2016.01,3806.6799,1185.88,16048.7998,8177.5298,3608.29,1731.65,49081.9391,E3,N,N
02/21/2020,10:00,12363.2617,2072.1323,3804.2319,1197.3945,15986.7744,8000.582,3676.4565,1772.5988,48873.4321,M,Y,N
02/21/2020,11:00,12449.7598,2169.248,3828.9399,1168.3905,15982.625,7655.3892,3759.625,1800.8199,48814.7973,A3,N,N
02/21/2020,11:00,12362.9844,2076.0264,3775.1504,1188.0951,16166.8154,8075.9922,3815.1355,1880.6631,49340.8625,A6,N,N
02/21/2020,11:00,12306.4004,1860.1801,3845.5601,1094.33,15026,7697.9502,3756.25,1700.46,47287.1308,E,N,N
02/21/2020,11:00,12212.9004,1925.67,3761.8301,1192.34,15521.5,7704.77,3601.8899,1768.01,47688.9104,E1,N,N
02/21/2020,11:00,11984.4004,2040.76,3747.8401,1174.96,15644.7002,7689.3799,3549.6799,1669.75,47501.4705,E2,N,N
02/21/2020,11:00,12351.7002,1974.41,3770.3201,1143.61,15331.4004,7917.8301,3523.22,1699.35,47711.8408,E3,N,N
02/21/2020,11:00,12289.9404,2004.9496,3789.4475,1160.5675,15500.4785,7747.1626,3634.4248,1721.9375,47848.9084,M,Y,N
02/21/2020,12:00,12196.9121,2069.3284,3825.469,1138.0406,15182.4326,7426.4331,3720.0374,1738.0658,47296.719,A3,N,N
02/21/2020,12:00,12165.9834,2007.5322,3778.5229,1186.2777,15513.1963,7886.4897,3839.426,1795.8748,48173.303,A6,N,N
02/21/2020,12:00,12089,1766.85,3789.8,1054.9,14364.7998,7388.1401,3706.0901,1670.86,45830.44,E,N,N
02/21/2020,12:00,12169.9004,1830.02,3715.6399,1169.11,15056.7002,7535.6499,3552.6299,1718.96,46748.6103,E1,N,N
02/21/2020,12:00,11744.5,1915.46,3679.3401,1140.58,15168,7357.0298,3410.8101,1612.12,46027.84,E2,N,N
02/21/2020,12:00,12082.5,1866.6899,3766.22,1108.1801,14660.4004,7649.9199,3494,1637.1,46265.0103,E3,N,N
02/21/2020,12:00,12091.5156,1901.7983,3760.4746,1128.5851,14914.6797,7487.4717,3581.2795,1668.1608,46533.9653,M,Y,N
02/21/2020,13:00,11754.084,1994.1797,3784.4658,1101.796,14524.4824,6965.6045,3629.5071,1681.1508,45435.2703,A3,N,N
02/21/2020,13:00,11878.5078,1966.7565,3761.875,1140.041,14825.3965,7508.5938,3799.2161,1679.6951,46560.0818,A6,N,N
02/21/2020,13:00,11789.9004,1683.74,3759.0901,999.862,13722.2998,7053.4502,3634.6101,1653.15,44296.1026,E,N,N
02/21/2020,13:00,11399.0996,1743.1899,3678,1122.36,14406.2002,7149.4399,3447.3799,1608.36,44554.0295,E1,N,N
02/21/2020,13:00,11420.4004,1827.42,3635.6499,1098.4301,14623.5996,7041,3310.74,1563.41,44520.65,E2,N,N
02/21/2020,13:00,11569.9004,1778.75,3725.9199,1056.62,13981.9004,7319.0498,3424.03,1590.9399,44447.1104,E3,N,N
02/21/2020,13:00,11582.0586,1817.9249,3721.439,1082.0598,14283.7715,7129.7539,3493.3979,1607.4651,44717.8707,M,Y,N
02/21/2020,14:00,11519.4648,1923.5289,3728.0806,1077.5519,13995.4688,6775.4033,3502.5701,1656.6611,44178.7295,A3,N,N
02/21/2020,14:00,11539.9834,1911.7333,3732.8589,1115.5573,13899.0625,7289.9165,3750.8772,1637.2776,44877.2667,A6,N,N
02/21/2020,14:00,11579.0996,1616.24,3745.99,967.33,13103.0996,6741.7798,3580.45,1574.05,42908.039,E,N,N
02/21/2020,14:00,11420.7002,1683.97,3627.7,1113.24,14095.7998,6721.4199,3335.8899,1636.97,43635.6898,E1,N,N
02/21/2020,14:00,11217,1770.72,3619.53,1073.3,14173,6803.75,3244.3,1528.67,43430.27,E2,N,N
02/21/2020,14:00,11345,1738.16,3690.46,1027.5,13585.2998,6848.4399,3298.72,1504.24,43037.8197,E3,N,N
02/21/2020,14:00,11420.8037,1759.7848,3682.25,1059.1202,13850.8467,6783.0503,3387.3887,1571.3088,43514.5532,M,Y,N
02/21/2020,15:00,11363.5332,1835.0533,3701.3687,1054.3259,12867.0723,6609.1611,3411.0386,1618.4189,42459.972,A3,N,N
02/21/2020,15:00,11242.082,1859.0746,3721.4358,1092.468,13307.9648,6890.0693,3730.8574,1587.0272,43430.9791,A6,N,N
02/21/2020,15:00,11391.2998,1550.8199,3717.6101,931.665,12551.9004,6476.48,3500.2,1519.0601,41639.0353,E,N,N
02/21/2020,15:00,10967.2002,1631.08,3613,1079.1801,13100.2998,6711.9399,3203.5801,1593.48,41899.7601,E1,N,N
02/21/2020,15:00,11017.5,1662.16,3590.9199,1042.0699,13759.0996,6604.1699,3172.1499,1502.47,42350.5392,E2,N,N
02/21/2020,15:00,11247.2002,1616.03,3648.0701,993.264,12785.5,6732.8398,3288.1899,1496.74,41807.834,E3,N,N
02/21/2020,15:00,11195.583,1672.1633,3654.176,1026.8774,13088.5957,6647.9424,3309.7461,1540.3574,42135.4413,M,Y,N
02/21/2020,16:00,11205.8467,1736.5975,3696.5061,1016.2589,12619.3955,6477.8823,3303.2439,1588.0698,41643.8007,A3,N,N
02/21/2020,16:00,11001.7871,1756.0168,3702.5269,1068.937,12919.6465,6674.2173,3620.606,1554.8914,42298.629,A6,N,N
02/21/2020,16:00,11214.5,1519.1899,3692.5701,902.626,12217.2002,6326.6899,3464.7,1480.5,40817.9761,E,N,N
02/21/2020,16:00,10836.5,1529.92,3660.3,1047.63,13243.5,6592.7202,3168.4299,1573.51,41652.5101,E1,N,N
02/21/2020,16:00,10838.2002,1619.75,3572.1599,1017.71,13557.5,6486.6602,3132.9199,1504.4399,41729.3401,E2,N,N
02/21/2020,16:00,11150.4004,1554.35,3701.76,966.123,12363.7002,6527.3901,3135.51,1424.1,40823.3337,E3,N,N
02/21/2020,16:00,11054.7754,1597.5844,3672.7327,997.7264,12895.749,6502.2642,3226.4983,1509.0837,41456.4141,M,Y,N
02/21/2020,17:00,11123.2217,1719.9969,3686.739,1010.6169,12745.0186,6474.0713,3243.3635,1582.7072,41585.7351,A3,N,N
02/21/2020,17:00,10875.3682,1745.2841,3679.3896,1055.6904,12885.3525,6608.2207,3526.1321,1571.5791,41947.0167,A6,N,N
02/21/2020,17:00,11134.7002,1535.85,3684.9399,894.796,12223,6301.3198,3505.6599,1512.4,40792.6658,E,N,N
02/21/2020,17:00,10662.9004,1572.23,3602.3201,1044.28,13131.5996,6479.9399,3235.1001,1488.91,41217.2801,E1,N,N
02/21/2020,17:00,10744.0996,1666.96,3561.1499,1019.27,13638.7002,6503.0898,3155.26,1531.76,41820.2895,E2,N,N
02/21/2020,17:00,11055.4004,1615.62,3644.05,960.535,12680.0996,6663.7998,3194.74,1480.3,41294.5448,E3,N,N
02/21/2020,17:00,10945.2305,1627.313,3639.0386,994.1979,12983.6016,6508.6309,3250.9158,1512.1309,41461.0592,M,Y,N
02/21/2020,18:00,11158.0938,1759.0967,3680.7454,970.6954,13031.2559,6542.314,3211.7451,1613.9895,41967.9358,A3,N,N
02/21/2020,18:00,10832.2334,1772.2737,3668.2361,1000.5933,13030.9043,6545.3403,3413.6379,1567.2552,41830.4742,A6,N,N
02/21/2020,18:00,11199.5,1586.6,3676.54,887.767,12524.4004,6486.0601,3590.6399,1576.95,41528.4574,E,N,N
02/21/2020,18:00,10872.4004,1640.87,3681.1001,1056.48,14138.7002,6953.1001,3161.9199,1622.92,43127.4907,E1,N,N
02/21/2020,18:00,10783.2998,1710.2,3581.0801,1015.14,13913.7002,6710.0601,3200.8101,1595.84,42510.1303,E2,N,N
02/21/2020,18:00,10903.9004,1648.54,3680.8799,951.757,13166.5996,6881.2798,3220.8601,1563.62,42017.4368,E3,N,N
02/21/2020,18:00,10981.4492,1674.2267,3667.8838,988.152,13499.207,6764.6567,3247.5625,1594.4624,42417.6003,M,Y,N
02/21/2020,19:00,11093.1152,1860.9269,3716.353,999.4575,13758.2129,6845.9722,3267.4199,1670.1711,43211.6287,A3,N,N
02/21/2020,19:00,11076.082,1852.7572,3677.2654,1017.0267,13739.3965,6788.8276,3388.0645,1627.7153,43167.1352,A6,N,N
02/21/2020,19:00,11463.0996,1693.91,3698.0801,933.802,13223.4004,6821.4902,3735.5901,1618.04,43187.4124,E,N,N
02/21/2020,19:00,11271.4004,1742.65,3732.47,1072.1,14144.2998,7170.1899,3171.01,1729.04,44033.1601,E1,N,N
02/21/2020,19:00,10981.2002,1823.0601,3609.3401,1041.76,14415.4004,7047.8301,3330.26,1663.78,43912.6309,E2,N,N
02/21/2020,19:00,11303.5,1767.91,3800.7,995.404,13687.5996,7075.6201,3331.0601,1660.6801,43622.4739,E3,N,N
02/21/2020,19:00,11222.541,1782.4929,3725.8083,1018.9734,13934.5273,7031.8428,3325.6035,1674.4015,43716.1907,M,Y,N
02/21/2020,20:00,11183.0322,1879.307,3806.7095,1006.8792,13858.3174,7088.1846,3379.7849,1733.6899,43935.9047,A3,N,N
02/21/2020,20:00,11069.6055,1867.3575,3758.7358,1019.6314,14023.9951,7066.9375,3438.9187,1692.9021,43938.0836,A6,N,N
02/21/2020,20:00,11541.5996,1743.1801,3751.6201,974.771,13543.0996,6978.8901,3817.1299,1695.33,44045.6204,E,N,N
02/21/2020,20:00,11412.4004,1751.15,3757.52,1102.74,14624.7002,7574.75,3382.5701,1814.48,45420.3107,E1,N,N
02/21/2020,20:00,11024.7002,1867.17,3662.46,1068.25,14536.2002,7226.6602,3448.9399,1725.25,44559.6305,E2,N,N
02/21/2020,20:00,11502.2998,1856.17,3852.1899,1030.75,14073.5,7367.4302,3456.6399,1632.67,44771.6498,E3,N,N
02/21/2020,20:00,11345.2207,1822.9504,3780.8647,1048.1412,14233.7773,7300.5942,3463.0073,1721.7275,44716.2833,M,Y,N
02/21/2020,21:00,11112.0225,1886.1865,3829.1865,997.437,13927.9434,6954.7847,3361.4041,1750.4725,43819.4372,A3,N,N
02/21/2020,21:00,11024.2471,1903.9735,3764.7649,1004.6987,14151.1895,7069.4941,3387.061,1711.6771,44017.1059,A6,N,N
02/21/2020,21:00,11467.4004,1751.41,3768.3601,980.305,13632.2998,6987.29,3797.5901,1663.2,44047.8554,E,N,N
02/21/2020,21:00,11552,1792.65,3784.55,1111.86,14119.2002,7574,3491.74,1870.48,45296.4802,E1,N,N
02/21/2020,21:00,10927,1887.1,3685.8601,1063.62,14329.2002,7236.4502,3426.1799,1730.89,44286.3004,E2,N,N
02/21/2020,21:00,11443.2998,1840.5699,3802.04,1029.25,14009.4004,7284.8901,3463.9099,1674.29,44547.6501,E3,N,N
02/21/2020,21:00,11326.1309,1834.6653,3785.7217,1048.4003,14059.4805,7266.5947,3482.2349,1745.624,44548.8523,M,Y,N
02/21/2020,22:00,10948.6973,1867.1736,3828.2859,988.519,13759.1582,6881.1445,3313.0674,1735.4999,43321.5458,A3,N,N
02/21/2020,22:00,10906.8193,1877.9238,3772.218,990.6964,13991.7412,7084.1323,3306.2454,1725.9706,43655.747,A6,N,N
02/21/2020,22:00,11325.7002,1725.28,3753.99,962.016,13486.5996,6889.5801,3720.76,1668.3101,43532.236,E,N,N
02/21/2020,22:00,11000,1778.72,3721.3401,1080.74,13995,7413.4399,3495.74,1855.3,44340.28,E1,N,N
02/21/2020,22:00,10811.7998,1891.34,3683.0601,1037.6,13942.7998,7102,3363.6899,1707.0699,43539.3595,E2,N,N
02/21/2020,22:00,11185.7998,1874.12,3729.6799,1010.92,13787.2998,7207.6001,3452.3899,1664.21,43912.0195,E3,N,N
02/21/2020,22:00,11050.8115,1832.0808,3749.4578,1026.1318,13836.9951,7152.1006,3450.8555,1732.1212,43830.5543,M,Y,N
02/21/2020,23:00,10655.457,1802.7098,3788.9517,972.4819,13319.6807,6688.5708,3225.8501,1708.1835,42161.8855,A3,N,N
02/21/2020,23:00,10733.8389,1799.1493,3745.5081,980.6889,13457.5977,6870.2788,3195.4087,1748.463,42530.9334,A6,N,N
02/21/2020,23:00,11061,1665.12,3746.75,932.963,13096.5996,6713.7002,3551.98,1672.22,42440.3328,E,N,N
02/21/2020,23:00,10947.2998,1714.46,3673.75,1030,13479.4004,7138.7002,3312.9099,1759.71,43056.2303,E1,N,N
02/21/2020,23:00,10557.5,1835.91,3678.26,1012.67,13326.4004,6865.5098,3270.51,1662.22,42208.9802,E2,N,N
02/21/2020,23:00,10961.2998,1810.9301,3733.24,987.912,13696.7998,6839.54,3369.6499,1624.11,43023.4816,E3,N,N
02/21/2020,23:00,10843.3271,1769.6537,3727.1116,995.826,13427.6855,6886.2217,3329.9136,1684.0604,42663.7996,M,Y,N
02/21/2020,24:00,10233.4492,1754.1022,3768.0715,949.6878,12781.2197,6426.1685,3078.3896,1657.4155,40648.504,A3,N,N
02/21/2020,24:00,10294.4023,1722.2701,3726.5596,960.129,12774.0879,6556.7334,3031.5901,1691.8826,40757.655,A6,N,N
02/21/2020,24:00,10685.4004,1606.71,3741.8701,897.519,12733.7002,6512.0098,3332.4399,1646.16,41155.8094,E,N,N
02/21/2020,24:00,10430,1640.46,3678.1101,993.676,12791.7998,6780.2798,3151.0601,1772.97,41238.3558,E1,N,N
02/21/2020,24:00,10199.5,1763.84,3671.54,975.867,12751.4004,6599.7002,3142.3301,1610.98,40715.1577,E2,N,N
02/21/2020,24:00,10440.5,1721.46,3673.4199,956.45,13248.7998,6493.54,3208.1201,1644.83,41387.1198,E3,N,N
02/21/2020,24:00,10386.5996,1700.3242,3706.5767,962.3991,12887.3652,6585.6523,3168.7385,1670.142,41067.7976,M,Y,N
02/22/2020,1:00,9907.9512,1730.6718,3802.9253,938.963,12495.3242,6197.3838,2964.5122,1634.3625,39672.094,A3,N,N
02/22/2020,1:00,9970.1201,1709.899,3836.8486,943.0787,12410.4834,6213.7935,2980.3154,1697.6813,39762.22,A6,N,N
02/22/2020,1:00,10152.2998,1556.48,3650.5,866.244,12997.0996,6181.9199,3022.0801,1670.35,40096.9734,E,N,N
02/22/2020,1:00,10050.9004,1575.27,3676.3999,965.857,12562.2002,6428.9702,3007.5801,1710.04,39977.2178,E1,N,N
02/22/2020,1:00,9552.6699,1641.48,3604.9199,928.074,12569.4004,6171.1201,2985.8799,1577.27,39030.8142,E2,N,N
02/22/2020,1:00,10053.9004,1613.6801,3665.5801,935.359,12567.0996,6324.2998,2956.52,1671.36,39787.799,E3,N,N
02/22/2020,1:00,9966.3086,1629.6505,3693.1538,932.9734,12611.2285,6278.5107,2983.1479,1652.7565,39747.7299,M,Y,N
02/22/2020,2:00,9769.3174,1713.4598,3785.229,931.3085,12315.0088,6163.3652,2886.5698,1612.1864,39176.4449,A3,N,N
02/22/2020,2:00,9825.5576,1677.9087,3809.5032,938.2566,12161.6602,6193.1753,2886.1492,1686.9072,39179.118,A6,N,N
02/22/2020,2:00,9995.7598,1542.47,3623.52,849.638,12870.0996,6130.04,2890.52,1659.05,39561.0974,E,N,N
02/22/2020,2:00,9831.7002,1539.59,3659.51,955.05,12213.5996,6116.8701,2915.3601,1702.51,38934.19,E1,N,N
02/22/2020,2:00,9404.9697,1626.21,3570.55,911.3,12298,6036.79,2929.3999,1556.76,38333.9796,E2,N,N
02/22/2020,2:00,9866.5898,1610.67,3646.3401,925.691,12461.5996,6155.5,2872.7,1641.16,39180.2505,E3,N,N
02/22/2020,2:00,9791.9932,1612.0149,3672.0286,920.6285,12391.4395,6113.9658,2896.1477,1634.0121,39032.2303,M,Y,N
02/22/2020,3:00,9685.5303,1706.6637,3795.012,928.8502,12334.6289,6110.3257,2835.0916,1606.2844,39002.3868,A3,N,N
02/22/2020,3:00,9764.2197,1683.8369,3808.1826,936.6445,12133.1846,6068.0156,2832.926,1681.9285,38908.9384,A6,N,N
02/22/2020,3:00,9947.0801,1541.47,3639.1001,847.255,12839.2002,6148.6299,2801.3,1716.63,39480.6653,E,N,N
02/22/2020,3:00,9717.4502,1512.48,3612.8,953.784,12029.2002,6002.6802,2868.78,1718.55,38415.7246,E1,N,N
02/22/2020,3:00,9361.9004,1610.85,3579.9299,916.806,12140,6021.1299,2891.1101,1553.5,38075.2263,E2,N,N
02/22/2020,3:00,9942.3701,1576.86,3624.77,924.618,12320.5996,6166.9399,3056.79,1687.1899,39300.1375,E3,N,N
02/22/2020,3:00,9749.96,1593.0409,3660.5244,920.8151,12269.1777,6080.0571,2901.7166,1655.1743,38830.4661,M,Y,N
02/22/2020,4:00,9657.8047,1724.3103,3800.187,931.6623,12249.2783,6122.9165,2814.345,1615.4133,38915.9174,A3,N,N
02/22/2020,4:00,9800.2891,1704.1151,3784.5334,939.4499,12076.5313,6120.0503,2804.623,1706.9091,38936.5012,A6,N,N
02/22/2020,4:00,9905.4404,1545.46,3641.8,860.829,12872.2998,6191.0098,2796.95,1738.33,39552.119,E,N,N
02/22/2020,4:00,9560.5303,1521.38,3632.6699,941.069,12131.9004,6109.75,2927.6001,1738.5699,38563.4696,E1,N,N
02/22/2020,4:00,9372.5195,1623.72,3582.8401,928.001,12116,6041.5601,2897.6899,1565.66,38127.9906,E2,N,N
02/22/2020,4:00,9791.1104,1577.8199,3590.79,934.165,12172.2002,6245.6499,2976.05,1659.21,38946.9954,E3,N,N
02/22/2020,4:00,9662.1064,1602.025,3658.9917,924.8701,12245.2217,6138.481,2891.3286,1660.0779,38783.1024,M,Y,N
02/22/2020,5:00,9804.1182,1753.6152,3792.437,949.765,12533.3535,6259.9292,2835.4668,1643.0575,39571.7424,A3,N,N
02/22/2020,5:00,9937.9355,1726.4371,3751.1702,966.4641,12082.626,6203.5234,2819.7483,1755.3091,39243.2137,A6,N,N
02/22/2020,5:00,9994.0596,1584.78,3650.23,881.829,13053.7998,6288.23,2834.6599,1792.1801,40079.7684,E,N,N
02/22/2020,5:00,9764.7998,1527.8199,3637.95,976.033,12227.2002,6264.27,2825.52,1781.45,39005.0429,E1,N,N
02/22/2020,5:00,9513.4697,1667.79,3597.0901,944.214,12274.2002,6168.5601,2931.74,1578.98,38676.0441,E2,N,N
02/22/2020,5:00,10003,1595.89,3656.6001,945.991,12340.7002,6350.8198,2786.8799,1725.77,39405.651,E3,N,N
02/22/2020,5:00,9831.4209,1625.9026,3677.6616,945.5087,12408.9189,6264.4326,2832.7666,1700.9547,39287.5666,M,Y,N
02/22/2020,6:00,10057.1748,1793.1942,3799.8877,976.712,12970.9736,6421.6699,2915.6416,1692.4027,40627.6565,A3,N,N
02/22/2020,6:00,10207.916,1800.1589,3738.0757,996.1934,12547.6797,6342.8291,2893.9307,1828.106,40354.8895,A6,N,N
02/22/2020,6:00,10255.2998,1639.4301,3663.9099,921.587,13310.5,6442.1499,2935.1899,1800.84,40968.9066,E,N,N
02/22/2020,6:00,9889.9404,1588.8199,3666.6001,988.884,12741.0996,6554.6299,2952.51,1808.67,40191.1539,E1,N,N
02/22/2020,6:00,9843.6299,1737.55,3614.8101,976.128,12701.7002,6435.4302,3025.4099,1627.83,39962.4883,E2,N,N
02/22/2020,6:00,10065.0996,1686.09,3620.3401,972.39,12994.4004,6719.1001,2944.6001,1714.84,40716.8603,E3,N,N
02/22/2020,6:00,10015.4199,1689.1484,3681.5471,971.6378,12894.4844,6535.2676,2948.2627,1724.4904,40460.2583,M,Y,N
02/22/2020,7:00,10387.7314,1848.5321,3828.7749,1009.999,13506.9844,6643.2222,3030.9717,1743.02,41999.2357,A3,N,N
02/22/2020,7:00,10510.0088,1843.5348,3751.9587,1010.3255,13141.7314,6510.8838,2988.4304,1882.9028,41639.7762,A6,N,N
02/22/2020,7:00,10516.7998,1701.6899,3693.0901,970.864,13613.7998,6667.5801,3084.1699,1819.4,42067.3936,E,N,N
02/22/2020,7:00,10408.2998,1685.58,3713.3899,1039.84,13579.9004,6948.25,3189.3101,1890.6801,42455.2503,E1,N,N
02/22/2020,7:00,10239.7998,1803.02,3650.3701,1019.26,13393.9004,6776.8799,3175.9099,1708.9301,41768.0702,E2,N,N
02/22/2020,7:00,10510.2998,1756.11,3651.7,1006.18,13763.2998,7004.6802,3240.3799,1799.88,42732.5297,E3,N,N
02/22/2020,7:00,10421.1572,1760.6442,3716.3987,1013.9279,13574.374,6846.3027,3147.6753,1795.175,42275.655,M,Y,N
02/22/2020,8:00,10621.2266,1920.3887,3851.6838,1026.8428,13857.4023,6861.959,3087.803,1787.381,43014.6872,A3,N,N
02/22/2020,8:00,10827.0078,1930.5446,3767.875,1034.0171,13716.2754,6869.8657,3083.7202,1929.9956,43159.3014,A6,N,N
02/22/2020,8:00,10738.7002,1744.35,3723.3201,1015.87,14055.2998,6869.9199,3182.8601,1847.83,43178.1501,E,N,N
02/22/2020,8:00,10431.5996,1746.73,3739.23,1083.16,13857.7998,7298.46,3276.0601,1917.74,43350.7795,E1,N,N
02/22/2020,8:00,10543.7002,1874.27,3684.48,1051.9399,13919.7002,7046.5898,3256.22,1771.79,43148.6901,E2,N,N
02/22/2020,8:00,10868.2998,1865.09,3656.8501,1038.7,14443.2998,7368.3198,3194.6499,1824.01,44259.2194,E3,N,N
02/22/2020,8:00,10640.5811,1835.3796,3737.916,1048.7891,14044.2881,7144.8271,3194.5132,1832.7864,43479.0806,M,Y,N
02/22/2020,9:00,10842.5391,1929.5226,3826.6104,1029.1893,14037.085,6984.1504,3116.1353,1744.4634,43509.6955,A3,N,N
02/22/2020,9:00,11053.918,1985.8234,3747.011,1064.5835,14057.6191,7013.918,3170.9973,1891.3213,43985.1916,A6,N,N
02/22/2020,9:00,10952.2002,1756.6899,3719.8301,1050.33,14287,6929.7202,3240.24,1791.9399,43727.9503,E,N,N
02/22/2020,9:00,10904.2002,1750.9,3696.1599,1107.54,14512.5996,7401.1699,3201.25,1952.21,44526.0296,E1,N,N
02/22/2020,9:00,10837.5,1915.16,3679.1499,1080.66,14313.7002,7121.9702,3305.49,1784.46,44038.0903,E2,N,N
02/22/2020,9:00,11181.5,1868.47,3650.3101,1064.02,14723.2998,7532.7598,3271.51,1834.61,45126.4797,E3,N,N
02/22/2020,9:00,10955.7725,1846.2043,3718.1426,1072.995,14427.9111,7253.209,3215.4399,1834.8704,44324.5448,M,Y,N
02/22/2020,10:00,10942.2529,1888.3246,3811.5264,1036.2002,14102.2598,7024.6606,3139.5693,1633.6024,43578.3962,A3,N,N
02/22/2020,10:00,11199.8174,1910.3296,3749.104,1082.3817,14116.7227,7026.4702,3213.2285,1750.3219,44048.376,A6,N,N
02/22/2020,10:00,10949.5,1713.59,3715.3501,1063.65,14218.4004,6869.2002,3214.46,1763.28,43507.4307,E,N,N
02/22/2020,10:00,10877.4004,1735.83,3716.1599,1121.39,14452.2998,7098.9199,3208.6899,1896.25,44106.9399,E1,N,N
02/22/2020,10:00,10876.9004,1862.14,3677.49,1101.3101,14590.2002,7119.1499,3279.6299,1747.05,44253.8705,E2,N,N
02/22/2020,10:00,11102.5,1834.39,3678.3101,1079.52,14718.7998,7339.6299,3161.27,1760.16,44674.5798,E3,N,N
02/22/2020,10:00,10958.8389,1811.6024,3725.604,1088.0363,14480.4072,7126.1572,3189.1436,1775.4753,44155.2649,M,Y,N
02/22/2020,11:00,10870.9463,1796.6073,3793.3813,1038.0238,14050.0156,6833.4893,3109.0476,1556.2385,43047.7497,A3,N,N
02/22/2020,11:00,11005.4668,1838.4451,3746.272,1090.0824,14151.2705,6925.0859,3214.7673,1639.5565,43610.9465,A6,N,N
02/22/2020,11:00,10737,1639.11,3692.5,1049.77,13914.5996,6655.5601,3121.1599,1785.52,42595.2196,E,N,N
02/22/2020,11:00,10882.7998,1645.8101,3671.02,1123.48,14500.7002,6964.9502,3209.5901,1794.6,43792.9504,E1,N,N
02/22/2020,11:00,10758.4004,1766.28,3647.4299,1095.0601,14594.2998,6948.5098,3192.4399,1692.58,43694.9999,E2,N,N
02/22/2020,11:00,10930.5,1700.1899,3653.03,1062.0601,14147.9004,7069.9399,3238.74,1719.17,43521.5303,E3,N,N
02/22/2020,11:00,10857.9863,1711.3257,3696.8491,1081.1243,14306.3027,6931.981,3178.5444,1719.3073,43483.4208,M,Y,N
02/22/2020,12:00,10765.8535,1695.0865,3705.6963,1042.8215,13727.2295,6547.0371,3057.3337,1514.6298,42055.6879,A3,N,N
02/22/2020,12:00,10766.9678,1758.7762,3693.0999,1115.7198,13746.7461,6535.9492,3183.751,1550.9408,42351.9508,A6,N,N
02/22/2020,12:00,10547.7998,1553.24,3660.79,1023.96,13391.5996,6367.1699,2995.8501,1735.8199,41276.2293,E,N,N
02/22/2020,12:00,10710,1568.4301,3709.1499,1092.8101,14267.7002,6763.8101,3103.1101,1756.53,42971.5405,E1,N,N
02/22/2020,12:00,10557.2002,1652.02,3599.1499,1078.1801,14348.9004,6694.3599,3077.03,1616.9,42623.7405,E2,N,N
02/22/2020,12:00,10586.7002,1587.74,3593.5,1044.33,14019.5996,6731.0698,3075.6799,1709.87,42348.4895,E3,N,N
02/22/2020,12:00,10653.7637,1613.4717,3659.5791,1062.1777,14048.9043,6661.5859,3068.1409,1677.1312,42444.7545,M,Y,N
02/22/2020,13:00,10510.9893,1619.4469,3642.8193,1020.455,12873.3975,6314.0366,2976.0239,1464.7399,40421.9084,A3,N,N
02/22/2020,13:00,10662.8574,1677.701,3650.9128,1086.1121,12820.1426,6246.0103,3117.8296,1466.0775,40727.6433,A6,N,N
02/22/2020,13:00,10340.2002,1486.88,3617.76,987.182,12833.5996,6139.5,2863.26,1667.63,39936.0118,E,N,N
02/22/2020,13:00,10407.4004,1515.79,3547.1101,1062.79,13823.0996,6429.0098,2968.04,1609.1899,41362.4298,E1,N,N
02/22/2020,13:00,10295.9004,1578.88,3556.74,1050.35,13950.2002,6462.8901,2958.5701,1542.12,41395.6508,E2,N,N
02/22/2020,13:00,10256.9004,1494.0601,3505.5801,1012.89,13422.7998,6497.2998,2887.3899,1585.47,40662.3901,E3,N,N
02/22/2020,13:00,10373.3359,1540.5443,3570.6899,1032.4622,13512.3994,6403.9922,2935.592,1575.7412,40944.7571,M,Y,N
02/22/2020,14:00,10293.6396,1550.1068,3602.6741,994.769,12036.0693,6086.9243,2934.9009,1426.6249,38925.7089,A3,N,N
02/22/2020,14:00,10338.835,1614.5901,3621.123,1051.4403,11996.7578,5880.3838,3073.4839,1393.3579,38969.9718,A6,N,N
02/22/2020,14:00,10108.2002,1439.36,3573.95,966.599,12268.5,5967.77,2786.3701,1616.08,38726.8293,E,N,N
02/22/2020,14:00,10217.2998,1450.8,3519.26,1004.86,13387.7998,6160.7798,2975.1399,1694.53,40410.4693,E1,N,N
02/22/2020,14:00,9986.3896,1537.25,3516.1599,1031.88,13492.7998,6247.3398,2886.48,1476.72,40175.0191,E2,N,N
02/22/2020,14:00,10001.0996,1506.24,3483.6001,995.435,12878.4004,6177.79,2985.1599,1557.3101,39585.0351,E3,N,N
02/22/2020,14:00,10139.834,1498.863,3537.6475,1003.2147,12977.8223,6153.3145,2932.9065,1562.4781,39806.0806,M,Y,N
02/22/2020,15:00,10084.4717,1469.4797,3554.2764,965.6787,11574.9834,5891.6816,2910.1628,1406.715,37857.4493,A3,N,N
02/22/2020,15:00,10097.8984,1548.4456,3574.8894,1020.0828,11625.8682,5756.8774,3066.7207,1368.3694,38059.1519,A6,N,N
02/22/2020,15:00,9928.9404,1406.3199,3526.23,945.207,11832.5996,5848.4302,2747.3999,1545.42,37780.547,E,N,N
02/22/2020,15:00,10017.7002,1404.6801,3499.74,1021.22,12669.5996,6058.1001,2857.6599,1571.33,39100.0299,E1,N,N
02/22/2020,15:00,9737.0498,1488.29,3469.0701,1012.86,13132.2998,6081.1499,2849.3601,1438.85,39208.9297,E2,N,N
02/22/2020,15:00,9788.29,1431.05,3430.6899,976.32,12201.9004,6021.96,2791.45,1523.3199,38164.9802,E3,N,N
02/22/2020,15:00,9930.8643,1438.1287,3495.5894,991.4608,12426.8984,6007.8164,2839.4131,1502.3918,38632.5629,M,Y,N
02/22/2020,16:00,9987.6553,1427.5203,3516.4475,942.4658,11324.2754,5795.8374,2868.7278,1402.5354,37265.4649,A3,N,N
02/22/2020,16:00,9921.6572,1528.236,3533.0576,1003.8489,11381.1221,5779.8535,3017.2522,1357.467,37522.4945,A6,N,N
02/22/2020,16:00,9836.1699,1387.64,3477.25,931.6,11605.7998,5820.75,2733.4099,1554.36,37346.9796,E,N,N
02/22/2020,16:00,9895.6299,1374.4399,3488.8401,1008.89,12471.9004,5934.1899,2714.1899,1568.6899,38456.77,E1,N,N
02/22/2020,16:00,9629.5898,1466.96,3433,1000.73,12954.2002,6013.8301,2841.25,1428.24,38767.8001,E2,N,N
02/22/2020,16:00,9652.6201,1391.25,3441.22,964.5,11890.5,5820.3901,2758.6499,1511.59,37430.7201,E3,N,N
02/22/2020,16:00,9817.1963,1405.1276,3475.408,977.7882,12195.4092,5894.1763,2782.2246,1496.7419,38044.0721,M,Y,N
02/22/2020,17:00,9920.6123,1422.6415,3493.6177,925.408,11305.7021,5782.3125,2810.4553,1413.1034,37073.8528,A3,N,N
02/22/2020,17:00,9793.3916,1527.8866,3492.3579,979.3932,11318.0576,5748.834,2939.8811,1390.6838,37190.4858,A6,N,N
02/22/2020,17:00,9830.0703,1405.86,3471.96,921.667,11632.0996,5858.3701,2743.8101,1582.58,37446.4171,E,N,N
02/22/2020,17:00,9840.8604,1373.42,3443.3799,1013.64,12107,5949.9702,2837.6201,1615.8101,38181.7007,E1,N,N
02/22/2020,17:00,9610.8398,1506.71,3421.29,1000.91,12882.4004,6075.2798,2844.1699,1450.35,38791.9499,E2,N,N
02/22/2020,17:00,9680.54,1406.4399,3354.8601,957.941,11752.7002,5866.8301,2793.3601,1525.36,37338.0314,E3,N,N
02/22/2020,17:00,9790.6172,1414.6967,3434.6208,974.0071,12052.75,5928.1055,2808.8564,1522.3405,37925.9942,M,Y,N
02/22/2020,18:00,9979.6533,1443.0603,3486.7678,892.9954,11493.4766,5827.0332,2779.2495,1464.7271,37366.9632,A3,N,N
02/22/2020,18:00,9821.1689,1549.7598,3476.177,929.907,11501.3184,5739.6992,2857.0671,1412.8856,37287.983,A6,N,N
02/22/2020,18:00,9952.96,1441.0601,3492.28,911.344,11775.2998,5944.77,2807.5,1590.6,37915.8139,E,N,N
02/22/2020,18:00,9924.4297,1408.0601,3449.1799,960.864,12670,6224.25,2780.78,1666.5699,39084.1336,E1,N,N
02/22/2020,18:00,9761.3701,1553.65,3444.1899,991.533,13003.5996,6197.6602,2876.8899,1500.1,39328.9927,E2,N,N
02/22/2020,18:00,9772.8301,1453.6899,3397.26,948.287,11874.2002,5981.2998,2766.8101,1525.24,37719.6171,E3,N,N
02/22/2020,18:00,9883.5195,1450.5414,3450.3606,950.7134,12295.5469,6072.2783,2792.2588,1554.8933,38450.1122,M,Y,N
02/22/2020,19:00,10354.2041,1531.4027,3537.885,913.285,12122.7549,6062.1831,2824.5332,1531.0157,38877.2637,A3,N,N
02/22/2020,19:00,10248.1094,1636.15,3501.5056,945.0372,12107.9492,5974.0825,2870.4651,1478.1075,38761.4065,A6,N,N
02/22/2020,19:00,10219.5,1488.2,3518.73,936.037,12022.7998,6105.8999,2935.6001,1649.67,38876.4368,E,N,N
02/22/2020,19:00,10276.7002,1496.5,3485.4199,978.153,13015.7998,6256.5298,2839.53,1795.01,40143.6427,E1,N,N
02/22/2020,19:00,10052.2998,1601.45,3469.4399,1000.08,13228.9004,6372.29,2982.45,1606.9,40313.8101,E2,N,N
02/22/2020,19:00,10184.2998,1568.87,3416.3501,968.293,12333.2998,6159.4102,2835.71,1631.59,39097.8229,E3,N,N
02/22/2020,19:00,10237.7764,1535.3994,3483.4351,967.7968,12662.6943,6218.0679,2864.6995,1655.9607,39625.8301,M,Y,N
02/22/2020,20:00,10415.1426,1527.1613,3597.0425,912.7822,12211.54,6213.6348,2910.0535,1607.9487,39395.3056,A3,N,N
02/22/2020,20:00,10358.1973,1638.5201,3561.5984,941.1701,12238.4434,6183.4692,2934.5935,1560.707,39416.699,A6,N,N
02/22/2020,20:00,10238.5996,1493.2,3582.96,957.44,12026,6141.3301,3016.77,1733.1899,39189.4896,E,N,N
02/22/2020,20:00,10396.4004,1516.2,3542.6399,1029.53,13191.2002,6449.3198,2994.04,1896.27,41015.6003,E1,N,N
02/22/2020,20:00,10101.7002,1583.78,3548.8701,1015.02,13206.7998,6416.27,3087.6001,1692.1899,40652.2301,E2,N,N
02/22/2020,20:00,10341.4004,1531.9301,3492.2,988.133,12647.2002,6314.4702,2959.0701,1741.65,40016.054,E3,N,N
02/22/2020,20:00,10330.7734,1528.4453,3549.4495,991.9485,12790.9922,6339.3857,2978.8372,1750.1698,40260.0016,M,Y,N
02/22/2020,21:00,10266.2227,1525.8071,3611.8513,890.5722,12043.6318,6086.0605,2866.459,1609.5332,38900.1378,A3,N,N
02/22/2020,21:00,10249.877,1634.2847,3559.637,910.3174,12051.8633,6031.4814,2860.1694,1568.3959,38866.0261,A6,N,N
02/22/2020,21:00,10107,1486.27,3598.1299,938.034,11867.9004,6044.0898,2980.9399,1774.29,38796.654,E,N,N
02/22/2020,21:00,10273.4004,1542.9301,3634.01,982.821,12689.5,6486.3701,2989.3999,1829.02,40427.4515,E1,N,N
02/22/2020,21:00,9999.8799,1578.16,3565.8401,998.434,12889.4004,6248.29,3035.76,1701.27,40017.0344,E2,N,N
02/22/2020,21:00,10162.4004,1573.85,3542.25,969.354,12479.2002,6300.3101,2967.98,1731.12,39726.4647,E3,N,N
02/22/2020,21:00,10188.8652,1543.7006,3592.5239,966.228,12503.4658,6275.0112,2958.0474,1738.3304,39766.1725,M,Y,N
02/22/2020,22:00,10053.0664,1493.192,3634.1079,867.0869,11666.1895,5885.9092,2798.6133,1575.8324,37973.9976,A3,N,N
02/22/2020,22:00,10034.9629,1608.2487,3586.936,893.6355,11620.6914,5845.6587,2769.3613,1541.5105,37901.005,A6,N,N
02/22/2020,22:00,9923.0498,1456.3,3602.27,905.393,11657,5891.1499,2898.9399,1743.91,38078.0126,E,N,N
02/22/2020,22:00,10094.7002,1507.65,3606.6101,964.462,12796,6290.1699,2936.72,1808.01,40004.3222,E1,N,N
02/22/2020,22:00,9862.5,1549.98,3572.49,969.637,12485,6048.75,2968.4299,1671.77,39128.5569,E2,N,N
02/22/2020,22:00,9883.3701,1521.01,3574.3301,946.848,12294.7002,6105.27,2873.71,1678.4399,38877.6783,E3,N,N
02/22/2020,22:00,9980.9785,1506.248,3600.6072,941.7968,12309.3232,6083.1797,2885.6819,1704.5228,39012.3381,M,Y,N
02/22/2020,23:00,9734.1777,1417.4491,3633.2981,841.2886,11342.4414,5566.3428,2710.6782,1540.1794,36785.8553,A3,N,N
02/22/2020,23:00,9752.0566,1527.2117,3585.5593,874.0237,11171.9512,5525.7207,2665.7598,1514.9746,36617.2576,A6,N,N
02/22/2020,23:00,9669.1904,1404.84,3592.6899,871.853,11394,5676.6899,2760.74,1706.0699,37076.0731,E,N,N
02/22/2020,23:00,9771.4902,1495,3583.3201,938.984,12190.4004,5989.4702,2837.8501,1747.02,38553.535,E1,N,N
02/22/2020,23:00,9617.5303,1484.5601,3564.5,941.934,11931.5996,5806.2402,2870.46,1603.86,37820.6842,E2,N,N
02/22/2020,23:00,9656.04,1458.34,3572.02,912.967,11863.7998,5794.2798,2795.95,1599.77,37653.1666,E3,N,N
02/22/2020,23:00,9701.2676,1453.8723,3591.8081,912.614,11838.5049,5802.8765,2790.0198,1643.4437,37734.4069,M,Y,N
02/22/2020,24:00,9324.8174,1387.1747,3640.7808,816.3151,10764.5527,5249.4463,2575.1543,1486.626,35244.8673,A3,N,N
02/22/2020,24:00,9329.957,1495.7606,3590.144,852.9741,10509.0039,5177.5225,2512.6052,1444.4934,34912.4607,A6,N,N
02/22/2020,24:00,9393.25,1359.24,3601.53,836.201,11132.4004,5449.2798,2605.8501,1638.41,36016.1613,E,N,N
02/22/2020,24:00,9355.21,1397.11,3600.0901,904.196,11595.0996,5658.6201,2718.02,1696.65,36924.9958,E1,N,N
02/22/2020,24:00,9305.8203,1425.52,3561.3899,897.926,11352.7998,5543.0098,2728.6799,1530.72,36345.8657,E2,N,N
02/22/2020,24:00,9279.0596,1402.61,3574.47,877.504,11258.2002,5448.6299,2664.45,1586.3199,36091.2436,E3,N,N
02/22/2020,24:00,9327.1553,1394.8187,3599.2002,876.4711,11288.6436,5499.9053,2656.2224,1594.0519,36236.4685,M,Y,N
02/23/2020,1:00,9182.6465,1393.3132,3672.0571,808.377,10624.7568,5092.853,2498.5146,1466.8654,34739.3836,A3,N,N
02/23/2020,1:00,9147.291,1496.8811,3706.3552,829.8351,10356.4385,5055.8862,2475.8572,1479.9756,34548.5199,A6,N,N
02/23/2020,1:00,8965.1797,1314.6899,3609.9299,812.074,11111.5996,5196.5298,2536.3601,1605.65,35152.013,E,N,N
02/23/2020,1:00,9022.3096,1333.67,3613.46,868.26,10971.0996,5343.1699,2597.6699,1548.54,35298.179,E1,N,N
02/23/2020,1:00,8895.5195,1352.89,3548.8899,826.946,11005.9004,5199.96,2529.46,1463.63,34823.1958,E2,N,N
02/23/2020,1:00,8923.7002,1347.28,3616.1299,837.937,10898.5,5355.5601,2505.78,1538.09,35022.9772,E3,N,N
02/23/2020,1:00,9014.752,1352.0133,3620.2644,835.8421,10935.9199,5260.8452,2533.7188,1521.6294,35074.9851,M,Y,N
02/23/2020,2:00,8959.7012,1377.5638,3679.0552,804.7018,10373.1553,5018.458,2396.967,1435.709,34045.3113,A3,N,N
02/23/2020,2:00,8935.4404,1457.0991,3706.1345,827.1156,10047.5342,4947.5122,2362.4128,1460.4624,33743.7112,A6,N,N
02/23/2020,2:00,8724.3301,1277.1801,3603.3899,797.438,10732,4993.7202,2456.6499,1614.1801,34198.8883,E,N,N
02/23/2020,2:00,8786.0195,1296.97,3620.73,851.695,10544.5996,5132.54,2484.3,1457.9,34174.7541,E1,N,N
02/23/2020,2:00,8676.5801,1326.9301,3516.6499,800.51,10638.9004,5010.8799,2418.9199,1422.83,33812.2003,E2,N,N
02/23/2020,2:00,8846.75,1331.47,3593.1499,812.289,10798,5263.2998,2436.3799,1515.53,34596.8686,E3,N,N
02/23/2020,2:00,8823.2314,1327.0146,3613.2388,816.391,10633.5195,5103.2021,2438.8579,1480.3013,34235.7566,M,Y,N
02/23/2020,3:00,8766.0605,1373.7952,3684.7183,798.6416,10266.7881,4919.3267,2335.9167,1418.1343,33563.3814,A3,N,N
02/23/2020,3:00,8750.9922,1438.0408,3708.2729,820.8419,9927.7676,4781.6274,2302.5107,1450.3577,33180.4112,A6,N,N
02/23/2020,3:00,8588.1602,1255.27,3613.79,794.048,10528,4862.48,2383.8301,1584.4399,33610.0182,E,N,N
02/23/2020,3:00,8570.71,1269,3533.2,837.539,10323.5996,4918.1099,2430.3999,1476.97,33359.5284,E1,N,N
02/23/2020,3:00,8549.9199,1299.8101,3527.72,799.536,10422.0996,4910.6899,2339.6799,1398.4399,33247.8953,E2,N,N
02/23/2020,3:00,8693.4502,1298.39,3605.3101,798.015,10552.2002,5138.6499,2348.3401,1484.64,33918.9955,E3,N,N
02/23/2020,3:00,8649.8154,1304.6813,3598.4961,807.8588,10423.8232,4964.5884,2369.1028,1465.3344,33583.7004,M,Y,N
02/23/2020,4:00,8646.4111,1360.0303,3679.2478,801.7198,10198.7666,4843.5137,2311.05,1421.3396,33262.0789,A3,N,N
02/23/2020,4:00,8640.6943,1415.0306,3682.3611,824.835,9922.3438,4725.5205,2267.9805,1480.6257,32959.3915,A6,N,N
02/23/2020,4:00,8490.0996,1235.27,3615.95,798.483,10438.0996,4807.1499,2358.05,1606.6899,33349.792,E,N,N
02/23/2020,4:00,8500.6299,1272.5601,3506.0901,843.224,10286.2002,4847.8198,2381.6399,1470.34,33108.504,E1,N,N
02/23/2020,4:00,8444.9902,1295.53,3529.8201,804.997,10305,4849.8999,2303.76,1397.8101,32931.8073,E2,N,N
02/23/2020,4:00,8528.5098,1319.78,3580,804.984,10440,5006.48,2328.78,1506.17,33514.7038,E3,N,N
02/23/2020,4:00,8535.7734,1304.4426,3584.5557,813.3267,10337.4082,4882.3833,2338.0938,1472.0837,33268.0674,M,Y,N
02/23/2020,5:00,8628.2217,1381.4641,3674.1543,818.6674,10345.6934,4878.0845,2304.0481,1438.8914,33469.2249,A3,N,N
02/23/2020,5:00,8603.6514,1408.9623,3655.9858,847.2213,9939.0615,4761.0156,2247.9492,1519.0276,32982.8747,A6,N,N
02/23/2020,5:00,8494.2197,1251.65,3622.76,805.503,10541.2998,4830.1201,2352.97,1529.48,33428.0026,E,N,N
02/23/2020,5:00,8467.7305,1272.9301,3525.45,862.297,10293.5,4918.9702,2402.9299,1457.91,33201.7177,E1,N,N
02/23/2020,5:00,8417.3398,1325.4,3548.0601,816.244,10320.7998,4866.8701,2291.02,1404.8199,32990.5537,E2,N,N
02/23/2020,5:00,8565.0303,1317.8199,3555.25,812.879,10318.7002,5029.3501,2334.1299,1501.16,33434.3194,E3,N,N
02/23/2020,5:00,8529.1904,1315.1848,3585.0662,825.8763,10344.124,4917.3232,2340.7756,1462.0189,33319.5594,M,Y,N
02/23/2020,6:00,8699.6982,1419.8754,3667.4797,834.3852,10513.4932,4958.1338,2333.3569,1477.7607,33904.1831,A3,N,N
02/23/2020,6:00,8644.3418,1449.028,3638.946,867.8495,10178.1299,4793.062,2267.4902,1579.3953,33418.2427,A6,N,N
02/23/2020,6:00,8603.4902,1287.15,3628.3899,827.93,10721.0996,4924.6499,2367.1899,1544.62,33904.5195,E,N,N
02/23/2020,6:00,8562.1602,1302.61,3552.5801,874.432,10595.2002,5015.6099,2399.1399,1529.26,33830.9923,E1,N,N
02/23/2020,6:00,8473.4502,1366.63,3584.3,837.751,10523.2002,4965.1802,2312.24,1433.74,33496.4916,E2,N,N
02/23/2020,6:00,8630.4199,1369.3101,3521.27,837.424,10704.4004,5151.8198,2365.71,1497.67,34078.0242,E3,N,N
02/23/2020,6:00,8607.6875,1354.6714,3586.9189,845.1912,10610.0234,5018.5005,2359.4805,1492.9651,33875.4385,M,Y,N
02/23/2020,7:00,8825.1191,1423.4846,3665.6199,843.7703,10709.166,5083.3242,2401.4324,1534.3856,34486.3021,A3,N,N
02/23/2020,7:00,8762.9258,1407.1154,3628.5273,857.6091,10395.7402,4884.0732,2313.5332,1635.0516,33884.5758,A6,N,N
02/23/2020,7:00,8749.5498,1340.15,3639.5801,858.455,10992.2998,5097.9902,2401.0601,1589.34,34668.425,E,N,N
02/23/2020,7:00,8723.2803,1372.91,3535.47,913.342,11136.2002,5283.0801,2454.8999,1569.2,34988.3825,E1,N,N
02/23/2020,7:00,8596,1410.11,3617.0901,870.493,10940,5120.2998,2372.3501,1514.1,34440.443,E2,N,N
02/23/2020,7:00,8835.9404,1393.47,3552.23,869.307,11201.7998,5235.6401,2440.5901,1561.6899,35090.6673,E3,N,N
02/23/2020,7:00,8764.2793,1391.2488,3595.4136,876.0636,11032.1836,5182.4194,2420.9067,1551.7131,34814.2281,M,Y,N
02/23/2020,8:00,8922.5098,1432.7583,3675.4641,868.3774,11010.9912,5173.9009,2445.1902,1565.5374,35094.7293,A3,N,N
02/23/2020,8:00,8877.8418,1468.3849,3631.0615,879.6561,10764.9316,5139.9292,2371.332,1671.8271,34804.9642,A6,N,N
02/23/2020,8:00,8889.5596,1392.77,3661.9399,894.113,11531,5303.7598,2448.3,1632.72,35754.1623,E,N,N
02/23/2020,8:00,8911.1797,1438.67,3607.8201,948.499,11668.7998,5535.9302,2537.1499,1606.41,36254.4587,E1,N,N
02/23/2020,8:00,8745.1299,1486.9399,3642.1699,902.581,11339.4004,5308.7002,2417.3701,1565.99,35408.2814,E2,N,N
02/23/2020,8:00,9026.4805,1462.8199,3512.8899,904.466,11806.7002,5412.8701,2440.1399,1579.87,36146.2365,E3,N,N
02/23/2020,8:00,8919.3789,1443.5258,3612.0571,909.1978,11521.4736,5374.0825,2463.8289,1587.8496,35831.3942,M,Y,N
02/23/2020,9:00,9149.4434,1477.5354,3666.4719,897.4608,11290.3623,5300.6216,2519.9338,1544.5837,35846.4129,A3,N,N
02/23/2020,9:00,9144.3711,1527.7029,3616.6787,924.6017,11064.4834,5360.6968,2485.5708,1641.6736,35765.779,A6,N,N
02/23/2020,9:00,9166.9004,1455.59,3686.98,941.284,12005,5486.3501,2557.74,1622.35,36922.1945,E,N,N
02/23/2020,9:00,9176.8896,1461.59,3590.53,968.862,11964.0996,5600.5498,2590.52,1555.55,36908.591,E1,N,N
02/23/2020,9:00,9132.2803,1555.46,3657.4399,948.691,11805.7998,5496.8301,2543.54,1595.35,36735.3911,E2,N,N
02/23/2020,9:00,9261.46,1526.7,3549.6699,953.974,12039.2002,5640.7598,2586.53,1533.66,37091.9539,E3,N,N
02/23/2020,9:00,9184.3457,1492.8376,3619.7205,947.7249,11864.1953,5532.9063,2561.906,1567.0067,36770.643,M,Y,N
02/23/2020,10:00,9367.1855,1466.3336,3664.9856,938.8726,11633.1777,5480.4775,2645.5864,1459.5903,36656.2092,A3,N,N
02/23/2020,10:00,9417.542,1511.2151,3633.2205,969.9512,11491.2324,5495.1729,2634.342,1510.9775,36663.6536,A6,N,N
02/23/2020,10:00,9389.25,1469.21,3650,971.839,12223.7002,5616.7202,2651.8101,1589.46,37561.9895,E,N,N
02/23/2020,10:00,9459.6299,1473.73,3590.0901,985.394,12061.7002,5699.46,2738.25,1506.29,37514.5442,E1,N,N
02/23/2020,10:00,9453.9004,1556.29,3634.24,980.239,12146.4004,5664.7002,2660.1699,1500.42,37596.3599,E2,N,N
02/23/2020,10:00,9556.54,1535.72,3533.1201,985.455,11970.2002,5740.96,2669.55,1520.21,37511.7553,E3,N,N
02/23/2020,10:00,9451.2324,1497.1333,3607.5789,976.611,12026.6846,5663.4297,2677.344,1512.8613,37412.8752,M,Y,N
02/23/2020,11:00,9568.8975,1424.5339,3669.1035,930.3618,11624.9268,5515.0908,2731.3999,1385.3151,36849.6293,A3,N,N
02/23/2020,11:00,9649.8809,1463.3356,3636.7896,964.9056,11582.3467,5508.9751,2743.5557,1400.1241,36949.9133,A6,N,N
02/23/2020,11:00,9473.3203,1438.6801,3616.8401,965.675,12126.9004,5594.2998,2694.8401,1559.55,37470.1058,E,N,N
02/23/2020,11:00,9646.96,1446.51,3567.9099,981.774,12027.2998,5695.0601,2797.6899,1443.01,37606.2137,E1,N,N
02/23/2020,11:00,9615.9697,1495.26,3587.24,971.117,12191.5996,5694.0498,2728,1438.2,37721.4361,E2,N,N
02/23/2020,11:00,9702.1904,1454.5601,3545.3301,974.792,11894.4004,5784.23,2769.22,1456.39,37581.113,E3,N,N
02/23/2020,11:00,9615.6729,1448.1436,3596.0959,968.9254,11997.3027,5682.0088,2752.4324,1452.5082,37513.0899,M,Y,N
02/23/2020,12:00,9715.2314,1361.744,3658.7585,920.7849,11339.3838,5437.9243,2797.3638,1355.1132,36586.3039,A3,N,N
02/23/2020,12:00,9790.3135,1422.8793,3630.2002,979.9143,11462.6689,5439.0835,2828.0076,1336.3834,36889.4507,A6,N,N
02/23/2020,12:00,9533.1699,1394.59,3574.9199,957.428,11841.7002,5480.48,2734.74,1520.49,37037.518,E,N,N
02/23/2020,12:00,9791.0996,1421.22,3529.1799,959.867,11890.4004,5620.0698,2834.1499,1405.38,37451.3666,E1,N,N
02/23/2020,12:00,9684.3398,1423.0699,3520.26,966.717,12043.0996,5641.3101,2776.8799,1364.7,37420.3763,E2,N,N
02/23/2020,12:00,9739.9502,1406.3101,3539.0901,965.633,11698.7002,5678.73,2784.3601,1436.8199,37249.5936,E3,N,N
02/23/2020,12:00,9713.7588,1399.526,3568.6545,957.8309,11805.6846,5599.8281,2792.9211,1411.1754,37249.3794,M,Y,N
02/23/2020,13:00,9768.2441,1351.7328,3617.5647,905.1653,11000.8301,5351.1011,2826.9734,1344.5667,36166.1782,A3,N,N
02/23/2020,13:00,9852.582,1416.3163,3613.0244,966.1304,11190.3369,5354.9434,2892.3052,1300.8146,36586.4532,A6,N,N
02/23/2020,13:00,9572,1369.24,3546.1599,944.826,11518.5,5398.1001,2749.3401,1469.38,36567.5461,E,N,N
02/23/2020,13:00,9806.6504,1403.8101,3528.99,939.869,11784.7998,5568.3501,2847.3101,1398.8,37278.5795,E1,N,N
02/23/2020,13:00,9689.3799,1388.27,3474.3601,963.083,11793.5996,5559.2202,2808.8899,1302.84,36979.6427,E2,N,N
02/23/2020,13:00,9679.8203,1387.28,3485.1201,951.072,11447.2002,5657.3799,2843.2,1379.21,36830.2825,E3,N,N
02/23/2020,13:00,9721.3516,1380.3945,3535.4836,944.7549,11571.3154,5539.8877,2824.1497,1371.9558,36889.2932,M,Y,N
02/23/2020,14:00,9746.3848,1340.667,3576.428,890.3489,10586.2373,5291.4209,2869.5349,1335.1292,35636.151,A3,N,N
02/23/2020,14:00,9796.5078,1358.4478,3588.2834,948.3232,10817.4736,5288.8535,2930.7109,1266.9587,35995.5589,A6,N,N
02/23/2020,14:00,9514.6104,1349.88,3523.1899,933.117,11137.4004,5330.7402,2794.1399,1457.47,36040.5478,E,N,N
02/23/2020,14:00,9930.0996,1378.26,3490.96,938.428,11365.0996,5471.8501,2948.0901,1377.6,36900.3874,E1,N,N
02/23/2020,14:00,9630.5801,1362.77,3440.99,952.586,11443.9004,5483.7002,2847.28,1261.77,36423.5767,E2,N,N
02/23/2020,14:00,9715.4502,1355.0699,3430.79,937.74,11025.7998,5615.6699,2934.72,1361.54,36376.7798,E3,N,N
02/23/2020,14:00,9741.1318,1357.5804,3495.0669,935.1217,11174.1553,5470.5752,2893.2637,1349.3024,36416.1974,M,Y,N
02/23/2020,15:00,9757.4424,1317.489,3538.2605,874.7894,10296.3613,5267.4355,2937.4895,1330.2531,35319.5207,A3,N,N
02/23/2020,15:00,9785.0947,1316.713,3545.5894,928.9354,10474.7373,5281.6567,3017.2749,1273.3531,35623.3545,A6,N,N
02/23/2020,15:00,9485.3701,1341.01,3490.6101,918.751,10729.7002,5297.3799,2843.8201,1446.98,35553.6214,E,N,N
02/23/2020,15:00,9744.7305,1368.0601,3504.3201,922.895,11042.5,5363.5298,2999.28,1347,36292.3155,E1,N,N
02/23/2020,15:00,9584.71,1337.1,3393.21,940.039,11180.7998,5409.1602,2897.77,1239.84,35982.629,E2,N,N
02/23/2020,15:00,9647.9697,1347.61,3393.97,922.982,10841.7002,5570.75,2951.75,1361.26,36037.9919,E3,N,N
02/23/2020,15:00,9671.2959,1343.0536,3469.615,920.6715,10894.5078,5406.4619,2939.8286,1334.1792,35979.6135,M,Y,N
02/23/2020,16:00,9746.2373,1300.2903,3505.9001,857.4581,10127.5361,5312.6772,2954.9626,1334.2887,35139.3504,A3,N,N
02/23/2020,16:00,9733.584,1312.4604,3501.8281,914.9147,10259.2158,5317.3076,3029.8669,1285.2736,35354.4511,A6,N,N
02/23/2020,16:00,9513.3496,1334.9399,3467.6699,901.84,10502.4004,5319.2402,2859.55,1456.01,35355,E,N,N
02/23/2020,16:00,9835.3604,1342.89,3498.4299,909.246,10961.0996,5429.27,2978.25,1350.6801,36305.226,E1,N,N
02/23/2020,16:00,9601,1324.83,3354.3601,926.991,11033.2002,5405.8901,2930.9399,1254.5601,35831.7714,E2,N,N
02/23/2020,16:00,9603.8701,1341.49,3445.1899,906.797,10767.7002,5573.1001,2909.5701,1367.09,35914.8074,E3,N,N
02/23/2020,16:00,9685.6611,1328.6389,3465.1338,905.6708,10769.2422,5431.0547,2934.5071,1341.8699,35861.7785,M,Y,N
02/23/2020,17:00,9769.2471,1305.8416,3465.0442,845.2109,10121.5928,5387.8008,2925.3167,1373.5109,35193.565,A3,N,N
02/23/2020,17:00,9694.2139,1336.6646,3445.9045,895.2656,10204.3457,5380.6396,2997.5076,1355.9514,35310.4929,A6,N,N
02/23/2020,17:00,9601.6904,1351.85,3460.9399,896.477,10467.4004,5388.4399,2842.47,1476.83,35486.0976,E,N,N
02/23/2020,17:00,9747.6201,1356.37,3461.8101,908.893,11022.7998,5451.6602,3001.6399,1386.91,36337.7031,E1,N,N
02/23/2020,17:00,9597.04,1353.5699,3344.77,926.825,10963.7002,5495.5,2928.49,1288.41,35898.3051,E2,N,N
02/23/2020,17:00,9660.9502,1329.96,3385.2,904.526,10749.2998,5698.5298,2940.8899,1407.76,36077.1157,E3,N,N
02/23/2020,17:00,9694.2949,1336.2205,3428.7273,902.772,10757.5742,5508.4526,2938.3315,1377.0627,35943.4357,M,Y,N
02/23/2020,18:00,9880.082,1343.8942,3455.2854,828.8519,10380.7832,5514.1621,2906.1982,1438.2117,35747.4687,A3,N,N
02/23/2020,18:00,9774.4717,1377.3479,3431.4211,859.071,10464.6641,5482.3091,2942.0342,1396.6576,35727.9767,A6,N,N
02/23/2020,18:00,9805.4805,1388.76,3473.3101,882.401,10662.5,5525.8101,2838.3,1504.36,36080.9217,E,N,N
02/23/2020,18:00,9905.2598,1397.42,3492.1499,891.138,11404.0996,5586.1499,2978.1399,1435.39,37089.7471,E1,N,N
02/23/2020,18:00,9683.1904,1403.05,3373.8601,918.182,11180.5996,5659.3901,2914.4099,1344.1801,36476.8622,E2,N,N
02/23/2020,18:00,9843.8398,1373.95,3375.4399,889.828,10947.2002,5701.3599,2906.7,1455.92,36494.2378,E3,N,N
02/23/2020,18:00,9843.3789,1377.7922,3436.6147,888.6936,11013.3857,5616.7217,2916.8484,1426.694,36520.1292,M,Y,N
02/23/2020,19:00,10298.6914,1426.5526,3463.093,847.3359,11077.6123,5822.6499,2957.6318,1516.2588,37409.8257,A3,N,N
02/23/2020,19:00,10256.21,1445.8557,3425.1594,872.6389,11209.8516,5800.6392,2971.1047,1474.1858,37455.6453,A6,N,N
02/23/2020,19:00,10153.5996,1440.52,3504.8701,901.349,11155.5996,5799.8301,2882.3401,1544.47,37382.5785,E,N,N
02/23/2020,19:00,10197.7998,1457.14,3520.8301,906.575,11838,5875.4302,3024.9399,1493.52,38314.235,E1,N,N
02/23/2020,19:00,10028,1460.35,3444.6201,928.286,11691.5996,5966.9702,2971.6499,1424.51,37915.9858,E2,N,N
02/23/2020,19:00,10119.7998,1519.12,3436.6399,912.589,11415.2998,6059.3101,2993.0601,1466.88,37922.6987,E3,N,N
02/23/2020,19:00,10176.7725,1463.3119,3473.8269,905.4481,11515.376,5928.2378,2975.6567,1478.8186,37917.4485,M,Y,N
02/23/2020,20:00,10395.5664,1438.7781,3515.7366,862.9664,11463.2666,6015.9209,3053.6929,1585.8969,38331.8248,A3,N,N
02/23/2020,20:00,10385.4023,1454.1941,3481.959,884.3181,11582.1211,6034.0464,3052.0454,1544.1232,38418.2096,A6,N,N
02/23/2020,20:00,10245.9004,1452.0601,3566.26,926.881,11439.2002,5936.27,2938.6699,1606.83,38112.0716,E,N,N
02/23/2020,20:00,10319.2998,1470.6,3595.5,947.825,12249.5,6082.96,3127.6899,1567.2,39360.5747,E1,N,N
02/23/2020,20:00,10125.2002,1470.8101,3537.73,950.702,11982,6124.2002,3078.3701,1520.13,38789.1426,E2,N,N
02/23/2020,20:00,10304.7002,1467.5699,3473.6899,944.007,11989.7002,6237.8901,3087.5601,1559.62,39064.7374,E3,N,N
02/23/2020,20:00,10301.2793,1459.5958,3534.2305,934.3644,11918.1084,6105.2866,3069.3657,1560.8284,38883.0591,M,Y,N
02/23/2020,21:00,10256.9512,1423.7778,3562.0671,857.4691,11418.1748,5873.4507,3012.4209,1578.1537,37982.4653,A3,N,N
02/23/2020,21:00,10261.5215,1435.2126,3506.5298,876.2472,11511.0273,5882.1196,2988.7661,1537.6843,37999.1084,A6,N,N
02/23/2020,21:00,10144,1442.91,3589.6499,915.817,11347.2002,5825.1602,2908.4399,1626.02,37799.1972,E,N,N
02/23/2020,21:00,10176.0996,1503.58,3632.3501,934.666,11856.7998,6145.25,3113.6799,1596.39,38958.8154,E1,N,N
02/23/2020,21:00,10017.9004,1481.71,3570.48,938.216,11851.7998,6009.8999,3016.98,1550.5699,38437.556,E2,N,N
02/23/2020,21:00,10065.5,1470.3,3578.1201,933.335,11977.5,5942.5,3038.54,1572.0699,38577.865,E3,N,N
02/23/2020,21:00,10144.875,1464.9919,3588.1506,923.215,11767.1973,5986.7388,3031.8376,1580.2792,38487.2854,M,Y,N
02/23/2020,22:00,10008.8291,1374.1799,3599.9038,844.6295,11194.3779,5676.7158,2929.0945,1548.8938,37176.6243,A3,N,N
02/23/2020,22:00,10040.8848,1375.9991,3548.7239,854.1893,11236.7178,5680.7827,2885.1104,1511.408,37133.816,A6,N,N
02/23/2020,22:00,9928.7998,1398.21,3595.3101,889.956,11072.5,5604.77,2835.3701,1621.74,36946.656,E,N,N
02/23/2020,22:00,9903.5303,1459.77,3588.6201,913.686,11915.7998,5836.8999,3003.75,1576.25,38198.3061,E1,N,N
02/23/2020,22:00,9824.5898,1452.49,3578.1699,909.041,11554.2002,5803.9502,2936.9399,1545.1801,37604.5611,E2,N,N
02/23/2020,22:00,9860.9199,1439.76,3565.6599,907.435,11644.7998,5862.3999,2934.8701,1578.27,37794.1146,E3,N,N
02/23/2020,22:00,9912.4932,1424.7649,3585.231,899.3637,11562.0596,5785.9985,2938.4673,1571.2543,37679.6325,M,Y,N
02/23/2020,23:00,9551.1572,1295.444,3588.4512,823.1224,10714.2041,5358.4072,2787.259,1511.5287,35629.5738,A3,N,N
02/23/2020,23:00,9621.5635,1279.7156,3538.7585,834.8796,10664.8477,5380.1665,2724.4167,1484.158,35528.5061,A6,N,N
02/23/2020,23:00,9517.1602,1328.62,3576.46,856.258,10531.0996,5285.46,2686.47,1632.52,35414.0478,E,N,N
02/23/2020,23:00,9480.3604,1394.58,3570.74,868.238,11137.9004,5496.2402,2799.47,1553.3101,36300.8391,E1,N,N
02/23/2020,23:00,9425.0703,1356.99,3534.3101,871.952,10969.0996,5473.3398,2791.25,1495.84,35917.8518,E2,N,N
02/23/2020,23:00,9481.3701,1357.91,3545.0901,865.586,10992.7002,5455.5098,2799.0801,1509.38,36006.6263,E3,N,N
02/23/2020,23:00,9496.001,1347.6848,3564.9165,861.3666,10930.5879,5436.7559,2781.1672,1532.6385,35951.1184,M,Y,N
02/23/2020,24:00,9011.3447,1226.2753,3571.7588,795.5779,10118.0762,5007.0854,2584.2673,1456.1689,33770.5545,A3,N,N
02/23/2020,24:00,9112.8633,1186.0765,3524.7808,814.5497,10025.1172,5049.0078,2513.5251,1411.5155,33637.4359,A6,N,N
02/23/2020,24:00,9076.8896,1252.9399,3573.6001,822.018,9972.1797,4965.8799,2510.6599,1560.95,33735.1171,E,N,N
02/23/2020,24:00,8968.71,1315.88,3552.3601,827.255,10451.9004,5112.3599,2612.8899,1469.0601,34310.4154,E1,N,N
02/23/2020,24:00,8959.21,1285.34,3497.6399,831.376,10313.5,5125.4399,2600.48,1434.6,34047.5858,E2,N,N
02/23/2020,24:00,8992.2695,1277.1,3525.8401,821.984,10339.2998,5013.23,2578.6299,1470.49,34018.8433,E3,N,N
02/23/2020,24:00,8997.5938,1272.0988,3546.3948,822.3533,10287.457,5059.3779,2582.8394,1470.6775,34038.7925,M,Y,N
02/24/2020,1:00,8708.9346,1252.1604,3675.7302,781.1159,9827.9922,4758.2817,2454.5715,1429.6289,32888.4154,A3,N,N
02/24/2020,1:00,8788.4023,1158.1592,3623.3535,790.9631,9797.4561,4804.2031,2428.929,1430.0574,32821.5237,A6,N,N
02/24/2020,1:00,8846.5303,1218.64,3669.23,805.161,10311.9004,4912.2402,2522.73,1503.7,33790.1319,E,N,N
02/24/2020,1:00,8615.25,1257.2,3567.1699,801.939,9737.9297,4865.9199,2451.75,1413.83,32710.9885,E1,N,N
02/24/2020,1:00,8931.9697,1380.63,3525.01,798.633,10131.7998,5070.9302,2527.1299,1390.79,33756.8926,E2,N,N
02/24/2020,1:00,8741.5098,1307,3548.03,791.626,10079.5996,4867.8301,2489.79,1424.3199,33249.7054,E3,N,N
02/24/2020,1:00,8738.7363,1278.9988,3597.0127,796.3341,10004.8184,4909.9854,2480.2603,1423.901,33230.047,M,Y,N
02/24/2020,2:00,8550.4951,1232.2982,3698.707,776.4299,9740.1543,4686.4678,2341.1091,1400.024,32425.6854,A3,N,N
02/24/2020,2:00,8583.7695,1144.8198,3630.7087,790.0118,9637.1748,4823.6426,2305.3333,1406.8823,32322.3428,A6,N,N
02/24/2020,2:00,8664.7695,1193.89,3681.6599,801.48,10177.9004,4803.6401,2418.6499,1467.71,33209.6998,E,N,N
02/24/2020,2:00,8390.7695,1216.47,3560.1899,798.124,9501.1797,4769.5698,2336.22,1411.8101,31984.333,E1,N,N
02/24/2020,2:00,8686,1363.66,3518.99,785.437,9937.0195,4926.0098,2428.6899,1369.67,33015.4762,E2,N,N
02/24/2020,2:00,8393.2598,1280.62,3571.03,781.974,9671.9297,4811.8999,2368.0601,1377.23,32256.0035,E3,N,N
02/24/2020,2:00,8502.4766,1252.0408,3607.563,788.6226,9767.2891,4813.1333,2367.2646,1398.1443,32496.5343,M,Y,N
02/24/2020,3:00,8475.0625,1260.7773,3723.0215,780.8367,9770.3281,4667.6626,2288.5818,1393.1558,32359.4263,A3,N,N
02/24/2020,3:00,8482.7725,1169.606,3651.2422,794.0334,9632.8984,4759.0322,2252.3076,1406.9716,32148.8639,A6,N,N
02/24/2020,3:00,8618.2598,1193.58,3690.7,808.233,10149,4782.3501,2342,1494.87,33078.9929,E,N,N
02/24/2020,3:00,8235.9102,1199.86,3573.45,794.106,9439.8398,4483.29,2263.47,1374.97,31364.896,E1,N,N
02/24/2020,3:00,8608.7402,1377.64,3522.3401,790.99,9877.4805,4875.3101,2362.8999,1364.65,32780.0508,E2,N,N
02/24/2020,3:00,8235.5098,1263.71,3601.3601,781.931,9647.3096,4735.4702,2217.03,1352.79,31835.1107,E3,N,N
02/24/2020,3:00,8389.9961,1252.4893,3626.0879,790.3905,9731.0732,4704.7695,2280.3831,1384.1057,32159.2953,M,Y,N
02/24/2020,4:00,8538.0303,1286.564,3738.7222,796.2017,9941.6797,4716.1709,2277.9958,1409.3395,32704.7041,A3,N,N
02/24/2020,4:00,8527.4229,1185.5896,3644.262,805.6047,9904.2529,4731.7686,2238.6497,1445.7864,32483.3368,A6,N,N
02/24/2020,4:00,8705.6904,1206.4,3705.8701,826.148,10305.5,4816.04,2329.9299,1516.35,33411.9284,E,N,N
02/24/2020,4:00,8351.0303,1201.98,3583.6699,811.487,9359.5801,4504.5801,2244.0601,1373.62,31430.0075,E1,N,N
02/24/2020,4:00,8661.1299,1416.12,3535.6299,804.301,9968.71,4901.1802,2346.3101,1378.55,33011.9311,E2,N,N
02/24/2020,4:00,8288.1797,1307.95,3584.1499,801.251,9847.7803,4744.4502,2209.54,1376.52,32159.8211,E3,N,N
02/24/2020,4:00,8465.1621,1276.9385,3631.8232,807.0535,9824.915,4729.0791,2267.429,1397.8837,32400.2841,M,Y,N
02/24/2020,5:00,8832.209,1368.5874,3731.6086,845.3587,10430.002,4927.7646,2312.0122,1462.3833,33909.9258,A3,N,N
02/24/2020,5:00,8815.0078,1274.6853,3624.6372,855.91,10682.6621,5015.2954,2258.4143,1518.2515,34044.8636,A6,N,N
02/24/2020,5:00,9016.2803,1257.54,3744.3701,860.757,10813.7002,5043.5601,2391.97,1520.0601,34648.2378,E,N,N
02/24/2020,5:00,8602.4102,1236.65,3603.49,855.097,10032,4719.8301,2310.9099,1481.17,32841.5572,E1,N,N
02/24/2020,5:00,8887.0098,1483.8,3584.8401,832.755,10375.7998,5106.3398,2416.8501,1418.62,34106.0146,E2,N,N
02/24/2020,5:00,8571.4102,1390.33,3623.77,838.419,10473.2998,4861.3398,2242.6201,1413.4399,33414.6288,E3,N,N
02/24/2020,5:00,8739.4189,1341.5593,3655.8687,844.8322,10375.7383,4918.293,2317.488,1451.1129,33644.3113,M,Y,N
02/24/2020,6:00,9439.0234,1485.9766,3751.0493,910.0556,11449.2686,5377.5244,2449.9331,1553.5439,36416.3749,A3,N,N
02/24/2020,6:00,9410.2832,1408.4886,3646.8906,918.2706,11702.4805,5561.2007,2378.4067,1627.7769,36653.7978,A6,N,N
02/24/2020,6:00,9697.1904,1377.42,3806.1499,924.183,11848.5996,5633.1699,2562.97,1583.74,37433.4228,E,N,N
02/24/2020,6:00,9275.3096,1326.6,3656.8501,894.811,11068.2998,5259.02,2467.6899,1507.2,35455.7804,E1,N,N
02/24/2020,6:00,9458.7402,1564.62,3656.3799,889.353,11367.7998,5653.1602,2582.0801,1499.0699,36671.2031,E2,N,N
02/24/2020,6:00,9269.8398,1478.34,3652.47,907.741,11522.5996,5440.3599,2411.1299,1502.48,36184.9602,E3,N,N
02/24/2020,6:00,9390.5352,1440.4841,3697.9084,902.256,11401.9082,5464.4717,2475.3193,1519.3479,36292.2308,M,Y,N
02/24/2020,7:00,10190.7959,1637.95,3799.52,987.2063,12850.9697,6034.9888,2727.2893,1689.2008,39917.9208,A3,N,N
02/24/2020,7:00,10131.0293,1544.6006,3714.196,994.9523,13016.6084,6266.9956,2653.7949,1752.5731,40074.7502,A6,N,N
02/24/2020,7:00,10536.0996,1563.37,3888.5601,1019.07,13257.7002,6434.2598,2890.1899,1653.37,41242.6196,E,N,N
02/24/2020,7:00,10123.0996,1506.72,3688.01,1005.21,12610.7998,6042.6201,2844.3301,1714.95,39535.7396,E1,N,N
02/24/2020,7:00,10225.7002,1709.4,3757.46,977.185,12903.9004,6421.0098,2927.5901,1617.42,40539.6655,E2,N,N
02/24/2020,7:00,10072.7002,1618.5699,3694.3601,1023.43,13135.4004,6109.6802,2726.22,1605.49,39985.8508,E3,N,N
02/24/2020,7:00,10191.874,1599.9063,3751.2249,1002.2408,12926.1094,6201.9834,2801.6824,1652.2864,40127.3076,M,Y,N
02/24/2020,8:00,10644.6748,1697.5497,3824.1697,1016.7422,13419.291,6348.3223,2819.5088,1725.3988,41495.6573,A3,N,N
02/24/2020,8:00,10502.0596,1631.7003,3745.6619,1015.1078,13557.6563,6449.7212,2748.626,1796.3667,41446.8998,A6,N,N
02/24/2020,8:00,10878.4004,1612.29,3927.05,1054.05,13823.7002,6699.04,3005.8899,1683.9399,42684.3604,E,N,N
02/24/2020,8:00,10381,1568.37,3754.0601,1029.09,13454.7002,6468.3301,2991.48,1723.92,41370.9504,E1,N,N
02/24/2020,8:00,10558.5,1722.73,3800.8999,1010.3,13511.4004,6644.75,3016.79,1638.7,41904.0703,E2,N,N
02/24/2020,8:00,10473.2002,1608.37,3742.3701,1062.3,13766.9004,6396.5,3009.6699,1660.12,41719.4306,E3,N,N
02/24/2020,8:00,10554.3311,1635.45,3796.1438,1034.2715,13588.623,6508.3154,2957.9995,1681.8523,41756.9866,M,Y,N
02/24/2020,9:00,10653.0645,1691.6813,3770.9968,1049.3306,13163.3994,6202.2393,2837.2588,1657.1697,41025.1404,A3,N,N
02/24/2020,9:00,10599.1191,1600.4156,3697.9934,1024.0845,13202.9551,6275.2041,2757.8345,1736.8733,40894.4796,A6,N,N
02/24/2020,9:00,10925.9004,1585.05,3896.23,1055.15,13444.2998,6486.9399,2972.3,1629.65,41995.5201,E,N,N
02/24/2020,9:00,10456.5996,1541.34,3714.6499,998.303,12988.5,6218.5698,2932.3999,1627.89,40478.2522,E1,N,N
02/24/2020,9:00,10623.9004,1686.97,3756.8899,1018.92,13315.0996,6404.8599,2978.6699,1560.17,41345.4797,E2,N,N
02/24/2020,9:00,10499.7002,1631.89,3628.1599,1063.6899,13398.5,6347.6699,2842.8701,1579.2,40991.68,E3,N,N
02/24/2020,9:00,10596.0654,1625.2303,3735.0918,1033.2883,13251.4873,6328.9224,2897.0034,1602.6675,41069.7564,M,Y,N
02/24/2020,10:00,10689.2002,1611.6649,3736.1477,1026.3756,12624.998,6039.7378,2846.0203,1555.8729,40130.0174,A3,N,N
02/24/2020,10:00,10690.6563,1560.7078,3693.8284,1013.2272,12638.7842,6089.5103,2812.5828,1619.3911,40118.6881,A6,N,N
02/24/2020,10:00,10939.2002,1545.23,3836.1299,1056.52,12907.0996,6248.3198,2964.1201,1521.22,41017.8396,E,N,N
02/24/2020,10:00,10516.5996,1536.62,3761.55,1026.16,12708.7998,6003.5,2880.8999,1486.3199,39920.4492,E1,N,N
02/24/2020,10:00,10724.7998,1638.7,3716.01,1033.5699,13098.7998,6177.96,2961.3,1469.42,40820.5595,E2,N,N
02/24/2020,10:00,10607.4004,1557.62,3708.49,1069.73,12719.2998,6129.1899,2848.75,1448.1,40088.5801,E3,N,N
02/24/2020,10:00,10661.3008,1574.4675,3745.5645,1042.7269,12823.2373,6113.6694,2884.595,1485.5966,40331.158,M,Y,N
02/24/2020,11:00,10734.8809,1563.9006,3726.0835,995.7417,12244.3467,5921.0073,2880.8394,1471.5206,39538.3207,A3,N,N
02/24/2020,11:00,10782.5381,1512.1235,3699.3887,1004.9457,12447.1553,6099.2607,2884.2649,1502.571,39932.2479,A6,N,N
02/24/2020,11:00,10937.4004,1499.01,3785.3601,1031.24,12457,6075.5698,2979.0601,1460.41,40225.0504,E,N,N
02/24/2020,11:00,10593.9004,1514.52,3651.1001,1020.72,12604.5,5881.8999,2892.6001,1424.53,39583.7705,E1,N,N
02/24/2020,11:00,10789,1611.39,3659.45,1012.13,12864,5982.6499,2940.78,1407.1,40266.4999,E2,N,N
02/24/2020,11:00,10615.5,1553.4,3641.7,1052.47,12479.5,6029.3701,2834.0901,1395.75,39601.7802,E3,N,N
02/24/2020,11:00,10701.8701,1546.7551,3685.322,1024.7026,12574.668,5973.0518,2891.8623,1423.3363,39821.5682,M,Y,N
02/24/2020,12:00,10652.5391,1496.5417,3692.2495,957.2062,11816.1143,5756.4868,2932.0916,1425.6859,38728.9151,A3,N,N
02/24/2020,12:00,10782.6748,1444.6661,3682.8015,1000.1796,12123.2656,5883.1519,2962.7075,1412.9379,39292.3849,A6,N,N
02/24/2020,12:00,10888.2002,1450.85,3732.47,998.949,12034.7002,5929.8999,3024.8201,1401.84,39461.7294,E,N,N
02/24/2020,12:00,10612.9004,1501.99,3650.74,990.35,12339.7998,5730.9102,2877.2,1390.4399,39094.3303,E1,N,N
02/24/2020,12:00,10753.7002,1552.27,3592.5901,986.317,12551.5996,5794.1899,2921.03,1356.96,39508.6568,E2,N,N
02/24/2020,12:00,10719.7998,1491.67,3628.45,1021.98,12003,5828.1299,2863.5601,1331.3,38887.8898,E3,N,N
02/24/2020,12:00,10701.5469,1497.9404,3658.4924,994.1812,12204.9512,5799.1055,2911.4438,1373.1157,39140.7771,M,Y,N
02/24/2020,13:00,10578.8281,1460.3608,3656.6926,918.6141,11375.4453,5675.2759,2955.8616,1390.489,38011.5674,A3,N,N
02/24/2020,13:00,10733.1416,1444.5851,3668.199,972.7144,11702.5059,5712.582,3028.0742,1351.7787,38613.5809,A6,N,N
02/24/2020,13:00,10802.5996,1415.13,3699.23,965.891,11651.7998,5833.96,3071.4299,1357.42,38797.4603,E,N,N
02/24/2020,13:00,10582.7998,1469.0699,3604.97,959.701,12084.2998,5672.46,2885.6399,1321.8101,38580.7505,E1,N,N
02/24/2020,13:00,10626.7998,1511.6,3543.25,960.381,12187.0996,5632.46,2926.26,1309.03,38696.8804,E2,N,N
02/24/2020,13:00,10612.7998,1481.05,3595.29,990.646,11681.0996,5783.9199,2915.78,1327.46,38388.0453,E3,N,N
02/24/2020,13:00,10622.2822,1468.4614,3619.5481,963.2451,11866.5313,5710.8647,2939.0317,1333.0637,38523.0282,M,Y,N
02/24/2020,14:00,10639.7725,1441.738,3623.5381,896.5681,11054.5137,5642.6431,3004.7656,1385.5972,37689.1363,A3,N,N
02/24/2020,14:00,10711.8916,1460.0272,3642.2151,961.5905,11410.0801,5623.9653,3088.2498,1318.4623,38216.4819,A6,N,N
02/24/2020,14:00,10794.9004,1390.55,3680.76,939.152,11275.7002,5773.6201,3126.77,1363.01,38344.4627,E,N,N
02/24/2020,14:00,10647,1456.1,3577.1201,928.289,11844.7002,5607.77,2963.5901,1346.83,38371.3994,E1,N,N
02/24/2020,14:00,10569.5996,1487.6899,3521.4299,941.052,11854.9004,5518.21,2950.0601,1284.99,38127.9319,E2,N,N
02/24/2020,14:00,10626.0996,1473.21,3576.27,967.788,11539.9004,5790.71,3004.3401,1308.84,38287.1581,E3,N,N
02/24/2020,14:00,10648.7813,1452.542,3594.5059,938.7473,11601.1523,5656.2061,3002.7776,1328.7408,38223.4533,M,Y,N
02/24/2020,15:00,10721.166,1403.4653,3601.4763,877.3713,10997.2715,5667.832,3070.8181,1381.0989,37720.4994,A3,N,N
02/24/2020,15:00,10684.792,1433.3129,3607.8586,943.3936,11176.5889,5613.9712,3185.2913,1328.5444,37973.7529,A6,N,N
02/24/2020,15:00,10785.5,1362.8,3670.25,915.911,10899.5,5739.98,3170.4299,1360.96,37905.3309,E,N,N
02/24/2020,15:00,10455.7998,1458.3199,3581.24,935.384,11364.9004,5598.7798,3027.3,1326.97,37748.6939,E1,N,N
02/24/2020,15:00,10503,1417.77,3508.6699,920.182,11570.2998,5430.0898,2972.6599,1274.6899,37597.3613,E2,N,N
02/24/2020,15:00,10580.5996,1426.37,3568.1101,949.969,11047.7998,5687.6201,3042.45,1307.03,37609.9486,E3,N,N
02/24/2020,15:00,10600.4531,1419.6101,3585.0718,925.544,11232.8467,5605.0986,3053.0283,1319.9299,37741.5825,M,Y,N
02/24/2020,16:00,10719.4072,1405.4626,3583.8582,870.2854,10887.2832,5726.2676,3084.1848,1383.3693,37660.1183,A3,N,N
02/24/2020,16:00,10637.3271,1433.7712,3575.7573,931.9829,11041.6738,5641.6841,3192.0505,1343.6023,37797.8492,A6,N,N
02/24/2020,16:00,10721.5996,1343.1801,3662.02,888.379,10612.9004,5743.73,3212.9299,1381.26,37565.999,E,N,N
02/24/2020,16:00,10493.5996,1439.21,3555.1899,902.542,11270.2998,5589.75,3054.5801,1292.12,37597.2914,E1,N,N
02/24/2020,16:00,10454.4004,1388.3101,3497.1101,892.826,11425.4004,5359.1699,2993.4099,1294.66,37305.2868,E2,N,N
02/24/2020,16:00,10535.9004,1376.79,3622.6499,921.976,10868.5,5791.96,3105.8501,1306.67,37530.2964,E3,N,N
02/24/2020,16:00,10584.2266,1396.802,3585.3159,899.1691,11078.5723,5618.9697,3086.9463,1318.9412,37568.9431,M,Y,N
02/24/2020,17:00,10704.6211,1421.63,3570.5618,865.8728,11045.9492,5824.1611,3074.3618,1409.6479,37916.8057,A3,N,N
02/24/2020,17:00,10585.2881,1443.2668,3537.3438,916.9714,11138.5879,5738.9209,3160.9907,1409.9211,37931.2907,A6,N,N
02/24/2020,17:00,10633.2998,1343.17,3661.26,871.986,10530.9004,5769.1699,3239.8501,1407.52,37457.1562,E,N,N
02/24/2020,17:00,10334.5,1407.75,3582.1299,896.621,11204.4004,5477.5,3045.8899,1316.38,37265.1712,E1,N,N
02/24/2020,17:00,10396.5,1420.46,3496.6499,885.5,11413.7998,5375.48,3011.25,1323.12,37322.7597,E2,N,N
02/24/2020,17:00,10394.7002,1391.1801,3598.98,910.453,11110,5783.9399,3061.72,1329.8101,37580.7833,E3,N,N
02/24/2020,17:00,10487.1807,1400.5939,3582.6567,890.3759,11129.1563,5608.3965,3076.8804,1344.4735,37519.7139,M,Y,N
02/24/2020,18:00,10734.5381,1460.2261,3564.45,850.9095,11382.2139,5991.1553,3070.5476,1460.3125,38514.353,A3,N,N
02/24/2020,18:00,10608.9561,1474.7452,3518.8611,880.8766,11421.1816,5852.8105,3100.0161,1443.9253,38301.3725,A6,N,N
02/24/2020,18:00,10605.5996,1364.6899,3669.78,846.208,10701.2002,5913.52,3219.3201,1448.45,37768.7678,E,N,N
02/24/2020,18:00,10378.5,1459.84,3563.3,886.912,11994.7998,5865.4102,2995.74,1383.74,38528.242,E1,N,N
02/24/2020,18:00,10373.2002,1442.1899,3502.3701,872.813,11613.4004,5499.2002,2985.6699,1360.14,37648.9837,E2,N,N
02/24/2020,18:00,10332.9004,1432.89,3573.4199,881.72,11349.5,5872.4902,3029.45,1400.36,37872.7305,E3,N,N
02/24/2020,18:00,10483.834,1439.099,3571.811,872.5009,11499.8516,5797.3599,3049.5581,1399.6553,38113.6698,M,Y,N
02/24/2020,19:00,11061.5059,1540.5873,3591.8679,870.696,11926.7393,6291.9292,3135.2991,1524.5718,39943.1965,A3,N,N
02/24/2020,19:00,10925.9219,1542.4077,3520.8296,892.9107,12007.2773,6146.5996,3114.7632,1514.7507,39665.4607,A6,N,N
02/24/2020,19:00,10835.7998,1441.79,3713.6599,873.673,11378,6259.0698,3282.8201,1485.8,39270.6126,E,N,N
02/24/2020,19:00,10684.2002,1527.3199,3624,900.685,12351.0996,6026.3701,3078.1101,1438.92,39630.7049,E1,N,N
02/24/2020,19:00,10593.5996,1544.97,3544.5801,900.714,12154.5,5836.9502,3077.26,1402.38,39054.9539,E2,N,N
02/24/2020,19:00,10496,1521.03,3621.24,921.718,11762.0996,6190.77,3104.6399,1433.4,39050.8975,E3,N,N
02/24/2020,19:00,10739.1016,1520.5793,3616.5569,898.8254,11980.0176,6082.3975,3124.5222,1444.9714,39406.9719,M,Y,N
02/24/2020,20:00,10998.4023,1541.7047,3655.6211,876.1942,12089.9219,6417.2607,3211.3047,1573.9885,40364.3981,A3,N,N
02/24/2020,20:00,10928.9219,1549.2638,3583.2034,894.6868,12202.166,6347.0146,3162.0945,1567.6578,40235.0088,A6,N,N
02/24/2020,20:00,10892.5,1474.87,3771.5601,900.738,11752.0996,6441.25,3343.8701,1521.08,40097.9678,E,N,N
02/24/2020,20:00,10705.5996,1569.4,3658.47,956.922,12605.2998,6232.6201,3195.26,1532.38,40455.9515,E1,N,N
02/24/2020,20:00,10681.5,1584.5601,3611.6201,930.592,12359.0996,6084.9902,3196.4099,1452.12,39900.8919,E2,N,N
02/24/2020,20:00,10577.5,1586.9301,3677.47,953.633,12200.4004,6356.8799,3182.98,1472.9301,40008.7235,E3,N,N
02/24/2020,20:00,10767.125,1556.9374,3670.7878,932.4033,12271.4531,6275.9365,3214.9214,1501.2411,40190.8056,M,Y,N
02/24/2020,21:00,10735.4219,1521.4645,3667.9478,864.7703,11954.2783,6234.4536,3175.6458,1571.1198,39725.102,A3,N,N
02/24/2020,21:00,10746.0215,1524.9032,3578.4158,872.3696,12029.1982,6181.7144,3097.9827,1564.1836,39594.789,A6,N,N
02/24/2020,21:00,10762.5,1468.02,3761.48,899.832,11772.9004,6384.3999,3315.4299,1567.5601,39932.1223,E,N,N
02/24/2020,21:00,10555.9004,1558.98,3695.3501,939.008,12200.7002,6138.5,3195.05,1526.1,39809.5887,E1,N,N
02/24/2020,21:00,10569.5,1590.1899,3614.25,924.273,12200.0996,6065.4702,3165.6201,1470.12,39599.5228,E2,N,N
02/24/2020,21:00,10474.5,1542.7,3691.24,949.524,12238.2998,6008.7402,3127.73,1534.74,39567.474,E3,N,N
02/24/2020,21:00,10607.9551,1538.0625,3685.6006,923.7765,12125.6729,6130.5342,3184.7378,1525.075,39721.4146,M,Y,N
02/24/2020,22:00,10335.8525,1468.6982,3675.1245,846.2326,11483.9824,5930.731,3070.885,1540.152,38351.6582,A3,N,N
02/24/2020,22:00,10419.9697,1450.0645,3593.845,847.2532,11564.8838,5929.9404,2977.1719,1524.4275,38307.556,A6,N,N
02/24/2020,22:00,10469,1421.58,3720.55,870.662,11434.0996,6144.4102,3217.3899,1539.5699,38817.2616,E,N,N
02/24/2020,22:00,10162,1495.41,3656,910.169,12060.0996,5886.04,3043.1001,1510.6899,38723.5086,E1,N,N
02/24/2020,22:00,10389,1571.51,3591.6101,893.304,11755.5,5860.9199,3068.9399,1454.92,38585.7039,E2,N,N
02/24/2020,22:00,10138.5,1521.92,3646.7,916.742,11869.2002,5955.2598,3011.9199,1498.12,38558.3619,E3,N,N
02/24/2020,22:00,10266.3379,1495.6433,3658.4761,894.6655,11785.96,5934.9478,3067.2676,1500.8977,38604.1959,M,Y,N
02/24/2020,23:00,9846.7832,1375.5424,3643.1433,817.176,10854.3232,5510.1362,2886.468,1507.0035,36440.5758,A3,N,N
02/24/2020,23:00,9919.4785,1338.8158,3562.031,818.0443,10854.6855,5527.7407,2786.0703,1487.6595,36294.5256,A6,N,N
02/24/2020,23:00,9956.54,1347.3199,3663.4099,830.858,10760.5996,5718.5,3016.9099,1467.36,36761.4973,E,N,N
02/24/2020,23:00,9533.4805,1411.35,3558.6899,869.478,11115.5,5453.46,2807.6399,1471.73,36221.3283,E1,N,N
02/24/2020,23:00,9971.7197,1489.38,3531,856.583,11011.7998,5483.1499,2901.71,1411.2,36656.5424,E2,N,N
02/24/2020,23:00,9636.1699,1449.36,3593.1101,870.56,11339.5,5421.9302,2898.01,1442.97,36651.6102,E3,N,N
02/24/2020,23:00,9745.1406,1413.6505,3598.0371,855.1595,11068.5654,5493.2144,2887.8569,1453.2703,36514.8947,M,Y,N
02/24/2020,24:00,9356.3779,1298.3009,3613.616,793.9271,10134.7822,5114.4678,2660.7244,1453.2317,34425.428,A3,N,N
02/24/2020,24:00,9411.9053,1261.1534,3536.7666,793.165,10065.5586,5129.0449,2551.2524,1414.4199,34163.2661,A6,N,N
02/24/2020,24:00,9399.5098,1274.4399,3630.5901,789.507,10125.7002,5263.5,2777.45,1435.33,34696.027,E,N,N
02/24/2020,24:00,9031.8203,1330.9301,3558.51,830.709,10239.7998,5027.0498,2588.6001,1407.96,34015.3791,E1,N,N
02/24/2020,24:00,9456.8896,1393.29,3491.3899,814.094,10283.5996,5110.0601,2683.1599,1363.4,34595.8831,E2,N,N
02/24/2020,24:00,9066.9297,1328.39,3560.8799,818.951,10623.7998,4977.1499,2658,1380.89,34414.9903,E3,N,N
02/24/2020,24:00,9220.832,1322.8715,3573.499,813.8677,10319.3604,5075.811,2659.4072,1399.1327,34384.7815,M,Y,N
02/25/2020,1:00,9027.1172,1271.0229,3639.583,786.6782,9815.3965,4843.9033,2530.0474,1400.8984,33314.6469,A3,N,N
02/25/2020,1:00,9047.9424,1252.8486,3666.9509,767.2781,9718.1523,4863.312,2460.9866,1406.7657,33184.2366,A6,N,N
02/25/2020,1:00,9165.3096,1231.61,3621.73,762.321,10179.4004,4910.2002,2584.22,1394.92,33849.7112,E,N,N
02/25/2020,1:00,8688.0303,1275.6801,3576.25,804.495,9868.8301,4736.1401,2425.3401,1329.67,32704.4357,E1,N,N
02/25/2020,1:00,8993.9102,1383.51,3470.7,790.671,10044.2998,5023.02,2464.0901,1324.34,33494.5411,E2,N,N
02/25/2020,1:00,8826.3604,1312.9399,3532.25,786.057,9976.7197,4808.3901,2471.3601,1334.64,33048.7172,E3,N,N
02/25/2020,1:00,8905.2793,1291.8007,3573.5745,788.9307,9971.8115,4861.1504,2487.7256,1346.6398,33226.9125,M,Y,N
02/25/2020,2:00,8858.5742,1259.2279,3661.9375,791.9843,9684.96,4792.6436,2423.8989,1362.7941,32836.0205,A3,N,N
02/25/2020,2:00,8860.293,1234.9707,3684.489,772.7952,9577.9951,4872.2617,2343.8413,1371.1031,32717.7491,A6,N,N
02/25/2020,2:00,8964.5498,1202.27,3627.6699,747.701,9881.2998,4743.8398,2456.6299,1377.51,33001.4702,E,N,N
02/25/2020,2:00,8481.9502,1235.55,3615.6299,796.79,9539.1504,4550.73,2320.27,1316.48,31856.5505,E1,N,N
02/25/2020,2:00,8678.2803,1357.86,3465.0801,774.39,9805.3203,4860.79,2346.9399,1300.84,32589.5006,E2,N,N
02/25/2020,2:00,8495.8203,1276.28,3541.52,770.88,9511.3096,4708.9302,2330.54,1333.39,31968.6701,E3,N,N
02/25/2020,2:00,8664.4404,1262.7808,3591.3657,777.9756,9659.7275,4722.1729,2369.1235,1330.2156,32377.802,M,Y,N
02/25/2020,3:00,8771.5322,1270.2271,3686.2957,795.8909,9731.0225,4776.562,2369.2498,1358.3107,32759.0909,A3,N,N
02/25/2020,3:00,8785.6826,1253.8643,3699.5352,773.6013,9621.0879,4862.8223,2291.9241,1367.8845,32656.4022,A6,N,N
02/25/2020,3:00,8871.6299,1201.09,3650.73,744.534,9722.7402,4682.5298,2366.3799,1333.04,32572.6738,E,N,N
02/25/2020,3:00,8318.8398,1218.53,3541.8899,788.729,9445.8496,4428.4302,2233.78,1305.03,31281.0785,E1,N,N
02/25/2020,3:00,8540.0098,1370.1801,3489.1101,775.328,9681.6504,4781.1899,2271.95,1283.1801,32192.5984,E2,N,N
02/25/2020,3:00,8356.71,1291.88,3579.3799,764.372,9470.6504,4663.4199,2199.26,1322.35,31648.0222,E3,N,N
02/25/2020,3:00,8538.2256,1266.568,3594.3713,774.6604,9581.2578,4650.6465,2280.3638,1314.0588,32000.1522,M,Y,N
02/25/2020,4:00,8769.5088,1286.0632,3698.7119,810.9921,9766.0596,4812.731,2359.135,1365.3374,32868.539,A3,N,N
02/25/2020,4:00,8789.7295,1271.9841,3691.0227,788.827,9679.0049,4925.5596,2273.7246,1404.2036,32824.056,A6,N,N
02/25/2020,4:00,8892.9697,1207.27,3667.72,755.263,9744.6104,4697.2002,2339.3799,1309.95,32614.3632,E,N,N
02/25/2020,4:00,8450.1299,1218.84,3534.3799,788.492,9507.7002,4450.5801,2199.47,1328.37,31477.9621,E1,N,N
02/25/2020,4:00,8516.5898,1405.65,3509.25,785.018,9697.7305,4771.0698,2247.26,1290.12,32222.6881,E2,N,N
02/25/2020,4:00,8391.5596,1315.87,3623.1299,776.25,9561.7197,4653.5498,2190.51,1342.21,31854.799,E3,N,N
02/25/2020,4:00,8578.9951,1281.8082,3611.1765,783.2219,9630.6211,4657.541,2260.6086,1324.5859,32128.5583,M,Y,N
02/25/2020,5:00,8974.7324,1351.1471,3699.1807,845.4672,10104.1113,4980.9014,2389.3442,1405.3632,33750.2475,A3,N,N
02/25/2020,5:00,9005.0889,1307.8959,3673.7688,827.7212,9730.4863,5117.0947,2292.0107,1467.5791,33421.6456,A6,N,N
02/25/2020,5:00,9105.7998,1248.3,3717.4199,782.422,10133.5,4876.9502,2378.8301,1339.4,33582.622,E,N,N
02/25/2020,5:00,8623.2197,1241.13,3570.1599,840.794,9785.1699,4607.9302,2276.5801,1315.39,32260.3738,E1,N,N
02/25/2020,5:00,8675.6299,1467.1899,3572.24,809.646,10006.4004,4935.23,2304.6299,1324.3,33095.2661,E2,N,N
02/25/2020,5:00,8650.8496,1387.14,3572.8301,806.393,9953.4502,4772.23,2209.8899,1375.76,32728.5428,E3,N,N
02/25/2020,5:00,8784.8789,1334.2905,3621.7502,817.6944,9965.957,4811.0791,2304.386,1346.9579,32986.994,M,Y,N
02/25/2020,6:00,9508.2148,1446.1327,3729.4004,896.8348,10841.7119,5357.1821,2526.1567,1489.0851,35794.7185,A3,N,N
02/25/2020,6:00,9515.416,1405.3059,3685.8318,874.4467,10493.0957,5409.4937,2409.7332,1575.022,35368.345,A6,N,N
02/25/2020,6:00,9664.96,1359.61,3791.1499,839.664,11157.5,5360.3198,2527.9399,1396.55,36097.6936,E,N,N
02/25/2020,6:00,9177.29,1328.95,3619.23,889.246,10789.2002,5024.77,2405.6299,1418.1801,34652.4962,E1,N,N
02/25/2020,6:00,9223.4004,1540.16,3664.1899,865.299,10892.5,5414.75,2463.45,1411.52,35475.2693,E2,N,N
02/25/2020,6:00,9195.9297,1468.4,3627.3101,871.065,10961.0996,5152.7798,2362.29,1396.64,35035.5142,E3,N,N
02/25/2020,6:00,9331.4033,1423.3419,3675.9023,873.4648,10910.6016,5237.7627,2447.4429,1417.2894,35317.2089,M,Y,N
02/25/2020,7:00,10220.3955,1574.8485,3784.9563,965.506,11853.7744,5892.7202,2833.405,1605.2273,38730.8332,A3,N,N
02/25/2020,7:00,10210.5654,1484.9401,3726.418,913.8687,11578.3818,5826.3843,2644.6001,1701.9221,38087.0805,A6,N,N
02/25/2020,7:00,10388.9004,1538.9399,3885.03,926.417,12649.0996,6067.5298,2831.3401,1482.41,39769.6668,E,N,N
02/25/2020,7:00,9968.5996,1501.25,3709.3,968.39,12458.7002,5794.3301,2757.51,1530.7,38688.7799,E1,N,N
02/25/2020,7:00,10012.7002,1678.61,3781.5701,951.516,12349.2998,6147.1802,2815.75,1538.3199,39274.9462,E2,N,N
02/25/2020,7:00,10000.5996,1593.49,3661.5801,978.466,12369.0996,5841.73,2679.01,1525.8,38649.7753,E3,N,N
02/25/2020,7:00,10097.5986,1569.5908,3747.2842,961.0834,12357.1348,5940.8413,2773.3674,1534.6597,38981.5602,M,Y,N
02/25/2020,8:00,10426.667,1587.2385,3814.0935,979.2847,12077.8887,6004.1675,2909.0879,1629.8967,39428.3245,A3,N,N
02/25/2020,8:00,10466.0088,1523.6273,3745.1929,931.379,11958.6631,6071.2192,2737.219,1742.9668,39176.2761,A6,N,N
02/25/2020,8:00,10704.7002,1581.15,3927.3501,958.283,13228,6326.46,2926.3899,1519.26,41171.5932,E,N,N
02/25/2020,8:00,10324.9004,1562.6801,3742.45,995.092,12876.4004,6145.2798,2886.4099,1563.11,40096.3226,E1,N,N
02/25/2020,8:00,10358.9004,1681.4,3834.54,975.168,12880.5,6367.1899,2898.1599,1570.74,40566.5982,E2,N,N
02/25/2020,8:00,10388.7002,1576.29,3708.75,1008.83,13022.4004,6053.5601,2942.02,1555.66,40256.2107,E3,N,N
02/25/2020,8:00,10418.0166,1589.371,3786.5596,986.9685,12858.0605,6182.8359,2912.4482,1566.0222,40300.2825,M,Y,N
02/25/2020,9:00,10415.0342,1564.7285,3763.9392,960.3324,11733.4414,5887.9077,2817.052,1577.1235,38719.5589,A3,N,N
02/25/2020,9:00,10469.0527,1497.5939,3698.5535,948.6867,11797.5713,6052.7744,2752.6116,1691.1471,38907.9912,A6,N,N
02/25/2020,9:00,10755.5996,1560.02,3896.8999,961.79,12876.7002,6166.2402,2901.95,1448.02,40567.2199,E,N,N
02/25/2020,9:00,10307.2002,1527.76,3697.3101,990.998,12536.5996,5898.7402,2845.46,1444.28,39248.3481,E1,N,N
02/25/2020,9:00,10447.2002,1646.0601,3794.0801,981.284,12691.4004,6129.4302,2874.21,1521.58,40085.245,E2,N,N
02/25/2020,9:00,10356.2002,1598.1899,3614.5801,1006.42,12701.7002,6035.0601,2796.55,1474.76,39583.4605,E3,N,N
02/25/2020,9:00,10419.959,1573.4296,3730.3298,984.9407,12558.6924,6022.5762,2836.7854,1488.2979,39615.011,M,Y,N
02/25/2020,10:00,10427.0371,1521.1196,3736.2312,942.6115,11538.6787,5789.4395,2850.4456,1510.1847,38315.7479,A3,N,N
02/25/2020,10:00,10535.791,1435.1998,3685.8721,933.7042,11668.4004,5890.8228,2825.0442,1575.8173,38550.6518,A6,N,N
02/25/2020,10:00,10809.7002,1528.12,3830.53,971.448,12460.2002,6006.0698,2927.8999,1388.9,39922.8681,E,N,N
02/25/2020,10:00,10419.2998,1508.59,3707.45,997.358,12359.7998,5787.1899,2831.1201,1367.4,38978.2076,E1,N,N
02/25/2020,10:00,10562.0996,1590.4,3739.27,994.192,12540.4004,5933.4102,2889.3701,1409.1899,39658.3322,E2,N,N
02/25/2020,10:00,10509.2002,1524.59,3630.27,1011.5,12311.5,5896.9502,2837.55,1374.61,39096.1704,E3,N,N
02/25/2020,10:00,10510.3594,1528.3899,3714.7129,990.0199,12302.7852,5878.8262,2856.9377,1400.1855,39182.2167,M,Y,N
02/25/2020,11:00,10638.2041,1487.8751,3735.5791,923.1061,11440.2969,5743.1475,2917.5762,1452.3923,38338.1773,A3,N,N
02/25/2020,11:00,10660.2188,1446.7006,3701.0247,932.7611,11602.7754,5805.5981,2917.9905,1477.701,38544.7702,A6,N,N
02/25/2020,11:00,10886.2002,1494.45,3776.26,953.148,12161.7002,5903.1499,2993.8301,1312.53,39481.2684,E,N,N
02/25/2020,11:00,10540.9004,1480.6899,3649.53,987.437,12137.7998,5707.6699,2898.1499,1293.27,38695.4469,E1,N,N
02/25/2020,11:00,10684,1565.97,3683.26,971.133,12389.2998,5775.3901,2919.4199,1346.11,39334.5828,E2,N,N
02/25/2020,11:00,10646.7998,1507.88,3637.79,1000.55,12131.2998,5841.8501,2879.3101,1305.84,38951.3198,E3,N,N
02/25/2020,11:00,10652.751,1501.6637,3688.1648,974.3118,12114.8496,5787.0146,2912.9155,1331.9203,38963.5913,M,Y,N
02/25/2020,12:00,10834.3467,1436.7626,3709.2671,900.0983,11247.8965,5669.8379,3005.2312,1416.1537,38219.594,A3,N,N
02/25/2020,12:00,10786.2676,1438.5699,3693.7424,942.7448,11490.4063,5711.6343,3024.6514,1402.0724,38490.0891,A6,N,N
02/25/2020,12:00,10946.7002,1461.38,3726.05,924.539,11908.2998,5805.1001,3093.2,1277.03,39142.2991,E,N,N
02/25/2020,12:00,10545.9004,1467.28,3620.1499,949.969,11959.9004,5621.1001,2943.6001,1255.77,38363.6699,E1,N,N
02/25/2020,12:00,10725.5996,1511.92,3627.96,949.487,12169.7998,5628.1099,2965.1101,1292.28,38870.2664,E2,N,N
02/25/2020,12:00,10797.4004,1458.97,3597.6001,965.607,11764.9004,5727.7598,2967.52,1256.1,38535.8577,E3,N,N
02/25/2020,12:00,10753.4492,1462.4158,3651.0054,944.3454,11868.1738,5678.6094,2986.3765,1287.6854,38632.0609,M,Y,N
02/25/2020,13:00,10873.2334,1420.8361,3681.5081,875.836,11030.4238,5665.1494,3066.3862,1392.0952,38005.4682,A3,N,N
02/25/2020,13:00,10871.1826,1446.8529,3689.3289,926.5836,11290.0547,5634.7095,3118.7495,1350.5259,38327.9876,A6,N,N
02/25/2020,13:00,10962.5996,1445.77,3686.2,898.925,11703.7002,5741.4302,3199.04,1234.55,38872.215,E,N,N
02/25/2020,13:00,10585.7002,1443.78,3572.5601,949.109,11762.5,5600.3901,3013.79,1215.92,38143.7494,E1,N,N
02/25/2020,13:00,10697.9004,1480.77,3577.6599,928.662,11886.2998,5505.3101,3036.76,1240.4301,38353.7923,E2,N,N
02/25/2020,13:00,10784.7998,1464.3101,3579.3701,937.466,11443.5996,5745.6499,3088.74,1246.97,38290.9055,E3,N,N
02/25/2020,13:00,10768.4961,1448.0491,3616.342,925.6544,11614.8652,5638.6602,3071.7041,1254.1606,38337.9317,M,Y,N
02/25/2020,14:00,11012.0117,1419.738,3651.9658,866.081,10843.9082,5685.5972,3143.2021,1389.2928,38011.7968,A3,N,N
02/25/2020,14:00,10990.3604,1444.2596,3671.6431,924.0202,11152.2061,5616.043,3200.4268,1319.3214,38318.2806,A6,N,N
02/25/2020,14:00,11011.5996,1435.9399,3656.1201,888.259,11516.5996,5725.0098,3312.8601,1240.29,38786.6781,E,N,N
02/25/2020,14:00,10667.5,1427.04,3556.8401,909.912,11546.2002,5535.46,3153.46,1239.58,38035.9923,E1,N,N
02/25/2020,14:00,10719.9004,1462.84,3544.23,918.989,11618.4004,5420.4399,3118.8799,1213.46,38017.1396,E2,N,N
02/25/2020,14:00,10824.5,1465.46,3531.0801,925.353,11275.5996,5752.8101,3205.5801,1233.09,38213.4729,E3,N,N
02/25/2020,14:00,10842.4404,1440.407,3585.0154,907.856,11405.1133,5603.5034,3179.5281,1250.2303,38214.0939,M,Y,N
02/25/2020,15:00,11116.335,1396.5593,3631.929,857.6042,10898.6162,5744.7461,3225.0334,1382.4967,38253.3199,A3,N,N
02/25/2020,15:00,11022.6016,1422.9517,3644.1277,914.9196,11044.1924,5668.0073,3313.1035,1326.6682,38356.572,A6,N,N
02/25/2020,15:00,11030.5996,1420.6,3629.6001,874.355,11318,5720.5801,3397.01,1246.29,38637.0348,E,N,N
02/25/2020,15:00,10649.7998,1428.39,3550.1201,914.044,11196.0996,5568.6099,3273.47,1218.55,37799.0834,E1,N,N
02/25/2020,15:00,10684.9004,1399.59,3508.8201,902.903,11338.7998,5362.1699,3182.6001,1196.8199,37576.6032,E2,N,N
02/25/2020,15:00,10872,1428.3199,3533.26,910.274,10983.5,5755.9102,3276.9099,1223.71,37983.884,E3,N,N
02/25/2020,15:00,10873.9707,1415.8411,3571.1299,898.3002,11156.6768,5604.8384,3266.3047,1238.3683,38025.4301,M,Y,N
02/25/2020,16:00,11111.4883,1413.5996,3616.282,861.4508,10842.8398,5805.3926,3252.9099,1381.0802,38285.0432,A3,N,N
02/25/2020,16:00,10993.0146,1428.0731,3618.0981,913.2127,10980.0156,5713.6523,3341.9888,1336.2118,38324.267,A6,N,N
02/25/2020,16:00,10991.9004,1408.48,3604.6001,856.429,11211,5732.1699,3462.72,1255.47,38522.7694,E,N,N
02/25/2020,16:00,10498.7998,1406.5699,3527.9399,892.529,11047.5,5591.4902,3302.01,1244.61,37511.4488,E1,N,N
02/25/2020,16:00,10637.5,1378.77,3482.4099,882.646,11175,5312.21,3218.8201,1212.1899,37299.5459,E2,N,N
02/25/2020,16:00,10898.7002,1387.6801,3571.4299,889.062,10935.7998,5835.5098,3304.4399,1233.9399,38056.5616,E3,N,N
02/25/2020,16:00,10830.9219,1400.3688,3564.7891,880.7943,11046.3057,5626.9976,3300.0327,1252.2538,37902.4639,M,Y,N
02/25/2020,17:00,11103.9697,1436.6042,3603.7368,865.9801,11018.1465,5925.4766,3267.6729,1403.5077,38625.0945,A3,N,N
02/25/2020,17:00,10957.8721,1439.8923,3584.1914,906.9396,11107.6406,5844.3618,3333.5386,1396.0698,38570.5062,A6,N,N
02/25/2020,17:00,10930.5,1412.15,3595.9199,847.545,11286,5741.1001,3498.25,1280.96,38592.425,E,N,N
02/25/2020,17:00,10465,1403.85,3558.05,908.365,11259.5996,5530.8398,3299.95,1227.76,37653.4144,E1,N,N
02/25/2020,17:00,10558.5996,1408.23,3473.1299,878.958,11167.5996,5333.7998,3234.0601,1241.45,37295.827,E2,N,N
02/25/2020,17:00,10732.7002,1388.54,3531.49,881.539,10975.5,5898.2402,3386.6399,1282.5699,38077.2192,E3,N,N
02/25/2020,17:00,10761.5547,1409.7961,3556.9507,881.4061,11138.6934,5649.042,3330.1045,1273.5034,38001.0509,M,Y,N
02/25/2020,18:00,11159.5684,1478.8842,3600.0227,856.9418,11364.8047,6114.6748,3284.1426,1452.6112,39311.6504,A3,N,N
02/25/2020,18:00,11031.9209,1471.8562,3570.5049,877.1107,11412.8359,5981.4126,3291.5461,1425.288,39062.4753,A6,N,N
02/25/2020,18:00,10913.4004,1426.17,3611.73,830.355,11562.5,5854.3301,3467.71,1318.92,38985.1155,E,N,N
02/25/2020,18:00,10499,1433.59,3561.04,874.658,11778,5758.25,3247.1399,1320.08,38471.7579,E1,N,N
02/25/2020,18:00,10502.5,1424.37,3494.1399,864.613,11346.5,5453.3198,3179.51,1288.79,37553.7427,E2,N,N
02/25/2020,18:00,10668.5,1422.1,3533.46,854.931,11305.2002,5954.9902,3301.72,1351.42,38392.3214,E3,N,N
02/25/2020,18:00,10758.7549,1439.9611,3561.8645,859.4626,11473.3379,5787.7656,3289.1531,1336.5139,38506.8136,M,Y,N
02/25/2020,19:00,11436.9795,1559.8525,3632.6047,885.6752,11952.3496,6404.3608,3363.6387,1517.9183,40753.3793,A3,N,N
02/25/2020,19:00,11343.2266,1536.6882,3579.1272,897.5513,12054.9033,6247.2866,3305.165,1492.2194,40456.1676,A6,N,N
02/25/2020,19:00,11097.2002,1494.61,3669.76,868.477,12341.2002,6125.27,3497.28,1383.77,40477.5674,E,N,N
02/25/2020,19:00,10724.5,1484.88,3601.99,893.055,12107.7998,6002.96,3263.3301,1351.04,39429.5549,E1,N,N
02/25/2020,19:00,10670.0996,1523.5601,3574.1699,894.838,11999.7002,5815.8901,3218.4199,1362.8,39059.4778,E2,N,N
02/25/2020,19:00,10725.0996,1505.4,3585.0701,904.977,11625.9004,6141.75,3357.3501,1363.65,39209.1972,E3,N,N
02/25/2020,19:00,10942.5566,1514.8043,3610.4075,892.4866,11970.043,6056.354,3335.5425,1382.0836,39704.2781,M,Y,N
02/25/2020,20:00,11273.4404,1551.1716,3704.7039,899.8212,12172.8926,6500.561,3438.5278,1575.9893,41117.1078,A3,N,N
02/25/2020,20:00,11254.7314,1537.2629,3649.1433,905.6857,12327.625,6414.9526,3363.7834,1547.2014,41000.3857,A6,N,N
02/25/2020,20:00,11131.2998,1516.76,3770.8401,904.923,12807.9004,6281.4702,3515.6399,1475.6899,41404.5233,E,N,N
02/25/2020,20:00,10793.5996,1519.33,3674.6101,951.703,12473.7998,6188.9902,3324.5901,1432.76,40359.3828,E1,N,N
02/25/2020,20:00,10703.4004,1558.91,3683.3201,927.062,12291.7998,6067.0698,3306.1001,1461.24,39998.9022,E2,N,N
02/25/2020,20:00,10827.5,1559.95,3644.53,946.591,12234.7998,6362.4199,3402.52,1449.27,40427.5807,E3,N,N
02/25/2020,20:00,10952.9727,1542.0718,3687.7312,931.9321,12372.6992,6252.374,3394.127,1467.2775,40601.1855,M,Y,N
02/25/2020,21:00,11022.2324,1518.6519,3727.0393,899.2482,12100.4824,6272.8604,3384.2246,1588.7051,40513.4443,A3,N,N
02/25/2020,21:00,11020.6797,1512.502,3652.3154,897.6673,12241.7607,6204.2266,3285.2769,1552.5446,40366.9732,A6,N,N
02/25/2020,21:00,11024.5,1502.72,3804.9399,911.326,12931.2002,6227.3799,3456.76,1458.86,41317.686,E,N,N
02/25/2020,21:00,10584.5,1519.14,3709.4299,942.576,12138.7002,6207.23,3237.46,1456.5,39795.5361,E1,N,N
02/25/2020,21:00,10539.2002,1563.3199,3700.5901,924.585,12167,6043.9399,3241.78,1509.2,39689.6151,E2,N,N
02/25/2020,21:00,10723.9004,1518.27,3680.3101,950.731,12288.2998,6079.2202,3281.52,1509.4301,40031.6816,E3,N,N
02/25/2020,21:00,10778.1211,1522.2705,3717.3862,930.7947,12277.4609,6145.1274,3313.1187,1499.7281,40184.0076,M,Y,N
02/25/2020,22:00,10618.832,1458.5223,3745.6531,888.7554,11795.9199,5931.3467,3246.7102,1575.4194,39261.159,A3,N,N
02/25/2020,22:00,10623.2451,1448.546,3675.9565,881.7548,11950.1826,5916.6177,3141.9492,1527.1567,39165.4086,A6,N,N
02/25/2020,22:00,10794.5,1446.58,3794.6201,891.256,12690.9004,6023.27,3340.52,1457.89,40439.5365,E,N,N
02/25/2020,22:00,10133.5,1464.72,3687.55,941.775,12178,5884.04,3116.6101,1458.7,38864.8951,E1,N,N
02/25/2020,22:00,10319.4004,1542.4301,3680.6399,898.978,11760.4004,5845.8901,3123.23,1499.14,38670.1089,E2,N,N
02/25/2020,22:00,10273.7002,1493.6801,3627.01,927.701,12023.5,5960.48,3173.9399,1429.5,38909.5112,E3,N,N
02/25/2020,22:00,10395.7451,1477.8568,3699.4607,914.6149,12051.3281,5916.9297,3192.2837,1475.9987,39124.2177,M,Y,N
02/25/2020,23:00,9991.876,1358.345,3721.2651,866.3452,11290.374,5482.6953,3033.3293,1562.4838,37306.7137,A3,N,N
02/25/2020,23:00,10012.166,1344.9144,3649.7041,860.3428,11362.4492,5487.106,2933.8928,1509.8142,37160.3895,A6,N,N
02/25/2020,23:00,10362.0996,1363.91,3744.53,845.581,12048.5,5667.2202,3137.25,1460.3101,38629.4009,E,N,N
02/25/2020,23:00,9576.2695,1389.9301,3578.4299,860.862,11367,5515.5801,2869.02,1467.28,36624.3716,E1,N,N
02/25/2020,23:00,9876.4502,1462.3101,3601.4299,860.223,11027.0996,5481.4902,2941.3,1448.8199,36699.1229,E2,N,N
02/25/2020,23:00,9709.0498,1434.79,3612.1201,874.371,11621.2998,5484.3599,3030.1299,1436.02,37202.1405,E3,N,N
02/25/2020,23:00,9849.1172,1399.0437,3646.1987,862.8547,11421.21,5514.0967,2992.9385,1465.8793,37151.3388,M,Y,N
02/25/2020,24:00,9415.6104,1278.0203,3699.5427,851.5034,10723.7461,5069.8521,2777.5415,1530.2604,35346.0769,A3,N,N
02/25/2020,24:00,9427.9004,1258.8923,3629.6257,844.791,10717.1094,5069.3145,2677.3879,1464.8296,35089.8508,A6,N,N
02/25/2020,24:00,9851.0195,1286.8,3710.3799,806.451,11435.0996,5307.48,2910.6599,1399.38,36707.2699,E,N,N
02/25/2020,24:00,9004.7002,1324.03,3590.3301,834.071,10664.5,5169.6001,2633.3899,1413.88,34634.5013,E1,N,N
02/25/2020,24:00,9380.5195,1366.55,3543.6599,820.681,10374.2998,5141,2722.6001,1398.41,34747.7203,E2,N,N
02/25/2020,24:00,9155.4404,1322.73,3572.0701,828.59,11085.7998,5049.02,2752.3401,1398.34,35164.3304,E3,N,N
02/25/2020,24:00,9297.8799,1312.8638,3622.2407,828.0798,10801.0059,5137.0713,2744.9753,1418.8625,35162.9792,M,Y,N
