DeliveryDate,HourEnding,Coast,East,FarWest,North,NorthCentral,SouthCentral,Southern,West,SystemTotal,Model,InUseFlag,DSTFlag
05/27/2023,1:00,12788.4434,1510.5587,5595.9453,1327.9233,12152.4434,7097.1377,3768.1809,1182.1017,45422.7344,A3,N,N
05/27/2023,1:00,12721.2432,1470.2126,5518.5366,1237.3009,12286.4033,7041.7871,3839.5359,1217.6438,45332.6634,A6,N,N
05/27/2023,1:00,12659.5996,1459.95,5523.1001,1201.98,11823.5996,7247.9702,3758.3601,1111.5699,44786.1295,E,N,N
05/27/2023,1:00,12721.2002,1465.1801,5517.8301,1204.76,11865.9004,7278.7798,3758.3601,1108.59,44920.6007,E1,N,N
05/27/2023,1:00,12721.2002,1477.9301,5528.5,1205.52,11961.7998,7326.8198,3777.6101,1105.15,45104.53,E2,N,N
05/27/2023,1:00,12741.7002,1465.1801,5517.8301,1204.76,11871,7278.7798,3764.8501,1108.59,44952.6903,E3,Y,N
05/27/2023,1:00,12701.748,1477.3425,5537.1812,1229.3427,11957.9971,7262.9902,3772.3955,1121.5763,45060.5735,M,N,N
05/27/2023,2:00,12087.6738,1332.656,5524.6685,1128.5588,10981.0596,6788.7827,3485.4258,1034.2086,42363.0338,A3,N,N
05/27/2023,2:00,12062.5596,1371.1714,5536.001,1142.8621,10941.9482,6932.1396,3491.9824,1022.1016,42500.7659,A6,N,N
05/27/2023,2:00,12061.4004,1335.78,5535.9102,1179.3101,11090.5,6791.02,3556.98,1070.34,42621.2407,E,N,N
05/27/2023,2:00,12093.7002,1335.7,5530.04,1178.67,11126.5996,6828.3999,3556.98,1069.16,42719.2497,E1,N,N
05/27/2023,2:00,12111.7002,1353.86,5511.4399,1158.36,11161.2998,6841.1201,3565.5801,1066.92,42770.2801,E2,N,N
05/27/2023,2:00,12117.4004,1351.35,5505.5298,1157.79,11107.9004,6812.73,3552.72,1065.08,42670.5006,E3,Y,N
05/27/2023,2:00,12094.707,1346.2177,5516.6201,1155.0399,11113.168,6803.9473,3544.582,1061.4888,42635.7708,M,N,N
05/27/2023,3:00,11925.4072,1355.4553,5469.4033,1115.3198,10770.1494,6618.1812,3329.5122,1020.1784,41603.6068,A3,N,N
05/27/2023,3:00,11948.5654,1365.8948,5449.4058,1113.4624,10714.1006,6659.9194,3329.1995,1020.7937,41601.3416,A6,N,N
05/27/2023,3:00,11713.5996,1360.96,5472.1699,1123.29,10674.4004,6479,3320.6201,1033.3101,41177.3501,E,N,N
05/27/2023,3:00,11742.2002,1361.05,5469.5898,1122.58,10720.2998,6512.1699,3320.6201,1032.64,41281.1498,E1,N,N
05/27/2023,3:00,11730.0996,1342.23,5472.6099,1111.84,10701.0996,6507.5498,3354.9199,1024.3101,41244.6589,E2,N,N
05/27/2023,3:00,11687,1341.83,5468.8198,1110.79,10680.2998,6482.2202,3334.71,1024.65,41130.3198,E3,Y,N
05/27/2023,3:00,11704.5957,1344.8905,5471.3013,1114.4401,10694.4941,6518.2754,3340.074,1025.2875,41213.3586,M,N,N
05/27/2023,4:00,11194.4854,1282.0995,5486.0947,1115.158,10280.3975,6360.4648,3241.6736,1047.7047,40008.0782,A3,N,N
05/27/2023,4:00,11310.7627,1263.2395,5496.2959,1118.2091,10341.4092,6278.9634,3207.9775,1046.8455,40063.7028,A6,N,N
05/27/2023,4:00,11576,1315.76,5489.7998,1100.33,10312.9004,6285.2598,3212.27,1064.9399,40357.2599,E,N,N
05/27/2023,4:00,11582.5,1317.04,5489.0298,1099.25,10356.7998,6312,3212.27,1063.9399,40432.8295,E1,N,N
05/27/2023,4:00,11546.9004,1305.63,5488.1499,1088.03,10334.7002,6273.3599,3237.6299,1038.61,40313.0103,E2,N,N
05/27/2023,4:00,11532.4004,1302.92,5484.3701,1087.65,10313.4004,6272.77,3221.27,1033.22,40248.0009,E3,Y,N
05/27/2023,4:00,11516.5654,1303.9962,5486.8584,1097.418,10336.0518,6286.2705,3230.6545,1044.4598,40302.2746,M,N,N
05/27/2023,5:00,11267.6611,1270.7578,5432.4297,1103.9473,10155.9629,6213.981,3083.2427,1092.6064,39620.5889,A3,N,N
05/27/2023,5:00,11279.1836,1266.3616,5448.356,1121.4696,10165.6152,6197.5718,3099.1357,1075.1787,39652.8722,A6,N,N
05/27/2023,5:00,11311.4004,1290.92,5472.4502,1117.66,10138.7002,6167.6699,3015.8799,1091.1,39605.7806,E,N,N
05/27/2023,5:00,11314.2002,1291.8101,5471.8901,1116.6801,10163,6185.5601,3015.8799,1091.2,39650.2205,E1,N,N
05/27/2023,5:00,11302.2998,1273.15,5474.1899,1098.1899,10110.7998,6129.4302,3061.8401,1047.79,39497.6897,E2,N,N
05/27/2023,5:00,11299.0996,1272.8101,5471.7202,1098.09,10103.0996,6139.0898,3055.6201,1050.88,39490.4094,E3,Y,N
05/27/2023,5:00,11290.3789,1273.7738,5464.6934,1102.0558,10113.8271,6152.8374,3048.4868,1065.7369,39511.7901,M,N,N
05/27/2023,6:00,11385.0859,1310.7883,5501.5845,1070.834,10137.4727,6130.5518,3108.406,1099.2156,39743.9388,A3,N,N
05/27/2023,6:00,11276.5518,1306.1431,5511.1187,1068.8889,10127.3066,6121.2173,3053.1167,1117.6389,39581.982,A6,N,N
05/27/2023,6:00,11232.5,1314.92,5401.4702,1046.58,10109.2002,6142.48,3041.6001,1139.77,39428.5205,E,N,N
05/27/2023,6:00,11228.5,1316.87,5401.4702,1048.25,10127.4004,6154.8198,3041.6001,1139.66,39458.5705,E1,N,N
05/27/2023,6:00,11242.4004,1301.53,5390.3501,1044.85,10090,6096.0098,3070.53,1088.6899,39324.3602,E2,N,N
05/27/2023,6:00,11246.5,1302.28,5396.0601,1044.75,10093.2998,6106.6201,3059.5601,1089.45,39338.5201,E3,Y,N
05/27/2023,6:00,11235.916,1306.4797,5415.7822,1050.5299,10094.7158,6111.0225,3070.874,1100.6584,39385.9785,M,N,N
05/27/2023,7:00,10940.1289,1356.4088,5450.8613,1111.92,10105.501,6137.3433,3113.4661,1096.1173,39311.7467,A3,N,N
05/27/2023,7:00,11038.1328,1341.1327,5415.7202,1132.7422,10083.917,6134.54,3081.7878,1122.2789,39350.2516,A6,N,N
05/27/2023,7:00,11254.7998,1353.36,5399.75,1136.2,10132.0996,6137.1899,3137.4199,1120.7,39671.5192,E,N,N
05/27/2023,7:00,11256.7002,1354.9301,5394.46,1137.87,10155.2998,6147.6201,3137.4199,1122.25,39706.5501,E1,N,N
05/27/2023,7:00,11289.0996,1329.76,5379.8701,1115.5601,10130,6096.4102,3140.53,1094.28,39575.51,E2,N,N
05/27/2023,7:00,11282.7998,1330.47,5386.6699,1113.62,10128.7002,6111.48,3123.49,1095.48,39572.7099,E3,Y,N
05/27/2023,7:00,11248.7012,1338.9978,5400.3008,1119.5161,10132.3389,6118.3174,3132.2817,1099.5496,39590.0035,M,N,N
05/27/2023,8:00,11721.1211,1369.7098,5543.4111,1075.4315,10508.0605,6328.1899,3194.8557,1032.6448,40773.4244,A3,N,N
05/27/2023,8:00,11673.5352,1391.2239,5548.8574,1096.1313,10521.6699,6310.769,3192.6277,989.9141,40724.7285,A6,N,N
05/27/2023,8:00,11587.2002,1419.9399,5471.3501,1062.37,10630,6337.3901,3271.9399,1052.26,40832.4502,E,N,N
05/27/2023,8:00,11594.4004,1418.92,5474.3198,1059.55,10572.9004,6331.4502,3271.9399,1051.52,40775.0007,E1,N,N
05/27/2023,8:00,11604,1388.64,5448.25,1066.1801,10530.5,6299.9102,3214.8501,1055.25,40607.5804,E2,N,N
05/27/2023,8:00,11622.7998,1390.16,5444.1499,1068.79,10538,6294.9902,3227.4099,1057.7,40643.9998,E3,Y,N
05/27/2023,8:00,11600.9902,1392.3386,5470.5264,1067.7693,10542.1504,6301.2681,3227.3335,1048.8367,40651.2132,M,N,N
05/27/2023,9:00,12522.5488,1482.4602,5605.3071,1089.5109,11423.4014,6740.0479,3466.8037,1051.6707,43381.7507,A3,N,N
05/27/2023,9:00,12416.0176,1506.9686,5620.6396,1053.0509,11379.9707,6809.8794,3493.5366,1012.5139,43292.5773,A6,N,N
05/27/2023,9:00,12368.5,1519.59,5677.1499,1063.16,11538.2998,6848.1899,3517.9199,1015.07,43547.8795,E,N,N
05/27/2023,9:00,12355.4004,1515.27,5674.0098,1057.1,11394.5,6822.9199,3517.9199,1011.92,43349.04,E1,N,N
05/27/2023,9:00,12390.4004,1508.48,5602.7798,1068.48,11374.5,6814.96,3464.4099,1047.77,43271.7801,E2,N,N
05/27/2023,9:00,12471.5,1511.5699,5603.7202,1072.9,11559.9004,6795.0898,3514.6399,1049.49,43578.8102,E3,Y,N
05/27/2023,9:00,12368.8223,1504.4778,5616.2017,1072.3422,11445.1133,6791.9243,3490.6597,1043.0465,43332.5878,M,N,N
05/27/2023,10:00,13181.0176,1569.7203,5680.9795,1149.3257,12331.6904,7184.0347,3768.5864,1038.306,45903.6606,A3,N,N
05/27/2023,10:00,13308.2686,1581.9918,5691.3423,1140.021,12274.8848,7231.4883,3687.1348,1017.2388,45932.3704,A6,N,N
05/27/2023,10:00,13136,1582.09,5827.5601,1127.48,12182.5996,7128.23,3761.53,943.536,45689.0257,E,N,N
05/27/2023,10:00,13192.9004,1596.4399,5812.7402,1116.89,12120.4004,7161.5498,3761.53,947.492,45709.9427,E1,N,N
05/27/2023,10:00,13263.2002,1598.23,5708.2598,1149.3199,12181,7168.1401,3733.73,1028.73,45830.61,E2,N,N
05/27/2023,10:00,13342.9004,1619.2,5719.5498,1151.88,12318.4004,7174.5098,3799.55,1028.72,46154.7104,E3,Y,N
05/27/2023,10:00,13235.4795,1598.6663,5727.7988,1144.6621,12272.7783,7187.0083,3764.0894,1012.5753,45943.058,M,N,N
05/27/2023,11:00,14283.6533,1757.306,5720.3291,1197.2565,12839.5508,7885.9165,4170.8813,1080.379,48935.2725,A3,N,N
05/27/2023,11:00,14346.1221,1754.3958,5711.2241,1202.5077,12792.7637,7908.4673,4178.6255,1038.5826,48932.6888,A6,N,N
05/27/2023,11:00,14133.7998,1683.74,5793.27,1147.23,13012.5,7724.6699,4124.5801,963.991,48583.7808,E,N,N
05/27/2023,11:00,14196.7998,1701.34,5786.2402,1140.88,12896.2998,7742.1299,4124.5801,972.187,48560.4568,E1,N,N
05/27/2023,11:00,14232.0996,1716.4399,5727.02,1172.1801,13107.7002,7732.6001,4086.5601,1061.27,48835.87,E2,N,N
05/27/2023,11:00,14271.7998,1737.85,5739.9199,1169.01,13175.4004,7701.96,4135.0298,1059.23,48990.1999,E3,Y,N
05/27/2023,11:00,14250.4736,1728.1689,5739.208,1171.9575,13092.6973,7739.5986,4119.0146,1045.0376,48886.1561,M,N,N
05/27/2023,12:00,15171.3428,1843.144,5756.958,1236.3871,13790.1729,8446.8418,4432.2637,1099.6943,51776.8046,A3,N,N
05/27/2023,12:00,15141.3867,1839.1158,5734.3506,1252.4735,13585.2227,8390.3027,4400.167,1144.0945,51487.1135,A6,N,N
05/27/2023,12:00,15065.2998,1823.12,5774.7402,1224.75,13687.2002,8363.2695,4421.9702,1024.5601,51384.91,E,N,N
05/27/2023,12:00,15097.2002,1836.64,5791.5601,1216.02,13550.2002,8414.9805,4421.9702,1038.95,51367.5212,E1,N,N
05/27/2023,12:00,15074.0996,1840.6899,5776.52,1227.85,13822.2998,8309.6201,4384.3101,1120.5601,51555.9496,E2,N,N
05/27/2023,12:00,15175.7002,1867.0601,5796.3301,1221.02,13879.5996,8321.7998,4456.3701,1113.61,51831.4899,E3,Y,N
05/27/2023,12:00,15105.9883,1848.6348,5779.04,1227.4841,13770.6455,8323.0586,4416.6509,1100.1445,51571.6467,M,N,N
05/27/2023,13:00,15747.1953,1982.7701,5802.8984,1284.5325,14347.8955,8861.3828,4650.6885,1217.3838,53894.7469,A3,N,N
05/27/2023,13:00,15755.6963,1977.3978,5824.6128,1277.6399,14465.3594,8839.167,4746.3047,1259.4006,54145.5785,A6,N,N
05/27/2023,13:00,15931,1967.95,5751.6602,1281.5601,14671.5,9009.7305,4637.0801,1155.98,54406.4609,E,N,N
05/27/2023,13:00,16005.2998,1981.03,5765.3101,1276.14,14508.7002,9087.9902,4637.0801,1168.28,54429.8304,E1,N,N
05/27/2023,13:00,15889.4004,1973.55,5785.3301,1290.6899,14658.5,8857.1602,4616.4902,1192.02,54263.1408,E2,N,N
05/27/2023,13:00,16042.9004,1986.4,5808.5601,1280.91,14754,8921.3301,4683.6201,1182.24,54659.9607,E3,Y,N
05/27/2023,13:00,15916.2324,1979.692,5790.6304,1285.7494,14645.8135,8923.7441,4656.5205,1191.2603,54389.6426,M,N,N
05/27/2023,14:00,16530.2715,2133.9683,5831.9854,1272.6439,15252.6875,9366.1123,4753.2822,1317.0623,56458.0134,A3,N,N
05/27/2023,14:00,16510.7285,2127.5007,5845.8184,1262.6079,15290.2461,9339.4453,4761.6841,1335.3831,56473.4141,A6,N,N
05/27/2023,14:00,16606.3008,2083.9399,5794.6802,1257.42,15413.2998,9370.4404,4746.4102,1321.0601,56593.5514,E,N,N
05/27/2023,14:00,16685.5996,2109.6499,5804.0098,1252.92,15252.5,9446.2197,4746.4102,1324.42,56621.7292,E1,N,N
05/27/2023,14:00,16556.9004,2072.53,5828.02,1277.01,15221.5,9232.1602,4765.27,1288.88,56242.2706,E2,N,N
05/27/2023,14:00,16716.5,2100.75,5841.4302,1265.51,15499,9335.9102,4826.77,1273.38,56859.2504,E3,Y,N
05/27/2023,14:00,16584.5703,2093.614,5826.9053,1267.4636,15368.9434,9325.3105,4777.1191,1296.3606,56540.2868,M,N,N
05/27/2023,15:00,16990.7188,2223.3833,5924.1162,1342.9354,16008.6455,9580.041,4882.2627,1328.7743,58280.8772,A3,N,N
05/27/2023,15:00,17022.3691,2211.0266,5902.1279,1316.8477,15951.5547,9625.9775,4883.4375,1321.3112,58234.6522,A6,N,N
05/27/2023,15:00,16984.1992,2201,5865.6299,1367.76,15912.4004,9597.3496,4838.6699,1414.73,58181.739,E,N,N
05/27/2023,15:00,17033.3008,2217.5,5861.2998,1363.39,15829.9004,9654.6299,4838.6699,1415.01,58213.7008,E1,N,N
05/27/2023,15:00,16911.0996,2177.26,5862.1099,1366.23,15628.9004,9464.9102,4856.7002,1365.05,57632.2603,E2,N,N
05/27/2023,15:00,17030.9004,2200.1799,5877.3799,1362.26,15957,9595.54,4871.3101,1349.28,58243.8503,E3,Y,N
05/27/2023,15:00,16982.4941,2199.7588,5879.3633,1360.2491,15851.7305,9559.3418,4862.5898,1363.028,58058.5554,M,N,N
05/27/2023,16:00,17064.4961,2266.4265,5933.8418,1365.4333,16493.1875,9862.9287,4961.2949,1367.6311,59315.2399,A3,N,N
05/27/2023,16:00,17085.7676,2249.2573,5933.9058,1332.209,16434.0742,9864.6289,4945.0669,1354.657,59199.5667,A6,N,N
05/27/2023,16:00,17103.5,2243.45,5857.4199,1400.71,16308.7998,9710.1602,4894.9502,1470.54,58989.5301,E,N,N
05/27/2023,16:00,17206.8008,2274.9399,5855.2202,1397.8199,16138.7002,9817.1602,4894.9502,1474.53,59060.1214,E1,N,N
05/27/2023,16:00,17098.5996,2219.6799,5836.3101,1400.04,15799.7002,9506.9404,4908.9302,1438.64,58208.8404,E2,N,N
05/27/2023,16:00,17310.5,2259.3799,5869.2798,1396.8101,16375.0996,9764.5498,4924.5098,1414.25,59314.379,E3,Y,N
05/27/2023,16:00,17166.6602,2248.8423,5869.71,1391.9946,16195.8281,9706.7656,4921.2813,1423.9003,58924.9824,M,N,N
05/27/2023,17:00,17167.457,2288.98,5978.9233,1379.7751,17040.6035,9988.7236,4980.5771,1373.224,60198.2636,A3,N,N
05/27/2023,17:00,17339.1016,2285.7693,6009.3076,1336.5909,16836.7148,9853.2295,4993.8105,1341.0822,59995.6064,A6,N,N
05/27/2023,17:00,16942.8008,2230.3501,5731.8999,1455.9,16564.1992,9757.9502,4930.3701,1508.77,59122.2403,E,N,N
05/27/2023,17:00,17051.3008,2276.5601,5726.3501,1455.9301,16353.2998,9884.0498,4930.3701,1532.63,59210.4908,E1,N,N
05/27/2023,17:00,16959.3008,2205.6101,5690.1899,1452.51,15860.2002,9531.2305,4950.96,1508.29,58158.2915,E2,N,N
05/27/2023,17:00,17160.4004,2263.2,5738.1299,1455.02,16813.5996,9838.6104,4922.6001,1478.62,59670.1804,E3,Y,N
05/27/2023,17:00,17068.8125,2249.1301,5770.1055,1439.3971,16502.0117,9772.8975,4944.2578,1474.8579,59221.4701,M,N,N
05/27/2023,18:00,17019.3379,2280.8855,5981.5737,1392.0637,16937.6309,9970.6289,4886.3594,1369.2361,59837.7161,A3,N,N
05/27/2023,18:00,17203.1816,2302.5525,5932.7349,1343.8904,16848.1367,9870.9658,4912.7822,1337.3083,59751.5524,A6,N,N
05/27/2023,18:00,16585,2200.1101,5640.46,1500.15,16661.8008,9709.4902,4902.96,1502.58,58702.5511,E,N,N
05/27/2023,18:00,16570.8008,2249.6399,5638.8599,1502.35,16408.6992,9798.6797,4902.96,1541.14,58613.1295,E1,N,N
05/27/2023,18:00,16496.1992,2168.79,5587.8101,1490.09,15771.7002,9533.8301,4930.2002,1528.45,57507.0698,E2,N,N
05/27/2023,18:00,16613,2238.6201,5648.52,1501.58,16875.1992,9761.1201,4848.6401,1495.61,58982.2895,E3,Y,N
05/27/2023,18:00,16652.207,2223.375,5695.146,1476.1637,16488.6465,9733.4277,4891.5156,1485.4373,58645.9188,M,N,N
05/27/2023,19:00,16499.584,2209.2798,5928.4321,1370.953,16404.8711,9823.0293,4763.7168,1360.4451,58360.3112,A3,N,N
05/27/2023,19:00,16572.8438,2202.2393,5906.9507,1332.345,16315.334,9720.3672,4811.2217,1297.8103,58159.112,A6,N,N
05/27/2023,19:00,16127,2120.95,5665.8101,1525.51,16393.4004,9669.0195,4810.75,1506.5,57818.94,E,N,N
05/27/2023,19:00,16033,2168.4199,5684.1001,1524.97,16100,9705,4810.75,1569.55,57595.79,E1,N,N
05/27/2023,19:00,15975.2002,2080.8301,5647.1001,1508.38,15402.2002,9640.5996,4844.3901,1579.9,56678.6003,E2,N,N
05/27/2023,19:00,15841.0996,2159.9199,5691.8901,1524.34,16634.0996,9675.21,4709.8901,1532.23,57768.6793,E3,Y,N
05/27/2023,19:00,16060.8066,2143.0181,5722.3745,1489.0547,16141.2051,9696.75,4781.1777,1513.333,57547.7197,M,N,N
05/27/2023,20:00,15866.0605,2088.2317,5849.3267,1344.4023,15578.832,9524.2822,4570.6367,1323.5813,56145.3534,A3,N,N
05/27/2023,20:00,15729.0732,2042.9293,5879.4673,1328.6503,15483.8291,9522.0977,4647.6372,1264.608,55898.2921,A6,N,N
05/27/2023,20:00,15452.7998,2017.76,5577.3901,1514.9,15806,9525.5801,4632.46,1435.92,55962.81,E,N,N
05/27/2023,20:00,15279.9004,2059.74,5625.8799,1510.54,15550.4004,9598.3301,4632.46,1497.4,55754.6508,E1,N,N
05/27/2023,20:00,15238.5996,1978.51,5576.0898,1503.26,14924.2998,9629.21,4668.6299,1506.16,55024.7591,E2,N,N
05/27/2023,20:00,14978.2002,2053.6799,5631.6602,1510.0699,15982.5996,9576.2197,4515.8398,1470.54,55718.8093,E3,Y,N
05/27/2023,20:00,15311.5234,2035.0535,5652.5176,1475.4236,15523.4766,9578.877,4595.9604,1451.0583,55623.8904,M,N,N
05/27/2023,21:00,15663.418,2005.5126,5755.3159,1326.573,15198.0918,9239.7803,4521.7256,1302.2465,55012.6637,A3,N,N
05/27/2023,21:00,15364.4004,1957.2034,5802.9204,1310.1121,15034.4775,9281.6436,4518,1269.4102,54538.1676,A6,N,N
05/27/2023,21:00,15051,1923.63,5548.7598,1434.74,15283.2002,9270.25,4482.5498,1417.3101,54411.4399,E,N,N
05/27/2023,21:00,14909.9004,1959.89,5567.1499,1447.61,15182.7002,9372.2002,4482.5498,1495.54,54417.5405,E1,N,N
05/27/2023,21:00,14883,1903.9301,5523.8999,1418.3199,14720.7002,9441.7402,4549.7202,1539.77,53981.0805,E2,N,N
05/27/2023,21:00,14483,1956.04,5570.96,1447.3101,15345.2002,9357.79,4384.79,1477.55,54022.6403,E3,Y,N
05/27/2023,21:00,14938.5742,1947.4456,5591.1123,1413.2386,15105.9785,9352.0605,4481.208,1456.9304,54286.5481,M,N,N
05/27/2023,22:00,15301.5439,1933.834,5851.4326,1305.7777,14677.6846,8968.6504,4426.0894,1270.4199,53735.4325,A3,N,N
05/27/2023,22:00,15191.4063,1894.0609,5944.5957,1279.8898,14594.5645,9023.3008,4373.9526,1192.7361,53494.5067,A6,N,N
05/27/2023,22:00,14787.9004,1866.22,5627.98,1426.17,14851.0996,9027.5303,4377.4399,1389.54,53353.8802,E,N,N
05/27/2023,22:00,14665.5996,1895.11,5630.9399,1433.5699,14771.5996,9117.3701,4377.4399,1469.1,53360.729,E1,N,N
05/27/2023,22:00,14652.2998,1851.73,5573.04,1409.25,14302.2002,9156.2803,4429.23,1532.0601,52906.0904,E2,N,N
05/27/2023,22:00,14192.7998,1893.25,5632.8599,1433.42,14848.7002,9110.3496,4267.75,1460.21,52839.3395,E3,Y,N
05/27/2023,22:00,14659.1895,1886.3938,5657.9487,1399.9305,14643.0771,9088.209,4369.8003,1437.629,53142.1779,M,N,N
05/27/2023,23:00,14690.0781,1818.2618,5899.6421,1270.0018,14024.6572,8551.8984,4212.6602,1199.1469,51666.3465,A3,N,N
05/27/2023,23:00,14587.666,1781.9883,5932.0273,1262.974,13900.9004,8556.3643,4163.8823,1104.3253,51290.1279,A6,N,N
05/27/2023,23:00,14138.2002,1738.79,5512.0601,1387.73,14127.9004,8566.3701,4177.96,1302.72,50951.7308,E,N,N
05/27/2023,23:00,14027.4004,1748.71,5518.1299,1376.54,13969.2002,8598.96,4177.96,1409.71,50826.6105,E1,N,N
05/27/2023,23:00,14027.4004,1689.58,5469.6299,1375.96,13451.9004,8613.0098,4228.8599,1436.95,50293.2904,E2,N,N
05/27/2023,23:00,13612.4004,1748.71,5518.1299,1376.54,14056.7998,8598.96,4144.4702,1409.71,50465.7203,E3,Y,N
05/27/2023,23:00,14046.5176,1743.8894,5579.2754,1356.1774,13867.252,8590.5039,4190.123,1365.0703,50738.809,M,N,N
05/27/2023,24:00,13733.8311,1680.603,5848.6895,1206.1322,12805.5576,8030.9961,3988.8274,1151.3293,48445.9662,A3,N,N
05/27/2023,24:00,13683.3018,1631.8807,5845.2637,1184.561,12773.5479,8009.2866,3937.1323,1110.8781,48175.8521,A6,N,N
05/27/2023,24:00,13409.2998,1611.64,5371.5498,1282.5601,13182.5,7960.6602,3964.1699,1204.49,47986.8698,E,N,N
05/27/2023,24:00,13315.7002,1621.0699,5385.9199,1266.51,12991.2002,7976.7998,3964.1699,1338.65,47860.0199,E1,N,N
05/27/2023,24:00,13315.7002,1579.1899,5343.6099,1263.27,12453,7989.21,4013.8301,1330.24,47288.0501,E2,N,N
05/27/2023,24:00,12965.7002,1621.0699,5385.9199,1266.51,13043.7998,7976.7998,3999.3899,1338.65,47597.8395,E3,Y,N
05/27/2023,24:00,13303.6865,1619.4696,5464.3438,1255.0675,12827.5215,7989.748,3994.5654,1285.2469,47739.6492,M,N,N
05/28/2023,1:00,13003.8955,1492.9698,5703.7803,1196.6831,12048.6279,7350.3066,3767.5464,1091.3993,45655.2089,A3,N,N
05/28/2023,1:00,12865.7959,1435.0881,5634.0396,1193.7178,12110.5781,7407.2344,3754.4824,1146.5376,45547.4739,A6,N,N
05/28/2023,1:00,12593.0996,1472.74,5267.6499,1165.54,12273.2002,7288.9902,3729.46,1095.08,44885.7599,E,N,N
05/28/2023,1:00,12450,1469.71,5266.8198,1149.1,11973.2998,7271.8901,3729.46,1280.58,44590.8597,E1,N,N
05/28/2023,1:00,12450,1428.83,5233.1499,1150.24,11356.5,7240.2998,3773.04,1199.73,43831.7897,E2,N,N
05/28/2023,1:00,12228.9004,1469.71,5266.8198,1149.1,12076.5,7271.8901,3934.2,1280.58,44677.7003,E3,Y,N
05/28/2023,1:00,12508.7588,1462.401,5344.1943,1160.6027,11864.2764,7279.8066,3811.5735,1199.9388,44631.5521,M,N,N
05/28/2023,2:00,12321.8398,1409.8127,5678.6338,1134.2273,11249.8682,6916.9102,3578.5144,1036.2323,43326.0387,A3,N,N
05/28/2023,2:00,12225.0381,1364.0358,5595.6191,1136.7709,11287.5,7013.0806,3538.0562,1068.3901,43228.4908,A6,N,N
05/28/2023,2:00,11928.9004,1363.17,5184.5801,1053.42,11369.7002,6686.23,3510.3,1014.85,42111.1507,E,N,N
05/28/2023,2:00,11782.0996,1353.26,5114.7402,1056.29,11091.5996,6672.8398,3510.3,1217.76,41798.8892,E1,N,N
05/28/2023,2:00,11782.0996,1313.64,5120.6699,1077.0699,10564.5996,6622.8101,3560.9399,1110.9,41152.729,E2,N,N
05/28/2023,2:00,11615.2998,1353.26,5114.7402,1056.29,11248.4004,6672.8398,3850.1599,1217.76,42128.7501,E3,Y,N
05/28/2023,2:00,11854.6875,1353.6755,5236.2822,1077.8245,11040.0049,6707.9844,3641.0928,1129.1055,42040.6573,M,N,N
05/28/2023,3:00,11900.209,1330.6519,5644.0923,1095.8367,10654.2129,6572.9785,3369.5151,1019.2605,41586.7569,A3,N,N
05/28/2023,3:00,11731.4492,1285.3406,5536.1719,1094.5966,10674.0273,6633.8091,3321.6892,1053.8998,41330.9837,A6,N,N
05/28/2023,3:00,11385.7998,1284.66,5022.8799,990.114,10689.5,6298.3198,3348.5901,957.82,39977.6836,E,N,N
05/28/2023,3:00,11236.7002,1268.1899,5054.2202,980.978,10449.5,6302.6001,3348.5901,1178.4,39819.1785,E1,N,N
05/28/2023,3:00,11236.7002,1226.22,4998.7002,991.688,9969.6104,6293.79,3393.25,1036.66,39146.6188,E2,N,N
05/28/2023,3:00,11131.2998,1268.1899,5054.2202,980.978,10600,6302.6001,3782.01,1178.4,40297.698,E3,Y,N
05/28/2023,3:00,11352.6914,1269.7384,5152.4048,1008.0764,10415.626,6353.605,3496.1992,1081.9922,40130.3334,M,N,N
05/28/2023,4:00,11445.0068,1266.0205,5625.4185,1070.8815,10324.3359,6285.7593,3264.521,1007.9015,40289.845,A3,N,N
05/28/2023,4:00,11242.4502,1225.3663,5533.2803,1067.4821,10371.3984,6301.2441,3205.4473,1029.5831,39976.2518,A6,N,N
05/28/2023,4:00,11083.5,1237.21,5103.8501,939.311,10209.2002,6027.1201,3250.9299,891.529,38742.6503,E,N,N
05/28/2023,4:00,11005.7998,1224.24,5135.4399,931.568,10076.7002,6039.23,3250.9299,1108.1899,38772.0977,E1,N,N
05/28/2023,4:00,11005.7998,1184.13,5078.3599,942.479,9773.6797,6048.2202,3293.4099,983.845,38309.9235,E2,N,N
05/28/2023,4:00,10828.2998,1224.24,5135.4399,931.568,10086.5996,6039.23,3705.6799,1108.1899,39059.2471,E3,Y,N
05/28/2023,4:00,11048.1621,1221.8601,5213.1528,963.4783,10051.541,6090.022,3402.8174,1029.1627,39020.1964,M,N,N
05/28/2023,5:00,11317.9805,1232.1232,5575.812,1050.782,10056.5195,6142.9263,3226.8081,1023.7729,39626.7245,A3,N,N
05/28/2023,5:00,11066.4336,1192.2762,5495.6035,1059.4246,10143.7139,6176.2061,3152.0603,1028.5181,39314.2363,A6,N,N
05/28/2023,5:00,10904.9004,1216.49,5054.04,901.482,9909.4697,5827.3398,3158.29,867.656,37839.6679,E,N,N
05/28/2023,5:00,10795.7998,1202.12,5100.4302,900.067,9832.2305,5843.54,3158.29,1084.24,37916.7175,E1,N,N
05/28/2023,5:00,10795.7998,1163.91,5040.8198,911.435,9621.8203,5858.9199,3208.3799,958.556,37559.6407,E2,N,N
05/28/2023,5:00,10644.5,1202.12,5100.4302,900.067,9785.8096,5843.54,3620.22,1084.24,38180.9268,E3,Y,N
05/28/2023,5:00,10865.7559,1198.0947,5172.9844,933.762,9807.7637,5906.4116,3325.5996,1012.783,38223.1549,M,N,N
05/28/2023,6:00,11175.9766,1225.9962,5561.2734,1043.3207,9925.2305,6038.3872,3157.5183,1034.2832,39161.9861,A3,N,N
05/28/2023,6:00,10923.7998,1190.7335,5512.0176,1061.2037,9979.9199,6101.8184,3094.9395,1053.4155,38917.8479,A6,N,N
05/28/2023,6:00,10787.2998,1197.39,5160.6001,903.325,9691.2002,5697.8799,3121.27,864.129,37423.094,E,N,N
05/28/2023,6:00,10680.9004,1188.9301,5223.5098,906.485,9702.4805,5758.1001,3121.27,1085.0601,37666.736,E1,N,N
05/28/2023,6:00,10680.9004,1161.49,5147.9702,922.843,9583.8701,5792.6401,3170.53,964.917,37425.1608,E2,N,N
05/28/2023,6:00,10525.4004,1188.9301,5223.5098,906.485,9563.6504,5758.1001,3597.8501,1085.0601,37848.986,E3,Y,N
05/28/2023,6:00,10743.9063,1188.9573,5262.1099,938.4435,9668.6699,5818.498,3286.272,1016.7687,37923.6256,M,N,N
05/28/2023,7:00,10861.8477,1230.9844,5546.3008,1041.0731,9786.2959,6029.3071,3080.0195,1030.2262,38606.0547,A3,N,N
05/28/2023,7:00,10648.3682,1197.2612,5466.5645,1073.7617,9799.377,6073.4419,3000.6692,1072.1125,38331.5562,A6,N,N
05/28/2023,7:00,10668.2002,1172.75,5260.6899,881.923,9521.4697,5646.1001,3080.05,881.692,37112.8749,E,N,N
05/28/2023,7:00,10584.2002,1174.5601,5287.7598,890.467,9608.4805,5771.04,3080.05,1103.77,37500.3276,E1,N,N
05/28/2023,7:00,10584.2002,1170.75,5194.3101,909.315,9570.46,5852.5601,3136.79,989.231,37407.6164,E2,N,N
05/28/2023,7:00,10395.2002,1174.5601,5287.7598,890.467,9365.7305,5771.04,3553.1899,1103.77,37541.7175,E3,Y,N
05/28/2023,7:00,10591.4307,1184.521,5308.7261,925.3883,9551.1113,5834.6558,3239.0081,1032.4918,37667.3331,M,N,N
05/28/2023,8:00,11036.9551,1276.1077,5575.3999,1072.3568,10184.1113,6130.1875,3099.7344,1016.0646,39390.9173,A3,N,N
05/28/2023,8:00,10808.5479,1264.7733,5517.8359,1121.9015,10149.6377,6222.813,3011.4626,1017.3513,39114.3232,A6,N,N
05/28/2023,8:00,10875.7998,1234.54,5232.4902,911.174,9812.9902,5761.0698,3096.25,915.018,37839.332,E,N,N
05/28/2023,8:00,10776.5,1235.21,5310.8398,918.104,9869.9805,5891.3901,3096.25,1135.8199,38234.0943,E1,N,N
05/28/2023,8:00,10776.5,1223.29,5216.1001,934.058,9818.2402,5993.5801,3144.6899,1021.41,38127.8683,E2,N,N
05/28/2023,8:00,10597.2002,1235.21,5310.8398,918.104,9629.1299,5891.3901,3572.23,1135.8199,38289.9239,E3,Y,N
05/28/2023,8:00,10784.7314,1239.7466,5327.4951,953.0478,9839.3311,5956.7749,3254.2729,1055.4657,38410.8655,M,N,N
05/28/2023,9:00,11796.2861,1380.9987,5634.8809,1110.9116,11035.4053,6538.9736,3280.8743,1028.7032,41807.0337,A3,N,N
05/28/2023,9:00,11532.4922,1391.7084,5593.6274,1134.5637,10959.1055,6677.582,3244.1343,990.3296,41523.5431,A6,N,N
05/28/2023,9:00,11522.7998,1375.0699,5227.5298,994.067,10706.2998,6194.4199,3318.6899,964.824,40303.7001,E,N,N
05/28/2023,9:00,11350.4004,1363.04,5240.8701,1004.51,10614.5996,6247.7798,3318.6899,1195.96,40335.8498,E1,N,N
05/28/2023,9:00,11350.4004,1321.29,5159.8398,1037.39,10320.2998,6431.5,3362.4199,1069.29,40052.4299,E2,N,N
05/28/2023,9:00,11324.4004,1363.04,5240.8701,1004.51,10645.0996,6247.7798,3693.3899,1195.96,40715.0498,E3,Y,N
05/28/2023,9:00,11449.0176,1355.3098,5294.0298,1034.6101,10628.791,6355.7988,3436.6558,1101.394,40655.6069,M,N,N
05/28/2023,10:00,12825.8477,1489.2482,5596.6338,1175.5981,12115.665,7114.8413,3512.4971,1096.3126,44926.6438,A3,N,N
05/28/2023,10:00,12588.9824,1513.2665,5582.6113,1184.8683,12013.626,7305.1489,3475.3594,1045.8949,44709.7577,A6,N,N
05/28/2023,10:00,12343.5,1508.25,5255.46,1062.28,11794.7002,6730.6299,3618.0801,1063.9,43376.8002,E,N,N
05/28/2023,10:00,12123.7998,1491.59,5282.1401,1060.9399,11512.0996,6784.7598,3618.0801,1308.79,43182.1993,E1,N,N
05/28/2023,10:00,12123.7998,1429.12,5167.7998,1068.83,10989.2002,7072.1699,3662.3401,1153.0699,42666.3297,E2,N,N
05/28/2023,10:00,12224.7002,1491.59,5282.1401,1060.9399,11835,6784.7598,3871.23,1308.79,43859.15,E3,Y,N
05/28/2023,10:00,12316.4492,1474.0466,5308.0688,1086.3726,11601.0732,6931.5859,3686.1865,1195.0896,43598.8724,M,N,N
05/28/2023,11:00,13626.6953,1597.9575,5580.9043,1262.661,12991.21,7628.8999,3820.4619,1153.1321,47661.922,A3,N,N
05/28/2023,11:00,13474.7549,1646.9753,5555.4404,1280.6576,12788.1104,7760.707,3780.0476,1085.0801,47371.7733,A6,N,N
05/28/2023,11:00,13114.7002,1606.5699,5219.21,1128.41,12630.0996,7172.1499,3916.5901,1138.73,45926.4597,E,N,N
05/28/2023,11:00,12955.7998,1602.8101,5243.0801,1117.45,12443.7998,7277.8799,3916.5901,1389.97,45947.3798,E1,N,N
05/28/2023,11:00,12955.7998,1533.86,5126.6899,1124.5699,11600.9004,7612.5098,3984.29,1211.73,45150.3498,E2,N,N
05/28/2023,11:00,13038.7998,1602.8101,5243.0801,1117.45,12928.7998,7277.8799,4090.1399,1389.97,46688.9296,E3,Y,N
05/28/2023,11:00,13130.7695,1581.5305,5273.3408,1149.7242,12464.543,7437.9004,3969.7397,1264.0063,46271.5544,M,N,N
05/28/2023,12:00,14268.4795,1691.7958,5654.3628,1343.5898,13730.3682,7981.3442,4106.1655,1191.0708,49967.1766,A3,N,N
05/28/2023,12:00,14232.7646,1749.9547,5586.3765,1371.6508,13509.9365,8096.5127,4040.8149,1166.2507,49754.2614,A6,N,N
05/28/2023,12:00,13825.5996,1733.49,5092.79,1197.04,13352.7998,7666.6802,4187.8999,1187.8101,48244.1096,E,N,N
05/28/2023,12:00,13763.7002,1742.04,5130.1499,1176.61,13274.5,7864.9502,4187.8999,1452.7,48592.5502,E1,N,N
05/28/2023,12:00,13763.7002,1662.8199,5012.79,1168.1,12280.2998,8281.8799,4288.04,1251,47708.6298,E2,N,N
05/28/2023,12:00,13889.9004,1742.04,5130.1499,1176.61,13913.2998,7864.9502,4289.3198,1452.7,49458.9701,E3,Y,N
05/28/2023,12:00,13908.707,1707.3702,5196.0483,1209.496,13266.8838,7993.4814,4232.021,1313.3752,48827.3829,M,N,N
05/28/2023,13:00,14877.8789,1784.7507,5729.2285,1396.8239,14292.4775,8318.4736,4419.1377,1270.3541,52089.1249,A3,N,N
05/28/2023,13:00,15108.2012,1857.5188,5674.437,1422.4204,14230.542,8445.3516,4430.7813,1265.8812,52435.1335,A6,N,N
05/28/2023,13:00,14508.2002,1863.45,5050.79,1268.45,14038.5996,8083.8501,4400.6099,1210.09,50424.0398,E,N,N
05/28/2023,13:00,14578.9004,1868.62,5095.7002,1261.6,13979.5996,8338.1797,4400.6099,1498.72,51021.9298,E1,N,N
05/28/2023,13:00,14578.9004,1815.48,4949.0298,1240.0601,12987.9004,8851.25,4520.71,1287.72,50231.0507,E2,N,N
05/28/2023,13:00,14660.2002,1868.62,5095.7002,1261.6,14720.2002,8338.1797,4462.8799,1498.72,51906.1002,E3,Y,N
05/28/2023,13:00,14656.0176,1835.3872,5173.9136,1282.8678,13972.7461,8462.7266,4459.0264,1360.8838,51203.5691,M,N,N
05/28/2023,14:00,15337.5635,1875.2584,5759.542,1441.02,15014.8965,8568.124,4516.2427,1331.2457,53843.8928,A3,N,N
05/28/2023,14:00,15756.0938,1983.699,5723.4956,1453.0272,15034.4717,8682.6299,4567.8003,1328.446,54529.6635,A6,N,N
05/28/2023,14:00,15291.7998,1972.72,5112.46,1337.8199,14726.7998,8505.54,4536.0801,1221.95,52705.1696,E,N,N
05/28/2023,14:00,15369.2002,1979.16,5165.1699,1347.09,14674.7998,8824.7305,4536.0801,1528.5,53424.7305,E1,N,N
05/28/2023,14:00,15369.2002,1933.39,4974.4102,1360.35,13646.9004,9379.1396,4659.8198,1299.34,52622.5502,E2,N,N
05/28/2023,14:00,15420.0996,1979.16,5165.1699,1347.09,15401.2998,8824.7305,4597.54,1528.5,54263.5898,E3,Y,N
05/28/2023,14:00,15370.4033,1944.0049,5221.5459,1368.927,14657.5996,8907.8135,4587.6729,1389.6462,53447.6133,M,N,N
05/28/2023,15:00,15564.7949,1962.5267,5791.2759,1452.7469,15592.2832,8852.751,4637.9453,1358.4574,55212.7813,A3,N,N
05/28/2023,15:00,16295.335,2075.9773,5727.332,1441.8687,15720.6211,8990.875,4707.9907,1348.3278,56308.3276,A6,N,N
05/28/2023,15:00,15855,2052.21,5378.1899,1461.6801,15231.4004,8893.7197,4589.5801,1244.98,54706.7602,E,N,N
05/28/2023,15:00,15994.7998,2061.3501,5423.2202,1457.51,15143.2002,9244.0303,4589.5801,1562.17,55475.8607,E1,N,N
05/28/2023,15:00,15994.7998,2016.42,5265.75,1513.16,14051.7998,9696.54,4735.8198,1326.9301,54601.2195,E2,N,N
05/28/2023,15:00,16079.2002,2061.3501,5423.2202,1457.51,15544,9244.0303,4650.7002,1562.17,56022.181,E3,Y,N
05/28/2023,15:00,15920.1387,2027.1924,5445.0874,1473.6694,15034.6572,9266.4961,4661.4609,1419.1366,55247.8387,M,N,N
05/28/2023,16:00,15877.0166,2017.4672,5833.0996,1481.6106,16075.0977,9145.7285,4702.4365,1382.9344,56515.3911,A3,N,N
05/28/2023,16:00,16555.8633,2119.3403,5818.415,1480.3433,16256.9326,9198.208,4766.8931,1360.8488,57556.8444,A6,N,N
05/28/2023,16:00,16029.5,2123.4099,5332.3301,1489.38,15647.9004,9157.5596,4649.6802,1277.45,55707.2102,E,N,N
05/28/2023,16:00,16239.5996,2136.97,5380.1201,1491.02,15542.7002,9561.2002,4649.6802,1606.03,56607.3203,E1,N,N
05/28/2023,16:00,16239.5996,2082.28,5192.75,1507.21,14380.2998,9704.0703,4799.6802,1363.88,55269.7699,E2,N,N
05/28/2023,16:00,16345.5,2136.97,5380.1201,1491.02,16156.5,9561.2002,4748.23,1606.03,57425.5703,E3,Y,N
05/28/2023,16:00,16177.8438,2095.3064,5409.7261,1493.8312,15495.1201,9480.6035,4734.7964,1455.908,56343.1355,M,N,N
05/28/2023,17:00,15847.2393,2073.811,5875.7505,1525.3813,16193.9717,9422.0459,4743.2988,1388.9529,57070.4514,A3,N,N
05/28/2023,17:00,16576.4297,2132.8237,5912.5815,1505.5355,16407.502,9442.1074,4828.7476,1338.6705,58144.3979,A6,N,N
05/28/2023,17:00,16184.5,2149.05,5429.5801,1529.1899,15770.2998,9327.6104,4650.4302,1312.9,56353.5604,E,N,N
05/28/2023,17:00,16400.9004,2168.8701,5474.4502,1525.59,15742.9004,9764.9502,4650.4302,1651.41,57379.5015,E1,N,N
05/28/2023,17:00,16400.9004,2106.0901,5330.25,1528.1,14495.7998,9523.5801,4800.6602,1394.87,55580.2506,E2,N,N
05/28/2023,17:00,16306.9004,2168.8701,5474.4502,1525.59,16487.3008,9764.9502,4775.2598,1651.41,58154.7315,E3,Y,N
05/28/2023,17:00,16240.3291,2129.0425,5506.9634,1526.6613,15685.0449,9580.2246,4751.522,1488.1057,56907.8935,M,N,N
05/28/2023,18:00,15987.0635,2097.2783,5888.4648,1556.2092,15865.8184,9646.1904,4684.7861,1378.2761,57104.0868,A3,N,N
05/28/2023,18:00,16599.6289,2153.3057,5957.9492,1508.4552,16169.8066,9596.6953,4763.6035,1331.0439,58080.4883,A6,N,N
05/28/2023,18:00,15949.5,2151.5701,5434.3999,1550.13,15845.0996,9330.96,4666.6201,1293.92,56222.1997,E,N,N
05/28/2023,18:00,16083.4004,2172.7,5500.8198,1529.75,15864.7998,9785.5703,4666.6201,1615.35,57219.0104,E1,N,N
05/28/2023,18:00,16083.4004,2116.27,5328.1201,1528.02,14612.5996,9192.6299,4810.9199,1340.98,55012.9399,E2,N,N
05/28/2023,18:00,15905.5,2172.7,5500.8198,1529.75,16604.5,9785.5703,4801.2202,1615.35,57915.4103,E3,Y,N
05/28/2023,18:00,15997.374,2138.5737,5519.8975,1536.5609,15709.2832,9534.3516,4753.9233,1453.4813,56643.4455,M,N,N
05/28/2023,19:00,15836.9736,2082.7346,5799.7466,1568.7113,15559.2539,9714.0518,4669.7437,1382.4651,56613.6806,A3,N,N
05/28/2023,19:00,16400.0547,2118.939,5941.4658,1501.3251,15708.9053,9581.7354,4696.9531,1311.574,57260.9524,A6,N,N
05/28/2023,19:00,15722.7998,2103.55,5791.6201,1562.46,15773.2002,9399.75,4599.0601,1319.97,56272.4102,E,N,N
05/28/2023,19:00,15787,2124.3601,5822.5498,1535.11,15710.5,9751.6504,4599.0601,1640.16,56970.3904,E1,N,N
05/28/2023,19:00,15787,2075.1599,5752.1201,1556.6801,14496.2002,8977.9102,4742.6201,1380.9,54768.5906,E2,N,N
05/28/2023,19:00,15408,2124.3601,5822.5498,1535.11,16285.7002,9751.6504,4728.9199,1640.16,57296.4504,E3,Y,N
05/28/2023,19:00,15676.875,2099.1941,5793.7676,1551.0364,15494.791,9476.8184,4695.2227,1478.824,56266.5292,M,N,N
05/28/2023,20:00,15361.9619,2007.9979,5740.2271,1540.8069,15113.543,9437.8281,4482.0752,1362.407,55046.8471,A3,N,N
05/28/2023,20:00,15548.4707,2017.9838,5886.4014,1477.5991,15209.8682,9437.4258,4538.6938,1297.9084,55414.3512,A6,N,N
05/28/2023,20:00,15232.2002,2013.9399,5619.52,1534.6899,15352.4004,9360.7002,4477.2998,1280.03,54870.7804,E,N,N
05/28/2023,20:00,15247,2033.28,5695.1899,1526.86,15319,9613.9502,4477.2998,1565.37,55477.9499,E1,N,N
05/28/2023,20:00,15247,1991.91,5593,1572.74,14241.2002,8941.8604,4612.5,1311.3101,53511.5207,E2,N,N
05/28/2023,20:00,14682.4004,2033.28,5695.1899,1526.86,15700.4004,9613.9502,4590.2402,1565.37,55407.6911,E3,Y,N
05/28/2023,20:00,15099.1328,2013.8787,5665.9736,1544.1964,15072.3291,9351.7734,4552.6973,1420.0254,54720.0067,M,N,N
05/28/2023,21:00,15283.291,1971.1602,5693.9414,1489.8617,15110.6094,9271.2959,4476.0562,1330.4904,54626.7062,A3,N,N
05/28/2023,21:00,15263.5664,1955.8436,5786.8247,1449.8484,15004.1543,9297.1563,4456.4048,1300.3501,54514.1486,A6,N,N
05/28/2023,21:00,14932.4004,1937.62,5458.25,1448.23,15024.0996,9096.7998,4421.6699,1297.39,53616.4597,E,N,N
05/28/2023,21:00,15011.7002,1950.84,5532.3101,1425.75,14969.9004,9335.6904,4421.6699,1581.1,54228.961,E1,N,N
05/28/2023,21:00,15011.7002,1919.79,5435.1499,1434.8199,14144.9004,8803.3496,4574.3999,1352.92,52677.0299,E2,N,N
05/28/2023,21:00,14338.2002,1950.84,5532.3101,1425.75,15069.7002,9335.6904,4506.3599,1581.1,53739.9508,E3,Y,N
05/28/2023,21:00,14856.0391,1944.2671,5528.082,1443.5414,14785.9023,9139.2207,4503.7734,1434.1531,53634.9791,M,N,N
05/28/2023,22:00,15120.9541,1906.3201,5795.0029,1443.922,14981.6279,9006.8047,4418.0884,1281.8586,53954.5787,A3,N,N
05/28/2023,22:00,15127.7422,1892.4507,5874.6504,1403.907,14814.6758,9060.5986,4355.6665,1204.1621,53733.8533,A6,N,N
05/28/2023,22:00,14650.4004,1872.8101,5487.4902,1431.66,14679,8822.79,4358.8599,1297.77,52600.7806,E,N,N
05/28/2023,22:00,14731.7998,1883.5601,5547.8198,1411.34,14579.2998,9032.7402,4358.8599,1579.0601,53124.4797,E1,N,N
05/28/2023,22:00,14731.7998,1854.88,5446.1699,1439.7,13867.9004,8578.5498,4499.8599,1370.89,51789.7498,E2,N,N
05/28/2023,22:00,14022,1883.5601,5547.8198,1411.34,14632.9004,9032.7402,4450.2598,1579.0601,52559.6804,E3,Y,N
05/28/2023,22:00,14588.5508,1878.4331,5560.729,1428.3964,14472.3955,8870.3008,4440.4258,1429.0398,52668.2712,M,N,N
05/28/2023,23:00,14525.5605,1753.0974,5744.6538,1365.411,14049.5889,8359.3164,4185.4961,1188.5721,51171.6962,A3,N,N
05/28/2023,23:00,14626.126,1766.3333,5759.1289,1339.5784,13912.0156,8376.3818,4125.085,1082.0597,50986.7087,A6,N,N
05/28/2023,23:00,13956.0996,1711.96,5377.6499,1354.0699,13826.7998,8238.6904,4143.7402,1232.11,49841.1198,E,N,N
05/28/2023,23:00,13989,1716.52,5423.5801,1354.48,13703.2998,8421.54,4143.7402,1492.88,50245.0401,E1,N,N
05/28/2023,23:00,13989,1680.53,5331.3398,1408.92,13084.5,8073.6099,4266.2402,1288.14,49122.2799,E2,N,N
05/28/2023,23:00,13370.0996,1716.52,5423.5801,1354.48,13868.9004,8421.54,4211.04,1492.88,49859.0401,E3,Y,N
05/28/2023,23:00,13907.3525,1712.5826,5455.5298,1372.9573,13648.9473,8286.4316,4209.0313,1344.5195,49937.3519,M,N,N
05/28/2023,24:00,13508.6689,1587.835,5605.2778,1281.7389,12644.7383,7677.7158,3925.2939,1150.437,47381.7056,A3,N,N
05/28/2023,24:00,13622.6143,1587.5295,5593.8252,1242.2416,12567.624,7682.626,3826.02,1090.3223,47212.8029,A6,N,N
05/28/2023,24:00,13158.4004,1582.84,5199.9199,1224.0699,12733.0996,7569.77,3886.6799,1131.61,46486.3897,E,N,N
05/28/2023,24:00,13147.4004,1585,5262.1802,1222.55,12618,7744.4502,3886.6799,1379.75,46846.0107,E1,N,N
05/28/2023,24:00,13147.4004,1568.03,5182.4199,1277.7,12088.2002,7431.3398,3991.8301,1183.5,45870.4204,E2,N,N
05/28/2023,24:00,12635.2998,1585,5262.1802,1222.55,12886.7002,7744.4502,3966.24,1379.75,46682.1704,E3,Y,N
05/28/2023,24:00,13067.124,1580.26,5300.646,1251.0847,12556.5273,7619.7021,3949.8159,1250.1985,46575.3585,M,N,N
05/29/2023,1:00,12761.1426,1465.8265,5643.4238,1212.9094,11589.791,7031.8535,3669.8325,1043.0316,44417.8109,A3,N,N
05/29/2023,1:00,12858.2588,1443.6547,5546.8276,1175.0582,11688.0723,7039.2466,3589.3269,1059.6422,44400.0873,A6,N,N
05/29/2023,1:00,12324.7002,1453.6899,5165.2798,1127.98,11761.2998,6935.1299,3601.3301,1059.54,43428.9497,E,N,N
05/29/2023,1:00,12198.7002,1450.9,5241.9502,1126.12,11568.5,7086.8398,3601.3301,1292.99,43567.3303,E1,N,N
05/29/2023,1:00,12198.7002,1448.8199,5166.1299,1192.96,11111.5996,6784.71,3675.26,1084.87,42663.0496,E2,N,N
05/29/2023,1:00,11958.7998,1450.9,5241.9502,1126.12,12030.2002,7086.8398,3641.8501,1292.99,43829.6501,E3,Y,N
05/29/2023,1:00,12251.8184,1453.5403,5291.832,1163.7158,11593.4785,6970.0332,3649.3657,1157.2173,43531.0012,M,N,N
05/29/2023,2:00,12365.7568,1397.6681,5622.6958,1136.0131,10766.1162,6591.2275,3445.032,986.2933,42310.8028,A3,N,N
05/29/2023,2:00,12404.8184,1371.0895,5480.7485,1102.7761,10843.6582,6604.0942,3356.8931,993.9579,42158.0359,A6,N,N
05/29/2023,2:00,11807.7002,1364.52,5336.5,1065.98,10846.7998,6470.9302,3326,1019.52,41237.9502,E,N,N
05/29/2023,2:00,11523.7002,1360.04,5438.98,1069.4,10620.2998,6602.5801,3326,1247.6,41188.6001,E1,N,N
05/29/2023,2:00,11523.7002,1366.8199,5313.4902,1135.15,10270.4004,6318.1401,3398.3601,1030.1,40356.1609,E2,N,N
05/29/2023,2:00,11457.4004,1360.04,5438.98,1069.4,11083.5,6602.5801,3325.48,1247.6,41584.9805,E3,Y,N
05/29/2023,2:00,11700.6211,1370.0476,5427.8281,1102.1057,10706.1035,6501.8125,3371.3584,1107.2806,41287.1575,M,N,N
05/29/2023,3:00,11828.9551,1333.6133,5596.0864,1115.4517,10289.9209,6291.5864,3276.3064,967.6836,40699.6038,A3,N,N
05/29/2023,3:00,11692.5918,1307.9036,5395.6353,1071.7533,10350.1357,6299.6563,3179.1223,986.9039,40283.7022,A6,N,N
05/29/2023,3:00,11216.5,1290.35,5123.5098,1076.98,10164.7998,6003.3501,3169.9199,951.339,38996.7486,E,N,N
05/29/2023,3:00,11021.5996,1284.6899,5229.75,1078.91,10117,6152.52,3169.9199,1161.22,39215.6094,E1,N,N
05/29/2023,3:00,11021.5996,1294.23,5172.6899,1135.0699,9826.79,5904.52,3232.3799,935.715,38522.9943,E2,N,N
05/29/2023,3:00,11054,1284.6899,5229.75,1078.91,10438.2998,6152.52,3152.1499,1161.22,39551.5396,E3,Y,N
05/29/2023,3:00,11212.2813,1297.9027,5275.2754,1102.8733,10165.6914,6091.0166,3204.6045,1033.8732,39383.5184,M,N,N
05/29/2023,4:00,11645.1025,1292.2375,5585.436,1090.9639,10002.7754,6084.4644,3198.6885,956.0574,39855.7256,A3,N,N
05/29/2023,4:00,11413.417,1264.7676,5390.5469,1049.0879,10062.2559,6084.9004,3090.4568,966.8512,39322.2837,A6,N,N
05/29/2023,4:00,10988.0996,1273.3101,5207.27,986.047,9942.1904,5740.8999,3084.21,852.948,38074.975,E,N,N
05/29/2023,4:00,10860.5,1270.6801,5395.9102,977.68,10015.7998,5903.1802,3084.21,1057.1899,38565.1502,E1,N,N
05/29/2023,4:00,10860.5,1293.58,5356.2402,1005.24,9802.6104,5678.8999,3151.75,851.507,38000.3275,E2,N,N
05/29/2023,4:00,10834.2002,1270.6801,5395.9102,977.68,10271.4004,5903.1802,3054.1599,1057.1899,38764.4009,E3,Y,N
05/29/2023,4:00,11022.291,1282.1245,5403.0503,1009.4415,10018.5576,5855.9253,3118.3528,954.8344,38664.5774,M,N,N
05/29/2023,5:00,11622.541,1292.046,5538.312,1062.666,10134.1445,6100.8628,3179.0718,993.3919,39923.036,A3,N,N
05/29/2023,5:00,11380.082,1265.3702,5377.0986,1045.7399,10329.46,6105.4717,3070.834,987.566,39561.6224,A6,N,N
05/29/2023,5:00,10975.5996,1250.75,5209.27,928.363,9794.7197,5689.7202,3100.6899,857.12,37806.2324,E,N,N
05/29/2023,5:00,10823.2002,1251.9,5241.9102,925.248,9921.0703,5839.7202,3100.6899,1067.5699,38171.3087,E1,N,N
05/29/2023,5:00,10823.2002,1278.4399,5226.27,945.372,9769.8496,5651.73,3177.3301,857.044,37729.2358,E2,N,N
05/29/2023,5:00,10843.5996,1251.9,5241.9102,925.248,10062.9004,5839.7202,3069.6001,1067.5699,38302.4484,E3,Y,N
05/29/2023,5:00,11004.4287,1267.7761,5293.2349,959.0803,9948.2334,5820.5518,3130.0315,968.5316,38391.8683,M,N,N
05/29/2023,6:00,11900.043,1340.2303,5530.3896,1095.3352,10629.6807,6321.8628,3246.6768,1030.4535,41094.6719,A3,N,N
05/29/2023,6:00,11624.1514,1322.7384,5421.3394,1083.8186,10721.8281,6332.1577,3125.7412,1043.9874,40675.7622,A6,N,N
05/29/2023,6:00,10976.5,1275.35,5495.54,973.888,9991.3203,5687.9199,3113.8301,846.655,38361.0033,E,N,N
05/29/2023,6:00,10837.7998,1277.22,5500.98,979.874,10142.7002,5830.5498,3113.8301,1059.37,38742.3239,E1,N,N
05/29/2023,6:00,10837.7998,1300.58,5401.8398,1023.76,10046.4004,5716.4199,3194.8501,860.514,38382.164,E2,N,N
05/29/2023,6:00,10834.9004,1277.22,5500.98,979.874,10201.9004,5830.5498,3057.6299,1059.37,38742.4245,E3,Y,N
05/29/2023,6:00,11063.248,1296.6431,5476.5762,1015.5335,10213.8291,5880.3105,3147.8457,972.6584,39066.6445,M,N,N
05/29/2023,7:00,12303.7793,1436.6656,5547.5479,1174.8781,11400.0674,6767.7207,3376.8679,1073.6458,43081.1727,A3,N,N
05/29/2023,7:00,11962.4443,1430.65,5437.8154,1193.9921,11342.7744,6774.5493,3220.4028,1114.8209,42477.4492,A6,N,N
05/29/2023,7:00,10937.7998,1295.85,5496.5,953.665,9997.0703,5768.1802,3177.8601,833.152,38460.0774,E,N,N
05/29/2023,7:00,10801.7002,1301.65,5474.8198,960.907,10176,5921.73,3177.8601,1042.55,38857.2171,E1,N,N
05/29/2023,7:00,10801.7002,1350.5,5407.8198,1025.86,10131.2998,5906.6499,3267.1699,856.017,38747.0166,E2,N,N
05/29/2023,7:00,10743,1301.65,5474.8198,960.907,10124.4004,5921.73,3096.71,1042.55,38665.7672,E3,Y,N
05/29/2023,7:00,11098.1162,1342.7281,5471.4336,1022.4629,10374.0313,6071.0493,3220.1096,971.8695,39571.8005,M,N,N
05/29/2023,8:00,12812.1045,1498.8962,5613.2964,1211.0941,12024.0166,7038.9639,3454.0508,1066.4479,44718.8704,A3,N,N
05/29/2023,8:00,12363.25,1503.7051,5524.8955,1254.5126,11905.2578,7036.3022,3286.7324,1069.0034,43943.659,A6,N,N
05/29/2023,8:00,11043.0996,1355.16,5236.6499,924.145,10101.9004,5903.4199,3157.73,863.273,38585.3778,E,N,N
05/29/2023,8:00,10924,1363.64,5230.8701,928.192,10284.0996,6043.9102,3157.73,1074.4301,39006.872,E1,N,N
05/29/2023,8:00,10924,1415.95,5244.04,990.991,10232.4004,6070.48,3246.0901,886.664,39010.6155,E2,N,N
05/29/2023,8:00,10866.5,1363.64,5230.8701,928.192,10226.5,6043.9102,3085.0601,1074.4301,38819.1025,E3,Y,N
05/29/2023,8:00,11296.2813,1405.5364,5311.8843,1003.2075,10581.0742,6236.8428,3221.7014,995.3881,40051.916,M,N,N
05/29/2023,9:00,13209.0615,1568.9387,5662.8081,1260.6757,12413.5322,7242.7002,3512.7146,1052.9868,45923.4178,A3,N,N
05/29/2023,9:00,12885.5723,1602.6078,5604.4268,1249.2832,12279.2236,7268.8345,3420.2,1020.7834,45330.9316,A6,N,N
05/29/2023,9:00,11621.0996,1466.64,5169.46,937.992,10835.2002,6322.1499,3371.5,947.253,40671.2947,E,N,N
05/29/2023,9:00,11584.7002,1477.5,5215.77,944.951,11016.5,6429.7998,3371.5,1170.4,41211.121,E1,N,N
05/29/2023,9:00,11584.7002,1515.61,5179.6099,1003.19,10761.2002,6527.21,3454.3401,973.435,40999.2954,E2,N,N
05/29/2023,9:00,11585.5,1477.5,5215.77,944.951,11448.7002,6429.7998,3328.8201,1170.4,41601.4411,E3,Y,N
05/29/2023,9:00,11913.4531,1506.1348,5289.6987,1024.8718,11330.8467,6610.8384,3411.791,1065.5132,42153.1477,M,N,N
05/29/2023,10:00,13869.2568,1651.9576,5669.6484,1288.4834,12781.2451,7547.2671,3624.4958,1138.4177,47570.7719,A3,N,N
05/29/2023,10:00,13845.8604,1711.0211,5623.3286,1265.1321,12868.4912,7613.3628,3526.5776,1077.6693,47531.4431,A6,N,N
05/29/2023,10:00,12430.0996,1537.29,5290.8799,999.597,11755.7998,6805.1699,3584.3301,1007.1,43410.2663,E,N,N
05/29/2023,10:00,12515.7998,1554.64,5371.1602,1011,11919,6932.8599,3584.3301,1239.36,44128.15,E1,N,N
05/29/2023,10:00,12515.7998,1587.6899,5255.02,1069.63,11488.5996,7107.4199,3662.1001,1025.74,43711.9993,E2,N,N
05/29/2023,10:00,12507.5,1554.64,5371.1602,1011,12862.5996,6932.8599,3573.5901,1239.36,45052.7098,E3,Y,N
05/29/2023,10:00,12775.4316,1582.2837,5387.9883,1082.9454,12229.0889,7095.3408,3612.4722,1131.8596,44897.4105,M,N,N
05/29/2023,11:00,14589.1865,1760.1665,5648.5366,1352.0243,13294.0352,7885.4639,3810.1604,1195.0402,49534.6136,A3,N,N
05/29/2023,11:00,14590.3613,1847.6395,5594.7632,1334.2911,13302.1631,7985.1582,3754.0498,1101.6799,49510.1061,A6,N,N
05/29/2023,11:00,13443.2002,1619.41,5284.5698,1005.27,12544.7998,7208.9502,3936.29,1034.67,46077.16,E,N,N
05/29/2023,11:00,13604.4004,1644.84,5385.1802,1015.46,12832.2002,7392.25,3936.29,1272.21,47082.8308,E1,N,N
05/29/2023,11:00,13604.4004,1693.0601,5276.48,1055.86,12190.2998,7619.96,4016.28,1039.84,46496.1803,E2,N,N
05/29/2023,11:00,13437.7998,1644.84,5385.1802,1015.46,14210.2002,7392.25,3963.6699,1272.21,48321.6101,E3,Y,N
05/29/2023,11:00,13735.2578,1679.8284,5395.1807,1093.8739,13116.6582,7540.876,3943.2754,1163.311,47668.2614,M,N,N
05/29/2023,12:00,15229.5107,1842.5197,5750.4937,1411.2521,13898.4365,8185.1689,4001.4011,1234.3574,51553.1401,A3,N,N
05/29/2023,12:00,15270.1387,1936.1083,5653.5908,1412.1772,13795.2217,8315.9307,3959.6018,1173.8875,51516.6567,A6,N,N
05/29/2023,12:00,14171.9004,1722.54,5060.8101,1098.74,13235.9004,7527.73,4077.9299,1120.5,48016.0508,E,N,N
05/29/2023,12:00,14413.2002,1759.61,5188.46,1107.13,13411.2002,7761.3398,4077.9299,1371.5,49090.3701,E1,N,N
05/29/2023,12:00,14413.2002,1786.42,5174.9702,1129.15,12769.5,8044.1802,4181.2598,1121.6,48620.2804,E2,N,N
05/29/2023,12:00,14224.2002,1759.61,5188.46,1107.13,15197.7998,7761.3398,4185.6099,1371.5,50795.6497,E3,Y,N
05/29/2023,12:00,14495.6328,1780.5281,5284.0552,1173.7214,13834.5879,7907.5977,4125.9272,1244.0015,49846.0518,M,N,N
05/29/2023,13:00,15722.9893,1937.9434,5828.2402,1451.2831,14388.1514,8426.5566,4255.1543,1269.1246,53279.4429,A3,N,N
05/29/2023,13:00,15968.082,2039.165,5753.6831,1447.3097,14371.5498,8566.1807,4285.002,1249.3458,53680.3181,A6,N,N
05/29/2023,13:00,14806.5996,1811.26,4922.7402,1129.42,13556.7998,7783.4399,4237.3999,1144.2,49391.8594,E,N,N
05/29/2023,13:00,15195.5,1869.35,5032.6299,1147.21,13723.4004,8087.7798,4237.3999,1412.2,50705.47,E1,N,N
05/29/2023,13:00,15195.5,1887.12,5080.5801,1141.42,13139.5996,8428.4199,4362.1699,1164.11,50398.9195,E2,N,N
05/29/2023,13:00,14948.7998,1869.35,5032.6299,1147.21,15728.2998,8087.7798,4404.1299,1412.2,52630.3992,E3,Y,N
05/29/2023,13:00,15188.0977,1882.5908,5195.1484,1204.5087,14266.0205,8227.293,4328.4009,1282.3579,51574.4179,M,N,N
05/29/2023,14:00,16295.1855,2009.1018,5837.9458,1501.731,15188.8838,8693.6436,4355.5044,1335.8385,55217.8344,A3,N,N
05/29/2023,14:00,16549.5156,2156.0049,5796.7944,1478.5021,15242.2266,8815.4541,4426.9248,1300.9948,55766.4173,A6,N,N
05/29/2023,14:00,15317.2998,1886.3199,5174.0498,1185.76,13908,8011.4302,4453.98,1074.48,51011.3197,E,N,N
05/29/2023,14:00,15785.9004,1962.9399,5363.9902,1218.1899,14075.7998,8384.7598,4453.98,1348.74,52594.3,E1,N,N
05/29/2023,14:00,15785.9004,1938.23,5405.46,1200.36,13574.9004,8679.5596,4590.0698,1107.59,52282.0702,E2,N,N
05/29/2023,14:00,15670.4004,1962.9399,5363.9902,1218.1899,16260.2002,8384.7598,4666.8398,1348.74,54876.0602,E3,Y,N
05/29/2023,14:00,15806.248,1957.0974,5452.2285,1266.3062,14786.6875,8497.6436,4538.9697,1246.3887,53551.5696,M,N,N
05/29/2023,15:00,16825.8496,2097.1365,5839.4395,1527.7234,15936.4951,8918.7686,4523.7656,1375.7629,57044.9412,A3,N,N
05/29/2023,15:00,17083.7188,2228.2434,5767.6445,1478.8674,15954.0869,9067.6426,4576.4917,1315.3322,57472.0275,A6,N,N
05/29/2023,15:00,15665.5,1934.8199,5188.3799,1263.9,14348.5,8270.8799,4514.1001,1131.0601,52317.1399,E,N,N
05/29/2023,15:00,16214.5,2023.1801,5332.77,1293.33,14521,8708.1797,4514.1001,1422.42,54029.4799,E1,N,N
05/29/2023,15:00,16214.5,1941.9399,5426.4902,1259.08,14093.7998,8903.6602,4683.71,1167.12,53690.3001,E2,N,N
05/29/2023,15:00,16311.5,2023.1801,5332.77,1293.33,16745,8708.1797,4793.75,1422.42,56630.1298,E3,Y,N
05/29/2023,15:00,16310.9697,2004.7634,5447.7813,1326.9907,15325.8887,8765.2119,4650.811,1307.3627,55139.7794,M,N,N
05/29/2023,16:00,16988.2871,2103.8411,5854.0146,1533.0844,16272.4531,9176.5107,4612.2065,1408.2722,57948.6697,A3,N,N
05/29/2023,16:00,17237.8613,2261.7227,5847.1343,1496.4276,16393.8535,9369.9971,4635.7681,1340.4449,58583.2095,A6,N,N
05/29/2023,16:00,15871.5996,2016.72,5065.3901,1262.27,14901.2002,8509.6602,4596.54,1255.87,53479.2501,E,N,N
05/29/2023,16:00,16534.9004,2115.1599,5406.5498,1296.08,15131.2998,8987.9199,4596.54,1566.3,55634.7498,E1,N,N
05/29/2023,16:00,16534.9004,1974.4399,5468.4502,1217.01,14749.5,9071.21,4763.0601,1294.99,55073.5606,E2,N,N
05/29/2023,16:00,16822.1992,2115.1599,5406.5498,1296.08,17441.8008,8987.9199,4834.6802,1566.3,58470.6898,E3,Y,N
05/29/2023,16:00,16645.4375,2060.8362,5480.4971,1316.3789,15915.1309,9002.7988,4721.0713,1422.2585,56564.4092,M,N,N
05/29/2023,17:00,17050.4453,2138.0425,5916.9121,1549.9003,16291.5781,9379.6582,4676.564,1431.7445,58434.845,A3,N,N
05/29/2023,17:00,17333.5801,2260.3625,5996.3052,1496.3577,16465.7129,9504.6689,4718.8823,1344.4452,59120.3148,A6,N,N
05/29/2023,17:00,15708.9004,2018.35,5271.8198,1384.03,15300,8770.8701,4653.1401,1307.5699,54414.6803,E,N,N
05/29/2023,17:00,16288.5996,2122.6001,5474.6299,1446.37,15594.7998,9226.7695,4653.1401,1627.03,56433.939,E1,N,N
05/29/2023,17:00,16288.5996,1931.65,5466.1699,1353.92,15209.9004,9260.3096,4820.7598,1342.9,55674.2093,E2,N,N
05/29/2023,17:00,16794.1992,2122.6001,5474.6299,1446.37,17779.0996,9226.7695,4835.6499,1627.03,59306.3482,E3,Y,N
05/29/2023,17:00,16534.6797,2057.9785,5540.2676,1433.1072,16244.4961,9221.8193,4762.8643,1470.788,57266.0007,M,N,N
05/29/2023,18:00,16854.5352,2111.4934,5911.7813,1548.7109,16218.6475,9449.3672,4597.6084,1420.7781,58112.922,A3,N,N
05/29/2023,18:00,17142.0215,2259.1516,5987.0352,1479.9069,16353.4854,9546.1914,4635.0137,1344.4354,58747.2411,A6,N,N
05/29/2023,18:00,15381.0996,2031.03,5421.2798,1446.64,15606.7998,8947.1904,4666.9902,1298.5601,54799.5899,E,N,N
05/29/2023,18:00,15831.5,2136.72,5717.6802,1497.01,15800.7002,9346.96,4666.9902,1613.64,56611.2006,E1,N,N
05/29/2023,18:00,15831.5,1937.34,5574.29,1416.7,15293.2002,9450.21,4821.1499,1305.33,55629.7201,E2,N,N
05/29/2023,18:00,16344.5,2136.72,5717.6802,1497.01,17715.5996,9346.96,4717.0801,1613.64,59089.1899,E3,Y,N
05/29/2023,18:00,16144.9668,2061.2915,5683.8438,1478.2202,16287.1191,9358.4395,4714.3887,1451.0667,57179.3363,M,N,N
05/29/2023,19:00,16193.3633,2062.3325,5828.1914,1537.8019,15754.7852,9209.4795,4548.6509,1405.5061,56540.1108,A3,N,N
05/29/2023,19:00,16470.2715,2174.8267,5920.8076,1468.9648,15785.5469,9217.2529,4564.8115,1303.7908,56906.2727,A6,N,N
05/29/2023,19:00,15026.2002,1961.55,5613.2998,1497.27,15238.2998,8928.54,4583.1802,1294.83,54143.17,E,N,N
05/29/2023,19:00,15383.9004,2055.1299,5338.4902,1529.8101,15334.7002,9246.1396,4583.1802,1592.97,55064.3206,E1,N,N
05/29/2023,19:00,15383.9004,1857.1899,5679.2002,1487.9399,14691.4004,9383.4199,4732.1499,1301,54516.2006,E2,N,N
05/29/2023,19:00,15611.5996,2055.1299,5338.4902,1529.8101,16903.1992,9246.1396,4573.3501,1592.97,56850.6887,E3,Y,N
05/29/2023,19:00,15578.334,1987.8306,5566.125,1515.5934,15686.6377,9248.2324,4618.0166,1438.0723,55638.842,M,N,N
05/29/2023,20:00,15436.9551,1946.569,5832.6572,1515.0712,15055.0791,8830.7393,4365.0308,1359.5436,54341.6453,A3,N,N
05/29/2023,20:00,15591.5469,2056.5586,5876.3262,1454.6145,15065.7256,8932.5439,4396.1143,1263.6531,54637.0831,A6,N,N
05/29/2023,20:00,14725.5996,1946.21,5751.7402,1454.24,14714,8781.7002,4493.8501,1236.58,53103.9201,E,N,N
05/29/2023,20:00,14937.9004,2019.33,5540.4702,1490.22,14770,9094.0898,4493.8501,1508.58,53854.4405,E1,N,N
05/29/2023,20:00,14937.9004,1849.05,5854.8501,1494.33,13977.4004,9145.96,4633.9502,1208.49,53101.9311,E2,N,N
05/29/2023,20:00,14828.7998,2019.33,5540.4702,1490.22,15940.2998,9094.0898,4458.0298,1508.58,54879.8194,E3,Y,N
05/29/2023,20:00,14983.752,1946.3818,5714.3486,1492.8253,14934.7266,9025.7422,4499.3701,1361.5457,53958.6923,M,N,N
05/29/2023,21:00,15166.1465,1867.1128,5724.4961,1483.7639,14875.916,8655.4521,4295.9268,1323.2109,53392.0251,A3,N,N
05/29/2023,21:00,15210.9512,1983.8435,5745.5977,1443.0454,14745.2109,8877.998,4287.4741,1256.6931,53550.8139,A6,N,N
05/29/2023,21:00,14593.7998,1901.22,5745.29,1341.1899,14332.2998,8626.1504,4418.98,1129.8199,52088.7498,E,N,N
05/29/2023,21:00,14770.2998,1967.38,5705.1899,1361.22,14492.0996,8887.2803,4418.98,1371.35,52973.7996,E1,N,N
05/29/2023,21:00,14770.2998,1835.64,5721.04,1342.8,13775.2002,8927.3203,4531.9302,1110.98,52015.2105,E2,N,N
05/29/2023,21:00,14132.2998,1967.38,5705.1899,1361.22,15497.2998,8887.2803,4310.5298,1371.35,53232.5496,E3,Y,N
05/29/2023,21:00,14640.4199,1901.1887,5717.8164,1378.1998,14639.373,8826.8145,4395.7197,1259.4581,52758.9901,M,N,N
05/29/2023,22:00,14964.5635,1818.076,5806.957,1465.0402,14718.0576,8485.9248,4239.5356,1295.2375,52793.3922,A3,N,N
05/29/2023,22:00,15000.9697,1944.8347,5899.6045,1414.2268,14546.0244,8627.5205,4180.0342,1173.1406,52786.3554,A6,N,N
05/29/2023,22:00,14416.5,1844.79,5653.6699,1336.1899,14030.4004,8327.5,4373.5,1125.53,51108.0802,E,N,N
05/29/2023,22:00,14603,1900.14,5702.7998,1363.5,14215,8557.7598,4373.5,1353.98,52069.6796,E1,N,N
05/29/2023,22:00,14603,1803.34,5601.27,1370.05,13502.2002,8611.1201,4478.0098,1114.29,51083.2801,E2,N,N
05/29/2023,22:00,13981.7002,1900.14,5702.7998,1363.5,15023.7002,8557.7598,4264.75,1353.98,52148.33,E3,Y,N
05/29/2023,22:00,14470.2734,1849.1523,5688.2598,1383.0421,14325.9219,8536.375,4345.4355,1247.4795,51845.9395,M,N,N
05/29/2023,23:00,14206.1191,1689.3149,5817.3198,1403.6321,13679.6641,7938.6416,3995.3059,1196.5481,49926.5456,A3,N,N
05/29/2023,23:00,14425.6992,1810.0635,5870.1982,1359.6355,13576.8408,7980.2153,3917.4304,1037.5643,49977.6472,A6,N,N
05/29/2023,23:00,13676.5,1700.63,5335.3799,1245.3,13110.2002,7748.3398,4096.1099,1145.5601,48058.0199,E,N,N
05/29/2023,23:00,13800.5,1738,5437.5698,1266.86,13256.5,7953.29,4096.1099,1346.87,48895.6997,E1,N,N
05/29/2023,23:00,13800.5,1651.76,5348.4702,1279.17,12593.2998,8032.1602,4186.54,1144.65,48036.5502,E2,N,N
05/29/2023,23:00,13300.5,1738,5437.5698,1266.86,13987.0996,7953.29,4007.8501,1346.87,49038.0395,E3,Y,N
05/29/2023,23:00,13719.2246,1698.6541,5476.5713,1295.7515,13346.7227,7953.5273,4076.6001,1236.0087,48803.0603,M,N,N
05/29/2023,24:00,13274.8369,1549.5448,5719.144,1295.923,12323.915,7401.2261,3724.1277,1149.9595,46438.677,A3,N,N
05/29/2023,24:00,13520.9766,1627.3555,5730.0962,1244.2244,12290.7197,7362.5225,3615.2515,1054.1946,46445.341,A6,N,N
05/29/2023,24:00,12738.4004,1551.5699,5122.1401,1136.26,12017.0996,7047.3301,3799.3899,1107.96,44520.15,E,N,N
05/29/2023,24:00,12823.7002,1585.42,5201.3198,1143.3101,12132.4004,7229.8301,3799.3899,1271.83,45187.2005,E1,N,N
05/29/2023,24:00,12823.7002,1526.26,5165.8501,1143.35,11546.9004,7297.4102,3876.74,1110.64,44490.8509,E2,N,N
05/29/2023,24:00,12480.7002,1585.42,5201.3198,1143.3101,12805.4004,7229.8301,3717.47,1271.83,45435.2806,E3,Y,N
05/29/2023,24:00,12802.498,1557.1121,5286.3262,1173.1396,12185.4229,7266.1338,3782.9668,1182.7119,45236.3113,M,N,N
05/30/2023,1:00,12378.3867,1418.8723,5680.8721,1228.9454,11190.2119,6811.2681,3473.1201,1027.0961,43208.7727,A3,N,N
05/30/2023,1:00,12591.3027,1485.7635,5656.9082,1170.7953,11369.1885,6796.4082,3383.6245,1038.9175,43492.9084,A6,N,N
05/30/2023,1:00,11698.5,1402.7,5029.27,1032.8199,10933.7002,6450.3398,3458.29,1097.78,41103.3999,E,N,N
05/30/2023,1:00,11688.4004,1427.7,5030.9902,1025.7,10960.5,6577.7998,3458.29,1200.87,41370.2504,E1,Y,N
05/30/2023,1:00,11688.4004,1391.47,5034.21,1007.13,10383.7002,6659.02,3516.01,1114.88,40794.8206,E2,N,N
05/30/2023,1:00,11511,1427.7,5030.9902,1025.7,11670.0996,6577.7998,3410.9399,1200.87,41855.0995,E3,N,N
05/30/2023,1:00,11774.1875,1412.5654,5161.7607,1061.4901,11043.6035,6636.1133,3464.3669,1130.0093,41684.0967,M,N,N
05/30/2023,2:00,11886.8584,1352.536,5650.0181,1159.5697,10577.4648,6407.4951,3296.46,955.6677,41286.0698,A3,N,N
05/30/2023,2:00,12098.0693,1402.8641,5620.5381,1110.7767,10677.3584,6411.8184,3182.012,964.3369,41467.7739,A6,N,N
05/30/2023,2:00,11035.7002,1314.67,5027.96,964.828,10133.2002,5980.1299,3160.8701,1081.98,38699.3384,E,N,N
05/30/2023,2:00,11000.2998,1334.8,4993.9902,959.935,10115.9004,6091.1802,3160.8701,1156.58,38813.5557,E1,Y,N
05/30/2023,2:00,11000.2998,1307.29,5006.75,947.432,9575.0596,6165.5698,3207.47,1106.37,38316.2412,E2,N,N
05/30/2023,2:00,10872.7002,1334.8,4993.9902,959.935,10781.2998,6091.1802,3124.3201,1156.58,39314.8055,E3,N,N
05/30/2023,2:00,11142.8721,1328.0813,5132.4209,996.6003,10247.3105,6165.6548,3191.0032,1093.8745,39297.8176,M,N,N
05/30/2023,3:00,11431.0742,1294.6317,5611.3438,1125.4469,10146.5811,6162.2666,3148.2563,920.5934,39840.194,A3,N,N
05/30/2023,3:00,11605.6328,1340.8523,5541.0566,1076.957,10242.5264,6178.0259,3031.876,941.5776,39958.5046,A6,N,N
05/30/2023,3:00,10506.5,1245.72,4786.3799,919.827,9486.4805,5618.5298,2997.6201,1084.58,36645.6373,E,N,N
05/30/2023,3:00,10431.2002,1263,4719.6201,911.157,9453.3896,5722.5801,2997.6201,1119.48,36618.0471,E1,Y,N
05/30/2023,3:00,10431.2002,1236.87,4747.7798,888.786,8963.4902,5726.9702,3036.6499,1108.62,36140.3663,E2,N,N
05/30/2023,3:00,10364.7998,1263,4719.6201,911.157,10108.2998,5722.5801,2978.26,1119.48,37187.1968,E3,N,N
05/30/2023,3:00,10618.7852,1259.7594,4913.0889,948.1707,9644.8408,5801.4297,3033.6484,1072.9547,37292.6778,M,N,N
05/30/2023,4:00,11214.8379,1266.4673,5590.731,1104.0791,9940.6748,5962.6475,3064.5896,901.3218,39045.349,A3,N,N
05/30/2023,4:00,11306.2754,1291.5944,5526.731,1059.012,10074.748,5958.8936,2945.522,914.7618,39077.5382,A6,N,N
05/30/2023,4:00,10362.5996,1218.3101,4878.27,910.606,9297.96,5413,2923.3501,1053.9399,36058.0357,E,N,N
05/30/2023,4:00,10323,1239.22,4820.8101,903.418,9265.6699,5512.3398,2923.3501,1083.41,36071.2179,E1,Y,N
05/30/2023,4:00,10323,1225.64,4840.21,904.355,8917.5195,5472.8501,2967.51,1082.75,35733.8346,E2,N,N
05/30/2023,4:00,10294.5996,1239.22,4820.8101,903.418,9719.3398,5512.3398,2907.6899,1083.41,36480.8272,E3,N,N
05/30/2023,4:00,10496.8076,1238.5044,4986.3604,944.5502,9435.5557,5580.6206,2960.1479,1043.8474,36686.3942,M,N,N
05/30/2023,5:00,11206.0371,1262.9313,5537.6611,1098.0532,9928.4854,5978.7993,3039.7285,928.7391,38980.435,A3,N,N
05/30/2023,5:00,11247.8535,1286.1593,5490.1592,1067.8997,10082.7715,5960.0215,2929.8184,926.9574,38991.6405,A6,N,N
05/30/2023,5:00,10360.2002,1208.1,4797.6699,897.822,9392.1699,5388.7402,2861.3899,1054.4,35960.4921,E,N,N
05/30/2023,5:00,10318.0996,1232.16,4752.3901,893.068,9362.7197,5465.2402,2861.3899,1081.85,35966.9175,E1,Y,N
05/30/2023,5:00,10318.0996,1219.45,4790.4199,913.467,9125.0801,5418.1201,2905.8401,1082.49,35772.9668,E2,N,N
05/30/2023,5:00,10301,1232.16,4752.3901,893.068,9742.5801,5465.2402,2834.77,1081.85,36303.0584,E3,N,N
05/30/2023,5:00,10494.7676,1232.0952,4925.3809,940.6602,9521.4844,5546.1665,2902.4067,1048.6748,36611.6363,M,N,N
05/30/2023,6:00,11442.1875,1315.8721,5526.1777,1130.3596,10317.1064,6183.9814,3087.249,963.4552,39966.3889,A3,N,N
05/30/2023,6:00,11510.127,1324.0331,5513.9351,1109.3887,10461.3408,6196.7144,2985.5918,982.1156,40083.2465,A6,N,N
05/30/2023,6:00,10579,1242.66,5065.7798,909.04,9986.9199,5629.5498,2864.74,1038.7,37316.3895,E,N,N
05/30/2023,6:00,10546.7002,1269.71,5009.77,901.866,9975.0801,5657.29,2864.74,1072.47,37297.6263,E1,Y,N
05/30/2023,6:00,10546.7002,1253.1,5056.8198,914.069,9847.6699,5684.3398,2910.6399,1069.6,37282.9386,E2,N,N
05/30/2023,6:00,10537.4004,1269.71,5009.77,901.866,10233.7002,5657.29,2834.3701,1072.47,37516.5767,E3,N,N
05/30/2023,6:00,10726.2383,1271.2544,5132.7676,951.9431,10084.0322,5767.9692,2913.9009,1046.4291,37894.5348,M,N,N
05/30/2023,7:00,11861.5732,1418.9479,5538.0029,1178.0092,11007.082,6575.0503,3217.2793,1016.9304,41812.8752,A3,N,N
05/30/2023,7:00,11880.4043,1423.1497,5488.2236,1173.3229,11111.5791,6564.356,3104.7561,1062.5464,41808.3381,A6,N,N
05/30/2023,7:00,10887.2002,1301.9399,5171.8398,949.617,10747.2998,6107.7998,3028.78,1066.55,39261.0265,E,N,N
05/30/2023,7:00,10881.5,1335.0699,5100.0601,949.065,10749,6069.21,3028.78,1097.4,39210.085,E1,Y,N
05/30/2023,7:00,10881.5,1353.77,5121.9702,987.947,10721.9004,6214.3701,3073.6201,1106.76,39461.8378,E2,N,N
05/30/2023,7:00,10894.2998,1335.0699,5100.0601,949.065,10866.0996,6069.21,2989.4199,1097.4,39300.6243,E3,N,N
05/30/2023,7:00,11081.9248,1354.1426,5201.3999,1006.5736,10827.4473,6217.7852,3068.1238,1081.0291,39838.4263,M,N,N
05/30/2023,8:00,12263.4453,1477.7112,5599.208,1229.0596,11660.9668,6867.9746,3301.1462,1019.8376,43419.3493,A3,N,N
05/30/2023,8:00,12198.251,1496.8823,5542.3369,1240.4077,11768.4072,6886.8809,3178.0408,1027.6477,43338.8545,A6,N,N
05/30/2023,8:00,11191.5996,1346.09,5020.02,1003.05,11350.5996,6426.46,3096.9199,1124.3101,40559.0492,E,N,N
05/30/2023,8:00,11192.7998,1381.0601,4965.54,1005.98,11345.7002,6330.6499,3096.9199,1154.51,40473.1599,E1,Y,N
05/30/2023,8:00,11192.7998,1406.16,4986.8701,1067.66,11484.7998,6566.2798,3144.27,1173.98,41022.8195,E2,N,N
05/30/2023,8:00,11222.2002,1381.0601,4965.54,1005.98,11339.9004,6330.6499,3058.25,1154.51,40458.0906,E3,N,N
05/30/2023,8:00,11415.6289,1404.4233,5104.1211,1068.8069,11449.2344,6518.3848,3140.3694,1130.3966,41231.3654,M,N,N
05/30/2023,9:00,12696.6514,1555.3741,5654.583,1258.1829,12152.4375,7110.022,3397.6753,1044.8016,44869.7278,A3,N,N
05/30/2023,9:00,12775.6689,1578.9602,5601.4624,1245.8975,12295.0146,7183.1304,3311.7383,1009.1182,45000.9905,A6,N,N
05/30/2023,9:00,11645.2002,1451.0601,4927.4199,1074.09,12159.7002,6788.6099,3209.9299,1169.89,42425.9002,E,N,N
05/30/2023,9:00,11647.5,1488.92,4880.3701,1076.02,12159.0996,6571.1401,3209.9299,1194.49,42227.4697,E1,Y,N
05/30/2023,9:00,11647.5,1528.95,4912.8501,1162.24,12400.7002,6935.3599,3256.76,1239.76,43084.1202,E2,N,N
05/30/2023,9:00,11696.5,1488.92,4880.3701,1076.02,12385.7998,6571.1401,3141.27,1194.49,42434.51,E3,N,N
05/30/2023,9:00,11871.8008,1510.4338,5049.6621,1138.1256,12298.3184,6809.9302,3240.9302,1175.6733,43094.8744,M,N,N
05/30/2023,10:00,13073.0137,1646.4225,5666.4976,1292.549,12833.1953,7402.9473,3523.5024,1114.6122,46552.74,A3,N,N
05/30/2023,10:00,13327.4834,1667.698,5618.6279,1271.7352,13049.333,7539.4546,3413.2488,1068.464,46956.0449,A6,N,N
05/30/2023,10:00,12103.5996,1532.87,5212.4502,1139.22,12863,7156.7202,3400.95,1157.4,44566.21,E,N,N
05/30/2023,10:00,12151.2998,1580.21,5091.6499,1141.75,12967.5,6876.8301,3400.95,1197.21,44407.3998,E1,Y,N
05/30/2023,10:00,12151.2998,1647.22,5067.27,1236.73,13050,7331.8501,3449.47,1193.3101,45127.15,E2,N,N
05/30/2023,10:00,12264.7002,1580.21,5091.6499,1141.75,13629.2998,6876.8301,3312.4199,1197.21,45094.0699,E3,N,N
05/30/2023,10:00,12364.8926,1608.8215,5211.3857,1200.1509,13153.4795,7146.5488,3413.4575,1175.5394,45274.2759,M,N,N
05/30/2023,11:00,13740.3779,1769.9579,5653.4131,1367.6986,13489.6865,7797.9526,3737.7991,1166.1934,48723.0791,A3,N,N
05/30/2023,11:00,13965.1211,1810.7014,5594.7935,1354.1833,13659.5186,7988.8672,3659.2017,1099.5758,49131.9626,A6,N,N
05/30/2023,11:00,12673.2002,1606.9,5181.3198,1170.22,13568.0996,7557.8999,3649.2,1213.29,46620.1295,E,N,N
05/30/2023,11:00,12832.7002,1663.3,5092.9399,1169.08,13815.0996,7250.25,3649.2,1243.8101,46716.3798,E1,Y,N
05/30/2023,11:00,12832.7002,1757.75,5068.2598,1275.46,13688.0996,7714.6699,3698.05,1243.58,47278.5695,E2,N,N
05/30/2023,11:00,13149.5,1663.3,5092.9399,1169.08,14964.0996,7250.25,3573.8101,1243.8101,48106.7897,E3,N,N
05/30/2023,11:00,13093.3262,1707.3267,5206.4688,1240.8318,14031.918,7529.8818,3658.958,1225.1658,47693.8771,M,N,N
05/30/2023,12:00,14360.1221,1860.4967,5765.6777,1439.1606,14305.9854,8169.6982,3980.9846,1214.3574,51096.4827,A3,N,N
05/30/2023,12:00,14547.4805,1895.1748,5661.2002,1444.4784,14363.1201,8395.6934,3897.5464,1183.7324,51388.4262,A6,N,N
05/30/2023,12:00,13011.2002,1713.4399,4953.7598,1223.14,14238,7972.9199,4031.1001,1281.22,48424.7799,E,N,N
05/30/2023,12:00,13269.2002,1781.5601,4909.9302,1218.83,14628.7002,7689.48,4031.1001,1321.71,48850.5108,E1,Y,N
05/30/2023,12:00,13269.2002,1879.95,4875.4399,1341.26,14429.0996,8191.0698,4062.9199,1312.92,49361.8594,E2,N,N
05/30/2023,12:00,13762.5,1781.5601,4909.9302,1218.83,16241.4004,7689.48,3952.6799,1321.71,50878.0906,E3,N,N
05/30/2023,12:00,13609.5742,1820.0524,5075.1157,1300.0562,14949.0176,7964.3447,4007.0972,1293.5535,50018.8115,M,N,N
05/30/2023,13:00,14919.4102,1963.3185,5849.1875,1496.3894,14997.417,8539.4395,4305.6348,1309.053,53379.8499,A3,N,N
05/30/2023,13:00,15161.5742,1995.7402,5767.9136,1497.2129,15158.2783,8787.1924,4285.7119,1273.8484,53927.4719,A6,N,N
05/30/2023,13:00,13472.7002,1780.51,4972.8101,1276.29,14634,8300.3096,4284.4102,1307.27,50028.3001,E,N,N
05/30/2023,13:00,13828.7002,1863.27,4904.1699,1282.65,15187.5996,8056.5698,4284.4102,1358.34,50765.7097,E1,Y,N
05/30/2023,13:00,13828.7002,1967.9399,4841.8799,1400.65,15003,8612.3701,4306.3901,1364.9399,51325.8701,E2,N,N
05/30/2023,13:00,14561.7002,1863.27,4904.1699,1282.65,17187.0996,8056.5698,4194.0601,1358.34,53407.8596,E3,N,N
05/30/2023,13:00,14231.1426,1906.4048,5081.3506,1360.162,15638.6738,8344.2578,4268.1445,1345.3556,52175.4917,M,N,N
05/30/2023,14:00,15526.1084,2052.3567,5867.2495,1559.2904,15846.0078,8935.2061,4462.4414,1394.9978,55643.6581,A3,N,N
05/30/2023,14:00,15685.5625,2112.7542,5819.5376,1537.3121,16142.8467,9179.5371,4476.1841,1350.9388,56304.6731,A6,N,N
05/30/2023,14:00,13821.4004,1882.62,5168.3901,1356.23,15185.4004,8582.7402,4549.4102,1320.48,51866.6713,E,N,N
05/30/2023,14:00,14265.4004,1983.63,5087.1802,1365.61,15811.4004,8440.5898,4549.4102,1391.28,52894.501,E1,Y,N
05/30/2023,14:00,14265.4004,2081.25,5012.7598,1456.89,15541.0996,9030.3604,4561.1001,1379.98,53328.8403,E2,N,N
05/30/2023,14:00,15170.0996,1983.63,5087.1802,1365.61,18137.0996,8440.5898,4454,1391.28,56029.4892,E3,N,N
05/30/2023,14:00,14744.5518,2016.5603,5228.9893,1430.7921,16372.3418,8730.6592,4506.9004,1381.5537,54412.3486,M,N,N
05/30/2023,15:00,16090.1807,2150.5256,5876.8677,1598.9039,16776.8984,9246.1904,4697.4619,1461.8164,57898.845,A3,N,N
05/30/2023,15:00,16173.7607,2202.8894,5800.0366,1547.6879,16935.7832,9482.3945,4681.8604,1404.2191,58228.6318,A6,N,N
05/30/2023,15:00,14149.4004,1958.51,5419.1201,1453.38,15763.2002,8889.6396,4672.79,1298.6,53604.6403,E,N,N
05/30/2023,15:00,14673.2002,2072.3301,5354.5601,1453.09,16560.4004,8883.5195,4672.79,1392.74,55062.6303,E1,Y,N
05/30/2023,15:00,14673.2002,2123.4399,5252.5698,1520.46,15911,9367.1904,4697.9902,1348.89,54894.7405,E2,N,N
05/30/2023,15:00,15660.2998,2072.3301,5354.5601,1453.09,19086.1992,8883.5195,4566.8799,1392.74,58469.6186,E3,N,N
05/30/2023,15:00,15200.3457,2091.9202,5434.8809,1502.4928,17086.9004,9101.7676,4653.5117,1383.9863,56455.8056,M,N,N
05/30/2023,16:00,16253.9912,2175.9897,5904.2134,1613.1367,17193.9414,9519.4473,4791.5933,1513.4862,58965.7992,A3,N,N
05/30/2023,16:00,16297.2949,2238.1787,5893.2319,1571.9321,17348.1211,9723.2939,4745.4048,1431.618,59249.0754,A6,N,N
05/30/2023,16:00,14437.9004,2038.4,5500.3901,1521.74,16230.5,9200.4404,4893,1350.08,55172.4509,E,N,N
05/30/2023,16:00,15079.2998,2163.4399,5445.1899,1530.76,17155.3008,9370.7197,4893,1460,57097.7101,E1,Y,N
05/30/2023,16:00,15079.2998,2156.8201,5363.3301,1550.71,16044.5,9575.79,4915.8101,1390.89,56077.1501,E2,N,N
05/30/2023,16:00,15908.7998,2163.4399,5445.1899,1530.76,19624.5996,9370.7197,4758.1802,1460,60261.6891,E3,N,N
05/30/2023,16:00,15498.9492,2151.46,5517.957,1552.3184,17478.0977,9444.959,4839.1157,1438.9723,57921.8293,M,N,N
05/30/2023,17:00,16265.2666,2210.5728,5970.7583,1630.9028,17651.8516,9798.958,4872.9395,1552.1802,59953.4298,A3,N,N
05/30/2023,17:00,16221.9072,2253.0286,5866.0513,1578.2727,17707.3516,9914.3643,4856.1211,1441.4176,59838.5144,A6,N,N
05/30/2023,17:00,14813.2998,2086,5568.46,1551.1,16487.0996,9415.5,4903,1396.5601,56221.0195,E,N,N
05/30/2023,17:00,15440.5,2219.8301,5526.77,1562.74,17495.5,9761.7197,4903,1521.47,58431.5298,E1,Y,N
05/30/2023,17:00,15440.5,2156.55,5451.04,1552.21,15899.7002,9670.3496,4956.3599,1428.9399,56555.6496,E2,N,N
05/30/2023,17:00,16040.2998,2219.8301,5526.77,1562.74,19847.5,9761.7197,4769.2002,1521.47,61249.5298,E3,N,N
05/30/2023,17:00,15722.6738,2185.6116,5597.0181,1572.0496,17652.7891,9707.1348,4872.856,1487.3621,58797.4951,M,N,N
05/30/2023,18:00,16183.5576,2188.3577,5968.5479,1631.1178,17552.8516,10078.9492,4801.1729,1562.4974,59967.0521,A3,N,N
05/30/2023,18:00,15984.3154,2230.6033,5859.1113,1567.2817,17629.2227,10184.835,4785.5342,1453.864,59694.7676,A6,N,N
05/30/2023,18:00,14654.5996,2050.0901,5618.48,1551.5601,16625.6992,9489.6602,4910.9102,1438.9399,56339.9393,E,N,N
05/30/2023,18:00,15198.5,2190.22,5621.0298,1564.47,17634.6992,9902.7598,4910.9102,1582.5,58605.089,E1,Y,N
05/30/2023,18:00,15198.5,2092,5623.0698,1543.91,15693.5,9605.8096,4970.77,1471.4399,56198.9993,E2,N,N
05/30/2023,18:00,15604.7998,2190.22,5621.0298,1564.47,19571.8008,9902.7598,4752,1582.5,60789.5802,E3,N,N
05/30/2023,18:00,15463.0117,2146.3687,5690.8906,1570.3406,17516.2012,9807.6025,4859.248,1530.8254,58584.4887,M,N,N
05/30/2023,19:00,15643.4043,2132.5369,5894.7319,1615.0138,17028.2266,10025.6738,4740.8384,1562.8477,58643.2734,A3,N,N
05/30/2023,19:00,15460.4102,2150.8855,5866.3433,1556.124,17044.1113,10037.0576,4719.6807,1425.1385,58259.7511,A6,N,N
05/30/2023,19:00,14512.9004,2002.85,5518.04,1514.3101,16446.6992,9478.0303,4788.1899,1467.8101,55728.83,E,N,N
05/30/2023,19:00,14998.0996,2140.1799,5562.3101,1529.5699,17365.6992,9954.2803,4788.1899,1596.76,57935.0889,E1,Y,N
05/30/2023,19:00,14998.0996,2015.24,5664.3301,1509.15,15328.7998,9522.2002,4874,1507.76,55419.5797,E2,N,N
05/30/2023,19:00,15270.0996,2140.1799,5562.3101,1529.5699,18802.3008,9954.2803,4634.0801,1596.76,59489.5807,E3,N,N
05/30/2023,19:00,15160.2412,2087.4363,5654.9736,1539.0067,17026.2148,9791.3105,4758.23,1550.3826,57567.7957,M,N,N
05/30/2023,20:00,15124.5986,2026.3788,5898.0156,1587.9852,16310.9883,9698.4824,4585.7334,1509.2858,56741.4681,A3,N,N
05/30/2023,20:00,14786.8975,2024.9916,5863.2607,1544.0417,16344.1533,9775.0137,4601.0679,1389.7018,56329.1282,A6,N,N
05/30/2023,20:00,14020.7998,1923.47,5534.75,1488.1899,15689.7002,9163.6904,4645.6001,1450.29,53916.4904,E,N,N
05/30/2023,20:00,14439.7998,2042.58,5536.1201,1507.58,16554.1992,9599.6602,4645.6001,1567.05,55892.5894,E1,Y,N
05/30/2023,20:00,14439.7998,1917.96,5684.3599,1497.21,14758.7002,9195.71,4727.3501,1499.75,53720.84,E2,N,N
05/30/2023,20:00,14588.2002,2042.58,5536.1201,1507.58,17601.4004,9599.6602,4481.9902,1567.05,56924.5811,E3,N,N
05/30/2023,20:00,14579.3809,1990.0427,5652.834,1518.6111,16194.6191,9454.6436,4609.0688,1523.6312,55522.8314,M,N,N
05/30/2023,21:00,14878.1699,1938.7197,5784.9233,1547.2545,15953.4541,9495.6631,4512.7817,1456.6587,55567.625,A3,N,N
05/30/2023,21:00,14640.1172,1963.6627,5722.375,1524.4972,15836.6719,9656.6172,4513.4814,1380.0444,55237.467,A6,N,N
05/30/2023,21:00,13720.4004,1867.08,5621.75,1453.0699,15244.2002,8986.6299,4417.6899,1426.85,52737.6703,E,N,N
05/30/2023,21:00,14109.5996,1972.47,5610.4399,1466.71,16001.7998,9259.2197,4417.6899,1525.01,54362.9389,E1,Y,N
05/30/2023,21:00,14109.5996,1871.76,5591.4102,1465.64,14427.5996,8988.4805,4478.4102,1485.1801,52418.0802,E2,N,N
05/30/2023,21:00,14284,1972.47,5610.4399,1466.71,16722,9259.2197,4224.25,1525.01,55064.0996,E3,N,N
05/30/2023,21:00,14276.7139,1924.968,5640.7588,1481.1338,15660.1719,9198.0273,4396.8926,1489.5748,54068.2411,M,N,N
05/30/2023,22:00,14635.7803,1886.7738,5868.7412,1517.3203,15573.917,9245.8262,4422.312,1399.9336,54550.6044,A3,N,N
05/30/2023,22:00,14538.7285,1933.0266,5797.0557,1483.0455,15399.3252,9357.002,4380.4653,1287.3936,54176.0424,A6,N,N
05/30/2023,22:00,13426.2002,1778.72,5545.8599,1396.3101,14852.4004,8757.2998,4396.0898,1407.84,51560.7202,E,N,N
05/30/2023,22:00,13780,1872.59,5510.1699,1412.0699,15517.9004,8906.9297,4396.0898,1488.85,52884.5997,E1,Y,N
05/30/2023,22:00,13780,1777.97,5356.9902,1420.79,14123.4004,8734.0596,4449.9502,1457.71,51100.8704,E2,N,N
05/30/2023,22:00,13774.2998,1872.59,5510.1699,1412.0699,16058.2002,8906.9297,4204.54,1488.85,53227.6495,E3,N,N
05/30/2023,22:00,13914.0654,1837.6538,5539.4995,1434.1602,15206.2949,8907.8857,4360.0273,1453.6238,52653.2106,M,N,N
05/30/2023,23:00,13980.2715,1753.4312,5870.187,1447.0352,14433.0967,8574.9678,4158.5825,1276.8767,51494.4486,A3,N,N
05/30/2023,23:00,14047.8398,1805.2048,5722.0752,1421.5869,14308.2598,8565.8174,4111.1694,1149.3434,51131.2967,A6,N,N
05/30/2023,23:00,12802.7002,1651.4399,5421.1401,1285.86,13807.2002,8165.8701,4147.0898,1357.6,48638.9003,E,N,N
05/30/2023,23:00,13079.4004,1728.63,5384.6001,1295.25,14420.9004,8261.0703,4147.0898,1401.37,49718.311,E1,Y,N
05/30/2023,23:00,13079.4004,1650.15,5229.4399,1294.79,13286.2002,8160.4102,4204.9702,1370.23,48275.5909,E2,N,N
05/30/2023,23:00,13032.2998,1728.63,5384.6001,1295.25,14854.7998,8261.0703,4009.3899,1401.37,49967.4099,E3,N,N
05/30/2023,23:00,13217.7754,1702.3274,5438.8237,1324.53,14151.7305,8284.1318,4125.4424,1362.7523,49607.5135,M,N,N
05/30/2023,24:00,13049.042,1599.3158,5764.1245,1332.0636,12951.96,7923.1035,3862.8325,1216.2919,47698.7338,A3,N,N
05/30/2023,24:00,13206.0781,1639.2327,5694.7227,1299.8521,12916.7158,7877.2402,3777.7383,1150.8558,47562.4357,A6,N,N
05/30/2023,24:00,12050.5,1511.38,5302.98,1193.05,12508.7002,7363.6602,3802.1001,1228.5601,44960.9306,E,N,N
05/30/2023,24:00,12257.2002,1573.02,5252.98,1204.91,13052.7998,7488.98,3802.1001,1278.55,45910.5401,E1,Y,N
05/30/2023,24:00,12257.2002,1503.62,5141.27,1189.65,12139.2002,7320.1802,3848.8301,1222.47,44622.4207,E2,N,N
05/30/2023,24:00,12206.7002,1573.02,5252.98,1204.91,13451.7002,7488.98,3702.4399,1278.55,46159.2803,E3,N,N
05/30/2023,24:00,12379.748,1551.2952,5326.6963,1224.5768,12823.8125,7512.6328,3798.3677,1244.2754,45861.4047,M,N,N
05/31/2023,1:00,12361.625,1458.5618,5721.7002,1260.0078,11770.7715,7199.3604,3594.9016,1077.5266,44444.4549,A3,N,N
05/31/2023,1:00,12551.6055,1479.2057,5712.3062,1218.0717,11930.6797,7173.1841,3523.0945,1106.2109,44694.3583,A6,N,N
05/31/2023,1:00,11370.7998,1407.3101,5194.8101,1106.74,11484.7002,6770.4902,3515.05,1154.99,42004.8904,E,N,N
05/31/2023,1:00,11551.9004,1450.28,5144.0801,1110.98,11892.2002,6884.73,3515.05,1202.5601,42751.7808,E1,Y,N
05/31/2023,1:00,11551.9004,1409.23,5079.23,1088.3101,11339.2998,6723.1001,3542.0601,1129.66,41862.7905,E2,N,N
05/31/2023,1:00,11613.5996,1450.28,5144.0801,1110.98,12268,6884.73,3484.0901,1202.5601,43158.3199,E3,N,N
05/31/2023,1:00,11714.2451,1435.3243,5245.2222,1133.5605,11774.0352,6887.7432,3529.8354,1150.9264,42870.8923,M,N,N
05/31/2023,2:00,11866.4971,1385.2229,5686.5049,1187.3292,10918.4248,6710.3892,3397.2681,994.5797,42146.2159,A3,N,N
05/31/2023,2:00,12030.8057,1398.9674,5669.9839,1151.7762,11010.4365,6728.6997,3313.4004,1008.4944,42312.5642,A6,N,N
05/31/2023,2:00,10810.7998,1319.7,5159,1058.3199,10871.7998,6344.0098,3280.4299,1104.24,39948.2992,E,N,N
05/31/2023,2:00,10945.7998,1355.3101,5118,1042.01,10990.0996,6398.2598,3280.4299,1148.6899,40278.5991,E1,Y,N
05/31/2023,2:00,10945.7998,1327.72,5075.54,1024.9301,10655.7998,6229.1899,3296.79,1067.77,39623.5396,E2,N,N
05/31/2023,2:00,11031.9004,1355.3101,5118,1042.01,11343.2002,6398.2598,3265.0701,1148.6899,40702.4405,E3,N,N
05/31/2023,2:00,11142.2695,1349.4546,5223.063,1067.5809,10969.5752,6404.54,3304.0977,1089.147,40549.7279,M,N,N
05/31/2023,3:00,11387.3496,1319.9148,5648.5112,1150.7532,10376.9131,6394.894,3230.7734,951.7521,40460.8614,A3,N,N
05/31/2023,3:00,11561.9014,1338.6936,5587.7563,1112.0752,10452.6387,6394.7695,3144.7749,976.0861,40568.6957,A6,N,N
05/31/2023,3:00,10397.9004,1277.74,4891.3501,980.962,10091,5954.54,3138.27,1079.6899,37811.4524,E,N,N
05/31/2023,3:00,10527.5,1301.5,4855.5,989.953,10343.9004,6052.79,3138.27,1120.05,38329.4634,E1,Y,N
05/31/2023,3:00,10527.5,1281.1,4842.5,966.027,9955.1396,5871.3198,3149.54,1033.59,37626.7164,E2,N,N
05/31/2023,3:00,10663.0996,1301.5,4855.5,989.953,10869.9004,6052.79,3146.27,1120.05,38999.063,E3,N,N
05/31/2023,3:00,10727.1895,1296.687,5013.7871,1014.0361,10366.3848,6056.9448,3162.552,1056.4164,38693.9977,M,N,N
05/31/2023,4:00,11022.9326,1282.0923,5623.335,1127.5095,10111.9473,6132.2729,3130.8225,925.3075,39356.2196,A3,N,N
05/31/2023,4:00,11080.5049,1286.2152,5568.2148,1089.9271,10197.8428,6094.0576,3039.3176,941.2296,39297.3096,A6,N,N
05/31/2023,4:00,10185.9004,1240.45,4948.2598,954.671,9634.3301,5702.8701,3055.79,1007.23,36729.5014,E,N,N
05/31/2023,4:00,10271.7002,1264.45,4948.7798,963.322,9895.7695,5827.77,3055.79,1056.63,37284.2115,E1,Y,N
05/31/2023,4:00,10271.7002,1252.42,4928.0601,941.067,9469.2305,5630.8999,3072.1699,962.104,36527.6516,E2,N,N
05/31/2023,4:00,10338.2998,1264.45,4948.7798,963.322,10328.4004,5827.77,3051.8601,1056.63,37779.5121,E3,N,N
05/31/2023,4:00,10433.3467,1261.9695,5077.4229,988.6179,9914.6895,5817.1201,3074.5317,997.0677,37564.766,M,N,N
05/31/2023,5:00,11054.1719,1275.3361,5563.9165,1117.7778,10078.4209,6100.2485,3084.8953,949.5583,39224.3253,A3,N,N
05/31/2023,5:00,11073.0557,1271.4755,5525.0532,1093.0035,10168.3105,6066.5757,2999.1577,948.5722,39145.204,A6,N,N
05/31/2023,5:00,10154.5,1242.3101,4906.8301,947.122,9627.25,5683.6401,3001.6899,1006.3,36569.6422,E,N,N
05/31/2023,5:00,10242.2998,1260.88,4897.4302,952.771,9867.1396,5780.3799,3001.6899,1051.17,37053.7604,E1,Y,N
05/31/2023,5:00,10242.2998,1251.09,4882.1001,937.315,9489.0498,5594.73,3016.8899,960,36373.4746,E2,N,N
05/31/2023,5:00,10311,1260.88,4897.4302,952.771,10258.2002,5780.3799,2985.5801,1051.17,37497.4114,E3,N,N
05/31/2023,5:00,10416.5049,1258.9773,5027.0684,980.5707,9889.2979,5778.9844,3018.0583,999.0097,37368.4716,M,N,N
05/31/2023,6:00,11282.5059,1319.9153,5547.1733,1146.0354,10456.2275,6263.9414,3125.0708,982.3705,40123.2401,A3,N,N
05/31/2023,6:00,11329.9551,1308.6023,5542.3989,1130.2314,10511.6553,6229.248,3046.9934,1000.4501,40099.5345,A6,N,N
05/31/2023,6:00,10432.5996,1269.99,5151.04,971.912,9943.2998,5868.7002,3053.3201,1024.55,37715.4117,E,N,N
05/31/2023,6:00,10536.5,1293.79,5116.6299,979.316,10203.5,5918.0898,3053.3201,1069.96,38171.1058,E1,Y,N
05/31/2023,6:00,10536.5,1289.74,5115.54,955.025,9968,5767.4302,3067.21,983.532,37682.9772,E2,N,N
05/31/2023,6:00,10611.5996,1293.79,5116.6299,979.316,10534.2002,5918.0898,3045.8999,1069.96,38569.4854,E3,N,N
05/31/2023,6:00,10697.8418,1295.4202,5205.8525,1004.6322,10256.5859,5937.124,3069.6113,1021.9728,38489.0407,M,N,N
05/31/2023,7:00,11687.502,1419.0604,5558.1191,1191.8414,11146.8926,6635.7017,3245.7207,1034.427,41919.2649,A3,N,N
05/31/2023,7:00,11690.2227,1405.8251,5512.8828,1192.6494,11144.04,6580.0195,3159.6965,1077.4918,41762.8278,A6,N,N
05/31/2023,7:00,10827.2002,1340.67,5093.4302,1016.18,10625.0996,6250.5601,3190.1499,1091.73,39435.02,E,N,N
05/31/2023,7:00,10920.2998,1370.88,5112.2002,1023.9,10847.5,6249.73,3190.1499,1118.67,39833.3299,E1,Y,N
05/31/2023,7:00,10920.2998,1403.88,5128.0498,1005.32,10742.2998,6161.3799,3194,1045.89,39601.1193,E2,N,N
05/31/2023,7:00,10976.0996,1370.88,5112.2002,1023.9,11156.7998,6249.73,3176.8799,1118.67,40185.1595,E3,N,N
05/31/2023,7:00,11081.1709,1387.3951,5204.2622,1051.1423,10946.3691,6300.5024,3198.4382,1077.2935,40246.5737,M,N,N
05/31/2023,8:00,12272.9482,1481.5009,5621.0366,1242.2906,11709.9023,6918.4268,3335.8889,1037.4548,43619.4491,A3,N,N
05/31/2023,8:00,12104.7695,1481.205,5565.8706,1258.0378,11718.8135,6889.1987,3245.2915,1041.7933,43304.9799,A6,N,N
05/31/2023,8:00,11260.7998,1402.71,5010.98,1047.4301,11197.0996,6567.1001,3261.0801,1118.79,40865.9897,E,N,N
05/31/2023,8:00,11341.5,1437.6801,5020.9702,1054.84,11378.7002,6512.9502,3261.0801,1153.47,41161.1908,E1,Y,N
05/31/2023,8:00,11341.5,1484.47,5024.9399,1022.87,11375.4004,6490.1699,3274.75,1085.63,41099.7302,E2,N,N
05/31/2023,8:00,11393.7002,1437.6801,5020.9702,1054.84,11679,6512.9502,3274.52,1153.47,41527.1307,E3,N,N
05/31/2023,8:00,11535.3799,1456.9843,5141.1753,1081.9982,11515.8809,6592.6265,3284.1748,1106.447,41714.6669,M,N,N
05/31/2023,9:00,12752.292,1561.7465,5672.2402,1271.8669,12317.7939,7177.1089,3456.4675,1063.2073,45272.7232,A3,N,N
05/31/2023,9:00,12818.0908,1587.7633,5621.6948,1264.3087,12328.3047,7194.459,3393.5198,1023.3303,45231.4714,A6,N,N
05/31/2023,9:00,11898.2002,1495.04,4958.7798,1108.6801,11915.2002,6925.8799,3426.47,1126.76,42855.0102,E,N,N
05/31/2023,9:00,12073,1529.1801,4966.6001,1114.26,12111,6801.98,3426.47,1164.67,43187.1602,E1,Y,N
05/31/2023,9:00,12073,1575.64,4960.3999,1105.21,12165.2998,6877.5601,3460.78,1104.8,43322.6898,E2,N,N
05/31/2023,9:00,12270.4004,1529.1801,4966.6001,1114.26,12574,6801.98,3458.03,1164.67,43879.1206,E3,N,N
05/31/2023,9:00,12250.5986,1546.2174,5105.0859,1142.5083,12287.9688,6912.0698,3452.2305,1122.6255,43819.3048,M,N,N
05/31/2023,10:00,13394.8672,1649.4061,5685.501,1310.6315,13198.5234,7534.2422,3601.7358,1140.8605,47515.7677,A3,N,N
05/31/2023,10:00,13552.5303,1696.2057,5639.0571,1297.4552,13218.8926,7621.54,3520.6616,1088.114,47634.4565,A6,N,N
05/31/2023,10:00,12656.0996,1604.97,4922.8501,1170.35,12673.5996,7294.8701,3670.6399,1180.01,45173.3893,E,N,N
05/31/2023,10:00,12928.7002,1639.52,4928.5698,1173.5601,13037.9004,7154.0801,3670.6399,1234.8101,45767.7806,E1,Y,N
05/31/2023,10:00,12928.7002,1698.88,4886.7202,1167.83,13165.9004,7299.2598,3709.3601,1133.22,45989.8707,E2,N,N
05/31/2023,10:00,13292.7998,1639.52,4928.5698,1173.5601,13733.7002,7154.0801,3723.47,1234.8101,46880.5101,E3,N,N
05/31/2023,10:00,13103.9033,1655.8503,5066.8291,1198.9343,13280.7354,7287.7456,3684.3242,1180.0631,46458.3853,M,N,N
05/31/2023,11:00,14312.084,1787.1217,5671.3311,1386.5051,14031.5313,8039.4902,3824.2014,1202.1383,50254.4031,A3,N,N
05/31/2023,11:00,14558.9336,1841.7356,5614.6416,1383.1274,14007.1016,8173.4492,3774.344,1127.4545,50480.7875,A6,N,N
05/31/2023,11:00,13596.2002,1695.11,4966.48,1232.54,13568.2002,7714.29,3978.1899,1242.14,47993.1503,E,N,N
05/31/2023,11:00,13801.2998,1732.47,4967.6499,1233.39,14117.9004,7595.75,3978.1899,1303.45,48730.1,E1,Y,N
05/31/2023,11:00,13801.2998,1816.42,4886.1299,1245.35,14335.5996,7797,4010.5,1186.13,49078.4293,E2,N,N
05/31/2023,11:00,14236,1732.47,4967.6499,1233.39,15052.7002,7595.75,4050.9199,1303.45,50172.33,E3,N,N
05/31/2023,11:00,14013.3574,1764.8494,5083.813,1267.5161,14391.4063,7756.7271,3978.9043,1241.8607,49498.4343,M,N,N
05/31/2023,12:00,15218.7607,1897.882,5784.2847,1467.6035,15049.2734,8485.1504,4082.1484,1257.4392,53242.5423,A3,N,N
05/31/2023,12:00,15486.7207,1977.4598,5681.5635,1487.5724,14969.7334,8640.9297,4040.8325,1219.0122,53503.8242,A6,N,N
05/31/2023,12:00,14420.9004,1824.66,4837.4102,1292.4301,14481.7998,8154.4502,4310.5698,1309.34,50631.5605,E,N,N
05/31/2023,12:00,14637.2998,1867.8101,4892.54,1293.65,15067.0996,8083.8799,4310.5698,1379.17,51532.0192,E1,Y,N
05/31/2023,12:00,14637.2998,1955.45,4799.5,1319.13,15322.7998,8332.6201,4327.5698,1252.9399,51947.3094,E2,N,N
05/31/2023,12:00,15160.0996,1867.8101,4892.54,1293.65,16253.2998,8083.8799,4381.9199,1379.17,53312.3693,E3,N,N
05/31/2023,12:00,14888.792,1895.8014,5037.4639,1335.9628,15437.5752,8245.8135,4291.3906,1309.9719,52442.7713,M,N,N
05/31/2023,13:00,15997.6797,2010.4719,5868.8867,1531.7759,15897.3242,8906.8691,4430.6401,1354.2719,55997.9195,A3,N,N
05/31/2023,13:00,16482.6172,2100.564,5789.2915,1549.1708,15926.7646,9069.0313,4461.2817,1323.6798,56702.4009,A6,N,N
05/31/2023,13:00,15249.0996,1927,4739.75,1343.97,15498.0996,8602.2402,4601.3101,1347.58,53309.0495,E,N,N
05/31/2023,13:00,15366.7998,1974.84,4836.7998,1354.5699,16004.2002,8532.7002,4601.3101,1426.97,54098.19,E1,Y,N
05/31/2023,13:00,15366.7998,2074.3301,4710.6699,1382.41,16211.9004,8853.96,4615.3799,1318.72,54534.1701,E2,N,N
05/31/2023,13:00,15889.2998,1974.84,4836.7998,1354.5699,17336,8532.7002,4668.4702,1426.97,56019.6499,E3,N,N
05/31/2023,13:00,15637.9561,2007.0294,4995.6733,1397.3032,16394.0664,8710.8652,4591.5449,1372.0164,55106.4549,M,N,N
05/31/2023,14:00,16656.8086,2118.7227,5883.0679,1605.3773,16978.2441,9291.8926,4625.4194,1450.5403,58610.0729,A3,N,N
05/31/2023,14:00,17227.5996,2236.9502,5839.2031,1604.1831,17123.3652,9398.499,4667.9927,1419.0631,59516.856,A6,N,N
05/31/2023,14:00,15983.7998,2053.54,4853.5498,1433.55,16553.3008,9008.6299,4840,1400.27,56126.6403,E,N,N
05/31/2023,14:00,16047.7998,2100.23,4975.0498,1431.03,16966.4004,8964.6904,4840,1489.72,56814.9204,E1,Y,N
05/31/2023,14:00,16047.7998,2192.8,4837.8901,1469.3,17094.1992,9267.9404,4851.2798,1382.84,57144.0493,E2,N,N
05/31/2023,14:00,16591.3008,2100.23,4975.0498,1431.03,18379.4004,8964.6904,4876.77,1489.72,58808.1914,E3,N,N
05/31/2023,14:00,16326.252,2127.0305,5103.356,1477.6326,17389.6992,9125.5,4811.499,1440.8751,57801.8444,M,N,N
05/31/2023,15:00,17328.2031,2227.3503,5890.8667,1652.2247,18099.498,9708.4873,4881.0107,1513.8066,61301.4474,A3,N,N
05/31/2023,15:00,17885.168,2345.0417,5818.2285,1624.2278,18103.9102,9840.502,4877.8545,1458.5001,61953.4328,A6,N,N
05/31/2023,15:00,16423.4004,2139.4099,5032,1536.87,17364.6992,9418.0996,5005.71,1443.8101,58363.9992,E,N,N
05/31/2023,15:00,16531.1992,2191.8999,5187.2002,1534.64,17890.1992,9419.79,5005.71,1542.53,59303.1685,E1,Y,N
05/31/2023,15:00,16531.1992,2252.1001,5002.0601,1585.15,17872,9657.2197,5040.6001,1433.13,59373.4592,E2,N,N
05/31/2023,15:00,16912.1992,2191.8999,5187.2002,1534.64,19221.0996,9419.79,5020.3901,1542.53,61029.749,E3,N,N
05/31/2023,15:00,16794.1211,2211.8013,5256.8716,1573.533,18273.3203,9548.5898,4995.6416,1494.0934,60147.9721,M,N,N
05/31/2023,16:00,17547.8477,2259.6458,5914.1836,1671.2097,18668.9609,10040.6445,5012.938,1567.1842,62682.6144,A3,N,N
05/31/2023,16:00,18140.5078,2392.7146,5853.189,1625.1589,18666.0605,10096.3525,4955.3901,1485.8617,63215.2351,A6,N,N
05/31/2023,16:00,16658.4004,2209.96,5188.2998,1585.92,18003.4004,9753.4502,5095.6001,1493.5,59988.5309,E,N,N
05/31/2023,16:00,16865.9004,2270.8799,5270.6899,1591.21,18624.5,9851.6396,5095.6001,1589.9399,61160.3598,E1,Y,N
05/31/2023,16:00,16865.9004,2288.0801,5087.0298,1634.51,18395.5996,9981.2402,5127.6201,1484.01,60863.9902,E2,N,N
05/31/2023,16:00,17037,2270.8799,5270.6899,1591.21,19746.5996,9851.6396,5055.8999,1589.9399,62413.8588,E3,N,N
05/31/2023,16:00,17032.8711,2267.7012,5336.0518,1619.671,18839.2422,9918.502,5076.7637,1543.9658,61634.7688,M,N,N
05/31/2023,17:00,17558.7441,2300.1316,5960.7607,1704.2982,19102.4297,10363.7715,5093.793,1615.0099,63698.9387,A3,N,N
05/31/2023,17:00,18112.6836,2417.4246,5872.2515,1567.8669,19063.3555,10330.6875,5065.6147,1494.3226,63924.2069,A6,N,N
05/31/2023,17:00,16714.3008,2251.52,5308.3398,1633.45,18336.5996,10048.0996,5126.6899,1545.24,60964.2397,E,N,N
05/31/2023,17:00,16992.4004,2322.03,5350.5098,1638.4301,19169.0996,10248.5996,5126.6899,1636.34,62484.0994,E1,Y,N
05/31/2023,17:00,16992.4004,2300.0801,5177.7002,1683.8101,18795.9004,10264.2002,5189.21,1539.38,61942.6814,E2,N,N
05/31/2023,17:00,16993.0996,2322.03,5350.5098,1638.4301,19887.1992,10248.5996,5067.52,1636.34,63143.7283,E3,N,N
05/31/2023,17:00,17078.0684,2304.0144,5416.5,1664.7197,19175.9863,10256.2646,5121.1162,1593.8761,62610.5457,M,N,N
05/31/2023,18:00,17494.7617,2283.3521,5945.1812,1700.7687,19293.0527,10606.3096,5050.8535,1620.7036,63994.9831,A3,N,N
05/31/2023,18:00,17887.2441,2421.9695,5846.3818,1508.3541,19317.5195,10563.7168,5024.5791,1501.1646,64070.9295,A6,N,N
05/31/2023,18:00,16509.1992,2225.0701,5561.6499,1621.46,18389.8008,10188.2002,5088.79,1537.5,61121.6702,E,N,N
05/31/2023,18:00,16877.5,2310.4299,5505.29,1636.58,19278.4004,10466.7998,5088.79,1641.6,62805.3901,E1,Y,N
05/31/2023,18:00,16877.5,2266.8201,5407.6699,1677.05,18807.6992,10405,5158.5,1538.21,62138.4492,E2,N,N
05/31/2023,18:00,16635,2310.4299,5505.29,1636.58,19643.3008,10466.7998,4992.48,1641.6,62831.4805,E3,N,N
05/31/2023,18:00,16891.3711,2283.3955,5569.6182,1660.0468,19160.7305,10448.3027,5073.2227,1595.9937,62682.6812,M,N,N
05/31/2023,19:00,16950.1465,2231.3794,5858.1509,1682.3374,18763.6816,10593.165,5009.2754,1620.8605,62708.9967,A3,N,N
05/31/2023,19:00,17350.9102,2343.8413,5842.1992,1492.9473,18771.0664,10509.8594,4973.6641,1471.0863,62755.5742,A6,N,N
05/31/2023,19:00,16091.7002,2180.55,5643.7002,1584.36,17939.3008,10152.5,4976.8599,1528.99,60097.9611,E,N,N
05/31/2023,19:00,16445.0996,2265.8999,5606.0098,1610.5699,18898.9004,10488.9004,4976.8599,1623.99,61916.2299,E1,Y,N
05/31/2023,19:00,16445.0996,2208.6599,5538.7002,1623.1801,18274.9004,10299.7002,5065.04,1514.9301,60970.2105,E2,N,N
05/31/2023,19:00,16121.4004,2265.8999,5606.0098,1610.5699,19017.6992,10488.9004,4869.02,1623.99,61603.4896,E3,N,N
05/31/2023,19:00,16413.6602,2233.2891,5640.0146,1626.0856,18624.3379,10419.3535,4977.4453,1581.1461,61515.3323,M,N,N
05/31/2023,20:00,16322.5107,2128.2888,5850.751,1652.7395,17928.7832,10382.4063,4824.9048,1565.0959,60655.4802,A3,N,N
05/31/2023,20:00,16659.0957,2214.3262,5829.0898,1499.8499,17921.375,10379.0645,4821.4604,1430.5106,60754.7721,A6,N,N
05/31/2023,20:00,15480,2083.97,5577.0698,1520.79,17127.4004,9931.0596,4808.73,1468.97,57997.9898,E,N,N
05/31/2023,20:00,15811.4004,2159.8401,5599.8301,1544.6899,18012,10191,4808.73,1560.72,59688.2105,E1,Y,N
05/31/2023,20:00,15811.4004,2098.6101,5550.21,1539.88,17363.4004,9969.5,4897.4399,1429.77,58660.2108,E2,N,N
05/31/2023,20:00,15386.2002,2159.8401,5599.8301,1544.6899,17999.4004,10191,4687.8799,1560.72,59129.5606,E3,N,N
05/31/2023,20:00,15752.9229,2127.5737,5632.8525,1562.4669,17708.5371,10136.8369,4802.3232,1513.1353,59236.6485,M,N,N
05/31/2023,21:00,16150.6729,2054.4446,5733.6079,1608.6851,17555.0195,10099.8486,4723.2676,1514.0876,59439.6338,A3,N,N
05/31/2023,21:00,16335.8125,2146.0496,5681.3701,1550.7693,17404.9668,10187.9883,4709.6987,1420.087,59436.7423,A6,N,N
05/31/2023,21:00,15099.0996,2007.2,5538.9302,1456.38,16516.9004,9705.9297,4661.1201,1409.61,56395.17,E,N,N
05/31/2023,21:00,15336.5996,2069.51,5642.0298,1476.86,17244.0996,9795.3203,4661.1201,1492.16,57717.6994,E1,Y,N
05/31/2023,21:00,15336.5996,2018.2,5486.9702,1454.12,16491.8008,9605.96,4724.5801,1352.7,56470.9307,E2,N,N
05/31/2023,21:00,15052.5996,2069.51,5642.0298,1476.86,17273.5996,9795.3203,4510.6899,1492.16,57312.7692,E3,N,N
05/31/2023,21:00,15390.4648,2044.8729,5603.5176,1494.3551,17016.7246,9790.4785,4647.4585,1446.4525,57434.3245,M,N,N
05/31/2023,22:00,15828.1885,1993.1886,5822.916,1569.7288,17039.8027,9734.6348,4640.8496,1460.7007,58090.0097,A3,N,N
05/31/2023,22:00,16136.7637,2085.5562,5823.6787,1576.4337,16877.7012,9771.8828,4586.6948,1330.1046,58188.8157,A6,N,N
05/31/2023,22:00,14640.2998,1918.5699,5417.8398,1419.92,15854.2998,9412.7305,4544.98,1395.98,54604.6198,E,N,N
05/31/2023,22:00,14839.2002,1978.55,5460.6401,1437.39,16531.4004,9409.1904,4544.98,1465.1,55666.4511,E1,Y,N
05/31/2023,22:00,14839.2002,1940.73,5299.71,1401.66,15820.5,9280.8096,4609.5601,1339.53,54531.6999,E2,N,N
05/31/2023,22:00,14507.7002,1978.55,5460.6401,1437.39,16542.1992,9409.1904,4392.0898,1465.1,55192.8597,E3,N,N
05/31/2023,22:00,14917.6582,1964.1338,5480.5361,1451.3918,16355.3418,9436.1191,4537.6611,1419.6372,55562.4791,M,N,N
05/31/2023,23:00,15030.4482,1841.7043,5837.0952,1486.9446,15564.9902,8938.6309,4317.2993,1334.3617,54351.4744,A3,N,N
05/31/2023,23:00,15357.8311,1935.5088,5856.709,1497.1523,15433.2598,8910.7334,4278.6016,1191.0424,54460.8384,A6,N,N
05/31/2023,23:00,13857.7998,1770.7,5290.3999,1352.96,14631.5996,8674.0996,4254.6899,1321.67,51153.9188,E,N,N
05/31/2023,23:00,13950.9004,1816.98,5333.9102,1366.76,15263.2998,8683.6602,4254.6899,1381.38,52051.5805,E1,Y,N
05/31/2023,23:00,13950.9004,1785.45,5245.6299,1342.54,14645.5996,8563.8398,4324.1499,1247.86,51105.9696,E2,N,N
05/31/2023,23:00,13630.5,1816.98,5333.9102,1366.76,15289.5996,8683.6602,4133.0098,1381.38,51635.7998,E3,N,N
05/31/2023,23:00,14061.3809,1807.8379,5403.7119,1382.151,15083.0479,8697.752,4251.5459,1325.9495,52013.377,M,N,N
05/31/2023,24:00,14024.124,1676.3153,5745.8892,1363.7611,13925.8193,8219.7148,4009.8521,1263.4318,50228.9076,A3,N,N
05/31/2023,24:00,14354.2725,1736.7063,5755.3115,1363.9697,13807.9629,8192.4395,3955.3633,1190.4829,50356.5086,A6,N,N
05/31/2023,24:00,12961.4004,1627.11,5216.8198,1207.0699,13242.7998,7856.52,3938.76,1234.95,47285.4299,E,N,N
05/31/2023,24:00,13004.5996,1659.62,5247.2598,1240.71,13844.2998,7911.6802,3938.76,1294.11,48141.0394,E1,Y,N
05/31/2023,24:00,13004.5996,1628.64,5220.1001,1201.34,13243.5,7744.3599,3992.5701,1166.84,47201.9497,E2,N,N
05/31/2023,24:00,12715.7998,1659.62,5247.2598,1240.71,13864.0996,7911.6802,3820.95,1294.11,47754.2294,E3,N,N
05/31/2023,24:00,13117.5449,1650.4141,5335.7939,1250.1453,13626.1543,7917.5752,3933.7788,1243.8773,48075.2838,M,N,N
06/01/2023,1:00,13121.4746,1519.2969,5711.2607,1286.5842,12576.9365,7489.7998,3738.5427,1125.2661,46569.1615,A3,N,N
06/01/2023,1:00,13336.5986,1566.7908,5686.353,1277.2714,12637.2412,7502.8213,3693.1772,1154.6482,46854.9017,A6,N,N
06/01/2023,1:00,12161.9004,1497.76,5153.29,1115.3101,12133.2002,7082.0298,3657.3899,1174.37,43975.2504,E,N,N
06/01/2023,1:00,12152.2002,1511.0601,5195,1146.5601,12614.2998,7198.7402,3657.3899,1216.2,44691.4503,E1,N,N
06/01/2023,1:00,12152.2002,1494.84,5277.8599,1111.3199,12132.7002,7022.3701,3673.6499,1101.46,43966.4002,E2,Y,N
06/01/2023,1:00,11916.0996,1511.0601,5195,1146.5601,12674.4004,7198.7402,3568.95,1216.2,44427.0104,E3,N,N
06/01/2023,1:00,12276.1953,1506.5114,5318.9395,1160.8679,12432.2686,7192.3701,3651.9666,1159.4082,44698.5276,M,N,N
06/01/2023,2:00,12313.2852,1439.7976,5680.3223,1207.3962,11670.7939,6937.7173,3511.8701,1034.2332,43795.4158,A3,N,N
06/01/2023,2:00,12440.2637,1456.0524,5651.2593,1202.1884,11669.4023,6930.6294,3442.4644,1051.8752,43844.1351,A6,N,N
06/01/2023,2:00,11547.7002,1406.05,5135.7798,1096.6801,11420.5,6498.3301,3421.47,1128.76,41655.2702,E,N,N
06/01/2023,2:00,11506.2002,1402.84,5199.8701,1081.38,11655.0996,6630.4399,3421.47,1159.4,42056.6998,E1,N,N
06/01/2023,2:00,11506.2002,1392.28,5321.5698,1075.08,11273.0996,6485.7598,3418.26,1046.8101,41519.0595,E2,Y,N
06/01/2023,2:00,11272.7002,1402.84,5199.8701,1081.38,11683,6630.4399,3339.8301,1159.4,41769.4603,E3,N,N
06/01/2023,2:00,11601.7178,1407.3845,5326.0615,1106.2231,11528.5488,6635.2803,3414.095,1097.5256,42116.8366,M,N,N
06/01/2023,3:00,11897.1045,1370.5696,5640.666,1170.4163,10994.4248,6614.8589,3346.6382,982.6902,42017.3685,A3,N,N
06/01/2023,3:00,11934.8223,1387.5854,5571.4971,1158.8396,10984.918,6641.2788,3271.5386,999.8305,41950.3103,A6,N,N
06/01/2023,3:00,11046.0996,1326.8101,4845.3101,1021.14,10654.7998,6101.5298,3262.3301,1106.05,39364.0695,E,N,N
06/01/2023,3:00,11019,1328.36,4927.5,1030.09,10922.7998,6215.3701,3262.3301,1118.59,39824.04,E1,N,N
06/01/2023,3:00,11019,1316.76,5087.7798,1019.97,10594.2002,6082.3301,3246.51,1003.78,39370.3301,E2,Y,N
06/01/2023,3:00,10801,1328.36,4927.5,1030.09,10965.9004,6215.3701,3197.3201,1118.59,39584.1306,E3,N,N
06/01/2023,3:00,11131.9307,1333.167,5109.998,1054.2242,10824.6758,6243.9717,3254.9429,1055.7131,40008.6234,M,N,N
06/01/2023,4:00,11607.7402,1326.1628,5619.0054,1146.327,10641.2617,6334.9634,3230.0669,948.5348,40854.0622,A3,N,N
06/01/2023,4:00,11585.3174,1333.2897,5556.3062,1132.5802,10632.4688,6322.0869,3155.0125,960.0161,40677.0778,A6,N,N
06/01/2023,4:00,10801.5996,1291.29,4967.2598,986.755,10191.4004,5903.1201,3169.3301,1038.9,38349.655,E,N,N
06/01/2023,4:00,10776.0996,1287.58,5048.02,994.359,10458.0996,5989.7598,3169.3301,1055.3,38778.5481,E1,N,N
06/01/2023,4:00,10776.0996,1280.9301,5225.6001,992.726,10103.2998,5867.6699,3164.48,922.633,38333.4385,E2,Y,N
06/01/2023,4:00,10522.7002,1287.58,5048.02,994.359,10417.7998,5989.7598,3111.99,1055.3,38427.5088,E3,N,N
06/01/2023,4:00,10868.958,1293.6726,5207.415,1023.5023,10349.5322,6013.5098,3162.8203,992.5069,38911.9171,M,N,N
06/01/2023,5:00,11554.3145,1316.7123,5561.2231,1135.7964,10571.5361,6312.4888,3185.7085,969.0063,40606.786,A3,N,N
06/01/2023,5:00,11496.2529,1316.099,5516.2734,1132.6276,10582.1846,6284.2979,3111.5732,964.9971,40404.3057,A6,N,N
06/01/2023,5:00,10780.2998,1287.5601,4880.6201,968.657,10128.5,5886.98,3124.6499,1037.53,38094.7969,E,N,N
06/01/2023,5:00,10740.2002,1282.9301,4963.1201,980.31,10354.0996,5943.0698,3124.6499,1046.8101,38435.1898,E1,N,N
06/01/2023,5:00,10740.2002,1277.92,5105.6699,980.382,10049.4004,5823.0898,3110.24,916.594,38003.4963,E2,Y,N
06/01/2023,5:00,10486.2998,1282.9301,4963.1201,980.31,10317.4004,5943.0698,3044.71,1046.8101,38064.6503,E3,N,N
06/01/2023,5:00,10830.8633,1288.6465,5117.2559,1010.2637,10272.6074,5975.3506,3108.5566,991.2565,38594.8005,M,N,N
06/01/2023,6:00,11753.1621,1365.7168,5548.7363,1166.4714,10968.6514,6455.2217,3230.2908,994.0939,41482.3444,A3,N,N
06/01/2023,6:00,11742.9746,1352.9063,5537.9214,1170.6868,10968.6289,6452.75,3162.2896,1012.2594,41400.417,A6,N,N
06/01/2023,6:00,11071.5996,1315.49,5076.7598,1000.21,10411.5,6075,3185.73,1048.11,39184.3994,E,N,N
06/01/2023,6:00,10986.9004,1312.27,5153.3301,1007.28,10625.4004,6113.23,3185.73,1059.41,39443.5509,E1,N,N
06/01/2023,6:00,10986.9004,1308.41,5265.77,1004.44,10336.5996,5987.9102,3168.3,931.806,38990.1362,E2,Y,N
06/01/2023,6:00,10757,1312.27,5153.3301,1007.28,10588.9004,6113.23,3107.5901,1059.41,39099.0106,E3,N,N
06/01/2023,6:00,11079.6523,1322.1234,5258.4863,1037.5593,10575.0703,6140.2095,3165.9712,1006.9355,39586.0078,M,N,N
06/01/2023,7:00,12175.8877,1465.0066,5562.2661,1216.6377,11616.7676,6876.7783,3354.5601,1041.953,43309.8571,A3,N,N
06/01/2023,7:00,12110.1875,1453.408,5512.2681,1235.1533,11590.5918,6873.2617,3277.7036,1087.0747,43139.6487,A6,N,N
06/01/2023,7:00,11464.2002,1403.6801,5071.8999,1037.45,10984,6460.02,3325.0801,1106.26,40852.5903,E,N,N
06/01/2023,7:00,11320.2998,1380.72,5127.9199,1047.05,11175,6489.48,3325.0801,1108.9399,40974.4897,E1,N,N
06/01/2023,7:00,11320.2998,1399.5601,5234.5601,1051.4,10923.5,6377.96,3297.1499,998.303,40602.7329,E2,Y,N
06/01/2023,7:00,11106.2998,1380.72,5127.9199,1047.05,11186.9004,6489.48,3236.6699,1108.9399,40683.9799,E3,N,N
06/01/2023,7:00,11441.6074,1405.5254,5241.1792,1081.3126,11172.374,6530.5381,3296.0742,1062.0835,41230.6944,M,N,N
06/01/2023,8:00,12701.9199,1529.2205,5623.5278,1267.2567,12255.6582,7189.8486,3458.0679,1044.4767,45069.9763,A3,N,N
06/01/2023,8:00,12533.0273,1531.5634,5565.8721,1298.809,12210.5674,7209.6768,3363.4431,1050.5303,44763.4894,A6,N,N
06/01/2023,8:00,11869,1479.33,4996.9302,1074.47,11475.4004,6756.77,3416.1299,1132.59,42200.6205,E,N,N
06/01/2023,8:00,11702.2998,1444.63,5069.8599,1081.9,11673,6777.7598,3416.1299,1143.0699,42308.6493,E1,N,N
06/01/2023,8:00,11702.2998,1479.23,5200.4199,1104.55,11496,6693.2202,3391.1799,1038.36,42105.2598,E2,Y,N
06/01/2023,8:00,11495,1444.63,5069.8599,1081.9,11709.0996,6777.7598,3341.1001,1143.0699,42062.4193,E3,N,N
06/01/2023,8:00,11856.7041,1475.3982,5212.4688,1125.0234,11727.502,6832.7173,3394.5237,1090.8904,42715.2279,M,N,N
06/01/2023,9:00,13305.0254,1609.0753,5674.4233,1301.8185,12942.5225,7422.9941,3582.8235,1068.5195,46907.2021,A3,N,N
06/01/2023,9:00,13156.8789,1630.8588,5622.1675,1309.1575,12866.0127,7475.7598,3521.9287,1029.7046,46612.4685,A6,N,N
06/01/2023,9:00,12503.2998,1578.78,4960.8799,1136.8199,12203.2002,7130.3301,3593.6899,1159.9301,44266.9299,E,N,N
06/01/2023,9:00,12412.5,1539.53,5025.3301,1150.4301,12454.5,7182.1899,3593.6899,1172.8101,44530.9801,E1,N,N
06/01/2023,9:00,12412.5,1595.66,5176.3999,1175.73,12354.7998,7060.46,3584.6101,1084.7,44444.8598,E2,Y,N
06/01/2023,9:00,12310.2002,1539.53,5025.3301,1150.4301,12597.4004,7182.1899,3555.3101,1172.8101,44533.2009,E3,N,N
06/01/2023,9:00,12569.3955,1574.2031,5194.0249,1186.9368,12539.9355,7188.6465,3577.2788,1124.231,44954.6521,M,N,N
06/01/2023,10:00,13918.4023,1709.4042,5680.0015,1349.7384,13876.71,7823.124,3750.2239,1141.0115,49248.6158,A3,N,N
06/01/2023,10:00,13882.0352,1744.0646,5635.1348,1348.9755,13833.4375,7931.0322,3655.8987,1092.1569,49122.7354,A6,N,N
06/01/2023,10:00,13273.7998,1704.4301,4922.04,1210.39,12999.2998,7526.7798,3848.8601,1223.05,46708.6496,E,N,N
06/01/2023,10:00,13267.9004,1655.29,4938.6499,1233.8101,13436,7651.6499,3848.8601,1237.74,47269.9004,E1,N,N
06/01/2023,10:00,13267.9004,1737.58,5010.7998,1261.66,13272.5,7475.29,3850.1899,1132.3,47008.2201,E2,Y,N
06/01/2023,10:00,13266.7002,1655.29,4938.6499,1233.8101,13754.7998,7651.6499,3836.6399,1237.74,47575.2798,E3,N,N
06/01/2023,10:00,13398.2305,1695.7139,5106.9043,1263.0088,13527.0625,7620.5498,3825.8657,1185.2933,47622.6288,M,N,N
06/01/2023,11:00,14827.1484,1860.722,5656.6538,1438.7214,14856.3643,8301.0059,4010.2598,1197.6312,52148.5068,A3,N,N
06/01/2023,11:00,14908.5537,1895.9717,5604.0034,1445.0408,14781.4102,8443.167,3934.9629,1127.5942,52140.7039,A6,N,N
06/01/2023,11:00,14159.2002,1837.51,4932.4199,1279.0601,13904.7998,7968.1499,4161.4399,1279.0601,49521.6399,E,N,N
06/01/2023,11:00,14142.0996,1769.46,5016.6201,1313.1801,14532.2998,8216.2305,4161.4399,1297.42,50448.75,E1,N,N
06/01/2023,11:00,14142.0996,1884.5601,5088.6001,1339.84,14241.2002,7970.8398,4165.8398,1187.0601,50020.0397,E2,Y,N
06/01/2023,11:00,14163.5996,1769.46,5016.6201,1313.1801,15047,8216.2305,4167.1299,1297.42,50990.6402,E3,N,N
06/01/2023,11:00,14287.2695,1829.0475,5157.8008,1342.8743,14601.4434,8134.7603,4134.231,1242.5183,50729.9451,M,N,N
06/01/2023,12:00,15634.1553,1968.7474,5762.0625,1531.4287,15976.1162,8746.5742,4265.8984,1245.9985,55130.9812,A3,N,N
06/01/2023,12:00,15694.835,2016.7675,5663.5601,1557.434,15832.6133,8932.1846,4188.8091,1210.8879,55097.0915,A6,N,N
06/01/2023,12:00,15027.5996,1968.9301,4839.0801,1352.13,14828,8465.2402,4475.4302,1323.38,52279.7902,E,N,N
06/01/2023,12:00,14991,1905.42,4922.02,1394.33,15595.2002,8834.1797,4475.4302,1346.77,53464.3501,E1,N,N
06/01/2023,12:00,14991,2027.1899,5048.8799,1418.34,15223.5,8500.6904,4474.1802,1229.39,52913.1704,E2,Y,N
06/01/2023,12:00,15071.7002,1905.42,4922.02,1394.33,16218,8834.1797,4494.7202,1346.77,54187.1401,E3,N,N
06/01/2023,12:00,15147.502,1960.9675,5119.7925,1424.7327,15669.9941,8679.7178,4438.936,1289.0627,53730.7053,M,N,N
06/01/2023,13:00,16465.7324,2080.623,5835.0918,1610.3895,16977.0195,9271.8252,4615.7222,1342.2793,58198.6829,A3,N,N
06/01/2023,13:00,16643.4102,2141.2156,5760.5942,1631.798,16911.9102,9487.5059,4585.5498,1306.4246,58468.4085,A6,N,N
06/01/2023,13:00,15883.7998,2077.6699,4734.0098,1404.7,15822.7998,8969.4404,4744.7202,1358.35,54995.4899,E,N,N
06/01/2023,13:00,15717,2016,4861.1499,1465.5601,16677.9004,9463.4697,4744.7202,1393.9399,56339.7402,E1,N,N
06/01/2023,13:00,15717,2153.3,4955.9102,1474.9,16300.7998,9035.7002,4747.8398,1297.4,55682.85,E2,Y,N
06/01/2023,13:00,15804.9004,2016,4861.1499,1465.5601,17222.0996,9463.4697,4780.6299,1393.9399,57007.7495,E3,N,N
06/01/2023,13:00,15909.7969,2076.2817,5071.6523,1491.2419,16702.3438,9247.4072,4730.6294,1351.0869,56580.4401,M,N,N
06/01/2023,14:00,17199.6055,2190.3853,5850.1206,1690.4637,18144.6016,9773.9014,4792.605,1432.4753,61074.1584,A3,N,N
06/01/2023,14:00,17350.5352,2298.4773,5805.9712,1639.5079,18240.1172,9953.7344,4777.9985,1399.6355,61465.9772,A6,N,N
06/01/2023,14:00,16625.1992,2199.54,4843.2002,1492.05,16837.9004,9411.5801,4964.6499,1404.03,57778.1498,E,N,N
06/01/2023,14:00,16430.1992,2139.74,4962.6001,1568.35,17752.9004,10012.2002,4964.6499,1453.35,59283.9898,E1,N,N
06/01/2023,14:00,16430.1992,2281.5901,5087.3701,1548.46,17359.9004,9537.8203,4975.77,1357.52,58578.6301,E2,Y,N
06/01/2023,14:00,16525.9004,2139.74,4962.6001,1568.35,18180.0996,10012.2002,5006.0698,1453.35,59848.3101,E3,N,N
06/01/2023,14:00,16632.293,2198.4043,5165.5957,1579.1758,17750,9762.1641,4946.0029,1415.4941,59449.1299,M,N,N
06/01/2023,15:00,18008.791,2300.1992,5853.6694,1742.8281,19102.7754,10269.9814,5019.1006,1500.262,63797.6071,A3,N,N
06/01/2023,15:00,18152.9609,2413.8152,5778.5518,1561.8939,19196.7324,10427.5332,4973.6284,1437.8062,63942.922,A6,N,N
06/01/2023,15:00,17079.1992,2276.27,5005.1499,1603.7,17620.8008,9807.5703,5107.96,1440.01,59940.6602,E,N,N
06/01/2023,15:00,16959.1992,2235.1899,5133.02,1680.1,18707.6992,10496.7002,5107.96,1503.46,61823.3285,E1,N,N
06/01/2023,15:00,16959.1992,2365.8501,5242.9702,1650.53,18172.1992,9966.9102,5148.6299,1405.26,60911.5488,E2,Y,N
06/01/2023,15:00,17075.1992,2235.1899,5133.02,1680.1,19040.1992,10496.7002,5176.7202,1503.46,62340.5887,E3,N,N
06/01/2023,15:00,17215.918,2291.498,5297.3481,1676.1346,18617.125,10223.5068,5123.0171,1467.0154,61911.563,M,N,N
06/01/2023,16:00,18231.6953,2322.718,5874.1367,1759.3258,19595.3164,10657.3916,5116.2363,1556.4462,65113.2663,A3,N,N
06/01/2023,16:00,18257.9512,2484.2224,5862.4648,1536.79,19799.2188,10761.3691,5040.2134,1466.6218,65208.8515,A6,N,N
06/01/2023,16:00,17298.3008,2323.3401,5119.0898,1643.03,18291.8008,10120.0996,5191.04,1495.3,61482.0011,E,N,N
06/01/2023,16:00,17398,2307.3799,5222.0801,1736.9399,19469.0996,10860.4004,5191.04,1560.79,63745.7299,E1,N,N
06/01/2023,16:00,17398,2417.01,5364.1401,1695.92,18842.4004,10267.5996,5240.0601,1476.47,62701.6002,E2,Y,N
06/01/2023,16:00,17423.6992,2307.3799,5222.0801,1736.9399,19556.5996,10860.4004,5236.6899,1560.79,63904.579,E3,N,N
06/01/2023,16:00,17562.4785,2344.9326,5384.8105,1719.7202,19214.8535,10567.9287,5204.4805,1528.0764,63527.2809,M,N,N
06/01/2023,17:00,18421.3066,2360.8801,5931.7798,1793.085,19959.1641,10971.4229,5182.5469,1601.9989,66222.1843,A3,N,N
06/01/2023,17:00,18567.2969,2521.158,6009.7388,1552.0084,20173.7461,11022.6641,5154.542,1476.2537,66477.408,A6,N,N
06/01/2023,17:00,17380.6992,2349.1899,5198.1099,1698.8,18641.0996,10385.5,5192.71,1543.97,62390.0786,E,N,N
06/01/2023,17:00,17653.4004,2355.46,5313.6401,1790.3,19940.9004,11151.4004,5192.71,1609.61,65007.4213,E1,N,N
06/01/2023,17:00,17653.4004,2446.8401,5441.9502,1747.77,19287.8008,10537.0996,5275.8999,1531.72,63922.481,E2,Y,N
06/01/2023,17:00,17501,2355.46,5313.6401,1790.3,19645.5996,11151.4004,5254.3901,1609.61,64621.4002,E3,N,N
06/01/2023,17:00,17733.9922,2383.3311,5464.2085,1768.9482,19530.0527,10854.5244,5234.1387,1578.1569,64547.3527,M,N,N
06/01/2023,18:00,18305.4492,2340.0291,5929.9375,1794.4799,19867.2637,11225.4902,5108.9336,1612.8959,66184.4791,A3,N,N
06/01/2023,18:00,18425.0586,2508.6243,5922.7856,1537.3035,20035.8828,11267.9941,5109.2168,1485.1951,66292.0608,A6,N,N
06/01/2023,18:00,17048.6992,2318.74,5429.48,1683.3199,18652.5,10525.2998,5149.6001,1548.1801,62355.8191,E,N,N
06/01/2023,18:00,17635.5996,2336.1499,5529.02,1780.77,19981.9004,11283.4004,5149.6001,1609.16,65305.6004,E1,N,N
06/01/2023,18:00,17635.5996,2422,5618.79,1741.75,19326.5996,10663.4004,5240.8101,1511.77,64160.7197,E2,Y,N
06/01/2023,18:00,17274.9004,2336.1499,5529.02,1780.77,19412.1992,11283.4004,5184.5801,1609.16,64410.18,E3,N,N
06/01/2023,18:00,17602.6699,2360.9399,5626.1807,1762.061,19458.5332,11010.0088,5179.3237,1574.5923,64574.3095,M,N,N
06/01/2023,19:00,17880.3828,2284.7166,5847.4224,1778.4326,19467.5566,11143.2803,5036.9805,1609.1908,65047.9626,A3,N,N
06/01/2023,19:00,18123.2402,2440.7004,5852.2158,1527.8652,19493.5254,11093.5859,5036.7607,1452.0096,65019.9032,A6,N,N
06/01/2023,19:00,16598.6992,2274.6299,5490.1401,1647.84,18196.5996,10484.0996,5016.0098,1529.73,61237.7482,E,N,N
06/01/2023,19:00,17233.5996,2290.8,5622.8101,1743.5601,19520,11188.5,5016.0098,1594.8101,64210.0897,E1,N,N
06/01/2023,19:00,17233.5996,2375.6399,5519.1499,1706.71,18774.0996,10583.0996,5125.0898,1490.1,62807.4884,E2,Y,N
06/01/2023,19:00,16798.0996,2290.8,5622.8101,1743.5601,18839.8008,11188.5,5041.6299,1594.8101,63120.0106,E3,N,N
06/01/2023,19:00,17168.8164,2313.4185,5623.3677,1729.9077,18949.3418,10927.3955,5060.6143,1559.7651,63332.627,M,N,N
06/01/2023,20:00,17271.5996,2178.4116,5855.4067,1748.7028,18753.2559,10893.04,4868.4312,1551.4204,63120.2682,A3,N,N
06/01/2023,20:00,17502.0566,2314.0598,5823.7041,1518.0659,18714.2539,10946.2188,4900.7109,1415.5933,63134.6633,A6,N,N
06/01/2023,20:00,16062.7002,2173.8101,5462.1802,1582.9301,17461.6992,10235.9004,4841.6899,1465.17,59286.0801,E,N,N
06/01/2023,20:00,16647,2187.03,5599.9399,1674.2,18679.5996,10833.2002,4841.6899,1526.6,61989.2596,E1,N,N
06/01/2023,20:00,16647,2258.6899,5293.8799,1626.27,17927.5996,10298.7998,4952.7202,1393.1899,60398.1493,E2,Y,N
06/01/2023,20:00,16217,2187.03,5599.9399,1674.2,18036.5996,10833.2002,4848.4199,1526.6,60922.9896,E3,N,N
06/01/2023,20:00,16584.4902,2205.4824,5545.4395,1665.5946,18154.041,10625.1191,4882.3662,1485.3981,61147.9311,M,N,N
06/01/2023,21:00,17014.9688,2102.7644,5744.3716,1707.644,18570.1445,10579.5381,4788.9727,1499.6637,62008.0678,A3,N,N
06/01/2023,21:00,17218.4453,2248.04,5683.0176,1508.6013,18378.7266,10693.5879,4794.7949,1406.7612,61931.9748,A6,N,N
06/01/2023,21:00,15657.4004,2096.52,5425.6401,1507.01,16908.6992,9975.2002,4717.0898,1411.59,57699.1497,E,N,N
06/01/2023,21:00,16102.5,2091.76,5526.7998,1589.7,17964.4004,10418.7002,4717.0898,1465.3101,59876.2603,E1,N,N
06/01/2023,21:00,16102.5,2159.4299,5212.9702,1535.71,17213.5,10055.5,4811.1299,1330.02,58420.76,E2,Y,N
06/01/2023,21:00,15769.9004,2091.76,5526.7998,1589.7,17416.6992,10418.7002,4695.4199,1465.3101,58974.2896,E3,N,N
06/01/2023,21:00,16140.7051,2114.738,5466.0498,1588.8229,17590.3984,10297.5586,4753.1777,1426.2218,59377.6723,M,N,N
06/01/2023,22:00,16596.7012,2039.6403,5833.7021,1660.3483,18134.8594,10241.3828,4697.4502,1454.406,60658.4903,A3,N,N
06/01/2023,22:00,16858.8789,2177.7661,5797.3926,1484.3561,17853.9961,10369.0879,4649.3706,1323.8352,60514.6835,A6,N,N
06/01/2023,22:00,15197,2022.88,5301.2998,1464.47,16297.2998,9694.2998,4599.71,1409.92,55986.8794,E,N,N
06/01/2023,22:00,15605.9004,2006.85,5421.8799,1538.39,17260.9004,10043.2998,4599.71,1454.49,57931.4205,E1,N,N
06/01/2023,22:00,15605.9004,2078.7,5331.2202,1488.5699,16582.8008,9757.7402,4693.6899,1337.91,56876.5314,E2,Y,N
06/01/2023,22:00,15298.2002,2006.85,5421.8799,1538.39,16739.4004,10043.2998,4571.2202,1454.49,57073.7305,E3,N,N
06/01/2023,22:00,15670.8613,2036.5659,5464.9888,1540.4436,16979.4531,9962.3486,4638.9053,1415.0422,57708.6088,M,N,N
06/01/2023,23:00,15692.7207,1896.564,5845.8828,1567.1417,16612.459,9518.5996,4421.8003,1334.6544,56889.8225,A3,N,N
06/01/2023,23:00,16020.4639,2017.2446,5825.6064,1516.0449,16419.9824,9579.8779,4381.3008,1191.0745,56951.5954,A6,N,N
06/01/2023,23:00,14393.0996,1870.58,5196.5801,1389.5699,15061.5,8982.21,4334.6699,1353.62,52581.8295,E,N,N
06/01/2023,23:00,14688.7998,1853.74,5290.8501,1453.91,15925.7002,9294,4334.6699,1386.22,54227.89,E1,N,N
06/01/2023,23:00,14688.7998,1910.9399,5335.0601,1411.55,15310.7002,9038.54,4417.77,1283.5601,53396.9201,E2,Y,N
06/01/2023,23:00,14419.2998,1853.74,5290.8501,1453.91,15463.5,9294,4321.5601,1386.22,53483.08,E3,N,N
06/01/2023,23:00,14779.1641,1881.1489,5405.6929,1457.4144,15653.4727,9231.1035,4373.0928,1341.8489,54122.9382,M,N,N
06/01/2023,24:00,14598.3506,1740.0574,5754.689,1428.8684,14748.5947,8782.2285,4117.064,1264.2358,52434.0884,A3,N,N
06/01/2023,24:00,14801.9824,1805.2524,5763.9111,1437.6466,14658.4785,8791.5859,4046.1577,1193.4447,52498.4593,A6,N,N
06/01/2023,24:00,13439.0996,1722.87,5149.8599,1241.03,13716.5996,8187.1899,4032.21,1268.21,48757.069,E,N,N
06/01/2023,24:00,13726.2998,1708.51,5179.2598,1312.25,14470.9004,8451.7402,4032.21,1293.23,50174.4002,E1,N,N
06/01/2023,24:00,13726.2998,1750.16,5264.8799,1257.58,13882.5,8220.7598,4104.8301,1212.78,49419.7896,E2,Y,N
06/01/2023,24:00,13481.2998,1708.51,5179.2598,1312.25,14018.2002,8451.7402,4030.6799,1293.23,49475.1699,E3,N,N
06/01/2023,24:00,13798.4902,1728.7505,5317.0918,1312.0507,14138.6797,8422.0889,4070.5078,1260.7942,50048.4538,M,N,N
06/02/2023,1:00,13638.3281,1581.049,5741.8086,1342.3346,13242.375,7963.166,3850.2502,1118.7152,48478.0267,A3,N,N
06/02/2023,1:00,13829.96,1621.3328,5690.8584,1343.692,13305.8936,7958.8135,3795.8242,1154.4652,48700.8397,A6,N,N
06/02/2023,1:00,12514.7998,1574.99,5117.1602,1125.55,12431,7387.8799,3747.8401,1218.22,45117.44,E,N,N
06/02/2023,1:00,12743.5,1560.53,5094.2202,1194.1899,13063.4004,7640.4302,3747.8401,1209.66,46253.7708,E1,N,N
06/02/2023,1:00,12743.5,1592.26,5261.1201,1141.0601,12547.2998,7433.6201,3799.3201,1172.5699,45690.7501,E2,Y,N
06/02/2023,1:00,12580.7002,1560.53,5094.2202,1194.1899,12707.4004,7640.4302,3779.6599,1209.66,45766.7908,E3,N,N
06/02/2023,1:00,12850.7559,1575.5989,5276.1021,1201.0159,12774.3262,7617.6797,3793.312,1181.2,46269.9907,M,N,N
06/02/2023,2:00,12952.6318,1492.4579,5755.3267,1260.8136,12175.1982,7361.5137,3619.3105,1028.7819,45646.0343,A3,N,N
06/02/2023,2:00,13018.5615,1521.2977,5658.3198,1266.5608,12183.8604,7386.9404,3552.4814,1051.3555,45639.3775,A6,N,N
06/02/2023,2:00,11859.2998,1460.8199,5120.25,1065.46,11478,6780.9199,3520.24,1175.16,42460.1496,E,N,N
06/02/2023,2:00,12022.7998,1443.74,5077.2998,1117,12004.2002,7013.04,3520.24,1146.67,43344.9898,E1,N,N
06/02/2023,2:00,12022.7998,1471.9,5275.6099,1081.87,11586.7998,6848.8799,3552.73,1120.91,42961.4994,E2,Y,N
06/02/2023,2:00,11939.2002,1443.74,5077.2998,1117,11703.2998,7013.04,3552.5701,1146.67,42992.8199,E3,N,N
06/02/2023,2:00,12167.3359,1463.6396,5276.6934,1130.0697,11770.29,7010.2749,3559.5005,1118.2134,43496.0174,M,N,N
06/02/2023,3:00,12409.5957,1411.0615,5660.4146,1210.8573,11444.8086,7010.6504,3435.7549,979.7357,43562.8787,A3,N,N
06/02/2023,3:00,12407.2256,1434.4082,5579.9575,1211.0995,11414.041,7060.1182,3367.1118,999.2855,43473.2473,A6,N,N
06/02/2023,3:00,11312.9004,1381.62,4855.3398,1004.18,10808.5996,6368.0898,3359.8401,1160.91,40251.4797,E,N,N
06/02/2023,3:00,11467.4004,1362.64,4799.71,1060.7,11198,6564.04,3359.8401,1107.5,40919.8305,E1,N,N
06/02/2023,3:00,11467.4004,1388.3,5039.5801,1022.71,10857.2998,6400.02,3379.8101,1099.8199,40654.9403,E2,Y,N
06/02/2023,3:00,11412.7998,1362.64,4799.71,1060.7,10931.4004,6564.04,3395.1899,1107.5,40633.9801,E3,N,N
06/02/2023,3:00,11624.0098,1381.9203,5049.375,1073.6825,11026.2324,6584.5615,3391.6191,1084.9841,41216.3847,M,N,N
06/02/2023,4:00,12164.4297,1361.8955,5617.5386,1176.8148,11095.0986,6676.7354,3312.9763,950.5553,42356.0442,A3,N,N
06/02/2023,4:00,12029.5352,1377.2664,5563.0483,1176.8242,11060.2715,6707.3052,3245.7527,961.4893,42121.4928,A6,N,N
06/02/2023,4:00,11108.0996,1348.05,4957.71,980.367,10466.4004,6160.27,3273.1699,1100.08,39394.1469,E,N,N
06/02/2023,4:00,11254.7002,1330.09,4900.8599,1026.6,10786.5,6336.79,3273.1699,1050.92,39959.63,E1,N,N
06/02/2023,4:00,11254.7002,1357.9,5164.0801,997.75,10458.2998,6176.3198,3292.98,1032.98,39735.0099,E2,Y,N
06/02/2023,4:00,11208.9004,1330.09,4900.8599,1026.6,10464,6336.79,3301.0701,1050.92,39619.2304,E3,N,N
06/02/2023,4:00,11408.2461,1346.5901,5128.8467,1043.3646,10621,6338.9863,3295.4443,1030.3811,40212.8592,M,N,N
06/02/2023,5:00,12008.2363,1339.9626,5592.1563,1161.1609,10901.0186,6610.1782,3279.6162,971.7328,41864.0619,A3,N,N
06/02/2023,5:00,11815.0127,1355.0692,5524,1172.377,10887.7236,6646.1533,3210.1077,966.9166,41577.3601,A6,N,N
06/02/2023,5:00,11074.5996,1353.26,4878.75,981.125,10452.2002,6131.8799,3238.2,1095.8,39205.8147,E,N,N
06/02/2023,5:00,11200.5996,1329.03,4849.8101,1015.73,10692.5996,6276.75,3238.2,1036.01,39638.7293,E1,N,N
06/02/2023,5:00,11200.5996,1354.3101,5099.4702,995.604,10407.2002,6121.27,3245.6599,1024.1899,39448.3039,E2,Y,N
06/02/2023,5:00,11133.0996,1329.03,4849.8101,1015.73,10382.9004,6276.75,3236.8899,1036.01,39260.22,E3,N,N
06/02/2023,5:00,11329.2764,1341.2236,5076.0713,1035.3179,10531.7139,6282.3047,3248.3281,1025.5875,39869.8234,M,N,N
06/02/2023,6:00,12278.0459,1372.7219,5628.8638,1186.5546,11359.4961,6741.3823,3313.8206,1002.637,42883.5222,A3,N,N
06/02/2023,6:00,12136.3506,1401.8647,5545.6548,1183.5126,11309.5859,6795.3135,3247.4819,1017.4204,42637.1844,A6,N,N
06/02/2023,6:00,11331.5996,1379.47,5080.52,997.06,10757.7998,6290.6201,3294.28,1107.02,40238.3695,E,N,N
06/02/2023,6:00,11424.4004,1356.95,5053.75,1031.37,10954.5,6419.48,3294.28,1046.52,40581.2504,E1,N,N
06/02/2023,6:00,11424.4004,1383.67,5304.9399,1010.22,10678,6276.8101,3300.26,1049.9,40428.2004,E2,Y,N
06/02/2023,6:00,11306.0996,1356.95,5053.75,1031.37,10629.5,6419.48,3298.54,1046.52,40142.2096,E3,N,N
06/02/2023,6:00,11550.3594,1370.3724,5246.8066,1052.6309,10835.3789,6428.1738,3301.2603,1044.8075,40829.7898,M,N,N
06/02/2023,7:00,12680.292,1475.4166,5622.3745,1234.4387,11996.9443,7144.3716,3447.2046,1056.1542,44657.1965,A3,N,N
06/02/2023,7:00,12412.4561,1502.0353,5518.1377,1239.246,11939.3223,7156.7607,3374.5669,1096.7471,44239.2721,A6,N,N
06/02/2023,7:00,11681.2998,1454.89,5080.1201,1049.37,11309,6646.4302,3417.5601,1155.87,41794.5402,E,N,N
06/02/2023,7:00,11718.5996,1433.9,5031.9399,1059.73,11465.2002,6769.1401,3417.5601,1091.09,41987.1599,E1,N,N
06/02/2023,7:00,11718.5996,1461.3101,5268.4399,1049.66,11188.7002,6639.1001,3421.3701,1107.4,41854.58,E2,Y,N
06/02/2023,7:00,11524.4004,1433.9,5031.9399,1059.73,11154,6769.1401,3421.53,1091.09,41485.7304,E3,N,N
06/02/2023,7:00,11848.9492,1452.5254,5225.7954,1090.6147,11379.6191,6792.9038,3425.8232,1095.4739,42311.7047,M,N,N
06/02/2023,8:00,13161.5,1538.2549,5687.8916,1287.1049,12693.2979,7429.2896,3541.8557,1061.3662,46400.5608,A3,N,N
06/02/2023,8:00,12815.6699,1579.8883,5636.5186,1308.6354,12614.4912,7482.938,3446.5791,1062.4399,45947.1604,A6,N,N
06/02/2023,8:00,12094.9004,1530.33,5008.5298,1098.76,11842.2998,6946.0801,3514.0801,1188.36,43223.3402,E,N,N
06/02/2023,8:00,12092.5,1512.03,4957.6699,1087.77,11967.2002,7062.6099,3514.0801,1132.29,43326.1501,E1,N,N
06/02/2023,8:00,12092.5,1536.54,5204.6201,1097.14,11731.7998,6950,3520.51,1165.5699,43298.6798,E2,Y,N
06/02/2023,8:00,11827.4004,1512.03,4957.6699,1087.77,11655.0996,7062.6099,3532.02,1132.29,42766.8898,E3,N,N
06/02/2023,8:00,12227.0098,1526.458,5182.8857,1131.5471,11935.6807,7090.5098,3526.9463,1133.6963,43754.7337,M,N,N
06/02/2023,9:00,13753.96,1617.3577,5733.8198,1320.5179,13439.0127,7728.7539,3688.7561,1090.7756,48372.9537,A3,N,N
06/02/2023,9:00,13433.8438,1681.6708,5688.438,1321.549,13324.9727,7820.0469,3616.5164,1046.2847,47933.3223,A6,N,N
06/02/2023,9:00,12761.2998,1626.46,4958.54,1176.46,12497.7002,7358.23,3700.1699,1211.72,45290.5799,E,N,N
06/02/2023,9:00,12846.0996,1624.11,4907.8301,1155.92,12767.5,7520.9502,3700.1699,1161.62,45684.1998,E1,N,N
06/02/2023,9:00,12846.0996,1644.75,5178.0601,1178.34,12639.5996,7402.0898,3725.25,1197.36,45811.5491,E2,Y,N
06/02/2023,9:00,12480.5,1624.11,4907.8301,1155.92,12514.2002,7520.9502,3771.71,1161.62,45136.8405,E3,N,N
06/02/2023,9:00,12909.5117,1629.1865,5159.1685,1197.6196,12760.4629,7510.5811,3726.8735,1163.1831,46056.5869,M,N,N
06/02/2023,10:00,14282.6025,1719.8381,5709.8647,1361.5637,14399.4482,8158.4185,3835.9304,1168.6637,50636.3298,A3,N,N
06/02/2023,10:00,14167.4854,1799.5056,5673.292,1359.5402,14324.6016,8275.2891,3770.3105,1111.6631,50481.6875,A6,N,N
06/02/2023,10:00,13599.9004,1754.3101,4921.1499,1250.5601,13233.2998,7805.7798,3968.3301,1275.26,47808.5902,E,N,N
06/02/2023,10:00,13753.5,1768.1801,4884.3701,1233.23,13762.2002,8071.1802,3968.3301,1237.2,48678.1907,E1,N,N
06/02/2023,10:00,13753.5,1790.27,5074.8198,1271.64,13648.5,7903.23,4013.3701,1274.75,48730.0799,E2,Y,N
06/02/2023,10:00,13314.4004,1768.1801,4884.3701,1233.23,13605.7998,8071.1802,4096.02,1237.2,48210.3806,E3,N,N
06/02/2023,10:00,13712.2314,1763.7517,5110.2822,1272.1528,13755.7305,8011.7031,3993.6694,1238.5637,48858.0848,M,N,N
06/02/2023,11:00,15254.3818,1870.6111,5691.4897,1446.9244,15330.1631,8769.7832,4084.0845,1233.9061,53681.3439,A3,N,N
06/02/2023,11:00,15214.4033,1956.3525,5646.7896,1486.3505,15251.541,8915.3643,4038.2737,1152.3586,53661.4335,A6,N,N
06/02/2023,11:00,14555.2998,1878.66,4941.8701,1332.86,14094.4004,8305.2598,4257.6899,1329.5,50695.54,E,N,N
06/02/2023,11:00,14666.2002,1907.72,4946.0601,1309.46,14905.5,8745.8604,4257.6899,1307.37,52045.8606,E1,N,N
06/02/2023,11:00,14666.2002,1934.97,5146.8198,1365.88,14702.7998,8492.0596,4316.3198,1363.28,51988.3292,E2,Y,N
06/02/2023,11:00,14159.7998,1907.72,4946.0601,1309.46,14818.7998,8745.8604,4421.21,1307.37,51616.2801,E3,N,N
06/02/2023,11:00,14620.8262,1905.5673,5154.9551,1356.2189,14822.5039,8630.4453,4289.6143,1311.6633,52091.7943,M,N,N
06/02/2023,12:00,16063.375,1978.0802,5780.0952,1532.5082,16540.9961,9316,4343.5249,1285.5093,56840.0889,A3,N,N
06/02/2023,12:00,16014.9863,2082.6863,5699.9658,1600.8857,16356.6533,9463.668,4309.6836,1244.3684,56772.8974,A6,N,N
06/02/2023,12:00,15399,2000.51,4817.1899,1414.63,14940.7998,8804.7803,4523.1499,1379.88,53279.9399,E,N,N
06/02/2023,12:00,15531.7998,2040.9301,4917.75,1382.04,16045.5996,9425.6504,4523.1499,1366.6801,55233.5999,E1,N,N
06/02/2023,12:00,15531.7998,2071,5118.6099,1459.79,15692.4004,9086.2305,4616.8599,1416.7,54993.3905,E2,Y,N
06/02/2023,12:00,15014.2998,2040.9301,4917.75,1382.04,15880.2998,9425.6504,4738.1899,1366.6801,54765.8401,E3,N,N
06/02/2023,12:00,15469.585,2033.3391,5140.4209,1438.7178,15878.6504,9239.8076,4579.8501,1366.772,55147.1429,M,N,N
06/02/2023,13:00,16811.2617,2090.196,5783.4468,1601.3971,17653.2695,9988.3467,4686.8335,1383.2699,59998.0212,A3,N,N
06/02/2023,13:00,16982.2891,2232.499,5733.9932,1670.0452,17553.5781,10029.877,4706.4399,1394.8948,60303.6163,A6,N,N
06/02/2023,13:00,16198.4004,2105.0601,4733.6099,1481.6801,15836.0996,9274.3701,4754.8799,1412.16,55796.2601,E,N,N
06/02/2023,13:00,16285.9004,2153.3701,4872.9399,1445.84,17192.8008,10075.0996,4754.8799,1414.63,58195.4607,E1,N,N
06/02/2023,13:00,16285.9004,2199.8,5013.5098,1533.01,16732.0996,9644.7598,4882.1201,1467.25,57758.4497,E2,Y,N
06/02/2023,13:00,15782.4004,2153.3701,4872.9399,1445.84,16798.9004,10075.0996,5018.0298,1414.63,57561.2102,E3,N,N
06/02/2023,13:00,16231.1738,2149.8333,5083.2793,1506.6865,16892.8438,9848.5742,4858.3877,1423.8971,57994.6757,M,N,N
06/02/2023,14:00,17612.7969,2201.5195,5825.6997,1680.4768,18745.3164,10638.127,4913.3657,1475.6786,63092.9806,A3,N,N
06/02/2023,14:00,17716.2988,2396.2371,5793.3979,1619.1719,18515.4141,10574.707,4914.4287,1489.4077,63019.0632,A6,N,N
06/02/2023,14:00,16899.3008,2212.45,4844.52,1557.66,16743.5996,9697.2002,4944.9102,1448.0699,58347.7107,E,N,N
06/02/2023,14:00,16962.8008,2267.53,5076.79,1537.3199,18383.9004,10635.2998,4944.9102,1461.83,61270.3811,E1,N,N
06/02/2023,14:00,16962.8008,2331.3,5174.4399,1617.23,17823.5996,10142.2998,5104.4702,1509.25,60665.3903,E2,Y,N
06/02/2023,14:00,16608.5,2267.53,5076.79,1537.3199,17730.5996,10635.2998,5238.7798,1461.83,60556.6491,E3,N,N
06/02/2023,14:00,16980.1602,2267.9509,5232.6401,1591.9585,17928.0742,10394.1553,5074.6304,1477.4497,60947.0193,M,N,N
06/02/2023,15:00,18346.9785,2311.2317,5882.0029,1731.599,19522.4023,10988.8164,5147.0459,1545.8634,65475.9401,A3,N,N
06/02/2023,15:00,18566,2516.4773,5859.8135,1580.5762,19702.4629,10882.957,5128.9976,1530.5824,65767.8669,A6,N,N
06/02/2023,15:00,17305.4004,2288.46,4998.9702,1621.6899,17465.1992,10073.2002,5066.2598,1477.8101,60296.9898,E,N,N
06/02/2023,15:00,17457.0996,2355.9199,5298.6699,1627.47,19293.1992,11100.4004,5066.2598,1508.73,63707.7488,E1,N,N
06/02/2023,15:00,17457.0996,2421,5389.1401,1702.98,18606.5,10560.7998,5257.8999,1551.6899,62947.1093,E2,Y,N
06/02/2023,15:00,17287,2355.9199,5298.6699,1627.47,18639.5996,11100.4004,5406.1001,1508.73,63223.8899,E3,N,N
06/02/2023,15:00,17568.875,2359.7603,5412.5078,1670.3707,18754.1504,10813.4834,5241.8613,1525.9528,63346.9617,M,N,N
06/02/2023,16:00,18690.8633,2410.7253,5864.335,1787.2814,19702.2754,11267.3701,5239.4663,1605.3386,66567.6554,A3,N,N
06/02/2023,16:00,18878.6914,2558.4282,5845.1465,1587.957,20063.4023,11130.3467,5195.0967,1567.4645,66826.5333,A6,N,N
06/02/2023,16:00,17433.3008,2340.6899,5126.7998,1652.21,18039.1992,10327.0996,5134.1499,1525.95,61579.3992,E,N,N
06/02/2023,16:00,17803.3008,2417.46,5408.3599,1670.6899,19926.4004,11370,5134.1499,1560.35,65290.7109,E1,N,N
06/02/2023,16:00,17803.3008,2476.8999,5561.1201,1725.78,19214.5,10806.0996,5346.2202,1607.51,64541.4306,E2,Y,N
06/02/2023,16:00,17708.5996,2417.46,5408.3599,1670.6899,19215.1992,11370,5457.04,1560.35,64807.6986,E3,N,N
06/02/2023,16:00,17915.4023,2426.2681,5517.2275,1708.6873,19265.9258,11076.0146,5315.7012,1580.0558,64805.2826,M,N,N
06/02/2023,17:00,18846.2266,2439.8442,5924.8008,1773.4547,19982.6582,11429.5586,5330.0889,1655.4445,67382.0765,A3,N,N
06/02/2023,17:00,19073.9492,2565.3535,5789.4111,1569.6042,20218.8359,11258.4834,5278.4243,1554.4218,67308.4834,A6,N,N
06/02/2023,17:00,17464.5996,2355.52,5213.8999,1670.3199,18314,10492.2998,5122.25,1569.97,62202.8592,E,N,N
06/02/2023,17:00,17962.5996,2437.95,5495.4502,1703.0699,20155.0996,11487.4004,5122.25,1598.1801,65961.9998,E1,N,N
06/02/2023,17:00,17962.5996,2490.28,5616.0298,1746.97,19425,10933.7998,5352.7998,1650.62,65178.099,E2,Y,N
06/02/2023,17:00,17959.8008,2437.95,5495.4502,1703.0699,19604.4004,11487.4004,5466.8999,1598.1801,65753.1517,E3,N,N
06/02/2023,17:00,18088.6855,2445.7849,5589.3394,1727.042,19552.2617,11210.2422,5336.3779,1622.5439,65572.2775,M,N,N
06/02/2023,18:00,18810.0352,2388.5447,5958.6704,1748.3157,19447.6895,11405.3291,5262.291,1673.1948,66694.0704,A3,N,N
06/02/2023,18:00,18951.248,2569.4089,5837.4893,1522.973,19796.2383,11307.9688,5229.3984,1547.608,66762.3327,A6,N,N
06/02/2023,18:00,17141.0996,2322.8101,5426.5601,1651.71,18338.5996,10567,5065.4399,1558.5699,62071.7892,E,N,N
06/02/2023,18:00,17821.9004,2412.78,5652.48,1678.01,20016.5996,11453.5996,5065.4399,1580.77,65681.5795,E1,N,N
06/02/2023,18:00,17821.9004,2460.1201,5725.9302,1723.05,19335.1992,10946.4004,5296.9502,1612.78,64922.3305,E2,Y,N
06/02/2023,18:00,17821.6992,2412.78,5652.48,1678.01,19519.3008,11453.5996,5360.8599,1580.77,65479.4995,E3,N,N
06/02/2023,18:00,17951.3867,2413.1382,5713.1616,1702.9534,19381.4082,11203.126,5262.8896,1606.6379,65234.7016,M,N,N
06/02/2023,19:00,18273.8262,2264.4631,5866.231,1743.6799,18672.2031,11098.3096,5141.0522,1670.6451,64730.4102,A3,N,N
06/02/2023,19:00,18361.9746,2430.2229,5830.6943,1501.7035,18991.5137,11113.2451,5092.458,1521.9266,64843.7387,A6,N,N
06/02/2023,19:00,16617.5996,2261.53,5493.77,1604.96,17864.1992,10421.7002,4931.1699,1531.15,60726.0789,E,N,N
06/02/2023,19:00,17295.3008,2347.8799,5621.8599,1625.28,19353.4004,11190.9004,4931.1699,1554.55,63920.3413,E1,N,N
06/02/2023,19:00,17295.3008,2392.2,5614.6401,1670.4,18748.1992,10796.7002,5151.8501,1590.8199,63260.1103,E2,Y,N
06/02/2023,19:00,17266.1992,2347.8799,5621.8599,1625.28,18865.6992,11190.9004,5193.52,1554.55,63665.8886,E3,N,N
06/02/2023,19:00,17414.5059,2335.8577,5655.7593,1660.464,18740.3711,10977.2021,5118.0557,1586.3101,63488.5259,M,N,N
06/02/2023,20:00,17373.2559,2123.3987,5760.436,1659.986,17998.3105,10689.6924,4951.7988,1622.2295,62179.1078,A3,N,N
06/02/2023,20:00,17366.4883,2297.5542,5740.6689,1456.2949,18160.1445,10846.7871,4924.4106,1475.9558,62268.3043,A6,N,N
06/02/2023,20:00,16044.0996,2158.6201,5464.1099,1519.85,17038.1992,10065.5,4754.3101,1460.28,58504.9689,E,N,N
06/02/2023,20:00,16607.3008,2227.24,5541.1499,1556.03,18322.9004,10735.4004,4754.3101,1485.86,61230.1916,E1,N,N
06/02/2023,20:00,16607.3008,2268.6899,5427.0898,1586.09,17939.1992,10456.9004,4961.23,1506.46,60752.9601,E2,Y,N
06/02/2023,20:00,16434.5,2227.24,5541.1499,1556.03,17765,10735.4004,4963.9902,1485.86,60709.1705,E3,N,N
06/02/2023,20:00,16652.332,2212.0449,5543.0854,1582.2212,17847.0313,10575.7188,4918.7881,1516.756,60847.9777,M,N,N
06/02/2023,21:00,16949.7754,2044.8796,5658.9497,1623.9286,17370.4922,10324.5557,4770.7725,1557.809,60301.1627,A3,N,N
06/02/2023,21:00,16918.5586,2224.363,5582.6523,1439.4587,17458.3555,10480.7578,4745.4595,1459.627,60309.2324,A6,N,N
06/02/2023,21:00,15620.9004,2080.6001,5402.29,1431.1801,16411.8008,9779.1699,4615.3999,1400.1899,56741.5311,E,N,N
06/02/2023,21:00,16077.2002,2131.8,5462.0698,1470.46,17580.0996,10329.7998,4615.3999,1416.61,59083.4393,E1,N,N
06/02/2023,21:00,16077.2002,2164.1599,5277.5801,1484.78,17356.0996,10161.5,4783.7402,1438.14,58743.2,E2,Y,N
06/02/2023,21:00,15841,2131.8,5462.0698,1470.46,16841.8008,10329.7998,4718.5,1416.61,58212.0404,E3,N,N
06/02/2023,21:00,16135.2266,2119.0039,5440.1211,1501.5217,17132.6582,10223.1982,4727.9063,1449.6669,58729.3029,M,N,N
06/02/2023,22:00,16581.8066,1985.5951,5699.7969,1576.1401,17095.4141,9953.9678,4627.9551,1503.788,59024.4637,A3,N,N
06/02/2023,22:00,16607.8008,2174.7793,5609.0278,1394.318,16984.8711,10128.5762,4598.0273,1406.0835,58903.484,A6,N,N
06/02/2023,22:00,15202.5,2020.55,5268.8301,1402.27,15917.0996,9530.9199,4517.6699,1406.23,55266.0695,E,N,N
06/02/2023,22:00,15607.0996,2062.3701,5392.7598,1435.45,16945.3008,9981.21,4517.6699,1416.03,57357.8902,E1,N,N
06/02/2023,22:00,15607.0996,2089.1799,5244.9502,1441.7,16812.5996,9867.25,4659.4502,1463.59,57185.8195,E2,Y,N
06/02/2023,22:00,15313.9004,2062.3701,5392.7598,1435.45,16213.7002,9981.21,4575.4302,1416.03,56390.8507,E3,N,N
06/02/2023,22:00,15673.6211,2050.876,5397.4312,1462.145,16613.2148,9896.5449,4599.5889,1446.8696,57140.2915,M,N,N
06/02/2023,23:00,15793.3633,1861.3857,5635.0698,1505.2411,15876.2285,9368.7227,4413.3208,1372.3981,55825.73,A3,N,N
06/02/2023,23:00,15950.5391,2020.6375,5660.7783,1430.8389,15856.1162,9397.9922,4371.2324,1295.1635,55983.2981,A6,N,N
06/02/2023,23:00,14451,1886.53,5178.25,1354.7,14869.7002,8920.6201,4305.4399,1358.66,52324.9002,E,N,N
06/02/2023,23:00,14771.2002,1918.38,5248.6099,1392.26,15667.4004,9313.0703,4305.4399,1364.8101,53981.1708,E1,N,N
06/02/2023,23:00,14771.2002,1941.11,5219.9902,1380.12,15524,9231.4102,4425.29,1404.5601,53897.6807,E2,Y,N
06/02/2023,23:00,14475.0996,1918.38,5248.6099,1392.26,15220.5,9313.0703,4342.5898,1364.8101,53275.3197,E3,N,N
06/02/2023,23:00,14854.7832,1910.6152,5310.2803,1407.4583,15452.3066,9260.458,4374.1162,1377.6377,53947.6555,M,N,N
06/02/2023,24:00,14839.4424,1728.863,5551.7891,1436.8228,14482.5859,8753.9541,4168.416,1290.6237,52252.497,A3,N,N
06/02/2023,24:00,14920.5723,1852.7202,5555.8115,1421.48,14441.4209,8646.9385,4106.7808,1305.4976,52251.2218,A6,N,N
06/02/2023,24:00,13615.9004,1749.66,5149.3101,1224.89,13690.7998,8235.0996,4066.96,1258.13,48990.7499,E,N,N
06/02/2023,24:00,13893.5,1770.6801,5110.5098,1273.85,14280.5996,8568.1602,4066.96,1273.23,50237.4897,E1,N,N
06/02/2023,24:00,13893.5,1789.98,5106.7402,1227.25,14097.7998,8501.1299,4163.3301,1287.4,50067.13,E2,Y,N
06/02/2023,24:00,13615.0996,1770.6801,5110.5098,1273.85,14050.9004,8568.1602,4080.76,1273.23,49743.1901,E3,N,N
06/02/2023,24:00,13971.4092,1766.0046,5201.5146,1287.5686,14138.2686,8551.9043,4120.3022,1279.4497,50316.4218,M,N,N
06/03/2023,1:00,13944.625,1619.0404,5564.7559,1400.2357,13315.0645,7904.3184,3935.1204,1230.8871,48914.0474,A3,N,N
06/03/2023,1:00,13947.4434,1700.0796,5500.6567,1359.2039,13361.0264,7797.605,3914.3987,1266.8518,48847.2655,A6,N,N
06/03/2023,1:00,12737.2002,1596.96,5124.1699,1124.6899,12460.7998,7473.9302,3830.27,1173.51,45521.53,E,N,N
06/03/2023,1:00,12957.9004,1613.47,5030.4702,1185.88,12796.4004,7778.8398,3830.27,1184.65,46377.8808,E1,N,N
06/03/2023,1:00,12957.9004,1629.04,5094.3999,1112.38,12600.2002,7735.6802,3911.0901,1190.28,46230.9708,E2,N,N
06/03/2023,1:00,12731.2998,1613.47,5030.4702,1185.88,12975.7998,7778.8398,3861.78,1184.65,46362.1896,E3,Y,N
06/03/2023,1:00,13065.1953,1617.6041,5165.8765,1200.5822,12861.5332,7760.4971,3884.9395,1194.4724,46750.7003,M,N,N
06/03/2023,2:00,13277.0684,1513.9078,5540.021,1284.3552,12177.0674,7285.2974,3631.4272,1119.7261,45828.8705,A3,N,N
06/03/2023,2:00,13207.8008,1575.6091,5484.7007,1257.4108,12215.1621,7327.7051,3632.3831,1150.0802,45850.8519,A6,N,N
06/03/2023,2:00,12069.5,1479.4,5067.4302,1046.36,11509.2002,6850.2798,3625.6799,1103.23,42751.0801,E,N,N
06/03/2023,2:00,12239.2002,1490.0699,4993.2402,1121.09,11761.7002,7150.29,3625.6799,1110.6,43491.8704,E1,N,N
06/03/2023,2:00,12239.2002,1510.34,5142.1499,1051.4399,11657.2998,7117.98,3693.3701,1108.46,43520.2399,E2,N,N
06/03/2023,2:00,12106.5996,1490.0699,4993.2402,1121.09,12039,7150.29,3645.6201,1110.6,43656.5098,E3,Y,N
06/03/2023,2:00,12390.0234,1499.8516,5154.6885,1125.3751,11871.3936,7137.5977,3653.1187,1111.0461,43943.0947,M,N,N
06/03/2023,3:00,12598.3701,1433.1409,5508.6338,1218.7913,11432.2227,6977.4277,3480.166,1055.5652,43704.3177,A3,N,N
06/03/2023,3:00,12472.3389,1499.4911,5430.895,1192.8766,11440.9824,7080.3789,3449.0559,1078.2734,43644.2922,A6,N,N
06/03/2023,3:00,11555.7002,1392.64,4931.6602,990.06,10774.5,6449.1001,3442.04,1067.54,40603.2405,E,N,N
06/03/2023,3:00,11672,1397.3101,4874.6401,1067.38,10940.2002,6688.5898,3442.04,1060.42,41142.5802,E1,N,N
06/03/2023,3:00,11672,1419,4915.3101,980.687,10888.2002,6635.6201,3508.1799,1057.59,41076.5873,E2,N,N
06/03/2023,3:00,11553.0996,1397.3101,4874.6401,1067.38,11274.9004,6688.5898,3476.46,1060.42,41392.8,E3,Y,N
06/03/2023,3:00,11809.9746,1410.5162,5019.3418,1063.9224,11106.8457,6706.5181,3479.833,1059.312,41656.2638,M,N,N
06/03/2023,4:00,12136.7285,1377.6664,5506.1875,1202.3839,10976.8877,6681.1514,3361.9734,1000.2195,42243.1983,A3,N,N
06/03/2023,4:00,11978.2021,1422.5403,5437.7886,1186.8025,11016.0801,6718.3447,3310.27,1013.8105,42083.8388,A6,N,N
06/03/2023,4:00,11338.2002,1350.73,5003.1001,958.453,10420.7002,6186.0698,3328.4199,991.906,39577.5792,E,N,N
06/03/2023,4:00,11396.4004,1351.97,5020.29,1036.9399,10576.5996,6401.5498,3328.4199,986.099,40098.2686,E1,N,N
06/03/2023,4:00,11396.4004,1378.33,4996.6899,951.973,10645.4004,6331.1899,3397.3301,959.621,40056.9347,E2,N,N
06/03/2023,4:00,11272,1351.97,5020.29,1036.9399,10716.7998,6401.5498,3370.6201,986.099,40156.2686,E3,Y,N
06/03/2023,4:00,11501.3262,1364.8933,5108.6709,1036.6901,10703.7686,6414.8145,3368.4639,981.5604,40480.1879,M,N,N
06/03/2023,5:00,11905.2246,1326.8406,5443.0425,1171.2235,10762.9707,6509.792,3260.4902,1023.2935,41402.8776,A3,N,N
06/03/2023,5:00,11723.666,1370.9943,5391.0313,1169.3911,10810.5098,6537.5757,3223.7732,1022.4036,41249.345,A6,N,N
06/03/2023,5:00,11126.0996,1328.91,4967.6802,959.547,10240,6031.6099,3261.49,984.078,38899.4147,E,N,N
06/03/2023,5:00,11203.5,1322.52,4978.4902,1024.26,10375.2002,6239.2798,3261.49,972.858,39377.5982,E1,N,N
06/03/2023,5:00,11203.5,1355.39,4954.5698,960.178,10538.0996,6152.75,3323.45,954.458,39442.3954,E2,N,N
06/03/2023,5:00,11131.2998,1322.52,4978.4902,1024.26,10431.2998,6239.2798,3271.9299,972.858,39371.9375,E3,Y,N
06/03/2023,5:00,11314.4453,1333.8842,5063.1436,1027.9568,10504.9336,6246.6567,3283.0103,978.5471,39752.5776,M,N,N
06/03/2023,6:00,11815.3154,1311.2216,5477.8628,1179.7073,10656.71,6446.5557,3283.6921,1029.7595,41200.8244,A3,N,N
06/03/2023,6:00,11590.5283,1354.3384,5437.2754,1175.9893,10713.8613,6474.9692,3219.4282,1050.835,41017.2251,A6,N,N
06/03/2023,6:00,11095,1320.6899,5099.0698,968.229,10211.9004,5995.6499,3248.47,984.761,38923.77,E,N,N
06/03/2023,6:00,11161.7998,1310.65,5162.5801,1017.22,10330.5,6180.79,3248.47,973.421,39385.4309,E1,N,N
06/03/2023,6:00,11161.7998,1340.24,5182.1602,972.346,10559,6098.9902,3309.6799,937.936,39562.1521,E2,N,N
06/03/2023,6:00,11070.4004,1310.65,5162.5801,1017.22,10246.2998,6180.79,3254.6599,973.421,39216.0212,E3,Y,N
06/03/2023,6:00,11258.4033,1320.6454,5225.1597,1031.3562,10427.1719,6190.8896,3275.7344,975.1772,39704.5377,M,N,N
06/03/2023,7:00,11799.9473,1330.4553,5494.3984,1181.9482,10603.8066,6466.498,3270.4512,1024.1206,41171.6256,A3,N,N
06/03/2023,7:00,11503.0693,1383.2162,5418.9736,1197.9368,10648.7051,6504.4199,3173.7805,1071.0377,40901.1391,A6,N,N
06/03/2023,7:00,11132.4004,1330.85,5141.3301,970.735,10265.2002,6056.9502,3243.3899,992.524,39133.3798,E,N,N
06/03/2023,7:00,11166.0996,1314.02,5076.6401,1011.35,10338.7998,6197.98,3243.3899,974.475,39322.7544,E1,N,N
06/03/2023,7:00,11166.0996,1344.4301,5142.79,977.296,10653.2002,6154.6802,3291.1499,929.661,39659.307,E2,N,N
06/03/2023,7:00,11039.5996,1314.02,5076.6401,1011.35,10152.4004,6197.98,3211.6399,974.475,38978.105,E3,Y,N
06/03/2023,7:00,11251.5498,1328.1132,5186.5059,1031.192,10422.8418,6224.5908,3253.6052,972.7649,39671.1636,M,N,N
06/03/2023,8:00,12193.5801,1375.9991,5551.8599,1195.6428,11042.6289,6686.7471,3304.0188,1020.4523,42370.929,A3,N,N
06/03/2023,8:00,11841.9443,1442.2036,5484.3252,1238.3809,11060.3975,6744.7803,3211.0195,1026.2609,42049.3122,A6,N,N
06/03/2023,8:00,11431.5,1384.0601,5134.96,1018.18,10584.4004,6272.0898,3281.5901,1016.83,40123.6104,E,N,N
06/03/2023,8:00,11480.7998,1372.74,5000.98,1047.48,10628.7002,6393.8799,3281.5901,1006.15,40212.32,E1,N,N
06/03/2023,8:00,11480.7998,1397.55,4981.9199,1016.71,10964.0996,6375.1299,3354.0901,970.594,40540.8933,E2,N,N
06/03/2023,8:00,11331.5996,1372.74,5000.98,1047.48,10503.5996,6393.8799,3300.53,1006.15,39956.9591,E3,Y,N
06/03/2023,8:00,11573.666,1381.9669,5118.8359,1064.9517,10770.1465,6434.6494,3313.5078,999.4117,40657.1359,M,N,N
06/03/2023,9:00,13035.0195,1494.8528,5602.7373,1267.205,11984.9287,7097.0098,3577.3516,1085.8175,45144.9222,A3,N,N
06/03/2023,9:00,12688.5186,1584.3658,5554.8853,1277.5233,11983.2861,7241.5107,3497.2991,1046.3097,44873.6986,A6,N,N
06/03/2023,9:00,12134.4004,1505.78,5091.4199,1104.3199,11349.2998,6806.5298,3534.3201,1065.85,42591.9199,E,N,N
06/03/2023,9:00,12322.4004,1520.9399,4944.2798,1145.3101,11433.2002,6966.2598,3534.3201,1059.08,42925.7903,E1,N,N
06/03/2023,9:00,12322.4004,1527.13,4919.8301,1091.7,11612.7002,6913.0801,3622.7,1038.0601,43047.6009,E2,N,N
06/03/2023,9:00,12060.5,1520.9399,4944.2798,1145.3101,11713.7998,6966.2598,3611.46,1059.08,43021.6294,E3,Y,N
06/03/2023,9:00,12367.5547,1516.0636,5083.3506,1149.5071,11673.1875,6960.4829,3592.5825,1058.7986,43401.5275,M,N,N
06/03/2023,10:00,13685.3809,1603.3177,5599.2847,1320.7677,13035.9795,7608.8545,3848.0657,1182.9259,47884.5766,A3,N,N
06/03/2023,10:00,13431.4268,1697.4003,5559.9668,1316.0715,13018.375,7750.5127,3693.0154,1125.2096,47591.9781,A6,N,N
06/03/2023,10:00,13014.5996,1641.48,5133.75,1171.55,12288,7433.25,3850.5701,1169.36,45702.5597,E,N,N
06/03/2023,10:00,13376,1681.87,5004,1242.98,12397.2998,7614.3701,3850.5701,1165.3,46332.39,E1,N,N
06/03/2023,10:00,13376,1666.95,4970.8101,1143.59,12382.2002,7567.8701,3950.1699,1184.2,46241.7903,E2,N,N
06/03/2023,10:00,12893.2002,1681.87,5004,1242.98,13100.5,7614.3701,3965.23,1165.3,46667.4503,E3,Y,N
06/03/2023,10:00,13256.8965,1657.6445,5126.0752,1221.5775,12720.5371,7581.2051,3914.3474,1174.9011,46653.1844,M,N,N
06/03/2023,11:00,14652.2236,1773.2747,5607.8301,1392.3427,13989.4795,8120.0552,4160.2305,1264.304,50959.7403,A3,N,N
06/03/2023,11:00,14373.2441,1857.031,5558.3423,1396.6505,13832.2598,8271.9785,4020.1511,1179.722,50489.3793,A6,N,N
06/03/2023,11:00,14057.7998,1777.85,5114.73,1236.55,13206.4004,8036.1802,4191.1401,1250.61,48871.2605,E,N,N
06/03/2023,11:00,14409.4004,1836.11,5047.3301,1325.75,13316.4004,8282.8301,4191.1401,1257.3,49666.2611,E1,N,N
06/03/2023,11:00,14409.4004,1799.88,4903.1401,1189.92,13092,8221.3203,4267.7002,1274.36,49157.721,E2,N,N
06/03/2023,11:00,13601.4004,1836.11,5047.3301,1325.75,14457.7002,8282.8301,4296.1699,1257.3,50104.5907,E3,Y,N
06/03/2023,11:00,14180.4043,1806.848,5122.9131,1289.3995,13715.0859,8207.1582,4239.4355,1263.1499,49824.3944,M,N,N
06/03/2023,12:00,15710.3086,1879.8361,5634.2397,1451.4087,14834.2441,8554.0996,4415.7417,1318.5181,53798.3966,A3,N,N
06/03/2023,12:00,15341.4102,1976.9552,5559.8633,1476.6519,14535.127,8783.0449,4261.6489,1264.9001,53199.6015,A6,N,N
06/03/2023,12:00,15228.5996,1914.22,4980.75,1304.16,14176.7002,8670.7197,4495.27,1317.14,52087.5595,E,N,N
06/03/2023,12:00,15362.2998,1978.8101,4960.4302,1403.72,14159.5996,8939.5098,4495.27,1333.41,52633.0495,E1,N,N
06/03/2023,12:00,15362.2998,1922.83,4721.04,1235.91,13661.7998,8943.3496,4560.1602,1342.96,51750.3494,E2,N,N
06/03/2023,12:00,14307.7998,1978.8101,4960.4302,1403.72,15557.5,8939.5098,4609.48,1333.41,53090.6599,E3,Y,N
06/03/2023,12:00,15102.1816,1935.7623,5025.4072,1352.9587,14566.2695,8836.7012,4533.0947,1331.6697,52684.0449,M,N,N
06/03/2023,13:00,16451.0391,1973.9753,5685.0342,1509.5233,15572.8564,9017.3037,4684.5493,1404.4396,56298.7209,A3,N,N
06/03/2023,13:00,16229.4844,2087.2322,5633.8481,1528.4432,15358.2871,9170.5313,4623.3677,1391.6642,56022.8582,A6,N,N
06/03/2023,13:00,15950.7002,2018.79,4939.9502,1380.39,14871,9167.8604,4740.9502,1346.41,54416.051,E,N,N
06/03/2023,13:00,16117.5,2108.78,4928.8301,1490.27,14943.9004,9559.75,4740.9502,1389.99,55279.9707,E1,N,N
06/03/2023,13:00,16117.5,2029.65,4640.9902,1295.28,14065,9570.5195,4806.0801,1381.4301,53906.4499,E2,N,N
06/03/2023,13:00,14897.5996,2108.78,4928.8301,1490.27,16420.8008,9559.75,4886.04,1389.99,55682.0605,E3,Y,N
06/03/2023,13:00,15801.5576,2049.0811,4994.8311,1424.6357,15241.8018,9415.3027,4792.7358,1385.9541,55105.8999,M,N,N
06/03/2023,14:00,17145.1992,2080.1431,5739.792,1558.7233,16354.2256,9470.4502,4844.7666,1482.2841,58675.5841,A3,N,N
06/03/2023,14:00,16955,2227.5903,5706.0278,1553.4021,16216.6807,9585.9219,4811.0918,1456.5648,58512.2794,A6,N,N
06/03/2023,14:00,16583,2097.0701,4979.6201,1438.99,15469.5,9570.9502,4900.2202,1378.15,56417.5006,E,N,N
06/03/2023,14:00,16796.8008,2217.2,4976.29,1576.25,15710.0996,10076.2002,4900.2202,1448.3199,57701.3807,E1,N,N
06/03/2023,14:00,16796.8008,2101.55,4601.0298,1359.3,14382.2998,10136.2002,4977.3398,1413.63,55768.1504,E2,N,N
06/03/2023,14:00,15499.5,2217.2,4976.29,1576.25,17166.4004,10076.2002,5092.8198,1448.3199,58052.9803,E3,Y,N
06/03/2023,14:00,16455.9102,2143.0806,5016.7456,1493.9337,15853.416,9922.5254,4970.0449,1437.6888,57293.3452,M,N,N
06/03/2023,15:00,17808.2871,2177.9385,5818.3184,1588.5295,17114.4473,9888.8086,4975.6846,1538.6324,60910.6464,A3,N,N
06/03/2023,15:00,17770.791,2338.9028,5764.3838,1470.9231,17018.9551,10028.6543,4934.0342,1481.6499,60808.2942,A6,N,N
06/03/2023,15:00,17059.4004,2160.72,5269,1509.09,16067.7998,9909.0703,5012.1802,1421.73,58408.9907,E,N,N
06/03/2023,15:00,17326.4004,2306.74,5324.7998,1659.49,16433.0996,10523.5,5012.1802,1515.12,60101.33,E1,N,N
06/03/2023,15:00,17326.4004,2152.6001,5003.3101,1420.63,14779.2998,10553.9004,5091.5898,1477.11,57804.8406,E2,N,N
06/03/2023,15:00,16023.0996,2306.74,5324.7998,1659.49,17927.3008,10523.5,5249.3999,1515.12,60529.4501,E3,Y,N
06/03/2023,15:00,17005.0879,2220.1357,5321.4766,1558.6,16484.9609,10344.2383,5099.8701,1499.0806,59533.4501,M,N,N
06/03/2023,16:00,17986.7852,2231.7649,5833.2236,1604.0793,17767.9551,10247.8418,5053.395,1611.373,62336.4179,A3,N,N
06/03/2023,16:00,17961.2773,2414.2793,5809.4673,1404.5728,17676.0664,10353.333,4982.8208,1525.7968,62127.6137,A6,N,N
06/03/2023,16:00,17319.4004,2203.51,5214.1099,1528.6801,16588,10167.2998,5098.0698,1473.73,59592.8,E,N,N
06/03/2023,16:00,17559.3008,2367.9299,5253.02,1705.0699,17108.3008,10889.2998,5098.0698,1572.79,61553.781,E1,N,N
06/03/2023,16:00,17559.3008,2176.0901,4860.4902,1408.6801,15230.5,10820.7998,5199.1099,1547.92,58802.8909,E2,N,N
06/03/2023,16:00,16215,2367.9299,5253.02,1705.0699,18390.1992,10889.2998,5304.5898,1572.79,61697.8986,E3,Y,N
06/03/2023,16:00,17217.5176,2266.7031,5247.4111,1578.3159,17009.4316,10668.2588,5181.4028,1563.1398,60732.1807,M,N,N
06/03/2023,17:00,17985.5625,2267.7261,5880.6763,1618.5035,18222.4844,10619.8613,5085.0161,1644.1378,63323.968,A3,N,N
06/03/2023,17:00,18121.4766,2462.1816,5801.6128,1404.9844,18169.5508,10714.6279,5033.7056,1521.7246,63229.8643,A6,N,N
06/03/2023,17:00,17427.5,2215.99,5320.8999,1526.27,16929.9004,10352.4004,5121.52,1526.1,60420.5807,E,N,N
06/03/2023,17:00,17627.8008,2385.71,5408.2202,1720.14,17627,11126.9004,5121.52,1618.6899,62635.9813,E1,N,N
06/03/2023,17:00,17627.8008,2169.0901,5076.6401,1391.2,15702.7998,10947,5240.6802,1610.86,59766.071,E2,N,N
06/03/2023,17:00,16317.2002,2385.71,5408.2202,1720.14,18698.1992,11126.9004,5331.1602,1618.6899,62606.2201,E3,Y,N
06/03/2023,17:00,17286.1426,2280.1553,5394.5059,1581.7437,17420.4883,10894.0723,5212.8594,1612.1716,61682.1391,M,N,N
06/03/2023,18:00,17896.6992,2261.2041,5881.5762,1612.942,18088.2324,10841.7188,5045.0791,1646.092,63273.5438,A3,N,N
06/03/2023,18:00,17977.7949,2461.9033,5742.0557,1396.869,18170.5508,10898.416,4979.9492,1523.0864,63150.6253,A6,N,N
06/03/2023,18:00,17281.0996,2219.73,5340.48,1523.67,17072.9004,10307.2998,5102,1509.47,60356.6498,E,N,N
06/03/2023,18:00,17375.3008,2384.6699,5403.21,1701.75,17876.4004,11183.7002,5102,1602.2,62629.2313,E1,N,N
06/03/2023,18:00,17375.3008,2155.1001,5008.2598,1383.85,16121,10904.2002,5247.8301,1555.01,59750.551,E2,N,N
06/03/2023,18:00,16084.0996,2384.6699,5403.21,1701.75,18622.3008,11183.7002,5258.5801,1602.2,62240.5106,E3,Y,N
06/03/2023,18:00,17082.8008,2274.6118,5374.1255,1570.8104,17535.5664,10943.8145,5181.3389,1587.5485,61550.6168,M,N,N
06/03/2023,19:00,17497.0801,2190.5991,5834.8818,1574.5837,17943.9531,10795.0205,4973.0488,1629.6942,62438.8613,A3,N,N
06/03/2023,19:00,17511.418,2365.3503,5755.9746,1384.7927,17965.9922,10788.7549,4940.3828,1489.582,62202.2475,A6,N,N
06/03/2023,19:00,16778.5,2161.73,5664.9399,1528.75,16770.8008,10196.9004,4980.9399,1506.3101,59588.8711,E,N,N
06/03/2023,19:00,16934.5996,2320.9399,5750.02,1682.52,17615.0996,11051,4980.9399,1588.53,61923.649,E1,N,N
06/03/2023,19:00,16934.5996,2086.3999,5710.0898,1397.95,16097.2998,10798.2002,5159.8701,1569.47,59753.8794,E2,N,N
06/03/2023,19:00,15815.2998,2320.9399,5750.02,1682.52,18047.6992,11051,5128.1001,1588.53,61384.109,E3,Y,N
06/03/2023,19:00,16695.6953,2208.5889,5746.5059,1560.1847,17270.8809,10838.5547,5077.189,1582.823,60980.4224,M,N,N
06/03/2023,20:00,16918.4355,2083.1833,5760.5542,1531.3356,17321.6816,10532.4561,4795.6831,1575.793,60519.1224,A3,N,N
06/03/2023,20:00,16677.0156,2223.5732,5697.1738,1381.1521,17381.7969,10625.4072,4824.0244,1456.8616,60267.0048,A6,N,N
06/03/2023,20:00,16211,2056.49,5515.4199,1515.58,16130,9990,4796.0298,1433.4399,57647.9596,E,N,N
06/03/2023,20:00,16245.0996,2203.1799,5584.3501,1636.71,16944,10744.2002,4796.0298,1507.83,59661.3996,E1,N,N
06/03/2023,20:00,16245.0996,1989.75,5525.5698,1406.84,15846.7002,10565.0996,4979.0601,1449.9399,58008.0592,E2,N,N
06/03/2023,20:00,15253.5996,2203.1799,5584.3501,1636.71,17055.5,10744.2002,4909.6699,1507.83,58895.0397,E3,Y,N
06/03/2023,20:00,16078.9072,2100.4829,5595.064,1534.561,16642.3965,10572.7012,4884.9614,1496.6166,58905.6908,M,N,N
06/03/2023,21:00,16684.25,2017.9785,5661.9321,1502.4083,16907.2285,10305.624,4760.0122,1526.422,59365.8556,A3,N,N
06/03/2023,21:00,16314.7617,2134.6545,5593.0732,1365.4045,16878.7793,10395.5605,4724.6401,1455.2416,58862.1154,A6,N,N
06/03/2023,21:00,15685,1980.3199,5403.0298,1413.92,15584.7998,9666.9004,4675.9199,1419.1801,55829.0699,E,N,N
06/03/2023,21:00,15760.2002,2107.03,5400.8999,1524.04,16367.5996,10315.9004,4675.9199,1467.37,57618.96,E1,N,N
06/03/2023,21:00,15760.2002,1922.85,5200.5498,1311.66,15637.5,10222.2998,4829.6699,1462.25,56346.9797,E2,N,N
06/03/2023,21:00,14949.5,2107.03,5400.8999,1524.04,16127,10315.9004,4685.3701,1467.37,56577.1104,E3,Y,N
06/03/2023,21:00,15694.2793,2021.2948,5393.2148,1444.9877,16106.0352,10220.8652,4741.6982,1472.8254,57095.2006,M,N,N
06/03/2023,22:00,16234.8545,1954.1039,5749.8232,1485.495,16417.9453,9960.3965,4683.6982,1460.5167,57946.8333,A3,N,N
06/03/2023,22:00,15956.5234,2071.3665,5789.0723,1361.3693,16381.0352,10097.8311,4610.9995,1359.7214,57627.9187,A6,N,N
06/03/2023,22:00,15245.4004,1940.37,5424.71,1408.29,15155.2998,9405.4502,4544.9102,1403.12,54527.5506,E,N,N
06/03/2023,22:00,15345.0996,2048.9299,5376.5,1501.09,15912.0996,9977.0703,4544.9102,1438.09,56143.7896,E1,N,N
06/03/2023,22:00,15345.0996,1889.52,5155.8599,1326.92,15410.7998,9884.5098,4700.2402,1454.45,55167.3993,E2,N,N
06/03/2023,22:00,14667.0996,2048.9299,5376.5,1501.09,15558.5996,9977.0703,4553.23,1438.09,55120.6094,E3,Y,N
06/03/2023,22:00,15309.6807,1971.2859,5389.7939,1436.4401,15681.1494,9888.8057,4621.7627,1443.9863,55742.9047,M,N,N
06/03/2023,23:00,15764.0898,1840.9121,5799.0767,1437.2339,15431.7715,9370.2949,4463.2485,1358.3704,55464.9978,A3,N,N
06/03/2023,23:00,15576.6104,1941.7632,5828.3569,1428.2627,15379.8379,9463.2822,4404.9272,1255.2803,55278.3208,A6,N,N
06/03/2023,23:00,14432.5,1805.45,5337.71,1354.39,14288.9004,8855.29,4319.54,1336.51,51730.2904,E,N,N
06/03/2023,23:00,14598.2998,1885.89,5303.4199,1449.16,14955.5,9360.5898,4319.54,1371.28,53243.6795,E1,N,N
06/03/2023,23:00,14598.2998,1755.6,5125.96,1292.97,14552.9004,9227.9004,4464.8301,1369.75,52388.2107,E2,N,N
06/03/2023,23:00,14069.7002,1885.89,5303.4199,1449.16,14753.5,9360.5898,4340.4502,1371.28,52533.9901,E3,Y,N
06/03/2023,23:00,14656.2988,1829.7634,5352.7422,1390.4409,14802.7148,9272.1943,4398.1421,1364.7621,53067.0586,M,N,N
06/03/2023,24:00,14760.6641,1704.0862,5749.6602,1355.4326,14016.7344,8588.4346,4201.4092,1275.2791,51651.7004,A3,N,N
06/03/2023,24:00,14647.3467,1790.3965,5742.1465,1403.8671,13994.3975,8601.3594,4157.7603,1242.0459,51579.3199,A6,N,N
06/03/2023,24:00,13650.4004,1686.92,5205.8901,1241.61,13243.5996,8181.8799,4101.1001,1259.46,48570.8601,E,N,N
06/03/2023,24:00,13803.2002,1749.1801,5179.1499,1347.49,13859.7002,8638.2695,4101.1001,1293.8,49971.89,E1,N,N
06/03/2023,24:00,13803.2002,1649.1,5111.48,1205.51,13484.5,8475.1396,4211.3901,1271.5601,49211.88,E2,N,N
06/03/2023,24:00,13398.4004,1749.1801,5179.1499,1347.49,13766.7002,8638.2695,4109.1602,1293.8,49482.1503,E3,Y,N
06/03/2023,24:00,13857.9736,1703.9113,5275.625,1295.8965,13689.0371,8533.7246,4156.667,1279.9899,49792.825,M,N,N
